token,log_name,valid,no_at_fault_collisions,drivable_area_compliance,ego_progress,time_to_collision_within_bound,comfort,driving_direction_compliance,score
54ced13f54d45595,2021.06.08.14.36.49_veh-38_00312_00694,True,1.0,1.0,0.9105803854861308,1.0,1.0,1.0,0.9627418272858878
b182afe96eff545c,2021.07.24.16.48.51_veh-17_00016_00166,True,1.0,1.0,1.0,1.0,1.0,1.0,1.0
0ef905cf005e5c7f,2021.08.31.16.37.21_veh-40_01405_01642,True,1.0,1.0,1.0,1.0,1.0,1.0,1.0
9f95591656ee5812,2021.10.05.08.11.15_veh-50_01222_01462,True,1.0,1.0,0.7617143637781548,1.0,1.0,1.0,0.9007143182408979
92a43114965e51d3,2021.10.05.06.31.40_veh-52_01598_02013,True,1.0,1.0,0.7946165982774175,1.0,1.0,1.0,0.9144235826155906
e42e17021b6c5858,2021.10.05.04.38.41_veh-50_00014_00429,True,1.0,0.0,0.0,1.0,1.0,1.0,0.0
b3bdd63efe975f38,2021.08.31.14.01.15_veh-40_01109_01272,True,1.0,1.0,0.7186304179486669,1.0,1.0,1.0,0.8827626741452779
470ab3110a5757c7,2021.08.24.18.30.46_veh-08_02327_02583,True,1.0,1.0,0.7800401778376496,0.0,1.0,1.0,0.491683407432354
e07dd506081d5425,2021.08.31.14.40.58_veh-40_01268_01618,True,1.0,0.0,0.0,1.0,1.0,1.0,0.0
3dccebdee98856ee,2021.06.08.12.00.19_veh-35_01722_02119,True,1.0,1.0,0.7733750863070806,1.0,1.0,1.0,0.9055729526279502
1d85930e7376508a,2021.08.31.17.42.52_veh-40_01551_01684,True,1.0,1.0,0.8115738792003816,1.0,1.0,1.0,0.9214891163334924
adf6a0ecacc45696,2021.08.31.18.15.54_veh-40_00038_00199,True,1.0,1.0,0.8082815403608568,1.0,1.0,1.0,0.9201173084836903
731e22bc1e3b5a41,2021.06.07.17.46.49_veh-35_04084_04828,True,1.0,1.0,0.8353051920411022,1.0,1.0,1.0,0.9313771633504593
77edc0205ac65692,2021.08.09.18.37.41_veh-28_00648_00730,True,1.0,1.0,0.8382246878077546,1.0,1.0,1.0,0.9325936199198978
e1c6c9ba74a95bdc,2021.10.05.04.03.05_veh-50_01466_01790,True,1.0,1.0,0.765088931467015,1.0,1.0,1.0,0.9021203881112562
4c2af538879b5d13,2021.10.05.06.57.40_veh-50_00940_01105,True,1.0,1.0,0.6996913063074391,1.0,1.0,1.0,0.8748713776280996
ab080d6f31a95fd9,2021.09.14.18.43.41_veh-45_00965_01195,True,1.0,1.0,1.0,1.0,1.0,0.0,1.0
032941ef393256e3,2021.06.08.18.18.30_veh-38_06017_06142,True,1.0,1.0,1.0,1.0,1.0,1.0,1.0
6f287e91cad05354,2021.10.05.07.10.04_veh-52_01442_01802,True,1.0,0.0,0.0,1.0,1.0,1.0,0.0
ec7718f1c67652b9,2021.09.14.20.42.30_veh-45_00805_01078,True,1.0,1.0,0.8233618162564,1.0,1.0,1.0,0.9264007567735
17a6c1ad7a4a5307,2021.08.24.18.07.48_veh-45_00873_01142,True,1.0,1.0,1.0,1.0,1.0,1.0,1.0
d28a454763915647,2021.10.05.04.38.41_veh-50_00753_00956,True,1.0,1.0,0.5813926605567474,1.0,1.0,1.0,0.8255802752319781
baff7f685ac254f2,2021.10.05.04.03.05_veh-50_01466_01790,True,1.0,1.0,0.7724097729289511,1.0,1.0,1.0,0.9051707387203963
184ab6d6981057fb,2021.08.24.15.09.18_veh-45_00216_00862,True,1.0,1.0,0.5374148699867972,1.0,1.0,1.0,0.8072561958278323
a1815765a5385deb,2021.06.08.16.31.33_veh-38_00015_00262,True,1.0,1.0,0.8442153380972258,1.0,1.0,1.0,0.9350897242071774
9bc425de3f665d0b,2021.10.05.04.03.05_veh-50_01466_01790,True,1.0,1.0,1.0,1.0,1.0,0.5,1.0
a94dd3f3e4bc5704,2021.10.05.07.38.12_veh-50_01477_01565,True,1.0,1.0,0.8768524118840945,1.0,1.0,1.0,0.948688504951706
f5542cfd729a51ff,2021.10.05.07.10.04_veh-52_01442_01802,True,1.0,1.0,0.7883110463997239,1.0,1.0,1.0,0.9117962693332183
71aae8e35d425bbc,2021.10.05.08.11.15_veh-50_01222_01462,True,1.0,1.0,0.6518244456265196,1.0,1.0,1.0,0.8549268523443833
82b2cf83f12a5ad5,2021.08.24.18.07.48_veh-45_00203_00300,True,1.0,0.0,0.0,1.0,1.0,1.0,0.0
9f9bbaf95e055a2a,2021.08.31.11.47.30_veh-40_01362_01737,True,1.0,1.0,1.0,1.0,1.0,1.0,1.0
53992d7f47f15953,2021.10.05.04.03.05_veh-50_00058_00321,True,1.0,1.0,1.0,1.0,1.0,1.0,1.0
8411dac2708451e4,2021.10.05.07.10.04_veh-52_00689_01322,True,1.0,1.0,0.8182103173633671,1.0,1.0,1.0,0.924254298901403
4d6608189ed25ba1,2021.07.24.22.52.16_veh-35_03236_04096,True,1.0,1.0,1.0,1.0,1.0,1.0,1.0
689ff77454a553d9,2021.09.14.20.42.30_veh-45_01603_01670,True,1.0,0.0,0.0,1.0,1.0,1.0,0.0
10b9238d48f9544f,2021.10.05.08.11.15_veh-50_01566_01801,True,1.0,1.0,0.6820634222122778,1.0,1.0,1.0,0.8675264259217824
dd20852b1c355e6a,2021.06.08.18.59.48_veh-12_03122_03677,True,1.0,1.0,0.7745855107427562,1.0,1.0,1.0,0.9060772961428151
91be2e4cb3915919,2021.10.05.08.11.15_veh-50_00970_01211,True,1.0,1.0,0.7693783207352725,1.0,1.0,1.0,0.9039076336396968
6e207b0d231e5938,2021.08.31.18.15.54_veh-40_00579_00980,True,1.0,1.0,0.9891895989000217,1.0,1.0,1.0,0.9954956662083424
937334709b785322,2021.07.24.20.37.45_veh-17_00015_00375,True,1.0,1.0,0.9291122010906472,1.0,1.0,1.0,0.970463417121103
0bb733fc337a5f65,2021.08.24.17.01.06_veh-45_00228_00689,True,1.0,1.0,1.0,1.0,1.0,1.0,1.0
239e12f7f56e50d3,2021.10.05.04.38.41_veh-50_00576_00721,True,1.0,1.0,0.6438060144939679,1.0,1.0,1.0,0.8515858393724867
f11c5b71dae55523,2021.08.24.15.09.18_veh-45_00216_00862,True,1.0,1.0,0.7874798018018191,1.0,1.0,1.0,0.9114499174174245
bb736ed0f39553dd,2021.08.09.18.37.41_veh-28_00053_00548,True,1.0,1.0,0.8481691945912012,1.0,1.0,1.0,0.9367371644130005
9d0d8d531e41554b,2021.10.05.07.10.04_veh-52_00689_01322,True,1.0,1.0,0.5527454161082266,1.0,1.0,1.0,0.8136439233784278
b4a0da658c685578,2021.10.05.08.11.15_veh-50_01566_01801,True,1.0,1.0,0.7043922556936625,1.0,1.0,1.0,0.876830106539026
2ec53f79469e5740,2021.09.14.20.42.30_veh-45_00464_00579,True,1.0,1.0,1.0,1.0,1.0,1.0,1.0
4f757b95aa595fa4,2021.08.09.17.55.59_veh-28_00021_00307,True,1.0,1.0,0.9318211300268084,1.0,1.0,0.5,0.9715921375111701
c030ff964c67571f,2021.10.05.04.38.41_veh-50_00753_00956,True,1.0,1.0,0.7769186942326385,1.0,1.0,1.0,0.9070494559302661
d190a31e2eb252e7,2021.10.05.07.49.39_veh-52_01417_01574,True,1.0,1.0,0.6689926772960875,1.0,1.0,1.0,0.8620802822067031
31b656c9c3f85b98,2021.10.05.06.24.06_veh-50_01566_01672,True,1.0,1.0,0.713815550980547,1.0,1.0,1.0,0.880756479575228
93145dcb3f7850f8,2021.10.05.07.38.12_veh-50_01085_01463,True,1.0,1.0,0.7428700573064899,1.0,1.0,1.0,0.8928625238777043
51d6d4d77d215f8d,2021.06.08.16.31.33_veh-38_01589_02072,True,1.0,1.0,0.6422463296348093,1.0,1.0,1.0,0.8509359706811704
2daab49ffa5d5619,2021.06.07.13.53.57_veh-35_02489_03145,True,1.0,1.0,0.766015155399899,1.0,1.0,1.0,0.9025063147499579
cb38e518669d5d32,2021.10.05.06.24.06_veh-50_00717_01300,True,1.0,1.0,0.6426974333974408,1.0,1.0,1.0,0.851123930582267
2a044369ef015235,2021.10.05.04.38.41_veh-50_00753_00956,True,1.0,1.0,0.8221890602696457,1.0,1.0,1.0,0.9259121084456856
5d13617968835cc0,2021.09.14.18.43.41_veh-45_02503_03013,True,1.0,1.0,1.0,1.0,1.0,1.0,1.0
2bebeab7bbc25b4a,2021.10.05.04.03.05_veh-50_01466_01790,True,1.0,1.0,0.6829114503872944,1.0,1.0,1.0,0.867879770994706
e24b4c3cb017574b,2021.08.24.15.09.18_veh-45_00216_00862,True,1.0,1.0,0.9167421372438922,1.0,1.0,1.0,0.9653092238516218
cf5cb314cea05c3a,2021.10.05.08.11.15_veh-50_00163_00321,True,1.0,1.0,0.7430074886554711,1.0,1.0,1.0,0.8929197869397796
fd001651bdef58e6,2021.10.05.07.10.04_veh-52_00252_00406,True,1.0,1.0,0.7077279594679198,1.0,1.0,1.0,0.8782199831116332
e05e3f8b701155f0,2021.10.05.04.03.05_veh-50_01466_01790,True,1.0,1.0,0.7292472856339223,1.0,1.0,1.0,0.8871863690141343
1c8da5542b095640,2021.08.31.18.15.54_veh-40_01143_01496,True,1.0,1.0,0.7340861847386415,1.0,1.0,1.0,0.889202576974434
cee30e7273de52ee,2021.10.05.08.11.15_veh-50_01566_01801,True,1.0,1.0,0.8005080691599898,1.0,1.0,1.0,0.9168783621499959
89fcf2337e5c56c0,2021.10.05.04.38.41_veh-50_00576_00721,True,1.0,1.0,0.9734623839374805,1.0,1.0,1.0,0.9889426599739503
f9c259cb771a515b,2021.06.07.12.54.00_veh-35_01843_02314,True,1.0,1.0,0.7852873098350022,1.0,1.0,1.0,0.9105363790979176
e1b5440064b05517,2021.10.05.07.10.04_veh-52_01442_01802,True,1.0,0.0,0.0,0.0,1.0,1.0,0.0
3de452c5a98a5faf,2021.08.09.17.55.59_veh-28_00691_00876,True,1.0,1.0,1.0,1.0,1.0,1.0,1.0
a844aaa2349954d4,2021.06.08.12.54.54_veh-26_02994_03970,True,1.0,1.0,0.6861427565367019,1.0,1.0,1.0,0.8692261485569591
7623dd6cbc29535c,2021.10.05.06.57.40_veh-50_00025_00261,True,1.0,1.0,0.6531884967831426,1.0,1.0,1.0,0.8554952069929761
0c72d4ae48025f5b,2021.10.05.07.49.39_veh-52_00934_01406,True,1.0,1.0,0.7570340615852941,1.0,1.0,1.0,0.898764192327206
ed717de405885939,2021.10.05.06.57.40_veh-50_01131_01452,True,1.0,1.0,0.6861340844655759,1.0,1.0,1.0,0.8692225351939898
63cd86d73bbb5341,2021.08.31.18.15.54_veh-40_00038_00199,True,1.0,1.0,1.0,1.0,1.0,0.5,1.0
fea6ee4da44b5ff4,2021.08.31.18.15.54_veh-40_00038_00199,True,1.0,1.0,0.7165193734790671,1.0,1.0,1.0,0.8818830722829446
4f0a0a61bdaa5a59,2021.06.07.12.54.00_veh-35_01843_02314,True,1.0,1.0,1.0,1.0,1.0,1.0,1.0
c839df573acb5c23,2021.10.05.08.11.15_veh-50_00970_01211,True,1.0,1.0,1.0,1.0,1.0,1.0,1.0
d02a1007dacf5c5b,2021.08.24.15.09.18_veh-45_00216_00862,True,1.0,1.0,0.8474027515379288,1.0,1.0,1.0,0.9364178131408036
a8de42d07c155977,2021.10.05.07.10.04_veh-52_01442_01802,True,1.0,0.0,0.0,1.0,1.0,1.0,0.0
b86e9934259c5750,2021.06.08.12.00.19_veh-35_02988_03160,True,1.0,1.0,1.0,1.0,1.0,1.0,1.0
9b2ecd661f315d8c,2021.06.07.17.46.49_veh-35_04084_04828,True,1.0,1.0,1.0,1.0,1.0,1.0,1.0
e7d800c5ad005d4f,2021.10.05.06.24.06_veh-50_00717_01300,True,1.0,1.0,1.0,1.0,1.0,1.0,1.0
2373a681d51152cd,2021.10.05.04.03.05_veh-50_00536_00637,True,1.0,1.0,1.0,1.0,1.0,1.0,1.0
539012f770025700,2021.10.05.06.24.06_veh-50_00717_01300,True,1.0,1.0,0.7375807520361753,1.0,1.0,1.0,0.8906586466817398
ae7fd428f27e5940,2021.08.24.17.34.27_veh-45_01478_01553,True,1.0,1.0,1.0,1.0,1.0,1.0,1.0
bbdb02d553cc5ac0,2021.08.31.16.37.21_veh-40_01405_01642,True,1.0,1.0,1.0,1.0,1.0,1.0,1.0
f25336c1cdab5340,2021.10.05.06.31.40_veh-52_01316_01565,True,1.0,1.0,0.531119462441705,1.0,1.0,1.0,0.8046331093507103
faa042f84c4f585a,2021.06.08.14.35.24_veh-26_02555_03004,True,1.0,1.0,1.0,1.0,1.0,1.0,1.0
6acb54acea165d44,2021.09.14.18.43.41_veh-45_02503_03013,True,0.0,1.0,0.0,0.0,1.0,1.0,0.0
634ab85be74b5e51,2021.09.14.16.46.51_veh-45_02322_02510,True,1.0,1.0,1.0,1.0,1.0,1.0,1.0
f32a311d997051ab,2021.10.05.04.03.05_veh-50_01003_01426,True,1.0,1.0,0.6035701054530374,1.0,1.0,1.0,0.834820877272099
c50a4014ad575f2e,2021.08.09.18.37.41_veh-28_00648_00730,True,1.0,1.0,0.8908323091841677,1.0,1.0,1.0,0.9545134621600698
0016245ac3705a33,2021.10.05.04.38.41_veh-50_00014_00429,True,1.0,1.0,0.5881376508755302,1.0,1.0,0.5,0.8283906878648043
882656f118175ccc,2021.10.05.07.49.39_veh-52_00934_01406,True,1.0,1.0,0.7224764075362489,1.0,1.0,1.0,0.8843651698067703
504cf746181a5cad,2021.06.07.17.46.49_veh-35_02607_03120,True,1.0,1.0,1.0,1.0,1.0,1.0,1.0
d8b5107ffc9855ee,2021.10.05.06.57.40_veh-50_00665_00857,True,1.0,1.0,1.0,1.0,1.0,1.0,1.0
5dc0881f21425457,2021.08.24.17.34.27_veh-45_01478_01553,True,1.0,1.0,1.0,1.0,1.0,1.0,1.0
c0e018420a2359b3,2021.10.05.07.49.39_veh-52_00770_00905,True,1.0,1.0,0.896905126812295,1.0,1.0,1.0,0.9570438028384562
7a1c5a77b98e59fe,2021.07.24.20.37.45_veh-17_00015_00375,True,1.0,1.0,0.935763385757004,1.0,1.0,1.0,0.9732347440654183
f04b0860aafc5f6e,2021.07.24.16.48.51_veh-17_00016_00166,True,1.0,1.0,0.9076744645480486,1.0,1.0,1.0,0.9615310268950202
ee01d7acbb0e579f,2021.06.07.13.53.57_veh-35_02489_03145,True,1.0,1.0,1.0,1.0,1.0,1.0,1.0
471aaaad906a5dbb,2021.10.05.08.11.15_veh-50_00163_00321,True,1.0,1.0,0.6752047792831245,1.0,1.0,1.0,0.8646686580346352
a43bec9517f15f2e,2021.10.05.07.10.04_veh-52_01442_01802,True,1.0,1.0,0.6005635334062995,1.0,1.0,1.0,0.8335681389192914
33c7a46268c25161,2021.06.08.12.54.54_veh-26_02994_03970,True,1.0,1.0,0.848869445034819,1.0,1.0,1.0,0.9370289354311746
3662eb5849915c3e,2021.06.07.17.46.49_veh-35_04084_04828,True,1.0,1.0,0.48534668627484434,1.0,1.0,1.0,0.7855611192811852
34774cd08c045d92,2021.10.05.04.03.05_veh-50_00058_00321,True,1.0,1.0,1.0,1.0,1.0,1.0,1.0
c889cd1a7cfe58b5,2021.08.31.14.01.15_veh-40_01109_01272,True,1.0,1.0,0.6290717454797617,1.0,1.0,1.0,0.8454465606165673
f7af397e6c435279,2021.10.05.07.38.12_veh-50_01085_01463,True,1.0,1.0,0.7820705405518475,1.0,1.0,1.0,0.9091960585632698
309df1ead02c541b,2021.06.08.16.31.33_veh-38_00015_00262,True,1.0,1.0,1.0,1.0,1.0,1.0,1.0
962bee810ab454a1,2021.08.31.18.15.54_veh-40_00579_00980,True,1.0,1.0,0.8930378839842388,1.0,1.0,1.0,0.9554324516600995
91e6cce9eb7d5765,2021.09.14.18.43.41_veh-45_02503_03013,True,1.0,1.0,0.799075652197765,1.0,1.0,1.0,0.9162815217490689
f5a7ede9c47d5943,2021.06.08.12.00.19_veh-35_05235_05578,True,1.0,0.0,0.0,1.0,1.0,1.0,0.0
55d1a5793cda56a1,2021.10.05.04.38.41_veh-50_00014_00429,True,1.0,1.0,0.5528631281805709,1.0,1.0,1.0,0.8136929700752379
cd5d543332fb5a0e,2021.10.05.07.38.12_veh-50_00245_00433,True,1.0,1.0,0.8102231144758637,1.0,1.0,1.0,0.9209262976982765
755751098c88566f,2021.10.05.07.10.04_veh-52_01442_01802,True,1.0,1.0,0.6156310620186033,1.0,1.0,1.0,0.8398462758410847
25af32d69e705ab1,2021.09.14.18.43.41_veh-45_00965_01195,True,1.0,0.0,0.0,1.0,1.0,1.0,0.0
4fbc6352545a5c53,2021.06.07.17.46.49_veh-35_02607_03120,True,1.0,1.0,0.5474626825934096,1.0,1.0,1.0,0.8114427844139206
5607891c1bc058b0,2021.08.31.12.21.30_veh-40_00378_00527,True,1.0,1.0,0.7161775846787135,1.0,1.0,1.0,0.8817406602827974
3dcf57b07b2f51ad,2021.08.31.14.40.58_veh-40_01022_01255,True,1.0,1.0,0.8845748033793122,0.0,1.0,1.0,0.5352395014080468
09460373ac855a25,2021.09.14.16.46.51_veh-45_00149_00900,True,1.0,1.0,0.9163516780230363,1.0,1.0,1.0,0.9651465325095985
4cbc22dc07d450e2,2021.08.31.13.27.52_veh-40_00186_00414,True,1.0,1.0,0.9537654599011008,1.0,1.0,1.0,0.9807356082921252
396f063f56245da0,2021.08.24.20.03.01_veh-45_00824_00888,True,1.0,1.0,0.8815118810374442,1.0,1.0,1.0,0.9506299504322685
65e8c145ea255d98,2021.10.05.06.57.40_veh-50_00665_00857,True,1.0,1.0,0.7386689833582025,1.0,1.0,1.0,0.891112076399251
770cf5148b3353a3,2021.10.05.08.11.15_veh-50_00437_00585,True,1.0,1.0,0.6930610583838959,1.0,1.0,1.0,0.8721087743266233
b579426436f259e9,2021.08.31.18.15.54_veh-40_00038_00199,True,1.0,1.0,0.8807489566657496,1.0,1.0,1.0,0.9503120652773956
19b19b68cd08505b,2021.08.31.12.54.56_veh-40_00305_00667,True,1.0,1.0,0.7893866364875638,1.0,1.0,1.0,0.9122444318698183
046299e85f125329,2021.08.31.18.15.54_veh-40_01143_01496,True,1.0,1.0,0.9360296657994107,1.0,1.0,1.0,0.9733456940830877
090e368c4d205690,2021.10.05.06.57.40_veh-50_00025_00261,True,1.0,1.0,0.6766693483896491,1.0,1.0,1.0,0.8652788951623537
2397d01c9ae6532a,2021.10.05.07.49.39_veh-52_00934_01406,True,1.0,1.0,0.6025632691653684,1.0,1.0,1.0,0.8344013621522368
705a41f6d81c5bf6,2021.06.08.12.54.54_veh-26_00015_00507,True,1.0,1.0,1.0,1.0,1.0,1.0,1.0
de7d5df694bf5c14,2021.06.07.17.46.49_veh-35_02607_03120,True,1.0,1.0,1.0,1.0,1.0,1.0,1.0
e4a10f0be8b75fbe,2021.10.05.04.03.05_veh-50_00648_00744,True,1.0,1.0,0.6954358018526965,1.0,1.0,1.0,0.8730982507719568
e3301b00490756b7,2021.10.05.07.38.12_veh-50_01085_01463,True,1.0,1.0,0.8248104100875046,1.0,1.0,1.0,0.9270043375364603
386931b464115fdf,2021.10.05.08.11.15_veh-50_00360_00426,True,1.0,1.0,1.0,1.0,1.0,1.0,1.0
fb20fa45fb60508c,2021.08.24.15.09.18_veh-45_00216_00862,True,1.0,1.0,0.9415881092553824,1.0,1.0,1.0,0.9756617121897427
7c8f4fa830d65d7d,2021.10.05.04.38.41_veh-50_00014_00429,True,1.0,1.0,1.0,1.0,1.0,1.0,1.0
046606c07407555d,2021.09.14.15.03.51_veh-45_00178_00336,True,1.0,1.0,0.8663286138863051,1.0,1.0,1.0,0.9443035891192938
c4d0f149f2b65cbc,2021.10.05.07.49.39_veh-52_00934_01406,True,1.0,1.0,0.7335411200174783,1.0,1.0,1.0,0.8889754666739492
11aa90b3ba7b5bfc,2021.08.31.13.27.52_veh-40_00869_01319,True,1.0,1.0,0.8464342631618691,1.0,1.0,1.0,0.9360142763174455
11809845283a5800,2021.10.05.06.31.40_veh-52_01598_02013,True,1.0,1.0,0.6213395713719521,1.0,1.0,1.0,0.84222482140498
c0b230109883561b,2021.08.31.14.40.58_veh-40_00285_00456,True,1.0,1.0,0.7772674828485331,1.0,1.0,1.0,0.9071947845202221
a61619b0ce745a6d,2021.08.24.20.03.01_veh-45_00687_00787,True,1.0,0.0,0.0,1.0,1.0,1.0,0.0
6e70010c52485289,2021.10.05.08.11.15_veh-50_01222_01462,True,1.0,1.0,0.7688469406230859,1.0,1.0,1.0,0.9036862252596191
7a7ce24858a75cde,2021.06.07.12.54.00_veh-35_01843_02314,True,1.0,1.0,0.6538708774154197,1.0,1.0,1.0,0.8557795322564249
51560d3a0ba05b2b,2021.09.14.16.46.51_veh-45_00149_00900,True,1.0,1.0,0.813411438652292,1.0,1.0,1.0,0.9222547661051217
705b6bc59b7f5c73,2021.08.09.17.55.59_veh-28_00320_00544,True,1.0,1.0,0.6949716996957439,1.0,1.0,1.0,0.8729048748732265
0683442423e850d2,2021.08.24.18.07.48_veh-45_00873_01142,True,1.0,1.0,0.831898004245888,1.0,1.0,1.0,0.9299575017691201
0c6dde2a3e23519a,2021.10.05.06.24.06_veh-50_00717_01300,True,1.0,1.0,0.7063513267213682,1.0,1.0,1.0,0.8776463861339034
82323e1eee525b48,2021.10.05.06.31.40_veh-52_00005_00342,True,1.0,1.0,0.628907372226024,1.0,1.0,1.0,0.8453780717608433
196f73a8a3215b41,2021.10.05.04.03.05_veh-50_01466_01790,True,1.0,1.0,0.6501002302134058,1.0,1.0,1.0,0.8542084292555857
e26f33c1dc1b5ff6,2021.10.05.07.10.04_veh-52_00689_01322,True,1.0,1.0,0.8888831067894749,1.0,1.0,1.0,0.9537012944956146
c845e1c821925515,2021.08.24.17.37.11_veh-08_02359_02623,True,1.0,1.0,1.0,0.0,1.0,1.0,0.5833333333333334
c6cf2d03bc205f27,2021.08.31.16.37.21_veh-40_01405_01642,True,1.0,1.0,0.6382134784780413,1.0,1.0,1.0,0.8492556160325172
4124459df53c50a0,2021.06.08.14.35.24_veh-26_02555_03004,True,1.0,1.0,0.8005785142888276,1.0,1.0,1.0,0.9169077142870116
3dd6906e67e95645,2021.08.24.14.35.46_veh-45_00549_00693,True,1.0,0.0,0.0,1.0,1.0,0.0,0.0
4fefe5a74427573f,2021.10.05.07.49.39_veh-52_01417_01574,True,1.0,1.0,0.6440513820034997,1.0,1.0,1.0,0.8516880758347916
f748847a8414501c,2021.08.24.18.30.46_veh-08_02327_02583,True,1.0,1.0,0.9497083965012578,1.0,1.0,1.0,0.9790451652088574
d465a831895b5d1a,2021.10.05.07.38.12_veh-50_01477_01565,True,1.0,1.0,0.874573498538835,1.0,1.0,1.0,0.9477389577245147
41fa43a430135a20,2021.10.05.06.31.40_veh-52_01316_01565,True,1.0,1.0,0.8220464820226956,1.0,1.0,1.0,0.9258527008427899
b2d2e03df992594f,2021.10.05.07.10.04_veh-52_00689_01322,True,1.0,1.0,0.7913212499092535,1.0,1.0,1.0,0.9130505207955223
0d24c1426b495b2d,2021.08.31.12.21.30_veh-40_00378_00527,True,1.0,1.0,0.799159019888266,1.0,1.0,1.0,0.9163162582867775
e1d0569b1bd15a8e,2021.10.05.08.11.15_veh-50_01566_01801,True,1.0,1.0,0.7518438375844055,1.0,1.0,1.0,0.8966015989935023
9ef680155ba35db1,2021.06.08.17.25.03_veh-35_03522_03716,True,1.0,1.0,1.0,1.0,1.0,1.0,1.0
59c7f5e40f2d598a,2021.10.05.07.38.12_veh-50_01085_01463,True,1.0,1.0,0.7848912409280627,1.0,1.0,1.0,0.9103713503866929
aea9b3ae9aed5a56,2021.08.24.20.03.01_veh-45_00021_00143,True,1.0,1.0,0.6380649819711344,1.0,1.0,1.0,0.8491937424879726
661ab446a0975cc4,2021.06.08.14.14.51_veh-35_00893_01188,True,1.0,1.0,0.7204214364712687,1.0,1.0,1.0,0.8835089318630286
40969a8c303e5642,2021.10.05.06.31.40_veh-52_00734_01305,True,1.0,1.0,0.8402450947205345,1.0,1.0,1.0,0.933435456133556
88b77f97f4305873,2021.10.05.04.03.05_veh-50_01466_01790,True,1.0,1.0,0.8519612747513511,1.0,1.0,1.0,0.938317197813063
554dcf243f3554a3,2021.10.05.07.49.39_veh-52_00934_01406,True,1.0,1.0,0.9878172598327051,1.0,1.0,1.0,0.9949238582636272
f7e59bfdca8d5852,2021.07.24.22.52.16_veh-35_03236_04096,True,1.0,1.0,1.0,1.0,1.0,1.0,1.0
3a7a25b1e1ff54b9,2021.10.05.04.38.41_veh-50_00753_00956,True,1.0,1.0,0.9695192232132771,1.0,1.0,1.0,0.9872996763388654
fe568c19d46f59fc,2021.08.09.17.55.59_veh-28_00691_00876,True,1.0,1.0,0.8119237233476267,1.0,1.0,1.0,0.9216348847281779
c215277e896a5f24,2021.10.05.07.38.12_veh-50_01085_01463,True,1.0,1.0,0.81625659433626,1.0,1.0,1.0,0.9234402476401083
e538c4e2bb155e78,2021.09.14.18.43.41_veh-45_00965_01195,True,1.0,0.0,0.0,1.0,1.0,1.0,0.0
220af2e2cc0a5ff4,2021.10.05.08.11.15_veh-50_00163_00321,True,1.0,1.0,0.703634443668722,1.0,1.0,1.0,0.8765143515286341
336f384531dc5add,2021.08.31.11.47.30_veh-40_01362_01737,True,1.0,1.0,0.8616884181658747,1.0,1.0,1.0,0.9423701742357812
22903ed6b4b45809,2021.10.05.08.11.15_veh-50_00437_00585,True,1.0,1.0,0.6322337048131309,1.0,1.0,1.0,0.8467640436721379
6ea45e2432585390,2021.07.24.22.52.16_veh-35_03236_04096,True,1.0,1.0,1.0,1.0,1.0,0.0,1.0
2686fdce9aaa56bf,2021.09.14.16.46.51_veh-45_00149_00900,True,1.0,1.0,0.6409088835786219,1.0,1.0,1.0,0.8503787014910924
528e9669bb985216,2021.10.05.06.57.40_veh-50_01131_01452,True,1.0,1.0,0.6010181902761432,1.0,1.0,1.0,0.8337575792817263
dcfe385d69275f7e,2021.08.31.17.42.52_veh-40_01033_01313,True,1.0,1.0,0.9154529195077318,1.0,1.0,1.0,0.9647720497948882
58d4bc005bb95f41,2021.08.09.17.55.59_veh-28_00691_00876,True,1.0,1.0,0.9273662638939326,1.0,1.0,1.0,0.9697359432891387
d1dfa5629d6c5f24,2021.10.05.04.38.41_veh-50_00014_00429,True,1.0,1.0,0.7980676168648042,1.0,1.0,1.0,0.9158615070270018
ab5f1ee9e06c5428,2021.08.31.14.40.58_veh-40_01268_01618,True,1.0,1.0,0.5242863574702578,1.0,1.0,1.0,0.8017859822792741
48f52aa8772c55cb,2021.10.05.06.57.40_veh-50_01131_01452,True,1.0,1.0,0.6909749340835533,1.0,1.0,1.0,0.8712395558681472
d8555416d16f5108,2021.06.08.12.54.54_veh-26_00015_00507,True,1.0,1.0,0.7897731611750765,1.0,1.0,1.0,0.9124054838229485
1502b4f8c03f5308,2021.08.24.14.35.46_veh-45_00549_00693,True,1.0,1.0,0.7479171961187625,1.0,1.0,1.0,0.8949654983828177
5ba15da16cce532f,2021.10.05.06.31.40_veh-52_01316_01565,True,1.0,1.0,0.7990348068442753,1.0,1.0,1.0,0.9162645028517814
b34591e9a27b5e08,2021.10.05.07.10.04_veh-52_00418_00563,True,1.0,1.0,0.7528439733704091,1.0,1.0,1.0,0.8970183222376704
dab5b3ca9f4252c2,2021.10.05.06.24.06_veh-50_01566_01672,True,1.0,1.0,0.742969722526931,1.0,1.0,1.0,0.892904051052888
52fd8953ae73502c,2021.10.05.06.24.06_veh-50_00021_00383,True,1.0,1.0,0.5936883983668992,1.0,1.0,1.0,0.8307034993195413
298baac3700e5c91,2021.07.24.22.52.16_veh-35_03236_04096,True,1.0,1.0,1.0,1.0,1.0,1.0,1.0
65e25396e94a5cab,2021.08.31.13.27.52_veh-40_01330_01491,True,1.0,1.0,0.79770344027896,1.0,1.0,1.0,0.9157097667829
a3c3be01bd675b41,2021.10.05.07.49.39_veh-52_01417_01574,True,1.0,1.0,0.5041479125106285,1.0,1.0,1.0,0.7933949635460952
b3851efe744855b3,2021.07.24.22.52.16_veh-35_03236_04096,True,1.0,1.0,0.86755925843605,1.0,1.0,1.0,0.9448163576816876
57765be79e7b5b58,2021.10.05.06.31.40_veh-52_00734_01305,True,1.0,1.0,1.0,0.0,1.0,1.0,0.5833333333333334
57116f14db515207,2021.08.31.13.27.52_veh-40_00869_01319,True,1.0,1.0,1.0,1.0,1.0,1.0,1.0
b7bc3c0b135457bc,2021.08.24.14.35.46_veh-45_00011_00162,True,1.0,0.0,0.0,1.0,1.0,1.0,0.0
5854840a32a0551a,2021.08.31.14.40.58_veh-40_01268_01618,True,1.0,1.0,0.9015895726902957,1.0,1.0,1.0,0.9589956552876232
f6a1af381b475e50,2021.10.05.06.24.06_veh-50_00717_01300,True,1.0,1.0,0.7249685895392844,1.0,1.0,1.0,0.8854035789747018
2a9f89f170c3520e,2021.10.05.04.03.05_veh-50_01466_01790,True,1.0,1.0,1.0,1.0,1.0,0.5,1.0
4cf1aecb06d556e1,2021.08.31.11.47.30_veh-40_00393_00847,True,1.0,1.0,1.0,1.0,1.0,1.0,1.0
43787161833d5f71,2021.06.08.14.36.49_veh-38_00312_00694,True,1.0,1.0,0.8247960349026172,1.0,1.0,1.0,0.9269983478760905
bfae578a865e5a3f,2021.06.08.12.00.19_veh-35_05235_05578,True,1.0,1.0,1.0,1.0,1.0,1.0,1.0
c1034e90603a52e9,2021.06.08.17.25.03_veh-35_02448_02655,True,1.0,1.0,1.0,1.0,1.0,1.0,1.0
b9ea70b896ae5c11,2021.09.14.16.46.51_veh-45_00149_00900,True,1.0,1.0,0.6283928025159854,1.0,1.0,1.0,0.8451636677149938
e63519408deb5931,2021.07.24.23.50.16_veh-17_01696_02071,True,1.0,1.0,1.0,1.0,1.0,1.0,1.0
7a6dbadce1c35a8d,2021.09.14.18.43.41_veh-45_02296_02477,True,1.0,1.0,0.6566016738278747,1.0,1.0,1.0,0.8569173640949478
01f7d38e9c2f5111,2021.08.31.11.47.30_veh-40_01146_01347,True,1.0,1.0,0.4862922000630292,1.0,1.0,0.0,0.7859550833595955
ea1b384960385984,2021.07.24.16.48.51_veh-17_00016_00166,True,1.0,1.0,1.0,1.0,1.0,1.0,1.0
15b83e8b315b54e8,2021.08.31.12.21.30_veh-40_00248_00367,True,1.0,1.0,1.0,0.0,1.0,1.0,0.5833333333333334
6885271ccf50530a,2021.09.14.16.46.51_veh-45_02322_02510,True,1.0,1.0,0.8217003559666458,1.0,1.0,1.0,0.9257084816527691
7adafc88579357a6,2021.10.05.06.24.06_veh-50_00717_01300,True,1.0,1.0,0.5855678428743218,1.0,1.0,1.0,0.8273199345309674
bc98b5e7f4c9582a,2021.06.08.16.31.33_veh-38_01589_02072,True,1.0,1.0,1.0,1.0,1.0,0.5,1.0
a5733ac394a553bb,2021.06.08.19.16.23_veh-26_00973_01139,True,1.0,1.0,0.7385235809938807,1.0,1.0,1.0,0.8910514920807836
d8dec08f065d551f,2021.08.31.18.15.54_veh-40_01143_01496,True,1.0,1.0,0.6723004837011618,1.0,1.0,1.0,0.8634585348754841
b671bff4f0885977,2021.10.05.06.31.40_veh-52_01598_02013,True,1.0,1.0,0.7465964643715569,1.0,1.0,1.0,0.8944151934881487
d1091971b52751c8,2021.10.05.07.49.39_veh-52_00934_01406,True,1.0,1.0,0.8180966754538207,1.0,1.0,1.0,0.9242069481057587
bcb0464c132759cf,2021.10.05.06.57.40_veh-50_00665_00857,True,1.0,1.0,0.7345848470514845,1.0,1.0,1.0,0.8894103529381185
c122cc148fe25ae7,2021.06.07.17.46.49_veh-35_02607_03120,True,1.0,1.0,0.9950940453129753,1.0,1.0,1.0,0.9979558522137397
49b408038b445768,2021.10.05.07.38.12_veh-50_01085_01463,True,1.0,0.0,0.0,1.0,1.0,1.0,0.0
6009dcd0adba5c57,2021.08.31.12.21.30_veh-40_00538_00638,True,1.0,1.0,0.6278566157530785,1.0,1.0,1.0,0.8449402565637826
03ec8c9b74a45c14,2021.10.05.07.38.12_veh-50_01477_01565,True,1.0,0.0,0.0,1.0,1.0,0.5,0.0
fbd0f7ff133b5ef4,2021.10.05.06.31.40_veh-52_00005_00342,True,1.0,1.0,0.7376246555618174,1.0,1.0,1.0,0.8906769398174239
6e5e2d80ec915e15,2021.09.14.16.46.51_veh-45_00149_00900,True,1.0,1.0,0.8827496956548725,1.0,1.0,1.0,0.9511457065228636
4f4db1a7f4af5836,2021.06.07.17.46.49_veh-35_02607_03120,True,1.0,1.0,0.8631211175666236,1.0,1.0,1.0,0.9429671323194265
32acded506385aed,2021.06.07.13.53.57_veh-35_02489_03145,True,1.0,1.0,1.0,1.0,1.0,1.0,1.0
7110b9e42a8a5ff7,2021.10.05.06.31.40_veh-52_01598_02013,True,1.0,1.0,0.765814115706298,1.0,1.0,1.0,0.9024225482109575
00060e3599d05532,2021.10.05.06.57.40_veh-50_00485_00624,True,1.0,1.0,0.7581113910641849,1.0,1.0,1.0,0.8992130796100771
8ae56117004f5fc2,2021.06.08.12.00.19_veh-35_01722_02119,True,1.0,1.0,0.8822936432384315,1.0,1.0,1.0,0.9509556846826799
beecf9a787245ed2,2021.08.09.18.37.41_veh-28_00053_00548,True,1.0,1.0,1.0,1.0,1.0,1.0,1.0
cb837daf21ec5741,2021.10.05.04.38.41_veh-50_00576_00721,True,1.0,1.0,0.663540799564801,1.0,1.0,1.0,0.8598086664853337
9d779c2882da51b6,2021.08.24.18.30.46_veh-08_02327_02583,True,1.0,0.0,0.0,1.0,1.0,1.0,0.0
dcfd0093cf8f55a9,2021.08.24.17.01.06_veh-45_00228_00689,True,1.0,1.0,1.0,1.0,1.0,1.0,1.0
fb96820d6ac75590,2021.08.24.20.03.01_veh-45_00824_00888,True,1.0,1.0,1.0,1.0,1.0,1.0,1.0
fc6c6696cecd53a4,2021.06.08.12.00.19_veh-35_03655_03792,True,1.0,1.0,0.8425910618943633,1.0,1.0,1.0,0.9344129424559847
c1381fbccb87508c,2021.10.05.07.38.12_veh-50_01085_01463,True,1.0,1.0,0.6877265428408877,1.0,1.0,1.0,0.8698860595170365
8d01189ae3605da4,2021.06.08.14.35.24_veh-26_02555_03004,True,1.0,1.0,1.0,1.0,1.0,1.0,1.0
7b295437163c5ad5,2021.10.05.06.24.06_veh-50_00717_01300,True,1.0,1.0,0.6424527207537261,1.0,1.0,1.0,0.8510219669807192
71c69f0fa88b5938,2021.06.08.12.00.19_veh-35_05235_05578,True,1.0,1.0,1.0,1.0,1.0,1.0,1.0
c634c2c7d2405547,2021.08.09.17.55.59_veh-28_01065_01167,True,1.0,1.0,1.0,1.0,1.0,1.0,1.0
e26a38577f9052a1,2021.08.24.17.37.11_veh-08_02359_02623,True,1.0,1.0,0.9347672442696073,1.0,1.0,1.0,0.9728196851123364
f2e7cd9a0f5f576c,2021.10.05.07.49.39_veh-52_00563_00680,True,1.0,1.0,0.7188406731284733,1.0,1.0,1.0,0.8828502804701972
7c137ad91d7e57a9,2021.08.31.14.40.58_veh-40_01268_01618,True,1.0,1.0,0.8340818803059666,1.0,1.0,1.0,0.9308674501274861
b02cfc4684ed58a1,2021.08.09.17.55.59_veh-28_00691_00876,True,1.0,1.0,0.8094547842096166,1.0,1.0,1.0,0.9206061600873402
f7a3034f50935dc3,2021.06.08.16.31.33_veh-38_01589_02072,True,1.0,1.0,0.8007269481715406,1.0,1.0,1.0,0.9169695617381418
7fce2be5ba195bdd,2021.07.24.23.50.16_veh-17_01696_02071,True,1.0,1.0,1.0,1.0,1.0,1.0,1.0
90818274e7a55895,2021.10.05.04.03.05_veh-50_01466_01790,True,1.0,1.0,0.7819534985787153,1.0,1.0,1.0,0.9091472910744648
c5ca672c6f2051ba,2021.08.31.14.40.58_veh-40_00679_00892,True,1.0,1.0,1.0,1.0,1.0,1.0,1.0
a89648b4784955ae,2021.08.31.16.37.21_veh-40_00554_00733,True,1.0,1.0,1.0,1.0,1.0,1.0,1.0
8063f504239450dc,2021.06.08.12.54.54_veh-26_00733_00983,True,1.0,1.0,1.0,1.0,1.0,1.0,1.0
cb61af732abb5e73,2021.09.14.18.43.41_veh-45_00965_01195,True,1.0,1.0,0.8837058652003593,1.0,1.0,1.0,0.9515441105001496
0cf0749ed5235a88,2021.06.07.19.29.59_veh-38_01025_01274,True,1.0,1.0,1.0,1.0,1.0,1.0,1.0
808b561741b554f4,2021.08.31.12.54.56_veh-40_00305_00667,True,1.0,1.0,0.8345344294905772,1.0,1.0,1.0,0.9310560122877405
b7c375395d165da9,2021.08.31.14.40.58_veh-40_00285_00456,True,1.0,1.0,0.6787828045124764,1.0,1.0,1.0,0.8661595018801984
99ad24c608165502,2021.10.05.06.24.06_veh-50_00717_01300,True,1.0,1.0,0.7943911946063018,1.0,1.0,1.0,0.9143296644192924
a1a19416515c5b12,2021.06.07.13.53.57_veh-35_02489_03145,True,1.0,1.0,0.6588402870976792,1.0,1.0,1.0,0.857850119624033
746510746df95282,2021.06.07.19.29.59_veh-38_00474_00922,True,1.0,1.0,0.7767836162705121,1.0,1.0,1.0,0.9069931734460467
39435337f84251c7,2021.08.24.19.30.33_veh-45_01391_01523,True,1.0,1.0,0.6782515576692876,1.0,1.0,1.0,0.8659381490288699
f07ff21b8cb952e8,2021.08.31.12.21.30_veh-40_00248_00367,True,1.0,1.0,0.7289216752362981,1.0,1.0,1.0,0.8870506980151243
c1a6f950058d566d,2021.08.31.18.15.54_veh-40_01143_01496,True,1.0,1.0,0.7300123396868267,1.0,1.0,1.0,0.8875051415361778
4191ec565e2d58cd,2021.10.05.06.31.40_veh-52_00465_00713,True,1.0,1.0,1.0,1.0,1.0,1.0,1.0
1c44ea85120f5ec7,2021.08.24.20.03.01_veh-45_00824_00888,True,1.0,1.0,0.8999861283378431,1.0,1.0,1.0,0.9583275534741013
6a8c54a137fb57c1,2021.10.05.06.24.06_veh-50_00717_01300,True,1.0,1.0,0.827703341114709,1.0,1.0,1.0,0.9282097254644621
b49c50e458085400,2021.06.07.19.43.00_veh-35_01782_01986,True,1.0,1.0,1.0,1.0,1.0,1.0,1.0
ef83ff6546ac5d94,2021.09.14.16.46.51_veh-45_00149_00900,True,1.0,1.0,0.7586648309470518,1.0,1.0,1.0,0.8994436795612716
422ab2f2f7f055ad,2021.08.24.18.30.46_veh-08_01674_01850,True,1.0,1.0,0.7876014428404906,1.0,1.0,1.0,0.9115006011835378
16952ed01ce95300,2021.08.09.18.37.41_veh-28_00053_00548,True,1.0,1.0,0.945178369630633,1.0,1.0,1.0,0.9771576540127637
7cbe66ece5de5d91,2021.08.24.17.01.06_veh-45_01557_01681,True,1.0,0.0,0.0,1.0,1.0,1.0,0.0
5e8f4a85b7a75041,2021.08.24.18.07.48_veh-45_01504_01722,True,1.0,1.0,0.855654980962894,1.0,1.0,1.0,0.9398562420678725
89a8f53bae185c01,2021.06.07.13.53.57_veh-35_01772_02032,True,1.0,1.0,1.0,1.0,1.0,1.0,1.0
7e93d72a20d951cf,2021.10.05.04.03.05_veh-50_00365_00493,True,1.0,1.0,1.0,1.0,1.0,1.0,1.0
ebbf325388c35018,2021.06.07.13.53.57_veh-35_02489_03145,True,1.0,1.0,1.0,1.0,1.0,1.0,1.0
fffe19e14bc652b9,2021.08.09.18.37.41_veh-28_00053_00548,True,1.0,1.0,0.8890963780297384,1.0,1.0,1.0,0.9537901575123909
b66764ebd7e45233,2021.08.24.18.30.46_veh-08_02327_02583,True,1.0,1.0,0.9207566260939176,1.0,1.0,1.0,0.9669819275391323
1c22fe795a635121,2021.06.07.13.53.57_veh-35_01772_02032,True,1.0,1.0,0.9728782574100967,1.0,1.0,1.0,0.9886992739208736
b2db19e7b4de5f17,2021.10.05.08.11.15_veh-50_00970_01211,True,1.0,1.0,0.7559513543340352,1.0,1.0,1.0,0.898313064305848
352c11d4c67751c2,2021.06.07.17.48.02_veh-38_01949_02085,True,1.0,1.0,1.0,1.0,1.0,1.0,1.0
e6240ae0b1d75ece,2021.08.31.16.37.21_veh-40_00554_00733,True,1.0,1.0,1.0,1.0,1.0,1.0,1.0
71bb3fa674d05eba,2021.06.07.18.53.26_veh-26_00005_00427,True,1.0,1.0,1.0,1.0,1.0,1.0,1.0
5daeead519a8585d,2021.08.31.16.37.21_veh-40_01247_01379,True,1.0,1.0,0.8557101630856107,1.0,1.0,0.0,0.9398792346190045
39b108ec07fa5ecf,2021.07.24.23.50.16_veh-17_01696_02071,True,1.0,1.0,1.0,1.0,1.0,1.0,1.0
d295cc3d643f5fa8,2021.10.05.08.11.15_veh-50_01222_01462,True,1.0,1.0,1.0,1.0,1.0,0.0,1.0
d4ca03f8465653d0,2021.10.05.07.38.12_veh-50_01085_01463,True,1.0,1.0,0.788399214293898,1.0,1.0,1.0,0.9118330059557908
3081ec3801a05c51,2021.10.05.08.11.15_veh-50_01566_01801,True,1.0,1.0,0.5074329342325287,1.0,1.0,1.0,0.7947637225968869
1d41bf824318525f,2021.09.14.18.43.41_veh-45_00965_01195,True,1.0,1.0,1.0,1.0,1.0,0.0,1.0
6b24853f72ad5a35,2021.08.24.15.09.18_veh-45_00216_00862,True,1.0,1.0,0.8980915689889826,1.0,1.0,1.0,0.9575381537454094
7803060499155fd0,2021.08.31.13.27.52_veh-40_00186_00414,True,1.0,1.0,0.6222714915795894,1.0,1.0,1.0,0.8426131214914956
00705468a6b75750,2021.10.05.08.11.15_veh-50_00163_00321,True,1.0,1.0,0.7822633218723071,1.0,1.0,1.0,0.9092763841134612
7dcf277f3fb255fd,2021.06.08.14.14.51_veh-35_01508_01763,True,1.0,1.0,0.8214088098793153,1.0,1.0,1.0,0.9255870041163815
bb74f000653c5565,2021.08.31.12.21.30_veh-40_00538_00638,True,1.0,1.0,0.7786489907338594,1.0,1.0,1.0,0.9077704128057748
dd99e190ef1358d5,2021.08.31.14.40.58_veh-40_01022_01255,True,1.0,1.0,0.5604866998186531,1.0,1.0,0.0,0.8168694582577721
d6fa0346a65c5ec3,2021.10.05.07.10.04_veh-52_00418_00563,True,1.0,1.0,0.48431425241276427,1.0,1.0,1.0,0.7851309385053185
979889238ce55351,2021.08.31.18.15.54_veh-40_00335_00568,True,0.5,0.0,0.0,0.0,1.0,1.0,0.0
310cc4a86f6c58e0,2021.08.09.17.55.59_veh-28_00021_00307,True,1.0,1.0,0.9259673329250832,1.0,1.0,0.5,0.9691530553854513
174e9f60a28d5947,2021.10.05.06.31.40_veh-52_01316_01565,True,1.0,1.0,1.0,1.0,1.0,1.0,1.0
e8de73ec105154bd,2021.10.05.06.57.40_veh-50_00485_00624,True,1.0,1.0,0.9973970696702428,1.0,1.0,1.0,0.9989154456959345
c9c30fa5a8825ca9,2021.10.05.06.31.40_veh-52_00734_01305,True,1.0,1.0,0.6803105119449723,1.0,1.0,1.0,0.8667960466437384
369d9d7385485fc9,2021.10.05.08.11.15_veh-50_01566_01801,True,1.0,1.0,0.6810880722202898,1.0,1.0,1.0,0.8671200300917873
d7a3fa63398e5910,2021.08.31.13.27.52_veh-40_01330_01491,True,1.0,1.0,1.0,1.0,1.0,1.0,1.0
8772f982a47456cc,2021.06.07.17.46.49_veh-35_02607_03120,True,1.0,1.0,1.0,1.0,1.0,1.0,1.0
0824dde3a1395fb5,2021.07.24.18.06.35_veh-35_03664_03799,True,1.0,1.0,1.0,1.0,1.0,1.0,1.0
0ca9e1e49003507d,2021.08.31.13.27.52_veh-40_00869_01319,True,1.0,1.0,1.0,1.0,1.0,1.0,1.0
81d8f26e2ed1584c,2021.10.05.07.10.04_veh-52_01442_01802,True,1.0,1.0,0.8477124509858277,1.0,1.0,1.0,0.9365468545774283
89aea1f9fc4e5991,2021.06.08.12.54.54_veh-26_04262_04732,True,1.0,1.0,0.759945946257215,1.0,1.0,1.0,0.8999774776071728
f16b2f8337dc5945,2021.06.08.12.00.19_veh-35_01722_02119,True,1.0,1.0,0.9205207288409148,1.0,1.0,1.0,0.9668836370170478
522f874373fa5a26,2021.10.05.06.57.40_veh-50_00025_00261,True,1.0,1.0,0.7125195016164694,1.0,1.0,1.0,0.8802164590068623
92123d3edf005e66,2021.09.14.18.43.41_veh-45_02503_03013,True,1.0,1.0,0.9235703196862179,1.0,1.0,1.0,0.9681542998692575
3db9e6dfb3a45e85,2021.08.24.18.30.46_veh-08_02327_02583,True,1.0,1.0,0.9756574185833837,1.0,1.0,1.0,0.9898572577430765
1adc63b8822050f1,2021.10.05.07.38.12_veh-50_00132_00234,True,1.0,1.0,0.7778093883768195,1.0,1.0,1.0,0.9074205784903414
f647b4d0b3fc5be1,2021.08.31.13.27.52_veh-40_00869_01319,True,1.0,1.0,0.9265569127405022,1.0,1.0,1.0,0.9693987136418759
31761b44fb575a10,2021.10.05.06.57.40_veh-50_00665_00857,True,1.0,1.0,0.5694641200257416,1.0,1.0,1.0,0.8206100500107256
3f6d991e9f565b22,2021.06.08.14.36.49_veh-38_00312_00694,True,1.0,1.0,0.8832098622731274,1.0,1.0,1.0,0.951337442613803
6f2b90a1069b554c,2021.08.24.18.30.46_veh-08_01985_02093,True,0.0,1.0,0.0,0.0,1.0,1.0,0.0
3dc32a6af0725b05,2021.07.24.22.52.16_veh-35_03236_04096,True,1.0,1.0,1.0,1.0,1.0,1.0,1.0
50ebd86102b353a7,2021.06.08.12.54.54_veh-26_00015_00507,True,1.0,1.0,0.928345007698136,1.0,1.0,1.0,0.9701437532075566
1c8c8ddd889f5b0a,2021.09.14.18.43.41_veh-45_01245_01529,True,1.0,1.0,0.7205644599749144,1.0,1.0,1.0,0.8835685249895476
f8eaa92fb16e51fc,2021.07.24.22.52.16_veh-35_03236_04096,True,1.0,1.0,1.0,1.0,1.0,1.0,1.0
cdf72c63ef65563c,2021.06.08.12.54.54_veh-26_00015_00507,True,1.0,1.0,1.0,1.0,1.0,1.0,1.0
d6c146ca093257d1,2021.08.31.14.40.58_veh-40_01022_01255,True,1.0,1.0,1.0,1.0,1.0,0.5,1.0
70404c3471fe5b1b,2021.10.05.07.38.12_veh-50_01085_01463,True,1.0,1.0,0.8212488193367863,1.0,1.0,1.0,0.9255203413903276
bbc3d2b57fef5f35,2021.08.31.11.47.30_veh-40_00393_00847,True,1.0,1.0,0.952648550772691,1.0,1.0,1.0,0.9802702294886213
6b0cb0930fbd5f27,2021.09.14.18.43.41_veh-45_00885_00952,True,1.0,1.0,1.0,1.0,1.0,1.0,1.0
317b907e0f335487,2021.10.05.07.38.12_veh-50_01085_01463,True,1.0,1.0,0.6285084845393818,1.0,1.0,1.0,0.8452118685580757
3b2a73c895d6574f,2021.08.24.14.35.46_veh-45_00549_00693,True,1.0,1.0,0.7734266069403865,1.0,1.0,1.0,0.9055944195584944
82ab06340d015706,2021.08.31.12.21.30_veh-40_00538_00638,True,1.0,1.0,0.8308162725006141,1.0,1.0,1.0,0.9295067802085892
b4ab7932b9a757c0,2021.06.07.17.46.49_veh-35_04839_05184,True,1.0,1.0,1.0,1.0,1.0,1.0,1.0
798ae4e7fe30509a,2021.10.05.07.49.39_veh-52_00934_01406,True,1.0,0.0,0.0,1.0,1.0,1.0,0.0
502c3a09873c5bdd,2021.08.24.15.09.18_veh-45_00216_00862,True,1.0,1.0,0.9014201950386888,1.0,1.0,1.0,0.9589250812661203
0d9db69144d15f08,2021.08.31.16.37.21_veh-40_01247_01379,True,1.0,1.0,0.5422704239800564,1.0,1.0,1.0,0.8092793433250236
d3f7777d44e35f24,2021.06.08.17.25.03_veh-35_02448_02655,True,1.0,1.0,0.9589293186770824,1.0,1.0,1.0,0.982887216115451
689babffb25953ed,2021.08.31.12.54.56_veh-40_00725_00909,True,1.0,1.0,0.6480794394455404,1.0,1.0,1.0,0.8533664331023085
25f30d4f06d35119,2021.10.05.04.03.05_veh-50_00536_00637,True,1.0,0.0,0.0,1.0,1.0,1.0,0.0
9a2d2a6ae01e523a,2021.06.08.14.35.24_veh-26_01989_02235,True,1.0,1.0,1.0,1.0,1.0,1.0,1.0
55835b69da375748,2021.08.31.18.15.54_veh-40_00038_00199,True,1.0,1.0,1.0,0.0,1.0,0.5,0.5833333333333334
8431d5104f3455c9,2021.10.05.04.03.05_veh-50_00365_00493,True,1.0,1.0,1.0,1.0,1.0,1.0,1.0
f84024e453fb57e4,2021.10.05.06.57.40_veh-50_01131_01452,True,1.0,0.0,0.0,0.0,1.0,1.0,0.0
d428d5c914d859ea,2021.06.08.18.18.30_veh-38_05578_05988,True,1.0,1.0,1.0,1.0,1.0,1.0,1.0
33a8a4499f4059df,2021.09.14.16.46.51_veh-45_00149_00900,True,1.0,1.0,1.0,1.0,1.0,1.0,1.0
d7ab8347278e516a,2021.09.14.20.42.30_veh-45_00805_01078,True,1.0,1.0,1.0,0.0,1.0,1.0,0.5833333333333334
c4a6e6364c1b5f27,2021.07.24.22.52.16_veh-35_03236_04096,True,1.0,1.0,1.0,1.0,1.0,1.0,1.0
ff81f481d2ad5270,2021.08.31.11.47.30_veh-40_00393_00847,True,1.0,1.0,0.682434015594864,1.0,1.0,1.0,0.8676808398311934
168457afe0ea5299,2021.08.31.13.27.52_veh-40_01330_01491,True,1.0,1.0,0.8056145848889932,1.0,1.0,1.0,0.9190060770370806
7a06f3473dbc5f19,2021.08.31.14.01.15_veh-40_00407_00497,True,1.0,1.0,0.7334003180319552,1.0,1.0,1.0,0.8889167991799813
b8adc82de5ae50e2,2021.08.31.13.27.52_veh-40_01330_01491,True,1.0,1.0,0.7836273766548774,1.0,1.0,1.0,0.9098447402728654
aecfe3d39819549c,2021.10.05.07.49.39_veh-52_00934_01406,True,1.0,1.0,0.7045656263365502,1.0,1.0,1.0,0.8769023443068958
98e5b6890d0f5828,2021.10.05.08.11.15_veh-50_01566_01801,True,1.0,1.0,0.6187248278928305,1.0,1.0,1.0,0.841135344955346
74bf6d6503a75723,2021.08.31.11.47.30_veh-40_01362_01737,True,1.0,1.0,0.9091925728438881,1.0,1.0,1.0,0.9621635720182867
30a6cff776ef563b,2021.07.24.22.52.16_veh-35_03236_04096,True,1.0,1.0,0.994918732833976,1.0,1.0,1.0,0.9978828053474901
84653e2b2f095168,2021.08.24.15.09.18_veh-45_00216_00862,True,1.0,1.0,0.9037818700761051,1.0,1.0,1.0,0.9599091125317104
ad48387bb42d5e30,2021.10.05.06.31.40_veh-52_00734_01305,True,1.0,1.0,0.8179521708320028,1.0,1.0,1.0,0.9241467378466678
2da67aeba34d548e,2021.06.08.12.00.19_veh-35_02135_02369,True,1.0,1.0,0.8867984800695753,1.0,1.0,1.0,0.9528327000289897
d4bef67fb3d85a72,2021.10.05.04.03.05_veh-50_01466_01790,True,1.0,1.0,0.698341708876574,1.0,1.0,1.0,0.8743090453652392
72a042eb908456c4,2021.06.08.12.54.54_veh-26_02994_03970,True,1.0,1.0,0.7221140588910918,1.0,1.0,1.0,0.8842141912046216
d3d2e1f595c15eab,2021.08.31.14.40.58_veh-40_01022_01255,True,1.0,1.0,0.7753135219037496,1.0,1.0,1.0,0.9063806341265623
accc3c90226251ed,2021.10.05.04.38.41_veh-50_00014_00429,True,1.0,1.0,0.7942115274993046,1.0,1.0,1.0,0.9142548031247103
0695b36d39c75e1d,2021.10.05.07.49.39_veh-52_00563_00680,True,1.0,1.0,0.6957820801326803,1.0,1.0,1.0,0.8732425333886168
c5916c0586bd5bc8,2021.06.07.17.46.49_veh-35_02607_03120,True,1.0,1.0,0.7393906086854639,1.0,1.0,1.0,0.8914127536189432
accaa5c04d6953ba,2021.10.05.08.11.15_veh-50_00163_00321,True,1.0,1.0,0.9138945553123984,1.0,1.0,1.0,0.9641227313801659
f726da8164825fa1,2021.10.05.07.10.04_veh-52_00689_01322,True,1.0,1.0,0.7815451398584332,1.0,1.0,1.0,0.9089771416076805
7fd0fb8afe5a55a6,2021.10.05.04.38.41_veh-50_00753_00956,True,1.0,1.0,0.7494969339305187,1.0,1.0,1.0,0.8956237224710494
99631aeb988a569d,2021.06.08.16.31.33_veh-38_00015_00262,True,1.0,1.0,1.0,1.0,1.0,1.0,1.0
833e43f0df0b50c4,2021.10.05.06.24.06_veh-50_00717_01300,True,1.0,1.0,0.6318679584959653,1.0,1.0,1.0,0.8466116493733189
ef8f0b7e80615e88,2021.10.05.08.11.15_veh-50_01566_01801,True,1.0,1.0,0.7221717356053071,1.0,1.0,1.0,0.8842382231688779
d8ea816b0cba507d,2021.08.31.14.40.58_veh-40_00679_00892,True,1.0,1.0,1.0,1.0,1.0,0.0,1.0
5ba6a3b7b52259f2,2021.08.24.19.30.33_veh-45_01391_01523,True,1.0,1.0,1.0,1.0,1.0,1.0,1.0
00bec506fbe7597c,2021.06.08.17.36.50_veh-26_03873_04225,True,1.0,1.0,1.0,1.0,1.0,1.0,1.0
ec2ba5c300635edc,2021.06.07.18.53.26_veh-26_01208_01412,True,1.0,1.0,0.8298254201749746,1.0,1.0,1.0,0.9290939250729061
2f4d937ccb9359c6,2021.10.05.07.10.04_veh-52_00689_01322,True,1.0,1.0,0.891830046742102,1.0,1.0,1.0,0.9549291861425425
073eb57aa4e1546c,2021.08.31.14.40.58_veh-40_00679_00892,True,1.0,1.0,0.9739272565525962,1.0,1.0,1.0,0.989136356896915
0dcc7c4298465874,2021.10.05.08.11.15_veh-50_00970_01211,True,1.0,1.0,0.8022268761488031,1.0,1.0,1.0,0.9175945317286679
527ba01efc975cc8,2021.06.07.17.46.49_veh-35_02607_03120,True,1.0,1.0,0.7098545855903041,1.0,1.0,1.0,0.8791060773292934
f418f6ad5e50559b,2021.08.24.20.03.01_veh-45_00269_00428,True,1.0,1.0,0.8945294822155977,1.0,1.0,1.0,0.9560539509231658
a0de9f558af95417,2021.10.05.06.24.06_veh-50_00431_00527,True,1.0,1.0,0.7170719815644644,1.0,1.0,1.0,0.8821133256518602
ceee1351edc152f7,2021.08.31.11.47.30_veh-40_00248_00376,True,1.0,1.0,0.9196482328035931,1.0,1.0,1.0,0.9665200970014971
a127c06c1bcc54c0,2021.08.31.11.47.30_veh-40_00393_00847,True,1.0,1.0,0.9946722758456423,1.0,1.0,1.0,0.9977801149356843
6da6635285fa5630,2021.08.24.20.03.01_veh-45_00171_00238,True,1.0,1.0,0.770829043645384,1.0,1.0,1.0,0.90451210151891
f0c1c3df9ead5fd6,2021.08.31.17.42.52_veh-40_00389_00526,True,1.0,1.0,1.0,1.0,1.0,1.0,1.0
3d481e42cce653a9,2021.08.31.16.37.21_veh-40_01405_01642,True,1.0,1.0,0.9010253322785606,1.0,1.0,1.0,0.9587605551160671
4cd5bb8cf4fd52fa,2021.06.08.12.54.54_veh-26_00015_00507,True,1.0,1.0,1.0,1.0,1.0,1.0,1.0
3cd7f7b891785a48,2021.08.24.19.30.33_veh-45_01391_01523,True,1.0,1.0,1.0,1.0,1.0,1.0,1.0
173503c1edc85437,2021.06.07.17.46.49_veh-35_02607_03120,True,1.0,1.0,0.9601649329385552,1.0,1.0,1.0,0.9834020553910646
8af92423fc165b93,2021.06.07.18.53.26_veh-26_01208_01412,True,1.0,1.0,0.8209282770383085,1.0,1.0,1.0,0.9253867820992951
2262dc803bd959db,2021.08.09.18.37.41_veh-28_00648_00730,True,1.0,1.0,0.8759528934446351,1.0,1.0,1.0,0.9483137056019313
6b56e8b5a3b05944,2021.08.31.11.47.30_veh-40_01146_01347,True,1.0,0.0,0.0,1.0,1.0,0.0,0.0
648fda3ae08a5a33,2021.08.24.18.07.48_veh-45_00873_01142,True,1.0,1.0,0.7254479022133448,1.0,1.0,1.0,0.8856032925888937
f8b8d91f09615b8c,2021.06.08.17.25.03_veh-35_03522_03716,True,1.0,1.0,1.0,0.0,1.0,1.0,0.5833333333333334
c3feb114d7f95ef4,2021.10.05.06.57.40_veh-50_00485_00624,True,1.0,1.0,0.5219743623356973,1.0,1.0,1.0,0.8008226509732072
199d7ff8db945a33,2021.06.08.18.18.30_veh-38_05578_05988,True,1.0,1.0,0.7900465063014487,1.0,1.0,1.0,0.9125193776256036
f897eead637451d2,2021.10.05.06.57.40_veh-50_01658_01796,True,1.0,1.0,0.7265030911050243,1.0,1.0,1.0,0.8860429546270935
75acc8ebb2a6523b,2021.10.05.06.57.40_veh-50_00025_00261,True,1.0,1.0,0.8781610403137258,1.0,1.0,1.0,0.9492337667973857
c9a8f51734b8566a,2021.10.05.07.49.39_veh-52_01417_01574,True,1.0,1.0,0.8050860169889763,1.0,1.0,1.0,0.9187858404120735
8e49b7bddf4f5a15,2021.09.14.20.42.30_veh-45_00805_01078,True,1.0,1.0,1.0,1.0,1.0,1.0,1.0
eba213863a075b4c,2021.10.05.08.11.15_veh-50_01222_01462,True,1.0,1.0,0.579927884556489,1.0,1.0,1.0,0.8249699518985372
537ae20acba557a6,2021.08.31.17.42.52_veh-40_00389_00526,True,1.0,1.0,0.8476892111265043,1.0,1.0,1.0,0.9365371713027102
bf566fb659a555d2,2021.10.05.04.38.41_veh-50_00996_01109,True,1.0,1.0,1.0,1.0,1.0,1.0,1.0
77ded26c7a9654ad,2021.07.24.23.50.16_veh-17_01696_02071,True,1.0,1.0,0.548830257852687,1.0,1.0,1.0,0.8120126074386196
519885761a2a5a69,2021.10.05.04.03.05_veh-50_00058_00321,True,1.0,1.0,0.9106322418592696,1.0,1.0,1.0,0.962763434108029
5e438ad32e78552a,2021.08.31.17.42.52_veh-40_01033_01313,True,1.0,1.0,1.0,1.0,1.0,1.0,1.0
ae3ab9cc1e285e4d,2021.06.08.12.00.19_veh-35_01722_02119,True,1.0,1.0,0.8322068091452158,1.0,1.0,1.0,0.9300861704771733
90c2a85ccf585341,2021.08.24.20.03.01_veh-45_00687_00787,True,1.0,1.0,1.0,1.0,1.0,1.0,1.0
8bf4bc736e535e2a,2021.08.31.18.15.54_veh-40_00038_00199,True,1.0,0.0,0.0,1.0,1.0,1.0,0.0
53da93b2332857bd,2021.08.09.17.55.59_veh-28_00691_00876,True,1.0,0.0,0.0,1.0,1.0,1.0,0.0
8596a0410ea753cd,2021.10.05.08.11.15_veh-50_00163_00321,True,1.0,1.0,0.8259239157433584,1.0,1.0,1.0,0.9274682982263993
fd522540ec9b5d12,2021.09.14.16.46.51_veh-45_02322_02510,True,1.0,1.0,1.0,1.0,1.0,1.0,1.0
51c4c97139815d1a,2021.09.14.18.43.41_veh-45_00965_01195,True,1.0,1.0,0.8603583658959858,1.0,1.0,1.0,0.941815985789994
71c8ce6dcc8e5e40,2021.10.05.04.38.41_veh-50_00753_00956,True,1.0,1.0,0.8079565947971988,1.0,1.0,1.0,0.9199819144988327
3817d4eca2e1557a,2021.06.08.12.00.19_veh-35_03451_03644,True,1.0,1.0,0.7524174363144991,1.0,1.0,1.0,0.8968405984643746
438a8145e6025153,2021.10.05.06.24.06_veh-50_01420_01553,True,1.0,1.0,0.6989220532830073,1.0,1.0,1.0,0.8745508555345864
d695b34c71215217,2021.10.05.06.31.40_veh-52_01598_02013,True,1.0,1.0,0.7654175726203133,1.0,1.0,1.0,0.9022573219251305
fc2ed2f866c253d4,2021.08.31.13.27.52_veh-40_01330_01491,True,1.0,1.0,0.7990685409545698,1.0,1.0,1.0,0.9162785587310708
2ba922b04f705ac8,2021.07.24.18.06.35_veh-35_03664_03799,True,1.0,1.0,0.8642219747240365,1.0,1.0,1.0,0.9434258228016819
c9ddf1913f325de4,2021.08.31.18.15.54_veh-40_00038_00199,True,1.0,1.0,0.8421521928352368,1.0,1.0,1.0,0.9342300803480154
ab64601e1d305356,2021.10.05.07.38.12_veh-50_00898_01058,True,1.0,1.0,0.9086658378675293,1.0,1.0,1.0,0.9619440991114706
40d181f928905824,2021.08.24.18.30.46_veh-08_01674_01850,True,1.0,1.0,0.726364976185832,1.0,1.0,1.0,0.8859854067440965
68c5ccd303c65931,2021.06.07.18.53.26_veh-26_00005_00427,True,1.0,1.0,0.939930262464088,1.0,1.0,1.0,0.97497094269337
8cffb31aa9bc5f4f,2021.06.08.17.25.03_veh-35_02448_02655,True,1.0,1.0,0.825757892962042,1.0,1.0,1.0,0.9273991220675176
ae89d236367652eb,2021.08.31.17.42.52_veh-40_01551_01684,True,1.0,1.0,0.8273099472789406,1.0,1.0,1.0,0.9280458113662252
315e77baaba657ef,2021.06.08.14.36.49_veh-38_00312_00694,True,1.0,1.0,1.0,1.0,1.0,1.0,1.0
f9a3f1194ecf5691,2021.08.31.16.37.21_veh-40_01655_01736,True,1.0,1.0,0.8032183077371694,1.0,1.0,1.0,0.9180076282238206
7e7576a611b35fcb,2021.08.24.18.30.46_veh-08_02327_02583,True,1.0,1.0,0.8310435445579727,1.0,1.0,1.0,0.9296014768991553
0e028a1ac3935fbf,2021.10.05.04.38.41_veh-50_00014_00429,True,1.0,0.0,0.0,1.0,1.0,1.0,0.0
a75d47c9583d5f0c,2021.06.08.14.35.24_veh-26_02555_03004,True,1.0,1.0,0.8806829840900404,1.0,1.0,1.0,0.9502845767041835
73803057e8015b24,2021.10.05.07.38.12_veh-50_01085_01463,True,1.0,1.0,0.8181761745166983,1.0,1.0,1.0,0.924240072715291
7549c9ea25c85f4e,2021.09.14.16.46.51_veh-45_00149_00900,True,1.0,1.0,0.8677717435337,1.0,1.0,1.0,0.9449048931390417
7fba3e79d3f951f9,2021.06.08.17.25.03_veh-35_02448_02655,True,1.0,1.0,1.0,1.0,1.0,1.0,1.0
3c9f665179cb59b6,2021.08.24.15.09.18_veh-45_00216_00862,True,1.0,1.0,0.45593276578989056,1.0,1.0,1.0,0.773305319079121
46520cfa1af3501b,2021.06.08.12.00.19_veh-35_03655_03792,True,1.0,1.0,1.0,1.0,1.0,1.0,1.0
0c930915da8f5da0,2021.06.08.17.25.03_veh-35_03522_03716,True,1.0,1.0,1.0,1.0,1.0,1.0,1.0
a9a903fc372c5c31,2021.10.05.07.10.04_veh-52_00252_00406,True,1.0,1.0,0.7483719536971463,1.0,1.0,1.0,0.8951549807071443
c19c910d51a05b2b,2021.10.05.04.03.05_veh-50_01003_01426,True,1.0,1.0,0.6314296421935663,1.0,1.0,1.0,0.8464290175806527
b67e711c93bf51a4,2021.06.08.12.54.54_veh-26_01289_01417,True,1.0,1.0,0.7389995835003281,1.0,1.0,1.0,0.8912498264584702
3fdcbaf6a2bf5d73,2021.06.07.17.46.49_veh-35_04084_04828,True,1.0,1.0,1.0,1.0,1.0,1.0,1.0
92b6685ef05e5117,2021.09.14.16.46.51_veh-45_00149_00900,True,1.0,1.0,0.7411746475720995,1.0,1.0,1.0,0.8921561031550415
7a014eca03e55297,2021.08.09.17.55.59_veh-28_00320_00544,True,1.0,0.0,0.0,1.0,1.0,1.0,0.0
6664a79a3a795cd1,2021.08.24.17.01.06_veh-45_00228_00689,True,1.0,1.0,0.9193236959863653,1.0,1.0,1.0,0.9663848733276522
365ba1d90e9b5e70,2021.10.05.06.57.40_veh-50_01493_01624,True,1.0,1.0,0.663878909757769,1.0,1.0,1.0,0.8599495457324037
49816c23e6215793,2021.08.24.14.25.28_veh-42_00333_00472,True,1.0,1.0,1.0,1.0,1.0,1.0,1.0
426709c0ebdb5c89,2021.10.05.06.31.40_veh-52_00465_00713,True,1.0,1.0,0.7665585551849445,1.0,1.0,1.0,0.9027327313270602
5566038d7b605617,2021.10.05.04.38.41_veh-50_00753_00956,True,1.0,1.0,0.8097262853879045,1.0,1.0,1.0,0.9207192855782935
00ab4b38724e5f47,2021.06.08.18.18.30_veh-38_05578_05988,True,1.0,1.0,0.7605230191748199,1.0,1.0,1.0,0.9002179246561749
0212024f3ed154ac,2021.09.14.20.42.30_veh-45_00805_01078,True,1.0,1.0,0.8243664687115019,1.0,1.0,1.0,0.9268193619631258
60eb3d13b49758b6,2021.07.24.22.52.16_veh-35_03236_04096,True,1.0,1.0,1.0,1.0,1.0,1.0,1.0
98a599f156b551a2,2021.08.31.18.15.54_veh-40_00038_00199,True,1.0,1.0,0.8234377629744042,1.0,1.0,1.0,0.9264324012393351
17289b9ef04c57ac,2021.08.31.16.37.21_veh-40_00798_00955,True,1.0,1.0,1.0,0.0,1.0,1.0,0.5833333333333334
1c838161da32513a,2021.09.14.16.46.51_veh-45_00149_00900,True,1.0,0.0,0.0,1.0,1.0,1.0,0.0
7ef666e2075a5db5,2021.10.05.07.10.04_veh-52_00689_01322,True,1.0,1.0,1.0,1.0,1.0,1.0,1.0
c5a3e38086f851eb,2021.10.05.07.38.12_veh-50_01085_01463,True,1.0,1.0,0.7794736132205482,1.0,1.0,1.0,0.9081140055085618
2f860282bb065d95,2021.10.05.06.31.40_veh-52_00734_01305,True,1.0,1.0,0.5447818270676462,1.0,1.0,1.0,0.810325761278186
bfcd42d6b08b5080,2021.08.31.11.47.30_veh-40_00393_00847,True,1.0,1.0,1.0,1.0,1.0,1.0,1.0
2262f222b07155db,2021.10.05.06.31.40_veh-52_00734_01305,True,1.0,1.0,0.6854932852025923,1.0,1.0,1.0,0.8689555355010802
d2133889d04e5f16,2021.10.05.06.31.40_veh-52_01316_01565,True,1.0,1.0,0.771867497754669,1.0,1.0,1.0,0.9049447907311121
cc3d8bf2a6555e15,2021.10.05.04.03.05_veh-50_00058_00321,True,1.0,1.0,1.0,1.0,1.0,1.0,1.0
290874b67076528b,2021.08.09.18.37.41_veh-28_00053_00548,True,1.0,1.0,0.8745647357655933,1.0,1.0,1.0,0.9477353065689972
b65e09c4d8125da0,2021.10.05.08.11.15_veh-50_00970_01211,True,1.0,1.0,0.6578339460227964,1.0,1.0,1.0,0.8574308108428319
9e5f2c6ec3e65aa8,2021.10.05.07.10.04_veh-52_00596_00663,True,1.0,1.0,1.0,1.0,1.0,1.0,1.0
da91d0f0035b59d3,2021.09.14.18.43.41_veh-45_01245_01529,True,1.0,1.0,1.0,1.0,1.0,1.0,1.0
57b0715a8155530c,2021.10.05.06.57.40_veh-50_01493_01624,True,1.0,1.0,0.8352006260629992,1.0,1.0,1.0,0.9313335941929163
4cbaff8a149e5f71,2021.08.31.18.15.54_veh-40_00038_00199,True,1.0,1.0,0.9004852330112793,1.0,1.0,1.0,0.9585355137546996
e7cf057745c45054,2021.06.08.12.00.19_veh-35_05235_05578,True,1.0,1.0,1.0,1.0,1.0,1.0,1.0
b3587e161dc85358,2021.06.08.14.14.51_veh-35_00893_01188,True,1.0,1.0,0.8762004509721669,1.0,1.0,1.0,0.9484168545717363
c27fbd9c4be459ae,2021.08.09.18.37.41_veh-28_00053_00548,True,1.0,1.0,0.6122086224351834,1.0,1.0,1.0,0.838420259347993
d5e23cc4aa835184,2021.06.07.12.54.00_veh-35_01843_02314,True,1.0,1.0,1.0,1.0,1.0,1.0,1.0
7c554f2629af5770,2021.09.14.16.46.51_veh-45_00149_00900,True,1.0,1.0,0.9848831063225507,1.0,1.0,1.0,0.9937012943010628
c1119b7bb01d5a1d,2021.10.05.04.38.41_veh-50_00014_00429,True,1.0,1.0,0.5277753130431061,1.0,1.0,1.0,0.8032397137679609
773a35771de759dd,2021.10.05.06.31.40_veh-52_00465_00713,True,1.0,1.0,0.7044354530909778,1.0,1.0,1.0,0.8768481054545741
e1f85e95103f588e,2021.06.07.17.46.49_veh-35_04839_05184,True,1.0,1.0,1.0,1.0,1.0,1.0,1.0
ceffa062463153a3,2021.10.05.04.03.05_veh-50_00058_00321,True,1.0,1.0,1.0,1.0,1.0,1.0,1.0
44dbdba9f1235c1d,2021.08.31.14.40.58_veh-40_01268_01618,True,1.0,1.0,0.9659657095579981,1.0,1.0,1.0,0.9858190456491659
91a574e45ce45658,2021.08.24.17.01.06_veh-45_00228_00689,True,1.0,0.0,0.0,1.0,1.0,1.0,0.0
49ce701ec7545e81,2021.08.31.17.42.52_veh-40_01033_01313,True,1.0,1.0,0.9847294958818742,1.0,1.0,1.0,0.9936372899507809
be5eec1e4bb15359,2021.06.07.13.53.57_veh-35_02489_03145,True,1.0,1.0,1.0,1.0,1.0,1.0,1.0
13b78096be325992,2021.10.05.08.11.15_veh-50_01222_01462,True,1.0,1.0,1.0,1.0,1.0,1.0,1.0
742324d8909c59b0,2021.10.05.04.38.41_veh-50_00753_00956,True,1.0,1.0,0.7347702437764264,1.0,1.0,1.0,0.8894876015735109
a4e3f3603b2952fb,2021.06.08.19.16.23_veh-26_00973_01139,True,1.0,1.0,0.6916966774074075,1.0,1.0,1.0,0.8715402822530866
fd439147cfcd53d3,2021.09.14.18.43.41_veh-45_00965_01195,True,1.0,1.0,0.7909356045945776,1.0,1.0,1.0,0.9128898352477407
6deeb11365945fb1,2021.10.05.04.03.05_veh-50_00648_00744,True,1.0,1.0,1.0,1.0,1.0,0.0,1.0
a4de6233fbe552e5,2021.06.07.13.53.57_veh-35_02489_03145,True,1.0,1.0,1.0,1.0,1.0,1.0,1.0
656c938e652e55f8,2021.06.07.13.53.57_veh-35_02489_03145,True,1.0,1.0,0.928842980015888,1.0,1.0,1.0,0.9703512416732867
3609537de0105997,2021.10.05.08.11.15_veh-50_00163_00321,True,1.0,1.0,0.7542506452973134,1.0,1.0,1.0,0.8976044355405474
d6e6a774e1025ba3,2021.08.24.15.09.18_veh-45_00216_00862,True,1.0,1.0,0.7700965337882822,1.0,1.0,1.0,0.9042068890784508
1512207f510f55ad,2021.08.31.16.37.21_veh-40_01655_01736,True,0.0,1.0,0.0,0.0,1.0,1.0,0.0
e216136c3cf2595f,2021.10.05.04.03.05_veh-50_01466_01790,True,1.0,1.0,0.9701045020035953,1.0,1.0,1.0,0.9875435425014981
4667f08908cc5ee6,2021.09.14.18.43.41_veh-45_02503_03013,True,1.0,1.0,0.8563613202395202,1.0,1.0,1.0,0.9401505500998001
fbf5b0da3ef6574e,2021.10.05.08.11.15_veh-50_01566_01801,True,1.0,1.0,0.7085674816658776,1.0,1.0,1.0,0.8785697840274489
55fa0f92201a5011,2021.08.24.14.35.46_veh-45_01568_01663,True,1.0,1.0,0.8736681382710115,1.0,1.0,1.0,0.9473617242795882
1215a1ddc3505fa7,2021.10.05.07.10.04_veh-52_00689_01322,True,1.0,1.0,0.6626815797569697,1.0,1.0,1.0,0.8594506582320708
0be55e66f8c258d8,2021.08.24.17.34.27_veh-45_01478_01553,True,1.0,1.0,1.0,0.0,1.0,1.0,0.5833333333333334
4d662b889a905426,2021.10.05.06.24.06_veh-50_01420_01553,True,1.0,1.0,1.0,1.0,1.0,1.0,1.0
ba0d0bd008d55a1e,2021.06.07.18.53.26_veh-26_01208_01412,True,1.0,1.0,1.0,1.0,1.0,1.0,1.0
ff3bba0dd7d25848,2021.10.05.07.10.04_veh-52_01442_01802,True,1.0,1.0,0.7640011154538144,1.0,1.0,1.0,0.9016671314390893
ae8cc27f85af5cf8,2021.06.07.19.29.59_veh-38_01025_01274,True,1.0,1.0,0.7828939165570555,1.0,1.0,1.0,0.9095391318987732
7f9c9b18c6765311,2021.10.05.06.24.06_veh-50_00717_01300,True,1.0,1.0,0.8135609772791961,1.0,1.0,1.0,0.9223170738663317
5fc75556062e5bdf,2021.06.08.14.14.51_veh-35_00893_01188,True,1.0,1.0,1.0,1.0,1.0,1.0,1.0
de21709e722d5d73,2021.10.05.06.57.40_veh-50_00485_00624,True,1.0,1.0,0.7997191708883554,1.0,1.0,1.0,0.9165496545368148
3818957d51785264,2021.06.07.17.46.49_veh-35_04084_04828,True,1.0,1.0,0.8316845844652614,1.0,1.0,1.0,0.9298685768605255
9a529e4b91e05065,2021.10.05.06.31.40_veh-52_00734_01305,True,1.0,1.0,0.6102524981833898,1.0,1.0,1.0,0.8376052075764124
81ea351d9261525e,2021.10.05.07.10.04_veh-52_00418_00563,True,1.0,1.0,0.7805304122606972,1.0,1.0,1.0,0.9085543384419572
ec755c6407c85fa8,2021.10.05.04.38.41_veh-50_00014_00429,True,1.0,1.0,0.8862802693076343,1.0,1.0,1.0,0.952616778878181
ad2d8addcf0a5a26,2021.10.05.06.57.40_veh-50_01131_01452,True,1.0,1.0,0.5811122806399583,1.0,1.0,1.0,0.8254634502666494
f154d7cc016a59f9,2021.06.07.12.54.00_veh-35_01843_02314,True,1.0,1.0,0.7462931481515706,1.0,1.0,1.0,0.8942888117298211
32d0773ce4a157b8,2021.08.31.12.21.30_veh-40_00378_00527,True,1.0,1.0,1.0,1.0,1.0,1.0,1.0
d9b30e768bfa5627,2021.08.31.17.42.52_veh-40_01331_01444,True,1.0,1.0,1.0,1.0,1.0,1.0,1.0
27270e1628475dfa,2021.06.07.19.29.59_veh-38_01025_01274,True,1.0,1.0,1.0,1.0,1.0,1.0,1.0
607cad28b7815677,2021.10.05.07.10.04_veh-52_00689_01322,True,1.0,1.0,0.5394047553648667,1.0,1.0,1.0,0.8080853147353612
a88be30a95dd58fa,2021.10.05.06.31.40_veh-52_00734_01305,True,1.0,1.0,0.5677771201226084,1.0,1.0,1.0,0.8199071333844201
b960d6fec51b52e3,2021.06.08.19.16.23_veh-26_00973_01139,True,1.0,1.0,0.7095768024860681,1.0,1.0,1.0,0.878990334369195
ff6a2cfd0a5b5359,2021.06.07.18.53.26_veh-26_01208_01412,True,1.0,1.0,0.664940298895135,1.0,1.0,1.0,0.8603917912063063
ca33689d1e20577c,2021.10.05.07.10.04_veh-52_00689_01322,True,1.0,1.0,0.7475656130767732,1.0,1.0,1.0,0.8948190054486554
2e175ffcc2cd57ba,2021.10.05.08.11.15_veh-50_00163_00321,True,1.0,1.0,0.7661987944215578,1.0,1.0,1.0,0.9025828310089824
9efa7decf6d05acb,2021.08.31.12.21.30_veh-40_00538_00638,True,1.0,1.0,0.7359882368691599,1.0,1.0,1.0,0.8899950986954833
9eb5eb9b81ff5d90,2021.08.24.17.37.11_veh-08_02359_02623,True,1.0,1.0,0.8622237601037022,0.0,1.0,1.0,0.5259265667098759
37bc68660a6c514a,2021.09.14.18.43.41_veh-45_00965_01195,True,1.0,1.0,0.7679216084431691,1.0,1.0,1.0,0.9033006701846538
ea55c11b526d5d47,2021.08.31.11.47.30_veh-40_01362_01737,True,1.0,1.0,0.7348261969879422,0.0,1.0,1.0,0.47284424874497594
0c73160f256755bb,2021.06.08.14.35.24_veh-26_02555_03004,True,1.0,1.0,1.0,1.0,1.0,1.0,1.0
4e2468074f7e5d57,2021.10.05.07.38.12_veh-50_00245_00433,True,1.0,1.0,0.7677963512591415,1.0,1.0,1.0,0.903248479691309
8678265cea1d5642,2021.10.05.07.38.12_veh-50_01477_01565,True,1.0,1.0,0.6558147424573816,1.0,1.0,1.0,0.8565894760239091
db31d2fef6055e49,2021.06.07.13.53.57_veh-35_02489_03145,True,1.0,1.0,1.0,1.0,1.0,1.0,1.0
d9103b165da15045,2021.08.24.17.34.27_veh-45_01478_01553,True,1.0,1.0,1.0,1.0,1.0,1.0,1.0
56604a00d66752a3,2021.08.31.18.15.54_veh-40_01143_01496,True,1.0,1.0,0.7262157386896743,1.0,1.0,1.0,0.8859232244540309
9fb488f9610b5496,2021.06.07.13.53.57_veh-35_02489_03145,True,1.0,1.0,0.8131068125615563,1.0,1.0,1.0,0.9221278385673152
ed589b058ca85557,2021.08.31.11.47.30_veh-40_00393_00847,True,1.0,1.0,0.6901083503490714,1.0,1.0,1.0,0.870878479312113
6e2b0e92a2ea58ee,2021.06.07.19.29.59_veh-38_01025_01274,True,1.0,1.0,1.0,1.0,1.0,1.0,1.0
79f5494df0175cec,2021.06.08.17.25.03_veh-35_02448_02655,True,1.0,1.0,0.9081247223649757,1.0,1.0,1.0,0.9617186343187397
85c2d6d9d4af5977,2021.06.07.12.42.11_veh-38_03254_03455,True,1.0,1.0,0.6372323954665164,1.0,1.0,1.0,0.8488468314443818
a920a7e8d7665ed6,2021.10.05.07.10.04_veh-52_01442_01802,True,1.0,1.0,0.7614694496717498,1.0,1.0,1.0,0.9006122706965624
32edf7befc415406,2021.10.05.08.11.15_veh-50_00163_00321,True,1.0,1.0,0.7798236639310305,1.0,1.0,1.0,0.9082598599712627
9f9596eee8065c78,2021.08.24.17.01.06_veh-45_00228_00689,True,1.0,1.0,0.9407785825237777,1.0,1.0,1.0,0.9753244093849074
bb94cce50c7a53c8,2021.08.31.14.40.58_veh-40_01022_01255,True,1.0,1.0,0.8607558739718517,1.0,1.0,1.0,0.9419816141549382
528d36356ecb53af,2021.06.07.17.46.49_veh-35_04084_04828,True,1.0,1.0,1.0,1.0,1.0,1.0,1.0
af7046ec22c15434,2021.07.24.20.37.45_veh-17_00015_00375,True,1.0,1.0,0.9795137307124054,1.0,1.0,1.0,0.9914640544635023
26f08ff3961d5a10,2021.08.31.12.54.56_veh-40_00725_00909,True,1.0,1.0,0.7142386848388682,1.0,1.0,1.0,0.8809327853495285
71f4d318c0155ded,2021.08.31.13.27.52_veh-40_00186_00414,True,1.0,1.0,1.0,1.0,1.0,1.0,1.0
1e6da03d5d25541b,2021.08.31.11.47.30_veh-40_01146_01347,True,1.0,1.0,0.9118082405642373,1.0,1.0,1.0,0.9632534335684322
dedd287df867592a,2021.08.31.11.47.30_veh-40_01362_01737,True,1.0,1.0,0.8606024222875943,1.0,1.0,1.0,0.9419176759531643
84a75bd34f09578b,2021.06.07.19.29.59_veh-38_00474_00922,True,1.0,1.0,0.6914658544319087,1.0,1.0,1.0,0.8714441060132954
916346f483d65284,2021.10.05.07.10.04_veh-52_00689_01322,True,1.0,1.0,0.5940991628896717,1.0,1.0,1.0,0.8308746512040299
861e54d703ff5462,2021.06.07.19.29.59_veh-38_01025_01274,True,1.0,1.0,1.0,1.0,1.0,1.0,1.0
fb5943411cd45bf6,2021.10.05.04.03.05_veh-50_01466_01790,True,1.0,1.0,0.5330662631208344,1.0,1.0,1.0,0.8054442763003477
60663e5fb0b652d0,2021.08.31.12.21.30_veh-40_00378_00527,True,1.0,1.0,1.0,1.0,1.0,1.0,1.0
fca5b0316a54508a,2021.10.05.04.38.41_veh-50_00014_00429,True,1.0,1.0,0.5592125477981735,1.0,1.0,1.0,0.8163385615825723
8635835ce3a05e8f,2021.08.24.15.09.18_veh-45_00216_00862,True,1.0,1.0,0.8378314788935833,1.0,1.0,1.0,0.9324297828723264
24d8483d9ae4595c,2021.09.14.20.42.30_veh-45_00805_01078,True,1.0,1.0,1.0,1.0,1.0,1.0,1.0
93abcbe32b3752e3,2021.06.07.19.43.00_veh-35_02298_02525,True,1.0,1.0,0.654924432536654,1.0,1.0,1.0,0.8562185135569392
f85c8fae001c55b2,2021.06.08.12.54.54_veh-26_02994_03970,True,1.0,1.0,0.8196531619354572,1.0,1.0,1.0,0.9248554841397739
cfc58082fd75532a,2021.10.05.07.10.04_veh-52_00689_01322,True,1.0,1.0,0.7534466467421487,1.0,1.0,1.0,0.897269436142562
511fce263bb15ad7,2021.06.08.12.00.19_veh-35_05235_05578,True,1.0,1.0,0.7362042295273306,1.0,1.0,1.0,0.8900850956363877
8b22fdf52d9e57da,2021.08.31.16.37.21_veh-40_00554_00733,True,0.0,1.0,0.0,0.0,1.0,1.0,0.0
dfd2bd27d38a52c6,2021.06.08.14.14.51_veh-35_00893_01188,True,1.0,1.0,1.0,1.0,1.0,1.0,1.0
e780285dadea5cdb,2021.08.31.12.54.56_veh-40_00305_00667,True,1.0,1.0,0.9777592218190309,1.0,1.0,1.0,0.9907330090912628
c5faccfd97d157c7,2021.06.08.14.14.51_veh-35_01508_01763,True,1.0,1.0,0.7453621363537974,1.0,1.0,1.0,0.8939008901474157
2daf5c5381915d32,2021.08.31.18.15.54_veh-40_00579_00980,True,1.0,1.0,1.0,1.0,1.0,1.0,1.0
5e516edc25b65483,2021.06.07.19.43.00_veh-35_02298_02525,True,1.0,1.0,0.8201211495651616,1.0,1.0,1.0,0.925050478985484
651a9d71f6fc5be0,2021.08.31.18.15.54_veh-40_00038_00199,True,1.0,1.0,0.8041436652930797,1.0,1.0,1.0,0.9183931938721166
689a839ed6ae5083,2021.10.05.06.31.40_veh-52_01598_02013,True,1.0,1.0,0.7681214094176023,1.0,1.0,1.0,0.9033839205906676
bf1de203193d5535,2021.10.05.08.11.15_veh-50_00970_01211,True,1.0,1.0,0.716478204986402,1.0,1.0,1.0,0.8818659187443342
bbe8c94bc903528d,2021.08.31.14.40.58_veh-40_00467_00668,True,1.0,1.0,1.0,1.0,1.0,0.0,1.0
47862b0eca5b5da2,2021.10.05.06.31.40_veh-52_01598_02013,True,1.0,1.0,0.798188269243093,1.0,1.0,1.0,0.9159117788512887
a08a7846202d5352,2021.08.31.14.40.58_veh-40_00679_00892,True,1.0,1.0,1.0,1.0,1.0,1.0,1.0
fe1281c351a55c09,2021.06.08.12.00.19_veh-35_02135_02369,True,1.0,1.0,1.0,1.0,1.0,1.0,1.0
38df0f02f3f85d8f,2021.08.31.18.15.54_veh-40_01143_01496,True,1.0,1.0,0.7666438909635174,0.0,1.0,1.0,0.4861016212347989
6a8eec69b45f50d0,2021.08.24.14.25.28_veh-42_00333_00472,True,1.0,1.0,0.8337944432302963,1.0,1.0,1.0,0.93074768467929
240a2457b392539b,2021.06.08.17.36.50_veh-26_05134_05378,True,1.0,1.0,0.9826586915787581,1.0,1.0,1.0,0.9927744548244825
eb4d6a0aa63a5582,2021.08.24.17.01.06_veh-45_01557_01681,True,1.0,1.0,0.887374389260525,1.0,1.0,1.0,0.9530726621918855
223c47176e6057f5,2021.06.08.18.59.48_veh-12_03122_03677,True,1.0,1.0,0.6848685357363254,1.0,1.0,1.0,0.8686952232234689
558a5b88987f54f7,2021.09.14.18.43.41_veh-45_00965_01195,True,1.0,1.0,0.7878983945672585,1.0,1.0,1.0,0.9116243310696911
bfecb44804e95610,2021.08.31.16.37.21_veh-40_00429_00541,True,1.0,1.0,0.8146416592850697,1.0,1.0,1.0,0.9227673580354457
626f6c6b901a597a,2021.06.07.17.46.49_veh-35_02607_03120,True,1.0,1.0,0.9878706346526761,1.0,1.0,1.0,0.9949460977719484
427924f217ea5f49,2021.10.05.04.03.05_veh-50_01466_01790,True,1.0,0.0,0.0,1.0,1.0,1.0,0.0
35f809ef41ee5606,2021.10.05.07.10.04_veh-52_01442_01802,True,1.0,1.0,0.8393792304685789,1.0,1.0,1.0,0.9330746793619079
808e97fcfcd753dc,2021.10.05.07.49.39_veh-52_01417_01574,True,1.0,1.0,0.6250554153975995,1.0,1.0,1.0,0.8437730897489998
4c58f7d8218251d0,2021.10.05.08.11.15_veh-50_00710_00903,True,1.0,1.0,1.0,1.0,1.0,1.0,1.0
dc4919ddd431581d,2021.10.05.04.03.05_veh-50_01466_01790,True,1.0,1.0,1.0,1.0,1.0,0.5,1.0
28f69ab0b4cb5346,2021.08.31.14.40.58_veh-40_00467_00668,True,1.0,1.0,0.85368557869931,1.0,1.0,1.0,0.9390356577913792
39c27223ad3a5d5c,2021.06.07.17.46.49_veh-35_04839_05184,True,1.0,1.0,1.0,1.0,1.0,1.0,1.0
2f4357197a8957e9,2021.08.24.17.37.11_veh-08_02359_02623,True,1.0,1.0,1.0,1.0,1.0,1.0,1.0
f42dcf82749e5653,2021.06.07.11.59.52_veh-35_02283_02464,True,1.0,1.0,1.0,1.0,1.0,1.0,1.0
080f3750b4ae53fa,2021.06.08.16.31.33_veh-38_00015_00262,True,1.0,1.0,1.0,1.0,1.0,1.0,1.0
a5ca5978825c5d71,2021.08.31.11.47.30_veh-40_01146_01347,True,1.0,1.0,0.6979123378591836,1.0,1.0,1.0,0.8741301407746599
c7a77d4978a15fd9,2021.08.24.15.09.18_veh-45_00216_00862,True,1.0,1.0,1.0,1.0,1.0,1.0,1.0
5714c8c971fc58e0,2021.09.14.16.46.51_veh-45_00149_00900,True,1.0,1.0,0.7402614885462453,1.0,1.0,1.0,0.8917756202276023
caeef83cf0c552c7,2021.10.05.06.57.40_veh-50_00485_00624,True,1.0,1.0,0.7373572745770757,1.0,1.0,1.0,0.8905655310737816
c34bff3390275370,2021.06.08.12.54.54_veh-26_00015_00507,True,1.0,1.0,1.0,1.0,1.0,1.0,1.0
94e9664fcf2d5f9e,2021.06.07.17.46.49_veh-35_04839_05184,True,1.0,1.0,1.0,1.0,1.0,1.0,1.0
dcf1485b15a758e9,2021.08.24.15.09.18_veh-45_00216_00862,True,1.0,1.0,0.8399761854033443,1.0,1.0,1.0,0.9333234105847268
434ba2582b4a57d3,2021.10.05.06.24.06_veh-50_00431_00527,True,1.0,1.0,0.642041242682433,1.0,1.0,1.0,0.8508505177843472
71281ce8f1305d51,2021.06.07.11.59.52_veh-35_02283_02464,True,1.0,1.0,0.8668674193416198,1.0,1.0,1.0,0.9445280913923416
578aaaaef50350d6,2021.10.05.06.31.40_veh-52_01598_02013,True,1.0,1.0,0.7237856830890863,1.0,1.0,1.0,0.8849107012871192
3ebb0ad535d45630,2021.10.05.07.38.12_veh-50_00245_00433,True,1.0,1.0,0.6913920881485502,1.0,1.0,1.0,0.8714133700618959
ec19ebdee21159e6,2021.06.07.13.53.57_veh-35_02489_03145,True,1.0,1.0,1.0,1.0,1.0,1.0,1.0
133d2532f35f564d,2021.06.07.18.53.26_veh-26_00005_00427,True,1.0,1.0,0.8689252795307152,1.0,1.0,1.0,0.9453855331377979
a3d6a8eac0755afe,2021.08.31.11.47.30_veh-40_00393_00847,True,1.0,1.0,0.9278101475380424,1.0,1.0,1.0,0.9699208948075176
f8b378cbb2185bc1,2021.10.05.06.31.40_veh-52_00734_01305,True,1.0,1.0,0.8113514669439114,1.0,1.0,1.0,0.9213964445599631
acfc271e3c3d58fa,2021.08.24.17.37.11_veh-08_02359_02623,True,1.0,1.0,0.8821173822955237,1.0,1.0,1.0,0.9508822426231349
601d887023195139,2021.10.05.06.31.40_veh-52_00465_00713,True,1.0,1.0,0.7600433821123214,1.0,1.0,1.0,0.9000180758801339
b5edb24338445523,2021.08.24.18.30.46_veh-08_01985_02093,True,0.0,1.0,0.0,0.0,1.0,1.0,0.0
d2d8d99939af58d8,2021.08.24.15.09.18_veh-45_00216_00862,True,1.0,1.0,0.7033614403684872,1.0,1.0,1.0,0.8764006001535364
5ae78bc8a27a510a,2021.06.08.14.35.24_veh-26_01989_02235,True,1.0,1.0,0.7120893743922603,1.0,1.0,1.0,0.8800372393301084
622b0402246e5a04,2021.08.31.18.15.54_veh-40_01010_01094,True,1.0,1.0,0.7754793087250073,1.0,1.0,1.0,0.906449711968753
ad8389a666c651bf,2021.10.05.04.38.41_veh-50_00014_00429,True,1.0,1.0,0.6879927343329497,1.0,1.0,1.0,0.8699969726387291
fab5f4ea8b075873,2021.10.05.07.10.04_veh-52_00689_01322,True,1.0,1.0,0.8130795469516708,1.0,1.0,1.0,0.9221164778965295
b76ae21a3d005d62,2021.06.08.12.54.54_veh-26_02323_02479,True,1.0,1.0,1.0,1.0,1.0,1.0,1.0
ce3df1b3b5d85405,2021.10.05.07.38.12_veh-50_01085_01463,True,1.0,1.0,0.7644804171604601,1.0,1.0,1.0,0.9018668404835251
a2be5276d9845c57,2021.06.07.18.53.26_veh-26_00005_00427,True,1.0,1.0,1.0,1.0,1.0,1.0,1.0
b34272d337d350d2,2021.10.05.07.38.12_veh-50_01085_01463,True,1.0,1.0,0.5402877410709314,1.0,1.0,1.0,0.8084532254462214
53880c7e22d553b5,2021.10.05.06.31.40_veh-52_01598_02013,True,1.0,1.0,0.7696255455098876,1.0,1.0,1.0,0.9040106439624531
52151396392d59ec,2021.06.07.19.43.00_veh-35_01782_01986,True,1.0,1.0,1.0,1.0,1.0,1.0,1.0
5bf7a15f79705497,2021.08.31.14.01.15_veh-40_00304_00384,True,1.0,1.0,0.8066822218848705,1.0,1.0,1.0,0.9194509257853628
71296b1b915d5d3e,2021.08.31.12.54.56_veh-40_01056_01183,True,1.0,1.0,0.8303614606382124,1.0,1.0,1.0,0.9293172752659218
48bf69aa16e85454,2021.06.07.19.29.59_veh-38_01025_01274,True,1.0,0.0,0.0,1.0,1.0,1.0,0.0
796698f0fd7d53c5,2021.10.05.07.38.12_veh-50_00132_00234,True,1.0,1.0,0.6665964900615854,1.0,1.0,0.5,0.8610818708589939
b9138f9ae7455293,2021.10.05.06.24.06_veh-50_01420_01553,True,1.0,1.0,0.619020580020373,1.0,1.0,1.0,0.8412585750084887
37b400904c355977,2021.08.31.11.47.30_veh-40_00393_00847,True,1.0,1.0,0.9618214821301186,1.0,1.0,1.0,0.9840922842208828
dba30c7028f85a35,2021.10.05.08.11.15_veh-50_00970_01211,True,1.0,1.0,0.8679385388376211,1.0,1.0,1.0,0.9449743911823422
26b7cc5b93125dd9,2021.10.05.06.57.40_veh-50_00940_01105,True,1.0,1.0,0.723245570922495,1.0,1.0,1.0,0.8846856545510396
d9ce4cf1a8b45e29,2021.10.05.08.11.15_veh-50_00970_01211,True,1.0,1.0,0.7380816015673164,1.0,1.0,1.0,0.8908673339863817
5ad9e7defd1150e4,2021.10.05.08.11.15_veh-50_00437_00585,True,1.0,1.0,0.783044776991133,1.0,1.0,1.0,0.9096019904129721
345a7793c32e596c,2021.06.07.12.42.11_veh-38_01777_02078,True,1.0,1.0,0.9060203586821696,1.0,1.0,1.0,0.9608418161175707
9ef12559a8025bb7,2021.06.08.12.00.19_veh-35_01722_02119,True,1.0,1.0,0.7392004392829363,1.0,1.0,1.0,0.8913335163678902
499d1c77ce2a5fcc,2021.07.24.20.37.45_veh-17_00015_00375,True,1.0,1.0,1.0,1.0,1.0,1.0,1.0
ba474de5edb5570b,2021.08.31.16.37.21_veh-40_00429_00541,True,1.0,1.0,0.7670847946931273,1.0,1.0,1.0,0.9029519977888031
c66d6879aad6557c,2021.08.31.11.47.30_veh-40_00393_00847,True,1.0,1.0,0.8826077247142172,1.0,1.0,1.0,0.9510865519642572
4cb9c9024cfa51ee,2021.10.05.07.10.04_veh-52_00689_01322,True,1.0,1.0,0.794351071143713,1.0,1.0,1.0,0.9143129463098804
e24490b9088d5d41,2021.08.31.18.15.54_veh-40_00227_00324,True,1.0,1.0,0.8108008211619291,1.0,1.0,1.0,0.9211670088174705
4a067beb32265cea,2021.10.05.06.57.40_veh-50_00665_00857,True,1.0,1.0,0.7814739011417531,1.0,1.0,1.0,0.9089474588090637
cfc3560a41cf516d,2021.09.14.19.46.05_veh-45_01937_02119,True,1.0,1.0,0.7406740402384524,1.0,1.0,1.0,0.8919475167660219
e2fc760c249357a0,2021.09.14.16.46.51_veh-45_00149_00900,True,1.0,1.0,1.0,1.0,1.0,1.0,1.0
81ed3a739e965f0e,2021.08.24.17.01.06_veh-45_00228_00689,True,1.0,0.0,0.0,1.0,1.0,1.0,0.0
5806ea07c72258db,2021.06.07.17.48.02_veh-38_01949_02085,True,1.0,1.0,0.47505208607795857,1.0,1.0,1.0,0.7812717025324828
cf5eff340795541a,2021.10.05.07.10.04_veh-52_00689_01322,True,1.0,1.0,0.7731853895930544,1.0,1.0,1.0,0.9054939123304394
971a3927300d5c9f,2021.10.05.06.31.40_veh-52_01316_01565,True,1.0,1.0,0.964163932619927,1.0,1.0,1.0,0.9850683052583028
1a2a791565385cf6,2021.10.05.06.31.40_veh-52_01598_02013,True,1.0,1.0,0.7905999071854006,1.0,1.0,1.0,0.9127499613272502
27a0ed357788574f,2021.10.05.04.38.41_veh-50_00753_00956,True,1.0,1.0,0.7265361535191639,1.0,1.0,1.0,0.8860567306329848
2d4bd54d83735ae3,2021.10.05.07.49.39_veh-52_00563_00680,True,1.0,0.0,0.0,1.0,1.0,1.0,0.0
69d7e005d26459f9,2021.10.05.07.38.12_veh-50_01085_01463,True,1.0,1.0,0.8068922818649886,1.0,1.0,1.0,0.9195384507770786
b0f383ef95565346,2021.06.08.17.36.50_veh-26_03873_04225,True,1.0,1.0,0.8369757063079706,1.0,1.0,1.0,0.9320732109616544
ea573171fd53572a,2021.08.31.11.47.30_veh-40_00248_00376,True,1.0,1.0,1.0,1.0,1.0,1.0,1.0
d08743a41ea75acb,2021.07.24.22.52.16_veh-35_03236_04096,True,1.0,1.0,0.9270048754528414,1.0,1.0,1.0,0.9695853647720173
aab26f52c2a153f1,2021.08.31.16.37.21_veh-40_00554_00733,True,1.0,1.0,0.8485573662239007,1.0,1.0,1.0,0.9368989025932919
42d0ebfe280c51d8,2021.07.24.16.07.03_veh-35_01649_01813,True,1.0,1.0,1.0,1.0,1.0,1.0,1.0
bfe3c1a05659549c,2021.10.05.04.03.05_veh-50_01466_01790,True,1.0,1.0,0.6860950128422795,1.0,1.0,1.0,0.8692062553509498
3de80a41d5fe5a5c,2021.10.05.07.38.12_veh-50_01477_01565,True,1.0,1.0,0.8939598263142196,1.0,1.0,1.0,0.9558165942975915
5139d7733dbb5823,2021.06.08.17.25.03_veh-35_03522_03716,True,1.0,1.0,0.9094907300291691,1.0,1.0,1.0,0.9622878041788204
6c11425a442754a9,2021.10.05.06.31.40_veh-52_00465_00713,True,1.0,1.0,0.7122725401376151,1.0,1.0,1.0,0.880113558390673
327a90d1864f5641,2021.06.08.14.14.51_veh-35_00893_01188,True,1.0,1.0,1.0,1.0,1.0,1.0,1.0
52a53c5da4ec5439,2021.08.24.14.35.46_veh-45_00011_00162,True,1.0,1.0,1.0,1.0,1.0,0.5,1.0
783d09909af65060,2021.06.08.12.54.54_veh-26_02994_03970,True,1.0,1.0,1.0,1.0,1.0,1.0,1.0
f1b09c33b71057bc,2021.08.24.15.09.18_veh-45_00216_00862,True,1.0,1.0,0.879006120215162,1.0,1.0,1.0,0.9495858834229841
21412dd0c5f95d12,2021.09.14.18.43.41_veh-45_00965_01195,True,1.0,1.0,0.7683515456444511,1.0,1.0,0.5,0.9034798106851879
50053bb09d465c05,2021.10.05.07.10.04_veh-52_01442_01802,True,1.0,1.0,0.7983736279824484,1.0,1.0,1.0,0.9159890116593535
d1198dd21c545ff5,2021.07.24.22.52.16_veh-35_03236_04096,True,1.0,1.0,1.0,1.0,1.0,1.0,1.0
e2af295ac6bc54a4,2021.06.07.18.53.26_veh-26_01208_01412,True,1.0,1.0,0.8566318196275547,1.0,1.0,1.0,0.9402632581781477
410fac99463459e6,2021.10.05.06.24.06_veh-50_00021_00383,True,1.0,1.0,1.0,1.0,1.0,1.0,1.0
26683d642cdf5054,2021.08.31.17.42.52_veh-40_01033_01313,True,1.0,1.0,1.0,1.0,1.0,1.0,1.0
4326e315f8905575,2021.10.05.04.03.05_veh-50_00648_00744,True,1.0,1.0,0.6524851206730633,1.0,1.0,1.0,0.8552021336137763
8664369108db5074,2021.06.08.12.00.19_veh-35_04422_04725,True,1.0,1.0,1.0,1.0,1.0,1.0,1.0
173150696655567d,2021.06.07.17.46.49_veh-35_04084_04828,True,1.0,1.0,0.852927248216816,1.0,1.0,1.0,0.9387196867570067
b01817e54439569d,2021.10.05.07.49.39_veh-52_00934_01406,True,1.0,1.0,0.6884876402014406,1.0,1.0,1.0,0.8702031834172669
ec54c6c5ee575fee,2021.10.05.06.31.40_veh-52_01316_01565,True,1.0,1.0,0.6988396188726973,1.0,1.0,1.0,0.8745165078636239
e55ecf900bd05f47,2021.06.07.17.46.49_veh-35_04084_04828,True,1.0,1.0,0.8436220900536312,1.0,1.0,1.0,0.9348425375223464
d9b2dbf5bef257e0,2021.06.07.13.53.57_veh-35_02489_03145,True,1.0,1.0,0.8457943775036445,1.0,1.0,1.0,0.9357476572931852
75eb588f0c6856e9,2021.07.24.22.52.16_veh-35_03236_04096,True,1.0,1.0,0.843271031814647,1.0,1.0,1.0,0.9346962632561029
69fa3b4992425676,2021.10.05.04.38.41_veh-50_00014_00429,True,1.0,1.0,0.7938663614544216,1.0,1.0,1.0,0.9141109839393423
376e6ff7eccf5572,2021.06.08.16.31.33_veh-38_01589_02072,True,1.0,1.0,1.0,1.0,1.0,1.0,1.0
fa200afdc9df50ca,2021.06.07.17.46.49_veh-35_04084_04828,True,1.0,1.0,1.0,1.0,1.0,1.0,1.0
762e8a92778d5b8b,2021.10.05.08.11.15_veh-50_00970_01211,True,1.0,0.0,0.0,1.0,1.0,1.0,0.0
2d691535f7bb5d1a,2021.08.24.14.35.46_veh-45_01568_01663,True,1.0,1.0,0.9578018019340168,1.0,1.0,1.0,0.982417417472507
c0671dca6d7e5c87,2021.10.05.07.10.04_veh-52_00418_00563,True,1.0,1.0,0.7258115324305479,1.0,1.0,1.0,0.885754805179395
243442bb80c35079,2021.06.08.17.36.50_veh-26_03873_04225,True,1.0,1.0,0.9218612327275381,1.0,1.0,1.0,0.9674421803031409
635b5ea1d13f5017,2021.06.08.12.54.54_veh-26_02994_03970,True,1.0,1.0,1.0,0.0,1.0,1.0,0.5833333333333334
177d18b6a36d5a2f,2021.10.05.08.11.15_veh-50_00970_01211,True,1.0,1.0,1.0,1.0,1.0,1.0,1.0
03024f18a373536c,2021.10.05.04.38.41_veh-50_00014_00429,True,1.0,1.0,1.0,1.0,1.0,1.0,1.0
61300f5b34a65e7c,2021.08.31.11.47.30_veh-40_01146_01347,True,1.0,1.0,0.8526241948505422,1.0,1.0,1.0,0.9385934145210593
ca70c4777b4e578d,2021.10.05.06.24.06_veh-50_01566_01672,True,1.0,1.0,0.7101215681391183,1.0,1.0,1.0,0.8792173200579659
c4d93843c02a56df,2021.10.05.07.38.12_veh-50_01085_01463,True,1.0,1.0,0.7521187059264522,1.0,1.0,1.0,0.8967161274693551
1d398d0a1dcb5992,2021.08.24.17.01.06_veh-45_00228_00689,True,1.0,1.0,1.0,1.0,1.0,1.0,1.0
ceb16c2c18d252f3,2021.08.31.14.01.15_veh-40_01576_01714,True,1.0,1.0,0.758444650477871,1.0,1.0,1.0,0.8993519376991129
570a967269335f31,2021.08.24.17.01.06_veh-45_00228_00689,True,1.0,1.0,0.9478425020741329,1.0,1.0,1.0,0.9782677091975552
5d5971cc468954e3,2021.08.31.14.01.15_veh-40_01576_01714,True,1.0,1.0,0.7676549487069098,1.0,1.0,1.0,0.9031895619612124
997185fb884c58cb,2021.10.05.04.38.41_veh-50_00576_00721,True,1.0,1.0,0.7813004991323124,1.0,1.0,1.0,0.9088752079717968
b6d6c440ce6b5ec1,2021.09.14.18.43.41_veh-45_00885_00952,True,1.0,1.0,0.8329570940496468,1.0,1.0,1.0,0.9303987891873527
2a2c7d3f8c775f43,2021.10.05.07.38.12_veh-50_01477_01565,True,1.0,1.0,0.8883775674188896,1.0,1.0,1.0,0.9534906530912041
a8c24efacdfc5440,2021.08.31.17.42.52_veh-40_01331_01444,True,1.0,1.0,0.8412226239448088,1.0,1.0,1.0,0.9338427599770037
ce94cbedb45559ba,2021.08.24.18.30.46_veh-08_02327_02583,True,1.0,1.0,0.8738937147655225,1.0,1.0,1.0,0.9474557144856344
c9d21e962f775d5c,2021.06.08.12.54.54_veh-26_02994_03970,True,1.0,1.0,0.8402719990211138,1.0,1.0,1.0,0.9334466662587975
2fe38f52136155dc,2021.10.05.07.10.04_veh-52_01442_01802,True,1.0,1.0,0.6051529762256797,1.0,1.0,1.0,0.8354804067606999
4b5e7071e6dc5b10,2021.10.05.04.03.05_veh-50_00058_00321,True,1.0,1.0,0.6677059338863028,1.0,1.0,1.0,0.8615441391192928
cc2a583247c05212,2021.08.31.14.40.58_veh-40_01268_01618,True,1.0,1.0,0.858496675046417,1.0,1.0,1.0,0.9410402812693404
126cff95213256dd,2021.08.31.17.42.52_veh-40_01033_01313,True,1.0,1.0,0.8823015275725872,1.0,1.0,1.0,0.9509589698219113
ad06d63055625740,2021.09.14.18.43.41_veh-45_01245_01529,True,1.0,1.0,0.9735757490875533,1.0,1.0,1.0,0.9889898954531473
63dba72e8f495536,2021.06.07.19.43.00_veh-35_02298_02525,True,1.0,1.0,0.6189718056569858,1.0,1.0,1.0,0.8412382523570775
07ddd211494e5080,2021.10.05.07.38.12_veh-50_01085_01463,True,1.0,1.0,0.7840112599848953,1.0,1.0,1.0,0.9100046916603731
c81512d93419558b,2021.06.08.14.35.24_veh-26_02555_03004,True,1.0,1.0,1.0,1.0,1.0,1.0,1.0
0a339cf8a4945c2e,2021.08.31.17.42.52_veh-40_01033_01313,True,1.0,1.0,0.9634752420532965,1.0,1.0,1.0,0.9847813508555402
393f663e1fa05ed9,2021.10.05.07.38.12_veh-50_01085_01463,True,1.0,1.0,0.8518763667523734,1.0,1.0,1.0,0.9382818194801557
24531603f9315046,2021.10.05.08.11.15_veh-50_00437_00585,True,1.0,1.0,0.7716725776140579,1.0,1.0,1.0,0.9048635740058574
d9c3d527fc9d52f1,2021.06.08.12.54.54_veh-26_00733_00983,True,1.0,1.0,1.0,1.0,1.0,1.0,1.0
3c67272121df5b60,2021.09.14.18.43.41_veh-45_00965_01195,True,1.0,1.0,0.7216034378538203,1.0,1.0,1.0,0.8840014324390918
70b907a7b43c5055,2021.07.24.22.52.16_veh-35_03236_04096,True,1.0,1.0,0.914530532325049,1.0,1.0,1.0,0.9643877218021037
a9f75bf37b765c1c,2021.10.05.07.10.04_veh-52_01442_01802,True,1.0,1.0,1.0,1.0,1.0,1.0,1.0
d56f1bd2c57d5d53,2021.06.07.19.43.00_veh-35_01782_01986,True,1.0,0.0,0.0,1.0,1.0,1.0,0.0
3bca1e3649f95fef,2021.06.07.17.46.49_veh-35_02607_03120,True,1.0,1.0,1.0,1.0,1.0,1.0,1.0
08483deb309e5072,2021.08.24.18.30.46_veh-08_02327_02583,True,1.0,1.0,0.8605359120274285,1.0,1.0,1.0,0.9418899633447619
a36d7d6f401756f9,2021.08.24.17.34.27_veh-45_01478_01553,True,1.0,0.0,0.0,1.0,1.0,1.0,0.0
be953b8946605cca,2021.10.05.08.11.15_veh-50_00710_00903,True,1.0,1.0,0.6220585885387179,1.0,1.0,1.0,0.8425244118911325
fa743eef744f5796,2021.10.05.06.24.06_veh-50_00431_00527,True,1.0,1.0,0.5824872233815764,1.0,1.0,1.0,0.8260363430756569
48e68c9f31715b26,2021.10.05.07.10.04_veh-52_01442_01802,True,1.0,1.0,0.5451333507179166,1.0,1.0,0.0,0.8104722294657986
6004a9437ebd5d7a,2021.10.05.07.38.12_veh-50_01085_01463,True,1.0,1.0,0.747743744832529,1.0,1.0,1.0,0.8948932270135538
f099d8ed9bcf5224,2021.06.08.17.25.03_veh-35_03522_03716,True,1.0,1.0,0.8705230839286087,1.0,1.0,1.0,0.9460512849702537
3a77b3e1683153ea,2021.10.05.07.10.04_veh-52_00689_01322,True,1.0,1.0,0.7993824598329649,1.0,1.0,1.0,0.9164093582637354
d40004df9387577f,2021.10.05.07.38.12_veh-50_01085_01463,True,1.0,0.0,0.0,1.0,1.0,1.0,0.0
f9f1c28093225243,2021.08.09.17.55.59_veh-28_00320_00544,True,1.0,1.0,0.790240003609265,1.0,1.0,1.0,0.9126000015038604
590d80176e7658e3,2021.10.05.06.57.40_veh-50_00665_00857,True,1.0,1.0,0.8398516952052885,1.0,1.0,1.0,0.9332715396688703
8bc126f47cd85573,2021.10.05.06.31.40_veh-52_01598_02013,True,1.0,1.0,0.7480683553359457,1.0,1.0,1.0,0.8950284813899773
923581e0129a5b08,2021.08.31.12.54.56_veh-40_00305_00667,True,1.0,1.0,0.8163394881660292,0.0,1.0,1.0,0.5068081200691789
6bfdc0c9c0ed5f5a,2021.10.05.07.38.12_veh-50_00898_01058,True,1.0,1.0,0.6612274087636,1.0,1.0,1.0,0.8588447536514999
4f9447e027b55b6f,2021.06.08.16.31.33_veh-38_01589_02072,True,1.0,1.0,0.8211377708173777,1.0,1.0,0.5,0.9254740711739075
dbaafb995f6a530e,2021.10.05.07.49.39_veh-52_00934_01406,True,1.0,1.0,1.0,1.0,1.0,1.0,1.0
3540cd6d18ab5857,2021.08.31.14.40.58_veh-40_00125_00269,True,1.0,1.0,0.872700061809169,1.0,1.0,1.0,0.9469583590871538
e1d845f0d8ae59ae,2021.10.05.06.57.40_veh-50_01493_01624,True,1.0,1.0,0.6898370413371705,1.0,1.0,1.0,0.8707654338904877
a199dd34f4cb5e25,2021.10.05.08.11.15_veh-50_01566_01801,True,1.0,1.0,0.6413697495990944,1.0,1.0,1.0,0.8505707289996227
d598b1322a9f55e4,2021.07.24.20.37.45_veh-17_00015_00375,True,1.0,1.0,0.9401789968638493,1.0,1.0,1.0,0.9750745820266039
14ce88e733105f36,2021.08.31.17.42.52_veh-40_01033_01313,True,1.0,1.0,1.0,1.0,1.0,1.0,1.0
e0ab4835126753d1,2021.09.14.18.43.41_veh-45_00965_01195,True,1.0,1.0,0.9528377278429265,1.0,1.0,0.5,0.980349053267886
5a0f8eee2830560c,2021.08.24.20.03.01_veh-45_00463_00588,True,1.0,1.0,0.6106226807652781,1.0,1.0,1.0,0.8377594503188659
89713a5161da5e08,2021.10.05.07.10.04_veh-52_00252_00406,True,1.0,1.0,0.7912349332843958,1.0,1.0,1.0,0.913014555535165
9ccbf12c98425da2,2021.08.24.17.37.11_veh-08_02359_02623,True,1.0,1.0,1.0,1.0,1.0,1.0,1.0
142459475ae45ba7,2021.07.24.23.50.16_veh-17_01696_02071,True,1.0,1.0,0.721761958482387,1.0,1.0,1.0,0.8840674827009947
8a49b6f24ed6592f,2021.08.24.18.07.48_veh-45_00873_01142,True,1.0,1.0,0.9455358095633393,1.0,1.0,1.0,0.9773065873180581
91c204051b2f5a6a,2021.08.24.15.09.18_veh-45_00216_00862,True,1.0,1.0,0.8172884808772838,1.0,1.0,1.0,0.9238702003655349
f04fe15ddd045f98,2021.08.31.16.37.21_veh-40_01405_01642,True,1.0,1.0,0.9211232489221172,1.0,1.0,1.0,0.9671346870508821
dfd54c6346ea5e9f,2021.10.05.07.10.04_veh-52_00689_01322,True,1.0,1.0,0.7749338640165306,1.0,1.0,1.0,0.9062224433402211
11c439298d045d57,2021.10.05.07.10.04_veh-52_00596_00663,True,1.0,0.0,0.0,1.0,1.0,0.5,0.0
75a0fc19f1cf530e,2021.06.07.17.46.49_veh-35_02607_03120,True,1.0,1.0,0.8270803587826826,1.0,1.0,1.0,0.9279501494927844
a5562665d67d574c,2021.10.05.04.38.41_veh-50_00014_00429,True,1.0,1.0,0.5200079280980058,1.0,1.0,1.0,0.800003303374169
a4d769971b565c82,2021.08.24.15.09.18_veh-45_00216_00862,True,1.0,1.0,1.0,1.0,1.0,1.0,1.0
782685e5a1cb5078,2021.10.05.07.49.39_veh-52_00934_01406,True,1.0,1.0,0.7731371439810237,1.0,1.0,1.0,0.9054738099920933
f2511e063a375b45,2021.08.24.15.09.18_veh-45_00216_00862,True,1.0,1.0,0.9185470929316496,1.0,1.0,1.0,0.9660612887215206
58e6a39f332d5c53,2021.08.24.18.07.48_veh-45_00873_01142,True,1.0,1.0,0.9313338269415059,1.0,1.0,1.0,0.9713890945589608
19297df5ddd95465,2021.10.05.07.10.04_veh-52_00252_00406,True,1.0,1.0,0.8347463595706219,1.0,1.0,1.0,0.9311443164877592
31fd1f827c305d81,2021.06.08.12.54.54_veh-26_02994_03970,True,1.0,1.0,1.0,1.0,1.0,1.0,1.0
d3aaeb961e005350,2021.09.14.18.43.41_veh-45_00885_00952,True,1.0,1.0,0.8076343657511064,1.0,1.0,1.0,0.9198476523962943
5c0e94a5c1565ff6,2021.10.05.07.49.39_veh-52_00934_01406,True,1.0,1.0,0.7316551408748673,1.0,1.0,1.0,0.8881896420311947
7663c290e9d3577f,2021.08.24.15.09.18_veh-45_00216_00862,True,1.0,1.0,1.0,1.0,1.0,1.0,1.0
7966ea471a745f60,2021.10.05.07.10.04_veh-52_00689_01322,True,1.0,1.0,0.7628518556420683,1.0,1.0,1.0,0.9011882731841951
29193de68e855e7f,2021.10.05.07.10.04_veh-52_00689_01322,True,1.0,1.0,0.8664427230914946,1.0,1.0,1.0,0.944351134621456
44971479dacf5c26,2021.06.07.13.53.57_veh-35_02489_03145,True,1.0,1.0,1.0,1.0,1.0,1.0,1.0
ad27de6bad785d99,2021.10.05.04.38.41_veh-50_00014_00429,True,1.0,1.0,0.7058338851929536,1.0,1.0,1.0,0.8774307854970641
a9dff706b9395e06,2021.10.05.07.10.04_veh-52_00689_01322,True,1.0,1.0,0.8242981286189336,1.0,1.0,1.0,0.9267908869245556
a7537fdfa152595d,2021.10.05.08.11.15_veh-50_00163_00321,True,1.0,1.0,0.7566441495282461,1.0,1.0,1.0,0.8986017289701026
9504caaa4fe85567,2021.10.05.07.49.39_veh-52_00934_01406,True,1.0,1.0,0.9956103394949956,1.0,1.0,1.0,0.9981709747895815
add8309210135bb3,2021.06.07.17.46.49_veh-35_04839_05184,True,1.0,1.0,1.0,1.0,1.0,1.0,1.0
ef1a6451dc3d5d54,2021.06.08.14.35.24_veh-26_02555_03004,True,1.0,1.0,0.9187901230096615,1.0,1.0,1.0,0.9661625512540256
77666136143257a5,2021.10.05.06.57.40_veh-50_00665_00857,True,1.0,1.0,0.7684075823696085,1.0,1.0,1.0,0.9035031593206702
03db6037fdc15553,2021.10.05.07.49.39_veh-52_00934_01406,True,1.0,1.0,0.6793464781137104,1.0,1.0,1.0,0.8663943658807126
1f192e43916754f3,2021.08.31.11.47.30_veh-40_00393_00847,True,1.0,1.0,0.7350043748626935,1.0,1.0,1.0,0.8895851561927891
3f5906e405975401,2021.06.08.17.36.50_veh-26_03873_04225,True,1.0,1.0,1.0,1.0,1.0,1.0,1.0
fcb49955755c5643,2021.10.05.06.31.40_veh-52_01598_02013,True,1.0,1.0,0.7773474826781513,1.0,1.0,1.0,0.9072281177825631
10ab0437e2335e5f,2021.08.31.12.54.56_veh-40_00305_00667,True,1.0,1.0,1.0,1.0,1.0,1.0,1.0
684ee5399e1c599b,2021.08.31.18.15.54_veh-40_00579_00980,True,1.0,1.0,1.0,1.0,1.0,1.0,1.0
13aa063cb0ac5344,2021.08.09.17.55.59_veh-28_00691_00876,True,1.0,1.0,1.0,1.0,1.0,1.0,1.0
7cf3f478246b5da6,2021.10.05.08.11.15_veh-50_00437_00585,True,1.0,1.0,0.6226146849751483,1.0,1.0,1.0,0.8427561187396452
5637be8d44bd5bd7,2021.10.05.06.57.40_veh-50_00665_00857,True,1.0,1.0,0.7030886410184882,1.0,1.0,1.0,0.8762869337577035
2d65a078c6c853d8,2021.10.05.06.57.40_veh-50_00665_00857,True,1.0,1.0,0.8174803752365892,1.0,1.0,1.0,0.9239501563485789
04a38d645dcf50dc,2021.10.05.06.57.40_veh-50_00665_00857,True,1.0,1.0,0.7393201072912616,1.0,1.0,1.0,0.8913833780380257
21e596857bc35237,2021.07.24.22.52.16_veh-35_03236_04096,True,1.0,1.0,0.7413953905211703,1.0,1.0,1.0,0.8922480793838209
7df2c62221af5666,2021.10.05.04.03.05_veh-50_01466_01790,True,1.0,1.0,1.0,1.0,1.0,1.0,1.0
26b1a287d3ee5c58,2021.08.24.18.07.48_veh-45_01504_01722,True,1.0,1.0,1.0,1.0,1.0,1.0,1.0
0e5b4a0b2bde5d2f,2021.10.05.07.38.12_veh-50_01085_01463,True,1.0,1.0,0.7624780192663216,1.0,1.0,1.0,0.901032508027634
ee44c67008cc56ce,2021.10.05.08.11.15_veh-50_00163_00321,True,1.0,1.0,0.7622336123704336,1.0,1.0,1.0,0.900930671821014
fd1f0f656dbe5b8e,2021.10.05.06.31.40_veh-52_00734_01305,True,1.0,1.0,1.0,1.0,1.0,1.0,1.0
363a0d5629945fe2,2021.08.24.18.30.46_veh-08_02327_02583,True,1.0,1.0,0.8490306947703659,1.0,1.0,1.0,0.9370961228209858
625e743792325941,2021.08.24.19.30.33_veh-45_01391_01523,True,1.0,1.0,1.0,1.0,1.0,1.0,1.0
fd23b08914635213,2021.10.05.06.31.40_veh-52_01598_02013,True,1.0,1.0,0.7548346630079998,1.0,1.0,1.0,0.8978477762533332
f2ed06ab753f5797,2021.06.07.13.53.57_veh-35_02489_03145,True,1.0,1.0,1.0,1.0,1.0,1.0,1.0
886433702a2e5cf4,2021.10.05.07.10.04_veh-52_00689_01322,True,1.0,1.0,0.7179816385065317,1.0,1.0,1.0,0.8824923493777215
d27e9372971d5fcf,2021.06.07.19.29.59_veh-38_01025_01274,True,1.0,1.0,1.0,1.0,1.0,1.0,1.0
23918f82a81b57bb,2021.09.14.16.46.51_veh-45_02322_02510,True,1.0,1.0,0.6119425876781058,1.0,1.0,1.0,0.8383094115325441
044fa8b8af8d5903,2021.08.31.16.37.21_veh-40_01405_01642,True,1.0,1.0,0.6978908678673367,1.0,1.0,1.0,0.8741211949447236
26d4e1afc49f5e8b,2021.06.08.12.54.54_veh-26_02323_02479,True,1.0,1.0,1.0,1.0,1.0,1.0,1.0
b82503f002da5dc9,2021.06.07.17.46.49_veh-35_02607_03120,True,1.0,1.0,1.0,1.0,1.0,1.0,1.0
938e31bfeff150ec,2021.09.14.18.43.41_veh-45_00965_01195,True,1.0,1.0,0.9520891435960998,1.0,1.0,1.0,0.9800371431650415
afc7f0bb67925332,2021.10.05.06.24.06_veh-50_00021_00383,True,1.0,1.0,0.4947189862725742,1.0,1.0,1.0,0.7894662442802393
fca06f5c741c5eb6,2021.10.05.04.03.05_veh-50_01003_01426,True,1.0,1.0,0.47880494454670797,1.0,1.0,1.0,0.7828353935611284
a3775099ec0b5545,2021.10.05.06.24.06_veh-50_01311_01409,True,1.0,1.0,1.0,1.0,1.0,1.0,1.0
2ad9ffaaca95581f,2021.08.31.11.47.30_veh-40_01362_01737,True,1.0,1.0,0.7173871975583327,1.0,1.0,1.0,0.8822446656493054
ace35de46e4e59b7,2021.08.31.18.15.54_veh-40_00579_00980,True,1.0,1.0,0.8161021041195556,1.0,1.0,1.0,0.9233758767164816
3cf09b26adb75a3a,2021.06.07.13.53.57_veh-35_01772_02032,True,1.0,1.0,0.9523248210203972,0.0,1.0,1.0,0.5634686754251655
24e5a3d6c87e5863,2021.06.07.19.43.00_veh-35_02298_02525,True,1.0,1.0,0.7157203286276699,1.0,1.0,1.0,0.8815501369281957
adfe782c830952e6,2021.07.24.16.48.51_veh-17_00016_00166,True,1.0,1.0,1.0,1.0,1.0,1.0,1.0
fad3b25206405469,2021.10.05.07.10.04_veh-52_00689_01322,True,1.0,1.0,0.8662309499538405,1.0,1.0,1.0,0.9442628958141003
e3b93ebec6c15950,2021.08.31.18.15.54_veh-40_00579_00980,True,0.0,1.0,0.0,0.0,1.0,1.0,0.0
c8142d68e89c5602,2021.10.05.04.03.05_veh-50_00365_00493,True,1.0,1.0,0.5468532547582436,1.0,1.0,1.0,0.8111888561492681
97070ed0c4f25e55,2021.10.05.06.57.40_veh-50_00025_00261,True,1.0,1.0,1.0,1.0,1.0,1.0,1.0
352ab8c9f7945a79,2021.10.05.06.31.40_veh-52_00734_01305,True,1.0,0.0,0.0,1.0,1.0,1.0,0.0
6ab7c51e8fc358d9,2021.06.08.14.35.24_veh-26_01989_02235,True,1.0,1.0,0.9227960029131252,1.0,1.0,1.0,0.9678316678804689
c9e11eac8d3b5b20,2021.06.08.17.25.03_veh-35_03522_03716,True,1.0,1.0,1.0,1.0,1.0,1.0,1.0
68fae416c55e51ec,2021.08.24.15.09.18_veh-45_00216_00862,True,1.0,1.0,0.8439868043637454,1.0,1.0,1.0,0.9349945018182272
ada4bd96b21350f3,2021.06.08.14.35.24_veh-26_02555_03004,True,1.0,1.0,1.0,1.0,1.0,1.0,1.0
dfaf7f0318b25029,2021.08.24.20.03.01_veh-45_00171_00238,True,1.0,1.0,1.0,1.0,1.0,0.5,1.0
2383b702d816580c,2021.06.08.14.14.51_veh-35_00893_01188,True,1.0,1.0,1.0,1.0,1.0,1.0,1.0
a98ae7114d51555f,2021.10.05.07.10.04_veh-52_01442_01802,True,1.0,1.0,0.6819335954557543,1.0,1.0,0.0,0.8674723314398977
d7b7bf4bee1a566b,2021.09.14.16.46.51_veh-45_00149_00900,True,1.0,1.0,0.8060548929878618,1.0,1.0,1.0,0.9191895387449424
61e741cf72e35dc6,2021.07.24.22.52.16_veh-35_03236_04096,True,1.0,1.0,0.8659291912514859,1.0,1.0,0.0,0.9441371630214525
a9333edd47f25ba7,2021.08.31.12.54.56_veh-40_00305_00667,True,1.0,1.0,0.8409581410174223,1.0,1.0,1.0,0.9337325587572592
59680cd2d2d55252,2021.08.31.11.47.30_veh-40_00393_00847,True,1.0,1.0,1.0,1.0,1.0,1.0,1.0
2109265abe425ec9,2021.10.05.08.11.15_veh-50_00163_00321,True,1.0,1.0,0.7502056246004472,1.0,1.0,1.0,0.8959190102501863
1d90666831825ecb,2021.08.31.11.47.30_veh-40_00393_00847,True,1.0,1.0,1.0,1.0,1.0,1.0,1.0
6ed309c0285c514d,2021.08.31.14.01.15_veh-40_00692_00977,True,1.0,1.0,0.7181252782734333,1.0,1.0,1.0,0.8825521992805972
b3eba680ed925ff0,2021.10.05.08.11.15_veh-50_00163_00321,True,1.0,1.0,0.7226857565193823,1.0,1.0,1.0,0.8844523985497427
2f5c186cb3f951f3,2021.08.31.18.15.54_veh-40_01143_01496,True,1.0,1.0,0.6834219049298783,1.0,1.0,1.0,0.8680924603874492
78e325e7b2e05ea1,2021.06.08.18.18.30_veh-38_05578_05988,True,1.0,1.0,0.7321647096963063,1.0,1.0,1.0,0.8884019623734609
0f57bec6ecc95f91,2021.10.05.07.38.12_veh-50_01477_01565,True,1.0,1.0,0.8416611414397552,1.0,1.0,1.0,0.9340254755998979
5c62daecead15772,2021.08.31.14.01.15_veh-40_01576_01714,True,1.0,1.0,0.9299311207264078,1.0,1.0,1.0,0.9708046336360033
4c18120606d25974,2021.10.05.06.31.40_veh-52_01598_02013,True,1.0,1.0,0.6071249117170413,1.0,1.0,1.0,0.8363020465487673
84ef65c059ee52a9,2021.10.05.06.57.40_veh-50_00940_01105,True,1.0,1.0,0.6812684511297402,1.0,1.0,1.0,0.867195187970725
789e232068ba52fa,2021.08.31.12.21.30_veh-40_00661_00762,True,1.0,1.0,1.0,1.0,1.0,1.0,1.0
23864433956d54af,2021.06.08.18.18.30_veh-38_05578_05988,True,1.0,1.0,0.6160578025358724,1.0,1.0,1.0,0.8400240843899468
872380f71a9f5c73,2021.08.31.14.01.15_veh-40_01576_01714,True,1.0,1.0,1.0,1.0,1.0,1.0,1.0
c7d20bed29e95a90,2021.10.05.07.49.39_veh-52_00770_00905,True,1.0,1.0,1.0,1.0,1.0,1.0,1.0
ad50d798cf59571f,2021.10.05.07.10.04_veh-52_01442_01802,True,1.0,1.0,0.5593526962706031,1.0,1.0,1.0,0.8163969567794179
a4a766b344875757,2021.10.05.07.10.04_veh-52_00252_00406,True,1.0,1.0,0.7219936860927549,1.0,1.0,1.0,0.8841640358719812
77d5531dc41d5c8b,2021.06.08.14.14.51_veh-35_00893_01188,True,1.0,1.0,1.0,0.0,1.0,1.0,0.5833333333333334
596d777da0925d8a,2021.10.05.04.03.05_veh-50_01003_01426,True,1.0,0.0,0.0,1.0,1.0,1.0,0.0
d3499663de5c59b3,2021.09.14.20.42.30_veh-45_00805_01078,True,1.0,1.0,0.9236983202701978,1.0,1.0,1.0,0.9682076334459158
eb1e478c881d5da3,2021.08.31.13.27.52_veh-40_00869_01319,True,1.0,1.0,0.7853732487392052,1.0,1.0,1.0,0.9105721869746688
9a7d04c64d1f5a77,2021.08.24.14.35.46_veh-45_00549_00693,True,1.0,1.0,0.9239384639264692,1.0,1.0,1.0,0.9683076933026955
08420e71635550ac,2021.06.07.19.29.59_veh-38_00474_00922,True,1.0,1.0,0.7675693687456103,1.0,1.0,1.0,0.9031539036440043
993e21a30ca559ff,2021.10.05.06.31.40_veh-52_01316_01565,True,1.0,1.0,0.602435435612083,1.0,1.0,1.0,0.8343480981717013
51d4a8a8ffb85133,2021.09.14.16.46.51_veh-45_02322_02510,True,1.0,1.0,1.0,1.0,1.0,1.0,1.0
53adc99c616d5b83,2021.06.08.12.00.19_veh-35_01722_02119,True,1.0,1.0,0.8363135299815131,0.0,1.0,1.0,0.5151306374922971
ee7a802e5d34585d,2021.10.05.07.49.39_veh-52_00934_01406,True,1.0,1.0,0.7853872180485403,1.0,1.0,1.0,0.9105780075202251
6308410a7cef5bfb,2021.06.08.12.00.19_veh-35_02135_02369,True,1.0,1.0,1.0,1.0,1.0,1.0,1.0
9e80d268826757c5,2021.06.08.14.14.51_veh-35_00893_01188,True,1.0,1.0,0.9491587982826901,1.0,1.0,1.0,0.9788161659511209
83bb2e00de6956e6,2021.08.09.17.55.59_veh-28_00320_00544,True,1.0,1.0,0.9203810868897028,1.0,1.0,1.0,0.9668254528707095
3d3b17caebe25f80,2021.08.09.17.55.59_veh-28_00320_00544,True,1.0,1.0,0.7994600398374173,1.0,1.0,1.0,0.9164416832655906
377b974a6905533e,2021.10.05.04.38.41_veh-50_00753_00956,True,1.0,1.0,0.7604085528665585,1.0,1.0,1.0,0.900170230361066
6eb85083d1c95494,2021.08.31.12.21.30_veh-40_00056_00155,True,1.0,0.0,0.0,1.0,1.0,1.0,0.0
0fc1c792f12157d0,2021.10.05.07.10.04_veh-52_00689_01322,True,1.0,1.0,0.6314575579480792,1.0,1.0,1.0,0.846440649145033
e72e7211e40c5b1b,2021.08.09.18.37.41_veh-28_00053_00548,True,1.0,1.0,0.8983610511117794,1.0,1.0,1.0,0.9576504379632415
3de82268b34e5310,2021.07.24.23.50.16_veh-17_01696_02071,True,1.0,1.0,1.0,1.0,1.0,1.0,1.0
b07390a222305aad,2021.10.05.04.03.05_veh-50_01466_01790,True,1.0,1.0,1.0,1.0,1.0,0.5,1.0
5a1543a3893f51b8,2021.06.07.17.46.49_veh-35_02607_03120,True,1.0,1.0,0.8999092870094975,1.0,1.0,1.0,0.9582955362539574
f097e5e720ff5a7f,2021.08.24.18.07.48_veh-45_01504_01722,True,1.0,1.0,0.8248146881033196,1.0,1.0,1.0,0.9270061200430498
9242a16049085855,2021.10.05.06.24.06_veh-50_00717_01300,True,1.0,1.0,0.8184295515364106,1.0,1.0,1.0,0.9243456464735044
dba24b57245b5137,2021.08.24.20.03.01_veh-45_00463_00588,True,1.0,1.0,0.7882750578948488,1.0,1.0,0.0,0.9117812741228537
e71d4ca6ec425cb7,2021.06.08.14.36.49_veh-38_00312_00694,True,1.0,1.0,0.7645492522870571,1.0,1.0,1.0,0.9018955217862737
a17344259513584e,2021.10.05.06.31.40_veh-52_01316_01565,True,1.0,1.0,0.7384478961967194,1.0,1.0,1.0,0.8910199567486331
c46c3d5a0c5b521f,2021.08.24.17.34.27_veh-45_01478_01553,True,1.0,1.0,1.0,1.0,1.0,1.0,1.0
1b6f7936b9bb5e19,2021.08.31.16.37.21_veh-40_00798_00955,True,1.0,1.0,0.8255050038960524,1.0,1.0,1.0,0.9272937516233553
a0f17c458d3f598d,2021.10.05.06.24.06_veh-50_01311_01409,True,1.0,1.0,0.6601141795738016,1.0,1.0,1.0,0.8583809081557506
f457d7a93ed55606,2021.09.14.18.43.41_veh-45_00965_01195,True,1.0,1.0,1.0,1.0,1.0,1.0,1.0
cb85c2c58c385933,2021.10.05.08.11.15_veh-50_01222_01462,True,1.0,1.0,0.6872515105732356,1.0,1.0,1.0,0.8696881294055148
0e3ec6ec067d525d,2021.06.07.17.46.49_veh-35_02607_03120,True,1.0,1.0,0.9107143380710169,1.0,1.0,1.0,0.9627976408629237
9d110f0ce7ff5618,2021.10.05.06.24.06_veh-50_01311_01409,True,1.0,1.0,0.8428384392311511,1.0,1.0,1.0,0.934516016346313
15d8d1a0e0b8517f,2021.10.05.04.03.05_veh-50_01466_01790,True,1.0,1.0,1.0,1.0,1.0,1.0,1.0
2e105a7619eb5d8f,2021.06.08.12.00.19_veh-35_05235_05578,True,1.0,1.0,0.9445941047879922,1.0,1.0,1.0,0.97691421032833
bb1d6402706250fd,2021.06.07.13.53.57_veh-35_02489_03145,True,1.0,1.0,1.0,1.0,1.0,1.0,1.0
3527b47fceb752fd,2021.06.08.12.00.19_veh-35_05235_05578,True,1.0,1.0,0.8780669675021151,1.0,1.0,1.0,0.949194569792548
a8b2b1145c4e5d7f,2021.06.08.14.14.51_veh-35_01508_01763,True,1.0,1.0,0.8500048838010819,1.0,1.0,1.0,0.9375020349171175
8bc34517e08758ff,2021.10.05.07.10.04_veh-52_01442_01802,True,1.0,1.0,0.6292510232682561,1.0,1.0,1.0,0.8455212596951066
be3a1ee560c353d3,2021.10.05.08.11.15_veh-50_00163_00321,True,1.0,1.0,0.831504852265134,1.0,1.0,1.0,0.9297936884438057
2722bfd70f20556c,2021.08.31.14.40.58_veh-40_00467_00668,True,1.0,1.0,1.0,1.0,1.0,1.0,1.0
d4d22fb9003c5a2d,2021.06.08.14.14.51_veh-35_01508_01763,True,1.0,1.0,1.0,1.0,1.0,1.0,1.0
1ecf5228549358e1,2021.06.07.17.46.49_veh-35_02607_03120,True,1.0,1.0,0.8943416185026241,1.0,1.0,1.0,0.9559756743760933
b154b241752f58c8,2021.08.24.18.07.48_veh-45_00203_00300,True,1.0,1.0,1.0,1.0,1.0,1.0,1.0
c16897b134dc5c30,2021.08.09.17.55.59_veh-28_00691_00876,True,1.0,1.0,0.9984690070004667,1.0,1.0,1.0,0.9993620862501945
1657554fc5445eb6,2021.06.08.12.00.19_veh-35_05235_05578,True,1.0,1.0,0.6654921578532418,1.0,1.0,1.0,0.8606217324388507
7689f1515e1a5309,2021.08.31.16.37.21_veh-40_00429_00541,True,0.0,1.0,0.0,0.0,1.0,1.0,0.0
885becb4c9bf5f42,2021.10.05.08.11.15_veh-50_00970_01211,True,1.0,1.0,0.8320228041662752,1.0,1.0,1.0,0.930009501735948
f30d57eef4465a97,2021.10.05.07.10.04_veh-52_00689_01322,True,1.0,1.0,0.7750713788979933,1.0,1.0,1.0,0.9062797412074972
de31770cc22857d4,2021.08.24.17.01.06_veh-45_00228_00689,True,1.0,1.0,0.85111364847631,0.0,1.0,1.0,0.5212973535317958
1806b298ab5d5fe0,2021.07.24.23.50.16_veh-17_01696_02071,True,1.0,1.0,0.8109503344492477,1.0,1.0,1.0,0.9212293060205199
015173513fc25684,2021.10.05.08.11.15_veh-50_00437_00585,True,1.0,1.0,0.7325274280239628,1.0,1.0,1.0,0.8885530950099844
9e371752c2975207,2021.06.08.12.54.54_veh-26_00733_00983,True,1.0,1.0,0.4815979849302112,1.0,1.0,1.0,0.7839991603875879
097c0f17c76259f0,2021.09.14.18.43.41_veh-45_02503_03013,True,1.0,1.0,0.8403995331457806,1.0,1.0,1.0,0.9334998054774086
b475f23c5c0d5d11,2021.08.31.12.21.30_veh-40_00248_00367,True,1.0,1.0,1.0,0.0,1.0,1.0,0.5833333333333334
21c35cdef548546a,2021.10.05.07.10.04_veh-52_01442_01802,True,1.0,1.0,0.6680579663141668,1.0,1.0,1.0,0.8616908192975695
4ada1b823c6b5701,2021.10.05.04.03.05_veh-50_01466_01790,True,1.0,1.0,0.9709901499246515,1.0,1.0,1.0,0.9879125624686047
9f9228987c2652dd,2021.10.05.06.24.06_veh-50_00021_00383,True,1.0,1.0,0.5885788239630636,1.0,1.0,1.0,0.8285745099846098
8a9a5ab59dcd51d7,2021.08.31.14.01.15_veh-40_01576_01714,True,1.0,1.0,0.9272967244712347,1.0,1.0,1.0,0.9697069685296812
73932f5fd9d35372,2021.10.05.07.10.04_veh-52_01442_01802,True,1.0,1.0,0.8925969990382151,1.0,1.0,1.0,0.9552487495992562
72e180d4d8105ae7,2021.08.31.16.37.21_veh-40_00798_00955,True,1.0,1.0,1.0,1.0,1.0,1.0,1.0
c4b39f732e8d5545,2021.06.07.17.46.49_veh-35_04839_05184,True,1.0,1.0,1.0,1.0,1.0,1.0,1.0
7793c1b1c89d53bf,2021.08.24.17.37.11_veh-08_02359_02623,True,1.0,1.0,0.8432802998467286,1.0,1.0,1.0,0.934700124936137
ac3e9bd6d66359f8,2021.06.08.12.00.19_veh-35_03451_03644,True,1.0,1.0,0.8388448758640067,1.0,1.0,1.0,0.9328520316100027
1cb43da268ad593f,2021.10.05.06.31.40_veh-52_00005_00342,True,1.0,0.0,0.0,1.0,1.0,0.5,0.0
12272a297b415343,2021.10.05.07.38.12_veh-50_01085_01463,True,1.0,1.0,0.7477935097020901,1.0,1.0,1.0,0.8949139623758708
d092a6c8f4825e18,2021.08.31.14.40.58_veh-40_00285_00456,True,1.0,1.0,1.0,1.0,1.0,1.0,1.0
f7d672ad5579566e,2021.08.31.18.15.54_veh-40_00579_00980,True,1.0,1.0,0.8881154810660871,1.0,1.0,1.0,0.953381450444203
1120e76a6a5a5e91,2021.08.31.13.27.52_veh-40_00688_00750,True,1.0,1.0,1.0,1.0,1.0,1.0,1.0
8e2fd252b25b5d76,2021.08.31.13.27.52_veh-40_00186_00414,True,1.0,1.0,1.0,1.0,1.0,1.0,1.0
ac0d4854cfc2500b,2021.10.05.04.03.05_veh-50_01466_01790,True,1.0,1.0,0.9097485386752178,1.0,1.0,1.0,0.9623952244480073
e3bdfd18dc085450,2021.08.31.11.47.30_veh-40_00393_00847,True,1.0,1.0,1.0,1.0,1.0,1.0,1.0
11d0fddaaa0e53a3,2021.10.05.06.24.06_veh-50_00431_00527,True,1.0,1.0,0.7516279266839753,1.0,1.0,1.0,0.8965116361183231
0c07703cdc5c538f,2021.10.05.07.38.12_veh-50_01085_01463,True,1.0,0.0,0.0,1.0,1.0,1.0,0.0
2145d1475ea95029,2021.10.05.04.03.05_veh-50_01003_01426,True,1.0,1.0,0.7279024629271558,1.0,1.0,1.0,0.8866260262196483
ce5c18417a3f5725,2021.10.05.06.57.40_veh-50_00665_00857,True,1.0,1.0,0.6788515781585961,1.0,1.0,1.0,0.8661881575660817
3146eb6b02075890,2021.08.31.11.47.30_veh-40_01362_01737,True,1.0,1.0,0.7086672323435153,1.0,1.0,1.0,0.878611346809798
fc688912b8a859b0,2021.08.31.14.40.58_veh-40_00679_00892,True,1.0,1.0,0.8630810293697543,1.0,1.0,1.0,0.9429504289040643
80ae25adcd1c5975,2021.06.08.12.00.19_veh-35_04422_04725,True,1.0,1.0,0.8643869812763759,1.0,1.0,1.0,0.9434945755318234
fd32f64dd086586c,2021.08.31.14.40.58_veh-40_01268_01618,True,1.0,1.0,0.7344160661982944,1.0,1.0,1.0,0.8893400275826226
42c09d5152cd52c2,2021.10.05.06.31.40_veh-52_01316_01565,True,1.0,1.0,0.770645773400937,1.0,1.0,1.0,0.9044357389170571
aba36a1434e0524b,2021.10.05.06.57.40_veh-50_01493_01624,True,1.0,1.0,0.7828979614267859,1.0,1.0,1.0,0.9095408172611608
4dbdb4689de9562f,2021.08.31.18.15.54_veh-40_01143_01496,True,1.0,1.0,0.8238442278733756,1.0,1.0,1.0,0.9266017616139065
d6491a1d9f2c530c,2021.10.05.04.03.05_veh-50_01003_01426,True,1.0,1.0,1.0,1.0,1.0,1.0,1.0
ca31b7933f8256e2,2021.08.31.14.01.15_veh-40_01576_01714,True,1.0,1.0,0.7408074986243732,1.0,1.0,1.0,0.8920031244268222
19068c380ce551b8,2021.10.05.07.38.12_veh-50_00245_00433,True,1.0,1.0,0.7840134463626164,1.0,1.0,1.0,0.9100056026510902
519b58b5679c5c28,2021.08.24.18.30.46_veh-08_01674_01850,True,1.0,1.0,0.7816077885747702,1.0,1.0,1.0,0.9090032452394876
b63698e6c67151a9,2021.06.07.18.53.26_veh-26_01208_01412,True,1.0,1.0,0.580505436886084,1.0,1.0,1.0,0.825210598702535
63a18c8e39ec5797,2021.06.08.17.25.03_veh-35_02448_02655,True,1.0,1.0,0.8114170417387337,1.0,1.0,1.0,0.921423767391139
b0983c3a92b25884,2021.06.08.17.25.03_veh-35_03522_03716,True,1.0,1.0,1.0,1.0,1.0,1.0,1.0
1175e2cacacf576a,2021.10.05.06.24.06_veh-50_00717_01300,True,1.0,1.0,0.7096573947446206,1.0,1.0,1.0,0.8790239144769253
0686551eb96b50c9,2021.08.31.13.27.52_veh-40_00186_00414,True,1.0,1.0,0.7837078110791016,1.0,1.0,1.0,0.9098782546162923
df85f781941d506c,2021.10.05.07.49.39_veh-52_00563_00680,True,1.0,0.0,0.0,1.0,1.0,1.0,0.0
58ea0f6fb168578d,2021.08.31.12.54.56_veh-40_00305_00667,True,1.0,1.0,0.9013204024519337,1.0,1.0,1.0,0.958883501021639
a93fc5c35ab75511,2021.08.31.11.47.30_veh-40_01362_01737,True,1.0,1.0,1.0,1.0,1.0,1.0,1.0
3d2dc9ee970b5f7f,2021.10.05.08.11.15_veh-50_00970_01211,True,1.0,1.0,0.7435985429744035,1.0,1.0,1.0,0.8931660595726681
a532f168f9335194,2021.08.24.17.37.11_veh-08_02359_02623,True,1.0,1.0,1.0,1.0,1.0,1.0,1.0
207c31dd2af05b85,2021.09.14.16.46.51_veh-45_02322_02510,True,1.0,1.0,0.6921726514511705,1.0,1.0,1.0,0.871738604771321
c0b6e73347b556c1,2021.08.31.11.47.30_veh-40_01146_01347,True,1.0,1.0,0.5851249506004685,1.0,1.0,1.0,0.8271353960835285
047ad7f2f6025423,2021.10.05.04.03.05_veh-50_00365_00493,True,1.0,1.0,1.0,1.0,1.0,1.0,1.0
c4a7523e8ec45620,2021.06.08.12.00.19_veh-35_05235_05578,True,1.0,1.0,0.9667855940772231,1.0,1.0,1.0,0.986160664198843
1e1bb6eb92ef54c9,2021.08.09.18.37.41_veh-28_00053_00548,True,1.0,1.0,1.0,1.0,1.0,1.0,1.0
a196f492ed435a2e,2021.08.24.17.37.11_veh-08_02359_02623,True,1.0,1.0,0.672181714854216,1.0,1.0,1.0,0.8634090478559232
26c7d824277759fa,2021.08.24.19.30.33_veh-45_01391_01523,True,1.0,0.0,0.0,1.0,1.0,1.0,0.0
ba092177559551a5,2021.10.05.04.38.41_veh-50_00014_00429,True,1.0,1.0,0.6918077175494315,1.0,1.0,1.0,0.8715865489789297
6e39100431375827,2021.09.14.16.46.51_veh-45_00149_00900,True,1.0,1.0,0.675921486386965,1.0,1.0,1.0,0.8649672859945688
60a390c3f03357e5,2021.09.14.18.43.41_veh-45_02503_03013,True,1.0,1.0,0.7321603320170936,1.0,1.0,1.0,0.8884001383404557
c01bef6b54e95af6,2021.06.07.19.29.59_veh-38_00474_00922,True,1.0,1.0,0.5797794726169461,1.0,1.0,1.0,0.8249081135903942
56a7475dfe785a4f,2021.08.24.18.30.46_veh-08_02327_02583,True,1.0,1.0,0.628396159204385,1.0,1.0,1.0,0.8451650663351605
de7fbe0355685d22,2021.08.31.16.37.21_veh-40_01405_01642,True,1.0,1.0,1.0,1.0,1.0,1.0,1.0
2622b63e4b9b5e2f,2021.08.24.14.25.28_veh-42_00333_00472,True,1.0,1.0,0.9723291630679888,1.0,1.0,1.0,0.988470484611662
e00b89b79fb35570,2021.10.05.08.11.15_veh-50_00710_00903,True,1.0,1.0,0.785875897734232,1.0,1.0,1.0,0.91078162405593
6541bf804c245f3b,2021.06.08.14.14.51_veh-35_01508_01763,True,1.0,1.0,0.838290207583637,1.0,1.0,1.0,0.9326209198265154
0028ef192ab551c8,2021.06.08.14.35.24_veh-26_02555_03004,True,1.0,1.0,0.8742795353625007,1.0,1.0,0.0,0.9476164730677086
cbb855cedd1c59cd,2021.06.07.13.53.57_veh-35_02489_03145,True,1.0,1.0,1.0,1.0,1.0,1.0,1.0
869b8d0062b65648,2021.06.07.12.42.11_veh-38_02445_02843,True,1.0,1.0,0.628726271109131,1.0,1.0,1.0,0.8453026129621378
28dcac2ba3a45360,2021.06.08.18.18.30_veh-38_05578_05988,True,1.0,1.0,1.0,1.0,1.0,1.0,1.0
591bc8b041155fca,2021.08.31.11.47.30_veh-40_00393_00847,True,1.0,1.0,0.8488051758697089,1.0,1.0,1.0,0.9370021566123787
8476ee8158c85a67,2021.08.24.15.09.18_veh-45_00216_00862,True,1.0,1.0,1.0,1.0,1.0,1.0,1.0
7d045ced792f563a,2021.08.31.14.01.15_veh-40_01576_01714,True,1.0,1.0,0.9139431179451745,1.0,1.0,1.0,0.9641429658104893
98d953ea9a38569e,2021.10.05.04.38.41_veh-50_00753_00956,True,1.0,1.0,0.759841874899452,1.0,1.0,1.0,0.8999341145414382
29bf83682e3b5496,2021.09.14.19.46.05_veh-45_01937_02119,True,1.0,1.0,0.7887179112753395,1.0,1.0,1.0,0.9119657963647247
ec29487d1ea458f3,2021.06.08.14.35.24_veh-26_01989_02235,True,1.0,1.0,1.0,1.0,1.0,1.0,1.0
3b7e9e06d3635260,2021.10.05.06.24.06_veh-50_00431_00527,True,1.0,1.0,0.7640930285023881,1.0,1.0,1.0,0.9017054285426617
b1c6bdb07963503d,2021.08.31.13.27.52_veh-40_00869_01319,True,1.0,1.0,0.8506446818578502,1.0,1.0,1.0,0.937768617440771
a8f5d05955b65258,2021.10.05.06.31.40_veh-52_01316_01565,True,1.0,1.0,0.8264192560970373,1.0,1.0,1.0,0.9276746900404321
a1a2e4522bdf50bd,2021.08.31.18.15.54_veh-40_00579_00980,True,1.0,1.0,1.0,0.0,1.0,1.0,0.5833333333333334
621f26ec790f5780,2021.10.05.06.31.40_veh-52_00734_01305,True,1.0,1.0,0.7244967072235328,1.0,1.0,1.0,0.8852069613431386
aefda6e60f295c58,2021.10.05.06.24.06_veh-50_00021_00383,True,1.0,1.0,0.7549770648901042,1.0,1.0,1.0,0.8979071103708768
1863f7090a875133,2021.06.07.18.53.26_veh-26_01208_01412,True,1.0,1.0,0.67438561507997,1.0,1.0,1.0,0.8643273396166542
1b7f1a48a9285dc5,2021.09.14.18.43.41_veh-45_02296_02477,True,1.0,1.0,0.6344959486682246,1.0,1.0,1.0,0.8477066452784269
6e381de9de9a5048,2021.08.31.11.47.30_veh-40_00393_00847,True,1.0,1.0,0.9914465621668678,1.0,1.0,1.0,0.9964360675695282
2f14a47a32df5104,2021.07.24.22.52.16_veh-35_03236_04096,True,1.0,1.0,0.4234133971741301,1.0,1.0,1.0,0.7597555821558876
89c7b76196cc51c9,2021.10.05.07.38.12_veh-50_00898_01058,True,1.0,1.0,1.0,1.0,1.0,1.0,1.0
9f9d065b098c5d5d,2021.08.31.18.15.54_veh-40_00335_00568,True,1.0,1.0,0.9074255515660294,1.0,1.0,1.0,0.9614273131525123
655c89b748d2588f,2021.10.05.07.10.04_veh-52_01442_01802,True,1.0,1.0,0.7832984221528526,1.0,1.0,1.0,0.909707675897022
db439b1292395139,2021.06.08.12.54.54_veh-26_02994_03970,True,1.0,1.0,0.7131181309535543,1.0,1.0,1.0,0.8804658878973143
f8388643d5e75bd8,2021.08.31.17.42.52_veh-40_01033_01313,True,1.0,1.0,0.7671912837985702,0.0,1.0,1.0,0.48632970158273753
64bc618e988a529b,2021.10.05.06.24.06_veh-50_00431_00527,True,1.0,1.0,0.6116225649526161,1.0,1.0,1.0,0.8381760687302567
07276bf605e75853,2021.10.05.04.03.05_veh-50_01466_01790,True,1.0,1.0,0.7497469814253086,1.0,1.0,1.0,0.895727908927212
36d51d96c7ab5de7,2021.10.05.08.11.15_veh-50_01222_01462,True,1.0,1.0,1.0,1.0,1.0,1.0,1.0
ac41535715a553ee,2021.06.07.13.53.57_veh-35_02489_03145,True,1.0,1.0,0.5343263714191727,1.0,1.0,1.0,0.8059693214246554
1cfb82a7d0fc5532,2021.09.14.19.46.05_veh-45_01937_02119,True,1.0,1.0,0.9278785654929572,1.0,1.0,1.0,0.9699494022887322
e4326034b329512d,2021.06.07.17.48.02_veh-38_01949_02085,True,1.0,1.0,1.0,1.0,1.0,1.0,1.0
b572be499897512d,2021.09.14.16.46.51_veh-45_00149_00900,True,1.0,1.0,0.7103804434837199,1.0,1.0,0.0,0.8793251847848832
88ebd59062ff5754,2021.08.31.17.42.52_veh-40_01033_01313,True,0.0,1.0,0.0,0.0,1.0,1.0,0.0
4af373236f3555df,2021.08.31.18.15.54_veh-40_01143_01496,True,1.0,1.0,0.7164224909093456,1.0,1.0,1.0,0.8818427045455607
3315880386e45927,2021.06.07.18.53.26_veh-26_00005_00427,True,1.0,1.0,1.0,1.0,1.0,1.0,1.0
3b4fbda417ff5891,2021.10.05.06.57.40_veh-50_01658_01796,True,1.0,1.0,0.7376108634101894,1.0,1.0,1.0,0.890671193087579
8ef5e08cf1235d75,2021.06.08.14.14.51_veh-35_01508_01763,True,1.0,1.0,0.6471489196102314,1.0,1.0,1.0,0.8529787165042629
167a3562466359ad,2021.06.07.19.29.59_veh-38_01025_01274,True,1.0,1.0,1.0,1.0,1.0,1.0,1.0
a2170b8bde99579c,2021.08.24.19.30.33_veh-45_01391_01523,True,1.0,1.0,1.0,1.0,1.0,1.0,1.0
ff29aba314185d7d,2021.10.05.07.49.39_veh-52_00563_00680,True,1.0,0.0,0.0,1.0,1.0,1.0,0.0
d7b8fe0e9a355ef0,2021.10.05.07.10.04_veh-52_01442_01802,True,1.0,1.0,0.7151695372614779,1.0,1.0,1.0,0.8813206405256158
91a9b10d8a1556f9,2021.08.31.18.15.54_veh-40_00038_00199,True,1.0,1.0,1.0,1.0,1.0,1.0,1.0
d229e39ba3485fc7,2021.10.05.06.31.40_veh-52_01598_02013,True,1.0,1.0,0.7994707424737696,1.0,1.0,1.0,0.9164461426974041
f02a92578d3b576c,2021.06.08.12.54.54_veh-26_02323_02479,True,1.0,1.0,1.0,1.0,1.0,1.0,1.0
0128a6a1cccd521b,2021.06.08.12.00.19_veh-35_02988_03160,True,1.0,1.0,0.5822329413237501,1.0,1.0,1.0,0.8259303922182292
5f50007be6c95f4f,2021.09.14.16.46.51_veh-45_00149_00900,True,1.0,1.0,1.0,1.0,1.0,1.0,1.0
5c777795899850ee,2021.08.31.14.40.58_veh-40_01022_01255,True,1.0,1.0,0.8414396636963847,1.0,1.0,1.0,0.933933193206827
c2b3bc5cf2965fb9,2021.06.07.13.53.57_veh-35_01772_02032,True,1.0,1.0,0.9629901125089377,0.0,1.0,1.0,0.5679125468787241
d825238b909650dc,2021.10.05.06.57.40_veh-50_00665_00857,True,1.0,1.0,0.7045126756287499,1.0,1.0,1.0,0.876880281511979
e051ec8b2dd75dfb,2021.10.05.06.24.06_veh-50_00717_01300,True,1.0,1.0,0.6316218799250041,1.0,1.0,1.0,0.8465091166354184
963d9c4050035d7f,2021.09.14.16.46.51_veh-45_00149_00900,True,1.0,1.0,0.7651999656990165,1.0,1.0,1.0,0.9021666523745902
6fc0531e8ef45896,2021.08.31.17.42.52_veh-40_01551_01684,True,1.0,1.0,0.8102994152308365,1.0,1.0,1.0,0.9209580896795152
b83febab595f5a91,2021.08.31.18.15.54_veh-40_00579_00980,True,1.0,1.0,0.8997880050780858,1.0,1.0,1.0,0.958245002115869
4c98b2a043075bf0,2021.10.05.08.11.15_veh-50_00163_00321,True,1.0,1.0,0.6951814536889229,1.0,1.0,1.0,0.8729922723703846
17fd5a6413785978,2021.10.05.06.57.40_veh-50_00665_00857,True,1.0,1.0,1.0,1.0,1.0,1.0,1.0
0f2b1ab7c34a5b6c,2021.08.31.12.21.30_veh-40_00378_00527,True,1.0,1.0,0.9297229706739824,1.0,1.0,1.0,0.9707179044474926
dad4c437f59a5c9c,2021.08.24.17.34.27_veh-45_01478_01553,True,1.0,1.0,0.9965109031307895,1.0,1.0,1.0,0.998546209637829
f645b55c406c5aaa,2021.10.05.08.11.15_veh-50_00970_01211,True,1.0,1.0,0.9569437703879949,1.0,1.0,1.0,0.9820599043283312
4d7fa90bd2805dc6,2021.09.14.16.46.51_veh-45_00149_00900,True,1.0,1.0,0.7063407672023706,1.0,1.0,1.0,0.8776419863343211
f7403964981a57c9,2021.08.24.19.30.33_veh-45_00290_00484,True,1.0,1.0,0.9079145232877355,1.0,1.0,1.0,0.9616310513698898
00b8bd5be55f53bf,2021.08.31.17.42.52_veh-40_01033_01313,True,1.0,1.0,0.7821587098317849,1.0,1.0,1.0,0.9092327957632437
90dad22b21dc5a70,2021.10.05.06.24.06_veh-50_00717_01300,True,1.0,1.0,0.6689832181248021,1.0,1.0,1.0,0.8620763408853342
82e367c7c7905afe,2021.10.05.06.24.06_veh-50_00717_01300,True,1.0,1.0,0.6494083858540693,1.0,1.0,1.0,0.853920160772529
b9148d958ae35f13,2021.10.05.08.11.15_veh-50_00360_00426,True,1.0,1.0,0.7481612918087112,1.0,1.0,1.0,0.8950672049202963
627d9fcb765c5d99,2021.08.31.14.01.15_veh-40_00692_00977,True,1.0,1.0,0.8966592525568456,1.0,1.0,1.0,0.9569413552320191
06c1c428eea05b6c,2021.08.24.18.30.46_veh-08_02327_02583,True,1.0,1.0,0.9994509707174262,1.0,1.0,1.0,0.9997712377989275
