token,log_name,valid,no_at_fault_collisions,drivable_area_compliance,ego_progress,time_to_collision_within_bound,comfort,driving_direction_compliance,score
54ced13f54d45595,2021.06.08.14.36.49_veh-38_00312_00694,True,1.0,1.0,0.910580686138811,1.0,1.0,1.0,0.9627419525578379
b182afe96eff545c,2021.07.24.16.48.51_veh-17_00016_00166,True,1.0,1.0,1.0,1.0,1.0,1.0,1.0
0ef905cf005e5c7f,2021.08.31.16.37.21_veh-40_01405_01642,True,1.0,1.0,1.0,1.0,1.0,1.0,1.0
9f95591656ee5812,2021.10.05.08.11.15_veh-50_01222_01462,True,1.0,1.0,0.7617143440855589,1.0,1.0,1.0,0.9007143100356495
92a43114965e51d3,2021.10.05.06.31.40_veh-52_01598_02013,True,1.0,1.0,0.7946164058338229,1.0,1.0,1.0,0.9144235024307595
e42e17021b6c5858,2021.10.05.04.38.41_veh-50_00014_00429,True,1.0,0.0,0.0,1.0,1.0,1.0,0.0
b3bdd63efe975f38,2021.08.31.14.01.15_veh-40_01109_01272,True,1.0,1.0,0.7186303706513547,1.0,1.0,1.0,0.8827626544380646
470ab3110a5757c7,2021.08.24.18.30.46_veh-08_02327_02583,True,1.0,1.0,0.7800404765400488,0.0,1.0,1.0,0.491683531891687
e07dd506081d5425,2021.08.31.14.40.58_veh-40_01268_01618,True,1.0,0.0,0.0,1.0,1.0,1.0,0.0
3dccebdee98856ee,2021.06.08.12.00.19_veh-35_01722_02119,True,1.0,1.0,0.7733753942540307,1.0,1.0,1.0,0.9055730809391794
1d85930e7376508a,2021.08.31.17.42.52_veh-40_01551_01684,True,1.0,1.0,0.8115738203717311,1.0,1.0,1.0,0.9214890918215546
adf6a0ecacc45696,2021.08.31.18.15.54_veh-40_00038_00199,True,1.0,1.0,0.8082812535365216,1.0,1.0,1.0,0.9201171889735505
731e22bc1e3b5a41,2021.06.07.17.46.49_veh-35_04084_04828,True,1.0,1.0,0.8353059832760372,1.0,1.0,1.0,0.9313774930316822
77edc0205ac65692,2021.08.09.18.37.41_veh-28_00648_00730,True,1.0,1.0,0.8382246262561958,1.0,1.0,1.0,0.9325935942734148
e1c6c9ba74a95bdc,2021.10.05.04.03.05_veh-50_01466_01790,True,1.0,1.0,0.7650888620017201,1.0,1.0,1.0,0.9021203591673834
4c2af538879b5d13,2021.10.05.06.57.40_veh-50_00940_01105,True,1.0,1.0,0.6996912942066563,1.0,1.0,1.0,0.8748713725861069
ab080d6f31a95fd9,2021.09.14.18.43.41_veh-45_00965_01195,True,1.0,1.0,1.0,1.0,1.0,0.0,1.0
032941ef393256e3,2021.06.08.18.18.30_veh-38_06017_06142,True,1.0,1.0,1.0,1.0,1.0,1.0,1.0
6f287e91cad05354,2021.10.05.07.10.04_veh-52_01442_01802,True,1.0,0.0,0.0,1.0,1.0,1.0,0.0
ec7718f1c67652b9,2021.09.14.20.42.30_veh-45_00805_01078,True,1.0,1.0,0.8233617649807429,1.0,1.0,1.0,0.9264007354086429
17a6c1ad7a4a5307,2021.08.24.18.07.48_veh-45_00873_01142,True,1.0,1.0,1.0,1.0,1.0,1.0,1.0
d28a454763915647,2021.10.05.04.38.41_veh-50_00753_00956,True,1.0,1.0,0.5813934134575292,1.0,1.0,1.0,0.8255805889406371
baff7f685ac254f2,2021.10.05.04.03.05_veh-50_01466_01790,True,1.0,1.0,0.7724098410641027,1.0,1.0,1.0,0.9051707671100427
184ab6d6981057fb,2021.08.24.15.09.18_veh-45_00216_00862,True,1.0,1.0,0.537414823080713,1.0,1.0,1.0,0.8072561762836304
a1815765a5385deb,2021.06.08.16.31.33_veh-38_00015_00262,True,1.0,1.0,0.8442157356833878,1.0,1.0,1.0,0.9350898898680783
9bc425de3f665d0b,2021.10.05.04.03.05_veh-50_01466_01790,True,1.0,1.0,1.0,1.0,1.0,0.5,1.0
a94dd3f3e4bc5704,2021.10.05.07.38.12_veh-50_01477_01565,True,1.0,1.0,0.8768523633072065,1.0,1.0,1.0,0.948688484711336
f5542cfd729a51ff,2021.10.05.07.10.04_veh-52_01442_01802,True,1.0,1.0,0.7883110745814801,1.0,1.0,1.0,0.9117962810756167
71aae8e35d425bbc,2021.10.05.08.11.15_veh-50_01222_01462,True,1.0,1.0,0.6518244614293446,1.0,1.0,1.0,0.8549268589288935
82b2cf83f12a5ad5,2021.08.24.18.07.48_veh-45_00203_00300,True,1.0,0.0,0.0,1.0,1.0,1.0,0.0
9f9bbaf95e055a2a,2021.08.31.11.47.30_veh-40_01362_01737,True,1.0,1.0,1.0,1.0,1.0,1.0,1.0
53992d7f47f15953,2021.10.05.04.03.05_veh-50_00058_00321,True,1.0,1.0,1.0,1.0,1.0,1.0,1.0
8411dac2708451e4,2021.10.05.07.10.04_veh-52_00689_01322,True,1.0,1.0,0.8182105151305954,1.0,1.0,1.0,0.9242543813044147
4d6608189ed25ba1,2021.07.24.22.52.16_veh-35_03236_04096,True,1.0,1.0,1.0,1.0,1.0,1.0,1.0
689ff77454a553d9,2021.09.14.20.42.30_veh-45_01603_01670,True,1.0,0.0,0.0,1.0,1.0,1.0,0.0
10b9238d48f9544f,2021.10.05.08.11.15_veh-50_01566_01801,True,1.0,1.0,0.6820634087356781,1.0,1.0,1.0,0.8675264203065325
dd20852b1c355e6a,2021.06.08.18.59.48_veh-12_03122_03677,True,1.0,1.0,0.7745855558817317,1.0,1.0,1.0,0.9060773149507216
91be2e4cb3915919,2021.10.05.08.11.15_veh-50_00970_01211,True,1.0,1.0,0.7693782703830235,1.0,1.0,1.0,0.9039076126595932
6e207b0d231e5938,2021.08.31.18.15.54_veh-40_00579_00980,True,1.0,1.0,0.9891891318282058,1.0,1.0,1.0,0.9954954715950857
937334709b785322,2021.07.24.20.37.45_veh-17_00015_00375,True,1.0,1.0,0.9291122592237544,1.0,1.0,1.0,0.9704634413432309
0bb733fc337a5f65,2021.08.24.17.01.06_veh-45_00228_00689,True,1.0,1.0,1.0,1.0,1.0,1.0,1.0
239e12f7f56e50d3,2021.10.05.04.38.41_veh-50_00576_00721,True,1.0,1.0,0.6438061590737255,1.0,1.0,1.0,0.8515858996140523
f11c5b71dae55523,2021.08.24.15.09.18_veh-45_00216_00862,True,1.0,1.0,0.7874797070132167,1.0,1.0,1.0,0.9114498779221737
bb736ed0f39553dd,2021.08.09.18.37.41_veh-28_00053_00548,True,1.0,1.0,0.8481693991454092,1.0,1.0,1.0,0.9367372496439206
9d0d8d531e41554b,2021.10.05.07.10.04_veh-52_00689_01322,True,1.0,1.0,0.5527454282991073,1.0,1.0,1.0,0.8136439284579614
b4a0da658c685578,2021.10.05.08.11.15_veh-50_01566_01801,True,1.0,1.0,0.7043923594681588,1.0,1.0,1.0,0.8768301497783995
2ec53f79469e5740,2021.09.14.20.42.30_veh-45_00464_00579,True,1.0,1.0,1.0,1.0,1.0,1.0,1.0
4f757b95aa595fa4,2021.08.09.17.55.59_veh-28_00021_00307,True,1.0,1.0,0.9318216369672075,1.0,1.0,0.5,0.9715923487363365
c030ff964c67571f,2021.10.05.04.38.41_veh-50_00753_00956,True,1.0,1.0,0.7769184680140159,1.0,1.0,1.0,0.9070493616725065
d190a31e2eb252e7,2021.10.05.07.49.39_veh-52_01417_01574,True,1.0,1.0,0.6689929903638012,1.0,1.0,1.0,0.8620804126515837
31b656c9c3f85b98,2021.10.05.06.24.06_veh-50_01566_01672,True,1.0,1.0,0.713815503926593,1.0,1.0,1.0,0.8807564599694139
93145dcb3f7850f8,2021.10.05.07.38.12_veh-50_01085_01463,True,1.0,1.0,0.7428698524011768,1.0,1.0,1.0,0.8928624385004903
51d6d4d77d215f8d,2021.06.08.16.31.33_veh-38_01589_02072,True,1.0,1.0,0.6422464722082515,1.0,1.0,1.0,0.8509360300867715
2daab49ffa5d5619,2021.06.07.13.53.57_veh-35_02489_03145,True,1.0,1.0,0.7660150357361947,1.0,1.0,1.0,0.9025062648900811
cb38e518669d5d32,2021.10.05.06.24.06_veh-50_00717_01300,True,1.0,1.0,0.6426975058880936,1.0,1.0,1.0,0.8511239607867056
2a044369ef015235,2021.10.05.04.38.41_veh-50_00753_00956,True,1.0,1.0,0.8221888504433812,1.0,1.0,1.0,0.9259120210180756
5d13617968835cc0,2021.09.14.18.43.41_veh-45_02503_03013,True,1.0,1.0,1.0,1.0,1.0,1.0,1.0
2bebeab7bbc25b4a,2021.10.05.04.03.05_veh-50_01466_01790,True,1.0,1.0,0.6829115498542712,1.0,1.0,1.0,0.8678798124392797
e24b4c3cb017574b,2021.08.24.15.09.18_veh-45_00216_00862,True,1.0,1.0,0.9167420865771879,1.0,1.0,1.0,0.965309202740495
cf5cb314cea05c3a,2021.10.05.08.11.15_veh-50_00163_00321,True,1.0,1.0,0.7430073773110152,1.0,1.0,1.0,0.8929197405462563
fd001651bdef58e6,2021.10.05.07.10.04_veh-52_00252_00406,True,1.0,1.0,0.7077278508815952,1.0,1.0,1.0,0.8782199378673313
e05e3f8b701155f0,2021.10.05.04.03.05_veh-50_01466_01790,True,1.0,1.0,0.7292473343519827,1.0,1.0,1.0,0.8871863893133262
1c8da5542b095640,2021.08.31.18.15.54_veh-40_01143_01496,True,1.0,1.0,0.7340861972239128,1.0,1.0,1.0,0.8892025821766304
cee30e7273de52ee,2021.10.05.08.11.15_veh-50_01566_01801,True,1.0,1.0,0.8005080986233611,1.0,1.0,1.0,0.9168783744264005
89fcf2337e5c56c0,2021.10.05.04.38.41_veh-50_00576_00721,True,1.0,1.0,0.973462500263522,1.0,1.0,1.0,0.9889427084431341
f9c259cb771a515b,2021.06.07.12.54.00_veh-35_01843_02314,True,1.0,1.0,0.785287476580008,1.0,1.0,1.0,0.9105364485750034
e1b5440064b05517,2021.10.05.07.10.04_veh-52_01442_01802,True,1.0,0.0,0.0,0.0,1.0,1.0,0.0
3de452c5a98a5faf,2021.08.09.17.55.59_veh-28_00691_00876,True,1.0,1.0,1.0,1.0,1.0,1.0,1.0
a844aaa2349954d4,2021.06.08.12.54.54_veh-26_02994_03970,True,1.0,1.0,0.6861417172047717,1.0,1.0,1.0,0.8692257155019881
7623dd6cbc29535c,2021.10.05.06.57.40_veh-50_00025_00261,True,1.0,1.0,0.6531886042282729,1.0,1.0,1.0,0.8554952517617803
0c72d4ae48025f5b,2021.10.05.07.49.39_veh-52_00934_01406,True,1.0,1.0,0.7570337978513891,1.0,1.0,1.0,0.8987640824380788
ed717de405885939,2021.10.05.06.57.40_veh-50_01131_01452,True,1.0,1.0,0.686134052897642,1.0,1.0,1.0,0.8692225220406842
63cd86d73bbb5341,2021.08.31.18.15.54_veh-40_00038_00199,True,1.0,1.0,1.0,1.0,1.0,0.5,1.0
fea6ee4da44b5ff4,2021.08.31.18.15.54_veh-40_00038_00199,True,1.0,1.0,0.7165191946222997,1.0,1.0,1.0,0.8818829977592916
4f0a0a61bdaa5a59,2021.06.07.12.54.00_veh-35_01843_02314,True,1.0,1.0,1.0,1.0,1.0,1.0,1.0
c839df573acb5c23,2021.10.05.08.11.15_veh-50_00970_01211,True,1.0,1.0,1.0,1.0,1.0,1.0,1.0
d02a1007dacf5c5b,2021.08.24.15.09.18_veh-45_00216_00862,True,1.0,1.0,0.8474024966085956,1.0,1.0,1.0,0.9364177069202482
a8de42d07c155977,2021.10.05.07.10.04_veh-52_01442_01802,True,1.0,0.0,0.0,1.0,1.0,1.0,0.0
b86e9934259c5750,2021.06.08.12.00.19_veh-35_02988_03160,True,1.0,1.0,1.0,1.0,1.0,1.0,1.0
9b2ecd661f315d8c,2021.06.07.17.46.49_veh-35_04084_04828,True,1.0,1.0,1.0,1.0,1.0,1.0,1.0
e7d800c5ad005d4f,2021.10.05.06.24.06_veh-50_00717_01300,True,1.0,1.0,1.0,1.0,1.0,1.0,1.0
2373a681d51152cd,2021.10.05.04.03.05_veh-50_00536_00637,True,1.0,1.0,1.0,1.0,1.0,1.0,1.0
539012f770025700,2021.10.05.06.24.06_veh-50_00717_01300,True,1.0,1.0,0.7375807709064987,1.0,1.0,1.0,0.8906586545443744
ae7fd428f27e5940,2021.08.24.17.34.27_veh-45_01478_01553,True,1.0,1.0,1.0,1.0,1.0,1.0,1.0
bbdb02d553cc5ac0,2021.08.31.16.37.21_veh-40_01405_01642,True,1.0,1.0,1.0,1.0,1.0,1.0,1.0
f25336c1cdab5340,2021.10.05.06.31.40_veh-52_01316_01565,True,1.0,1.0,0.531119340023784,1.0,1.0,1.0,0.8046330583432434
faa042f84c4f585a,2021.06.08.14.35.24_veh-26_02555_03004,True,1.0,1.0,1.0,1.0,1.0,1.0,1.0
6acb54acea165d44,2021.09.14.18.43.41_veh-45_02503_03013,True,0.0,1.0,0.0,0.0,1.0,1.0,0.0
634ab85be74b5e51,2021.09.14.16.46.51_veh-45_02322_02510,True,1.0,1.0,1.0,1.0,1.0,1.0,1.0
f32a311d997051ab,2021.10.05.04.03.05_veh-50_01003_01426,True,1.0,1.0,0.6035701785100946,1.0,1.0,1.0,0.8348209077125395
c50a4014ad575f2e,2021.08.09.18.37.41_veh-28_00648_00730,True,1.0,1.0,0.8908324684736573,1.0,1.0,1.0,0.9545135285306906
0016245ac3705a33,2021.10.05.04.38.41_veh-50_00014_00429,True,1.0,1.0,0.588137709814404,1.0,1.0,0.5,0.8283907124226685
882656f118175ccc,2021.10.05.07.49.39_veh-52_00934_01406,True,1.0,1.0,0.7224763272974153,1.0,1.0,1.0,0.884365136373923
504cf746181a5cad,2021.06.07.17.46.49_veh-35_02607_03120,True,1.0,1.0,1.0,1.0,1.0,1.0,1.0
d8b5107ffc9855ee,2021.10.05.06.57.40_veh-50_00665_00857,True,1.0,1.0,1.0,1.0,1.0,1.0,1.0
5dc0881f21425457,2021.08.24.17.34.27_veh-45_01478_01553,True,1.0,1.0,1.0,1.0,1.0,1.0,1.0
c0e018420a2359b3,2021.10.05.07.49.39_veh-52_00770_00905,True,1.0,1.0,0.8969050041307282,1.0,1.0,1.0,0.9570437517211369
7a1c5a77b98e59fe,2021.07.24.20.37.45_veh-17_00015_00375,True,1.0,1.0,0.9357636085660918,1.0,1.0,1.0,0.9732348369025382
f04b0860aafc5f6e,2021.07.24.16.48.51_veh-17_00016_00166,True,1.0,1.0,0.9076746223861688,1.0,1.0,1.0,0.9615310926609038
ee01d7acbb0e579f,2021.06.07.13.53.57_veh-35_02489_03145,True,1.0,1.0,1.0,1.0,1.0,1.0,1.0
471aaaad906a5dbb,2021.10.05.08.11.15_veh-50_00163_00321,True,1.0,1.0,0.675204619714255,1.0,1.0,1.0,0.8646685915476063
a43bec9517f15f2e,2021.10.05.07.10.04_veh-52_01442_01802,True,1.0,1.0,0.6005636470710787,1.0,1.0,1.0,0.8335681862796162
33c7a46268c25161,2021.06.08.12.54.54_veh-26_02994_03970,True,1.0,1.0,0.8488695872659427,1.0,1.0,1.0,0.9370289946941428
3662eb5849915c3e,2021.06.07.17.46.49_veh-35_04084_04828,True,1.0,1.0,0.48534705346390633,1.0,1.0,1.0,0.7855612722766278
34774cd08c045d92,2021.10.05.04.03.05_veh-50_00058_00321,True,1.0,1.0,1.0,1.0,1.0,1.0,1.0
c889cd1a7cfe58b5,2021.08.31.14.01.15_veh-40_01109_01272,True,1.0,1.0,0.6290715233117885,1.0,1.0,1.0,0.8454464680465786
f7af397e6c435279,2021.10.05.07.38.12_veh-50_01085_01463,True,1.0,1.0,0.782070351542405,1.0,1.0,1.0,0.9091959798093354
309df1ead02c541b,2021.06.08.16.31.33_veh-38_00015_00262,True,1.0,1.0,1.0,1.0,1.0,1.0,1.0
962bee810ab454a1,2021.08.31.18.15.54_veh-40_00579_00980,True,1.0,1.0,0.893037756164886,1.0,1.0,1.0,0.9554323984020359
91e6cce9eb7d5765,2021.09.14.18.43.41_veh-45_02503_03013,True,1.0,1.0,0.7990754521865444,1.0,1.0,1.0,0.9162814384110601
f5a7ede9c47d5943,2021.06.08.12.00.19_veh-35_05235_05578,True,1.0,0.0,0.0,1.0,1.0,1.0,0.0
55d1a5793cda56a1,2021.10.05.04.38.41_veh-50_00014_00429,True,1.0,1.0,0.5528626997274786,1.0,1.0,1.0,0.813692791553116
cd5d543332fb5a0e,2021.10.05.07.38.12_veh-50_00245_00433,True,1.0,1.0,0.8102232822239895,1.0,1.0,1.0,0.9209263675933289
755751098c88566f,2021.10.05.07.10.04_veh-52_01442_01802,True,1.0,1.0,0.6156311767163407,1.0,1.0,1.0,0.8398463236318087
25af32d69e705ab1,2021.09.14.18.43.41_veh-45_00965_01195,True,1.0,0.0,0.0,1.0,1.0,1.0,0.0
4fbc6352545a5c53,2021.06.07.17.46.49_veh-35_02607_03120,True,1.0,1.0,0.547463004007034,1.0,1.0,1.0,0.811442918336264
5607891c1bc058b0,2021.08.31.12.21.30_veh-40_00378_00527,True,1.0,1.0,0.7161770564018128,1.0,1.0,1.0,0.8817404401674219
3dcf57b07b2f51ad,2021.08.31.14.40.58_veh-40_01022_01255,True,1.0,1.0,0.8845747183202044,0.0,1.0,1.0,0.5352394659667518
09460373ac855a25,2021.09.14.16.46.51_veh-45_00149_00900,True,1.0,1.0,0.9163516780230363,1.0,1.0,1.0,0.9651465325095985
4cbc22dc07d450e2,2021.08.31.13.27.52_veh-40_00186_00414,True,1.0,1.0,0.9537653990201922,1.0,1.0,1.0,0.98073558292508
396f063f56245da0,2021.08.24.20.03.01_veh-45_00824_00888,True,1.0,1.0,0.8815117797283629,1.0,1.0,1.0,0.9506299082201513
65e8c145ea255d98,2021.10.05.06.57.40_veh-50_00665_00857,True,1.0,1.0,0.7386689582663845,1.0,1.0,1.0,0.8911120659443269
770cf5148b3353a3,2021.10.05.08.11.15_veh-50_00437_00585,True,1.0,1.0,0.6930609721231415,1.0,1.0,1.0,0.8721087383846423
b579426436f259e9,2021.08.31.18.15.54_veh-40_00038_00199,True,1.0,1.0,0.8807492690359685,1.0,1.0,1.0,0.9503121954316537
19b19b68cd08505b,2021.08.31.12.54.56_veh-40_00305_00667,True,1.0,1.0,0.7893866110313131,1.0,1.0,1.0,0.9122444212630471
046299e85f125329,2021.08.31.18.15.54_veh-40_01143_01496,True,1.0,1.0,0.9360298252875925,1.0,1.0,1.0,0.9733457605364969
090e368c4d205690,2021.10.05.06.57.40_veh-50_00025_00261,True,1.0,1.0,0.6766693992252351,1.0,1.0,1.0,0.8652789163438479
2397d01c9ae6532a,2021.10.05.07.49.39_veh-52_00934_01406,True,1.0,1.0,0.6025633848801024,1.0,1.0,1.0,0.8344014103667093
705a41f6d81c5bf6,2021.06.08.12.54.54_veh-26_00015_00507,True,1.0,1.0,1.0,1.0,1.0,1.0,1.0
de7d5df694bf5c14,2021.06.07.17.46.49_veh-35_02607_03120,True,1.0,1.0,1.0,1.0,1.0,1.0,1.0
e4a10f0be8b75fbe,2021.10.05.04.03.05_veh-50_00648_00744,True,1.0,1.0,0.6954357954291776,1.0,1.0,1.0,0.8730982480954906
e3301b00490756b7,2021.10.05.07.38.12_veh-50_01085_01463,True,1.0,1.0,0.8248101665459118,1.0,1.0,1.0,0.9270042360607965
386931b464115fdf,2021.10.05.08.11.15_veh-50_00360_00426,True,1.0,1.0,1.0,1.0,1.0,1.0,1.0
fb20fa45fb60508c,2021.08.24.15.09.18_veh-45_00216_00862,True,1.0,1.0,0.9415880552534317,1.0,1.0,1.0,0.97566168968893
7c8f4fa830d65d7d,2021.10.05.04.38.41_veh-50_00014_00429,True,1.0,1.0,1.0,1.0,1.0,1.0,1.0
046606c07407555d,2021.09.14.15.03.51_veh-45_00178_00336,True,1.0,1.0,0.8663286581338192,1.0,1.0,1.0,0.9443036075557579
c4d0f149f2b65cbc,2021.10.05.07.49.39_veh-52_00934_01406,True,1.0,1.0,0.7335413216608505,1.0,1.0,1.0,0.888975550692021
11aa90b3ba7b5bfc,2021.08.31.13.27.52_veh-40_00869_01319,True,1.0,1.0,0.8464343330022683,1.0,1.0,1.0,0.9360143054176118
11809845283a5800,2021.10.05.06.31.40_veh-52_01598_02013,True,1.0,1.0,0.6213395007339457,1.0,1.0,1.0,0.8422247919724773
c0b230109883561b,2021.08.31.14.40.58_veh-40_00285_00456,True,1.0,1.0,0.7772674321369115,1.0,1.0,1.0,0.9071947633903799
a61619b0ce745a6d,2021.08.24.20.03.01_veh-45_00687_00787,True,1.0,0.0,0.0,1.0,1.0,1.0,0.0
6e70010c52485289,2021.10.05.08.11.15_veh-50_01222_01462,True,1.0,1.0,0.7688468244304173,1.0,1.0,1.0,0.9036861768460072
7a7ce24858a75cde,2021.06.07.12.54.00_veh-35_01843_02314,True,1.0,1.0,0.6538707147436106,1.0,1.0,1.0,0.8557794644765044
51560d3a0ba05b2b,2021.09.14.16.46.51_veh-45_00149_00900,True,1.0,1.0,0.813411462031582,1.0,1.0,1.0,0.9222547758464925
705b6bc59b7f5c73,2021.08.09.17.55.59_veh-28_00320_00544,True,1.0,1.0,0.6949721099402828,1.0,1.0,1.0,0.8729050458084512
0683442423e850d2,2021.08.24.18.07.48_veh-45_00873_01142,True,1.0,1.0,0.8318980959930382,1.0,1.0,1.0,0.9299575399970993
0c6dde2a3e23519a,2021.10.05.06.24.06_veh-50_00717_01300,True,1.0,1.0,0.7063511432691805,1.0,1.0,1.0,0.8776463096954918
82323e1eee525b48,2021.10.05.06.31.40_veh-52_00005_00342,True,1.0,1.0,0.6289074817796989,1.0,1.0,1.0,0.8453781174082078
196f73a8a3215b41,2021.10.05.04.03.05_veh-50_01466_01790,True,1.0,1.0,0.6501002789324648,1.0,1.0,1.0,0.8542084495551937
e26f33c1dc1b5ff6,2021.10.05.07.10.04_veh-52_00689_01322,True,1.0,1.0,0.8888829608547553,1.0,1.0,1.0,0.9537012336894813
c845e1c821925515,2021.08.24.17.37.11_veh-08_02359_02623,True,1.0,1.0,1.0,0.0,1.0,1.0,0.5833333333333334
c6cf2d03bc205f27,2021.08.31.16.37.21_veh-40_01405_01642,True,1.0,1.0,0.6382134120641216,1.0,1.0,1.0,0.8492555883600508
4124459df53c50a0,2021.06.08.14.35.24_veh-26_02555_03004,True,1.0,1.0,0.8005787439146116,1.0,1.0,1.0,0.9169078099644216
3dd6906e67e95645,2021.08.24.14.35.46_veh-45_00549_00693,True,1.0,0.0,0.0,1.0,1.0,0.0,0.0
4fefe5a74427573f,2021.10.05.07.49.39_veh-52_01417_01574,True,1.0,1.0,0.644051578838346,1.0,1.0,1.0,0.8516881578493107
f748847a8414501c,2021.08.24.18.30.46_veh-08_02327_02583,True,1.0,1.0,0.9497082806295638,1.0,1.0,1.0,0.9790451169289849
d465a831895b5d1a,2021.10.05.07.38.12_veh-50_01477_01565,True,1.0,1.0,0.874573446096032,1.0,1.0,1.0,0.9477389358733467
41fa43a430135a20,2021.10.05.06.31.40_veh-52_01316_01565,True,1.0,1.0,0.8220459841785221,1.0,1.0,1.0,0.9258524934077176
b2d2e03df992594f,2021.10.05.07.10.04_veh-52_00689_01322,True,1.0,1.0,0.7913213464138806,1.0,1.0,1.0,0.9130505610057836
0d24c1426b495b2d,2021.08.31.12.21.30_veh-40_00378_00527,True,1.0,1.0,0.7991588891684787,1.0,1.0,1.0,0.9163162038201994
e1d0569b1bd15a8e,2021.10.05.08.11.15_veh-50_01566_01801,True,1.0,1.0,0.7518438270433653,1.0,1.0,1.0,0.8966015946014022
9ef680155ba35db1,2021.06.08.17.25.03_veh-35_03522_03716,True,1.0,1.0,1.0,1.0,1.0,1.0,1.0
59c7f5e40f2d598a,2021.10.05.07.38.12_veh-50_01085_01463,True,1.0,1.0,0.7848915230318199,1.0,1.0,1.0,0.910371467929925
aea9b3ae9aed5a56,2021.08.24.20.03.01_veh-45_00021_00143,True,1.0,1.0,0.6380648491496553,1.0,1.0,1.0,0.8491936871456898
661ab446a0975cc4,2021.06.08.14.14.51_veh-35_00893_01188,True,1.0,1.0,0.7204212387605232,1.0,1.0,1.0,0.8835088494835514
40969a8c303e5642,2021.10.05.06.31.40_veh-52_00734_01305,True,1.0,1.0,0.8402451573282035,1.0,1.0,1.0,0.9334354822200849
88b77f97f4305873,2021.10.05.04.03.05_veh-50_01466_01790,True,1.0,1.0,0.8519614200675013,1.0,1.0,1.0,0.938317258361459
554dcf243f3554a3,2021.10.05.07.49.39_veh-52_00934_01406,True,1.0,1.0,0.9878170697684943,1.0,1.0,1.0,0.994923779070206
f7e59bfdca8d5852,2021.07.24.22.52.16_veh-35_03236_04096,True,1.0,1.0,1.0,1.0,1.0,1.0,1.0
3a7a25b1e1ff54b9,2021.10.05.04.38.41_veh-50_00753_00956,True,1.0,1.0,0.9695192782783889,1.0,1.0,1.0,0.9872996992826621
fe568c19d46f59fc,2021.08.09.17.55.59_veh-28_00691_00876,True,1.0,1.0,0.8119237789454711,1.0,1.0,1.0,0.9216349078939463
c215277e896a5f24,2021.10.05.07.38.12_veh-50_01085_01463,True,1.0,1.0,0.8162561812194288,1.0,1.0,1.0,0.9234400755080953
e538c4e2bb155e78,2021.09.14.18.43.41_veh-45_00965_01195,True,1.0,0.0,0.0,1.0,1.0,1.0,0.0
220af2e2cc0a5ff4,2021.10.05.08.11.15_veh-50_00163_00321,True,1.0,1.0,0.7036342548382486,1.0,1.0,1.0,0.8765142728492702
336f384531dc5add,2021.08.31.11.47.30_veh-40_01362_01737,True,1.0,1.0,0.861688350095991,1.0,1.0,1.0,0.9423701458733295
22903ed6b4b45809,2021.10.05.08.11.15_veh-50_00437_00585,True,1.0,1.0,0.6322337717950622,1.0,1.0,1.0,0.846764071581276
6ea45e2432585390,2021.07.24.22.52.16_veh-35_03236_04096,True,1.0,1.0,1.0,1.0,1.0,0.0,1.0
2686fdce9aaa56bf,2021.09.14.16.46.51_veh-45_00149_00900,True,1.0,1.0,0.6409088122660105,1.0,1.0,1.0,0.8503786717775044
528e9669bb985216,2021.10.05.06.57.40_veh-50_01131_01452,True,1.0,1.0,0.6010183606323253,1.0,1.0,1.0,0.8337576502634688
dcfe385d69275f7e,2021.08.31.17.42.52_veh-40_01033_01313,True,1.0,1.0,0.9154527529998564,1.0,1.0,1.0,0.9647719804166068
58d4bc005bb95f41,2021.08.09.17.55.59_veh-28_00691_00876,True,1.0,1.0,0.9273662792204508,1.0,1.0,1.0,0.9697359496751878
d1dfa5629d6c5f24,2021.10.05.04.38.41_veh-50_00014_00429,True,1.0,1.0,0.7980676008441576,1.0,1.0,1.0,0.9158615003517324
ab5f1ee9e06c5428,2021.08.31.14.40.58_veh-40_01268_01618,True,1.0,1.0,0.5242863355307422,1.0,1.0,1.0,0.8017859731378092
48f52aa8772c55cb,2021.10.05.06.57.40_veh-50_01131_01452,True,1.0,1.0,0.6909749634649186,1.0,1.0,1.0,0.8712395681103828
d8555416d16f5108,2021.06.08.12.54.54_veh-26_00015_00507,True,1.0,1.0,0.7897732746949352,1.0,1.0,1.0,0.9124055311228897
1502b4f8c03f5308,2021.08.24.14.35.46_veh-45_00549_00693,True,1.0,1.0,0.7479168045899635,1.0,1.0,1.0,0.8949653352458181
5ba15da16cce532f,2021.10.05.06.31.40_veh-52_01316_01565,True,1.0,1.0,0.7990349554685178,1.0,1.0,1.0,0.9162645647785491
b34591e9a27b5e08,2021.10.05.07.10.04_veh-52_00418_00563,True,1.0,1.0,0.7528442122300104,1.0,1.0,1.0,0.8970184217625045
dab5b3ca9f4252c2,2021.10.05.06.24.06_veh-50_01566_01672,True,1.0,1.0,0.7429698714679533,1.0,1.0,1.0,0.8929041131116472
52fd8953ae73502c,2021.10.05.06.24.06_veh-50_00021_00383,True,1.0,1.0,0.5936883426717648,1.0,1.0,1.0,0.8307034761132354
298baac3700e5c91,2021.07.24.22.52.16_veh-35_03236_04096,True,1.0,1.0,1.0,1.0,1.0,1.0,1.0
65e25396e94a5cab,2021.08.31.13.27.52_veh-40_01330_01491,True,1.0,1.0,0.7977033230519894,1.0,1.0,1.0,0.9157097179383289
a3c3be01bd675b41,2021.10.05.07.49.39_veh-52_01417_01574,True,1.0,1.0,0.5041479736673082,1.0,1.0,1.0,0.7933949890280451
b3851efe744855b3,2021.07.24.22.52.16_veh-35_03236_04096,True,1.0,1.0,0.867559207123376,1.0,1.0,1.0,0.9448163363014066
57765be79e7b5b58,2021.10.05.06.31.40_veh-52_00734_01305,True,1.0,1.0,1.0,0.0,1.0,1.0,0.5833333333333334
57116f14db515207,2021.08.31.13.27.52_veh-40_00869_01319,True,1.0,1.0,1.0,1.0,1.0,1.0,1.0
b7bc3c0b135457bc,2021.08.24.14.35.46_veh-45_00011_00162,True,1.0,0.0,0.0,1.0,1.0,1.0,0.0
5854840a32a0551a,2021.08.31.14.40.58_veh-40_01268_01618,True,1.0,1.0,0.9015893797950623,1.0,1.0,1.0,0.9589955749146094
f6a1af381b475e50,2021.10.05.06.24.06_veh-50_00717_01300,True,1.0,1.0,0.7249686358016556,1.0,1.0,1.0,0.8854035982506897
2a9f89f170c3520e,2021.10.05.04.03.05_veh-50_01466_01790,True,1.0,1.0,1.0,1.0,1.0,0.5,1.0
4cf1aecb06d556e1,2021.08.31.11.47.30_veh-40_00393_00847,True,1.0,1.0,1.0,1.0,1.0,1.0,1.0
43787161833d5f71,2021.06.08.14.36.49_veh-38_00312_00694,True,1.0,1.0,0.8247959194232498,1.0,1.0,1.0,0.9269982997596875
bfae578a865e5a3f,2021.06.08.12.00.19_veh-35_05235_05578,True,1.0,1.0,1.0,1.0,1.0,1.0,1.0
c1034e90603a52e9,2021.06.08.17.25.03_veh-35_02448_02655,True,1.0,1.0,1.0,1.0,1.0,1.0,1.0
b9ea70b896ae5c11,2021.09.14.16.46.51_veh-45_00149_00900,True,1.0,1.0,0.6283927470600611,1.0,1.0,1.0,0.8451636446083587
e63519408deb5931,2021.07.24.23.50.16_veh-17_01696_02071,True,1.0,1.0,1.0,1.0,1.0,1.0,1.0
7a6dbadce1c35a8d,2021.09.14.18.43.41_veh-45_02296_02477,True,1.0,1.0,0.6566014132665605,1.0,1.0,1.0,0.8569172555277337
01f7d38e9c2f5111,2021.08.31.11.47.30_veh-40_01146_01347,True,1.0,1.0,0.486292224069388,1.0,1.0,0.0,0.785955093362245
ea1b384960385984,2021.07.24.16.48.51_veh-17_00016_00166,True,1.0,1.0,1.0,1.0,1.0,1.0,1.0
15b83e8b315b54e8,2021.08.31.12.21.30_veh-40_00248_00367,True,1.0,1.0,1.0,0.0,1.0,1.0,0.5833333333333334
6885271ccf50530a,2021.09.14.16.46.51_veh-45_02322_02510,True,1.0,1.0,0.8217004484265329,1.0,1.0,1.0,0.9257085201777221
7adafc88579357a6,2021.10.05.06.24.06_veh-50_00717_01300,True,1.0,1.0,0.5855678952783144,1.0,1.0,1.0,0.8273199563659643
bc98b5e7f4c9582a,2021.06.08.16.31.33_veh-38_01589_02072,True,1.0,1.0,1.0,1.0,1.0,0.5,1.0
a5733ac394a553bb,2021.06.08.19.16.23_veh-26_00973_01139,True,1.0,1.0,0.738523769542762,1.0,1.0,1.0,0.8910515706428175
d8dec08f065d551f,2021.08.31.18.15.54_veh-40_01143_01496,True,1.0,1.0,0.6723004150289744,1.0,1.0,1.0,0.8634585062620728
b671bff4f0885977,2021.10.05.06.31.40_veh-52_01598_02013,True,1.0,1.0,0.746596412232059,1.0,1.0,1.0,0.8944151717633578
d1091971b52751c8,2021.10.05.07.49.39_veh-52_00934_01406,True,1.0,1.0,0.8180965166043992,1.0,1.0,1.0,0.9242068819184995
bcb0464c132759cf,2021.10.05.06.57.40_veh-50_00665_00857,True,1.0,1.0,0.7345848784814855,1.0,1.0,1.0,0.8894103660339523
c122cc148fe25ae7,2021.06.07.17.46.49_veh-35_02607_03120,True,1.0,1.0,0.9950940918635602,1.0,1.0,1.0,0.9979558716098168
49b408038b445768,2021.10.05.07.38.12_veh-50_01085_01463,True,1.0,0.0,0.0,1.0,1.0,1.0,0.0
6009dcd0adba5c57,2021.08.31.12.21.30_veh-40_00538_00638,True,1.0,1.0,0.6278565487988065,1.0,1.0,1.0,0.8449402286661694
03ec8c9b74a45c14,2021.10.05.07.38.12_veh-50_01477_01565,True,1.0,0.0,0.0,1.0,1.0,0.5,0.0
fbd0f7ff133b5ef4,2021.10.05.06.31.40_veh-52_00005_00342,True,1.0,1.0,0.7376245672544428,1.0,1.0,1.0,0.8906769030226845
6e5e2d80ec915e15,2021.09.14.16.46.51_veh-45_00149_00900,True,1.0,1.0,0.8827497847479598,1.0,1.0,1.0,0.9511457436449833
4f4db1a7f4af5836,2021.06.07.17.46.49_veh-35_02607_03120,True,1.0,1.0,0.8631207991077375,1.0,1.0,1.0,0.942966999628224
32acded506385aed,2021.06.07.13.53.57_veh-35_02489_03145,True,1.0,1.0,1.0,1.0,1.0,1.0,1.0
7110b9e42a8a5ff7,2021.10.05.06.31.40_veh-52_01598_02013,True,1.0,1.0,0.7658141646738525,1.0,1.0,1.0,0.9024225686141052
00060e3599d05532,2021.10.05.06.57.40_veh-50_00485_00624,True,1.0,1.0,0.7581114363170487,1.0,1.0,1.0,0.8992130984654368
8ae56117004f5fc2,2021.06.08.12.00.19_veh-35_01722_02119,True,1.0,1.0,0.8822936953178305,1.0,1.0,1.0,0.9509557063824294
beecf9a787245ed2,2021.08.09.18.37.41_veh-28_00053_00548,True,1.0,1.0,1.0,1.0,1.0,1.0,1.0
cb837daf21ec5741,2021.10.05.04.38.41_veh-50_00576_00721,True,1.0,1.0,0.6635408111916437,1.0,1.0,1.0,0.8598086713298515
9d779c2882da51b6,2021.08.24.18.30.46_veh-08_02327_02583,True,1.0,0.0,0.0,1.0,1.0,1.0,0.0
dcfd0093cf8f55a9,2021.08.24.17.01.06_veh-45_00228_00689,True,1.0,1.0,1.0,1.0,1.0,1.0,1.0
fb96820d6ac75590,2021.08.24.20.03.01_veh-45_00824_00888,True,1.0,1.0,1.0,1.0,1.0,1.0,1.0
fc6c6696cecd53a4,2021.06.08.12.00.19_veh-35_03655_03792,True,1.0,1.0,0.8425913383218028,1.0,1.0,1.0,0.9344130576340844
c1381fbccb87508c,2021.10.05.07.38.12_veh-50_01085_01463,True,1.0,1.0,0.6877264660536756,1.0,1.0,1.0,0.8698860275223649
8d01189ae3605da4,2021.06.08.14.35.24_veh-26_02555_03004,True,1.0,1.0,1.0,1.0,1.0,1.0,1.0
7b295437163c5ad5,2021.10.05.06.24.06_veh-50_00717_01300,True,1.0,1.0,0.64245279680719,1.0,1.0,1.0,0.8510219986696624
71c69f0fa88b5938,2021.06.08.12.00.19_veh-35_05235_05578,True,1.0,1.0,1.0,1.0,1.0,1.0,1.0
c634c2c7d2405547,2021.08.09.17.55.59_veh-28_01065_01167,True,1.0,1.0,1.0,1.0,1.0,1.0,1.0
e26a38577f9052a1,2021.08.24.17.37.11_veh-08_02359_02623,True,1.0,1.0,0.9347671207078023,1.0,1.0,1.0,0.972819633628251
f2e7cd9a0f5f576c,2021.10.05.07.49.39_veh-52_00563_00680,True,1.0,1.0,0.718840476346384,1.0,1.0,1.0,0.88285019847766
7c137ad91d7e57a9,2021.08.31.14.40.58_veh-40_01268_01618,True,1.0,1.0,0.834082001730755,1.0,1.0,1.0,0.9308675007211479
b02cfc4684ed58a1,2021.08.09.17.55.59_veh-28_00691_00876,True,1.0,1.0,0.8094547805574908,1.0,1.0,1.0,0.9206061585656212
f7a3034f50935dc3,2021.06.08.16.31.33_veh-38_01589_02072,True,1.0,1.0,0.8007268973647258,1.0,1.0,1.0,0.9169695405686357
7fce2be5ba195bdd,2021.07.24.23.50.16_veh-17_01696_02071,True,1.0,1.0,1.0,1.0,1.0,1.0,1.0
90818274e7a55895,2021.10.05.04.03.05_veh-50_01466_01790,True,1.0,1.0,0.7819530908251504,1.0,1.0,1.0,0.909147121177146
c5ca672c6f2051ba,2021.08.31.14.40.58_veh-40_00679_00892,True,1.0,1.0,1.0,1.0,1.0,1.0,1.0
a89648b4784955ae,2021.08.31.16.37.21_veh-40_00554_00733,True,1.0,1.0,1.0,1.0,1.0,1.0,1.0
8063f504239450dc,2021.06.08.12.54.54_veh-26_00733_00983,True,1.0,1.0,1.0,1.0,1.0,1.0,1.0
cb61af732abb5e73,2021.09.14.18.43.41_veh-45_00965_01195,True,1.0,1.0,0.8837055732480423,1.0,1.0,1.0,0.9515439888533509
0cf0749ed5235a88,2021.06.07.19.29.59_veh-38_01025_01274,True,1.0,1.0,1.0,1.0,1.0,1.0,1.0
808b561741b554f4,2021.08.31.12.54.56_veh-40_00305_00667,True,1.0,1.0,0.8345341549584068,1.0,1.0,1.0,0.9310558978993363
b7c375395d165da9,2021.08.31.14.40.58_veh-40_00285_00456,True,1.0,1.0,0.6787828006766312,1.0,1.0,1.0,0.8661595002819297
99ad24c608165502,2021.10.05.06.24.06_veh-50_00717_01300,True,1.0,1.0,0.7943909053657991,1.0,1.0,1.0,0.9143295439024163
a1a19416515c5b12,2021.06.07.13.53.57_veh-35_02489_03145,True,1.0,1.0,0.6588402280174449,1.0,1.0,1.0,0.8578500950072687
746510746df95282,2021.06.07.19.29.59_veh-38_00474_00922,True,1.0,1.0,0.7767837152395638,1.0,1.0,1.0,0.9069932146831515
39435337f84251c7,2021.08.24.19.30.33_veh-45_01391_01523,True,1.0,1.0,0.6782513164253201,1.0,1.0,1.0,0.8659380485105501
f07ff21b8cb952e8,2021.08.31.12.21.30_veh-40_00248_00367,True,1.0,1.0,0.7289217458716166,1.0,1.0,1.0,0.8870507274465069
c1a6f950058d566d,2021.08.31.18.15.54_veh-40_01143_01496,True,1.0,1.0,0.7300121609256331,1.0,1.0,1.0,0.8875050670523471
4191ec565e2d58cd,2021.10.05.06.31.40_veh-52_00465_00713,True,1.0,1.0,1.0,1.0,1.0,1.0,1.0
1c44ea85120f5ec7,2021.08.24.20.03.01_veh-45_00824_00888,True,1.0,1.0,0.8999859111822128,1.0,1.0,1.0,0.9583274629925888
6a8c54a137fb57c1,2021.10.05.06.24.06_veh-50_00717_01300,True,1.0,1.0,0.8277034947703856,1.0,1.0,1.0,0.9282097894876608
b49c50e458085400,2021.06.07.19.43.00_veh-35_01782_01986,True,1.0,1.0,1.0,1.0,1.0,1.0,1.0
ef83ff6546ac5d94,2021.09.14.16.46.51_veh-45_00149_00900,True,1.0,1.0,0.7586647100418082,1.0,1.0,1.0,0.8994436291840868
422ab2f2f7f055ad,2021.08.24.18.30.46_veh-08_01674_01850,True,1.0,1.0,0.7876011355610114,1.0,1.0,1.0,0.9115004731504214
16952ed01ce95300,2021.08.09.18.37.41_veh-28_00053_00548,True,1.0,1.0,0.9451783364166916,1.0,1.0,1.0,0.9771576401736214
7cbe66ece5de5d91,2021.08.24.17.01.06_veh-45_01557_01681,True,1.0,0.0,0.0,1.0,1.0,1.0,0.0
5e8f4a85b7a75041,2021.08.24.18.07.48_veh-45_01504_01722,True,1.0,1.0,0.8556547269544061,1.0,1.0,1.0,0.9398561362310026
89a8f53bae185c01,2021.06.07.13.53.57_veh-35_01772_02032,True,1.0,1.0,1.0,1.0,1.0,1.0,1.0
7e93d72a20d951cf,2021.10.05.04.03.05_veh-50_00365_00493,True,1.0,1.0,1.0,1.0,1.0,1.0,1.0
ebbf325388c35018,2021.06.07.13.53.57_veh-35_02489_03145,True,1.0,1.0,1.0,1.0,1.0,1.0,1.0
fffe19e14bc652b9,2021.08.09.18.37.41_veh-28_00053_00548,True,1.0,1.0,0.8890963816026151,1.0,1.0,1.0,0.9537901590010897
b66764ebd7e45233,2021.08.24.18.30.46_veh-08_02327_02583,True,1.0,1.0,0.9207566713054202,1.0,1.0,1.0,0.9669819463772584
1c22fe795a635121,2021.06.07.13.53.57_veh-35_01772_02032,True,1.0,1.0,0.972877861092575,1.0,1.0,1.0,0.9886991087885729
b2db19e7b4de5f17,2021.10.05.08.11.15_veh-50_00970_01211,True,1.0,1.0,0.7559513654621407,1.0,1.0,1.0,0.8983130689425586
352c11d4c67751c2,2021.06.07.17.48.02_veh-38_01949_02085,True,1.0,1.0,1.0,1.0,1.0,1.0,1.0
e6240ae0b1d75ece,2021.08.31.16.37.21_veh-40_00554_00733,True,1.0,1.0,1.0,1.0,1.0,1.0,1.0
71bb3fa674d05eba,2021.06.07.18.53.26_veh-26_00005_00427,True,1.0,1.0,1.0,1.0,1.0,1.0,1.0
5daeead519a8585d,2021.08.31.16.37.21_veh-40_01247_01379,True,1.0,1.0,0.8557102923450833,1.0,1.0,0.0,0.9398792884771181
39b108ec07fa5ecf,2021.07.24.23.50.16_veh-17_01696_02071,True,1.0,1.0,1.0,1.0,1.0,1.0,1.0
d295cc3d643f5fa8,2021.10.05.08.11.15_veh-50_01222_01462,True,1.0,1.0,1.0,1.0,1.0,0.0,1.0
d4ca03f8465653d0,2021.10.05.07.38.12_veh-50_01085_01463,True,1.0,1.0,0.788398976641467,1.0,1.0,1.0,0.9118329069339447
3081ec3801a05c51,2021.10.05.08.11.15_veh-50_01566_01801,True,1.0,1.0,0.5074329936308416,1.0,1.0,1.0,0.794763747346184
1d41bf824318525f,2021.09.14.18.43.41_veh-45_00965_01195,True,1.0,1.0,1.0,1.0,1.0,0.0,1.0
6b24853f72ad5a35,2021.08.24.15.09.18_veh-45_00216_00862,True,1.0,1.0,0.8980914525205745,1.0,1.0,1.0,0.9575381052169062
7803060499155fd0,2021.08.31.13.27.52_veh-40_00186_00414,True,1.0,1.0,0.6222714184641817,1.0,1.0,1.0,0.8426130910267423
00705468a6b75750,2021.10.05.08.11.15_veh-50_00163_00321,True,1.0,1.0,0.7822629982938283,1.0,1.0,1.0,0.909276249289095
7dcf277f3fb255fd,2021.06.08.14.14.51_veh-35_01508_01763,True,1.0,1.0,0.821409022835087,1.0,1.0,1.0,0.9255870928479529
bb74f000653c5565,2021.08.31.12.21.30_veh-40_00538_00638,True,1.0,1.0,0.7786491276879287,1.0,1.0,1.0,0.9077704698699703
dd99e190ef1358d5,2021.08.31.14.40.58_veh-40_01022_01255,True,1.0,1.0,0.5604866398970653,1.0,1.0,0.0,0.8168694332904439
d6fa0346a65c5ec3,2021.10.05.07.10.04_veh-52_00418_00563,True,1.0,1.0,0.484314214426961,1.0,1.0,1.0,0.7851309226779004
979889238ce55351,2021.08.31.18.15.54_veh-40_00335_00568,True,0.5,0.0,0.0,0.0,1.0,1.0,0.0
310cc4a86f6c58e0,2021.08.09.17.55.59_veh-28_00021_00307,True,1.0,1.0,0.9259675083354734,1.0,1.0,0.5,0.969153128473114
174e9f60a28d5947,2021.10.05.06.31.40_veh-52_01316_01565,True,1.0,1.0,1.0,1.0,1.0,1.0,1.0
e8de73ec105154bd,2021.10.05.06.57.40_veh-50_00485_00624,True,1.0,1.0,0.9973966833528994,1.0,1.0,1.0,0.9989152847303747
c9c30fa5a8825ca9,2021.10.05.06.31.40_veh-52_00734_01305,True,1.0,1.0,0.6803105106845856,1.0,1.0,1.0,0.8667960461185773
369d9d7385485fc9,2021.10.05.08.11.15_veh-50_01566_01801,True,1.0,1.0,0.6810881329775831,1.0,1.0,1.0,0.8671200554073263
d7a3fa63398e5910,2021.08.31.13.27.52_veh-40_01330_01491,True,1.0,1.0,1.0,1.0,1.0,1.0,1.0
8772f982a47456cc,2021.06.07.17.46.49_veh-35_02607_03120,True,1.0,1.0,1.0,1.0,1.0,1.0,1.0
0824dde3a1395fb5,2021.07.24.18.06.35_veh-35_03664_03799,True,1.0,1.0,1.0,1.0,1.0,1.0,1.0
0ca9e1e49003507d,2021.08.31.13.27.52_veh-40_00869_01319,True,1.0,1.0,1.0,1.0,1.0,1.0,1.0
81d8f26e2ed1584c,2021.10.05.07.10.04_veh-52_01442_01802,True,1.0,1.0,0.8477124600874241,1.0,1.0,1.0,0.93654685836976
89aea1f9fc4e5991,2021.06.08.12.54.54_veh-26_04262_04732,True,1.0,1.0,0.7599460706903571,1.0,1.0,1.0,0.8999775294543154
f16b2f8337dc5945,2021.06.08.12.00.19_veh-35_01722_02119,True,1.0,1.0,0.9205207456693902,1.0,1.0,1.0,0.9668836440289126
522f874373fa5a26,2021.10.05.06.57.40_veh-50_00025_00261,True,1.0,1.0,0.7125195827037917,1.0,1.0,1.0,0.8802164927932465
92123d3edf005e66,2021.09.14.18.43.41_veh-45_02503_03013,True,1.0,1.0,0.9235701804516365,1.0,1.0,1.0,0.9681542418548487
3db9e6dfb3a45e85,2021.08.24.18.30.46_veh-08_02327_02583,True,1.0,1.0,0.9756570121773421,1.0,1.0,1.0,0.9898570884072259
1adc63b8822050f1,2021.10.05.07.38.12_veh-50_00132_00234,True,1.0,1.0,0.7778091573557403,1.0,1.0,1.0,0.9074204822315585
f647b4d0b3fc5be1,2021.08.31.13.27.52_veh-40_00869_01319,True,1.0,1.0,0.9265566875086734,1.0,1.0,1.0,0.9693986197952805
31761b44fb575a10,2021.10.05.06.57.40_veh-50_00665_00857,True,1.0,1.0,0.5694642335213265,1.0,1.0,1.0,0.8206100973005528
3f6d991e9f565b22,2021.06.08.14.36.49_veh-38_00312_00694,True,1.0,1.0,0.8832096604585014,1.0,1.0,1.0,0.9513373585243755
6f2b90a1069b554c,2021.08.24.18.30.46_veh-08_01985_02093,True,0.0,1.0,0.0,0.0,1.0,1.0,0.0
3dc32a6af0725b05,2021.07.24.22.52.16_veh-35_03236_04096,True,1.0,1.0,1.0,1.0,1.0,1.0,1.0
50ebd86102b353a7,2021.06.08.12.54.54_veh-26_00015_00507,True,1.0,1.0,0.9283450338467222,1.0,1.0,1.0,0.9701437641028009
1c8c8ddd889f5b0a,2021.09.14.18.43.41_veh-45_01245_01529,True,1.0,1.0,0.7205643319555828,1.0,1.0,1.0,0.8835684716481594
f8eaa92fb16e51fc,2021.07.24.22.52.16_veh-35_03236_04096,True,1.0,1.0,1.0,1.0,1.0,1.0,1.0
cdf72c63ef65563c,2021.06.08.12.54.54_veh-26_00015_00507,True,1.0,1.0,1.0,1.0,1.0,1.0,1.0
d6c146ca093257d1,2021.08.31.14.40.58_veh-40_01022_01255,True,1.0,1.0,1.0,1.0,1.0,0.5,1.0
70404c3471fe5b1b,2021.10.05.07.38.12_veh-50_01085_01463,True,1.0,1.0,0.8212485696577394,1.0,1.0,1.0,0.9255202373573915
bbc3d2b57fef5f35,2021.08.31.11.47.30_veh-40_00393_00847,True,1.0,1.0,0.952649181142214,1.0,1.0,1.0,0.9802704921425892
6b0cb0930fbd5f27,2021.09.14.18.43.41_veh-45_00885_00952,True,1.0,1.0,1.0,1.0,1.0,1.0,1.0
317b907e0f335487,2021.10.05.07.38.12_veh-50_01085_01463,True,1.0,1.0,0.6285084761574493,1.0,1.0,1.0,0.845211865065604
3b2a73c895d6574f,2021.08.24.14.35.46_veh-45_00549_00693,True,1.0,1.0,0.7734263886617168,1.0,1.0,1.0,0.9055943286090486
82ab06340d015706,2021.08.31.12.21.30_veh-40_00538_00638,True,1.0,1.0,0.8308163771343476,1.0,1.0,1.0,0.9295068238059782
b4ab7932b9a757c0,2021.06.07.17.46.49_veh-35_04839_05184,True,1.0,1.0,1.0,1.0,1.0,1.0,1.0
798ae4e7fe30509a,2021.10.05.07.49.39_veh-52_00934_01406,True,1.0,0.0,0.0,1.0,1.0,1.0,0.0
502c3a09873c5bdd,2021.08.24.15.09.18_veh-45_00216_00862,True,1.0,1.0,0.9014202538601787,1.0,1.0,1.0,0.9589251057750744
0d9db69144d15f08,2021.08.31.16.37.21_veh-40_01247_01379,True,1.0,1.0,0.5422705119188257,1.0,1.0,1.0,0.8092793799661774
d3f7777d44e35f24,2021.06.08.17.25.03_veh-35_02448_02655,True,1.0,1.0,0.958929199933899,1.0,1.0,1.0,0.9828871666391246
689babffb25953ed,2021.08.31.12.54.56_veh-40_00725_00909,True,1.0,1.0,0.6480790478316599,1.0,1.0,1.0,0.8533662699298583
25f30d4f06d35119,2021.10.05.04.03.05_veh-50_00536_00637,True,1.0,0.0,0.0,1.0,1.0,1.0,0.0
9a2d2a6ae01e523a,2021.06.08.14.35.24_veh-26_01989_02235,True,1.0,1.0,1.0,1.0,1.0,1.0,1.0
55835b69da375748,2021.08.31.18.15.54_veh-40_00038_00199,True,1.0,1.0,1.0,0.0,1.0,0.5,0.5833333333333334
8431d5104f3455c9,2021.10.05.04.03.05_veh-50_00365_00493,True,1.0,1.0,1.0,1.0,1.0,1.0,1.0
f84024e453fb57e4,2021.10.05.06.57.40_veh-50_01131_01452,True,1.0,0.0,0.0,0.0,1.0,1.0,0.0
d428d5c914d859ea,2021.06.08.18.18.30_veh-38_05578_05988,True,1.0,1.0,1.0,1.0,1.0,1.0,1.0
33a8a4499f4059df,2021.09.14.16.46.51_veh-45_00149_00900,True,1.0,1.0,1.0,1.0,1.0,1.0,1.0
d7ab8347278e516a,2021.09.14.20.42.30_veh-45_00805_01078,True,1.0,1.0,1.0,0.0,1.0,1.0,0.5833333333333334
c4a6e6364c1b5f27,2021.07.24.22.52.16_veh-35_03236_04096,True,1.0,1.0,1.0,1.0,1.0,1.0,1.0
ff81f481d2ad5270,2021.08.31.11.47.30_veh-40_00393_00847,True,1.0,1.0,0.6824340591136514,1.0,1.0,1.0,0.8676808579640215
168457afe0ea5299,2021.08.31.13.27.52_veh-40_01330_01491,True,1.0,1.0,0.8056144425991274,1.0,1.0,1.0,0.9190060177496364
7a06f3473dbc5f19,2021.08.31.14.01.15_veh-40_00407_00497,True,1.0,1.0,0.7334005465841504,1.0,1.0,1.0,0.8889168944100626
b8adc82de5ae50e2,2021.08.31.13.27.52_veh-40_01330_01491,True,1.0,1.0,0.7836272033647732,1.0,1.0,1.0,0.9098446680686555
aecfe3d39819549c,2021.10.05.07.49.39_veh-52_00934_01406,True,1.0,1.0,0.7045656402515311,1.0,1.0,1.0,0.8769023501048047
98e5b6890d0f5828,2021.10.05.08.11.15_veh-50_01566_01801,True,1.0,1.0,0.6187249748240847,1.0,1.0,1.0,0.841135406176702
74bf6d6503a75723,2021.08.31.11.47.30_veh-40_01362_01737,True,1.0,1.0,0.9091921299182689,1.0,1.0,1.0,0.9621633874659453
30a6cff776ef563b,2021.07.24.22.52.16_veh-35_03236_04096,True,1.0,1.0,0.9949186979295851,1.0,1.0,1.0,0.9978827908039939
84653e2b2f095168,2021.08.24.15.09.18_veh-45_00216_00862,True,1.0,1.0,0.9037820883565417,1.0,1.0,1.0,0.9599092034818923
ad48387bb42d5e30,2021.10.05.06.31.40_veh-52_00734_01305,True,1.0,1.0,0.8179518979360599,1.0,1.0,1.0,0.924146624140025
2da67aeba34d548e,2021.06.08.12.00.19_veh-35_02135_02369,True,1.0,1.0,0.8867982737519431,1.0,1.0,1.0,0.9528326140633095
d4bef67fb3d85a72,2021.10.05.04.03.05_veh-50_01466_01790,True,1.0,1.0,0.6983417606625405,1.0,1.0,1.0,0.8743090669427253
72a042eb908456c4,2021.06.08.12.54.54_veh-26_02994_03970,True,1.0,1.0,0.7221140176242511,1.0,1.0,1.0,0.8842141740101046
d3d2e1f595c15eab,2021.08.31.14.40.58_veh-40_01022_01255,True,1.0,1.0,0.7753136115094789,1.0,1.0,1.0,0.906380671462283
accc3c90226251ed,2021.10.05.04.38.41_veh-50_00014_00429,True,1.0,1.0,0.7942111789862181,1.0,1.0,1.0,0.9142546579109242
0695b36d39c75e1d,2021.10.05.07.49.39_veh-52_00563_00680,True,1.0,1.0,0.6957821008160607,1.0,1.0,1.0,0.8732425420066919
c5916c0586bd5bc8,2021.06.07.17.46.49_veh-35_02607_03120,True,1.0,1.0,0.7393902639924903,1.0,1.0,1.0,0.891412609996871
accaa5c04d6953ba,2021.10.05.08.11.15_veh-50_00163_00321,True,1.0,1.0,0.9138947445297436,1.0,1.0,1.0,0.9641228102207265
f726da8164825fa1,2021.10.05.07.10.04_veh-52_00689_01322,True,1.0,1.0,0.7815447385399027,1.0,1.0,1.0,0.9089769743916261
7fd0fb8afe5a55a6,2021.10.05.04.38.41_veh-50_00753_00956,True,1.0,1.0,0.7494970362368342,1.0,1.0,1.0,0.8956237650986809
99631aeb988a569d,2021.06.08.16.31.33_veh-38_00015_00262,True,1.0,1.0,1.0,1.0,1.0,1.0,1.0
833e43f0df0b50c4,2021.10.05.06.24.06_veh-50_00717_01300,True,1.0,1.0,0.6318679562752552,1.0,1.0,1.0,0.846611648448023
ef8f0b7e80615e88,2021.10.05.08.11.15_veh-50_01566_01801,True,1.0,1.0,0.722171470177698,1.0,1.0,1.0,0.884238112574041
d8ea816b0cba507d,2021.08.31.14.40.58_veh-40_00679_00892,True,1.0,1.0,1.0,1.0,1.0,0.0,1.0
5ba6a3b7b52259f2,2021.08.24.19.30.33_veh-45_01391_01523,True,1.0,1.0,1.0,1.0,1.0,1.0,1.0
00bec506fbe7597c,2021.06.08.17.36.50_veh-26_03873_04225,True,1.0,1.0,1.0,1.0,1.0,1.0,1.0
ec2ba5c300635edc,2021.06.07.18.53.26_veh-26_01208_01412,True,1.0,1.0,0.8298254318904013,1.0,1.0,1.0,0.9290939299543339
2f4d937ccb9359c6,2021.10.05.07.10.04_veh-52_00689_01322,True,1.0,1.0,0.8918298508598217,1.0,1.0,1.0,0.9549291045249256
073eb57aa4e1546c,2021.08.31.14.40.58_veh-40_00679_00892,True,1.0,1.0,0.9739271343250262,1.0,1.0,1.0,0.9891363059687609
0dcc7c4298465874,2021.10.05.08.11.15_veh-50_00970_01211,True,1.0,1.0,0.8022267342438129,1.0,1.0,1.0,0.9175944726015887
527ba01efc975cc8,2021.06.07.17.46.49_veh-35_02607_03120,True,1.0,1.0,0.7098542805269307,1.0,1.0,1.0,0.8791059502195545
f418f6ad5e50559b,2021.08.24.20.03.01_veh-45_00269_00428,True,1.0,1.0,0.8945294944425861,1.0,1.0,1.0,0.9560539560177442
a0de9f558af95417,2021.10.05.06.24.06_veh-50_00431_00527,True,1.0,1.0,0.7170720356500112,1.0,1.0,1.0,0.8821133481875046
ceee1351edc152f7,2021.08.31.11.47.30_veh-40_00248_00376,True,1.0,1.0,0.9196480658887454,1.0,1.0,1.0,0.9665200274536438
a127c06c1bcc54c0,2021.08.31.11.47.30_veh-40_00393_00847,True,1.0,1.0,0.9946721935974422,1.0,1.0,1.0,0.997780080665601
6da6635285fa5630,2021.08.24.20.03.01_veh-45_00171_00238,True,1.0,1.0,0.7708292331626118,1.0,1.0,1.0,0.9045121804844216
f0c1c3df9ead5fd6,2021.08.31.17.42.52_veh-40_00389_00526,True,1.0,1.0,1.0,1.0,1.0,1.0,1.0
3d481e42cce653a9,2021.08.31.16.37.21_veh-40_01405_01642,True,1.0,1.0,0.9010255012776789,1.0,1.0,1.0,0.9587606255323662
4cd5bb8cf4fd52fa,2021.06.08.12.54.54_veh-26_00015_00507,True,1.0,1.0,1.0,1.0,1.0,1.0,1.0
3cd7f7b891785a48,2021.08.24.19.30.33_veh-45_01391_01523,True,1.0,1.0,1.0,1.0,1.0,1.0,1.0
173503c1edc85437,2021.06.07.17.46.49_veh-35_02607_03120,True,1.0,1.0,0.9601647732580992,1.0,1.0,1.0,0.9834019888575414
8af92423fc165b93,2021.06.07.18.53.26_veh-26_01208_01412,True,1.0,1.0,0.8209284162047148,1.0,1.0,1.0,0.9253868400852978
2262dc803bd959db,2021.08.09.18.37.41_veh-28_00648_00730,True,1.0,1.0,0.8759528032762376,1.0,1.0,1.0,0.9483136680317656
6b56e8b5a3b05944,2021.08.31.11.47.30_veh-40_01146_01347,True,1.0,0.0,0.0,1.0,1.0,0.0,0.0
648fda3ae08a5a33,2021.08.24.18.07.48_veh-45_00873_01142,True,1.0,1.0,0.7254477763321553,1.0,1.0,1.0,0.8856032401383981
f8b8d91f09615b8c,2021.06.08.17.25.03_veh-35_03522_03716,True,1.0,1.0,1.0,0.0,1.0,1.0,0.5833333333333334
c3feb114d7f95ef4,2021.10.05.06.57.40_veh-50_00485_00624,True,1.0,1.0,0.5219744671751707,1.0,1.0,1.0,0.800822694656321
199d7ff8db945a33,2021.06.08.18.18.30_veh-38_05578_05988,True,1.0,1.0,0.790046399571807,1.0,1.0,1.0,0.9125193331549196
f897eead637451d2,2021.10.05.06.57.40_veh-50_01658_01796,True,1.0,1.0,0.726503102624799,1.0,1.0,1.0,0.8860429594269995
75acc8ebb2a6523b,2021.10.05.06.57.40_veh-50_00025_00261,True,1.0,1.0,0.8781610334201582,1.0,1.0,1.0,0.9492337639250659
c9a8f51734b8566a,2021.10.05.07.49.39_veh-52_01417_01574,True,1.0,1.0,0.805086078721736,1.0,1.0,1.0,0.9187858661340567
8e49b7bddf4f5a15,2021.09.14.20.42.30_veh-45_00805_01078,True,1.0,1.0,1.0,1.0,1.0,1.0,1.0
eba213863a075b4c,2021.10.05.08.11.15_veh-50_01222_01462,True,1.0,1.0,0.579927935052351,1.0,1.0,1.0,0.8249699729384795
537ae20acba557a6,2021.08.31.17.42.52_veh-40_00389_00526,True,1.0,1.0,0.8476891320665308,1.0,1.0,1.0,0.9365371383610546
bf566fb659a555d2,2021.10.05.04.38.41_veh-50_00996_01109,True,1.0,1.0,1.0,1.0,1.0,1.0,1.0
77ded26c7a9654ad,2021.07.24.23.50.16_veh-17_01696_02071,True,1.0,1.0,0.5488298548731817,1.0,1.0,1.0,0.8120124395304923
519885761a2a5a69,2021.10.05.04.03.05_veh-50_00058_00321,True,1.0,1.0,0.9106320764736127,1.0,1.0,1.0,0.9627633651973385
5e438ad32e78552a,2021.08.31.17.42.52_veh-40_01033_01313,True,1.0,1.0,1.0,1.0,1.0,1.0,1.0
ae3ab9cc1e285e4d,2021.06.08.12.00.19_veh-35_01722_02119,True,1.0,1.0,0.8322068628617518,1.0,1.0,1.0,0.9300861928590632
90c2a85ccf585341,2021.08.24.20.03.01_veh-45_00687_00787,True,1.0,1.0,1.0,1.0,1.0,1.0,1.0
8bf4bc736e535e2a,2021.08.31.18.15.54_veh-40_00038_00199,True,1.0,0.0,0.0,1.0,1.0,1.0,0.0
53da93b2332857bd,2021.08.09.17.55.59_veh-28_00691_00876,True,1.0,0.0,0.0,1.0,1.0,1.0,0.0
8596a0410ea753cd,2021.10.05.08.11.15_veh-50_00163_00321,True,1.0,1.0,0.8259237481484742,1.0,1.0,1.0,0.9274682283951976
fd522540ec9b5d12,2021.09.14.16.46.51_veh-45_02322_02510,True,1.0,1.0,1.0,1.0,1.0,1.0,1.0
51c4c97139815d1a,2021.09.14.18.43.41_veh-45_00965_01195,True,1.0,1.0,0.8603583778793057,1.0,1.0,1.0,0.9418159907830441
71c8ce6dcc8e5e40,2021.10.05.04.38.41_veh-50_00753_00956,True,1.0,1.0,0.8079564231085614,1.0,1.0,1.0,0.9199818429619006
3817d4eca2e1557a,2021.06.08.12.00.19_veh-35_03451_03644,True,1.0,1.0,0.7524170393876756,1.0,1.0,1.0,0.8968404330781982
438a8145e6025153,2021.10.05.06.24.06_veh-50_01420_01553,True,1.0,1.0,0.6989217622316776,1.0,1.0,1.0,0.874550734263199
d695b34c71215217,2021.10.05.06.31.40_veh-52_01598_02013,True,1.0,1.0,0.7654174211633614,1.0,1.0,1.0,0.9022572588180672
fc2ed2f866c253d4,2021.08.31.13.27.52_veh-40_01330_01491,True,1.0,1.0,0.7990682516891294,1.0,1.0,1.0,0.916278438203804
2ba922b04f705ac8,2021.07.24.18.06.35_veh-35_03664_03799,True,1.0,1.0,0.8642217680174024,1.0,1.0,1.0,0.9434257366739177
c9ddf1913f325de4,2021.08.31.18.15.54_veh-40_00038_00199,True,1.0,1.0,0.8421518804545312,1.0,1.0,1.0,0.9342299501893879
ab64601e1d305356,2021.10.05.07.38.12_veh-50_00898_01058,True,1.0,1.0,0.9086658255662091,1.0,1.0,1.0,0.9619440939859204
40d181f928905824,2021.08.24.18.30.46_veh-08_01674_01850,True,1.0,1.0,0.7263649443269145,1.0,1.0,1.0,0.8859853934695477
68c5ccd303c65931,2021.06.07.18.53.26_veh-26_00005_00427,True,1.0,1.0,0.9399300022561351,1.0,1.0,1.0,0.9749708342733895
8cffb31aa9bc5f4f,2021.06.08.17.25.03_veh-35_02448_02655,True,1.0,1.0,0.8257577991200701,1.0,1.0,1.0,0.9273990829666959
ae89d236367652eb,2021.08.31.17.42.52_veh-40_01551_01684,True,1.0,1.0,0.8273098184796995,1.0,1.0,1.0,0.9280457576998747
315e77baaba657ef,2021.06.08.14.36.49_veh-38_00312_00694,True,1.0,1.0,1.0,1.0,1.0,1.0,1.0
f9a3f1194ecf5691,2021.08.31.16.37.21_veh-40_01655_01736,True,1.0,1.0,0.8032184189211525,1.0,1.0,1.0,0.9180076745504803
7e7576a611b35fcb,2021.08.24.18.30.46_veh-08_02327_02583,True,1.0,1.0,0.8310433094634762,1.0,1.0,1.0,0.929601378943115
0e028a1ac3935fbf,2021.10.05.04.38.41_veh-50_00014_00429,True,1.0,0.0,0.0,1.0,1.0,1.0,0.0
a75d47c9583d5f0c,2021.06.08.14.35.24_veh-26_02555_03004,True,1.0,1.0,0.8806828553755234,1.0,1.0,1.0,0.9502845230731346
73803057e8015b24,2021.10.05.07.38.12_veh-50_01085_01463,True,1.0,1.0,0.8181761504903855,1.0,1.0,1.0,0.9242400627043272
7549c9ea25c85f4e,2021.09.14.16.46.51_veh-45_00149_00900,True,1.0,1.0,0.8677714785693077,1.0,1.0,1.0,0.9449047827372116
7fba3e79d3f951f9,2021.06.08.17.25.03_veh-35_02448_02655,True,1.0,1.0,1.0,1.0,1.0,1.0,1.0
3c9f665179cb59b6,2021.08.24.15.09.18_veh-45_00216_00862,True,1.0,1.0,0.4559329630122223,1.0,1.0,1.0,0.7733054012550925
46520cfa1af3501b,2021.06.08.12.00.19_veh-35_03655_03792,True,1.0,1.0,1.0,1.0,1.0,1.0,1.0
0c930915da8f5da0,2021.06.08.17.25.03_veh-35_03522_03716,True,1.0,1.0,1.0,1.0,1.0,1.0,1.0
a9a903fc372c5c31,2021.10.05.07.10.04_veh-52_00252_00406,True,1.0,1.0,0.7483721622040734,1.0,1.0,1.0,0.8951550675850305
c19c910d51a05b2b,2021.10.05.04.03.05_veh-50_01003_01426,True,1.0,1.0,0.6314297001814058,1.0,1.0,1.0,0.8464290417422524
b67e711c93bf51a4,2021.06.08.12.54.54_veh-26_01289_01417,True,1.0,1.0,0.738999517733169,1.0,1.0,1.0,0.8912497990554872
3fdcbaf6a2bf5d73,2021.06.07.17.46.49_veh-35_04084_04828,True,1.0,1.0,1.0,1.0,1.0,1.0,1.0
92b6685ef05e5117,2021.09.14.16.46.51_veh-45_00149_00900,True,1.0,1.0,0.7411747271795052,1.0,1.0,1.0,0.8921561363247937
7a014eca03e55297,2021.08.09.17.55.59_veh-28_00320_00544,True,1.0,0.0,0.0,1.0,1.0,1.0,0.0
6664a79a3a795cd1,2021.08.24.17.01.06_veh-45_00228_00689,True,1.0,1.0,0.9193236456901864,1.0,1.0,1.0,0.966384852370911
365ba1d90e9b5e70,2021.10.05.06.57.40_veh-50_01493_01624,True,1.0,1.0,0.6638789963318056,1.0,1.0,1.0,0.8599495818049189
49816c23e6215793,2021.08.24.14.25.28_veh-42_00333_00472,True,1.0,1.0,1.0,1.0,1.0,1.0,1.0
426709c0ebdb5c89,2021.10.05.06.31.40_veh-52_00465_00713,True,1.0,1.0,0.766558664817213,1.0,1.0,1.0,0.9027327770071721
5566038d7b605617,2021.10.05.04.38.41_veh-50_00753_00956,True,1.0,1.0,0.8097265378422001,1.0,1.0,1.0,0.9207193907675834
00ab4b38724e5f47,2021.06.08.18.18.30_veh-38_05578_05988,True,1.0,1.0,0.7605227822296095,1.0,1.0,1.0,0.9002178259290039
0212024f3ed154ac,2021.09.14.20.42.30_veh-45_00805_01078,True,1.0,1.0,0.8243662823653304,1.0,1.0,1.0,0.9268192843188876
60eb3d13b49758b6,2021.07.24.22.52.16_veh-35_03236_04096,True,1.0,1.0,1.0,1.0,1.0,1.0,1.0
98a599f156b551a2,2021.08.31.18.15.54_veh-40_00038_00199,True,1.0,1.0,0.8234376982624155,1.0,1.0,1.0,0.9264323742760064
17289b9ef04c57ac,2021.08.31.16.37.21_veh-40_00798_00955,True,1.0,1.0,1.0,0.0,1.0,1.0,0.5833333333333334
1c838161da32513a,2021.09.14.16.46.51_veh-45_00149_00900,True,1.0,0.0,0.0,1.0,1.0,1.0,0.0
7ef666e2075a5db5,2021.10.05.07.10.04_veh-52_00689_01322,True,1.0,1.0,1.0,1.0,1.0,1.0,1.0
c5a3e38086f851eb,2021.10.05.07.38.12_veh-50_01085_01463,True,1.0,1.0,0.7794736435575006,1.0,1.0,1.0,0.9081140181489585
2f860282bb065d95,2021.10.05.06.31.40_veh-52_00734_01305,True,1.0,1.0,0.5447818171140071,1.0,1.0,1.0,0.8103257571308363
bfcd42d6b08b5080,2021.08.31.11.47.30_veh-40_00393_00847,True,1.0,1.0,1.0,1.0,1.0,1.0,1.0
2262f222b07155db,2021.10.05.06.31.40_veh-52_00734_01305,True,1.0,1.0,0.6854931913087375,1.0,1.0,1.0,0.8689554963786407
d2133889d04e5f16,2021.10.05.06.31.40_veh-52_01316_01565,True,1.0,1.0,0.7718675782708112,1.0,1.0,1.0,0.9049448242795046
cc3d8bf2a6555e15,2021.10.05.04.03.05_veh-50_00058_00321,True,1.0,1.0,1.0,1.0,1.0,1.0,1.0
290874b67076528b,2021.08.09.18.37.41_veh-28_00053_00548,True,1.0,1.0,0.8745648775076754,1.0,1.0,1.0,0.947735365628198
b65e09c4d8125da0,2021.10.05.08.11.15_veh-50_00970_01211,True,1.0,1.0,0.6578338819637444,1.0,1.0,1.0,0.8574307841515602
9e5f2c6ec3e65aa8,2021.10.05.07.10.04_veh-52_00596_00663,True,1.0,1.0,1.0,1.0,1.0,1.0,1.0
da91d0f0035b59d3,2021.09.14.18.43.41_veh-45_01245_01529,True,1.0,1.0,1.0,1.0,1.0,1.0,1.0
57b0715a8155530c,2021.10.05.06.57.40_veh-50_01493_01624,True,1.0,1.0,0.8352004645433633,1.0,1.0,1.0,0.9313335268930679
4cbaff8a149e5f71,2021.08.31.18.15.54_veh-40_00038_00199,True,1.0,1.0,0.9004852357660486,1.0,1.0,1.0,0.9585355149025202
e7cf057745c45054,2021.06.08.12.00.19_veh-35_05235_05578,True,1.0,1.0,1.0,1.0,1.0,1.0,1.0
b3587e161dc85358,2021.06.08.14.14.51_veh-35_00893_01188,True,1.0,1.0,0.8762006813153961,1.0,1.0,1.0,0.9484169505480816
c27fbd9c4be459ae,2021.08.09.18.37.41_veh-28_00053_00548,True,1.0,1.0,0.6122085804743964,1.0,1.0,1.0,0.8384202418643318
d5e23cc4aa835184,2021.06.07.12.54.00_veh-35_01843_02314,True,1.0,1.0,1.0,1.0,1.0,1.0,1.0
7c554f2629af5770,2021.09.14.16.46.51_veh-45_00149_00900,True,1.0,1.0,0.9848832443976286,1.0,1.0,1.0,0.9937013518323452
c1119b7bb01d5a1d,2021.10.05.04.38.41_veh-50_00014_00429,True,1.0,1.0,0.5277752289382603,1.0,1.0,1.0,0.8032396787242752
773a35771de759dd,2021.10.05.06.31.40_veh-52_00465_00713,True,1.0,1.0,0.7044355428876344,1.0,1.0,1.0,0.8768481428698477
e1f85e95103f588e,2021.06.07.17.46.49_veh-35_04839_05184,True,1.0,1.0,1.0,1.0,1.0,1.0,1.0
ceffa062463153a3,2021.10.05.04.03.05_veh-50_00058_00321,True,1.0,1.0,1.0,1.0,1.0,1.0,1.0
44dbdba9f1235c1d,2021.08.31.14.40.58_veh-40_01268_01618,True,1.0,1.0,0.9659656146778366,1.0,1.0,1.0,0.9858190061157653
91a574e45ce45658,2021.08.24.17.01.06_veh-45_00228_00689,True,1.0,0.0,0.0,1.0,1.0,1.0,0.0
49ce701ec7545e81,2021.08.31.17.42.52_veh-40_01033_01313,True,1.0,1.0,0.9847291617298549,1.0,1.0,1.0,0.9936371507207729
be5eec1e4bb15359,2021.06.07.13.53.57_veh-35_02489_03145,True,1.0,1.0,1.0,1.0,1.0,1.0,1.0
13b78096be325992,2021.10.05.08.11.15_veh-50_01222_01462,True,1.0,1.0,1.0,1.0,1.0,1.0,1.0
742324d8909c59b0,2021.10.05.04.38.41_veh-50_00753_00956,True,1.0,1.0,0.7347702480291817,1.0,1.0,1.0,0.8894876033454923
a4e3f3603b2952fb,2021.06.08.19.16.23_veh-26_00973_01139,True,1.0,1.0,0.6916964484789431,1.0,1.0,1.0,0.8715401868662264
fd439147cfcd53d3,2021.09.14.18.43.41_veh-45_00965_01195,True,1.0,1.0,0.7909356481400687,1.0,1.0,1.0,0.9128898533916953
6deeb11365945fb1,2021.10.05.04.03.05_veh-50_00648_00744,True,1.0,1.0,1.0,1.0,1.0,0.0,1.0
a4de6233fbe552e5,2021.06.07.13.53.57_veh-35_02489_03145,True,1.0,1.0,1.0,1.0,1.0,1.0,1.0
656c938e652e55f8,2021.06.07.13.53.57_veh-35_02489_03145,True,1.0,1.0,0.9288426974551288,1.0,1.0,1.0,0.9703511239396371
3609537de0105997,2021.10.05.08.11.15_veh-50_00163_00321,True,1.0,1.0,0.7542505461382025,1.0,1.0,1.0,0.897604394224251
d6e6a774e1025ba3,2021.08.24.15.09.18_veh-45_00216_00862,True,1.0,1.0,0.7700965724651075,1.0,1.0,1.0,0.9042069051937949
1512207f510f55ad,2021.08.31.16.37.21_veh-40_01655_01736,True,0.0,1.0,0.0,0.0,1.0,1.0,0.0
e216136c3cf2595f,2021.10.05.04.03.05_veh-50_01466_01790,True,1.0,1.0,0.9701045962721089,1.0,1.0,1.0,0.9875435817800454
4667f08908cc5ee6,2021.09.14.18.43.41_veh-45_02503_03013,True,1.0,1.0,0.8563614229684597,1.0,1.0,1.0,0.9401505929035249
fbf5b0da3ef6574e,2021.10.05.08.11.15_veh-50_01566_01801,True,1.0,1.0,0.7085672462052055,1.0,1.0,1.0,0.8785696859188357
55fa0f92201a5011,2021.08.24.14.35.46_veh-45_01568_01663,True,1.0,1.0,0.8736680774464365,1.0,1.0,1.0,0.9473616989360152
1215a1ddc3505fa7,2021.10.05.07.10.04_veh-52_00689_01322,True,1.0,1.0,0.6626815600262269,1.0,1.0,1.0,0.8594506500109279
0be55e66f8c258d8,2021.08.24.17.34.27_veh-45_01478_01553,True,1.0,1.0,1.0,0.0,1.0,1.0,0.5833333333333334
4d662b889a905426,2021.10.05.06.24.06_veh-50_01420_01553,True,1.0,1.0,1.0,1.0,1.0,1.0,1.0
ba0d0bd008d55a1e,2021.06.07.18.53.26_veh-26_01208_01412,True,1.0,1.0,1.0,1.0,1.0,1.0,1.0
ff3bba0dd7d25848,2021.10.05.07.10.04_veh-52_01442_01802,True,1.0,1.0,0.7640012431790937,1.0,1.0,1.0,0.9016671846579557
ae8cc27f85af5cf8,2021.06.07.19.29.59_veh-38_01025_01274,True,1.0,1.0,0.7828938839825956,1.0,1.0,1.0,0.9095391183260815
7f9c9b18c6765311,2021.10.05.06.24.06_veh-50_00717_01300,True,1.0,1.0,0.8135609541285258,1.0,1.0,1.0,0.9223170642202191
5fc75556062e5bdf,2021.06.08.14.14.51_veh-35_00893_01188,True,1.0,1.0,1.0,1.0,1.0,1.0,1.0
de21709e722d5d73,2021.10.05.06.57.40_veh-50_00485_00624,True,1.0,1.0,0.7997189809844805,1.0,1.0,1.0,0.9165495754102002
3818957d51785264,2021.06.07.17.46.49_veh-35_04084_04828,True,1.0,1.0,0.8316846700507935,1.0,1.0,1.0,0.9298686125211639
9a529e4b91e05065,2021.10.05.06.31.40_veh-52_00734_01305,True,1.0,1.0,0.6102523790834395,1.0,1.0,1.0,0.8376051579514332
81ea351d9261525e,2021.10.05.07.10.04_veh-52_00418_00563,True,1.0,1.0,0.7805306329950784,1.0,1.0,1.0,0.908554430414616
ec755c6407c85fa8,2021.10.05.04.38.41_veh-50_00014_00429,True,1.0,1.0,0.8862805206803389,1.0,1.0,1.0,0.9526168836168077
ad2d8addcf0a5a26,2021.10.05.06.57.40_veh-50_01131_01452,True,1.0,1.0,0.5811123389645954,1.0,1.0,1.0,0.8254634745685814
f154d7cc016a59f9,2021.06.07.12.54.00_veh-35_01843_02314,True,1.0,1.0,0.7462933004758188,1.0,1.0,1.0,0.8942888751982578
32d0773ce4a157b8,2021.08.31.12.21.30_veh-40_00378_00527,True,1.0,1.0,1.0,1.0,1.0,1.0,1.0
d9b30e768bfa5627,2021.08.31.17.42.52_veh-40_01331_01444,True,1.0,1.0,1.0,1.0,1.0,1.0,1.0
27270e1628475dfa,2021.06.07.19.29.59_veh-38_01025_01274,True,1.0,1.0,1.0,1.0,1.0,1.0,1.0
607cad28b7815677,2021.10.05.07.10.04_veh-52_00689_01322,True,1.0,1.0,0.539404904847871,1.0,1.0,1.0,0.8080853770199462
a88be30a95dd58fa,2021.10.05.06.31.40_veh-52_00734_01305,True,1.0,1.0,0.5677771421574042,1.0,1.0,1.0,0.8199071425655852
b960d6fec51b52e3,2021.06.08.19.16.23_veh-26_00973_01139,True,1.0,1.0,0.7095768638579092,1.0,1.0,1.0,0.8789903599407954
ff6a2cfd0a5b5359,2021.06.07.18.53.26_veh-26_01208_01412,True,1.0,1.0,0.6649401500240001,1.0,1.0,1.0,0.8603917291766666
ca33689d1e20577c,2021.10.05.07.10.04_veh-52_00689_01322,True,1.0,1.0,0.747565555577491,1.0,1.0,1.0,0.8948189814906212
2e175ffcc2cd57ba,2021.10.05.08.11.15_veh-50_00163_00321,True,1.0,1.0,0.7661987064139638,1.0,1.0,1.0,0.9025827943391516
9efa7decf6d05acb,2021.08.31.12.21.30_veh-40_00538_00638,True,1.0,1.0,0.7359882772102488,1.0,1.0,1.0,0.8899951155042704
9eb5eb9b81ff5d90,2021.08.24.17.37.11_veh-08_02359_02623,True,1.0,1.0,0.8622235332146447,0.0,1.0,1.0,0.5259264721727687
37bc68660a6c514a,2021.09.14.18.43.41_veh-45_00965_01195,True,1.0,1.0,0.767921750958092,1.0,1.0,1.0,0.9033007295658716
ea55c11b526d5d47,2021.08.31.11.47.30_veh-40_01362_01737,True,1.0,1.0,0.7348262676677981,0.0,1.0,1.0,0.47284427819491587
0c73160f256755bb,2021.06.08.14.35.24_veh-26_02555_03004,True,1.0,1.0,1.0,1.0,1.0,1.0,1.0
4e2468074f7e5d57,2021.10.05.07.38.12_veh-50_00245_00433,True,1.0,1.0,0.7677961805034104,1.0,1.0,1.0,0.9032484085430875
8678265cea1d5642,2021.10.05.07.38.12_veh-50_01477_01565,True,1.0,1.0,0.6558148320284476,1.0,1.0,1.0,0.8565895133451864
db31d2fef6055e49,2021.06.07.13.53.57_veh-35_02489_03145,True,1.0,1.0,1.0,1.0,1.0,1.0,1.0
d9103b165da15045,2021.08.24.17.34.27_veh-45_01478_01553,True,1.0,1.0,1.0,1.0,1.0,1.0,1.0
56604a00d66752a3,2021.08.31.18.15.54_veh-40_01143_01496,True,1.0,1.0,0.7262155386284208,1.0,1.0,1.0,0.8859231410951752
9fb488f9610b5496,2021.06.07.13.53.57_veh-35_02489_03145,True,1.0,1.0,0.8131068032842864,1.0,1.0,1.0,0.9221278347017859
ed589b058ca85557,2021.08.31.11.47.30_veh-40_00393_00847,True,1.0,1.0,0.6901084285128314,1.0,1.0,1.0,0.8708785118803464
6e2b0e92a2ea58ee,2021.06.07.19.29.59_veh-38_01025_01274,True,1.0,1.0,1.0,1.0,1.0,1.0,1.0
79f5494df0175cec,2021.06.08.17.25.03_veh-35_02448_02655,True,1.0,1.0,0.9081246650517,1.0,1.0,1.0,0.9617186104382084
85c2d6d9d4af5977,2021.06.07.12.42.11_veh-38_03254_03455,True,1.0,1.0,0.6372323830683774,1.0,1.0,1.0,0.8488468262784906
a920a7e8d7665ed6,2021.10.05.07.10.04_veh-52_01442_01802,True,1.0,1.0,0.7614696392053246,1.0,1.0,1.0,0.9006123496688853
32edf7befc415406,2021.10.05.08.11.15_veh-50_00163_00321,True,1.0,1.0,0.7798234083714822,1.0,1.0,1.0,0.9082597534881177
9f9596eee8065c78,2021.08.24.17.01.06_veh-45_00228_00689,True,1.0,1.0,0.9407786316462854,1.0,1.0,1.0,0.9753244298526189
bb94cce50c7a53c8,2021.08.31.14.40.58_veh-40_01022_01255,True,1.0,1.0,0.8607560069863158,1.0,1.0,1.0,0.9419816695776316
528d36356ecb53af,2021.06.07.17.46.49_veh-35_04084_04828,True,1.0,1.0,1.0,1.0,1.0,1.0,1.0
af7046ec22c15434,2021.07.24.20.37.45_veh-17_00015_00375,True,1.0,1.0,0.9795141910183487,1.0,1.0,1.0,0.9914642462576454
26f08ff3961d5a10,2021.08.31.12.54.56_veh-40_00725_00909,True,1.0,1.0,0.7142386616316112,1.0,1.0,1.0,0.8809327756798381
71f4d318c0155ded,2021.08.31.13.27.52_veh-40_00186_00414,True,1.0,1.0,1.0,1.0,1.0,1.0,1.0
1e6da03d5d25541b,2021.08.31.11.47.30_veh-40_01146_01347,True,1.0,1.0,0.9118080561659225,1.0,1.0,1.0,0.9632533567358011
dedd287df867592a,2021.08.31.11.47.30_veh-40_01362_01737,True,1.0,1.0,0.8606022936401402,1.0,1.0,1.0,0.9419176223500584
84a75bd34f09578b,2021.06.07.19.29.59_veh-38_00474_00922,True,1.0,1.0,0.6914659841920274,1.0,1.0,1.0,0.8714441600800115
916346f483d65284,2021.10.05.07.10.04_veh-52_00689_01322,True,1.0,1.0,0.5940991628896717,1.0,1.0,1.0,0.8308746512040299
861e54d703ff5462,2021.06.07.19.29.59_veh-38_01025_01274,True,1.0,1.0,1.0,1.0,1.0,1.0,1.0
fb5943411cd45bf6,2021.10.05.04.03.05_veh-50_01466_01790,True,1.0,1.0,0.5330661664786075,1.0,1.0,1.0,0.8054442360327531
60663e5fb0b652d0,2021.08.31.12.21.30_veh-40_00378_00527,True,1.0,1.0,1.0,1.0,1.0,1.0,1.0
fca5b0316a54508a,2021.10.05.04.38.41_veh-50_00014_00429,True,1.0,1.0,0.5592124258988351,1.0,1.0,1.0,0.8163385107911812
8635835ce3a05e8f,2021.08.24.15.09.18_veh-45_00216_00862,True,1.0,1.0,0.8378314366639996,1.0,1.0,1.0,0.9324297652766665
24d8483d9ae4595c,2021.09.14.20.42.30_veh-45_00805_01078,True,1.0,1.0,1.0,1.0,1.0,1.0,1.0
93abcbe32b3752e3,2021.06.07.19.43.00_veh-35_02298_02525,True,1.0,1.0,0.6549245191217055,1.0,1.0,1.0,0.8562185496340439
f85c8fae001c55b2,2021.06.08.12.54.54_veh-26_02994_03970,True,1.0,1.0,0.8196533861382814,1.0,1.0,1.0,0.9248555775576173
cfc58082fd75532a,2021.10.05.07.10.04_veh-52_00689_01322,True,1.0,1.0,0.7534456247125036,1.0,1.0,1.0,0.8972690102968764
511fce263bb15ad7,2021.06.08.12.00.19_veh-35_05235_05578,True,1.0,1.0,0.7362043623260567,1.0,1.0,1.0,0.8900851509691904
8b22fdf52d9e57da,2021.08.31.16.37.21_veh-40_00554_00733,True,0.0,1.0,0.0,0.0,1.0,1.0,0.0
dfd2bd27d38a52c6,2021.06.08.14.14.51_veh-35_00893_01188,True,1.0,1.0,1.0,1.0,1.0,1.0,1.0
e780285dadea5cdb,2021.08.31.12.54.56_veh-40_00305_00667,True,1.0,1.0,0.9777594704977554,1.0,1.0,1.0,0.9907331127073981
c5faccfd97d157c7,2021.06.08.14.14.51_veh-35_01508_01763,True,1.0,1.0,0.7453615685368755,1.0,1.0,1.0,0.8939006535570314
2daf5c5381915d32,2021.08.31.18.15.54_veh-40_00579_00980,True,1.0,1.0,1.0,1.0,1.0,1.0,1.0
5e516edc25b65483,2021.06.07.19.43.00_veh-35_02298_02525,True,1.0,1.0,0.8201212912551387,1.0,1.0,1.0,0.9250505380229744
651a9d71f6fc5be0,2021.08.31.18.15.54_veh-40_00038_00199,True,1.0,1.0,0.8041438451614192,1.0,1.0,1.0,0.9183932688172579
689a839ed6ae5083,2021.10.05.06.31.40_veh-52_01598_02013,True,1.0,1.0,0.7681212791846423,1.0,1.0,1.0,0.9033838663269343
bf1de203193d5535,2021.10.05.08.11.15_veh-50_00970_01211,True,1.0,1.0,0.7164780770392792,1.0,1.0,1.0,0.881865865433033
bbe8c94bc903528d,2021.08.31.14.40.58_veh-40_00467_00668,True,1.0,1.0,1.0,1.0,1.0,0.0,1.0
47862b0eca5b5da2,2021.10.05.06.31.40_veh-52_01598_02013,True,1.0,1.0,0.7981878759247717,1.0,1.0,1.0,0.9159116149686549
a08a7846202d5352,2021.08.31.14.40.58_veh-40_00679_00892,True,1.0,1.0,1.0,1.0,1.0,1.0,1.0
fe1281c351a55c09,2021.06.08.12.00.19_veh-35_02135_02369,True,1.0,1.0,1.0,1.0,1.0,1.0,1.0
38df0f02f3f85d8f,2021.08.31.18.15.54_veh-40_01143_01496,True,1.0,1.0,0.766643683442889,0.0,1.0,1.0,0.4861015347678704
6a8eec69b45f50d0,2021.08.24.14.25.28_veh-42_00333_00472,True,1.0,1.0,0.8337943159342563,1.0,1.0,1.0,0.9307476316392735
240a2457b392539b,2021.06.08.17.36.50_veh-26_05134_05378,True,1.0,1.0,0.9826584840046884,1.0,1.0,1.0,0.9927743683352869
eb4d6a0aa63a5582,2021.08.24.17.01.06_veh-45_01557_01681,True,1.0,1.0,0.8873739858419191,1.0,1.0,1.0,0.9530724941007996
223c47176e6057f5,2021.06.08.18.59.48_veh-12_03122_03677,True,1.0,1.0,0.6848683937858933,1.0,1.0,1.0,0.8686951640774555
558a5b88987f54f7,2021.09.14.18.43.41_veh-45_00965_01195,True,1.0,1.0,0.7878984371371185,1.0,1.0,1.0,0.9116243488071327
bfecb44804e95610,2021.08.31.16.37.21_veh-40_00429_00541,True,1.0,1.0,0.8146416669162939,1.0,1.0,1.0,0.9227673612151225
626f6c6b901a597a,2021.06.07.17.46.49_veh-35_02607_03120,True,1.0,1.0,0.9878705157198902,1.0,1.0,1.0,0.9949460482166209
427924f217ea5f49,2021.10.05.04.03.05_veh-50_01466_01790,True,1.0,0.0,0.0,1.0,1.0,1.0,0.0
35f809ef41ee5606,2021.10.05.07.10.04_veh-52_01442_01802,True,1.0,1.0,0.8393788893907075,1.0,1.0,1.0,0.9330745372461281
808e97fcfcd753dc,2021.10.05.07.49.39_veh-52_01417_01574,True,1.0,1.0,0.6250554485829761,1.0,1.0,1.0,0.84377310357624
4c58f7d8218251d0,2021.10.05.08.11.15_veh-50_00710_00903,True,1.0,1.0,1.0,1.0,1.0,1.0,1.0
dc4919ddd431581d,2021.10.05.04.03.05_veh-50_01466_01790,True,1.0,1.0,1.0,1.0,1.0,0.5,1.0
28f69ab0b4cb5346,2021.08.31.14.40.58_veh-40_00467_00668,True,1.0,1.0,0.8536852522326259,1.0,1.0,1.0,0.9390355217635942
39c27223ad3a5d5c,2021.06.07.17.46.49_veh-35_04839_05184,True,1.0,1.0,1.0,1.0,1.0,1.0,1.0
2f4357197a8957e9,2021.08.24.17.37.11_veh-08_02359_02623,True,1.0,1.0,1.0,1.0,1.0,1.0,1.0
f42dcf82749e5653,2021.06.07.11.59.52_veh-35_02283_02464,True,1.0,1.0,1.0,1.0,1.0,1.0,1.0
080f3750b4ae53fa,2021.06.08.16.31.33_veh-38_00015_00262,True,1.0,1.0,1.0,1.0,1.0,1.0,1.0
a5ca5978825c5d71,2021.08.31.11.47.30_veh-40_01146_01347,True,1.0,1.0,0.697912148382816,1.0,1.0,1.0,0.8741300618261733
c7a77d4978a15fd9,2021.08.24.15.09.18_veh-45_00216_00862,True,1.0,1.0,1.0,1.0,1.0,1.0,1.0
5714c8c971fc58e0,2021.09.14.16.46.51_veh-45_00149_00900,True,1.0,1.0,0.7402616265042236,1.0,1.0,1.0,0.891775677710093
caeef83cf0c552c7,2021.10.05.06.57.40_veh-50_00485_00624,True,1.0,1.0,0.7373571745948048,1.0,1.0,1.0,0.890565489414502
c34bff3390275370,2021.06.08.12.54.54_veh-26_00015_00507,True,1.0,1.0,1.0,1.0,1.0,1.0,1.0
94e9664fcf2d5f9e,2021.06.07.17.46.49_veh-35_04839_05184,True,1.0,1.0,1.0,1.0,1.0,1.0,1.0
dcf1485b15a758e9,2021.08.24.15.09.18_veh-45_00216_00862,True,1.0,1.0,0.8399760963064432,1.0,1.0,1.0,0.9333233734610179
434ba2582b4a57d3,2021.10.05.06.24.06_veh-50_00431_00527,True,1.0,1.0,0.6420412650959045,1.0,1.0,1.0,0.8508505271232935
71281ce8f1305d51,2021.06.07.11.59.52_veh-35_02283_02464,True,1.0,1.0,0.8668674404395976,1.0,1.0,1.0,0.9445281001831657
578aaaaef50350d6,2021.10.05.06.31.40_veh-52_01598_02013,True,1.0,1.0,0.7237857946027167,1.0,1.0,1.0,0.8849107477511321
3ebb0ad535d45630,2021.10.05.07.38.12_veh-50_00245_00433,True,1.0,1.0,0.6913920313193852,1.0,1.0,1.0,0.8714133463830772
ec19ebdee21159e6,2021.06.07.13.53.57_veh-35_02489_03145,True,1.0,1.0,1.0,1.0,1.0,1.0,1.0
133d2532f35f564d,2021.06.07.18.53.26_veh-26_00005_00427,True,1.0,1.0,0.8689252977600334,1.0,1.0,1.0,0.9453855407333472
a3d6a8eac0755afe,2021.08.31.11.47.30_veh-40_00393_00847,True,1.0,1.0,0.9278101994611173,1.0,1.0,1.0,0.9699209164421322
f8b378cbb2185bc1,2021.10.05.06.31.40_veh-52_00734_01305,True,1.0,1.0,0.8113514607070844,1.0,1.0,1.0,0.9213964419612851
acfc271e3c3d58fa,2021.08.24.17.37.11_veh-08_02359_02623,True,1.0,1.0,0.8821173157880682,1.0,1.0,1.0,0.9508822149116951
601d887023195139,2021.10.05.06.31.40_veh-52_00465_00713,True,1.0,1.0,0.7600435599620772,1.0,1.0,1.0,0.9000181499841989
b5edb24338445523,2021.08.24.18.30.46_veh-08_01985_02093,True,0.0,1.0,0.0,0.0,1.0,1.0,0.0
d2d8d99939af58d8,2021.08.24.15.09.18_veh-45_00216_00862,True,1.0,1.0,0.7033616072915024,1.0,1.0,1.0,0.8764006697047927
5ae78bc8a27a510a,2021.06.08.14.35.24_veh-26_01989_02235,True,1.0,1.0,0.7120889867756738,1.0,1.0,1.0,0.8800370778231974
622b0402246e5a04,2021.08.31.18.15.54_veh-40_01010_01094,True,1.0,1.0,0.7754792693552425,1.0,1.0,1.0,0.9064496955646844
ad8389a666c651bf,2021.10.05.04.38.41_veh-50_00014_00429,True,1.0,1.0,0.6879927015550552,1.0,1.0,1.0,0.869996958981273
fab5f4ea8b075873,2021.10.05.07.10.04_veh-52_00689_01322,True,1.0,1.0,0.8130793038074643,1.0,1.0,1.0,0.9221163765864434
b76ae21a3d005d62,2021.06.08.12.54.54_veh-26_02323_02479,True,1.0,1.0,1.0,1.0,1.0,1.0,1.0
ce3df1b3b5d85405,2021.10.05.07.38.12_veh-50_01085_01463,True,1.0,1.0,0.7644802087644805,1.0,1.0,1.0,0.9018667536518669
a2be5276d9845c57,2021.06.07.18.53.26_veh-26_00005_00427,True,1.0,1.0,1.0,1.0,1.0,1.0,1.0
b34272d337d350d2,2021.10.05.07.38.12_veh-50_01085_01463,True,1.0,1.0,0.5402876014675615,1.0,1.0,1.0,0.8084531672781505
53880c7e22d553b5,2021.10.05.06.31.40_veh-52_01598_02013,True,1.0,1.0,0.7696253420437213,1.0,1.0,1.0,0.9040105591848838
52151396392d59ec,2021.06.07.19.43.00_veh-35_01782_01986,True,1.0,1.0,1.0,1.0,1.0,1.0,1.0
5bf7a15f79705497,2021.08.31.14.01.15_veh-40_00304_00384,True,1.0,1.0,0.8066820946505135,1.0,1.0,1.0,0.9194508727710473
71296b1b915d5d3e,2021.08.31.12.54.56_veh-40_01056_01183,True,1.0,1.0,0.8303614606382124,1.0,1.0,1.0,0.9293172752659218
48bf69aa16e85454,2021.06.07.19.29.59_veh-38_01025_01274,True,1.0,0.0,0.0,1.0,1.0,1.0,0.0
796698f0fd7d53c5,2021.10.05.07.38.12_veh-50_00132_00234,True,1.0,1.0,0.6665964508481733,1.0,1.0,0.5,0.8610818545200721
b9138f9ae7455293,2021.10.05.06.24.06_veh-50_01420_01553,True,1.0,1.0,0.6190205709565406,1.0,1.0,1.0,0.8412585712318918
37b400904c355977,2021.08.31.11.47.30_veh-40_00393_00847,True,1.0,1.0,0.9618214335353452,1.0,1.0,1.0,0.9840922639730604
dba30c7028f85a35,2021.10.05.08.11.15_veh-50_00970_01211,True,1.0,1.0,0.8679385667821929,1.0,1.0,1.0,0.9449744028259137
26b7cc5b93125dd9,2021.10.05.06.57.40_veh-50_00940_01105,True,1.0,1.0,0.723245289533725,1.0,1.0,1.0,0.8846855373057187
d9ce4cf1a8b45e29,2021.10.05.08.11.15_veh-50_00970_01211,True,1.0,1.0,0.7380813245387241,1.0,1.0,1.0,0.8908672185578017
5ad9e7defd1150e4,2021.10.05.08.11.15_veh-50_00437_00585,True,1.0,1.0,0.7830446481131926,1.0,1.0,1.0,0.9096019367138303
345a7793c32e596c,2021.06.07.12.42.11_veh-38_01777_02078,True,1.0,1.0,0.9060204891976835,1.0,1.0,1.0,0.9608418704990348
9ef12559a8025bb7,2021.06.08.12.00.19_veh-35_01722_02119,True,1.0,1.0,0.7392006977797737,1.0,1.0,1.0,0.8913336240749058
499d1c77ce2a5fcc,2021.07.24.20.37.45_veh-17_00015_00375,True,1.0,1.0,1.0,1.0,1.0,1.0,1.0
ba474de5edb5570b,2021.08.31.16.37.21_veh-40_00429_00541,True,1.0,1.0,0.7670847306957248,1.0,1.0,1.0,0.9029519711232187
c66d6879aad6557c,2021.08.31.11.47.30_veh-40_00393_00847,True,1.0,1.0,0.8826079204221033,1.0,1.0,1.0,0.9510866335092096
4cb9c9024cfa51ee,2021.10.05.07.10.04_veh-52_00689_01322,True,1.0,1.0,0.7943507554418849,1.0,1.0,1.0,0.9143128147674521
e24490b9088d5d41,2021.08.31.18.15.54_veh-40_00227_00324,True,1.0,1.0,0.8108008048950007,1.0,1.0,1.0,0.9211670020395836
4a067beb32265cea,2021.10.05.06.57.40_veh-50_00665_00857,True,1.0,1.0,0.7814739398496305,1.0,1.0,1.0,0.9089474749373462
cfc3560a41cf516d,2021.09.14.19.46.05_veh-45_01937_02119,True,1.0,1.0,0.7406742330872386,1.0,1.0,1.0,0.8919475971196827
e2fc760c249357a0,2021.09.14.16.46.51_veh-45_00149_00900,True,1.0,1.0,1.0,1.0,1.0,1.0,1.0
81ed3a739e965f0e,2021.08.24.17.01.06_veh-45_00228_00689,True,1.0,0.0,0.0,1.0,1.0,1.0,0.0
5806ea07c72258db,2021.06.07.17.48.02_veh-38_01949_02085,True,1.0,1.0,0.47505196471535827,1.0,1.0,1.0,0.7812716519647326
cf5eff340795541a,2021.10.05.07.10.04_veh-52_00689_01322,True,1.0,1.0,0.7731853403678278,1.0,1.0,1.0,0.9054938918199283
971a3927300d5c9f,2021.10.05.06.31.40_veh-52_01316_01565,True,1.0,1.0,0.9641639393415679,1.0,1.0,1.0,0.9850683080589867
1a2a791565385cf6,2021.10.05.06.31.40_veh-52_01598_02013,True,1.0,1.0,0.7905994518526215,1.0,1.0,1.0,0.9127497716052589
27a0ed357788574f,2021.10.05.04.38.41_veh-50_00753_00956,True,1.0,1.0,0.7265361907022175,1.0,1.0,1.0,0.886056746125924
2d4bd54d83735ae3,2021.10.05.07.49.39_veh-52_00563_00680,True,1.0,0.0,0.0,1.0,1.0,1.0,0.0
69d7e005d26459f9,2021.10.05.07.38.12_veh-50_01085_01463,True,1.0,1.0,0.8068923320195652,1.0,1.0,1.0,0.9195384716748188
b0f383ef95565346,2021.06.08.17.36.50_veh-26_03873_04225,True,1.0,1.0,0.8369755450113923,1.0,1.0,1.0,0.9320731437547467
ea573171fd53572a,2021.08.31.11.47.30_veh-40_00248_00376,True,1.0,1.0,1.0,1.0,1.0,1.0,1.0
d08743a41ea75acb,2021.07.24.22.52.16_veh-35_03236_04096,True,1.0,1.0,0.927004596962954,1.0,1.0,1.0,0.9695852487345643
aab26f52c2a153f1,2021.08.31.16.37.21_veh-40_00554_00733,True,1.0,1.0,0.8485575302479692,1.0,1.0,1.0,0.9368989709366539
42d0ebfe280c51d8,2021.07.24.16.07.03_veh-35_01649_01813,True,1.0,1.0,1.0,1.0,1.0,1.0,1.0
bfe3c1a05659549c,2021.10.05.04.03.05_veh-50_01466_01790,True,1.0,1.0,0.6860950917299364,1.0,1.0,1.0,0.8692062882208068
3de80a41d5fe5a5c,2021.10.05.07.38.12_veh-50_01477_01565,True,1.0,1.0,0.8939595048519493,1.0,1.0,1.0,0.9558164603549789
5139d7733dbb5823,2021.06.08.17.25.03_veh-35_03522_03716,True,1.0,1.0,0.9094906158558187,1.0,1.0,1.0,0.9622877566065912
6c11425a442754a9,2021.10.05.06.31.40_veh-52_00465_00713,True,1.0,1.0,0.7122725970042002,1.0,1.0,1.0,0.8801135820850834
327a90d1864f5641,2021.06.08.14.14.51_veh-35_00893_01188,True,1.0,1.0,1.0,1.0,1.0,1.0,1.0
52a53c5da4ec5439,2021.08.24.14.35.46_veh-45_00011_00162,True,1.0,1.0,1.0,1.0,1.0,0.5,1.0
783d09909af65060,2021.06.08.12.54.54_veh-26_02994_03970,True,1.0,1.0,1.0,1.0,1.0,1.0,1.0
f1b09c33b71057bc,2021.08.24.15.09.18_veh-45_00216_00862,True,1.0,1.0,0.8790061543201816,1.0,1.0,1.0,0.949585897633409
21412dd0c5f95d12,2021.09.14.18.43.41_veh-45_00965_01195,True,1.0,1.0,0.7683515918897091,1.0,1.0,0.5,0.9034798299540455
50053bb09d465c05,2021.10.05.07.10.04_veh-52_01442_01802,True,1.0,1.0,0.798373671955032,1.0,1.0,1.0,0.9159890299812633
d1198dd21c545ff5,2021.07.24.22.52.16_veh-35_03236_04096,True,1.0,1.0,1.0,1.0,1.0,1.0,1.0
e2af295ac6bc54a4,2021.06.07.18.53.26_veh-26_01208_01412,True,1.0,1.0,0.856631920408156,1.0,1.0,1.0,0.940263300170065
410fac99463459e6,2021.10.05.06.24.06_veh-50_00021_00383,True,1.0,1.0,1.0,1.0,1.0,1.0,1.0
26683d642cdf5054,2021.08.31.17.42.52_veh-40_01033_01313,True,1.0,1.0,1.0,1.0,1.0,1.0,1.0
4326e315f8905575,2021.10.05.04.03.05_veh-50_00648_00744,True,1.0,1.0,0.6524850783808281,1.0,1.0,1.0,0.8552021159920118
8664369108db5074,2021.06.08.12.00.19_veh-35_04422_04725,True,1.0,1.0,1.0,1.0,1.0,1.0,1.0
173150696655567d,2021.06.07.17.46.49_veh-35_04084_04828,True,1.0,1.0,0.8529272535161577,1.0,1.0,1.0,0.9387196889650657
b01817e54439569d,2021.10.05.07.49.39_veh-52_00934_01406,True,1.0,1.0,0.6884873868643931,1.0,1.0,1.0,0.8702030778601638
ec54c6c5ee575fee,2021.10.05.06.31.40_veh-52_01316_01565,True,1.0,1.0,0.6988392475407365,1.0,1.0,1.0,0.8745163531419736
e55ecf900bd05f47,2021.06.07.17.46.49_veh-35_04084_04828,True,1.0,1.0,0.8436224017166908,1.0,1.0,1.0,0.9348426673819544
d9b2dbf5bef257e0,2021.06.07.13.53.57_veh-35_02489_03145,True,1.0,1.0,0.8457947492491967,1.0,1.0,1.0,0.9357478121871653
75eb588f0c6856e9,2021.07.24.22.52.16_veh-35_03236_04096,True,1.0,1.0,0.8432709529453326,1.0,1.0,1.0,0.9346962303938886
69fa3b4992425676,2021.10.05.04.38.41_veh-50_00014_00429,True,1.0,1.0,0.7938661056011141,1.0,1.0,1.0,0.9141108773337976
376e6ff7eccf5572,2021.06.08.16.31.33_veh-38_01589_02072,True,1.0,1.0,1.0,1.0,1.0,1.0,1.0
fa200afdc9df50ca,2021.06.07.17.46.49_veh-35_04084_04828,True,1.0,1.0,1.0,1.0,1.0,1.0,1.0
762e8a92778d5b8b,2021.10.05.08.11.15_veh-50_00970_01211,True,1.0,0.0,0.0,1.0,1.0,1.0,0.0
2d691535f7bb5d1a,2021.08.24.14.35.46_veh-45_01568_01663,True,1.0,1.0,0.9578017835377064,1.0,1.0,1.0,0.9824174098073777
c0671dca6d7e5c87,2021.10.05.07.10.04_veh-52_00418_00563,True,1.0,1.0,0.7258115837487502,1.0,1.0,1.0,0.8857548265619792
243442bb80c35079,2021.06.08.17.36.50_veh-26_03873_04225,True,1.0,1.0,0.9218614294420711,1.0,1.0,1.0,0.9674422622675296
635b5ea1d13f5017,2021.06.08.12.54.54_veh-26_02994_03970,True,1.0,1.0,1.0,0.0,1.0,1.0,0.5833333333333334
177d18b6a36d5a2f,2021.10.05.08.11.15_veh-50_00970_01211,True,1.0,1.0,1.0,1.0,1.0,1.0,1.0
03024f18a373536c,2021.10.05.04.38.41_veh-50_00014_00429,True,1.0,1.0,1.0,1.0,1.0,1.0,1.0
61300f5b34a65e7c,2021.08.31.11.47.30_veh-40_01146_01347,True,1.0,1.0,0.8526243907661925,1.0,1.0,1.0,0.9385934961525803
ca70c4777b4e578d,2021.10.05.06.24.06_veh-50_01566_01672,True,1.0,1.0,0.7101217072776493,1.0,1.0,1.0,0.8792173780323539
c4d93843c02a56df,2021.10.05.07.38.12_veh-50_01085_01463,True,1.0,1.0,0.7521187341705066,1.0,1.0,1.0,0.8967161392377111
1d398d0a1dcb5992,2021.08.24.17.01.06_veh-45_00228_00689,True,1.0,1.0,1.0,1.0,1.0,1.0,1.0
ceb16c2c18d252f3,2021.08.31.14.01.15_veh-40_01576_01714,True,1.0,1.0,0.7584446199378104,1.0,1.0,1.0,0.8993519249740877
570a967269335f31,2021.08.24.17.01.06_veh-45_00228_00689,True,1.0,1.0,0.9478423123743439,1.0,1.0,1.0,0.9782676301559766
5d5971cc468954e3,2021.08.31.14.01.15_veh-40_01576_01714,True,1.0,1.0,0.7676550947616199,1.0,1.0,1.0,0.9031896228173416
997185fb884c58cb,2021.10.05.04.38.41_veh-50_00576_00721,True,1.0,1.0,0.781300451722895,1.0,1.0,1.0,0.9088751882178729
b6d6c440ce6b5ec1,2021.09.14.18.43.41_veh-45_00885_00952,True,1.0,1.0,0.8329570955628063,1.0,1.0,1.0,0.930398789817836
2a2c7d3f8c775f43,2021.10.05.07.38.12_veh-50_01477_01565,True,1.0,1.0,0.888377379336937,1.0,1.0,1.0,0.9534905747237238
a8c24efacdfc5440,2021.08.31.17.42.52_veh-40_01331_01444,True,1.0,1.0,0.8412231317026765,1.0,1.0,1.0,0.933842971542782
ce94cbedb45559ba,2021.08.24.18.30.46_veh-08_02327_02583,True,1.0,1.0,0.873893689949087,1.0,1.0,1.0,0.9474557041454529
c9d21e962f775d5c,2021.06.08.12.54.54_veh-26_02994_03970,True,1.0,1.0,0.8402721640355609,1.0,1.0,1.0,0.933446735014817
2fe38f52136155dc,2021.10.05.07.10.04_veh-52_01442_01802,True,1.0,1.0,0.6051529838384988,1.0,1.0,1.0,0.8354804099327078
4b5e7071e6dc5b10,2021.10.05.04.03.05_veh-50_00058_00321,True,1.0,1.0,0.6677060198655007,1.0,1.0,1.0,0.8615441749439586
cc2a583247c05212,2021.08.31.14.40.58_veh-40_01268_01618,True,1.0,1.0,0.858496656527713,1.0,1.0,1.0,0.9410402735532136
126cff95213256dd,2021.08.31.17.42.52_veh-40_01033_01313,True,1.0,1.0,0.8823017355812924,1.0,1.0,1.0,0.9509590564922051
ad06d63055625740,2021.09.14.18.43.41_veh-45_01245_01529,True,1.0,1.0,0.9735758977877076,1.0,1.0,1.0,0.9889899574115448
63dba72e8f495536,2021.06.07.19.43.00_veh-35_02298_02525,True,1.0,1.0,0.6189725237576567,1.0,1.0,1.0,0.8412385515656903
07ddd211494e5080,2021.10.05.07.38.12_veh-50_01085_01463,True,1.0,1.0,0.7840112204388104,1.0,1.0,1.0,0.9100046751828378
c81512d93419558b,2021.06.08.14.35.24_veh-26_02555_03004,True,1.0,1.0,1.0,1.0,1.0,1.0,1.0
0a339cf8a4945c2e,2021.08.31.17.42.52_veh-40_01033_01313,True,1.0,1.0,0.9634750662688392,1.0,1.0,1.0,0.9847812776120163
393f663e1fa05ed9,2021.10.05.07.38.12_veh-50_01085_01463,True,1.0,1.0,0.8518763330444757,1.0,1.0,1.0,0.9382818054351981
24531603f9315046,2021.10.05.08.11.15_veh-50_00437_00585,True,1.0,1.0,0.7716725095173891,1.0,1.0,1.0,0.9048635456322455
d9c3d527fc9d52f1,2021.06.08.12.54.54_veh-26_00733_00983,True,1.0,1.0,1.0,1.0,1.0,1.0,1.0
3c67272121df5b60,2021.09.14.18.43.41_veh-45_00965_01195,True,1.0,1.0,0.7216033985580782,1.0,1.0,1.0,0.8840014160658659
70b907a7b43c5055,2021.07.24.22.52.16_veh-35_03236_04096,True,1.0,1.0,0.9145300148305388,1.0,1.0,1.0,0.9643875061793912
a9f75bf37b765c1c,2021.10.05.07.10.04_veh-52_01442_01802,True,1.0,1.0,1.0,1.0,1.0,1.0,1.0
d56f1bd2c57d5d53,2021.06.07.19.43.00_veh-35_01782_01986,True,1.0,0.0,0.0,1.0,1.0,1.0,0.0
3bca1e3649f95fef,2021.06.07.17.46.49_veh-35_02607_03120,True,1.0,1.0,1.0,1.0,1.0,1.0,1.0
08483deb309e5072,2021.08.24.18.30.46_veh-08_02327_02583,True,1.0,1.0,0.8605358088743894,1.0,1.0,1.0,0.941889920364329
a36d7d6f401756f9,2021.08.24.17.34.27_veh-45_01478_01553,True,1.0,0.0,0.0,1.0,1.0,1.0,0.0
be953b8946605cca,2021.10.05.08.11.15_veh-50_00710_00903,True,1.0,1.0,0.6220585860860562,1.0,1.0,1.0,0.8425244108691902
fa743eef744f5796,2021.10.05.06.24.06_veh-50_00431_00527,True,1.0,1.0,0.5824871228733429,1.0,1.0,1.0,0.8260363011972262
48e68c9f31715b26,2021.10.05.07.10.04_veh-52_01442_01802,True,1.0,1.0,0.5451333507179166,1.0,1.0,0.0,0.8104722294657986
6004a9437ebd5d7a,2021.10.05.07.38.12_veh-50_01085_01463,True,1.0,1.0,0.7477436778465706,1.0,1.0,1.0,0.8948931991027377
f099d8ed9bcf5224,2021.06.08.17.25.03_veh-35_03522_03716,True,1.0,1.0,0.870523082075749,1.0,1.0,1.0,0.9460512841982288
3a77b3e1683153ea,2021.10.05.07.10.04_veh-52_00689_01322,True,1.0,1.0,0.7993824577867772,1.0,1.0,1.0,0.916409357411157
d40004df9387577f,2021.10.05.07.38.12_veh-50_01085_01463,True,1.0,0.0,0.0,1.0,1.0,1.0,0.0
f9f1c28093225243,2021.08.09.17.55.59_veh-28_00320_00544,True,1.0,1.0,0.7902400245394055,1.0,1.0,1.0,0.9126000102247523
590d80176e7658e3,2021.10.05.06.57.40_veh-50_00665_00857,True,1.0,1.0,0.8398516587174568,1.0,1.0,1.0,0.933271524465607
8bc126f47cd85573,2021.10.05.06.31.40_veh-52_01598_02013,True,1.0,1.0,0.7480683655934351,1.0,1.0,1.0,0.8950284856639312
923581e0129a5b08,2021.08.31.12.54.56_veh-40_00305_00667,True,1.0,1.0,0.8163392156679028,0.0,1.0,1.0,0.5068080065282928
6bfdc0c9c0ed5f5a,2021.10.05.07.38.12_veh-50_00898_01058,True,1.0,1.0,0.6612272076517342,1.0,1.0,1.0,0.8588446698548893
4f9447e027b55b6f,2021.06.08.16.31.33_veh-38_01589_02072,True,1.0,1.0,0.8211376306596188,1.0,1.0,0.5,0.9254740127748411
dbaafb995f6a530e,2021.10.05.07.49.39_veh-52_00934_01406,True,1.0,1.0,1.0,1.0,1.0,1.0,1.0
3540cd6d18ab5857,2021.08.31.14.40.58_veh-40_00125_00269,True,1.0,1.0,0.8726998594264762,1.0,1.0,1.0,0.9469582747610318
e1d845f0d8ae59ae,2021.10.05.06.57.40_veh-50_01493_01624,True,1.0,1.0,0.6898371121789779,1.0,1.0,1.0,0.8707654634079075
a199dd34f4cb5e25,2021.10.05.08.11.15_veh-50_01566_01801,True,1.0,1.0,0.6413700617384858,1.0,1.0,1.0,0.8505708590577025
d598b1322a9f55e4,2021.07.24.20.37.45_veh-17_00015_00375,True,1.0,1.0,0.9401792590865198,1.0,1.0,1.0,0.97507469128605
14ce88e733105f36,2021.08.31.17.42.52_veh-40_01033_01313,True,1.0,1.0,1.0,1.0,1.0,1.0,1.0
e0ab4835126753d1,2021.09.14.18.43.41_veh-45_00965_01195,True,1.0,1.0,0.9528378522897372,1.0,1.0,0.5,0.9803491051207237
5a0f8eee2830560c,2021.08.24.20.03.01_veh-45_00463_00588,True,1.0,1.0,0.6106225090605819,1.0,1.0,1.0,0.8377593787752424
89713a5161da5e08,2021.10.05.07.10.04_veh-52_00252_00406,True,1.0,1.0,0.7912349918265302,1.0,1.0,1.0,0.913014579927721
9ccbf12c98425da2,2021.08.24.17.37.11_veh-08_02359_02623,True,1.0,1.0,1.0,1.0,1.0,1.0,1.0
142459475ae45ba7,2021.07.24.23.50.16_veh-17_01696_02071,True,1.0,1.0,0.7217619844338776,1.0,1.0,1.0,0.8840674935141157
8a49b6f24ed6592f,2021.08.24.18.07.48_veh-45_00873_01142,True,1.0,1.0,0.9455357901910908,1.0,1.0,1.0,0.9773065792462878
91c204051b2f5a6a,2021.08.24.15.09.18_veh-45_00216_00862,True,1.0,1.0,0.8172885045048115,1.0,1.0,1.0,0.9238702102103381
f04fe15ddd045f98,2021.08.31.16.37.21_veh-40_01405_01642,True,1.0,1.0,0.9211234235704296,1.0,1.0,1.0,0.9671347598210124
dfd54c6346ea5e9f,2021.10.05.07.10.04_veh-52_00689_01322,True,1.0,1.0,0.7749337115009588,1.0,1.0,1.0,0.9062223797920662
11c439298d045d57,2021.10.05.07.10.04_veh-52_00596_00663,True,1.0,0.0,0.0,1.0,1.0,0.5,0.0
75a0fc19f1cf530e,2021.06.07.17.46.49_veh-35_02607_03120,True,1.0,1.0,0.8270804561153744,1.0,1.0,1.0,0.9279501900480728
a5562665d67d574c,2021.10.05.04.38.41_veh-50_00014_00429,True,1.0,1.0,0.5200081079281659,1.0,1.0,1.0,0.8000033783034025
a4d769971b565c82,2021.08.24.15.09.18_veh-45_00216_00862,True,1.0,1.0,1.0,1.0,1.0,1.0,1.0
782685e5a1cb5078,2021.10.05.07.49.39_veh-52_00934_01406,True,1.0,1.0,0.7731371299022494,1.0,1.0,1.0,0.9054738041259371
f2511e063a375b45,2021.08.24.15.09.18_veh-45_00216_00862,True,1.0,1.0,0.9185472970872234,1.0,1.0,1.0,0.966061373786343
58e6a39f332d5c53,2021.08.24.18.07.48_veh-45_00873_01142,True,1.0,1.0,0.9313339192494187,1.0,1.0,1.0,0.9713891330205912
19297df5ddd95465,2021.10.05.07.10.04_veh-52_00252_00406,True,1.0,1.0,0.8347464918952279,1.0,1.0,1.0,0.9311443716230116
31fd1f827c305d81,2021.06.08.12.54.54_veh-26_02994_03970,True,1.0,1.0,1.0,1.0,1.0,1.0,1.0
d3aaeb961e005350,2021.09.14.18.43.41_veh-45_00885_00952,True,1.0,1.0,0.8076342053970897,1.0,1.0,1.0,0.9198475855821208
5c0e94a5c1565ff6,2021.10.05.07.49.39_veh-52_00934_01406,True,1.0,1.0,0.7316549574185236,1.0,1.0,1.0,0.8881895655910516
7663c290e9d3577f,2021.08.24.15.09.18_veh-45_00216_00862,True,1.0,1.0,1.0,1.0,1.0,1.0,1.0
7966ea471a745f60,2021.10.05.07.10.04_veh-52_00689_01322,True,1.0,1.0,0.7628520657911689,1.0,1.0,1.0,0.9011883607463204
29193de68e855e7f,2021.10.05.07.10.04_veh-52_00689_01322,True,1.0,1.0,0.8664426787529911,1.0,1.0,1.0,0.9443511161470797
44971479dacf5c26,2021.06.07.13.53.57_veh-35_02489_03145,True,1.0,1.0,1.0,1.0,1.0,1.0,1.0
ad27de6bad785d99,2021.10.05.04.38.41_veh-50_00014_00429,True,1.0,1.0,0.7058340024558986,1.0,1.0,1.0,0.8774308343566245
a9dff706b9395e06,2021.10.05.07.10.04_veh-52_00689_01322,True,1.0,1.0,0.82429821231291,1.0,1.0,1.0,0.9267909217970458
a7537fdfa152595d,2021.10.05.08.11.15_veh-50_00163_00321,True,1.0,1.0,0.756644080359269,1.0,1.0,1.0,0.8986017001496954
9504caaa4fe85567,2021.10.05.07.49.39_veh-52_00934_01406,True,1.0,1.0,0.9956106175223963,1.0,1.0,1.0,0.9981710906343318
add8309210135bb3,2021.06.07.17.46.49_veh-35_04839_05184,True,1.0,1.0,1.0,1.0,1.0,1.0,1.0
ef1a6451dc3d5d54,2021.06.08.14.35.24_veh-26_02555_03004,True,1.0,1.0,0.918789927664153,1.0,1.0,1.0,0.9661624698600638
77666136143257a5,2021.10.05.06.57.40_veh-50_00665_00857,True,1.0,1.0,0.7684075761960099,1.0,1.0,1.0,0.9035031567483375
03db6037fdc15553,2021.10.05.07.49.39_veh-52_00934_01406,True,1.0,1.0,0.6793464853394338,1.0,1.0,1.0,0.8663943688914307
1f192e43916754f3,2021.08.31.11.47.30_veh-40_00393_00847,True,1.0,1.0,0.7350043493291308,1.0,1.0,1.0,0.8895851455538045
3f5906e405975401,2021.06.08.17.36.50_veh-26_03873_04225,True,1.0,1.0,1.0,1.0,1.0,1.0,1.0
fcb49955755c5643,2021.10.05.06.31.40_veh-52_01598_02013,True,1.0,1.0,0.7773474663319909,1.0,1.0,1.0,0.9072281109716629
10ab0437e2335e5f,2021.08.31.12.54.56_veh-40_00305_00667,True,1.0,1.0,1.0,1.0,1.0,1.0,1.0
684ee5399e1c599b,2021.08.31.18.15.54_veh-40_00579_00980,True,1.0,1.0,1.0,1.0,1.0,1.0,1.0
13aa063cb0ac5344,2021.08.09.17.55.59_veh-28_00691_00876,True,1.0,1.0,1.0,1.0,1.0,1.0,1.0
7cf3f478246b5da6,2021.10.05.08.11.15_veh-50_00437_00585,True,1.0,1.0,0.6226147929592111,1.0,1.0,1.0,0.8427561637330045
5637be8d44bd5bd7,2021.10.05.06.57.40_veh-50_00665_00857,True,1.0,1.0,0.7030888177243989,1.0,1.0,1.0,0.8762870073851662
2d65a078c6c853d8,2021.10.05.06.57.40_veh-50_00665_00857,True,1.0,1.0,0.8174802469058108,1.0,1.0,1.0,0.9239501028774212
04a38d645dcf50dc,2021.10.05.06.57.40_veh-50_00665_00857,True,1.0,1.0,0.739320319692229,1.0,1.0,1.0,0.8913834665384287
21e596857bc35237,2021.07.24.22.52.16_veh-35_03236_04096,True,1.0,1.0,0.7413951328514464,1.0,1.0,1.0,0.892247972021436
7df2c62221af5666,2021.10.05.04.03.05_veh-50_01466_01790,True,1.0,1.0,1.0,1.0,1.0,1.0,1.0
26b1a287d3ee5c58,2021.08.24.18.07.48_veh-45_01504_01722,True,1.0,1.0,1.0,1.0,1.0,1.0,1.0
0e5b4a0b2bde5d2f,2021.10.05.07.38.12_veh-50_01085_01463,True,1.0,1.0,0.7624780318264703,1.0,1.0,1.0,0.9010325132610294
ee44c67008cc56ce,2021.10.05.08.11.15_veh-50_00163_00321,True,1.0,1.0,0.7622334837481747,1.0,1.0,1.0,0.900930618228406
fd1f0f656dbe5b8e,2021.10.05.06.31.40_veh-52_00734_01305,True,1.0,1.0,1.0,1.0,1.0,1.0,1.0
363a0d5629945fe2,2021.08.24.18.30.46_veh-08_02327_02583,True,1.0,1.0,0.8490304728619924,1.0,1.0,1.0,0.9370960303591636
625e743792325941,2021.08.24.19.30.33_veh-45_01391_01523,True,1.0,1.0,1.0,1.0,1.0,1.0,1.0
fd23b08914635213,2021.10.05.06.31.40_veh-52_01598_02013,True,1.0,1.0,0.754834532111461,1.0,1.0,1.0,0.8978477217131088
f2ed06ab753f5797,2021.06.07.13.53.57_veh-35_02489_03145,True,1.0,1.0,1.0,1.0,1.0,1.0,1.0
886433702a2e5cf4,2021.10.05.07.10.04_veh-52_00689_01322,True,1.0,1.0,0.7179815861958349,1.0,1.0,1.0,0.8824923275815979
d27e9372971d5fcf,2021.06.07.19.29.59_veh-38_01025_01274,True,1.0,1.0,1.0,1.0,1.0,1.0,1.0
23918f82a81b57bb,2021.09.14.16.46.51_veh-45_02322_02510,True,1.0,1.0,0.6119422143259233,1.0,1.0,1.0,0.8383092559691346
044fa8b8af8d5903,2021.08.31.16.37.21_veh-40_01405_01642,True,1.0,1.0,0.6978904164171581,1.0,1.0,1.0,0.8741210068404826
26d4e1afc49f5e8b,2021.06.08.12.54.54_veh-26_02323_02479,True,1.0,1.0,1.0,1.0,1.0,1.0,1.0
b82503f002da5dc9,2021.06.07.17.46.49_veh-35_02607_03120,True,1.0,1.0,1.0,1.0,1.0,1.0,1.0
938e31bfeff150ec,2021.09.14.18.43.41_veh-45_00965_01195,True,1.0,1.0,0.9520891249825523,1.0,1.0,1.0,0.9800371354093969
afc7f0bb67925332,2021.10.05.06.24.06_veh-50_00021_00383,True,1.0,1.0,0.4947189862725742,1.0,1.0,1.0,0.7894662442802393
fca06f5c741c5eb6,2021.10.05.04.03.05_veh-50_01003_01426,True,1.0,1.0,0.4788049819041893,1.0,1.0,1.0,0.7828354091267457
a3775099ec0b5545,2021.10.05.06.24.06_veh-50_01311_01409,True,1.0,1.0,1.0,1.0,1.0,1.0,1.0
2ad9ffaaca95581f,2021.08.31.11.47.30_veh-40_01362_01737,True,1.0,1.0,0.7173870635965882,1.0,1.0,1.0,0.8822446098319118
ace35de46e4e59b7,2021.08.31.18.15.54_veh-40_00579_00980,True,1.0,1.0,0.8161022200787732,1.0,1.0,1.0,0.9233759250328223
3cf09b26adb75a3a,2021.06.07.13.53.57_veh-35_01772_02032,True,1.0,1.0,0.9523246491353707,0.0,1.0,1.0,0.5634686038064044
24e5a3d6c87e5863,2021.06.07.19.43.00_veh-35_02298_02525,True,1.0,1.0,0.7157204217930844,1.0,1.0,1.0,0.8815501757471185
adfe782c830952e6,2021.07.24.16.48.51_veh-17_00016_00166,True,1.0,1.0,1.0,1.0,1.0,1.0,1.0
fad3b25206405469,2021.10.05.07.10.04_veh-52_00689_01322,True,1.0,1.0,0.8662312410299456,1.0,1.0,1.0,0.9442630170958107
e3b93ebec6c15950,2021.08.31.18.15.54_veh-40_00579_00980,True,0.0,1.0,0.0,0.0,1.0,1.0,0.0
c8142d68e89c5602,2021.10.05.04.03.05_veh-50_00365_00493,True,1.0,1.0,0.5468533241115001,1.0,1.0,1.0,0.8111888850464584
97070ed0c4f25e55,2021.10.05.06.57.40_veh-50_00025_00261,True,1.0,1.0,1.0,1.0,1.0,1.0,1.0
352ab8c9f7945a79,2021.10.05.06.31.40_veh-52_00734_01305,True,1.0,0.0,0.0,1.0,1.0,1.0,0.0
6ab7c51e8fc358d9,2021.06.08.14.35.24_veh-26_01989_02235,True,1.0,1.0,0.9227958163793655,1.0,1.0,1.0,0.967831590158069
c9e11eac8d3b5b20,2021.06.08.17.25.03_veh-35_03522_03716,True,1.0,1.0,1.0,1.0,1.0,1.0,1.0
68fae416c55e51ec,2021.08.24.15.09.18_veh-45_00216_00862,True,1.0,1.0,0.8439869191051984,1.0,1.0,1.0,0.934994549627166
ada4bd96b21350f3,2021.06.08.14.35.24_veh-26_02555_03004,True,1.0,1.0,1.0,1.0,1.0,1.0,1.0
dfaf7f0318b25029,2021.08.24.20.03.01_veh-45_00171_00238,True,1.0,1.0,1.0,1.0,1.0,0.5,1.0
2383b702d816580c,2021.06.08.14.14.51_veh-35_00893_01188,True,1.0,1.0,1.0,1.0,1.0,1.0,1.0
a98ae7114d51555f,2021.10.05.07.10.04_veh-52_01442_01802,True,1.0,1.0,0.6819335954557543,1.0,1.0,0.0,0.8674723314398977
d7b7bf4bee1a566b,2021.09.14.16.46.51_veh-45_00149_00900,True,1.0,1.0,0.8060547262363439,1.0,1.0,1.0,0.9191894692651433
61e741cf72e35dc6,2021.07.24.22.52.16_veh-35_03236_04096,True,1.0,1.0,0.8659295490389133,1.0,1.0,0.0,0.9441373120995472
a9333edd47f25ba7,2021.08.31.12.54.56_veh-40_00305_00667,True,1.0,1.0,0.8409578833075694,1.0,1.0,1.0,0.9337324513781539
59680cd2d2d55252,2021.08.31.11.47.30_veh-40_00393_00847,True,1.0,1.0,1.0,1.0,1.0,1.0,1.0
2109265abe425ec9,2021.10.05.08.11.15_veh-50_00163_00321,True,1.0,1.0,0.7502056747802588,1.0,1.0,1.0,0.8959190311584412
1d90666831825ecb,2021.08.31.11.47.30_veh-40_00393_00847,True,1.0,1.0,1.0,1.0,1.0,1.0,1.0
6ed309c0285c514d,2021.08.31.14.01.15_veh-40_00692_00977,True,1.0,1.0,0.7181250889477003,1.0,1.0,1.0,0.8825521203948751
b3eba680ed925ff0,2021.10.05.08.11.15_veh-50_00163_00321,True,1.0,1.0,0.7226856711621867,1.0,1.0,1.0,0.8844523629842445
2f5c186cb3f951f3,2021.08.31.18.15.54_veh-40_01143_01496,True,1.0,1.0,0.6834211934362365,1.0,1.0,1.0,0.8680921639317652
78e325e7b2e05ea1,2021.06.08.18.18.30_veh-38_05578_05988,True,1.0,1.0,0.7321647867678256,1.0,1.0,1.0,0.888401994486594
0f57bec6ecc95f91,2021.10.05.07.38.12_veh-50_01477_01565,True,1.0,1.0,0.8416610852282999,1.0,1.0,1.0,0.9340254521784583
5c62daecead15772,2021.08.31.14.01.15_veh-40_01576_01714,True,1.0,1.0,0.9299311132255149,1.0,1.0,1.0,0.9708046305106312
4c18120606d25974,2021.10.05.06.31.40_veh-52_01598_02013,True,1.0,1.0,0.6071238429020054,1.0,1.0,1.0,0.836301601209169
84ef65c059ee52a9,2021.10.05.06.57.40_veh-50_00940_01105,True,1.0,1.0,0.6812684103119606,1.0,1.0,1.0,0.867195170963317
789e232068ba52fa,2021.08.31.12.21.30_veh-40_00661_00762,True,1.0,1.0,1.0,1.0,1.0,1.0,1.0
23864433956d54af,2021.06.08.18.18.30_veh-38_05578_05988,True,1.0,1.0,0.6160578644142621,1.0,1.0,1.0,0.8400241101726093
872380f71a9f5c73,2021.08.31.14.01.15_veh-40_01576_01714,True,1.0,1.0,1.0,1.0,1.0,1.0,1.0
c7d20bed29e95a90,2021.10.05.07.49.39_veh-52_00770_00905,True,1.0,1.0,1.0,1.0,1.0,1.0,1.0
ad50d798cf59571f,2021.10.05.07.10.04_veh-52_01442_01802,True,1.0,1.0,0.5593528845548197,1.0,1.0,1.0,0.8163970352311748
a4a766b344875757,2021.10.05.07.10.04_veh-52_00252_00406,True,1.0,1.0,0.7219938006536377,1.0,1.0,1.0,0.8841640836056824
77d5531dc41d5c8b,2021.06.08.14.14.51_veh-35_00893_01188,True,1.0,1.0,1.0,0.0,1.0,1.0,0.5833333333333334
596d777da0925d8a,2021.10.05.04.03.05_veh-50_01003_01426,True,1.0,0.0,0.0,1.0,1.0,1.0,0.0
d3499663de5c59b3,2021.09.14.20.42.30_veh-45_00805_01078,True,1.0,1.0,0.9236984439424746,1.0,1.0,1.0,0.968207684976031
eb1e478c881d5da3,2021.08.31.13.27.52_veh-40_00869_01319,True,1.0,1.0,0.785373577217778,1.0,1.0,1.0,0.9105723238407407
9a7d04c64d1f5a77,2021.08.24.14.35.46_veh-45_00549_00693,True,1.0,1.0,0.9239384472219756,1.0,1.0,1.0,0.9683076863424898
08420e71635550ac,2021.06.07.19.29.59_veh-38_00474_00922,True,1.0,1.0,0.767568785091623,1.0,1.0,1.0,0.9031536604548429
993e21a30ca559ff,2021.10.05.06.31.40_veh-52_01316_01565,True,1.0,1.0,0.602435448016565,1.0,1.0,1.0,0.8343481033402353
51d4a8a8ffb85133,2021.09.14.16.46.51_veh-45_02322_02510,True,1.0,1.0,1.0,1.0,1.0,1.0,1.0
53adc99c616d5b83,2021.06.08.12.00.19_veh-35_01722_02119,True,1.0,1.0,0.836313566646212,0.0,1.0,1.0,0.5151306527692551
ee7a802e5d34585d,2021.10.05.07.49.39_veh-52_00934_01406,True,1.0,1.0,0.7853874144661424,1.0,1.0,1.0,0.9105780893608927
6308410a7cef5bfb,2021.06.08.12.00.19_veh-35_02135_02369,True,1.0,1.0,1.0,1.0,1.0,1.0,1.0
9e80d268826757c5,2021.06.08.14.14.51_veh-35_00893_01188,True,1.0,1.0,0.9491586268717468,1.0,1.0,1.0,0.9788160945298946
83bb2e00de6956e6,2021.08.09.17.55.59_veh-28_00320_00544,True,1.0,1.0,0.9203811612929074,1.0,1.0,1.0,0.9668254838720447
3d3b17caebe25f80,2021.08.09.17.55.59_veh-28_00320_00544,True,1.0,1.0,0.7994600299196808,1.0,1.0,1.0,0.9164416791332003
377b974a6905533e,2021.10.05.04.38.41_veh-50_00753_00956,True,1.0,1.0,0.7604085339511055,1.0,1.0,1.0,0.9001702224796273
6eb85083d1c95494,2021.08.31.12.21.30_veh-40_00056_00155,True,1.0,0.0,0.0,1.0,1.0,1.0,0.0
0fc1c792f12157d0,2021.10.05.07.10.04_veh-52_00689_01322,True,1.0,1.0,0.631457575752808,1.0,1.0,1.0,0.8464406565636701
e72e7211e40c5b1b,2021.08.09.18.37.41_veh-28_00053_00548,True,1.0,1.0,0.8983610677185316,1.0,1.0,1.0,0.9576504448827216
3de82268b34e5310,2021.07.24.23.50.16_veh-17_01696_02071,True,1.0,1.0,1.0,1.0,1.0,1.0,1.0
b07390a222305aad,2021.10.05.04.03.05_veh-50_01466_01790,True,1.0,1.0,1.0,1.0,1.0,0.5,1.0
5a1543a3893f51b8,2021.06.07.17.46.49_veh-35_02607_03120,True,1.0,1.0,0.899908992610788,1.0,1.0,1.0,0.9582954135878282
f097e5e720ff5a7f,2021.08.24.18.07.48_veh-45_01504_01722,True,1.0,1.0,0.8248148035512207,1.0,1.0,1.0,0.9270061681463421
9242a16049085855,2021.10.05.06.24.06_veh-50_00717_01300,True,1.0,1.0,0.8184295314446128,1.0,1.0,1.0,0.924345638101922
dba24b57245b5137,2021.08.24.20.03.01_veh-45_00463_00588,True,1.0,1.0,0.7882751044281221,1.0,1.0,0.0,0.9117812935117175
e71d4ca6ec425cb7,2021.06.08.14.36.49_veh-38_00312_00694,True,1.0,1.0,0.7645491672919569,1.0,1.0,1.0,0.9018954863716487
a17344259513584e,2021.10.05.06.31.40_veh-52_01316_01565,True,1.0,1.0,0.7384479087836899,1.0,1.0,1.0,0.8910199619932042
c46c3d5a0c5b521f,2021.08.24.17.34.27_veh-45_01478_01553,True,1.0,1.0,1.0,1.0,1.0,1.0,1.0
1b6f7936b9bb5e19,2021.08.31.16.37.21_veh-40_00798_00955,True,1.0,1.0,0.8255042974960027,1.0,1.0,1.0,0.9272934572900011
a0f17c458d3f598d,2021.10.05.06.24.06_veh-50_01311_01409,True,1.0,1.0,0.6601140673129835,1.0,1.0,1.0,0.8583808613804097
f457d7a93ed55606,2021.09.14.18.43.41_veh-45_00965_01195,True,1.0,1.0,1.0,1.0,1.0,1.0,1.0
cb85c2c58c385933,2021.10.05.08.11.15_veh-50_01222_01462,True,1.0,1.0,0.6872516851141885,1.0,1.0,1.0,0.8696882021309119
0e3ec6ec067d525d,2021.06.07.17.46.49_veh-35_02607_03120,True,1.0,1.0,0.9107142526832146,1.0,1.0,1.0,0.9627976052846727
9d110f0ce7ff5618,2021.10.05.06.24.06_veh-50_01311_01409,True,1.0,1.0,0.8428382607536982,1.0,1.0,1.0,0.9345159419807075
15d8d1a0e0b8517f,2021.10.05.04.03.05_veh-50_01466_01790,True,1.0,1.0,1.0,1.0,1.0,1.0,1.0
2e105a7619eb5d8f,2021.06.08.12.00.19_veh-35_05235_05578,True,1.0,1.0,0.9445940834958739,1.0,1.0,1.0,0.9769142014566142
bb1d6402706250fd,2021.06.07.13.53.57_veh-35_02489_03145,True,1.0,1.0,1.0,1.0,1.0,1.0,1.0
3527b47fceb752fd,2021.06.08.12.00.19_veh-35_05235_05578,True,1.0,1.0,0.8780671081588891,1.0,1.0,1.0,0.9491946283995372
a8b2b1145c4e5d7f,2021.06.08.14.14.51_veh-35_01508_01763,True,1.0,1.0,0.8500047471641309,1.0,1.0,1.0,0.9375019779850545
8bc34517e08758ff,2021.10.05.07.10.04_veh-52_01442_01802,True,1.0,1.0,0.6292509431262516,1.0,1.0,1.0,0.8455212263026048
be3a1ee560c353d3,2021.10.05.08.11.15_veh-50_00163_00321,True,1.0,1.0,0.8315047965094524,1.0,1.0,1.0,0.9297936652122719
2722bfd70f20556c,2021.08.31.14.40.58_veh-40_00467_00668,True,1.0,1.0,1.0,1.0,1.0,1.0,1.0
d4d22fb9003c5a2d,2021.06.08.14.14.51_veh-35_01508_01763,True,1.0,1.0,1.0,1.0,1.0,1.0,1.0
1ecf5228549358e1,2021.06.07.17.46.49_veh-35_02607_03120,True,1.0,1.0,0.8943416904509436,1.0,1.0,1.0,0.9559757043545597
b154b241752f58c8,2021.08.24.18.07.48_veh-45_00203_00300,True,1.0,1.0,1.0,1.0,1.0,1.0,1.0
c16897b134dc5c30,2021.08.09.17.55.59_veh-28_00691_00876,True,1.0,1.0,0.9984685317909626,1.0,1.0,1.0,0.9993618882462344
1657554fc5445eb6,2021.06.08.12.00.19_veh-35_05235_05578,True,1.0,1.0,0.665492140440333,1.0,1.0,1.0,0.8606217251834721
7689f1515e1a5309,2021.08.31.16.37.21_veh-40_00429_00541,True,0.0,1.0,0.0,0.0,1.0,1.0,0.0
885becb4c9bf5f42,2021.10.05.08.11.15_veh-50_00970_01211,True,1.0,1.0,0.8320228271844315,1.0,1.0,1.0,0.9300095113268464
f30d57eef4465a97,2021.10.05.07.10.04_veh-52_00689_01322,True,1.0,1.0,0.77507136660125,1.0,1.0,1.0,0.9062797360838543
de31770cc22857d4,2021.08.24.17.01.06_veh-45_00228_00689,True,1.0,1.0,0.8511137357097891,0.0,1.0,1.0,0.5212973898790788
1806b298ab5d5fe0,2021.07.24.23.50.16_veh-17_01696_02071,True,1.0,1.0,0.8109501365544847,1.0,1.0,1.0,0.9212292235643686
015173513fc25684,2021.10.05.08.11.15_veh-50_00437_00585,True,1.0,1.0,0.732527494276312,1.0,1.0,1.0,0.88855312261513
9e371752c2975207,2021.06.08.12.54.54_veh-26_00733_00983,True,1.0,1.0,0.48159800935245467,1.0,1.0,1.0,0.7839991705635229
097c0f17c76259f0,2021.09.14.18.43.41_veh-45_02503_03013,True,1.0,1.0,0.8403995508307408,1.0,1.0,1.0,0.9334998128461421
b475f23c5c0d5d11,2021.08.31.12.21.30_veh-40_00248_00367,True,1.0,1.0,1.0,0.0,1.0,1.0,0.5833333333333334
21c35cdef548546a,2021.10.05.07.10.04_veh-52_01442_01802,True,1.0,1.0,0.6680579503307219,1.0,1.0,1.0,0.8616908126378008
4ada1b823c6b5701,2021.10.05.04.03.05_veh-50_01466_01790,True,1.0,1.0,0.9709901886739253,1.0,1.0,1.0,0.9879125786141355
9f9228987c2652dd,2021.10.05.06.24.06_veh-50_00021_00383,True,1.0,1.0,0.5885787534910081,1.0,1.0,1.0,0.8285744806212533
8a9a5ab59dcd51d7,2021.08.31.14.01.15_veh-40_01576_01714,True,1.0,1.0,0.9272970312718617,1.0,1.0,1.0,0.9697070963632757
73932f5fd9d35372,2021.10.05.07.10.04_veh-52_01442_01802,True,1.0,1.0,0.8925969852922089,1.0,1.0,1.0,0.9552487438717536
72e180d4d8105ae7,2021.08.31.16.37.21_veh-40_00798_00955,True,1.0,1.0,1.0,1.0,1.0,1.0,1.0
c4b39f732e8d5545,2021.06.07.17.46.49_veh-35_04839_05184,True,1.0,1.0,1.0,1.0,1.0,1.0,1.0
7793c1b1c89d53bf,2021.08.24.17.37.11_veh-08_02359_02623,True,1.0,1.0,0.8432802099400298,1.0,1.0,1.0,0.9347000874750124
ac3e9bd6d66359f8,2021.06.08.12.00.19_veh-35_03451_03644,True,1.0,1.0,0.8388450608771825,1.0,1.0,1.0,0.9328521086988261
1cb43da268ad593f,2021.10.05.06.31.40_veh-52_00005_00342,True,1.0,0.0,0.0,1.0,1.0,0.5,0.0
12272a297b415343,2021.10.05.07.38.12_veh-50_01085_01463,True,1.0,1.0,0.7477935772063311,1.0,1.0,1.0,0.894913990502638
d092a6c8f4825e18,2021.08.31.14.40.58_veh-40_00285_00456,True,1.0,1.0,1.0,1.0,1.0,1.0,1.0
f7d672ad5579566e,2021.08.31.18.15.54_veh-40_00579_00980,True,1.0,1.0,0.8881154625770483,1.0,1.0,1.0,0.9533814427404369
1120e76a6a5a5e91,2021.08.31.13.27.52_veh-40_00688_00750,True,1.0,1.0,1.0,1.0,1.0,1.0,1.0
8e2fd252b25b5d76,2021.08.31.13.27.52_veh-40_00186_00414,True,1.0,1.0,1.0,1.0,1.0,1.0,1.0
ac0d4854cfc2500b,2021.10.05.04.03.05_veh-50_01466_01790,True,1.0,1.0,0.9097485838678026,1.0,1.0,1.0,0.9623952432782511
e3bdfd18dc085450,2021.08.31.11.47.30_veh-40_00393_00847,True,1.0,1.0,1.0,1.0,1.0,1.0,1.0
11d0fddaaa0e53a3,2021.10.05.06.24.06_veh-50_00431_00527,True,1.0,1.0,0.7516280788424334,1.0,1.0,1.0,0.8965116995176805
0c07703cdc5c538f,2021.10.05.07.38.12_veh-50_01085_01463,True,1.0,0.0,0.0,1.0,1.0,1.0,0.0
2145d1475ea95029,2021.10.05.04.03.05_veh-50_01003_01426,True,1.0,1.0,0.727902621146187,1.0,1.0,1.0,0.8866260921442445
ce5c18417a3f5725,2021.10.05.06.57.40_veh-50_00665_00857,True,1.0,1.0,0.6788515816101292,1.0,1.0,1.0,0.8661881590042205
3146eb6b02075890,2021.08.31.11.47.30_veh-40_01362_01737,True,1.0,1.0,0.708667320213158,1.0,1.0,1.0,0.8786113834221491
fc688912b8a859b0,2021.08.31.14.40.58_veh-40_00679_00892,True,1.0,1.0,0.8630810470593351,1.0,1.0,1.0,0.9429504362747231
80ae25adcd1c5975,2021.06.08.12.00.19_veh-35_04422_04725,True,1.0,1.0,0.8643871681372832,1.0,1.0,1.0,0.9434946533905347
fd32f64dd086586c,2021.08.31.14.40.58_veh-40_01268_01618,True,1.0,1.0,0.7344160794318412,1.0,1.0,1.0,0.8893400330966005
42c09d5152cd52c2,2021.10.05.06.31.40_veh-52_01316_01565,True,1.0,1.0,0.770645549201872,1.0,1.0,1.0,0.9044356455007799
aba36a1434e0524b,2021.10.05.06.57.40_veh-50_01493_01624,True,1.0,1.0,0.7828978018339849,1.0,1.0,1.0,0.9095407507641604
4dbdb4689de9562f,2021.08.31.18.15.54_veh-40_01143_01496,True,1.0,1.0,0.8238442453468882,1.0,1.0,1.0,0.9266017688945367
d6491a1d9f2c530c,2021.10.05.04.03.05_veh-50_01003_01426,True,1.0,1.0,1.0,1.0,1.0,1.0,1.0
ca31b7933f8256e2,2021.08.31.14.01.15_veh-40_01576_01714,True,1.0,1.0,0.7408075275159351,1.0,1.0,1.0,0.892003136464973
19068c380ce551b8,2021.10.05.07.38.12_veh-50_00245_00433,True,1.0,1.0,0.7840134132000319,1.0,1.0,1.0,0.9100055888333466
519b58b5679c5c28,2021.08.24.18.30.46_veh-08_01674_01850,True,1.0,1.0,0.7816076026376374,1.0,1.0,1.0,0.9090031677656821
b63698e6c67151a9,2021.06.07.18.53.26_veh-26_01208_01412,True,1.0,1.0,0.58050540342011,1.0,1.0,1.0,0.8252105847583792
63a18c8e39ec5797,2021.06.08.17.25.03_veh-35_02448_02655,True,1.0,1.0,0.8114171088601676,1.0,1.0,1.0,0.9214237953584031
b0983c3a92b25884,2021.06.08.17.25.03_veh-35_03522_03716,True,1.0,1.0,1.0,1.0,1.0,1.0,1.0
1175e2cacacf576a,2021.10.05.06.24.06_veh-50_00717_01300,True,1.0,1.0,0.709657471133462,1.0,1.0,1.0,0.8790239463056091
0686551eb96b50c9,2021.08.31.13.27.52_veh-40_00186_00414,True,1.0,1.0,0.7837079726157667,1.0,1.0,1.0,0.9098783219232361
df85f781941d506c,2021.10.05.07.49.39_veh-52_00563_00680,True,1.0,0.0,0.0,1.0,1.0,1.0,0.0
58ea0f6fb168578d,2021.08.31.12.54.56_veh-40_00305_00667,True,1.0,1.0,0.9013206556116792,1.0,1.0,1.0,0.9588836065048664
a93fc5c35ab75511,2021.08.31.11.47.30_veh-40_01362_01737,True,1.0,1.0,1.0,1.0,1.0,1.0,1.0
3d2dc9ee970b5f7f,2021.10.05.08.11.15_veh-50_00970_01211,True,1.0,1.0,0.7435985424788242,1.0,1.0,1.0,0.8931660593661768
a532f168f9335194,2021.08.24.17.37.11_veh-08_02359_02623,True,1.0,1.0,1.0,1.0,1.0,1.0,1.0
207c31dd2af05b85,2021.09.14.16.46.51_veh-45_02322_02510,True,1.0,1.0,0.6921726739712732,1.0,1.0,1.0,0.8717386141546971
c0b6e73347b556c1,2021.08.31.11.47.30_veh-40_01146_01347,True,1.0,1.0,0.5851250365847938,1.0,1.0,1.0,0.8271354319103308
047ad7f2f6025423,2021.10.05.04.03.05_veh-50_00365_00493,True,1.0,1.0,1.0,1.0,1.0,1.0,1.0
c4a7523e8ec45620,2021.06.08.12.00.19_veh-35_05235_05578,True,1.0,1.0,0.9667842521907569,1.0,1.0,1.0,0.986160105079482
1e1bb6eb92ef54c9,2021.08.09.18.37.41_veh-28_00053_00548,True,1.0,1.0,1.0,1.0,1.0,1.0,1.0
a196f492ed435a2e,2021.08.24.17.37.11_veh-08_02359_02623,True,1.0,1.0,0.6721818261970797,1.0,1.0,1.0,0.8634090942487832
26c7d824277759fa,2021.08.24.19.30.33_veh-45_01391_01523,True,1.0,0.0,0.0,1.0,1.0,1.0,0.0
ba092177559551a5,2021.10.05.04.38.41_veh-50_00014_00429,True,1.0,1.0,0.6918077162796863,1.0,1.0,1.0,0.8715865484498693
6e39100431375827,2021.09.14.16.46.51_veh-45_00149_00900,True,1.0,1.0,0.6759213160402364,1.0,1.0,1.0,0.8649672150167652
60a390c3f03357e5,2021.09.14.18.43.41_veh-45_02503_03013,True,1.0,1.0,0.7321603987766451,1.0,1.0,1.0,0.8884001661569355
c01bef6b54e95af6,2021.06.07.19.29.59_veh-38_00474_00922,True,1.0,1.0,0.5797792885294365,1.0,1.0,1.0,0.8249080368872651
56a7475dfe785a4f,2021.08.24.18.30.46_veh-08_02327_02583,True,1.0,1.0,0.6283960735221217,1.0,1.0,1.0,0.8451650306342174
de7fbe0355685d22,2021.08.31.16.37.21_veh-40_01405_01642,True,1.0,1.0,1.0,1.0,1.0,1.0,1.0
2622b63e4b9b5e2f,2021.08.24.14.25.28_veh-42_00333_00472,True,1.0,1.0,0.9723291529640375,1.0,1.0,1.0,0.9884704804016824
e00b89b79fb35570,2021.10.05.08.11.15_veh-50_00710_00903,True,1.0,1.0,0.785875831321531,1.0,1.0,1.0,0.9107815963839713
6541bf804c245f3b,2021.06.08.14.14.51_veh-35_01508_01763,True,1.0,1.0,0.8382900907320462,1.0,1.0,1.0,0.9326208711383526
0028ef192ab551c8,2021.06.08.14.35.24_veh-26_02555_03004,True,1.0,1.0,0.8742797819769761,1.0,1.0,0.0,0.9476165758237401
cbb855cedd1c59cd,2021.06.07.13.53.57_veh-35_02489_03145,True,1.0,1.0,1.0,1.0,1.0,1.0,1.0
869b8d0062b65648,2021.06.07.12.42.11_veh-38_02445_02843,True,1.0,1.0,0.62872629368903,1.0,1.0,1.0,0.8453026223704292
28dcac2ba3a45360,2021.06.08.18.18.30_veh-38_05578_05988,True,1.0,1.0,1.0,1.0,1.0,1.0,1.0
591bc8b041155fca,2021.08.31.11.47.30_veh-40_00393_00847,True,1.0,1.0,0.8488052525018318,1.0,1.0,1.0,0.9370021885424299
8476ee8158c85a67,2021.08.24.15.09.18_veh-45_00216_00862,True,1.0,1.0,1.0,1.0,1.0,1.0,1.0
7d045ced792f563a,2021.08.31.14.01.15_veh-40_01576_01714,True,1.0,1.0,0.9139431404985537,1.0,1.0,1.0,0.9641429752077307
98d953ea9a38569e,2021.10.05.04.38.41_veh-50_00753_00956,True,1.0,1.0,0.7598416905632098,1.0,1.0,1.0,0.8999340377346708
29bf83682e3b5496,2021.09.14.19.46.05_veh-45_01937_02119,True,1.0,1.0,0.7887179112753395,1.0,1.0,1.0,0.9119657963647247
ec29487d1ea458f3,2021.06.08.14.35.24_veh-26_01989_02235,True,1.0,1.0,1.0,1.0,1.0,1.0,1.0
3b7e9e06d3635260,2021.10.05.06.24.06_veh-50_00431_00527,True,1.0,1.0,0.7640931999363201,1.0,1.0,1.0,0.9017054999734667
b1c6bdb07963503d,2021.08.31.13.27.52_veh-40_00869_01319,True,1.0,1.0,0.8506444686901492,1.0,1.0,1.0,0.9377685286208955
a8f5d05955b65258,2021.10.05.06.31.40_veh-52_01316_01565,True,1.0,1.0,0.8264190639187862,1.0,1.0,1.0,0.9276746099661608
a1a2e4522bdf50bd,2021.08.31.18.15.54_veh-40_00579_00980,True,1.0,1.0,1.0,0.0,1.0,1.0,0.5833333333333334
621f26ec790f5780,2021.10.05.06.31.40_veh-52_00734_01305,True,1.0,1.0,0.7244966540560595,1.0,1.0,1.0,0.8852069391900247
aefda6e60f295c58,2021.10.05.06.24.06_veh-50_00021_00383,True,1.0,1.0,0.7549773507900777,1.0,1.0,1.0,0.8979072294958658
1863f7090a875133,2021.06.07.18.53.26_veh-26_01208_01412,True,1.0,1.0,0.6743857496786493,1.0,1.0,1.0,0.8643273956994372
1b7f1a48a9285dc5,2021.09.14.18.43.41_veh-45_02296_02477,True,1.0,1.0,0.6344958063708845,1.0,1.0,1.0,0.8477065859878685
6e381de9de9a5048,2021.08.31.11.47.30_veh-40_00393_00847,True,1.0,1.0,0.9914464663732103,1.0,1.0,1.0,0.9964360276555043
2f14a47a32df5104,2021.07.24.22.52.16_veh-35_03236_04096,True,1.0,1.0,0.42341337009907737,1.0,1.0,1.0,0.7597555708746156
89c7b76196cc51c9,2021.10.05.07.38.12_veh-50_00898_01058,True,1.0,1.0,1.0,1.0,1.0,1.0,1.0
9f9d065b098c5d5d,2021.08.31.18.15.54_veh-40_00335_00568,True,1.0,1.0,0.9074253709835542,1.0,1.0,1.0,0.9614272379098142
655c89b748d2588f,2021.10.05.07.10.04_veh-52_01442_01802,True,1.0,1.0,0.7832983454288993,1.0,1.0,1.0,0.9097076439287081
db439b1292395139,2021.06.08.12.54.54_veh-26_02994_03970,True,1.0,1.0,0.7131180632175596,1.0,1.0,1.0,0.8804658596739832
f8388643d5e75bd8,2021.08.31.17.42.52_veh-40_01033_01313,True,1.0,1.0,0.7671912631817901,0.0,1.0,1.0,0.4863296929924125
64bc618e988a529b,2021.10.05.06.24.06_veh-50_00431_00527,True,1.0,1.0,0.6116225865315471,1.0,1.0,1.0,0.838176077721478
07276bf605e75853,2021.10.05.04.03.05_veh-50_01466_01790,True,1.0,1.0,0.7497471107044862,1.0,1.0,1.0,0.895727962793536
36d51d96c7ab5de7,2021.10.05.08.11.15_veh-50_01222_01462,True,1.0,1.0,1.0,1.0,1.0,1.0,1.0
ac41535715a553ee,2021.06.07.13.53.57_veh-35_02489_03145,True,1.0,1.0,0.5343267037149132,1.0,1.0,1.0,0.8059694598812138
1cfb82a7d0fc5532,2021.09.14.19.46.05_veh-45_01937_02119,True,1.0,1.0,0.9278784352495512,1.0,1.0,1.0,0.9699493480206464
e4326034b329512d,2021.06.07.17.48.02_veh-38_01949_02085,True,1.0,1.0,1.0,1.0,1.0,1.0,1.0
b572be499897512d,2021.09.14.16.46.51_veh-45_00149_00900,True,1.0,1.0,0.710380520390717,1.0,1.0,0.0,0.8793252168294655
88ebd59062ff5754,2021.08.31.17.42.52_veh-40_01033_01313,True,0.0,1.0,0.0,0.0,1.0,1.0,0.0
4af373236f3555df,2021.08.31.18.15.54_veh-40_01143_01496,True,1.0,1.0,0.716422305303322,1.0,1.0,1.0,0.8818426272097174
3315880386e45927,2021.06.07.18.53.26_veh-26_00005_00427,True,1.0,1.0,1.0,1.0,1.0,1.0,1.0
3b4fbda417ff5891,2021.10.05.06.57.40_veh-50_01658_01796,True,1.0,1.0,0.7376107464426571,1.0,1.0,1.0,0.8906711443511072
8ef5e08cf1235d75,2021.06.08.14.14.51_veh-35_01508_01763,True,1.0,1.0,0.6471487075546637,1.0,1.0,1.0,0.8529786281477766
167a3562466359ad,2021.06.07.19.29.59_veh-38_01025_01274,True,1.0,1.0,1.0,1.0,1.0,1.0,1.0
a2170b8bde99579c,2021.08.24.19.30.33_veh-45_01391_01523,True,1.0,1.0,1.0,1.0,1.0,1.0,1.0
ff29aba314185d7d,2021.10.05.07.49.39_veh-52_00563_00680,True,1.0,0.0,0.0,1.0,1.0,1.0,0.0
d7b8fe0e9a355ef0,2021.10.05.07.10.04_veh-52_01442_01802,True,1.0,1.0,0.7151694453746138,1.0,1.0,1.0,0.8813206022394224
91a9b10d8a1556f9,2021.08.31.18.15.54_veh-40_00038_00199,True,1.0,1.0,1.0,1.0,1.0,1.0,1.0
d229e39ba3485fc7,2021.10.05.06.31.40_veh-52_01598_02013,True,1.0,1.0,0.7994704415193792,1.0,1.0,1.0,0.9164460172997413
f02a92578d3b576c,2021.06.08.12.54.54_veh-26_02323_02479,True,1.0,1.0,1.0,1.0,1.0,1.0,1.0
0128a6a1cccd521b,2021.06.08.12.00.19_veh-35_02988_03160,True,1.0,1.0,0.5822328945857782,1.0,1.0,1.0,0.8259303727440743
5f50007be6c95f4f,2021.09.14.16.46.51_veh-45_00149_00900,True,1.0,1.0,1.0,1.0,1.0,1.0,1.0
5c777795899850ee,2021.08.31.14.40.58_veh-40_01022_01255,True,1.0,1.0,0.8414394161454186,1.0,1.0,1.0,0.9339330900605911
c2b3bc5cf2965fb9,2021.06.07.13.53.57_veh-35_01772_02032,True,1.0,1.0,0.9629898349727748,0.0,1.0,1.0,0.5679124312386562
d825238b909650dc,2021.10.05.06.57.40_veh-50_00665_00857,True,1.0,1.0,0.7045126834254577,1.0,1.0,1.0,0.8768802847606074
e051ec8b2dd75dfb,2021.10.05.06.24.06_veh-50_00717_01300,True,1.0,1.0,0.6316219288185817,1.0,1.0,1.0,0.8465091370077423
963d9c4050035d7f,2021.09.14.16.46.51_veh-45_00149_00900,True,1.0,1.0,0.7652002656122513,1.0,1.0,1.0,0.902166777338438
6fc0531e8ef45896,2021.08.31.17.42.52_veh-40_01551_01684,True,1.0,1.0,0.8102992036300041,1.0,1.0,1.0,0.9209580015125017
b83febab595f5a91,2021.08.31.18.15.54_veh-40_00579_00980,True,1.0,1.0,0.8997880818203378,1.0,1.0,1.0,0.9582450340918074
4c98b2a043075bf0,2021.10.05.08.11.15_veh-50_00163_00321,True,1.0,1.0,0.6951812151945161,1.0,1.0,1.0,0.8729921729977151
17fd5a6413785978,2021.10.05.06.57.40_veh-50_00665_00857,True,1.0,1.0,1.0,1.0,1.0,1.0,1.0
0f2b1ab7c34a5b6c,2021.08.31.12.21.30_veh-40_00378_00527,True,1.0,1.0,0.9297231776013448,1.0,1.0,1.0,0.970717990667227
dad4c437f59a5c9c,2021.08.24.17.34.27_veh-45_01478_01553,True,1.0,1.0,0.9965106116201112,1.0,1.0,1.0,0.9985460881750464
f645b55c406c5aaa,2021.10.05.08.11.15_veh-50_00970_01211,True,1.0,1.0,0.956943615410899,1.0,1.0,1.0,0.9820598397545414
4d7fa90bd2805dc6,2021.09.14.16.46.51_veh-45_00149_00900,True,1.0,1.0,0.7063409709958869,1.0,1.0,1.0,0.8776420712482862
f7403964981a57c9,2021.08.24.19.30.33_veh-45_00290_00484,True,1.0,1.0,0.90791498654789,1.0,1.0,1.0,0.9616312443949542
00b8bd5be55f53bf,2021.08.31.17.42.52_veh-40_01033_01313,True,1.0,1.0,0.7821587735675058,1.0,1.0,1.0,0.9092328223197942
90dad22b21dc5a70,2021.10.05.06.24.06_veh-50_00717_01300,True,1.0,1.0,0.6689832634010263,1.0,1.0,1.0,0.8620763597504276
82e367c7c7905afe,2021.10.05.06.24.06_veh-50_00717_01300,True,1.0,1.0,0.6494083946539305,1.0,1.0,1.0,0.8539201644391378
b9148d958ae35f13,2021.10.05.08.11.15_veh-50_00360_00426,True,1.0,1.0,0.7481613038975079,1.0,1.0,1.0,0.8950672099572948
627d9fcb765c5d99,2021.08.31.14.01.15_veh-40_00692_00977,True,1.0,1.0,0.896659219916921,1.0,1.0,1.0,0.9569413416320504
06c1c428eea05b6c,2021.08.24.18.30.46_veh-08_02327_02583,True,1.0,1.0,0.9994505348512651,1.0,1.0,1.0,0.9997710561880272
