condition,seed,split,token,recording,scene_token,command,xy_ade_m,selected_patch_ids,supervised_patch_times,future_mse,persistence_mse,future_mse_by_horizon,persistence_mse_by_horizon,prediction_delta_rms_from_frozen_current
mlp_recipe_control,29,train,42868079cfb75233,2021.07.09.01.37.16_veh-26,641fad330504500c,1,0.08094503730535507,"[267, 482, 422, 327]",0,0.0,0.0,"[null, null, null, null]","[null, null, null, null]",1.5752296447753906
mlp_recipe_control,29,train,caafcdd4b7835eb0,2021.07.09.01.37.16_veh-26,359f92c3233457a3,1,0.08471991866827011,"[267, 353, 235, 328]",4,2.585888385772705,1.835742473602295,"[null, null, null, 2.585888385772705]","[null, null, null, 1.835742473602295]",1.68543541431427
mlp_recipe_control,29,train,2fa96542484250f0,2021.07.09.01.37.16_veh-26,f89a324077eb57a9,1,0.0666201263666153,"[266, 201, 299, 231]",4,2.5567245483398438,1.2018836736679077,"[null, null, 2.5567245483398438, null]","[null, null, 1.2018836736679077, null]",1.6300026178359985
mlp_recipe_control,29,train,68341772b52f543b,2021.07.09.01.37.16_veh-26,698608aa5fed5770,0,0.0659385621547699,"[325, 326, 324, 363]",8,3.7948999404907227,4.389025688171387,"[3.192473888397217, 4.397326469421387, null, null]","[3.35888934135437, 5.419161796569824, null, null]",1.7058030366897583
mlp_recipe_control,29,train,eabd9d1227785454,2021.07.09.01.37.16_veh-26,a110aeed6ea85e04,1,0.032359618693590164,"[232, 166, 204, 164]",16,2.593743324279785,1.804360270500183,"[2.0965681076049805, 2.130812168121338, 2.7715327739715576, 3.3760595321655273]","[0.9267035722732544, 1.4911580085754395, 1.9963631629943848, 2.8032166957855225]",1.564988613128662
mlp_recipe_control,29,train,f70d691cf70b5cb3,2021.07.09.01.37.16_veh-26,34dd5ff0548b5455,0,0.039752863347530365,"[166, 133, 196, 198]",8,3.0331835746765137,1.6521694660186768,"[3.0205464363098145, 3.045820951461792, null, null]","[1.227785348892212, 2.0765535831451416, null, null]",1.6893430948257446
mlp_recipe_control,29,train,aa2fce3e3af55b1c,2021.07.09.01.37.16_veh-26,4ca220b52b5c50af,1,0.06182672828435898,"[104, 140, 171, 137]",4,2.7920873165130615,0.5214383006095886,"[2.7920873165130615, null, null, null]","[0.5214383006095886, null, null, null]",1.6069151163101196
mlp_recipe_control,29,train,00029eec66d650e1,2021.07.09.01.37.16_veh-26,045ff16e93dc5a42,1,0.04490756243467331,"[452, 329, 416, 484]",4,2.836249351501465,1.3441730737686157,"[2.836249351501465, null, null, null]","[1.3441730737686157, null, null, null]",1.7001093626022339
mlp_recipe_control,29,train,0168dd4fffde52ed,2021.06.08.12.00.19_veh-35,a4e97e74e1a150b3,1,0.4904657304286957,"[369, 388, 391, 429]",0,0.0,0.0,"[null, null, null, null]","[null, null, null, null]",1.6733661890029907
mlp_recipe_control,29,train,c4e9600b96ce5d54,2021.06.08.12.00.19_veh-35,4d01ebfbc43d560b,1,0.03425953537225723,"[65, 96, 97, 480]",4,2.8309621810913086,1.6027288436889648,"[2.8309621810913086, null, null, null]","[1.6027288436889648, null, null, null]",1.8058574199676514
mlp_recipe_control,29,train,a80c5ee8b1ff56d8,2021.06.08.12.00.19_veh-35,3ffcb152c57c56c5,1,0.8992426991462708,"[272, 270, 271, 268]",16,4.270169258117676,2.049107074737549,"[3.9808993339538574, 4.153163909912109, 4.372747421264648, 4.57386589050293]","[0.9019278287887573, 1.4179418087005615, 2.453766345977783, 3.422792434692383]",1.9424985647201538
mlp_recipe_control,29,train,54f9b4af08e05d79,2021.06.08.12.00.19_veh-35,a2165005ab865a02,1,0.08496919274330139,"[295, 266, 391, 359]",0,0.0,0.0,"[null, null, null, null]","[null, null, null, null]",1.7892844676971436
mlp_recipe_control,29,train,1657554fc5445eb6,2021.06.08.12.00.19_veh-35,39cbdec7b364501d,2,0.28486281633377075,"[334, 169, 206, 234]",16,3.6421613693237305,2.5382723808288574,"[2.7219655513763428, 3.438052177429199, 4.196669578552246, 4.211957931518555]","[0.8232175707817078, 2.2178969383239746, 3.1253552436828613, 3.986619472503662]",1.6569366455078125
mlp_recipe_control,29,train,e7cde98715555110,2021.06.08.12.00.19_veh-35,785bf24e15875ef2,1,1.9376641511917114,"[268, 271, 299, 266]",8,3.0775742530822754,1.7490673065185547,"[3.1625475883483887, 2.992600917816162, null, null]","[1.422807216644287, 2.0753273963928223, null, null]",1.8035677671432495
mlp_recipe_control,29,train,4bb4fd668a805612,2021.06.08.12.00.19_veh-35,c461bc7ab865595e,0,0.27848848700523376,"[480, 451, 448, 484]",16,3.00543212890625,1.6781232357025146,"[2.986837148666382, 3.033724784851074, 3.092951774597168, 2.9082159996032715]","[1.1084165573120117, 1.5532172918319702, 1.8423629999160767, 2.208495616912842]",1.739383339881897
mlp_recipe_control,29,train,c1fe3aa66ec55b17,2021.06.08.12.00.19_veh-35,9655be695969522d,1,0.36804458498954773,"[420, 452, 484, 356]",8,2.5433743000030518,3.4739127159118652,"[2.6051783561706543, 2.481570243835449, null, null]","[3.4811129570007324, 3.466712474822998, null, null]",1.972772479057312
mlp_recipe_control,29,train,9fe049486481505a,2021.08.17.13.15.12_veh-45,ca75f3286b115d37,0,0.047190599143505096,"[359, 39, 363, 75]",16,4.251819610595703,3.494387149810791,"[2.8073012828826904, 3.4092769622802734, 5.058207988739014, 5.732491493225098]","[0.739388644695282, 2.9371511936187744, 4.648820877075195, 5.652187824249268]",1.6780459880828857
mlp_recipe_control,29,train,f895bc253a215fc4,2021.08.17.13.15.12_veh-45,a3cae0d00733532e,1,0.39423447847366333,"[362, 457, 354, 484]",8,2.8959596157073975,0.8555094003677368,"[2.7711496353149414, 3.0207695960998535, null, null]","[0.5391048789024353, 1.171913981437683, null, null]",1.6079883575439453
mlp_recipe_control,29,train,f1430641b7685542,2021.08.17.13.15.12_veh-45,81ff4535c5c251d6,1,0.0438518300652504,"[138, 239, 202, 141]",16,2.661515712738037,1.9647197723388672,"[2.297882080078125, 2.513155937194824, 2.646674394607544, 3.1883509159088135]","[1.3849844932556152, 1.630922794342041, 1.8888707160949707, 2.954101085662842]",1.6200196743011475
mlp_recipe_control,29,train,ada17d80705459e5,2021.08.17.13.15.12_veh-45,16b335fe131c50be,1,0.09380356222391129,"[0, 43, 32, 128]",0,0.0,0.0,"[null, null, null, null]","[null, null, null, null]",1.6799180507659912
mlp_recipe_control,29,train,5442925b5514525c,2021.08.17.13.15.12_veh-45,5b0cacf961245153,1,0.1479247510433197,"[207, 143, 267, 141]",4,2.9156136512756348,1.1125118732452393,"[2.9156136512756348, null, null, null]","[1.1125118732452393, null, null, null]",1.8045520782470703
mlp_recipe_control,29,train,f4be93317adf5091,2021.08.17.13.15.12_veh-45,e2ce597de87f572d,1,0.06112409383058548,"[360, 199, 359, 483]",12,2.5184202194213867,0.887812614440918,"[2.4741368293762207, 2.540529727935791, 2.5405936241149902, null]","[0.9759536981582642, 0.8421146273612976, 0.8453696370124817, null]",1.5260814428329468
mlp_recipe_control,29,train,0c12cf6a804d5e86,2021.08.17.13.15.12_veh-45,8db7aab4ec8458a5,0,0.14708977937698364,"[451, 416, 417, 352]",8,3.0341267585754395,3.167712450027466,"[null, 3.0932555198669434, 2.9749982357025146, null]","[null, 3.148200511932373, 3.1872241497039795, null]",1.8906527757644653
mlp_recipe_control,29,train,a1da8bec7a1c5c7e,2021.08.17.13.15.12_veh-45,c55fafd4f7d05c65,1,0.05628455802798271,"[193, 9, 196, 68]",16,3.214869499206543,2.4608802795410156,"[2.879751205444336, 3.1226999759674072, 3.353564977645874, 3.5034618377685547]","[1.8949573040008545, 2.4202656745910645, 2.8861727714538574, 2.642124652862549]",1.7502498626708984
mlp_recipe_control,29,train,1b173e83ce58518b,2021.06.08.16.31.33_veh-38,3364fd6ba8365441,1,0.04266928881406784,"[481, 325, 484, 482]",0,0.0,0.0,"[null, null, null, null]","[null, null, null, null]",1.7206611633300781
mlp_recipe_control,29,train,7fa7f2973eb6583d,2021.06.08.16.31.33_veh-38,e6f6b559cbe6534e,1,0.23807820677757263,"[204, 200, 236, 225]",16,2.715701103210449,1.3479444980621338,"[2.43937087059021, 2.680361270904541, 2.916825294494629, 2.826246738433838]","[0.8838352560997009, 1.0413545370101929, 1.305119514465332, 2.161468505859375]",1.6366246938705444
mlp_recipe_control,29,train,63818d7962335cb9,2021.06.08.16.31.33_veh-38,3bb603a701225a40,0,0.07921680063009262,"[194, 193, 224, 261]",16,2.9882638454437256,2.154860496520996,"[2.855478286743164, 2.978684663772583, 2.9333834648132324, 3.1855087280273438]","[1.3468749523162842, 1.7610840797424316, 2.3640472888946533, 3.1474356651306152]",1.7635406255722046
mlp_recipe_control,29,train,eb6af2bd1a635cb2,2021.06.08.16.31.33_veh-38,65daba6a1f955c59,1,0.21500374376773834,"[289, 136, 358, 163]",8,2.6615865230560303,1.6633524894714355,"[2.6505589485168457, 2.672614097595215, null, null]","[1.031769871711731, 2.2949347496032715, null, null]",1.7103605270385742
mlp_recipe_control,29,train,6f08f1ba4c555d89,2021.06.08.16.31.33_veh-38,00c6ea1054d15101,1,0.7871744632720947,"[267, 261, 299, 235]",16,2.720674514770508,1.8165785074234009,"[2.7177655696868896, 2.7524185180664062, 2.735987663269043, 2.6765267848968506]","[1.2690622806549072, 1.5681143999099731, 2.123668670654297, 2.305469036102295]",1.6238200664520264
mlp_recipe_control,29,train,2af3184e9f0f5697,2021.06.08.16.31.33_veh-38,fb1c65108c895a43,1,0.18419241905212402,"[328, 329, 330, 234]",4,3.3905458450317383,1.3455379009246826,"[3.3905458450317383, null, null, null]","[1.3455379009246826, null, null, null]",1.739525556564331
mlp_recipe_control,29,train,33230d8bfa425f6f,2021.06.08.16.31.33_veh-38,3364fd6ba8365441,1,0.2792791724205017,"[272, 237, 275, 299]",16,4.08127498626709,2.192204475402832,"[3.5905919075012207, 4.056851863861084, 4.099696159362793, 4.5779595375061035]","[1.111661672592163, 2.0669593811035156, 2.1379141807556152, 3.452282428741455]",1.8668607473373413
mlp_recipe_control,29,train,dcee65c0765f51bf,2021.06.08.16.31.33_veh-38,7acd2a98ba7b5157,0,0.24594323337078094,"[5, 69, 66, 419]",16,3.2872183322906494,1.8075535297393799,"[2.98921537399292, 3.4297165870666504, 3.3641347885131836, 3.3658065795898438]","[0.5997025370597839, 1.2467106580734253, 2.5932369232177734, 2.7905640602111816]",1.7755435705184937
mlp_recipe_control,29,train,82abb0794a955aff,2021.10.05.08.11.15_veh-50,d53d220a77795cee,1,0.6565601229667664,"[164, 196, 495, 323]",16,2.9009861946105957,2.4832098484039307,"[2.62567400932312, 2.764444351196289, 3.1386749744415283, 3.0751516819000244]","[2.5681395530700684, 2.118349552154541, 2.6088216304779053, 2.637528896331787]",1.7198511362075806
mlp_recipe_control,29,train,fa9ebf82174f56e2,2021.10.05.08.11.15_veh-50,81ed977eb5a1520d,1,0.4587329626083374,"[160, 256, 291, 290]",16,2.9146978855133057,2.5374231338500977,"[3.266097068786621, 2.97202205657959, 2.5246357917785645, 2.89603590965271]","[2.546382188796997, 2.743711471557617, 2.2290215492248535, 2.6305770874023438]",1.8087668418884277
mlp_recipe_control,29,train,de7aee4bfd4650d8,2021.10.05.08.11.15_veh-50,8a8fe2f545dd5865,2,0.6284801959991455,"[266, 162, 130, 301]",12,2.6783251762390137,2.6761550903320312,"[2.8727328777313232, null, 2.385362148284912, 2.7768797874450684]","[2.609251022338867, null, 2.8845295906066895, 2.5346839427948]",1.814497709274292
mlp_recipe_control,29,train,7f74e72074485b12,2021.10.05.08.11.15_veh-50,2bbefccd0ef85651,1,0.7762932181358337,"[391, 359, 198, 329]",0,0.0,0.0,"[null, null, null, null]","[null, null, null, null]",1.862362265586853
mlp_recipe_control,29,train,acf207f491775e7b,2021.10.05.08.11.15_veh-50,ae67187c90635ca6,0,0.28415387868881226,"[357, 355, 420, 356]",8,2.9792041778564453,1.5128505229949951,"[2.89164662361145, 3.0667619705200195, null, null]","[1.0659549236297607, 1.9597461223602295, null, null]",1.60013747215271
mlp_recipe_control,29,train,246eb858bec25310,2021.10.05.08.11.15_veh-50,4782310b87105568,2,0.36031973361968994,"[169, 197, 201, 265]",16,2.9756224155426025,2.426694869995117,"[2.646855354309082, 3.1741342544555664, 3.2683286666870117, 2.813171863555908]","[1.744681715965271, 2.570244073867798, 2.8839962482452393, 2.507857322692871]",1.6630250215530396
mlp_recipe_control,29,train,40e23bdca88c5b0d,2021.10.05.08.11.15_veh-50,780bff4205715957,0,0.226723313331604,"[358, 292, 390, 293]",12,2.7512741088867188,1.3771941661834717,"[2.595871686935425, 2.790602207183838, 2.8673486709594727, null]","[0.8913812637329102, 1.246544361114502, 1.9936566352844238, null]",1.6600213050842285
mlp_recipe_control,29,train,8d59999281da5243,2021.10.05.08.11.15_veh-50,e6ed98e5973e5120,0,0.5781648755073547,"[452, 419, 483, 352]",16,2.9776558876037598,1.3356753587722778,"[3.1123266220092773, 3.0296521186828613, 3.0165228843688965, 2.752122402191162]","[0.737969696521759, 1.0748728513717651, 1.8698160648345947, 1.6600427627563477]",1.6799732446670532
mlp_recipe_control,29,train,75afc126374359d3,2021.09.15.14.00.15_veh-28,821da079291c52cf,1,0.09217654168605804,"[34, 136, 298, 40]",16,2.887906789779663,2.0856635570526123,"[2.7441985607147217, 2.9514527320861816, 2.7880606651306152, 3.067915439605713]","[1.615265965461731, 2.0975964069366455, 2.3539044857025146, 2.2758872509002686]",1.6636890172958374
mlp_recipe_control,29,train,973a7c9d77ca5b23,2021.09.15.14.00.15_veh-28,19e39a5880c754ad,1,0.04125009477138519,"[195, 358, 359, 361]",4,2.34421706199646,0.8192930221557617,"[2.34421706199646, null, null, null]","[0.8192930221557617, null, null, null]",1.5213379859924316
mlp_recipe_control,29,train,095741f4465352b3,2021.09.15.14.00.15_veh-28,96b8f4dbc6995cb7,1,0.09536425024271011,"[134, 104, 105, 327]",16,2.486344814300537,2.3802919387817383,"[2.5985114574432373, 2.4234368801116943, 2.5292749404907227, 2.394155502319336]","[1.9495179653167725, 2.57332444190979, 2.8351707458496094, 2.163154125213623]",1.7401959896087646
mlp_recipe_control,29,train,4617f5dbb29c500a,2021.09.15.14.00.15_veh-28,07d29dd2e9c6500b,1,0.1135767251253128,"[300, 393, 449, 299]",0,0.0,0.0,"[null, null, null, null]","[null, null, null, null]",1.8628947734832764
mlp_recipe_control,29,train,b0f67ce7d678590b,2021.09.15.14.00.15_veh-28,9341eeedf0ae5c32,1,0.10676366090774536,"[434, 467, 437, 450]",8,4.241972923278809,2.2982349395751953,"[3.840803384780884, 4.643142223358154, null, null]","[1.8653571605682373, 2.7311129570007324, null, null]",2.0233030319213867
mlp_recipe_control,29,train,13456839ba8c52ef,2021.09.15.14.00.15_veh-28,d24fb2b39ae1574e,1,0.08376526832580566,"[293, 464, 451, 463]",0,0.0,0.0,"[null, null, null, null]","[null, null, null, null]",1.9050159454345703
mlp_recipe_control,29,train,1df7865b517251d0,2021.09.15.14.00.15_veh-28,dc1ef9d49cb25b98,1,0.022533681243658066,"[391, 423, 170, 424]",8,4.505228042602539,3.7769055366516113,"[4.39469051361084, 4.6157660484313965, null, null]","[3.1497132778167725, 4.4040985107421875, null, null]",1.9183820486068726
mlp_recipe_control,29,train,38f3a2f5fe33500f,2021.09.15.14.00.15_veh-28,5a06354563625c69,2,0.45963284373283386,"[229, 235, 226, 300]",16,3.5213422775268555,2.938342332839966,"[3.8871421813964844, 3.6403918266296387, 3.821831226348877, 2.736004590988159]","[2.2657418251037598, 2.8603286743164062, 3.41530179977417, 3.2119970321655273]",1.8900163173675537
mlp_recipe_control,29,train,95535851c7b75757,2021.07.16.22.40.23_veh-38,6e36585b2ea55145,1,0.08642777055501938,"[163, 193, 462, 395]",8,3.3516933917999268,3.18208384513855,"[3.5234482288360596, 3.179938793182373, null, null]","[2.473602294921875, 3.8905653953552246, null, null]",1.9178855419158936
mlp_recipe_control,29,train,6764c662e15e5b48,2021.07.16.22.40.23_veh-38,216d4aa3e3fe59a3,1,0.07174360752105713,"[367, 462, 464, 466]",16,2.760324001312256,1.6862449645996094,"[2.7829813957214355, 2.792039632797241, 2.5537586212158203, 2.9125163555145264]","[0.9814095497131348, 1.7317986488342285, 1.8630480766296387, 2.1687235832214355]",1.7711801528930664
mlp_recipe_control,29,train,7bf05e0f52b75ee2,2021.07.16.22.40.23_veh-38,1deff9a6d27a5f6b,0,0.019552864134311676,"[260, 420, 387, 290]",16,3.253685474395752,4.40888786315918,"[2.8613569736480713, 3.2884788513183594, 3.3801755905151367, 3.4847304821014404]","[4.021476745605469, 4.062011241912842, 4.573368549346924, 4.978696346282959]",1.9173014163970947
mlp_recipe_control,29,train,673b04fae3fc5595,2021.07.16.22.40.23_veh-38,a7823a906c555e39,1,0.026090536266565323,"[260, 492, 463, 137]",16,3.1279382705688477,1.691277027130127,"[2.7767221927642822, 2.7892308235168457, 3.1024982929229736, 3.8433010578155518]","[0.7755740880966187, 0.979077935218811, 1.6576957702636719, 3.3527607917785645]",1.643247365951538
mlp_recipe_control,29,train,c8faaa73c9c054d1,2021.07.16.22.40.23_veh-38,98071366467650ae,0,0.08292858302593231,"[420, 452, 391, 450]",16,3.510822057723999,2.929689645767212,"[2.720370292663574, 2.897848606109619, 3.426193952560425, 4.998875617980957]","[1.1458024978637695, 2.349700927734375, 2.8724727630615234, 5.35078239440918]",1.6995065212249756
mlp_recipe_control,29,train,5e5f522e3ecd5cca,2021.07.16.22.40.23_veh-38,900bff237382523c,1,0.2520856261253357,"[235, 257, 256, 291]",4,3.1121654510498047,1.5018354654312134,"[3.1121654510498047, null, null, null]","[1.5018354654312134, null, null, null]",1.790762186050415
mlp_recipe_control,29,train,378d61da938e5420,2021.07.16.22.40.23_veh-38,b4d6add3705a50f5,1,0.056485507637262344,"[233, 424, 231, 235]",4,2.2064571380615234,0.8874393701553345,"[2.2064571380615234, null, null, null]","[0.8874393701553345, null, null, null]",1.5572364330291748
mlp_recipe_control,29,train,8bcd32f3329b5729,2021.07.16.22.40.23_veh-38,ce32a45e2c885ce0,1,0.2508082985877991,"[340, 335, 273, 456]",4,2.8892297744750977,1.983062744140625,"[null, null, null, 2.8892297744750977]","[null, null, null, 1.983062744140625]",1.7115566730499268
mlp_recipe_control,29,train,85107617069e5eae,2021.10.05.07.49.39_veh-52,a3270c0c8ca250a5,2,0.6654270887374878,"[196, 452, 420, 451]",16,2.806519031524658,2.4717533588409424,"[3.0701420307159424, 2.666887044906616, 2.7113306522369385, 2.777716636657715]","[2.33341121673584, 2.208211898803711, 2.6325910091400146, 2.712799549102783]",1.866165280342102
mlp_recipe_control,29,train,dd9d8e686a345f74,2021.10.05.07.49.39_veh-52,6ef4b849a52f565e,1,0.1332925260066986,"[235, 266, 201, 203]",16,2.909670352935791,1.074385643005371,"[3.0442581176757812, 2.902695894241333, 2.822221279144287, 2.869507074356079]","[1.1260080337524414, 0.9533965587615967, 1.0168344974517822, 1.201303482055664]",1.690517544746399
mlp_recipe_control,29,train,d25f823ffc5f55cf,2021.10.05.07.49.39_veh-52,b9c2d90e9f0d5298,2,0.2319536656141281,"[454, 322, 418, 483]",16,2.9539365768432617,2.156188726425171,"[2.8192782402038574, 2.840508460998535, 2.957167625427246, 3.1987924575805664]","[1.8346781730651855, 1.9712737798690796, 2.217517375946045, 2.601285696029663]",1.6820939779281616
mlp_recipe_control,29,train,fa41647d02c7591c,2021.10.05.07.49.39_veh-52,425547b119ac51e8,2,0.6349295973777771,"[359, 360, 455, 386]",4,3.5546751022338867,3.303640604019165,"[3.5546751022338867, null, null, null]","[3.303640604019165, null, null, null]",1.8640309572219849
mlp_recipe_control,29,train,e1513979c1a25a3a,2021.10.05.07.49.39_veh-52,63675e4e47d35a9c,0,0.3166203796863556,"[388, 355, 357, 387]",16,2.8489346504211426,3.4809370040893555,"[2.631143093109131, 2.8921713829040527, 3.419928789138794, 2.452496290206909]","[2.7679996490478516, 3.7625222206115723, 4.466282844543457, 2.926943778991699]",1.7216960191726685
mlp_recipe_control,29,train,21a96107cf785a63,2021.10.05.07.49.39_veh-52,425547b119ac51e8,0,0.2320203334093094,"[268, 235, 267, 195]",12,2.9670894145965576,1.9872617721557617,"[2.970158100128174, 2.994799852371216, 2.9363105297088623, null]","[1.7066307067871094, 2.0088558197021484, 2.2462990283966064, null]",1.7600290775299072
mlp_recipe_control,29,train,0961f8661d8a58c2,2021.10.05.07.49.39_veh-52,1cb0c69eb34a51f0,2,0.766585648059845,"[483, 420, 102, 140]",4,3.818770408630371,1.358901858329773,"[3.818770408630371, null, null, null]","[1.358901858329773, null, null, null]",2.0587189197540283
mlp_recipe_control,29,train,5c78f13876e0582b,2021.10.05.07.49.39_veh-52,a140ff94e233594d,1,0.27024561166763306,"[230, 262, 36, 231]",16,2.6723992824554443,2.1634535789489746,"[2.8087401390075684, 2.497973918914795, 2.968846559524536, 2.414036750793457]","[1.522219181060791, 1.8831255435943604, 2.708334445953369, 2.540134906768799]",1.7441116571426392
mlp_recipe_control,29,train,8b0932e2de6753ab,2021.06.09.12.06.35_veh-35,29cb5c1452bc5bce,1,0.299478679895401,"[235, 263, 261, 269]",4,2.81131911277771,1.4098656177520752,"[2.81131911277771, null, null, null]","[1.4098656177520752, null, null, null]",1.7712606191635132
mlp_recipe_control,29,train,c2b7349b328858ac,2021.06.09.12.06.35_veh-35,39e28bb91b3c557d,0,0.09160779416561127,"[325, 293, 327, 328]",4,2.3371706008911133,0.6232538223266602,"[2.3371706008911133, null, null, null]","[0.6232538223266602, null, null, null]",1.5143592357635498
mlp_recipe_control,29,train,482e228f118e544b,2021.06.09.12.06.35_veh-35,d8e166bb74fc5f00,1,0.08543862402439117,"[294, 200, 327, 262]",8,3.052767753601074,1.8391385078430176,"[3.004300594329834, 3.1012349128723145, null, null]","[1.6204304695129395, 2.0578465461730957, null, null]",1.860084891319275
mlp_recipe_control,29,train,0bcc8551849c538f,2021.06.09.12.06.35_veh-35,ab18f13d87e7560f,1,0.08903837203979492,"[447, 274, 501, 504]",8,3.7671988010406494,1.3739848136901855,"[null, null, 3.7607955932617188, 3.77360200881958]","[null, null, 1.4395701885223389, 1.3083994388580322]",1.9375417232513428
mlp_recipe_control,29,train,79ea424b3b2b51e7,2021.06.09.12.06.35_veh-35,7331a1cdf1cd5f28,1,0.12682095170021057,"[492, 431, 448, 160]",8,2.8456130027770996,1.5740971565246582,"[null, null, 2.985133409500122, 2.706092357635498]","[null, null, 1.3541533946990967, 1.7940409183502197]",1.6575063467025757
mlp_recipe_control,29,train,5a4f5d512d285fd2,2021.06.09.12.06.35_veh-35,7331a1cdf1cd5f28,1,0.09333100914955139,"[412, 451, 450, 446]",0,0.0,0.0,"[null, null, null, null]","[null, null, null, null]",1.9177048206329346
mlp_recipe_control,29,train,f56f173b6d3b52d4,2021.06.09.12.06.35_veh-35,533c96a969445755,1,0.025708695873618126,"[204, 207, 202, 225]",16,3.107008457183838,2.0751986503601074,"[2.5626847743988037, 3.0334854125976562, 3.188734292984009, 3.643129348754883]","[0.9553433656692505, 1.7841461896896362, 2.2765235900878906, 3.284780502319336]",1.753096342086792
mlp_recipe_control,29,train,7d14dc9e1394504c,2021.06.09.12.06.35_veh-35,15746f958b855ce1,1,0.15231841802597046,"[299, 332, 197, 331]",4,3.442962408065796,1.2885262966156006,"[3.442962408065796, null, null, null]","[1.2885262966156006, null, null, null]",1.7821117639541626
mlp_recipe_control,29,train,a0b601837cc25f9a,2021.06.07.12.54.00_veh-35,e6276d5babcf57c5,1,0.15304140746593475,"[452, 327, 451, 483]",16,2.6578450202941895,2.2664899826049805,"[2.7610061168670654, 2.830991744995117, 2.4133100509643555, 2.626072406768799]","[2.3915185928344727, 1.96735417842865, 1.8794035911560059, 2.827683210372925]",1.6497911214828491
mlp_recipe_control,29,train,dcbf1cf262365995,2021.06.07.12.54.00_veh-35,e7819c9d528b5035,1,1.5579041242599487,"[299, 398, 402, 329]",4,3.5956740379333496,1.9737915992736816,"[3.5956740379333496, null, null, null]","[1.9737915992736816, null, null, null]",1.7229338884353638
mlp_recipe_control,29,train,4f0a0a61bdaa5a59,2021.06.07.12.54.00_veh-35,528ee06dd0565678,1,0.12351512163877487,"[409, 410, 388, 389]",4,2.672419548034668,3.1832075119018555,"[2.672419548034668, null, null, null]","[3.1832075119018555, null, null, null]",1.9175515174865723
mlp_recipe_control,29,train,4c2e114b0f5c5cee,2021.06.07.12.54.00_veh-35,c0d79102a9225562,1,0.23880960047245026,"[329, 297, 393, 267]",16,2.9613914489746094,1.5009640455245972,"[2.7259204387664795, 2.9015450477600098, 3.0228374004364014, 3.195262908935547]","[0.8822213411331177, 1.303581953048706, 1.797945499420166, 2.0201072692871094]",1.7086420059204102
mlp_recipe_control,29,train,9ac6b0c708ef57ba,2021.06.07.12.54.00_veh-35,91deaa6b42c85a71,1,0.3426407277584076,"[392, 419, 360, 322]",4,2.864652156829834,2.0067849159240723,"[2.864652156829834, null, null, null]","[2.0067849159240723, null, null, null]",1.7411452531814575
mlp_recipe_control,29,train,8a85218e4a3d5fa2,2021.06.07.12.54.00_veh-35,91deaa6b42c85a71,1,0.2549192011356354,"[391, 268, 269, 300]",0,0.0,0.0,"[null, null, null, null]","[null, null, null, null]",1.8007334470748901
mlp_recipe_control,29,train,23b79e79cec15f05,2021.06.07.12.54.00_veh-35,f5c76f15450f5cd1,1,0.10414102673530579,"[423, 484, 328, 8]",4,2.9607245922088623,1.2053390741348267,"[2.9607245922088623, null, null, null]","[1.2053390741348267, null, null, null]",1.5629750490188599
mlp_recipe_control,29,train,e5e57399ea0a5228,2021.06.07.12.54.00_veh-35,25302d95d9f158f7,1,1.3037046194076538,"[493, 298, 459, 200]",16,2.716116189956665,2.136168956756592,"[2.744640827178955, 2.803614616394043, 2.750201940536499, 2.566007375717163]","[1.4625329971313477, 2.2010858058929443, 2.4379777908325195, 2.4430789947509766]",1.7252541780471802
mlp_recipe_control,29,train,e1a8d2a630635703,2021.06.14.14.03.45_veh-38,8f286698db6d541b,1,0.15907388925552368,"[424, 330, 461, 423]",16,3.781193256378174,3.023669481277466,"[2.9088592529296875, 2.9160990715026855, 3.9958887100219727, 5.303925514221191]","[1.7427716255187988, 1.6755993366241455, 3.2796740531921387, 5.396632671356201]",1.5885323286056519
mlp_recipe_control,29,train,aece322a1d42538a,2021.06.14.14.03.45_veh-38,7540234731835704,1,0.06781259179115295,"[204, 197, 235, 202]",16,2.9624686241149902,2.3365633487701416,"[2.611920118331909, 3.137575149536133, 3.29459285736084, 2.805785655975342]","[1.304964303970337, 2.33842134475708, 3.0119712352752686, 2.690896511077881]",1.6707751750946045
mlp_recipe_control,29,train,9d0bf147438e5fb3,2021.06.14.14.03.45_veh-38,23e9bf0d2cbe5bab,1,0.016450755298137665,"[452, 390, 460, 391]",4,2.411299467086792,0.8811273574829102,"[2.411299467086792, null, null, null]","[0.8811273574829102, null, null, null]",1.6597939729690552
mlp_recipe_control,29,train,f2d2c1ea12755312,2021.06.14.14.03.45_veh-38,34c1915fbf665c36,1,0.039295829832553864,"[481, 299, 298, 300]",8,2.994748592376709,1.5286059379577637,"[2.7617499828338623, 3.2277474403381348, null, null]","[0.7793283462524414, 2.277883529663086, null, null]",1.6830666065216064
mlp_recipe_control,29,train,cea14bc9e11e5a9a,2021.06.14.14.03.45_veh-38,6be18c3f08665d95,1,0.15384408831596375,"[164, 461, 425, 167]",4,2.7164828777313232,1.9804680347442627,"[2.7164828777313232, null, null, null]","[1.9804680347442627, null, null, null]",1.7721030712127686
mlp_recipe_control,29,train,4a60572394c95d99,2021.06.14.14.03.45_veh-38,7e940171cbb2501f,1,0.0780731588602066,"[453, 328, 455, 483]",4,2.989502429962158,0.9027613997459412,"[2.989502429962158, null, null, null]","[0.9027613997459412, null, null, null]",1.7259827852249146
mlp_recipe_control,29,train,73c60faa4a4f50d5,2021.06.14.14.03.45_veh-38,3310381978495db6,1,0.048140186816453934,"[297, 301, 269, 294]",16,3.068681001663208,2.331571102142334,"[3.349522590637207, 3.0390982627868652, 3.0368592739105225, 2.8492441177368164]","[1.8616762161254883, 2.258138656616211, 2.656486988067627, 2.5499825477600098]",1.738547682762146
mlp_recipe_control,29,train,19d7d544be8b5ed6,2021.06.14.14.03.45_veh-38,faff8007373357b2,0,0.09930408000946045,"[361, 488, 423, 389]",12,6.920941352844238,7.112472057342529,"[4.45928955078125, 6.878260135650635, 9.425272941589355, null]","[2.5552239418029785, 7.617568492889404, 11.164623260498047, null]",1.8242546319961548
mlp_recipe_control,29,train,0cee9b6cce6b55bb,2021.06.23.17.31.36_veh-16,5dd11df23010512b,1,0.035740774124860764,"[484, 356, 387, 168]",4,2.9468252658843994,1.741790533065796,"[2.9468252658843994, null, null, null]","[1.741790533065796, null, null, null]",1.5601814985275269
mlp_recipe_control,29,train,b7e4f74f963b5911,2021.06.23.17.31.36_veh-16,12076247bcfc52af,0,0.021355830132961273,"[427, 459, 497, 457]",8,3.039273738861084,1.2130537033081055,"[2.8725743293762207, 3.205972909927368, null, null]","[1.5047482252120972, 0.9213590621948242, null, null]",1.8431133031845093
mlp_recipe_control,29,train,de1498ad86835196,2021.06.23.17.31.36_veh-16,0f8853ece4595cfd,1,0.018212947994470596,"[420, 195, 328, 483]",16,3.2096710205078125,2.435614585876465,"[3.071021318435669, 2.969639301300049, 3.304931640625, 3.493091583251953]","[2.2302236557006836, 1.8754926919937134, 2.3906936645507812, 3.24604868888855]",1.5767070055007935
mlp_recipe_control,29,train,025ec42ba16f587d,2021.06.23.17.31.36_veh-16,135f484f0eaf5a02,1,0.09129392355680466,"[496, 432, 272, 236]",16,3.053750991821289,1.2381234169006348,"[2.887397050857544, 2.9960336685180664, 3.200155258178711, 3.1314172744750977]","[0.8144601583480835, 1.4155817031860352, 0.8358434438705444, 1.8866078853607178]",1.7937196493148804
mlp_recipe_control,29,train,c3fcca93dde25e14,2021.06.23.17.31.36_veh-16,e9436dfe242a5e1e,0,0.4762655198574066,"[327, 328, 166, 293]",16,2.9985945224761963,2.9256343841552734,"[2.566214084625244, 2.5277552604675293, 3.1686675548553467, 3.7317404747009277]","[1.4669816493988037, 2.595315456390381, 3.5042643547058105, 4.135976314544678]",1.6048611402511597
mlp_recipe_control,29,train,e06e9be096c55f62,2021.06.23.17.31.36_veh-16,0ecd78b5d8165cd8,0,0.05738547444343567,"[324, 391, 224, 393]",16,2.38486909866333,1.3783340454101562,"[2.373903274536133, 2.4915032386779785, 2.2419517040252686, 2.4321184158325195]","[1.0946195125579834, 1.0942344665527344, 1.3782176971435547, 1.9462642669677734]",1.5786203145980835
mlp_recipe_control,29,train,3764fca3eb725eea,2021.06.23.17.31.36_veh-16,83605fe059ea5914,1,0.1376006156206131,"[42, 476, 234, 301]",16,3.085451126098633,2.012488603591919,"[2.7859294414520264, 2.747633457183838, 3.166257858276367, 3.641983985900879]","[0.9404194355010986, 1.5442910194396973, 2.410862922668457, 3.154381036758423]",1.5864379405975342
mlp_recipe_control,29,train,e37afb24cbc354b1,2021.06.23.17.31.36_veh-16,137a8e2e182e525a,1,0.05975262448191643,"[452, 484, 389, 450]",8,3.653984546661377,2.170745372772217,"[3.112349510192871, 4.195619583129883, null, null]","[1.521758794784546, 2.8197317123413086, null, null]",1.7132951021194458
mlp_recipe_control,29,train,99bf73c4d148509a,2021.06.14.18.13.35_veh-26,ece541c7453e5027,1,0.10121934115886688,"[303, 304, 321, 272]",8,3.4926562309265137,1.3288346529006958,"[3.4704065322875977, 3.5149056911468506, null, null]","[0.9788878560066223, 1.678781509399414, null, null]",1.8828438520431519
mlp_recipe_control,29,train,82183d4ed7285e2b,2021.06.14.18.13.35_veh-26,15b78bc7ecd45635,2,0.07917232811450958,"[267, 295, 269, 298]",16,3.725416660308838,6.769197463989258,"[3.751978635787964, 3.3277945518493652, 3.9043004512786865, 3.917593240737915]","[3.8001644611358643, 7.0157670974731445, 7.997901439666748, 8.262956619262695]",2.2761166095733643
mlp_recipe_control,29,train,09fc359e65a65d2d,2021.06.14.18.13.35_veh-26,8c1c9f8ebebd5a2c,0,0.03229610621929169,"[38, 34, 70, 33]",0,0.0,0.0,"[null, null, null, null]","[null, null, null, null]",1.8962452411651611
mlp_recipe_control,29,train,ee6a818615ff51ba,2021.06.14.18.13.35_veh-26,78f10869dcaa5d66,0,0.18354138731956482,"[483, 290, 320, 448]",12,3.500761032104492,2.2259750366210938,"[3.731578826904297, 3.405000925064087, 3.3657031059265137, null]","[1.0384621620178223, 2.530233383178711, 3.109229326248169, null]",1.9556347131729126
mlp_recipe_control,29,train,e134b297048b5c37,2021.06.14.18.13.35_veh-26,290604a14d365b9b,0,0.034216009080410004,"[389, 357, 421, 293]",8,2.43442440032959,2.527879476547241,"[null, null, 2.470447540283203, 2.3984010219573975]","[null, null, 2.1877832412719727, 2.8679757118225098]",1.7203584909439087
mlp_recipe_control,29,train,9c833d715d5a5f2c,2021.06.14.18.13.35_veh-26,ce646f56ab2a530e,0,0.057822175323963165,"[421, 388, 354, 390]",16,2.674868583679199,1.8458516597747803,"[2.5352306365966797, 2.7674307823181152, 2.6748790740966797, 2.7219338417053223]","[1.6474584341049194, 1.5779030323028564, 1.8495172262191772, 2.3085274696350098]",1.569846510887146
mlp_recipe_control,29,train,505bbe9ba4405369,2021.06.14.18.13.35_veh-26,20e402609e615776,1,0.03786452114582062,"[268, 297, 329, 330]",4,2.6948211193084717,0.5757400989532471,"[2.6948211193084717, null, null, null]","[0.5757400989532471, null, null, null]",1.5688371658325195
mlp_recipe_control,29,train,7c0f902cd4a85505,2021.06.14.18.13.35_veh-26,bc0a766ff84b5442,1,0.08198532462120056,"[273, 420, 310, 240]",0,0.0,0.0,"[null, null, null, null]","[null, null, null, null]",1.7731211185455322
mlp_recipe_control,29,train,aa5610ae761e5330,2021.08.17.17.55.18_veh-43,f928e8f7bee55d18,2,0.22382882237434387,"[482, 358, 356, 174]",4,4.433986186981201,4.367154121398926,"[null, null, null, 4.433986186981201]","[null, null, null, 4.367154121398926]",1.8376976251602173
mlp_recipe_control,29,train,06f416ef3dbc5656,2021.08.17.17.55.18_veh-43,e0efd254e94b5c5d,1,0.02471841312944889,"[393, 454, 424, 423]",4,3.2481038570404053,1.5439789295196533,"[3.2481038570404053, null, null, null]","[1.5439789295196533, null, null, null]",1.9190986156463623
mlp_recipe_control,29,train,9adfdd4c06cf5e8c,2021.08.17.17.55.18_veh-43,7032266a8b3259e9,1,0.09623077511787415,"[260, 258, 193, 139]",0,0.0,0.0,"[null, null, null, null]","[null, null, null, null]",1.7761846780776978
mlp_recipe_control,29,train,94014ea94dae5180,2021.08.17.17.55.18_veh-43,03d335bbfd355432,1,0.051629699766635895,"[306, 199, 267, 337]",8,4.4650959968566895,6.6453046798706055,"[null, null, 4.784843444824219, 4.14534854888916]","[null, null, 6.378354549407959, 6.912254810333252]",2.0556137561798096
mlp_recipe_control,29,train,996a71ebed2d5962,2021.08.17.17.55.18_veh-43,669b4bc52a755a71,1,0.030899716541171074,"[231, 481, 204, 359]",12,2.4606614112854004,1.2007391452789307,"[2.2751669883728027, 2.699129104614258, 2.4076879024505615, null]","[1.0419220924377441, 1.505815863609314, 1.0544792413711548, null]",1.6437081098556519
mlp_recipe_control,29,train,b65cdf1698ec58da,2021.08.17.17.55.18_veh-43,f5ce59f542c15ccf,2,0.0876384973526001,"[325, 297, 324, 35]",8,3.3595852851867676,4.537884712219238,"[null, null, 3.261683702468872, 3.457486867904663]","[null, null, 5.069645881652832, 4.006122589111328]",2.368007183074951
mlp_recipe_control,29,train,7c897aea11555116,2021.08.17.17.55.18_veh-43,119facee9f435d2d,1,0.011465901508927345,"[333, 67, 169, 137]",0,0.0,0.0,"[null, null, null, null]","[null, null, null, null]",2.1630427837371826
mlp_recipe_control,29,train,9d8bbe7081805aff,2021.08.17.17.55.18_veh-43,e4f7253cff9559e5,1,0.6501185894012451,"[299, 164, 385, 228]",8,2.997521162033081,3.3759803771972656,"[null, null, 3.046403408050537, 2.948638439178467]","[null, null, 3.033033609390259, 3.7189273834228516]",1.930153250694275
mlp_recipe_control,29,train,6f13db85eb395da6,2021.06.07.18.53.26_veh-26,b4aa9d6255005ff4,1,1.076852560043335,"[490, 391, 355, 483]",8,2.472134590148926,0.5344953536987305,"[2.467010498046875, 2.4772579669952393, null, null]","[0.21821308135986328, 0.8507776260375977, null, null]",1.592786192893982
mlp_recipe_control,29,train,90bab1d26e77539e,2021.06.07.18.53.26_veh-26,a775290bfe11501c,1,0.5531452894210815,"[268, 270, 165, 271]",12,5.199387073516846,4.355416297912598,"[null, 3.9064128398895264, 5.1891608238220215, 6.502586364746094]","[null, 2.417713165283203, 4.045884132385254, 6.6026506423950195]",1.840790867805481
mlp_recipe_control,29,train,a0fad9da427656e1,2021.06.07.18.53.26_veh-26,7c918a18841755fe,1,0.8348107933998108,"[385, 451, 295, 454]",16,2.611064910888672,2.0493972301483154,"[2.5872864723205566, 2.582918167114258, 2.4315476417541504, 2.8425071239471436]","[1.7912390232086182, 1.9858157634735107, 1.7292060852050781, 2.691328763961792]",1.5773961544036865
mlp_recipe_control,29,train,cc2769dbb64c51c5,2021.06.07.18.53.26_veh-26,e056042111235af2,0,0.19635440409183502,"[160, 386, 452, 64]",12,2.4208788871765137,1.426379919052124,"[2.4931092262268066, null, 2.387478828430176, 2.3820486068725586]","[0.6232759356498718, null, 1.5162174701690674, 2.13964581489563]",1.6265249252319336
mlp_recipe_control,29,train,3a42aaf9c7ad52b0,2021.06.07.18.53.26_veh-26,a775290bfe11501c,1,0.0160360187292099,"[36, 128, 68, 311]",0,0.0,0.0,"[null, null, null, null]","[null, null, null, null]",1.822607159614563
mlp_recipe_control,29,train,9ce593252631507d,2021.06.07.18.53.26_veh-26,5ed65930b4c35bfa,1,0.5770643353462219,"[197, 200, 227, 232]",12,2.9853873252868652,1.8951047658920288,"[2.5622382164001465, 3.377342462539673, 3.0165810585021973, null]","[1.4819345474243164, 1.5928183794021606, 2.6105611324310303, null]",1.7426927089691162
mlp_recipe_control,29,train,d7bf7fb4d1995e7e,2021.06.07.18.53.26_veh-26,ead01d808c89587c,1,0.16296550631523132,"[177, 67, 102, 209]",16,2.6071817874908447,1.7470746040344238,"[2.3645920753479004, 2.5493533611297607, 2.6232190132141113, 2.8915629386901855]","[1.7774417400360107, 1.8379665613174438, 1.5328699350357056, 1.8400200605392456]",1.7085237503051758
mlp_recipe_control,29,train,884a4400377653c4,2021.06.07.18.53.26_veh-26,77179676f4c656da,0,0.2950212359428406,"[387, 419, 390, 483]",16,2.625854730606079,1.8250857591629028,"[2.648120403289795, 2.6027719974517822, 2.6115689277648926, 2.640957832336426]","[1.691373586654663, 1.4024133682250977, 2.2195119857788086, 1.987044095993042]",1.6585432291030884
mlp_recipe_control,29,train,f2a8a11d1d9957c6,2021.08.17.17.17.01_veh-45,d53c011070a753b3,1,0.08349302411079407,"[166, 167, 71, 35]",8,2.485556125640869,0.945464015007019,"[2.703671455383301, 2.2674412727355957, null, null]","[1.0209161043167114, 0.8700118064880371, null, null]",1.4393736124038696
mlp_recipe_control,29,train,448fcc465ce2589c,2021.08.17.17.17.01_veh-45,2d50451fc5045ec3,1,0.09665136784315109,"[129, 235, 227, 225]",4,2.4482178688049316,1.849593997001648,"[2.4482178688049316, null, null, null]","[1.849593997001648, null, null, null]",1.7848403453826904
mlp_recipe_control,29,train,5b9eea7538235f36,2021.08.17.17.17.01_veh-45,58adb0f87a905810,2,0.128312885761261,"[194, 199, 353, 226]",12,3.2703566551208496,2.444389820098877,"[2.7748780250549316, 3.737395763397217, null, 3.2987961769104004]","[1.8025784492492676, 2.670279026031494, null, 2.860311508178711]",1.582816243171692
mlp_recipe_control,29,train,8da3d9d2de0c53bd,2021.08.17.17.17.01_veh-45,56ef3c9f702054a5,0,0.2297944277524948,"[195, 164, 224, 163]",0,0.0,0.0,"[null, null, null, null]","[null, null, null, null]",1.6708076000213623
mlp_recipe_control,29,train,4cb6f16e6fd75ae6,2021.08.17.17.17.01_veh-45,01fcbea54a215b4c,0,0.151536226272583,"[454, 486, 352, 353]",0,0.0,0.0,"[null, null, null, null]","[null, null, null, null]",1.5972174406051636
mlp_recipe_control,29,train,6bf7c64d674550c0,2021.08.17.17.17.01_veh-45,e9ee1f2ed60e5dad,0,0.0399545356631279,"[264, 265, 389, 292]",16,4.128956317901611,2.946392059326172,"[3.164778709411621, 3.8209574222564697, 4.5836286544799805, 4.9464616775512695]","[1.2218987941741943, 2.446174144744873, 3.6295740604400635, 4.487920761108398]",1.7207286357879639
mlp_recipe_control,29,train,400d720e95ee5e13,2021.08.17.17.17.01_veh-45,e334ef237217504d,0,0.10950726270675659,"[480, 481, 419, 448]",12,3.1852691173553467,3.2684707641601562,"[null, 3.1484227180480957, 3.1509549617767334, 3.2564289569854736]","[null, 2.867809295654297, 3.4143359661102295, 3.523266553878784]",1.902808427810669
mlp_recipe_control,29,train,f16683fd19e558c2,2021.08.17.17.17.01_veh-45,091fcca513f752d2,0,0.14761869609355927,"[485, 96, 64, 426]",4,2.9212260246276855,3.8125298023223877,"[null, null, null, 2.9212260246276855]","[null, null, null, 3.8125298023223877]",1.9751033782958984
mlp_recipe_control,29,development,5b2b2741a9225324,2021.06.07.17.46.49_veh-35,d27fc0739dad5664,1,0.6638240218162537,"[388, 202, 243, 141]",16,2.8152453899383545,1.8930683135986328,"[2.5432770252227783, 2.943208932876587, 2.739346981048584, 3.0351481437683105]","[1.270107626914978, 1.9790855646133423, 2.022803544998169, 2.300276756286621]",1.7186686992645264
mlp_recipe_control,29,development,1dc3ed89baf15ac3,2021.06.07.17.46.49_veh-35,1dabc8e66ab15cb6,1,0.2166975438594818,"[421, 291, 423, 389]",4,4.77738094329834,2.5426812171936035,"[4.77738094329834, null, null, null]","[2.5426812171936035, null, null, null]",1.8990157842636108
mlp_recipe_control,29,development,2daea025bb7e5a2c,2021.06.07.17.46.49_veh-35,db1cb602e9f05786,1,0.31494975090026855,"[419, 421, 485, 483]",8,3.899921178817749,3.231649875640869,"[3.312110185623169, 4.48773193359375, null, null]","[2.623867988586426, 3.8394317626953125, null, null]",1.6325116157531738
mlp_recipe_control,29,development,be3bc0fa680c5e33,2021.06.07.17.46.49_veh-35,17a02971177257e5,0,0.6827141642570496,"[425, 457, 330, 458]",16,3.2565855979919434,2.1413049697875977,"[3.2420289516448975, 3.3399553298950195, 3.387032985687256, 3.0573253631591797]","[1.6134576797485352, 2.344233989715576, 2.3768811225891113, 2.230647087097168]",1.7882001399993896
mlp_recipe_control,29,development,2903fe2f977f5927,2021.06.07.17.46.49_veh-35,f29c7a8c103151ea,1,0.9874096512794495,"[387, 391, 419, 298]",0,0.0,0.0,"[null, null, null, null]","[null, null, null, null]",1.7563703060150146
mlp_recipe_control,29,development,c362c24b66b351ed,2021.06.07.17.46.49_veh-35,186b67f7d5325988,1,1.0154861211776733,"[487, 454, 418, 484]",4,2.557532787322998,1.6451029777526855,"[2.557532787322998, null, null, null]","[1.6451029777526855, null, null, null]",1.5764185190200806
mlp_recipe_control,29,development,222f5d6a4aa25d89,2021.06.07.17.46.49_veh-35,75787c317e3a5b82,1,0.3540233373641968,"[297, 328, 293, 295]",16,3.1739325523376465,2.867845058441162,"[2.95438814163208, 3.070915699005127, 3.3553543090820312, 3.3150720596313477]","[2.3150267601013184, 2.773118019104004, 3.5397300720214844, 2.843505382537842]",1.8332467079162598
mlp_recipe_control,29,development,933f03af8f385207,2021.06.07.17.46.49_veh-35,9036e1622d84535c,2,0.3693803548812866,"[298, 456, 487, 300]",16,3.436771869659424,1.9686490297317505,"[2.770484447479248, 2.944061279296875, 3.577195644378662, 4.455347061157227]","[0.7981367111206055, 1.2711730003356934, 1.974013090133667, 3.8312735557556152]",1.5980541706085205
mlp_recipe_control,29,development,063ebdb158075369,2021.06.09.11.54.15_veh-12,ff376a5096665630,1,0.04756050184369087,"[482, 450, 421, 452]",8,2.719947099685669,2.4456684589385986,"[2.4409329891204834, 2.9989612102508545, null, null]","[1.8928544521331787, 2.9984827041625977, null, null]",1.6333112716674805
mlp_recipe_control,29,development,c0a1b812e095547d,2021.06.09.11.54.15_veh-12,402aea4619c55186,1,0.2008339911699295,"[103, 236, 168, 241]",12,2.9032058715820312,2.676116943359375,"[null, 2.9983415603637695, 2.9040279388427734, 2.807248115539551]","[null, 2.384058952331543, 2.6157352924346924, 3.0285563468933105]",1.8369669914245605
mlp_recipe_control,29,development,482f957d79f45f55,2021.06.09.11.54.15_veh-12,5107aa8e98035ec1,1,0.10310027003288269,"[390, 393, 366, 360]",8,2.79433536529541,3.300413131713867,"[2.7098464965820312, 2.878824472427368, null, null]","[2.3345656394958496, 4.266261100769043, null, null]",1.9372447729110718
mlp_recipe_control,29,development,6561907765f2550f,2021.06.09.11.54.15_veh-12,91420a0f9dc25fe9,1,0.09682303667068481,"[202, 168, 170, 448]",0,0.0,0.0,"[null, null, null, null]","[null, null, null, null]",1.970233678817749
mlp_recipe_control,29,development,5742dd4bd86e5127,2021.06.09.11.54.15_veh-12,3c893aadfc175960,1,0.048453979194164276,"[299, 329, 266, 330]",12,3.46425199508667,2.6421821117401123,"[2.9394614696502686, 3.0685248374938965, 4.384769439697266, null]","[1.3902578353881836, 2.3870902061462402, 4.149197578430176, null]",1.7218244075775146
mlp_recipe_control,29,development,ecc85792eb665ba0,2021.06.09.11.54.15_veh-12,7b3b09ed718b5bf4,1,0.054352566599845886,"[137, 71, 138, 103]",16,2.6126248836517334,2.1532227993011475,"[2.656548023223877, 2.6443724632263184, 2.524819850921631, 2.624758720397949]","[2.3766486644744873, 2.450763702392578, 1.7035949230194092, 2.081883668899536]",1.6499556303024292
mlp_recipe_control,29,development,599c900bc4e95312,2021.06.09.11.54.15_veh-12,8f3409a47a455049,2,0.1444593071937561,"[356, 390, 333, 385]",16,3.189258098602295,2.2834882736206055,"[3.1482725143432617, 3.6004137992858887, 3.2883312702178955, 2.720014810562134]","[1.8441998958587646, 2.8245372772216797, 2.4558777809143066, 2.00933837890625]",1.687840223312378
mlp_recipe_control,29,development,505cdbada0ee59be,2021.06.09.11.54.15_veh-12,5b7dc6545cc658f0,2,0.14040854573249817,"[295, 132, 325, 263]",16,4.0373029708862305,2.9213809967041016,"[3.2399048805236816, 4.067110061645508, 4.308103561401367, 4.534091472625732]","[2.0131235122680664, 2.9110138416290283, 3.030599594116211, 3.7307868003845215]",1.744300365447998
mlp_recipe_control,29,development,836b76b2c8f35990,2021.08.24.17.37.11_veh-08,1d97c042ca575a4c,2,0.5924109816551208,"[480, 402, 256, 420]",8,4.292517185211182,2.079634189605713,"[4.304704666137695, 4.280329704284668, null, null]","[1.5862972736358643, 2.5729708671569824, null, null]",2.1581122875213623
mlp_recipe_control,29,development,21eb51db8a675681,2021.08.24.17.37.11_veh-08,ffe62a894e3a5925,1,0.10837285220623016,"[135, 331, 329, 356]",0,0.0,0.0,"[null, null, null, null]","[null, null, null, null]",1.7900646924972534
mlp_recipe_control,29,development,b8bf6e0a15635fa9,2021.08.24.17.37.11_veh-08,00c0acbc4c06557c,2,0.13123929500579834,"[326, 395, 424, 161]",0,0.0,0.0,"[null, null, null, null]","[null, null, null, null]",2.061352014541626
mlp_recipe_control,29,development,005e12630b405e67,2021.08.24.17.37.11_veh-08,4bfb3377012e5e58,0,0.6156651973724365,"[163, 164, 32, 417]",4,2.7055649757385254,2.372015953063965,"[2.7055649757385254, null, null, null]","[2.372015953063965, null, null, null]",1.7728960514068604
mlp_recipe_control,29,development,4ece654624b452ac,2021.08.24.17.37.11_veh-08,f68f529d24295c53,1,0.6309618949890137,"[359, 419, 480, 387]",4,3.65718674659729,1.470613956451416,"[3.65718674659729, null, null, null]","[1.470613956451416, null, null, null]",1.9437910318374634
mlp_recipe_control,29,development,a7aa6da460a65457,2021.08.24.17.37.11_veh-08,1d97c042ca575a4c,1,0.27703726291656494,"[273, 369, 241, 401]",8,3.226609468460083,0.5857546329498291,"[3.029651165008545, 3.423567771911621, null, null]","[0.5563920736312866, 0.6151171922683716, null, null]",1.8200604915618896
mlp_recipe_control,29,development,cc40016cd26a5ff5,2021.08.24.17.37.11_veh-08,a18c9d5742545776,1,0.04269082844257355,"[132, 67, 99, 130]",0,0.0,0.0,"[null, null, null, null]","[null, null, null, null]",1.719712257385254
mlp_recipe_control,29,development,0a7d7aef157c5bc6,2021.08.24.17.37.11_veh-08,4bfb3377012e5e58,0,0.28752151131629944,"[193, 237, 192, 234]",16,3.999659299850464,2.978705883026123,"[2.6505610942840576, 3.705763339996338, 4.829031467437744, 4.813281059265137]","[0.3940887153148651, 2.265115737915039, 4.252445220947266, 5.003173351287842]",1.6505082845687866
mlp_recipe_control,29,development,7b9a55edcf2752fb,2021.07.16.00.24.14_veh-38,d940d716f6da5650,0,0.1401207596063614,"[323, 452, 357, 355]",12,2.6253035068511963,1.7923158407211304,"[2.613670825958252, null, 2.7642836570739746, 2.497955799102783]","[1.6230601072311401, null, 1.4645271301269531, 2.289360284805298]",1.6960408687591553
mlp_recipe_control,29,development,faca4ac928255aed,2021.07.16.00.24.14_veh-38,295cc52db71a5c8d,2,0.12178549915552139,"[458, 488, 35, 2]",8,3.0210065841674805,2.004086971282959,"[null, null, 3.0454349517822266, 2.9965782165527344]","[null, null, 2.089388370513916, 1.918785572052002]",1.598767638206482
mlp_recipe_control,29,development,07deb830dc5e525c,2021.07.16.00.24.14_veh-38,15ac832eaeea5acc,1,0.04982627555727959,"[234, 480, 240, 236]",16,3.0616984367370605,1.4577465057373047,"[2.7400364875793457, 3.024951934814453, 3.0575976371765137, 3.4242076873779297]","[0.8239458799362183, 1.1759551763534546, 1.7009540796279907, 2.1301305294036865]",1.6788790225982666
mlp_recipe_control,29,development,9ff0cdc8fc715ce3,2021.07.16.00.24.14_veh-38,a3063c20eb1251c7,0,0.10587169229984283,"[101, 34, 134, 65]",0,0.0,0.0,"[null, null, null, null]","[null, null, null, null]",1.9436120986938477
mlp_recipe_control,29,development,461e0a28b1f655aa,2021.07.16.00.24.14_veh-38,d45e467ab1e85825,1,0.20164626836776733,"[292, 323, 493, 498]",4,2.622014045715332,1.3910726308822632,"[2.622014045715332, null, null, null]","[1.3910726308822632, null, null, null]",1.6894330978393555
mlp_recipe_control,29,development,548204416ae25b31,2021.07.16.00.24.14_veh-38,072767a0ae2857e9,1,0.07366426289081573,"[448, 68, 67, 35]",0,0.0,0.0,"[null, null, null, null]","[null, null, null, null]",1.7761482000350952
mlp_recipe_control,29,development,e0b0dcb2ea675ec9,2021.07.16.00.24.14_veh-38,a9aeb39738d95e61,1,0.03356705605983734,"[484, 486, 490, 453]",4,3.0383529663085938,1.6486589908599854,"[3.0383529663085938, null, null, null]","[1.6486589908599854, null, null, null]",1.6661360263824463
mlp_recipe_control,29,development,8fe6aa411d2350f4,2021.07.16.00.24.14_veh-38,c5ba6402b9b6577d,1,0.11083196848630905,"[455, 419, 391, 425]",4,2.5789146423339844,1.5191729068756104,"[2.5789146423339844, null, null, null]","[1.5191729068756104, null, null, null]",1.613743543624878
mlp_recipe_control,29,development,2587746c51ce582c,2021.06.23.14.54.32_veh-16,8ba21e5f44fd5756,1,0.09304417669773102,"[457, 489, 416, 483]",4,4.541501998901367,2.614881992340088,"[4.541501998901367, null, null, null]","[2.614881992340088, null, null, null]",1.8245283365249634
mlp_recipe_control,29,development,cdb8ed61577455d0,2021.06.23.14.54.32_veh-16,63a378470ecf578a,1,0.2694697678089142,"[234, 501, 272, 172]",4,3.068875789642334,1.9780142307281494,"[null, 3.068875789642334, null, null]","[null, 1.9780142307281494, null, null]",1.8362425565719604
mlp_recipe_control,29,development,359653f71f095eb2,2021.06.23.14.54.32_veh-16,764e553f9fa1596e,1,0.1612088680267334,"[362, 487, 361, 454]",4,3.904921770095825,2.381737470626831,"[3.904921770095825, null, null, null]","[2.381737470626831, null, null, null]",1.6609089374542236
mlp_recipe_control,29,development,e1bd235bf5145312,2021.06.23.14.54.32_veh-16,c21a05faf4f95c23,0,0.08497679233551025,"[324, 325, 162, 326]",12,2.224515676498413,0.8579893112182617,"[2.114398956298828, null, 2.2943661212921143, 2.2647817134857178]","[0.4434918761253357, null, 0.9224400520324707, 1.208035945892334]",1.4806809425354004
mlp_recipe_control,29,development,21851d86de975750,2021.06.23.14.54.32_veh-16,0fa6960777235107,1,0.08098365366458893,"[453, 455, 484, 454]",4,3.782654047012329,2.410250186920166,"[3.782654047012329, null, null, null]","[2.410250186920166, null, null, null]",1.738863468170166
mlp_recipe_control,29,development,41fd5b3cc9cb5e4d,2021.06.23.14.54.32_veh-16,192f476facc35a66,1,0.07416456937789917,"[72, 301, 269, 215]",8,2.9578216075897217,1.9626319408416748,"[2.8876497745513916, 3.027993679046631, null, null]","[2.1227874755859375, 1.802476167678833, null, null]",1.8201203346252441
mlp_recipe_control,29,development,80fcfa05a45d5e36,2021.06.23.14.54.32_veh-16,68c36562409856ec,1,0.07634328305721283,"[465, 466, 262, 485]",12,3.742708921432495,3.0256996154785156,"[2.9077882766723633, 3.173434257507324, 5.146903038024902, null]","[1.672072172164917, 2.356149911880493, 5.048877716064453, null]",1.6842570304870605
mlp_recipe_control,29,development,eca9c65e90335fc5,2021.06.23.14.54.32_veh-16,e302117d34785896,1,0.1540498435497284,"[202, 419, 452, 485]",0,0.0,0.0,"[null, null, null, null]","[null, null, null, null]",1.73760187625885
mlp_recipe_control,29,development,ebbd33f9058e5e95,2021.06.09.14.50.36_veh-26,818dcca6c1fa5abf,1,0.048970840871334076,"[38, 259, 163, 228]",16,2.6253554821014404,2.2659168243408203,"[2.605620861053467, 2.7198824882507324, 2.500619649887085, 2.6752986907958984]","[1.580549955368042, 2.418139696121216, 2.1717774868011475, 2.893199920654297]",1.6435045003890991
mlp_recipe_control,29,development,9a04bc527d215067,2021.06.09.14.50.36_veh-26,5e8a8d507c145bf2,1,0.2117614448070526,"[352, 320, 303, 240]",0,0.0,0.0,"[null, null, null, null]","[null, null, null, null]",2.0162103176116943
mlp_recipe_control,29,development,5a287daa1f775a79,2021.06.09.14.50.36_veh-26,af832f9835ee5efc,0,0.10115786641836166,"[209, 237, 205, 133]",16,2.9283382892608643,2.076608657836914,"[2.371582269668579, 2.9818105697631836, 3.08280086517334, 3.277160167694092]","[1.4653716087341309, 1.8214396238327026, 2.210799217224121, 2.8088247776031494]",1.6912473440170288
mlp_recipe_control,29,development,d9a85f2b168854ba,2021.06.09.14.50.36_veh-26,549ee450dacd5abb,1,0.112031489610672,"[204, 394, 207, 206]",4,2.455052137374878,1.26816987991333,"[2.455052137374878, null, null, null]","[1.26816987991333, null, null, null]",1.8161871433258057
mlp_recipe_control,29,development,f6d2ad1db3c45c20,2021.06.09.14.50.36_veh-26,e755817de2795e70,0,0.09679895639419556,"[356, 357, 295, 227]",16,2.7824060916900635,2.756040096282959,"[2.803576946258545, 2.829042673110962, 2.8233137130737305, 2.6736903190612793]","[2.6056017875671387, 2.8846611976623535, 3.1581215858459473, 2.375776767730713]",1.8039278984069824
mlp_recipe_control,29,development,5cc6394b1dde5e37,2021.06.09.14.50.36_veh-26,3daa89465a7e50bf,0,0.12079181522130966,"[259, 257, 224, 256]",12,3.56140398979187,2.2444028854370117,"[3.5675089359283447, 3.9067389965057373, 3.209963798522949, null]","[1.7825889587402344, 2.855557918548584, 2.095061779022217, null]",1.8580753803253174
mlp_recipe_control,29,development,bd6c7b10ae725c06,2021.06.09.14.50.36_veh-26,40627495cb2f57f2,1,0.19434446096420288,"[138, 228, 204, 267]",8,2.604796886444092,1.4464027881622314,"[2.3981680870056152, 2.8114256858825684, null, null]","[1.3200905323028564, 1.572715163230896, null, null]",1.6266988515853882
mlp_recipe_control,29,development,03ac353ec2a450b4,2021.06.09.14.50.36_veh-26,b133d32ebacf51a4,0,0.13287381827831268,"[193, 97, 66, 194]",16,2.517970085144043,1.3779643774032593,"[2.745481491088867, 2.409363269805908, 2.423919677734375, 2.4931163787841797]","[1.3231868743896484, 1.18336021900177, 1.4075040817260742, 1.5978068113327026]",1.5687896013259888
mlp_recipe_control,29,development,193179dedf975965,2021.07.09.20.59.12_veh-38,140f0b69eb365081,0,0.12296013534069061,"[352, 259, 320, 291]",16,3.120680570602417,2.819169521331787,"[3.1966042518615723, 3.3499374389648438, 3.134150505065918, 2.802029609680176]","[1.868496060371399, 3.4396562576293945, 2.768833637237549, 3.199692726135254]",1.7551875114440918
mlp_recipe_control,29,development,ef07b861b51a554e,2021.07.09.20.59.12_veh-38,cb83cacbf41d58b8,1,0.15098413825035095,"[236, 298, 388, 238]",16,2.8735132217407227,2.245023250579834,"[2.813724994659424, 2.7801594734191895, 2.84623122215271, 3.0539371967315674]","[1.571411371231079, 2.1030349731445312, 2.4705281257629395, 2.8351187705993652]",1.7248578071594238
mlp_recipe_control,29,development,ce6d2bfacf8655a6,2021.07.09.20.59.12_veh-38,ac873abc79f75609,1,0.06948009878396988,"[202, 206, 238, 203]",4,2.928414821624756,1.2742207050323486,"[2.928414821624756, null, null, null]","[1.2742207050323486, null, null, null]",1.5446505546569824
mlp_recipe_control,29,development,6c227ec265b2568d,2021.07.09.20.59.12_veh-38,c63fa36583195676,1,0.31448253989219666,"[493, 459, 463, 462]",8,3.3242220878601074,3.26212739944458,"[3.584007740020752, 3.064436435699463, null, null]","[2.3229269981384277, 4.201328277587891, null, null]",2.1239771842956543
mlp_recipe_control,29,development,b0cebe034a265720,2021.07.09.20.59.12_veh-38,f74c2f575df25f4a,1,0.011555561795830727,"[452, 451, 392, 391]",0,0.0,0.0,"[null, null, null, null]","[null, null, null, null]",1.8182257413864136
mlp_recipe_control,29,development,dd2f55420c6b5764,2021.07.09.20.59.12_veh-38,7e572c1c4f5d5df2,1,0.12317873537540436,"[266, 322, 299, 321]",12,2.80806303024292,2.567983388900757,"[null, 2.814993143081665, 2.59183406829834, 3.017361640930176]","[null, 2.5735833644866943, 2.2889280319213867, 2.8414385318756104]",1.599776029586792
mlp_recipe_control,29,development,b630301843b158d4,2021.07.09.20.59.12_veh-38,315e9411328d5e75,1,0.16506943106651306,"[453, 331, 361, 330]",8,3.426706552505493,2.018247127532959,"[3.5308175086975098, 3.3225955963134766, null, null]","[1.7182354927062988, 2.3182590007781982, null, null]",1.7556579113006592
mlp_recipe_control,29,development,39fd026d451351e2,2021.07.09.20.59.12_veh-38,73cf910aa2885a71,1,0.19538535177707672,"[396, 455, 364, 466]",0,0.0,0.0,"[null, null, null, null]","[null, null, null, null]",1.6739399433135986
mlp_recipe_control,29,development,5426ae4426ba5534,2021.06.23.18.23.38_veh-26,f72df301ed465fe6,1,0.1361706256866455,"[360, 361, 300, 362]",16,3.290696620941162,2.3882784843444824,"[2.848435640335083, 2.825711727142334, 3.5402517318725586, 3.9483871459960938]","[0.7000871896743774, 1.697916030883789, 3.4635167121887207, 3.691593647003174]",1.7001203298568726
mlp_recipe_control,29,development,fbeab8a882035a94,2021.06.23.18.23.38_veh-26,2e8f4ff50e4a55cc,0,0.12925653159618378,"[484, 417, 452, 450]",16,2.683854579925537,1.0836973190307617,"[2.6107306480407715, 2.707082748413086, 2.671720504760742, 2.7458841800689697]","[0.7417736649513245, 1.3127965927124023, 1.2379815578460693, 1.0422377586364746]",1.5931559801101685
mlp_recipe_control,29,development,89e963670d89570c,2021.06.23.18.23.38_veh-26,03dbcc9320245d7c,1,0.30164429545402527,"[328, 240, 331, 294]",16,3.3932480812072754,2.6157445907592773,"[2.781215190887451, 3.3901028633117676, 3.539247989654541, 3.8624255657196045]","[1.8521599769592285, 2.306819438934326, 2.8778011798858643, 3.4261977672576904]",1.8297847509384155
mlp_recipe_control,29,development,bcff4b28fd875b3d,2021.06.23.18.23.38_veh-26,6f619fabc40050a9,2,0.48490315675735474,"[133, 300, 323, 418]",16,3.664241313934326,2.551485061645508,"[2.6811985969543457, 3.7143003940582275, 4.255219459533691, 4.006247520446777]","[1.1208505630493164, 2.5533392429351807, 3.1842494010925293, 3.347500801086426]",1.62867271900177
mlp_recipe_control,29,development,88666b1c75b75602,2021.06.23.18.23.38_veh-26,99b44236999557c7,1,0.18314948678016663,"[307, 224, 432, 281]",16,3.0273609161376953,1.0962275266647339,"[3.067145586013794, 3.2201690673828125, 2.932394504547119, 2.8897335529327393]","[0.793808102607727, 1.0383148193359375, 1.2496907711029053, 1.3030964136123657]",1.8069097995758057
mlp_recipe_control,29,development,f72865014d6158a2,2021.06.23.18.23.38_veh-26,84368cbdd7cb5647,2,0.10779444873332977,"[335, 450, 420, 451]",8,3.3618273735046387,1.6123874187469482,"[3.6089959144592285, 3.114658832550049, null, null]","[1.2988793849945068, 1.9258953332901, null, null]",1.7922406196594238
mlp_recipe_control,29,development,7e3b06c8b33156d3,2021.06.23.18.23.38_veh-26,7b483583a2595b0f,1,0.0764923244714737,"[266, 267, 299, 300]",12,5.154378414154053,5.005366802215576,"[4.725930213928223, 5.38739013671875, 5.349814414978027, null]","[3.045712947845459, 5.56307315826416, 6.407313346862793, null]",1.9464728832244873
mlp_recipe_control,29,development,655a064f04e1531b,2021.06.23.18.23.38_veh-26,8997a4a3aadb506a,1,0.17127156257629395,"[269, 356, 272, 352]",16,3.604778289794922,2.2366485595703125,"[3.391602039337158, 3.5815281867980957, 3.8505120277404785, 3.595470666885376]","[1.5252727270126343, 1.548217535018921, 2.9372355937957764, 2.93586802482605]",1.877190351486206
mlp_recipe_control,47,train,42868079cfb75233,2021.07.09.01.37.16_veh-26,641fad330504500c,1,0.061262670904397964,"[30, 31, 121, 122]",0,0.0,0.0,"[null, null, null, null]","[null, null, null, null]",1.4772131443023682
mlp_recipe_control,47,train,caafcdd4b7835eb0,2021.07.09.01.37.16_veh-26,359f92c3233457a3,1,0.11000911891460419,"[124, 61, 90, 57]",4,2.092784881591797,2.2925660610198975,"[null, null, null, 2.092784881591797]","[null, null, null, 2.2925660610198975]",1.6537758111953735
mlp_recipe_control,47,train,2fa96542484250f0,2021.07.09.01.37.16_veh-26,f89a324077eb57a9,1,0.03269404172897339,"[317, 25, 285, 411]",4,2.1610898971557617,1.6332054138183594,"[null, null, 2.1610898971557617, null]","[null, null, 1.6332054138183594, null]",1.5771260261535645
mlp_recipe_control,47,train,68341772b52f543b,2021.07.09.01.37.16_veh-26,698608aa5fed5770,0,0.0650438517332077,"[16, 95, 14, 54]",8,2.475919246673584,2.1315596103668213,"[2.5433425903320312, 2.4084959030151367, null, null]","[1.5146408081054688, 2.748478412628174, null, null]",1.6183394193649292
mlp_recipe_control,47,train,eabd9d1227785454,2021.07.09.01.37.16_veh-26,a110aeed6ea85e04,1,0.05149846524000168,"[125, 27, 25, 28]",16,1.9037574529647827,1.3566386699676514,"[1.9195036888122559, 1.611547589302063, 2.027153491973877, 2.0568249225616455]","[1.200294017791748, 0.7444359660148621, 1.532947301864624, 1.9488774538040161]",1.156471848487854
mlp_recipe_control,47,train,f70d691cf70b5cb3,2021.07.09.01.37.16_veh-26,34dd5ff0548b5455,0,0.03414628654718399,"[119, 52, 91, 58]",8,1.8289122581481934,1.2507288455963135,"[1.9702202081680298, 1.687604308128357, null, null]","[1.2970184087753296, 1.2044391632080078, null, null]",1.278186559677124
mlp_recipe_control,47,train,aa2fce3e3af55b1c,2021.07.09.01.37.16_veh-26,4ca220b52b5c50af,1,0.06014958769083023,"[21, 53, 22, 120]",4,2.679511070251465,0.8985563516616821,"[2.679511070251465, null, null, null]","[0.8985563516616821, null, null, null]",1.6754015684127808
mlp_recipe_control,47,train,00029eec66d650e1,2021.07.09.01.37.16_veh-26,045ff16e93dc5a42,1,0.034033410251140594,"[29, 30, 95, 245]",4,3.1752848625183105,0.3464568257331848,"[3.1752848625183105, null, null, null]","[0.3464568257331848, null, null, null]",1.7664809226989746
mlp_recipe_control,47,train,0168dd4fffde52ed,2021.06.08.12.00.19_veh-35,a4e97e74e1a150b3,1,0.514727771282196,"[57, 27, 159, 157]",0,0.0,0.0,"[null, null, null, null]","[null, null, null, null]",1.4712752103805542
mlp_recipe_control,47,train,c4e9600b96ce5d54,2021.06.08.12.00.19_veh-35,4d01ebfbc43d560b,1,0.03856084495782852,"[238, 239, 237, 245]",4,5.031465530395508,3.307436466217041,"[5.031465530395508, null, null, null]","[3.307436466217041, null, null, null]",2.455578088760376
mlp_recipe_control,47,train,a80c5ee8b1ff56d8,2021.06.08.12.00.19_veh-35,3ffcb152c57c56c5,1,0.950255274772644,"[81, 48, 147, 125]",16,2.18254017829895,1.2172460556030273,"[2.4366672039031982, 2.149170398712158, 1.955475091934204, 2.1888480186462402]","[0.9769879579544067, 1.2038815021514893, 1.2876827716827393, 1.4004316329956055]",1.5278252363204956
mlp_recipe_control,47,train,54f9b4af08e05d79,2021.06.08.12.00.19_veh-35,a2165005ab865a02,1,0.11118688434362411,"[25, 53, 94, 23]",0,0.0,0.0,"[null, null, null, null]","[null, null, null, null]",1.552148461341858
mlp_recipe_control,47,train,1657554fc5445eb6,2021.06.08.12.00.19_veh-35,39cbdec7b364501d,2,0.21386593580245972,"[126, 27, 252, 63]",16,3.0918631553649902,3.053750514984131,"[2.372615337371826, 3.032254695892334, 3.4034204483032227, 3.559161901473999]","[1.8801701068878174, 2.779749870300293, 3.542992115020752, 4.012089252471924]",1.6525952816009521
mlp_recipe_control,47,train,e7cde98715555110,2021.06.08.12.00.19_veh-35,785bf24e15875ef2,1,1.8633848428726196,"[147, 61, 125, 93]",8,1.782782793045044,1.0440161228179932,"[1.8565890789031982, 1.7089765071868896, null, null]","[1.3323793411254883, 0.7556530237197876, null, null]",1.3039413690567017
mlp_recipe_control,47,train,4bb4fd668a805612,2021.06.08.12.00.19_veh-35,c461bc7ab865595e,0,0.23077310621738434,"[23, 55, 57, 94]",16,2.7339048385620117,1.7904276847839355,"[2.529545783996582, 2.951936721801758, 2.5533907413482666, 2.9007463455200195]","[1.5178048610687256, 2.0537962913513184, 1.825740098953247, 1.7643688917160034]",1.4271457195281982
mlp_recipe_control,47,train,c1fe3aa66ec55b17,2021.06.08.12.00.19_veh-35,9655be695969522d,1,0.6124279499053955,"[29, 158, 125, 126]",8,1.7940884828567505,1.151426911354065,"[1.6582157611846924, 1.929961085319519, null, null]","[0.9138622879981995, 1.3889914751052856, null, null]",1.2276617288589478
mlp_recipe_control,47,train,9fe049486481505a,2021.08.17.13.15.12_veh-45,ca75f3286b115d37,0,0.03175777196884155,"[159, 31, 63, 30]",16,2.7687814235687256,2.050459146499634,"[2.608243942260742, 2.597461223602295, 2.8216910362243652, 3.047729253768921]","[0.4093562364578247, 1.1222962141036987, 3.5542831420898438, 3.115900993347168]",1.6802796125411987
mlp_recipe_control,47,train,f895bc253a215fc4,2021.08.17.13.15.12_veh-45,a3cae0d00733532e,1,0.20150315761566162,"[223, 159, 125, 95]",8,2.4486961364746094,0.7460273504257202,"[2.5029430389404297, 2.394449234008789, null, null]","[0.43873682618141174, 1.0533180236816406, null, null]",1.5839945077896118
mlp_recipe_control,47,train,f1430641b7685542,2021.08.17.13.15.12_veh-45,81ff4535c5c251d6,1,0.04348309338092804,"[21, 57, 189, 126]",16,1.869401454925537,1.3729685544967651,"[1.711273193359375, 1.7502639293670654, 1.8994781970977783, 2.1165904998779297]","[1.0357239246368408, 0.8052254915237427, 1.5250059366226196, 2.1259188652038574]",1.2868303060531616
mlp_recipe_control,47,train,ada17d80705459e5,2021.08.17.13.15.12_veh-45,16b335fe131c50be,1,0.09663239121437073,"[27, 120, 20, 28]",0,0.0,0.0,"[null, null, null, null]","[null, null, null, null]",1.3216749429702759
mlp_recipe_control,47,train,5442925b5514525c,2021.08.17.13.15.12_veh-45,5b0cacf961245153,1,0.19093318283557892,"[191, 50, 143, 159]",4,2.0276737213134766,1.0866341590881348,"[2.0276737213134766, null, null, null]","[1.0866341590881348, null, null, null]",1.5244332551956177
mlp_recipe_control,47,train,f4be93317adf5091,2021.08.17.13.15.12_veh-45,e2ce597de87f572d,1,0.056817810982465744,"[127, 26, 186, 122]",12,2.3272628784179688,1.758436679840088,"[2.4354147911071777, 2.374312162399292, 2.1720619201660156, null]","[1.7673348188400269, 1.699265718460083, 1.808709740638733, null]",1.5105143785476685
mlp_recipe_control,47,train,0c12cf6a804d5e86,2021.08.17.13.15.12_veh-45,8db7aab4ec8458a5,0,0.19546297192573547,"[29, 27, 28, 30]",8,2.348602056503296,1.7783324718475342,"[null, 2.735360860824585, 1.9618428945541382, null]","[null, 1.7398120164871216, 1.8168528079986572, null]",1.4947583675384521
mlp_recipe_control,47,train,a1da8bec7a1c5c7e,2021.08.17.13.15.12_veh-45,c55fafd4f7d05c65,1,0.06998152285814285,"[54, 25, 59, 18]",16,2.41072678565979,2.188354015350342,"[2.278362274169922, 2.5075249671936035, 2.5017898082733154, 2.3552303314208984]","[2.003957509994507, 2.210604429244995, 2.488882541656494, 2.0499722957611084]",1.4204630851745605
mlp_recipe_control,47,train,1b173e83ce58518b,2021.06.08.16.31.33_veh-38,3364fd6ba8365441,1,0.03338468819856644,"[53, 84, 126, 21]",0,0.0,0.0,"[null, null, null, null]","[null, null, null, null]",1.6567000150680542
mlp_recipe_control,47,train,7fa7f2973eb6583d,2021.06.08.16.31.33_veh-38,e6f6b559cbe6534e,1,0.2645288109779358,"[184, 150, 119, 24]",16,1.7101211547851562,0.9851714968681335,"[1.7100712060928345, 1.7981584072113037, 1.5493946075439453, 1.7828601598739624]","[1.0176056623458862, 1.0445376634597778, 0.6497032642364502, 1.2288395166397095]",1.2216542959213257
mlp_recipe_control,47,train,63818d7962335cb9,2021.06.08.16.31.33_veh-38,3bb603a701225a40,0,0.10494107753038406,"[119, 95, 126, 51]",16,1.8418183326721191,1.4033026695251465,"[1.735885500907898, 1.6632781028747559, 1.9010751247406006, 2.0670347213745117]","[1.3782336711883545, 1.1547126770019531, 1.3899060487747192, 1.6903581619262695]",1.2210109233856201
mlp_recipe_control,47,train,eb6af2bd1a635cb2,2021.06.08.16.31.33_veh-38,65daba6a1f955c59,1,0.24397723376750946,"[31, 29, 93, 60]",8,2.6944096088409424,0.5740545988082886,"[2.667184352874756, 2.721634864807129, null, null]","[0.24903501570224762, 0.8990743160247803, null, null]",1.6617753505706787
mlp_recipe_control,47,train,6f08f1ba4c555d89,2021.06.08.16.31.33_veh-38,00c6ea1054d15101,1,0.7902781367301941,"[83, 154, 120, 59]",16,1.5053317546844482,0.636612594127655,"[1.4245047569274902, 1.622575283050537, 1.4899752140045166, 1.484271764755249]","[0.3701040744781494, 0.997226893901825, 0.5957890748977661, 0.5833302736282349]",1.216634750366211
mlp_recipe_control,47,train,2af3184e9f0f5697,2021.06.08.16.31.33_veh-38,fb1c65108c895a43,1,0.18154600262641907,"[126, 24, 190, 21]",4,2.8928794860839844,0.27368906140327454,"[2.8928794860839844, null, null, null]","[0.27368906140327454, null, null, null]",1.6731423139572144
mlp_recipe_control,47,train,33230d8bfa425f6f,2021.06.08.16.31.33_veh-38,3364fd6ba8365441,1,0.2843265235424042,"[59, 156, 28, 90]",16,2.0961647033691406,1.8497288227081299,"[2.027939558029175, 2.333972215652466, 1.9510351419448853, 2.071712017059326]","[1.5280170440673828, 2.258650541305542, 1.6021106243133545, 2.0101370811462402]",1.2623271942138672
mlp_recipe_control,47,train,dcee65c0765f51bf,2021.06.08.16.31.33_veh-38,7acd2a98ba7b5157,0,0.2625439763069153,"[159, 95, 31, 285]",16,2.6721737384796143,1.1537606716156006,"[2.347594976425171, 2.621699333190918, 2.8590970039367676, 2.860304355621338]","[0.7927778959274292, 0.8453165292739868, 1.1913871765136719, 1.7855608463287354]",1.6154303550720215
mlp_recipe_control,47,train,82abb0794a955aff,2021.10.05.08.11.15_veh-50,d53d220a77795cee,1,0.5457929968833923,"[49, 17, 81, 16]",16,3.1757664680480957,2.202819347381592,"[2.975208282470703, 3.5089058876037598, 3.128319263458252, 3.0906333923339844]","[1.7640984058380127, 2.5980911254882812, 2.066962718963623, 2.382124423980713]",1.779725432395935
mlp_recipe_control,47,train,fa9ebf82174f56e2,2021.10.05.08.11.15_veh-50,81ed977eb5a1520d,1,0.4536471664905548,"[54, 86, 85, 122]",16,2.2950658798217773,1.6574665307998657,"[2.2921700477600098, 2.5635435581207275, 2.0943522453308105, 2.2301971912384033]","[1.3557498455047607, 2.087796211242676, 1.6394643783569336, 1.5468556880950928]",1.501718282699585
mlp_recipe_control,47,train,de7aee4bfd4650d8,2021.10.05.08.11.15_veh-50,8a8fe2f545dd5865,2,0.6222124099731445,"[92, 126, 28, 94]",12,1.9294767379760742,1.7574481964111328,"[1.955562949180603, null, 1.9084084033966064, 1.9244589805603027]","[1.4948939085006714, null, 1.7082605361938477, 2.069190502166748]",1.430168867111206
mlp_recipe_control,47,train,7f74e72074485b12,2021.10.05.08.11.15_veh-50,2bbefccd0ef85651,1,0.7876224517822266,"[57, 58, 59, 95]",0,0.0,0.0,"[null, null, null, null]","[null, null, null, null]",1.6125630140304565
mlp_recipe_control,47,train,acf207f491775e7b,2021.10.05.08.11.15_veh-50,ae67187c90635ca6,0,0.40639016032218933,"[62, 59, 119, 158]",8,1.9560502767562866,1.466091275215149,"[1.6792736053466797, 2.2328269481658936, null, null]","[1.0828397274017334, 1.8493428230285645, null, null]",1.2485090494155884
mlp_recipe_control,47,train,246eb858bec25310,2021.10.05.08.11.15_veh-50,4782310b87105568,2,0.506111204624176,"[22, 21, 63, 30]",16,2.9521384239196777,2.584019660949707,"[3.248342990875244, 3.1880710124969482, 2.929774045944214, 2.4423656463623047]","[1.9730198383331299, 2.9058330059051514, 2.8755130767822266, 2.581712484359741]",1.706534504890442
mlp_recipe_control,47,train,40e23bdca88c5b0d,2021.10.05.08.11.15_veh-50,780bff4205715957,0,0.26969459652900696,"[29, 31, 52, 57]",12,2.2454001903533936,2.307488203048706,"[2.2773003578186035, 2.1231446266174316, 2.3357555866241455, null]","[2.4243154525756836, 2.210571765899658, 2.2875771522521973, null]",1.5082099437713623
mlp_recipe_control,47,train,8d59999281da5243,2021.10.05.08.11.15_veh-50,e6ed98e5973e5120,0,0.843730092048645,"[30, 63, 31, 95]",16,2.195622444152832,1.5691354274749756,"[2.3589138984680176, 2.1553683280944824, 2.188868522644043, 2.079338312149048]","[1.1040782928466797, 0.9799349308013916, 2.121823787689209, 2.070704698562622]",1.500585675239563
mlp_recipe_control,47,train,75afc126374359d3,2021.09.15.14.00.15_veh-28,821da079291c52cf,1,0.09351252019405365,"[49, 16, 440, 403]",16,2.7048120498657227,2.5179929733276367,"[2.260225772857666, 2.8267297744750977, 2.753863573074341, 2.9784295558929443]","[1.6350762844085693, 2.6244821548461914, 2.7230076789855957, 3.0894062519073486]",1.4834891557693481
mlp_recipe_control,47,train,973a7c9d77ca5b23,2021.09.15.14.00.15_veh-28,19e39a5880c754ad,1,0.04894564673304558,"[61, 93, 126, 29]",4,1.9618910551071167,1.2980190515518188,"[1.9618910551071167, null, null, null]","[1.2980190515518188, null, null, null]",1.4724364280700684
mlp_recipe_control,47,train,095741f4465352b3,2021.09.15.14.00.15_veh-28,96b8f4dbc6995cb7,1,0.11960160732269287,"[23, 20, 60, 154]",16,2.320871353149414,2.2111518383026123,"[2.493964672088623, 2.4453134536743164, 2.317626476287842, 2.026581287384033]","[1.5109663009643555, 2.3931431770324707, 2.930413246154785, 2.010085105895996]",1.519781470298767
mlp_recipe_control,47,train,4617f5dbb29c500a,2021.09.15.14.00.15_veh-28,07d29dd2e9c6500b,1,0.1304914802312851,"[125, 221, 95, 183]",0,0.0,0.0,"[null, null, null, null]","[null, null, null, null]",1.3563493490219116
mlp_recipe_control,47,train,b0f67ce7d678590b,2021.09.15.14.00.15_veh-28,9341eeedf0ae5c32,1,0.10063683986663818,"[180, 185, 186, 152]",8,2.5108182430267334,1.3285527229309082,"[2.567154884338379, 2.454481601715088, null, null]","[0.8713917136192322, 1.785713791847229, null, null]",1.7172605991363525
mlp_recipe_control,47,train,13456839ba8c52ef,2021.09.15.14.00.15_veh-28,d24fb2b39ae1574e,1,0.11713410913944244,"[28, 22, 156, 149]",0,0.0,0.0,"[null, null, null, null]","[null, null, null, null]",1.500118613243103
mlp_recipe_control,47,train,1df7865b517251d0,2021.09.15.14.00.15_veh-28,dc1ef9d49cb25b98,1,0.03286886215209961,"[152, 154, 153, 120]",8,2.4952564239501953,2.005962371826172,"[2.4162325859069824, 2.574280023574829, null, null]","[1.7547228336334229, 2.257201671600342, null, null]",1.522377371788025
mlp_recipe_control,47,train,38f3a2f5fe33500f,2021.09.15.14.00.15_veh-28,5a06354563625c69,2,0.34398388862609863,"[95, 252, 30, 60]",16,2.580601692199707,2.54264497756958,"[3.015432834625244, 2.661898136138916, 2.3527231216430664, 2.2923531532287598]","[2.2341907024383545, 2.1516149044036865, 2.831153392791748, 2.9536216259002686]",1.75407075881958
mlp_recipe_control,47,train,95535851c7b75757,2021.07.16.22.40.23_veh-38,6e36585b2ea55145,1,0.09757450968027115,"[185, 157, 156, 126]",8,2.0255637168884277,1.2042173147201538,"[1.9464961290359497, 2.104631185531616, null, null]","[1.2959959506988525, 1.112438678741455, null, null]",1.3128596544265747
mlp_recipe_control,47,train,6764c662e15e5b48,2021.07.16.22.40.23_veh-38,216d4aa3e3fe59a3,1,0.05761289969086647,"[114, 124, 113, 119]",16,1.9064831733703613,0.8656415343284607,"[1.958422303199768, 1.8679652214050293, 1.8570657968521118, 1.9424793720245361]","[0.7649916410446167, 0.9632370471954346, 0.8057982325553894, 0.9285392761230469]",1.4570480585098267
mlp_recipe_control,47,train,7bf05e0f52b75ee2,2021.07.16.22.40.23_veh-38,1deff9a6d27a5f6b,0,0.021050959825515747,"[315, 319, 30, 51]",16,3.0094642639160156,3.110358238220215,"[3.159994602203369, 2.6627590656280518, 2.9276320934295654, 3.287470817565918]","[2.5723876953125, 2.6846578121185303, 3.0456981658935547, 4.138689041137695]",1.9324904680252075
mlp_recipe_control,47,train,673b04fae3fc5595,2021.07.16.22.40.23_veh-38,a7823a906c555e39,1,0.03215354308485985,"[21, 20, 119, 58]",16,2.488455295562744,1.6422131061553955,"[2.3989830017089844, 2.4752535820007324, 2.578552722930908, 2.5010313987731934]","[1.2126524448394775, 1.4366071224212646, 1.9710139036178589, 1.9485788345336914]",1.357328176498413
mlp_recipe_control,47,train,c8faaa73c9c054d1,2021.07.16.22.40.23_veh-38,98071366467650ae,0,0.06068680062890053,"[28, 61, 59, 125]",16,1.9396388530731201,1.9131574630737305,"[1.7700049877166748, 2.1248788833618164, 2.0382542610168457, 1.8254172801971436]","[1.586426019668579, 2.035921096801758, 2.1164798736572266, 1.9138025045394897]",1.2794843912124634
mlp_recipe_control,47,train,5e5f522e3ecd5cca,2021.07.16.22.40.23_veh-38,900bff237382523c,1,0.2753184139728546,"[126, 123, 127, 23]",4,2.260453701019287,2.135496139526367,"[2.260453701019287, null, null, null]","[2.135496139526367, null, null, null]",1.507028579711914
mlp_recipe_control,47,train,378d61da938e5420,2021.07.16.22.40.23_veh-38,b4d6add3705a50f5,1,0.04971347004175186,"[90, 23, 123, 93]",4,1.8356032371520996,1.4328638315200806,"[1.8356032371520996, null, null, null]","[1.4328638315200806, null, null, null]",1.2520771026611328
mlp_recipe_control,47,train,8bcd32f3329b5729,2021.07.16.22.40.23_veh-38,ce32a45e2c885ce0,1,0.25675541162490845,"[433, 306, 351, 338]",4,2.841339111328125,2.6700234413146973,"[null, null, null, 2.841339111328125]","[null, null, null, 2.6700234413146973]",1.7612136602401733
mlp_recipe_control,47,train,85107617069e5eae,2021.10.05.07.49.39_veh-52,a3270c0c8ca250a5,2,0.518814206123352,"[26, 189, 29, 57]",16,1.928473711013794,1.7420268058776855,"[2.2142751216888428, 1.8612310886383057, 1.9876660108566284, 1.650722861289978]","[2.086052179336548, 1.7171893119812012, 1.746039867401123, 1.4188255071640015]",1.4147584438323975
mlp_recipe_control,47,train,dd9d8e686a345f74,2021.10.05.07.49.39_veh-52,6ef4b849a52f565e,1,0.13715143501758575,"[87, 157, 17, 14]",16,2.0087733268737793,1.7598680257797241,"[1.9214431047439575, 2.03218412399292, 2.1901848316192627, 1.8912808895111084]","[1.6003305912017822, 1.8548252582550049, 1.8410671949386597, 1.743248701095581]",1.5345730781555176
mlp_recipe_control,47,train,d25f823ffc5f55cf,2021.10.05.07.49.39_veh-52,b9c2d90e9f0d5298,2,0.37836647033691406,"[60, 63, 31, 94]",16,2.313899517059326,1.8493075370788574,"[2.230746030807495, 2.081578254699707, 2.4509150981903076, 2.492358684539795]","[1.3103582859039307, 1.6874490976333618, 2.016251802444458, 2.3831708431243896]",1.5155858993530273
mlp_recipe_control,47,train,fa41647d02c7591c,2021.10.05.07.49.39_veh-52,425547b119ac51e8,2,0.570921778678894,"[94, 58, 29, 95]",4,2.447378635406494,1.5873898267745972,"[2.447378635406494, null, null, null]","[1.5873898267745972, null, null, null]",1.4418362379074097
mlp_recipe_control,47,train,e1513979c1a25a3a,2021.10.05.07.49.39_veh-52,63675e4e47d35a9c,0,0.28318479657173157,"[29, 28, 63, 53]",16,2.562788963317871,2.370260715484619,"[2.1633410453796387, 2.7967443466186523, 2.8912885189056396, 2.399782180786133]","[1.7555855512619019, 2.4537649154663086, 2.6760497093200684, 2.595642566680908]",1.4729269742965698
mlp_recipe_control,47,train,21a96107cf785a63,2021.10.05.07.49.39_veh-52,425547b119ac51e8,0,0.24942490458488464,"[22, 52, 84, 20]",12,2.321481227874756,2.3107762336730957,"[2.047882556915283, 2.657954692840576, 2.25860595703125, null]","[1.4265923500061035, 3.14719557762146, 2.3585410118103027, null]",1.4826040267944336
mlp_recipe_control,47,train,0961f8661d8a58c2,2021.10.05.07.49.39_veh-52,1cb0c69eb34a51f0,2,0.9282664656639099,"[25, 30, 158, 28]",4,2.6646924018859863,1.290761947631836,"[2.6646924018859863, null, null, null]","[1.290761947631836, null, null, null]",1.6648143529891968
mlp_recipe_control,47,train,5c78f13876e0582b,2021.10.05.07.49.39_veh-52,a140ff94e233594d,1,0.25358808040618896,"[86, 116, 83, 84]",16,2.2659542560577393,1.4014790058135986,"[2.1587367057800293, 2.2780869007110596, 2.3469505310058594, 2.2800424098968506]","[1.2004166841506958, 1.2391867637634277, 1.7163299322128296, 1.4499824047088623]",1.642425537109375
mlp_recipe_control,47,train,8b0932e2de6753ab,2021.06.09.12.06.35_veh-35,29cb5c1452bc5bce,1,0.2742992043495178,"[23, 27, 209, 30]",4,2.3357229232788086,1.5897839069366455,"[2.3357229232788086, null, null, null]","[1.5897839069366455, null, null, null]",1.5024374723434448
mlp_recipe_control,47,train,c2b7349b328858ac,2021.06.09.12.06.35_veh-35,39e28bb91b3c557d,0,0.07714322209358215,"[406, 382, 378, 349]",4,2.5467844009399414,3.5441956520080566,"[2.5467844009399414, null, null, null]","[3.5441956520080566, null, null, null]",1.861703872680664
mlp_recipe_control,47,train,482e228f118e544b,2021.06.09.12.06.35_veh-35,d8e166bb74fc5f00,1,0.07602017372846603,"[273, 119, 306, 91]",8,3.0685808658599854,2.1953487396240234,"[3.0902771949768066, 3.046884536743164, null, null]","[1.8620270490646362, 2.528670310974121, null, null]",1.901275873184204
mlp_recipe_control,47,train,0bcc8551849c538f,2021.06.09.12.06.35_veh-35,ab18f13d87e7560f,1,0.10998301208019257,"[14, 191, 88, 56]",8,3.030759334564209,1.8880164623260498,"[null, null, 2.92616868019104, 3.135349988937378]","[null, null, 1.594504714012146, 2.181528091430664]",1.695259690284729
mlp_recipe_control,47,train,79ea424b3b2b51e7,2021.06.09.12.06.35_veh-35,7331a1cdf1cd5f28,1,0.1385715752840042,"[152, 91, 126, 89]",8,1.664965271949768,0.621185302734375,"[null, null, 1.65382981300354, 1.676100730895996]","[null, null, 0.5040311217308044, 0.7383394241333008]",1.23177969455719
mlp_recipe_control,47,train,5a4f5d512d285fd2,2021.06.09.12.06.35_veh-35,7331a1cdf1cd5f28,1,0.14567722380161285,"[57, 188, 150, 105]",0,0.0,0.0,"[null, null, null, null]","[null, null, null, null]",1.678337812423706
mlp_recipe_control,47,train,f56f173b6d3b52d4,2021.06.09.12.06.35_veh-35,533c96a969445755,1,0.025459300726652145,"[25, 55, 26, 116]",16,2.0190587043762207,1.4960689544677734,"[2.103078842163086, 1.9996418952941895, 1.859412431716919, 2.1141016483306885]","[0.9550013542175293, 1.8028275966644287, 1.1617023944854736, 2.064744472503662]",1.4389039278030396
mlp_recipe_control,47,train,7d14dc9e1394504c,2021.06.09.12.06.35_veh-35,15746f958b855ce1,1,0.3377234637737274,"[84, 119, 22, 95]",4,2.5632927417755127,0.9150514006614685,"[2.5632927417755127, null, null, null]","[0.9150514006614685, null, null, null]",1.657900094985962
mlp_recipe_control,47,train,a0b601837cc25f9a,2021.06.07.12.54.00_veh-35,e6276d5babcf57c5,1,0.18681028485298157,"[11, 281, 27, 26]",16,2.4118988513946533,1.967514991760254,"[2.365999221801758, 2.070701837539673, 2.7011523246765137, 2.509742259979248]","[1.0682419538497925, 1.9108513593673706, 2.7552688121795654, 2.135697603225708]",1.511484980583191
mlp_recipe_control,47,train,dcbf1cf262365995,2021.06.07.12.54.00_veh-35,e7819c9d528b5035,1,1.5590295791625977,"[335, 304, 334, 63]",4,3.4962892532348633,1.8229091167449951,"[3.4962892532348633, null, null, null]","[1.8229091167449951, null, null, null]",1.7688167095184326
mlp_recipe_control,47,train,4f0a0a61bdaa5a59,2021.06.07.12.54.00_veh-35,528ee06dd0565678,1,0.09687349945306778,"[157, 20, 123, 29]",4,2.3193438053131104,0.6419355869293213,"[2.3193438053131104, null, null, null]","[0.6419355869293213, null, null, null]",1.5333881378173828
mlp_recipe_control,47,train,4c2e114b0f5c5cee,2021.06.07.12.54.00_veh-35,c0d79102a9225562,1,0.24866876006126404,"[125, 157, 124, 127]",16,1.685823678970337,1.5517969131469727,"[1.3469555377960205, 1.8851161003112793, 1.8801519870758057, 1.6310707330703735]","[0.911099910736084, 2.060499668121338, 1.8025476932525635, 1.4330401420593262]",1.1762079000473022
mlp_recipe_control,47,train,9ac6b0c708ef57ba,2021.06.07.12.54.00_veh-35,91deaa6b42c85a71,1,0.49530065059661865,"[87, 58, 61, 50]",4,2.029690980911255,0.756828248500824,"[2.029690980911255, null, null, null]","[0.756828248500824, null, null, null]",1.4258332252502441
mlp_recipe_control,47,train,8a85218e4a3d5fa2,2021.06.07.12.54.00_veh-35,91deaa6b42c85a71,1,0.16092151403427124,"[118, 119, 29, 182]",0,0.0,0.0,"[null, null, null, null]","[null, null, null, null]",1.3746960163116455
mlp_recipe_control,47,train,23b79e79cec15f05,2021.06.07.12.54.00_veh-35,f5c76f15450f5cd1,1,0.11398934572935104,"[29, 30, 28, 159]",4,1.95967435836792,0.9529135227203369,"[1.95967435836792, null, null, null]","[0.9529135227203369, null, null, null]",1.3629730939865112
mlp_recipe_control,47,train,e5e57399ea0a5228,2021.06.07.12.54.00_veh-35,25302d95d9f158f7,1,1.3062537908554077,"[445, 379, 348, 317]",16,2.494084596633911,2.23183536529541,"[2.646739959716797, 2.4328269958496094, 2.4431238174438477, 2.453648328781128]","[1.604816198348999, 2.196537971496582, 2.5013060569763184, 2.6246800422668457]",1.6547038555145264
mlp_recipe_control,47,train,e1a8d2a630635703,2021.06.14.14.03.45_veh-38,8f286698db6d541b,1,0.11177001893520355,"[63, 30, 31, 156]",16,2.310652732849121,1.6665055751800537,"[2.4044668674468994, 2.317122220993042, 2.4239203929901123, 2.0971012115478516]","[1.135705590248108, 1.4404696226119995, 2.183370351791382, 1.9064767360687256]",1.5927754640579224
mlp_recipe_control,47,train,aece322a1d42538a,2021.06.14.14.03.45_veh-38,7540234731835704,1,0.07131053507328033,"[155, 119, 50, 122]",16,2.085313320159912,2.00130558013916,"[2.1838560104370117, 2.0584163665771484, 1.8923060894012451, 2.2066750526428223]","[1.3946049213409424, 2.112147092819214, 2.0427894592285156, 2.4556801319122314]",1.523011326789856
mlp_recipe_control,47,train,9d0bf147438e5fb3,2021.06.14.14.03.45_veh-38,23e9bf0d2cbe5bab,1,0.020643236115574837,"[186, 188, 154, 217]",4,2.35941743850708,1.1039823293685913,"[2.35941743850708, null, null, null]","[1.1039823293685913, null, null, null]",1.5266740322113037
mlp_recipe_control,47,train,f2d2c1ea12755312,2021.06.14.14.03.45_veh-38,34c1915fbf665c36,1,0.04513586312532425,"[276, 31, 122, 126]",8,2.3174800872802734,0.9725006222724915,"[2.182493209838867, 2.452467203140259, null, null]","[0.7629179954528809, 1.182083249092102, null, null]",1.4242370128631592
mlp_recipe_control,47,train,cea14bc9e11e5a9a,2021.06.14.14.03.45_veh-38,6be18c3f08665d95,1,0.17778904736042023,"[121, 94, 62, 17]",4,2.015432834625244,1.6055545806884766,"[2.015432834625244, null, null, null]","[1.6055545806884766, null, null, null]",1.3111003637313843
mlp_recipe_control,47,train,4a60572394c95d99,2021.06.14.14.03.45_veh-38,7e940171cbb2501f,1,0.0638628602027893,"[84, 282, 284, 59]",4,3.5432040691375732,1.0253970623016357,"[3.5432040691375732, null, null, null]","[1.0253970623016357, null, null, null]",1.8502576351165771
mlp_recipe_control,47,train,73c60faa4a4f50d5,2021.06.14.14.03.45_veh-38,3310381978495db6,1,0.05780762434005737,"[62, 54, 58, 125]",16,1.9018142223358154,1.6000604629516602,"[2.000095844268799, 2.060567617416382, 1.7200260162353516, 1.8265671730041504]","[1.8771957159042358, 1.9654078483581543, 1.1202751398086548, 1.4373629093170166]",1.244273066520691
mlp_recipe_control,47,train,19d7d544be8b5ed6,2021.06.14.14.03.45_veh-38,faff8007373357b2,0,0.0875910148024559,"[126, 29, 59, 157]",12,1.8035329580307007,1.1373820304870605,"[1.8979690074920654, 1.8386404514312744, 1.6739892959594727, null]","[1.5161080360412598, 1.1164642572402954, 0.7795735597610474, null]",1.1818516254425049
mlp_recipe_control,47,train,0cee9b6cce6b55bb,2021.06.23.17.31.36_veh-16,5dd11df23010512b,1,0.04816598817706108,"[55, 88, 26, 86]",4,2.0527420043945312,0.6983226537704468,"[2.0527420043945312, null, null, null]","[0.6983226537704468, null, null, null]",1.4173721075057983
mlp_recipe_control,47,train,b7e4f74f963b5911,2021.06.23.17.31.36_veh-16,12076247bcfc52af,0,0.022167570888996124,"[13, 24, 156, 122]",8,2.16093373298645,1.2417914867401123,"[1.943162202835083, 2.3787055015563965, null, null]","[1.6313904523849487, 0.8521924018859863, null, null]",1.5110056400299072
mlp_recipe_control,47,train,de1498ad86835196,2021.06.23.17.31.36_veh-16,0f8853ece4595cfd,1,0.015748539939522743,"[185, 60, 123, 125]",16,1.8004169464111328,1.4739257097244263,"[1.7625281810760498, 1.7477569580078125, 1.7408511638641357, 1.9505317211151123]","[0.9337413907051086, 1.4098259210586548, 1.5991746187210083, 1.952960729598999]",1.430621862411499
mlp_recipe_control,47,train,025ec42ba16f587d,2021.06.23.17.31.36_veh-16,135f484f0eaf5a02,1,0.12934494018554688,"[93, 124, 94, 21]",16,1.9604824781417847,1.7103164196014404,"[1.9600341320037842, 1.7212140560150146, 2.1015701293945312, 2.0591118335723877]","[1.4233907461166382, 1.4580693244934082, 2.323878288269043, 1.635927438735962]",1.3663396835327148
mlp_recipe_control,47,train,c3fcca93dde25e14,2021.06.23.17.31.36_veh-16,e9436dfe242a5e1e,0,0.443453311920166,"[59, 58, 188, 56]",16,1.9095509052276611,1.4366083145141602,"[1.8046433925628662, 2.1198768615722656, 1.816839575767517, 1.896843671798706]","[1.631030559539795, 1.8080859184265137, 1.3262746334075928, 0.981041669845581]",1.283728003501892
mlp_recipe_control,47,train,e06e9be096c55f62,2021.06.23.17.31.36_veh-16,0ecd78b5d8165cd8,0,0.08275964111089706,"[54, 125, 63, 30]",16,1.8564040660858154,1.5764753818511963,"[1.8366219997406006, 1.8974604606628418, 2.0477700233459473, 1.643763780593872]","[1.4947460889816284, 1.7330986261367798, 1.921656608581543, 1.1563999652862549]",1.2349635362625122
mlp_recipe_control,47,train,3764fca3eb725eea,2021.06.23.17.31.36_veh-16,83605fe059ea5914,1,0.14685173332691193,"[180, 122, 147, 115]",16,1.8021891117095947,1.4314687252044678,"[1.7245594263076782, 1.7974716424942017, 1.8572602272033691, 1.8294651508331299]","[1.391393780708313, 1.372380256652832, 1.4307454824447632, 1.531355381011963]",1.3695318698883057
mlp_recipe_control,47,train,e37afb24cbc354b1,2021.06.23.17.31.36_veh-16,137a8e2e182e525a,1,0.04836936295032501,"[125, 127, 123, 118]",8,1.9326164722442627,0.5475175976753235,"[1.7828567028045654, 2.08237624168396, null, null]","[0.2772819399833679, 0.8177533149719238, null, null]",1.3237972259521484
mlp_recipe_control,47,train,99bf73c4d148509a,2021.06.14.18.13.35_veh-26,ece541c7453e5027,1,0.1210256963968277,"[87, 31, 56, 21]",8,2.68672776222229,1.8595263957977295,"[2.6899309158325195, 2.6835248470306396, null, null]","[1.7362316846847534, 1.9828208684921265, null, null]",1.603593111038208
mlp_recipe_control,47,train,82183d4ed7285e2b,2021.06.14.18.13.35_veh-26,15b78bc7ecd45635,2,0.09303469210863113,"[190, 155, 187, 125]",16,2.3949060440063477,4.009545803070068,"[2.2674241065979004, 2.4569878578186035, 2.426302194595337, 2.4289093017578125]","[2.6866953372955322, 3.9196860790252686, 4.722909927368164, 4.70889139175415]",1.9014383554458618
mlp_recipe_control,47,train,09fc359e65a65d2d,2021.06.14.18.13.35_veh-26,8c1c9f8ebebd5a2c,0,0.03047511726617813,"[265, 111, 247, 276]",0,0.0,0.0,"[null, null, null, null]","[null, null, null, null]",2.063241958618164
mlp_recipe_control,47,train,ee6a818615ff51ba,2021.06.14.18.13.35_veh-26,78f10869dcaa5d66,0,0.13580955564975739,"[30, 26, 62, 28]",12,2.8458657264709473,1.7076184749603271,"[2.9887609481811523, 3.317265033721924, 2.231570243835449, null]","[1.6904693841934204, 2.0991625785827637, 1.3332237005233765, null]",1.6482524871826172
mlp_recipe_control,47,train,e134b297048b5c37,2021.06.14.18.13.35_veh-26,290604a14d365b9b,0,0.05226242542266846,"[27, 80, 20, 19]",8,2.023827075958252,1.4168455600738525,"[null, null, 1.7394616603851318, 2.308192253112793]","[null, null, 0.9461740851402283, 1.887516975402832]",1.2551707029342651
mlp_recipe_control,47,train,9c833d715d5a5f2c,2021.06.14.18.13.35_veh-26,ce646f56ab2a530e,0,0.057167135179042816,"[127, 60, 95, 123]",16,2.078187942504883,1.9663145542144775,"[2.1913564205169678, 2.0859622955322266, 2.592019557952881, 1.4434126615524292]","[2.1611008644104004, 1.8798023462295532, 2.7264328002929688, 1.0979222059249878]",1.2044634819030762
mlp_recipe_control,47,train,505bbe9ba4405369,2021.06.14.18.13.35_veh-26,20e402609e615776,1,0.07966434210538864,"[21, 23, 119, 53]",4,2.9156687259674072,0.5824093222618103,"[2.9156687259674072, null, null, null]","[0.5824093222618103, null, null, null]",1.713212251663208
mlp_recipe_control,47,train,7c0f902cd4a85505,2021.06.14.18.13.35_veh-26,bc0a766ff84b5442,1,0.05626928061246872,"[125, 152, 126, 30]",0,0.0,0.0,"[null, null, null, null]","[null, null, null, null]",1.3025096654891968
mlp_recipe_control,47,train,aa5610ae761e5330,2021.08.17.17.55.18_veh-43,f928e8f7bee55d18,2,0.17956754565238953,"[62, 186, 187, 28]",4,3.160696268081665,3.823657989501953,"[null, null, null, 3.160696268081665]","[null, null, null, 3.823657989501953]",1.974433422088623
mlp_recipe_control,47,train,06f416ef3dbc5656,2021.08.17.17.55.18_veh-43,e0efd254e94b5c5d,1,0.02919752523303032,"[158, 30, 29, 23]",4,2.417107582092285,1.1922259330749512,"[2.417107582092285, null, null, null]","[1.1922259330749512, null, null, null]",1.602134108543396
mlp_recipe_control,47,train,9adfdd4c06cf5e8c,2021.08.17.17.55.18_veh-43,7032266a8b3259e9,1,0.0999830961227417,"[149, 113, 180, 181]",0,0.0,0.0,"[null, null, null, null]","[null, null, null, null]",1.7177096605300903
mlp_recipe_control,47,train,94014ea94dae5180,2021.08.17.17.55.18_veh-43,03d335bbfd355432,1,0.02029005065560341,"[84, 93, 61, 63]",8,2.056380271911621,2.060608386993408,"[null, null, 1.9001078605651855, 2.2126529216766357]","[null, null, 1.6436176300048828, 2.4775991439819336]",1.2963943481445312
mlp_recipe_control,47,train,996a71ebed2d5962,2021.08.17.17.55.18_veh-43,669b4bc52a755a71,1,0.0430678129196167,"[29, 24, 28, 30]",12,2.2789881229400635,1.583261489868164,"[2.148918867111206, 2.170262336730957, 2.517782688140869, null]","[1.3817660808563232, 1.5342251062393188, 1.8337934017181396, null]",1.5851579904556274
mlp_recipe_control,47,train,b65cdf1698ec58da,2021.08.17.17.55.18_veh-43,f5ce59f542c15ccf,2,0.10814525187015533,"[30, 94, 189, 95]",8,2.6460423469543457,3.195526123046875,"[null, null, 2.5193631649017334, 2.772721767425537]","[null, null, 3.1052427291870117, 3.285809278488159]",1.9033303260803223
mlp_recipe_control,47,train,7c897aea11555116,2021.08.17.17.55.18_veh-43,119facee9f435d2d,1,0.010391131043434143,"[85, 57, 55, 61]",0,0.0,0.0,"[null, null, null, null]","[null, null, null, null]",1.7927535772323608
mlp_recipe_control,47,train,9d8bbe7081805aff,2021.08.17.17.55.18_veh-43,e4f7253cff9559e5,1,0.5899026989936829,"[62, 58, 59, 20]",8,2.5221188068389893,2.6891870498657227,"[null, null, 2.2900328636169434, 2.754204511642456]","[null, null, 2.2640504837036133, 3.114323139190674]",1.6615878343582153
mlp_recipe_control,47,train,6f13db85eb395da6,2021.06.07.18.53.26_veh-26,b4aa9d6255005ff4,1,1.3842997550964355,"[382, 350, 29, 63]",8,2.526200532913208,1.430727243423462,"[2.631606340408325, 2.420794725418091, null, null]","[1.223818063735962, 1.6376365423202515, null, null]",1.6892247200012207
mlp_recipe_control,47,train,90bab1d26e77539e,2021.06.07.18.53.26_veh-26,a775290bfe11501c,1,0.5579010248184204,"[149, 122, 53, 71]",12,2.3195254802703857,1.6867799758911133,"[null, 2.3902134895324707, 2.284651279449463, 2.2837114334106445]","[null, 1.4687016010284424, 1.595558762550354, 1.996079444885254]",1.491726279258728
mlp_recipe_control,47,train,a0fad9da427656e1,2021.06.07.18.53.26_veh-26,7c918a18841755fe,1,0.8327549695968628,"[88, 56, 91, 59]",16,1.9588937759399414,2.6769580841064453,"[2.11395001411438, 2.19423770904541, 1.6790525913238525, 1.848334550857544]","[3.2177953720092773, 2.5271942615509033, 2.483677864074707, 2.4791646003723145]",1.5618383884429932
mlp_recipe_control,47,train,cc2769dbb64c51c5,2021.06.07.18.53.26_veh-26,e056042111235af2,0,0.18015843629837036,"[59, 92, 123, 159]",12,1.6122148036956787,1.4866650104522705,"[1.5854461193084717, null, 1.696196436882019, 1.5550017356872559]","[1.0439343452453613, null, 1.7382372617721558, 1.6778230667114258]",1.31790030002594
mlp_recipe_control,47,train,3a42aaf9c7ad52b0,2021.06.07.18.53.26_veh-26,a775290bfe11501c,1,0.016949450597167015,"[208, 205, 114, 188]",0,0.0,0.0,"[null, null, null, null]","[null, null, null, null]",2.0346944332122803
mlp_recipe_control,47,train,9ce593252631507d,2021.06.07.18.53.26_veh-26,5ed65930b4c35bfa,1,0.6399369835853577,"[240, 142, 55, 10]",12,3.2926902770996094,2.3021926879882812,"[3.3028078079223633, 3.3580150604248047, 3.217247486114502, null]","[1.786942958831787, 2.691640853881836, 2.4279937744140625, null]",1.7805722951889038
mlp_recipe_control,47,train,d7bf7fb4d1995e7e,2021.06.07.18.53.26_veh-26,ead01d808c89587c,1,0.21375280618667603,"[125, 187, 184, 91]",16,1.8384289741516113,1.622361183166504,"[2.017277956008911, 1.8502343893051147, 1.7594683170318604, 1.726735234260559]","[2.013251304626465, 1.60530424118042, 1.653935432434082, 1.2169537544250488]",1.2797795534133911
mlp_recipe_control,47,train,884a4400377653c4,2021.06.07.18.53.26_veh-26,77179676f4c656da,0,0.2851267457008362,"[17, 126, 55, 61]",16,2.2016470432281494,2.288156032562256,"[2.3945863246917725, 2.253655433654785, 2.3052425384521484, 1.8531041145324707]","[2.22059965133667, 2.382582187652588, 2.441544532775879, 2.107898235321045]",1.4678031206130981
mlp_recipe_control,47,train,f2a8a11d1d9957c6,2021.08.17.17.17.01_veh-45,d53c011070a753b3,1,0.06928996741771698,"[91, 157, 216, 219]",8,1.9806978702545166,1.3703529834747314,"[2.070122480392456, 1.8912733793258667, null, null]","[1.2354638576507568, 1.5052419900894165, null, null]",1.4382883310317993
mlp_recipe_control,47,train,448fcc465ce2589c,2021.08.17.17.17.01_veh-45,2d50451fc5045ec3,1,0.09178102016448975,"[145, 150, 116, 90]",4,2.0638535022735596,1.2884681224822998,"[2.0638535022735596, null, null, null]","[1.2884681224822998, null, null, null]",1.4584603309631348
mlp_recipe_control,47,train,5b9eea7538235f36,2021.08.17.17.17.01_veh-45,58adb0f87a905810,2,0.16777731478214264,"[31, 62, 90, 59]",12,3.466500759124756,3.5851686000823975,"[3.1804208755493164, 3.9477996826171875, null, 3.2712812423706055]","[2.4460747241973877, 4.188348293304443, null, 4.121082782745361]",1.6902780532836914
mlp_recipe_control,47,train,8da3d9d2de0c53bd,2021.08.17.17.17.01_veh-45,56ef3c9f702054a5,0,0.20543339848518372,"[93, 158, 126, 30]",0,0.0,0.0,"[null, null, null, null]","[null, null, null, null]",1.3221279382705688
mlp_recipe_control,47,train,4cb6f16e6fd75ae6,2021.08.17.17.17.01_veh-45,01fcbea54a215b4c,0,0.16198515892028809,"[190, 126, 60, 28]",0,0.0,0.0,"[null, null, null, null]","[null, null, null, null]",1.4516061544418335
mlp_recipe_control,47,train,6bf7c64d674550c0,2021.08.17.17.17.01_veh-45,e9ee1f2ed60e5dad,0,0.06498938798904419,"[31, 61, 92, 57]",16,2.530226469039917,2.371523141860962,"[2.261565685272217, 2.0931174755096436, 2.5286314487457275, 3.23759126663208]","[1.0735323429107666, 2.2928402423858643, 2.670261859893799, 3.449458122253418]",1.5741816759109497
mlp_recipe_control,47,train,400d720e95ee5e13,2021.08.17.17.17.01_veh-45,e334ef237217504d,0,0.09053842723369598,"[126, 93, 124, 191]",12,2.04721736907959,3.569223403930664,"[null, 2.627758026123047, 1.7022322416305542, 1.8116611242294312]","[null, 3.264936923980713, 3.7551281452178955, 3.6876044273376465]",1.9112083911895752
mlp_recipe_control,47,train,f16683fd19e558c2,2021.08.17.17.17.01_veh-45,091fcca513f752d2,0,0.13141311705112457,"[61, 27, 63, 92]",4,2.388965606689453,3.1984469890594482,"[null, null, null, 2.388965606689453]","[null, null, null, 3.1984469890594482]",1.5817596912384033
mlp_recipe_control,47,development,5b2b2741a9225324,2021.06.07.17.46.49_veh-35,d27fc0739dad5664,1,0.6367285847663879,"[61, 92, 57, 55]",16,2.0388002395629883,2.1429362297058105,"[1.9051880836486816, 1.9345301389694214, 1.992136001586914, 2.3233470916748047]","[2.248894453048706, 2.1128592491149902, 2.129011631011963, 2.080979108810425]",1.5341782569885254
mlp_recipe_control,47,development,1dc3ed89baf15ac3,2021.06.07.17.46.49_veh-35,1dabc8e66ab15cb6,1,0.21713009476661682,"[57, 56, 54, 88]",4,2.4604010581970215,0.8849846720695496,"[2.4604010581970215, null, null, null]","[0.8849846720695496, null, null, null]",1.6103670597076416
mlp_recipe_control,47,development,2daea025bb7e5a2c,2021.06.07.17.46.49_veh-35,db1cb602e9f05786,1,0.32610806822776794,"[86, 149, 343, 181]",8,3.4434714317321777,2.8865325450897217,"[3.084343910217285, 3.8025989532470703, null, null]","[2.174976348876953, 3.598088264465332, null, null]",1.7088524103164673
mlp_recipe_control,47,development,be3bc0fa680c5e33,2021.06.07.17.46.49_veh-35,17a02971177257e5,0,0.5960870981216431,"[125, 25, 31, 90]",16,2.27675199508667,1.805444359779358,"[2.2347347736358643, 2.1049156188964844, 2.314248561859131, 2.453108787536621]","[1.6504850387573242, 1.532684564590454, 1.9808800220489502, 2.0577280521392822]",1.3395798206329346
mlp_recipe_control,47,development,2903fe2f977f5927,2021.06.07.17.46.49_veh-35,f29c7a8c103151ea,1,0.9870361089706421,"[25, 84, 24, 22]",0,0.0,0.0,"[null, null, null, null]","[null, null, null, null]",1.616750955581665
mlp_recipe_control,47,development,c362c24b66b351ed,2021.06.07.17.46.49_veh-35,186b67f7d5325988,1,1.034745216369629,"[92, 26, 93, 155]",4,2.125068187713623,1.31796395778656,"[2.125068187713623, null, null, null]","[1.31796395778656, null, null, null]",1.328910231590271
mlp_recipe_control,47,development,222f5d6a4aa25d89,2021.06.07.17.46.49_veh-35,75787c317e3a5b82,1,0.2994881272315979,"[242, 30, 54, 84]",16,2.3225529193878174,1.5647637844085693,"[2.251629114151001, 2.4231743812561035, 2.3437469005584717, 2.2716617584228516]","[1.1102211475372314, 1.478316307067871, 1.5987117290496826, 2.071805477142334]",1.552762746810913
mlp_recipe_control,47,development,933f03af8f385207,2021.06.07.17.46.49_veh-35,9036e1622d84535c,2,0.40956804156303406,"[95, 127, 30, 60]",16,3.079591989517212,1.7278059720993042,"[2.8153038024902344, 3.086158275604248, 3.0884439945220947, 3.3284616470336914]","[0.3884764313697815, 0.8682771325111389, 2.332446336746216, 3.322023868560791]",1.6379039287567139
mlp_recipe_control,47,development,063ebdb158075369,2021.06.09.11.54.15_veh-12,ff376a5096665630,1,0.05093615502119064,"[93, 127, 59, 159]",8,1.8303303718566895,2.109196662902832,"[1.6964341402053833, 1.964226484298706, null, null]","[1.7679011821746826, 2.4504923820495605, null, null]",1.5398820638656616
mlp_recipe_control,47,development,c0a1b812e095547d,2021.06.09.11.54.15_veh-12,402aea4619c55186,1,0.19366852939128876,"[212, 158, 117, 244]",12,2.4281492233276367,1.987307071685791,"[null, 2.538449764251709, 2.190253973007202, 2.55574369430542]","[null, 1.7261486053466797, 1.9726039171218872, 2.263169288635254]",1.6511287689208984
mlp_recipe_control,47,development,482f957d79f45f55,2021.06.09.11.54.15_veh-12,5107aa8e98035ec1,1,0.1251254677772522,"[283, 248, 52, 302]",8,2.5918526649475098,1.8912439346313477,"[2.3609724044799805, 2.822732925415039, null, null]","[1.6202062368392944, 2.1622815132141113, null, null]",1.7404879331588745
mlp_recipe_control,47,development,6561907765f2550f,2021.06.09.11.54.15_veh-12,91420a0f9dc25fe9,1,0.12192830443382263,"[186, 120, 185, 24]",0,0.0,0.0,"[null, null, null, null]","[null, null, null, null]",1.6109894514083862
mlp_recipe_control,47,development,5742dd4bd86e5127,2021.06.09.11.54.15_veh-12,3c893aadfc175960,1,0.04470255225896835,"[283, 122, 124, 152]",12,1.9814071655273438,1.5369646549224854,"[1.8640412092208862, 2.0146050453186035, 2.065575122833252, null]","[1.2943711280822754, 1.5298326015472412, 1.7866902351379395, null]",1.3742144107818604
mlp_recipe_control,47,development,ecc85792eb665ba0,2021.06.09.11.54.15_veh-12,7b3b09ed718b5bf4,1,0.049654558300971985,"[57, 152, 275, 46]",16,2.6527352333068848,1.6531436443328857,"[2.6821746826171875, 2.7549524307250977, 2.6162357330322266, 2.557577610015869]","[1.3602821826934814, 1.5788419246673584, 1.768510341644287, 1.9049402475357056]",1.560831904411316
mlp_recipe_control,47,development,599c900bc4e95312,2021.06.09.11.54.15_veh-12,8f3409a47a455049,2,0.15376123785972595,"[24, 92, 23, 91]",16,2.951113700866699,3.3976144790649414,"[2.9704599380493164, 4.153182029724121, 2.3532967567443848, 2.3275160789489746]","[2.8652310371398926, 4.035316467285156, 3.4339938163757324, 3.2559173107147217]",1.6452690362930298
mlp_recipe_control,47,development,505cdbada0ee59be,2021.06.09.11.54.15_veh-12,5b7dc6545cc658f0,2,0.07894474267959595,"[59, 92, 90, 63]",16,3.3903238773345947,3.460536003112793,"[2.6803486347198486, 3.575409412384033, 3.8365564346313477, 3.4689812660217285]","[2.046224355697632, 2.9597198963165283, 4.539146900177002, 4.297052383422852]",1.7399492263793945
mlp_recipe_control,47,development,836b76b2c8f35990,2021.08.24.17.37.11_veh-08,1d97c042ca575a4c,2,0.6106438636779785,"[30, 29, 127, 63]",8,3.610405445098877,3.0432562828063965,"[3.717691421508789, 3.503119468688965, null, null]","[2.947551727294922, 3.138960838317871, null, null]",1.8548954725265503
mlp_recipe_control,47,development,21eb51db8a675681,2021.08.24.17.37.11_veh-08,ffe62a894e3a5925,1,0.12930279970169067,"[186, 95, 156, 63]",0,0.0,0.0,"[null, null, null, null]","[null, null, null, null]",1.2848412990570068
mlp_recipe_control,47,development,b8bf6e0a15635fa9,2021.08.24.17.37.11_veh-08,00c0acbc4c06557c,2,0.1167304664850235,"[186, 58, 25, 246]",0,0.0,0.0,"[null, null, null, null]","[null, null, null, null]",1.6881558895111084
mlp_recipe_control,47,development,005e12630b405e67,2021.08.24.17.37.11_veh-08,4bfb3377012e5e58,0,0.6062808036804199,"[92, 26, 57, 91]",4,2.3410520553588867,2.4571382999420166,"[2.3410520553588867, null, null, null]","[2.4571382999420166, null, null, null]",1.6217814683914185
mlp_recipe_control,47,development,4ece654624b452ac,2021.08.24.17.37.11_veh-08,f68f529d24295c53,1,0.5894796252250671,"[126, 95, 55, 155]",4,2.430621862411499,2.23392915725708,"[2.430621862411499, null, null, null]","[2.23392915725708, null, null, null]",1.4790114164352417
mlp_recipe_control,47,development,a7aa6da460a65457,2021.08.24.17.37.11_veh-08,1d97c042ca575a4c,1,0.2724461555480957,"[223, 92, 217, 126]",8,2.1306967735290527,1.552668809890747,"[2.038048505783081, 2.2233448028564453, null, null]","[1.4115573167800903, 1.6937801837921143, null, null]",1.4248597621917725
mlp_recipe_control,47,development,cc40016cd26a5ff5,2021.08.24.17.37.11_veh-08,a18c9d5742545776,1,0.045797526836395264,"[94, 62, 159, 20]",0,0.0,0.0,"[null, null, null, null]","[null, null, null, null]",1.6512248516082764
mlp_recipe_control,47,development,0a7d7aef157c5bc6,2021.08.24.17.37.11_veh-08,4bfb3377012e5e58,0,0.30463916063308716,"[116, 190, 60, 57]",16,2.7463855743408203,2.1309690475463867,"[2.203120231628418, 2.552583932876587, 2.934123992919922, 3.295714855194092]","[0.2990303933620453, 1.2863006591796875, 3.410733222961426, 3.5278117656707764]",1.4683634042739868
mlp_recipe_control,47,development,7b9a55edcf2752fb,2021.07.16.00.24.14_veh-38,d940d716f6da5650,0,0.16664287447929382,"[91, 13, 41, 59]",12,2.276956558227539,2.1753487586975098,"[2.231569290161133, null, 2.3710992336273193, 2.228200912475586]","[1.79184091091156, null, 2.2549824714660645, 2.4792227745056152]",1.435869812965393
mlp_recipe_control,47,development,faca4ac928255aed,2021.07.16.00.24.14_veh-38,295cc52db71a5c8d,2,0.0833112895488739,"[284, 282, 318, 274]",8,3.708144187927246,3.7501697540283203,"[null, null, 3.58029842376709, 3.8359901905059814]","[null, null, 3.1608989238739014, 4.339440822601318]",2.134049892425537
mlp_recipe_control,47,development,07deb830dc5e525c,2021.07.16.00.24.14_veh-38,15ac832eaeea5acc,1,0.044688597321510315,"[25, 146, 18, 155]",16,1.9306299686431885,1.3058205842971802,"[1.6312593221664429, 1.872360348701477, 2.209589958190918, 2.009310245513916]","[0.6178210973739624, 1.3683347702026367, 1.8681217432022095, 1.369004726409912]",1.2968462705612183
mlp_recipe_control,47,development,9ff0cdc8fc715ce3,2021.07.16.00.24.14_veh-38,a3063c20eb1251c7,0,0.10007616132497787,"[51, 179, 180, 21]",0,0.0,0.0,"[null, null, null, null]","[null, null, null, null]",2.1245017051696777
mlp_recipe_control,47,development,461e0a28b1f655aa,2021.07.16.00.24.14_veh-38,d45e467ab1e85825,1,0.10900886356830597,"[57, 53, 112, 27]",4,2.394767999649048,0.7438358068466187,"[2.394767999649048, null, null, null]","[0.7438358068466187, null, null, null]",1.5892425775527954
mlp_recipe_control,47,development,548204416ae25b31,2021.07.16.00.24.14_veh-38,072767a0ae2857e9,1,0.07180407643318176,"[57, 56, 26, 52]",0,0.0,0.0,"[null, null, null, null]","[null, null, null, null]",1.5901552438735962
mlp_recipe_control,47,development,e0b0dcb2ea675ec9,2021.07.16.00.24.14_veh-38,a9aeb39738d95e61,1,0.03157525509595871,"[85, 23, 21, 54]",4,3.178391218185425,0.611723005771637,"[3.178391218185425, null, null, null]","[0.611723005771637, null, null, null]",1.8231229782104492
mlp_recipe_control,47,development,8fe6aa411d2350f4,2021.07.16.00.24.14_veh-38,c5ba6402b9b6577d,1,0.12071480602025986,"[156, 26, 123, 122]",4,1.6374307870864868,1.0053516626358032,"[1.6374307870864868, null, null, null]","[1.0053516626358032, null, null, null]",1.22393798828125
mlp_recipe_control,47,development,2587746c51ce582c,2021.06.23.14.54.32_veh-16,8ba21e5f44fd5756,1,0.07847767323255539,"[89, 310, 118, 86]",4,3.4570820331573486,2.418247699737549,"[3.4570820331573486, null, null, null]","[2.418247699737549, null, null, null]",1.8466551303863525
mlp_recipe_control,47,development,cdb8ed61577455d0,2021.06.23.14.54.32_veh-16,63a378470ecf578a,1,0.3098793029785156,"[123, 94, 18, 48]",4,2.7592220306396484,2.359238862991333,"[null, 2.7592220306396484, null, null]","[null, 2.359238862991333, null, null]",1.5010358095169067
mlp_recipe_control,47,development,359653f71f095eb2,2021.06.23.14.54.32_veh-16,764e553f9fa1596e,1,0.17096275091171265,"[159, 127, 188, 23]",4,2.8440966606140137,0.49658605456352234,"[2.8440966606140137, null, null, null]","[0.49658605456352234, null, null, null]",1.5822290182113647
mlp_recipe_control,47,development,e1bd235bf5145312,2021.06.23.14.54.32_veh-16,c21a05faf4f95c23,0,0.07880671322345734,"[20, 30, 15, 84]",12,2.5073583126068115,1.7118909358978271,"[2.5475265979766846, null, 2.350918769836426, 2.623629570007324]","[0.5556069016456604, null, 2.3522279262542725, 2.227837562561035]",1.6806443929672241
mlp_recipe_control,47,development,21851d86de975750,2021.06.23.14.54.32_veh-16,0fa6960777235107,1,0.0900568887591362,"[92, 30, 312, 26]",4,2.2251574993133545,1.1735022068023682,"[2.2251574993133545, null, null, null]","[1.1735022068023682, null, null, null]",1.4679220914840698
mlp_recipe_control,47,development,41fd5b3cc9cb5e4d,2021.06.23.14.54.32_veh-16,192f476facc35a66,1,0.06442968547344208,"[24, 122, 89, 156]",8,1.837510585784912,1.9078898429870605,"[1.654117226600647, 2.020904064178467, null, null]","[1.5732672214508057, 2.2425127029418945, null, null]",1.359480381011963
mlp_recipe_control,47,development,80fcfa05a45d5e36,2021.06.23.14.54.32_veh-16,68c36562409856ec,1,0.07192789018154144,"[93, 58, 60, 122]",12,1.6098637580871582,0.5398180484771729,"[1.5399469137191772, 1.650850772857666, 1.6387933492660522, null]","[0.4090541899204254, 0.6258701086044312, 0.5845298767089844, null]",1.2091255187988281
mlp_recipe_control,47,development,eca9c65e90335fc5,2021.06.23.14.54.32_veh-16,e302117d34785896,1,0.11810250580310822,"[411, 345, 443, 379]",0,0.0,0.0,"[null, null, null, null]","[null, null, null, null]",1.8280857801437378
mlp_recipe_control,47,development,ebbd33f9058e5e95,2021.06.09.14.50.36_veh-26,818dcca6c1fa5abf,1,0.040658168494701385,"[85, 25, 93, 188]",16,2.1951520442962646,2.0401434898376465,"[2.098755359649658, 2.189408779144287, 1.9753860235214233, 2.5170583724975586]","[2.0161924362182617, 2.088744640350342, 1.7207540273666382, 2.334882974624634]",1.3060235977172852
mlp_recipe_control,47,development,9a04bc527d215067,2021.06.09.14.50.36_veh-26,5e8a8d507c145bf2,1,0.2278643399477005,"[57, 58, 127, 88]",0,0.0,0.0,"[null, null, null, null]","[null, null, null, null]",1.6533923149108887
mlp_recipe_control,47,development,5a287daa1f775a79,2021.06.09.14.50.36_veh-26,af832f9835ee5efc,0,0.14382541179656982,"[21, 151, 120, 86]",16,2.2937352657318115,1.8941757678985596,"[2.2077624797821045, 2.086440324783325, 2.4768621921539307, 2.403876304626465]","[0.8899463415145874, 1.539688229560852, 2.551115036010742, 2.5959532260894775]",1.4651113748550415
mlp_recipe_control,47,development,d9a85f2b168854ba,2021.06.09.14.50.36_veh-26,549ee450dacd5abb,1,0.13936693966388702,"[61, 251, 62, 126]",4,2.0483946800231934,1.087882161140442,"[2.0483946800231934, null, null, null]","[1.087882161140442, null, null, null]",1.3177721500396729
mlp_recipe_control,47,development,f6d2ad1db3c45c20,2021.06.09.14.50.36_veh-26,e755817de2795e70,0,0.11232917010784149,"[52, 85, 45, 119]",16,2.2494707107543945,2.088347911834717,"[1.933122158050537, 2.1197609901428223, 2.5399999618530273, 2.404999017715454]","[1.3699402809143066, 2.0734622478485107, 2.563873767852783, 2.3461148738861084]",1.425818920135498
mlp_recipe_control,47,development,5cc6394b1dde5e37,2021.06.09.14.50.36_veh-26,3daa89465a7e50bf,0,0.1324497014284134,"[119, 120, 123, 62]",12,2.3942363262176514,2.5419089794158936,"[1.7912373542785645, 2.782839775085449, 2.6086316108703613, null]","[1.7019668817520142, 2.9404516220092773, 2.9833083152770996, null]",1.28043794631958
mlp_recipe_control,47,development,bd6c7b10ae725c06,2021.06.09.14.50.36_veh-26,40627495cb2f57f2,1,0.1636279970407486,"[51, 58, 125, 50]",8,1.9457292556762695,1.0483858585357666,"[1.8159326314926147, 2.075525999069214, null, null]","[0.7409945130348206, 1.3557772636413574, null, null]",1.3116919994354248
mlp_recipe_control,47,development,03ac353ec2a450b4,2021.06.09.14.50.36_veh-26,b133d32ebacf51a4,0,0.11768114566802979,"[18, 25, 50, 121]",16,2.2391550540924072,1.9220378398895264,"[2.329463481903076, 2.0282938480377197, 2.263800621032715, 2.335062265396118]","[2.2189419269561768, 1.7079336643218994, 1.753725290298462, 2.0075504779815674]",1.220330834388733
mlp_recipe_control,47,development,193179dedf975965,2021.07.09.20.59.12_veh-38,140f0b69eb365081,0,0.11403919756412506,"[26, 61, 22, 188]",16,2.178001880645752,2.0812289714813232,"[2.12357497215271, 2.2393994331359863, 2.1812822818756104, 2.1677517890930176]","[1.8924628496170044, 2.2164855003356934, 2.0277633666992188, 2.188204526901245]",1.2579063177108765
mlp_recipe_control,47,development,ef07b861b51a554e,2021.07.09.20.59.12_veh-38,cb83cacbf41d58b8,1,0.15426769852638245,"[88, 155, 86, 156]",16,1.9712018966674805,1.5819976329803467,"[2.1069650650024414, 2.090520143508911, 1.7518296241760254, 1.935492753982544]","[1.8910207748413086, 1.9719619750976562, 1.022472620010376, 1.4425349235534668]",1.2010748386383057
mlp_recipe_control,47,development,ce6d2bfacf8655a6,2021.07.09.20.59.12_veh-38,ac873abc79f75609,1,0.08213841915130615,"[56, 60, 55, 26]",4,2.522937774658203,1.2373099327087402,"[2.522937774658203, null, null, null]","[1.2373099327087402, null, null, null]",1.5463792085647583
mlp_recipe_control,47,development,6c227ec265b2568d,2021.07.09.20.59.12_veh-38,c63fa36583195676,1,0.3166915774345398,"[157, 348, 185, 221]",8,2.697192430496216,2.7951149940490723,"[2.9459540843963623, 2.4484307765960693, null, null]","[2.7001540660858154, 2.89007568359375, null, null]",1.8802144527435303
mlp_recipe_control,47,development,b0cebe034a265720,2021.07.09.20.59.12_veh-38,f74c2f575df25f4a,1,0.021333498880267143,"[212, 277, 122, 91]",0,0.0,0.0,"[null, null, null, null]","[null, null, null, null]",1.8401397466659546
mlp_recipe_control,47,development,dd2f55420c6b5764,2021.07.09.20.59.12_veh-38,7e572c1c4f5d5df2,1,0.1151667982339859,"[31, 60, 311, 95]",12,2.407269239425659,1.271680235862732,"[null, 2.5382401943206787, 2.173694610595703, 2.5098726749420166]","[null, 1.078141689300537, 1.2289979457855225, 1.5079009532928467]",1.5544788837432861
mlp_recipe_control,47,development,b630301843b158d4,2021.07.09.20.59.12_veh-38,315e9411328d5e75,1,0.18168343603610992,"[61, 53, 62, 30]",8,2.7437500953674316,1.6473796367645264,"[2.8236849308013916, 2.6638152599334717, null, null]","[1.3415958881378174, 1.953163504600525, null, null]",1.5771691799163818
mlp_recipe_control,47,development,39fd026d451351e2,2021.07.09.20.59.12_veh-38,73cf910aa2885a71,1,0.20235736668109894,"[30, 271, 62, 156]",0,0.0,0.0,"[null, null, null, null]","[null, null, null, null]",1.5390956401824951
mlp_recipe_control,47,development,5426ae4426ba5534,2021.06.23.18.23.38_veh-26,f72df301ed465fe6,1,0.08207198977470398,"[59, 21, 61, 53]",16,2.0573368072509766,2.0385279655456543,"[1.8067916631698608, 1.9316235780715942, 2.148716449737549, 2.3422155380249023]","[1.0015742778778076, 1.9392778873443604, 2.3269314765930176, 2.8863284587860107]",1.4627063274383545
mlp_recipe_control,47,development,fbeab8a882035a94,2021.06.23.18.23.38_veh-26,2e8f4ff50e4a55cc,0,0.160888671875,"[63, 90, 31, 57]",16,2.2702434062957764,1.3727946281433105,"[2.404891014099121, 2.1680562496185303, 2.092071294784546, 2.415954828262329]","[1.263270378112793, 1.3470087051391602, 1.4567253589630127, 1.4241740703582764]",1.420833945274353
mlp_recipe_control,47,development,89e963670d89570c,2021.06.23.18.23.38_veh-26,03dbcc9320245d7c,1,0.24613331258296967,"[54, 124, 18, 51]",16,2.38004207611084,1.9392412900924683,"[2.1071548461914062, 2.2755649089813232, 2.3781707286834717, 2.759276866912842]","[1.5588757991790771, 1.5991320610046387, 1.8875865936279297, 2.7113707065582275]",1.3813544511795044
mlp_recipe_control,47,development,bcff4b28fd875b3d,2021.06.23.18.23.38_veh-26,6f619fabc40050a9,2,0.4493783712387085,"[158, 280, 156, 56]",16,3.95414400100708,3.1445555686950684,"[3.3125386238098145, 4.455641746520996, 4.690529823303223, 3.3578662872314453]","[1.9076093435287476, 3.303145408630371, 4.23937463760376, 3.1280932426452637]",1.6201095581054688
mlp_recipe_control,47,development,88666b1c75b75602,2021.06.23.18.23.38_veh-26,99b44236999557c7,1,0.1867295503616333,"[20, 30, 87, 113]",16,2.7244374752044678,2.2594656944274902,"[2.976062536239624, 2.468496561050415, 2.732806444168091, 2.7203845977783203]","[2.5936031341552734, 2.428762435913086, 2.046973466873169, 1.9685237407684326]",1.6910170316696167
mlp_recipe_control,47,development,f72865014d6158a2,2021.06.23.18.23.38_veh-26,84368cbdd7cb5647,2,0.22056376934051514,"[214, 217, 186, 59]",8,3.6073861122131348,1.2126681804656982,"[3.9038267135620117, 3.310945510864258, null, null]","[0.7099806070327759, 1.715355634689331, null, null]",2.0584096908569336
mlp_recipe_control,47,development,7e3b06c8b33156d3,2021.06.23.18.23.38_veh-26,7b483583a2595b0f,1,0.05450484901666641,"[26, 24, 27, 28]",12,2.1514461040496826,1.4526193141937256,"[1.8414013385772705, 2.410799980163574, 2.202136516571045, null]","[0.8357534408569336, 1.3808767795562744, 2.1412272453308105, null]",1.4666138887405396
mlp_recipe_control,47,development,655a064f04e1531b,2021.06.23.18.23.38_veh-26,8997a4a3aadb506a,1,0.15616261959075928,"[51, 24, 83, 20]",16,2.8126587867736816,2.3782668113708496,"[2.3429033756256104, 3.254784345626831, 2.846055507659912, 2.8068923950195312]","[1.4292988777160645, 2.912165641784668, 2.4299731254577637, 2.741628646850586]",1.4400148391723633
mlp_recipe_control,83,train,42868079cfb75233,2021.07.09.01.37.16_veh-26,641fad330504500c,1,0.09563089907169342,"[176, 305, 149, 94]",0,0.0,0.0,"[null, null, null, null]","[null, null, null, null]",1.9493869543075562
mlp_recipe_control,83,train,caafcdd4b7835eb0,2021.07.09.01.37.16_veh-26,359f92c3233457a3,1,0.09746581315994263,"[21, 26, 53, 22]",4,2.8503382205963135,2.9472522735595703,"[null, null, null, 2.8503382205963135]","[null, null, null, 2.9472522735595703]",1.8139241933822632
mlp_recipe_control,83,train,2fa96542484250f0,2021.07.09.01.37.16_veh-26,f89a324077eb57a9,1,0.06677179783582687,"[24, 25, 22, 155]",4,2.639036178588867,0.9542775750160217,"[null, null, 2.639036178588867, null]","[null, null, 0.9542775750160217, null]",1.644106149673462
mlp_recipe_control,83,train,68341772b52f543b,2021.07.09.01.37.16_veh-26,698608aa5fed5770,0,0.08544351905584335,"[49, 17, 10, 14]",8,3.4803452491760254,2.548102855682373,"[3.174732208251953, 3.7859578132629395, null, null]","[2.0478591918945312, 3.048346519470215, null, null]",1.8581364154815674
mlp_recipe_control,83,train,eabd9d1227785454,2021.07.09.01.37.16_veh-26,a110aeed6ea85e04,1,0.031201284378767014,"[191, 158, 159, 285]",16,2.872239112854004,2.2007734775543213,"[2.7752599716186523, 2.820774793624878, 3.067214012145996, 2.825706958770752]","[1.953965425491333, 1.9769119024276733, 2.1128339767456055, 2.759382724761963]",1.7786306142807007
mlp_recipe_control,83,train,f70d691cf70b5cb3,2021.07.09.01.37.16_veh-26,34dd5ff0548b5455,0,0.03263162821531296,"[24, 18, 53, 21]",8,2.8447937965393066,2.5994021892547607,"[2.732463836669922, 2.9571235179901123, null, null]","[2.2752864360809326, 2.923518180847168, null, null]",1.8010667562484741
mlp_recipe_control,83,train,aa2fce3e3af55b1c,2021.07.09.01.37.16_veh-26,4ca220b52b5c50af,1,0.04301240295171738,"[28, 20, 51, 29]",4,3.025472402572632,1.0741541385650635,"[3.025472402572632, null, null, null]","[1.0741541385650635, null, null, null]",1.7321629524230957
mlp_recipe_control,83,train,00029eec66d650e1,2021.07.09.01.37.16_veh-26,045ff16e93dc5a42,1,0.030440200120210648,"[272, 337, 265, 18]",4,4.595146179199219,0.7775856852531433,"[4.595146179199219, null, null, null]","[0.7775856852531433, null, null, null]",2.232027053833008
mlp_recipe_control,83,train,0168dd4fffde52ed,2021.06.08.12.00.19_veh-35,a4e97e74e1a150b3,1,0.3530673086643219,"[18, 24, 12, 8]",0,0.0,0.0,"[null, null, null, null]","[null, null, null, null]",1.810843825340271
mlp_recipe_control,83,train,c4e9600b96ce5d54,2021.06.08.12.00.19_veh-35,4d01ebfbc43d560b,1,0.04522824287414551,"[314, 313, 280, 305]",4,6.698342323303223,3.357182264328003,"[6.698342323303223, null, null, null]","[3.357182264328003, null, null, null]",2.6499133110046387
mlp_recipe_control,83,train,a80c5ee8b1ff56d8,2021.06.08.12.00.19_veh-35,3ffcb152c57c56c5,1,0.654987096786499,"[149, 117, 147, 116]",16,3.025416135787964,2.3977668285369873,"[3.0145692825317383, 2.912278175354004, 3.1491737365722656, 3.0256428718566895]","[1.6089346408843994, 2.242131471633911, 2.6612930297851562, 3.0787084102630615]",1.8701369762420654
mlp_recipe_control,83,train,54f9b4af08e05d79,2021.06.08.12.00.19_veh-35,a2165005ab865a02,1,0.03560595214366913,"[141, 27, 349, 59]",0,0.0,0.0,"[null, null, null, null]","[null, null, null, null]",1.7054427862167358
mlp_recipe_control,83,train,1657554fc5445eb6,2021.06.08.12.00.19_veh-35,39cbdec7b364501d,2,0.15893064439296722,"[74, 52, 73, 51]",16,4.408797740936279,3.0614495277404785,"[3.587836265563965, 4.240674018859863, 4.906681060791016, 4.899999618530273]","[1.0579617023468018, 3.0708045959472656, 4.053523540496826, 4.063508987426758]",1.833819031715393
mlp_recipe_control,83,train,e7cde98715555110,2021.06.08.12.00.19_veh-35,785bf24e15875ef2,1,1.8862357139587402,"[25, 10, 36, 42]",8,3.026362180709839,1.7462210655212402,"[3.0716943740844727, 2.981029987335205, null, null]","[2.037644863128662, 1.4547972679138184, null, null]",1.8244402408599854
mlp_recipe_control,83,train,4bb4fd668a805612,2021.06.08.12.00.19_veh-35,c461bc7ab865595e,0,0.22365427017211914,"[34, 26, 41, 35]",16,3.6211304664611816,2.984508991241455,"[3.624985933303833, 3.675766944885254, 3.788321018218994, 3.3954477310180664]","[2.6326310634613037, 2.7723052501678467, 2.9354259967803955, 3.597673177719116]",2.0048787593841553
mlp_recipe_control,83,train,c1fe3aa66ec55b17,2021.06.08.12.00.19_veh-35,9655be695969522d,1,0.575115978717804,"[16, 26, 47, 25]",8,3.1483330726623535,1.2955913543701172,"[3.248237133026123, 3.048429012298584, null, null]","[1.0306541919708252, 1.5605286359786987, null, null]",1.8410240411758423
mlp_recipe_control,83,train,9fe049486481505a,2021.08.17.13.15.12_veh-45,ca75f3286b115d37,0,0.04266529530286789,"[41, 117, 103, 375]",16,4.192495346069336,2.7259223461151123,"[3.1836328506469727, 3.684779644012451, 4.5469536781311035, 5.354616165161133]","[0.7893068790435791, 1.616565465927124, 3.3845858573913574, 5.1132307052612305]",1.840978741645813
mlp_recipe_control,83,train,f895bc253a215fc4,2021.08.17.13.15.12_veh-45,a3cae0d00733532e,1,0.4253208339214325,"[63, 54, 56, 85]",8,3.257660388946533,0.7345781922340393,"[3.3118526935577393, 3.203468084335327, null, null]","[0.6966572403907776, 0.7724992036819458, null, null]",1.7463139295578003
mlp_recipe_control,83,train,f1430641b7685542,2021.08.17.13.15.12_veh-45,81ff4535c5c251d6,1,0.038793981075286865,"[18, 26, 147, 148]",16,2.793952465057373,1.5009455680847168,"[2.93056058883667, 2.8131778240203857, 2.700566291809082, 2.7315049171447754]","[0.8625625371932983, 1.410874605178833, 1.7513246536254883, 1.9790204763412476]",1.6599807739257812
mlp_recipe_control,83,train,ada17d80705459e5,2021.08.17.13.15.12_veh-45,16b335fe131c50be,1,0.09180057048797607,"[6, 17, 49, 5]",0,0.0,0.0,"[null, null, null, null]","[null, null, null, null]",1.8001974821090698
mlp_recipe_control,83,train,5442925b5514525c,2021.08.17.13.15.12_veh-45,5b0cacf961245153,1,0.16904588043689728,"[50, 21, 32, 17]",4,3.0209763050079346,1.9207412004470825,"[3.0209763050079346, null, null, null]","[1.9207412004470825, null, null, null]",1.8725767135620117
mlp_recipe_control,83,train,f4be93317adf5091,2021.08.17.13.15.12_veh-45,e2ce597de87f572d,1,0.05704784020781517,"[86, 22, 26, 25]",12,2.77700138092041,1.5086259841918945,"[2.730212688446045, 2.805079936981201, 2.795711040496826, null]","[1.5043716430664062, 1.5021220445632935, 1.5193841457366943, null]",1.7223796844482422
mlp_recipe_control,83,train,0c12cf6a804d5e86,2021.08.17.13.15.12_veh-45,8db7aab4ec8458a5,0,0.2047869861125946,"[28, 95, 179, 123]",8,3.4193408489227295,2.013437032699585,"[null, 3.754180431365967, 3.084501266479492, null]","[null, 2.0731875896453857, 1.9536864757537842, null]",1.8639824390411377
mlp_recipe_control,83,train,a1da8bec7a1c5c7e,2021.08.17.13.15.12_veh-45,c55fafd4f7d05c65,1,0.05646673962473869,"[20, 25, 21, 24]",16,2.9885363578796387,2.435150146484375,"[3.105539083480835, 2.9026050567626953, 3.0251927375793457, 2.920809030532837]","[1.7639002799987793, 2.565290927886963, 2.636033773422241, 2.7753751277923584]",1.7365435361862183
mlp_recipe_control,83,train,1b173e83ce58518b,2021.06.08.16.31.33_veh-38,3364fd6ba8365441,1,0.031210914254188538,"[337, 336, 368, 369]",0,0.0,0.0,"[null, null, null, null]","[null, null, null, null]",3.086310386657715
mlp_recipe_control,83,train,7fa7f2973eb6583d,2021.06.08.16.31.33_veh-38,e6f6b559cbe6534e,1,0.27792951464653015,"[254, 5, 105, 28]",16,2.893451690673828,1.6629624366760254,"[2.8903579711914062, 3.0375020503997803, 2.765906810760498, 2.8800406455993652]","[1.3035197257995605, 1.4563090801239014, 2.0772857666015625, 1.8147351741790771]",1.800858736038208
mlp_recipe_control,83,train,63818d7962335cb9,2021.06.08.16.31.33_veh-38,3bb603a701225a40,0,0.10447518527507782,"[9, 55, 10, 8]",16,3.1056039333343506,3.000880718231201,"[3.1724536418914795, 2.863250732421875, 2.939624786376953, 3.447086811065674]","[2.1640090942382812, 2.4549670219421387, 3.3290483951568604, 4.055498123168945]",1.825364112854004
mlp_recipe_control,83,train,eb6af2bd1a635cb2,2021.06.08.16.31.33_veh-38,65daba6a1f955c59,1,0.15732651948928833,"[90, 86, 29, 87]",8,3.092804193496704,0.9519022107124329,"[3.1577179431915283, 3.027890205383301, null, null]","[0.4402425289154053, 1.4635618925094604, null, null]",1.8266412019729614
mlp_recipe_control,83,train,6f08f1ba4c555d89,2021.06.08.16.31.33_veh-38,00c6ea1054d15101,1,0.785812258720398,"[23, 18, 29, 31]",16,2.883291482925415,1.0592634677886963,"[2.840850830078125, 2.967723846435547, 2.8565263748168945, 2.8680641651153564]","[1.3142141103744507, 0.9156630039215088, 0.9929767847061157, 1.01419997215271]",1.8011797666549683
mlp_recipe_control,83,train,2af3184e9f0f5697,2021.06.08.16.31.33_veh-38,fb1c65108c895a43,1,0.16106683015823364,"[24, 21, 22, 20]",4,3.4017090797424316,0.30577874183654785,"[3.4017090797424316, null, null, null]","[0.30577874183654785, null, null, null]",1.7793015241622925
mlp_recipe_control,83,train,33230d8bfa425f6f,2021.06.08.16.31.33_veh-38,3364fd6ba8365441,1,0.27757012844085693,"[26, 27, 58, 15]",16,2.7656044960021973,2.5620803833007812,"[2.8802027702331543, 2.6796233654022217, 2.860809326171875, 2.641782283782959]","[2.376452922821045, 2.588387966156006, 2.692770481109619, 2.5907094478607178]",1.7651280164718628
mlp_recipe_control,83,train,dcee65c0765f51bf,2021.06.08.16.31.33_veh-38,7acd2a98ba7b5157,0,0.15263953804969788,"[31, 319, 285, 95]",16,3.39570951461792,1.4280543327331543,"[3.0709052085876465, 3.2866058349609375, 3.6327710151672363, 3.5925557613372803]","[0.9845688343048096, 1.0997931957244873, 1.5984594821929932, 2.029395818710327]",1.8141871690750122
mlp_recipe_control,83,train,82abb0794a955aff,2021.10.05.08.11.15_veh-50,d53d220a77795cee,1,0.5185742378234863,"[49, 50, 236, 146]",16,3.5031347274780273,2.1251955032348633,"[3.370767593383789, 3.7269973754882812, 3.515944480895996, 3.398829936981201]","[1.9183987379074097, 1.9574861526489258, 2.45402193069458, 2.170875310897827]",1.9428273439407349
mlp_recipe_control,83,train,fa9ebf82174f56e2,2021.10.05.08.11.15_veh-50,81ed977eb5a1520d,1,0.4318154752254486,"[110, 88, 55, 81]",16,2.955941677093506,1.3905503749847412,"[2.7808873653411865, 2.987340211868286, 3.1926722526550293, 2.8628668785095215]","[1.0500763654708862, 1.4378736019134521, 2.0913078784942627, 0.9829435348510742]",1.7024682760238647
mlp_recipe_control,83,train,de7aee4bfd4650d8,2021.10.05.08.11.15_veh-50,8a8fe2f545dd5865,2,0.6395687460899353,"[150, 78, 15, 19]",12,3.20527720451355,2.0396475791931152,"[3.1624040603637695, null, 3.2074928283691406, 3.24593448638916]","[1.7822422981262207, null, 2.159878730773926, 2.176821708679199]",1.7075715065002441
mlp_recipe_control,83,train,7f74e72074485b12,2021.10.05.08.11.15_veh-50,2bbefccd0ef85651,1,0.7155086994171143,"[19, 18, 21, 81]",0,0.0,0.0,"[null, null, null, null]","[null, null, null, null]",1.8561381101608276
mlp_recipe_control,83,train,acf207f491775e7b,2021.10.05.08.11.15_veh-50,ae67187c90635ca6,0,0.18814508616924286,"[10, 11, 42, 44]",8,3.289125919342041,2.311455249786377,"[3.3022732734680176, 3.2759785652160645, null, null]","[1.985302448272705, 2.637608051300049, null, null]",1.8328790664672852
mlp_recipe_control,83,train,246eb858bec25310,2021.10.05.08.11.15_veh-50,4782310b87105568,2,0.36341795325279236,"[48, 18, 49, 81]",16,4.165886878967285,2.9035773277282715,"[4.258713722229004, 3.878932476043701, 4.536613464355469, 3.9892876148223877]","[2.350990056991577, 2.8561840057373047, 3.327012538909912, 3.080122947692871]",2.0521392822265625
mlp_recipe_control,83,train,40e23bdca88c5b0d,2021.10.05.08.11.15_veh-50,780bff4205715957,0,0.28721415996551514,"[29, 38, 28, 26]",12,3.0812535285949707,2.547905921936035,"[2.9145262241363525, 2.9646553993225098, 3.3645782470703125, null]","[1.9845523834228516, 2.3342180252075195, 3.324946880340576, null]",1.694250464439392
mlp_recipe_control,83,train,8d59999281da5243,2021.10.05.08.11.15_veh-50,e6ed98e5973e5120,0,0.631546139717102,"[58, 19, 121, 20]",16,3.0250937938690186,1.8667383193969727,"[2.8000175952911377, 2.8774561882019043, 3.132523775100708, 3.2903780937194824]","[1.4133524894714355, 1.7913802862167358, 1.7945802211761475, 2.467639446258545]",1.7318412065505981
mlp_recipe_control,83,train,75afc126374359d3,2021.09.15.14.00.15_veh-28,821da079291c52cf,1,0.09561845660209656,"[22, 52, 50, 19]",16,3.140204906463623,2.6765074729919434,"[3.0481159687042236, 2.9159727096557617, 3.4324088096618652, 3.1643226146698]","[2.131247043609619, 2.292872667312622, 3.3249967098236084, 2.956913471221924]",1.6404054164886475
mlp_recipe_control,83,train,973a7c9d77ca5b23,2021.09.15.14.00.15_veh-28,19e39a5880c754ad,1,0.07213369756937027,"[398, 25, 27, 399]",4,3.2881674766540527,1.2668673992156982,"[3.2881674766540527, null, null, null]","[1.2668673992156982, null, null, null]",1.8063472509384155
mlp_recipe_control,83,train,095741f4465352b3,2021.09.15.14.00.15_veh-28,96b8f4dbc6995cb7,1,0.11625029146671295,"[76, 25, 77, 48]",16,3.1818952560424805,3.1851978302001953,"[3.3640987873077393, 3.1626338958740234, 3.2467041015625, 2.9541444778442383]","[2.8620262145996094, 2.6696999073028564, 3.775827407836914, 3.4332377910614014]",1.9180898666381836
mlp_recipe_control,83,train,4617f5dbb29c500a,2021.09.15.14.00.15_veh-28,07d29dd2e9c6500b,1,0.10326890647411346,"[126, 155, 156, 27]",0,0.0,0.0,"[null, null, null, null]","[null, null, null, null]",1.8805447816848755
mlp_recipe_control,83,train,b0f67ce7d678590b,2021.09.15.14.00.15_veh-28,9341eeedf0ae5c32,1,0.0884944498538971,"[304, 271, 270, 303]",8,8.064155578613281,3.595651149749756,"[8.458088874816895, 7.670223236083984, null, null]","[2.340819835662842, 4.85048246383667, null, null]",3.1319499015808105
mlp_recipe_control,83,train,13456839ba8c52ef,2021.09.15.14.00.15_veh-28,d24fb2b39ae1574e,1,0.12930166721343994,"[108, 92, 61, 223]",0,0.0,0.0,"[null, null, null, null]","[null, null, null, null]",1.8113009929656982
mlp_recipe_control,83,train,1df7865b517251d0,2021.09.15.14.00.15_veh-28,dc1ef9d49cb25b98,1,0.025294948369264603,"[306, 168, 152, 202]",8,4.897876739501953,3.880484104156494,"[5.055990219116211, 4.739763259887695, null, null]","[3.1821837425231934, 4.578783988952637, null, null]",2.3116343021392822
mlp_recipe_control,83,train,38f3a2f5fe33500f,2021.09.15.14.00.15_veh-28,5a06354563625c69,2,0.3358096480369568,"[179, 178, 177, 183]",16,4.410946846008301,2.892738103866577,"[4.920075416564941, 4.584201335906982, 4.458652973175049, 3.6808581352233887]","[2.2510826587677, 2.4007468223571777, 2.9007654190063477, 4.01835823059082]",2.1747894287109375
mlp_recipe_control,83,train,95535851c7b75757,2021.07.16.22.40.23_veh-38,6e36585b2ea55145,1,0.051349520683288574,"[394, 471, 430, 398]",8,4.155986785888672,2.8881335258483887,"[4.550748348236084, 3.7612252235412598, null, null]","[1.8279659748077393, 3.948300838470459, null, null]",2.1286556720733643
mlp_recipe_control,83,train,6764c662e15e5b48,2021.07.16.22.40.23_veh-38,216d4aa3e3fe59a3,1,0.0640711560845375,"[31, 50, 82, 418]",16,3.422757863998413,1.504483938217163,"[3.466108560562134, 3.5734875202178955, 3.3375086784362793, 3.3139266967773438]","[0.7127107381820679, 1.3012197017669678, 2.0031800270080566, 2.0008249282836914]",1.9112505912780762
mlp_recipe_control,83,train,7bf05e0f52b75ee2,2021.07.16.22.40.23_veh-38,1deff9a6d27a5f6b,0,0.02893574722111225,"[23, 317, 83, 319]",16,3.4143025875091553,2.927546501159668,"[3.2525720596313477, 3.2267303466796875, 3.4511091709136963, 3.7267987728118896]","[2.4126458168029785, 2.4445881843566895, 2.819310188293457, 4.033641338348389]",2.0179860591888428
mlp_recipe_control,83,train,673b04fae3fc5595,2021.07.16.22.40.23_veh-38,a7823a906c555e39,1,0.03264480084180832,"[59, 27, 21, 52]",16,2.8806490898132324,1.8604226112365723,"[2.904005527496338, 2.831796884536743, 2.9569790363311768, 2.8298146724700928]","[1.3686094284057617, 1.8594427108764648, 2.007673978805542, 2.2059645652770996]",1.7497128248214722
mlp_recipe_control,83,train,c8faaa73c9c054d1,2021.07.16.22.40.23_veh-38,98071366467650ae,0,0.07697323709726334,"[63, 85, 25, 50]",16,2.8151261806488037,2.2284183502197266,"[2.9692201614379883, 2.687462329864502, 2.9791903495788574, 2.624631404876709]","[2.1039202213287354, 1.9031531810760498, 2.6862692832946777, 2.2203307151794434]",1.7105317115783691
mlp_recipe_control,83,train,5e5f522e3ecd5cca,2021.07.16.22.40.23_veh-38,900bff237382523c,1,0.27869313955307007,"[176, 22, 19, 177]",4,3.019315719604492,0.9966944456100464,"[3.019315719604492, null, null, null]","[0.9966944456100464, null, null, null]",1.7662925720214844
mlp_recipe_control,83,train,378d61da938e5420,2021.07.16.22.40.23_veh-38,b4d6add3705a50f5,1,0.06314308941364288,"[56, 149, 305, 118]",4,3.161228656768799,1.1815376281738281,"[3.161228656768799, null, null, null]","[1.1815376281738281, null, null, null]",1.8431388139724731
mlp_recipe_control,83,train,8bcd32f3329b5729,2021.07.16.22.40.23_veh-38,ce32a45e2c885ce0,1,0.12349509447813034,"[401, 432, 31, 431]",4,3.140524387359619,2.1051278114318848,"[null, null, null, 3.140524387359619]","[null, null, null, 2.1051278114318848]",1.9030506610870361
mlp_recipe_control,83,train,85107617069e5eae,2021.10.05.07.49.39_veh-52,a3270c0c8ca250a5,2,0.45682159066200256,"[23, 46, 118, 20]",16,2.8703761100769043,1.9933159351348877,"[2.8547725677490234, 2.8325469493865967, 2.9357149600982666, 2.8584704399108887]","[1.5471622943878174, 1.7000036239624023, 2.577805519104004, 2.1482925415039062]",1.8218380212783813
mlp_recipe_control,83,train,dd9d8e686a345f74,2021.10.05.07.49.39_veh-52,6ef4b849a52f565e,1,0.1349426507949829,"[15, 179, 16, 87]",16,2.874885082244873,1.8929641246795654,"[2.7719027996063232, 2.7896857261657715, 3.1108665466308594, 2.827085018157959]","[1.5375349521636963, 1.891634464263916, 1.6058349609375, 2.5368523597717285]",1.7993539571762085
mlp_recipe_control,83,train,d25f823ffc5f55cf,2021.10.05.07.49.39_veh-52,b9c2d90e9f0d5298,2,0.23099322617053986,"[12, 15, 23, 13]",16,3.4597883224487305,1.9872448444366455,"[3.215888738632202, 3.289618968963623, 3.5699524879455566, 3.7636935710906982]","[0.8782347440719604, 2.058349609375, 2.232973337173462, 2.77942156791687]",1.7878752946853638
mlp_recipe_control,83,train,fa41647d02c7591c,2021.10.05.07.49.39_veh-52,425547b119ac51e8,2,0.516038715839386,"[21, 52, 15, 10]",4,3.149221658706665,1.3901664018630981,"[3.149221658706665, null, null, null]","[1.3901664018630981, null, null, null]",1.8550347089767456
mlp_recipe_control,83,train,e1513979c1a25a3a,2021.10.05.07.49.39_veh-52,63675e4e47d35a9c,0,0.27013084292411804,"[19, 60, 27, 119]",16,3.6785337924957275,2.3048791885375977,"[3.2353405952453613, 3.8611690998077393, 4.100766181945801, 3.516859769821167]","[1.746196985244751, 2.554070234298706, 2.845025062561035, 2.0742242336273193]",1.634311556816101
mlp_recipe_control,83,train,21a96107cf785a63,2021.10.05.07.49.39_veh-52,425547b119ac51e8,0,0.28026777505874634,"[16, 46, 15, 17]",12,2.890059471130371,1.7798537015914917,"[2.9937047958374023, 2.8452630043029785, 2.831210136413574, null]","[1.2658443450927734, 2.0071308612823486, 2.0665855407714844, null]",1.8252253532409668
mlp_recipe_control,83,train,0961f8661d8a58c2,2021.10.05.07.49.39_veh-52,1cb0c69eb34a51f0,2,0.8459395170211792,"[84, 116, 19, 120]",4,4.030452728271484,1.8407833576202393,"[4.030452728271484, null, null, null]","[1.8407833576202393, null, null, null]",2.129584312438965
mlp_recipe_control,83,train,5c78f13876e0582b,2021.10.05.07.49.39_veh-52,a140ff94e233594d,1,0.2470250129699707,"[17, 18, 50, 76]",16,3.1439638137817383,2.1589832305908203,"[3.0130817890167236, 3.058363914489746, 3.1358282566070557, 3.3685812950134277]","[2.265592575073242, 2.2096099853515625, 2.1792802810668945, 1.981449842453003]",1.8737269639968872
mlp_recipe_control,83,train,8b0932e2de6753ab,2021.06.09.12.06.35_veh-35,29cb5c1452bc5bce,1,0.2065240740776062,"[11, 21, 19, 113]",4,3.1740403175354004,2.6291487216949463,"[3.1740403175354004, null, null, null]","[2.6291487216949463, null, null, null]",1.93818998336792
mlp_recipe_control,83,train,c2b7349b328858ac,2021.06.09.12.06.35_veh-35,39e28bb91b3c557d,0,0.09347443282604218,"[63, 176, 123, 155]",4,2.915640354156494,1.0585912466049194,"[2.915640354156494, null, null, null]","[1.0585912466049194, null, null, null]",1.7024797201156616
mlp_recipe_control,83,train,482e228f118e544b,2021.06.09.12.06.35_veh-35,d8e166bb74fc5f00,1,0.0825720950961113,"[434, 367, 44, 369]",8,3.875586986541748,1.677903175354004,"[3.7531681060791016, 3.9980063438415527, null, null]","[1.1349010467529297, 2.220905303955078, null, null]",2.1037042140960693
mlp_recipe_control,83,train,0bcc8551849c538f,2021.06.09.12.06.35_veh-35,ab18f13d87e7560f,1,0.14858564734458923,"[4, 15, 140, 47]",8,3.772317409515381,2.3355424404144287,"[null, null, 3.6630136966705322, 3.8816211223602295]","[null, null, 1.5478301048278809, 3.1232547760009766]",2.071026086807251
mlp_recipe_control,83,train,79ea424b3b2b51e7,2021.06.09.12.06.35_veh-35,7331a1cdf1cd5f28,1,0.11646825075149536,"[24, 6, 51, 25]",8,3.0732667446136475,2.3000435829162598,"[null, null, 3.071537971496582, 3.074995279312134]","[null, null, 2.3867735862731934, 2.213313579559326]",1.6857342720031738
mlp_recipe_control,83,train,5a4f5d512d285fd2,2021.06.09.12.06.35_veh-35,7331a1cdf1cd5f28,1,0.17824892699718475,"[33, 21, 75, 30]",0,0.0,0.0,"[null, null, null, null]","[null, null, null, null]",1.879101037979126
mlp_recipe_control,83,train,f56f173b6d3b52d4,2021.06.09.12.06.35_veh-35,533c96a969445755,1,0.023836906999349594,"[29, 27, 90, 28]",16,2.7385926246643066,1.944924235343933,"[2.7370643615722656, 2.7554128170013428, 2.7677783966064453, 2.6941142082214355]","[1.7969670295715332, 1.9164173603057861, 1.987417221069336, 2.078895330429077]",1.7136240005493164
mlp_recipe_control,83,train,7d14dc9e1394504c,2021.06.09.12.06.35_veh-35,15746f958b855ce1,1,0.3505813181400299,"[81, 77, 79, 27]",4,3.6210508346557617,0.8899428844451904,"[3.6210508346557617, null, null, null]","[0.8899428844451904, null, null, null]",1.910361647605896
mlp_recipe_control,83,train,a0b601837cc25f9a,2021.06.07.12.54.00_veh-35,e6276d5babcf57c5,1,0.18763962388038635,"[20, 19, 25, 111]",16,3.15091609954834,1.113959789276123,"[3.234015703201294, 3.0735926628112793, 3.270230770111084, 3.025825023651123]","[0.7732729911804199, 1.136246919631958, 1.084241509437561, 1.4620774984359741]",1.8224480152130127
mlp_recipe_control,83,train,dcbf1cf262365995,2021.06.07.12.54.00_veh-35,e7819c9d528b5035,1,1.4590492248535156,"[400, 427, 397, 435]",4,3.9751691818237305,2.688509464263916,"[3.9751691818237305, null, null, null]","[2.688509464263916, null, null, null]",1.9884307384490967
mlp_recipe_control,83,train,4f0a0a61bdaa5a59,2021.06.07.12.54.00_veh-35,528ee06dd0565678,1,0.1069767028093338,"[84, 107, 5, 143]",4,3.120708465576172,1.4628372192382812,"[3.120708465576172, null, null, null]","[1.4628372192382812, null, null, null]",1.8617963790893555
mlp_recipe_control,83,train,4c2e114b0f5c5cee,2021.06.07.12.54.00_veh-35,c0d79102a9225562,1,0.2438574731349945,"[19, 18, 52, 50]",16,2.739147186279297,1.6896991729736328,"[2.9206032752990723, 2.841940402984619, 2.690211296081543, 2.5038347244262695]","[1.1343212127685547, 1.6886677742004395, 1.837270736694336, 2.098536968231201]",1.7027208805084229
mlp_recipe_control,83,train,9ac6b0c708ef57ba,2021.06.07.12.54.00_veh-35,91deaa6b42c85a71,1,0.39679622650146484,"[116, 148, 180, 212]",4,2.914677381515503,1.9288403987884521,"[2.914677381515503, null, null, null]","[1.9288403987884521, null, null, null]",1.8466899394989014
mlp_recipe_control,83,train,8a85218e4a3d5fa2,2021.06.07.12.54.00_veh-35,91deaa6b42c85a71,1,0.12745226919651031,"[19, 27, 172, 24]",0,0.0,0.0,"[null, null, null, null]","[null, null, null, null]",1.8866822719573975
mlp_recipe_control,83,train,23b79e79cec15f05,2021.06.07.12.54.00_veh-35,f5c76f15450f5cd1,1,0.10173139721155167,"[239, 108, 22, 272]",4,5.412509441375732,0.958559513092041,"[5.412509441375732, null, null, null]","[0.958559513092041, null, null, null]",2.16695237159729
mlp_recipe_control,83,train,e5e57399ea0a5228,2021.06.07.12.54.00_veh-35,25302d95d9f158f7,1,1.1456639766693115,"[368, 427, 190, 280]",16,3.2345752716064453,2.2719836235046387,"[3.404733657836914, 3.1650328636169434, 3.1148576736450195, 3.2536768913269043]","[1.5426757335662842, 2.321938991546631, 2.453835964202881, 2.769484043121338]",1.9324684143066406
mlp_recipe_control,83,train,e1a8d2a630635703,2021.06.14.14.03.45_veh-38,8f286698db6d541b,1,0.08142377436161041,"[63, 31, 53, 30]",16,3.0169854164123535,1.5461593866348267,"[3.142918109893799, 3.127199649810791, 3.075303077697754, 2.7225208282470703]","[0.7596825361251831, 1.4408533573150635, 1.9776909351348877, 2.006410598754883]",1.7843331098556519
mlp_recipe_control,83,train,aece322a1d42538a,2021.06.14.14.03.45_veh-38,7540234731835704,1,0.06657719612121582,"[111, 110, 49, 61]",16,3.198884963989258,2.4421939849853516,"[3.170579671859741, 3.2630367279052734, 3.336333990097046, 3.0255894660949707]","[1.5301593542099, 1.815560221672058, 3.1847453117370605, 3.238311767578125]",1.8756409883499146
mlp_recipe_control,83,train,9d0bf147438e5fb3,2021.06.14.14.03.45_veh-38,23e9bf0d2cbe5bab,1,0.03281000256538391,"[154, 183, 159, 81]",4,3.121804714202881,0.47884976863861084,"[3.121804714202881, null, null, null]","[0.47884976863861084, null, null, null]",1.7958101034164429
mlp_recipe_control,83,train,f2d2c1ea12755312,2021.06.14.14.03.45_veh-38,34c1915fbf665c36,1,0.04552888125181198,"[20, 29, 2, 86]",8,3.1122641563415527,0.9565834999084473,"[3.011431932449341, 3.2130966186523438, null, null]","[0.6529274582862854, 1.2602393627166748, null, null]",1.7526336908340454
mlp_recipe_control,83,train,cea14bc9e11e5a9a,2021.06.14.14.03.45_veh-38,6be18c3f08665d95,1,0.17227765917778015,"[25, 22, 57, 119]",4,2.628018379211426,2.077538013458252,"[2.628018379211426, null, null, null]","[2.077538013458252, null, null, null]",1.7306245565414429
mlp_recipe_control,83,train,4a60572394c95d99,2021.06.14.14.03.45_veh-38,7e940171cbb2501f,1,0.06639359891414642,"[306, 361, 362, 60]",4,4.285477161407471,0.33234065771102905,"[4.285477161407471, null, null, null]","[0.33234065771102905, null, null, null]",2.0717530250549316
mlp_recipe_control,83,train,73c60faa4a4f50d5,2021.06.14.14.03.45_veh-38,3310381978495db6,1,0.06512926518917084,"[363, 27, 85, 26]",16,3.079667329788208,1.999280333518982,"[3.06326961517334, 3.1106488704681396, 3.086212396621704, 3.0585386753082275]","[1.4063301086425781, 2.067779302597046, 2.338282585144043, 2.18472957611084]",1.7855428457260132
mlp_recipe_control,83,train,19d7d544be8b5ed6,2021.06.14.14.03.45_veh-38,faff8007373357b2,0,0.0833871066570282,"[299, 95, 381, 382]",12,4.628044128417969,4.351166725158691,"[3.917858839035034, 5.024107933044434, 4.942165374755859, null]","[2.9027645587921143, 5.372589111328125, 4.778145790100098, null]",2.058881998062134
mlp_recipe_control,83,train,0cee9b6cce6b55bb,2021.06.23.17.31.36_veh-16,5dd11df23010512b,1,0.02367253229022026,"[25, 87, 55, 118]",4,2.5325353145599365,0.7472872734069824,"[2.5325353145599365, null, null, null]","[0.7472872734069824, null, null, null]",1.6443568468093872
mlp_recipe_control,83,train,b7e4f74f963b5911,2021.06.23.17.31.36_veh-16,12076247bcfc52af,0,0.03596683591604233,"[29, 261, 62, 63]",8,3.431260347366333,1.695186972618103,"[3.2890748977661133, 3.5734457969665527, null, null]","[1.5883455276489258, 1.8020284175872803, null, null]",1.93092942237854
mlp_recipe_control,83,train,de1498ad86835196,2021.06.23.17.31.36_veh-16,0f8853ece4595cfd,1,0.015360132791101933,"[280, 119, 30, 31]",16,2.9748668670654297,1.7206326723098755,"[2.7758655548095703, 2.979081630706787, 3.1967933177948, 2.9477274417877197]","[0.9483930468559265, 1.4873621463775635, 2.220982313156128, 2.22579288482666]",1.726044774055481
mlp_recipe_control,83,train,025ec42ba16f587d,2021.06.23.17.31.36_veh-16,135f484f0eaf5a02,1,0.07269539684057236,"[50, 18, 19, 17]",16,3.0113534927368164,2.5814473628997803,"[3.290346622467041, 3.119426727294922, 2.912952423095703, 2.7226877212524414]","[1.553928017616272, 2.948911666870117, 3.362708568572998, 2.4602408409118652]",1.8407028913497925
mlp_recipe_control,83,train,c3fcca93dde25e14,2021.06.23.17.31.36_veh-16,e9436dfe242a5e1e,0,0.4169374108314514,"[17, 82, 142, 112]",16,3.1632189750671387,2.2040133476257324,"[2.935122013092041, 2.897620916366577, 3.0965659618377686, 3.7235677242279053]","[1.9540753364562988, 1.9111409187316895, 1.9975826740264893, 2.9532546997070312]",1.656589388847351
mlp_recipe_control,83,train,e06e9be096c55f62,2021.06.23.17.31.36_veh-16,0ecd78b5d8165cd8,0,0.07048028707504272,"[103, 23, 111, 18]",16,2.954958915710449,1.7122197151184082,"[2.900750160217285, 2.824620485305786, 3.027108669281006, 3.0673561096191406]","[1.339979648590088, 1.9120174646377563, 2.0487866401672363, 1.5480952262878418]",1.6965248584747314
mlp_recipe_control,83,train,3764fca3eb725eea,2021.06.23.17.31.36_veh-16,83605fe059ea5914,1,0.1407874971628189,"[19, 27, 26, 102]",16,3.137333869934082,1.3697937726974487,"[3.173079490661621, 3.269562005996704, 3.1342813968658447, 2.9724130630493164]","[1.0957787036895752, 1.042998194694519, 1.4304745197296143, 1.9099233150482178]",1.8403303623199463
mlp_recipe_control,83,train,e37afb24cbc354b1,2021.06.23.17.31.36_veh-16,137a8e2e182e525a,1,0.03928675502538681,"[425, 31, 93, 337]",8,4.72350549697876,2.5267226696014404,"[4.625828742980957, 4.8211822509765625, null, null]","[2.006253242492676, 3.047192096710205, null, null]",2.045403242111206
mlp_recipe_control,83,train,99bf73c4d148509a,2021.06.14.18.13.35_veh-26,ece541c7453e5027,1,0.10183355957269669,"[85, 22, 154, 155]",8,3.045001983642578,2.0420782566070557,"[3.1973989009857178, 2.8926048278808594, null, null]","[1.993727445602417, 2.0904290676116943, null, null]",1.8000552654266357
mlp_recipe_control,83,train,82183d4ed7285e2b,2021.06.14.18.13.35_veh-26,15b78bc7ecd45635,2,0.10786154866218567,"[57, 90, 120, 114]",16,3.329007625579834,5.193625450134277,"[3.578760862350464, 3.0499393939971924, 3.1650729179382324, 3.522256851196289]","[4.324440956115723, 4.802591323852539, 5.479608058929443, 6.1678619384765625]",2.1241061687469482
mlp_recipe_control,83,train,09fc359e65a65d2d,2021.06.14.18.13.35_veh-26,8c1c9f8ebebd5a2c,0,0.0502815842628479,"[368, 399, 31, 370]",0,0.0,0.0,"[null, null, null, null]","[null, null, null, null]",2.28523850440979
mlp_recipe_control,83,train,ee6a818615ff51ba,2021.06.14.18.13.35_veh-26,78f10869dcaa5d66,0,0.07877189666032791,"[27, 176, 31, 68]",12,3.9565162658691406,2.5299391746520996,"[4.186028480529785, 4.247528076171875, 3.4359922409057617, null]","[2.2346577644348145, 2.670754909515381, 2.6844046115875244, null]",2.0794453620910645
mlp_recipe_control,83,train,e134b297048b5c37,2021.06.14.18.13.35_veh-26,290604a14d365b9b,0,0.03687290847301483,"[26, 18, 85, 41]",8,2.726841926574707,1.6275759935379028,"[null, null, 2.6120362281799316, 2.8416476249694824]","[null, null, 1.6406797170639038, 1.6144722700119019]",1.6962261199951172
mlp_recipe_control,83,train,9c833d715d5a5f2c,2021.06.14.18.13.35_veh-26,ce646f56ab2a530e,0,0.06129932031035423,"[283, 282, 2, 15]",16,3.402421474456787,2.759986639022827,"[3.482888698577881, 3.698002815246582, 3.589531183242798, 2.8392624855041504]","[2.82363224029541, 2.6869354248046875, 2.680816173553467, 2.848562717437744]",1.8352789878845215
mlp_recipe_control,83,train,505bbe9ba4405369,2021.06.14.18.13.35_veh-26,20e402609e615776,1,0.038486458361148834,"[363, 364, 28, 394]",4,3.4317307472229004,0.5103120803833008,"[3.4317307472229004, null, null, null]","[0.5103120803833008, null, null, null]",1.849992275238037
mlp_recipe_control,83,train,7c0f902cd4a85505,2021.06.14.18.13.35_veh-26,bc0a766ff84b5442,1,0.08517156541347504,"[62, 61, 31, 115]",0,0.0,0.0,"[null, null, null, null]","[null, null, null, null]",1.8345592021942139
mlp_recipe_control,83,train,aa5610ae761e5330,2021.08.17.17.55.18_veh-43,f928e8f7bee55d18,2,0.2125767320394516,"[53, 24, 86, 145]",4,5.200700759887695,3.9850480556488037,"[null, null, null, 5.200700759887695]","[null, null, null, 3.9850480556488037]",2.0178208351135254
mlp_recipe_control,83,train,06f416ef3dbc5656,2021.08.17.17.55.18_veh-43,e0efd254e94b5c5d,1,0.022961275652050972,"[53, 147, 179, 93]",4,3.512761116027832,0.7739378213882446,"[3.512761116027832, null, null, null]","[0.7739378213882446, null, null, null]",1.8384509086608887
mlp_recipe_control,83,train,9adfdd4c06cf5e8c,2021.08.17.17.55.18_veh-43,7032266a8b3259e9,1,0.1363109052181244,"[8, 77, 113, 146]",0,0.0,0.0,"[null, null, null, null]","[null, null, null, null]",1.948622703552246
mlp_recipe_control,83,train,94014ea94dae5180,2021.08.17.17.55.18_veh-43,03d335bbfd355432,1,0.027975760400295258,"[152, 94, 125, 182]",8,2.8937795162200928,3.5853867530822754,"[null, null, 2.5690412521362305, 3.2185182571411133]","[null, null, 3.163558006286621, 4.007215976715088]",1.906538963317871
mlp_recipe_control,83,train,996a71ebed2d5962,2021.08.17.17.55.18_veh-43,669b4bc52a755a71,1,0.04679330438375473,"[21, 25, 53, 29]",12,2.7818801403045654,1.1641193628311157,"[2.8540291786193848, 2.7124340534210205, 2.77917742729187, null]","[0.694689929485321, 1.370066523551941, 1.4276014566421509, null]",1.6558493375778198
mlp_recipe_control,83,train,b65cdf1698ec58da,2021.08.17.17.55.18_veh-43,f5ce59f542c15ccf,2,0.18372933566570282,"[180, 24, 26, 181]",8,3.3338654041290283,4.161681175231934,"[null, null, 3.414236545562744, 3.2534942626953125]","[null, null, 4.394705772399902, 3.928657293319702]",2.141658067703247
mlp_recipe_control,83,train,7c897aea11555116,2021.08.17.17.55.18_veh-43,119facee9f435d2d,1,0.011931449174880981,"[271, 305, 273, 238]",0,0.0,0.0,"[null, null, null, null]","[null, null, null, null]",3.0987958908081055
mlp_recipe_control,83,train,9d8bbe7081805aff,2021.08.17.17.55.18_veh-43,e4f7253cff9559e5,1,0.5802119970321655,"[75, 25, 107, 82]",8,3.5461723804473877,3.144597053527832,"[null, null, 3.3421313762664795, 3.750213146209717]","[null, null, 2.6484878063201904, 3.6407065391540527]",1.8653314113616943
mlp_recipe_control,83,train,6f13db85eb395da6,2021.06.07.18.53.26_veh-26,b4aa9d6255005ff4,1,1.1405112743377686,"[60, 88, 59, 91]",8,2.6917362213134766,0.31467434763908386,"[2.7101285457611084, 2.6733438968658447, null, null]","[0.14594218134880066, 0.48340651392936707, null, null]",1.6705613136291504
mlp_recipe_control,83,train,90bab1d26e77539e,2021.06.07.18.53.26_veh-26,a775290bfe11501c,1,0.5003033876419067,"[60, 30, 195, 197]",12,3.466801404953003,2.0442147254943848,"[null, 3.4223837852478027, 4.008949279785156, 2.9690709114074707]","[null, 1.4818897247314453, 2.052751302719116, 2.5980031490325928]",1.961329460144043
mlp_recipe_control,83,train,a0fad9da427656e1,2021.06.07.18.53.26_veh-26,7c918a18841755fe,1,0.8308259844779968,"[86, 145, 85, 26]",16,2.723630905151367,1.8223507404327393,"[2.8731162548065186, 2.589285373687744, 2.831076145172119, 2.601046085357666]","[2.002462387084961, 2.140028476715088, 1.6358420848846436, 1.5110702514648438]",1.7006570100784302
mlp_recipe_control,83,train,cc2769dbb64c51c5,2021.06.07.18.53.26_veh-26,e056042111235af2,0,0.19219821691513062,"[4, 24, 58, 53]",12,2.804957151412964,2.6384501457214355,"[2.627129077911377, null, 3.196871280670166, 2.5908708572387695]","[2.4617035388946533, null, 2.8548030853271484, 2.598844051361084]",1.8202879428863525
mlp_recipe_control,83,train,3a42aaf9c7ad52b0,2021.06.07.18.53.26_veh-26,a775290bfe11501c,1,0.018882669508457184,"[273, 270, 304, 336]",0,0.0,0.0,"[null, null, null, null]","[null, null, null, null]",3.073575735092163
mlp_recipe_control,83,train,9ce593252631507d,2021.06.07.18.53.26_veh-26,5ed65930b4c35bfa,1,0.6512518525123596,"[24, 51, 52, 91]",12,3.119250774383545,2.2942967414855957,"[2.9672369956970215, 3.3436827659606934, 3.04683256149292, null]","[2.504786491394043, 1.6278910636901855, 2.750211715698242, null]",1.747442364692688
mlp_recipe_control,83,train,d7bf7fb4d1995e7e,2021.06.07.18.53.26_veh-26,ead01d808c89587c,1,0.2103421986103058,"[55, 15, 20, 25]",16,2.8940818309783936,1.8999346494674683,"[2.842489242553711, 2.948976516723633, 3.1332058906555176, 2.651655912399292]","[1.758565902709961, 1.8137329816818237, 2.201986789703369, 1.825453281402588]",1.6314787864685059
mlp_recipe_control,83,train,884a4400377653c4,2021.06.07.18.53.26_veh-26,77179676f4c656da,0,0.27722039818763733,"[6, 13, 14, 188]",16,3.1852362155914307,2.535696029663086,"[3.53218936920166, 3.144841194152832, 2.9898669719696045, 3.074047088623047]","[1.7945798635482788, 2.441218852996826, 2.5447797775268555, 3.3622055053710938]",1.9453996419906616
mlp_recipe_control,83,train,f2a8a11d1d9957c6,2021.08.17.17.17.01_veh-45,d53c011070a753b3,1,0.10863898694515228,"[113, 6, 20, 72]",8,3.3157525062561035,1.2048063278198242,"[3.61513352394104, 3.016371726989746, null, null]","[1.486817717552185, 0.9227948188781738, null, null]",1.7640422582626343
mlp_recipe_control,83,train,448fcc465ce2589c,2021.08.17.17.17.01_veh-45,2d50451fc5045ec3,1,0.0964561253786087,"[93, 63, 23, 27]",4,2.9781460762023926,1.5920627117156982,"[2.9781460762023926, null, null, null]","[1.5920627117156982, null, null, null]",1.8882620334625244
mlp_recipe_control,83,train,5b9eea7538235f36,2021.08.17.17.17.01_veh-45,58adb0f87a905810,2,0.19309496879577637,"[118, 123, 148, 116]",12,4.649625778198242,3.0802829265594482,"[4.055324554443359, 5.255284309387207, null, 4.638268947601318]","[1.7514290809631348, 3.7386906147003174, null, 3.750728130340576]",1.7935199737548828
mlp_recipe_control,83,train,8da3d9d2de0c53bd,2021.08.17.17.17.01_veh-45,56ef3c9f702054a5,0,0.1963338702917099,"[21, 0, 8, 80]",0,0.0,0.0,"[null, null, null, null]","[null, null, null, null]",2.002716064453125
mlp_recipe_control,83,train,4cb6f16e6fd75ae6,2021.08.17.17.17.01_veh-45,01fcbea54a215b4c,0,0.1982305943965912,"[23, 21, 30, 26]",0,0.0,0.0,"[null, null, null, null]","[null, null, null, null]",1.7247512340545654
mlp_recipe_control,83,train,6bf7c64d674550c0,2021.08.17.17.17.01_veh-45,e9ee1f2ed60e5dad,0,0.14614224433898926,"[21, 28, 29, 30]",16,3.0192036628723145,1.8829069137573242,"[2.814493179321289, 2.6669793128967285, 2.97904372215271, 3.6162986755371094]","[0.5848507881164551, 1.3773542642593384, 2.3548660278320312, 3.2145566940307617]",1.6615684032440186
mlp_recipe_control,83,train,400d720e95ee5e13,2021.08.17.17.17.01_veh-45,e334ef237217504d,0,0.10361422598361969,"[19, 92, 158, 28]",12,3.0897319316864014,3.011131763458252,"[null, 3.2498621940612793, 3.126378297805786, 2.8929545879364014]","[null, 2.261819362640381, 3.2076051235198975, 3.5639700889587402]",1.9799870252609253
mlp_recipe_control,83,train,f16683fd19e558c2,2021.08.17.17.17.01_veh-45,091fcca513f752d2,0,0.10919059813022614,"[16, 30, 85, 19]",4,3.1300883293151855,2.9386816024780273,"[null, null, null, 3.1300883293151855]","[null, null, null, 2.9386816024780273]",1.970685362815857
mlp_recipe_control,83,development,5b2b2741a9225324,2021.06.07.17.46.49_veh-35,d27fc0739dad5664,1,0.7009238004684448,"[28, 154, 25, 23]",16,2.8305771350860596,1.8782589435577393,"[3.0024800300598145, 2.615532875061035, 2.7257773876190186, 2.978518486022949]","[1.7262288331985474, 2.276257276535034, 1.6865458488464355, 1.8240034580230713]",1.8362675905227661
mlp_recipe_control,83,development,1dc3ed89baf15ac3,2021.06.07.17.46.49_veh-35,1dabc8e66ab15cb6,1,0.20966950058937073,"[304, 305, 336, 302]",4,9.868427276611328,2.4450879096984863,"[9.868427276611328, null, null, null]","[2.4450879096984863, null, null, null]",3.229097604751587
mlp_recipe_control,83,development,2daea025bb7e5a2c,2021.06.07.17.46.49_veh-35,db1cb602e9f05786,1,0.3276759684085846,"[240, 273, 272, 331]",8,7.7109503746032715,3.060586452484131,"[7.8826165199279785, 7.5392842292785645, null, null]","[2.0728235244750977, 4.048349380493164, null, null]",2.5131566524505615
mlp_recipe_control,83,development,be3bc0fa680c5e33,2021.06.07.17.46.49_veh-35,17a02971177257e5,0,0.6664524674415588,"[76, 77, 78, 44]",16,3.706305503845215,2.2951040267944336,"[3.805009603500366, 4.075613021850586, 3.627105236053467, 3.317493438720703]","[2.0523476600646973, 2.2094359397888184, 2.6076412200927734, 2.3109915256500244]",1.8897221088409424
mlp_recipe_control,83,development,2903fe2f977f5927,2021.06.07.17.46.49_veh-35,f29c7a8c103151ea,1,0.9105966687202454,"[72, 27, 22, 141]",0,0.0,0.0,"[null, null, null, null]","[null, null, null, null]",1.849219560623169
mlp_recipe_control,83,development,c362c24b66b351ed,2021.06.07.17.46.49_veh-35,186b67f7d5325988,1,1.0356026887893677,"[123, 122, 344, 9]",4,3.382672071456909,1.1286464929580688,"[3.382672071456909, null, null, null]","[1.1286464929580688, null, null, null]",1.870424509048462
mlp_recipe_control,83,development,222f5d6a4aa25d89,2021.06.07.17.46.49_veh-35,75787c317e3a5b82,1,0.47209256887435913,"[31, 19, 52, 63]",16,3.1176228523254395,2.6909103393554688,"[3.2159171104431152, 3.057006597518921, 3.0895273685455322, 3.1080405712127686]","[1.9697554111480713, 2.4432060718536377, 2.914708137512207, 3.435972213745117]",1.9062669277191162
mlp_recipe_control,83,development,933f03af8f385207,2021.06.07.17.46.49_veh-35,9036e1622d84535c,2,0.31272825598716736,"[15, 143, 174, 110]",16,4.519224166870117,2.0984973907470703,"[3.541560649871826, 4.01901912689209, 4.608039855957031, 5.908276081085205]","[0.9762334823608398, 1.3209178447723389, 2.463148832321167, 3.6336889266967773]",1.906129002571106
mlp_recipe_control,83,development,063ebdb158075369,2021.06.09.11.54.15_veh-12,ff376a5096665630,1,0.05681236833333969,"[27, 30, 31, 59]",8,3.108457088470459,2.0908074378967285,"[2.982412815093994, 3.234501600265503, null, null]","[1.592372179031372, 2.589242458343506, null, null]",1.8575183153152466
mlp_recipe_control,83,development,c0a1b812e095547d,2021.06.09.11.54.15_veh-12,402aea4619c55186,1,0.2537793517112732,"[85, 56, 244, 120]",12,3.0970847606658936,2.4252467155456543,"[null, 3.2597010135650635, 2.9576492309570312, 3.0739035606384277]","[null, 2.759683609008789, 2.4639875888824463, 2.0520684719085693]",1.8338911533355713
mlp_recipe_control,83,development,482f957d79f45f55,2021.06.09.11.54.15_veh-12,5107aa8e98035ec1,1,0.10873828083276749,"[31, 30, 27, 59]",8,3.335634469985962,2.978274345397949,"[3.2271924018859863, 3.4440765380859375, null, null]","[2.6028616428375244, 3.353687286376953, null, null]",1.8626012802124023
mlp_recipe_control,83,development,6561907765f2550f,2021.06.09.11.54.15_veh-12,91420a0f9dc25fe9,1,0.09382237493991852,"[28, 20, 23, 85]",0,0.0,0.0,"[null, null, null, null]","[null, null, null, null]",1.9189144372940063
mlp_recipe_control,83,development,5742dd4bd86e5127,2021.06.09.11.54.15_veh-12,3c893aadfc175960,1,0.03938564285635948,"[20, 55, 56, 19]",12,2.9288535118103027,1.0989583730697632,"[3.122159004211426, 2.8919339179992676, 2.772467613220215, null]","[0.7512437105178833, 1.034211277961731, 1.5114197731018066, null]",1.7987947463989258
mlp_recipe_control,83,development,ecc85792eb665ba0,2021.06.09.11.54.15_veh-12,7b3b09ed718b5bf4,1,0.11207587271928787,"[30, 10, 28, 121]",16,3.1266205310821533,1.5769093036651611,"[3.1412601470947266, 3.154691696166992, 2.962283134460449, 3.2482476234436035]","[0.6020955443382263, 1.1223771572113037, 2.35408353805542, 2.229081153869629]",1.824899673461914
mlp_recipe_control,83,development,599c900bc4e95312,2021.06.09.11.54.15_veh-12,8f3409a47a455049,2,0.1505146622657776,"[30, 16, 149, 5]",16,3.7624425888061523,2.962980270385742,"[3.9796786308288574, 4.241998195648193, 3.9682044982910156, 2.8598883152008057]","[2.17968487739563, 3.2025976181030273, 3.433565378189087, 3.036073684692383]",1.8927016258239746
mlp_recipe_control,83,development,505cdbada0ee59be,2021.06.09.11.54.15_veh-12,5b7dc6545cc658f0,2,0.22459784150123596,"[80, 81, 148, 111]",16,5.07628059387207,3.220792293548584,"[4.140944480895996, 5.453965187072754, 5.342485427856445, 5.367727279663086]","[2.7190616130828857, 3.041121482849121, 3.5405285358428955, 3.5824573040008545]",2.0914199352264404
mlp_recipe_control,83,development,836b76b2c8f35990,2021.08.24.17.37.11_veh-08,1d97c042ca575a4c,2,0.6637253761291504,"[185, 187, 188, 50]",8,5.064582824707031,2.599246025085449,"[5.494485378265381, 4.634679794311523, null, null]","[2.409541130065918, 2.7889516353607178, null, null]",2.231614828109741
mlp_recipe_control,83,development,21eb51db8a675681,2021.08.24.17.37.11_veh-08,ffe62a894e3a5925,1,0.12417787313461304,"[21, 18, 49, 25]",0,0.0,0.0,"[null, null, null, null]","[null, null, null, null]",1.8231894969940186
mlp_recipe_control,83,development,b8bf6e0a15635fa9,2021.08.24.17.37.11_veh-08,00c0acbc4c06557c,2,0.10553399473428726,"[27, 28, 76, 12]",0,0.0,0.0,"[null, null, null, null]","[null, null, null, null]",2.054170846939087
mlp_recipe_control,83,development,005e12630b405e67,2021.08.24.17.37.11_veh-08,4bfb3377012e5e58,0,0.6822556257247925,"[42, 73, 74, 16]",4,3.7131192684173584,4.393916130065918,"[3.7131192684173584, null, null, null]","[4.393916130065918, null, null, null]",2.064464807510376
mlp_recipe_control,83,development,4ece654624b452ac,2021.08.24.17.37.11_veh-08,f68f529d24295c53,1,0.6168365478515625,"[22, 178, 21, 116]",4,2.9225804805755615,2.957014560699463,"[2.9225804805755615, null, null, null]","[2.957014560699463, null, null, null]",1.9341703653335571
mlp_recipe_control,83,development,a7aa6da460a65457,2021.08.24.17.37.11_veh-08,1d97c042ca575a4c,1,0.270988404750824,"[157, 156, 52, 173]",8,3.0796866416931152,1.9165542125701904,"[3.2570765018463135, 2.902296543121338, null, null]","[1.4389781951904297, 2.3941304683685303, null, null]",1.8506652116775513
mlp_recipe_control,83,development,cc40016cd26a5ff5,2021.08.24.17.37.11_veh-08,a18c9d5742545776,1,0.06727281957864761,"[17, 239, 18, 16]",0,0.0,0.0,"[null, null, null, null]","[null, null, null, null]",2.118952989578247
mlp_recipe_control,83,development,0a7d7aef157c5bc6,2021.08.24.17.37.11_veh-08,4bfb3377012e5e58,0,0.29050999879837036,"[24, 118, 133, 135]",16,3.760734796524048,2.635565996170044,"[3.2272191047668457, 3.4175167083740234, 4.104105472564697, 4.294096946716309]","[0.3863811492919922, 1.5987553596496582, 4.0029988288879395, 4.554128646850586]",1.782959222793579
mlp_recipe_control,83,development,7b9a55edcf2752fb,2021.07.16.00.24.14_veh-38,d940d716f6da5650,0,0.1714746206998825,"[107, 48, 76, 77]",12,3.241034507751465,2.7867679595947266,"[3.2415637969970703, null, 3.41694974899292, 3.0645899772644043]","[3.037233591079712, null, 2.521949052810669, 2.801121711730957]",1.9331705570220947
mlp_recipe_control,83,development,faca4ac928255aed,2021.07.16.00.24.14_veh-38,295cc52db71a5c8d,2,0.19229194521903992,"[269, 281, 25, 120]",8,4.473072052001953,3.866438150405884,"[null, null, 4.296996593475342, 4.649147987365723]","[null, null, 2.9899826049804688, 4.742893218994141]",2.1041173934936523
mlp_recipe_control,83,development,07deb830dc5e525c,2021.07.16.00.24.14_veh-38,15ac832eaeea5acc,1,0.042708251625299454,"[51, 83, 28, 22]",16,2.8992700576782227,2.3869359493255615,"[2.831051826477051, 2.920992374420166, 2.8563132286071777, 2.988722801208496]","[1.8847559690475464, 2.366549015045166, 2.5411319732666016, 2.755307197570801]",1.7941782474517822
mlp_recipe_control,83,development,9ff0cdc8fc715ce3,2021.07.16.00.24.14_veh-38,a3063c20eb1251c7,0,0.09570419788360596,"[337, 368, 399, 367]",0,0.0,0.0,"[null, null, null, null]","[null, null, null, null]",3.0612540245056152
mlp_recipe_control,83,development,461e0a28b1f655aa,2021.07.16.00.24.14_veh-38,d45e467ab1e85825,1,0.1892484575510025,"[50, 20, 22, 25]",4,2.807559013366699,1.1965669393539429,"[2.807559013366699, null, null, null]","[1.1965669393539429, null, null, null]",1.746938705444336
mlp_recipe_control,83,development,548204416ae25b31,2021.07.16.00.24.14_veh-38,072767a0ae2857e9,1,0.08853691816329956,"[335, 336, 397, 398]",0,0.0,0.0,"[null, null, null, null]","[null, null, null, null]",3.2512013912200928
mlp_recipe_control,83,development,e0b0dcb2ea675ec9,2021.07.16.00.24.14_veh-38,a9aeb39738d95e61,1,0.023313522338867188,"[269, 340, 304, 372]",4,6.614023208618164,2.0269346237182617,"[6.614023208618164, null, null, null]","[2.0269346237182617, null, null, null]",2.72332763671875
mlp_recipe_control,83,development,8fe6aa411d2350f4,2021.07.16.00.24.14_veh-38,c5ba6402b9b6577d,1,0.13477861881256104,"[263, 150, 159, 273]",4,3.710263729095459,2.8127074241638184,"[3.710263729095459, null, null, null]","[2.8127074241638184, null, null, null]",2.0988781452178955
mlp_recipe_control,83,development,2587746c51ce582c,2021.06.23.14.54.32_veh-16,8ba21e5f44fd5756,1,0.07881785929203033,"[305, 337, 368, 336]",4,10.449104309082031,4.464977741241455,"[10.449104309082031, null, null, null]","[4.464977741241455, null, null, null]",3.2522079944610596
mlp_recipe_control,83,development,cdb8ed61577455d0,2021.06.23.14.54.32_veh-16,63a378470ecf578a,1,0.2795581817626953,"[80, 49, 82, 17]",4,3.012812614440918,2.3621673583984375,"[null, 3.012812614440918, null, null]","[null, 2.3621673583984375, null, null]",1.8472627401351929
mlp_recipe_control,83,development,359653f71f095eb2,2021.06.23.14.54.32_veh-16,764e553f9fa1596e,1,0.20983143150806427,"[21, 139, 122, 22]",4,3.997002124786377,0.7720104455947876,"[3.997002124786377, null, null, null]","[0.7720104455947876, null, null, null]",1.9133607149124146
mlp_recipe_control,83,development,e1bd235bf5145312,2021.06.23.14.54.32_veh-16,c21a05faf4f95c23,0,0.040408335626125336,"[125, 127, 172, 63]",12,2.9643778800964355,1.4492759704589844,"[2.7904250621795654, null, 3.1141037940979004, 2.988605260848999]","[0.5364640951156616, null, 2.0444300174713135, 1.7669334411621094]",1.6943583488464355
mlp_recipe_control,83,development,21851d86de975750,2021.06.23.14.54.32_veh-16,0fa6960777235107,1,0.11501310765743256,"[362, 427, 393, 361]",4,5.823084831237793,2.8847293853759766,"[5.823084831237793, null, null, null]","[2.8847293853759766, null, null, null]",2.1866183280944824
mlp_recipe_control,83,development,41fd5b3cc9cb5e4d,2021.06.23.14.54.32_veh-16,192f476facc35a66,1,0.0659438967704773,"[20, 105, 17, 83]",8,3.032998561859131,0.9473549127578735,"[3.165477991104126, 2.9005188941955566, null, null]","[0.5674062371253967, 1.3273035287857056, null, null]",1.7978979349136353
mlp_recipe_control,83,development,80fcfa05a45d5e36,2021.06.23.14.54.32_veh-16,68c36562409856ec,1,0.07464031875133514,"[73, 472, 26, 72]",12,2.865879535675049,2.2489559650421143,"[2.7963650226593018, 2.8507473468780518, 2.9505252838134766, null]","[2.047915458679199, 2.3136661052703857, 2.3852858543395996, null]",1.7499216794967651
mlp_recipe_control,83,development,eca9c65e90335fc5,2021.06.23.14.54.32_veh-16,e302117d34785896,1,0.12447697669267654,"[273, 305, 337, 272]",0,0.0,0.0,"[null, null, null, null]","[null, null, null, null]",2.856036901473999
mlp_recipe_control,83,development,ebbd33f9058e5e95,2021.06.09.14.50.36_veh-26,818dcca6c1fa5abf,1,0.03800742328166962,"[137, 146, 53, 58]",16,3.1850109100341797,2.031735420227051,"[2.9591753482818604, 2.996756076812744, 2.9057998657226562, 3.8783130645751953]","[1.2664272785186768, 1.6898722648620605, 1.6696021556854248, 3.5010392665863037]",1.6837540864944458
mlp_recipe_control,83,development,9a04bc527d215067,2021.06.09.14.50.36_veh-26,5e8a8d507c145bf2,1,0.19063735008239746,"[138, 139, 142, 28]",0,0.0,0.0,"[null, null, null, null]","[null, null, null, null]",2.1130833625793457
mlp_recipe_control,83,development,5a287daa1f775a79,2021.06.09.14.50.36_veh-26,af832f9835ee5efc,0,0.12942145764827728,"[51, 23, 52, 82]",16,3.054701566696167,2.535672664642334,"[3.34682559967041, 2.98483943939209, 3.1226751804351807, 2.764465808868408]","[0.7782078981399536, 2.21677303314209, 3.6289894580841064, 3.5187196731567383]",1.7943241596221924
mlp_recipe_control,83,development,d9a85f2b168854ba,2021.06.09.14.50.36_veh-26,549ee450dacd5abb,1,0.10758522152900696,"[95, 26, 30, 27]",4,2.7759156227111816,1.8054707050323486,"[2.7759156227111816, null, null, null]","[1.8054707050323486, null, null, null]",1.842298150062561
mlp_recipe_control,83,development,f6d2ad1db3c45c20,2021.06.09.14.50.36_veh-26,e755817de2795e70,0,0.09420723468065262,"[20, 40, 63, 16]",16,2.870840549468994,2.1652603149414062,"[2.9088315963745117, 2.738445997238159, 3.0966386795043945, 2.739445686340332]","[1.4457472562789917, 2.2085928916931152, 2.540121555328369, 2.466580629348755]",1.7557142972946167
mlp_recipe_control,83,development,5cc6394b1dde5e37,2021.06.09.14.50.36_veh-26,3daa89465a7e50bf,0,0.10826140642166138,"[83, 16, 7, 20]",12,3.709016799926758,3.7169876098632812,"[3.494520664215088, 3.7167134284973145, 3.91581654548645, null]","[2.880687952041626, 4.114202976226807, 4.156071662902832, null]",1.8687187433242798
mlp_recipe_control,83,development,bd6c7b10ae725c06,2021.06.09.14.50.36_veh-26,40627495cb2f57f2,1,0.17523914575576782,"[52, 89, 25, 120]",8,2.916192054748535,2.198108673095703,"[2.999495506286621, 2.8328890800476074, null, null]","[1.5839905738830566, 2.8122267723083496, null, null]",1.7824112176895142
mlp_recipe_control,83,development,03ac353ec2a450b4,2021.06.09.14.50.36_veh-26,b133d32ebacf51a4,0,0.12029458582401276,"[14, 13, 74, 43]",16,3.03686261177063,2.6541991233825684,"[3.103233814239502, 3.1248013973236084, 2.8985416889190674, 3.020873785018921]","[2.2593374252319336, 2.607769727706909, 2.937337875366211, 2.8123514652252197]",1.8145533800125122
mlp_recipe_control,83,development,193179dedf975965,2021.07.09.20.59.12_veh-38,140f0b69eb365081,0,0.12301387637853622,"[48, 64, 80, 47]",16,3.453002452850342,2.655761241912842,"[3.5438425540924072, 3.565281867980957, 3.448509693145752, 3.254375457763672]","[1.812315583229065, 2.7443792819976807, 2.538271427154541, 3.528079032897949]",1.901110291481018
mlp_recipe_control,83,development,ef07b861b51a554e,2021.07.09.20.59.12_veh-38,cb83cacbf41d58b8,1,0.15831638872623444,"[109, 89, 57, 81]",16,2.8366403579711914,2.4188175201416016,"[2.815744400024414, 2.902981758117676, 2.849423408508301, 2.778411865234375]","[2.03475022315979, 2.3261449337005615, 2.7950081825256348, 2.5193657875061035]",1.7813228368759155
mlp_recipe_control,83,development,ce6d2bfacf8655a6,2021.07.09.20.59.12_veh-38,ac873abc79f75609,1,0.08638351410627365,"[78, 57, 120, 46]",4,2.9365501403808594,1.40705144405365,"[2.9365501403808594, null, null, null]","[1.40705144405365, null, null, null]",1.732807993888855
mlp_recipe_control,83,development,6c227ec265b2568d,2021.07.09.20.59.12_veh-38,c63fa36583195676,1,0.2706153690814972,"[22, 89, 368, 364]",8,4.301279544830322,3.9467384815216064,"[4.955732345581055, 3.6468265056610107, null, null]","[3.1338918209075928, 4.759584903717041, null, null]",2.303546190261841
mlp_recipe_control,83,development,b0cebe034a265720,2021.07.09.20.59.12_veh-38,f74c2f575df25f4a,1,0.024862797930836678,"[401, 371, 400, 370]",0,0.0,0.0,"[null, null, null, null]","[null, null, null, null]",3.097437858581543
mlp_recipe_control,83,development,dd2f55420c6b5764,2021.07.09.20.59.12_veh-38,7e572c1c4f5d5df2,1,0.11183688044548035,"[45, 400, 46, 27]",12,3.11006498336792,1.817300796508789,"[null, 3.155895709991455, 3.0583372116088867, 3.1159615516662598]","[null, 1.5703085660934448, 1.6430882215499878, 2.2385058403015137]",1.7613818645477295
mlp_recipe_control,83,development,b630301843b158d4,2021.07.09.20.59.12_veh-38,315e9411328d5e75,1,0.14557123184204102,"[122, 124, 366, 58]",8,3.435244083404541,1.2375389337539673,"[3.463207721710205, 3.407280683517456, null, null]","[1.1258745193481445, 1.34920334815979, null, null]",1.8019542694091797
mlp_recipe_control,83,development,39fd026d451351e2,2021.07.09.20.59.12_veh-38,73cf910aa2885a71,1,0.14868198335170746,"[92, 61, 154, 93]",0,0.0,0.0,"[null, null, null, null]","[null, null, null, null]",1.6587212085723877
mlp_recipe_control,83,development,5426ae4426ba5534,2021.06.23.18.23.38_veh-26,f72df301ed465fe6,1,0.1334882527589798,"[73, 72, 23, 24]",16,3.0279345512390137,2.541144847869873,"[2.9544339179992676, 3.0421268939971924, 3.01560640335083, 3.0995709896087646]","[1.879960060119629, 1.9113012552261353, 2.9302220344543457, 3.443096399307251]",1.8666194677352905
mlp_recipe_control,83,development,fbeab8a882035a94,2021.06.23.18.23.38_veh-26,2e8f4ff50e4a55cc,0,0.15903961658477783,"[4, 36, 24, 17]",16,3.5874810218811035,2.227367639541626,"[3.3520684242248535, 3.3924496173858643, 3.596306562423706, 4.009099960327148]","[1.8642456531524658, 2.2441518306732178, 2.623358726501465, 2.1777143478393555]",1.9453067779541016
mlp_recipe_control,83,development,89e963670d89570c,2021.06.23.18.23.38_veh-26,03dbcc9320245d7c,1,0.2775171995162964,"[26, 57, 83, 19]",16,3.125049114227295,2.0208425521850586,"[3.083024740219116, 3.1657028198242188, 2.7646842002868652, 3.4867849349975586]","[1.5676218271255493, 1.8364588022232056, 2.1068012714385986, 2.572488307952881]",1.782277226448059
mlp_recipe_control,83,development,bcff4b28fd875b3d,2021.06.23.18.23.38_veh-26,6f619fabc40050a9,2,0.8335424661636353,"[144, 84, 19, 53]",16,4.716497421264648,2.638793706893921,"[3.768850803375244, 5.101321220397949, 5.304895401000977, 4.69092321395874]","[1.0284554958343506, 3.0862557888031006, 3.313260316848755, 3.1272034645080566]",1.87469482421875
mlp_recipe_control,83,development,88666b1c75b75602,2021.06.23.18.23.38_veh-26,99b44236999557c7,1,0.2676050662994385,"[144, 112, 114, 140]",16,3.308692216873169,2.207707643508911,"[3.5700478553771973, 3.3375635147094727, 3.2009267807006836, 3.1262311935424805]","[1.7979495525360107, 2.1918323040008545, 2.361816644668579, 2.479231834411621]",1.974572777748108
mlp_recipe_control,83,development,f72865014d6158a2,2021.06.23.18.23.38_veh-26,84368cbdd7cb5647,2,0.1854380965232849,"[29, 62, 63, 432]",8,3.862100124359131,2.6671953201293945,"[4.4082183837890625, 3.3159823417663574, null, null]","[1.2300783395767212, 4.104311943054199, null, null]",2.2098388671875
mlp_recipe_control,83,development,7e3b06c8b33156d3,2021.06.23.18.23.38_veh-26,7b483583a2595b0f,1,0.06887011229991913,"[116, 341, 115, 20]",12,3.5772271156311035,2.1113412380218506,"[3.2932114601135254, 3.752267599105835, 3.6862025260925293, null]","[1.391818642616272, 2.256880283355713, 2.6853244304656982, null]",1.7596412897109985
mlp_recipe_control,83,development,655a064f04e1531b,2021.06.23.18.23.38_veh-26,8997a4a3aadb506a,1,0.15667419135570526,"[18, 50, 23, 82]",16,3.042123317718506,2.326718807220459,"[3.2998409271240234, 3.1763274669647217, 2.8170576095581055, 2.8752670288085938]","[1.6977730989456177, 2.119145631790161, 2.5937440395355225, 2.896212577819824]",1.8032660484313965
contextual_residual,29,train,42868079cfb75233,2021.07.09.01.37.16_veh-26,641fad330504500c,1,0.05942559987306595,"[267, 422, 265, 421]",0,0.0,0.0,"[null, null, null, null]","[null, null, null, null]",0.1343785524368286
contextual_residual,29,train,caafcdd4b7835eb0,2021.07.09.01.37.16_veh-26,359f92c3233457a3,1,0.09869364649057388,"[353, 389, 129, 200]",4,1.8597190380096436,1.9182679653167725,"[null, null, null, 1.8597190380096436]","[null, null, null, 1.9182679653167725]",0.12637045979499817
contextual_residual,29,train,2fa96542484250f0,2021.07.09.01.37.16_veh-26,f89a324077eb57a9,1,0.03490050509572029,"[266, 299, 296, 322]",4,1.9150934219360352,1.9378728866577148,"[null, null, 1.9150934219360352, null]","[null, null, 1.9378728866577148, null]",0.10535278171300888
contextual_residual,29,train,68341772b52f543b,2021.07.09.01.37.16_veh-26,698608aa5fed5770,0,0.055078163743019104,"[325, 324, 326, 358]",8,4.528494358062744,4.7795844078063965,"[3.381927967071533, 5.675060272216797, null, null]","[3.5871615409851074, 5.972006797790527, null, null]",0.14972984790802002
contextual_residual,29,train,eabd9d1227785454,2021.07.09.01.37.16_veh-26,a110aeed6ea85e04,1,0.02779831737279892,"[455, 164, 166, 232]",16,1.9204245805740356,2.011749744415283,"[1.3189932107925415, 1.7013366222381592, 2.1195340156555176, 2.541834592819214]","[1.3741369247436523, 1.767874002456665, 2.226048469543457, 2.6789393424987793]",0.1549348384141922
contextual_residual,29,train,f70d691cf70b5cb3,2021.07.09.01.37.16_veh-26,34dd5ff0548b5455,0,0.02829112485051155,"[166, 133, 196, 198]",8,1.5502835512161255,1.6521694660186768,"[1.1519711017608643, 1.9485957622528076, null, null]","[1.227785348892212, 2.0765535831451416, null, null]",0.1334151029586792
contextual_residual,29,train,aa2fce3e3af55b1c,2021.07.09.01.37.16_veh-26,4ca220b52b5c50af,1,0.03153160959482193,"[355, 450, 387, 384]",4,3.090466022491455,3.130915880203247,"[3.090466022491455, null, null, null]","[3.130915880203247, null, null, null]",0.14363327622413635
contextual_residual,29,train,00029eec66d650e1,2021.07.09.01.37.16_veh-26,045ff16e93dc5a42,1,0.05891813337802887,"[329, 452, 419, 416]",4,0.8275520205497742,0.8334847688674927,"[0.8275520205497742, null, null, null]","[0.8334847688674927, null, null, null]",0.11116306483745575
contextual_residual,29,train,0168dd4fffde52ed,2021.06.08.12.00.19_veh-35,a4e97e74e1a150b3,1,0.3860715627670288,"[369, 429, 334, 256]",0,0.0,0.0,"[null, null, null, null]","[null, null, null, null]",0.15611547231674194
contextual_residual,29,train,c4e9600b96ce5d54,2021.06.08.12.00.19_veh-35,4d01ebfbc43d560b,1,0.03603976592421532,"[423, 480, 392, 390]",4,3.585261344909668,3.7006075382232666,"[3.585261344909668, null, null, null]","[3.7006075382232666, null, null, null]",0.13177983462810516
contextual_residual,29,train,a80c5ee8b1ff56d8,2021.06.08.12.00.19_veh-35,3ffcb152c57c56c5,1,0.6268317103385925,"[388, 355, 419, 416]",16,2.5780134201049805,2.6384706497192383,"[1.988670825958252, 2.2680468559265137, 3.024013042449951, 3.031322717666626]","[2.0341222286224365, 2.3111624717712402, 3.1120986938476562, 3.096499443054199]",0.1646779477596283
contextual_residual,29,train,54f9b4af08e05d79,2021.06.08.12.00.19_veh-35,a2165005ab865a02,1,0.03329651430249214,"[398, 369, 295, 366]",0,0.0,0.0,"[null, null, null, null]","[null, null, null, null]",0.11461427807807922
contextual_residual,29,train,1657554fc5445eb6,2021.06.08.12.00.19_veh-35,39cbdec7b364501d,2,0.14092093706130981,"[169, 236, 234, 269]",16,2.3286032676696777,2.402700424194336,"[0.9664648771286011, 1.92837393283844, 2.9562015533447266, 3.4633731842041016]","[0.9741040468215942, 1.9854737520217896, 3.063958168029785, 3.5872650146484375]",0.12700439989566803
contextual_residual,29,train,e7cde98715555110,2021.06.08.12.00.19_veh-35,785bf24e15875ef2,1,1.7513705492019653,"[268, 299, 300, 267]",8,2.0051426887512207,2.036799430847168,"[1.7051060199737549, 2.3051791191101074, null, null]","[1.7167361974716187, 2.356862783432007, null, null]",0.15444539487361908
contextual_residual,29,train,4bb4fd668a805612,2021.06.08.12.00.19_veh-35,c461bc7ab865595e,0,0.20825287699699402,"[448, 480, 451, 416]",16,1.5500922203063965,1.5967683792114258,"[0.9240400195121765, 1.652917504310608, 1.6262104511260986, 1.9972013235092163]","[0.9318661689758301, 1.7030924558639526, 1.6783976554870605, 2.0737171173095703]",0.1423913538455963
contextual_residual,29,train,c1fe3aa66ec55b17,2021.06.08.12.00.19_veh-35,9655be695969522d,1,0.3304581642150879,"[420, 452, 484, 423]",8,3.2269248962402344,3.396164894104004,"[3.1481192111968994, 3.3057308197021484, null, null]","[3.3332276344299316, 3.459102153778076, null, null]",0.14294341206550598
contextual_residual,29,train,9fe049486481505a,2021.08.17.13.15.12_veh-45,ca75f3286b115d37,0,0.03572350740432739,"[359, 363, 387, 453]",16,3.360971450805664,3.5187408924102783,"[0.8295245170593262, 2.6337904930114746, 4.651687145233154, 5.328884124755859]","[0.8647536039352417, 2.731170177459717, 4.88692045211792, 5.592118740081787]",0.11057523638010025
contextual_residual,29,train,f895bc253a215fc4,2021.08.17.13.15.12_veh-45,a3cae0d00733532e,1,0.10827921330928802,"[451, 457, 390, 394]",8,1.143003225326538,1.1567769050598145,"[0.579285204410553, 1.7067211866378784, null, null]","[0.5766953229904175, 1.736858606338501, null, null]",0.10198590904474258
contextual_residual,29,train,f1430641b7685542,2021.08.17.13.15.12_veh-45,81ff4535c5c251d6,1,0.03285819664597511,"[323, 325, 135, 138]",16,2.0037155151367188,2.1354048252105713,"[1.0280256271362305, 2.165330171585083, 2.2112033367156982, 2.610302448272705]","[1.0806970596313477, 2.297710657119751, 2.3602733612060547, 2.802938461303711]",0.1743481308221817
contextual_residual,29,train,ada17d80705459e5,2021.08.17.13.15.12_veh-45,16b335fe131c50be,1,0.07316655665636063,"[0, 32, 128, 96]",0,0.0,0.0,"[null, null, null, null]","[null, null, null, null]",0.1627689003944397
contextual_residual,29,train,5442925b5514525c,2021.08.17.13.15.12_veh-45,5b0cacf961245153,1,0.0768105685710907,"[267, 266, 99, 297]",4,2.1920363903045654,2.2364284992218018,"[2.1920363903045654, null, null, null]","[2.2364284992218018, null, null, null]",0.1678309589624405
contextual_residual,29,train,f4be93317adf5091,2021.08.17.13.15.12_veh-45,e2ce597de87f572d,1,0.09649990499019623,"[365, 397, 364, 399]",12,2.3986032009124756,2.4627158641815186,"[2.0425243377685547, 2.5191311836242676, 2.6341540813446045, null]","[2.088444232940674, 2.587374687194824, 2.7123284339904785, null]",0.12672662734985352
contextual_residual,29,train,0c12cf6a804d5e86,2021.08.17.13.15.12_veh-45,8db7aab4ec8458a5,0,0.1526472568511963,"[416, 481, 384, 480]",8,2.2784359455108643,2.3391315937042236,"[null, 2.5991945266723633, 1.9576772451400757, null]","[null, 2.6743297576904297, 2.0039334297180176, null]",0.11231591552495956
contextual_residual,29,train,a1da8bec7a1c5c7e,2021.08.17.13.15.12_veh-45,c55fafd4f7d05c65,1,0.09167233109474182,"[9, 8, 65, 193]",16,2.2919509410858154,2.2993836402893066,"[1.7429357767105103, 2.098832607269287, 2.6700944900512695, 2.655940532684326]","[1.7297273874282837, 2.130417823791504, 2.6789278984069824, 2.658460855484009]",0.15487906336784363
contextual_residual,29,train,1b173e83ce58518b,2021.06.08.16.31.33_veh-38,3364fd6ba8365441,1,0.05661342293024063,"[325, 481, 484, 486]",0,0.0,0.0,"[null, null, null, null]","[null, null, null, null]",0.11291354894638062
contextual_residual,29,train,7fa7f2973eb6583d,2021.06.08.16.31.33_veh-38,e6f6b559cbe6534e,1,0.2614632546901703,"[204, 200, 225, 236]",16,1.2411983013153076,1.3479444980621338,"[0.833187997341156, 0.9890884160995483, 1.1921024322509766, 1.9504146575927734]","[0.8838352560997009, 1.0413545370101929, 1.305119514465332, 2.161468505859375]",0.14601759612560272
contextual_residual,29,train,63818d7962335cb9,2021.06.08.16.31.33_veh-38,3bb603a701225a40,0,0.07744910567998886,"[194, 193, 481, 64]",16,1.8084967136383057,1.9030205011367798,"[1.5431687831878662, 1.4637014865875244, 1.896977186203003, 2.33013916015625]","[1.6275076866149902, 1.5230915546417236, 2.015385627746582, 2.4460973739624023]",0.14616380631923676
contextual_residual,29,train,eb6af2bd1a635cb2,2021.06.08.16.31.33_veh-38,65daba6a1f955c59,1,0.023433303460478783,"[289, 358, 256, 357]",8,2.314183473587036,2.3803977966308594,"[1.8087698221206665, 2.819596767425537, null, null]","[1.8536882400512695, 2.907107353210449, null, null]",0.12092513591051102
contextual_residual,29,train,6f08f1ba4c555d89,2021.06.08.16.31.33_veh-38,00c6ea1054d15101,1,0.7734994888305664,"[261, 298, 267, 299]",16,1.8861274719238281,1.9243974685668945,"[1.2491730451583862, 1.5204839706420898, 2.2659831047058105, 2.508869171142578]","[1.2544848918914795, 1.5491118431091309, 2.3056235313415527, 2.5883703231811523]",0.15933871269226074
contextual_residual,29,train,2af3184e9f0f5697,2021.06.08.16.31.33_veh-38,fb1c65108c895a43,1,0.1596507430076599,"[328, 388, 387, 354]",4,1.6408982276916504,1.6510002613067627,"[1.6408982276916504, null, null, null]","[1.6510002613067627, null, null, null]",0.12238277494907379
contextual_residual,29,train,33230d8bfa425f6f,2021.06.08.16.31.33_veh-38,3364fd6ba8365441,1,0.2042664736509323,"[299, 267, 272, 297]",16,2.449331283569336,2.5578360557556152,"[1.2679038047790527, 2.188483476638794, 2.6421573162078857, 3.6987802982330322]","[1.2864153385162354, 2.2554879188537598, 2.739262104034424, 3.950178861618042]",0.15283741056919098
contextual_residual,29,train,dcee65c0765f51bf,2021.06.08.16.31.33_veh-38,7acd2a98ba7b5157,0,0.15914618968963623,"[66, 5, 449, 264]",16,2.955630302429199,3.047266960144043,"[1.3237366676330566, 2.787986993789673, 3.9593827724456787, 3.7514145374298096]","[1.3660310506820679, 2.8560070991516113, 4.09951639175415, 3.86751389503479]",0.12277895212173462
contextual_residual,29,train,82abb0794a955aff,2021.10.05.08.11.15_veh-50,d53d220a77795cee,1,0.4705275297164917,"[164, 196, 495, 494]",16,2.8177313804626465,2.965730667114258,"[2.839099645614624, 2.6143128871917725, 2.916093111038208, 2.9014196395874023]","[3.026766777038574, 2.7614996433258057, 3.0390985012054443, 3.035557985305786]",0.16560909152030945
contextual_residual,29,train,fa9ebf82174f56e2,2021.10.05.08.11.15_veh-50,81ed977eb5a1520d,1,0.17041614651679993,"[160, 256, 224, 290]",16,2.533048629760742,2.5836873054504395,"[2.460184097290039, 2.712523937225342, 2.2517504692077637, 2.7077364921569824]","[2.483938217163086, 2.754514694213867, 2.333944797515869, 2.7623515129089355]",0.14842137694358826
contextual_residual,29,train,de7aee4bfd4650d8,2021.10.05.08.11.15_veh-50,8a8fe2f545dd5865,2,0.500532865524292,"[162, 130, 266, 195]",12,2.678889036178589,2.7731475830078125,"[2.762722969055176, null, 2.8711915016174316, 2.40275239944458]","[2.8573222160339355, null, 2.991938352584839, 2.470181941986084]",0.15627235174179077
contextual_residual,29,train,7f74e72074485b12,2021.10.05.08.11.15_veh-50,2bbefccd0ef85651,1,0.7473476529121399,"[359, 326, 391, 329]",0,0.0,0.0,"[null, null, null, null]","[null, null, null, null]",0.1452278047800064
contextual_residual,29,train,acf207f491775e7b,2021.10.05.08.11.15_veh-50,ae67187c90635ca6,0,0.369852215051651,"[419, 451, 357, 355]",8,1.2141996622085571,1.2265963554382324,"[0.879281759262085, 1.5491176843643188, null, null]","[0.8678088188171387, 1.5853841304779053, null, null]",0.14215320348739624
contextual_residual,29,train,246eb858bec25310,2021.10.05.08.11.15_veh-50,4782310b87105568,2,0.3408467769622803,"[169, 197, 173, 201]",16,2.401459217071533,2.492243528366089,"[1.7677820920944214, 2.6056809425354004, 2.8676304817199707, 2.364744186401367]","[1.8497297763824463, 2.695463180541992, 2.9640839099884033, 2.4596967697143555]",0.15094056725502014
contextual_residual,29,train,40e23bdca88c5b0d,2021.10.05.08.11.15_veh-50,780bff4205715957,0,0.18599142134189606,"[358, 481, 390, 482]",12,1.5641610622406006,1.5967706441879272,"[1.5769884586334229, 1.4329919815063477, 1.6825029850006104, null]","[1.608674168586731, 1.4647181034088135, 1.7169198989868164, null]",0.15230552852153778
contextual_residual,29,train,8d59999281da5243,2021.10.05.08.11.15_veh-50,e6ed98e5973e5120,0,0.4022332429885864,"[419, 452, 483, 417]",16,1.5769009590148926,1.5954852104187012,"[1.2817761898040771, 1.4083313941955566, 1.9127997159957886, 1.704696536064148]","[1.2904589176177979, 1.4276401996612549, 1.9402554035186768, 1.7235863208770752]",0.1365332007408142
contextual_residual,29,train,75afc126374359d3,2021.09.15.14.00.15_veh-28,821da079291c52cf,1,0.07794687896966934,"[360, 34, 330, 298]",16,2.7602221965789795,2.8256850242614746,"[2.492405652999878, 2.9682748317718506, 2.733311653137207, 2.8468968868255615]","[2.537022829055786, 3.052271842956543, 2.798645496368408, 2.914799928665161]",0.1601615995168686
contextual_residual,29,train,973a7c9d77ca5b23,2021.09.15.14.00.15_veh-28,19e39a5880c754ad,1,0.09779885411262512,"[396, 366, 395, 428]",4,1.9092037677764893,1.9244458675384521,"[1.9092037677764893, null, null, null]","[1.9244458675384521, null, null, null]",0.09541593492031097
contextual_residual,29,train,095741f4465352b3,2021.09.15.14.00.15_veh-28,96b8f4dbc6995cb7,1,0.1212361752986908,"[104, 105, 139, 134]",16,2.1333391666412354,2.274582862854004,"[1.4192490577697754, 2.2242162227630615, 2.7696075439453125, 2.120284080505371]","[1.5290114879608154, 2.424800157546997, 2.928403854370117, 2.216116428375244]",0.1635698527097702
contextual_residual,29,train,4617f5dbb29c500a,2021.09.15.14.00.15_veh-28,07d29dd2e9c6500b,1,0.1102767139673233,"[449, 393, 300, 359]",0,0.0,0.0,"[null, null, null, null]","[null, null, null, null]",0.1576463133096695
contextual_residual,29,train,b0f67ce7d678590b,2021.09.15.14.00.15_veh-28,9341eeedf0ae5c32,1,0.06860563158988953,"[482, 467, 434, 437]",8,2.166472911834717,2.2533392906188965,"[1.7976285219192505, 2.5353174209594727, null, null]","[1.8547693490982056, 2.651909589767456, null, null]",0.13927870988845825
contextual_residual,29,train,13456839ba8c52ef,2021.09.15.14.00.15_veh-28,d24fb2b39ae1574e,1,0.08335153758525848,"[331, 327, 300, 296]",0,0.0,0.0,"[null, null, null, null]","[null, null, null, null]",0.15182797610759735
contextual_residual,29,train,1df7865b517251d0,2021.09.15.14.00.15_veh-28,dc1ef9d49cb25b98,1,0.027990415692329407,"[391, 423, 359, 424]",8,4.636405944824219,4.789580345153809,"[3.8608365058898926, 5.411975860595703, null, null]","[3.9487695693969727, 5.630391597747803, null, null]",0.14555181562900543
contextual_residual,29,train,38f3a2f5fe33500f,2021.09.15.14.00.15_veh-28,5a06354563625c69,2,0.3146655261516571,"[235, 300, 229, 226]",16,2.8780884742736816,2.938342332839966,"[2.2166357040405273, 2.8058130741119385, 3.3806819915771484, 3.109222888946533]","[2.2657418251037598, 2.8603286743164062, 3.415301561355591, 3.2119970321655273]",0.13100498914718628
contextual_residual,29,train,95535851c7b75757,2021.07.16.22.40.23_veh-38,6e36585b2ea55145,1,0.03870823606848717,"[395, 163, 462, 401]",8,3.3373918533325195,3.4398107528686523,"[2.7314329147338867, 3.943350315093994, null, null]","[2.8208441734313965, 4.058777809143066, null, null]",0.1273936778306961
contextual_residual,29,train,6764c662e15e5b48,2021.07.16.22.40.23_veh-38,216d4aa3e3fe59a3,1,0.0559687614440918,"[384, 320, 367, 462]",16,1.6814322471618652,1.7571134567260742,"[0.6681152582168579, 1.5714857578277588, 1.7789971828460693, 2.7071306705474854]","[0.6769105792045593, 1.6387104988098145, 1.849966287612915, 2.8628666400909424]",0.15719427168369293
contextual_residual,29,train,7bf05e0f52b75ee2,2021.07.16.22.40.23_veh-38,1deff9a6d27a5f6b,0,0.01878819242119789,"[291, 388, 290, 387]",16,4.433838844299316,4.6406636238098145,"[3.5525712966918945, 4.183659553527832, 4.652565956115723, 5.3465576171875]","[3.7231192588806152, 4.366276264190674, 4.853279113769531, 5.619980335235596]",0.12245918065309525
contextual_residual,29,train,673b04fae3fc5595,2021.07.16.22.40.23_veh-38,a7823a906c555e39,1,0.02760048396885395,"[260, 161, 492, 106]",16,1.4437739849090576,1.5243680477142334,"[0.7919520139694214, 1.1512115001678467, 1.5389256477355957, 2.2930068969726562]","[0.7928622961044312, 1.198690414428711, 1.6419188976287842, 2.4640002250671387]",0.1513594090938568
contextual_residual,29,train,c8faaa73c9c054d1,2021.07.16.22.40.23_veh-38,98071366467650ae,0,0.09479868412017822,"[391, 452, 420, 483]",16,2.744715452194214,2.932345390319824,"[1.0558421611785889, 2.2827508449554443, 2.666935682296753, 4.973333358764648]","[1.0992422103881836, 2.4624404907226562, 2.853712558746338, 5.313986778259277]",0.16492736339569092
contextual_residual,29,train,5e5f522e3ecd5cca,2021.07.16.22.40.23_veh-38,900bff237382523c,1,0.2004411220550537,"[235, 260, 256, 258]",4,1.1671040058135986,1.2117433547973633,"[1.1671040058135986, null, null, null]","[1.2117433547973633, null, null, null]",0.15884096920490265
contextual_residual,29,train,378d61da938e5420,2021.07.16.22.40.23_veh-38,b4d6add3705a50f5,1,0.03885801509022713,"[294, 262, 424, 233]",4,1.2407383918762207,1.2617967128753662,"[1.2407383918762207, null, null, null]","[1.2617967128753662, null, null, null]",0.15268604457378387
contextual_residual,29,train,8bcd32f3329b5729,2021.07.16.22.40.23_veh-38,ce32a45e2c885ce0,1,0.1711229532957077,"[384, 418, 386, 387]",4,2.946681022644043,3.0064847469329834,"[null, null, null, 2.946681022644043]","[null, null, null, 3.0064847469329834]",0.11917587369680405
contextual_residual,29,train,85107617069e5eae,2021.10.05.07.49.39_veh-52,a3270c0c8ca250a5,2,0.41524532437324524,"[196, 233, 259, 420]",16,2.2371768951416016,2.315152645111084,"[2.146850109100342, 2.128004550933838, 2.4529924392700195, 2.2208611965179443]","[2.154716730117798, 2.25219464302063, 2.596045732498169, 2.25765323638916]",0.16216883063316345
contextual_residual,29,train,dd9d8e686a345f74,2021.10.05.07.49.39_veh-52,6ef4b849a52f565e,1,0.14383971691131592,"[433, 367, 487, 235]",16,1.4722192287445068,1.4925432205200195,"[1.3604710102081299, 1.966090440750122, 1.175995111465454, 1.3863202333450317]","[1.3852860927581787, 2.027576446533203, 1.1504783630371094, 1.4068315029144287]",0.15711507201194763
contextual_residual,29,train,d25f823ffc5f55cf,2021.10.05.07.49.39_veh-52,b9c2d90e9f0d5298,2,0.267666757106781,"[454, 418, 99, 483]",16,1.6917870044708252,1.7200114727020264,"[1.2969348430633545, 1.402435302734375, 1.710808277130127, 2.3569693565368652]","[1.3509504795074463, 1.4021904468536377, 1.7077562808990479, 2.4191489219665527]",0.1622835397720337
contextual_residual,29,train,fa41647d02c7591c,2021.10.05.07.49.39_veh-52,425547b119ac51e8,2,0.5360713601112366,"[359, 386, 360, 455]",4,3.2686519622802734,3.303640604019165,"[3.2686519622802734, null, null, null]","[3.303640604019165, null, null, null]",0.16608737409114838
contextual_residual,29,train,e1513979c1a25a3a,2021.10.05.07.49.39_veh-52,63675e4e47d35a9c,0,0.3086670935153961,"[388, 387, 357, 355]",16,3.307649612426758,3.4809370040893555,"[2.6358723640441895, 3.5484466552734375, 4.26183557510376, 2.7844443321228027]","[2.7679996490478516, 3.7625224590301514, 4.466282844543457, 2.926943778991699]",0.15928156673908234
contextual_residual,29,train,21a96107cf785a63,2021.10.05.07.49.39_veh-52,425547b119ac51e8,0,0.12147484719753265,"[449, 483, 195, 450]",12,2.6586525440216064,2.7646079063415527,"[2.554774761199951, 2.7429938316345215, 2.6781888008117676, null]","[2.6495351791381836, 2.844906806945801, 2.799382448196411, null]",0.16328442096710205
contextual_residual,29,train,0961f8661d8a58c2,2021.10.05.07.49.39_veh-52,1cb0c69eb34a51f0,2,0.8074409365653992,"[102, 140, 420, 165]",4,1.3409501314163208,1.3569716215133667,"[1.3409501314163208, null, null, null]","[1.3569716215133667, null, null, null]",0.1442052125930786
contextual_residual,29,train,5c78f13876e0582b,2021.10.05.07.49.39_veh-52,a140ff94e233594d,1,0.2186732292175293,"[230, 231, 36, 102]",16,1.968679428100586,2.0249061584472656,"[1.2501364946365356, 1.7628709077835083, 2.495927095413208, 2.365783214569092]","[1.3086631298065186, 1.8205671310424805, 2.523686408996582, 2.446707248687744]",0.17227065563201904
contextual_residual,29,train,8b0932e2de6753ab,2021.06.09.12.06.35_veh-35,29cb5c1452bc5bce,1,0.16570435464382172,"[235, 263, 261, 202]",4,1.4121536016464233,1.4010975360870361,"[1.4121536016464233, null, null, null]","[1.4010975360870361, null, null, null]",0.1575540155172348
contextual_residual,29,train,c2b7349b328858ac,2021.06.09.12.06.35_veh-35,39e28bb91b3c557d,0,0.10568355768918991,"[325, 293, 327, 292]",4,0.492706835269928,0.4871342182159424,"[0.492706835269928, null, null, null]","[0.4871342182159424, null, null, null]",0.1291000247001648
contextual_residual,29,train,482e228f118e544b,2021.06.09.12.06.35_veh-35,d8e166bb74fc5f00,1,0.05385667458176613,"[294, 327, 354, 262]",8,2.1684255599975586,2.2257676124572754,"[2.07027530670166, 2.266575813293457, null, null]","[2.1244542598724365, 2.327080726623535, null, null]",0.12982186675071716
contextual_residual,29,train,0bcc8551849c538f,2021.06.09.12.06.35_veh-35,ab18f13d87e7560f,1,0.10054515302181244,"[504, 133, 447, 501]",8,1.829791784286499,1.8278131484985352,"[null, null, 1.8423329591751099, 1.8172504901885986]","[null, null, 1.8561091423034668, 1.7995171546936035]",0.15928062796592712
contextual_residual,29,train,79ea424b3b2b51e7,2021.06.09.12.06.35_veh-35,7331a1cdf1cd5f28,1,0.08296041190624237,"[448, 454, 418, 384]",8,1.388197898864746,1.4273399114608765,"[null, null, 1.52487051486969, 1.2515252828598022]","[null, null, 1.5888688564300537, 1.2658109664916992]",0.1458008587360382
contextual_residual,29,train,5a4f5d512d285fd2,2021.06.09.12.06.35_veh-35,7331a1cdf1cd5f28,1,0.09597703069448471,"[451, 450, 412, 486]",0,0.0,0.0,"[null, null, null, null]","[null, null, null, null]",0.1552068591117859
contextual_residual,29,train,f56f173b6d3b52d4,2021.06.09.12.06.35_veh-35,533c96a969445755,1,0.028587689623236656,"[422, 225, 420, 429]",16,2.3925795555114746,2.5226504802703857,"[2.3923072814941406, 2.3062632083892822, 2.7450456619262695, 2.126701831817627]","[2.5228750705718994, 2.3632383346557617, 2.9064598083496094, 2.2980287075042725]",0.16503721475601196
contextual_residual,29,train,7d14dc9e1394504c,2021.06.09.12.06.35_veh-35,15746f958b855ce1,1,0.08271321654319763,"[331, 332, 299, 298]",4,1.5489699840545654,1.5587399005889893,"[1.5489699840545654, null, null, null]","[1.5587399005889893, null, null, null]",0.14187906682491302
contextual_residual,29,train,a0b601837cc25f9a,2021.06.07.12.54.00_veh-35,e6276d5babcf57c5,1,0.1276896446943283,"[451, 416, 391, 327]",16,2.549680233001709,2.635714530944824,"[2.0679640769958496, 2.3064160346984863, 2.7240803241729736, 3.100259780883789]","[2.099667549133301, 2.3594765663146973, 2.8339147567749023, 3.2497992515563965]",0.16489310562610626
contextual_residual,29,train,dcbf1cf262365995,2021.06.07.12.54.00_veh-35,e7819c9d528b5035,1,1.2308087348937988,"[329, 299, 328, 298]",4,1.3684383630752563,1.3561424016952515,"[1.3684383630752563, null, null, null]","[1.3561424016952515, null, null, null]",0.10827451199293137
contextual_residual,29,train,4f0a0a61bdaa5a59,2021.06.07.12.54.00_veh-35,528ee06dd0565678,1,0.24922850728034973,"[452, 388, 324, 389]",4,2.549971103668213,2.6835286617279053,"[2.549971103668213, null, null, null]","[2.6835286617279053, null, null, null]",0.16429202258586884
contextual_residual,29,train,4c2e114b0f5c5cee,2021.06.07.12.54.00_veh-35,c0d79102a9225562,1,0.22379979491233826,"[329, 297, 330, 328]",16,1.3611265420913696,1.4012393951416016,"[0.7162631750106812, 1.259478211402893, 1.6926352977752686, 1.776129126548767]","[0.7162452936172485, 1.278396725654602, 1.7348684072494507, 1.8754476308822632]",0.14650754630565643
contextual_residual,29,train,9ac6b0c708ef57ba,2021.06.07.12.54.00_veh-35,91deaa6b42c85a71,1,0.15613329410552979,"[322, 392, 355, 419]",4,2.0203185081481934,2.045731782913208,"[2.0203185081481934, null, null, null]","[2.045731782913208, null, null, null]",0.16356787085533142
contextual_residual,29,train,8a85218e4a3d5fa2,2021.06.07.12.54.00_veh-35,91deaa6b42c85a71,1,0.391371488571167,"[391, 422, 454, 357]",0,0.0,0.0,"[null, null, null, null]","[null, null, null, null]",0.16649353504180908
contextual_residual,29,train,23b79e79cec15f05,2021.06.07.12.54.00_veh-35,f5c76f15450f5cd1,1,0.07853388786315918,"[257, 289, 256, 484]",4,1.3479242324829102,1.3660308122634888,"[1.3479242324829102, null, null, null]","[1.3660308122634888, null, null, null]",0.1357884556055069
contextual_residual,29,train,e5e57399ea0a5228,2021.06.07.12.54.00_veh-35,25302d95d9f158f7,1,1.1291135549545288,"[392, 360, 330, 297]",16,2.2290024757385254,2.2490453720092773,"[1.6521353721618652, 2.4027161598205566, 2.6062538623809814, 2.254903793334961]","[1.6693928241729736, 2.437657594680786, 2.6283836364746094, 2.260746717453003]",0.1207347884774208
contextual_residual,29,train,e1a8d2a630635703,2021.06.14.14.03.45_veh-38,8f286698db6d541b,1,0.16221487522125244,"[330, 297, 358, 329]",16,2.146327257156372,2.2175073623657227,"[1.049126148223877, 1.0137333869934082, 2.8676066398620605, 3.6548428535461426]","[1.0584163665771484, 1.0204663276672363, 2.9674320220947266, 3.8237144947052]",0.13283243775367737
contextual_residual,29,train,aece322a1d42538a,2021.06.14.14.03.45_veh-38,7540234731835704,1,0.07715875655412674,"[264, 204, 197, 201]",16,2.1037325859069824,2.280142307281494,"[1.370186686515808, 2.0963993072509766, 2.447944164276123, 2.5004005432128906]","[1.4840798377990723, 2.2771430015563965, 2.6573240756988525, 2.7020225524902344]",0.168228879570961
contextual_residual,29,train,9d0bf147438e5fb3,2021.06.14.14.03.45_veh-38,23e9bf0d2cbe5bab,1,0.01343955472111702,"[450, 391, 418, 390]",4,0.7356026768684387,0.7377291321754456,"[0.7356026768684387, null, null, null]","[0.7377291321754456, null, null, null]",0.14394304156303406
contextual_residual,29,train,f2d2c1ea12755312,2021.06.14.14.03.45_veh-38,34c1915fbf665c36,1,0.05946337431669235,"[298, 299, 300, 331]",8,1.4971529245376587,1.5840562582015991,"[0.8268197774887085, 2.1674861907958984, null, null]","[0.8704534769058228, 2.297659158706665, null, null]",0.13224726915359497
contextual_residual,29,train,cea14bc9e11e5a9a,2021.06.14.14.03.45_veh-38,6be18c3f08665d95,1,0.0627753734588623,"[425, 461, 460, 459]",4,1.522937297821045,1.5703723430633545,"[1.522937297821045, null, null, null]","[1.5703723430633545, null, null, null]",0.15604963898658752
contextual_residual,29,train,4a60572394c95d99,2021.06.14.14.03.45_veh-38,7e940171cbb2501f,1,0.0716664269566536,"[328, 327, 453, 294]",4,1.2459033727645874,1.2603124380111694,"[1.2459033727645874, null, null, null]","[1.2603124380111694, null, null, null]",0.12050086259841919
contextual_residual,29,train,73c60faa4a4f50d5,2021.06.14.14.03.45_veh-38,3310381978495db6,1,0.05239133909344673,"[297, 329, 360, 330]",16,2.7910282611846924,2.8861069679260254,"[2.108096122741699, 2.6480257511138916, 3.260711908340454, 3.1472787857055664]","[2.1426773071289062, 2.747408866882324, 3.388874053955078, 3.2654685974121094]",0.16455285251140594
contextual_residual,29,train,19d7d544be8b5ed6,2021.06.14.14.03.45_veh-38,faff8007373357b2,0,0.09703349322080612,"[361, 423, 488, 291]",12,6.509572982788086,6.795560836791992,"[2.0806403160095215, 7.200621128082275, 10.247456550598145, null]","[2.2147164344787598, 7.541032791137695, 10.63093376159668, null]",0.15726915001869202
contextual_residual,29,train,0cee9b6cce6b55bb,2021.06.23.17.31.36_veh-16,5dd11df23010512b,1,0.018084222450852394,"[389, 356, 421, 484]",4,2.0227675437927246,2.0829925537109375,"[2.0227675437927246, null, null, null]","[2.0829925537109375, null, null, null]",0.1464073210954666
contextual_residual,29,train,b7e4f74f963b5911,2021.06.23.17.31.36_veh-16,12076247bcfc52af,0,0.025111068040132523,"[353, 396, 458, 427]",8,1.6140854358673096,1.6262946128845215,"[1.1327786445617676, 2.0953922271728516, null, null]","[1.1217478513717651, 2.1308414936065674, null, null]",0.15233324468135834
contextual_residual,29,train,de1498ad86835196,2021.06.23.17.31.36_veh-16,0f8853ece4595cfd,1,0.01753980666399002,"[328, 420, 330, 297]",16,3.2483067512512207,3.3876137733459473,"[1.9171433448791504, 2.5780415534973145, 3.890048027038574, 4.607994079589844]","[1.9715288877487183, 2.6463470458984375, 4.080953598022461, 4.851625442504883]",0.15035054087638855
contextual_residual,29,train,025ec42ba16f587d,2021.06.23.17.31.36_veh-16,135f484f0eaf5a02,1,0.08394348621368408,"[102, 202, 496, 309]",16,1.3466285467147827,1.3872525691986084,"[0.8663557767868042, 1.5538032054901123, 1.4273991584777832, 1.5389561653137207]","[0.877839207649231, 1.5709816217422485, 1.4778714179992676, 1.6223177909851074]",0.15334415435791016
contextual_residual,29,train,c3fcca93dde25e14,2021.06.23.17.31.36_veh-16,e9436dfe242a5e1e,0,0.3708868622779846,"[327, 166, 293, 328]",16,2.7519378662109375,2.9256343841552734,"[1.429349660873413, 2.4351589679718018, 3.267345666885376, 3.875897169113159]","[1.4669816493988037, 2.595315456390381, 3.5042643547058105, 4.135976314544678]",0.14078114926815033
contextual_residual,29,train,e06e9be096c55f62,2021.06.23.17.31.36_veh-16,0ecd78b5d8165cd8,0,0.073405921459198,"[224, 323, 324, 391]",16,1.815529227256775,1.867547869682312,"[1.6353106498718262, 1.5635823011398315, 1.8274078369140625, 2.23581600189209]","[1.6916191577911377, 1.6078824996948242, 1.8933539390563965, 2.2773356437683105]",0.14739128947257996
contextual_residual,29,train,3764fca3eb725eea,2021.06.23.17.31.36_veh-16,83605fe059ea5914,1,0.050568703562021255,"[476, 508, 262, 263]",16,2.404808759689331,2.550208330154419,"[1.5112396478652954, 2.1016948223114014, 2.715358257293701, 3.290942430496216]","[1.5466647148132324, 2.2173404693603516, 2.8935956954956055, 3.543231964111328]",0.16564171016216278
contextual_residual,29,train,e37afb24cbc354b1,2021.06.23.17.31.36_veh-16,137a8e2e182e525a,1,0.04552272707223892,"[389, 359, 452, 360]",8,2.3329687118530273,2.4163930416107178,"[1.8840773105621338, 2.781860113143921, null, null]","[1.9466850757598877, 2.886101007461548, null, null]",0.1395762711763382
contextual_residual,29,train,99bf73c4d148509a,2021.06.14.18.13.35_veh-26,ece541c7453e5027,1,0.11622554063796997,"[321, 303, 288, 353]",8,1.78018319606781,1.8179664611816406,"[1.4035247564315796, 2.156841516494751, null, null]","[1.4278185367584229, 2.2081143856048584, null, null]",0.16166330873966217
contextual_residual,29,train,82183d4ed7285e2b,2021.06.14.18.13.35_veh-26,15b78bc7ecd45635,2,0.0763888955116272,"[267, 295, 298, 269]",16,6.4055681228637695,6.769197463989258,"[3.624156951904297, 6.602375030517578, 7.560301780700684, 7.835439682006836]","[3.8001644611358643, 7.0157670974731445, 7.997901439666748, 8.262956619262695]",0.1380155384540558
contextual_residual,29,train,09fc359e65a65d2d,2021.06.14.18.13.35_veh-26,8c1c9f8ebebd5a2c,0,0.03316998481750488,"[38, 34, 395, 400]",0,0.0,0.0,"[null, null, null, null]","[null, null, null, null]",0.12379259616136551
contextual_residual,29,train,ee6a818615ff51ba,2021.06.14.18.13.35_veh-26,78f10869dcaa5d66,0,0.1696375459432602,"[416, 448, 483, 420]",12,1.8640658855438232,1.9136457443237305,"[1.419298529624939, 2.167809009552002, 2.00508975982666, null]","[1.4514148235321045, 2.2071499824523926, 2.0823726654052734, null]",0.14098994433879852
contextual_residual,29,train,e134b297048b5c37,2021.06.14.18.13.35_veh-26,290604a14d365b9b,0,0.04155886173248291,"[389, 357, 421, 293]",8,2.4416236877441406,2.527879476547241,"[null, null, 2.108942985534668, 2.7743043899536133]","[null, null, 2.1877832412719727, 2.8679757118225098]",0.1388375610113144
contextual_residual,29,train,9c833d715d5a5f2c,2021.06.14.18.13.35_veh-26,ce646f56ab2a530e,0,0.056806936860084534,"[354, 421, 388, 390]",16,1.745983362197876,1.8458515405654907,"[1.5381486415863037, 1.4905059337615967, 1.7487269639968872, 2.206552028656006]","[1.6474584341049194, 1.577902913093567, 1.8495172262191772, 2.308527708053589]",0.15796220302581787
contextual_residual,29,train,505bbe9ba4405369,2021.06.14.18.13.35_veh-26,20e402609e615776,1,0.02177971415221691,"[359, 360, 329, 328]",4,0.7635460495948792,0.7728953957557678,"[0.7635460495948792, null, null, null]","[0.7728953957557678, null, null, null]",0.11176452040672302
contextual_residual,29,train,7c0f902cd4a85505,2021.06.14.18.13.35_veh-26,bc0a766ff84b5442,1,0.0881739929318428,"[388, 419, 418, 352]",0,0.0,0.0,"[null, null, null, null]","[null, null, null, null]",0.15419931709766388
contextual_residual,29,train,aa5610ae761e5330,2021.08.17.17.55.18_veh-43,f928e8f7bee55d18,2,0.21674931049346924,"[356, 354, 355, 135]",4,3.8569397926330566,3.951916217803955,"[null, null, null, 3.8569397926330566]","[null, null, null, 3.951916217803955]",0.11284173280000687
contextual_residual,29,train,06f416ef3dbc5656,2021.08.17.17.55.18_veh-43,e0efd254e94b5c5d,1,0.06123138591647148,"[454, 393, 301, 423]",4,1.1442276239395142,1.1644006967544556,"[1.1442276239395142, null, null, null]","[1.1644006967544556, null, null, null]",0.08272582292556763
contextual_residual,29,train,9adfdd4c06cf5e8c,2021.08.17.17.55.18_veh-43,7032266a8b3259e9,1,0.07839511334896088,"[260, 258, 139, 193]",0,0.0,0.0,"[null, null, null, null]","[null, null, null, null]",0.16212575137615204
contextual_residual,29,train,94014ea94dae5180,2021.08.17.17.55.18_veh-43,03d335bbfd355432,1,0.04487081989645958,"[199, 306, 310, 337]",8,5.921169281005859,5.997739315032959,"[null, null, 5.709676742553711, 6.132662296295166]","[null, null, 5.870852470397949, 6.124626159667969]",0.13384075462818146
contextual_residual,29,train,996a71ebed2d5962,2021.08.17.17.55.18_veh-43,669b4bc52a755a71,1,0.037496551871299744,"[461, 432, 465, 481]",12,1.4838085174560547,1.5032819509506226,"[1.0191619396209717, 1.9195713996887207, 1.5126922130584717, null]","[0.9779843688011169, 1.9419478178024292, 1.5899136066436768, null]",0.13519348204135895
contextual_residual,29,train,b65cdf1698ec58da,2021.08.17.17.55.18_veh-43,f5ce59f542c15ccf,2,0.09146284312009811,"[325, 324, 297, 295]",8,4.368718147277832,4.539665222167969,"[null, null, 4.855308532714844, 3.882127285003662]","[null, null, 5.05203914642334, 4.027291774749756]",0.1334478110074997
contextual_residual,29,train,7c897aea11555116,2021.08.17.17.55.18_veh-43,119facee9f435d2d,1,0.012827489525079727,"[333, 338, 328, 358]",0,0.0,0.0,"[null, null, null, null]","[null, null, null, null]",0.0759066641330719
contextual_residual,29,train,9d8bbe7081805aff,2021.08.17.17.55.18_veh-43,e4f7253cff9559e5,1,0.40303122997283936,"[385, 164, 299, 384]",8,3.2133584022521973,3.304823637008667,"[null, null, 2.8604164123535156, 3.5663001537323]","[null, null, 2.951558828353882, 3.6580886840820312]",0.1606895625591278
contextual_residual,29,train,6f13db85eb395da6,2021.06.07.18.53.26_veh-26,b4aa9d6255005ff4,1,0.6325774788856506,"[35, 355, 483, 490]",8,0.4735274314880371,0.4556862711906433,"[0.27229610085487366, 0.6747588515281677, null, null]","[0.23935215175151825, 0.672020435333252, null, null]",0.15136325359344482
contextual_residual,29,train,90bab1d26e77539e,2021.06.07.18.53.26_veh-26,a775290bfe11501c,1,0.5800866484642029,"[197, 165, 267, 230]",12,1.9396512508392334,2.071808338165283,"[null, 1.7671784162521362, 1.6390701532363892, 2.4127049446105957]","[null, 1.858658790588379, 1.77535879611969, 2.581407070159912]",0.1620432734489441
contextual_residual,29,train,a0fad9da427656e1,2021.06.07.18.53.26_veh-26,7c918a18841755fe,1,0.8142789006233215,"[295, 385, 355, 451]",16,2.2319772243499756,2.2857003211975098,"[1.9146292209625244, 2.0897459983825684, 1.9108972549438477, 3.0126359462738037]","[1.9701820611953735, 2.153195858001709, 1.9485503435134888, 3.0708727836608887]",0.14648835361003876
contextual_residual,29,train,cc2769dbb64c51c5,2021.06.07.18.53.26_veh-26,e056042111235af2,0,0.1916797012090683,"[323, 322, 452, 291]",12,2.575861692428589,2.636359214782715,"[0.9751454591751099, null, 3.082798480987549, 3.6696410179138184]","[0.9795258045196533, null, 3.1635406017303467, 3.7660105228424072]",0.13249346613883972
contextual_residual,29,train,3a42aaf9c7ad52b0,2021.06.07.18.53.26_veh-26,a775290bfe11501c,1,0.018031122162938118,"[454, 293, 36, 68]",0,0.0,0.0,"[null, null, null, null]","[null, null, null, null]",0.09815499931573868
contextual_residual,29,train,9ce593252631507d,2021.06.07.18.53.26_veh-26,5ed65930b4c35bfa,1,0.5078662633895874,"[197, 200, 199, 232]",12,2.136531352996826,2.2275476455688477,"[1.7772711515426636, 1.6615235805511475, 2.970798969268799, null]","[1.8592677116394043, 1.737854242324829, 3.0855202674865723, null]",0.15862566232681274
contextual_residual,29,train,d7bf7fb4d1995e7e,2021.06.07.18.53.26_veh-26,ead01d808c89587c,1,0.17017409205436707,"[67, 177, 102, 161]",16,1.8093509674072266,1.9050557613372803,"[1.7835400104522705, 1.7075269222259521, 1.7347912788391113, 2.0115456581115723]","[1.9166656732559204, 1.7928025722503662, 1.8197872638702393, 2.0909671783447266]",0.1606246829032898
contextual_residual,29,train,884a4400377653c4,2021.06.07.18.53.26_veh-26,77179676f4c656da,0,0.2513735592365265,"[419, 387, 483, 386]",16,1.6775357723236084,1.763944387435913,"[1.5023033618927002, 1.4289168119430542, 2.1407904624938965, 1.6381326913833618]","[1.5952043533325195, 1.4948391914367676, 2.2645859718322754, 1.7011480331420898]",0.14825932681560516
contextual_residual,29,train,f2a8a11d1d9957c6,2021.08.17.17.17.01_veh-45,d53c011070a753b3,1,0.08160634338855743,"[132, 6, 100, 167]",8,1.137915849685669,1.2224769592285156,"[0.9853751063346863, 1.2904565334320068, null, null]","[1.0266964435577393, 1.4182573556900024, null, null]",0.15520170331001282
contextual_residual,29,train,448fcc465ce2589c,2021.08.17.17.17.01_veh-45,2d50451fc5045ec3,1,0.09757202863693237,"[129, 161, 227, 291]",4,2.1797380447387695,2.32279896736145,"[2.1797380447387695, null, null, null]","[2.32279896736145, null, null, null]",0.1699828803539276
contextual_residual,29,train,5b9eea7538235f36,2021.08.17.17.17.01_veh-45,58adb0f87a905810,2,0.139203742146492,"[194, 199, 226, 353]",12,2.3328166007995605,2.444389820098877,"[1.7158845663070679, 2.5613346099853516, null, 2.7212305068969727]","[1.8025784492492676, 2.670279026031494, null, 2.860311508178711]",0.13174712657928467
contextual_residual,29,train,8da3d9d2de0c53bd,2021.08.17.17.17.01_veh-45,56ef3c9f702054a5,0,0.22030854225158691,"[195, 164, 192, 163]",0,0.0,0.0,"[null, null, null, null]","[null, null, null, null]",0.14476880431175232
contextual_residual,29,train,4cb6f16e6fd75ae6,2021.08.17.17.17.01_veh-45,01fcbea54a215b4c,0,0.15244914591312408,"[485, 389, 352, 486]",0,0.0,0.0,"[null, null, null, null]","[null, null, null, null]",0.12154592573642731
contextual_residual,29,train,6bf7c64d674550c0,2021.08.17.17.17.01_veh-45,e9ee1f2ed60e5dad,0,0.07171399146318436,"[355, 389, 386, 356]",16,2.1281542778015137,2.2128708362579346,"[0.9701074361801147, 1.8364548683166504, 2.586118221282959, 3.11993670463562]","[1.0101649761199951, 1.8908668756484985, 2.684939384460449, 3.265512228012085]",0.12174731492996216
contextual_residual,29,train,400d720e95ee5e13,2021.08.17.17.17.01_veh-45,e334ef237217504d,0,0.09585928916931152,"[480, 481, 448, 483]",12,2.8223798274993896,2.8901965618133545,"[null, 2.5413661003112793, 2.7942512035369873, 3.1315221786499023]","[null, 2.626751661300659, 2.8587825298309326, 3.185055732727051]",0.08517546206712723
contextual_residual,29,train,f16683fd19e558c2,2021.08.17.17.17.01_veh-45,091fcca513f752d2,0,0.10107165575027466,"[426, 96, 484, 64]",4,3.5063693523406982,3.5830078125,"[null, null, null, 3.5063693523406982]","[null, null, null, 3.5830078125]",0.1207132488489151
contextual_residual,29,development,5b2b2741a9225324,2021.06.07.17.46.49_veh-35,d27fc0739dad5664,1,0.9351184368133545,"[388, 451, 420, 387]",16,2.7606277465820312,2.8724141120910645,"[2.5959506034851074, 2.4077746868133545, 3.096933364868164, 2.94185209274292]","[2.688485622406006, 2.5116591453552246, 3.242213010787964, 3.0472986698150635]",0.16544058918952942
contextual_residual,29,development,1dc3ed89baf15ac3,2021.06.07.17.46.49_veh-35,1dabc8e66ab15cb6,1,0.22566291689872742,"[421, 389, 291, 358]",4,1.5860810279846191,1.6199581623077393,"[1.5860810279846191, null, null, null]","[1.6199581623077393, null, null, null]",0.11780635267496109
contextual_residual,29,development,2daea025bb7e5a2c,2021.06.07.17.46.49_veh-35,db1cb602e9f05786,1,0.30859309434890747,"[328, 327, 297, 330]",8,2.275369167327881,2.356910228729248,"[1.7944998741149902, 2.7562386989593506, null, null]","[1.8600554466247559, 2.8537652492523193, null, null]",0.1317567527294159
contextual_residual,29,development,be3bc0fa680c5e33,2021.06.07.17.46.49_veh-35,17a02971177257e5,0,0.6654202938079834,"[425, 457, 330, 329]",16,1.943835973739624,1.9787936210632324,"[1.0982768535614014, 1.9235676527023315, 2.1545944213867188, 2.598905086517334]","[1.1195342540740967, 1.9916167259216309, 2.1863484382629395, 2.6176750659942627]",0.12365145236253738
contextual_residual,29,development,2903fe2f977f5927,2021.06.07.17.46.49_veh-35,f29c7a8c103151ea,1,0.9856928586959839,"[391, 298, 387, 268]",0,0.0,0.0,"[null, null, null, null]","[null, null, null, null]",0.11154546588659286
contextual_residual,29,development,c362c24b66b351ed,2021.06.07.17.46.49_veh-35,186b67f7d5325988,1,0.9787915945053101,"[454, 484, 448, 481]",4,1.7444063425064087,1.7947059869766235,"[1.7444063425064087, null, null, null]","[1.7947059869766235, null, null, null]",0.14087940752506256
contextual_residual,29,development,222f5d6a4aa25d89,2021.06.07.17.46.49_veh-35,75787c317e3a5b82,1,0.39167869091033936,"[297, 328, 295, 327]",16,2.6059725284576416,2.6438188552856445,"[1.8850092887878418, 2.592146635055542, 3.2651281356811523, 2.681605577468872]","[1.9116034507751465, 2.6371374130249023, 3.3259429931640625, 2.7005910873413086]",0.16082832217216492
contextual_residual,29,development,933f03af8f385207,2021.06.07.17.46.49_veh-35,9036e1622d84535c,2,0.4779748022556305,"[354, 324, 323, 352]",16,2.761350154876709,2.823486089706421,"[1.8491191864013672, 2.718474864959717, 2.6840686798095703, 3.79373836517334]","[1.8949702978134155, 2.7795443534851074, 2.7237136363983154, 3.8957157135009766]",0.11618717759847641
contextual_residual,29,development,063ebdb158075369,2021.06.09.11.54.15_veh-12,ff376a5096665630,1,0.058189280331134796,"[482, 207, 421, 360]",8,2.1314280033111572,2.2154407501220703,"[1.4624443054199219, 2.8004117012023926, null, null]","[1.5171418190002441, 2.9137396812438965, null, null]",0.14034835994243622
contextual_residual,29,development,c0a1b812e095547d,2021.06.09.11.54.15_veh-12,402aea4619c55186,1,0.20117543637752533,"[103, 168, 236, 131]",12,2.941241979598999,3.041837215423584,"[null, 2.8429999351501465, 2.8841588497161865, 3.096566677093506]","[null, 2.882432699203491, 3.0095653533935547, 3.2335128784179688]",0.1649649739265442
contextual_residual,29,development,482f957d79f45f55,2021.06.09.11.54.15_veh-12,5107aa8e98035ec1,1,0.11457104980945587,"[390, 393, 366, 459]",8,3.597348213195801,3.687040090560913,"[2.494213581085205, 4.7004828453063965, null, null]","[2.5762088298797607, 4.7978715896606445, null, null]",0.11531982570886612
contextual_residual,29,development,6561907765f2550f,2021.06.09.11.54.15_veh-12,91420a0f9dc25fe9,1,0.09881458431482315,"[168, 170, 448, 202]",0,0.0,0.0,"[null, null, null, null]","[null, null, null, null]",0.12494514882564545
contextual_residual,29,development,5742dd4bd86e5127,2021.06.09.11.54.15_veh-12,3c893aadfc175960,1,0.06382204592227936,"[329, 330, 299, 354]",12,2.4738612174987793,2.5387415885925293,"[1.3693645000457764, 2.3130335807800293, 3.739184617996216, null]","[1.3880492448806763, 2.356419086456299, 3.8717565536499023, null]",0.13855372369289398
contextual_residual,29,development,ecc85792eb665ba0,2021.06.09.11.54.15_veh-12,7b3b09ed718b5bf4,1,0.10802492499351501,"[137, 103, 105, 199]",16,1.5885674953460693,1.6318728923797607,"[1.7877906560897827, 1.8606672286987305, 1.4255905151367188, 1.2802218198776245]","[1.861452579498291, 1.9089430570602417, 1.4388782978057861, 1.3182175159454346]",0.15009921789169312
contextual_residual,29,development,599c900bc4e95312,2021.06.09.11.54.15_veh-12,8f3409a47a455049,2,0.14835132658481598,"[333, 356, 297, 360]",16,2.665687322616577,2.6829018592834473,"[2.561394691467285, 3.0563230514526367, 2.7198848724365234, 2.325146198272705]","[2.5769097805023193, 3.0931739807128906, 2.7227120399475098, 2.3388121128082275]",0.12231596559286118
contextual_residual,29,development,505cdbada0ee59be,2021.06.09.11.54.15_veh-12,5b7dc6545cc658f0,2,0.13849395513534546,"[295, 263, 261, 132]",16,2.7657275199890137,2.8466362953186035,"[1.8862206935882568, 2.859376907348633, 2.8919999599456787, 3.4253122806549072]","[1.9498233795166016, 2.9803504943847656, 2.936936616897583, 3.5194344520568848]",0.136071115732193
contextual_residual,29,development,836b76b2c8f35990,2021.08.24.17.37.11_veh-08,1d97c042ca575a4c,2,0.5568739175796509,"[162, 256, 169, 102]",8,2.7189838886260986,2.7516283988952637,"[2.6444098949432373, 2.793558120727539, null, null]","[2.678835391998291, 2.8244214057922363, null, null]",0.12574881315231323
contextual_residual,29,development,21eb51db8a675681,2021.08.24.17.37.11_veh-08,ffe62a894e3a5925,1,0.2580677270889282,"[329, 389, 328, 331]",0,0.0,0.0,"[null, null, null, null]","[null, null, null, null]",0.15744751691818237
contextual_residual,29,development,b8bf6e0a15635fa9,2021.08.24.17.37.11_veh-08,00c0acbc4c06557c,2,0.15693750977516174,"[326, 395, 455, 424]",0,0.0,0.0,"[null, null, null, null]","[null, null, null, null]",0.14697982370853424
contextual_residual,29,development,005e12630b405e67,2021.08.24.17.37.11_veh-08,4bfb3377012e5e58,0,0.6495205163955688,"[32, 417, 160, 164]",4,1.9648501873016357,2.00169038772583,"[1.9648501873016357, null, null, null]","[2.00169038772583, null, null, null]",0.13635383546352386
contextual_residual,29,development,4ece654624b452ac,2021.08.24.17.37.11_veh-08,f68f529d24295c53,1,0.6503316164016724,"[419, 359, 387, 483]",4,1.7684574127197266,1.7558021545410156,"[1.7684574127197266, null, null, null]","[1.7558021545410156, null, null, null]",0.16235551238059998
contextual_residual,29,development,a7aa6da460a65457,2021.08.24.17.37.11_veh-08,1d97c042ca575a4c,1,0.23936761915683746,"[273, 194, 259, 369]",8,0.9057581424713135,0.9432719349861145,"[1.039024829864502, 0.772491455078125, null, null]","[1.097056269645691, 0.7894875407218933, null, null]",0.15588776767253876
contextual_residual,29,development,cc40016cd26a5ff5,2021.08.24.17.37.11_veh-08,a18c9d5742545776,1,0.109188012778759,"[132, 99, 130, 67]",0,0.0,0.0,"[null, null, null, null]","[null, null, null, null]",0.13071562349796295
contextual_residual,29,development,0a7d7aef157c5bc6,2021.08.24.17.37.11_veh-08,4bfb3377012e5e58,0,0.29605239629745483,"[448, 193, 421, 192]",16,2.3513216972351074,2.4358205795288086,"[1.2417709827423096, 1.8268771171569824, 2.8599302768707275, 3.4767093658447266]","[1.2927790880203247, 1.8796544075012207, 2.9406652450561523, 3.630183219909668]",0.1335621029138565
contextual_residual,29,development,7b9a55edcf2752fb,2021.07.16.00.24.14_veh-38,d940d716f6da5650,0,0.17149731516838074,"[323, 452, 357, 355]",12,1.7227487564086914,1.7923158407211304,"[1.5719438791275024, null, 1.4285110235214233, 2.1677918434143066]","[1.6230601072311401, null, 1.4645271301269531, 2.289360284805298]",0.147588849067688
contextual_residual,29,development,faca4ac928255aed,2021.07.16.00.24.14_veh-38,295cc52db71a5c8d,2,0.1650753766298294,"[482, 488, 451, 458]",8,2.476644992828369,2.480496406555176,"[null, null, 2.6357030868530273, 2.317586898803711]","[null, null, 2.6361947059631348, 2.324798107147217]",0.10988500714302063
contextual_residual,29,development,07deb830dc5e525c,2021.07.16.00.24.14_veh-38,15ac832eaeea5acc,1,0.049368567764759064,"[480, 260, 460, 466]",16,1.8456504344940186,1.9204566478729248,"[2.325253963470459, 1.2336534261703491, 1.6782368421554565, 2.1454577445983887]","[2.425633668899536, 1.2817436456680298, 1.7435569763183594, 2.2308926582336426]",0.15965335071086884
contextual_residual,29,development,9ff0cdc8fc715ce3,2021.07.16.00.24.14_veh-38,a3063c20eb1251c7,0,0.12060454487800598,"[101, 34, 65, 331]",0,0.0,0.0,"[null, null, null, null]","[null, null, null, null]",0.11133307218551636
contextual_residual,29,development,461e0a28b1f655aa,2021.07.16.00.24.14_veh-38,d45e467ab1e85825,1,0.1649143397808075,"[323, 292, 291, 322]",4,0.9475641250610352,0.9513506889343262,"[0.9475641250610352, null, null, null]","[0.9513506889343262, null, null, null]",0.16271884739398956
contextual_residual,29,development,548204416ae25b31,2021.07.16.00.24.14_veh-38,072767a0ae2857e9,1,0.06195537745952606,"[448, 324, 68, 484]",0,0.0,0.0,"[null, null, null, null]","[null, null, null, null]",0.10858660936355591
contextual_residual,29,development,e0b0dcb2ea675ec9,2021.07.16.00.24.14_veh-38,a9aeb39738d95e61,1,0.06379154324531555,"[484, 486, 453, 448]",4,1.2899327278137207,1.2934238910675049,"[1.2899327278137207, null, null, null]","[1.2934238910675049, null, null, null]",0.13462725281715393
contextual_residual,29,development,8fe6aa411d2350f4,2021.07.16.00.24.14_veh-38,c5ba6402b9b6577d,1,0.0817929282784462,"[455, 419, 391, 492]",4,1.4453225135803223,1.5283812284469604,"[1.4453225135803223, null, null, null]","[1.5283812284469604, null, null, null]",0.16200746595859528
contextual_residual,29,development,2587746c51ce582c,2021.06.23.14.54.32_veh-16,8ba21e5f44fd5756,1,0.08109150826931,"[457, 489, 483, 416]",4,2.604483127593994,2.614881992340088,"[2.604483127593994, null, null, null]","[2.614881992340088, null, null, null]",0.12106044590473175
contextual_residual,29,development,cdb8ed61577455d0,2021.06.23.14.54.32_veh-16,63a378470ecf578a,1,0.30333495140075684,"[234, 66, 303, 99]",4,1.6380342245101929,1.7293070554733276,"[null, 1.6380342245101929, null, null]","[null, 1.7293070554733276, null, null]",0.1603744477033615
contextual_residual,29,development,359653f71f095eb2,2021.06.23.14.54.32_veh-16,764e553f9fa1596e,1,0.04515870288014412,"[357, 362, 361, 358]",4,2.2088990211486816,2.2309226989746094,"[2.2088990211486816, null, null, null]","[2.2309226989746094, null, null, null]",0.11415185034275055
contextual_residual,29,development,e1bd235bf5145312,2021.06.23.14.54.32_veh-16,c21a05faf4f95c23,0,0.12897944450378418,"[325, 324, 162, 322]",12,0.6667422652244568,0.6727703809738159,"[0.36644741892814636, null, 0.7084169387817383, 0.9253623485565186]","[0.3541284501552582, null, 0.7171777486801147, 0.9470049142837524]",0.14917314052581787
contextual_residual,29,development,21851d86de975750,2021.06.23.14.54.32_veh-16,0fa6960777235107,1,0.07182881981134415,"[394, 453, 455, 393]",4,2.738269090652466,2.863840103149414,"[2.738269090652466, null, null, null]","[2.863840103149414, null, null, null]",0.1387060582637787
contextual_residual,29,development,41fd5b3cc9cb5e4d,2021.06.23.14.54.32_veh-16,192f476facc35a66,1,0.05716573819518089,"[72, 301, 165, 269]",8,1.6675118207931519,1.6805509328842163,"[1.695057988166809, 1.6399657726287842, null, null]","[1.7103160619735718, 1.6507855653762817, null, null]",0.15810362994670868
contextual_residual,29,development,80fcfa05a45d5e36,2021.06.23.14.54.32_veh-16,68c36562409856ec,1,0.06109076365828514,"[262, 466, 485, 453]",12,2.4697818756103516,2.642756223678589,"[1.9696979522705078, 2.3083739280700684, 3.1312732696533203, null]","[2.1253204345703125, 2.4429068565368652, 3.360041618347168, null]",0.1552121937274933
contextual_residual,29,development,eca9c65e90335fc5,2021.06.23.14.54.32_veh-16,e302117d34785896,1,0.17898528277873993,"[452, 419, 485, 449]",0,0.0,0.0,"[null, null, null, null]","[null, null, null, null]",0.13482919335365295
contextual_residual,29,development,ebbd33f9058e5e95,2021.06.09.14.50.36_veh-26,818dcca6c1fa5abf,1,0.06679043918848038,"[390, 259, 163, 228]",16,2.837777614593506,2.9645795822143555,"[1.42857027053833, 2.5217642784118652, 2.4593019485473633, 4.941474437713623]","[1.465113639831543, 2.6363778114318848, 2.6233534812927246, 5.1334733963012695]",0.15388649702072144
contextual_residual,29,development,9a04bc527d215067,2021.06.09.14.50.36_veh-26,5e8a8d507c145bf2,1,0.18953022360801697,"[352, 320, 323, 296]",0,0.0,0.0,"[null, null, null, null]","[null, null, null, null]",0.1495959460735321
contextual_residual,29,development,5a287daa1f775a79,2021.06.09.14.50.36_veh-26,af832f9835ee5efc,0,0.11987081170082092,"[306, 133, 131, 134]",16,3.1895713806152344,3.2646989822387695,"[2.3289923667907715, 2.6984057426452637, 3.575474262237549, 4.155413627624512]","[2.345012903213501, 2.7744972705841064, 3.678732395172119, 4.26055383682251]",0.16219450533390045
contextual_residual,29,development,d9a85f2b168854ba,2021.06.09.14.50.36_veh-26,549ee450dacd5abb,1,0.267472505569458,"[394, 396, 395, 393]",4,2.7560479640960693,2.812431812286377,"[2.7560479640960693, null, null, null]","[2.812431812286377, null, null, null]",0.10581441968679428
contextual_residual,29,development,f6d2ad1db3c45c20,2021.06.09.14.50.36_veh-26,e755817de2795e70,0,0.1083405613899231,"[295, 356, 357, 323]",16,3.1666312217712402,3.244802951812744,"[2.914013385772705, 3.3385374546051025, 3.597073554992676, 2.8169002532958984]","[2.9841222763061523, 3.4089462757110596, 3.6988179683685303, 2.8873252868652344]",0.14378836750984192
contextual_residual,29,development,5cc6394b1dde5e37,2021.06.09.14.50.36_veh-26,3daa89465a7e50bf,0,0.19396556913852692,"[160, 259, 257, 224]",12,2.3611719608306885,2.414118766784668,"[1.671971321105957, 3.1047720909118652, 2.306772232055664, null]","[1.6713778972625732, 3.176593065261841, 2.3943850994110107, null]",0.14474639296531677
contextual_residual,29,development,bd6c7b10ae725c06,2021.06.09.14.50.36_veh-26,40627495cb2f57f2,1,0.15505293011665344,"[323, 291, 266, 324]",8,1.723496913909912,1.7848278284072876,"[1.2716562747955322, 2.175337314605713, null, null]","[1.3095091581344604, 2.2601466178894043, null, null]",0.15786699950695038
contextual_residual,29,development,03ac353ec2a450b4,2021.06.09.14.50.36_veh-26,b133d32ebacf51a4,0,0.12535616755485535,"[128, 193, 160, 194]",16,1.3146443367004395,1.373429536819458,"[1.2297046184539795, 1.1031161546707153, 1.3928422927856445, 1.532914400100708]","[1.2818909883499146, 1.154412031173706, 1.4635876417160034, 1.593827724456787]",0.1437050998210907
contextual_residual,29,development,193179dedf975965,2021.07.09.20.59.12_veh-38,140f0b69eb365081,0,0.13149087131023407,"[352, 320, 322, 329]",16,3.0606167316436768,3.105536460876465,"[1.8713974952697754, 3.454113006591797, 3.472186326980591, 3.444769859313965]","[1.8571046590805054, 3.503575325012207, 3.5565059185028076, 3.5049595832824707]",0.15895208716392517
contextual_residual,29,development,ef07b861b51a554e,2021.07.09.20.59.12_veh-38,cb83cacbf41d58b8,1,0.18925076723098755,"[390, 388, 391, 327]",16,2.645050287246704,2.7563486099243164,"[2.2699522972106934, 2.6334238052368164, 2.8171863555908203, 2.859638214111328]","[2.2798900604248047, 2.7576563358306885, 2.9451184272766113, 3.0427300930023193]",0.1610061526298523
contextual_residual,29,development,ce6d2bfacf8655a6,2021.07.09.20.59.12_veh-38,ac873abc79f75609,1,0.0818530023097992,"[160, 327, 359, 202]",4,2.1237385272979736,2.1599411964416504,"[2.1237385272979736, null, null, null]","[2.1599411964416504, null, null, null]",0.15952672064304352
contextual_residual,29,development,6c227ec265b2568d,2021.07.09.20.59.12_veh-38,c63fa36583195676,1,0.17801208794116974,"[490, 493, 459, 432]",8,3.6860029697418213,3.830831289291382,"[2.947202205657959, 4.424803733825684, null, null]","[3.0468578338623047, 4.614805221557617, null, null]",0.15221862494945526
contextual_residual,29,development,b0cebe034a265720,2021.07.09.20.59.12_veh-38,f74c2f575df25f4a,1,0.01311744749546051,"[452, 451, 392, 258]",0,0.0,0.0,"[null, null, null, null]","[null, null, null, null]",0.10550948232412338
contextual_residual,29,development,dd2f55420c6b5764,2021.07.09.20.59.12_veh-38,7e572c1c4f5d5df2,1,0.10587219148874283,"[322, 333, 323, 266]",12,2.5153636932373047,2.5546061992645264,"[null, 2.2265045642852783, 2.4497053623199463, 2.8698811531066895]","[null, 2.2870922088623047, 2.4980318546295166, 2.878694534301758]",0.11695466935634613
contextual_residual,29,development,b630301843b158d4,2021.07.09.20.59.12_veh-38,315e9411328d5e75,1,0.11972526460886002,"[453, 361, 330, 331]",8,1.9411165714263916,2.018247127532959,"[1.637113094329834, 2.245120048522949, null, null]","[1.7182354927062988, 2.318258762359619, null, null]",0.1011744886636734
contextual_residual,29,development,39fd026d451351e2,2021.07.09.20.59.12_veh-38,73cf910aa2885a71,1,0.21608588099479675,"[455, 482, 485, 452]",0,0.0,0.0,"[null, null, null, null]","[null, null, null, null]",0.1301070600748062
contextual_residual,29,development,5426ae4426ba5534,2021.06.23.18.23.38_veh-26,f72df301ed465fe6,1,0.1288387030363083,"[329, 361, 360, 362]",16,2.285212516784668,2.3461761474609375,"[0.8338360786437988, 1.6798588037490845, 2.9957101345062256, 3.6314446926116943]","[0.8116307258605957, 1.659059762954712, 3.1009397506713867, 3.8130736351013184]",0.16058889031410217
contextual_residual,29,development,fbeab8a882035a94,2021.06.23.18.23.38_veh-26,2e8f4ff50e4a55cc,0,0.18194086849689484,"[417, 482, 450, 484]",16,1.2631577253341675,1.3154149055480957,"[0.9741435050964355, 1.4156544208526611, 1.413304328918457, 1.2495286464691162]","[1.000962495803833, 1.4981759786605835, 1.4761003255844116, 1.2864208221435547]",0.14220601320266724
contextual_residual,29,development,89e963670d89570c,2021.06.23.18.23.38_veh-26,03dbcc9320245d7c,1,0.31127166748046875,"[328, 326, 294, 392]",16,2.893308401107788,2.9798710346221924,"[2.204493761062622, 2.797025442123413, 3.195639133453369, 3.3760757446289062]","[2.290017604827881, 2.8361759185791016, 3.297104597091675, 3.496185779571533]",0.16359318792819977
contextual_residual,29,development,bcff4b28fd875b3d,2021.06.23.18.23.38_veh-26,6f619fabc40050a9,2,0.40507322549819946,"[300, 298, 328, 327]",16,3.640012502670288,3.6870245933532715,"[2.617431163787842, 3.910998821258545, 4.305170059204102, 3.7264504432678223]","[2.6300294399261475, 3.978163957595825, 4.354401588439941, 3.785503387451172]",0.09137913584709167
contextual_residual,29,development,88666b1c75b75602,2021.06.23.18.23.38_veh-26,99b44236999557c7,1,0.1683841198682785,"[353, 320, 323, 307]",16,1.737273931503296,1.7323356866836548,"[1.2778862714767456, 1.5321197509765625, 2.069369077682495, 2.069720983505249]","[1.260994791984558, 1.5233923196792603, 2.068925380706787, 2.0760302543640137]",0.16022875905036926
contextual_residual,29,development,f72865014d6158a2,2021.06.23.18.23.38_veh-26,84368cbdd7cb5647,2,0.4107934832572937,"[335, 336, 337, 365]",8,2.315896511077881,2.3249683380126953,"[2.1717171669006348, 2.460075855255127, null, null]","[2.1832633018493652, 2.4666733741760254, null, null]",0.10655070096254349
contextual_residual,29,development,7e3b06c8b33156d3,2021.06.23.18.23.38_veh-26,7b483583a2595b0f,1,0.05474568158388138,"[266, 299, 267, 482]",12,3.8484179973602295,4.019402503967285,"[2.383427381515503, 4.622374057769775, 4.539453029632568, null]","[2.5044615268707275, 4.823325157165527, 4.73042106628418, null]",0.14796645939350128
contextual_residual,29,development,655a064f04e1531b,2021.06.23.18.23.38_veh-26,8997a4a3aadb506a,1,0.2220361828804016,"[356, 354, 353, 352]",16,2.189868450164795,2.2444357872009277,"[1.937661051750183, 1.4567978382110596, 2.6579651832580566, 2.7070493698120117]","[1.9618455171585083, 1.4935764074325562, 2.722939968109131, 2.7993807792663574]",0.16744890809059143
contextual_residual,47,train,42868079cfb75233,2021.07.09.01.37.16_veh-26,641fad330504500c,1,0.0930975005030632,"[121, 124, 122, 155]",0,0.0,0.0,"[null, null, null, null]","[null, null, null, null]",0.2216167151927948
contextual_residual,47,train,caafcdd4b7835eb0,2021.07.09.01.37.16_veh-26,359f92c3233457a3,1,0.08369682729244232,"[124, 90, 58, 89]",4,2.2695095539093018,2.3664357662200928,"[null, null, null, 2.2695095539093018]","[null, null, null, 2.3664357662200928]",0.1675385683774948
contextual_residual,47,train,2fa96542484250f0,2021.07.09.01.37.16_veh-26,f89a324077eb57a9,1,0.04710821062326431,"[317, 349, 125, 158]",4,1.5765013694763184,1.647779941558838,"[null, null, 1.5765013694763184, null]","[null, null, 1.647779941558838, null]",0.17442168295383453
contextual_residual,47,train,68341772b52f543b,2021.07.09.01.37.16_veh-26,698608aa5fed5770,0,0.04816857725381851,"[16, 158, 95, 153]",8,1.726914405822754,1.928034782409668,"[1.0556384325027466, 2.3981902599334717, null, null]","[1.1850793361663818, 2.670990228652954, null, null]",0.20901453495025635
contextual_residual,47,train,eabd9d1227785454,2021.07.09.01.37.16_veh-26,a110aeed6ea85e04,1,0.0589459091424942,"[125, 123, 25, 27]",16,1.1683461666107178,1.3083449602127075,"[0.8320729732513428, 0.6782244443893433, 1.6095898151397705, 1.553497314453125]","[0.8680132627487183, 0.7533636093139648, 1.822615385055542, 1.789387583732605]",0.21942175924777985
contextual_residual,47,train,f70d691cf70b5cb3,2021.07.09.01.37.16_veh-26,34dd5ff0548b5455,0,0.03437814116477966,"[58, 91, 190, 119]",8,0.9962056875228882,1.0290133953094482,"[0.9147138595581055, 1.077697515487671, null, null]","[0.9552645683288574, 1.1027624607086182, null, null]",0.20318008959293365
contextual_residual,47,train,aa2fce3e3af55b1c,2021.07.09.01.37.16_veh-26,4ca220b52b5c50af,1,0.0740014836192131,"[21, 53, 52, 22]",4,1.3138372898101807,1.3570876121520996,"[1.3138372898101807, null, null, null]","[1.3570876121520996, null, null, null]",0.15180964767932892
contextual_residual,47,train,00029eec66d650e1,2021.07.09.01.37.16_veh-26,045ff16e93dc5a42,1,0.034811362624168396,"[245, 211, 248, 29]",4,0.41842520236968994,0.42334336042404175,"[0.41842520236968994, null, null, null]","[0.42334336042404175, null, null, null]",0.09602557867765427
contextual_residual,47,train,0168dd4fffde52ed,2021.06.08.12.00.19_veh-35,a4e97e74e1a150b3,1,0.4133278429508209,"[57, 157, 187, 158]",0,0.0,0.0,"[null, null, null, null]","[null, null, null, null]",0.2104102224111557
contextual_residual,47,train,c4e9600b96ce5d54,2021.06.08.12.00.19_veh-35,4d01ebfbc43d560b,1,0.026560965925455093,"[238, 239, 212, 214]",4,2.5429258346557617,2.584005832672119,"[2.5429258346557617, null, null, null]","[2.584005832672119, null, null, null]",0.0907638892531395
contextual_residual,47,train,a80c5ee8b1ff56d8,2021.06.08.12.00.19_veh-35,3ffcb152c57c56c5,1,0.752544641494751,"[81, 48, 147, 148]",16,1.51789391040802,1.5478687286376953,"[1.4140095710754395, 1.2813595533370972, 1.6268019676208496, 1.749404788017273]","[1.4449316263198853, 1.290096402168274, 1.6540420055389404, 1.8024044036865234]",0.1502355933189392
contextual_residual,47,train,54f9b4af08e05d79,2021.06.08.12.00.19_veh-35,a2165005ab865a02,1,0.2046428918838501,"[25, 156, 94, 127]",0,0.0,0.0,"[null, null, null, null]","[null, null, null, null]",0.21242879331111908
contextual_residual,47,train,1657554fc5445eb6,2021.06.08.12.00.19_veh-35,39cbdec7b364501d,2,0.1787605732679367,"[221, 242, 223, 220]",16,1.7114336490631104,1.7421334981918335,"[0.616165816783905, 1.1584999561309814, 2.5728464126586914, 2.498222827911377]","[0.5750904679298401, 1.189678430557251, 2.6248292922973633, 2.5789358615875244]",0.17919446527957916
contextual_residual,47,train,e7cde98715555110,2021.06.08.12.00.19_veh-35,785bf24e15875ef2,1,1.8503711223602295,"[147, 125, 159, 93]",8,1.0961024761199951,1.1475095748901367,"[1.2205097675323486, 0.9716953635215759, null, null]","[1.3165204524993896, 0.9784988164901733, null, null]",0.19571928679943085
contextual_residual,47,train,4bb4fd668a805612,2021.06.08.12.00.19_veh-35,c461bc7ab865595e,0,0.24120429158210754,"[55, 94, 57, 120]",16,1.745032787322998,1.8382771015167236,"[1.559281587600708, 2.0460126399993896, 1.6876940727233887, 1.6871426105499268]","[1.6256479024887085, 2.1418352127075195, 1.8311450481414795, 1.754480242729187]",0.18920107185840607
contextual_residual,47,train,c1fe3aa66ec55b17,2021.06.08.12.00.19_veh-35,9655be695969522d,1,0.46247196197509766,"[189, 158, 125, 155]",8,0.6433897018432617,0.703205406665802,"[0.5765109062194824, 0.7102686762809753, null, null]","[0.6349941492080688, 0.7714166641235352, null, null]",0.2301839292049408
contextual_residual,47,train,9fe049486481505a,2021.08.17.13.15.12_veh-45,ca75f3286b115d37,0,0.026054613292217255,"[159, 31, 127, 191]",16,2.085513114929199,2.262728691101074,"[0.7385506629943848, 1.411405086517334, 3.128840684890747, 3.063255548477173]","[0.7829599380493164, 1.5301799774169922, 3.414958953857422, 3.3228161334991455]",0.15796387195587158
contextual_residual,47,train,f895bc253a215fc4,2021.08.17.13.15.12_veh-45,a3cae0d00733532e,1,0.1673324704170227,"[223, 159, 125, 23]",8,1.1065980195999146,1.1584391593933105,"[1.2554237842559814, 0.9577723741531372, null, null]","[1.2922916412353516, 1.0245866775512695, null, null]",0.17047153413295746
contextual_residual,47,train,f1430641b7685542,2021.08.17.13.15.12_veh-45,81ff4535c5c251d6,1,0.0413505993783474,"[189, 21, 126, 57]",16,1.2299476861953735,1.3729686737060547,"[0.9119395017623901, 0.7646218538284302, 1.3418476581573486, 1.9013819694519043]","[1.0357239246368408, 0.8052254915237427, 1.5250059366226196, 2.1259188652038574]",0.2147742211818695
contextual_residual,47,train,ada17d80705459e5,2021.08.17.13.15.12_veh-45,16b335fe131c50be,1,0.1144927516579628,"[120, 27, 20, 60]",0,0.0,0.0,"[null, null, null, null]","[null, null, null, null]",0.21935302019119263
contextual_residual,47,train,5442925b5514525c,2021.08.17.13.15.12_veh-45,5b0cacf961245153,1,0.08957881480455399,"[191, 143, 50, 159]",4,1.0214271545410156,1.0866341590881348,"[1.0214271545410156, null, null, null]","[1.0866341590881348, null, null, null]",0.18316921591758728
contextual_residual,47,train,f4be93317adf5091,2021.08.17.13.15.12_veh-45,e2ce597de87f572d,1,0.0490725003182888,"[186, 127, 154, 122]",12,1.5600876808166504,1.6097850799560547,"[1.4633941650390625, 1.5811035633087158, 1.6357650756835938, null]","[1.5450184345245361, 1.5427824258804321, 1.7415547370910645, null]",0.1750958263874054
contextual_residual,47,train,0c12cf6a804d5e86,2021.08.17.13.15.12_veh-45,8db7aab4ec8458a5,0,0.15529781579971313,"[86, 27, 61, 59]",8,2.227086067199707,2.372224807739258,"[null, 2.451474666595459, 2.002697706222534, null]","[null, 2.6353352069854736, 2.109114170074463, null]",0.16668029129505157
contextual_residual,47,train,a1da8bec7a1c5c7e,2021.08.17.13.15.12_veh-45,c55fafd4f7d05c65,1,0.08613121509552002,"[54, 25, 59, 52]",16,1.9928345680236816,2.1209404468536377,"[2.2683768272399902, 2.052267551422119, 1.8584885597229004, 1.7922050952911377]","[2.483396053314209, 2.223909616470337, 1.9307805299758911, 1.8456757068634033]",0.1938774436712265
contextual_residual,47,train,1b173e83ce58518b,2021.06.08.16.31.33_veh-38,3364fd6ba8365441,1,0.030971910804510117,"[84, 212, 53, 246]",0,0.0,0.0,"[null, null, null, null]","[null, null, null, null]",0.09861186146736145
contextual_residual,47,train,7fa7f2973eb6583d,2021.06.08.16.31.33_veh-38,e6f6b559cbe6534e,1,0.2954992353916168,"[184, 150, 119, 155]",16,0.9389036893844604,1.1061373949050903,"[0.682939887046814, 0.8242191076278687, 0.9202741980552673, 1.328181505203247]","[0.7869679927825928, 0.9369912147521973, 1.097567081451416, 1.6030232906341553]",0.23595952987670898
contextual_residual,47,train,63818d7962335cb9,2021.06.08.16.31.33_veh-38,3bb603a701225a40,0,0.17083287239074707,"[119, 95, 126, 191]",16,1.3548187017440796,1.511015772819519,"[1.1965174674987793, 1.419480800628662, 1.1573659181594849, 1.6459107398986816]","[1.3361958265304565, 1.583136796951294, 1.2522170543670654, 1.8725135326385498]",0.22485481202602386
contextual_residual,47,train,eb6af2bd1a635cb2,2021.06.08.16.31.33_veh-38,65daba6a1f955c59,1,0.15771326422691345,"[31, 29, 93, 60]",8,0.5604088306427002,0.5740545988082886,"[0.2665616273880005, 0.8542561531066895, null, null]","[0.24903501570224762, 0.8990743160247803, null, null]",0.16768823564052582
contextual_residual,47,train,6f08f1ba4c555d89,2021.06.08.16.31.33_veh-38,00c6ea1054d15101,1,0.8026818037033081,"[154, 83, 120, 178]",16,0.49187663197517395,0.5446023941040039,"[0.23502624034881592, 0.8270591497421265, 0.4457545280456543, 0.4596666097640991]","[0.24681177735328674, 0.9248572587966919, 0.47168630361557007, 0.5350541472434998]",0.22757422924041748
contextual_residual,47,train,2af3184e9f0f5697,2021.06.08.16.31.33_veh-38,fb1c65108c895a43,1,0.16296568512916565,"[24, 126, 310, 21]",4,0.47266632318496704,0.46653077006340027,"[0.47266632318496704, null, null, null]","[0.46653077006340027, null, null, null]",0.15512581169605255
contextual_residual,47,train,33230d8bfa425f6f,2021.06.08.16.31.33_veh-38,3364fd6ba8365441,1,0.3035535216331482,"[156, 183, 214, 114]",16,1.1366982460021973,1.3176581859588623,"[1.2340329885482788, 1.0058972835540771, 1.1335183382034302, 1.1733448505401611]","[1.4346026182174683, 1.1922569274902344, 1.284738302230835, 1.3590346574783325]",0.22457298636436462
contextual_residual,47,train,dcee65c0765f51bf,2021.06.08.16.31.33_veh-38,7acd2a98ba7b5157,0,0.1805252581834793,"[156, 124, 153, 157]",16,1.0515422821044922,1.1730446815490723,"[0.3144329786300659, 0.6177603006362915, 1.7988518476486206, 1.4751238822937012]","[0.33256176114082336, 0.6590510606765747, 2.023787498474121, 1.6767781972885132]",0.18305891752243042
contextual_residual,47,train,82abb0794a955aff,2021.10.05.08.11.15_veh-50,d53d220a77795cee,1,0.44489580392837524,"[49, 17, 79, 46]",16,1.8846194744110107,1.94352388381958,"[1.2313175201416016, 1.9422065019607544, 2.1692371368408203, 2.1957168579101562]","[1.2571343183517456, 2.0116724967956543, 2.2350549697875977, 2.270233631134033]",0.10656413435935974
contextual_residual,47,train,fa9ebf82174f56e2,2021.10.05.08.11.15_veh-50,81ed977eb5a1520d,1,0.41708776354789734,"[54, 153, 86, 122]",16,1.6702733039855957,1.811488151550293,"[1.3402690887451172, 2.167870283126831, 1.7218222618103027, 1.4511315822601318]","[1.5113394260406494, 2.3693466186523438, 1.8936340808868408, 1.4716325998306274]",0.19911067187786102
contextual_residual,47,train,de7aee4bfd4650d8,2021.10.05.08.11.15_veh-50,8a8fe2f545dd5865,2,0.609628438949585,"[92, 126, 176, 175]",12,1.59854257106781,1.7070026397705078,"[1.0910420417785645, null, 1.6714138984680176, 2.0331718921661377]","[1.1367619037628174, null, 1.7960801124572754, 2.1881659030914307]",0.1735018640756607
contextual_residual,47,train,7f74e72074485b12,2021.10.05.08.11.15_veh-50,2bbefccd0ef85651,1,0.7049437165260315,"[58, 57, 95, 62]",0,0.0,0.0,"[null, null, null, null]","[null, null, null, null]",0.1714613139629364
contextual_residual,47,train,acf207f491775e7b,2021.10.05.08.11.15_veh-50,ae67187c90635ca6,0,0.2624567151069641,"[119, 107, 152, 118]",8,1.5215084552764893,1.553163766860962,"[1.4609118700027466, 1.582105040550232, null, null]","[1.4926608800888062, 1.6136664152145386, null, null]",0.16770446300506592
contextual_residual,47,train,246eb858bec25310,2021.10.05.08.11.15_veh-50,4782310b87105568,2,0.41344642639160156,"[216, 116, 248, 22]",16,2.1278676986694336,2.161439895629883,"[1.2221083641052246, 2.343228340148926, 2.4771602153778076, 2.4689736366271973]","[1.2272093296051025, 2.3841984272003174, 2.519275188446045, 2.5150771141052246]",0.1302085816860199
contextual_residual,47,train,40e23bdca88c5b0d,2021.10.05.08.11.15_veh-50,780bff4205715957,0,0.2690299451351166,"[31, 29, 52, 57]",12,2.150390148162842,2.307488203048706,"[2.2331056594848633, 2.064889907836914, 2.153174638748169, null]","[2.4243154525756836, 2.210571765899658, 2.2875771522521973, null]",0.1927279233932495
contextual_residual,47,train,8d59999281da5243,2021.10.05.08.11.15_veh-50,e6ed98e5973e5120,0,0.4173491597175598,"[86, 92, 95, 63]",16,1.648824691772461,1.696639060974121,"[0.5623871684074402, 1.6180834770202637, 2.3138036727905273, 2.101024627685547]","[0.54277503490448, 1.6291908025741577, 2.4179320335388184, 2.1966586112976074]",0.17395426332950592
contextual_residual,47,train,75afc126374359d3,2021.09.15.14.00.15_veh-28,821da079291c52cf,1,0.08744385838508606,"[49, 16, 77, 440]",16,2.3604564666748047,2.490726947784424,"[1.5252290964126587, 2.396456003189087, 2.5548439025878906, 2.9652974605560303]","[1.608851671218872, 2.5407509803771973, 2.679678201675415, 3.1336262226104736]",0.1696731448173523
contextual_residual,47,train,973a7c9d77ca5b23,2021.09.15.14.00.15_veh-28,19e39a5880c754ad,1,0.0232333205640316,"[61, 93, 126, 221]",4,1.056706190109253,1.1232280731201172,"[1.056706190109253, null, null, null]","[1.1232280731201172, null, null, null]",0.18765074014663696
contextual_residual,47,train,095741f4465352b3,2021.09.15.14.00.15_veh-28,96b8f4dbc6995cb7,1,0.07883024215698242,"[149, 148, 176, 180]",16,2.107294797897339,2.266380786895752,"[1.1210391521453857, 2.196279525756836, 2.806133270263672, 2.305727481842041]","[1.1382509469985962, 2.3718700408935547, 3.0544044971466064, 2.500998020172119]",0.1887766718864441
contextual_residual,47,train,4617f5dbb29c500a,2021.09.15.14.00.15_veh-28,07d29dd2e9c6500b,1,0.1280527114868164,"[125, 221, 183, 189]",0,0.0,0.0,"[null, null, null, null]","[null, null, null, null]",0.21122778952121735
contextual_residual,47,train,b0f67ce7d678590b,2021.09.15.14.00.15_veh-28,9341eeedf0ae5c32,1,0.07626055181026459,"[180, 245, 185, 244]",8,1.070726990699768,1.1173022985458374,"[0.5394686460494995, 1.6019853353500366, null, null]","[0.5473647713661194, 1.6872398853302002, null, null]",0.1297365128993988
contextual_residual,47,train,13456839ba8c52ef,2021.09.15.14.00.15_veh-28,d24fb2b39ae1574e,1,0.08149177581071854,"[28, 214, 156, 186]",0,0.0,0.0,"[null, null, null, null]","[null, null, null, null]",0.2131141573190689
contextual_residual,47,train,1df7865b517251d0,2021.09.15.14.00.15_veh-28,dc1ef9d49cb25b98,1,0.030944786965847015,"[278, 241, 214, 273]",8,2.874223232269287,2.941650867462158,"[1.6218092441558838, 4.1266374588012695, null, null]","[1.6697450876235962, 4.21355676651001, null, null]",0.10826238244771957
contextual_residual,47,train,38f3a2f5fe33500f,2021.09.15.14.00.15_veh-28,5a06354563625c69,2,0.04760412871837616,"[241, 239, 246, 243]",16,2.726548910140991,2.7514638900756836,"[2.4349002838134766, 2.6130788326263428, 2.4955692291259766, 3.362647533416748]","[2.4417245388031006, 2.633364200592041, 2.532564163208008, 3.398202896118164]",0.10405608266592026
contextual_residual,47,train,95535851c7b75757,2021.07.16.22.40.23_veh-38,6e36585b2ea55145,1,0.044007088989019394,"[185, 157, 156, 117]",8,1.4492535591125488,1.5027791261672974,"[1.6585266590118408, 1.2399803400039673, null, null]","[1.7232354879379272, 1.282322645187378, null, null]",0.16649484634399414
contextual_residual,47,train,6764c662e15e5b48,2021.07.16.22.40.23_veh-38,216d4aa3e3fe59a3,1,0.0583886057138443,"[114, 124, 113, 215]",16,1.0222063064575195,1.0590190887451172,"[0.9588614702224731, 1.1583013534545898, 0.9230170249938965, 1.0486453771591187]","[1.0012327432632446, 1.2117853164672852, 0.9655749201774597, 1.0574836730957031]",0.16105909645557404
contextual_residual,47,train,7bf05e0f52b75ee2,2021.07.16.22.40.23_veh-38,1deff9a6d27a5f6b,0,0.02407677285373211,"[315, 51, 319, 248]",16,3.167205810546875,3.32342791557312,"[2.626619577407837, 2.6968438625335693, 3.1431567668914795, 4.202203750610352]","[2.71262264251709, 2.8367156982421875, 3.300053119659424, 4.4443206787109375]",0.14195871353149414
contextual_residual,47,train,673b04fae3fc5595,2021.07.16.22.40.23_veh-38,a7823a906c555e39,1,0.03720249980688095,"[21, 53, 20, 119]",16,1.478938102722168,1.5325312614440918,"[1.116115689277649, 1.1507474184036255, 1.8207309246063232, 1.8281586170196533]","[1.124556541442871, 1.1570149660110474, 1.92348051071167, 1.9250733852386475]",0.16031931340694427
contextual_residual,47,train,c8faaa73c9c054d1,2021.07.16.22.40.23_veh-38,98071366467650ae,0,0.06648800522089005,"[28, 61, 125, 59]",16,1.7444959878921509,1.9131574630737305,"[1.4312021732330322, 1.8779692649841309, 1.9033974409103394, 1.7654147148132324]","[1.586426019668579, 2.035921096801758, 2.1164798736572266, 1.9138025045394897]",0.2168244570493698
contextual_residual,47,train,5e5f522e3ecd5cca,2021.07.16.22.40.23_veh-38,900bff237382523c,1,0.21393373608589172,"[126, 123, 60, 127]",4,1.9005153179168701,2.168531894683838,"[1.9005153179168701, null, null, null]","[2.168531894683838, null, null, null]",0.22191835939884186
contextual_residual,47,train,378d61da938e5420,2021.07.16.22.40.23_veh-38,b4d6add3705a50f5,1,0.06793902814388275,"[90, 184, 155, 186]",4,0.5046980381011963,0.5904034972190857,"[0.5046980381011963, null, null, null]","[0.5904034972190857, null, null, null]",0.23687176406383514
contextual_residual,47,train,8bcd32f3329b5729,2021.07.16.22.40.23_veh-38,ce32a45e2c885ce0,1,0.07790617644786835,"[433, 351, 306, 349]",4,2.4959988594055176,2.4913792610168457,"[null, null, null, 2.4959988594055176]","[null, null, null, 2.4913792610168457]",0.1385415941476822
contextual_residual,47,train,85107617069e5eae,2021.10.05.07.49.39_veh-52,a3270c0c8ca250a5,2,0.49619510769844055,"[26, 191, 213, 216]",16,1.3353347778320312,1.4273358583450317,"[1.2548788785934448, 0.9309780597686768, 1.2279109954833984, 1.9275717735290527]","[1.3956282138824463, 0.9898255467414856, 1.293472170829773, 2.0304172039031982]",0.19066636264324188
contextual_residual,47,train,dd9d8e686a345f74,2021.10.05.07.49.39_veh-52,6ef4b849a52f565e,1,0.11903009563684464,"[87, 157, 55, 60]",16,2.639431953430176,2.7732951641082764,"[2.8642804622650146, 2.6944262981414795, 2.137363910675049, 2.861656665802002]","[3.055476665496826, 2.80745267868042, 2.253883123397827, 2.976367950439453]",0.17059265077114105
contextual_residual,47,train,d25f823ffc5f55cf,2021.10.05.07.49.39_veh-52,b9c2d90e9f0d5298,2,0.36500072479248047,"[60, 63, 158, 94]",16,1.7278577089309692,1.8949217796325684,"[1.1348106861114502, 1.7719597816467285, 1.8841947317123413, 2.1204657554626465]","[1.2598323822021484, 1.986880898475647, 2.0485243797302246, 2.284449577331543]",0.1836327463388443
contextual_residual,47,train,fa41647d02c7591c,2021.10.05.07.49.39_veh-52,425547b119ac51e8,2,0.470699667930603,"[187, 212, 211, 178]",4,1.150647521018982,1.169670581817627,"[1.150647521018982, null, null, null]","[1.169670581817627, null, null, null]",0.16132794320583344
contextual_residual,47,train,e1513979c1a25a3a,2021.10.05.07.49.39_veh-52,63675e4e47d35a9c,0,0.29208940267562866,"[29, 125, 53, 82]",16,2.0963926315307617,2.191655397415161,"[1.5077030658721924, 1.9673056602478027, 2.688490390777588, 2.2220711708068848]","[1.56345796585083, 2.0363569259643555, 2.8277127742767334, 2.3390939235687256]",0.18075592815876007
contextual_residual,47,train,21a96107cf785a63,2021.10.05.07.49.39_veh-52,425547b119ac51e8,0,0.2688327133655548,"[22, 52, 84, 51]",12,2.2978830337524414,2.4674463272094727,"[1.4589121341705322, 2.729353189468384, 2.70538330078125, null]","[1.5200157165527344, 2.954622745513916, 2.9277005195617676, null]",0.17709781229496002
contextual_residual,47,train,0961f8661d8a58c2,2021.10.05.07.49.39_veh-52,1cb0c69eb34a51f0,2,0.8995356559753418,"[158, 89, 220, 155]",4,1.351218819618225,1.3723489046096802,"[1.351218819618225, null, null, null]","[1.3723489046096802, null, null, null]",0.15704216063022614
contextual_residual,47,train,5c78f13876e0582b,2021.10.05.07.49.39_veh-52,a140ff94e233594d,1,0.23243974149227142,"[116, 83, 210, 86]",16,1.300781011581421,1.3490214347839355,"[1.1380231380462646, 1.073195219039917, 1.6340155601501465, 1.3578898906707764]","[1.191645860671997, 1.0910582542419434, 1.7094049453735352, 1.403976321220398]",0.1306990087032318
contextual_residual,47,train,8b0932e2de6753ab,2021.06.09.12.06.35_veh-35,29cb5c1452bc5bce,1,0.3050053119659424,"[23, 209, 153, 27]",4,1.0678712129592896,1.119163155555725,"[1.0678712129592896, null, null, null]","[1.119163155555725, null, null, null]",0.19066214561462402
contextual_residual,47,train,c2b7349b328858ac,2021.06.09.12.06.35_veh-35,39e28bb91b3c557d,0,0.06378702819347382,"[382, 443, 406, 407]",4,3.6823747158050537,3.720332622528076,"[3.6823747158050537, null, null, null]","[3.720332622528076, null, null, null]",0.11999128758907318
contextual_residual,47,train,482e228f118e544b,2021.06.09.12.06.35_veh-35,d8e166bb74fc5f00,1,0.07230667769908905,"[273, 350, 119, 287]",8,1.3845593929290771,1.3864455223083496,"[0.9251517057418823, 1.8439669609069824, null, null]","[0.9253414869308472, 1.8475494384765625, null, null]",0.13528457283973694
contextual_residual,47,train,0bcc8551849c538f,2021.06.09.12.06.35_veh-35,ab18f13d87e7560f,1,0.12679719924926758,"[14, 191, 88, 213]",8,1.3722856044769287,1.422264814376831,"[null, null, 0.9780139327049255, 1.7665575742721558]","[null, null, 1.0064550638198853, 1.8380746841430664]",0.14975307881832123
contextual_residual,47,train,79ea424b3b2b51e7,2021.06.09.12.06.35_veh-35,7331a1cdf1cd5f28,1,0.10360579192638397,"[152, 186, 220, 126]",8,0.7144195437431335,0.7633952498435974,"[null, null, 0.5189030766487122, 0.9099360108375549]","[null, null, 0.5822287797927856, 0.9445618391036987]",0.2251942902803421
contextual_residual,47,train,5a4f5d512d285fd2,2021.06.09.12.06.35_veh-35,7331a1cdf1cd5f28,1,0.11391600966453552,"[188, 179, 150, 57]",0,0.0,0.0,"[null, null, null, null]","[null, null, null, null]",0.1694122552871704
contextual_residual,47,train,f56f173b6d3b52d4,2021.06.09.12.06.35_veh-35,533c96a969445755,1,0.028274385258555412,"[156, 25, 55, 153]",16,1.4376850128173828,1.5913379192352295,"[1.2740715742111206, 1.3943870067596436, 1.5058038234710693, 1.5764777660369873]","[1.421445608139038, 1.5123865604400635, 1.6858640909194946, 1.7456556558609009]",0.21496792137622833
contextual_residual,47,train,7d14dc9e1394504c,2021.06.09.12.06.35_veh-35,15746f958b855ce1,1,0.07244914025068283,"[84, 119, 22, 27]",4,0.9196773767471313,0.9480645060539246,"[0.9196773767471313, null, null, null]","[0.9480645060539246, null, null, null]",0.16036683320999146
contextual_residual,47,train,a0b601837cc25f9a,2021.06.07.12.54.00_veh-35,e6276d5babcf57c5,1,0.1703852415084839,"[181, 281, 245, 220]",16,1.1106339693069458,1.1549067497253418,"[0.7467871904373169, 1.1105512380599976, 1.2576088905334473, 1.3275885581970215]","[0.7748382091522217, 1.1503825187683105, 1.2862212657928467, 1.4081850051879883]",0.16198986768722534
contextual_residual,47,train,dcbf1cf262365995,2021.06.07.12.54.00_veh-35,e7819c9d528b5035,1,1.543013334274292,"[63, 95, 304, 61]",4,1.3433462381362915,1.4150768518447876,"[1.3433462381362915, null, null, null]","[1.4150768518447876, null, null, null]",0.14978450536727905
contextual_residual,47,train,4f0a0a61bdaa5a59,2021.06.07.12.54.00_veh-35,528ee06dd0565678,1,0.10255653411149979,"[157, 181, 123, 217]",4,0.7391148805618286,0.8237415552139282,"[0.7391148805618286, null, null, null]","[0.8237415552139282, null, null, null]",0.22468748688697815
contextual_residual,47,train,4c2e114b0f5c5cee,2021.06.07.12.54.00_veh-35,c0d79102a9225562,1,0.2425697296857834,"[125, 157, 124, 123]",16,1.1991379261016846,1.3605782985687256,"[0.7430810928344727, 1.524462342262268, 1.2939348220825195, 1.2350738048553467]","[0.860466718673706, 1.766587257385254, 1.4410523176193237, 1.37420654296875]",0.23190394043922424
contextual_residual,47,train,9ac6b0c708ef57ba,2021.06.07.12.54.00_veh-35,91deaa6b42c85a71,1,0.46372735500335693,"[216, 61, 87, 217]",4,0.7955368161201477,0.9011803865432739,"[0.7955368161201477, null, null, null]","[0.9011803865432739, null, null, null]",0.2256605327129364
contextual_residual,47,train,8a85218e4a3d5fa2,2021.06.07.12.54.00_veh-35,91deaa6b42c85a71,1,0.05600282549858093,"[119, 118, 182, 29]",0,0.0,0.0,"[null, null, null, null]","[null, null, null, null]",0.2131793200969696
contextual_residual,47,train,23b79e79cec15f05,2021.06.07.12.54.00_veh-35,f5c76f15450f5cd1,1,0.09981030225753784,"[29, 159, 222, 124]",4,0.945305585861206,0.9616956114768982,"[0.945305585861206, null, null, null]","[0.9616956114768982, null, null, null]",0.19875511527061462
contextual_residual,47,train,e5e57399ea0a5228,2021.06.07.12.54.00_veh-35,25302d95d9f158f7,1,1.1391568183898926,"[445, 379, 348, 347]",16,2.2835164070129395,2.2865962982177734,"[1.4809648990631104, 2.3060076236724854, 2.5878634452819824, 2.759230136871338]","[1.4682163000106812, 2.328709602355957, 2.5918655395507812, 2.757594108581543]",0.15070661902427673
contextual_residual,47,train,e1a8d2a630635703,2021.06.14.14.03.45_veh-38,8f286698db6d541b,1,0.06753657013177872,"[156, 191, 219, 123]",16,1.4537291526794434,1.64963960647583,"[1.3152645826339722, 1.2377469539642334, 2.0043208599090576, 1.2575843334197998]","[1.533841848373413, 1.367274522781372, 2.2789344787597656, 1.4185080528259277]",0.22704385221004486
contextual_residual,47,train,aece322a1d42538a,2021.06.14.14.03.45_veh-38,7540234731835704,1,0.07921075820922852,"[155, 156, 119, 122]",16,1.4042932987213135,1.6560375690460205,"[0.9510690569877625, 1.640733242034912, 1.4482953548431396, 1.5770750045776367]","[1.142950415611267, 1.9431668519973755, 1.714329481124878, 1.8237037658691406]",0.22479180991649628
contextual_residual,47,train,9d0bf147438e5fb3,2021.06.14.14.03.45_veh-38,23e9bf0d2cbe5bab,1,0.01811961457133293,"[188, 223, 186, 217]",4,0.8247107267379761,0.8757442831993103,"[0.8247107267379761, null, null, null]","[0.8757442831993103, null, null, null]",0.17070519924163818
contextual_residual,47,train,f2d2c1ea12755312,2021.06.14.14.03.45_veh-38,34c1915fbf665c36,1,0.0382843017578125,"[276, 126, 122, 125]",8,0.9109026193618774,0.9256411790847778,"[0.6396085619926453, 1.182196855545044, null, null]","[0.675235390663147, 1.1760469675064087, null, null]",0.19705478847026825
contextual_residual,47,train,cea14bc9e11e5a9a,2021.06.14.14.03.45_veh-38,6be18c3f08665d95,1,0.1539323627948761,"[156, 191, 121, 94]",4,1.6247453689575195,1.799509048461914,"[1.6247453689575195, null, null, null]","[1.799509048461914, null, null, null]",0.20745669305324554
contextual_residual,47,train,4a60572394c95d99,2021.06.14.14.03.45_veh-38,7e940171cbb2501f,1,0.0655561164021492,"[84, 282, 253, 214]",4,0.8764855861663818,0.8666020631790161,"[0.8764855861663818, null, null, null]","[0.8666020631790161, null, null, null]",0.11476870626211166
contextual_residual,47,train,73c60faa4a4f50d5,2021.06.14.14.03.45_veh-38,3310381978495db6,1,0.05336999148130417,"[62, 54, 125, 156]",16,1.2209231853485107,1.407569408416748,"[1.3175992965698242, 1.6413252353668213, 0.9256669878959656, 0.9991013407707214]","[1.546196460723877, 1.8994040489196777, 1.0640149116516113, 1.120661973953247]",0.23155809938907623
contextual_residual,47,train,19d7d544be8b5ed6,2021.06.14.14.03.45_veh-38,faff8007373357b2,0,0.08713676780462265,"[126, 157, 29, 59]",12,1.0446332693099976,1.137381911277771,"[1.3139054775238037, 1.0836257934570312, 0.7363682985305786, null]","[1.5161080360412598, 1.1164642572402954, 0.7795735001564026, null]",0.21218642592430115
contextual_residual,47,train,0cee9b6cce6b55bb,2021.06.23.17.31.36_veh-16,5dd11df23010512b,1,0.027176380157470703,"[88, 188, 156, 121]",4,1.1374120712280273,1.2170813083648682,"[1.1374120712280273, null, null, null]","[1.2170813083648682, null, null, null]",0.197601780295372
contextual_residual,47,train,b7e4f74f963b5911,2021.06.23.17.31.36_veh-16,12076247bcfc52af,0,0.023325711488723755,"[239, 13, 210, 222]",8,1.1022911071777344,1.156718373298645,"[1.5725717544555664, 0.6320106387138367, null, null]","[1.695203185081482, 0.6182335019111633, null, null]",0.13494689762592316
contextual_residual,47,train,de1498ad86835196,2021.06.23.17.31.36_veh-16,0f8853ece4595cfd,1,0.014295099303126335,"[185, 215, 187, 123]",16,1.5758209228515625,1.709040880203247,"[0.9441816806793213, 1.801161527633667, 1.6771178245544434, 1.8808224201202393]","[0.942354679107666, 1.970236897468567, 1.8726375102996826, 2.0509345531463623]",0.2016260176897049
contextual_residual,47,train,025ec42ba16f587d,2021.06.23.17.31.36_veh-16,135f484f0eaf5a02,1,0.0995095819234848,"[124, 217, 93, 94]",16,1.1275259256362915,1.2585967779159546,"[0.8087913990020752, 1.177493691444397, 1.7081763744354248, 0.8156425356864929]","[0.8838098645210266, 1.2538352012634277, 1.9710184335708618, 0.925723671913147]",0.21353104710578918
contextual_residual,47,train,c3fcca93dde25e14,2021.06.23.17.31.36_veh-16,e9436dfe242a5e1e,0,0.34004899859428406,"[188, 59, 58, 191]",16,1.217139482498169,1.2397587299346924,"[1.5101137161254883, 1.2965039014816284, 1.026485562324524, 1.0354546308517456]","[1.5254080295562744, 1.311133623123169, 1.0520994663238525, 1.0703938007354736]",0.18693193793296814
contextual_residual,47,train,e06e9be096c55f62,2021.06.23.17.31.36_veh-16,0ecd78b5d8165cd8,0,0.06265399605035782,"[54, 125, 159, 63]",16,1.2293493747711182,1.3806545734405518,"[1.1288607120513916, 1.3399537801742554, 1.4878970384597778, 0.9606857299804688]","[1.256515383720398, 1.5185225009918213, 1.653847336769104, 1.0937328338623047]",0.22294363379478455
contextual_residual,47,train,3764fca3eb725eea,2021.06.23.17.31.36_veh-16,83605fe059ea5914,1,0.06350525468587875,"[180, 122, 185, 147]",16,1.3173243999481201,1.471702218055725,"[1.230229377746582, 1.2636452913284302, 1.417649745941162, 1.3577734231948853]","[1.3561750650405884, 1.3738646507263184, 1.633097529411316, 1.5236716270446777]",0.20804710686206818
contextual_residual,47,train,e37afb24cbc354b1,2021.06.23.17.31.36_veh-16,137a8e2e182e525a,1,0.07884128391742706,"[125, 127, 123, 213]",8,0.6132978796958923,0.6487822532653809,"[0.32281920313835144, 0.9037766456604004, null, null]","[0.3274499177932739, 0.9701147079467773, null, null]",0.200256809592247
contextual_residual,47,train,99bf73c4d148509a,2021.06.14.18.13.35_veh-26,ece541c7453e5027,1,0.11653383076190948,"[87, 182, 152, 56]",8,1.5474977493286133,1.726062297821045,"[1.5519671440124512, 1.5430281162261963, null, null]","[1.716605305671692, 1.7355191707611084, null, null]",0.19172079861164093
contextual_residual,47,train,82183d4ed7285e2b,2021.06.14.18.13.35_veh-26,15b78bc7ecd45635,2,0.08272328972816467,"[220, 217, 285, 187]",16,3.7210636138916016,4.005136489868164,"[2.598634719848633, 3.872493267059326, 4.0572896003723145, 4.355837821960449]","[2.769713878631592, 4.158059120178223, 4.396369934082031, 4.6964030265808105]",0.14427638053894043
contextual_residual,47,train,09fc359e65a65d2d,2021.06.14.18.13.35_veh-26,8c1c9f8ebebd5a2c,0,0.029534345492720604,"[247, 276, 282, 242]",0,0.0,0.0,"[null, null, null, null]","[null, null, null, null]",0.07029736787080765
contextual_residual,47,train,ee6a818615ff51ba,2021.06.14.18.13.35_veh-26,78f10869dcaa5d66,0,0.10072657465934753,"[30, 26, 249, 62]",12,1.5715866088867188,1.659295916557312,"[1.0950957536697388, 2.0567209720611572, 1.5629431009292603, null]","[1.1595513820648193, 2.1625566482543945, 1.6557796001434326, null]",0.16765248775482178
contextual_residual,47,train,e134b297048b5c37,2021.06.14.18.13.35_veh-26,290604a14d365b9b,0,0.03682084381580353,"[108, 80, 21, 26]",8,1.6603749990463257,1.7003347873687744,"[null, null, 1.499159336090088, 1.8215906620025635]","[null, null, 1.5121381282806396, 1.8885316848754883]",0.16505220532417297
contextual_residual,47,train,9c833d715d5a5f2c,2021.06.14.18.13.35_veh-26,ce646f56ab2a530e,0,0.05405864119529724,"[127, 123, 60, 95]",16,1.7747414112091064,1.966314673423767,"[1.874398946762085, 1.69100821018219, 2.4422006607055664, 1.0913575887680054]","[2.1611008644104004, 1.8798024654388428, 2.7264328002929688, 1.0979223251342773]",0.23040150105953217
contextual_residual,47,train,505bbe9ba4405369,2021.06.14.18.13.35_veh-26,20e402609e615776,1,0.026971522718667984,"[21, 23, 119, 190]",4,0.4579237103462219,0.4489519000053406,"[0.4579237103462219, null, null, null]","[0.4489519000053406, null, null, null]",0.16429594159126282
contextual_residual,47,train,7c0f902cd4a85505,2021.06.14.18.13.35_veh-26,bc0a766ff84b5442,1,0.11149170994758606,"[125, 152, 156, 126]",0,0.0,0.0,"[null, null, null, null]","[null, null, null, null]",0.23774874210357666
contextual_residual,47,train,aa5610ae761e5330,2021.08.17.17.55.18_veh-43,f928e8f7bee55d18,2,0.03987620025873184,"[215, 186, 187, 217]",4,3.1200790405273438,3.252105951309204,"[null, null, null, 3.1200790405273438]","[null, null, null, 3.252105951309204]",0.1045784279704094
contextual_residual,47,train,06f416ef3dbc5656,2021.08.17.17.55.18_veh-43,e0efd254e94b5c5d,1,0.03055921569466591,"[158, 191, 29, 30]",4,1.3483912944793701,1.4245007038116455,"[1.3483912944793701, null, null, null]","[1.4245007038116455, null, null, null]",0.16984009742736816
contextual_residual,47,train,9adfdd4c06cf5e8c,2021.08.17.17.55.18_veh-43,7032266a8b3259e9,1,0.07192034274339676,"[113, 180, 144, 149]",0,0.0,0.0,"[null, null, null, null]","[null, null, null, null]",0.11187963932752609
contextual_residual,47,train,94014ea94dae5180,2021.08.17.17.55.18_veh-43,03d335bbfd355432,1,0.034141238778829575,"[84, 113, 49, 211]",8,4.100763320922852,4.0912370681762695,"[null, null, 3.2906103134155273, 4.910915374755859]","[null, null, 3.321305274963379, 4.861168384552002]",0.10068020224571228
contextual_residual,47,train,996a71ebed2d5962,2021.08.17.17.55.18_veh-43,669b4bc52a755a71,1,0.037061940878629684,"[24, 26, 29, 28]",12,1.3321532011032104,1.3680270910263062,"[1.1212717294692993, 1.2840230464935303, 1.5911643505096436, null]","[1.1752837896347046, 1.3351329565048218, 1.5936644077301025, null]",0.1827143281698227
contextual_residual,47,train,b65cdf1698ec58da,2021.08.17.17.55.18_veh-43,f5ce59f542c15ccf,2,0.10825124382972717,"[94, 189, 26, 30]",8,2.987924337387085,3.1616342067718506,"[null, null, 2.757021427154541, 3.218827247619629]","[null, null, 2.918294906616211, 3.4049735069274902]",0.14878062903881073
contextual_residual,47,train,7c897aea11555116,2021.08.17.17.55.18_veh-43,119facee9f435d2d,1,0.010116892866790295,"[85, 213, 215, 206]",0,0.0,0.0,"[null, null, null, null]","[null, null, null, null]",0.08646878600120544
contextual_residual,47,train,9d8bbe7081805aff,2021.08.17.17.55.18_veh-43,e4f7253cff9559e5,1,0.43356871604919434,"[62, 188, 58, 216]",8,2.7911977767944336,2.925370216369629,"[null, null, 2.270127534866333, 3.312267780303955]","[null, null, 2.3508777618408203, 3.4998626708984375]",0.16882410645484924
contextual_residual,47,train,6f13db85eb395da6,2021.06.07.18.53.26_veh-26,b4aa9d6255005ff4,1,1.1606645584106445,"[29, 382, 350, 63]",8,1.4201035499572754,1.430727243423462,"[1.2301616668701172, 1.6100454330444336, null, null]","[1.223818063735962, 1.637636423110962, null, null]",0.12033463269472122
contextual_residual,47,train,90bab1d26e77539e,2021.06.07.18.53.26_veh-26,a775290bfe11501c,1,0.5325373411178589,"[149, 122, 53, 188]",12,1.3502833843231201,1.5390018224716187,"[null, 1.1655149459838867, 1.2697739601135254, 1.61556077003479]","[null, 1.3281774520874023, 1.4136130809783936, 1.87521493434906]",0.2086653709411621
contextual_residual,47,train,a0fad9da427656e1,2021.06.07.18.53.26_veh-26,7c918a18841755fe,1,0.8023198843002319,"[88, 91, 56, 59]",16,2.566664218902588,2.6769580841064453,"[3.0618228912353516, 2.46749210357666, 2.3514137268066406, 2.3859286308288574]","[3.2177953720092773, 2.5271944999694824, 2.483677864074707, 2.4791646003723145]",0.16407573223114014
contextual_residual,47,train,cc2769dbb64c51c5,2021.06.07.18.53.26_veh-26,e056042111235af2,0,0.17319172620773315,"[122, 59, 123, 93]",12,1.0556273460388184,1.0724475383758545,"[0.5102633833885193, null, 1.2498518228530884, 1.4067670106887817]","[0.4790472984313965, null, 1.2753759622573853, 1.4629194736480713]",0.18244294822216034
contextual_residual,47,train,3a42aaf9c7ad52b0,2021.06.07.18.53.26_veh-26,a775290bfe11501c,1,0.017512105405330658,"[205, 208, 211, 179]",0,0.0,0.0,"[null, null, null, null]","[null, null, null, null]",0.10773247480392456
contextual_residual,47,train,9ce593252631507d,2021.06.07.18.53.26_veh-26,5ed65930b4c35bfa,1,0.6212104558944702,"[240, 142, 141, 188]",12,1.828844428062439,1.9166396856307983,"[1.4079711437225342, 1.8672702312469482, 2.211291790008545, null]","[1.4507230520248413, 1.9566599130630493, 2.342535972595215, null]",0.16433274745941162
contextual_residual,47,train,d7bf7fb4d1995e7e,2021.06.07.18.53.26_veh-26,ead01d808c89587c,1,0.19677583873271942,"[187, 125, 184, 208]",16,1.46677827835083,1.5287909507751465,"[1.4323756694793701, 1.3001303672790527, 1.7247339487075806, 1.4098730087280273]","[1.5591284036636353, 1.3001625537872314, 1.8191123008728027, 1.436760425567627]",0.1762848049402237
contextual_residual,47,train,884a4400377653c4,2021.06.07.18.53.26_veh-26,77179676f4c656da,0,0.27201539278030396,"[55, 126, 17, 93]",16,2.292057514190674,2.4427099227905273,"[1.8724137544631958, 2.2322568893432617, 2.608715057373047, 2.4548439979553223]","[1.996385931968689, 2.423171043395996, 2.763012170791626, 2.588270902633667]",0.18506427109241486
contextual_residual,47,train,f2a8a11d1d9957c6,2021.08.17.17.17.01_veh-45,d53c011070a753b3,1,0.13151240348815918,"[91, 157, 216, 88]",8,1.3256959915161133,1.3958210945129395,"[1.2595996856689453, 1.3917925357818604, null, null]","[1.3012721538543701, 1.490370273590088, null, null]",0.1705460548400879
contextual_residual,47,train,448fcc465ce2589c,2021.08.17.17.17.01_veh-45,2d50451fc5045ec3,1,0.0897059291601181,"[145, 150, 116, 211]",4,1.0508403778076172,1.162485122680664,"[1.0508403778076172, null, null, null]","[1.162485122680664, null, null, null]",0.17869077622890472
contextual_residual,47,train,5b9eea7538235f36,2021.08.17.17.17.01_veh-45,58adb0f87a905810,2,0.10480248928070068,"[283, 252, 317, 287]",12,4.687264442443848,4.818281650543213,"[4.312602996826172, 5.131351470947266, null, 4.617839336395264]","[4.41560697555542, 5.298964500427246, null, 4.7402729988098145]",0.1082463264465332
contextual_residual,47,train,8da3d9d2de0c53bd,2021.08.17.17.17.01_veh-45,56ef3c9f702054a5,0,0.17468032240867615,"[93, 158, 126, 30]",0,0.0,0.0,"[null, null, null, null]","[null, null, null, null]",0.21036413311958313
contextual_residual,47,train,4cb6f16e6fd75ae6,2021.08.17.17.17.01_veh-45,01fcbea54a215b4c,0,0.14565284550189972,"[190, 126, 221, 60]",0,0.0,0.0,"[null, null, null, null]","[null, null, null, null]",0.19744794070720673
contextual_residual,47,train,6bf7c64d674550c0,2021.08.17.17.17.01_veh-45,e9ee1f2ed60e5dad,0,0.054198190569877625,"[31, 92, 61, 57]",16,2.198568820953369,2.371523380279541,"[1.0125648975372314, 2.0486888885498047, 2.4489996433258057, 3.284022092819214]","[1.0735323429107666, 2.292840003967285, 2.670261859893799, 3.449458360671997]",0.17682228982448578
contextual_residual,47,train,400d720e95ee5e13,2021.08.17.17.17.01_veh-45,e334ef237217504d,0,0.091639444231987,"[126, 191, 124, 190]",12,3.3214030265808105,3.511422634124756,"[null, 3.115990161895752, 3.3171095848083496, 3.531108856201172]","[null, 3.266613721847534, 3.5499982833862305, 3.7176549434661865]",0.12019927054643631
contextual_residual,47,train,f16683fd19e558c2,2021.08.17.17.17.01_veh-45,091fcca513f752d2,0,0.12296436727046967,"[61, 27, 93, 58]",4,3.3945655822753906,3.5288617610931396,"[null, null, null, 3.3945655822753906]","[null, null, null, 3.5288617610931396]",0.1897406429052353
contextual_residual,47,development,5b2b2741a9225324,2021.06.07.17.46.49_veh-35,d27fc0739dad5664,1,0.6976322531700134,"[92, 183, 55, 61]",16,1.682271957397461,1.7572033405303955,"[1.9820425510406494, 1.6540714502334595, 1.441027283668518, 1.6519464254379272]","[2.076883554458618, 1.731455683708191, 1.4783798456192017, 1.7420940399169922]",0.17326416075229645
contextual_residual,47,development,1dc3ed89baf15ac3,2021.06.07.17.46.49_veh-35,1dabc8e66ab15cb6,1,0.206833153963089,"[57, 56, 211, 212]",4,0.7529981732368469,0.7616932988166809,"[0.7529981732368469, null, null, null]","[0.7616932988166809, null, null, null]",0.11432471871376038
contextual_residual,47,development,2daea025bb7e5a2c,2021.06.07.17.46.49_veh-35,db1cb602e9f05786,1,0.3411693274974823,"[343, 342, 149, 86]",8,3.678905963897705,3.7308061122894287,"[3.014347791671753, 4.343463897705078, null, null]","[3.0592799186706543, 4.402332782745361, null, null]",0.1333589106798172
contextual_residual,47,development,be3bc0fa680c5e33,2021.06.07.17.46.49_veh-35,17a02971177257e5,0,0.621248722076416,"[125, 24, 25, 90]",16,1.4978948831558228,1.6123818159103394,"[1.326766014099121, 1.2151145935058594, 1.6864638328552246, 1.7632352113723755]","[1.4228084087371826, 1.2977395057678223, 1.8401892185211182, 1.8887901306152344]",0.2106168568134308
contextual_residual,47,development,2903fe2f977f5927,2021.06.07.17.46.49_veh-35,f29c7a8c103151ea,1,1.0317472219467163,"[25, 84, 90, 214]",0,0.0,0.0,"[null, null, null, null]","[null, null, null, null]",0.13557372987270355
contextual_residual,47,development,c362c24b66b351ed,2021.06.07.17.46.49_veh-35,186b67f7d5325988,1,1.0242635011672974,"[92, 155, 156, 218]",4,1.5109522342681885,1.6940827369689941,"[1.5109522342681885, null, null, null]","[1.6940827369689941, null, null, null]",0.21054774522781372
contextual_residual,47,development,222f5d6a4aa25d89,2021.06.07.17.46.49_veh-35,75787c317e3a5b82,1,0.47662895917892456,"[242, 84, 211, 153]",16,1.226786732673645,1.2776856422424316,"[0.6646280288696289, 1.3586580753326416, 1.4422892332077026, 1.441571831703186]","[0.6577248573303223, 1.4345813989639282, 1.5218594074249268, 1.4965770244598389]",0.16118624806404114
contextual_residual,47,development,933f03af8f385207,2021.06.07.17.46.49_veh-35,9036e1622d84535c,2,0.36675357818603516,"[212, 95, 214, 154]",16,1.808044672012329,1.8557915687561035,"[0.34769436717033386, 1.2818174362182617, 2.1219234466552734, 3.480743169784546]","[0.33387380838394165, 1.3360655307769775, 2.198296070098877, 3.5549306869506836]",0.1335410326719284
contextual_residual,47,development,063ebdb158075369,2021.06.09.11.54.15_veh-12,ff376a5096665630,1,0.10123171657323837,"[93, 127, 59, 159]",8,2.108997344970703,2.109196662902832,"[1.7389328479766846, 2.479062080383301, null, null]","[1.7679011821746826, 2.4504923820495605, null, null]",0.18529421091079712
contextual_residual,47,development,c0a1b812e095547d,2021.06.09.11.54.15_veh-12,402aea4619c55186,1,0.21026666462421417,"[244, 212, 117, 158]",12,1.909982681274414,1.9873073101043701,"[null, 1.6450369358062744, 1.9275151491165161, 2.157395839691162]","[null, 1.7261486053466797, 1.9726037979125977, 2.263169288635254]",0.1557551622390747
contextual_residual,47,development,482f957d79f45f55,2021.06.09.11.54.15_veh-12,5107aa8e98035ec1,1,0.09350203722715378,"[283, 248, 245, 251]",8,1.6473865509033203,1.7013556957244873,"[1.2461116313934326, 2.048661470413208, null, null]","[1.2965185642242432, 2.1061930656433105, null, null]",0.16343219578266144
contextual_residual,47,development,6561907765f2550f,2021.06.09.11.54.15_veh-12,91420a0f9dc25fe9,1,0.10874540358781815,"[186, 150, 185, 120]",0,0.0,0.0,"[null, null, null, null]","[null, null, null, null]",0.17874395847320557
contextual_residual,47,development,5742dd4bd86e5127,2021.06.09.11.54.15_veh-12,3c893aadfc175960,1,0.04563475400209427,"[283, 183, 122, 152]",12,1.4041690826416016,1.4057772159576416,"[1.09661066532135, 1.4303345680236816, 1.685562014579773, null]","[1.0558879375457764, 1.4027692079544067, 1.758674144744873, null]",0.17741817235946655
contextual_residual,47,development,ecc85792eb665ba0,2021.06.09.11.54.15_veh-12,7b3b09ed718b5bf4,1,0.048123255372047424,"[152, 214, 183, 275]",16,1.572791337966919,1.671261191368103,"[1.504180669784546, 1.5205556154251099, 1.4995996952056885, 1.766829490661621]","[1.6036376953125, 1.6271553039550781, 1.5926207304000854, 1.8616307973861694]",0.18031975626945496
contextual_residual,47,development,599c900bc4e95312,2021.06.09.11.54.15_veh-12,8f3409a47a455049,2,0.11164432764053345,"[213, 214, 211, 212]",16,1.752190351486206,1.7551777362823486,"[1.0624921321868896, 1.4601049423217773, 1.7403178215026855, 2.745846748352051]","[1.0528593063354492, 1.4636584520339966, 1.7415187358856201, 2.7626748085021973]",0.13163480162620544
contextual_residual,47,development,505cdbada0ee59be,2021.06.09.11.54.15_veh-12,5b7dc6545cc658f0,2,0.11886133253574371,"[147, 245, 246, 247]",16,2.2193756103515625,2.247917413711548,"[1.1807488203048706, 2.1769022941589355, 2.4560694694519043, 3.06378173828125]","[1.18426513671875, 2.2013731002807617, 2.4914705753326416, 3.114560604095459]",0.11196775734424591
contextual_residual,47,development,836b76b2c8f35990,2021.08.24.17.37.11_veh-08,1d97c042ca575a4c,2,0.7616558074951172,"[253, 183, 249, 182]",8,2.0998923778533936,2.098538398742676,"[1.369213581085205, 2.830571174621582, null, null]","[1.3623154163360596, 2.834761619567871, null, null]",0.10297170281410217
contextual_residual,47,development,21eb51db8a675681,2021.08.24.17.37.11_veh-08,ffe62a894e3a5925,1,0.09514838457107544,"[186, 156, 95, 157]",0,0.0,0.0,"[null, null, null, null]","[null, null, null, null]",0.2191038429737091
contextual_residual,47,development,b8bf6e0a15635fa9,2021.08.24.17.37.11_veh-08,00c0acbc4c06557c,2,0.14960835874080658,"[186, 246, 218, 89]",0,0.0,0.0,"[null, null, null, null]","[null, null, null, null]",0.1291121244430542
contextual_residual,47,development,005e12630b405e67,2021.08.24.17.37.11_veh-08,4bfb3377012e5e58,0,0.591833770275116,"[92, 91, 57, 26]",4,2.3381898403167725,2.4571382999420166,"[2.3381898403167725, null, null, null]","[2.4571382999420166, null, null, null]",0.16614125669002533
contextual_residual,47,development,4ece654624b452ac,2021.08.24.17.37.11_veh-08,f68f529d24295c53,1,0.5575976967811584,"[126, 95, 155, 184]",4,1.9947514533996582,2.193591356277466,"[1.9947514533996582, null, null, null]","[2.193591356277466, null, null, null]",0.20591633021831512
contextual_residual,47,development,a7aa6da460a65457,2021.08.24.17.37.11_veh-08,1d97c042ca575a4c,1,0.28053903579711914,"[223, 92, 220, 217]",8,1.4055384397506714,1.483388900756836,"[1.0071665048599243, 1.803910255432129, null, null]","[1.0306103229522705, 1.9361672401428223, null, null]",0.17176537215709686
contextual_residual,47,development,cc40016cd26a5ff5,2021.08.24.17.37.11_veh-08,a18c9d5742545776,1,0.06068984419107437,"[210, 207, 209, 114]",0,0.0,0.0,"[null, null, null, null]","[null, null, null, null]",0.08440624177455902
contextual_residual,47,development,0a7d7aef157c5bc6,2021.08.24.17.37.11_veh-08,4bfb3377012e5e58,0,0.32340770959854126,"[190, 158, 116, 61]",16,2.034959554672241,2.162884473800659,"[0.550489604473114, 1.334418535232544, 3.162767171859741, 3.092162609100342]","[0.5502938628196716, 1.4179069995880127, 3.4002292156219482, 3.2831075191497803]",0.2040824443101883
contextual_residual,47,development,7b9a55edcf2752fb,2021.07.16.00.24.14_veh-38,d940d716f6da5650,0,0.15603558719158173,"[91, 13, 41, 156]",12,1.602266788482666,1.7107064723968506,"[1.2736220359802246, null, 1.730778694152832, 1.8023998737335205]","[1.3158044815063477, null, 1.8590550422668457, 1.9572601318359375]",0.19845050573349
contextual_residual,47,development,faca4ac928255aed,2021.07.16.00.24.14_veh-38,295cc52db71a5c8d,2,0.12908902764320374,"[274, 213, 277, 214]",8,3.826063632965088,3.876086711883545,"[null, null, 3.2336249351501465, 4.4185028076171875]","[null, null, 3.2731223106384277, 4.47905158996582]",0.08285287022590637
contextual_residual,47,development,07deb830dc5e525c,2021.07.16.00.24.14_veh-38,15ac832eaeea5acc,1,0.04334017634391785,"[25, 155, 146, 18]",16,1.1626429557800293,1.3058205842971802,"[0.5770477652549744, 1.187131643295288, 1.6782658100128174, 1.2081263065338135]","[0.6178211569786072, 1.3683347702026367, 1.8681217432022095, 1.369004726409912]",0.21346554160118103
contextual_residual,47,development,9ff0cdc8fc715ce3,2021.07.16.00.24.14_veh-38,a3063c20eb1251c7,0,0.10218662768602371,"[179, 180, 213, 183]",0,0.0,0.0,"[null, null, null, null]","[null, null, null, null]",0.13079220056533813
contextual_residual,47,development,461e0a28b1f655aa,2021.07.16.00.24.14_veh-38,d45e467ab1e85825,1,0.1855364590883255,"[57, 53, 112, 158]",4,0.6930642127990723,0.691021203994751,"[0.6930642127990723, null, null, null]","[0.691021203994751, null, null, null]",0.17422589659690857
contextual_residual,47,development,548204416ae25b31,2021.07.16.00.24.14_veh-38,072767a0ae2857e9,1,0.07928624749183655,"[57, 56, 52, 148]",0,0.0,0.0,"[null, null, null, null]","[null, null, null, null]",0.11964887380599976
contextual_residual,47,development,e0b0dcb2ea675ec9,2021.07.16.00.24.14_veh-38,a9aeb39738d95e61,1,0.021846041083335876,"[85, 21, 23, 54]",4,0.61900794506073,0.6117230653762817,"[0.61900794506073, null, null, null]","[0.6117230653762817, null, null, null]",0.1638418585062027
contextual_residual,47,development,8fe6aa411d2350f4,2021.07.16.00.24.14_veh-38,c5ba6402b9b6577d,1,0.08621934056282043,"[156, 122, 123, 157]",4,0.8647521734237671,0.9754655361175537,"[0.8647521734237671, null, null, null]","[0.9754655361175537, null, null, null]",0.2289995700120926
contextual_residual,47,development,2587746c51ce582c,2021.06.23.14.54.32_veh-16,8ba21e5f44fd5756,1,0.08993374556303024,"[173, 204, 209, 211]",4,0.8533160090446472,0.8613746762275696,"[0.8533160090446472, null, null, null]","[0.8613746762275696, null, null, null]",0.06711747497320175
contextual_residual,47,development,cdb8ed61577455d0,2021.06.23.14.54.32_veh-16,63a378470ecf578a,1,0.3415784239768982,"[123, 18, 94, 159]",4,1.6283477544784546,1.7886852025985718,"[null, 1.6283477544784546, null, null]","[null, 1.7886852025985718, null, null]",0.1981973648071289
contextual_residual,47,development,359653f71f095eb2,2021.06.23.14.54.32_veh-16,764e553f9fa1596e,1,0.10704804956912994,"[159, 127, 188, 23]",4,0.5216823816299438,0.49658605456352234,"[0.5216823816299438, null, null, null]","[0.49658605456352234, null, null, null]",0.15184694528579712
contextual_residual,47,development,e1bd235bf5145312,2021.06.23.14.54.32_veh-16,c21a05faf4f95c23,0,0.11753414571285248,"[20, 30, 84, 15]",12,1.664959192276001,1.7118909358978271,"[0.5530239343643188, null, 2.2732865810394287, 2.1685667037963867]","[0.5556069016456604, null, 2.3522279262542725, 2.227837562561035]",0.1738205850124359
contextual_residual,47,development,21851d86de975750,2021.06.23.14.54.32_veh-16,0fa6960777235107,1,0.08841359615325928,"[277, 268, 312, 271]",4,2.376458168029785,2.4027888774871826,"[2.376458168029785, null, null, null]","[2.4027888774871826, null, null, null]",0.10338923335075378
contextual_residual,47,development,41fd5b3cc9cb5e4d,2021.06.23.14.54.32_veh-16,192f476facc35a66,1,0.0821923017501831,"[24, 89, 183, 244]",8,1.4115352630615234,1.4814504384994507,"[1.1664793491363525, 1.6565909385681152, null, null]","[1.2310895919799805, 1.7318115234375, null, null]",0.17055168747901917
contextual_residual,47,development,80fcfa05a45d5e36,2021.06.23.14.54.32_veh-16,68c36562409856ec,1,0.05708407610654831,"[93, 126, 122, 91]",12,0.609256386756897,0.7168740034103394,"[0.3468100428581238, 0.9831672310829163, 0.49779176712036133, null]","[0.3833768367767334, 1.1877225637435913, 0.5795225501060486, null]",0.229252889752388
contextual_residual,47,development,eca9c65e90335fc5,2021.06.23.14.54.32_veh-16,e302117d34785896,1,0.10686570405960083,"[345, 314, 443, 315]",0,0.0,0.0,"[null, null, null, null]","[null, null, null, null]",0.13377708196640015
contextual_residual,47,development,ebbd33f9058e5e95,2021.06.09.14.50.36_veh-26,818dcca6c1fa5abf,1,0.029370222240686417,"[250, 211, 85, 188]",16,1.5419083833694458,1.6406779289245605,"[1.310033917427063, 1.570369005203247, 1.2361383438110352, 2.0510923862457275]","[1.3791112899780273, 1.6807260513305664, 1.316641092300415, 2.1862330436706543]",0.19371435046195984
contextual_residual,47,development,9a04bc527d215067,2021.06.09.14.50.36_veh-26,5e8a8d507c145bf2,1,0.2076028436422348,"[57, 58, 127, 159]",0,0.0,0.0,"[null, null, null, null]","[null, null, null, null]",0.190754696726799
contextual_residual,47,development,5a287daa1f775a79,2021.06.09.14.50.36_veh-26,af832f9835ee5efc,0,0.20096005499362946,"[21, 218, 245, 156]",16,1.4934861660003662,1.5742285251617432,"[0.6874213814735413, 1.0087072849273682, 1.8508259057998657, 2.426990270614624]","[0.7013165950775146, 1.022308349609375, 1.9510457515716553, 2.622243642807007]",0.20071011781692505
contextual_residual,47,development,d9a85f2b168854ba,2021.06.09.14.50.36_veh-26,549ee450dacd5abb,1,0.0968562662601471,"[251, 61, 124, 158]",4,0.6601409316062927,0.6102719306945801,"[0.6601409316062927, null, null, null]","[0.6102719306945801, null, null, null]",0.19453948736190796
contextual_residual,47,development,f6d2ad1db3c45c20,2021.06.09.14.50.36_veh-26,e755817de2795e70,0,0.12307493388652802,"[52, 85, 45, 237]",16,1.815326452255249,1.9555597305297852,"[1.016274094581604, 1.8762550354003906, 2.059561252593994, 2.309215545654297]","[1.0867669582366943, 1.9839107990264893, 2.2477729320526123, 2.5037879943847656]",0.1924789398908615
contextual_residual,47,development,5cc6394b1dde5e37,2021.06.09.14.50.36_veh-26,3daa89465a7e50bf,0,0.13266728818416595,"[119, 123, 120, 62]",12,2.3280694484710693,2.5419092178344727,"[1.5627739429473877, 2.6837117671966553, 2.737722158432007, null]","[1.7019668817520142, 2.9404516220092773, 2.9833083152770996, null]",0.21233688294887543
contextual_residual,47,development,bd6c7b10ae725c06,2021.06.09.14.50.36_veh-26,40627495cb2f57f2,1,0.137818843126297,"[51, 158, 58, 155]",8,0.9027493000030518,1.0060968399047852,"[0.751350998878479, 1.054147481918335, null, null]","[0.8390973210334778, 1.1730962991714478, null, null]",0.21939553320407867
contextual_residual,47,development,03ac353ec2a450b4,2021.06.09.14.50.36_veh-26,b133d32ebacf51a4,0,0.11658190190792084,"[18, 50, 80, 149]",16,1.795568585395813,1.931868076324463,"[1.5589708089828491, 1.696702241897583, 1.9878815412521362, 1.9387197494506836]","[1.7124454975128174, 1.8279438018798828, 2.143474578857422, 2.0436081886291504]",0.19849105179309845
contextual_residual,47,development,193179dedf975965,2021.07.09.20.59.12_veh-38,140f0b69eb365081,0,0.11133122444152832,"[188, 61, 155, 123]",16,1.5564144849777222,1.656840205192566,"[1.7626926898956299, 1.3691905736923218, 1.6031181812286377, 1.4906562566757202]","[1.9637348651885986, 1.3941324949264526, 1.6774556636810303, 1.5920376777648926]",0.2180945873260498
contextual_residual,47,development,ef07b861b51a554e,2021.07.09.20.59.12_veh-38,cb83cacbf41d58b8,1,0.2135554850101471,"[155, 88, 156, 159]",16,1.253530502319336,1.4254660606384277,"[1.1106737852096558, 1.346644401550293, 0.9254051446914673, 1.6313989162445068]","[1.2451215982437134, 1.553687572479248, 1.0434985160827637, 1.8595564365386963]",0.23333808779716492
contextual_residual,47,development,ce6d2bfacf8655a6,2021.07.09.20.59.12_veh-38,ac873abc79f75609,1,0.08344541490077972,"[155, 55, 56, 60]",4,1.1299195289611816,1.186241626739502,"[1.1299195289611816, null, null, null]","[1.186241626739502, null, null, null]",0.16814890503883362
contextual_residual,47,development,6c227ec265b2568d,2021.07.09.20.59.12_veh-38,c63fa36583195676,1,0.29264259338378906,"[157, 245, 243, 248]",8,2.517151355743408,2.580939292907715,"[2.180314064025879, 2.8539888858795166, null, null]","[2.2140681743621826, 2.947810411453247, null, null]",0.10962323844432831
contextual_residual,47,development,b0cebe034a265720,2021.07.09.20.59.12_veh-38,f74c2f575df25f4a,1,0.02057122439146042,"[212, 214, 210, 276]",0,0.0,0.0,"[null, null, null, null]","[null, null, null, null]",0.09163210541009903
contextual_residual,47,development,dd2f55420c6b5764,2021.07.09.20.59.12_veh-38,7e572c1c4f5d5df2,1,0.11041498184204102,"[31, 125, 157, 188]",12,0.8358815908432007,0.8786963224411011,"[null, 0.655563235282898, 0.4866616129875183, 1.365419626235962]","[null, 0.6567213535308838, 0.47036314010620117, 1.5090043544769287]",0.16860587894916534
contextual_residual,47,development,b630301843b158d4,2021.07.09.20.59.12_veh-38,315e9411328d5e75,1,0.15523308515548706,"[61, 53, 62, 122]",8,1.4181771278381348,1.5029716491699219,"[1.307068109512329, 1.52928626537323, null, null]","[1.373305082321167, 1.6326384544372559, null, null]",0.142035111784935
contextual_residual,47,development,39fd026d451351e2,2021.07.09.20.59.12_veh-38,73cf910aa2885a71,1,0.30152615904808044,"[156, 30, 189, 223]",0,0.0,0.0,"[null, null, null, null]","[null, null, null, null]",0.21740107238292694
contextual_residual,47,development,5426ae4426ba5534,2021.06.23.18.23.38_veh-26,f72df301ed465fe6,1,0.14428342878818512,"[182, 59, 213, 219]",16,1.8547101020812988,2.010802984237671,"[1.0879676342010498, 1.6985583305358887, 1.9321610927581787, 2.700153112411499]","[1.1508761644363403, 1.8567217588424683, 2.1039915084838867, 2.9316225051879883]",0.1831534206867218
contextual_residual,47,development,fbeab8a882035a94,2021.06.23.18.23.38_veh-26,2e8f4ff50e4a55cc,0,0.12015315890312195,"[90, 121, 63, 88]",16,1.4438512325286865,1.5095688104629517,"[1.0630412101745605, 1.4658327102661133, 1.6823484897613525, 1.5641825199127197]","[1.0781872272491455, 1.5590307712554932, 1.7562084197998047, 1.6448488235473633]",0.15953843295574188
contextual_residual,47,development,89e963670d89570c,2021.06.23.18.23.38_veh-26,03dbcc9320245d7c,1,0.25891607999801636,"[54, 219, 124, 208]",16,1.6583648920059204,1.8033246994018555,"[1.8641345500946045, 1.396703839302063, 1.4392644166946411, 1.933356523513794]","[2.0239710807800293, 1.5253040790557861, 1.5575850009918213, 2.106438159942627]",0.18044383823871613
contextual_residual,47,development,bcff4b28fd875b3d,2021.06.23.18.23.38_veh-26,6f619fabc40050a9,2,0.7216078639030457,"[213, 243, 117, 182]",16,2.4105048179626465,2.470792770385742,"[0.889413595199585, 2.8201961517333984, 3.2378358840942383, 2.694573402404785]","[0.9159665107727051, 2.8910415172576904, 3.3145203590393066, 2.7616419792175293]",0.1154056116938591
contextual_residual,47,development,88666b1c75b75602,2021.06.23.18.23.38_veh-26,99b44236999557c7,1,0.19942063093185425,"[20, 113, 87, 442]",16,2.1357860565185547,2.157463788986206,"[2.1482958793640137, 2.199756622314453, 2.1753087043762207, 2.0197832584381104]","[2.173356771469116, 2.2174386978149414, 2.194861888885498, 2.0441975593566895]",0.1544695794582367
contextual_residual,47,development,f72865014d6158a2,2021.06.23.18.23.38_veh-26,84368cbdd7cb5647,2,0.1621069461107254,"[214, 217, 157, 186]",8,1.1863534450531006,1.2027769088745117,"[0.8231659531593323, 1.5495408773422241, null, null]","[0.861297607421875, 1.5442562103271484, null, null]",0.12948383390903473
contextual_residual,47,development,7e3b06c8b33156d3,2021.06.23.18.23.38_veh-26,7b483583a2595b0f,1,0.08370231091976166,"[242, 26, 24, 248]",12,3.334519147872925,3.3841781616210938,"[1.7558521032333374, 3.7746548652648926, 4.473049640655518, null]","[1.7788865566253662, 3.8204455375671387, 4.5532026290893555, null]",0.1274668276309967
contextual_residual,47,development,655a064f04e1531b,2021.06.23.18.23.38_veh-26,8997a4a3aadb506a,1,0.19366775453090668,"[154, 83, 24, 51]",16,2.0277202129364014,2.167377471923828,"[1.2908909320831299, 2.789916515350342, 2.0625367164611816, 1.9675368070602417]","[1.3409253358840942, 2.998218536376953, 2.1970598697662354, 2.133305549621582]",0.1933240294456482
contextual_residual,83,train,42868079cfb75233,2021.07.09.01.37.16_veh-26,641fad330504500c,1,0.09154446423053741,"[305, 149, 94, 176]",0,0.0,0.0,"[null, null, null, null]","[null, null, null, null]",0.10316646844148636
contextual_residual,83,train,caafcdd4b7835eb0,2021.07.09.01.37.16_veh-26,359f92c3233457a3,1,0.08990179002285004,"[21, 26, 53, 23]",4,2.9186809062957764,3.063790798187256,"[null, null, null, 2.9186809062957764]","[null, null, null, 3.063790798187256]",0.11627496033906937
contextual_residual,83,train,2fa96542484250f0,2021.07.09.01.37.16_veh-26,f89a324077eb57a9,1,0.05157090350985527,"[24, 25, 155, 22]",4,0.9411154389381409,0.9542775750160217,"[null, null, 0.9411154389381409, null]","[null, null, 0.9542775750160217, null]",0.11688907444477081
contextual_residual,83,train,68341772b52f543b,2021.07.09.01.37.16_veh-26,698608aa5fed5770,0,0.06449852883815765,"[49, 17, 10, 18]",8,2.3374996185302734,2.4003753662109375,"[1.8393144607543945, 2.8356850147247314, null, null]","[1.9115580320358276, 2.889193058013916, null, null]",0.11854066699743271
contextual_residual,83,train,eabd9d1227785454,2021.07.09.01.37.16_veh-26,a110aeed6ea85e04,1,0.03421751782298088,"[191, 158, 253, 159]",16,2.0022470951080322,2.091329336166382,"[1.8200457096099854, 1.6444177627563477, 2.064638614654541, 2.479886531829834]","[1.8946868181228638, 1.6942589282989502, 2.1502933502197266, 2.626077890396118]",0.17074866592884064
contextual_residual,83,train,f70d691cf70b5cb3,2021.07.09.01.37.16_veh-26,34dd5ff0548b5455,0,0.03576797991991043,"[24, 53, 21, 118]",8,2.3921337127685547,2.4861793518066406,"[2.1436309814453125, 2.640636444091797, null, null]","[2.207904577255249, 2.7644543647766113, null, null]",0.13089527189731598
contextual_residual,83,train,aa2fce3e3af55b1c,2021.07.09.01.37.16_veh-26,4ca220b52b5c50af,1,0.07450626790523529,"[28, 20, 27, 29]",4,1.2508864402770996,1.2906146049499512,"[1.2508864402770996, null, null, null]","[1.2906146049499512, null, null, null]",0.1569497436285019
contextual_residual,83,train,00029eec66d650e1,2021.07.09.01.37.16_veh-26,045ff16e93dc5a42,1,0.026411116123199463,"[337, 272, 31, 18]",4,0.8483626842498779,0.8658498525619507,"[0.8483626842498779, null, null, null]","[0.8658498525619507, null, null, null]",0.11968132853507996
contextual_residual,83,train,0168dd4fffde52ed,2021.06.08.12.00.19_veh-35,a4e97e74e1a150b3,1,0.2948973774909973,"[18, 24, 12, 25]",0,0.0,0.0,"[null, null, null, null]","[null, null, null, null]",0.12625136971473694
contextual_residual,83,train,c4e9600b96ce5d54,2021.06.08.12.00.19_veh-35,4d01ebfbc43d560b,1,0.045708898454904556,"[306, 338, 314, 313]",4,3.8022570610046387,3.8558788299560547,"[3.8022570610046387, null, null, null]","[3.8558788299560547, null, null, null]",0.10370972752571106
contextual_residual,83,train,a80c5ee8b1ff56d8,2021.06.08.12.00.19_veh-35,3ffcb152c57c56c5,1,0.49260446429252625,"[149, 117, 147, 116]",16,2.3301889896392822,2.3977668285369873,"[1.5712623596191406, 2.1774520874023438, 2.590181350708008, 2.981860399246216]","[1.6089346408843994, 2.242131471633911, 2.6612930297851562, 3.0787084102630615]",0.1860443502664566
contextual_residual,83,train,54f9b4af08e05d79,2021.06.08.12.00.19_veh-35,a2165005ab865a02,1,0.07128503918647766,"[27, 56, 349, 73]",0,0.0,0.0,"[null, null, null, null]","[null, null, null, null]",0.12319732457399368
contextual_residual,83,train,1657554fc5445eb6,2021.06.08.12.00.19_veh-35,39cbdec7b364501d,2,0.10574299842119217,"[74, 52, 73, 31]",16,2.7267327308654785,2.7787466049194336,"[1.1177507638931274, 2.7493813037872314, 3.329728126525879, 3.710071086883545]","[1.1188727617263794, 2.796375274658203, 3.3932933807373047, 3.8064444065093994]",0.12899284064769745
contextual_residual,83,train,e7cde98715555110,2021.06.08.12.00.19_veh-35,785bf24e15875ef2,1,1.8105707168579102,"[25, 10, 116, 7]",8,1.2403056621551514,1.2494604587554932,"[1.1115832328796387, 1.369028091430664, null, null]","[1.1057054996490479, 1.3932156562805176, null, null]",0.16692903637886047
contextual_residual,83,train,4bb4fd668a805612,2021.06.08.12.00.19_veh-35,c461bc7ab865595e,0,0.17523299157619476,"[34, 41, 35, 26]",16,2.8934273719787598,2.984508752822876,"[2.5349087715148926, 2.694837808609009, 2.8836331367492676, 3.460329055786133]","[2.6326310634613037, 2.7723052501678467, 2.9354257583618164, 3.597673177719116]",0.1264142096042633
contextual_residual,83,train,c1fe3aa66ec55b17,2021.06.08.12.00.19_veh-35,9655be695969522d,1,0.31723546981811523,"[26, 16, 25, 23]",8,1.2024683952331543,1.2362964153289795,"[1.2178627252578735, 1.187074065208435, null, null]","[1.2590222358703613, 1.2135708332061768, null, null]",0.107384093105793
contextual_residual,83,train,9fe049486481505a,2021.08.17.13.15.12_veh-45,ca75f3286b115d37,0,0.04881570488214493,"[117, 41, 159, 103]",16,2.5095062255859375,2.704174518585205,"[0.7541320323944092, 1.4960687160491943, 3.290029287338257, 4.497795104980469]","[0.8128862380981445, 1.6413614749908447, 3.5824949741363525, 4.77995491027832]",0.14957334101200104
contextual_residual,83,train,f895bc253a215fc4,2021.08.17.13.15.12_veh-45,a3cae0d00733532e,1,0.360927939414978,"[54, 56, 58, 85]",8,0.7239457368850708,0.7613344788551331,"[0.6912128925323486, 0.7566787004470825, null, null]","[0.7205221652984619, 0.802146852016449, null, null]",0.12622056901454926
contextual_residual,83,train,f1430641b7685542,2021.08.17.13.15.12_veh-45,81ff4535c5c251d6,1,0.051719557493925095,"[18, 147, 26, 118]",16,1.3030006885528564,1.3512725830078125,"[0.8667101860046387, 1.2329654693603516, 1.362634539604187, 1.7496922016143799]","[0.8715753555297852, 1.2557759284973145, 1.4269026517868042, 1.8508362770080566]",0.18016664683818817
contextual_residual,83,train,ada17d80705459e5,2021.08.17.13.15.12_veh-45,16b335fe131c50be,1,0.09256848692893982,"[6, 17, 49, 5]",0,0.0,0.0,"[null, null, null, null]","[null, null, null, null]",0.1431470364332199
contextual_residual,83,train,5442925b5514525c,2021.08.17.13.15.12_veh-45,5b0cacf961245153,1,0.06395029276609421,"[50, 21, 32, 17]",4,1.8840460777282715,1.9207412004470825,"[1.8840460777282715, null, null, null]","[1.9207412004470825, null, null, null]",0.16680896282196045
contextual_residual,83,train,f4be93317adf5091,2021.08.17.13.15.12_veh-45,e2ce597de87f572d,1,0.04733379930257797,"[86, 22, 26, 25]",12,1.4600226879119873,1.5086259841918945,"[1.4582064151763916, 1.4576420783996582, 1.4642194509506226, null]","[1.5043716430664062, 1.5021220445632935, 1.5193841457366943, null]",0.1222204864025116
contextual_residual,83,train,0c12cf6a804d5e86,2021.08.17.13.15.12_veh-45,8db7aab4ec8458a5,0,0.07629071921110153,"[294, 179, 28, 133]",8,3.1204848289489746,3.216045618057251,"[null, 2.6912729740142822, 3.549696922302246, null]","[null, 2.759665012359619, 3.672426223754883, null]",0.11085689812898636
contextual_residual,83,train,a1da8bec7a1c5c7e,2021.08.17.13.15.12_veh-45,c55fafd4f7d05c65,1,0.06053673475980759,"[20, 25, 21, 24]",16,2.3498239517211914,2.435150146484375,"[1.7188421487808228, 2.4719955921173096, 2.5443332195281982, 2.664123773574829]","[1.7639002799987793, 2.565290927886963, 2.636033773422241, 2.7753751277923584]",0.1775166541337967
contextual_residual,83,train,1b173e83ce58518b,2021.06.08.16.31.33_veh-38,3364fd6ba8365441,1,0.030280273407697678,"[337, 336, 368, 369]",0,0.0,0.0,"[null, null, null, null]","[null, null, null, null]",0.09224410355091095
contextual_residual,83,train,7fa7f2973eb6583d,2021.06.08.16.31.33_veh-38,e6f6b559cbe6534e,1,0.23624637722969055,"[254, 28, 56, 54]",16,1.705289602279663,1.777549147605896,"[0.9351603388786316, 1.78926682472229, 2.0716922283172607, 2.0250391960144043]","[0.9570345282554626, 1.8657265901565552, 2.1678857803344727, 2.11954927444458]",0.15431077778339386
contextual_residual,83,train,63818d7962335cb9,2021.06.08.16.31.33_veh-38,3bb603a701225a40,0,0.054161831736564636,"[55, 9, 10, 22]",16,2.7564339637756348,2.8782732486724854,"[2.027080535888672, 2.4355955123901367, 2.8299412727355957, 3.733119010925293]","[2.1194841861724854, 2.5450692176818848, 2.9759116172790527, 3.8726279735565186]",0.13138426840305328
contextual_residual,83,train,eb6af2bd1a635cb2,2021.06.08.16.31.33_veh-38,65daba6a1f955c59,1,0.047355927526950836,"[90, 86, 117, 87]",8,0.7870849370956421,0.865288496017456,"[0.4174240827560425, 1.1567456722259521, null, null]","[0.45714879035949707, 1.273428201675415, null, null]",0.17030702531337738
contextual_residual,83,train,6f08f1ba4c555d89,2021.06.08.16.31.33_veh-38,00c6ea1054d15101,1,0.6522055268287659,"[31, 23, 29, 62]",16,1.0809887647628784,1.1157374382019043,"[0.9329431056976318, 1.0579965114593506, 1.1491400003433228, 1.1838754415512085]","[0.9599840641021729, 1.0861332416534424, 1.195759892463684, 1.2210726737976074]",0.1541450470685959
contextual_residual,83,train,2af3184e9f0f5697,2021.06.08.16.31.33_veh-38,fb1c65108c895a43,1,0.1521780788898468,"[24, 21, 22, 25]",4,0.3363269567489624,0.33305811882019043,"[0.3363269567489624, null, null, null]","[0.33305811882019043, null, null, null]",0.10514289885759354
contextual_residual,83,train,33230d8bfa425f6f,2021.06.08.16.31.33_veh-38,3364fd6ba8365441,1,0.22754962742328644,"[26, 27, 58, 15]",16,2.4318668842315674,2.5620803833007812,"[2.2846832275390625, 2.449795722961426, 2.5588693618774414, 2.434119701385498]","[2.376452922821045, 2.588387966156006, 2.692770481109619, 2.5907094478607178]",0.13619264960289001
contextual_residual,83,train,dcee65c0765f51bf,2021.06.08.16.31.33_veh-38,7acd2a98ba7b5157,0,0.12832100689411163,"[31, 319, 123, 95]",16,1.3142509460449219,1.400454044342041,"[0.9062172174453735, 1.0931823253631592, 1.4213581085205078, 1.8362458944320679]","[0.9408174753189087, 1.1765743494033813, 1.525008201599121, 1.9594157934188843]",0.1586797535419464
contextual_residual,83,train,82abb0794a955aff,2021.10.05.08.11.15_veh-50,d53d220a77795cee,1,0.44233012199401855,"[49, 50, 236, 85]",16,2.1497604846954346,2.1844699382781982,"[2.0103325843811035, 1.928109049797058, 2.3872251510620117, 2.2733755111694336]","[2.0513548851013184, 1.9456820487976074, 2.4325449466705322, 2.308297634124756]",0.13030906021595
contextual_residual,83,train,fa9ebf82174f56e2,2021.10.05.08.11.15_veh-50,81ed977eb5a1520d,1,0.35747987031936646,"[88, 110, 55, 53]",16,1.3975229263305664,1.4760429859161377,"[1.3659422397613525, 1.3079866170883179, 2.0785632133483887, 0.8375999927520752]","[1.4385874271392822, 1.3705508708953857, 2.2401604652404785, 0.8548732995986938]",0.15483051538467407
contextual_residual,83,train,de7aee4bfd4650d8,2021.10.05.08.11.15_veh-50,8a8fe2f545dd5865,2,0.6095739006996155,"[150, 19, 15, 17]",12,2.191800594329834,2.2680001258850098,"[2.0075221061706543, null, 2.253967523574829, 2.3139116764068604]","[2.0907721519470215, null, 2.331821918487549, 2.381406307220459]",0.12675884366035461
contextual_residual,83,train,7f74e72074485b12,2021.10.05.08.11.15_veh-50,2bbefccd0ef85651,1,0.65716952085495,"[19, 57, 21, 121]",0,0.0,0.0,"[null, null, null, null]","[null, null, null, null]",0.15232230722904205
contextual_residual,83,train,acf207f491775e7b,2021.10.05.08.11.15_veh-50,ae67187c90635ca6,0,0.12241058796644211,"[11, 10, 42, 44]",8,2.2227139472961426,2.311455249786377,"[1.8965173959732056, 2.5489110946655273, null, null]","[1.985302448272705, 2.637608051300049, null, null]",0.13138295710086823
contextual_residual,83,train,246eb858bec25310,2021.10.05.08.11.15_veh-50,4782310b87105568,2,0.3531569838523865,"[18, 49, 48, 20]",16,3.1500022411346436,3.2072250843048096,"[2.3756892681121826, 3.1788763999938965, 3.4248666763305664, 3.620576858520508]","[2.4055099487304688, 3.252042770385742, 3.485255479812622, 3.6860921382904053]",0.15890543162822723
contextual_residual,83,train,40e23bdca88c5b0d,2021.10.05.08.11.15_veh-50,780bff4205715957,0,0.2827683091163635,"[38, 29, 28, 72]",12,2.2959418296813965,2.3636436462402344,"[2.2018532752990723, 1.8289294242858887, 2.857041835784912, null]","[2.2472598552703857, 1.8736308813095093, 2.9700405597686768, null]",0.13496434688568115
contextual_residual,83,train,8d59999281da5243,2021.10.05.08.11.15_veh-50,e6ed98e5973e5120,0,0.456441730260849,"[58, 26, 19, 88]",16,1.4521870613098145,1.4613500833511353,"[0.5545371770858765, 1.4100836515426636, 1.4475297927856445, 2.3965976238250732]","[0.5461069345474243, 1.4145681858062744, 1.4566361904144287, 2.428088665008545]",0.1441592574119568
contextual_residual,83,train,75afc126374359d3,2021.09.15.14.00.15_veh-28,821da079291c52cf,1,0.09343807399272919,"[22, 52, 19, 115]",16,2.7250287532806396,2.864983558654785,"[2.049177408218384, 2.44047212600708, 3.1457560062408447, 3.264708995819092]","[2.126199960708618, 2.5769729614257812, 3.3009908199310303, 3.455770969390869]",0.18267856538295746
contextual_residual,83,train,973a7c9d77ca5b23,2021.09.15.14.00.15_veh-28,19e39a5880c754ad,1,0.03501046076416969,"[25, 28, 27, 124]",4,0.9131828546524048,0.9444794058799744,"[0.9131828546524048, null, null, null]","[0.9444794058799744, null, null, null]",0.13979406654834747
contextual_residual,83,train,095741f4465352b3,2021.09.15.14.00.15_veh-28,96b8f4dbc6995cb7,1,0.0888189822435379,"[25, 47, 24, 48]",16,2.7154996395111084,2.812026023864746,"[2.491924285888672, 2.3779542446136475, 2.993581771850586, 2.998538017272949]","[2.5528509616851807, 2.4658751487731934, 3.118358612060547, 3.1110196113586426]",0.13541047275066376
contextual_residual,83,train,4617f5dbb29c500a,2021.09.15.14.00.15_veh-28,07d29dd2e9c6500b,1,0.10682005435228348,"[126, 156, 155, 27]",0,0.0,0.0,"[null, null, null, null]","[null, null, null, null]",0.1633979231119156
contextual_residual,83,train,b0f67ce7d678590b,2021.09.15.14.00.15_veh-28,9341eeedf0ae5c32,1,0.05730532854795456,"[304, 271, 270, 303]",8,3.553102970123291,3.595651149749756,"[2.335580587387085, 4.770625114440918, null, null]","[2.340819835662842, 4.85048246383667, null, null]",0.10832323133945465
contextual_residual,83,train,13456839ba8c52ef,2021.09.15.14.00.15_veh-28,d24fb2b39ae1574e,1,0.10169515013694763,"[223, 61, 26, 108]",0,0.0,0.0,"[null, null, null, null]","[null, null, null, null]",0.11822251975536346
contextual_residual,83,train,1df7865b517251d0,2021.09.15.14.00.15_veh-28,dc1ef9d49cb25b98,1,0.019268304109573364,"[306, 152, 168, 184]",8,3.948380470275879,4.05025577545166,"[3.60095477104187, 4.295805931091309, null, null]","[3.6904900074005127, 4.4100213050842285, null, null]",0.1101488545536995
contextual_residual,83,train,38f3a2f5fe33500f,2021.09.15.14.00.15_veh-28,5a06354563625c69,2,0.23605147004127502,"[179, 178, 183, 190]",16,3.0738563537597656,3.117670774459839,"[2.1775269508361816, 2.7423529624938965, 3.235097885131836, 4.140447616577148]","[2.193697214126587, 2.77934193611145, 3.2864809036254883, 4.211163520812988]",0.14611731469631195
contextual_residual,83,train,95535851c7b75757,2021.07.16.22.40.23_veh-38,6e36585b2ea55145,1,0.03675878047943115,"[28, 27, 430, 471]",8,2.400818347930908,2.4258015155792236,"[1.8267220258712769, 2.974914789199829, null, null]","[1.8465516567230225, 3.005051374435425, null, null]",0.12583018839359283
contextual_residual,83,train,6764c662e15e5b48,2021.07.16.22.40.23_veh-38,216d4aa3e3fe59a3,1,0.06848438084125519,"[31, 50, 82, 185]",16,1.452912449836731,1.4861698150634766,"[0.9711765050888062, 1.414182424545288, 1.8023682832717896, 1.6239224672317505]","[0.9943837523460388, 1.439961314201355, 1.8490562438964844, 1.6612775325775146]",0.15892136096954346
contextual_residual,83,train,7bf05e0f52b75ee2,2021.07.16.22.40.23_veh-38,1deff9a6d27a5f6b,0,0.022794874384999275,"[23, 317, 59, 83]",16,2.2486696243286133,2.407592296600342,"[1.5242398977279663, 1.723691701889038, 2.055812358856201, 3.690934896469116]","[1.6200170516967773, 1.8482451438903809, 2.2019190788269043, 3.9601871967315674]",0.14793117344379425
contextual_residual,83,train,673b04fae3fc5595,2021.07.16.22.40.23_veh-38,a7823a906c555e39,1,0.03572773188352585,"[59, 21, 27, 185]",16,2.0712196826934814,2.162538528442383,"[1.8624958992004395, 1.9738173484802246, 2.3740580081939697, 2.074507236480713]","[1.9577068090438843, 2.07466983795166, 2.473511219024658, 2.144265651702881]",0.14819425344467163
contextual_residual,83,train,c8faaa73c9c054d1,2021.07.16.22.40.23_veh-38,98071366467650ae,0,0.09321235120296478,"[63, 85, 25, 50]",16,2.1104531288146973,2.2284183502197266,"[2.0165979862213135, 1.7861684560775757, 2.54278564453125, 2.0962603092193604]","[2.1039202213287354, 1.9031531810760498, 2.6862692832946777, 2.2203307151794434]",0.1254357099533081
contextual_residual,83,train,5e5f522e3ecd5cca,2021.07.16.22.40.23_veh-38,900bff237382523c,1,0.27753114700317383,"[22, 19, 56, 88]",4,1.068890929222107,1.137961506843567,"[1.068890929222107, null, null, null]","[1.137961506843567, null, null, null]",0.1459188163280487
contextual_residual,83,train,378d61da938e5420,2021.07.16.22.40.23_veh-38,b4d6add3705a50f5,1,0.04053536057472229,"[56, 149, 27, 85]",4,1.2950661182403564,1.3367830514907837,"[1.2950661182403564, null, null, null]","[1.3367830514907837, null, null, null]",0.17107035219669342
contextual_residual,83,train,8bcd32f3329b5729,2021.07.16.22.40.23_veh-38,ce32a45e2c885ce0,1,0.14509351551532745,"[31, 62, 63, 92]",4,0.6447421312332153,0.6291550993919373,"[null, null, null, 0.6447421312332153]","[null, null, null, 0.6291550993919373]",0.13753798604011536
contextual_residual,83,train,85107617069e5eae,2021.10.05.07.49.39_veh-52,a3270c0c8ca250a5,2,0.3807545304298401,"[23, 118, 46, 20]",16,1.902925729751587,1.9933159351348877,"[1.4520018100738525, 1.6115705966949463, 2.4767327308654785, 2.0713980197906494]","[1.5471622943878174, 1.7000036239624023, 2.577805519104004, 2.1482925415039062]",0.12271381914615631
contextual_residual,83,train,dd9d8e686a345f74,2021.10.05.07.49.39_veh-52,6ef4b849a52f565e,1,0.12683245539665222,"[15, 179, 16, 147]",16,1.4883382320404053,1.487231731414795,"[1.0766253471374512, 1.309737205505371, 1.6804659366607666, 1.8865242004394531]","[1.0699217319488525, 1.2877767086029053, 1.686156153678894, 1.9050723314285278]",0.16976144909858704
contextual_residual,83,train,d25f823ffc5f55cf,2021.10.05.07.49.39_veh-52,b9c2d90e9f0d5298,2,0.22891171276569366,"[12, 15, 23, 27]",16,1.7958269119262695,1.796299695968628,"[0.9020791053771973, 1.6910030841827393, 1.9779819250106812, 2.61224365234375]","[0.8854997754096985, 1.683393955230713, 1.992202877998352, 2.6241025924682617]",0.1550234854221344
contextual_residual,83,train,fa41647d02c7591c,2021.10.05.07.49.39_veh-52,425547b119ac51e8,2,0.5025310516357422,"[21, 52, 15, 60]",4,1.232182502746582,1.2452123165130615,"[1.232182502746582, null, null, null]","[1.2452123165130615, null, null, null]",0.10540545731782913
contextual_residual,83,train,e1513979c1a25a3a,2021.10.05.07.49.39_veh-52,63675e4e47d35a9c,0,0.27982375025749207,"[27, 19, 50, 60]",16,2.329726219177246,2.3964946269989014,"[1.848177194595337, 2.5784974098205566, 2.7442140579223633, 2.1480164527893066]","[1.9206219911575317, 2.625828981399536, 2.8197059631347656, 2.2198219299316406]",0.148390993475914
contextual_residual,83,train,21a96107cf785a63,2021.10.05.07.49.39_veh-52,425547b119ac51e8,0,0.2576228380203247,"[46, 16, 17, 15]",12,1.7594902515411377,1.7798537015914917,"[1.2633564472198486, 1.974949598312378, 2.0401647090911865, null]","[1.2658443450927734, 2.0071308612823486, 2.0665855407714844, null]",0.15165385603904724
contextual_residual,83,train,0961f8661d8a58c2,2021.10.05.07.49.39_veh-52,1cb0c69eb34a51f0,2,0.8276790380477905,"[84, 116, 214, 120]",4,2.2869887351989746,2.2764511108398438,"[2.2869887351989746, null, null, null]","[2.2764511108398438, null, null, null]",0.15321481227874756
contextual_residual,83,train,5c78f13876e0582b,2021.10.05.07.49.39_veh-52,a140ff94e233594d,1,0.2383362352848053,"[18, 17, 50, 25]",16,2.0176899433135986,2.088597536087036,"[2.1495485305786133, 2.1585068702697754, 1.9642044305801392, 1.7985002994537354]","[2.2507004737854004, 2.256218910217285, 2.0163626670837402, 1.8311082124710083]",0.15677721798419952
contextual_residual,83,train,8b0932e2de6753ab,2021.06.09.12.06.35_veh-35,29cb5c1452bc5bce,1,0.1660597026348114,"[11, 113, 19, 21]",4,2.6103882789611816,2.6291487216949463,"[2.6103882789611816, null, null, null]","[2.6291487216949463, null, null, null]",0.16052167117595673
contextual_residual,83,train,c2b7349b328858ac,2021.06.09.12.06.35_veh-35,39e28bb91b3c557d,0,0.043686021119356155,"[63, 123, 176, 155]",4,1.0234894752502441,1.0585912466049194,"[1.0234894752502441, null, null, null]","[1.0585912466049194, null, null, null]",0.14943324029445648
contextual_residual,83,train,482e228f118e544b,2021.06.09.12.06.35_veh-35,d8e166bb74fc5f00,1,0.11180903762578964,"[16, 47, 58, 13]",8,2.1741132736206055,2.2207298278808594,"[1.7991714477539062, 2.5490550994873047, null, null]","[1.8274331092834473, 2.6140265464782715, null, null]",0.08658482879400253
contextual_residual,83,train,0bcc8551849c538f,2021.06.09.12.06.35_veh-35,ab18f13d87e7560f,1,0.1454155147075653,"[4, 15, 140, 36]",8,2.1454343795776367,2.166623592376709,"[null, null, 1.5576038360595703, 2.733264923095703]","[null, null, 1.5804892778396606, 2.7527575492858887]",0.15256671607494354
contextual_residual,83,train,79ea424b3b2b51e7,2021.06.09.12.06.35_veh-35,7331a1cdf1cd5f28,1,0.11210719496011734,"[24, 51, 25, 19]",8,1.9677469730377197,2.051420211791992,"[null, null, 2.124697208404541, 1.8107967376708984]","[null, null, 2.225269079208374, 1.8775712251663208]",0.1345425546169281
contextual_residual,83,train,5a4f5d512d285fd2,2021.06.09.12.06.35_veh-35,7331a1cdf1cd5f28,1,0.14117544889450073,"[33, 21, 30, 185]",0,0.0,0.0,"[null, null, null, null]","[null, null, null, null]",0.16729143261909485
contextual_residual,83,train,f56f173b6d3b52d4,2021.06.09.12.06.35_veh-35,533c96a969445755,1,0.022883065044879913,"[27, 29, 90, 28]",16,1.878096580505371,1.944924235343933,"[1.7741377353668213, 1.8510788679122925, 1.9138257503509521, 1.973344326019287]","[1.7969670295715332, 1.9164173603057861, 1.987417221069336, 2.078895330429077]",0.1819138526916504
contextual_residual,83,train,7d14dc9e1394504c,2021.06.09.12.06.35_veh-35,15746f958b855ce1,1,0.19047307968139648,"[81, 77, 79, 27]",4,0.8729945421218872,0.8899428844451904,"[0.8729945421218872, null, null, null]","[0.8899428844451904, null, null, null]",0.09743484854698181
contextual_residual,83,train,a0b601837cc25f9a,2021.06.07.12.54.00_veh-35,e6276d5babcf57c5,1,0.18390488624572754,"[20, 19, 25, 111]",16,1.106364369392395,1.113959789276123,"[0.7872102856636047, 1.1367636919021606, 1.0899362564086914, 1.4115471839904785]","[0.7732729911804199, 1.136246919631958, 1.084241509437561, 1.4620774984359741]",0.14642347395420074
contextual_residual,83,train,dcbf1cf262365995,2021.06.07.12.54.00_veh-35,e7819c9d528b5035,1,1.4670767784118652,"[400, 26, 29, 85]",4,1.5340560674667358,1.6215380430221558,"[1.5340560674667358, null, null, null]","[1.6215380430221558, null, null, null]",0.13782723248004913
contextual_residual,83,train,4f0a0a61bdaa5a59,2021.06.07.12.54.00_veh-35,528ee06dd0565678,1,0.1050943061709404,"[84, 5, 107, 93]",4,1.8286221027374268,1.8982553482055664,"[1.8286221027374268, null, null, null]","[1.8982553482055664, null, null, null]",0.15662643313407898
contextual_residual,83,train,4c2e114b0f5c5cee,2021.06.07.12.54.00_veh-35,c0d79102a9225562,1,0.24550670385360718,"[19, 18, 52, 54]",16,1.6131418943405151,1.7015846967697144,"[1.198122262954712, 1.5190093517303467, 1.6550230979919434, 2.0804131031036377]","[1.2167060375213623, 1.5716607570648193, 1.7885148525238037, 2.229456901550293]",0.17639745771884918
contextual_residual,83,train,9ac6b0c708ef57ba,2021.06.07.12.54.00_veh-35,91deaa6b42c85a71,1,0.2095712572336197,"[116, 148, 180, 212]",4,1.874148964881897,1.9288403987884521,"[1.874148964881897, null, null, null]","[1.9288403987884521, null, null, null]",0.17226578295230865
contextual_residual,83,train,8a85218e4a3d5fa2,2021.06.07.12.54.00_veh-35,91deaa6b42c85a71,1,0.14171531796455383,"[19, 27, 172, 120]",0,0.0,0.0,"[null, null, null, null]","[null, null, null, null]",0.16391801834106445
contextual_residual,83,train,23b79e79cec15f05,2021.06.07.12.54.00_veh-35,f5c76f15450f5cd1,1,0.09920786321163177,"[22, 108, 239, 3]",4,0.5984943509101868,0.6055301427841187,"[0.5984943509101868, null, null, null]","[0.6055301427841187, null, null, null]",0.11339938640594482
contextual_residual,83,train,e5e57399ea0a5228,2021.06.07.12.54.00_veh-35,25302d95d9f158f7,1,1.1533820629119873,"[368, 190, 31, 280]",16,1.86509370803833,1.9354125261306763,"[0.8383312225341797, 1.8659393787384033, 2.3436312675476074, 2.412473201751709]","[0.8574396967887878, 1.954145073890686, 2.440018653869629, 2.490046977996826]",0.12428613007068634
contextual_residual,83,train,e1a8d2a630635703,2021.06.14.14.03.45_veh-38,8f286698db6d541b,1,0.06536179035902023,"[63, 30, 31, 53]",16,1.5051485300064087,1.5461593866348267,"[0.7320754528045654, 1.3979073762893677, 1.9509379863739014, 1.9396731853485107]","[0.7596825361251831, 1.4408533573150635, 1.9776909351348877, 2.006410598754883]",0.13062988221645355
contextual_residual,83,train,aece322a1d42538a,2021.06.14.14.03.45_veh-38,7540234731835704,1,0.06829871982336044,"[111, 49, 110, 61]",16,2.3361077308654785,2.4421939849853516,"[1.488184928894043, 1.7509524822235107, 3.0536251068115234, 3.051668167114258]","[1.5301593542099, 1.815560221672058, 3.1847453117370605, 3.238311767578125]",0.16449597477912903
contextual_residual,83,train,9d0bf147438e5fb3,2021.06.14.14.03.45_veh-38,23e9bf0d2cbe5bab,1,0.026655880734324455,"[154, 183, 159, 81]",4,0.4677579402923584,0.47884976863861084,"[0.4677579402923584, null, null, null]","[0.47884976863861084, null, null, null]",0.13711078464984894
contextual_residual,83,train,f2d2c1ea12755312,2021.06.14.14.03.45_veh-38,34c1915fbf665c36,1,0.034398045390844345,"[20, 86, 29, 118]",8,0.8438271284103394,0.8454141616821289,"[0.5486060976982117, 1.1390480995178223, null, null]","[0.5485541820526123, 1.1422741413116455, null, null]",0.11762929707765579
contextual_residual,83,train,cea14bc9e11e5a9a,2021.06.14.14.03.45_veh-38,6be18c3f08665d95,1,0.09237392246723175,"[25, 57, 119, 22]",4,1.9875541925430298,2.077538013458252,"[1.9875541925430298, null, null, null]","[2.077538013458252, null, null, null]",0.12663792073726654
contextual_residual,83,train,4a60572394c95d99,2021.06.14.14.03.45_veh-38,7e940171cbb2501f,1,0.05133037269115448,"[306, 23, 336, 60]",4,0.4134643077850342,0.4003905653953552,"[0.4134643077850342, null, null, null]","[0.4003905653953552, null, null, null]",0.12880605459213257
contextual_residual,83,train,73c60faa4a4f50d5,2021.06.14.14.03.45_veh-38,3310381978495db6,1,0.050631310790777206,"[85, 27, 26, 55]",16,2.021613836288452,2.0968222618103027,"[1.4381356239318848, 2.2214410305023193, 2.198333263397217, 2.2285451889038086]","[1.514114499092102, 2.2657699584960938, 2.30802321434021, 2.2993807792663574]",0.17881454527378082
contextual_residual,83,train,19d7d544be8b5ed6,2021.06.14.14.03.45_veh-38,faff8007373357b2,0,0.07520358264446259,"[299, 95, 381, 26]",12,3.739386558532715,3.84338641166687,"[2.2811906337738037, 4.49239444732666, 4.444573879241943, null]","[2.3382625579833984, 4.620274543762207, 4.571621417999268, null]",0.12133701145648956
contextual_residual,83,train,0cee9b6cce6b55bb,2021.06.23.17.31.36_veh-16,5dd11df23010512b,1,0.020380565896630287,"[25, 87, 55, 28]",4,0.9802138209342957,1.029503583908081,"[0.9802138209342957, null, null, null]","[1.029503583908081, null, null, null]",0.12944483757019043
contextual_residual,83,train,b7e4f74f963b5911,2021.06.23.17.31.36_veh-16,12076247bcfc52af,0,0.028158962726593018,"[29, 62, 63, 403]",8,1.9471518993377686,1.973339557647705,"[1.6562392711639404, 2.238064765930176, null, null]","[1.680625557899475, 2.2660534381866455, null, null]",0.1047094464302063
contextual_residual,83,train,de1498ad86835196,2021.06.23.17.31.36_veh-16,0f8853ece4595cfd,1,0.015760626643896103,"[280, 119, 30, 57]",16,1.914370059967041,1.9951714277267456,"[1.1315850019454956, 1.6067757606506348, 2.374821186065674, 2.544297933578491]","[1.1635804176330566, 1.6622154712677002, 2.4828953742980957, 2.671994209289551]",0.1419600248336792
contextual_residual,83,train,025ec42ba16f587d,2021.06.23.17.31.36_veh-16,135f484f0eaf5a02,1,0.09494941681623459,"[50, 19, 18, 17]",16,2.5230274200439453,2.5814473628997803,"[1.563481330871582, 2.9254508018493652, 3.2307229042053223, 2.372455596923828]","[1.553928017616272, 2.948911666870117, 3.362708568572998, 2.4602408409118652]",0.17685911059379578
contextual_residual,83,train,c3fcca93dde25e14,2021.06.23.17.31.36_veh-16,e9436dfe242a5e1e,0,0.3749639391899109,"[17, 112, 82, 120]",16,2.0226967334747314,2.1095669269561768,"[1.8911575078964233, 1.9019273519515991, 1.6294512748718262, 2.6682510375976562]","[1.9677175283432007, 1.978864073753357, 1.7083299160003662, 2.783356189727783]",0.14669445157051086
contextual_residual,83,train,e06e9be096c55f62,2021.06.23.17.31.36_veh-16,0ecd78b5d8165cd8,0,0.061495695263147354,"[111, 103, 19, 23]",16,1.806331992149353,1.8710460662841797,"[1.6821144819259644, 2.0429975986480713, 2.1221373081207275, 1.3780784606933594]","[1.7398817539215088, 2.137585401535034, 2.2188405990600586, 1.3878765106201172]",0.12269163876771927
contextual_residual,83,train,3764fca3eb725eea,2021.06.23.17.31.36_veh-16,83605fe059ea5914,1,0.08512698113918304,"[19, 26, 27, 62]",16,1.0429308414459229,1.072286605834961,"[0.9041888117790222, 0.6198907494544983, 1.0453490018844604, 1.602294683456421]","[0.8929213881492615, 0.6131609082221985, 1.0919756889343262, 1.6910884380340576]",0.16431458294391632
contextual_residual,83,train,e37afb24cbc354b1,2021.06.23.17.31.36_veh-16,137a8e2e182e525a,1,0.039102137088775635,"[93, 29, 31, 337]",8,2.208914279937744,2.258458137512207,"[1.8078126907348633, 2.610015630722046, null, null]","[1.848466396331787, 2.668450117111206, null, null]",0.11792115867137909
contextual_residual,83,train,99bf73c4d148509a,2021.06.14.18.13.35_veh-26,ece541c7453e5027,1,0.0941053032875061,"[85, 154, 22, 155]",8,1.9703826904296875,2.0420780181884766,"[1.930555820465088, 2.010209560394287, null, null]","[1.993727445602417, 2.0904290676116943, null, null]",0.17340297996997833
contextual_residual,83,train,82183d4ed7285e2b,2021.06.14.18.13.35_veh-26,15b78bc7ecd45635,2,0.09913432598114014,"[57, 90, 120, 114]",16,4.897881984710693,5.193625450134277,"[4.176092147827148, 4.493923187255859, 5.119663238525391, 5.801849842071533]","[4.324440956115723, 4.802591323852539, 5.479608058929443, 6.1678619384765625]",0.15784777700901031
contextual_residual,83,train,09fc359e65a65d2d,2021.06.14.18.13.35_veh-26,8c1c9f8ebebd5a2c,0,0.03577675670385361,"[370, 31, 27, 56]",0,0.0,0.0,"[null, null, null, null]","[null, null, null, null]",0.08954190462827682
contextual_residual,83,train,ee6a818615ff51ba,2021.06.14.18.13.35_veh-26,78f10869dcaa5d66,0,0.09321694076061249,"[27, 68, 176, 9]",12,2.6075210571289062,2.6584761142730713,"[2.392110824584961, 2.6846232414245605, 2.7458291053771973, null]","[2.416111469268799, 2.7149124145507812, 2.844404458999634, null]",0.10478229820728302
contextual_residual,83,train,e134b297048b5c37,2021.06.14.18.13.35_veh-26,290604a14d365b9b,0,0.04020395129919052,"[26, 18, 85, 53]",8,1.8583065271377563,1.9059970378875732,"[null, null, 1.9122133255004883, 1.8043997287750244]","[null, null, 1.9741688966751099, 1.8378251791000366]",0.11383334547281265
contextual_residual,83,train,9c833d715d5a5f2c,2021.06.14.18.13.35_veh-26,ce646f56ab2a530e,0,0.053964801132678986,"[283, 282, 17, 15]",16,2.8102118968963623,2.8494391441345215,"[2.6555347442626953, 2.9582347869873047, 2.7218899726867676, 2.9051883220672607]","[2.668084144592285, 2.978290319442749, 2.7577755451202393, 2.9936065673828125]",0.10694538801908493
contextual_residual,83,train,505bbe9ba4405369,2021.06.14.18.13.35_veh-26,20e402609e615776,1,0.023417454212903976,"[28, 187, 363, 364]",4,0.4690193235874176,0.4781152009963989,"[0.4690193235874176, null, null, null]","[0.4781152009963989, null, null, null]",0.12713712453842163
contextual_residual,83,train,7c0f902cd4a85505,2021.06.14.18.13.35_veh-26,bc0a766ff84b5442,1,0.08933096379041672,"[61, 62, 31, 115]",0,0.0,0.0,"[null, null, null, null]","[null, null, null, null]",0.16962242126464844
contextual_residual,83,train,aa5610ae761e5330,2021.08.17.17.55.18_veh-43,f928e8f7bee55d18,2,0.17878642678260803,"[24, 53, 58, 86]",4,3.9598751068115234,4.133644104003906,"[null, null, null, 3.9598751068115234]","[null, null, null, 4.133644104003906]",0.11104380339384079
contextual_residual,83,train,06f416ef3dbc5656,2021.08.17.17.55.18_veh-43,e0efd254e94b5c5d,1,0.018836738541722298,"[53, 93, 147, 28]",4,0.77436363697052,0.7917195558547974,"[0.77436363697052, null, null, null]","[0.7917195558547974, null, null, null]",0.09739618003368378
contextual_residual,83,train,9adfdd4c06cf5e8c,2021.08.17.17.55.18_veh-43,7032266a8b3259e9,1,0.14186018705368042,"[8, 24, 77, 25]",0,0.0,0.0,"[null, null, null, null]","[null, null, null, null]",0.13627298176288605
contextual_residual,83,train,94014ea94dae5180,2021.08.17.17.55.18_veh-43,03d335bbfd355432,1,0.021290557458996773,"[94, 152, 182, 125]",8,3.4392201900482178,3.5853867530822754,"[null, null, 2.989079475402832, 3.8893609046936035]","[null, null, 3.163558006286621, 4.007215976715088]",0.12395183742046356
contextual_residual,83,train,996a71ebed2d5962,2021.08.17.17.55.18_veh-43,669b4bc52a755a71,1,0.03788501024246216,"[21, 25, 53, 54]",12,1.1734412908554077,1.187923550605774,"[0.8543519973754883, 1.417649745941162, 1.2483222484588623, null]","[0.8833024501800537, 1.4241595268249512, 1.2563081979751587, null]",0.13906894624233246
contextual_residual,83,train,b65cdf1698ec58da,2021.08.17.17.55.18_veh-43,f5ce59f542c15ccf,2,0.15108618140220642,"[180, 181, 26, 220]",8,4.441064834594727,4.621477127075195,"[null, null, 4.520638465881348, 4.361491680145264]","[null, null, 4.718907356262207, 4.524046897888184]",0.15250647068023682
contextual_residual,83,train,7c897aea11555116,2021.08.17.17.55.18_veh-43,119facee9f435d2d,1,0.010945676825940609,"[305, 273, 271, 238]",0,0.0,0.0,"[null, null, null, null]","[null, null, null, null]",0.11495015025138855
contextual_residual,83,train,9d8bbe7081805aff,2021.08.17.17.55.18_veh-43,e4f7253cff9559e5,1,0.5207576751708984,"[126, 75, 25, 107]",8,3.017916679382324,3.0895869731903076,"[null, null, 2.5500636100769043, 3.485769271850586]","[null, null, 2.6028757095336914, 3.576298713684082]",0.15074853599071503
contextual_residual,83,train,6f13db85eb395da6,2021.06.07.18.53.26_veh-26,b4aa9d6255005ff4,1,0.8234675526618958,"[60, 91, 59, 88]",8,0.3406909704208374,0.31467434763908386,"[0.17629989981651306, 0.5050820112228394, null, null]","[0.14594218134880066, 0.48340651392936707, null, null]",0.12679721415042877
contextual_residual,83,train,90bab1d26e77539e,2021.06.07.18.53.26_veh-26,a775290bfe11501c,1,0.4572867155075073,"[60, 30, 29, 195]",12,2.257878541946411,2.3662333488464355,"[null, 1.4196629524230957, 2.486231803894043, 2.8677406311035156]","[null, 1.4319281578063965, 2.6002538204193115, 3.0665173530578613]",0.17443762719631195
contextual_residual,83,train,a0fad9da427656e1,2021.06.07.18.53.26_veh-26,7c918a18841755fe,1,0.8417509198188782,"[86, 145, 85, 26]",16,1.7485677003860474,1.8223507404327393,"[1.9280163049697876, 2.033628225326538, 1.5863806009292603, 1.4462453126907349]","[2.002462387084961, 2.140028476715088, 1.6358420848846436, 1.5110702514648438]",0.1345890611410141
contextual_residual,83,train,cc2769dbb64c51c5,2021.06.07.18.53.26_veh-26,e056042111235af2,0,0.17670166492462158,"[4, 53, 52, 58]",12,2.603442668914795,2.726060390472412,"[2.261181592941284, null, 3.027383804321289, 2.5217626094818115]","[2.410632848739624, null, 3.1281275749206543, 2.639420509338379]",0.13832491636276245
contextual_residual,83,train,3a42aaf9c7ad52b0,2021.06.07.18.53.26_veh-26,a775290bfe11501c,1,0.018649131059646606,"[273, 270, 304, 272]",0,0.0,0.0,"[null, null, null, null]","[null, null, null, null]",0.12202336639165878
contextual_residual,83,train,9ce593252631507d,2021.06.07.18.53.26_veh-26,5ed65930b4c35bfa,1,0.5782194137573242,"[24, 51, 52, 91]",12,2.1666128635406494,2.2942967414855957,"[2.364569664001465, 1.5314850807189941, 2.60378360748291, null]","[2.504786491394043, 1.6278910636901855, 2.750211715698242, null]",0.16130299866199493
contextual_residual,83,train,d7bf7fb4d1995e7e,2021.06.07.18.53.26_veh-26,ead01d808c89587c,1,0.13499456644058228,"[55, 15, 46, 20]",16,1.832489252090454,1.9512985944747925,"[1.7960503101348877, 1.5930984020233154, 1.8578845262527466, 2.0829238891601562]","[1.8992886543273926, 1.724280834197998, 1.9748390913009644, 2.2067856788635254]",0.16481824219226837
contextual_residual,83,train,884a4400377653c4,2021.06.07.18.53.26_veh-26,77179676f4c656da,0,0.1741468906402588,"[13, 6, 14, 12]",16,2.455204725265503,2.5002503395080566,"[1.7529473304748535, 2.3888330459594727, 2.4861764907836914, 3.1928622722625732]","[1.7424076795578003, 2.4310858249664307, 2.5417838096618652, 3.285723924636841]",0.12001089751720428
contextual_residual,83,train,f2a8a11d1d9957c6,2021.08.17.17.17.01_veh-45,d53c011070a753b3,1,0.08028419315814972,"[20, 21, 113, 54]",8,0.5716022253036499,0.5759234428405762,"[0.6054134368896484, 0.5377910733222961, null, null]","[0.6042749881744385, 0.5475719571113586, null, null]",0.12209762632846832
contextual_residual,83,train,448fcc465ce2589c,2021.08.17.17.17.01_veh-45,2d50451fc5045ec3,1,0.1358652561903,"[93, 63, 23, 27]",4,1.5372297763824463,1.5920627117156982,"[1.5372297763824463, null, null, null]","[1.5920627117156982, null, null, null]",0.15669745206832886
contextual_residual,83,train,5b9eea7538235f36,2021.08.17.17.17.01_veh-45,58adb0f87a905810,2,0.14787857234477997,"[123, 124, 118, 150]",12,2.877671003341675,3.0207748413085938,"[1.1857562065124512, 3.838752269744873, null, 3.608504056930542]","[1.2774425745010376, 4.018324375152588, null, 3.7665576934814453]",0.12599614262580872
contextual_residual,83,train,8da3d9d2de0c53bd,2021.08.17.17.17.01_veh-45,56ef3c9f702054a5,0,0.13649965822696686,"[21, 80, 51, 50]",0,0.0,0.0,"[null, null, null, null]","[null, null, null, null]",0.11069317162036896
contextual_residual,83,train,4cb6f16e6fd75ae6,2021.08.17.17.17.01_veh-45,01fcbea54a215b4c,0,0.15432284772396088,"[23, 30, 26, 24]",0,0.0,0.0,"[null, null, null, null]","[null, null, null, null]",0.11377320438623428
contextual_residual,83,train,6bf7c64d674550c0,2021.08.17.17.17.01_veh-45,e9ee1f2ed60e5dad,0,0.10679472237825394,"[21, 28, 30, 29]",16,1.828639268875122,1.8829069137573242,"[0.5599881410598755, 1.3489978313446045, 2.2704150676727295, 3.1351561546325684]","[0.5848507881164551, 1.3773542642593384, 2.3548660278320312, 3.2145566940307617]",0.10542114078998566
contextual_residual,83,train,400d720e95ee5e13,2021.08.17.17.17.01_veh-45,e334ef237217504d,0,0.09611111879348755,"[19, 47, 14, 17]",12,3.9459409713745117,4.14215612411499,"[null, 2.9353065490722656, 4.325498580932617, 4.5770182609558105]","[null, 3.0891504287719727, 4.543522834777832, 4.793794631958008]",0.1224541887640953
contextual_residual,83,train,f16683fd19e558c2,2021.08.17.17.17.01_veh-45,091fcca513f752d2,0,0.12078209966421127,"[16, 30, 85, 12]",4,3.223578453063965,3.346363067626953,"[null, null, null, 3.223578453063965]","[null, null, null, 3.346363067626953]",0.12495023757219315
contextual_residual,83,development,5b2b2741a9225324,2021.06.07.17.46.49_veh-35,d27fc0739dad5664,1,0.8031191825866699,"[28, 154, 23, 25]",16,1.81857168674469,1.8782589435577393,"[1.7191725969314575, 2.1856791973114014, 1.6070175170898438, 1.7624173164367676]","[1.7262288331985474, 2.276257276535034, 1.6865458488464355, 1.8240034580230713]",0.167589470744133
contextual_residual,83,development,1dc3ed89baf15ac3,2021.06.07.17.46.49_veh-35,1dabc8e66ab15cb6,1,0.21018193662166595,"[305, 304, 302, 337]",4,2.7959861755371094,2.8270907402038574,"[2.7959861755371094, null, null, null]","[2.8270907402038574, null, null, null]",0.0922820046544075
contextual_residual,83,development,2daea025bb7e5a2c,2021.06.07.17.46.49_veh-35,db1cb602e9f05786,1,0.33809125423431396,"[240, 305, 272, 273]",8,3.8705620765686035,3.931864023208618,"[2.670464038848877, 5.07066011428833, null, null]","[2.7030019760131836, 5.160726070404053, null, null]",0.08615417778491974
contextual_residual,83,development,be3bc0fa680c5e33,2021.06.07.17.46.49_veh-35,17a02971177257e5,0,0.578599214553833,"[76, 77, 78, 44]",16,2.2459425926208496,2.2951040267944336,"[2.036400556564331, 2.210188865661621, 2.524477958679199, 2.212702512741089]","[2.0523476600646973, 2.2094359397888184, 2.6076412200927734, 2.3109915256500244]",0.1373068392276764
contextual_residual,83,development,2903fe2f977f5927,2021.06.07.17.46.49_veh-35,f29c7a8c103151ea,1,0.8279829621315002,"[22, 27, 72, 24]",0,0.0,0.0,"[null, null, null, null]","[null, null, null, null]",0.10883574932813644
contextual_residual,83,development,c362c24b66b351ed,2021.06.07.17.46.49_veh-35,186b67f7d5325988,1,1.1287190914154053,"[123, 122, 344, 343]",4,1.4214012622833252,1.4425404071807861,"[1.4214012622833252, null, null, null]","[1.4425404071807861, null, null, null]",0.12730355560779572
contextual_residual,83,development,222f5d6a4aa25d89,2021.06.07.17.46.49_veh-35,75787c317e3a5b82,1,0.629041314125061,"[31, 52, 19, 51]",16,2.5377578735351562,2.5938992500305176,"[1.8261650800704956, 2.327347755432129, 2.910991668701172, 3.086526870727539]","[1.8439059257507324, 2.379810333251953, 2.9787073135375977, 3.173172950744629]",0.17614756524562836
contextual_residual,83,development,933f03af8f385207,2021.06.07.17.46.49_veh-35,9036e1622d84535c,2,0.2911880612373352,"[15, 143, 121, 46]",16,2.182640790939331,2.228151798248291,"[0.771273136138916, 1.6366064548492432, 2.511484146118164, 3.811199188232422]","[0.7853111028671265, 1.6734089851379395, 2.567638635635376, 3.8862485885620117]",0.16565224528312683
contextual_residual,83,development,063ebdb158075369,2021.06.09.11.54.15_veh-12,ff376a5096665630,1,0.04485011845827103,"[27, 30, 31, 93]",8,2.2154667377471924,2.26554536819458,"[1.8646855354309082, 2.5662479400634766, null, null]","[1.915757179260254, 2.6153335571289062, null, null]",0.09417112171649933
contextual_residual,83,development,c0a1b812e095547d,2021.06.09.11.54.15_veh-12,402aea4619c55186,1,0.21531039476394653,"[85, 56, 90, 244]",12,2.37052059173584,2.364022731781006,"[null, 2.648533344268799, 2.2731170654296875, 2.189910888671875]","[null, 2.6444029808044434, 2.2561631202697754, 2.1915016174316406]",0.17493920028209686
contextual_residual,83,development,482f957d79f45f55,2021.06.09.11.54.15_veh-12,5107aa8e98035ec1,1,0.08961742371320724,"[27, 31, 30, 16]",8,2.3828647136688232,2.397550106048584,"[1.9781054258346558, 2.7876243591308594, null, null]","[1.9884612560272217, 2.806638717651367, null, null]",0.10735934972763062
contextual_residual,83,development,6561907765f2550f,2021.06.09.11.54.15_veh-12,91420a0f9dc25fe9,1,0.19655874371528625,"[28, 85, 23, 20]",0,0.0,0.0,"[null, null, null, null]","[null, null, null, null]",0.10876654088497162
contextual_residual,83,development,5742dd4bd86e5127,2021.06.09.11.54.15_veh-12,3c893aadfc175960,1,0.03241133317351341,"[20, 55, 56, 54]",12,0.9429078102111816,0.9580186605453491,"[0.7147735357284546, 0.9682266712188721, 1.1457232236862183, null]","[0.711837887763977, 0.9831119775772095, 1.1791057586669922, null]",0.12472985684871674
contextual_residual,83,development,ecc85792eb665ba0,2021.06.09.11.54.15_veh-12,7b3b09ed718b5bf4,1,0.052360184490680695,"[30, 28, 121, 123]",16,1.806384563446045,1.857406735420227,"[1.1834635734558105, 1.5952634811401367, 2.187098979949951, 2.2597122192382812]","[1.192639946937561, 1.6651883125305176, 2.2499160766601562, 2.3218822479248047]",0.1441132128238678
contextual_residual,83,development,599c900bc4e95312,2021.06.09.11.54.15_veh-12,8f3409a47a455049,2,0.1701405644416809,"[22, 30, 21, 16]",16,3.309870958328247,3.3693904876708984,"[2.0632448196411133, 3.5844345092773438, 3.8304924964904785, 3.761312484741211]","[2.077813148498535, 3.592639446258545, 3.9165587425231934, 3.890549898147583]",0.11459279805421829
contextual_residual,83,development,505cdbada0ee59be,2021.06.09.11.54.15_veh-12,5b7dc6545cc658f0,2,0.18297740817070007,"[88, 81, 80, 119]",16,3.5313258171081543,3.594069004058838,"[2.901937484741211, 3.473327875137329, 3.7213563919067383, 4.028681755065918]","[2.96567702293396, 3.5047149658203125, 3.7736823558807373, 4.132201671600342]",0.1371639221906662
contextual_residual,83,development,836b76b2c8f35990,2021.08.24.17.37.11_veh-08,1d97c042ca575a4c,2,0.6279956698417664,"[187, 185, 159, 188]",8,2.021091938018799,1.9893624782562256,"[1.8821256160736084, 2.1600582599639893, null, null]","[1.8513352870941162, 2.127389907836914, null, null]",0.14760860800743103
contextual_residual,83,development,21eb51db8a675681,2021.08.24.17.37.11_veh-08,ffe62a894e3a5925,1,0.11477861553430557,"[21, 18, 25, 49]",0,0.0,0.0,"[null, null, null, null]","[null, null, null, null]",0.1715662032365799
contextual_residual,83,development,b8bf6e0a15635fa9,2021.08.24.17.37.11_veh-08,00c0acbc4c06557c,2,0.13593296706676483,"[27, 28, 31, 30]",0,0.0,0.0,"[null, null, null, null]","[null, null, null, null]",0.12136281281709671
contextual_residual,83,development,005e12630b405e67,2021.08.24.17.37.11_veh-08,4bfb3377012e5e58,0,0.7329920530319214,"[42, 73, 74, 16]",4,4.304154396057129,4.393916130065918,"[4.304154396057129, null, null, null]","[4.393916130065918, null, null, null]",0.1304435133934021
contextual_residual,83,development,4ece654624b452ac,2021.08.24.17.37.11_veh-08,f68f529d24295c53,1,0.6192770004272461,"[22, 178, 116, 21]",4,2.8696093559265137,2.957014560699463,"[2.8696093559265137, null, null, null]","[2.957014560699463, null, null, null]",0.16802282631397247
contextual_residual,83,development,a7aa6da460a65457,2021.08.24.17.37.11_veh-08,1d97c042ca575a4c,1,0.28439053893089294,"[156, 52, 157, 22]",8,2.0993127822875977,2.1616902351379395,"[1.69539475440979, 2.5032310485839844, null, null]","[1.7331998348236084, 2.5901808738708496, null, null]",0.1674499213695526
contextual_residual,83,development,cc40016cd26a5ff5,2021.08.24.17.37.11_veh-08,a18c9d5742545776,1,0.059887297451496124,"[17, 239, 16, 18]",0,0.0,0.0,"[null, null, null, null]","[null, null, null, null]",0.12603580951690674
contextual_residual,83,development,0a7d7aef157c5bc6,2021.08.24.17.37.11_veh-08,4bfb3377012e5e58,0,0.3395780920982361,"[24, 118, 86, 122]",16,1.9733812808990479,1.9923548698425293,"[0.3615539073944092, 1.0876893997192383, 3.1854498386383057, 3.25883150100708]","[0.34852373600006104, 1.0481476783752441, 3.272062301635742, 3.3006858825683594]",0.12058563530445099
contextual_residual,83,development,7b9a55edcf2752fb,2021.07.16.00.24.14_veh-38,d940d716f6da5650,0,0.11583782732486725,"[107, 76, 48, 77]",12,2.678687572479248,2.7867679595947266,"[2.9581286907196045, null, 2.4225008487701416, 2.6554319858551025]","[3.037233591079712, null, 2.521949052810669, 2.801121711730957]",0.12338715046644211
contextual_residual,83,development,faca4ac928255aed,2021.07.16.00.24.14_veh-38,295cc52db71a5c8d,2,0.14341463148593903,"[25, 88, 281, 54]",8,3.273519992828369,3.3002967834472656,"[null, null, 2.536942720413208, 4.010097503662109]","[null, null, 2.557203531265259, 4.043389797210693]",0.1346164047718048
contextual_residual,83,development,07deb830dc5e525c,2021.07.16.00.24.14_veh-38,15ac832eaeea5acc,1,0.08090817928314209,"[51, 83, 119, 28]",16,2.031630039215088,2.0761749744415283,"[1.7674295902252197, 2.0834059715270996, 2.00775408744812, 2.2679312229156494]","[1.798774242401123, 2.1139907836914062, 2.063784122467041, 2.328151226043701]",0.17390397191047668
contextual_residual,83,development,9ff0cdc8fc715ce3,2021.07.16.00.24.14_veh-38,a3063c20eb1251c7,0,0.12716259062290192,"[337, 369, 368, 399]",0,0.0,0.0,"[null, null, null, null]","[null, null, null, null]",0.1155829131603241
contextual_residual,83,development,461e0a28b1f655aa,2021.07.16.00.24.14_veh-38,d45e467ab1e85825,1,0.24230390787124634,"[50, 20, 25, 22]",4,1.1724458932876587,1.1965669393539429,"[1.1724458932876587, null, null, null]","[1.1965669393539429, null, null, null]",0.17309461534023285
contextual_residual,83,development,548204416ae25b31,2021.07.16.00.24.14_veh-38,072767a0ae2857e9,1,0.10004332661628723,"[335, 336, 397, 398]",0,0.0,0.0,"[null, null, null, null]","[null, null, null, null]",0.09000188112258911
contextual_residual,83,development,e0b0dcb2ea675ec9,2021.07.16.00.24.14_veh-38,a9aeb39738d95e61,1,0.022703027352690697,"[304, 28, 340, 55]",4,1.119678020477295,1.1382601261138916,"[1.119678020477295, null, null, null]","[1.1382601261138916, null, null, null]",0.11322831362485886
contextual_residual,83,development,8fe6aa411d2350f4,2021.07.16.00.24.14_veh-38,c5ba6402b9b6577d,1,0.14124217629432678,"[150, 159, 147, 273]",4,3.0583834648132324,3.1505579948425293,"[3.0583834648132324, null, null, null]","[3.1505579948425293, null, null, null]",0.12885591387748718
contextual_residual,83,development,2587746c51ce582c,2021.06.23.14.54.32_veh-16,8ba21e5f44fd5756,1,0.07266160100698471,"[305, 337, 368, 336]",4,4.396531105041504,4.464977741241455,"[4.396531105041504, null, null, null]","[4.464977741241455, null, null, null]",0.0890422910451889
contextual_residual,83,development,cdb8ed61577455d0,2021.06.23.14.54.32_veh-16,63a378470ecf578a,1,0.18804554641246796,"[80, 49, 19, 82]",4,2.4687211513519287,2.5010905265808105,"[null, 2.4687211513519287, null, null]","[null, 2.5010905265808105, null, null]",0.17893622815608978
contextual_residual,83,development,359653f71f095eb2,2021.06.23.14.54.32_veh-16,764e553f9fa1596e,1,0.29783114790916443,"[122, 21, 22, 82]",4,0.5995069742202759,0.6241004467010498,"[0.5995069742202759, null, null, null]","[0.6241004467010498, null, null, null]",0.09581755101680756
contextual_residual,83,development,e1bd235bf5145312,2021.06.23.14.54.32_veh-16,c21a05faf4f95c23,0,0.05303824692964554,"[125, 127, 63, 95]",12,1.4596694707870483,1.5311715602874756,"[0.5243347883224487, null, 2.1438794136047363, 1.7107939720153809]","[0.5404542684555054, null, 2.2398107051849365, 1.813249111175537]",0.14975908398628235
contextual_residual,83,development,21851d86de975750,2021.06.23.14.54.32_veh-16,0fa6960777235107,1,0.12909060716629028,"[362, 361, 337, 393]",4,3.291485548019409,3.336421489715576,"[3.291485548019409, null, null, null]","[3.336421489715576, null, null, null]",0.09659189730882645
contextual_residual,83,development,41fd5b3cc9cb5e4d,2021.06.23.14.54.32_veh-16,192f476facc35a66,1,0.13287490606307983,"[20, 105, 17, 83]",8,0.9468677043914795,0.9473549127578735,"[0.5797290802001953, 1.3140063285827637, null, null]","[0.5674062371253967, 1.3273035287857056, null, null]",0.1626589149236679
contextual_residual,83,development,80fcfa05a45d5e36,2021.06.23.14.54.32_veh-16,68c36562409856ec,1,0.07484948635101318,"[27, 90, 26, 73]",12,1.3886950016021729,1.4235429763793945,"[1.0614218711853027, 1.4128880500793457, 1.691774845123291, null]","[1.0718590021133423, 1.445650339126587, 1.7531195878982544, null]",0.15200138092041016
contextual_residual,83,development,eca9c65e90335fc5,2021.06.23.14.54.32_veh-16,e302117d34785896,1,0.13899129629135132,"[273, 305, 20, 18]",0,0.0,0.0,"[null, null, null, null]","[null, null, null, null]",0.11212413012981415
contextual_residual,83,development,ebbd33f9058e5e95,2021.06.09.14.50.36_veh-26,818dcca6c1fa5abf,1,0.05057626590132713,"[137, 146, 53, 55]",16,1.9762812852859497,2.057624340057373,"[1.2260022163391113, 1.6775821447372437, 1.835942029953003, 3.1655988693237305]","[1.2571396827697754, 1.7476272583007812, 1.9420764446258545, 3.283653736114502]",0.1302177608013153
contextual_residual,83,development,9a04bc527d215067,2021.06.09.14.50.36_veh-26,5e8a8d507c145bf2,1,0.24178950488567352,"[138, 139, 142, 148]",0,0.0,0.0,"[null, null, null, null]","[null, null, null, null]",0.11518135666847229
contextual_residual,83,development,5a287daa1f775a79,2021.06.09.14.50.36_veh-26,af832f9835ee5efc,0,0.11070966720581055,"[51, 23, 52, 25]",16,2.270665168762207,2.3486366271972656,"[0.7604437470436096, 2.058344841003418, 3.1064047813415527, 3.1574673652648926]","[0.7686232328414917, 2.128565788269043, 3.2138452529907227, 3.2835118770599365]",0.15455302596092224
contextual_residual,83,development,d9a85f2b168854ba,2021.06.09.14.50.36_veh-26,549ee450dacd5abb,1,0.040383584797382355,"[95, 26, 27, 30]",4,1.7496161460876465,1.8054707050323486,"[1.7496161460876465, null, null, null]","[1.8054707050323486, null, null, null]",0.12125810980796814
contextual_residual,83,development,f6d2ad1db3c45c20,2021.06.09.14.50.36_veh-26,e755817de2795e70,0,0.09013868868350983,"[20, 16, 63, 21]",16,1.8550848960876465,1.9358112812042236,"[1.5862443447113037, 1.6874586343765259, 2.0268683433532715, 2.119767665863037]","[1.6354312896728516, 1.8003747463226318, 2.0944101810455322, 2.213029384613037]",0.15508247911930084
contextual_residual,83,development,5cc6394b1dde5e37,2021.06.09.14.50.36_veh-26,3daa89465a7e50bf,0,0.2203482836484909,"[16, 83, 20, 7]",12,3.6987533569335938,3.7169876098632812,"[2.8852860927581787, 4.072254180908203, 4.1387200355529785, null]","[2.880687952041626, 4.114202976226807, 4.156071662902832, null]",0.1602998524904251
contextual_residual,83,development,bd6c7b10ae725c06,2021.06.09.14.50.36_veh-26,40627495cb2f57f2,1,0.16011971235275269,"[52, 25, 89, 83]",8,1.599902868270874,1.6650029420852661,"[1.0130398273468018, 2.1867659091949463, null, null]","[1.025339126586914, 2.3046669960021973, null, null]",0.16706524789333344
contextual_residual,83,development,03ac353ec2a450b4,2021.06.09.14.50.36_veh-26,b133d32ebacf51a4,0,0.09968701004981995,"[13, 14, 43, 74]",16,2.5552005767822266,2.6541991233825684,"[2.171867847442627, 2.524909257888794, 2.817160129547119, 2.7068653106689453]","[2.2593374252319336, 2.607769727706909, 2.937337875366211, 2.8123514652252197]",0.1279042661190033
contextual_residual,83,development,193179dedf975965,2021.07.09.20.59.12_veh-38,140f0b69eb365081,0,0.1398373246192932,"[48, 80, 47, 64]",16,2.5822150707244873,2.655761241912842,"[1.793688178062439, 2.6867127418518066, 2.4589216709136963, 3.3895373344421387]","[1.812315583229065, 2.7443790435791016, 2.538271427154541, 3.52807879447937]",0.13225503265857697
contextual_residual,83,development,ef07b861b51a554e,2021.07.09.20.59.12_veh-38,cb83cacbf41d58b8,1,0.16209734976291656,"[57, 109, 82, 89]",16,2.215575695037842,2.3313753604888916,"[1.9459565877914429, 2.0672106742858887, 2.436638355255127, 2.41249680519104]","[2.04744291305542, 2.1448285579681396, 2.5923385620117188, 2.540891170501709]",0.14834892749786377
contextual_residual,83,development,ce6d2bfacf8655a6,2021.07.09.20.59.12_veh-38,ac873abc79f75609,1,0.06329052150249481,"[57, 78, 31, 120]",4,1.5682008266448975,1.5695677995681763,"[1.5682008266448975, null, null, null]","[1.5695677995681763, null, null, null]",0.15313217043876648
contextual_residual,83,development,6c227ec265b2568d,2021.07.09.20.59.12_veh-38,c63fa36583195676,1,0.252418577671051,"[22, 89, 368, 56]",8,3.6246819496154785,3.709616184234619,"[3.039487361907959, 4.20987606048584, null, null]","[3.0961575508117676, 4.323074817657471, null, null]",0.10503185540437698
contextual_residual,83,development,b0cebe034a265720,2021.07.09.20.59.12_veh-38,f74c2f575df25f4a,1,0.02026141807436943,"[401, 371, 400, 370]",0,0.0,0.0,"[null, null, null, null]","[null, null, null, null]",0.11243602633476257
contextual_residual,83,development,dd2f55420c6b5764,2021.07.09.20.59.12_veh-38,7e572c1c4f5d5df2,1,0.10110416263341904,"[45, 58, 29, 27]",12,1.1932297945022583,1.1971358060836792,"[null, 1.105921745300293, 0.9036065340042114, 1.5701608657836914]","[null, 1.1311194896697998, 0.886951208114624, 1.5733366012573242]",0.14754359424114227
contextual_residual,83,development,b630301843b158d4,2021.07.09.20.59.12_veh-38,315e9411328d5e75,1,0.22986435890197754,"[122, 124, 58, 90]",8,1.292600393295288,1.3932541608810425,"[1.1920359134674072, 1.3931647539138794, null, null]","[1.2946224212646484, 1.4918856620788574, null, null]",0.13575401902198792
contextual_residual,83,development,39fd026d451351e2,2021.07.09.20.59.12_veh-38,73cf910aa2885a71,1,0.13523627817630768,"[92, 61, 93, 94]",0,0.0,0.0,"[null, null, null, null]","[null, null, null, null]",0.13202014565467834
contextual_residual,83,development,5426ae4426ba5534,2021.06.23.18.23.38_veh-26,f72df301ed465fe6,1,0.19205132126808167,"[23, 73, 72, 24]",16,2.412837028503418,2.541144847869873,"[1.8009986877441406, 1.8575408458709717, 2.7617316246032715, 3.231077194213867]","[1.879960060119629, 1.9113012552261353, 2.9302220344543457, 3.443096399307251]",0.17346031963825226
contextual_residual,83,development,fbeab8a882035a94,2021.06.23.18.23.38_veh-26,2e8f4ff50e4a55cc,0,0.18971407413482666,"[4, 36, 5, 17]",16,2.3028111457824707,2.338616371154785,"[1.6600786447525024, 2.2281503677368164, 2.8380813598632812, 2.4849343299865723]","[1.7038888931274414, 2.271559476852417, 2.8882908821105957, 2.4907264709472656]",0.1144881397485733
contextual_residual,83,development,89e963670d89570c,2021.06.23.18.23.38_veh-26,03dbcc9320245d7c,1,0.35325688123703003,"[26, 57, 83, 19]",16,1.9544672966003418,2.0208425521850586,"[1.5783376693725586, 1.8334358930587769, 1.9720100164413452, 2.4340856075286865]","[1.5676218271255493, 1.8364588022232056, 2.1068012714385986, 2.572488307952881]",0.1753288060426712
contextual_residual,83,development,bcff4b28fd875b3d,2021.06.23.18.23.38_veh-26,6f619fabc40050a9,2,0.8119328022003174,"[19, 84, 144, 53]",16,2.5857043266296387,2.638793706893921,"[1.0504255294799805, 3.007035970687866, 3.2449986934661865, 3.0403571128845215]","[1.0284554958343506, 3.0862557888031006, 3.313260316848755, 3.1272034645080566]",0.15710939466953278
contextual_residual,83,development,88666b1c75b75602,2021.06.23.18.23.38_veh-26,99b44236999557c7,1,0.514408528804779,"[144, 114, 112, 177]",16,2.4332919120788574,2.454899311065674,"[2.0363059043884277, 2.2860915660858154, 2.6202030181884766, 2.79056715965271]","[2.039674758911133, 2.3064699172973633, 2.6531729698181152, 2.820280075073242]",0.1706283688545227
contextual_residual,83,development,f72865014d6158a2,2021.06.23.18.23.38_veh-26,84368cbdd7cb5647,2,0.1155545562505722,"[29, 62, 63, 285]",8,2.1317899227142334,2.1528480052948,"[0.7220768332481384, 3.5415031909942627, null, null]","[0.7276648879051208, 3.578030824661255, null, null]",0.10309012234210968
contextual_residual,83,development,7e3b06c8b33156d3,2021.06.23.18.23.38_veh-26,7b483583a2595b0f,1,0.05610430985689163,"[116, 20, 115, 120]",12,1.3524250984191895,1.4053605794906616,"[0.6370939016342163, 1.487592101097107, 1.932589054107666, null]","[0.6718623042106628, 1.5454528331756592, 1.9987667798995972, null]",0.12238717079162598
contextual_residual,83,development,655a064f04e1531b,2021.06.23.18.23.38_veh-26,8997a4a3aadb506a,1,0.14780928194522858,"[18, 50, 23, 82]",16,2.250401258468628,2.326718807220459,"[1.699753761291504, 2.0507309436798096, 2.4790542125701904, 2.772066116333008]","[1.6977730989456177, 2.119145631790161, 2.5937440395355225, 2.896212577819824]",0.15881161391735077
ego_query_residual,29,train,42868079cfb75233,2021.07.09.01.37.16_veh-26,641fad330504500c,1,0.06127306446433067,"[384, 496, 485, 482]",0,0.0,0.0,"[null, null, null, null]","[null, null, null, null]",0.15638338029384613
ego_query_residual,29,train,caafcdd4b7835eb0,2021.07.09.01.37.16_veh-26,359f92c3233457a3,1,0.092311792075634,"[494, 501, 486, 499]",4,2.4600424766540527,2.5420780181884766,"[null, null, null, 2.4600424766540527]","[null, null, null, 2.5420780181884766]",0.10732639580965042
ego_query_residual,29,train,2fa96542484250f0,2021.07.09.01.37.16_veh-26,f89a324077eb57a9,1,0.06062693893909454,"[441, 489, 322, 455]",4,2.1558878421783447,2.2334117889404297,"[null, null, 2.1558878421783447, null]","[null, null, 2.2334117889404297, null]",0.152557834982872
ego_query_residual,29,train,68341772b52f543b,2021.07.09.01.37.16_veh-26,698608aa5fed5770,0,0.049042023718357086,"[511, 478, 490, 431]",8,2.126007080078125,2.203199863433838,"[1.2421152591705322, 3.0098986625671387, null, null]","[1.2439405918121338, 3.162459373474121, null, null]",0.17763468623161316
ego_query_residual,29,train,eabd9d1227785454,2021.07.09.01.37.16_veh-26,a110aeed6ea85e04,1,0.025934210047125816,"[488, 487, 429, 464]",16,2.4873619079589844,2.663158893585205,"[1.840844988822937, 1.7630016803741455, 2.9993393421173096, 3.346261978149414]","[1.8583636283874512, 1.9638864994049072, 3.2877609729766846, 3.542623519897461]",0.21477337181568146
ego_query_residual,29,train,f70d691cf70b5cb3,2021.07.09.01.37.16_veh-26,34dd5ff0548b5455,0,0.038963571190834045,"[484, 450, 420, 483]",8,3.0855319499969482,3.349217414855957,"[2.789090394973755, 3.3819732666015625, null, null]","[3.0477070808410645, 3.6507277488708496, null, null]",0.21635350584983826
ego_query_residual,29,train,aa2fce3e3af55b1c,2021.07.09.01.37.16_veh-26,4ca220b52b5c50af,1,0.023278815671801567,"[237, 451, 387, 420]",4,2.4641966819763184,2.4916183948516846,"[2.4641966819763184, null, null, null]","[2.4916183948516846, null, null, null]",0.16684475541114807
ego_query_residual,29,train,00029eec66d650e1,2021.07.09.01.37.16_veh-26,045ff16e93dc5a42,1,0.034930817782878876,"[243, 242, 241, 235]",4,0.8115507364273071,0.8102182149887085,"[0.8115507364273071, null, null, null]","[0.8102182149887085, null, null, null]",0.175253227353096
ego_query_residual,29,train,0168dd4fffde52ed,2021.06.08.12.00.19_veh-35,a4e97e74e1a150b3,1,0.41935789585113525,"[426, 235, 238, 427]",0,0.0,0.0,"[null, null, null, null]","[null, null, null, null]",0.14945822954177856
ego_query_residual,29,train,c4e9600b96ce5d54,2021.06.08.12.00.19_veh-35,4d01ebfbc43d560b,1,0.030898259952664375,"[423, 241, 486, 215]",4,3.472376823425293,3.6225316524505615,"[3.472376823425293, null, null, null]","[3.6225316524505615, null, null, null]",0.1446656584739685
ego_query_residual,29,train,a80c5ee8b1ff56d8,2021.06.08.12.00.19_veh-35,3ffcb152c57c56c5,1,0.6604886054992676,"[388, 420, 451, 454]",16,2.4144246578216553,2.5268936157226562,"[1.8113234043121338, 2.2647674083709717, 2.5646162033081055, 3.0169920921325684]","[1.88284432888031, 2.361109972000122, 2.6795096397399902, 3.184110164642334]",0.2133040428161621
ego_query_residual,29,train,54f9b4af08e05d79,2021.06.08.12.00.19_veh-35,a2165005ab865a02,1,0.03563661873340607,"[428, 427, 334, 488]",0,0.0,0.0,"[null, null, null, null]","[null, null, null, null]",0.15295937657356262
ego_query_residual,29,train,1657554fc5445eb6,2021.06.08.12.00.19_veh-35,39cbdec7b364501d,2,0.1573401242494583,"[490, 485, 499, 488]",16,2.2976343631744385,2.32397198677063,"[1.891587257385254, 2.1861138343811035, 2.5813872814178467, 2.53144907951355]","[1.9509469270706177, 2.1941304206848145, 2.594390630722046, 2.5564205646514893]",0.18216365575790405
ego_query_residual,29,train,e7cde98715555110,2021.06.08.12.00.19_veh-35,785bf24e15875ef2,1,1.6916204690933228,"[488, 482, 453, 395]",8,2.595372200012207,2.807436466217041,"[2.7629566192626953, 2.4277877807617188, null, null]","[3.0448169708251953, 2.5700559616088867, null, null]",0.2287411391735077
ego_query_residual,29,train,4bb4fd668a805612,2021.06.08.12.00.19_veh-35,c461bc7ab865595e,0,0.21393099427223206,"[486, 453, 390, 451]",16,1.7852740287780762,1.9070661067962646,"[0.9905945062637329, 1.4003260135650635, 2.24523663520813, 2.504938840866089]","[1.0213209390640259, 1.426753282546997, 2.426778793334961, 2.753411293029785]",0.21136172115802765
ego_query_residual,29,train,c1fe3aa66ec55b17,2021.06.08.12.00.19_veh-35,9655be695969522d,1,0.4552505910396576,"[484, 423, 485, 420]",8,3.6340017318725586,3.8324005603790283,"[3.5177037715911865, 3.7502996921539307, null, null]","[3.7377994060516357, 3.927001953125, null, null]",0.14773495495319366
ego_query_residual,29,train,9fe049486481505a,2021.08.17.13.15.12_veh-45,ca75f3286b115d37,0,0.055380679666996,"[493, 462, 496, 486]",16,2.201003313064575,2.3210668563842773,"[0.4311424493789673, 0.9292846322059631, 3.2036337852478027, 4.239952087402344]","[0.4444439709186554, 0.9990816116333008, 3.370807409286499, 4.469934463500977]",0.11626435816287994
ego_query_residual,29,train,f895bc253a215fc4,2021.08.17.13.15.12_veh-45,a3cae0d00733532e,1,0.4222691059112549,"[487, 456, 460, 490]",8,1.2756359577178955,1.340226650238037,"[1.0158153772354126, 1.5354565382003784, null, null]","[1.0761263370513916, 1.6043272018432617, null, null]",0.1894620805978775
ego_query_residual,29,train,f1430641b7685542,2021.08.17.13.15.12_veh-45,81ff4535c5c251d6,1,0.0340457484126091,"[325, 489, 490, 296]",16,1.3537479639053345,1.4043792486190796,"[0.8746503591537476, 1.3309273719787598, 1.4084216356277466, 1.800992488861084]","[0.8527073860168457, 1.3831619024276733, 1.468100905418396, 1.9135469198226929]",0.21000738441944122
ego_query_residual,29,train,ada17d80705459e5,2021.08.17.13.15.12_veh-45,16b335fe131c50be,1,0.06625710427761078,"[422, 423, 427, 463]",0,0.0,0.0,"[null, null, null, null]","[null, null, null, null]",0.2315741330385208
ego_query_residual,29,train,5442925b5514525c,2021.08.17.13.15.12_veh-45,5b0cacf961245153,1,0.21509583294391632,"[488, 495, 489, 457]",4,0.6165634393692017,0.5930241942405701,"[0.6165634393692017, null, null, null]","[0.5930241942405701, null, null, null]",0.19613346457481384
ego_query_residual,29,train,f4be93317adf5091,2021.08.17.13.15.12_veh-45,e2ce597de87f572d,1,0.053076062351465225,"[488, 424, 465, 462]",12,1.5900983810424805,1.638814926147461,"[1.6875170469284058, 1.456199049949646, 1.6265789270401, null]","[1.7187325954437256, 1.5330026149749756, 1.6647099256515503, null]",0.13201801478862762
ego_query_residual,29,train,0c12cf6a804d5e86,2021.08.17.13.15.12_veh-45,8db7aab4ec8458a5,0,0.1261892318725586,"[384, 480, 448, 449]",8,1.9637563228607178,2.0386176109313965,"[null, 1.8950767517089844, 2.032435894012451, null]","[null, 1.925025463104248, 2.152209758758545, null]",0.14562568068504333
ego_query_residual,29,train,a1da8bec7a1c5c7e,2021.08.17.13.15.12_veh-45,c55fafd4f7d05c65,1,0.05775567144155502,"[452, 424, 393, 455]",16,1.7275300025939941,1.7264609336853027,"[1.203862190246582, 1.3621827363967896, 2.1722569465637207, 2.1718180179595947]","[1.193868637084961, 1.3237611055374146, 2.185135841369629, 2.203078269958496]",0.2186681032180786
ego_query_residual,29,train,1b173e83ce58518b,2021.06.08.16.31.33_veh-38,3364fd6ba8365441,1,0.03723982721567154,"[442, 443, 234, 241]",0,0.0,0.0,"[null, null, null, null]","[null, null, null, null]",0.147687166929245
ego_query_residual,29,train,7fa7f2973eb6583d,2021.06.08.16.31.33_veh-38,e6f6b559cbe6534e,1,0.24265509843826294,"[492, 460, 341, 495]",16,1.7034837007522583,1.830804467201233,"[1.3766061067581177, 1.0178091526031494, 1.6554971933364868, 2.7640223503112793]","[1.4643151760101318, 0.9983115196228027, 1.806809425354004, 3.053781509399414]",0.21330642700195312
ego_query_residual,29,train,63818d7962335cb9,2021.06.08.16.31.33_veh-38,3bb603a701225a40,0,0.0582347996532917,"[392, 391, 396, 395]",16,2.0338218212127686,2.1967499256134033,"[2.1244029998779297, 2.169459819793701, 1.7863450050354004, 2.0550789833068848]","[2.317328691482544, 2.380152463912964, 1.961122989654541, 2.1283955574035645]",0.22554895281791687
ego_query_residual,29,train,eb6af2bd1a635cb2,2021.06.08.16.31.33_veh-38,65daba6a1f955c59,1,0.17825116217136383,"[462, 464, 498, 458]",8,1.1225924491882324,1.1772892475128174,"[0.9385014772415161, 1.3066835403442383, null, null]","[0.9715511798858643, 1.3830273151397705, null, null]",0.11910821497440338
ego_query_residual,29,train,6f08f1ba4c555d89,2021.06.08.16.31.33_veh-38,00c6ea1054d15101,1,0.8170306086540222,"[300, 299, 326, 267]",16,1.5794668197631836,1.637009620666504,"[1.0444607734680176, 1.4317246675491333, 1.8119868040084839, 2.0296952724456787]","[1.0744065046310425, 1.476717233657837, 1.8598887920379639, 2.137026071548462]",0.2011229395866394
ego_query_residual,29,train,2af3184e9f0f5697,2021.06.08.16.31.33_veh-38,fb1c65108c895a43,1,0.14682522416114807,"[392, 424, 498, 423]",4,0.9530348777770996,0.9611058235168457,"[0.9530348777770996, null, null, null]","[0.9611058235168457, null, null, null]",0.1232672706246376
ego_query_residual,29,train,33230d8bfa425f6f,2021.06.08.16.31.33_veh-38,3364fd6ba8365441,1,0.2411474883556366,"[458, 503, 501, 461]",16,2.187793493270874,2.343808174133301,"[2.076033592224121, 2.0883874893188477, 2.3147826194763184, 2.271970748901367]","[2.2085142135620117, 2.2469565868377686, 2.4696497917175293, 2.4501118659973145]",0.22254693508148193
ego_query_residual,29,train,dcee65c0765f51bf,2021.06.08.16.31.33_veh-38,7acd2a98ba7b5157,0,0.19312860071659088,"[252, 484, 487, 389]",16,2.248833656311035,2.309696674346924,"[0.8518353700637817, 1.8915895223617554, 3.3188657760620117, 2.933044910430908]","[0.8828856945037842, 1.9436922073364258, 3.4321794509887695, 2.980029582977295]",0.17207443714141846
ego_query_residual,29,train,82abb0794a955aff,2021.10.05.08.11.15_veh-50,d53d220a77795cee,1,0.5376393795013428,"[501, 486, 484, 455]",16,1.6641504764556885,1.6690932512283325,"[1.440373182296753, 1.38502836227417, 1.649300456047058, 2.1819000244140625]","[1.4341461658477783, 1.4201219081878662, 1.5739059448242188, 2.248199462890625]",0.22287032008171082
ego_query_residual,29,train,fa9ebf82174f56e2,2021.10.05.08.11.15_veh-50,81ed977eb5a1520d,1,0.3815021514892578,"[484, 485, 487, 399]",16,1.7027770280838013,1.7329928874969482,"[0.9476838111877441, 1.8100831508636475, 1.6972754001617432, 2.356065273284912]","[0.9202685356140137, 1.869367241859436, 1.722416639328003, 2.419919013977051]",0.22523407638072968
ego_query_residual,29,train,de7aee4bfd4650d8,2021.10.05.08.11.15_veh-50,8a8fe2f545dd5865,2,0.5696359276771545,"[402, 467, 370, 435]",12,2.8103675842285156,3.075302839279175,"[2.971409320831299, null, 2.7839953899383545, 2.6756978034973145]","[3.25732421875, null, 3.0304789543151855, 2.9381046295166016]",0.23122051358222961
ego_query_residual,29,train,7f74e72074485b12,2021.10.05.08.11.15_veh-50,2bbefccd0ef85651,1,0.7906383275985718,"[495, 496, 497, 463]",0,0.0,0.0,"[null, null, null, null]","[null, null, null, null]",0.16933327913284302
ego_query_residual,29,train,acf207f491775e7b,2021.10.05.08.11.15_veh-50,ae67187c90635ca6,0,0.17905382812023163,"[451, 482, 452, 483]",8,1.4696522951126099,1.5108405351638794,"[1.6916875839233398, 1.2476170063018799, null, null]","[1.737138271331787, 1.2845427989959717, null, null]",0.21956518292427063
ego_query_residual,29,train,246eb858bec25310,2021.10.05.08.11.15_veh-50,4782310b87105568,2,0.2988903522491455,"[511, 495, 490, 488]",16,2.063298225402832,2.1565725803375244,"[1.3767173290252686, 2.2024009227752686, 2.294750452041626, 2.379324436187744]","[1.3980095386505127, 2.316093683242798, 2.428328037261963, 2.483858346939087]",0.178142249584198
ego_query_residual,29,train,40e23bdca88c5b0d,2021.10.05.08.11.15_veh-50,780bff4205715957,0,0.2813786268234253,"[390, 358, 391, 451]",12,1.436378002166748,1.5203590393066406,"[1.3484649658203125, 1.5653960704803467, 1.3952727317810059, null]","[1.410933494567871, 1.6876147985458374, 1.4625287055969238, null]",0.22805334627628326
ego_query_residual,29,train,8d59999281da5243,2021.10.05.08.11.15_veh-50,e6ed98e5973e5120,0,0.3771677315235138,"[485, 449, 451, 484]",16,1.4453611373901367,1.4668711423873901,"[0.7218835949897766, 1.8814702033996582, 1.0232203006744385, 2.15487003326416]","[0.7174241542816162, 1.9698752164840698, 0.997231125831604, 2.1829543113708496]",0.20870700478553772
ego_query_residual,29,train,75afc126374359d3,2021.09.15.14.00.15_veh-28,821da079291c52cf,1,0.07765528559684753,"[452, 391, 360, 392]",16,2.522597312927246,2.703439474105835,"[2.193758487701416, 2.6017842292785645, 2.961332321166992, 2.3335137367248535]","[2.359161853790283, 2.798804759979248, 3.1752820014953613, 2.4805092811584473]",0.22630159556865692
ego_query_residual,29,train,973a7c9d77ca5b23,2021.09.15.14.00.15_veh-28,19e39a5880c754ad,1,0.036586932837963104,"[490, 430, 491, 486]",4,2.0967681407928467,2.233736753463745,"[2.0967681407928467, null, null, null]","[2.233736753463745, null, null, null]",0.17254456877708435
ego_query_residual,29,train,095741f4465352b3,2021.09.15.14.00.15_veh-28,96b8f4dbc6995cb7,1,0.09702931344509125,"[487, 501, 488, 509]",16,2.7999112606048584,2.971999406814575,"[2.579329490661621, 2.5104174613952637, 3.254678249359131, 2.855219841003418]","[2.7634193897247314, 2.5907294750213623, 3.4963583946228027, 3.0374903678894043]",0.18770694732666016
ego_query_residual,29,train,4617f5dbb29c500a,2021.09.15.14.00.15_veh-28,07d29dd2e9c6500b,1,0.11469630151987076,"[483, 454, 485, 480]",0,0.0,0.0,"[null, null, null, null]","[null, null, null, null]",0.22065041959285736
ego_query_residual,29,train,b0f67ce7d678590b,2021.09.15.14.00.15_veh-28,9341eeedf0ae5c32,1,0.10705821216106415,"[206, 207, 349, 205]",8,1.1337865591049194,1.1721560955047607,"[1.1265274286270142, 1.1410455703735352, null, null]","[1.1534368991851807, 1.19087553024292, null, null]",0.12361142784357071
ego_query_residual,29,train,13456839ba8c52ef,2021.09.15.14.00.15_veh-28,d24fb2b39ae1574e,1,0.08202893286943436,"[423, 394, 421, 360]",0,0.0,0.0,"[null, null, null, null]","[null, null, null, null]",0.21111397445201874
ego_query_residual,29,train,1df7865b517251d0,2021.09.15.14.00.15_veh-28,dc1ef9d49cb25b98,1,0.021856795996427536,"[473, 507, 379, 508]",8,2.5118017196655273,2.6115283966064453,"[1.8314300775527954, 3.192173480987549, null, null]","[1.8976413011550903, 3.3254151344299316, null, null]",0.18194788694381714
ego_query_residual,29,train,38f3a2f5fe33500f,2021.09.15.14.00.15_veh-28,5a06354563625c69,2,0.3358161151409149,"[487, 458, 426, 493]",16,2.2489936351776123,2.329507827758789,"[1.9689797163009644, 1.961642861366272, 2.3552706241607666, 2.7100815773010254]","[2.033769369125366, 2.0330920219421387, 2.461513042449951, 2.7896571159362793]",0.12093519419431686
ego_query_residual,29,train,95535851c7b75757,2021.07.16.22.40.23_veh-38,6e36585b2ea55145,1,0.10745155811309814,"[429, 497, 464, 460]",8,2.4518823623657227,2.5308566093444824,"[2.482234239578247, 2.4215307235717773, null, null]","[2.6029679775238037, 2.458745241165161, null, null]",0.1775330901145935
ego_query_residual,29,train,6764c662e15e5b48,2021.07.16.22.40.23_veh-38,216d4aa3e3fe59a3,1,0.04044342786073685,"[490, 487, 495, 493]",16,1.662651538848877,1.833306074142456,"[1.2295736074447632, 1.3035974502563477, 1.5238059759140015, 2.5936293601989746]","[1.3807458877563477, 1.4174022674560547, 1.6987981796264648, 2.836277484893799]",0.21645940840244293
ego_query_residual,29,train,7bf05e0f52b75ee2,2021.07.16.22.40.23_veh-38,1deff9a6d27a5f6b,0,0.024580635130405426,"[456, 393, 426, 420]",16,3.267021894454956,3.4164819717407227,"[2.807551383972168, 3.3305001258850098, 3.3423643112182617, 3.5876710414886475]","[2.9325032234191895, 3.4696013927459717, 3.510770320892334, 3.7530531883239746]",0.1461787223815918
ego_query_residual,29,train,673b04fae3fc5595,2021.07.16.22.40.23_veh-38,a7823a906c555e39,1,0.023637328296899796,"[429, 493, 492, 238]",16,1.5276200771331787,1.6632909774780273,"[0.7503452897071838, 0.8123283982276917, 1.149857759475708, 3.39794921875]","[0.8047946095466614, 0.8520619869232178, 1.2620360851287842, 3.7342708110809326]",0.17527735233306885
ego_query_residual,29,train,c8faaa73c9c054d1,2021.07.16.22.40.23_veh-38,98071366467650ae,0,0.08446872234344482,"[422, 419, 390, 459]",16,2.683610439300537,2.8349220752716064,"[1.4869656562805176, 1.8739981651306152, 2.9843409061431885, 4.3891377449035645]","[1.5950922966003418, 1.9849369525909424, 3.146552324295044, 4.613107204437256]",0.16570810973644257
ego_query_residual,29,train,5e5f522e3ecd5cca,2021.07.16.22.40.23_veh-38,900bff237382523c,1,0.31293928623199463,"[450, 487, 470, 486]",4,1.3708693981170654,1.4229977130889893,"[1.3708693981170654, null, null, null]","[1.4229977130889893, null, null, null]",0.2307988703250885
ego_query_residual,29,train,378d61da938e5420,2021.07.16.22.40.23_veh-38,b4d6add3705a50f5,1,0.037061743438243866,"[462, 495, 460, 394]",4,1.7190113067626953,1.8840643167495728,"[1.7190113067626953, null, null, null]","[1.8840643167495728, null, null, null]",0.2253667712211609
ego_query_residual,29,train,8bcd32f3329b5729,2021.07.16.22.40.23_veh-38,ce32a45e2c885ce0,1,0.11684053391218185,"[424, 393, 391, 483]",4,2.217897891998291,2.313004493713379,"[null, null, null, 2.217897891998291]","[null, null, null, 2.313004493713379]",0.1866350919008255
ego_query_residual,29,train,85107617069e5eae,2021.10.05.07.49.39_veh-52,a3270c0c8ca250a5,2,0.47195351123809814,"[451, 486, 459, 425]",16,1.9637956619262695,2.0491087436676025,"[2.6149139404296875, 1.4763280153274536, 1.8007792234420776, 1.963161826133728]","[2.7282609939575195, 1.49849271774292, 1.8576033115386963, 2.1120781898498535]",0.22313973307609558
ego_query_residual,29,train,dd9d8e686a345f74,2021.10.05.07.49.39_veh-52,6ef4b849a52f565e,1,0.1131574735045433,"[487, 424, 456, 485]",16,0.8502712845802307,0.8414191007614136,"[0.43891334533691406, 0.8926806449890137, 1.149989366531372, 0.9195019006729126]","[0.4050857424736023, 0.8846831917762756, 1.1424624919891357, 0.9334449172019958]",0.2321065217256546
ego_query_residual,29,train,d25f823ffc5f55cf,2021.10.05.07.49.39_veh-52,b9c2d90e9f0d5298,2,0.22318971157073975,"[484, 485, 488, 492]",16,2.1203866004943848,2.1047301292419434,"[1.1692113876342773, 1.6162209510803223, 2.806274890899658, 2.889838695526123]","[1.1458896398544312, 1.6337578296661377, 2.706669807434082, 2.932602882385254]",0.18982316553592682
ego_query_residual,29,train,fa41647d02c7591c,2021.10.05.07.49.39_veh-52,425547b119ac51e8,2,0.5701493620872498,"[454, 455, 487, 486]",4,2.487813711166382,2.607384443283081,"[2.487813711166382, null, null, null]","[2.607384443283081, null, null, null]",0.22021806240081787
ego_query_residual,29,train,e1513979c1a25a3a,2021.10.05.07.49.39_veh-52,63675e4e47d35a9c,0,0.30157947540283203,"[389, 354, 421, 452]",16,3.0214414596557617,3.1870534420013428,"[2.8007426261901855, 3.1290059089660645, 3.4086008071899414, 2.7474162578582764]","[3.029097557067871, 3.2474827766418457, 3.59983491897583, 2.871798515319824]",0.2109203040599823
ego_query_residual,29,train,21a96107cf785a63,2021.10.05.07.49.39_veh-52,425547b119ac51e8,0,0.21285170316696167,"[452, 454, 360, 419]",12,1.910096526145935,1.9878886938095093,"[1.8541345596313477, 1.9622981548309326, 1.9138562679290771, null]","[1.9211175441741943, 2.077324390411377, 1.965224027633667, null]",0.22837255895137787
ego_query_residual,29,train,0961f8661d8a58c2,2021.10.05.07.49.39_veh-52,1cb0c69eb34a51f0,2,0.8636681437492371,"[507, 506, 476, 415]",4,0.7654037475585938,0.782264232635498,"[0.7654037475585938, null, null, null]","[0.782264232635498, null, null, null]",0.1252107471227646
ego_query_residual,29,train,5c78f13876e0582b,2021.10.05.07.49.39_veh-52,a140ff94e233594d,1,0.2357640117406845,"[483, 481, 451, 450]",16,1.5637812614440918,1.6183109283447266,"[1.269890308380127, 2.044682502746582, 1.196465253829956, 1.7440869808197021]","[1.3611912727355957, 2.0897207260131836, 1.2556421756744385, 1.7666900157928467]",0.21777810156345367
ego_query_residual,29,train,8b0932e2de6753ab,2021.06.09.12.06.35_veh-35,29cb5c1452bc5bce,1,0.2643672227859497,"[461, 491, 428, 493]",4,2.9630465507507324,3.2195849418640137,"[2.9630465507507324, null, null, null]","[3.2195849418640137, null, null, null]",0.22268368303775787
ego_query_residual,29,train,c2b7349b328858ac,2021.06.09.12.06.35_veh-35,39e28bb91b3c557d,0,0.06288983672857285,"[439, 440, 407, 371]",4,3.612017869949341,3.788238286972046,"[3.612017869949341, null, null, null]","[3.788238286972046, null, null, null]",0.1881747543811798
ego_query_residual,29,train,482e228f118e544b,2021.06.09.12.06.35_veh-35,d8e166bb74fc5f00,1,0.05500960350036621,"[448, 480, 358, 485]",8,2.0201146602630615,2.072115898132324,"[1.6907069683074951, 2.349522590637207, null, null]","[1.7415087223052979, 2.4027233123779297, null, null]",0.13656115531921387
ego_query_residual,29,train,0bcc8551849c538f,2021.06.09.12.06.35_veh-35,ab18f13d87e7560f,1,0.11620882898569107,"[485, 454, 484, 424]",8,0.9506754875183105,0.9104911088943481,"[null, null, 1.1166810989379883, 0.7846699953079224]","[null, null, 1.0427179336547852, 0.7782643437385559]",0.2158764749765396
ego_query_residual,29,train,79ea424b3b2b51e7,2021.06.09.12.06.35_veh-35,7331a1cdf1cd5f28,1,0.04375230520963669,"[238, 239, 480, 241]",8,1.9707460403442383,1.999373435974121,"[null, null, 1.5354214906692505, 2.4060707092285156]","[null, null, 1.5543690919876099, 2.444377899169922]",0.14459942281246185
ego_query_residual,29,train,5a4f5d512d285fd2,2021.06.09.12.06.35_veh-35,7331a1cdf1cd5f28,1,0.09315063059329987,"[486, 493, 448, 454]",0,0.0,0.0,"[null, null, null, null]","[null, null, null, null]",0.2187676578760147
ego_query_residual,29,train,f56f173b6d3b52d4,2021.06.09.12.06.35_veh-35,533c96a969445755,1,0.035376280546188354,"[489, 458, 429, 398]",16,1.2968214750289917,1.3203225135803223,"[1.4267393350601196, 1.13058340549469, 1.758081078529358, 0.8718823194503784]","[1.4487254619598389, 1.1285858154296875, 1.7819163799285889, 0.9220628142356873]",0.22466368973255157
ego_query_residual,29,train,7d14dc9e1394504c,2021.06.09.12.06.35_veh-35,15746f958b855ce1,1,0.08222967386245728,"[394, 362, 393, 363]",4,2.301328659057617,2.3840928077697754,"[2.301328659057617, null, null, null]","[2.3840928077697754, null, null, null]",0.19576242566108704
ego_query_residual,29,train,a0b601837cc25f9a,2021.06.07.12.54.00_veh-35,e6276d5babcf57c5,1,0.14596863090991974,"[483, 453, 421, 451]",16,1.896711826324463,2.0444700717926025,"[1.6248948574066162, 1.4098562002182007, 1.9879571199417114, 2.564138889312744]","[1.7637995481491089, 1.4224803447723389, 2.17643404006958, 2.815166473388672]",0.22450220584869385
ego_query_residual,29,train,dcbf1cf262365995,2021.06.07.12.54.00_veh-35,e7819c9d528b5035,1,1.4780646562576294,"[459, 458, 421, 480]",4,2.5930395126342773,2.692974805831909,"[2.5930395126342773, null, null, null]","[2.692974805831909, null, null, null]",0.13788633048534393
ego_query_residual,29,train,4f0a0a61bdaa5a59,2021.06.07.12.54.00_veh-35,528ee06dd0565678,1,0.15506085753440857,"[484, 452, 482, 421]",4,1.827410101890564,1.9200397729873657,"[1.827410101890564, null, null, null]","[1.9200397729873657, null, null, null]",0.2114400416612625
ego_query_residual,29,train,4c2e114b0f5c5cee,2021.06.07.12.54.00_veh-35,c0d79102a9225562,1,0.2291407287120819,"[333, 361, 334, 329]",16,1.6950474977493286,1.775800108909607,"[0.461550772190094, 1.0267324447631836, 2.0434274673461914, 3.2484793663024902]","[0.446798175573349, 1.0610387325286865, 2.1561827659606934, 3.439180850982666]",0.15381136536598206
ego_query_residual,29,train,9ac6b0c708ef57ba,2021.06.07.12.54.00_veh-35,91deaa6b42c85a71,1,0.1809084713459015,"[392, 424, 391, 362]",4,1.3617546558380127,1.4028615951538086,"[1.3617546558380127, null, null, null]","[1.4028615951538086, null, null, null]",0.217128723859787
ego_query_residual,29,train,8a85218e4a3d5fa2,2021.06.07.12.54.00_veh-35,91deaa6b42c85a71,1,0.3777133524417877,"[452, 454, 391, 453]",0,0.0,0.0,"[null, null, null, null]","[null, null, null, null]",0.20859208703041077
ego_query_residual,29,train,23b79e79cec15f05,2021.06.07.12.54.00_veh-35,f5c76f15450f5cd1,1,0.08210261166095734,"[207, 238, 206, 464]",4,1.0167547464370728,1.0613627433776855,"[1.0167547464370728, null, null, null]","[1.0613627433776855, null, null, null]",0.14935564994812012
ego_query_residual,29,train,e5e57399ea0a5228,2021.06.07.12.54.00_veh-35,25302d95d9f158f7,1,1.1738181114196777,"[454, 392, 422, 360]",16,2.3234434127807617,2.400761127471924,"[2.026236057281494, 2.573178768157959, 2.6706228256225586, 2.023736000061035]","[2.093812942504883, 2.6799607276916504, 2.7822062969207764, 2.0470638275146484]",0.1620601862668991
ego_query_residual,29,train,e1a8d2a630635703,2021.06.14.14.03.45_veh-38,8f286698db6d541b,1,0.1284673660993576,"[396, 491, 500, 494]",16,3.304210662841797,3.440643310546875,"[0.9539779424667358, 1.2033637762069702, 3.1114916801452637, 7.948009967803955]","[0.9647200703620911, 1.201481580734253, 3.2892017364501953, 8.307168960571289]",0.1396494209766388
ego_query_residual,29,train,aece322a1d42538a,2021.06.14.14.03.45_veh-38,7540234731835704,1,0.07586891949176788,"[491, 458, 460, 495]",16,3.6309235095977783,4.018819332122803,"[2.584073543548584, 3.7573177814483643, 4.071597099304199, 4.110706329345703]","[2.8660292625427246, 4.184380531311035, 4.510850429534912, 4.5140180587768555]",0.22329416871070862
ego_query_residual,29,train,9d0bf147438e5fb3,2021.06.14.14.03.45_veh-38,23e9bf0d2cbe5bab,1,0.017406590282917023,"[237, 235, 238, 491]",4,0.5590999126434326,0.5182796120643616,"[0.5590999126434326, null, null, null]","[0.5182796120643616, null, null, null]",0.17420023679733276
ego_query_residual,29,train,f2d2c1ea12755312,2021.06.14.14.03.45_veh-38,34c1915fbf665c36,1,0.05577845126390457,"[498, 497, 237, 238]",8,1.801497220993042,1.9052634239196777,"[1.8090771436691284, 1.793917179107666, null, null]","[1.9172959327697754, 1.8932310342788696, null, null]",0.14643672108650208
ego_query_residual,29,train,cea14bc9e11e5a9a,2021.06.14.14.03.45_veh-38,6be18c3f08665d95,1,0.15325555205345154,"[362, 170, 169, 171]",4,0.8044683933258057,0.8285167217254639,"[0.8044683933258057, null, null, null]","[0.8285167217254639, null, null, null]",0.14825336635112762
ego_query_residual,29,train,4a60572394c95d99,2021.06.14.14.03.45_veh-38,7e940171cbb2501f,1,0.08712655305862427,"[242, 251, 253, 231]",4,0.8940079212188721,0.8708283305168152,"[0.8940079212188721, null, null, null]","[0.8708283305168152, null, null, null]",0.1661847084760666
ego_query_residual,29,train,73c60faa4a4f50d5,2021.06.14.14.03.45_veh-38,3310381978495db6,1,0.05044696107506752,"[331, 330, 483, 361]",16,2.1095669269561768,2.1916651725769043,"[1.3431670665740967, 2.2242465019226074, 2.431882381439209, 2.438971519470215]","[1.3354218006134033, 2.2815685272216797, 2.5932536125183105, 2.5564165115356445]",0.2087661474943161
ego_query_residual,29,train,19d7d544be8b5ed6,2021.06.14.14.03.45_veh-38,faff8007373357b2,0,0.10624795407056808,"[390, 489, 460, 456]",12,7.517140865325928,7.785886287689209,"[1.833508014678955, 9.006635665893555, 11.711278915405273, null]","[1.9747495651245117, 9.366565704345703, 12.016341209411621, null]",0.14580649137496948
ego_query_residual,29,train,0cee9b6cce6b55bb,2021.06.23.17.31.36_veh-16,5dd11df23010512b,1,0.04322380572557449,"[452, 483, 424, 425]",4,1.9249733686447144,2.0642175674438477,"[1.9249733686447144, null, null, null]","[2.0642175674438477, null, null, null]",0.17173725366592407
ego_query_residual,29,train,b7e4f74f963b5911,2021.06.23.17.31.36_veh-16,12076247bcfc52af,0,0.031777724623680115,"[274, 270, 226, 266]",8,1.388645052909851,1.3852720260620117,"[1.2292120456695557, 1.5480780601501465, null, null]","[1.226815938949585, 1.5437283515930176, null, null]",0.1570407599210739
ego_query_residual,29,train,de1498ad86835196,2021.06.23.17.31.36_veh-16,0f8853ece4595cfd,1,0.022124111652374268,"[392, 451, 452, 484]",16,2.8015551567077637,3.0396804809570312,"[1.9621901512145996, 2.1337366104125977, 2.572418689727783, 4.537875175476074]","[2.1217446327209473, 2.3815736770629883, 2.780900001525879, 4.8745036125183105]",0.20759151875972748
ego_query_residual,29,train,025ec42ba16f587d,2021.06.23.17.31.36_veh-16,135f484f0eaf5a02,1,0.1512678563594818,"[488, 428, 485, 398]",16,1.1738840341567993,1.258575439453125,"[1.1340107917785645, 0.5933306813240051, 1.3971683979034424, 1.571026086807251]","[1.2295384407043457, 0.6039589643478394, 1.4609876871109009, 1.7398165464401245]",0.22304214537143707
ego_query_residual,29,train,c3fcca93dde25e14,2021.06.23.17.31.36_veh-16,e9436dfe242a5e1e,0,0.38116514682769775,"[441, 473, 510, 477]",16,2.5650646686553955,2.831329345703125,"[2.4147748947143555, 2.6710472106933594, 2.463524341583252, 2.7109127044677734]","[2.6643943786621094, 2.9627034664154053, 2.716083526611328, 2.9821360111236572]",0.2179103046655655
ego_query_residual,29,train,e06e9be096c55f62,2021.06.23.17.31.36_veh-16,0ecd78b5d8165cd8,0,0.06583910435438156,"[453, 502, 467, 435]",16,1.6200053691864014,1.740619421005249,"[1.5641690492630005, 1.6580746173858643, 1.5469999313354492, 1.710777997970581]","[1.751091480255127, 1.767802357673645, 1.6144412755966187, 1.8291423320770264]",0.21993136405944824
ego_query_residual,29,train,3764fca3eb725eea,2021.06.23.17.31.36_veh-16,83605fe059ea5914,1,0.05472343787550926,"[440, 442, 508, 484]",16,2.400820016860962,2.6616413593292236,"[1.7974051237106323, 2.1049952507019043, 2.786221504211426, 2.914659023284912]","[1.9299585819244385, 2.3147668838500977, 3.134646415710449, 3.2671937942504883]",0.22114641964435577
ego_query_residual,29,train,e37afb24cbc354b1,2021.06.23.17.31.36_veh-16,137a8e2e182e525a,1,0.04455107823014259,"[455, 392, 456, 487]",8,1.72360360622406,1.7823253870010376,"[1.434804081916809, 2.0124032497406006, null, null]","[1.4687690734863281, 2.095881700515747, null, null]",0.12678562104701996
ego_query_residual,29,train,99bf73c4d148509a,2021.06.14.18.13.35_veh-26,ece541c7453e5027,1,0.12332814931869507,"[321, 353, 487, 456]",8,2.2804651260375977,2.336036205291748,"[1.9805290699005127, 2.5804009437561035, null, null]","[1.9756853580474854, 2.6963868141174316, null, null]",0.21562741696834564
ego_query_residual,29,train,82183d4ed7285e2b,2021.06.14.18.13.35_veh-26,15b78bc7ecd45635,2,0.08049046248197556,"[511, 471, 474, 506]",16,2.533259391784668,2.618922710418701,"[1.789553165435791, 2.3901736736297607, 3.0536723136901855, 2.8996386528015137]","[1.850103497505188, 2.4811058044433594, 3.1208224296569824, 3.0236592292785645]",0.16962960362434387
ego_query_residual,29,train,09fc359e65a65d2d,2021.06.14.18.13.35_veh-26,8c1c9f8ebebd5a2c,0,0.03283419460058212,"[369, 243, 207, 336]",0,0.0,0.0,"[null, null, null, null]","[null, null, null, null]",0.12309137731790543
ego_query_residual,29,train,ee6a818615ff51ba,2021.06.14.18.13.35_veh-26,78f10869dcaa5d66,0,0.19623953104019165,"[416, 417, 387, 451]",12,1.8697326183319092,1.906360387802124,"[1.410966157913208, 2.0881056785583496, 2.11012601852417, null]","[1.454075813293457, 2.19372820854187, 2.071276903152466, null]",0.21053025126457214
ego_query_residual,29,train,e134b297048b5c37,2021.06.14.18.13.35_veh-26,290604a14d365b9b,0,0.04309123009443283,"[421, 424, 454, 396]",8,1.747687816619873,1.7952817678451538,"[null, null, 1.6434506177902222, 1.8519251346588135]","[null, null, 1.6766778230667114, 1.9138858318328857]",0.22196023166179657
ego_query_residual,29,train,9c833d715d5a5f2c,2021.06.14.18.13.35_veh-26,ce646f56ab2a530e,0,0.059012774378061295,"[389, 423, 420, 386]",16,2.041384696960449,2.1977522373199463,"[2.03558087348938, 2.0191283226013184, 2.1417040824890137, 1.969125747680664]","[2.202986001968384, 2.1930809020996094, 2.31182599067688, 2.083115577697754]",0.2107802927494049
ego_query_residual,29,train,505bbe9ba4405369,2021.06.14.18.13.35_veh-26,20e402609e615776,1,0.01659085974097252,"[360, 361, 329, 362]",4,0.6681280136108398,0.6766625046730042,"[0.6681280136108398, null, null, null]","[0.6766625046730042, null, null, null]",0.12161743640899658
ego_query_residual,29,train,7c0f902cd4a85505,2021.06.14.18.13.35_veh-26,bc0a766ff84b5442,1,0.08277629315853119,"[391, 419, 452, 481]",0,0.0,0.0,"[null, null, null, null]","[null, null, null, null]",0.21721136569976807
ego_query_residual,29,train,aa5610ae761e5330,2021.08.17.17.55.18_veh-43,f928e8f7bee55d18,2,0.21823742985725403,"[486, 483, 485, 454]",4,3.065033197402954,3.1395673751831055,"[null, null, null, 3.065033197402954]","[null, null, null, 3.1395673751831055]",0.10497284680604935
ego_query_residual,29,train,06f416ef3dbc5656,2021.08.17.17.55.18_veh-43,e0efd254e94b5c5d,1,0.022214362397789955,"[492, 436, 433, 430]",4,1.8994314670562744,2.0206589698791504,"[1.8994314670562744, null, null, null]","[2.0206589698791504, null, null, null]",0.1625240296125412
ego_query_residual,29,train,9adfdd4c06cf5e8c,2021.08.17.17.55.18_veh-43,7032266a8b3259e9,1,0.08461935818195343,"[474, 475, 507, 441]",0,0.0,0.0,"[null, null, null, null]","[null, null, null, null]",0.22313696146011353
ego_query_residual,29,train,94014ea94dae5180,2021.08.17.17.55.18_veh-43,03d335bbfd355432,1,0.03208005428314209,"[399, 432, 237, 238]",8,5.653646945953369,5.793359279632568,"[null, null, 6.301163673400879, 5.006129264831543]","[null, null, 6.571346282958984, 5.015371799468994]",0.14428246021270752
ego_query_residual,29,train,996a71ebed2d5962,2021.08.17.17.55.18_veh-43,669b4bc52a755a71,1,0.1877894252538681,"[484, 452, 456, 504]",12,1.146528720855713,1.2009731531143188,"[1.005602240562439, 1.4501510858535767, 0.983832836151123, null]","[1.0635428428649902, 1.5426406860351562, 0.9967358112335205, null]",0.157532200217247
ego_query_residual,29,train,b65cdf1698ec58da,2021.08.17.17.55.18_veh-43,f5ce59f542c15ccf,2,0.08215664327144623,"[511, 479, 508, 510]",8,1.6694988012313843,1.7323827743530273,"[null, null, 1.833030343055725, 1.505967378616333]","[null, null, 1.918630599975586, 1.5461349487304688]",0.11131006479263306
ego_query_residual,29,train,7c897aea11555116,2021.08.17.17.55.18_veh-43,119facee9f435d2d,1,0.009943717159330845,"[200, 127, 266, 473]",0,0.0,0.0,"[null, null, null, null]","[null, null, null, null]",0.12562577426433563
ego_query_residual,29,train,9d8bbe7081805aff,2021.08.17.17.55.18_veh-43,e4f7253cff9559e5,1,0.5209797620773315,"[456, 327, 385, 329]",8,2.6462345123291016,2.6971235275268555,"[null, null, 2.2930684089660645, 2.9994006156921387]","[null, null, 2.286860227584839, 3.107386589050293]",0.21674200892448425
ego_query_residual,29,train,6f13db85eb395da6,2021.06.07.18.53.26_veh-26,b4aa9d6255005ff4,1,0.7897543907165527,"[487, 488, 491, 460]",8,0.6322823762893677,0.6207555532455444,"[0.3145761489868164, 0.949988603591919, null, null]","[0.2590060830116272, 0.9825049638748169, null, null]",0.177126944065094
ego_query_residual,29,train,90bab1d26e77539e,2021.06.07.18.53.26_veh-26,a775290bfe11501c,1,0.5662412047386169,"[491, 429, 493, 459]",12,3.5700526237487793,3.891829252243042,"[null, 3.365536689758301, 3.0653228759765625, 4.279298305511475]","[null, 3.7550806999206543, 3.34049129486084, 4.579915523529053]",0.22087642550468445
ego_query_residual,29,train,a0fad9da427656e1,2021.06.07.18.53.26_veh-26,7c918a18841755fe,1,0.7965459823608398,"[385, 450, 354, 452]",16,2.184082508087158,2.2535951137542725,"[1.800171136856079, 2.4146687984466553, 2.0289113521575928, 2.4925789833068848]","[1.8915672302246094, 2.469980001449585, 2.01220965385437, 2.6406235694885254]",0.22609545290470123
ego_query_residual,29,train,cc2769dbb64c51c5,2021.06.07.18.53.26_veh-26,e056042111235af2,0,0.18502798676490784,"[424, 392, 489, 426]",12,2.3045549392700195,2.558173179626465,"[0.9645426273345947, null, 2.693929672241211, 3.255192518234253]","[1.0154426097869873, null, 3.0178351402282715, 3.6412413120269775]",0.2263658493757248
ego_query_residual,29,train,3a42aaf9c7ad52b0,2021.06.07.18.53.26_veh-26,a775290bfe11501c,1,0.01766381785273552,"[324, 356, 235, 326]",0,0.0,0.0,"[null, null, null, null]","[null, null, null, null]",0.13610725104808807
ego_query_residual,29,train,9ce593252631507d,2021.06.07.18.53.26_veh-26,5ed65930b4c35bfa,1,0.5543827414512634,"[487, 485, 488, 457]",12,1.944854497909546,1.9527148008346558,"[1.6216344833374023, 1.9503874778747559, 2.2625410556793213, null]","[1.6395437717437744, 1.90264093875885, 2.3159594535827637, null]",0.2336563915014267
ego_query_residual,29,train,d7bf7fb4d1995e7e,2021.06.07.18.53.26_veh-26,ead01d808c89587c,1,0.11193574965000153,"[485, 486, 484, 483]",16,2.0820889472961426,2.175368309020996,"[1.6705877780914307, 2.1889705657958984, 2.348956823348999, 2.119839906692505]","[1.690114974975586, 2.3097634315490723, 2.4941611289978027, 2.2074337005615234]",0.2315196692943573
ego_query_residual,29,train,884a4400377653c4,2021.06.07.18.53.26_veh-26,77179676f4c656da,0,0.23469340801239014,"[454, 422, 423, 388]",16,1.6728107929229736,1.8352546691894531,"[1.7469027042388916, 1.4361075162887573, 1.8331328630447388, 1.6750999689102173]","[1.9232302904129028, 1.5535019636154175, 2.069669485092163, 1.7946174144744873]",0.21741874516010284
ego_query_residual,29,train,f2a8a11d1d9957c6,2021.08.17.17.17.01_veh-45,d53c011070a753b3,1,0.16560959815979004,"[495, 488, 496, 463]",8,1.4098122119903564,1.494429349899292,"[1.6528173685073853, 1.1668071746826172, null, null]","[1.7488453388214111, 1.2400134801864624, null, null]",0.1425093561410904
ego_query_residual,29,train,448fcc465ce2589c,2021.08.17.17.17.01_veh-45,2d50451fc5045ec3,1,0.09267859160900116,"[503, 403, 501, 437]",4,1.7969905138015747,1.9412068128585815,"[1.7969905138015747, null, null, null]","[1.9412068128585815, null, null, null]",0.22463871538639069
ego_query_residual,29,train,5b9eea7538235f36,2021.08.17.17.17.01_veh-45,58adb0f87a905810,2,0.13513794541358948,"[492, 496, 495, 428]",12,3.278954029083252,3.4154536724090576,"[2.7276909351348877, 3.6994411945343018, null, 3.40972900390625]","[2.859931468963623, 3.8264689445495605, null, 3.5599608421325684]",0.1621435433626175
ego_query_residual,29,train,8da3d9d2de0c53bd,2021.08.17.17.17.01_veh-45,56ef3c9f702054a5,0,0.2129344344139099,"[491, 454, 492, 417]",0,0.0,0.0,"[null, null, null, null]","[null, null, null, null]",0.22331024706363678
ego_query_residual,29,train,4cb6f16e6fd75ae6,2021.08.17.17.17.01_veh-45,01fcbea54a215b4c,0,0.14348986744880676,"[486, 393, 483, 484]",0,0.0,0.0,"[null, null, null, null]","[null, null, null, null]",0.1302463412284851
ego_query_residual,29,train,6bf7c64d674550c0,2021.08.17.17.17.01_veh-45,e9ee1f2ed60e5dad,0,0.09729517996311188,"[492, 422, 496, 488]",16,2.539466142654419,2.650186538696289,"[1.5819153785705566, 1.9919466972351074, 3.2664742469787598, 3.3175277709960938]","[1.6225128173828125, 2.075287342071533, 3.4255378246307373, 3.4774084091186523]",0.1347769796848297
ego_query_residual,29,train,400d720e95ee5e13,2021.08.17.17.17.01_veh-45,e334ef237217504d,0,0.11041536927223206,"[480, 481, 448, 483]",12,2.830112934112549,2.8901965618133545,"[null, 2.5427494049072266, 2.8027477264404297, 3.144841194152832]","[null, 2.626751661300659, 2.8587825298309326, 3.185055732727051]",0.08813001215457916
ego_query_residual,29,train,f16683fd19e558c2,2021.08.17.17.17.01_veh-45,091fcca513f752d2,0,0.16802647709846497,"[492, 455, 485, 392]",4,4.217339992523193,4.335970878601074,"[null, null, null, 4.217339992523193]","[null, null, null, 4.335970878601074]",0.12148457765579224
ego_query_residual,29,development,5b2b2741a9225324,2021.06.07.17.46.49_veh-35,d27fc0739dad5664,1,0.7832837104797363,"[454, 420, 449, 484]",16,2.485802412033081,2.6413073539733887,"[1.8889195919036865, 2.4035041332244873, 2.9677553176879883, 2.683030128479004]","[2.042407512664795, 2.5485730171203613, 3.1803689002990723, 2.793879508972168]",0.21912170946598053
ego_query_residual,29,development,1dc3ed89baf15ac3,2021.06.07.17.46.49_veh-35,1dabc8e66ab15cb6,1,0.22440633177757263,"[491, 421, 235, 237]",4,2.1095876693725586,2.1934852600097656,"[2.1095876693725586, null, null, null]","[2.1934852600097656, null, null, null]",0.1309337466955185
ego_query_residual,29,development,2daea025bb7e5a2c,2021.06.07.17.46.49_veh-35,db1cb602e9f05786,1,0.31497690081596375,"[330, 426, 362, 308]",8,3.5369136333465576,3.6802258491516113,"[2.548314094543457, 4.525513648986816, null, null]","[2.663060188293457, 4.697391510009766, null, null]",0.12240491062402725
ego_query_residual,29,development,be3bc0fa680c5e33,2021.06.07.17.46.49_veh-35,17a02971177257e5,0,0.5275427103042603,"[492, 458, 491, 396]",16,2.1902294158935547,2.261176586151123,"[1.8960938453674316, 1.981751561164856, 2.508688449859619, 2.3743836879730225]","[1.9954290390014648, 2.0330896377563477, 2.6185483932495117, 2.3976387977600098]",0.22789444029331207
ego_query_residual,29,development,2903fe2f977f5927,2021.06.07.17.46.49_veh-35,f29c7a8c103151ea,1,0.9875274896621704,"[391, 423, 300, 268]",0,0.0,0.0,"[null, null, null, null]","[null, null, null, null]",0.11368675529956818
ego_query_residual,29,development,c362c24b66b351ed,2021.06.07.17.46.49_veh-35,186b67f7d5325988,1,1.0520930290222168,"[460, 428, 457, 432]",4,0.68571937084198,0.7118935585021973,"[0.68571937084198, null, null, null]","[0.7118935585021973, null, null, null]",0.1949140727519989
ego_query_residual,29,development,222f5d6a4aa25d89,2021.06.07.17.46.49_veh-35,75787c317e3a5b82,1,0.6786925196647644,"[361, 331, 330, 329]",16,1.5419141054153442,1.5942490100860596,"[0.8510841727256775, 1.4125170707702637, 2.088409185409546, 1.815645694732666]","[0.8690152168273926, 1.4643797874450684, 2.1881871223449707, 1.8554142713546753]",0.2103734314441681
ego_query_residual,29,development,933f03af8f385207,2021.06.07.17.46.49_veh-35,9036e1622d84535c,2,0.43474096059799194,"[354, 353, 352, 351]",16,2.865321159362793,2.9292092323303223,"[2.407285213470459, 2.523644208908081, 2.7693324089050293, 3.7610223293304443]","[2.471188545227051, 2.5815396308898926, 2.8187484741210938, 3.845360517501831]",0.1276598870754242
ego_query_residual,29,development,063ebdb158075369,2021.06.09.11.54.15_veh-12,ff376a5096665630,1,0.04367323964834213,"[240, 242, 435, 238]",8,2.7749314308166504,2.861757755279541,"[2.026064395904541, 3.5237979888916016, null, null]","[2.0891542434692383, 3.6343612670898438, null, null]",0.12941819429397583
ego_query_residual,29,development,c0a1b812e095547d,2021.06.09.11.54.15_veh-12,402aea4619c55186,1,0.19333860278129578,"[391, 472, 471, 470]",12,2.1843714714050293,2.2995376586914062,"[null, 2.301281452178955, 2.032015800476074, 2.2198171615600586]","[null, 2.4595251083374023, 2.0840649604797363, 2.3550219535827637]",0.21688465774059296
ego_query_residual,29,development,482f957d79f45f55,2021.06.09.11.54.15_veh-12,5107aa8e98035ec1,1,0.0840352475643158,"[428, 496, 438, 497]",8,3.443892478942871,3.476473331451416,"[2.5323879718780518, 4.3553972244262695, null, null]","[2.5301735401153564, 4.422773361206055, null, null]",0.13783633708953857
ego_query_residual,29,development,6561907765f2550f,2021.06.09.11.54.15_veh-12,91420a0f9dc25fe9,1,0.0893482118844986,"[458, 399, 505, 489]",0,0.0,0.0,"[null, null, null, null]","[null, null, null, null]",0.21081474423408508
ego_query_residual,29,development,5742dd4bd86e5127,2021.06.09.11.54.15_veh-12,3c893aadfc175960,1,0.0526711568236351,"[354, 267, 363, 331]",12,2.1919634342193604,2.3326027393341064,"[1.523669719696045, 2.054898738861084, 2.997321844100952, null]","[1.6106986999511719, 2.169984817504883, 3.2171244621276855, null]",0.18320715427398682
ego_query_residual,29,development,ecc85792eb665ba0,2021.06.09.11.54.15_veh-12,7b3b09ed718b5bf4,1,0.12538443505764008,"[493, 502, 505, 506]",16,3.465672254562378,3.6998069286346436,"[3.620375394821167, 3.0057995319366455, 3.673802614212036, 3.562711715698242]","[3.947500467300415, 3.208808422088623, 3.872011184692383, 3.770907163619995]",0.21099703013896942
ego_query_residual,29,development,599c900bc4e95312,2021.06.09.11.54.15_veh-12,8f3409a47a455049,2,0.1969223916530609,"[494, 459, 425, 493]",16,3.152433156967163,3.3096132278442383,"[2.9583370685577393, 3.2538397312164307, 3.187955141067505, 3.2096009254455566]","[3.1629648208618164, 3.3425567150115967, 3.2837295532226562, 3.449201822280884]",0.21870096027851105
ego_query_residual,29,development,505cdbada0ee59be,2021.06.09.11.54.15_veh-12,5b7dc6545cc658f0,2,0.138674795627594,"[486, 497, 447, 431]",16,3.2751803398132324,3.4719018936157227,"[3.1512837409973145, 2.9338266849517822, 3.1354222297668457, 3.8801891803741455]","[3.3728866577148438, 3.1137936115264893, 3.3060803413391113, 4.094847202301025]",0.184909850358963
ego_query_residual,29,development,836b76b2c8f35990,2021.08.24.17.37.11_veh-08,1d97c042ca575a4c,2,0.5395153164863586,"[511, 492, 496, 474]",8,3.0347909927368164,3.184814453125,"[2.9232871532440186, 3.146294593811035, null, null]","[3.060466766357422, 3.3091623783111572, null, null]",0.18253467977046967
ego_query_residual,29,development,21eb51db8a675681,2021.08.24.17.37.11_veh-08,ffe62a894e3a5925,1,0.10986362397670746,"[392, 452, 455, 421]",0,0.0,0.0,"[null, null, null, null]","[null, null, null, null]",0.22509576380252838
ego_query_residual,29,development,b8bf6e0a15635fa9,2021.08.24.17.37.11_veh-08,00c0acbc4c06557c,2,0.13759218156337738,"[501, 425, 454, 452]",0,0.0,0.0,"[null, null, null, null]","[null, null, null, null]",0.16190358996391296
ego_query_residual,29,development,005e12630b405e67,2021.08.24.17.37.11_veh-08,4bfb3377012e5e58,0,0.667586088180542,"[454, 487, 420, 486]",4,1.745354175567627,1.8236011266708374,"[1.745354175567627, null, null, null]","[1.8236011266708374, null, null, null]",0.21871317923069
ego_query_residual,29,development,4ece654624b452ac,2021.08.24.17.37.11_veh-08,f68f529d24295c53,1,0.657019853591919,"[483, 419, 358, 450]",4,1.7459454536437988,1.7396965026855469,"[1.7459454536437988, null, null, null]","[1.7396965026855469, null, null, null]",0.22347983717918396
ego_query_residual,29,development,a7aa6da460a65457,2021.08.24.17.37.11_veh-08,1d97c042ca575a4c,1,0.3235470950603485,"[378, 461, 480, 504]",8,1.0947396755218506,1.1542041301727295,"[1.1850734949111938, 1.0044059753417969, null, null]","[1.2713629007339478, 1.0370452404022217, null, null]",0.21059757471084595
ego_query_residual,29,development,cc40016cd26a5ff5,2021.08.24.17.37.11_veh-08,a18c9d5742545776,1,0.09402704983949661,"[480, 504, 475, 507]",0,0.0,0.0,"[null, null, null, null]","[null, null, null, null]",0.12507936358451843
ego_query_residual,29,development,0a7d7aef157c5bc6,2021.08.24.17.37.11_veh-08,4bfb3377012e5e58,0,0.336792528629303,"[422, 421, 423, 499]",16,2.556222915649414,2.691922426223755,"[2.368114948272705, 2.0762243270874023, 2.6656134128570557, 3.114938259124756]","[2.5856847763061523, 2.1958203315734863, 2.743100643157959, 3.243084192276001]",0.1633986383676529
ego_query_residual,29,development,7b9a55edcf2752fb,2021.07.16.00.24.14_veh-38,d940d716f6da5650,0,0.21852746605873108,"[424, 392, 391, 490]",12,1.9103522300720215,2.098104953765869,"[1.534332513809204, null, 1.4433839321136475, 2.753340005874634]","[1.629974603652954, null, 1.5666744709014893, 3.097665309906006]",0.2285851240158081
ego_query_residual,29,development,faca4ac928255aed,2021.07.16.00.24.14_veh-38,295cc52db71a5c8d,2,0.08451002836227417,"[246, 244, 237, 270]",8,4.458094596862793,4.465214729309082,"[null, null, 3.885485887527466, 5.030703067779541]","[null, null, 3.863466501235962, 5.066963195800781]",0.16791799664497375
ego_query_residual,29,development,07deb830dc5e525c,2021.07.16.00.24.14_veh-38,15ac832eaeea5acc,1,0.04644898325204849,"[488, 511, 368, 335]",16,1.6285690069198608,1.732399344444275,"[0.8742514848709106, 1.1167970895767212, 1.3499014377593994, 3.173326015472412]","[0.8639450669288635, 1.1536204814910889, 1.4395571947097778, 3.4724748134613037]",0.21404829621315002
ego_query_residual,29,development,9ff0cdc8fc715ce3,2021.07.16.00.24.14_veh-38,a3063c20eb1251c7,0,0.0941464900970459,"[192, 511, 250, 206]",0,0.0,0.0,"[null, null, null, null]","[null, null, null, null]",0.1534055918455124
ego_query_residual,29,development,461e0a28b1f655aa,2021.07.16.00.24.14_veh-38,d45e467ab1e85825,1,0.07252863049507141,"[489, 458, 429, 461]",4,1.369744062423706,1.483388066291809,"[1.369744062423706, null, null, null]","[1.483388066291809, null, null, null]",0.22621458768844604
ego_query_residual,29,development,548204416ae25b31,2021.07.16.00.24.14_veh-38,072767a0ae2857e9,1,0.08064454048871994,"[279, 319, 314, 316]",0,0.0,0.0,"[null, null, null, null]","[null, null, null, null]",0.10699325054883957
ego_query_residual,29,development,e0b0dcb2ea675ec9,2021.07.16.00.24.14_veh-38,a9aeb39738d95e61,1,0.045929811894893646,"[241, 233, 240, 205]",4,0.49490779638290405,0.4734494090080261,"[0.49490779638290405, null, null, null]","[0.4734494090080261, null, null, null]",0.14604535698890686
ego_query_residual,29,development,8fe6aa411d2350f4,2021.07.16.00.24.14_veh-38,c5ba6402b9b6577d,1,0.10110729187726974,"[488, 456, 429, 487]",4,1.9175503253936768,2.1223130226135254,"[1.9175503253936768, null, null, null]","[2.1223130226135254, null, null, null]",0.18945668637752533
ego_query_residual,29,development,2587746c51ce582c,2021.06.23.14.54.32_veh-16,8ba21e5f44fd5756,1,0.08789025247097015,"[435, 488, 489, 459]",4,3.3400845527648926,3.4068312644958496,"[3.3400845527648926, null, null, null]","[3.4068312644958496, null, null, null]",0.12808933854103088
ego_query_residual,29,development,cdb8ed61577455d0,2021.06.23.14.54.32_veh-16,63a378470ecf578a,1,0.28642338514328003,"[485, 486, 455, 424]",4,1.7807289361953735,1.9681897163391113,"[null, 1.7807289361953735, null, null]","[null, 1.9681897163391113, null, null]",0.2241072803735733
ego_query_residual,29,development,359653f71f095eb2,2021.06.23.14.54.32_veh-16,764e553f9fa1596e,1,0.03568662330508232,"[362, 394, 330, 501]",4,1.2083150148391724,1.1976813077926636,"[1.2083150148391724, null, null, null]","[1.1976813077926636, null, null, null]",0.12566155195236206
ego_query_residual,29,development,e1bd235bf5145312,2021.06.23.14.54.32_veh-16,c21a05faf4f95c23,0,0.29233318567276,"[490, 488, 457, 456]",12,1.1220598220825195,1.1252249479293823,"[0.8063650131225586, null, 1.3675403594970703, 1.1922740936279297]","[0.7638512849807739, null, 1.458207368850708, 1.1536164283752441]",0.2021872103214264
ego_query_residual,29,development,21851d86de975750,2021.06.23.14.54.32_veh-16,0fa6960777235107,1,0.06264524906873703,"[249, 276, 269, 275]",4,1.8210753202438354,1.8454172611236572,"[1.8210753202438354, null, null, null]","[1.8454172611236572, null, null, null]",0.13540245592594147
ego_query_residual,29,development,41fd5b3cc9cb5e4d,2021.06.23.14.54.32_veh-16,192f476facc35a66,1,0.047887057065963745,"[460, 458, 494, 485]",8,1.7720640897750854,1.8090323209762573,"[1.6495115756988525, 1.8946164846420288, null, null]","[1.6905105113983154, 1.9275541305541992, null, null]",0.2044878453016281
ego_query_residual,29,development,80fcfa05a45d5e36,2021.06.23.14.54.32_veh-16,68c36562409856ec,1,0.04286045581102371,"[237, 239, 173, 141]",12,0.8810769319534302,0.916761577129364,"[0.3562379777431488, 0.7322512269020081, 1.5547412633895874, null]","[0.3589940369129181, 0.7466676235198975, 1.644623041152954, null]",0.12752485275268555
ego_query_residual,29,development,eca9c65e90335fc5,2021.06.23.14.54.32_veh-16,e302117d34785896,1,0.12633536756038666,"[407, 441, 472, 426]",0,0.0,0.0,"[null, null, null, null]","[null, null, null, null]",0.1878298968076706
ego_query_residual,29,development,ebbd33f9058e5e95,2021.06.09.14.50.36_veh-26,818dcca6c1fa5abf,1,0.03495820611715317,"[430, 445, 464, 459]",16,6.103171348571777,6.341241359710693,"[1.4679176807403564, 4.359716415405273, 8.597805976867676, 9.987244606018066]","[1.616309404373169, 4.622516632080078, 8.901008605957031, 10.225130081176758]",0.19057276844978333
ego_query_residual,29,development,9a04bc527d215067,2021.06.09.14.50.36_veh-26,5e8a8d507c145bf2,1,0.23496180772781372,"[320, 496, 464, 334]",0,0.0,0.0,"[null, null, null, null]","[null, null, null, null]",0.19556176662445068
ego_query_residual,29,development,5a287daa1f775a79,2021.06.09.14.50.36_veh-26,af832f9835ee5efc,0,0.09127888083457947,"[369, 334, 468, 467]",16,2.7528254985809326,2.8836779594421387,"[1.9282366037368774, 2.169456720352173, 2.8065195083618164, 4.107089042663574]","[1.983375072479248, 2.2560479640960693, 2.9305973052978516, 4.364690780639648]",0.22988475859165192
ego_query_residual,29,development,d9a85f2b168854ba,2021.06.09.14.50.36_veh-26,549ee450dacd5abb,1,0.0998506247997284,"[397, 494, 492, 467]",4,2.326425075531006,2.3896775245666504,"[2.326425075531006, null, null, null]","[2.3896775245666504, null, null, null]",0.21435114741325378
ego_query_residual,29,development,f6d2ad1db3c45c20,2021.06.09.14.50.36_veh-26,e755817de2795e70,0,0.09795011579990387,"[457, 425, 426, 492]",16,1.9768251180648804,2.1464662551879883,"[2.0831756591796875, 2.114142417907715, 1.8203680515289307, 1.889614462852478]","[2.3171396255493164, 2.201683282852173, 2.016676187515259, 2.0503668785095215]",0.2150370478630066
ego_query_residual,29,development,5cc6394b1dde5e37,2021.06.09.14.50.36_veh-26,3daa89465a7e50bf,0,0.185621976852417,"[364, 396, 484, 463]",12,2.612783193588257,2.764390468597412,"[2.506300687789917, 2.75392746925354, 2.5781211853027344, null]","[2.5760843753814697, 2.9192562103271484, 2.797830104827881, null]",0.23099587857723236
ego_query_residual,29,development,bd6c7b10ae725c06,2021.06.09.14.50.36_veh-26,40627495cb2f57f2,1,0.1936524212360382,"[487, 453, 491, 483]",8,1.9469560384750366,2.1079275608062744,"[2.066167116165161, 1.8277448415756226, null, null]","[2.2367770671844482, 1.979077935218811, null, null]",0.22922997176647186
ego_query_residual,29,development,03ac353ec2a450b4,2021.06.09.14.50.36_veh-26,b133d32ebacf51a4,0,0.1303880363702774,"[491, 403, 461, 460]",16,2.0739824771881104,2.2005650997161865,"[1.9234095811843872, 2.1531779766082764, 1.7719168663024902, 2.447425603866577]","[2.0033273696899414, 2.314754009246826, 1.8590326309204102, 2.6251463890075684]",0.2309185266494751
ego_query_residual,29,development,193179dedf975965,2021.07.09.20.59.12_veh-38,140f0b69eb365081,0,0.08838008344173431,"[447, 469, 511, 502]",16,2.348228693008423,2.5086216926574707,"[1.9660588502883911, 2.4971680641174316, 2.3311452865600586, 2.5985429286956787]","[2.0778751373291016, 2.6705188751220703, 2.506909132003784, 2.779183864593506]",0.1930454820394516
ego_query_residual,29,development,ef07b861b51a554e,2021.07.09.20.59.12_veh-38,cb83cacbf41d58b8,1,0.14985068142414093,"[424, 361, 393, 461]",16,2.355203628540039,2.550088882446289,"[1.8659299612045288, 2.412384033203125, 2.3540375232696533, 2.788463592529297]","[1.9109013080596924, 2.6519055366516113, 2.578141689300537, 3.0594077110290527]",0.22396691143512726
ego_query_residual,29,development,ce6d2bfacf8655a6,2021.07.09.20.59.12_veh-38,ac873abc79f75609,1,0.07469139248132706,"[489, 329, 502, 359]",4,2.065934419631958,2.1865220069885254,"[2.065934419631958, null, null, null]","[2.1865220069885254, null, null, null]",0.2231954038143158
ego_query_residual,29,development,6c227ec265b2568d,2021.07.09.20.59.12_veh-38,c63fa36583195676,1,0.2971611022949219,"[421, 450, 392, 236]",8,3.0121097564697266,3.091484546661377,"[2.5105020999908447, 3.5137171745300293, null, null]","[2.5603179931640625, 3.6226515769958496, null, null]",0.14819613099098206
ego_query_residual,29,development,b0cebe034a265720,2021.07.09.20.59.12_veh-38,f74c2f575df25f4a,1,0.01095956563949585,"[255, 287, 285, 276]",0,0.0,0.0,"[null, null, null, null]","[null, null, null, null]",0.15722200274467468
ego_query_residual,29,development,dd2f55420c6b5764,2021.07.09.20.59.12_veh-38,7e572c1c4f5d5df2,1,0.11434779316186905,"[493, 494, 492, 484]",12,3.122100830078125,3.2082347869873047,"[null, 2.9134321212768555, 2.97312593460083, 3.4797439575195312]","[null, 3.013307571411133, 3.0928080081939697, 3.5185885429382324]",0.183829203248024
ego_query_residual,29,development,b630301843b158d4,2021.07.09.20.59.12_veh-38,315e9411328d5e75,1,0.1924593597650528,"[361, 453, 398, 498]",8,2.001959800720215,2.0840141773223877,"[1.7558155059814453, 2.2481040954589844, null, null]","[1.8426158428192139, 2.3254122734069824, null, null]",0.14457054436206818
ego_query_residual,29,development,39fd026d451351e2,2021.07.09.20.59.12_veh-38,73cf910aa2885a71,1,0.19925177097320557,"[486, 500, 489, 454]",0,0.0,0.0,"[null, null, null, null]","[null, null, null, null]",0.13509319722652435
ego_query_residual,29,development,5426ae4426ba5534,2021.06.23.18.23.38_veh-26,f72df301ed465fe6,1,0.14754603803157806,"[332, 331, 300, 488]",16,2.3582592010498047,2.4184250831604004,"[1.0158944129943848, 1.7254455089569092, 3.2609081268310547, 3.4307894706726074]","[0.9681668281555176, 1.735368013381958, 3.371178150177002, 3.598987102508545]",0.2082250863313675
ego_query_residual,29,development,fbeab8a882035a94,2021.06.23.18.23.38_veh-26,2e8f4ff50e4a55cc,0,0.18269050121307373,"[455, 451, 421, 388]",16,1.7950189113616943,1.953623652458191,"[1.8277854919433594, 1.9670017957687378, 1.7490427494049072, 1.6362457275390625]","[1.961379051208496, 2.182396650314331, 1.9173691272735596, 1.753349781036377]",0.20432627201080322
ego_query_residual,29,development,89e963670d89570c,2021.06.23.18.23.38_veh-26,03dbcc9320245d7c,1,0.4428189694881439,"[361, 392, 393, 363]",16,2.2718920707702637,2.385099411010742,"[1.1709074974060059, 1.8041727542877197, 2.751999855041504, 3.360488176345825]","[1.2129137516021729, 1.8596538305282593, 2.891702890396118, 3.5761280059814453]",0.20735305547714233
ego_query_residual,29,development,bcff4b28fd875b3d,2021.06.23.18.23.38_veh-26,6f619fabc40050a9,2,0.7881293296813965,"[490, 496, 453, 506]",16,2.397315263748169,2.3905863761901855,"[1.5349799394607544, 2.846088409423828, 2.8705437183380127, 2.337649345397949]","[1.4805760383605957, 2.8963136672973633, 2.8707799911499023, 2.314675807952881]",0.20389004051685333
ego_query_residual,29,development,88666b1c75b75602,2021.06.23.18.23.38_veh-26,99b44236999557c7,1,0.19486507773399353,"[353, 489, 460, 458]",16,1.5682392120361328,1.6078507900238037,"[1.2450335025787354, 1.939287543296814, 1.8639432191848755, 1.2246921062469482]","[1.2891817092895508, 1.9683830738067627, 1.8878966569900513, 1.2859413623809814]",0.21515581011772156
ego_query_residual,29,development,f72865014d6158a2,2021.06.23.18.23.38_veh-26,84368cbdd7cb5647,2,0.2049933224916458,"[488, 482, 486, 453]",8,2.6203832626342773,2.6934890747070312,"[2.5525243282318115, 2.688241958618164, null, null]","[2.660452365875244, 2.7265260219573975, null, null]",0.15557202696800232
ego_query_residual,29,development,7e3b06c8b33156d3,2021.06.23.18.23.38_veh-26,7b483583a2595b0f,1,0.02091607078909874,"[237, 430, 207, 238]",12,4.790365219116211,4.962297439575195,"[2.158031940460205, 6.458337306976318, 5.754726409912109, null]","[2.2641968727111816, 6.666929244995117, 5.955765724182129, null]",0.12060759961605072
ego_query_residual,29,development,655a064f04e1531b,2021.06.23.18.23.38_veh-26,8997a4a3aadb506a,1,0.18747271597385406,"[489, 458, 356, 486]",16,2.1524710655212402,2.273223638534546,"[1.8864567279815674, 1.5687297582626343, 2.821086883544922, 2.333610773086548]","[1.9729276895523071, 1.6569263935089111, 3.016033411026001, 2.447007656097412]",0.2066010981798172
ego_query_residual,47,train,42868079cfb75233,2021.07.09.01.37.16_veh-26,641fad330504500c,1,0.09879940748214722,"[298, 299, 265, 267]",0,0.0,0.0,"[null, null, null, null]","[null, null, null, null]",0.15232838690280914
ego_query_residual,47,train,caafcdd4b7835eb0,2021.07.09.01.37.16_veh-26,359f92c3233457a3,1,0.07540182024240494,"[274, 271, 288, 303]",4,2.936931610107422,2.9762015342712402,"[null, null, null, 2.936931610107422]","[null, null, null, 2.9762015342712402]",0.14406107366085052
ego_query_residual,47,train,2fa96542484250f0,2021.07.09.01.37.16_veh-26,f89a324077eb57a9,1,0.04917502775788307,"[328, 327, 331, 268]",4,2.008897066116333,2.021329402923584,"[null, null, 2.008897066116333, null]","[null, null, 2.021329402923584, null]",0.15463794767856598
ego_query_residual,47,train,68341772b52f543b,2021.07.09.01.37.16_veh-26,698608aa5fed5770,0,0.05236959084868431,"[303, 445, 438, 245]",8,2.0679261684417725,2.151609420776367,"[1.6395188570022583, 2.496333360671997, null, null]","[1.6969910860061646, 2.6062278747558594, null, null]",0.1387353092432022
ego_query_residual,47,train,eabd9d1227785454,2021.07.09.01.37.16_veh-26,a110aeed6ea85e04,1,0.0408332496881485,"[309, 308, 288, 378]",16,2.0605368614196777,2.1823301315307617,"[1.3232643604278564, 1.2657489776611328, 2.1227896213531494, 3.530344009399414]","[1.3141460418701172, 1.2965848445892334, 2.303798198699951, 3.814791440963745]",0.18589897453784943
ego_query_residual,47,train,f70d691cf70b5cb3,2021.07.09.01.37.16_veh-26,34dd5ff0548b5455,0,0.04872756451368332,"[406, 310, 261, 256]",8,3.526768207550049,3.657374382019043,"[2.9708569049835205, 4.082679748535156, null, null]","[3.0781891345977783, 4.2365593910217285, null, null]",0.12342219054698944
ego_query_residual,47,train,aa2fce3e3af55b1c,2021.07.09.01.37.16_veh-26,4ca220b52b5c50af,1,0.026369523257017136,"[190, 324, 278, 321]",4,2.3599512577056885,2.4834516048431396,"[2.3599512577056885, null, null, null]","[2.4834516048431396, null, null, null]",0.14684556424617767
ego_query_residual,47,train,00029eec66d650e1,2021.07.09.01.37.16_veh-26,045ff16e93dc5a42,1,0.051878392696380615,"[479, 510, 478, 501]",4,0.8409280776977539,0.8555318713188171,"[0.8409280776977539, null, null, null]","[0.8555318713188171, null, null, null]",0.1091240867972374
ego_query_residual,47,train,0168dd4fffde52ed,2021.06.08.12.00.19_veh-35,a4e97e74e1a150b3,1,0.41849929094314575,"[268, 398, 316, 373]",0,0.0,0.0,"[null, null, null, null]","[null, null, null, null]",0.14297153055667877
ego_query_residual,47,train,c4e9600b96ce5d54,2021.06.08.12.00.19_veh-35,4d01ebfbc43d560b,1,0.027932029217481613,"[423, 390, 348, 422]",4,5.099068641662598,5.282087802886963,"[5.099068641662598, null, null, null]","[5.282087802886963, null, null, null]",0.15803179144859314
ego_query_residual,47,train,a80c5ee8b1ff56d8,2021.06.08.12.00.19_veh-35,3ffcb152c57c56c5,1,0.8322498798370361,"[309, 310, 267, 268]",16,1.2701328992843628,1.3296804428100586,"[0.9941301941871643, 0.9071668386459351, 1.3203773498535156, 1.8588569164276123]","[0.9960682392120361, 0.9393292665481567, 1.3972814083099365, 1.9860424995422363]",0.18466773629188538
ego_query_residual,47,train,54f9b4af08e05d79,2021.06.08.12.00.19_veh-35,a2165005ab865a02,1,0.03826978802680969,"[295, 271, 300, 333]",0,0.0,0.0,"[null, null, null, null]","[null, null, null, null]",0.13960061967372894
ego_query_residual,47,train,1657554fc5445eb6,2021.06.08.12.00.19_veh-35,39cbdec7b364501d,2,0.1340913027524948,"[273, 302, 270, 269]",16,3.372379779815674,3.5297746658325195,"[1.2444531917572021, 3.434035539627075, 4.310614585876465, 4.500415802001953]","[1.2879713773727417, 3.5969436168670654, 4.521646499633789, 4.712536811828613]",0.13882355391979218
ego_query_residual,47,train,e7cde98715555110,2021.06.08.12.00.19_veh-35,785bf24e15875ef2,1,1.4251810312271118,"[293, 288, 292, 134]",8,1.8666894435882568,1.9282642602920532,"[1.4301741123199463, 2.3032047748565674, null, null]","[1.493030309677124, 2.3634982109069824, null, null]",0.15995945036411285
ego_query_residual,47,train,4bb4fd668a805612,2021.06.08.12.00.19_veh-35,c461bc7ab865595e,0,0.12342875450849533,"[326, 288, 323, 324]",16,1.3597410917282104,1.3686292171478271,"[0.6233031749725342, 1.0876425504684448, 1.2726298570632935, 2.4553887844085693]","[0.6098529100418091, 1.0922937393188477, 1.2756359577178955, 2.496734142303467]",0.12453563511371613
ego_query_residual,47,train,c1fe3aa66ec55b17,2021.06.08.12.00.19_veh-35,9655be695969522d,1,0.5782176852226257,"[302, 307, 345, 409]",8,2.683762550354004,2.8418586254119873,"[2.750960350036621, 2.616564989089966, null, null]","[2.898711681365967, 2.785005807876587, null, null]",0.160150408744812
ego_query_residual,47,train,9fe049486481505a,2021.08.17.13.15.12_veh-45,ca75f3286b115d37,0,0.025387361645698547,"[297, 304, 333, 324]",16,2.878316879272461,3.115379571914673,"[0.5608055591583252, 2.1669065952301025, 3.8018393516540527, 4.983715534210205]","[0.597122073173523, 2.3894314765930176, 4.122834205627441, 5.352130889892578]",0.15007524192333221
ego_query_residual,47,train,f895bc253a215fc4,2021.08.17.13.15.12_veh-45,a3cae0d00733532e,1,0.07760454714298248,"[271, 270, 238, 273]",8,2.461716890335083,2.493884801864624,"[2.3084042072296143, 2.6150295734405518, null, null]","[2.3476996421813965, 2.6400699615478516, null, null]",0.11322326958179474
ego_query_residual,47,train,f1430641b7685542,2021.08.17.13.15.12_veh-45,81ff4535c5c251d6,1,0.03987701237201691,"[340, 373, 306, 357]",16,1.5686521530151367,1.6577506065368652,"[1.3597538471221924, 1.168248176574707, 1.3490803241729736, 2.397526264190674]","[1.4286526441574097, 1.207482933998108, 1.4337117671966553, 2.561155080795288]",0.18636547029018402
ego_query_residual,47,train,ada17d80705459e5,2021.08.17.13.15.12_veh-45,16b335fe131c50be,1,0.08750934153795242,"[308, 276, 274, 305]",0,0.0,0.0,"[null, null, null, null]","[null, null, null, null]",0.14433105289936066
ego_query_residual,47,train,5442925b5514525c,2021.08.17.13.15.12_veh-45,5b0cacf961245153,1,0.07849374413490295,"[308, 375, 343, 307]",4,1.1525511741638184,1.2026090621948242,"[1.1525511741638184, null, null, null]","[1.2026090621948242, null, null, null]",0.17415869235992432
ego_query_residual,47,train,f4be93317adf5091,2021.08.17.13.15.12_veh-45,e2ce597de87f572d,1,0.054291825741529465,"[261, 310, 307, 309]",12,2.0325489044189453,2.069908618927002,"[1.7823235988616943, 2.2797131538391113, 2.035609245300293, null]","[1.8176970481872559, 2.327110767364502, 2.06491756439209, null]",0.13117539882659912
ego_query_residual,47,train,0c12cf6a804d5e86,2021.08.17.13.15.12_veh-45,8db7aab4ec8458a5,0,0.11108852177858353,"[349, 383, 281, 315]",8,2.455826759338379,2.5503358840942383,"[null, 2.258190393447876, 2.65346360206604, null]","[null, 2.3021013736724854, 2.798570156097412, null]",0.1423880010843277
ego_query_residual,47,train,a1da8bec7a1c5c7e,2021.08.17.13.15.12_veh-45,c55fafd4f7d05c65,1,0.05505392327904701,"[236, 139, 268, 273]",16,3.0116090774536133,3.061347484588623,"[1.9185421466827393, 3.099331855773926, 3.6642327308654785, 3.3643298149108887]","[1.9613943099975586, 3.166639804840088, 3.6979503631591797, 3.419405460357666]",0.16751480102539062
ego_query_residual,47,train,1b173e83ce58518b,2021.06.08.16.31.33_veh-38,3364fd6ba8365441,1,0.03431883454322815,"[408, 441, 377, 379]",0,0.0,0.0,"[null, null, null, null]","[null, null, null, null]",0.12384504824876785
ego_query_residual,47,train,7fa7f2973eb6583d,2021.06.08.16.31.33_veh-38,e6f6b559cbe6534e,1,0.1977241486310959,"[232, 316, 290, 235]",16,2.3130452632904053,2.413408041000366,"[2.0903353691101074, 2.140390396118164, 2.5560810565948486, 2.465373992919922]","[2.1230883598327637, 2.221644401550293, 2.671356439590454, 2.637543201446533]",0.17317858338356018
ego_query_residual,47,train,63818d7962335cb9,2021.06.08.16.31.33_veh-38,3bb603a701225a40,0,0.1138308048248291,"[343, 350, 317, 348]",16,1.5480542182922363,1.586179256439209,"[1.5074131488800049, 1.5447193384170532, 1.6635855436325073, 1.4764988422393799]","[1.529301643371582, 1.5663056373596191, 1.7257989645004272, 1.523310661315918]",0.11204162240028381
ego_query_residual,47,train,eb6af2bd1a635cb2,2021.06.08.16.31.33_veh-38,65daba6a1f955c59,1,0.15311956405639648,"[361, 392, 330, 331]",8,2.699293851852417,2.781424045562744,"[2.608218193054199, 2.7903692722320557, null, null]","[2.689051628112793, 2.8737964630126953, null, null]",0.12611810863018036
ego_query_residual,47,train,6f08f1ba4c555d89,2021.06.08.16.31.33_veh-38,00c6ea1054d15101,1,0.7220698595046997,"[265, 323, 291, 293]",16,1.9497458934783936,1.9868419170379639,"[1.3445870876312256, 2.126708745956421, 2.2109665870666504, 2.1167211532592773]","[1.361622929573059, 2.1605286598205566, 2.2683145999908447, 2.1569013595581055]",0.17480506002902985
ego_query_residual,47,train,2af3184e9f0f5697,2021.06.08.16.31.33_veh-38,fb1c65108c895a43,1,0.1557142585515976,"[236, 274, 268, 299]",4,1.2248722314834595,1.223677158355713,"[1.2248722314834595, null, null, null]","[1.223677158355713, null, null, null]",0.12170177698135376
ego_query_residual,47,train,33230d8bfa425f6f,2021.06.08.16.31.33_veh-38,3364fd6ba8365441,1,0.19154661893844604,"[293, 261, 263, 328]",16,2.2605438232421875,2.3650670051574707,"[1.5914416313171387, 2.2332043647766113, 2.4336185455322266, 2.7839105129241943]","[1.6680318117141724, 2.301933765411377, 2.552374839782715, 2.937927722930908]",0.17286011576652527
ego_query_residual,47,train,dcee65c0765f51bf,2021.06.08.16.31.33_veh-38,7acd2a98ba7b5157,0,0.1407037079334259,"[263, 294, 296, 295]",16,5.456429481506348,5.793586254119873,"[2.968564748764038, 5.762142181396484, 7.285558700561523, 5.809451103210449]","[3.1276001930236816, 6.094187259674072, 7.756124496459961, 6.196433067321777]",0.16298626363277435
ego_query_residual,47,train,82abb0794a955aff,2021.10.05.08.11.15_veh-50,d53d220a77795cee,1,0.40758493542671204,"[270, 238, 271, 272]",16,1.7909815311431885,1.8316168785095215,"[1.3542410135269165, 1.487808108329773, 2.099733829498291, 2.2221431732177734]","[1.3458510637283325, 1.5455788373947144, 2.1466078758239746, 2.2884297370910645]",0.16580207645893097
ego_query_residual,47,train,fa9ebf82174f56e2,2021.10.05.08.11.15_veh-50,81ed977eb5a1520d,1,0.17855747044086456,"[299, 235, 267, 139]",16,2.0803287029266357,2.168738603591919,"[1.944974660873413, 2.2868499755859375, 1.9124794006347656, 2.1770105361938477]","[2.020515203475952, 2.3880109786987305, 1.9795204401016235, 2.2869086265563965]",0.13276657462120056
ego_query_residual,47,train,de7aee4bfd4650d8,2021.10.05.08.11.15_veh-50,8a8fe2f545dd5865,2,0.5874975323677063,"[275, 273, 274, 326]",12,2.8657262325286865,2.939377546310425,"[2.6079440116882324, null, 2.9466819763183594, 3.0425524711608887]","[2.680284023284912, null, 3.0197134017944336, 3.1181344985961914]",0.15395502746105194
ego_query_residual,47,train,7f74e72074485b12,2021.10.05.08.11.15_veh-50,2bbefccd0ef85651,1,0.6415543556213379,"[108, 172, 140, 143]",0,0.0,0.0,"[null, null, null, null]","[null, null, null, null]",0.1607048213481903
ego_query_residual,47,train,acf207f491775e7b,2021.10.05.08.11.15_veh-50,ae67187c90635ca6,0,0.14907793700695038,"[257, 296, 299, 258]",8,1.7563331127166748,1.7599363327026367,"[1.1604832410812378, 2.3521828651428223, null, null]","[1.148276448249817, 2.371595859527588, null, null]",0.13150113821029663
ego_query_residual,47,train,246eb858bec25310,2021.10.05.08.11.15_veh-50,4782310b87105568,2,0.3446051776409149,"[144, 240, 48, 175]",16,2.150125503540039,2.2459206581115723,"[1.610501766204834, 2.2910211086273193, 2.3631174564361572, 2.3358607292175293]","[1.6880524158477783, 2.413170337677002, 2.468827486038208, 2.4136321544647217]",0.1512308567762375
ego_query_residual,47,train,40e23bdca88c5b0d,2021.10.05.08.11.15_veh-50,780bff4205715957,0,0.22671198844909668,"[230, 500, 431, 434]",12,1.8420782089233398,1.8902888298034668,"[1.4356361627578735, 1.6571362018585205, 2.433462619781494, null]","[1.463566780090332, 1.7135417461395264, 2.493757963180542, null]",0.11467856168746948
ego_query_residual,47,train,8d59999281da5243,2021.10.05.08.11.15_veh-50,e6ed98e5973e5120,0,0.5524803400039673,"[319, 287, 351, 348]",16,1.635584831237793,1.6150968074798584,"[1.199968934059143, 1.445565938949585, 2.005807399749756, 1.8909971714019775]","[1.176011562347412, 1.422879934310913, 1.9874402284622192, 1.8740558624267578]",0.13672251999378204
ego_query_residual,47,train,75afc126374359d3,2021.09.15.14.00.15_veh-28,821da079291c52cf,1,0.08466234803199768,"[359, 209, 194, 390]",16,3.5604121685028076,3.633443832397461,"[3.293386936187744, 3.6054177284240723, 3.678107261657715, 3.6647369861602783]","[3.3670380115509033, 3.654540538787842, 3.7353196144104004, 3.776876449584961]",0.16574382781982422
ego_query_residual,47,train,973a7c9d77ca5b23,2021.09.15.14.00.15_veh-28,19e39a5880c754ad,1,0.030514685437083244,"[201, 265, 232, 319]",4,0.722780704498291,0.7448240518569946,"[0.722780704498291, null, null, null]","[0.7448240518569946, null, null, null]",0.1460181176662445
ego_query_residual,47,train,095741f4465352b3,2021.09.15.14.00.15_veh-28,96b8f4dbc6995cb7,1,0.0729595199227333,"[300, 327, 359, 355]",16,2.6250712871551514,2.788206100463867,"[2.1971473693847656, 2.26731276512146, 3.297053575515747, 2.7387712001800537]","[2.301715135574341, 2.415909767150879, 3.5256519317626953, 2.909548282623291]",0.14687193930149078
ego_query_residual,47,train,4617f5dbb29c500a,2021.09.15.14.00.15_veh-28,07d29dd2e9c6500b,1,0.0870044082403183,"[299, 412, 411, 381]",0,0.0,0.0,"[null, null, null, null]","[null, null, null, null]",0.17056827247142792
ego_query_residual,47,train,b0f67ce7d678590b,2021.09.15.14.00.15_veh-28,9341eeedf0ae5c32,1,0.04879765212535858,"[447, 415, 478, 477]",8,1.8483589887619019,1.8998055458068848,"[1.9061095714569092, 1.7906084060668945, null, null]","[1.9606027603149414, 1.8390083312988281, null, null]",0.1617758423089981
ego_query_residual,47,train,13456839ba8c52ef,2021.09.15.14.00.15_veh-28,d24fb2b39ae1574e,1,0.08687163144350052,"[286, 301, 343, 375]",0,0.0,0.0,"[null, null, null, null]","[null, null, null, null]",0.15068082511425018
ego_query_residual,47,train,1df7865b517251d0,2021.09.15.14.00.15_veh-28,dc1ef9d49cb25b98,1,0.02659929357469082,"[423, 407, 456, 363]",8,4.704056262969971,4.886965751647949,"[3.0156054496765137, 6.392507553100586, null, null]","[3.085115432739258, 6.688816547393799, null, null]",0.16193339228630066
ego_query_residual,47,train,38f3a2f5fe33500f,2021.09.15.14.00.15_veh-28,5a06354563625c69,2,0.063239686191082,"[247, 113, 81, 145]",16,3.2634758949279785,3.387022018432617,"[2.744631052017212, 3.3140671253204346, 3.4394309520721436, 3.555774211883545]","[2.849564552307129, 3.4089879989624023, 3.5548393726348877, 3.7346954345703125]",0.12353787571191788
ego_query_residual,47,train,95535851c7b75757,2021.07.16.22.40.23_veh-38,6e36585b2ea55145,1,0.03130913898348808,"[310, 342, 374, 278]",8,2.204104423522949,2.255917549133301,"[1.973679542541504, 2.4345290660858154, null, null]","[1.9844105243682861, 2.5274243354797363, null, null]",0.1641167551279068
ego_query_residual,47,train,6764c662e15e5b48,2021.07.16.22.40.23_veh-38,216d4aa3e3fe59a3,1,0.031493548303842545,"[318, 351, 320, 352]",16,1.364852786064148,1.4051964282989502,"[1.1579523086547852, 0.992746114730835, 1.328249454498291, 1.9804635047912598]","[1.2100491523742676, 0.9999717473983765, 1.3431272506713867, 2.0676376819610596]",0.1675647497177124
ego_query_residual,47,train,7bf05e0f52b75ee2,2021.07.16.22.40.23_veh-38,1deff9a6d27a5f6b,0,0.060334816575050354,"[315, 347, 346, 351]",16,4.058523654937744,4.2576904296875,"[3.7710931301116943, 4.260714530944824, 3.7914180755615234, 4.410868167877197]","[3.904603958129883, 4.400503158569336, 4.011068820953369, 4.714585304260254]",0.15550176799297333
ego_query_residual,47,train,673b04fae3fc5595,2021.07.16.22.40.23_veh-38,a7823a906c555e39,1,0.026843586936593056,"[185, 276, 190, 308]",16,2.167983055114746,2.286576986312866,"[1.8018832206726074, 1.6007392406463623, 2.6283955574035645, 2.6409146785736084]","[1.8691835403442383, 1.6546679735183716, 2.8063759803771973, 2.816080331802368]",0.1716681867837906
ego_query_residual,47,train,c8faaa73c9c054d1,2021.07.16.22.40.23_veh-38,98071366467650ae,0,0.05259833112359047,"[380, 350, 382, 347]",16,1.9960861206054688,2.106215000152588,"[1.185564637184143, 1.877746820449829, 2.4455227851867676, 2.475510597229004]","[1.2017167806625366, 1.9832078218460083, 2.6088619232177734, 2.631073236465454]",0.12406037002801895
ego_query_residual,47,train,5e5f522e3ecd5cca,2021.07.16.22.40.23_veh-38,900bff237382523c,1,0.15406623482704163,"[269, 268, 273, 271]",4,1.7080724239349365,1.7594847679138184,"[1.7080724239349365, null, null, null]","[1.7594847679138184, null, null, null]",0.1618337631225586
ego_query_residual,47,train,378d61da938e5420,2021.07.16.22.40.23_veh-38,b4d6add3705a50f5,1,0.038701221346855164,"[293, 165, 310, 312]",4,1.104459285736084,1.1156299114227295,"[1.104459285736084, null, null, null]","[1.1156299114227295, null, null, null]",0.18124710023403168
ego_query_residual,47,train,8bcd32f3329b5729,2021.07.16.22.40.23_veh-38,ce32a45e2c885ce0,1,0.14791437983512878,"[270, 300, 269, 301]",4,1.3546483516693115,1.3332631587982178,"[null, null, null, 1.3546483516693115]","[null, null, null, 1.3332631587982178]",0.1584228277206421
ego_query_residual,47,train,85107617069e5eae,2021.10.05.07.49.39_veh-52,a3270c0c8ca250a5,2,0.3172636926174164,"[301, 300, 302, 239]",16,2.2168405055999756,2.299698829650879,"[1.3016459941864014, 2.3943870067596436, 2.687368869781494, 2.483959913253784]","[1.3418903350830078, 2.5090551376342773, 2.800848960876465, 2.5470006465911865]",0.15774890780448914
ego_query_residual,47,train,dd9d8e686a345f74,2021.10.05.07.49.39_veh-52,6ef4b849a52f565e,1,0.10094884037971497,"[262, 294, 351, 273]",16,1.0942249298095703,1.11026930809021,"[1.6325805187225342, 0.7448201179504395, 0.9753246903419495, 1.0241742134094238]","[1.6858220100402832, 0.7763929963111877, 0.9705186486244202, 1.00834321975708]",0.16927260160446167
ego_query_residual,47,train,d25f823ffc5f55cf,2021.10.05.07.49.39_veh-52,b9c2d90e9f0d5298,2,0.22893472015857697,"[267, 301, 298, 299]",16,4.458421230316162,4.568016052246094,"[3.4196767807006836, 4.471920013427734, 4.67217493057251, 5.269913196563721]","[3.4917702674865723, 4.556833267211914, 4.80692195892334, 5.416539192199707]",0.11842259019613266
ego_query_residual,47,train,fa41647d02c7591c,2021.10.05.07.49.39_veh-52,425547b119ac51e8,2,0.4212821424007416,"[331, 173, 139, 267]",4,2.7222211360931396,2.8444507122039795,"[2.7222211360931396, null, null, null]","[2.8444507122039795, null, null, null]",0.13500279188156128
ego_query_residual,47,train,e1513979c1a25a3a,2021.10.05.07.49.39_veh-52,63675e4e47d35a9c,0,0.30374693870544434,"[341, 406, 349, 439]",16,2.336491107940674,2.375718593597412,"[1.92759370803833, 2.047823429107666, 2.8337650299072266, 2.5367820262908936]","[1.94996976852417, 2.0597167015075684, 2.8585891723632812, 2.634598970413208]",0.12266971170902252
ego_query_residual,47,train,21a96107cf785a63,2021.10.05.07.49.39_veh-52,425547b119ac51e8,0,0.11432663351297379,"[304, 271, 314, 233]",12,2.037921905517578,2.0239105224609375,"[1.9748338460922241, 2.1774582862854004, 1.9614735841751099, null]","[1.9740736484527588, 2.1576285362243652, 1.9400293827056885, null]",0.1745431125164032
ego_query_residual,47,train,0961f8661d8a58c2,2021.10.05.07.49.39_veh-52,1cb0c69eb34a51f0,2,0.754978597164154,"[280, 279, 281, 249]",4,1.8343896865844727,1.8316247463226318,"[1.8343896865844727, null, null, null]","[1.8316247463226318, null, null, null]",0.1415995955467224
ego_query_residual,47,train,5c78f13876e0582b,2021.10.05.07.49.39_veh-52,a140ff94e233594d,1,0.22809533774852753,"[330, 237, 388, 298]",16,1.6937849521636963,1.7728962898254395,"[1.6098544597625732, 2.023007869720459, 1.3780944347381592, 1.7641830444335938]","[1.6720142364501953, 2.1281490325927734, 1.4291937351226807, 1.8622280359268188]",0.1512995958328247
ego_query_residual,47,train,8b0932e2de6753ab,2021.06.09.12.06.35_veh-35,29cb5c1452bc5bce,1,0.2042653113603592,"[150, 262, 263, 264]",4,1.7977898120880127,1.8191419839859009,"[1.7977898120880127, null, null, null]","[1.8191419839859009, null, null, null]",0.1736217737197876
ego_query_residual,47,train,c2b7349b328858ac,2021.06.09.12.06.35_veh-35,39e28bb91b3c557d,0,0.07181531935930252,"[369, 370, 403, 368]",4,2.6979856491088867,2.7573952674865723,"[2.6979856491088867, null, null, null]","[2.7573952674865723, null, null, null]",0.11669353395700455
ego_query_residual,47,train,482e228f118e544b,2021.06.09.12.06.35_veh-35,d8e166bb74fc5f00,1,0.05065229535102844,"[307, 302, 366, 301]",8,2.459652900695801,2.5291080474853516,"[2.1988227367401123, 2.7204833030700684, null, null]","[2.266826629638672, 2.7913897037506104, null, null]",0.12448078393936157
ego_query_residual,47,train,0bcc8551849c538f,2021.06.09.12.06.35_veh-35,ab18f13d87e7560f,1,0.12738144397735596,"[274, 316, 307, 277]",8,2.167553424835205,2.1869070529937744,"[null, null, 2.2155232429504395, 2.1195831298828125]","[null, null, 2.2416017055511475, 2.1322124004364014]",0.16039718687534332
ego_query_residual,47,train,79ea424b3b2b51e7,2021.06.09.12.06.35_veh-35,7331a1cdf1cd5f28,1,0.026881050318479538,"[330, 231, 298, 320]",8,2.8691506385803223,2.979491710662842,"[null, null, 2.830349922180176, 2.9079513549804688]","[null, null, 2.970823287963867, 2.9881598949432373]",0.13996216654777527
ego_query_residual,47,train,5a4f5d512d285fd2,2021.06.09.12.06.35_veh-35,7331a1cdf1cd5f28,1,0.1348203718662262,"[271, 304, 303, 381]",0,0.0,0.0,"[null, null, null, null]","[null, null, null, null]",0.157168447971344
ego_query_residual,47,train,f56f173b6d3b52d4,2021.06.09.12.06.35_veh-35,533c96a969445755,1,0.02479083463549614,"[161, 258, 182, 350]",16,2.3632864952087402,2.4951977729797363,"[2.0734739303588867, 2.1856112480163574, 2.6056933403015137, 2.5883679389953613]","[2.1561717987060547, 2.308943510055542, 2.764627695083618, 2.7510485649108887]",0.17114347219467163
ego_query_residual,47,train,7d14dc9e1394504c,2021.06.09.12.06.35_veh-35,15746f958b855ce1,1,0.23939666152000427,"[332, 363, 268, 360]",4,1.6752281188964844,1.7109296321868896,"[1.6752281188964844, null, null, null]","[1.7109296321868896, null, null, null]",0.12821607291698456
ego_query_residual,47,train,a0b601837cc25f9a,2021.06.07.12.54.00_veh-35,e6276d5babcf57c5,1,0.1647590547800064,"[314, 316, 310, 318]",16,1.470643401145935,1.5494517087936401,"[1.108378291130066, 1.2710835933685303, 1.7864142656326294, 1.7166976928710938]","[1.1234524250030518, 1.3076386451721191, 1.9253454208374023, 1.8413701057434082]",0.1812029629945755
ego_query_residual,47,train,dcbf1cf262365995,2021.06.07.12.54.00_veh-35,e7819c9d528b5035,1,1.535308599472046,"[290, 328, 398, 300]",4,2.302992820739746,2.3433279991149902,"[2.302992820739746, null, null, null]","[2.3433279991149902, null, null, null]",0.1340755969285965
ego_query_residual,47,train,4f0a0a61bdaa5a59,2021.06.07.12.54.00_veh-35,528ee06dd0565678,1,0.11861393600702286,"[238, 214, 202, 310]",4,1.616101861000061,1.6617151498794556,"[1.616101861000061, null, null, null]","[1.6617151498794556, null, null, null]",0.1783294975757599
ego_query_residual,47,train,4c2e114b0f5c5cee,2021.06.07.12.54.00_veh-35,c0d79102a9225562,1,0.2240840047597885,"[293, 352, 231, 230]",16,2.3971590995788574,2.5513787269592285,"[2.137354850769043, 2.410933017730713, 2.565366268157959, 2.474982261657715]","[2.2382287979125977, 2.549293041229248, 2.7355356216430664, 2.6824562549591064]",0.17243394255638123
ego_query_residual,47,train,9ac6b0c708ef57ba,2021.06.07.12.54.00_veh-35,91deaa6b42c85a71,1,0.23372656106948853,"[276, 248, 302, 283]",4,1.4333980083465576,1.472430944442749,"[1.4333980083465576, null, null, null]","[1.472430944442749, null, null, null]",0.17206260561943054
ego_query_residual,47,train,8a85218e4a3d5fa2,2021.06.07.12.54.00_veh-35,91deaa6b42c85a71,1,0.06380996108055115,"[135, 5, 71, 303]",0,0.0,0.0,"[null, null, null, null]","[null, null, null, null]",0.15633639693260193
ego_query_residual,47,train,23b79e79cec15f05,2021.06.07.12.54.00_veh-35,f5c76f15450f5cd1,1,0.05821879208087921,"[320, 288, 322, 289]",4,1.7675025463104248,1.785707950592041,"[1.7675025463104248, null, null, null]","[1.785707950592041, null, null, null]",0.1358272284269333
ego_query_residual,47,train,e5e57399ea0a5228,2021.06.07.12.54.00_veh-35,25302d95d9f158f7,1,1.2258936166763306,"[440, 408, 308, 392]",16,1.960401177406311,1.9907333850860596,"[1.1631982326507568, 1.958059549331665, 2.244755744934082, 2.4755914211273193]","[1.1757009029388428, 2.011004686355591, 2.282918691635132, 2.493309497833252]",0.1525946408510208
ego_query_residual,47,train,e1a8d2a630635703,2021.06.14.14.03.45_veh-38,8f286698db6d541b,1,0.05285362899303436,"[330, 357, 263, 358]",16,2.1108736991882324,2.1976888179779053,"[1.0165679454803467, 1.1555562019348145, 3.0130715370178223, 3.2582993507385254]","[1.0397993326187134, 1.1874324083328247, 3.129312515258789, 3.434211492538452]",0.12264597415924072
ego_query_residual,47,train,aece322a1d42538a,2021.06.14.14.03.45_veh-38,7540234731835704,1,0.08936627954244614,"[212, 244, 211, 268]",16,2.62359356880188,2.7898430824279785,"[1.5406519174575806, 3.179781913757324, 2.782874822616577, 2.991065502166748]","[1.6298325061798096, 3.3581695556640625, 2.9932968616485596, 3.178072690963745]",0.18291397392749786
ego_query_residual,47,train,9d0bf147438e5fb3,2021.06.14.14.03.45_veh-38,23e9bf0d2cbe5bab,1,0.01509444322437048,"[416, 481, 258, 480]",4,0.7498727440834045,0.7503714561462402,"[0.7498727440834045, null, null, null]","[0.7503714561462402, null, null, null]",0.14636920392513275
ego_query_residual,47,train,f2d2c1ea12755312,2021.06.14.14.03.45_veh-38,34c1915fbf665c36,1,0.048960573971271515,"[307, 309, 275, 277]",8,1.8369519710540771,1.8554956912994385,"[1.205521583557129, 2.4683821201324463, null, null]","[1.2112535238265991, 2.4997377395629883, null, null]",0.15424475073814392
ego_query_residual,47,train,cea14bc9e11e5a9a,2021.06.14.14.03.45_veh-38,6be18c3f08665d95,1,0.13196632266044617,"[408, 374, 377, 409]",4,2.140477180480957,2.215364933013916,"[2.140477180480957, null, null, null]","[2.215364933013916, null, null, null]",0.16905638575553894
ego_query_residual,47,train,4a60572394c95d99,2021.06.14.14.03.45_veh-38,7e940171cbb2501f,1,0.06139326095581055,"[283, 275, 292, 315]",4,2.2820162773132324,2.331099510192871,"[2.2820162773132324, null, null, null]","[2.331099510192871, null, null, null]",0.12520292401313782
ego_query_residual,47,train,73c60faa4a4f50d5,2021.06.14.14.03.45_veh-38,3310381978495db6,1,0.07363587617874146,"[308, 340, 341, 383]",16,2.1581873893737793,2.2421841621398926,"[1.281672716140747, 1.6481362581253052, 2.8386430740356445, 2.8642983436584473]","[1.2943267822265625, 1.7165372371673584, 2.992258071899414, 2.9656147956848145]",0.17987632751464844
ego_query_residual,47,train,19d7d544be8b5ed6,2021.06.14.14.03.45_veh-38,faff8007373357b2,0,0.07278628647327423,"[346, 406, 313, 312]",12,3.8138866424560547,4.013388633728027,"[3.165910243988037, 4.362752914428711, 3.912996292114258, null]","[3.2708563804626465, 4.585437297821045, 4.183870315551758, null]",0.1665956974029541
ego_query_residual,47,train,0cee9b6cce6b55bb,2021.06.23.17.31.36_veh-16,5dd11df23010512b,1,0.04058527201414108,"[159, 318, 319, 382]",4,1.3751263618469238,1.4195406436920166,"[1.3751263618469238, null, null, null]","[1.4195406436920166, null, null, null]",0.13536278903484344
ego_query_residual,47,train,b7e4f74f963b5911,2021.06.23.17.31.36_veh-16,12076247bcfc52af,0,0.02440384402871132,"[346, 382, 447, 379]",8,1.4158494472503662,1.4406096935272217,"[0.9948118329048157, 1.8368868827819824, null, null]","[0.999658465385437, 1.8815608024597168, null, null]",0.13412244617938995
ego_query_residual,47,train,de1498ad86835196,2021.06.23.17.31.36_veh-16,0f8853ece4595cfd,1,0.013268901035189629,"[281, 280, 299, 312]",16,3.036323070526123,3.2390356063842773,"[1.4411745071411133, 2.234184980392456, 3.5146608352661133, 4.9552717208862305]","[1.4961786270141602, 2.369206666946411, 3.7897274494171143, 5.301029682159424]",0.1800057590007782
ego_query_residual,47,train,025ec42ba16f587d,2021.06.23.17.31.36_veh-16,135f484f0eaf5a02,1,0.07174574583768845,"[414, 313, 381, 304]",16,2.2816920280456543,2.3746204376220703,"[1.7125275135040283, 2.233992338180542, 2.355025053024292, 2.825222969055176]","[1.7564221620559692, 2.339622735977173, 2.4298384189605713, 2.972597599029541]",0.1797618716955185
ego_query_residual,47,train,c3fcca93dde25e14,2021.06.23.17.31.36_veh-16,e9436dfe242a5e1e,0,0.30013471841812134,"[198, 181, 410, 294]",16,3.535757064819336,3.645725727081299,"[2.8551077842712402, 3.4496819972991943, 3.7001194953918457, 4.138118743896484]","[2.925518035888672, 3.552032947540283, 3.8368022441864014, 4.268549919128418]",0.12779369950294495
ego_query_residual,47,train,e06e9be096c55f62,2021.06.23.17.31.36_veh-16,0ecd78b5d8165cd8,0,0.09959765523672104,"[309, 321, 372, 295]",16,2.7713782787323,2.849673271179199,"[2.117539882659912, 2.5315279960632324, 3.0924272537231445, 3.34401798248291]","[2.1975958347320557, 2.625950813293457, 3.161721706390381, 3.4134249687194824]",0.1429961621761322
ego_query_residual,47,train,3764fca3eb725eea,2021.06.23.17.31.36_veh-16,83605fe059ea5914,1,0.053272224962711334,"[213, 181, 180, 153]",16,2.0770859718322754,2.25608491897583,"[1.4016507863998413, 2.1013078689575195, 2.229422092437744, 2.5759623050689697]","[1.4997936487197876, 2.2713429927825928, 2.4230453968048096, 2.830157518386841]",0.18047793209552765
ego_query_residual,47,train,e37afb24cbc354b1,2021.06.23.17.31.36_veh-16,137a8e2e182e525a,1,0.034391049295663834,"[278, 234, 284, 246]",8,2.1151490211486816,2.1813783645629883,"[1.962083339691162, 2.268214702606201, null, null]","[2.0385560989379883, 2.3242008686065674, null, null]",0.12034965306520462
ego_query_residual,47,train,99bf73c4d148509a,2021.06.14.18.13.35_veh-26,ece541c7453e5027,1,0.13353212177753448,"[293, 215, 183, 213]",8,1.6689045429229736,1.7027755975723267,"[1.852595329284668, 1.4852137565612793, null, null]","[1.905552625656128, 1.4999988079071045, null, null]",0.1736111342906952
ego_query_residual,47,train,82183d4ed7285e2b,2021.06.14.18.13.35_veh-26,15b78bc7ecd45635,2,0.07463632524013519,"[275, 303, 305, 302]",16,6.303483009338379,6.74296760559082,"[3.8379507064819336, 6.243971824645996, 7.535860061645508, 7.596149444580078]","[4.115034103393555, 6.724705696105957, 8.022542953491211, 8.109588623046875]",0.16432684659957886
ego_query_residual,47,train,09fc359e65a65d2d,2021.06.14.18.13.35_veh-26,8c1c9f8ebebd5a2c,0,0.03270503133535385,"[414, 386, 389, 411]",0,0.0,0.0,"[null, null, null, null]","[null, null, null, null]",0.145425945520401
ego_query_residual,47,train,ee6a818615ff51ba,2021.06.14.18.13.35_veh-26,78f10869dcaa5d66,0,0.1453729271888733,"[478, 225, 290, 224]",12,3.0822582244873047,3.1759276390075684,"[1.1572800874710083, 3.2036688327789307, 4.885825157165527, null]","[1.170814037322998, 3.2992844581604004, 5.057684898376465, null]",0.12219696491956711
ego_query_residual,47,train,e134b297048b5c37,2021.06.14.18.13.35_veh-26,290604a14d365b9b,0,0.06854600459337234,"[337, 251, 377, 252]",8,2.791536331176758,2.9188268184661865,"[null, null, 2.7517027854919434, 2.831369638442993]","[null, null, 2.878326416015625, 2.959327220916748]",0.13611087203025818
ego_query_residual,47,train,9c833d715d5a5f2c,2021.06.14.18.13.35_veh-26,ce646f56ab2a530e,0,0.05483086407184601,"[338, 435, 469, 470]",16,1.8346779346466064,1.887857437133789,"[1.372833490371704, 1.6680481433868408, 2.365464210510254, 1.9323663711547852]","[1.3914209604263306, 1.6991552114486694, 2.441296339035034, 2.019556999206543]",0.09626094996929169
ego_query_residual,47,train,505bbe9ba4405369,2021.06.14.18.13.35_veh-26,20e402609e615776,1,0.027090154588222504,"[415, 279, 190, 266]",4,1.0623743534088135,1.0813355445861816,"[1.0623743534088135, null, null, null]","[1.0813355445861816, null, null, null]",0.1504535973072052
ego_query_residual,47,train,7c0f902cd4a85505,2021.06.14.18.13.35_veh-26,bc0a766ff84b5442,1,0.05887850746512413,"[261, 267, 265, 257]",0,0.0,0.0,"[null, null, null, null]","[null, null, null, null]",0.14737331867218018
ego_query_residual,47,train,aa5610ae761e5330,2021.08.17.17.55.18_veh-43,f928e8f7bee55d18,2,0.06955981999635696,"[240, 273, 278, 242]",4,3.990666627883911,4.2105536460876465,"[null, null, null, 3.990666627883911]","[null, null, null, 4.2105536460876465]",0.11928063631057739
ego_query_residual,47,train,06f416ef3dbc5656,2021.08.17.17.55.18_veh-43,e0efd254e94b5c5d,1,0.023179994896054268,"[334, 212, 237, 270]",4,1.6513164043426514,1.678692102432251,"[1.6513164043426514, null, null, null]","[1.678692102432251, null, null, null]",0.11704300343990326
ego_query_residual,47,train,9adfdd4c06cf5e8c,2021.08.17.17.55.18_veh-43,7032266a8b3259e9,1,0.06989693641662598,"[382, 195, 260, 278]",0,0.0,0.0,"[null, null, null, null]","[null, null, null, null]",0.16033171117305756
ego_query_residual,47,train,94014ea94dae5180,2021.08.17.17.55.18_veh-43,03d335bbfd355432,1,0.026209671050310135,"[409, 376, 342, 510]",8,5.000449180603027,5.1071271896362305,"[null, null, 6.015088081359863, 3.9858100414276123]","[null, null, 6.193352699279785, 4.020901203155518]",0.18250365555286407
ego_query_residual,47,train,996a71ebed2d5962,2021.08.17.17.55.18_veh-43,669b4bc52a755a71,1,0.07985389232635498,"[265, 267, 234, 338]",12,1.6917059421539307,1.7301735877990723,"[1.24563467502594, 1.6117963790893555, 2.217686414718628, null]","[1.2620301246643066, 1.653547763824463, 2.2749428749084473, null]",0.14083854854106903
ego_query_residual,47,train,b65cdf1698ec58da,2021.08.17.17.55.18_veh-43,f5ce59f542c15ccf,2,0.13047730922698975,"[274, 275, 306, 211]",8,5.452935218811035,5.707006931304932,"[null, null, 5.991872310638428, 4.913998603820801]","[null, null, 6.286379814147949, 5.127634525299072]",0.15316268801689148
ego_query_residual,47,train,7c897aea11555116,2021.08.17.17.55.18_veh-43,119facee9f435d2d,1,0.006489915307611227,"[475, 413, 476, 127]",0,0.0,0.0,"[null, null, null, null]","[null, null, null, null]",0.10287053883075714
ego_query_residual,47,train,9d8bbe7081805aff,2021.08.17.17.55.18_veh-43,e4f7253cff9559e5,1,0.2522541284561157,"[197, 200, 168, 199]",8,2.9564552307128906,3.0834994316101074,"[null, null, 2.534250497817993, 3.378659725189209]","[null, null, 2.6429481506347656, 3.524050712585449]",0.1334424763917923
ego_query_residual,47,train,6f13db85eb395da6,2021.06.07.18.53.26_veh-26,b4aa9d6255005ff4,1,1.2057034969329834,"[415, 382, 271, 350]",8,1.965841293334961,1.9891571998596191,"[1.6202771663665771, 2.311405658721924, null, null]","[1.624192476272583, 2.3541221618652344, null, null]",0.1103246882557869
ego_query_residual,47,train,90bab1d26e77539e,2021.06.07.18.53.26_veh-26,a775290bfe11501c,1,0.47237417101860046,"[311, 258, 315, 318]",12,1.9568252563476562,2.057189702987671,"[null, 1.9978541135787964, 1.955744981765747, 1.9168765544891357]","[null, 2.1019439697265625, 2.0357871055603027, 2.0338377952575684]",0.17528685927391052
ego_query_residual,47,train,a0fad9da427656e1,2021.06.07.18.53.26_veh-26,7c918a18841755fe,1,0.7341371774673462,"[348, 311, 345, 316]",16,1.9153327941894531,2.0332694053649902,"[1.9240013360977173, 1.937168836593628, 1.7259975671768188, 2.0741629600524902]","[2.027684450149536, 2.0725839138031006, 1.828163981437683, 2.2046456336975098]",0.1541421264410019
ego_query_residual,47,train,cc2769dbb64c51c5,2021.06.07.18.53.26_veh-26,e056042111235af2,0,0.18186187744140625,"[431, 432, 322, 339]",12,2.4527385234832764,2.532925844192505,"[1.9533395767211914, null, 2.2331748008728027, 3.171701192855835]","[1.9924001693725586, null, 2.321286201477051, 3.2850914001464844]",0.1179710403084755
ego_query_residual,47,train,3a42aaf9c7ad52b0,2021.06.07.18.53.26_veh-26,a775290bfe11501c,1,0.022407379001379013,"[327, 323, 325, 508]",0,0.0,0.0,"[null, null, null, null]","[null, null, null, null]",0.08368188887834549
ego_query_residual,47,train,9ce593252631507d,2021.06.07.18.53.26_veh-26,5ed65930b4c35bfa,1,0.5751751065254211,"[304, 256, 309, 239]",12,2.47871732711792,2.564121723175049,"[1.9997947216033936, 2.500812292098999, 2.935544490814209, null]","[2.05049991607666, 2.571748733520508, 3.0701167583465576, null]",0.17478805780410767
ego_query_residual,47,train,d7bf7fb4d1995e7e,2021.06.07.18.53.26_veh-26,ead01d808c89587c,1,0.11063480377197266,"[271, 349, 321, 270]",16,2.789247512817383,2.8527207374572754,"[2.652374505996704, 3.092088222503662, 2.519932270050049, 2.892594814300537]","[2.678771734237671, 3.1387248039245605, 2.5734703540802, 3.019916534423828]",0.16512452065944672
ego_query_residual,47,train,884a4400377653c4,2021.06.07.18.53.26_veh-26,77179676f4c656da,0,0.12842866778373718,"[288, 321, 320, 326]",16,3.5342955589294434,3.632068157196045,"[2.9865100383758545, 3.4747579097747803, 3.487020969390869, 4.188894271850586]","[3.0223851203918457, 3.570794105529785, 3.613497495651245, 4.321596145629883]",0.12186054140329361
ego_query_residual,47,train,f2a8a11d1d9957c6,2021.08.17.17.17.01_veh-45,d53c011070a753b3,1,0.1601455807685852,"[343, 256, 292, 267]",8,1.1501896381378174,1.175923228263855,"[1.314872145652771, 0.9855071306228638, null, null]","[1.3453714847564697, 1.0064748525619507, null, null]",0.13625468313694
ego_query_residual,47,train,448fcc465ce2589c,2021.08.17.17.17.01_veh-45,2d50451fc5045ec3,1,0.10746856033802032,"[316, 129, 160, 265]",4,1.9379407167434692,2.0482306480407715,"[1.9379407167434692, null, null, null]","[2.0482306480407715, null, null, null]",0.1701660007238388
ego_query_residual,47,train,5b9eea7538235f36,2021.08.17.17.17.01_veh-45,58adb0f87a905810,2,0.261671245098114,"[270, 283, 279, 313]",12,4.527242183685303,4.659882545471191,"[3.774463653564453, 5.272693634033203, null, 4.53456974029541]","[3.8711934089660645, 5.488285064697266, null, 4.6201677322387695]",0.13048093020915985
ego_query_residual,47,train,8da3d9d2de0c53bd,2021.08.17.17.17.01_veh-45,56ef3c9f702054a5,0,0.22967517375946045,"[414, 415, 295, 413]",0,0.0,0.0,"[null, null, null, null]","[null, null, null, null]",0.11833600699901581
ego_query_residual,47,train,4cb6f16e6fd75ae6,2021.08.17.17.17.01_veh-45,01fcbea54a215b4c,0,0.1658383309841156,"[309, 277, 244, 471]",0,0.0,0.0,"[null, null, null, null]","[null, null, null, null]",0.11152902990579605
ego_query_residual,47,train,6bf7c64d674550c0,2021.08.17.17.17.01_veh-45,e9ee1f2ed60e5dad,0,0.03722953423857689,"[165, 232, 291, 288]",16,3.3021321296691895,3.5356030464172363,"[1.7320889234542847, 2.784724712371826, 4.2745513916015625, 4.417164325714111]","[1.8502202033996582, 2.9858055114746094, 4.573189735412598, 4.733197212219238]",0.15573528409004211
ego_query_residual,47,train,400d720e95ee5e13,2021.08.17.17.17.01_veh-45,e334ef237217504d,0,0.09937478601932526,"[478, 479, 320, 510]",12,3.7175214290618896,3.8549821376800537,"[null, 3.318891763687134, 3.56247615814209, 4.2711968421936035]","[null, 3.4364013671875, 3.6986865997314453, 4.429858207702637]",0.13764367997646332
ego_query_residual,47,train,f16683fd19e558c2,2021.08.17.17.17.01_veh-45,091fcca513f752d2,0,0.1301078200340271,"[471, 447, 480, 343]",4,2.845022439956665,2.9078774452209473,"[null, null, null, 2.845022439956665]","[null, null, null, 2.9078774452209473]",0.1126873716711998
ego_query_residual,47,development,5b2b2741a9225324,2021.06.07.17.46.49_veh-35,d27fc0739dad5664,1,0.39175698161125183,"[292, 293, 291, 260]",16,2.9324393272399902,3.0919508934020996,"[1.8240020275115967, 3.101463794708252, 3.29095721244812, 3.5133345127105713]","[1.8823350667953491, 3.2503442764282227, 3.4872450828552246, 3.7478787899017334]",0.16771724820137024
ego_query_residual,47,development,1dc3ed89baf15ac3,2021.06.07.17.46.49_veh-35,1dabc8e66ab15cb6,1,0.22543177008628845,"[191, 159, 350, 349]",4,0.7825597524642944,0.8186107277870178,"[0.7825597524642944, null, null, null]","[0.8186107277870178, null, null, null]",0.13552448153495789
ego_query_residual,47,development,2daea025bb7e5a2c,2021.06.07.17.46.49_veh-35,db1cb602e9f05786,1,0.3400653600692749,"[276, 307, 280, 279]",8,2.4079642295837402,2.432405948638916,"[2.1527793407440186, 2.663148880004883, null, null]","[2.2159016132354736, 2.6489102840423584, null, null]",0.16504554450511932
ego_query_residual,47,development,be3bc0fa680c5e33,2021.06.07.17.46.49_veh-35,17a02971177257e5,0,0.5816888809204102,"[290, 310, 311, 313]",16,1.579158067703247,1.5277059078216553,"[1.2557322978973389, 1.232952356338501, 1.7542035579681396, 2.073744058609009]","[1.2093408107757568, 1.1722853183746338, 1.6929960250854492, 2.036201238632202]",0.14590828120708466
ego_query_residual,47,development,2903fe2f977f5927,2021.06.07.17.46.49_veh-35,f29c7a8c103151ea,1,0.988849401473999,"[298, 330, 417, 299]",0,0.0,0.0,"[null, null, null, null]","[null, null, null, null]",0.13128116726875305
ego_query_residual,47,development,c362c24b66b351ed,2021.06.07.17.46.49_veh-35,186b67f7d5325988,1,1.008946418762207,"[348, 346, 344, 316]",4,1.7418698072433472,1.771784782409668,"[1.7418698072433472, null, null, null]","[1.771784782409668, null, null, null]",0.12285743653774261
ego_query_residual,47,development,222f5d6a4aa25d89,2021.06.07.17.46.49_veh-35,75787c317e3a5b82,1,0.1665983647108078,"[354, 133, 166, 135]",16,1.580794095993042,1.6633473634719849,"[1.5383822917938232, 1.4983540773391724, 1.7042890787124634, 1.5821506977081299]","[1.5903429985046387, 1.5899728536605835, 1.808492660522461, 1.664581060409546]",0.16752389073371887
ego_query_residual,47,development,933f03af8f385207,2021.06.07.17.46.49_veh-35,9036e1622d84535c,2,0.31234124302864075,"[268, 267, 274, 275]",16,2.696981430053711,2.7832679748535156,"[1.070572853088379, 1.8920494318008423, 3.173854351043701, 4.6514482498168945]","[1.0938867330551147, 1.9265514612197876, 3.2825927734375, 4.830040454864502]",0.12722209095954895
ego_query_residual,47,development,063ebdb158075369,2021.06.09.11.54.15_veh-12,ff376a5096665630,1,0.048720166087150574,"[320, 288, 270, 274]",8,3.2411460876464844,3.279233932495117,"[2.764712333679199, 3.7175793647766113, null, null]","[2.803765296936035, 3.754702568054199, null, null]",0.12514451146125793
ego_query_residual,47,development,c0a1b812e095547d,2021.06.09.11.54.15_veh-12,402aea4619c55186,1,0.33068642020225525,"[329, 234, 135, 330]",12,2.6676888465881348,2.7215633392333984,"[null, 2.6856861114501953, 2.6673974990844727, 2.649982213973999]","[null, 2.714951992034912, 2.7065811157226562, 2.743156909942627]",0.16132129728794098
ego_query_residual,47,development,482f957d79f45f55,2021.06.09.11.54.15_veh-12,5107aa8e98035ec1,1,0.09434447437524796,"[304, 272, 321, 271]",8,2.383178472518921,2.365147590637207,"[2.0599570274353027, 2.706400156021118, null, null]","[2.0524473190307617, 2.677847385406494, null, null]",0.15058597922325134
ego_query_residual,47,development,6561907765f2550f,2021.06.09.11.54.15_veh-12,91420a0f9dc25fe9,1,0.12395000457763672,"[324, 299, 347, 279]",0,0.0,0.0,"[null, null, null, null]","[null, null, null, null]",0.11835090816020966
ego_query_residual,47,development,5742dd4bd86e5127,2021.06.09.11.54.15_veh-12,3c893aadfc175960,1,0.05639137700200081,"[355, 478, 477, 445]",12,1.7517722845077515,1.8162035942077637,"[1.2568418979644775, 1.7247958183288574, 2.273678779602051, null]","[1.2775893211364746, 1.7561705112457275, 2.414850950241089, null]",0.1639559417963028
ego_query_residual,47,development,ecc85792eb665ba0,2021.06.09.11.54.15_veh-12,7b3b09ed718b5bf4,1,0.04468517377972603,"[299, 307, 292, 291]",16,3.2144455909729004,3.296600818634033,"[2.520526885986328, 3.23036789894104, 3.797971248626709, 3.3089168071746826]","[2.5880444049835205, 3.297189235687256, 3.8999037742614746, 3.401266098022461]",0.15881413221359253
ego_query_residual,47,development,599c900bc4e95312,2021.06.09.11.54.15_veh-12,8f3409a47a455049,2,0.10315710306167603,"[233, 201, 242, 337]",16,2.513044834136963,2.5728297233581543,"[1.8423042297363281, 2.3693864345550537, 2.733412981033325, 3.1070756912231445]","[1.8694113492965698, 2.4122273921966553, 2.804272413253784, 3.20540714263916]",0.1340888887643814
ego_query_residual,47,development,505cdbada0ee59be,2021.06.09.11.54.15_veh-12,5b7dc6545cc658f0,2,0.172011598944664,"[269, 306, 312, 309]",16,3.5073819160461426,3.6675658226013184,"[2.522716999053955, 3.3760719299316406, 3.5515952110290527, 4.579144477844238]","[2.6207919120788574, 3.5416440963745117, 3.7353501319885254, 4.772477149963379]",0.1356448382139206
ego_query_residual,47,development,836b76b2c8f35990,2021.08.24.17.37.11_veh-08,1d97c042ca575a4c,2,0.8598150014877319,"[50, 114, 309, 274]",8,3.172905445098877,3.215412139892578,"[2.737722396850586, 3.608088493347168, null, null]","[2.770663261413574, 3.660160779953003, null, null]",0.10562950372695923
ego_query_residual,47,development,21eb51db8a675681,2021.08.24.17.37.11_veh-08,ffe62a894e3a5925,1,0.11232291162014008,"[243, 272, 374, 375]",0,0.0,0.0,"[null, null, null, null]","[null, null, null, null]",0.17101630568504333
ego_query_residual,47,development,b8bf6e0a15635fa9,2021.08.24.17.37.11_veh-08,00c0acbc4c06557c,2,0.13204070925712585,"[271, 244, 242, 245]",0,0.0,0.0,"[null, null, null, null]","[null, null, null, null]",0.1547548919916153
ego_query_residual,47,development,005e12630b405e67,2021.08.24.17.37.11_veh-08,4bfb3377012e5e58,0,0.688046395778656,"[408, 409, 332, 383]",4,2.628844976425171,2.6783947944641113,"[2.628844976425171, null, null, null]","[2.6783947944641113, null, null, null]",0.12055779993534088
ego_query_residual,47,development,4ece654624b452ac,2021.08.24.17.37.11_veh-08,f68f529d24295c53,1,0.7025646567344666,"[154, 153, 157, 280]",4,1.8301119804382324,1.8690482378005981,"[1.8301119804382324, null, null, null]","[1.8690482378005981, null, null, null]",0.15774951875209808
ego_query_residual,47,development,a7aa6da460a65457,2021.08.24.17.37.11_veh-08,1d97c042ca575a4c,1,0.27985844016075134,"[218, 410, 225, 308]",8,1.364121913909912,1.4433677196502686,"[1.164082646369934, 1.5641611814498901, null, null]","[1.212186336517334, 1.6745491027832031, null, null]",0.17905883491039276
ego_query_residual,47,development,cc40016cd26a5ff5,2021.08.24.17.37.11_veh-08,a18c9d5742545776,1,0.03562074899673462,"[475, 507, 440, 439]",0,0.0,0.0,"[null, null, null, null]","[null, null, null, null]",0.08114787936210632
ego_query_residual,47,development,0a7d7aef157c5bc6,2021.08.24.17.37.11_veh-08,4bfb3377012e5e58,0,0.3262386918067932,"[346, 307, 310, 264]",16,3.0885677337646484,3.2560067176818848,"[1.070746660232544, 2.503312110900879, 4.182003021240234, 4.598209381103516]","[1.103364109992981, 2.6621246337890625, 4.394622802734375, 4.863914489746094]",0.13593463599681854
ego_query_residual,47,development,7b9a55edcf2752fb,2021.07.16.00.24.14_veh-38,d940d716f6da5650,0,0.24482786655426025,"[290, 409, 408, 410]",12,2.114454984664917,2.154611349105835,"[1.436823844909668, null, 2.706888198852539, 2.199652910232544]","[1.4208470582962036, null, 2.7717232704162598, 2.271263360977173]",0.13354353606700897
ego_query_residual,47,development,faca4ac928255aed,2021.07.16.00.24.14_veh-38,295cc52db71a5c8d,2,0.10949426889419556,"[269, 270, 284, 267]",8,4.16733455657959,4.186520576477051,"[null, null, 3.4984078407287598, 4.83626127243042]","[null, null, 3.5089449882507324, 4.864096164703369]",0.12443564832210541
ego_query_residual,47,development,07deb830dc5e525c,2021.07.16.00.24.14_veh-38,15ac832eaeea5acc,1,0.0799294114112854,"[312, 310, 346, 348]",16,1.189763069152832,1.2455416917800903,"[0.8996787071228027, 0.9660922884941101, 1.2540955543518066, 1.6391860246658325]","[0.8918354511260986, 0.9942067265510559, 1.3289003372192383, 1.7672243118286133]",0.18237406015396118
ego_query_residual,47,development,9ff0cdc8fc715ce3,2021.07.16.00.24.14_veh-38,a3063c20eb1251c7,0,0.1380016803741455,"[226, 388, 162, 504]",0,0.0,0.0,"[null, null, null, null]","[null, null, null, null]",0.1267818957567215
ego_query_residual,47,development,461e0a28b1f655aa,2021.07.16.00.24.14_veh-38,d45e467ab1e85825,1,0.15208548307418823,"[348, 191, 313, 350]",4,0.8978993892669678,0.9120956063270569,"[0.8978993892669678, null, null, null]","[0.9120956063270569, null, null, null]",0.17498019337654114
ego_query_residual,47,development,548204416ae25b31,2021.07.16.00.24.14_veh-38,072767a0ae2857e9,1,0.06844688951969147,"[348, 355, 447, 324]",0,0.0,0.0,"[null, null, null, null]","[null, null, null, null]",0.10631082952022552
ego_query_residual,47,development,e0b0dcb2ea675ec9,2021.07.16.00.24.14_veh-38,a9aeb39738d95e61,1,0.02482590451836586,"[186, 187, 415, 478]",4,1.2212779521942139,1.2899978160858154,"[1.2212779521942139, null, null, null]","[1.2899978160858154, null, null, null]",0.1593271642923355
ego_query_residual,47,development,8fe6aa411d2350f4,2021.07.16.00.24.14_veh-38,c5ba6402b9b6577d,1,0.15683038532733917,"[255, 441, 313, 273]",4,3.18896484375,3.3112740516662598,"[3.18896484375, null, null, null]","[3.3112740516662598, null, null, null]",0.15839797258377075
ego_query_residual,47,development,2587746c51ce582c,2021.06.23.14.54.32_veh-16,8ba21e5f44fd5756,1,0.0715332180261612,"[318, 317, 351, 350]",4,2.788357734680176,2.8676276206970215,"[2.788357734680176, null, null, null]","[2.8676276206970215, null, null, null]",0.12379572540521622
ego_query_residual,47,development,cdb8ed61577455d0,2021.06.23.14.54.32_veh-16,63a378470ecf578a,1,0.1976071298122406,"[272, 304, 270, 303]",4,1.8465601205825806,1.897182822227478,"[null, 1.8465601205825806, null, null]","[null, 1.897182822227478, null, null]",0.17245124280452728
ego_query_residual,47,development,359653f71f095eb2,2021.06.23.14.54.32_veh-16,764e553f9fa1596e,1,0.1673431098461151,"[326, 357, 342, 303]",4,1.9502828121185303,2.006178617477417,"[1.9502828121185303, null, null, null]","[2.006178617477417, null, null, null]",0.10548596829175949
ego_query_residual,47,development,e1bd235bf5145312,2021.06.23.14.54.32_veh-16,c21a05faf4f95c23,0,0.11516094207763672,"[305, 300, 273, 440]",12,2.138495445251465,2.2072644233703613,"[1.6153581142425537, null, 2.6317052841186523, 2.1684226989746094]","[1.6643190383911133, null, 2.736955165863037, 2.2205185890197754]",0.1192190870642662
ego_query_residual,47,development,21851d86de975750,2021.06.23.14.54.32_veh-16,0fa6960777235107,1,0.04273957014083862,"[288, 292, 262, 291]",4,2.1488142013549805,2.172954797744751,"[2.1488142013549805, null, null, null]","[2.172954797744751, null, null, null]",0.08815336972475052
ego_query_residual,47,development,41fd5b3cc9cb5e4d,2021.06.23.14.54.32_veh-16,192f476facc35a66,1,0.10075649619102478,"[323, 326, 306, 295]",8,2.046393394470215,2.1015186309814453,"[1.9073542356491089, 2.185432195663452, null, null]","[1.9482101202011108, 2.2548274993896484, null, null]",0.1658482700586319
ego_query_residual,47,development,80fcfa05a45d5e36,2021.06.23.14.54.32_veh-16,68c36562409856ec,1,0.06556503474712372,"[296, 297, 350, 320]",12,1.3356211185455322,1.4168176651000977,"[0.7197058200836182, 1.2012405395507812, 2.085916757583618, null]","[0.7566753625869751, 1.256871223449707, 2.2369065284729004, null]",0.15885710716247559
ego_query_residual,47,development,eca9c65e90335fc5,2021.06.23.14.54.32_veh-16,e302117d34785896,1,0.08090199530124664,"[374, 373, 441, 375]",0,0.0,0.0,"[null, null, null, null]","[null, null, null, null]",0.1642453968524933
ego_query_residual,47,development,ebbd33f9058e5e95,2021.06.09.14.50.36_veh-26,818dcca6c1fa5abf,1,0.09843556582927704,"[261, 295, 306, 293]",16,4.279868125915527,4.4881815910339355,"[2.3653292655944824, 4.18241024017334, 4.896549701690674, 5.675182819366455]","[2.4322423934936523, 4.42724084854126, 5.182876110076904, 5.910367012023926]",0.16795580089092255
ego_query_residual,47,development,9a04bc527d215067,2021.06.09.14.50.36_veh-26,5e8a8d507c145bf2,1,0.2926746904850006,"[302, 306, 334, 303]",0,0.0,0.0,"[null, null, null, null]","[null, null, null, null]",0.14782042801380157
ego_query_residual,47,development,5a287daa1f775a79,2021.06.09.14.50.36_veh-26,af832f9835ee5efc,0,0.1360931098461151,"[271, 303, 239, 266]",16,3.859560251235962,4.009341239929199,"[2.674469232559204, 3.291303873062134, 4.167478084564209, 5.304990768432617]","[2.7112479209899902, 3.371201515197754, 4.341466903686523, 5.613447666168213]",0.16189397871494293
ego_query_residual,47,development,d9a85f2b168854ba,2021.06.09.14.50.36_veh-26,549ee450dacd5abb,1,0.1745433211326599,"[343, 342, 376, 344]",4,2.1526312828063965,2.223015308380127,"[2.1526312828063965, null, null, null]","[2.223015308380127, null, null, null]",0.12867531180381775
ego_query_residual,47,development,f6d2ad1db3c45c20,2021.06.09.14.50.36_veh-26,e755817de2795e70,0,0.09183922410011292,"[293, 289, 302, 325]",16,3.0287976264953613,3.087285041809082,"[2.735290050506592, 3.2953357696533203, 3.2321059703826904, 2.852459192276001]","[2.7960433959960938, 3.374948263168335, 3.3023083209991455, 2.8758397102355957]",0.15852141380310059
ego_query_residual,47,development,5cc6394b1dde5e37,2021.06.09.14.50.36_veh-26,3daa89465a7e50bf,0,0.22599241137504578,"[292, 305, 192, 259]",12,2.103686809539795,2.1277971267700195,"[1.6038095951080322, 2.723629951477051, 1.9836207628250122, null]","[1.592997431755066, 2.7704296112060547, 2.0199644565582275, null]",0.16540959477424622
ego_query_residual,47,development,bd6c7b10ae725c06,2021.06.09.14.50.36_veh-26,40627495cb2f57f2,1,0.19471633434295654,"[272, 322, 273, 334]",8,2.4329991340637207,2.55903959274292,"[2.0370755195617676, 2.828922748565674, null, null]","[2.1581313610076904, 2.9599475860595703, null, null]",0.18148446083068848
ego_query_residual,47,development,03ac353ec2a450b4,2021.06.09.14.50.36_veh-26,b133d32ebacf51a4,0,0.12194783985614777,"[340, 343, 309, 308]",16,1.7946652173995972,1.844929814338684,"[1.6252875328063965, 1.2504562139511108, 1.8256853818893433, 2.477231979370117]","[1.6435186862945557, 1.2778120040893555, 1.880157709121704, 2.578230857849121]",0.1031096950173378
ego_query_residual,47,development,193179dedf975965,2021.07.09.20.59.12_veh-38,140f0b69eb365081,0,0.16329707205295563,"[326, 342, 341, 339]",16,3.3562259674072266,3.4126577377319336,"[2.5388898849487305, 3.4114928245544434, 3.6964271068573, 3.7780935764312744]","[2.5521039962768555, 3.4840123653411865, 3.7597360610961914, 3.85477876663208]",0.15823741257190704
ego_query_residual,47,development,ef07b861b51a554e,2021.07.09.20.59.12_veh-38,cb83cacbf41d58b8,1,0.15130960941314697,"[388, 348, 393, 273]",16,2.355931282043457,2.477519989013672,"[1.4793598651885986, 2.251370668411255, 2.6999616622924805, 2.993032455444336]","[1.5313290357589722, 2.358872890472412, 2.8700642585754395, 3.149813652038574]",0.17372187972068787
ego_query_residual,47,development,ce6d2bfacf8655a6,2021.07.09.20.59.12_veh-38,ac873abc79f75609,1,0.07677877694368362,"[294, 217, 288, 320]",4,1.4355087280273438,1.4353996515274048,"[1.4355087280273438, null, null, null]","[1.4353996515274048, null, null, null]",0.1656341701745987
ego_query_residual,47,development,6c227ec265b2568d,2021.07.09.20.59.12_veh-38,c63fa36583195676,1,0.295695960521698,"[479, 509, 400, 485]",8,3.403925895690918,3.4314284324645996,"[2.919189929962158, 3.8886616230010986, null, null]","[2.9318366050720215, 3.9310202598571777, null, null]",0.14491896331310272
ego_query_residual,47,development,b0cebe034a265720,2021.07.09.20.59.12_veh-38,f74c2f575df25f4a,1,0.019398316740989685,"[374, 316, 340, 315]",0,0.0,0.0,"[null, null, null, null]","[null, null, null, null]",0.13355381786823273
ego_query_residual,47,development,dd2f55420c6b5764,2021.07.09.20.59.12_veh-38,7e572c1c4f5d5df2,1,0.11914300918579102,"[263, 294, 300, 261]",12,3.938659191131592,4.071572303771973,"[null, 3.5840156078338623, 3.5615651607513428, 4.67039680480957]","[null, 3.7215416431427, 3.678678512573242, 4.81449556350708]",0.14678877592086792
ego_query_residual,47,development,b630301843b158d4,2021.07.09.20.59.12_veh-38,315e9411328d5e75,1,0.23270592093467712,"[416, 480, 448, 384]",8,1.6194077730178833,1.626737117767334,"[1.613649845123291, 1.625165581703186, null, null]","[1.6284161806106567, 1.6250579357147217, null, null]",0.13832880556583405
ego_query_residual,47,development,39fd026d451351e2,2021.07.09.20.59.12_veh-38,73cf910aa2885a71,1,0.16650134325027466,"[267, 268, 261, 302]",0,0.0,0.0,"[null, null, null, null]","[null, null, null, null]",0.1310117393732071
ego_query_residual,47,development,5426ae4426ba5534,2021.06.23.18.23.38_veh-26,f72df301ed465fe6,1,0.2172890305519104,"[56, 308, 307, 306]",16,2.892064094543457,3.0583362579345703,"[1.261103868484497, 2.0143861770629883, 3.8180575370788574, 4.47470760345459]","[1.2786213159561157, 2.0511045455932617, 4.094646453857422, 4.80897331237793]",0.18813152611255646
ego_query_residual,47,development,fbeab8a882035a94,2021.06.23.18.23.38_veh-26,2e8f4ff50e4a55cc,0,0.20881988108158112,"[346, 288, 445, 377]",16,1.6410739421844482,1.6601498126983643,"[1.306654453277588, 1.4198015928268433, 2.177497386932373, 1.6603419780731201]","[1.3102669715881348, 1.4477388858795166, 2.2032527923583984, 1.6793403625488281]",0.11510954797267914
ego_query_residual,47,development,89e963670d89570c,2021.06.23.18.23.38_veh-26,03dbcc9320245d7c,1,0.45074957609176636,"[274, 53, 322, 199]",16,2.3747775554656982,2.4638314247131348,"[1.8259748220443726, 2.2827157974243164, 2.5074825286865234, 2.882937431335449]","[1.872888207435608, 2.3397738933563232, 2.6168036460876465, 3.0258595943450928]",0.1724625527858734
ego_query_residual,47,development,bcff4b28fd875b3d,2021.06.23.18.23.38_veh-26,6f619fabc40050a9,2,0.6546728610992432,"[271, 272, 270, 304]",16,2.8076090812683105,2.9203882217407227,"[0.9107202291488647, 3.0344810485839844, 3.731292724609375, 3.5539419651031494]","[0.9362330436706543, 3.186368227005005, 3.893214702606201, 3.665736675262451]",0.10683299601078033
ego_query_residual,47,development,88666b1c75b75602,2021.06.23.18.23.38_veh-26,99b44236999557c7,1,0.21048933267593384,"[113, 108, 145, 310]",16,2.668278455734253,2.7059149742126465,"[2.875159740447998, 2.5145351886749268, 2.660776376724243, 2.6226425170898438]","[2.903832197189331, 2.565807819366455, 2.6821019649505615, 2.6719186305999756]",0.17088118195533752
ego_query_residual,47,development,f72865014d6158a2,2021.06.23.18.23.38_veh-26,84368cbdd7cb5647,2,0.22154322266578674,"[298, 299, 333, 266]",8,2.3515686988830566,2.3860912322998047,"[1.5485199689865112, 3.1546173095703125, null, null]","[1.5659030675888062, 3.2062792778015137, null, null]",0.0771511048078537
ego_query_residual,47,development,7e3b06c8b33156d3,2021.06.23.18.23.38_veh-26,7b483583a2595b0f,1,0.06353329122066498,"[296, 264, 308, 297]",12,4.667095184326172,4.823220729827881,"[2.8807339668273926, 4.424469947814941, 6.69608211517334, null]","[2.977830648422241, 4.614847660064697, 6.876983642578125, null]",0.16332392394542694
ego_query_residual,47,development,655a064f04e1531b,2021.06.23.18.23.38_veh-26,8997a4a3aadb506a,1,0.05751578137278557,"[231, 352, 385, 300]",16,1.8236253261566162,1.8839268684387207,"[1.4884495735168457, 1.4131520986557007, 2.0562567710876465, 2.3366427421569824]","[1.5158064365386963, 1.4658209085464478, 2.1383216381073, 2.4157586097717285]",0.17729589343070984
ego_query_residual,83,train,42868079cfb75233,2021.07.09.01.37.16_veh-26,641fad330504500c,1,0.1524355709552765,"[501, 60, 509, 93]",0,0.0,0.0,"[null, null, null, null]","[null, null, null, null]",0.22059060633182526
ego_query_residual,83,train,caafcdd4b7835eb0,2021.07.09.01.37.16_veh-26,359f92c3233457a3,1,0.10417228192090988,"[95, 127, 50, 26]",4,2.059877634048462,2.117668628692627,"[null, null, null, 2.059877634048462]","[null, null, null, 2.117668628692627]",0.14116141200065613
ego_query_residual,83,train,2fa96542484250f0,2021.07.09.01.37.16_veh-26,f89a324077eb57a9,1,0.046874769032001495,"[30, 54, 91, 510]",4,1.3218913078308105,1.4248886108398438,"[null, null, 1.3218913078308105, null]","[null, null, 1.4248886108398438, null]",0.205428346991539
ego_query_residual,83,train,68341772b52f543b,2021.07.09.01.37.16_veh-26,698608aa5fed5770,0,0.043842852115631104,"[52, 29, 84, 47]",8,2.635157585144043,2.8547849655151367,"[1.599222183227539, 3.671092987060547, null, null]","[1.7175782918930054, 3.9919917583465576, null, null]",0.21253526210784912
ego_query_residual,83,train,eabd9d1227785454,2021.07.09.01.37.16_veh-26,a110aeed6ea85e04,1,0.033426932990550995,"[55, 499, 507, 89]",16,2.1008875370025635,2.4479682445526123,"[1.8468313217163086, 1.7527633905410767, 1.653171420097351, 3.1507842540740967]","[2.1682777404785156, 2.1216211318969727, 1.9653453826904297, 3.5366289615631104]",0.2546875774860382
ego_query_residual,83,train,f70d691cf70b5cb3,2021.07.09.01.37.16_veh-26,34dd5ff0548b5455,0,0.06103659048676491,"[507, 496, 61, 490]",8,1.9166200160980225,2.117231845855713,"[1.2981343269348145, 2.5351057052612305, null, null]","[1.4291306734085083, 2.805332660675049, null, null]",0.23644520342350006
ego_query_residual,83,train,aa2fce3e3af55b1c,2021.07.09.01.37.16_veh-26,4ca220b52b5c50af,1,0.07406333088874817,"[30, 509, 430, 11]",4,1.2050113677978516,1.3531899452209473,"[1.2050113677978516, null, null, null]","[1.3531899452209473, null, null, null]",0.24012033641338348
ego_query_residual,83,train,00029eec66d650e1,2021.07.09.01.37.16_veh-26,045ff16e93dc5a42,1,0.034335989505052567,"[10, 446, 22, 31]",4,0.6547303199768066,0.667556881904602,"[0.6547303199768066, null, null, null]","[0.667556881904602, null, null, null]",0.19836683571338654
ego_query_residual,83,train,0168dd4fffde52ed,2021.06.08.12.00.19_veh-35,a4e97e74e1a150b3,1,0.3202279508113861,"[21, 58, 20, 18]",0,0.0,0.0,"[null, null, null, null]","[null, null, null, null]",0.17182445526123047
ego_query_residual,83,train,c4e9600b96ce5d54,2021.06.08.12.00.19_veh-35,4d01ebfbc43d560b,1,0.035584237426519394,"[370, 402, 401, 338]",4,4.5858869552612305,4.676611423492432,"[4.5858869552612305, null, null, null]","[4.676611423492432, null, null, null]",0.11686281859874725
ego_query_residual,83,train,a80c5ee8b1ff56d8,2021.06.08.12.00.19_veh-35,3ffcb152c57c56c5,1,0.77699214220047,"[367, 399, 19, 404]",16,1.437490463256836,1.6284916400909424,"[1.49375581741333, 1.3895263671875, 0.6163913011550903, 2.250288486480713]","[1.6952049732208252, 1.54063081741333, 0.7452844381332397, 2.532846212387085]",0.2312806397676468
ego_query_residual,83,train,54f9b4af08e05d79,2021.06.08.12.00.19_veh-35,a2165005ab865a02,1,0.03784891963005066,"[20, 61, 85, 57]",0,0.0,0.0,"[null, null, null, null]","[null, null, null, null]",0.20509901642799377
ego_query_residual,83,train,1657554fc5445eb6,2021.06.08.12.00.19_veh-35,39cbdec7b364501d,2,0.13647986948490143,"[28, 63, 25, 26]",16,2.626124143600464,2.695557117462158,"[1.3528187274932861, 2.7044241428375244, 3.006568431854248, 3.440685272216797]","[1.3599733114242554, 2.7857584953308105, 3.0967226028442383, 3.5397746562957764]",0.13660532236099243
ego_query_residual,83,train,e7cde98715555110,2021.06.08.12.00.19_veh-35,785bf24e15875ef2,1,1.8958749771118164,"[53, 50, 49, 24]",8,1.1189055442810059,1.1612194776535034,"[1.4193994998931885, 0.8184113502502441, null, null]","[1.499758243560791, 0.8226807117462158, null, null]",0.17889206111431122
ego_query_residual,83,train,4bb4fd668a805612,2021.06.08.12.00.19_veh-35,c461bc7ab865595e,0,0.2683817744255066,"[31, 22, 27, 23]",16,1.9839613437652588,1.9959503412246704,"[2.0677101612091064, 1.913783311843872, 1.905979037284851, 2.048372983932495]","[2.0963964462280273, 1.906853437423706, 1.923686146736145, 2.0568649768829346]",0.14404083788394928
ego_query_residual,83,train,c1fe3aa66ec55b17,2021.06.08.12.00.19_veh-35,9655be695969522d,1,0.3393479585647583,"[48, 20, 16, 23]",8,1.1467669010162354,1.1535847187042236,"[0.9830508828163147, 1.3104829788208008, null, null]","[0.9587956070899963, 1.3483737707138062, null, null]",0.12444353848695755
ego_query_residual,83,train,9fe049486481505a,2021.08.17.13.15.12_veh-45,ca75f3286b115d37,0,0.053071506321430206,"[57, 21, 477, 54]",16,2.451483726501465,2.8006248474121094,"[0.6306785941123962, 1.7620198726654053, 3.510756492614746, 3.902480363845825]","[0.7330185770988464, 2.0545654296875, 3.992172956466675, 4.422741889953613]",0.23563030362129211
ego_query_residual,83,train,f895bc253a215fc4,2021.08.17.13.15.12_veh-45,a3cae0d00733532e,1,0.39671650528907776,"[27, 62, 30, 25]",8,1.5615479946136475,1.6530426740646362,"[1.447244644165039, 1.6758513450622559, null, null]","[1.545168161392212, 1.760917067527771, null, null]",0.20631374418735504
ego_query_residual,83,train,f1430641b7685542,2021.08.17.13.15.12_veh-45,81ff4535c5c251d6,1,0.053957752883434296,"[46, 95, 472, 45]",16,1.4949582815170288,1.6933279037475586,"[1.0192651748657227, 1.532829761505127, 1.4403022527694702, 1.987436056137085]","[1.1494102478027344, 1.649091362953186, 1.645464301109314, 2.329345703125]",0.24361027777194977
ego_query_residual,83,train,ada17d80705459e5,2021.08.17.13.15.12_veh-45,16b335fe131c50be,1,0.06868612766265869,"[502, 43, 44, 6]",0,0.0,0.0,"[null, null, null, null]","[null, null, null, null]",0.202892005443573
ego_query_residual,83,train,5442925b5514525c,2021.08.17.13.15.12_veh-45,5b0cacf961245153,1,0.11320727318525314,"[45, 17, 46, 21]",4,1.1060527563095093,1.0997287034988403,"[1.1060527563095093, null, null, null]","[1.0997287034988403, null, null, null]",0.17593684792518616
ego_query_residual,83,train,f4be93317adf5091,2021.08.17.13.15.12_veh-45,e2ce597de87f572d,1,0.05017475038766861,"[17, 31, 82, 510]",12,2.2835536003112793,2.459862470626831,"[1.5615826845169067, 2.306147575378418, 2.9829301834106445, null]","[1.674985647201538, 2.479620933532715, 3.224980592727661, null]",0.20091000199317932
ego_query_residual,83,train,0c12cf6a804d5e86,2021.08.17.13.15.12_veh-45,8db7aab4ec8458a5,0,0.11754220724105835,"[18, 50, 51, 30]",8,2.6054446697235107,2.7415666580200195,"[null, 2.5580320358276367, 2.6528573036193848, null]","[null, 2.6457948684692383, 2.837338447570801, null]",0.15204915404319763
ego_query_residual,83,train,a1da8bec7a1c5c7e,2021.08.17.13.15.12_veh-45,c55fafd4f7d05c65,1,0.06575395911931992,"[88, 24, 174, 6]",16,2.9596433639526367,3.0631113052368164,"[2.0060319900512695, 2.930943012237549, 3.4654269218444824, 3.4361720085144043]","[2.0694985389709473, 3.0045065879821777, 3.6179280281066895, 3.560511350631714]",0.1530659794807434
ego_query_residual,83,train,1b173e83ce58518b,2021.06.08.16.31.33_veh-38,3364fd6ba8365441,1,0.02783917635679245,"[369, 368, 303, 400]",0,0.0,0.0,"[null, null, null, null]","[null, null, null, null]",0.0959637463092804
ego_query_residual,83,train,7fa7f2973eb6583d,2021.06.08.16.31.33_veh-38,e6f6b559cbe6534e,1,0.17205187678337097,"[125, 432, 499, 463]",16,1.6620330810546875,1.940446376800537,"[1.3727432489395142, 0.9088054895401001, 1.8728969097137451, 2.4936866760253906]","[1.6069657802581787, 1.0405278205871582, 2.2170629501342773, 2.897228240966797]",0.2510080337524414
ego_query_residual,83,train,63818d7962335cb9,2021.06.08.16.31.33_veh-38,3bb603a701225a40,0,0.0963561162352562,"[26, 27, 409, 31]",16,2.2364790439605713,2.3652396202087402,"[2.3547425270080566, 2.0463030338287354, 2.204392671585083, 2.3404781818389893]","[2.4830422401428223, 2.1737000942230225, 2.3421614170074463, 2.4620540142059326]",0.14007161557674408
ego_query_residual,83,train,eb6af2bd1a635cb2,2021.06.08.16.31.33_veh-38,65daba6a1f955c59,1,0.04785750061273575,"[10, 31, 14, 5]",8,0.5137683749198914,0.5246817469596863,"[0.3640214800834656, 0.6635152697563171, null, null]","[0.36088186502456665, 0.6884816288948059, null, null]",0.160699263215065
ego_query_residual,83,train,6f08f1ba4c555d89,2021.06.08.16.31.33_veh-38,00c6ea1054d15101,1,0.7789151668548584,"[53, 463, 470, 23]",16,1.6223134994506836,1.7733540534973145,"[1.2489501237869263, 1.5682064294815063, 1.974568247795105, 1.6975290775299072]","[1.3641976118087769, 1.7215890884399414, 2.1617326736450195, 1.8458964824676514]",0.21554633975028992
ego_query_residual,83,train,2af3184e9f0f5697,2021.06.08.16.31.33_veh-38,fb1c65108c895a43,1,0.15540114045143127,"[28, 55, 58, 48]",4,0.8562983274459839,0.8906145095825195,"[0.8562983274459839, null, null, null]","[0.8906145095825195, null, null, null]",0.1595088392496109
ego_query_residual,83,train,33230d8bfa425f6f,2021.06.08.16.31.33_veh-38,3364fd6ba8365441,1,0.310869961977005,"[87, 112, 431, 464]",16,1.034758448600769,1.2074474096298218,"[0.9267288446426392, 0.8133220672607422, 1.255676031112671, 1.143307089805603]","[1.0474570989608765, 0.9690384864807129, 1.466460108757019, 1.3468337059020996]",0.2553187608718872
ego_query_residual,83,train,dcee65c0765f51bf,2021.06.08.16.31.33_veh-38,7acd2a98ba7b5157,0,0.11515488475561142,"[58, 29, 31, 25]",16,1.677258849143982,1.8395620584487915,"[1.1199222803115845, 1.7786593437194824, 1.860184907913208, 1.9502685070037842]","[1.125272274017334, 1.9427380561828613, 2.09431529045105, 2.195922374725342]",0.18793034553527832
ego_query_residual,83,train,82abb0794a955aff,2021.10.05.08.11.15_veh-50,d53d220a77795cee,1,0.5177814364433289,"[25, 19, 24, 55]",16,2.0388097763061523,2.160158634185791,"[1.9569536447525024, 2.1303353309631348, 1.8828753232955933, 2.185075521469116]","[2.0782980918884277, 2.245899200439453, 1.9969849586486816, 2.3194525241851807]",0.1631898581981659
ego_query_residual,83,train,fa9ebf82174f56e2,2021.10.05.08.11.15_veh-50,81ed977eb5a1520d,1,0.4690820276737213,"[29, 21, 85, 48]",16,1.7055909633636475,1.7796404361724854,"[1.478035807609558, 1.3930909633636475, 1.7576104402542114, 2.193626642227173]","[1.5417639017105103, 1.431855320930481, 1.8497650623321533, 2.295177459716797]",0.13138847053050995
ego_query_residual,83,train,de7aee4bfd4650d8,2021.10.05.08.11.15_veh-50,8a8fe2f545dd5865,2,0.6595702767372131,"[53, 86, 56, 31]",12,1.3515219688415527,1.4093310832977295,"[1.0837962627410889, null, 1.2969927787780762, 1.6737768650054932]","[1.1544253826141357, null, 1.2797372341156006, 1.7938305139541626]",0.20488770306110382
ego_query_residual,83,train,7f74e72074485b12,2021.10.05.08.11.15_veh-50,2bbefccd0ef85651,1,0.6977218985557556,"[30, 63, 15, 24]",0,0.0,0.0,"[null, null, null, null]","[null, null, null, null]",0.2261490374803543
ego_query_residual,83,train,acf207f491775e7b,2021.10.05.08.11.15_veh-50,ae67187c90635ca6,0,0.26892226934432983,"[479, 27, 26, 31]",8,1.9259402751922607,1.9786832332611084,"[1.6609055995941162, 2.1909749507904053, null, null]","[1.7042224407196045, 2.2531440258026123, null, null]",0.08705568313598633
ego_query_residual,83,train,246eb858bec25310,2021.10.05.08.11.15_veh-50,4782310b87105568,2,0.3931639790534973,"[127, 125, 28, 93]",16,2.312979221343994,2.421365261077881,"[2.1713008880615234, 2.5810115337371826, 2.181326389312744, 2.3182783126831055]","[2.2604358196258545, 2.7191624641418457, 2.2544264793395996, 2.451436996459961]",0.18570484220981598
ego_query_residual,83,train,40e23bdca88c5b0d,2021.10.05.08.11.15_veh-50,780bff4205715957,0,0.2738052010536194,"[30, 29, 31, 24]",12,2.3152480125427246,2.405625820159912,"[2.2228312492370605, 2.12501859664917, 2.5978941917419434, null]","[2.314411163330078, 2.2065775394439697, 2.6958882808685303, null]",0.1591431051492691
ego_query_residual,83,train,8d59999281da5243,2021.10.05.08.11.15_veh-50,e6ed98e5973e5120,0,0.4622202217578888,"[31, 28, 63, 29]",16,1.3556180000305176,1.4227535724639893,"[0.6557940244674683, 1.0067418813705444, 2.0666065216064453, 1.6933295726776123]","[0.6763870716094971, 1.0564899444580078, 2.169860601425171, 1.7882766723632812]",0.1339179277420044
ego_query_residual,83,train,75afc126374359d3,2021.09.15.14.00.15_veh-28,821da079291c52cf,1,0.09947618842124939,"[44, 17, 11, 46]",16,2.773825168609619,2.8790807723999023,"[2.024242639541626, 2.8078765869140625, 3.0171115398406982, 3.24606990814209]","[2.0873258113861084, 2.912749767303467, 3.1219379901885986, 3.3943092823028564]",0.14338359236717224
ego_query_residual,83,train,973a7c9d77ca5b23,2021.09.15.14.00.15_veh-28,19e39a5880c754ad,1,0.03150145709514618,"[509, 30, 31, 59]",4,1.080200433731079,1.1542332172393799,"[1.080200433731079, null, null, null]","[1.1542332172393799, null, null, null]",0.18418104946613312
ego_query_residual,83,train,095741f4465352b3,2021.09.15.14.00.15_veh-28,96b8f4dbc6995cb7,1,0.08290639519691467,"[86, 31, 28, 30]",16,1.8316104412078857,1.9279565811157227,"[1.6275402307510376, 1.7852981090545654, 2.024355411529541, 1.8892481327056885]","[1.681281566619873, 1.8924123048782349, 2.1460838317871094, 1.9920483827590942]",0.16605283319950104
ego_query_residual,83,train,4617f5dbb29c500a,2021.09.15.14.00.15_veh-28,07d29dd2e9c6500b,1,0.15208299458026886,"[21, 29, 180, 27]",0,0.0,0.0,"[null, null, null, null]","[null, null, null, null]",0.14929768443107605
ego_query_residual,83,train,b0f67ce7d678590b,2021.09.15.14.00.15_veh-28,9341eeedf0ae5c32,1,0.05878867954015732,"[465, 431, 403, 467]",8,3.4059276580810547,3.5582799911499023,"[2.4785213470458984, 4.333333969116211, null, null]","[2.5728797912597656, 4.543680191040039, null, null]",0.19338734447956085
ego_query_residual,83,train,13456839ba8c52ef,2021.09.15.14.00.15_veh-28,d24fb2b39ae1574e,1,0.09762676060199738,"[29, 85, 30, 52]",0,0.0,0.0,"[null, null, null, null]","[null, null, null, null]",0.21639026701450348
ego_query_residual,83,train,1df7865b517251d0,2021.09.15.14.00.15_veh-28,dc1ef9d49cb25b98,1,0.017978716641664505,"[54, 119, 446, 370]",8,3.0635135173797607,3.2260560989379883,"[2.5284423828125, 3.5985846519470215, null, null]","[2.6713221073150635, 3.7807905673980713, null, null]",0.18837960064411163
ego_query_residual,83,train,38f3a2f5fe33500f,2021.09.15.14.00.15_veh-28,5a06354563625c69,2,0.2628997266292572,"[62, 94, 63, 127]",16,2.100905179977417,2.2058982849121094,"[1.9560015201568604, 1.4998538494110107, 2.3060250282287598, 2.641740083694458]","[2.0897016525268555, 1.5583276748657227, 2.3871402740478516, 2.788424015045166]",0.18319977819919586
ego_query_residual,83,train,95535851c7b75757,2021.07.16.22.40.23_veh-38,6e36585b2ea55145,1,0.03763372823596001,"[473, 467, 500, 510]",8,1.3850867748260498,1.442476511001587,"[0.9821705222129822, 1.7880030870437622, null, null]","[0.989876389503479, 1.8950766324996948, null, null]",0.2374606877565384
ego_query_residual,83,train,6764c662e15e5b48,2021.07.16.22.40.23_veh-38,216d4aa3e3fe59a3,1,0.06507092714309692,"[500, 464, 501, 466]",16,1.0421624183654785,1.176971673965454,"[0.8944252729415894, 0.8342803120613098, 1.4532009363174438, 0.9867433905601501]","[0.9939015507698059, 0.8832609057426453, 1.6784647703170776, 1.152259349822998]",0.24696122109889984
ego_query_residual,83,train,7bf05e0f52b75ee2,2021.07.16.22.40.23_veh-38,1deff9a6d27a5f6b,0,0.05352063477039337,"[57, 23, 26, 477]",16,2.0005664825439453,2.184290647506714,"[1.0715869665145874, 2.286839485168457, 1.6798019409179688, 2.9640378952026367]","[1.144464135169983, 2.450535535812378, 1.8568592071533203, 3.285304069519043]",0.18470121920108795
ego_query_residual,83,train,673b04fae3fc5595,2021.07.16.22.40.23_veh-38,a7823a906c555e39,1,0.04318121448159218,"[505, 17, 501, 497]",16,1.1566239595413208,1.2668554782867432,"[0.5145859718322754, 0.8637120723724365, 1.3117234706878662, 1.9364744424819946]","[0.5090869665145874, 0.8913715481758118, 1.4716095924377441, 2.1953535079956055]",0.2470836192369461
ego_query_residual,83,train,c8faaa73c9c054d1,2021.07.16.22.40.23_veh-38,98071366467650ae,0,0.06180143356323242,"[22, 492, 496, 456]",16,2.17606520652771,2.468269109725952,"[1.3799738883972168, 1.744942307472229, 2.4142491817474365, 3.165095806121826]","[1.5764740705490112, 2.0094497203826904, 2.7498295307159424, 3.537322998046875]",0.2381133735179901
ego_query_residual,83,train,5e5f522e3ecd5cca,2021.07.16.22.40.23_veh-38,900bff237382523c,1,0.2430051863193512,"[51, 21, 23, 55]",4,1.6038217544555664,1.6830079555511475,"[1.6038217544555664, null, null, null]","[1.6830079555511475, null, null, null]",0.192201629281044
ego_query_residual,83,train,378d61da938e5420,2021.07.16.22.40.23_veh-38,b4d6add3705a50f5,1,0.05504210665822029,"[54, 398, 51, 18]",4,1.9595142602920532,2.1922175884246826,"[1.9595142602920532, null, null, null]","[2.1922175884246826, null, null, null]",0.23997613787651062
ego_query_residual,83,train,8bcd32f3329b5729,2021.07.16.22.40.23_veh-38,ce32a45e2c885ce0,1,0.10849358886480331,"[61, 504, 53, 22]",4,1.5490381717681885,1.6991859674453735,"[null, null, null, 1.5490381717681885]","[null, null, null, 1.6991859674453735]",0.22327908873558044
ego_query_residual,83,train,85107617069e5eae,2021.10.05.07.49.39_veh-52,a3270c0c8ca250a5,2,0.43977493047714233,"[90, 89, 88, 24]",16,1.966461420059204,2.0836966037750244,"[1.5545185804367065, 2.189210891723633, 2.0106897354125977, 2.11142635345459]","[1.625264048576355, 2.3562073707580566, 2.1127219200134277, 2.240593433380127]",0.1587776094675064
ego_query_residual,83,train,dd9d8e686a345f74,2021.10.05.07.49.39_veh-52,6ef4b849a52f565e,1,0.1465279906988144,"[10, 12, 43, 17]",16,1.4459213018417358,1.5592306852340698,"[1.3323551416397095, 1.3714544773101807, 1.7395119667053223, 1.3403635025024414]","[1.4508936405181885, 1.4508610963821411, 1.8762404918670654, 1.4589276313781738]",0.1901349276304245
ego_query_residual,83,train,d25f823ffc5f55cf,2021.10.05.07.49.39_veh-52,b9c2d90e9f0d5298,2,0.21024936437606812,"[31, 26, 27, 63]",16,1.3125882148742676,1.3532823324203491,"[0.6154477596282959, 1.1096596717834473, 1.4817003011703491, 2.0435454845428467]","[0.6170347929000854, 1.156794548034668, 1.5193935632705688, 2.119906425476074]",0.1475352644920349
ego_query_residual,83,train,fa41647d02c7591c,2021.10.05.07.49.39_veh-52,425547b119ac51e8,2,0.4979008138179779,"[59, 95, 93, 31]",4,0.8198587894439697,0.8458638191223145,"[0.8198587894439697, null, null, null]","[0.8458638191223145, null, null, null]",0.16695880889892578
ego_query_residual,83,train,e1513979c1a25a3a,2021.10.05.07.49.39_veh-52,63675e4e47d35a9c,0,0.260782390832901,"[63, 26, 30, 59]",16,2.6117358207702637,2.6886329650878906,"[2.386913299560547, 2.3348326683044434, 3.0104055404663086, 2.714792251586914]","[2.467118978500366, 2.412381649017334, 3.0877137184143066, 2.7873172760009766]",0.09166961163282394
ego_query_residual,83,train,21a96107cf785a63,2021.10.05.07.49.39_veh-52,425547b119ac51e8,0,0.19095320999622345,"[16, 31, 255, 15]",12,1.8338851928710938,1.8582185506820679,"[1.4326369762420654, 1.9213855266571045, 2.1476328372955322, null]","[1.4439642429351807, 1.9455903768539429, 2.18510103225708, null]",0.10932667553424835
ego_query_residual,83,train,0961f8661d8a58c2,2021.10.05.07.49.39_veh-52,1cb0c69eb34a51f0,2,0.8937089443206787,"[31, 29, 63, 30]",4,0.9287433624267578,0.9191402196884155,"[0.9287433624267578, null, null, null]","[0.9191402196884155, null, null, null]",0.13123594224452972
ego_query_residual,83,train,5c78f13876e0582b,2021.10.05.07.49.39_veh-52,a140ff94e233594d,1,0.24360668659210205,"[57, 27, 124, 90]",16,1.2592082023620605,1.4446516036987305,"[0.8094554543495178, 1.2886708974838257, 1.5089740753173828, 1.4297325611114502]","[0.9431738257408142, 1.5046360492706299, 1.7179001569747925, 1.6128966808319092]",0.23209838569164276
ego_query_residual,83,train,8b0932e2de6753ab,2021.06.09.12.06.35_veh-35,29cb5c1452bc5bce,1,0.36071884632110596,"[27, 43, 41, 497]",4,1.1005475521087646,1.2578905820846558,"[1.1005475521087646, null, null, null]","[1.2578905820846558, null, null, null]",0.23672063648700714
ego_query_residual,83,train,c2b7349b328858ac,2021.06.09.12.06.35_veh-35,39e28bb91b3c557d,0,0.06762512773275375,"[467, 499, 475, 507]",4,1.472165822982788,1.5262101888656616,"[1.472165822982788, null, null, null]","[1.5262101888656616, null, null, null]",0.2249659299850464
ego_query_residual,83,train,482e228f118e544b,2021.06.09.12.06.35_veh-35,d8e166bb74fc5f00,1,0.07140472531318665,"[61, 17, 20, 23]",8,1.4639593362808228,1.5173910856246948,"[1.212628722190857, 1.7152899503707886, null, null]","[1.2234978675842285, 1.8112843036651611, null, null]",0.14332184195518494
ego_query_residual,83,train,0bcc8551849c538f,2021.06.09.12.06.35_veh-35,ab18f13d87e7560f,1,0.10488748550415039,"[26, 111, 19, 27]",8,1.6051639318466187,1.6003942489624023,"[null, null, 1.805438756942749, 1.4048889875411987]","[null, null, 1.805770754814148, 1.3950178623199463]",0.12904152274131775
ego_query_residual,83,train,79ea424b3b2b51e7,2021.06.09.12.06.35_veh-35,7331a1cdf1cd5f28,1,0.1313370317220688,"[501, 47, 55, 403]",8,1.7537368535995483,1.878647804260254,"[null, null, 1.5095241069793701, 1.9979496002197266]","[null, null, 1.6075730323791504, 2.1497225761413574]",0.23539462685585022
ego_query_residual,83,train,5a4f5d512d285fd2,2021.06.09.12.06.35_veh-35,7331a1cdf1cd5f28,1,0.11690004169940948,"[53, 114, 19, 26]",0,0.0,0.0,"[null, null, null, null]","[null, null, null, null]",0.14493337273597717
ego_query_residual,83,train,f56f173b6d3b52d4,2021.06.09.12.06.35_veh-35,533c96a969445755,1,0.023301323875784874,"[25, 49, 53, 22]",16,1.1308836936950684,1.3146018981933594,"[0.756008505821228, 0.9832912683486938, 1.0193991661071777, 1.7648355960845947]","[0.8318463563919067, 1.1854510307312012, 1.192696452140808, 2.0484135150909424]",0.25099414587020874
ego_query_residual,83,train,7d14dc9e1394504c,2021.06.09.12.06.35_veh-35,15746f958b855ce1,1,0.102383092045784,"[21, 476, 508, 52]",4,0.6266511678695679,0.6776511669158936,"[0.6266511678695679, null, null, null]","[0.6776511669158936, null, null, null]",0.18876636028289795
ego_query_residual,83,train,a0b601837cc25f9a,2021.06.07.12.54.00_veh-35,e6276d5babcf57c5,1,0.1483815759420395,"[80, 48, 45, 78]",16,1.09165620803833,1.1605650186538696,"[0.6057986617088318, 1.031733751296997, 1.3215835094451904, 1.4075090885162354]","[0.5268561840057373, 1.0919992923736572, 1.4600592851638794, 1.5633454322814941]",0.2491304576396942
ego_query_residual,83,train,dcbf1cf262365995,2021.06.07.12.54.00_veh-35,e7819c9d528b5035,1,1.4903792142868042,"[23, 27, 511, 473]",4,2.134852170944214,2.3247365951538086,"[2.134852170944214, null, null, null]","[2.3247365951538086, null, null, null]",0.21563348174095154
ego_query_residual,83,train,4f0a0a61bdaa5a59,2021.06.07.12.54.00_veh-35,528ee06dd0565678,1,0.09555684030056,"[82, 88, 52, 19]",4,1.2230334281921387,1.2894842624664307,"[1.2230334281921387, null, null, null]","[1.2894842624664307, null, null, null]",0.1515093445777893
ego_query_residual,83,train,4c2e114b0f5c5cee,2021.06.07.12.54.00_veh-35,c0d79102a9225562,1,0.24670465290546417,"[430, 17, 506, 500]",16,1.5498965978622437,1.7519338130950928,"[1.1605720520019531, 1.3273632526397705, 1.607828140258789, 2.103823184967041]","[1.253737211227417, 1.5392804145812988, 1.8247501850128174, 2.389967441558838]",0.24974477291107178
ego_query_residual,83,train,9ac6b0c708ef57ba,2021.06.07.12.54.00_veh-35,91deaa6b42c85a71,1,0.4570775032043457,"[115, 51, 88, 146]",4,1.1230521202087402,1.1442006826400757,"[1.1230521202087402, null, null, null]","[1.1442006826400757, null, null, null]",0.18796990811824799
ego_query_residual,83,train,8a85218e4a3d5fa2,2021.06.07.12.54.00_veh-35,91deaa6b42c85a71,1,0.0665542408823967,"[84, 21, 145, 45]",0,0.0,0.0,"[null, null, null, null]","[null, null, null, null]",0.17629097402095795
ego_query_residual,83,train,23b79e79cec15f05,2021.06.07.12.54.00_veh-35,f5c76f15450f5cd1,1,0.0968153327703476,"[53, 31, 440, 408]",4,1.0625176429748535,1.156162977218628,"[1.0625176429748535, null, null, null]","[1.156162977218628, null, null, null]",0.20269764959812164
ego_query_residual,83,train,e5e57399ea0a5228,2021.06.07.12.54.00_veh-35,25302d95d9f158f7,1,1.1985098123550415,"[411, 62, 20, 510]",16,1.7138097286224365,1.8674073219299316,"[1.0473421812057495, 2.2241740226745605, 1.5190155506134033, 2.0647072792053223]","[1.1118265390396118, 2.413571357727051, 1.6561248302459717, 2.288106918334961]",0.21824856102466583
ego_query_residual,83,train,e1a8d2a630635703,2021.06.14.14.03.45_veh-38,8f286698db6d541b,1,0.07478736340999603,"[95, 31, 447, 466]",16,2.0322911739349365,2.1339597702026367,"[1.1162078380584717, 1.5583386421203613, 2.0388360023498535, 3.4157824516296387]","[1.2175036668777466, 1.6078048944473267, 2.1268272399902344, 3.5837035179138184]",0.19570964574813843
ego_query_residual,83,train,aece322a1d42538a,2021.06.14.14.03.45_veh-38,7540234731835704,1,0.06864877045154572,"[26, 21, 17, 85]",16,2.151998281478882,2.4393630027770996,"[1.5755897760391235, 2.2021660804748535, 2.5749478340148926, 2.2552897930145264]","[1.7997626066207886, 2.479640245437622, 2.8917224407196045, 2.5863265991210938]",0.23843243718147278
ego_query_residual,83,train,9d0bf147438e5fb3,2021.06.14.14.03.45_veh-38,23e9bf0d2cbe5bab,1,0.019646301865577698,"[57, 479, 49, 507]",4,0.7124109268188477,0.7739592790603638,"[0.7124109268188477, null, null, null]","[0.7739592790603638, null, null, null]",0.2005356252193451
ego_query_residual,83,train,f2d2c1ea12755312,2021.06.14.14.03.45_veh-38,34c1915fbf665c36,1,0.039284273982048035,"[505, 465, 510, 502]",8,1.6042864322662354,1.7056827545166016,"[0.992760181427002, 2.2158126831054688, null, null]","[1.0555483102798462, 2.3558173179626465, null, null]",0.23113663494586945
ego_query_residual,83,train,cea14bc9e11e5a9a,2021.06.14.14.03.45_veh-38,6be18c3f08665d95,1,0.1137785091996193,"[504, 497, 507, 489]",4,1.4380942583084106,1.5976688861846924,"[1.4380942583084106, null, null, null]","[1.5976688861846924, null, null, null]",0.24257704615592957
ego_query_residual,83,train,4a60572394c95d99,2021.06.14.14.03.45_veh-38,7e940171cbb2501f,1,0.15767905116081238,"[58, 26, 95, 61]",4,0.21655040979385376,0.17672012746334076,"[0.21655040979385376, null, null, null]","[0.17672012746334076, null, null, null]",0.1829771250486374
ego_query_residual,83,train,73c60faa4a4f50d5,2021.06.14.14.03.45_veh-38,3310381978495db6,1,0.042598601430654526,"[19, 82, 367, 494]",16,1.535575270652771,1.6759235858917236,"[1.1373343467712402, 1.2606031894683838, 2.3521389961242676, 1.3922245502471924]","[1.2713191509246826, 1.3767926692962646, 2.537809133529663, 1.5177735090255737]",0.23755019903182983
ego_query_residual,83,train,19d7d544be8b5ed6,2021.06.14.14.03.45_veh-38,faff8007373357b2,0,0.09166441857814789,"[31, 506, 503, 468]",12,3.276479721069336,3.497046947479248,"[1.6841553449630737, 2.759998321533203, 5.385284423828125, null]","[1.8041192293167114, 3.0074338912963867, 5.679588317871094, null]",0.2327181100845337
ego_query_residual,83,train,0cee9b6cce6b55bb,2021.06.23.17.31.36_veh-16,5dd11df23010512b,1,0.05152026563882828,"[20, 23, 54, 53]",4,1.1790961027145386,1.1964634656906128,"[1.1790961027145386, null, null, null]","[1.1964634656906128, null, null, null]",0.17083609104156494
ego_query_residual,83,train,b7e4f74f963b5911,2021.06.23.17.31.36_veh-16,12076247bcfc52af,0,0.028317715972661972,"[294, 367, 478, 28]",8,1.5942420959472656,1.6411283016204834,"[1.5828280448913574, 1.6056562662124634, null, null]","[1.6726579666137695, 1.6095987558364868, null, null]",0.16609089076519012
ego_query_residual,83,train,de1498ad86835196,2021.06.23.17.31.36_veh-16,0f8853ece4595cfd,1,0.02610514499247074,"[29, 510, 443, 506]",16,1.6452962160110474,1.8901586532592773,"[1.2197134494781494, 1.1077028512954712, 1.5855950117111206, 2.6681735515594482]","[1.4159026145935059, 1.2435232400894165, 1.8417301177978516, 3.059478759765625]",0.2484399676322937
ego_query_residual,83,train,025ec42ba16f587d,2021.06.23.17.31.36_veh-16,135f484f0eaf5a02,1,0.08339393883943558,"[47, 45, 15, 431]",16,2.004053831100464,2.2625551223754883,"[2.807476043701172, 1.7389349937438965, 0.9673498868942261, 2.5024542808532715]","[3.0832512378692627, 2.0163280963897705, 1.1247351169586182, 2.825906276702881]",0.24672192335128784
ego_query_residual,83,train,c3fcca93dde25e14,2021.06.23.17.31.36_veh-16,e9436dfe242a5e1e,0,0.23804084956645966,"[62, 63, 21, 23]",16,2.043476104736328,2.1676788330078125,"[1.6007916927337646, 2.1264615058898926, 2.2034542560577393, 2.243196964263916]","[1.6929914951324463, 2.2466979026794434, 2.3478896617889404, 2.3831353187561035]",0.1685878187417984
ego_query_residual,83,train,e06e9be096c55f62,2021.06.23.17.31.36_veh-16,0ecd78b5d8165cd8,0,0.06136839836835861,"[63, 510, 478, 30]",16,1.170189380645752,1.2813518047332764,"[0.7504186630249023, 1.0964782238006592, 1.505915880203247, 1.3279445171356201]","[0.7937692999839783, 1.1966668367385864, 1.662484884262085, 1.4724860191345215]",0.23037873208522797
ego_query_residual,83,train,3764fca3eb725eea,2021.06.23.17.31.36_veh-16,83605fe059ea5914,1,0.10383216291666031,"[89, 60, 12, 48]",16,1.4421107769012451,1.6494643688201904,"[0.9019438028335571, 1.3865758180618286, 1.9653955698013306, 1.5145279169082642]","[1.0271329879760742, 1.593258023262024, 2.1838912963867188, 1.793574571609497]",0.2506487965583801
ego_query_residual,83,train,e37afb24cbc354b1,2021.06.23.17.31.36_veh-16,137a8e2e182e525a,1,0.024019520729780197,"[369, 337, 335, 398]",8,4.676315784454346,4.8352813720703125,"[3.691873788833618, 5.660757064819336, null, null]","[3.823019027709961, 5.8475446701049805, null, null]",0.1529979705810547
ego_query_residual,83,train,99bf73c4d148509a,2021.06.14.18.13.35_veh-26,ece541c7453e5027,1,0.09997136890888214,"[49, 22, 45, 18]",8,1.1262931823730469,1.1322505474090576,"[1.0734384059906006, 1.1791479587554932, null, null]","[1.076134443283081, 1.1883666515350342, null, null]",0.1375737190246582
ego_query_residual,83,train,82183d4ed7285e2b,2021.06.14.18.13.35_veh-26,15b78bc7ecd45635,2,0.13587047159671783,"[95, 31, 28, 63]",16,2.7768592834472656,2.92295503616333,"[2.4658405780792236, 2.649320602416992, 2.9517552852630615, 3.040520668029785]","[2.558708667755127, 2.791959285736084, 3.085540771484375, 3.255610942840576]",0.18050897121429443
ego_query_residual,83,train,09fc359e65a65d2d,2021.06.14.18.13.35_veh-26,8c1c9f8ebebd5a2c,0,0.03320581465959549,"[155, 504, 475, 502]",0,0.0,0.0,"[null, null, null, null]","[null, null, null, null]",0.21926560997962952
ego_query_residual,83,train,ee6a818615ff51ba,2021.06.14.18.13.35_veh-26,78f10869dcaa5d66,0,0.08673633635044098,"[31, 95, 28, 29]",12,2.10554838180542,2.1789357662200928,"[1.8341671228408813, 1.9597442150115967, 2.522733688354492, null]","[1.899235725402832, 1.9684152603149414, 2.669156074523926, null]",0.17195521295070648
ego_query_residual,83,train,e134b297048b5c37,2021.06.14.18.13.35_veh-26,290604a14d365b9b,0,0.07289934903383255,"[503, 499, 465, 504]",8,2.0046005249023438,2.206050395965576,"[null, null, 1.893115758895874, 2.1160857677459717]","[null, null, 2.088531970977783, 2.323568344116211]",0.23855993151664734
ego_query_residual,83,train,9c833d715d5a5f2c,2021.06.14.18.13.35_veh-26,ce646f56ab2a530e,0,0.06216440349817276,"[31, 27, 29, 64]",16,2.1175355911254883,2.1568875312805176,"[1.7942936420440674, 2.2393946647644043, 2.3979952335357666, 2.0384585857391357]","[1.8197156190872192, 2.274109363555908, 2.4499125480651855, 2.083813190460205]",0.11480209976434708
ego_query_residual,83,train,505bbe9ba4405369,2021.06.14.18.13.35_veh-26,20e402609e615776,1,0.032656848430633545,"[17, 502, 479, 474]",4,0.7387006282806396,0.7362352609634399,"[0.7387006282806396, null, null, null]","[0.7362352609634399, null, null, null]",0.20676995813846588
ego_query_residual,83,train,7c0f902cd4a85505,2021.06.14.18.13.35_veh-26,bc0a766ff84b5442,1,0.09163559973239899,"[48, 49, 17, 47]",0,0.0,0.0,"[null, null, null, null]","[null, null, null, null]",0.1843910813331604
ego_query_residual,83,train,aa5610ae761e5330,2021.08.17.17.55.18_veh-43,f928e8f7bee55d18,2,0.17542067170143127,"[31, 29, 30, 28]",4,3.580082416534424,3.6783435344696045,"[null, null, null, 3.580082416534424]","[null, null, null, 3.6783435344696045]",0.08513493835926056
ego_query_residual,83,train,06f416ef3dbc5656,2021.08.17.17.55.18_veh-43,e0efd254e94b5c5d,1,0.05015219748020172,"[62, 30, 479, 29]",4,1.019892692565918,1.0928785800933838,"[1.019892692565918, null, null, null]","[1.0928785800933838, null, null, null]",0.1775507926940918
ego_query_residual,83,train,9adfdd4c06cf5e8c,2021.08.17.17.55.18_veh-43,7032266a8b3259e9,1,0.0928778126835823,"[51, 50, 59, 63]",0,0.0,0.0,"[null, null, null, null]","[null, null, null, null]",0.24208030104637146
ego_query_residual,83,train,94014ea94dae5180,2021.08.17.17.55.18_veh-43,03d335bbfd355432,1,0.02554471418261528,"[44, 472, 505, 500]",8,5.430455207824707,5.812227249145508,"[null, null, 5.838239669799805, 5.022671222686768]","[null, null, 6.224329948425293, 5.400124549865723]",0.23194622993469238
ego_query_residual,83,train,996a71ebed2d5962,2021.08.17.17.55.18_veh-43,669b4bc52a755a71,1,0.06140390411019325,"[63, 29, 19, 479]",12,1.4522275924682617,1.5569329261779785,"[1.0414018630981445, 1.4565236568450928, 1.8587572574615479, null]","[1.1280933618545532, 1.5395658016204834, 2.0031397342681885, null]",0.1629313975572586
ego_query_residual,83,train,b65cdf1698ec58da,2021.08.17.17.55.18_veh-43,f5ce59f542c15ccf,2,0.11989377439022064,"[60, 63, 91, 121]",8,2.6270699501037598,2.8761794567108154,"[null, null, 2.859037399291992, 2.3951025009155273]","[null, null, 3.137197732925415, 2.6151609420776367]",0.1902911216020584
ego_query_residual,83,train,7c897aea11555116,2021.08.17.17.55.18_veh-43,119facee9f435d2d,1,0.01452319510281086,"[432, 400, 433, 401]",0,0.0,0.0,"[null, null, null, null]","[null, null, null, null]",0.08707549422979355
ego_query_residual,83,train,9d8bbe7081805aff,2021.08.17.17.55.18_veh-43,e4f7253cff9559e5,1,0.5877594351768494,"[17, 46, 54, 51]",8,2.580610752105713,2.583528995513916,"[null, null, 2.424373149871826, 2.7368483543395996]","[null, null, 2.4350595474243164, 2.7319979667663574]",0.19169485569000244
ego_query_residual,83,train,6f13db85eb395da6,2021.06.07.18.53.26_veh-26,b4aa9d6255005ff4,1,0.8551387190818787,"[31, 25, 21, 24]",8,0.6274442672729492,0.654941201210022,"[0.555151104927063, 0.6997373104095459, null, null]","[0.55656498670578, 0.7533173561096191, null, null]",0.17303317785263062
ego_query_residual,83,train,90bab1d26e77539e,2021.06.07.18.53.26_veh-26,a775290bfe11501c,1,0.5249509811401367,"[120, 11, 22, 74]",12,2.040546417236328,2.391465187072754,"[null, 1.781432867050171, 2.543501853942871, 1.7967042922973633]","[null, 2.103390693664551, 2.9253814220428467, 2.145623207092285]",0.24261124432086945
ego_query_residual,83,train,a0fad9da427656e1,2021.06.07.18.53.26_veh-26,7c918a18841755fe,1,0.7777320742607117,"[30, 25, 465, 470]",16,1.638553261756897,1.8477367162704468,"[1.72198486328125, 1.6908643245697021, 1.5642284154891968, 1.5771355628967285]","[2.0009446144104004, 1.8902621269226074, 1.7255876064300537, 1.7741525173187256]",0.2427448034286499
ego_query_residual,83,train,cc2769dbb64c51c5,2021.06.07.18.53.26_veh-26,e056042111235af2,0,0.250155508518219,"[24, 25, 23, 4]",12,2.25482177734375,2.284024238586426,"[1.964012622833252, null, 2.2832839488983154, 2.5171687602996826]","[1.9658122062683105, null, 2.306049108505249, 2.5802111625671387]",0.1227278858423233
ego_query_residual,83,train,3a42aaf9c7ad52b0,2021.06.07.18.53.26_veh-26,a775290bfe11501c,1,0.01803029701113701,"[465, 432, 466, 431]",0,0.0,0.0,"[null, null, null, null]","[null, null, null, null]",0.09686461836099625
ego_query_residual,83,train,9ce593252631507d,2021.06.07.18.53.26_veh-26,5ed65930b4c35bfa,1,0.5993221402168274,"[475, 54, 471, 509]",12,1.5881165266036987,1.6699113845825195,"[1.159327745437622, 1.757378101348877, 1.8476438522338867, null]","[1.2153820991516113, 1.8462984561920166, 1.9480533599853516, null]",0.20993727445602417
ego_query_residual,83,train,d7bf7fb4d1995e7e,2021.06.07.18.53.26_veh-26,ead01d808c89587c,1,0.2154669165611267,"[31, 54, 53, 50]",16,1.414017677307129,1.5998435020446777,"[0.985496461391449, 1.2065485715866089, 1.8108770847320557, 1.6531485319137573]","[1.1478686332702637, 1.3529114723205566, 1.9926302433013916, 1.90596342086792]",0.2465064525604248
ego_query_residual,83,train,884a4400377653c4,2021.06.07.18.53.26_veh-26,77179676f4c656da,0,0.25630268454551697,"[30, 62, 34, 31]",16,2.132844924926758,2.1877784729003906,"[1.7672683000564575, 2.240062713623047, 2.376976490020752, 2.1470718383789062]","[1.7986273765563965, 2.2865986824035645, 2.458646774291992, 2.207240581512451]",0.12423594295978546
ego_query_residual,83,train,f2a8a11d1d9957c6,2021.08.17.17.17.01_veh-45,d53c011070a753b3,1,0.10363741219043732,"[94, 25, 63, 476]",8,2.0600738525390625,2.241427183151245,"[1.910149097442627, 2.2099990844726562, null, null]","[2.0738577842712402, 2.40899658203125, null, null]",0.20307202637195587
ego_query_residual,83,train,448fcc465ce2589c,2021.08.17.17.17.01_veh-45,2d50451fc5045ec3,1,0.08038321882486343,"[29, 24, 94, 19]",4,1.4261479377746582,1.6486135721206665,"[1.4261479377746582, null, null, null]","[1.6486135721206665, null, null, null]",0.23858200013637543
ego_query_residual,83,train,5b9eea7538235f36,2021.08.17.17.17.01_veh-45,58adb0f87a905810,2,0.13454486429691315,"[24, 63, 31, 477]",12,2.5969579219818115,2.6763017177581787,"[1.48317289352417, 2.818120241165161, null, 3.4895808696746826]","[1.5110074281692505, 2.9369826316833496, null, 3.580914258956909]",0.17289230227470398
ego_query_residual,83,train,8da3d9d2de0c53bd,2021.08.17.17.17.01_veh-45,56ef3c9f702054a5,0,0.16066372394561768,"[23, 26, 63, 1]",0,0.0,0.0,"[null, null, null, null]","[null, null, null, null]",0.18489934504032135
ego_query_residual,83,train,4cb6f16e6fd75ae6,2021.08.17.17.17.01_veh-45,01fcbea54a215b4c,0,0.17647813260555267,"[30, 31, 95, 23]",0,0.0,0.0,"[null, null, null, null]","[null, null, null, null]",0.08046132326126099
ego_query_residual,83,train,6bf7c64d674550c0,2021.08.17.17.17.01_veh-45,e9ee1f2ed60e5dad,0,0.11288101971149445,"[31, 18, 12, 55]",16,2.6572227478027344,2.959688186645508,"[1.6596908569335938, 2.0695672035217285, 3.3151044845581055, 3.5845284461975098]","[1.8564980030059814, 2.317120313644409, 3.6974093914031982, 3.9677252769470215]",0.21160270273685455
ego_query_residual,83,train,400d720e95ee5e13,2021.08.17.17.17.01_veh-45,e334ef237217504d,0,0.09518583118915558,"[447, 478, 412, 30]",12,2.9529590606689453,3.0926711559295654,"[null, 2.4382989406585693, 3.282196044921875, 3.1383814811706543]","[null, 2.5401430130004883, 3.4599409103393555, 3.2779293060302734]",0.14799779653549194
ego_query_residual,83,train,f16683fd19e558c2,2021.08.17.17.17.01_veh-45,091fcca513f752d2,0,0.12869711220264435,"[502, 22, 30, 31]",4,3.1598429679870605,3.2377138137817383,"[null, null, null, 3.1598429679870605]","[null, null, null, 3.2377138137817383]",0.1177956610918045
ego_query_residual,83,development,5b2b2741a9225324,2021.06.07.17.46.49_veh-35,d27fc0739dad5664,1,0.7142303586006165,"[47, 81, 503, 15]",16,1.1519904136657715,1.25282621383667,"[0.7377879619598389, 1.3510900735855103, 1.2237284183502197, 1.2953550815582275]","[0.756908118724823, 1.4398716688156128, 1.3338558673858643, 1.480668544769287]",0.22474074363708496
ego_query_residual,83,development,1dc3ed89baf15ac3,2021.06.07.17.46.49_veh-35,1dabc8e66ab15cb6,1,0.20345446467399597,"[399, 400, 401, 398]",4,3.290846586227417,3.3505654335021973,"[3.290846586227417, null, null, null]","[3.3505654335021973, null, null, null]",0.09335817396640778
ego_query_residual,83,development,2daea025bb7e5a2c,2021.06.07.17.46.49_veh-35,db1cb602e9f05786,1,0.3371400535106659,"[464, 465, 496, 433]",8,9.982107162475586,10.339469909667969,"[7.5473856925964355, 12.416829109191895, null, null]","[7.831263065338135, 12.847677230834961, null, null]",0.22406338155269623
ego_query_residual,83,development,be3bc0fa680c5e33,2021.06.07.17.46.49_veh-35,17a02971177257e5,0,0.5945919752120972,"[30, 31, 32, 127]",16,2.1006126403808594,2.1440749168395996,"[2.0960681438446045, 2.1290640830993652, 2.144462823867798, 2.0328550338745117]","[2.129967212677002, 2.184906005859375, 2.2008938789367676, 2.060533046722412]",0.16162365674972534
ego_query_residual,83,development,2903fe2f977f5927,2021.06.07.17.46.49_veh-35,f29c7a8c103151ea,1,0.8513703346252441,"[63, 21, 20, 17]",0,0.0,0.0,"[null, null, null, null]","[null, null, null, null]",0.19516821205615997
ego_query_residual,83,development,c362c24b66b351ed,2021.06.07.17.46.49_veh-35,186b67f7d5325988,1,0.934653103351593,"[27, 22, 63, 28]",4,1.0071778297424316,1.0510098934173584,"[1.0071778297424316, null, null, null]","[1.0510098934173584, null, null, null]",0.17784161865711212
ego_query_residual,83,development,222f5d6a4aa25d89,2021.06.07.17.46.49_veh-35,75787c317e3a5b82,1,0.2780930995941162,"[51, 28, 16, 47]",16,1.8380861282348633,1.912876844406128,"[1.001479148864746, 2.0355031490325928, 2.179915189743042, 2.1354470252990723]","[1.004046082496643, 2.1297500133514404, 2.2761733531951904, 2.2415378093719482]",0.16260293126106262
ego_query_residual,83,development,933f03af8f385207,2021.06.07.17.46.49_veh-35,9036e1622d84535c,2,0.4368572533130646,"[59, 25, 26, 505]",16,2.511770486831665,2.6520910263061523,"[0.7226520776748657, 2.606998920440674, 2.7247729301452637, 3.9926581382751465]","[0.7290355563163757, 2.7924160957336426, 2.8837244510650635, 4.203187942504883]",0.21057693660259247
ego_query_residual,83,development,063ebdb158075369,2021.06.09.11.54.15_veh-12,ff376a5096665630,1,0.03419339656829834,"[436, 471, 468, 444]",8,3.4843521118164062,3.7239556312561035,"[2.596501350402832, 4.3722028732299805, null, null]","[2.765103340148926, 4.682808876037598, null, null]",0.21549874544143677
ego_query_residual,83,development,c0a1b812e095547d,2021.06.09.11.54.15_veh-12,402aea4619c55186,1,0.18583709001541138,"[85, 22, 56, 57]",12,3.251459836959839,3.224064588546753,"[null, 3.4634900093078613, 3.4438490867614746, 2.8470396995544434]","[null, 3.4310555458068848, 3.4201433658599854, 2.8209943771362305]",0.12491298466920853
ego_query_residual,83,development,482f957d79f45f55,2021.06.09.11.54.15_veh-12,5107aa8e98035ec1,1,0.06307866424322128,"[472, 504, 499, 477]",8,3.1486620903015137,3.445486068725586,"[2.1656084060668945, 4.131715774536133, null, null]","[2.3812427520751953, 4.509729862213135, null, null]",0.2282959520816803
ego_query_residual,83,development,6561907765f2550f,2021.06.09.11.54.15_veh-12,91420a0f9dc25fe9,1,0.10659697651863098,"[48, 57, 21, 116]",0,0.0,0.0,"[null, null, null, null]","[null, null, null, null]",0.09646669030189514
ego_query_residual,83,development,5742dd4bd86e5127,2021.06.09.11.54.15_veh-12,3c893aadfc175960,1,0.07498624920845032,"[47, 473, 81, 62]",12,1.4057039022445679,1.5060396194458008,"[0.8220131397247314, 1.7240322828292847, 1.6710665225982666, null]","[0.8897019028663635, 1.8419373035430908, 1.7864798307418823, null]",0.1686585247516632
ego_query_residual,83,development,ecc85792eb665ba0,2021.06.09.11.54.15_veh-12,7b3b09ed718b5bf4,1,0.0663101077079773,"[475, 18, 23, 47]",16,1.2743566036224365,1.3562872409820557,"[0.8484728336334229, 1.0772743225097656, 1.4848681688308716, 1.6868113279342651]","[0.9085676074028015, 1.0784963369369507, 1.577559471130371, 1.8605254888534546]",0.24254991114139557
ego_query_residual,83,development,599c900bc4e95312,2021.06.09.11.54.15_veh-12,8f3409a47a455049,2,0.08388569205999374,"[31, 26, 29, 62]",16,2.3812732696533203,2.423323154449463,"[1.4677908420562744, 2.3053085803985596, 3.1697185039520264, 2.582275152206421]","[1.4534627199172974, 2.3664937019348145, 3.238720178604126, 2.634615898132324]",0.11871064454317093
ego_query_residual,83,development,505cdbada0ee59be,2021.06.09.11.54.15_veh-12,5b7dc6545cc658f0,2,0.11533647775650024,"[63, 95, 29, 26]",16,2.8693387508392334,3.0935871601104736,"[1.5269451141357422, 2.9841718673706055, 3.4963643550872803, 3.4698736667633057]","[1.6527210474014282, 3.2213263511657715, 3.7958178520202637, 3.7044837474823]",0.2313203662633896
ego_query_residual,83,development,836b76b2c8f35990,2021.08.24.17.37.11_veh-08,1d97c042ca575a4c,2,0.6384602189064026,"[63, 31, 95, 30]",8,2.9298036098480225,2.972493886947632,"[2.7836475372314453, 3.0759596824645996, null, null]","[2.8377809524536133, 3.1072068214416504, null, null]",0.12999600172042847
ego_query_residual,83,development,21eb51db8a675681,2021.08.24.17.37.11_veh-08,ffe62a894e3a5925,1,0.11580106616020203,"[11, 274, 343, 9]",0,0.0,0.0,"[null, null, null, null]","[null, null, null, null]",0.14919991791248322
ego_query_residual,83,development,b8bf6e0a15635fa9,2021.08.24.17.37.11_veh-08,00c0acbc4c06557c,2,0.11880901455879211,"[54, 24, 30, 62]",0,0.0,0.0,"[null, null, null, null]","[null, null, null, null]",0.14678922295570374
ego_query_residual,83,development,005e12630b405e67,2021.08.24.17.37.11_veh-08,4bfb3377012e5e58,0,0.5287464261054993,"[31, 30, 29, 0]",4,2.2442667484283447,2.3006584644317627,"[2.2442667484283447, null, null, null]","[2.3006584644317627, null, null, null]",0.12636665999889374
ego_query_residual,83,development,4ece654624b452ac,2021.08.24.17.37.11_veh-08,f68f529d24295c53,1,0.5343726277351379,"[25, 55, 6, 86]",4,1.8537654876708984,1.8573534488677979,"[1.8537654876708984, null, null, null]","[1.8573534488677979, null, null, null]",0.12757934629917145
ego_query_residual,83,development,a7aa6da460a65457,2021.08.24.17.37.11_veh-08,1d97c042ca575a4c,1,0.26062270998954773,"[369, 49, 500, 80]",8,0.42504018545150757,0.3985970914363861,"[0.43490028381347656, 0.41518014669418335, null, null]","[0.412645548582077, 0.3845486044883728, null, null]",0.24885132908821106
ego_query_residual,83,development,cc40016cd26a5ff5,2021.08.24.17.37.11_veh-08,a18c9d5742545776,1,0.03847112879157066,"[398, 399, 401, 397]",0,0.0,0.0,"[null, null, null, null]","[null, null, null, null]",0.10793787240982056
ego_query_residual,83,development,0a7d7aef157c5bc6,2021.08.24.17.37.11_veh-08,4bfb3377012e5e58,0,0.3023627996444702,"[27, 31, 61, 511]",16,2.2624902725219727,2.4459681510925293,"[1.4634759426116943, 2.048956871032715, 2.8291659355163574, 2.708362579345703]","[1.568398118019104, 2.1940670013427734, 3.074422597885132, 2.9469847679138184]",0.21047312021255493
ego_query_residual,83,development,7b9a55edcf2752fb,2021.07.16.00.24.14_veh-38,d940d716f6da5650,0,0.1405554562807083,"[31, 38, 27, 26]",12,2.1401607990264893,2.1872293949127197,"[1.9819927215576172, null, 2.247713804244995, 2.1907756328582764]","[2.0308778285980225, null, 2.2876877784729004, 2.243122100830078]",0.12242939323186874
ego_query_residual,83,development,faca4ac928255aed,2021.07.16.00.24.14_veh-38,295cc52db71a5c8d,2,0.196158304810524,"[93, 49, 63, 31]",8,2.410224437713623,2.4868927001953125,"[null, null, 1.8634415864944458, 2.95700740814209]","[null, null, 1.9047048091888428, 3.0690805912017822]",0.1733941286802292
ego_query_residual,83,development,07deb830dc5e525c,2021.07.16.00.24.14_veh-38,15ac832eaeea5acc,1,0.05324345827102661,"[15, 79, 80, 78]",16,1.1679632663726807,1.342342495918274,"[0.7130783796310425, 1.0024102926254272, 1.4040000438690186, 1.5523643493652344]","[0.8049689531326294, 1.180528998374939, 1.5904699563980103, 1.793402075767517]",0.2466849833726883
ego_query_residual,83,development,9ff0cdc8fc715ce3,2021.07.16.00.24.14_veh-38,a3063c20eb1251c7,0,0.11013568192720413,"[465, 497, 464, 439]",0,0.0,0.0,"[null, null, null, null]","[null, null, null, null]",0.11696648597717285
ego_query_residual,83,development,461e0a28b1f655aa,2021.07.16.00.24.14_veh-38,d45e467ab1e85825,1,0.19743241369724274,"[16, 49, 80, 47]",4,1.7211049795150757,1.7310550212860107,"[1.7211049795150757, null, null, null]","[1.7310550212860107, null, null, null]",0.14706844091415405
ego_query_residual,83,development,548204416ae25b31,2021.07.16.00.24.14_veh-38,072767a0ae2857e9,1,0.08913147449493408,"[399, 432, 430, 465]",0,0.0,0.0,"[null, null, null, null]","[null, null, null, null]",0.11250753700733185
ego_query_residual,83,development,e0b0dcb2ea675ec9,2021.07.16.00.24.14_veh-38,a9aeb39738d95e61,1,0.025134747847914696,"[368, 465, 501, 500]",4,1.0479283332824707,1.0480245351791382,"[1.0479283332824707, null, null, null]","[1.0480245351791382, null, null, null]",0.19617697596549988
ego_query_residual,83,development,8fe6aa411d2350f4,2021.07.16.00.24.14_veh-38,c5ba6402b9b6577d,1,0.13481098413467407,"[16, 446, 497, 501]",4,2.362858772277832,2.616054058074951,"[2.362858772277832, null, null, null]","[2.616054058074951, null, null, null]",0.23883377015590668
ego_query_residual,83,development,2587746c51ce582c,2021.06.23.14.54.32_veh-16,8ba21e5f44fd5756,1,0.0691675916314125,"[401, 400, 337, 399]",4,3.002315044403076,3.0460205078125,"[3.002315044403076, null, null, null]","[3.0460205078125, null, null, null]",0.09888412803411484
ego_query_residual,83,development,cdb8ed61577455d0,2021.06.23.14.54.32_veh-16,63a378470ecf578a,1,0.2845641076564789,"[22, 272, 341, 25]",4,1.8282396793365479,1.8624544143676758,"[null, 1.8282396793365479, null, null]","[null, 1.8624544143676758, null, null]",0.1463584005832672
ego_query_residual,83,development,359653f71f095eb2,2021.06.23.14.54.32_veh-16,764e553f9fa1596e,1,0.019941434264183044,"[17, 27, 63, 510]",4,1.086620569229126,1.171944499015808,"[1.086620569229126, null, null, null]","[1.171944499015808, null, null, null]",0.1818450689315796
ego_query_residual,83,development,e1bd235bf5145312,2021.06.23.14.54.32_veh-16,c21a05faf4f95c23,0,0.1950080543756485,"[509, 505, 55, 46]",12,1.0630321502685547,1.117457628250122,"[0.5302484631538391, null, 1.276962399482727, 1.3818855285644531]","[0.5084052085876465, null, 1.3413697481155396, 1.5025980472564697]",0.2247764766216278
ego_query_residual,83,development,21851d86de975750,2021.06.23.14.54.32_veh-16,0fa6960777235107,1,0.046619947999715805,"[19, 27, 50, 52]",4,0.6548134088516235,0.6668170690536499,"[0.6548134088516235, null, null, null]","[0.6668170690536499, null, null, null]",0.17190848290920258
ego_query_residual,83,development,41fd5b3cc9cb5e4d,2021.06.23.14.54.32_veh-16,192f476facc35a66,1,0.12176286429166794,"[47, 11, 18, 10]",8,0.8301771879196167,0.8645435571670532,"[0.6632075905799866, 0.9971468448638916, null, null]","[0.6928049325942993, 1.0362820625305176, null, null]",0.18526366353034973
ego_query_residual,83,development,80fcfa05a45d5e36,2021.06.23.14.54.32_veh-16,68c36562409856ec,1,0.10981682687997818,"[466, 436, 463, 462]",12,3.6453301906585693,3.986356258392334,"[1.646817922592163, 2.8286218643188477, 6.460550785064697, null]","[1.8874766826629639, 3.1963119506835938, 6.875279903411865, null]",0.24319051206111908
ego_query_residual,83,development,eca9c65e90335fc5,2021.06.23.14.54.32_veh-16,e302117d34785896,1,0.08960570394992828,"[401, 369, 368, 400]",0,0.0,0.0,"[null, null, null, null]","[null, null, null, null]",0.11634751409292221
ego_query_residual,83,development,ebbd33f9058e5e95,2021.06.09.14.50.36_veh-26,818dcca6c1fa5abf,1,0.03828958421945572,"[22, 29, 17, 20]",16,2.8525328636169434,3.125929355621338,"[2.433276653289795, 3.132032871246338, 2.938399076461792, 2.9064230918884277]","[2.7005343437194824, 3.414994716644287, 3.240236759185791, 3.14795184135437]",0.23265574872493744
ego_query_residual,83,development,9a04bc527d215067,2021.06.09.14.50.36_veh-26,5e8a8d507c145bf2,1,0.2838676869869232,"[142, 27, 139, 138]",0,0.0,0.0,"[null, null, null, null]","[null, null, null, null]",0.08084595948457718
ego_query_residual,83,development,5a287daa1f775a79,2021.06.09.14.50.36_veh-26,af832f9835ee5efc,0,0.26296818256378174,"[51, 23, 20, 52]",16,2.719576358795166,2.776508331298828,"[1.2835450172424316, 2.7201569080352783, 3.4468350410461426, 3.4277682304382324]","[1.311749815940857, 2.7727267742156982, 3.5200576782226562, 3.5014991760253906]",0.09524109959602356
ego_query_residual,83,development,d9a85f2b168854ba,2021.06.09.14.50.36_veh-26,549ee450dacd5abb,1,0.08971714973449707,"[463, 20, 474, 434]",4,2.8542404174804688,3.1044018268585205,"[2.8542404174804688, null, null, null]","[3.1044018268585205, null, null, null]",0.2265036404132843
ego_query_residual,83,development,f6d2ad1db3c45c20,2021.06.09.14.50.36_veh-26,e755817de2795e70,0,0.10500244051218033,"[31, 29, 505, 60]",16,1.5413017272949219,1.6316511631011963,"[1.6319286823272705, 2.0140597820281982, 1.0634231567382812, 1.455795407295227]","[1.696728229522705, 2.156848430633545, 1.1074509620666504, 1.565577745437622]",0.16592758893966675
ego_query_residual,83,development,5cc6394b1dde5e37,2021.06.09.14.50.36_veh-26,3daa89465a7e50bf,0,0.13783618807792664,"[16, 7, 8, 15]",12,3.4223251342773438,3.443593978881836,"[3.023026943206787, 3.4687209129333496, 3.7752277851104736, null]","[3.032099485397339, 3.4934449195861816, 3.805237054824829, null]",0.12210911512374878
ego_query_residual,83,development,bd6c7b10ae725c06,2021.06.09.14.50.36_veh-26,40627495cb2f57f2,1,0.12226429581642151,"[79, 17, 23, 80]",8,1.596174716949463,1.6690361499786377,"[0.9549835324287415, 2.23736572265625, null, null]","[1.0106183290481567, 2.327454090118408, null, null]",0.18262585997581482
ego_query_residual,83,development,03ac353ec2a450b4,2021.06.09.14.50.36_veh-26,b133d32ebacf51a4,0,0.08792436867952347,"[28, 63, 31, 30]",16,1.772099256515503,1.8593339920043945,"[1.7943806648254395, 1.9856398105621338, 1.6399489641189575, 1.6684273481369019]","[1.892094612121582, 2.0923848152160645, 1.7279547452926636, 1.724901556968689]",0.1375311315059662
ego_query_residual,83,development,193179dedf975965,2021.07.09.20.59.12_veh-38,140f0b69eb365081,0,0.15599676966667175,"[497, 19, 95, 504]",16,2.0001754760742188,2.255312442779541,"[1.8691481351852417, 2.1862902641296387, 1.8283360004425049, 2.1169278621673584]","[2.1080923080444336, 2.467327117919922, 2.063056468963623, 2.3827743530273438]",0.24524524807929993
ego_query_residual,83,development,ef07b861b51a554e,2021.07.09.20.59.12_veh-38,cb83cacbf41d58b8,1,0.15459731221199036,"[23, 58, 114, 503]",16,1.7281417846679688,1.9435091018676758,"[1.9566673040390015, 1.6758708953857422, 1.5658661127090454, 1.714163064956665]","[2.2521910667419434, 1.8208831548690796, 1.8014118671417236, 1.8995506763458252]",0.24697381258010864
ego_query_residual,83,development,ce6d2bfacf8655a6,2021.07.09.20.59.12_veh-38,ac873abc79f75609,1,0.08773352950811386,"[55, 56, 30, 27]",4,1.8936398029327393,2.1607272624969482,"[1.8936398029327393, null, null, null]","[2.1607272624969482, null, null, null]",0.2544344961643219
ego_query_residual,83,development,6c227ec265b2568d,2021.07.09.20.59.12_veh-38,c63fa36583195676,1,0.2972797453403473,"[89, 497, 22, 496]",8,3.4679884910583496,3.713618516921997,"[3.2821662425994873, 3.653810977935791, null, null]","[3.5169174671173096, 3.9103198051452637, null, null]",0.22304315865039825
ego_query_residual,83,development,b0cebe034a265720,2021.07.09.20.59.12_veh-38,f74c2f575df25f4a,1,0.030316948890686035,"[466, 465, 464, 432]",0,0.0,0.0,"[null, null, null, null]","[null, null, null, null]",0.13739165663719177
ego_query_residual,83,development,dd2f55420c6b5764,2021.07.09.20.59.12_veh-38,7e572c1c4f5d5df2,1,0.13548284769058228,"[504, 479, 31, 508]",12,1.224536418914795,1.3052632808685303,"[null, 0.6967939138412476, 1.4526848793029785, 1.5241302251815796]","[null, 0.7095274925231934, 1.557448387145996, 1.6488142013549805]",0.20720164477825165
ego_query_residual,83,development,b630301843b158d4,2021.07.09.20.59.12_veh-38,315e9411328d5e75,1,0.1506308764219284,"[21, 436, 510, 434]",8,1.4655606746673584,1.5619720220565796,"[1.2730629444122314, 1.658058524131775, null, null]","[1.355782151222229, 1.7681617736816406, null, null]",0.21799060702323914
ego_query_residual,83,development,39fd026d451351e2,2021.07.09.20.59.12_veh-38,73cf910aa2885a71,1,0.2393316924571991,"[30, 84, 95, 25]",0,0.0,0.0,"[null, null, null, null]","[null, null, null, null]",0.15027667582035065
ego_query_residual,83,development,5426ae4426ba5534,2021.06.23.18.23.38_veh-26,f72df301ed465fe6,1,0.11893348395824432,"[79, 47, 470, 77]",16,1.804050087928772,2.0288124084472656,"[1.225683331489563, 0.9490036964416504, 2.063242197036743, 2.978271245956421]","[1.369735598564148, 1.0637452602386475, 2.3174190521240234, 3.364349365234375]",0.24555160105228424
ego_query_residual,83,development,fbeab8a882035a94,2021.06.23.18.23.38_veh-26,2e8f4ff50e4a55cc,0,0.13146670162677765,"[31, 30, 29, 20]",16,1.9340064525604248,1.9606279134750366,"[1.749894380569458, 2.2173852920532227, 1.9003901481628418, 1.8683559894561768]","[1.76705002784729, 2.2783827781677246, 1.9327086210250854, 1.8643701076507568]",0.13610149919986725
ego_query_residual,83,development,89e963670d89570c,2021.06.23.18.23.38_veh-26,03dbcc9320245d7c,1,0.27070051431655884,"[52, 80, 51, 11]",16,1.4075361490249634,1.4830100536346436,"[1.022904872894287, 1.1887041330337524, 1.5671720504760742, 1.8513633012771606]","[1.0080264806747437, 1.2577872276306152, 1.649071216583252, 2.017155408859253]",0.22906817495822906
ego_query_residual,83,development,bcff4b28fd875b3d,2021.06.23.18.23.38_veh-26,6f619fabc40050a9,2,0.6946195363998413,"[29, 22, 60, 31]",16,3.166959762573242,3.2662127017974854,"[2.0547943115234375, 3.7127225399017334, 3.9357566833496094, 2.9645652770996094]","[2.1244630813598633, 3.8219213485717773, 4.049033164978027, 3.0694336891174316]",0.14915189146995544
ego_query_residual,83,development,88666b1c75b75602,2021.06.23.18.23.38_veh-26,99b44236999557c7,1,0.17591571807861328,"[49, 80, 47, 82]",16,1.7412912845611572,1.7580184936523438,"[2.0102784633636475, 1.5516526699066162, 1.8413145542144775, 1.5619189739227295]","[2.060002326965332, 1.5546221733093262, 1.8777443170547485, 1.5397050380706787]",0.15574610233306885
ego_query_residual,83,development,f72865014d6158a2,2021.06.23.18.23.38_veh-26,84368cbdd7cb5647,2,0.15537934005260468,"[22, 28, 63, 61]",8,1.6957306861877441,1.7401533126831055,"[0.6391966342926025, 2.7522647380828857, null, null]","[0.6570271253585815, 2.82327938079834, null, null]",0.14121806621551514
ego_query_residual,83,development,7e3b06c8b33156d3,2021.06.23.18.23.38_veh-26,7b483583a2595b0f,1,0.07225657999515533,"[432, 48, 506, 500]",12,4.9099955558776855,5.205960273742676,"[2.2269339561462402, 5.87267541885376, 6.630376815795898, null]","[2.4192955493927, 6.220330238342285, 6.978255271911621, null]",0.22916333377361298
ego_query_residual,83,development,655a064f04e1531b,2021.06.23.18.23.38_veh-26,8997a4a3aadb506a,1,0.2541649639606476,"[367, 75, 399, 494]",16,0.7744007706642151,0.8537358045578003,"[0.7084739208221436, 0.4972425699234009, 0.689484715461731, 1.202401876449585]","[0.7655432820320129, 0.5239071249961853, 0.722112774848938, 1.403380036354065]",0.25018778443336487
ego_query_residual_lora,29,train,42868079cfb75233,2021.07.09.01.37.16_veh-26,641fad330504500c,1,0.061436958611011505,"[384, 496, 485, 482]",0,0.0,0.0,"[null, null, null, null]","[null, null, null, null]",0.15643134713172913
ego_query_residual_lora,29,train,caafcdd4b7835eb0,2021.07.09.01.37.16_veh-26,359f92c3233457a3,1,0.0927574560046196,"[494, 501, 486, 499]",4,2.457995653152466,2.5420780181884766,"[null, null, null, 2.457995653152466]","[null, null, null, 2.5420780181884766]",0.1073768362402916
ego_query_residual_lora,29,train,2fa96542484250f0,2021.07.09.01.37.16_veh-26,f89a324077eb57a9,1,0.06205154210329056,"[441, 489, 322, 455]",4,2.153693675994873,2.2334117889404297,"[null, null, 2.153693675994873, null]","[null, null, 2.2334117889404297, null]",0.15265880525112152
ego_query_residual_lora,29,train,68341772b52f543b,2021.07.09.01.37.16_veh-26,698608aa5fed5770,0,0.048911936581134796,"[511, 478, 490, 431]",8,2.1235556602478027,2.203199863433838,"[1.2405695915222168, 3.0065417289733887, null, null]","[1.2439405918121338, 3.162459373474121, null, null]",0.17818647623062134
ego_query_residual_lora,29,train,eabd9d1227785454,2021.07.09.01.37.16_veh-26,a110aeed6ea85e04,1,0.025906100869178772,"[488, 487, 429, 464]",16,2.485262393951416,2.663158893585205,"[1.8395144939422607, 1.7604360580444336, 2.996509075164795, 3.344590663909912]","[1.8583636283874512, 1.9638864994049072, 3.2877609729766846, 3.542623519897461]",0.21525226533412933
ego_query_residual_lora,29,train,f70d691cf70b5cb3,2021.07.09.01.37.16_veh-26,34dd5ff0548b5455,0,0.03888744115829468,"[484, 450, 420, 483]",8,3.082874298095703,3.349217414855957,"[2.7865548133850098, 3.3791935443878174, null, null]","[3.0477070808410645, 3.6507277488708496, null, null]",0.2167375087738037
ego_query_residual_lora,29,train,aa2fce3e3af55b1c,2021.07.09.01.37.16_veh-26,4ca220b52b5c50af,1,0.023330895230174065,"[237, 451, 387, 420]",4,2.461000442504883,2.4916183948516846,"[2.461000442504883, null, null, null]","[2.4916183948516846, null, null, null]",0.1674017757177353
ego_query_residual_lora,29,train,00029eec66d650e1,2021.07.09.01.37.16_veh-26,045ff16e93dc5a42,1,0.035369522869586945,"[243, 242, 241, 235]",4,0.8111841678619385,0.8102182149887085,"[0.8111841678619385, null, null, null]","[0.8102182149887085, null, null, null]",0.1751900166273117
ego_query_residual_lora,29,train,0168dd4fffde52ed,2021.06.08.12.00.19_veh-35,a4e97e74e1a150b3,1,0.4187828004360199,"[426, 235, 238, 427]",0,0.0,0.0,"[null, null, null, null]","[null, null, null, null]",0.14928098022937775
ego_query_residual_lora,29,train,c4e9600b96ce5d54,2021.06.08.12.00.19_veh-35,4d01ebfbc43d560b,1,0.030757956206798553,"[423, 241, 486, 215]",4,3.4711556434631348,3.6225316524505615,"[3.4711556434631348, null, null, null]","[3.6225316524505615, null, null, null]",0.14490386843681335
ego_query_residual_lora,29,train,a80c5ee8b1ff56d8,2021.06.08.12.00.19_veh-35,3ffcb152c57c56c5,1,0.6608842611312866,"[388, 420, 451, 454]",16,2.409276247024536,2.5268936157226562,"[1.8076627254486084, 2.259567975997925, 2.5590262413024902, 3.010848045349121]","[1.88284432888031, 2.361109972000122, 2.6795096397399902, 3.184110164642334]",0.21409642696380615
ego_query_residual_lora,29,train,54f9b4af08e05d79,2021.06.08.12.00.19_veh-35,a2165005ab865a02,1,0.0355980359017849,"[428, 427, 334, 488]",0,0.0,0.0,"[null, null, null, null]","[null, null, null, null]",0.15347063541412354
ego_query_residual_lora,29,train,1657554fc5445eb6,2021.06.08.12.00.19_veh-35,39cbdec7b364501d,2,0.15588416159152985,"[490, 485, 499, 488]",16,2.2959651947021484,2.32397198677063,"[1.8904290199279785, 2.184800148010254, 2.5794992446899414, 2.5291333198547363]","[1.9509469270706177, 2.1941304206848145, 2.594390630722046, 2.5564205646514893]",0.1819012463092804
ego_query_residual_lora,29,train,e7cde98715555110,2021.06.08.12.00.19_veh-35,785bf24e15875ef2,1,1.6929028034210205,"[488, 482, 453, 395]",8,2.591398000717163,2.807436466217041,"[2.7585926055908203, 2.4242031574249268, null, null]","[3.0448169708251953, 2.5700559616088867, null, null]",0.22937718033790588
ego_query_residual_lora,29,train,4bb4fd668a805612,2021.06.08.12.00.19_veh-35,c461bc7ab865595e,0,0.21421967446804047,"[486, 453, 390, 451]",16,1.7834968566894531,1.9070661067962646,"[0.9896889328956604, 1.3991179466247559, 2.2428481578826904, 2.5023319721221924]","[1.0213209390640259, 1.426753282546997, 2.426778793334961, 2.753411293029785]",0.21184860169887543
ego_query_residual_lora,29,train,c1fe3aa66ec55b17,2021.06.08.12.00.19_veh-35,9655be695969522d,1,0.45352599024772644,"[484, 423, 485, 420]",8,3.6266322135925293,3.8324005603790283,"[3.5105156898498535, 3.7427492141723633, null, null]","[3.7377994060516357, 3.927001953125, null, null]",0.14848880469799042
ego_query_residual_lora,29,train,9fe049486481505a,2021.08.17.13.15.12_veh-45,ca75f3286b115d37,0,0.05606713518500328,"[493, 462, 496, 486]",16,2.199575424194336,2.3210668563842773,"[0.43098941445350647, 0.9287999868392944, 3.2014036178588867, 4.23710823059082]","[0.4444439709186554, 0.9990816116333008, 3.370807409286499, 4.469934463500977]",0.11616329848766327
ego_query_residual_lora,29,train,f895bc253a215fc4,2021.08.17.13.15.12_veh-45,a3cae0d00733532e,1,0.42252737283706665,"[487, 456, 460, 490]",8,1.2750632762908936,1.340226650238037,"[1.0152884721755981, 1.5348379611968994, null, null]","[1.0761263370513916, 1.6043272018432617, null, null]",0.18925735354423523
ego_query_residual_lora,29,train,f1430641b7685542,2021.08.17.13.15.12_veh-45,81ff4535c5c251d6,1,0.033875562250614166,"[325, 489, 490, 296]",16,1.3518943786621094,1.4043792486190796,"[0.8736875057220459, 1.329390525817871, 1.4064090251922607, 1.7980904579162598]","[0.8527073860168457, 1.3831619024276733, 1.468100905418396, 1.9135469198226929]",0.21057260036468506
ego_query_residual_lora,29,train,ada17d80705459e5,2021.08.17.13.15.12_veh-45,16b335fe131c50be,1,0.0662931352853775,"[422, 423, 427, 463]",0,0.0,0.0,"[null, null, null, null]","[null, null, null, null]",0.23206162452697754
ego_query_residual_lora,29,train,5442925b5514525c,2021.08.17.13.15.12_veh-45,5b0cacf961245153,1,0.2147613763809204,"[488, 495, 489, 457]",4,0.6158833503723145,0.5930241942405701,"[0.6158833503723145, null, null, null]","[0.5930241942405701, null, null, null]",0.19659045338630676
ego_query_residual_lora,29,train,f4be93317adf5091,2021.08.17.13.15.12_veh-45,e2ce597de87f572d,1,0.053527094423770905,"[488, 424, 465, 462]",12,1.5888537168502808,1.638814926147461,"[1.685889720916748, 1.4554026126861572, 1.6252689361572266, null]","[1.7187325954437256, 1.5330026149749756, 1.6647099256515503, null]",0.1319040209054947
ego_query_residual_lora,29,train,0c12cf6a804d5e86,2021.08.17.13.15.12_veh-45,8db7aab4ec8458a5,0,0.12587322294712067,"[384, 480, 448, 449]",8,1.9624478816986084,2.0386176109313965,"[null, 1.8937761783599854, 2.0311195850372314, null]","[null, 1.925025463104248, 2.152209758758545, null]",0.14568467438220978
ego_query_residual_lora,29,train,a1da8bec7a1c5c7e,2021.08.17.13.15.12_veh-45,c55fafd4f7d05c65,1,0.057691335678100586,"[452, 424, 393, 455]",16,1.7265641689300537,1.7264609336853027,"[1.2031865119934082, 1.3619003295898438, 2.1708526611328125, 2.1703174114227295]","[1.193868637084961, 1.3237611055374146, 2.185135841369629, 2.203078269958496]",0.21901117265224457
ego_query_residual_lora,29,train,1b173e83ce58518b,2021.06.08.16.31.33_veh-38,3364fd6ba8365441,1,0.03745448589324951,"[442, 443, 234, 241]",0,0.0,0.0,"[null, null, null, null]","[null, null, null, null]",0.14755573868751526
ego_query_residual_lora,29,train,7fa7f2973eb6583d,2021.06.08.16.31.33_veh-38,e6f6b559cbe6534e,1,0.24313104152679443,"[492, 460, 495, 341]",16,1.7024976015090942,1.830804467201233,"[1.375709056854248, 1.0175232887268066, 1.6543006896972656, 2.7624576091766357]","[1.4643151760101318, 0.9983115196228027, 1.806809425354004, 3.053781509399414]",0.2135840803384781
ego_query_residual_lora,29,train,63818d7962335cb9,2021.06.08.16.31.33_veh-38,3bb603a701225a40,0,0.05818790942430496,"[392, 391, 396, 395]",16,2.0313470363616943,2.1967499256134033,"[2.1216847896575928, 2.166835069656372, 1.7838472127914429, 2.05302095413208]","[2.317328691482544, 2.380152463912964, 1.961122989654541, 2.1283955574035645]",0.22608087956905365
ego_query_residual_lora,29,train,eb6af2bd1a635cb2,2021.06.08.16.31.33_veh-38,65daba6a1f955c59,1,0.17769113183021545,"[462, 464, 498, 458]",8,1.1221325397491455,1.1772892475128174,"[0.9373137354850769, 1.3069512844085693, null, null]","[0.9715511798858643, 1.3830273151397705, null, null]",0.11858630925416946
ego_query_residual_lora,29,train,6f08f1ba4c555d89,2021.06.08.16.31.33_veh-38,00c6ea1054d15101,1,0.8171877861022949,"[300, 299, 326, 267]",16,1.577784776687622,1.637009620666504,"[1.0434496402740479, 1.4302124977111816, 1.8101438283920288, 2.0273337364196777]","[1.0744065046310425, 1.476717233657837, 1.8598887920379639, 2.137026071548462]",0.20160013437271118
ego_query_residual_lora,29,train,2af3184e9f0f5697,2021.06.08.16.31.33_veh-38,fb1c65108c895a43,1,0.14683735370635986,"[392, 424, 498, 423]",4,0.9531238079071045,0.9611058235168457,"[0.9531238079071045, null, null, null]","[0.9611058235168457, null, null, null]",0.12455940246582031
ego_query_residual_lora,29,train,33230d8bfa425f6f,2021.06.08.16.31.33_veh-38,3364fd6ba8365441,1,0.24157273769378662,"[458, 503, 501, 461]",16,2.1844606399536133,2.343808174133301,"[2.0729520320892334, 2.085088014602661, 2.3112521171569824, 2.268549919128418]","[2.2085142135620117, 2.2469565868377686, 2.4696497917175293, 2.4501118659973145]",0.22321751713752747
ego_query_residual_lora,29,train,dcee65c0765f51bf,2021.06.08.16.31.33_veh-38,7acd2a98ba7b5157,0,0.19241507351398468,"[252, 484, 487, 389]",16,2.2475576400756836,2.309696674346924,"[0.8512997031211853, 1.8902256488800049, 3.3176465034484863, 2.931057929992676]","[0.8828856945037842, 1.9436922073364258, 3.4321794509887695, 2.980029582977295]",0.17186175286769867
ego_query_residual_lora,29,train,82abb0794a955aff,2021.10.05.08.11.15_veh-50,d53d220a77795cee,1,0.5383333563804626,"[501, 486, 484, 455]",16,1.662195086479187,1.6690932512283325,"[1.4390232563018799, 1.3831725120544434, 1.64792001247406, 2.1786649227142334]","[1.4341461658477783, 1.4201219081878662, 1.5739059448242188, 2.248199462890625]",0.2233508974313736
ego_query_residual_lora,29,train,fa9ebf82174f56e2,2021.10.05.08.11.15_veh-50,81ed977eb5a1520d,1,0.38259658217430115,"[484, 485, 487, 399]",16,1.7009763717651367,1.7329928874969482,"[0.9468854665756226, 1.808083415031433, 1.6953470706939697, 2.3535892963409424]","[0.9202685356140137, 1.869367241859436, 1.722416639328003, 2.419919013977051]",0.22563880681991577
ego_query_residual_lora,29,train,de7aee4bfd4650d8,2021.10.05.08.11.15_veh-50,8a8fe2f545dd5865,2,0.5698823928833008,"[402, 467, 370, 435]",12,2.8069350719451904,3.075302839279175,"[2.9678220748901367, null, 2.78066349029541, 2.6723194122314453]","[3.25732421875, null, 3.0304789543151855, 2.9381046295166016]",0.23168540000915527
ego_query_residual_lora,29,train,7f74e72074485b12,2021.10.05.08.11.15_veh-50,2bbefccd0ef85651,1,0.7904523611068726,"[495, 496, 497, 463]",0,0.0,0.0,"[null, null, null, null]","[null, null, null, null]",0.17033442854881287
ego_query_residual_lora,29,train,acf207f491775e7b,2021.10.05.08.11.15_veh-50,ae67187c90635ca6,0,0.17978516221046448,"[451, 482, 452, 483]",8,1.4681220054626465,1.5108405351638794,"[1.6897971630096436, 1.246446967124939, null, null]","[1.737138271331787, 1.2845427989959717, null, null]",0.22007586061954498
ego_query_residual_lora,29,train,246eb858bec25310,2021.10.05.08.11.15_veh-50,4782310b87105568,2,0.29889363050460815,"[511, 495, 490, 488]",16,2.0613274574279785,2.1565725803375244,"[1.3750059604644775, 2.2002882957458496, 2.293036460876465, 2.3769783973693848]","[1.3980095386505127, 2.316093683242798, 2.428328037261963, 2.483858346939087]",0.17823351919651031
ego_query_residual_lora,29,train,40e23bdca88c5b0d,2021.10.05.08.11.15_veh-50,780bff4205715957,0,0.28100910782814026,"[390, 358, 391, 451]",12,1.4345741271972656,1.5203590393066406,"[1.3468060493469238, 1.5633844137191772, 1.3935315608978271, null]","[1.410933494567871, 1.6876147985458374, 1.4625287055969238, null]",0.2285597324371338
ego_query_residual_lora,29,train,8d59999281da5243,2021.10.05.08.11.15_veh-50,e6ed98e5973e5120,0,0.3762971758842468,"[485, 449, 451, 484]",16,1.444411039352417,1.4668711423873901,"[0.7214844226837158, 1.8806811571121216, 1.0221469402313232, 2.153331756591797]","[0.7174241542816162, 1.9698752164840698, 0.997231125831604, 2.1829543113708496]",0.2084747552871704
ego_query_residual_lora,29,train,75afc126374359d3,2021.09.15.14.00.15_veh-28,821da079291c52cf,1,0.07738533616065979,"[452, 391, 360, 392]",16,2.5178394317626953,2.703439474105835,"[2.1890273094177246, 2.5969364643096924, 2.956023693084717, 2.3293704986572266]","[2.359161853790283, 2.798804759979248, 3.1752820014953613, 2.4805092811584473]",0.2271566390991211
ego_query_residual_lora,29,train,973a7c9d77ca5b23,2021.09.15.14.00.15_veh-28,19e39a5880c754ad,1,0.0361647866666317,"[490, 430, 491, 486]",4,2.0938408374786377,2.233736753463745,"[2.0938408374786377, null, null, null]","[2.233736753463745, null, null, null]",0.17291171848773956
ego_query_residual_lora,29,train,095741f4465352b3,2021.09.15.14.00.15_veh-28,96b8f4dbc6995cb7,1,0.09685683250427246,"[487, 501, 488, 509]",16,2.7957587242126465,2.971999406814575,"[2.575392246246338, 2.5065088272094727, 3.2501678466796875, 2.8509654998779297]","[2.7634193897247314, 2.5907294750213623, 3.4963583946228027, 3.0374903678894043]",0.18819718062877655
ego_query_residual_lora,29,train,4617f5dbb29c500a,2021.09.15.14.00.15_veh-28,07d29dd2e9c6500b,1,0.11415384709835052,"[483, 454, 485, 480]",0,0.0,0.0,"[null, null, null, null]","[null, null, null, null]",0.22124849259853363
ego_query_residual_lora,29,train,b0f67ce7d678590b,2021.09.15.14.00.15_veh-28,9341eeedf0ae5c32,1,0.1071179211139679,"[206, 207, 349, 205]",8,1.1328341960906982,1.1721560955047607,"[1.1258647441864014, 1.139803409576416, null, null]","[1.1534368991851807, 1.19087553024292, null, null]",0.12373992800712585
ego_query_residual_lora,29,train,13456839ba8c52ef,2021.09.15.14.00.15_veh-28,d24fb2b39ae1574e,1,0.08158789575099945,"[423, 394, 421, 360]",0,0.0,0.0,"[null, null, null, null]","[null, null, null, null]",0.21175359189510345
ego_query_residual_lora,29,train,1df7865b517251d0,2021.09.15.14.00.15_veh-28,dc1ef9d49cb25b98,1,0.021713055670261383,"[473, 507, 379, 508]",8,2.5103864669799805,2.6115283966064453,"[1.8302810192108154, 3.1904919147491455, null, null]","[1.8976413011550903, 3.3254151344299316, null, null]",0.18209320306777954
ego_query_residual_lora,29,train,38f3a2f5fe33500f,2021.09.15.14.00.15_veh-28,5a06354563625c69,2,0.3364197015762329,"[487, 458, 426, 493]",16,2.2455310821533203,2.329507827758789,"[1.9662059545516968, 1.9589099884033203, 2.351494550704956, 2.7055130004882812]","[2.033769369125366, 2.0330920219421387, 2.461513042449951, 2.7896571159362793]",0.12151680141687393
ego_query_residual_lora,29,train,95535851c7b75757,2021.07.16.22.40.23_veh-38,6e36585b2ea55145,1,0.1076991856098175,"[429, 497, 464, 460]",8,2.450031280517578,2.5308566093444824,"[2.480508804321289, 2.419553279876709, null, null]","[2.6029679775238037, 2.458745241165161, null, null]",0.17773595452308655
ego_query_residual_lora,29,train,6764c662e15e5b48,2021.07.16.22.40.23_veh-38,216d4aa3e3fe59a3,1,0.04050298407673836,"[490, 487, 495, 493]",16,1.6607532501220703,1.833306074142456,"[1.2278807163238525, 1.301941156387329, 1.5218415260314941, 2.5913496017456055]","[1.3807458877563477, 1.4174022674560547, 1.6987981796264648, 2.836277484893799]",0.21694061160087585
ego_query_residual_lora,29,train,7bf05e0f52b75ee2,2021.07.16.22.40.23_veh-38,1deff9a6d27a5f6b,0,0.02457333356142044,"[456, 393, 426, 420]",16,3.263892412185669,3.4164819717407227,"[2.804938793182373, 3.326993227005005, 3.3391642570495605, 3.5844736099243164]","[2.9325032234191895, 3.4696013927459717, 3.510770320892334, 3.7530531883239746]",0.14621536433696747
ego_query_residual_lora,29,train,673b04fae3fc5595,2021.07.16.22.40.23_veh-38,a7823a906c555e39,1,0.023685140535235405,"[429, 493, 492, 238]",16,1.5270400047302246,1.6632909774780273,"[0.7499982118606567, 0.8120349645614624, 1.1493539810180664, 3.396772861480713]","[0.8047946095466614, 0.8520619869232178, 1.2620360851287842, 3.7342708110809326]",0.17557242512702942
ego_query_residual_lora,29,train,c8faaa73c9c054d1,2021.07.16.22.40.23_veh-38,98071366467650ae,0,0.08454734086990356,"[422, 419, 390, 459]",16,2.6825122833251953,2.8349220752716064,"[1.4860906600952148, 1.8730969429016113, 2.983137607574463, 4.387723922729492]","[1.5950922966003418, 1.9849369525909424, 3.146552324295044, 4.613107204437256]",0.16582012176513672
ego_query_residual_lora,29,train,5e5f522e3ecd5cca,2021.07.16.22.40.23_veh-38,900bff237382523c,1,0.3122711777687073,"[450, 487, 470, 486]",4,1.3692727088928223,1.4229977130889893,"[1.3692727088928223, null, null, null]","[1.4229977130889893, null, null, null]",0.23128439486026764
ego_query_residual_lora,29,train,378d61da938e5420,2021.07.16.22.40.23_veh-38,b4d6add3705a50f5,1,0.03694963455200195,"[462, 495, 460, 394]",4,1.7169930934906006,1.8840643167495728,"[1.7169930934906006, null, null, null]","[1.8840643167495728, null, null, null]",0.2258724868297577
ego_query_residual_lora,29,train,8bcd32f3329b5729,2021.07.16.22.40.23_veh-38,ce32a45e2c885ce0,1,0.11746543645858765,"[424, 393, 391, 483]",4,2.2153310775756836,2.313004493713379,"[null, null, null, 2.2153310775756836]","[null, null, null, 2.313004493713379]",0.18722403049468994
ego_query_residual_lora,29,train,85107617069e5eae,2021.10.05.07.49.39_veh-52,a3270c0c8ca250a5,2,0.4728349447250366,"[451, 486, 459, 425]",16,1.9602429866790771,2.0491087436676025,"[2.6111083030700684, 1.4734482765197754, 1.7974754571914673, 1.9589393138885498]","[2.7282609939575195, 1.49849271774292, 1.8576033115386963, 2.1120781898498535]",0.2238030582666397
ego_query_residual_lora,29,train,dd9d8e686a345f74,2021.10.05.07.49.39_veh-52,6ef4b849a52f565e,1,0.11337915062904358,"[487, 424, 456, 485]",16,0.8490718603134155,0.8414191007614136,"[0.4383581876754761, 0.8913300037384033, 1.148586630821228, 0.9180124998092651]","[0.4050857424736023, 0.8846831917762756, 1.1424624919891357, 0.9334449172019958]",0.23268619179725647
ego_query_residual_lora,29,train,d25f823ffc5f55cf,2021.10.05.07.49.39_veh-52,b9c2d90e9f0d5298,2,0.22438058257102966,"[484, 485, 488, 492]",16,2.118114471435547,2.1047301292419434,"[1.1672483682632446, 1.614446759223938, 2.8030805587768555, 2.8876824378967285]","[1.1458896398544312, 1.6337578296661377, 2.706669807434082, 2.932602882385254]",0.18971766531467438
ego_query_residual_lora,29,train,fa41647d02c7591c,2021.10.05.07.49.39_veh-52,425547b119ac51e8,2,0.5705365538597107,"[454, 455, 487, 486]",4,2.4840948581695557,2.607384443283081,"[2.4840948581695557, null, null, null]","[2.607384443283081, null, null, null]",0.22122032940387726
ego_query_residual_lora,29,train,e1513979c1a25a3a,2021.10.05.07.49.39_veh-52,63675e4e47d35a9c,0,0.30159854888916016,"[389, 354, 421, 452]",16,3.0178017616271973,3.1870534420013428,"[2.797018051147461, 3.125678539276123, 3.4046828746795654, 2.743828296661377]","[3.029097557067871, 3.2474827766418457, 3.59983491897583, 2.871798515319824]",0.21136154234409332
ego_query_residual_lora,29,train,21a96107cf785a63,2021.10.05.07.49.39_veh-52,425547b119ac51e8,0,0.21241414546966553,"[452, 454, 360, 419]",12,1.9064345359802246,1.9878886938095093,"[1.8505136966705322, 1.9581716060638428, 1.9106183052062988, null]","[1.9211175441741943, 2.077324390411377, 1.965224027633667, null]",0.22902730107307434
ego_query_residual_lora,29,train,0961f8661d8a58c2,2021.10.05.07.49.39_veh-52,1cb0c69eb34a51f0,2,0.8624895811080933,"[507, 506, 476, 415]",4,0.7647188305854797,0.782264232635498,"[0.7647188305854797, null, null, null]","[0.782264232635498, null, null, null]",0.12528419494628906
ego_query_residual_lora,29,train,5c78f13876e0582b,2021.10.05.07.49.39_veh-52,a140ff94e233594d,1,0.23605868220329285,"[483, 481, 451, 450]",16,1.5612106323242188,1.6183109283447266,"[1.2673953771591187, 2.041748523712158, 1.1942307949066162, 1.7414674758911133]","[1.3611912727355957, 2.0897207260131836, 1.2556421756744385, 1.7666900157928467]",0.21835406124591827
ego_query_residual_lora,29,train,8b0932e2de6753ab,2021.06.09.12.06.35_veh-35,29cb5c1452bc5bce,1,0.2645277678966522,"[461, 491, 428, 493]",4,2.9570260047912598,3.2195849418640137,"[2.9570260047912598, null, null, null]","[3.2195849418640137, null, null, null]",0.22368140518665314
ego_query_residual_lora,29,train,c2b7349b328858ac,2021.06.09.12.06.35_veh-35,39e28bb91b3c557d,0,0.061279524117708206,"[439, 440, 407, 371]",4,3.606687545776367,3.788238286972046,"[3.606687545776367, null, null, null]","[3.788238286972046, null, null, null]",0.18869049847126007
ego_query_residual_lora,29,train,482e228f118e544b,2021.06.09.12.06.35_veh-35,d8e166bb74fc5f00,1,0.05486840009689331,"[448, 480, 358, 485]",8,2.017014980316162,2.072115898132324,"[1.6880587339401245, 2.34597110748291, null, null]","[1.7415087223052979, 2.4027233123779297, null, null]",0.13736912608146667
ego_query_residual_lora,29,train,0bcc8551849c538f,2021.06.09.12.06.35_veh-35,ab18f13d87e7560f,1,0.11585642397403717,"[485, 454, 484, 424]",8,0.9498029947280884,0.9104911088943481,"[null, null, 1.1156034469604492, 0.7840026021003723]","[null, null, 1.0427179336547852, 0.7782643437385559]",0.21643801033496857
ego_query_residual_lora,29,train,79ea424b3b2b51e7,2021.06.09.12.06.35_veh-35,7331a1cdf1cd5f28,1,0.043639082461595535,"[238, 239, 480, 241]",8,1.9689120054244995,1.999373435974121,"[null, null, 1.5337512493133545, 2.4040727615356445]","[null, null, 1.5543690919876099, 2.444377899169922]",0.14463497698307037
ego_query_residual_lora,29,train,5a4f5d512d285fd2,2021.06.09.12.06.35_veh-35,7331a1cdf1cd5f28,1,0.09306152164936066,"[486, 493, 448, 454]",0,0.0,0.0,"[null, null, null, null]","[null, null, null, null]",0.21948905289173126
ego_query_residual_lora,29,train,f56f173b6d3b52d4,2021.06.09.12.06.35_veh-35,533c96a969445755,1,0.035076260566711426,"[489, 458, 429, 398]",16,1.2934584617614746,1.3203225135803223,"[1.4227230548858643, 1.1279016733169556, 1.7536180019378662, 0.8695911765098572]","[1.4487254619598389, 1.1285858154296875, 1.7819163799285889, 0.9220628142356873]",0.22554129362106323
ego_query_residual_lora,29,train,7d14dc9e1394504c,2021.06.09.12.06.35_veh-35,15746f958b855ce1,1,0.08293985575437546,"[394, 362, 393, 363]",4,2.2984633445739746,2.3840928077697754,"[2.2984633445739746, null, null, null]","[2.3840928077697754, null, null, null]",0.1965138167142868
ego_query_residual_lora,29,train,a0b601837cc25f9a,2021.06.07.12.54.00_veh-35,e6276d5babcf57c5,1,0.14564937353134155,"[483, 453, 421, 451]",16,1.8939075469970703,2.0444700717926025,"[1.6227045059204102, 1.4087355136871338, 1.9843827486038208, 2.559807300567627]","[1.7637995481491089, 1.4224803447723389, 2.17643404006958, 2.815166473388672]",0.2252897024154663
ego_query_residual_lora,29,train,dcbf1cf262365995,2021.06.07.12.54.00_veh-35,e7819c9d528b5035,1,1.4793119430541992,"[459, 458, 421, 480]",4,2.5894527435302734,2.692974805831909,"[2.5894527435302734, null, null, null]","[2.692974805831909, null, null, null]",0.1385767012834549
ego_query_residual_lora,29,train,4f0a0a61bdaa5a59,2021.06.07.12.54.00_veh-35,528ee06dd0565678,1,0.155519500374794,"[484, 452, 482, 421]",4,1.8243993520736694,1.9200397729873657,"[1.8243993520736694, null, null, null]","[1.9200397729873657, null, null, null]",0.21205930411815643
ego_query_residual_lora,29,train,4c2e114b0f5c5cee,2021.06.07.12.54.00_veh-35,c0d79102a9225562,1,0.229156494140625,"[333, 361, 334, 329]",16,1.694079875946045,1.775800108909607,"[0.46140050888061523, 1.0260814428329468, 2.04207706451416, 3.246760368347168]","[0.446798175573349, 1.0610387325286865, 2.1561827659606934, 3.439180850982666]",0.1543329805135727
ego_query_residual_lora,29,train,9ac6b0c708ef57ba,2021.06.07.12.54.00_veh-35,91deaa6b42c85a71,1,0.18072110414505005,"[392, 424, 391, 362]",4,1.3601796627044678,1.4028615951538086,"[1.3601796627044678, null, null, null]","[1.4028615951538086, null, null, null]",0.21771128475666046
ego_query_residual_lora,29,train,8a85218e4a3d5fa2,2021.06.07.12.54.00_veh-35,91deaa6b42c85a71,1,0.37789177894592285,"[452, 454, 391, 453]",0,0.0,0.0,"[null, null, null, null]","[null, null, null, null]",0.2091812938451767
ego_query_residual_lora,29,train,23b79e79cec15f05,2021.06.07.12.54.00_veh-35,f5c76f15450f5cd1,1,0.0820542573928833,"[207, 238, 206, 464]",4,1.016631841659546,1.0613627433776855,"[1.016631841659546, null, null, null]","[1.0613627433776855, null, null, null]",0.14929991960525513
ego_query_residual_lora,29,train,e5e57399ea0a5228,2021.06.07.12.54.00_veh-35,25302d95d9f158f7,1,1.174872875213623,"[454, 392, 422, 360]",16,2.3208227157592773,2.400761127471924,"[2.023634672164917, 2.5699141025543213, 2.667390823364258, 2.0223512649536133]","[2.093812942504883, 2.6799607276916504, 2.7822062969207764, 2.0470638275146484]",0.1627229005098343
ego_query_residual_lora,29,train,e1a8d2a630635703,2021.06.14.14.03.45_veh-38,8f286698db6d541b,1,0.12756046652793884,"[396, 491, 500, 494]",16,3.3033952713012695,3.440643310546875,"[0.9539283514022827, 1.2024706602096558, 3.1100211143493652, 7.947160243988037]","[0.9647200703620911, 1.201481580734253, 3.2892017364501953, 8.307168960571289]",0.13978339731693268
ego_query_residual_lora,29,train,aece322a1d42538a,2021.06.14.14.03.45_veh-38,7540234731835704,1,0.0757366493344307,"[491, 458, 460, 495]",16,3.6253318786621094,4.018819332122803,"[2.579369068145752, 3.751410961151123, 4.06537389755249, 4.1051740646362305]","[2.8660292625427246, 4.184380531311035, 4.510850429534912, 4.5140180587768555]",0.22406384348869324
ego_query_residual_lora,29,train,9d0bf147438e5fb3,2021.06.14.14.03.45_veh-38,23e9bf0d2cbe5bab,1,0.01776217110455036,"[237, 235, 238, 491]",4,0.5586599111557007,0.5182796120643616,"[0.5586599111557007, null, null, null]","[0.5182796120643616, null, null, null]",0.17410998046398163
ego_query_residual_lora,29,train,f2d2c1ea12755312,2021.06.14.14.03.45_veh-38,34c1915fbf665c36,1,0.05638356879353523,"[498, 497, 237, 238]",8,1.8003660440444946,1.9052634239196777,"[1.8077480792999268, 1.7929840087890625, null, null]","[1.9172959327697754, 1.8932310342788696, null, null]",0.14636406302452087
ego_query_residual_lora,29,train,cea14bc9e11e5a9a,2021.06.14.14.03.45_veh-38,6be18c3f08665d95,1,0.15312838554382324,"[362, 170, 169, 171]",4,0.8038374185562134,0.8285167217254639,"[0.8038374185562134, null, null, null]","[0.8285167217254639, null, null, null]",0.14856736361980438
ego_query_residual_lora,29,train,4a60572394c95d99,2021.06.14.14.03.45_veh-38,7e940171cbb2501f,1,0.08802065253257751,"[242, 251, 253, 231]",4,0.8939414024353027,0.8708283305168152,"[0.8939414024353027, null, null, null]","[0.8708283305168152, null, null, null]",0.16611717641353607
ego_query_residual_lora,29,train,73c60faa4a4f50d5,2021.06.14.14.03.45_veh-38,3310381978495db6,1,0.050805121660232544,"[331, 330, 483, 361]",16,2.1069934368133545,2.1916651725769043,"[1.3419299125671387, 2.2218003273010254, 2.428664207458496, 2.4355788230895996]","[1.3354218006134033, 2.2815685272216797, 2.5932536125183105, 2.5564165115356445]",0.20923343300819397
ego_query_residual_lora,29,train,19d7d544be8b5ed6,2021.06.14.14.03.45_veh-38,faff8007373357b2,0,0.1062425896525383,"[390, 489, 460, 456]",12,7.515679836273193,7.785886287689209,"[1.8325341939926147, 9.004807472229004, 11.709698677062988, null]","[1.9747495651245117, 9.366565704345703, 12.016341209411621, null]",0.14598505198955536
ego_query_residual_lora,29,train,0cee9b6cce6b55bb,2021.06.23.17.31.36_veh-16,5dd11df23010512b,1,0.042985949665308,"[452, 483, 424, 425]",4,1.9224299192428589,2.0642175674438477,"[1.9224299192428589, null, null, null]","[2.0642175674438477, null, null, null]",0.1720237135887146
ego_query_residual_lora,29,train,b7e4f74f963b5911,2021.06.23.17.31.36_veh-16,12076247bcfc52af,0,0.0315072126686573,"[274, 270, 226, 266]",8,1.387762427330017,1.3852720260620117,"[1.2282569408416748, 1.5472679138183594, null, null]","[1.226815938949585, 1.5437283515930176, null, null]",0.1569570153951645
ego_query_residual_lora,29,train,de1498ad86835196,2021.06.23.17.31.36_veh-16,0f8853ece4595cfd,1,0.021743588149547577,"[392, 451, 452, 484]",16,2.7981786727905273,3.0396804809570312,"[1.959573745727539, 2.1298165321350098, 2.569237232208252, 4.53408670425415]","[2.1217446327209473, 2.3815736770629883, 2.780900001525879, 4.8745036125183105]",0.20834395289421082
ego_query_residual_lora,29,train,025ec42ba16f587d,2021.06.23.17.31.36_veh-16,135f484f0eaf5a02,1,0.15082596242427826,"[488, 428, 485, 398]",16,1.1717840433120728,1.258575439453125,"[1.1323062181472778, 0.5920652151107788, 1.3948705196380615, 1.5678939819335938]","[1.2295384407043457, 0.6039589643478394, 1.4609876871109009, 1.7398165464401245]",0.22365713119506836
ego_query_residual_lora,29,train,c3fcca93dde25e14,2021.06.23.17.31.36_veh-16,e9436dfe242a5e1e,0,0.37958431243896484,"[441, 473, 510, 477]",16,2.561598777770996,2.831329345703125,"[2.4115519523620605, 2.6672751903533936, 2.4601573944091797, 2.7074103355407715]","[2.6643943786621094, 2.9627034664154053, 2.716083526611328, 2.9821360111236572]",0.2183704823255539
ego_query_residual_lora,29,train,e06e9be096c55f62,2021.06.23.17.31.36_veh-16,0ecd78b5d8165cd8,0,0.06565042585134506,"[453, 502, 467, 435]",16,1.6187584400177002,1.740619421005249,"[1.5625128746032715, 1.6567492485046387, 1.5463768243789673, 1.7093943357467651]","[1.751091480255127, 1.767802357673645, 1.6144412755966187, 1.8291423320770264]",0.22024399042129517
ego_query_residual_lora,29,train,3764fca3eb725eea,2021.06.23.17.31.36_veh-16,83605fe059ea5914,1,0.05470817908644676,"[440, 442, 508, 484]",16,2.397855758666992,2.6616413593292236,"[1.7954597473144531, 2.10221529006958, 2.7827086448669434, 2.9110400676727295]","[1.9299585819244385, 2.3147668838500977, 3.134646415710449, 3.2671937942504883]",0.22158931195735931
ego_query_residual_lora,29,train,e37afb24cbc354b1,2021.06.23.17.31.36_veh-16,137a8e2e182e525a,1,0.04480649158358574,"[455, 392, 456, 487]",8,1.7233214378356934,1.7823253870010376,"[1.4346367120742798, 2.0120062828063965, null, null]","[1.4687690734863281, 2.095881700515747, null, null]",0.12677431106567383
ego_query_residual_lora,29,train,99bf73c4d148509a,2021.06.14.18.13.35_veh-26,ece541c7453e5027,1,0.12360477447509766,"[321, 353, 487, 456]",8,2.276435136795044,2.336036205291748,"[1.9775846004486084, 2.5752854347229004, null, null]","[1.9756853580474854, 2.6963868141174316, null, null]",0.21636343002319336
ego_query_residual_lora,29,train,82183d4ed7285e2b,2021.06.14.18.13.35_veh-26,15b78bc7ecd45635,2,0.08062507212162018,"[511, 471, 474, 506]",16,2.5296027660369873,2.618922710418701,"[1.785773515701294, 2.3871078491210938, 3.050261974334717, 2.895268201828003]","[1.850103497505188, 2.4811058044433594, 3.1208224296569824, 3.0236592292785645]",0.1701269894838333
ego_query_residual_lora,29,train,09fc359e65a65d2d,2021.06.14.18.13.35_veh-26,8c1c9f8ebebd5a2c,0,0.03279236704111099,"[369, 243, 207, 336]",0,0.0,0.0,"[null, null, null, null]","[null, null, null, null]",0.12321658432483673
ego_query_residual_lora,29,train,ee6a818615ff51ba,2021.06.14.18.13.35_veh-26,78f10869dcaa5d66,0,0.19634245336055756,"[416, 417, 387, 451]",12,1.8680298328399658,1.906360387802124,"[1.4094158411026, 2.0860371589660645, 2.1086363792419434, null]","[1.454075813293457, 2.19372820854187, 2.071276903152466, null]",0.21086320281028748
ego_query_residual_lora,29,train,e134b297048b5c37,2021.06.14.18.13.35_veh-26,290604a14d365b9b,0,0.042974237352609634,"[421, 424, 454, 396]",8,1.745070219039917,1.7952817678451538,"[null, null, 1.6412956714630127, 1.8488447666168213]","[null, null, 1.6766778230667114, 1.9138858318328857]",0.22245094180107117
ego_query_residual_lora,29,train,9c833d715d5a5f2c,2021.06.14.18.13.35_veh-26,ce646f56ab2a530e,0,0.0589798204600811,"[389, 423, 420, 386]",16,2.039463758468628,2.1977522373199463,"[2.0333776473999023, 2.016728401184082, 2.1400723457336426, 1.9676764011383057]","[2.202986001968384, 2.1930809020996094, 2.31182599067688, 2.083115577697754]",0.21115130186080933
ego_query_residual_lora,29,train,505bbe9ba4405369,2021.06.14.18.13.35_veh-26,20e402609e615776,1,0.01596161723136902,"[360, 361, 329, 362]",4,0.6677611470222473,0.6766625046730042,"[0.6677611470222473, null, null, null]","[0.6766625046730042, null, null, null]",0.12106095254421234
ego_query_residual_lora,29,train,7c0f902cd4a85505,2021.06.14.18.13.35_veh-26,bc0a766ff84b5442,1,0.08238647878170013,"[391, 419, 452, 481]",0,0.0,0.0,"[null, null, null, null]","[null, null, null, null]",0.21794280409812927
ego_query_residual_lora,29,train,aa5610ae761e5330,2021.08.17.17.55.18_veh-43,f928e8f7bee55d18,2,0.2178155481815338,"[486, 483, 485, 488]",4,2.7587831020355225,2.805241584777832,"[null, null, null, 2.7587831020355225]","[null, null, null, 2.805241584777832]",0.10976921021938324
ego_query_residual_lora,29,train,06f416ef3dbc5656,2021.08.17.17.55.18_veh-43,e0efd254e94b5c5d,1,0.02091914415359497,"[492, 436, 433, 430]",4,1.8978767395019531,2.0206589698791504,"[1.8978767395019531, null, null, null]","[2.0206589698791504, null, null, null]",0.1628948450088501
ego_query_residual_lora,29,train,9adfdd4c06cf5e8c,2021.08.17.17.55.18_veh-43,7032266a8b3259e9,1,0.08474463224411011,"[474, 475, 507, 441]",0,0.0,0.0,"[null, null, null, null]","[null, null, null, null]",0.223898783326149
ego_query_residual_lora,29,train,94014ea94dae5180,2021.08.17.17.55.18_veh-43,03d335bbfd355432,1,0.032017406076192856,"[399, 432, 237, 238]",8,5.65090799331665,5.793359279632568,"[null, null, 6.298344612121582, 5.003471374511719]","[null, null, 6.571346282958984, 5.015371799468994]",0.14467023313045502
ego_query_residual_lora,29,train,996a71ebed2d5962,2021.08.17.17.55.18_veh-43,669b4bc52a755a71,1,0.18946705758571625,"[484, 452, 456, 504]",12,1.145277738571167,1.2009731531143188,"[1.0042895078659058, 1.4489469528198242, 0.9825965762138367, null]","[1.0635428428649902, 1.5426406860351562, 0.9967358112335205, null]",0.1575179398059845
ego_query_residual_lora,29,train,b65cdf1698ec58da,2021.08.17.17.55.18_veh-43,f5ce59f542c15ccf,2,0.08241184800863266,"[511, 479, 508, 510]",8,1.6686656475067139,1.7323827743530273,"[null, null, 1.8317248821258545, 1.5056066513061523]","[null, null, 1.918630599975586, 1.5461349487304688]",0.1113678514957428
ego_query_residual_lora,29,train,7c897aea11555116,2021.08.17.17.55.18_veh-43,119facee9f435d2d,1,0.010834317654371262,"[200, 127, 266, 498]",0,0.0,0.0,"[null, null, null, null]","[null, null, null, null]",0.11794295907020569
ego_query_residual_lora,29,train,9d8bbe7081805aff,2021.08.17.17.55.18_veh-43,e4f7253cff9559e5,1,0.5220576524734497,"[456, 327, 385, 329]",8,2.6423661708831787,2.6971235275268555,"[null, null, 2.2903215885162354, 2.994410753250122]","[null, null, 2.286860227584839, 3.107386589050293]",0.21742579340934753
ego_query_residual_lora,29,train,6f13db85eb395da6,2021.06.07.18.53.26_veh-26,b4aa9d6255005ff4,1,0.7891475558280945,"[487, 488, 491, 460]",8,0.6318453550338745,0.6207555532455444,"[0.314177542924881, 0.9495131969451904, null, null]","[0.2590060830116272, 0.9825049638748169, null, null]",0.17704111337661743
ego_query_residual_lora,29,train,90bab1d26e77539e,2021.06.07.18.53.26_veh-26,a775290bfe11501c,1,0.5660816431045532,"[491, 429, 493, 459]",12,3.565516948699951,3.891829252243042,"[null, 3.360285758972168, 3.0612845420837402, 4.274979114532471]","[null, 3.7550806999206543, 3.34049129486084, 4.579915523529053]",0.22165822982788086
ego_query_residual_lora,29,train,a0fad9da427656e1,2021.06.07.18.53.26_veh-26,7c918a18841755fe,1,0.796972393989563,"[385, 450, 354, 452]",16,2.1814677715301514,2.2535951137542725,"[1.7978302240371704, 2.4124207496643066, 2.0268797874450684, 2.4887404441833496]","[1.8915672302246094, 2.469980001449585, 2.01220965385437, 2.6406235694885254]",0.2265198975801468
ego_query_residual_lora,29,train,cc2769dbb64c51c5,2021.06.07.18.53.26_veh-26,e056042111235af2,0,0.18508917093276978,"[424, 392, 489, 426]",12,2.3027114868164062,2.558173179626465,"[0.9634666442871094, null, 2.6917669773101807, 3.2529006004333496]","[1.0154426097869873, null, 3.0178351402282715, 3.6412413120269775]",0.22667495906352997
ego_query_residual_lora,29,train,3a42aaf9c7ad52b0,2021.06.07.18.53.26_veh-26,a775290bfe11501c,1,0.01761091873049736,"[324, 356, 235, 326]",0,0.0,0.0,"[null, null, null, null]","[null, null, null, null]",0.1363954246044159
ego_query_residual_lora,29,train,9ce593252631507d,2021.06.07.18.53.26_veh-26,5ed65930b4c35bfa,1,0.5549019575119019,"[487, 485, 488, 457]",12,1.9436769485473633,1.9527148008346558,"[1.6207389831542969, 1.9494175910949707, 2.2608742713928223, null]","[1.6395437717437744, 1.90264093875885, 2.3159594535827637, null]",0.2340267300605774
ego_query_residual_lora,29,train,d7bf7fb4d1995e7e,2021.06.07.18.53.26_veh-26,ead01d808c89587c,1,0.1125580370426178,"[485, 486, 484, 483]",16,2.079739570617676,2.175368309020996,"[1.6691092252731323, 2.1864476203918457, 2.3461055755615234, 2.1172962188720703]","[1.690114974975586, 2.3097634315490723, 2.4941611289978027, 2.2074337005615234]",0.23204421997070312
ego_query_residual_lora,29,train,884a4400377653c4,2021.06.07.18.53.26_veh-26,77179676f4c656da,0,0.23474688827991486,"[454, 422, 423, 388]",16,1.6715047359466553,1.8352546691894531,"[1.7454921007156372, 1.4350768327713013, 1.8315491676330566, 1.6739007234573364]","[1.9232302904129028, 1.5535019636154175, 2.069669485092163, 1.7946174144744873]",0.21774575114250183
ego_query_residual_lora,29,train,f2a8a11d1d9957c6,2021.08.17.17.17.01_veh-45,d53c011070a753b3,1,0.1659073382616043,"[495, 488, 496, 463]",8,1.4090925455093384,1.494429349899292,"[1.6522209644317627, 1.1659640073776245, null, null]","[1.7488453388214111, 1.2400134801864624, null, null]",0.1425786167383194
ego_query_residual_lora,29,train,448fcc465ce2589c,2021.08.17.17.17.01_veh-45,2d50451fc5045ec3,1,0.09258225560188293,"[503, 403, 501, 437]",4,1.7952957153320312,1.9412068128585815,"[1.7952957153320312, null, null, null]","[1.9412068128585815, null, null, null]",0.2250247746706009
ego_query_residual_lora,29,train,5b9eea7538235f36,2021.08.17.17.17.01_veh-45,58adb0f87a905810,2,0.13541504740715027,"[492, 496, 495, 428]",12,3.2760114669799805,3.4154536724090576,"[2.724789619445801, 3.69655179977417, null, 3.40669322013855]","[2.859931468963623, 3.8264689445495605, null, 3.5599608421325684]",0.16268758475780487
ego_query_residual_lora,29,train,8da3d9d2de0c53bd,2021.08.17.17.17.01_veh-45,56ef3c9f702054a5,0,0.21265298128128052,"[491, 454, 492, 417]",0,0.0,0.0,"[null, null, null, null]","[null, null, null, null]",0.2239292412996292
ego_query_residual_lora,29,train,4cb6f16e6fd75ae6,2021.08.17.17.17.01_veh-45,01fcbea54a215b4c,0,0.14353489875793457,"[486, 393, 483, 484]",0,0.0,0.0,"[null, null, null, null]","[null, null, null, null]",0.1301524043083191
ego_query_residual_lora,29,train,6bf7c64d674550c0,2021.08.17.17.17.01_veh-45,e9ee1f2ed60e5dad,0,0.09820637851953506,"[492, 422, 496, 488]",16,2.5377273559570312,2.650186538696289,"[1.580582618713379, 1.9902431964874268, 3.2643027305603027, 3.315781831741333]","[1.6225128173828125, 2.075287342071533, 3.4255378246307373, 3.4774084091186523]",0.1347460001707077
ego_query_residual_lora,29,train,400d720e95ee5e13,2021.08.17.17.17.01_veh-45,e334ef237217504d,0,0.11053290218114853,"[480, 481, 448, 483]",12,2.8271865844726562,2.8901965618133545,"[null, 2.539743185043335, 2.800001621246338, 3.141815423965454]","[null, 2.626751661300659, 2.8587825298309326, 3.185055732727051]",0.08843673020601273
ego_query_residual_lora,29,train,f16683fd19e558c2,2021.08.17.17.17.01_veh-45,091fcca513f752d2,0,0.16805791854858398,"[492, 455, 485, 392]",4,4.2134552001953125,4.335970878601074,"[null, null, null, 4.2134552001953125]","[null, null, null, 4.335970878601074]",0.12180430442094803
ego_query_residual_lora,29,development,5b2b2741a9225324,2021.06.07.17.46.49_veh-35,d27fc0739dad5664,1,0.7834492921829224,"[454, 420, 449, 484]",16,2.480557441711426,2.6413073539733887,"[1.8843413591384888, 2.398550510406494, 2.9614431858062744, 2.6778950691223145]","[2.042407512664795, 2.5485730171203613, 3.1803689002990723, 2.793879508972168]",0.21996985375881195
ego_query_residual_lora,29,development,1dc3ed89baf15ac3,2021.06.07.17.46.49_veh-35,1dabc8e66ab15cb6,1,0.22445040941238403,"[491, 421, 235, 237]",4,2.108783483505249,2.1934852600097656,"[2.108783483505249, null, null, null]","[2.1934852600097656, null, null, null]",0.13094662129878998
ego_query_residual_lora,29,development,2daea025bb7e5a2c,2021.06.07.17.46.49_veh-35,db1cb602e9f05786,1,0.314890056848526,"[330, 426, 362, 308]",8,3.5355288982391357,3.6802258491516113,"[2.5478739738464355, 4.523183822631836, null, null]","[2.663060188293457, 4.697391510009766, null, null]",0.1226540207862854
ego_query_residual_lora,29,development,be3bc0fa680c5e33,2021.06.07.17.46.49_veh-35,17a02971177257e5,0,0.5281856060028076,"[458, 492, 491, 396]",16,2.188316822052002,2.261176586151123,"[1.894263505935669, 1.9801251888275146, 2.506455898284912, 2.372422218322754]","[1.9954290390014648, 2.0330896377563477, 2.6185483932495117, 2.3976387977600098]",0.2283427119255066
ego_query_residual_lora,29,development,2903fe2f977f5927,2021.06.07.17.46.49_veh-35,f29c7a8c103151ea,1,0.9871585965156555,"[391, 423, 300, 268]",0,0.0,0.0,"[null, null, null, null]","[null, null, null, null]",0.1134943887591362
ego_query_residual_lora,29,development,c362c24b66b351ed,2021.06.07.17.46.49_veh-35,186b67f7d5325988,1,1.051895260810852,"[460, 428, 457, 432]",4,0.6851553916931152,0.7118935585021973,"[0.6851553916931152, null, null, null]","[0.7118935585021973, null, null, null]",0.19537858664989471
ego_query_residual_lora,29,development,222f5d6a4aa25d89,2021.06.07.17.46.49_veh-35,75787c317e3a5b82,1,0.6778919696807861,"[361, 331, 330, 329]",16,1.5400097370147705,1.5942490100860596,"[0.8499425053596497, 1.410576343536377, 2.0857784748077393, 1.8137412071228027]","[0.8690152168273926, 1.4643797874450684, 2.1881871223449707, 1.8554142713546753]",0.2109353095293045
ego_query_residual_lora,29,development,933f03af8f385207,2021.06.07.17.46.49_veh-35,9036e1622d84535c,2,0.43394672870635986,"[354, 353, 352, 351]",16,2.8623433113098145,2.9292092323303223,"[2.4043397903442383, 2.5203046798706055, 2.7666702270507812, 3.75805926322937]","[2.471188545227051, 2.5815396308898926, 2.8187484741210938, 3.845360517501831]",0.12824559211730957
ego_query_residual_lora,29,development,063ebdb158075369,2021.06.09.11.54.15_veh-12,ff376a5096665630,1,0.04385274276137352,"[240, 242, 435, 238]",8,2.7725963592529297,2.861757755279541,"[2.024029016494751, 3.5211641788482666, null, null]","[2.0891542434692383, 3.6343612670898438, null, null]",0.12949927151203156
ego_query_residual_lora,29,development,c0a1b812e095547d,2021.06.09.11.54.15_veh-12,402aea4619c55186,1,0.19326886534690857,"[391, 472, 471, 470]",12,2.180400848388672,2.2995376586914062,"[null, 2.2970659732818604, 2.0285511016845703, 2.215585470199585]","[null, 2.4595251083374023, 2.0840649604797363, 2.3550219535827637]",0.2174692153930664
ego_query_residual_lora,29,development,482f957d79f45f55,2021.06.09.11.54.15_veh-12,5107aa8e98035ec1,1,0.08453214168548584,"[428, 496, 438, 497]",8,3.4397528171539307,3.476473331451416,"[2.5289063453674316, 4.35059928894043, null, null]","[2.5301735401153564, 4.422773361206055, null, null]",0.13792204856872559
ego_query_residual_lora,29,development,6561907765f2550f,2021.06.09.11.54.15_veh-12,91420a0f9dc25fe9,1,0.08930647373199463,"[458, 399, 505, 489]",0,0.0,0.0,"[null, null, null, null]","[null, null, null, null]",0.21155963838100433
ego_query_residual_lora,29,development,5742dd4bd86e5127,2021.06.09.11.54.15_veh-12,3c893aadfc175960,1,0.0524541437625885,"[354, 267, 363, 331]",12,2.1896891593933105,2.3326027393341064,"[1.5219471454620361, 2.0523767471313477, 2.9947433471679688, null]","[1.6106986999511719, 2.169984817504883, 3.2171244621276855, null]",0.1837143748998642
ego_query_residual_lora,29,development,ecc85792eb665ba0,2021.06.09.11.54.15_veh-12,7b3b09ed718b5bf4,1,0.12623630464076996,"[493, 502, 505, 506]",16,3.463040590286255,3.6998069286346436,"[3.616670608520508, 3.003462553024292, 3.6714165210723877, 3.560612678527832]","[3.947500467300415, 3.208808422088623, 3.872011184692383, 3.770907163619995]",0.21164019405841827
ego_query_residual_lora,29,development,599c900bc4e95312,2021.06.09.11.54.15_veh-12,8f3409a47a455049,2,0.1965717077255249,"[494, 459, 425, 493]",16,3.1494641304016113,3.3096132278442383,"[2.955195426940918, 3.251246929168701, 3.185180425643921, 3.206232786178589]","[3.1629648208618164, 3.3425567150115967, 3.2837295532226562, 3.449201822280884]",0.2192918062210083
ego_query_residual_lora,29,development,505cdbada0ee59be,2021.06.09.11.54.15_veh-12,5b7dc6545cc658f0,2,0.1393299698829651,"[486, 497, 447, 431]",16,3.2714195251464844,3.4719018936157227,"[3.1470749378204346, 2.9304370880126953, 3.131887435913086, 3.8762784004211426]","[3.3728866577148438, 3.1137936115264893, 3.3060803413391113, 4.094847202301025]",0.18538202345371246
ego_query_residual_lora,29,development,836b76b2c8f35990,2021.08.24.17.37.11_veh-08,1d97c042ca575a4c,2,0.5396086573600769,"[511, 492, 496, 474]",8,3.0317280292510986,3.184814453125,"[2.920330047607422, 3.1431260108947754, null, null]","[3.060466766357422, 3.3091623783111572, null, null]",0.18320432305335999
ego_query_residual_lora,29,development,21eb51db8a675681,2021.08.24.17.37.11_veh-08,ffe62a894e3a5925,1,0.10979467630386353,"[392, 452, 455, 421]",0,0.0,0.0,"[null, null, null, null]","[null, null, null, null]",0.2257937341928482
ego_query_residual_lora,29,development,b8bf6e0a15635fa9,2021.08.24.17.37.11_veh-08,00c0acbc4c06557c,2,0.1374598741531372,"[501, 425, 454, 452]",0,0.0,0.0,"[null, null, null, null]","[null, null, null, null]",0.1625310778617859
ego_query_residual_lora,29,development,005e12630b405e67,2021.08.24.17.37.11_veh-08,4bfb3377012e5e58,0,0.6667282581329346,"[454, 487, 420, 486]",4,1.7439943552017212,1.8236011266708374,"[1.7439943552017212, null, null, null]","[1.8236011266708374, null, null, null]",0.21897673606872559
ego_query_residual_lora,29,development,4ece654624b452ac,2021.08.24.17.37.11_veh-08,f68f529d24295c53,1,0.6573135256767273,"[483, 419, 358, 450]",4,1.7445305585861206,1.7396965026855469,"[1.7445305585861206, null, null, null]","[1.7396965026855469, null, null, null]",0.22414949536323547
ego_query_residual_lora,29,development,a7aa6da460a65457,2021.08.24.17.37.11_veh-08,1d97c042ca575a4c,1,0.323910117149353,"[378, 461, 480, 504]",8,1.0932825803756714,1.1542041301727295,"[1.183534026145935, 1.0030311346054077, null, null]","[1.2713629007339478, 1.0370452404022217, null, null]",0.21102502942085266
ego_query_residual_lora,29,development,cc40016cd26a5ff5,2021.08.24.17.37.11_veh-08,a18c9d5742545776,1,0.09478314220905304,"[480, 504, 475, 507]",0,0.0,0.0,"[null, null, null, null]","[null, null, null, null]",0.1250651627779007
ego_query_residual_lora,29,development,0a7d7aef157c5bc6,2021.08.24.17.37.11_veh-08,4bfb3377012e5e58,0,0.3368472754955292,"[422, 421, 423, 499]",16,2.554318428039551,2.691922426223755,"[2.3658857345581055, 2.07436203956604, 2.663908004760742, 3.1131186485290527]","[2.5856847763061523, 2.1958203315734863, 2.743100643157959, 3.243084192276001]",0.16379298269748688
ego_query_residual_lora,29,development,7b9a55edcf2752fb,2021.07.16.00.24.14_veh-38,d940d716f6da5650,0,0.2182140201330185,"[424, 392, 391, 490]",12,1.9084829092025757,2.098104953765869,"[1.5329720973968506, null, 1.4420287609100342, 2.7504472732543945]","[1.629974603652954, null, 1.5666744709014893, 3.097665309906006]",0.22904688119888306
ego_query_residual_lora,29,development,faca4ac928255aed,2021.07.16.00.24.14_veh-38,295cc52db71a5c8d,2,0.08435273170471191,"[246, 244, 237, 250]",8,4.217451095581055,4.215599060058594,"[null, null, 3.6902341842651367, 4.7446675300598145]","[null, null, 3.662379741668701, 4.7688188552856445]",0.16707688570022583
ego_query_residual_lora,29,development,07deb830dc5e525c,2021.07.16.00.24.14_veh-38,15ac832eaeea5acc,1,0.046442337334156036,"[488, 511, 368, 335]",16,1.6264994144439697,1.732399344444275,"[0.8730210065841675, 1.1150192022323608, 1.3480054140090942, 3.169951915740967]","[0.8639450669288635, 1.1536204814910889, 1.4395571947097778, 3.4724748134613037]",0.21456849575042725
ego_query_residual_lora,29,development,9ff0cdc8fc715ce3,2021.07.16.00.24.14_veh-38,a3063c20eb1251c7,0,0.0941726565361023,"[192, 511, 250, 206]",0,0.0,0.0,"[null, null, null, null]","[null, null, null, null]",0.15324850380420685
ego_query_residual_lora,29,development,461e0a28b1f655aa,2021.07.16.00.24.14_veh-38,d45e467ab1e85825,1,0.0730498731136322,"[489, 458, 429, 461]",4,1.3670445680618286,1.483388066291809,"[1.3670445680618286, null, null, null]","[1.483388066291809, null, null, null]",0.22675833106040955
ego_query_residual_lora,29,development,548204416ae25b31,2021.07.16.00.24.14_veh-38,072767a0ae2857e9,1,0.08022034168243408,"[279, 319, 314, 316]",0,0.0,0.0,"[null, null, null, null]","[null, null, null, null]",0.10718312114477158
ego_query_residual_lora,29,development,e0b0dcb2ea675ec9,2021.07.16.00.24.14_veh-38,a9aeb39738d95e61,1,0.046065956354141235,"[241, 233, 240, 205]",4,0.4945342540740967,0.4734494090080261,"[0.4945342540740967, null, null, null]","[0.4734494090080261, null, null, null]",0.14600209891796112
ego_query_residual_lora,29,development,8fe6aa411d2350f4,2021.07.16.00.24.14_veh-38,c5ba6402b9b6577d,1,0.10091942548751831,"[488, 456, 429, 487]",4,1.9164419174194336,2.1223130226135254,"[1.9164419174194336, null, null, null]","[2.1223130226135254, null, null, null]",0.1897335797548294
ego_query_residual_lora,29,development,2587746c51ce582c,2021.06.23.14.54.32_veh-16,8ba21e5f44fd5756,1,0.0879974514245987,"[435, 488, 489, 459]",4,3.339418411254883,3.4068312644958496,"[3.339418411254883, null, null, null]","[3.4068312644958496, null, null, null]",0.12811359763145447
ego_query_residual_lora,29,development,cdb8ed61577455d0,2021.06.23.14.54.32_veh-16,63a378470ecf578a,1,0.28634393215179443,"[485, 486, 455, 424]",4,1.77809739112854,1.9681897163391113,"[null, 1.77809739112854, null, null]","[null, 1.9681897163391113, null, null]",0.2246321737766266
ego_query_residual_lora,29,development,359653f71f095eb2,2021.06.23.14.54.32_veh-16,764e553f9fa1596e,1,0.0352526418864727,"[362, 394, 330, 501]",4,1.209269404411316,1.1976813077926636,"[1.209269404411316, null, null, null]","[1.1976813077926636, null, null, null]",0.1263519823551178
ego_query_residual_lora,29,development,e1bd235bf5145312,2021.06.23.14.54.32_veh-16,c21a05faf4f95c23,0,0.29500439763069153,"[490, 488, 457, 456]",12,1.1213645935058594,1.1252249479293823,"[0.805824875831604, null, 1.366898536682129, 1.1913701295852661]","[0.7638512849807739, null, 1.458207368850708, 1.1536164283752441]",0.20212505757808685
ego_query_residual_lora,29,development,21851d86de975750,2021.06.23.14.54.32_veh-16,0fa6960777235107,1,0.0625278502702713,"[249, 276, 269, 275]",4,1.820046067237854,1.8454172611236572,"[1.820046067237854, null, null, null]","[1.8454172611236572, null, null, null]",0.13538721203804016
ego_query_residual_lora,29,development,41fd5b3cc9cb5e4d,2021.06.23.14.54.32_veh-16,192f476facc35a66,1,0.04788389801979065,"[460, 458, 494, 485]",8,1.7692879438400269,1.8090323209762573,"[1.6467328071594238, 1.8918430805206299, null, null]","[1.6905105113983154, 1.9275541305541992, null, null]",0.20505264401435852
ego_query_residual_lora,29,development,80fcfa05a45d5e36,2021.06.23.14.54.32_veh-16,68c36562409856ec,1,0.04284226521849632,"[237, 239, 173, 141]",12,0.8805694580078125,0.916761577129364,"[0.3559672236442566, 0.7317702770233154, 1.5539710521697998, null]","[0.3589940369129181, 0.7466676235198975, 1.644623041152954, null]",0.12758849561214447
ego_query_residual_lora,29,development,eca9c65e90335fc5,2021.06.23.14.54.32_veh-16,e302117d34785896,1,0.12683577835559845,"[407, 441, 472, 426]",0,0.0,0.0,"[null, null, null, null]","[null, null, null, null]",0.18802855908870697
ego_query_residual_lora,29,development,ebbd33f9058e5e95,2021.06.09.14.50.36_veh-26,818dcca6c1fa5abf,1,0.03483535721898079,"[430, 445, 464, 459]",16,6.102269172668457,6.341241359710693,"[1.4670288562774658, 4.358715057373047, 8.596792221069336, 9.986540794372559]","[1.616309404373169, 4.622516632080078, 8.901008605957031, 10.225130081176758]",0.1907198578119278
ego_query_residual_lora,29,development,9a04bc527d215067,2021.06.09.14.50.36_veh-26,5e8a8d507c145bf2,1,0.2354266494512558,"[320, 496, 464, 334]",0,0.0,0.0,"[null, null, null, null]","[null, null, null, null]",0.1958938091993332
ego_query_residual_lora,29,development,5a287daa1f775a79,2021.06.09.14.50.36_veh-26,af832f9835ee5efc,0,0.09164181351661682,"[369, 334, 468, 467]",16,2.750422477722168,2.8836779594421387,"[1.9262981414794922, 2.1672415733337402, 2.804104804992676, 4.104045391082764]","[1.983375072479248, 2.2560479640960693, 2.9305973052978516, 4.364690780639648]",0.2302696853876114
ego_query_residual_lora,29,development,d9a85f2b168854ba,2021.06.09.14.50.36_veh-26,549ee450dacd5abb,1,0.09950771927833557,"[397, 494, 492, 467]",4,2.3236207962036133,2.3896775245666504,"[2.3236207962036133, null, null, null]","[2.3896775245666504, null, null, null]",0.2150043100118637
ego_query_residual_lora,29,development,f6d2ad1db3c45c20,2021.06.09.14.50.36_veh-26,e755817de2795e70,0,0.09828341752290726,"[457, 425, 426, 492]",16,1.9749526977539062,2.1464662551879883,"[2.081174612045288, 2.112548351287842, 1.818495512008667, 1.8875917196273804]","[2.3171396255493164, 2.201683282852173, 2.016676187515259, 2.0503668785095215]",0.21541287004947662
ego_query_residual_lora,29,development,5cc6394b1dde5e37,2021.06.09.14.50.36_veh-26,3daa89465a7e50bf,0,0.1854088008403778,"[364, 396, 484, 463]",12,2.609394073486328,2.764390468597412,"[2.5038259029388428, 2.750415325164795, 2.5739402770996094, null]","[2.5760843753814697, 2.9192562103271484, 2.797830104827881, null]",0.23158444464206696
ego_query_residual_lora,29,development,bd6c7b10ae725c06,2021.06.09.14.50.36_veh-26,40627495cb2f57f2,1,0.19292300939559937,"[487, 453, 491, 483]",8,1.9443016052246094,2.1079275608062744,"[2.0627963542938232, 1.8258068561553955, null, null]","[2.2367770671844482, 1.979077935218811, null, null]",0.22982509434223175
ego_query_residual_lora,29,development,03ac353ec2a450b4,2021.06.09.14.50.36_veh-26,b133d32ebacf51a4,0,0.13029973208904266,"[491, 403, 461, 460]",16,2.0710768699645996,2.2005650997161865,"[1.9210479259490967, 2.149869203567505, 1.769275188446045, 2.4441144466400146]","[2.0033273696899414, 2.314754009246826, 1.8590326309204102, 2.6251463890075684]",0.23156391084194183
ego_query_residual_lora,29,development,193179dedf975965,2021.07.09.20.59.12_veh-38,140f0b69eb365081,0,0.08813866227865219,"[447, 469, 511, 502]",16,2.3447415828704834,2.5086216926574707,"[1.9630180597305298, 2.494081735610962, 2.3274149894714355, 2.594451427459717]","[2.0778751373291016, 2.6705188751220703, 2.506909132003784, 2.779183864593506]",0.19360241293907166
ego_query_residual_lora,29,development,ef07b861b51a554e,2021.07.09.20.59.12_veh-38,cb83cacbf41d58b8,1,0.15033958852291107,"[424, 361, 393, 461]",16,2.3521170616149902,2.550088882446289,"[1.8640289306640625, 2.4087696075439453, 2.3506243228912354, 2.7850451469421387]","[1.9109013080596924, 2.6519055366516113, 2.578141689300537, 3.0594077110290527]",0.22453945875167847
ego_query_residual_lora,29,development,ce6d2bfacf8655a6,2021.07.09.20.59.12_veh-38,ac873abc79f75609,1,0.07494572550058365,"[489, 329, 502, 359]",4,2.0632166862487793,2.1865220069885254,"[2.0632166862487793, null, null, null]","[2.1865220069885254, null, null, null]",0.22361838817596436
ego_query_residual_lora,29,development,6c227ec265b2568d,2021.07.09.20.59.12_veh-38,c63fa36583195676,1,0.2973744869232178,"[421, 450, 392, 236]",8,3.009493827819824,3.091484546661377,"[2.5084378719329834, 3.510549783706665, null, null]","[2.5603179931640625, 3.6226515769958496, null, null]",0.14850302040576935
ego_query_residual_lora,29,development,b0cebe034a265720,2021.07.09.20.59.12_veh-38,f74c2f575df25f4a,1,0.010705464519560337,"[255, 287, 285, 276]",0,0.0,0.0,"[null, null, null, null]","[null, null, null, null]",0.15722526609897614
ego_query_residual_lora,29,development,dd2f55420c6b5764,2021.07.09.20.59.12_veh-38,7e572c1c4f5d5df2,1,0.11399589478969574,"[493, 494, 492, 484]",12,3.1187331676483154,3.2082347869873047,"[null, 2.9100942611694336, 2.9696357250213623, 3.4764695167541504]","[null, 3.013307571411133, 3.0928080081939697, 3.5185885429382324]",0.18436625599861145
ego_query_residual_lora,29,development,b630301843b158d4,2021.07.09.20.59.12_veh-38,315e9411328d5e75,1,0.1934806853532791,"[361, 453, 398, 498]",8,2.00079607963562,2.0840141773223877,"[1.755172610282898, 2.246419668197632, null, null]","[1.8426158428192139, 2.3254122734069824, null, null]",0.14433754980564117
ego_query_residual_lora,29,development,39fd026d451351e2,2021.07.09.20.59.12_veh-38,73cf910aa2885a71,1,0.20022790133953094,"[486, 500, 489, 454]",0,0.0,0.0,"[null, null, null, null]","[null, null, null, null]",0.13507144153118134
ego_query_residual_lora,29,development,5426ae4426ba5534,2021.06.23.18.23.38_veh-26,f72df301ed465fe6,1,0.1479583978652954,"[332, 331, 300, 488]",16,2.3568451404571533,2.4184250831604004,"[1.0151547193527222, 1.7239253520965576, 3.2590980529785156, 3.4292027950286865]","[0.9681668281555176, 1.735368013381958, 3.371178150177002, 3.598987102508545]",0.20857055485248566
ego_query_residual_lora,29,development,fbeab8a882035a94,2021.06.23.18.23.38_veh-26,2e8f4ff50e4a55cc,0,0.1823273003101349,"[455, 451, 421, 388]",16,1.7935482263565063,1.953623652458191,"[1.8264424800872803, 1.9652698040008545, 1.747581124305725, 1.634899616241455]","[1.961379051208496, 2.182396650314331, 1.9173691272735596, 1.753349781036377]",0.20457254350185394
ego_query_residual_lora,29,development,89e963670d89570c,2021.06.23.18.23.38_veh-26,03dbcc9320245d7c,1,0.4426273703575134,"[361, 392, 393, 363]",16,2.268568515777588,2.385099411010742,"[1.168914794921875, 1.8015882968902588, 2.748053789138794, 3.3557167053222656]","[1.2129137516021729, 1.8596538305282593, 2.891702890396118, 3.5761280059814453]",0.20810112357139587
ego_query_residual_lora,29,development,bcff4b28fd875b3d,2021.06.23.18.23.38_veh-26,6f619fabc40050a9,2,0.7925305366516113,"[490, 496, 453, 506]",16,2.395895004272461,2.3905863761901855,"[1.533778429031372, 2.844972848892212, 2.8689422607421875, 2.3358871936798096]","[1.4805760383605957, 2.8963136672973633, 2.8707799911499023, 2.314675807952881]",0.20383815467357635
ego_query_residual_lora,29,development,88666b1c75b75602,2021.06.23.18.23.38_veh-26,99b44236999557c7,1,0.19461557269096375,"[353, 489, 460, 458]",16,1.5662022829055786,1.6078507900238037,"[1.2430362701416016, 1.937424898147583, 1.8617135286331177, 1.222634196281433]","[1.2891817092895508, 1.9683830738067627, 1.8878966569900513, 1.2859413623809814]",0.21571135520935059
ego_query_residual_lora,29,development,f72865014d6158a2,2021.06.23.18.23.38_veh-26,84368cbdd7cb5647,2,0.2054111510515213,"[488, 482, 486, 453]",8,2.6179661750793457,2.6934890747070312,"[2.550567388534546, 2.6853652000427246, null, null]","[2.660452365875244, 2.7265260219573975, null, null]",0.15532761812210083
ego_query_residual_lora,29,development,7e3b06c8b33156d3,2021.06.23.18.23.38_veh-26,7b483583a2595b0f,1,0.02088882401585579,"[237, 430, 207, 238]",12,4.789111137390137,4.962297439575195,"[2.1574840545654297, 6.45679235458374, 5.753056526184082, null]","[2.2641968727111816, 6.666929244995117, 5.955765724182129, null]",0.1207742691040039
ego_query_residual_lora,29,development,655a064f04e1531b,2021.06.23.18.23.38_veh-26,8997a4a3aadb506a,1,0.18768712878227234,"[489, 458, 356, 486]",16,2.148452043533325,2.273223638534546,"[1.882971167564392, 1.56573486328125, 2.815856695175171, 2.3292453289031982]","[1.9729276895523071, 1.6569263935089111, 3.016033411026001, 2.447007656097412]",0.20734082162380219
ego_query_residual_lora,47,train,42868079cfb75233,2021.07.09.01.37.16_veh-26,641fad330504500c,1,0.10666879266500473,"[298, 299, 265, 267]",0,0.0,0.0,"[null, null, null, null]","[null, null, null, null]",0.1546992063522339
ego_query_residual_lora,47,train,caafcdd4b7835eb0,2021.07.09.01.37.16_veh-26,359f92c3233457a3,1,0.07500748336315155,"[274, 271, 288, 303]",4,2.9343650341033936,2.9762015342712402,"[null, null, null, 2.9343650341033936]","[null, null, null, 2.9762015342712402]",0.1458951085805893
ego_query_residual_lora,47,train,2fa96542484250f0,2021.07.09.01.37.16_veh-26,f89a324077eb57a9,1,0.05407194793224335,"[328, 327, 331, 268]",4,2.009878158569336,2.021329402923584,"[null, null, 2.009878158569336, null]","[null, null, 2.021329402923584, null]",0.15710388123989105
ego_query_residual_lora,47,train,68341772b52f543b,2021.07.09.01.37.16_veh-26,698608aa5fed5770,0,0.05178144946694374,"[303, 445, 438, 245]",8,2.0658228397369385,2.151609420776367,"[1.63753080368042, 2.4941153526306152, null, null]","[1.6969910860061646, 2.6062278747558594, null, null]",0.13871246576309204
ego_query_residual_lora,47,train,eabd9d1227785454,2021.07.09.01.37.16_veh-26,a110aeed6ea85e04,1,0.04241079464554787,"[309, 308, 288, 378]",16,2.06009578704834,2.1823301315307617,"[1.3226585388183594, 1.265114665031433, 2.1218061447143555, 3.530803918838501]","[1.3141460418701172, 1.2965848445892334, 2.303798198699951, 3.814791440963745]",0.187678724527359
ego_query_residual_lora,47,train,f70d691cf70b5cb3,2021.07.09.01.37.16_veh-26,34dd5ff0548b5455,0,0.049688197672367096,"[406, 310, 261, 256]",8,3.5208845138549805,3.657374382019043,"[2.965607166290283, 4.076161861419678, null, null]","[3.0781891345977783, 4.2365593910217285, null, null]",0.12525665760040283
ego_query_residual_lora,47,train,aa2fce3e3af55b1c,2021.07.09.01.37.16_veh-26,4ca220b52b5c50af,1,0.02569209225475788,"[190, 324, 278, 321]",4,2.3564939498901367,2.4834516048431396,"[2.3564939498901367, null, null, null]","[2.4834516048431396, null, null, null]",0.14652404189109802
ego_query_residual_lora,47,train,00029eec66d650e1,2021.07.09.01.37.16_veh-26,045ff16e93dc5a42,1,0.054337505251169205,"[479, 510, 478, 501]",4,0.8400490283966064,0.8555318713188171,"[0.8400490283966064, null, null, null]","[0.8555318713188171, null, null, null]",0.1101459413766861
ego_query_residual_lora,47,train,0168dd4fffde52ed,2021.06.08.12.00.19_veh-35,a4e97e74e1a150b3,1,0.4142949879169464,"[268, 398, 316, 373]",0,0.0,0.0,"[null, null, null, null]","[null, null, null, null]",0.14350946247577667
ego_query_residual_lora,47,train,c4e9600b96ce5d54,2021.06.08.12.00.19_veh-35,4d01ebfbc43d560b,1,0.02840951457619667,"[423, 390, 348, 485]",4,3.397189140319824,3.506695508956909,"[3.397189140319824, null, null, null]","[3.506695508956909, null, null, null]",0.1589020937681198
ego_query_residual_lora,47,train,a80c5ee8b1ff56d8,2021.06.08.12.00.19_veh-35,3ffcb152c57c56c5,1,0.8332049250602722,"[309, 310, 267, 268]",16,1.2694631814956665,1.3296804428100586,"[0.9935219883918762, 0.9065653681755066, 1.3194317817687988, 1.8583335876464844]","[0.9960682392120361, 0.9393292665481567, 1.3972814083099365, 1.9860424995422363]",0.18665003776550293
ego_query_residual_lora,47,train,54f9b4af08e05d79,2021.06.08.12.00.19_veh-35,a2165005ab865a02,1,0.03733695298433304,"[295, 271, 300, 333]",0,0.0,0.0,"[null, null, null, null]","[null, null, null, null]",0.1402231603860855
ego_query_residual_lora,47,train,1657554fc5445eb6,2021.06.08.12.00.19_veh-35,39cbdec7b364501d,2,0.13316817581653595,"[273, 302, 270, 269]",16,3.3720521926879883,3.5297746658325195,"[1.243487000465393, 3.434490919113159, 4.311055660247803, 4.499176025390625]","[1.2879713773727417, 3.5969436168670654, 4.521646499633789, 4.712536811828613]",0.13877245783805847
ego_query_residual_lora,47,train,e7cde98715555110,2021.06.08.12.00.19_veh-35,785bf24e15875ef2,1,1.4290611743927002,"[293, 288, 292, 134]",8,1.8648717403411865,1.9282642602920532,"[1.428751826286316, 2.3009915351867676, null, null]","[1.493030309677124, 2.3634982109069824, null, null]",0.1618698537349701
ego_query_residual_lora,47,train,4bb4fd668a805612,2021.06.08.12.00.19_veh-35,c461bc7ab865595e,0,0.1236560195684433,"[326, 288, 323, 324]",16,1.3589732646942139,1.3686292171478271,"[0.6237027049064636, 1.087060809135437, 1.2719613313674927, 2.4531679153442383]","[0.6098529100418091, 1.0922937393188477, 1.2756359577178955, 2.496734142303467]",0.1262548863887787
ego_query_residual_lora,47,train,c1fe3aa66ec55b17,2021.06.08.12.00.19_veh-35,9655be695969522d,1,0.5757268071174622,"[302, 307, 345, 409]",8,2.6784582138061523,2.8418586254119873,"[2.7455286979675293, 2.6113882064819336, null, null]","[2.898711681365967, 2.785005807876587, null, null]",0.16107580065727234
ego_query_residual_lora,47,train,9fe049486481505a,2021.08.17.13.15.12_veh-45,ca75f3286b115d37,0,0.026238471269607544,"[297, 304, 333, 324]",16,2.8777575492858887,3.115379571914673,"[0.5604838132858276, 2.1664538383483887, 3.80138897895813, 4.98270320892334]","[0.597122073173523, 2.3894314765930176, 4.122834205627441, 5.352130889892578]",0.1496443897485733
ego_query_residual_lora,47,train,f895bc253a215fc4,2021.08.17.13.15.12_veh-45,a3cae0d00733532e,1,0.062353283166885376,"[271, 270, 238, 273]",8,2.4601500034332275,2.493884801864624,"[2.306792736053467, 2.613507032394409, null, null]","[2.3476996421813965, 2.6400699615478516, null, null]",0.11475353688001633
ego_query_residual_lora,47,train,f1430641b7685542,2021.08.17.13.15.12_veh-45,81ff4535c5c251d6,1,0.04009070247411728,"[340, 373, 306, 357]",16,1.567598819732666,1.6577506065368652,"[1.3588652610778809, 1.1674543619155884, 1.3479466438293457, 2.3961291313171387]","[1.4286526441574097, 1.207482933998108, 1.4337117671966553, 2.561155080795288]",0.1883477121591568
ego_query_residual_lora,47,train,ada17d80705459e5,2021.08.17.13.15.12_veh-45,16b335fe131c50be,1,0.08935759961605072,"[308, 276, 274, 305]",0,0.0,0.0,"[null, null, null, null]","[null, null, null, null]",0.14697878062725067
ego_query_residual_lora,47,train,5442925b5514525c,2021.08.17.13.15.12_veh-45,5b0cacf961245153,1,0.07935018092393875,"[308, 375, 343, 307]",4,1.1522104740142822,1.2026090621948242,"[1.1522104740142822, null, null, null]","[1.2026090621948242, null, null, null]",0.17633134126663208
ego_query_residual_lora,47,train,f4be93317adf5091,2021.08.17.13.15.12_veh-45,e2ce597de87f572d,1,0.052763789892196655,"[261, 310, 307, 309]",12,2.0299086570739746,2.069908618927002,"[1.780217170715332, 2.277189254760742, 2.032320022583008, null]","[1.8176970481872559, 2.327110767364502, 2.06491756439209, null]",0.13258133828639984
ego_query_residual_lora,47,train,0c12cf6a804d5e86,2021.08.17.13.15.12_veh-45,8db7aab4ec8458a5,0,0.10978484153747559,"[349, 383, 281, 315]",8,2.452425956726074,2.5503358840942383,"[null, 2.2554574012756348, 2.6493942737579346, null]","[null, 2.3021013736724854, 2.798570156097412, null]",0.14239422976970673
ego_query_residual_lora,47,train,a1da8bec7a1c5c7e,2021.08.17.13.15.12_veh-45,c55fafd4f7d05c65,1,0.05320899933576584,"[236, 139, 268, 273]",16,3.010416030883789,3.061347484588623,"[1.9179762601852417, 3.0981175899505615, 3.6627438068389893, 3.362826108932495]","[1.9613943099975586, 3.166639804840088, 3.6979503631591797, 3.419405460357666]",0.16962826251983643
ego_query_residual_lora,47,train,1b173e83ce58518b,2021.06.08.16.31.33_veh-38,3364fd6ba8365441,1,0.03347356244921684,"[408, 441, 377, 379]",0,0.0,0.0,"[null, null, null, null]","[null, null, null, null]",0.12332885712385178
ego_query_residual_lora,47,train,7fa7f2973eb6583d,2021.06.08.16.31.33_veh-38,e6f6b559cbe6534e,1,0.1950453519821167,"[232, 316, 290, 235]",16,2.3117306232452393,2.413408041000366,"[2.0891990661621094, 2.138843059539795, 2.5546326637268066, 2.464247703552246]","[2.1230883598327637, 2.221644401550293, 2.671356439590454, 2.637543201446533]",0.1751299947500229
ego_query_residual_lora,47,train,63818d7962335cb9,2021.06.08.16.31.33_veh-38,3bb603a701225a40,0,0.11413753777742386,"[343, 350, 317, 348]",16,1.5461106300354004,1.586179256439209,"[1.5057358741760254, 1.5431108474731445, 1.6612985134124756, 1.4742975234985352]","[1.529301643371582, 1.5663056373596191, 1.7257989645004272, 1.523310661315918]",0.11329720914363861
ego_query_residual_lora,47,train,eb6af2bd1a635cb2,2021.06.08.16.31.33_veh-38,65daba6a1f955c59,1,0.14737069606781006,"[361, 392, 330, 331]",8,2.699418544769287,2.781424045562744,"[2.6087629795074463, 2.790074348449707, null, null]","[2.689051628112793, 2.8737964630126953, null, null]",0.12569794058799744
ego_query_residual_lora,47,train,6f08f1ba4c555d89,2021.06.08.16.31.33_veh-38,00c6ea1054d15101,1,0.7242632508277893,"[265, 323, 291, 293]",16,1.9472578763961792,1.9868419170379639,"[1.343231439590454, 2.124100685119629, 2.207798480987549, 2.113900899887085]","[1.361622929573059, 2.1605286598205566, 2.2683145999908447, 2.1569013595581055]",0.17671962082386017
ego_query_residual_lora,47,train,2af3184e9f0f5697,2021.06.08.16.31.33_veh-38,fb1c65108c895a43,1,0.16076241433620453,"[236, 274, 268, 299]",4,1.2252285480499268,1.223677158355713,"[1.2252285480499268, null, null, null]","[1.223677158355713, null, null, null]",0.12484131753444672
ego_query_residual_lora,47,train,33230d8bfa425f6f,2021.06.08.16.31.33_veh-38,3364fd6ba8365441,1,0.19408902525901794,"[293, 261, 263, 328]",16,2.2571640014648438,2.3650670051574707,"[1.5887395143508911, 2.230191469192505, 2.4297685623168945, 2.7799572944641113]","[1.6680318117141724, 2.301933765411377, 2.552374839782715, 2.937927722930908]",0.175126850605011
ego_query_residual_lora,47,train,dcee65c0765f51bf,2021.06.08.16.31.33_veh-38,7acd2a98ba7b5157,0,0.13647662103176117,"[263, 294, 296, 295]",16,5.451995372772217,5.793586254119873,"[2.9649829864501953, 5.757260322570801, 7.280688762664795, 5.805049419403076]","[3.1276001930236816, 6.094187259674072, 7.756124496459961, 6.196433067321777]",0.164252370595932
ego_query_residual_lora,47,train,82abb0794a955aff,2021.10.05.08.11.15_veh-50,d53d220a77795cee,1,0.40653055906295776,"[270, 238, 271, 272]",16,1.7896928787231445,1.8316168785095215,"[1.3538082838058472, 1.486811637878418, 2.098315715789795, 2.2198359966278076]","[1.3458510637283325, 1.5455788373947144, 2.1466078758239746, 2.2884297370910645]",0.16742774844169617
ego_query_residual_lora,47,train,fa9ebf82174f56e2,2021.10.05.08.11.15_veh-50,81ed977eb5a1520d,1,0.17802061140537262,"[299, 235, 267, 139]",16,2.079197406768799,2.168738603591919,"[1.9438437223434448, 2.2855958938598633, 1.9112789630889893, 2.1760714054107666]","[2.020515203475952, 2.3880109786987305, 1.9795204401016235, 2.2869086265563965]",0.13258692622184753
ego_query_residual_lora,47,train,de7aee4bfd4650d8,2021.10.05.08.11.15_veh-50,8a8fe2f545dd5865,2,0.5887237191200256,"[275, 273, 274, 326]",12,2.8636155128479004,2.939377546310425,"[2.605963706970215, null, 2.944887399673462, 3.039994716644287]","[2.680284023284912, null, 3.0197134017944336, 3.1181344985961914]",0.15532369911670685
ego_query_residual_lora,47,train,7f74e72074485b12,2021.10.05.08.11.15_veh-50,2bbefccd0ef85651,1,0.6377723217010498,"[108, 172, 140, 143]",0,0.0,0.0,"[null, null, null, null]","[null, null, null, null]",0.16141624748706818
ego_query_residual_lora,47,train,acf207f491775e7b,2021.10.05.08.11.15_veh-50,ae67187c90635ca6,0,0.14545300602912903,"[257, 296, 299, 258]",8,1.7567733526229858,1.7599363327026367,"[1.1613961458206177, 2.3521504402160645, null, null]","[1.148276448249817, 2.371595859527588, null, null]",0.13500167429447174
ego_query_residual_lora,47,train,246eb858bec25310,2021.10.05.08.11.15_veh-50,4782310b87105568,2,0.3443741798400879,"[144, 240, 48, 175]",16,2.1482560634613037,2.2459206581115723,"[1.60869300365448, 2.289308547973633, 2.3608651161193848, 2.3341574668884277]","[1.6880524158477783, 2.413170337677002, 2.468827486038208, 2.4136321544647217]",0.15122570097446442
ego_query_residual_lora,47,train,40e23bdca88c5b0d,2021.10.05.08.11.15_veh-50,780bff4205715957,0,0.22593489289283752,"[230, 500, 431, 434]",12,1.8406643867492676,1.8902888298034668,"[1.4340717792510986, 1.655686855316162, 2.432234287261963, null]","[1.463566780090332, 1.7135417461395264, 2.493757963180542, null]",0.11652076989412308
ego_query_residual_lora,47,train,8d59999281da5243,2021.10.05.08.11.15_veh-50,e6ed98e5973e5120,0,0.5388334393501282,"[319, 287, 351, 348]",16,1.6358107328414917,1.6150968074798584,"[1.2001302242279053, 1.44576096534729, 2.006004810333252, 1.8913471698760986]","[1.176011562347412, 1.422879934310913, 1.9874402284622192, 1.8740558624267578]",0.13961219787597656
ego_query_residual_lora,47,train,75afc126374359d3,2021.09.15.14.00.15_veh-28,821da079291c52cf,1,0.08415917307138443,"[359, 209, 194, 390]",16,3.556699752807617,3.633443832397461,"[3.2893877029418945, 3.6017282009124756, 3.674577236175537, 3.6611061096191406]","[3.3670380115509033, 3.654540538787842, 3.7353196144104004, 3.776876449584961]",0.16732239723205566
ego_query_residual_lora,47,train,973a7c9d77ca5b23,2021.09.15.14.00.15_veh-28,19e39a5880c754ad,1,0.028769096359610558,"[201, 265, 232, 319]",4,0.7230170965194702,0.7448240518569946,"[0.7230170965194702, null, null, null]","[0.7448240518569946, null, null, null]",0.146760493516922
ego_query_residual_lora,47,train,095741f4465352b3,2021.09.15.14.00.15_veh-28,96b8f4dbc6995cb7,1,0.07336431741714478,"[300, 327, 359, 355]",16,2.6249141693115234,2.788206100463867,"[2.1967287063598633, 2.2675533294677734, 3.2969298362731934, 2.7384440898895264]","[2.301715135574341, 2.415909767150879, 3.5256519317626953, 2.909548282623291]",0.14771418273448944
ego_query_residual_lora,47,train,4617f5dbb29c500a,2021.09.15.14.00.15_veh-28,07d29dd2e9c6500b,1,0.09960196167230606,"[299, 412, 411, 300]",0,0.0,0.0,"[null, null, null, null]","[null, null, null, null]",0.17111511528491974
ego_query_residual_lora,47,train,b0f67ce7d678590b,2021.09.15.14.00.15_veh-28,9341eeedf0ae5c32,1,0.047694332897663116,"[447, 415, 478, 477]",8,1.84647798538208,1.8998055458068848,"[1.9042023420333862, 1.7887539863586426, null, null]","[1.9606027603149414, 1.8390083312988281, null, null]",0.16264362633228302
ego_query_residual_lora,47,train,13456839ba8c52ef,2021.09.15.14.00.15_veh-28,d24fb2b39ae1574e,1,0.08723308891057968,"[286, 301, 343, 375]",0,0.0,0.0,"[null, null, null, null]","[null, null, null, null]",0.15135881304740906
ego_query_residual_lora,47,train,1df7865b517251d0,2021.09.15.14.00.15_veh-28,dc1ef9d49cb25b98,1,0.025783471763134003,"[423, 407, 456, 363]",8,4.702338695526123,4.886965751647949,"[3.0146141052246094, 6.390063285827637, null, null]","[3.085115432739258, 6.688816547393799, null, null]",0.16252659261226654
ego_query_residual_lora,47,train,38f3a2f5fe33500f,2021.09.15.14.00.15_veh-28,5a06354563625c69,2,0.06702485680580139,"[247, 113, 81, 145]",16,3.262028217315674,3.387022018432617,"[2.743741273880005, 3.312701463699341, 3.437222480773926, 3.554447650909424]","[2.849564552307129, 3.4089879989624023, 3.5548393726348877, 3.7346954345703125]",0.12363894283771515
ego_query_residual_lora,47,train,95535851c7b75757,2021.07.16.22.40.23_veh-38,6e36585b2ea55145,1,0.030452445149421692,"[310, 342, 374, 278]",8,2.2024195194244385,2.255917549133301,"[1.972496747970581, 2.432342529296875, null, null]","[1.9844105243682861, 2.5274243354797363, null, null]",0.16449569165706635
ego_query_residual_lora,47,train,6764c662e15e5b48,2021.07.16.22.40.23_veh-38,216d4aa3e3fe59a3,1,0.030750149860978127,"[318, 351, 320, 352]",16,1.3633275032043457,1.4051964282989502,"[1.156524419784546, 0.9920782446861267, 1.3270142078399658, 1.9776930809020996]","[1.2100491523742676, 0.9999717473983765, 1.3431272506713867, 2.0676376819610596]",0.16883093118667603
ego_query_residual_lora,47,train,7bf05e0f52b75ee2,2021.07.16.22.40.23_veh-38,1deff9a6d27a5f6b,0,0.06438320130109787,"[315, 347, 346, 351]",16,4.053994178771973,4.2576904296875,"[3.7670931816101074, 4.2566022872924805, 3.7862768173217773, 4.406004905700684]","[3.904603958129883, 4.400503158569336, 4.011068820953369, 4.714585304260254]",0.15717722475528717
ego_query_residual_lora,47,train,673b04fae3fc5595,2021.07.16.22.40.23_veh-38,a7823a906c555e39,1,0.026845991611480713,"[185, 276, 190, 308]",16,2.1647157669067383,2.286576986312866,"[1.797900676727295, 1.5976529121398926, 2.6252055168151855, 2.6381032466888428]","[1.8691835403442383, 1.6546679735183716, 2.8063759803771973, 2.816080331802368]",0.17153741419315338
ego_query_residual_lora,47,train,c8faaa73c9c054d1,2021.07.16.22.40.23_veh-38,98071366467650ae,0,0.051385968923568726,"[380, 350, 382, 347]",16,1.9916157722473145,2.106215000152588,"[1.1849524974822998, 1.8727130889892578, 2.4390954971313477, 2.4697020053863525]","[1.2017167806625366, 1.9832078218460083, 2.6088619232177734, 2.631073236465454]",0.1258540004491806
ego_query_residual_lora,47,train,5e5f522e3ecd5cca,2021.07.16.22.40.23_veh-38,900bff237382523c,1,0.14977897703647614,"[269, 268, 273, 271]",4,1.7055368423461914,1.7594847679138184,"[1.7055368423461914, null, null, null]","[1.7594847679138184, null, null, null]",0.16334201395511627
ego_query_residual_lora,47,train,378d61da938e5420,2021.07.16.22.40.23_veh-38,b4d6add3705a50f5,1,0.037190020084381104,"[165, 293, 310, 312]",4,1.1039091348648071,1.1156299114227295,"[1.1039091348648071, null, null, null]","[1.1156299114227295, null, null, null]",0.183272123336792
ego_query_residual_lora,47,train,8bcd32f3329b5729,2021.07.16.22.40.23_veh-38,ce32a45e2c885ce0,1,0.13963863253593445,"[270, 300, 269, 301]",4,1.3555774688720703,1.3332631587982178,"[null, null, null, 1.3555774688720703]","[null, null, null, 1.3332631587982178]",0.16031642258167267
ego_query_residual_lora,47,train,85107617069e5eae,2021.10.05.07.49.39_veh-52,a3270c0c8ca250a5,2,0.3244730234146118,"[301, 300, 302, 239]",16,2.213090181350708,2.299698829650879,"[1.2991878986358643, 2.3901596069335938, 2.6830942630767822, 2.47991943359375]","[1.3418903350830078, 2.5090551376342773, 2.800848960876465, 2.5470006465911865]",0.15874242782592773
ego_query_residual_lora,47,train,dd9d8e686a345f74,2021.10.05.07.49.39_veh-52,6ef4b849a52f565e,1,0.11937075853347778,"[262, 294, 351, 233]",16,1.1736009120941162,1.1967782974243164,"[1.4926973581314087, 1.020115613937378, 1.1514899730682373, 1.0301005840301514]","[1.5623950958251953, 1.0536543130874634, 1.151132583618164, 1.0199313163757324]",0.1684160679578781
ego_query_residual_lora,47,train,d25f823ffc5f55cf,2021.10.05.07.49.39_veh-52,b9c2d90e9f0d5298,2,0.22536501288414001,"[267, 301, 298, 299]",16,4.452524185180664,4.568016052246094,"[3.414020538330078, 4.465199947357178, 4.665860176086426, 5.265017032623291]","[3.4917702674865723, 4.556833267211914, 4.80692195892334, 5.416539192199707]",0.12228205800056458
ego_query_residual_lora,47,train,fa41647d02c7591c,2021.10.05.07.49.39_veh-52,425547b119ac51e8,2,0.420549601316452,"[331, 173, 139, 267]",4,2.7196907997131348,2.8444507122039795,"[2.7196907997131348, null, null, null]","[2.8444507122039795, null, null, null]",0.13509640097618103
ego_query_residual_lora,47,train,e1513979c1a25a3a,2021.10.05.07.49.39_veh-52,63675e4e47d35a9c,0,0.30648407340049744,"[341, 406, 349, 439]",16,2.33388090133667,2.375718593597412,"[1.924821376800537, 2.045335531234741, 2.8317079544067383, 2.533658504486084]","[1.94996976852417, 2.0597167015075684, 2.8585891723632812, 2.634598970413208]",0.12365467101335526
ego_query_residual_lora,47,train,21a96107cf785a63,2021.10.05.07.49.39_veh-52,425547b119ac51e8,0,0.11390458047389984,"[304, 271, 314, 233]",12,2.0371949672698975,2.0239105224609375,"[1.9737334251403809, 2.1769492626190186, 1.9609019756317139, null]","[1.9740736484527588, 2.1576285362243652, 1.9400293827056885, null]",0.17656518518924713
ego_query_residual_lora,47,train,0961f8661d8a58c2,2021.10.05.07.49.39_veh-52,1cb0c69eb34a51f0,2,0.7578332424163818,"[280, 279, 281, 249]",4,1.833272099494934,1.8316247463226318,"[1.833272099494934, null, null, null]","[1.8316247463226318, null, null, null]",0.14118041098117828
ego_query_residual_lora,47,train,5c78f13876e0582b,2021.10.05.07.49.39_veh-52,a140ff94e233594d,1,0.22618240118026733,"[330, 237, 388, 298]",16,1.6925913095474243,1.7728962898254395,"[1.6087026596069336, 2.0213706493377686, 1.3774726390838623, 1.7628194093704224]","[1.6720142364501953, 2.1281490325927734, 1.4291937351226807, 1.8622280359268188]",0.1522182673215866
ego_query_residual_lora,47,train,8b0932e2de6753ab,2021.06.09.12.06.35_veh-35,29cb5c1452bc5bce,1,0.21242204308509827,"[150, 262, 263, 264]",4,1.7962877750396729,1.8191419839859009,"[1.7962877750396729, null, null, null]","[1.8191419839859009, null, null, null]",0.1760549396276474
ego_query_residual_lora,47,train,c2b7349b328858ac,2021.06.09.12.06.35_veh-35,39e28bb91b3c557d,0,0.06696494668722153,"[369, 370, 403, 368]",4,2.695150852203369,2.7573952674865723,"[2.695150852203369, null, null, null]","[2.7573952674865723, null, null, null]",0.11733885109424591
ego_query_residual_lora,47,train,482e228f118e544b,2021.06.09.12.06.35_veh-35,d8e166bb74fc5f00,1,0.05076225474476814,"[307, 302, 366, 301]",8,2.4571661949157715,2.5291080474853516,"[2.1962599754333496, 2.7180724143981934, null, null]","[2.266826629638672, 2.7913897037506104, null, null]",0.12595532834529877
ego_query_residual_lora,47,train,0bcc8551849c538f,2021.06.09.12.06.35_veh-35,ab18f13d87e7560f,1,0.12755000591278076,"[274, 316, 307, 277]",8,2.1650400161743164,2.1869070529937744,"[null, null, 2.2127685546875, 2.1173112392425537]","[null, null, 2.2416017055511475, 2.1322124004364014]",0.16249831020832062
ego_query_residual_lora,47,train,79ea424b3b2b51e7,2021.06.09.12.06.35_veh-35,7331a1cdf1cd5f28,1,0.026384174823760986,"[330, 231, 298, 320]",8,2.8633530139923096,2.979491710662842,"[null, null, 2.824151039123535, 2.902554512023926]","[null, null, 2.970823287963867, 2.9881598949432373]",0.1410638391971588
ego_query_residual_lora,47,train,5a4f5d512d285fd2,2021.06.09.12.06.35_veh-35,7331a1cdf1cd5f28,1,0.13847413659095764,"[271, 304, 303, 381]",0,0.0,0.0,"[null, null, null, null]","[null, null, null, null]",0.1591581255197525
ego_query_residual_lora,47,train,f56f173b6d3b52d4,2021.06.09.12.06.35_veh-35,533c96a969445755,1,0.02440967783331871,"[161, 258, 182, 350]",16,2.3600282669067383,2.4951977729797363,"[2.0707380771636963, 2.1824629306793213, 2.601994276046753, 2.58491849899292]","[2.1561717987060547, 2.308943510055542, 2.764627695083618, 2.7510485649108887]",0.1730101853609085
ego_query_residual_lora,47,train,7d14dc9e1394504c,2021.06.09.12.06.35_veh-35,15746f958b855ce1,1,0.23077814280986786,"[332, 363, 268, 360]",4,1.6758148670196533,1.7109296321868896,"[1.6758148670196533, null, null, null]","[1.7109296321868896, null, null, null]",0.13043834269046783
ego_query_residual_lora,47,train,a0b601837cc25f9a,2021.06.07.12.54.00_veh-35,e6276d5babcf57c5,1,0.16415396332740784,"[314, 316, 310, 318]",16,1.4694123268127441,1.5494517087936401,"[1.107909917831421, 1.2703733444213867, 1.7846299409866333, 1.7147362232208252]","[1.1234524250030518, 1.3076386451721191, 1.9253454208374023, 1.8413701057434082]",0.18395371735095978
ego_query_residual_lora,47,train,dcbf1cf262365995,2021.06.07.12.54.00_veh-35,e7819c9d528b5035,1,1.5297805070877075,"[290, 328, 398, 300]",4,2.303234100341797,2.3433279991149902,"[2.303234100341797, null, null, null]","[2.3433279991149902, null, null, null]",0.13399192690849304
ego_query_residual_lora,47,train,4f0a0a61bdaa5a59,2021.06.07.12.54.00_veh-35,528ee06dd0565678,1,0.12299486249685287,"[238, 214, 202, 310]",4,1.6152474880218506,1.6617151498794556,"[1.6152474880218506, null, null, null]","[1.6617151498794556, null, null, null]",0.1802264153957367
ego_query_residual_lora,47,train,4c2e114b0f5c5cee,2021.06.07.12.54.00_veh-35,c0d79102a9225562,1,0.22375085949897766,"[293, 352, 231, 230]",16,2.394353151321411,2.5513787269592285,"[2.1349058151245117, 2.4077911376953125, 2.562561511993408, 2.472153663635254]","[2.2382287979125977, 2.549293041229248, 2.7355356216430664, 2.6824562549591064]",0.17433765530586243
ego_query_residual_lora,47,train,9ac6b0c708ef57ba,2021.06.07.12.54.00_veh-35,91deaa6b42c85a71,1,0.23352420330047607,"[276, 248, 283, 302]",4,1.4321705102920532,1.472430944442749,"[1.4321705102920532, null, null, null]","[1.472430944442749, null, null, null]",0.17409886419773102
ego_query_residual_lora,47,train,8a85218e4a3d5fa2,2021.06.07.12.54.00_veh-35,91deaa6b42c85a71,1,0.1769029200077057,"[135, 5, 71, 70]",0,0.0,0.0,"[null, null, null, null]","[null, null, null, null]",0.1504078358411789
ego_query_residual_lora,47,train,23b79e79cec15f05,2021.06.07.12.54.00_veh-35,f5c76f15450f5cd1,1,0.05845816805958748,"[320, 288, 322, 289]",4,1.7641375064849854,1.785707950592041,"[1.7641375064849854, null, null, null]","[1.785707950592041, null, null, null]",0.13593633472919464
ego_query_residual_lora,47,train,e5e57399ea0a5228,2021.06.07.12.54.00_veh-35,25302d95d9f158f7,1,1.2184263467788696,"[440, 408, 308, 392]",16,1.9599881172180176,1.9907333850860596,"[1.1630955934524536, 1.9573729038238525, 2.2441134452819824, 2.475370407104492]","[1.1757009029388428, 2.011004686355591, 2.282918691635132, 2.493309497833252]",0.15296688675880432
ego_query_residual_lora,47,train,e1a8d2a630635703,2021.06.14.14.03.45_veh-38,8f286698db6d541b,1,0.054497476667165756,"[330, 357, 263, 358]",16,2.1105971336364746,2.1976888179779053,"[1.0163953304290771, 1.1558157205581665, 3.0127782821655273, 3.257399559020996]","[1.0397993326187134, 1.1874324083328247, 3.129312515258789, 3.434211492538452]",0.12200986593961716
ego_query_residual_lora,47,train,aece322a1d42538a,2021.06.14.14.03.45_veh-38,7540234731835704,1,0.09289950132369995,"[212, 244, 211, 268]",16,2.6223342418670654,2.7898430824279785,"[1.5393139123916626, 3.1784849166870117, 2.7816343307495117, 2.989903450012207]","[1.6298325061798096, 3.3581695556640625, 2.9932968616485596, 3.178072690963745]",0.18461202085018158
ego_query_residual_lora,47,train,9d0bf147438e5fb3,2021.06.14.14.03.45_veh-38,23e9bf0d2cbe5bab,1,0.014427561312913895,"[416, 481, 258, 480]",4,0.7488033771514893,0.7503714561462402,"[0.7488033771514893, null, null, null]","[0.7503714561462402, null, null, null]",0.145930215716362
ego_query_residual_lora,47,train,f2d2c1ea12755312,2021.06.14.14.03.45_veh-38,34c1915fbf665c36,1,0.05402977764606476,"[307, 309, 275, 277]",8,1.8388009071350098,1.8554956912994385,"[1.2065751552581787, 2.471026659011841, null, null]","[1.2112535238265991, 2.4997377395629883, null, null]",0.15513662993907928
ego_query_residual_lora,47,train,cea14bc9e11e5a9a,2021.06.14.14.03.45_veh-38,6be18c3f08665d95,1,0.12922979891300201,"[408, 374, 377, 409]",4,2.137507915496826,2.215364933013916,"[2.137507915496826, null, null, null]","[2.215364933013916, null, null, null]",0.17113125324249268
ego_query_residual_lora,47,train,4a60572394c95d99,2021.06.14.14.03.45_veh-38,7e940171cbb2501f,1,0.06217105686664581,"[283, 275, 292, 315]",4,2.280003786087036,2.331099510192871,"[2.280003786087036, null, null, null]","[2.331099510192871, null, null, null]",0.1260501891374588
ego_query_residual_lora,47,train,73c60faa4a4f50d5,2021.06.14.14.03.45_veh-38,3310381978495db6,1,0.07121367752552032,"[308, 340, 341, 383]",16,2.1545214653015137,2.2421841621398926,"[1.2797330617904663, 1.6454904079437256, 2.8336899280548096, 2.859172821044922]","[1.2943267822265625, 1.7165372371673584, 2.992258071899414, 2.9656147956848145]",0.18196061253547668
ego_query_residual_lora,47,train,19d7d544be8b5ed6,2021.06.14.14.03.45_veh-38,faff8007373357b2,0,0.07230639457702637,"[346, 406, 313, 312]",12,3.8108339309692383,4.013388633728027,"[3.161574363708496, 4.359890460968018, 3.9110374450683594, null]","[3.2708563804626465, 4.585437297821045, 4.183870315551758, null]",0.16827744245529175
ego_query_residual_lora,47,train,0cee9b6cce6b55bb,2021.06.23.17.31.36_veh-16,5dd11df23010512b,1,0.03940211981534958,"[159, 318, 319, 382]",4,1.3741531372070312,1.4195406436920166,"[1.3741531372070312, null, null, null]","[1.4195406436920166, null, null, null]",0.13546867668628693
ego_query_residual_lora,47,train,b7e4f74f963b5911,2021.06.23.17.31.36_veh-16,12076247bcfc52af,0,0.024997983127832413,"[346, 382, 447, 379]",8,1.4140052795410156,1.4406096935272217,"[0.9931844472885132, 1.834826111793518, null, null]","[0.999658465385437, 1.8815608024597168, null, null]",0.13475747406482697
ego_query_residual_lora,47,train,de1498ad86835196,2021.06.23.17.31.36_veh-16,0f8853ece4595cfd,1,0.013098477385938168,"[281, 299, 280, 312]",16,3.0344722270965576,3.2390356063842773,"[1.439704418182373, 2.2317092418670654, 3.5122528076171875, 4.954222679138184]","[1.4961786270141602, 2.369206666946411, 3.7897274494171143, 5.301029682159424]",0.181461364030838
ego_query_residual_lora,47,train,025ec42ba16f587d,2021.06.23.17.31.36_veh-16,135f484f0eaf5a02,1,0.07191494107246399,"[414, 313, 381, 304]",16,2.279158592224121,2.3746204376220703,"[1.7102864980697632, 2.23124361038208, 2.352703332901001, 2.8224010467529297]","[1.7564221620559692, 2.339622735977173, 2.4298384189605713, 2.972597599029541]",0.18139488995075226
ego_query_residual_lora,47,train,c3fcca93dde25e14,2021.06.23.17.31.36_veh-16,e9436dfe242a5e1e,0,0.283810019493103,"[198, 181, 410, 294]",16,3.5380468368530273,3.645725727081299,"[2.8575549125671387, 3.451998710632324, 3.70194673538208, 4.140686511993408]","[2.925518035888672, 3.552032947540283, 3.8368022441864014, 4.268549919128418]",0.12979532778263092
ego_query_residual_lora,47,train,e06e9be096c55f62,2021.06.23.17.31.36_veh-16,0ecd78b5d8165cd8,0,0.1006322056055069,"[309, 321, 372, 295]",16,2.7676496505737305,2.849673271179199,"[2.114302158355713, 2.528043746948242, 3.088581085205078, 3.3396716117858887]","[2.1975958347320557, 2.625950813293457, 3.161721706390381, 3.4134249687194824]",0.14410491287708282
ego_query_residual_lora,47,train,3764fca3eb725eea,2021.06.23.17.31.36_veh-16,83605fe059ea5914,1,0.053687550127506256,"[213, 181, 180, 153]",16,2.0758652687072754,2.25608491897583,"[1.4008300304412842, 2.100133180618286, 2.227926731109619, 2.574571132659912]","[1.4997936487197876, 2.2713429927825928, 2.4230453968048096, 2.830157518386841]",0.18235011398792267
ego_query_residual_lora,47,train,e37afb24cbc354b1,2021.06.23.17.31.36_veh-16,137a8e2e182e525a,1,0.02986549772322178,"[278, 234, 284, 246]",8,2.113593101501465,2.1813783645629883,"[1.9604177474975586, 2.266768455505371, null, null]","[2.0385560989379883, 2.3242008686065674, null, null]",0.1233658492565155
ego_query_residual_lora,47,train,99bf73c4d148509a,2021.06.14.18.13.35_veh-26,ece541c7453e5027,1,0.1191326379776001,"[293, 215, 183, 213]",8,1.6662700176239014,1.7027755975723267,"[1.8500221967697144, 1.4825177192687988, null, null]","[1.905552625656128, 1.4999988079071045, null, null]",0.17561595141887665
ego_query_residual_lora,47,train,82183d4ed7285e2b,2021.06.14.18.13.35_veh-26,15b78bc7ecd45635,2,0.08378452062606812,"[275, 303, 305, 300]",16,6.243185043334961,6.677002906799316,"[3.6375088691711426, 6.298107624053955, 7.616118431091309, 7.421006679534912]","[3.87802791595459, 6.7796311378479, 8.11166763305664, 7.938685417175293]",0.16456083953380585
ego_query_residual_lora,47,train,09fc359e65a65d2d,2021.06.14.18.13.35_veh-26,8c1c9f8ebebd5a2c,0,0.0338752418756485,"[414, 386, 389, 411]",0,0.0,0.0,"[null, null, null, null]","[null, null, null, null]",0.14513127505779266
ego_query_residual_lora,47,train,ee6a818615ff51ba,2021.06.14.18.13.35_veh-26,78f10869dcaa5d66,0,0.1438143104314804,"[478, 225, 224, 290]",12,3.0789003372192383,3.1759276390075684,"[1.1555564403533936, 3.1999287605285645, 4.881216049194336, null]","[1.170814037322998, 3.2992844581604004, 5.057684898376465, null]",0.12240323424339294
ego_query_residual_lora,47,train,e134b297048b5c37,2021.06.14.18.13.35_veh-26,290604a14d365b9b,0,0.07545514404773712,"[337, 251, 377, 252]",8,2.7874794006347656,2.9188268184661865,"[null, null, 2.747997522354126, 2.826961040496826]","[null, null, 2.878326416015625, 2.959327220916748]",0.1369699388742447
ego_query_residual_lora,47,train,9c833d715d5a5f2c,2021.06.14.18.13.35_veh-26,ce646f56ab2a530e,0,0.05532065033912659,"[338, 435, 469, 470]",16,1.8318160772323608,1.887857437133789,"[1.3702534437179565, 1.665437936782837, 2.362440347671509, 1.9291324615478516]","[1.3914209604263306, 1.6991552114486694, 2.441296339035034, 2.019556999206543]",0.09624123573303223
ego_query_residual_lora,47,train,505bbe9ba4405369,2021.06.14.18.13.35_veh-26,20e402609e615776,1,0.0316743366420269,"[415, 279, 190, 266]",4,1.0614235401153564,1.0813355445861816,"[1.0614235401153564, null, null, null]","[1.0813355445861816, null, null, null]",0.1499851644039154
ego_query_residual_lora,47,train,7c0f902cd4a85505,2021.06.14.18.13.35_veh-26,bc0a766ff84b5442,1,0.06061811000108719,"[261, 267, 265, 257]",0,0.0,0.0,"[null, null, null, null]","[null, null, null, null]",0.1498641073703766
ego_query_residual_lora,47,train,aa5610ae761e5330,2021.08.17.17.55.18_veh-43,f928e8f7bee55d18,2,0.06778886914253235,"[240, 273, 278, 242]",4,3.9845309257507324,4.2105536460876465,"[null, null, null, 3.9845309257507324]","[null, null, null, 4.2105536460876465]",0.12046904861927032
ego_query_residual_lora,47,train,06f416ef3dbc5656,2021.08.17.17.55.18_veh-43,e0efd254e94b5c5d,1,0.023210879415273666,"[334, 212, 237, 270]",4,1.6498937606811523,1.678692102432251,"[1.6498937606811523, null, null, null]","[1.678692102432251, null, null, null]",0.11707782745361328
ego_query_residual_lora,47,train,9adfdd4c06cf5e8c,2021.08.17.17.55.18_veh-43,7032266a8b3259e9,1,0.07425525039434433,"[382, 195, 278, 260]",0,0.0,0.0,"[null, null, null, null]","[null, null, null, null]",0.1619047373533249
ego_query_residual_lora,47,train,94014ea94dae5180,2021.08.17.17.55.18_veh-43,03d335bbfd355432,1,0.02771288901567459,"[409, 376, 510, 342]",8,5.000027656555176,5.1071271896362305,"[null, null, 6.014847755432129, 3.9852070808410645]","[null, null, 6.193352699279785, 4.020901203155518]",0.1838769167661667
ego_query_residual_lora,47,train,996a71ebed2d5962,2021.08.17.17.55.18_veh-43,669b4bc52a755a71,1,0.08146333694458008,"[265, 267, 234, 237]",12,1.2226605415344238,1.2483844757080078,"[1.1620252132415771, 0.9268485307693481, 1.5791077613830566, null]","[1.1862356662750244, 0.940309464931488, 1.6186083555221558, null]",0.14959794282913208
ego_query_residual_lora,47,train,b65cdf1698ec58da,2021.08.17.17.55.18_veh-43,f5ce59f542c15ccf,2,0.12741169333457947,"[274, 275, 306, 211]",8,5.445143699645996,5.707006931304932,"[null, null, 5.983924388885498, 4.906362533569336]","[null, null, 6.286379814147949, 5.127634525299072]",0.1531151682138443
ego_query_residual_lora,47,train,7c897aea11555116,2021.08.17.17.55.18_veh-43,119facee9f435d2d,1,0.006153536029160023,"[475, 413, 476, 127]",0,0.0,0.0,"[null, null, null, null]","[null, null, null, null]",0.1046735942363739
ego_query_residual_lora,47,train,9d8bbe7081805aff,2021.08.17.17.55.18_veh-43,e4f7253cff9559e5,1,0.24900445342063904,"[197, 200, 168, 199]",8,2.9511046409606934,3.0834994316101074,"[null, null, 2.5291290283203125, 3.373080253601074]","[null, null, 2.6429481506347656, 3.524050712585449]",0.13496023416519165
ego_query_residual_lora,47,train,6f13db85eb395da6,2021.06.07.18.53.26_veh-26,b4aa9d6255005ff4,1,1.1957522630691528,"[415, 382, 271, 350]",8,1.9651858806610107,1.9891571998596191,"[1.6198253631591797, 2.310546398162842, null, null]","[1.624192476272583, 2.3541221618652344, null, null]",0.11043291538953781
ego_query_residual_lora,47,train,90bab1d26e77539e,2021.06.07.18.53.26_veh-26,a775290bfe11501c,1,0.47206971049308777,"[311, 258, 315, 318]",12,1.9544004201889038,2.057189702987671,"[null, 1.995197057723999, 1.9533050060272217, 1.9146994352340698]","[null, 2.1019439697265625, 2.0357871055603027, 2.0338377952575684]",0.17757005989551544
ego_query_residual_lora,47,train,a0fad9da427656e1,2021.06.07.18.53.26_veh-26,7c918a18841755fe,1,0.7296206951141357,"[348, 345, 311, 316]",16,1.9119596481323242,2.0332694053649902,"[1.9209636449813843, 1.9333062171936035, 1.7232214212417603, 2.0703470706939697]","[2.027684450149536, 2.0725839138031006, 1.828163981437683, 2.2046456336975098]",0.15667331218719482
ego_query_residual_lora,47,train,cc2769dbb64c51c5,2021.06.07.18.53.26_veh-26,e056042111235af2,0,0.17973816394805908,"[431, 432, 322, 339]",12,2.4486422538757324,2.532925844192505,"[1.9500986337661743, null, 2.228804588317871, 3.1670234203338623]","[1.9924001693725586, null, 2.321286201477051, 3.2850914001464844]",0.11981112509965897
ego_query_residual_lora,47,train,3a42aaf9c7ad52b0,2021.06.07.18.53.26_veh-26,a775290bfe11501c,1,0.022311635315418243,"[327, 323, 325, 508]",0,0.0,0.0,"[null, null, null, null]","[null, null, null, null]",0.08628937602043152
ego_query_residual_lora,47,train,9ce593252631507d,2021.06.07.18.53.26_veh-26,5ed65930b4c35bfa,1,0.5745733380317688,"[304, 256, 309, 239]",12,2.477921724319458,2.564121723175049,"[1.9992166757583618, 2.4999594688415527, 2.93458890914917, null]","[2.05049991607666, 2.571748733520508, 3.0701167583465576, null]",0.17680497467517853
ego_query_residual_lora,47,train,d7bf7fb4d1995e7e,2021.06.07.18.53.26_veh-26,ead01d808c89587c,1,0.10621999204158783,"[271, 349, 321, 270]",16,2.785468578338623,2.8527207374572754,"[2.649007797241211, 3.0884206295013428, 2.516079902648926, 2.8883657455444336]","[2.678771734237671, 3.1387248039245605, 2.5734703540802, 3.019916534423828]",0.16673338413238525
ego_query_residual_lora,47,train,884a4400377653c4,2021.06.07.18.53.26_veh-26,77179676f4c656da,0,0.1299441158771515,"[288, 321, 320, 326]",16,3.530499219894409,3.632068157196045,"[2.982703924179077, 3.470615863800049, 3.4830880165100098, 4.185588836669922]","[3.0223851203918457, 3.570794105529785, 3.613497495651245, 4.321596145629883]",0.1217559352517128
ego_query_residual_lora,47,train,f2a8a11d1d9957c6,2021.08.17.17.17.01_veh-45,d53c011070a753b3,1,0.16837193071842194,"[343, 256, 292, 267]",8,1.1515254974365234,1.175923228263855,"[1.3176538944244385, 0.985397219657898, null, null]","[1.3453714847564697, 1.0064748525619507, null, null]",0.13969895243644714
ego_query_residual_lora,47,train,448fcc465ce2589c,2021.08.17.17.17.01_veh-45,2d50451fc5045ec3,1,0.10888577997684479,"[316, 129, 160, 265]",4,1.9355909824371338,2.0482306480407715,"[1.9355909824371338, null, null, null]","[2.0482306480407715, null, null, null]",0.17239424586296082
ego_query_residual_lora,47,train,5b9eea7538235f36,2021.08.17.17.17.01_veh-45,58adb0f87a905810,2,0.261516809463501,"[270, 283, 279, 313]",12,4.524079322814941,4.659882545471191,"[3.772406578063965, 5.27149772644043, null, 4.52833366394043]","[3.8711934089660645, 5.488285064697266, null, 4.6201677322387695]",0.1305425763130188
ego_query_residual_lora,47,train,8da3d9d2de0c53bd,2021.08.17.17.17.01_veh-45,56ef3c9f702054a5,0,0.2301078885793686,"[414, 415, 295, 413]",0,0.0,0.0,"[null, null, null, null]","[null, null, null, null]",0.11900545656681061
ego_query_residual_lora,47,train,4cb6f16e6fd75ae6,2021.08.17.17.17.01_veh-45,01fcbea54a215b4c,0,0.16526001691818237,"[309, 277, 244, 471]",0,0.0,0.0,"[null, null, null, null]","[null, null, null, null]",0.11181320995092392
ego_query_residual_lora,47,train,6bf7c64d674550c0,2021.08.17.17.17.01_veh-45,e9ee1f2ed60e5dad,0,0.038346946239471436,"[165, 232, 291, 288]",16,3.300234317779541,3.5356030464172363,"[1.7309327125549316, 2.7833104133605957, 4.272180080413818, 4.414514541625977]","[1.8502202033996582, 2.9858055114746094, 4.573189735412598, 4.733197212219238]",0.15546146035194397
ego_query_residual_lora,47,train,400d720e95ee5e13,2021.08.17.17.17.01_veh-45,e334ef237217504d,0,0.09948749840259552,"[478, 479, 320, 510]",12,3.7142112255096436,3.8549821376800537,"[null, 3.3155159950256348, 3.5591189861297607, 4.267997741699219]","[null, 3.4364013671875, 3.6986865997314453, 4.429858207702637]",0.13718679547309875
ego_query_residual_lora,47,train,f16683fd19e558c2,2021.08.17.17.17.01_veh-45,091fcca513f752d2,0,0.1311579942703247,"[471, 447, 480, 343]",4,2.842693328857422,2.9078774452209473,"[null, null, null, 2.842693328857422]","[null, null, null, 2.9078774452209473]",0.1123594120144844
ego_query_residual_lora,47,development,5b2b2741a9225324,2021.06.07.17.46.49_veh-35,d27fc0739dad5664,1,0.3971482813358307,"[292, 293, 291, 260]",16,2.9278054237365723,3.0919508934020996,"[1.820810317993164, 3.096803665161133, 3.286069393157959, 3.5075390338897705]","[1.8823350667953491, 3.2503442764282227, 3.4872450828552246, 3.7478787899017334]",0.16996727883815765
ego_query_residual_lora,47,development,1dc3ed89baf15ac3,2021.06.07.17.46.49_veh-35,1dabc8e66ab15cb6,1,0.2253812849521637,"[191, 159, 350, 349]",4,0.782112717628479,0.8186107277870178,"[0.782112717628479, null, null, null]","[0.8186107277870178, null, null, null]",0.13602669537067413
ego_query_residual_lora,47,development,2daea025bb7e5a2c,2021.06.07.17.46.49_veh-35,db1cb602e9f05786,1,0.34113186597824097,"[276, 307, 280, 279]",8,2.4066100120544434,2.432405948638916,"[2.1519925594329834, 2.661227226257324, null, null]","[2.2159016132354736, 2.6489102840423584, null, null]",0.16740043461322784
ego_query_residual_lora,47,development,be3bc0fa680c5e33,2021.06.07.17.46.49_veh-35,17a02971177257e5,0,0.5947058796882629,"[290, 310, 311, 313]",16,1.579276442527771,1.5277059078216553,"[1.2556564807891846, 1.2340747117996216, 1.7543604373931885, 2.0730140209198]","[1.2093408107757568, 1.1722853183746338, 1.6929960250854492, 2.036201238632202]",0.14912012219429016
ego_query_residual_lora,47,development,2903fe2f977f5927,2021.06.07.17.46.49_veh-35,f29c7a8c103151ea,1,0.9931039214134216,"[298, 330, 417, 299]",0,0.0,0.0,"[null, null, null, null]","[null, null, null, null]",0.1332274079322815
ego_query_residual_lora,47,development,c362c24b66b351ed,2021.06.07.17.46.49_veh-35,186b67f7d5325988,1,1.0075019598007202,"[348, 346, 316, 344]",4,1.7395737171173096,1.771784782409668,"[1.7395737171173096, null, null, null]","[1.771784782409668, null, null, null]",0.12263233959674835
ego_query_residual_lora,47,development,222f5d6a4aa25d89,2021.06.07.17.46.49_veh-35,75787c317e3a5b82,1,0.15523183345794678,"[354, 133, 166, 135]",16,1.5794529914855957,1.6633473634719849,"[1.5373680591583252, 1.497085452079773, 1.7027406692504883, 1.5806182622909546]","[1.5903429985046387, 1.5899728536605835, 1.808492660522461, 1.664581060409546]",0.16963675618171692
ego_query_residual_lora,47,development,933f03af8f385207,2021.06.07.17.46.49_veh-35,9036e1622d84535c,2,0.30981484055519104,"[268, 267, 274, 275]",16,2.69636869430542,2.7832679748535156,"[1.0703458786010742, 1.891132116317749, 3.1732335090637207, 4.650763511657715]","[1.0938867330551147, 1.9265514612197876, 3.2825927734375, 4.830040454864502]",0.1269763857126236
ego_query_residual_lora,47,development,063ebdb158075369,2021.06.09.11.54.15_veh-12,ff376a5096665630,1,0.047271620482206345,"[320, 288, 270, 274]",8,3.2386820316314697,3.279233932495117,"[2.7625577449798584, 3.714806079864502, null, null]","[2.803765296936035, 3.754702568054199, null, null]",0.12581369280815125
ego_query_residual_lora,47,development,c0a1b812e095547d,2021.06.09.11.54.15_veh-12,402aea4619c55186,1,0.32385361194610596,"[329, 234, 135, 330]",12,2.6655795574188232,2.7215633392333984,"[null, 2.683892250061035, 2.665461778640747, 2.6473844051361084]","[null, 2.714951992034912, 2.7065811157226562, 2.743156909942627]",0.1629239022731781
ego_query_residual_lora,47,development,482f957d79f45f55,2021.06.09.11.54.15_veh-12,5107aa8e98035ec1,1,0.10018754005432129,"[304, 272, 321, 320]",8,2.6506235599517822,2.634112596511841,"[2.3743808269500732, 2.926866292953491, null, null]","[2.3634462356567383, 2.9047789573669434, null, null]",0.15015839040279388
ego_query_residual_lora,47,development,6561907765f2550f,2021.06.09.11.54.15_veh-12,91420a0f9dc25fe9,1,0.12458786368370056,"[324, 299, 347, 279]",0,0.0,0.0,"[null, null, null, null]","[null, null, null, null]",0.11912833154201508
ego_query_residual_lora,47,development,5742dd4bd86e5127,2021.06.09.11.54.15_veh-12,3c893aadfc175960,1,0.05851877108216286,"[355, 478, 477, 445]",12,1.7495006322860718,1.8162035942077637,"[1.2552742958068848, 1.7225910425186157, 2.270636558532715, null]","[1.2775893211364746, 1.7561705112457275, 2.414850950241089, null]",0.16560699045658112
ego_query_residual_lora,47,development,ecc85792eb665ba0,2021.06.09.11.54.15_veh-12,7b3b09ed718b5bf4,1,0.04224223643541336,"[299, 307, 292, 291]",16,3.211836814880371,3.296600818634033,"[2.518834352493286, 3.228010892868042, 3.7952308654785156, 3.3052706718444824]","[2.5880444049835205, 3.297189235687256, 3.8999037742614746, 3.401266098022461]",0.16011545062065125
ego_query_residual_lora,47,development,599c900bc4e95312,2021.06.09.11.54.15_veh-12,8f3409a47a455049,2,0.10487246513366699,"[233, 201, 242, 337]",16,2.511307716369629,2.5728297233581543,"[1.8410704135894775, 2.3676648139953613, 2.7315893173217773, 3.1049065589904785]","[1.8694113492965698, 2.4122273921966553, 2.804272413253784, 3.20540714263916]",0.13412025570869446
ego_query_residual_lora,47,development,505cdbada0ee59be,2021.06.09.11.54.15_veh-12,5b7dc6545cc658f0,2,0.1727232038974762,"[269, 312, 306, 309]",16,3.5054211616516113,3.6675658226013184,"[2.5216927528381348, 3.3750152587890625, 3.5497238636016846, 4.575253486633301]","[2.6207919120788574, 3.5416440963745117, 3.7353501319885254, 4.772476673126221]",0.1365654021501541
ego_query_residual_lora,47,development,836b76b2c8f35990,2021.08.24.17.37.11_veh-08,1d97c042ca575a4c,2,0.8653713464736938,"[50, 114, 309, 274]",8,3.171090602874756,3.215412139892578,"[2.73651385307312, 3.605668067932129, null, null]","[2.770663261413574, 3.660160779953003, null, null]",0.10660441964864731
ego_query_residual_lora,47,development,21eb51db8a675681,2021.08.24.17.37.11_veh-08,ffe62a894e3a5925,1,0.11128786206245422,"[243, 272, 374, 375]",0,0.0,0.0,"[null, null, null, null]","[null, null, null, null]",0.17317239940166473
ego_query_residual_lora,47,development,b8bf6e0a15635fa9,2021.08.24.17.37.11_veh-08,00c0acbc4c06557c,2,0.13087132573127747,"[271, 244, 242, 245]",0,0.0,0.0,"[null, null, null, null]","[null, null, null, null]",0.1542997658252716
ego_query_residual_lora,47,development,005e12630b405e67,2021.08.24.17.37.11_veh-08,4bfb3377012e5e58,0,0.6874376535415649,"[408, 409, 332, 383]",4,2.6263513565063477,2.6783947944641113,"[2.6263513565063477, null, null, null]","[2.6783947944641113, null, null, null]",0.12081979215145111
ego_query_residual_lora,47,development,4ece654624b452ac,2021.08.24.17.37.11_veh-08,f68f529d24295c53,1,0.6836753487586975,"[154, 153, 157, 85]",4,2.2203526496887207,2.260152816772461,"[2.2203526496887207, null, null, null]","[2.260152816772461, null, null, null]",0.15974727272987366
ego_query_residual_lora,47,development,a7aa6da460a65457,2021.08.24.17.37.11_veh-08,1d97c042ca575a4c,1,0.2795180380344391,"[218, 410, 225, 308]",8,1.3620387315750122,1.4433677196502686,"[1.162466287612915, 1.5616111755371094, null, null]","[1.212186336517334, 1.6745491027832031, null, null]",0.181601881980896
ego_query_residual_lora,47,development,cc40016cd26a5ff5,2021.08.24.17.37.11_veh-08,a18c9d5742545776,1,0.035690661519765854,"[475, 507, 440, 439]",0,0.0,0.0,"[null, null, null, null]","[null, null, null, null]",0.08166339248418808
ego_query_residual_lora,47,development,0a7d7aef157c5bc6,2021.08.24.17.37.11_veh-08,4bfb3377012e5e58,0,0.32885923981666565,"[346, 307, 310, 264]",16,3.087789535522461,3.2560067176818848,"[1.0698450803756714, 2.5029397010803223, 4.181089401245117, 4.597283840179443]","[1.103364109992981, 2.6621246337890625, 4.394622802734375, 4.863914489746094]",0.13672025501728058
ego_query_residual_lora,47,development,7b9a55edcf2752fb,2021.07.16.00.24.14_veh-38,d940d716f6da5650,0,0.2442408800125122,"[290, 409, 408, 410]",12,2.11212158203125,2.154611349105835,"[1.4358822107315063, null, 2.703212022781372, 2.197270393371582]","[1.4208470582962036, null, 2.7717232704162598, 2.271263360977173]",0.13605225086212158
ego_query_residual_lora,47,development,faca4ac928255aed,2021.07.16.00.24.14_veh-38,295cc52db71a5c8d,2,0.10667221248149872,"[269, 270, 284, 267]",8,4.169221878051758,4.186520576477051,"[null, null, 3.5000743865966797, 4.838368892669678]","[null, null, 3.5089449882507324, 4.864096164703369]",0.12482649832963943
ego_query_residual_lora,47,development,07deb830dc5e525c,2021.07.16.00.24.14_veh-38,15ac832eaeea5acc,1,0.08032573014497757,"[312, 310, 346, 348]",16,1.1891427040100098,1.2455416917800903,"[0.8996409177780151, 0.965765118598938, 1.2533800601959229, 1.6377846002578735]","[0.8918354511260986, 0.9942067265510559, 1.3289003372192383, 1.7672243118286133]",0.1844329684972763
ego_query_residual_lora,47,development,9ff0cdc8fc715ce3,2021.07.16.00.24.14_veh-38,a3063c20eb1251c7,0,0.13762669265270233,"[226, 388, 162, 504]",0,0.0,0.0,"[null, null, null, null]","[null, null, null, null]",0.12862534821033478
ego_query_residual_lora,47,development,461e0a28b1f655aa,2021.07.16.00.24.14_veh-38,d45e467ab1e85825,1,0.15651997923851013,"[348, 191, 313, 350]",4,0.897293746471405,0.9120956063270569,"[0.897293746471405, null, null, null]","[0.9120956063270569, null, null, null]",0.17699913680553436
ego_query_residual_lora,47,development,548204416ae25b31,2021.07.16.00.24.14_veh-38,072767a0ae2857e9,1,0.06893095374107361,"[348, 355, 447, 324]",0,0.0,0.0,"[null, null, null, null]","[null, null, null, null]",0.10848522186279297
ego_query_residual_lora,47,development,e0b0dcb2ea675ec9,2021.07.16.00.24.14_veh-38,a9aeb39738d95e61,1,0.02499006688594818,"[186, 187, 415, 478]",4,1.2207188606262207,1.2899978160858154,"[1.2207188606262207, null, null, null]","[1.2899978160858154, null, null, null]",0.1591121256351471
ego_query_residual_lora,47,development,8fe6aa411d2350f4,2021.07.16.00.24.14_veh-38,c5ba6402b9b6577d,1,0.15805570781230927,"[255, 441, 313, 273]",4,3.186089515686035,3.3112740516662598,"[3.186089515686035, null, null, null]","[3.3112740516662598, null, null, null]",0.1591491401195526
ego_query_residual_lora,47,development,2587746c51ce582c,2021.06.23.14.54.32_veh-16,8ba21e5f44fd5756,1,0.07190905511379242,"[318, 317, 351, 350]",4,2.787851333618164,2.8676276206970215,"[2.787851333618164, null, null, null]","[2.8676276206970215, null, null, null]",0.12370387464761734
ego_query_residual_lora,47,development,cdb8ed61577455d0,2021.06.23.14.54.32_veh-16,63a378470ecf578a,1,0.1990523785352707,"[272, 304, 270, 303]",4,1.8461143970489502,1.897182822227478,"[null, 1.8461143970489502, null, null]","[null, 1.897182822227478, null, null]",0.17431658506393433
ego_query_residual_lora,47,development,359653f71f095eb2,2021.06.23.14.54.32_veh-16,764e553f9fa1596e,1,0.17650489509105682,"[326, 357, 303, 342]",4,1.950188159942627,2.006178617477417,"[1.950188159942627, null, null, null]","[2.006178617477417, null, null, null]",0.10288815945386887
ego_query_residual_lora,47,development,e1bd235bf5145312,2021.06.23.14.54.32_veh-16,c21a05faf4f95c23,0,0.10972615331411362,"[305, 300, 273, 440]",12,2.1359751224517822,2.2072644233703613,"[1.6134504079818726, null, 2.628645420074463, 2.1658291816711426]","[1.6643190383911133, null, 2.736955165863037, 2.2205185890197754]",0.11944475769996643
ego_query_residual_lora,47,development,21851d86de975750,2021.06.23.14.54.32_veh-16,0fa6960777235107,1,0.04373355954885483,"[288, 292, 262, 291]",4,2.1456851959228516,2.172954797744751,"[2.1456851959228516, null, null, null]","[2.172954797744751, null, null, null]",0.08764135092496872
ego_query_residual_lora,47,development,41fd5b3cc9cb5e4d,2021.06.23.14.54.32_veh-16,192f476facc35a66,1,0.09337136149406433,"[323, 326, 306, 295]",8,2.042689561843872,2.1015186309814453,"[1.9038901329040527, 2.1814889907836914, null, null]","[1.9482101202011108, 2.2548274993896484, null, null]",0.1679886430501938
ego_query_residual_lora,47,development,80fcfa05a45d5e36,2021.06.23.14.54.32_veh-16,68c36562409856ec,1,0.06728382408618927,"[296, 297, 350, 320]",12,1.3344777822494507,1.4168176651000977,"[0.7188563942909241, 1.2001614570617676, 2.0844156742095947, null]","[0.7566753625869751, 1.256871223449707, 2.2369065284729004, null]",0.16041740775108337
ego_query_residual_lora,47,development,eca9c65e90335fc5,2021.06.23.14.54.32_veh-16,e302117d34785896,1,0.07601289451122284,"[374, 373, 441, 375]",0,0.0,0.0,"[null, null, null, null]","[null, null, null, null]",0.1670653074979782
ego_query_residual_lora,47,development,ebbd33f9058e5e95,2021.06.09.14.50.36_veh-26,818dcca6c1fa5abf,1,0.1022019162774086,"[261, 295, 306, 293]",16,4.277774810791016,4.4881815910339355,"[2.3636085987091064, 4.1800537109375, 4.894143581390381, 5.673293113708496]","[2.4322423934936523, 4.42724084854126, 5.182876110076904, 5.910367012023926]",0.16991505026817322
ego_query_residual_lora,47,development,9a04bc527d215067,2021.06.09.14.50.36_veh-26,5e8a8d507c145bf2,1,0.29345980286598206,"[302, 306, 334, 303]",0,0.0,0.0,"[null, null, null, null]","[null, null, null, null]",0.15012793242931366
ego_query_residual_lora,47,development,5a287daa1f775a79,2021.06.09.14.50.36_veh-26,af832f9835ee5efc,0,0.13681747019290924,"[271, 303, 239, 266]",16,3.856828212738037,4.009341239929199,"[2.6726467609405518, 3.288559913635254, 4.16497802734375, 5.301128387451172]","[2.7112479209899902, 3.371201515197754, 4.341466903686523, 5.613447666168213]",0.16359339654445648
ego_query_residual_lora,47,development,d9a85f2b168854ba,2021.06.09.14.50.36_veh-26,549ee450dacd5abb,1,0.17227277159690857,"[343, 342, 376, 344]",4,2.149322032928467,2.223015308380127,"[2.149322032928467, null, null, null]","[2.223015308380127, null, null, null]",0.13021501898765564
ego_query_residual_lora,47,development,f6d2ad1db3c45c20,2021.06.09.14.50.36_veh-26,e755817de2795e70,0,0.09055804461240768,"[293, 289, 325, 302]",16,3.0252764225006104,3.087285041809082,"[2.731902599334717, 3.2912325859069824, 3.2284555435180664, 2.8495142459869385]","[2.7960433959960938, 3.374948263168335, 3.3023083209991455, 2.8758397102355957]",0.16076572239398956
ego_query_residual_lora,47,development,5cc6394b1dde5e37,2021.06.09.14.50.36_veh-26,3daa89465a7e50bf,0,0.22278743982315063,"[292, 305, 192, 259]",12,2.1031980514526367,2.1277971267700195,"[1.603069543838501, 2.723299980163574, 1.9832241535186768, null]","[1.592997431755066, 2.7704296112060547, 2.0199644565582275, null]",0.16755828261375427
ego_query_residual_lora,47,development,bd6c7b10ae725c06,2021.06.09.14.50.36_veh-26,40627495cb2f57f2,1,0.1978725641965866,"[272, 322, 273, 334]",8,2.431948661804199,2.55903959274292,"[2.036619186401367, 2.827277898788452, null, null]","[2.1581313610076904, 2.9599475860595703, null, null]",0.183230459690094
ego_query_residual_lora,47,development,03ac353ec2a450b4,2021.06.09.14.50.36_veh-26,b133d32ebacf51a4,0,0.12315559387207031,"[340, 343, 309, 308]",16,1.7924447059631348,1.844929814338684,"[1.6234482526779175, 1.2487003803253174, 1.8236466646194458, 2.4739837646484375]","[1.6435186862945557, 1.2778120040893555, 1.880157709121704, 2.578230857849121]",0.10405945032835007
ego_query_residual_lora,47,development,193179dedf975965,2021.07.09.20.59.12_veh-38,140f0b69eb365081,0,0.1651301234960556,"[326, 342, 341, 339]",16,3.353013038635254,3.4126577377319336,"[2.537184953689575, 3.4078269004821777, 3.692702293395996, 3.7743380069732666]","[2.5521039962768555, 3.4840123653411865, 3.7597360610961914, 3.85477876663208]",0.15941651165485382
ego_query_residual_lora,47,development,ef07b861b51a554e,2021.07.09.20.59.12_veh-38,cb83cacbf41d58b8,1,0.12177816033363342,"[388, 348, 393, 277]",16,1.9598937034606934,2.076855182647705,"[1.5326488018035889, 2.0320611000061035, 2.194730281829834, 2.080134868621826]","[1.57124662399292, 2.1491732597351074, 2.3556442260742188, 2.231356620788574]",0.18025079369544983
ego_query_residual_lora,47,development,ce6d2bfacf8655a6,2021.07.09.20.59.12_veh-38,ac873abc79f75609,1,0.07657016813755035,"[294, 217, 288, 320]",4,1.43503737449646,1.4353996515274048,"[1.43503737449646, null, null, null]","[1.4353996515274048, null, null, null]",0.16736456751823425
ego_query_residual_lora,47,development,6c227ec265b2568d,2021.07.09.20.59.12_veh-38,c63fa36583195676,1,0.29456841945648193,"[479, 509, 400, 485]",8,3.4015979766845703,3.4314284324645996,"[2.9174911975860596, 3.88570499420166, null, null]","[2.9318366050720215, 3.9310202598571777, null, null]",0.1449621617794037
ego_query_residual_lora,47,development,b0cebe034a265720,2021.07.09.20.59.12_veh-38,f74c2f575df25f4a,1,0.018169201910495758,"[374, 316, 340, 315]",0,0.0,0.0,"[null, null, null, null]","[null, null, null, null]",0.13559667766094208
ego_query_residual_lora,47,development,dd2f55420c6b5764,2021.07.09.20.59.12_veh-38,7e572c1c4f5d5df2,1,0.12305028736591339,"[263, 294, 300, 261]",12,3.9356651306152344,4.071572303771973,"[null, 3.581252336502075, 3.5588955879211426, 4.666847229003906]","[null, 3.7215416431427, 3.678678512573242, 4.81449556350708]",0.14699018001556396
ego_query_residual_lora,47,development,b630301843b158d4,2021.07.09.20.59.12_veh-38,315e9411328d5e75,1,0.23806586861610413,"[416, 480, 448, 384]",8,1.6165722608566284,1.626737117767334,"[1.6112513542175293, 1.6218934059143066, null, null]","[1.6284161806106567, 1.6250579357147217, null, null]",0.13770566880702972
ego_query_residual_lora,47,development,39fd026d451351e2,2021.07.09.20.59.12_veh-38,73cf910aa2885a71,1,0.1661996841430664,"[267, 268, 261, 302]",0,0.0,0.0,"[null, null, null, null]","[null, null, null, null]",0.13256274163722992
ego_query_residual_lora,47,development,5426ae4426ba5534,2021.06.23.18.23.38_veh-26,f72df301ed465fe6,1,0.22079285979270935,"[56, 308, 307, 306]",16,2.8911798000335693,3.0583362579345703,"[1.2602758407592773, 2.013288736343384, 3.8170084953308105, 4.474145889282227]","[1.2786213159561157, 2.0511045455932617, 4.094646453857422, 4.80897331237793]",0.1901504248380661
ego_query_residual_lora,47,development,fbeab8a882035a94,2021.06.23.18.23.38_veh-26,2e8f4ff50e4a55cc,0,0.2098192572593689,"[346, 288, 445, 377]",16,1.6389315128326416,1.6601498126983643,"[1.3046801090240479, 1.417641282081604, 2.1754629611968994, 1.6579418182373047]","[1.3102669715881348, 1.4477388858795166, 2.2032527923583984, 1.6793403625488281]",0.11480401456356049
ego_query_residual_lora,47,development,89e963670d89570c,2021.06.23.18.23.38_veh-26,03dbcc9320245d7c,1,0.44984447956085205,"[274, 53, 322, 199]",16,2.372004270553589,2.4638314247131348,"[1.823775053024292, 2.28041934967041, 2.5042800903320312, 2.879542827606201]","[1.872888207435608, 2.3397738933563232, 2.6168036460876465, 3.0258595943450928]",0.17443357408046722
ego_query_residual_lora,47,development,bcff4b28fd875b3d,2021.06.23.18.23.38_veh-26,6f619fabc40050a9,2,0.6420050859451294,"[271, 272, 270, 269]",16,2.920106887817383,3.0359559059143066,"[1.0914404392242432, 3.355083703994751, 3.716627597808838, 3.5172760486602783]","[1.1123435497283936, 3.5019731521606445, 3.8830761909484863, 3.646430492401123]",0.09975907951593399
ego_query_residual_lora,47,development,88666b1c75b75602,2021.06.23.18.23.38_veh-26,99b44236999557c7,1,0.21337834000587463,"[113, 108, 145, 310]",16,2.6668336391448975,2.7059149742126465,"[2.873810052871704, 2.5131561756134033, 2.65938663482666, 2.6209821701049805]","[2.903832197189331, 2.565807819366455, 2.6821019649505615, 2.6719186305999756]",0.17273202538490295
ego_query_residual_lora,47,development,f72865014d6158a2,2021.06.23.18.23.38_veh-26,84368cbdd7cb5647,2,0.2241264283657074,"[298, 299, 333, 266]",8,2.349486827850342,2.3860912322998047,"[1.547600507736206, 3.1513729095458984, null, null]","[1.5659030675888062, 3.2062792778015137, null, null]",0.0772281289100647
ego_query_residual_lora,47,development,7e3b06c8b33156d3,2021.06.23.18.23.38_veh-26,7b483583a2595b0f,1,0.0654720738530159,"[296, 264, 308, 297]",12,4.665404796600342,4.823220729827881,"[2.87984037399292, 4.421792984008789, 6.694580554962158, null]","[2.977830648422241, 4.614847660064697, 6.876983642578125, null]",0.16489668190479279
ego_query_residual_lora,47,development,655a064f04e1531b,2021.06.23.18.23.38_veh-26,8997a4a3aadb506a,1,0.06467150151729584,"[231, 352, 385, 300]",16,1.8224375247955322,1.8839268684387207,"[1.4877307415008545, 1.4118971824645996, 2.055154323577881, 2.334967613220215]","[1.5158064365386963, 1.4658209085464478, 2.1383216381073, 2.4157586097717285]",0.17932717502117157
ego_query_residual_lora,83,train,42868079cfb75233,2021.07.09.01.37.16_veh-26,641fad330504500c,1,0.14272989332675934,"[501, 60, 509, 93]",0,0.0,0.0,"[null, null, null, null]","[null, null, null, null]",0.22028811275959015
ego_query_residual_lora,83,train,caafcdd4b7835eb0,2021.07.09.01.37.16_veh-26,359f92c3233457a3,1,0.10474761575460434,"[95, 127, 50, 26]",4,2.0554778575897217,2.117668628692627,"[null, null, null, 2.0554778575897217]","[null, null, null, 2.117668628692627]",0.1384725570678711
ego_query_residual_lora,83,train,2fa96542484250f0,2021.07.09.01.37.16_veh-26,f89a324077eb57a9,1,0.04582566022872925,"[30, 54, 91, 52]",4,1.6837084293365479,1.849072813987732,"[null, null, 1.6837084293365479, null]","[null, null, 1.849072813987732, null]",0.20176047086715698
ego_query_residual_lora,83,train,68341772b52f543b,2021.07.09.01.37.16_veh-26,698608aa5fed5770,0,0.044850509613752365,"[29, 52, 84, 61]",8,2.5444889068603516,2.721640110015869,"[1.5344374179840088, 3.5545406341552734, null, null]","[1.6078661680221558, 3.835413932800293, null, null]",0.18319964408874512
ego_query_residual_lora,83,train,eabd9d1227785454,2021.07.09.01.37.16_veh-26,a110aeed6ea85e04,1,0.031861331313848495,"[55, 499, 507, 89]",16,2.100623846054077,2.4479682445526123,"[1.8461062908172607, 1.7523796558380127, 1.6534218788146973, 3.150587558746338]","[2.1682777404785156, 2.1216211318969727, 1.9653453826904297, 3.5366289615631104]",0.2543899118900299
ego_query_residual_lora,83,train,f70d691cf70b5cb3,2021.07.09.01.37.16_veh-26,34dd5ff0548b5455,0,0.05882364884018898,"[507, 496, 61, 490]",8,1.9164149761199951,2.117231845855713,"[1.2976154088974, 2.535214900970459, null, null]","[1.4291306734085083, 2.805332660675049, null, null]",0.2369101643562317
ego_query_residual_lora,83,train,aa2fce3e3af55b1c,2021.07.09.01.37.16_veh-26,4ca220b52b5c50af,1,0.0739511102437973,"[30, 509, 11, 430]",4,1.2060461044311523,1.3531899452209473,"[1.2060461044311523, null, null, null]","[1.3531899452209473, null, null, null]",0.24055509269237518
ego_query_residual_lora,83,train,00029eec66d650e1,2021.07.09.01.37.16_veh-26,045ff16e93dc5a42,1,0.034839291125535965,"[10, 446, 22, 31]",4,0.6551157832145691,0.667556881904602,"[0.6551157832145691, null, null, null]","[0.667556881904602, null, null, null]",0.19952471554279327
ego_query_residual_lora,83,train,0168dd4fffde52ed,2021.06.08.12.00.19_veh-35,a4e97e74e1a150b3,1,0.32106077671051025,"[21, 58, 20, 18]",0,0.0,0.0,"[null, null, null, null]","[null, null, null, null]",0.17223523557186127
ego_query_residual_lora,83,train,c4e9600b96ce5d54,2021.06.08.12.00.19_veh-35,4d01ebfbc43d560b,1,0.037087853997945786,"[370, 402, 401, 338]",4,4.581112861633301,4.676611423492432,"[4.581112861633301, null, null, null]","[4.676611423492432, null, null, null]",0.11930930614471436
ego_query_residual_lora,83,train,a80c5ee8b1ff56d8,2021.06.08.12.00.19_veh-35,3ffcb152c57c56c5,1,0.7751940488815308,"[367, 399, 19, 404]",16,1.4357885122299194,1.6284916400909424,"[1.4912985563278198, 1.3875527381896973, 0.6159169673919678, 2.2483856678009033]","[1.6952049732208252, 1.54063081741333, 0.7452844381332397, 2.532846212387085]",0.2314290702342987
ego_query_residual_lora,83,train,54f9b4af08e05d79,2021.06.08.12.00.19_veh-35,a2165005ab865a02,1,0.034158121794462204,"[20, 61, 85, 57]",0,0.0,0.0,"[null, null, null, null]","[null, null, null, null]",0.20421865582466125
ego_query_residual_lora,83,train,1657554fc5445eb6,2021.06.08.12.00.19_veh-35,39cbdec7b364501d,2,0.14071257412433624,"[28, 63, 25, 26]",16,2.624940872192383,2.695557117462158,"[1.351685643196106, 2.7035348415374756, 3.0060441493988037, 3.4384989738464355]","[1.3599733114242554, 2.7857584953308105, 3.0967226028442383, 3.5397746562957764]",0.13661663234233856
ego_query_residual_lora,83,train,e7cde98715555110,2021.06.08.12.00.19_veh-35,785bf24e15875ef2,1,1.9022364616394043,"[53, 50, 49, 24]",8,1.1164673566818237,1.1612194776535034,"[1.4167916774749756, 0.8161428570747375, null, null]","[1.499758243560791, 0.8226807117462158, null, null]",0.17814509570598602
ego_query_residual_lora,83,train,4bb4fd668a805612,2021.06.08.12.00.19_veh-35,c461bc7ab865595e,0,0.2696428596973419,"[31, 22, 23, 27]",16,1.981243371963501,1.9959503412246704,"[2.0654759407043457, 1.9110441207885742, 1.9025737047195435, 2.045880079269409]","[2.0963964462280273, 1.906853437423706, 1.923686146736145, 2.0568649768829346]",0.14208154380321503
ego_query_residual_lora,83,train,c1fe3aa66ec55b17,2021.06.08.12.00.19_veh-35,9655be695969522d,1,0.3786635994911194,"[48, 16, 20, 23]",8,1.142878532409668,1.1535847187042236,"[0.9793155193328857, 1.3064415454864502, null, null]","[0.9587956070899963, 1.3483737707138062, null, null]",0.12007112056016922
ego_query_residual_lora,83,train,9fe049486481505a,2021.08.17.13.15.12_veh-45,ca75f3286b115d37,0,0.03649330884218216,"[57, 21, 54, 477]",16,2.4462316036224365,2.8006248474121094,"[0.6291271448135376, 1.757986068725586, 3.503204345703125, 3.894608497619629]","[0.7330185770988464, 2.0545654296875, 3.992172956466675, 4.422741889953613]",0.2359069138765335
ego_query_residual_lora,83,train,f895bc253a215fc4,2021.08.17.13.15.12_veh-45,a3cae0d00733532e,1,0.40704989433288574,"[27, 62, 30, 25]",8,1.5587191581726074,1.6530426740646362,"[1.445121169090271, 1.6723170280456543, null, null]","[1.545168161392212, 1.760917067527771, null, null]",0.20551112294197083
ego_query_residual_lora,83,train,f1430641b7685542,2021.08.17.13.15.12_veh-45,81ff4535c5c251d6,1,0.05198945850133896,"[46, 95, 472, 80]",16,1.625091552734375,1.802878737449646,"[1.2306697368621826, 1.654990315437317, 1.5107426643371582, 2.10396409034729]","[1.2978897094726562, 1.811718225479126, 1.6844346523284912, 2.4174726009368896]",0.2424113005399704
ego_query_residual_lora,83,train,ada17d80705459e5,2021.08.17.13.15.12_veh-45,16b335fe131c50be,1,0.0715053454041481,"[502, 43, 6, 44]",0,0.0,0.0,"[null, null, null, null]","[null, null, null, null]",0.2028188705444336
ego_query_residual_lora,83,train,5442925b5514525c,2021.08.17.13.15.12_veh-45,5b0cacf961245153,1,0.10834051668643951,"[45, 17, 46, 21]",4,1.1035430431365967,1.0997287034988403,"[1.1035430431365967, null, null, null]","[1.0997287034988403, null, null, null]",0.1760263741016388
ego_query_residual_lora,83,train,f4be93317adf5091,2021.08.17.13.15.12_veh-45,e2ce597de87f572d,1,0.04520140588283539,"[17, 31, 82, 510]",12,2.2806224822998047,2.459862470626831,"[1.5597736835479736, 2.3027353286743164, 2.979358196258545, null]","[1.674985647201538, 2.479620933532715, 3.224980592727661, null]",0.2007218599319458
ego_query_residual_lora,83,train,0c12cf6a804d5e86,2021.08.17.13.15.12_veh-45,8db7aab4ec8458a5,0,0.12030843645334244,"[18, 50, 51, 30]",8,2.6021642684936523,2.7415666580200195,"[null, 2.554185390472412, 2.6501426696777344, null]","[null, 2.6457948684692383, 2.837338447570801, null]",0.15165603160858154
ego_query_residual_lora,83,train,a1da8bec7a1c5c7e,2021.08.17.13.15.12_veh-45,c55fafd4f7d05c65,1,0.06613834947347641,"[174, 24, 88, 6]",16,2.9545352458953857,3.0631110668182373,"[2.002589464187622, 2.9268240928649902, 3.458845615386963, 3.429882049560547]","[2.0694985389709473, 3.0045065879821777, 3.6179280281066895, 3.5605111122131348]",0.15370811522006989
ego_query_residual_lora,83,train,1b173e83ce58518b,2021.06.08.16.31.33_veh-38,3364fd6ba8365441,1,0.025478456169366837,"[368, 369, 303, 400]",0,0.0,0.0,"[null, null, null, null]","[null, null, null, null]",0.09781427681446075
ego_query_residual_lora,83,train,7fa7f2973eb6583d,2021.06.08.16.31.33_veh-38,e6f6b559cbe6534e,1,0.17412352561950684,"[125, 432, 499, 463]",16,1.6622273921966553,1.940446376800537,"[1.372633457183838, 0.9093420505523682, 1.872959852218628, 2.4939746856689453]","[1.6069657802581787, 1.0405278205871582, 2.2170629501342773, 2.897228240966797]",0.25069087743759155
ego_query_residual_lora,83,train,63818d7962335cb9,2021.06.08.16.31.33_veh-38,3bb603a701225a40,0,0.10207771509885788,"[26, 27, 409, 31]",16,2.234598398208618,2.3652396202087402,"[2.353841543197632, 2.044039726257324, 2.2021028995513916, 2.338409662246704]","[2.4830422401428223, 2.1737000942230225, 2.3421614170074463, 2.4620540142059326]",0.13922782242298126
ego_query_residual_lora,83,train,eb6af2bd1a635cb2,2021.06.08.16.31.33_veh-38,65daba6a1f955c59,1,0.04865235835313797,"[10, 31, 5, 14]",8,0.5133758783340454,0.5246817469596863,"[0.36350947618484497, 0.6632422804832458, null, null]","[0.36088186502456665, 0.6884816288948059, null, null]",0.1604050248861313
ego_query_residual_lora,83,train,6f08f1ba4c555d89,2021.06.08.16.31.33_veh-38,00c6ea1054d15101,1,0.7833849787712097,"[53, 463, 23, 470]",16,1.620697259902954,1.7733540534973145,"[1.2478058338165283, 1.5670288801193237, 1.972396969795227, 1.6955574750900269]","[1.3641976118087769, 1.7215890884399414, 2.1617326736450195, 1.8458964824676514]",0.21602915227413177
ego_query_residual_lora,83,train,2af3184e9f0f5697,2021.06.08.16.31.33_veh-38,fb1c65108c895a43,1,0.15289729833602905,"[28, 55, 58, 48]",4,0.8541340827941895,0.8906145095825195,"[0.8541340827941895, null, null, null]","[0.8906145095825195, null, null, null]",0.15601591765880585
ego_query_residual_lora,83,train,33230d8bfa425f6f,2021.06.08.16.31.33_veh-38,3364fd6ba8365441,1,0.311551034450531,"[87, 112, 431, 20]",16,1.2192389965057373,1.416017770767212,"[1.0344271659851074, 0.903266429901123, 1.608458161354065, 1.3308043479919434]","[1.1605373620986938, 1.0792646408081055, 1.8682506084442139, 1.5560182332992554]",0.2536168098449707
ego_query_residual_lora,83,train,dcee65c0765f51bf,2021.06.08.16.31.33_veh-38,7acd2a98ba7b5157,0,0.11232193559408188,"[58, 29, 31, 25]",16,1.6756024360656738,1.8395620584487915,"[1.1186010837554932, 1.7771828174591064, 1.8584660291671753, 1.9481594562530518]","[1.125272274017334, 1.9427380561828613, 2.09431529045105, 2.195922374725342]",0.18897004425525665
ego_query_residual_lora,83,train,82abb0794a955aff,2021.10.05.08.11.15_veh-50,d53d220a77795cee,1,0.5162246227264404,"[25, 19, 55, 24]",16,2.0362424850463867,2.160158634185791,"[1.9545769691467285, 2.1281814575195312, 1.8799359798431396, 2.1822757720947266]","[2.0782980918884277, 2.245899200439453, 1.9969849586486816, 2.3194525241851807]",0.16324828565120697
ego_query_residual_lora,83,train,fa9ebf82174f56e2,2021.10.05.08.11.15_veh-50,81ed977eb5a1520d,1,0.46670401096343994,"[29, 21, 85, 48]",16,1.7009732723236084,1.7796404361724854,"[1.4729660749435425, 1.3915936946868896, 1.751800775527954, 2.187532424926758]","[1.5417639017105103, 1.431855320930481, 1.8497650623321533, 2.295177459716797]",0.13192908465862274
ego_query_residual_lora,83,train,de7aee4bfd4650d8,2021.10.05.08.11.15_veh-50,8a8fe2f545dd5865,2,0.6589460372924805,"[53, 86, 56, 31]",12,1.3514597415924072,1.4093310832977295,"[1.085045337677002, null, 1.2970507144927979, 1.6722828149795532]","[1.1544253826141357, null, 1.2797372341156006, 1.7938305139541626]",0.20476201176643372
ego_query_residual_lora,83,train,7f74e72074485b12,2021.10.05.08.11.15_veh-50,2bbefccd0ef85651,1,0.6947892904281616,"[30, 63, 15, 24]",0,0.0,0.0,"[null, null, null, null]","[null, null, null, null]",0.22567874193191528
ego_query_residual_lora,83,train,acf207f491775e7b,2021.10.05.08.11.15_veh-50,ae67187c90635ca6,0,0.27005621790885925,"[27, 479, 26, 31]",8,1.9254512786865234,1.9786832332611084,"[1.66109299659729, 2.189809799194336, null, null]","[1.7042224407196045, 2.2531440258026123, null, null]",0.08598551899194717
ego_query_residual_lora,83,train,246eb858bec25310,2021.10.05.08.11.15_veh-50,4782310b87105568,2,0.41162386536598206,"[127, 125, 93, 28]",16,2.3110504150390625,2.421365261077881,"[2.1704907417297363, 2.5797183513641357, 2.178152084350586, 2.315840244293213]","[2.2604358196258545, 2.7191624641418457, 2.2544264793395996, 2.451436996459961]",0.185609832406044
ego_query_residual_lora,83,train,40e23bdca88c5b0d,2021.10.05.08.11.15_veh-50,780bff4205715957,0,0.27783772349357605,"[30, 29, 31, 24]",12,2.3109419345855713,2.405625820159912,"[2.2190628051757812, 2.1203088760375977, 2.593453884124756, null]","[2.314411163330078, 2.2065775394439697, 2.6958882808685303, null]",0.1597287654876709
ego_query_residual_lora,83,train,8d59999281da5243,2021.10.05.08.11.15_veh-50,e6ed98e5973e5120,0,0.45985668897628784,"[31, 28, 63, 29]",16,1.3540973663330078,1.4227535724639893,"[0.6553016901016235, 1.0055052042007446, 2.0646867752075195, 1.6908955574035645]","[0.6763870716094971, 1.0564899444580078, 2.169860601425171, 1.7882766723632812]",0.13227030634880066
ego_query_residual_lora,83,train,75afc126374359d3,2021.09.15.14.00.15_veh-28,821da079291c52cf,1,0.10098430514335632,"[44, 17, 11, 46]",16,2.7681586742401123,2.8790807723999023,"[2.019876718521118, 2.8017923831939697, 3.0105996131896973, 3.240366220474243]","[2.0873258113861084, 2.912749767303467, 3.1219379901885986, 3.3943092823028564]",0.14280927181243896
ego_query_residual_lora,83,train,973a7c9d77ca5b23,2021.09.15.14.00.15_veh-28,19e39a5880c754ad,1,0.02277778461575508,"[509, 30, 31, 59]",4,1.0784209966659546,1.1542332172393799,"[1.0784209966659546, null, null, null]","[1.1542332172393799, null, null, null]",0.18283748626708984
ego_query_residual_lora,83,train,095741f4465352b3,2021.09.15.14.00.15_veh-28,96b8f4dbc6995cb7,1,0.0766364261507988,"[86, 31, 28, 30]",16,1.8295567035675049,1.9279565811157227,"[1.6260976791381836, 1.7834396362304688, 2.021582841873169, 1.8871065378189087]","[1.681281566619873, 1.8924123048782349, 2.1460838317871094, 1.9920483827590942]",0.16459453105926514
ego_query_residual_lora,83,train,4617f5dbb29c500a,2021.09.15.14.00.15_veh-28,07d29dd2e9c6500b,1,0.1523776650428772,"[21, 29, 180, 27]",0,0.0,0.0,"[null, null, null, null]","[null, null, null, null]",0.1481635868549347
ego_query_residual_lora,83,train,b0f67ce7d678590b,2021.09.15.14.00.15_veh-28,9341eeedf0ae5c32,1,0.05453825369477272,"[465, 431, 403, 463]",8,3.2670416831970215,3.3943214416503906,"[2.5561108589172363, 3.9779720306396484, null, null]","[2.631894588470459, 4.156748294830322, null, null]",0.19222909212112427
ego_query_residual_lora,83,train,13456839ba8c52ef,2021.09.15.14.00.15_veh-28,d24fb2b39ae1574e,1,0.09745742380619049,"[29, 85, 30, 52]",0,0.0,0.0,"[null, null, null, null]","[null, null, null, null]",0.21618682146072388
ego_query_residual_lora,83,train,1df7865b517251d0,2021.09.15.14.00.15_veh-28,dc1ef9d49cb25b98,1,0.017773691564798355,"[54, 119, 446, 370]",8,3.0621337890625,3.2260560989379883,"[2.528048038482666, 3.5962188243865967, null, null]","[2.6713221073150635, 3.7807905673980713, null, null]",0.1895219087600708
ego_query_residual_lora,83,train,38f3a2f5fe33500f,2021.09.15.14.00.15_veh-28,5a06354563625c69,2,0.26099973917007446,"[62, 94, 63, 127]",16,2.1016998291015625,2.2058982849121094,"[1.9580590724945068, 1.5016123056411743, 2.305877208709717, 2.6412501335144043]","[2.0897016525268555, 1.5583276748657227, 2.3871402740478516, 2.788424015045166]",0.18278342485427856
ego_query_residual_lora,83,train,95535851c7b75757,2021.07.16.22.40.23_veh-38,6e36585b2ea55145,1,0.0392085425555706,"[473, 467, 500, 510]",8,1.3848682641983032,1.442476511001587,"[0.9820284843444824, 1.787708044052124, null, null]","[0.989876389503479, 1.8950766324996948, null, null]",0.23731622099876404
ego_query_residual_lora,83,train,6764c662e15e5b48,2021.07.16.22.40.23_veh-38,216d4aa3e3fe59a3,1,0.06674593687057495,"[500, 464, 501, 466]",16,1.042022943496704,1.176971673965454,"[0.8946548104286194, 0.8338537216186523, 1.4530904293060303, 0.9864928722381592]","[0.9939015507698059, 0.8832609057426453, 1.6784647703170776, 1.152259349822998]",0.24695131182670593
ego_query_residual_lora,83,train,7bf05e0f52b75ee2,2021.07.16.22.40.23_veh-38,1deff9a6d27a5f6b,0,0.12596888840198517,"[57, 23, 26, 58]",16,1.657279133796692,1.7890148162841797,"[0.7090663909912109, 1.4916064739227295, 1.5284602642059326, 2.8999831676483154]","[0.7256239652633667, 1.5882282257080078, 1.6703510284423828, 3.1718554496765137]",0.17055954039096832
ego_query_residual_lora,83,train,673b04fae3fc5595,2021.07.16.22.40.23_veh-38,a7823a906c555e39,1,0.041959039866924286,"[505, 17, 501, 497]",16,1.1569569110870361,1.2668554782867432,"[0.5147964358329773, 0.8639408946037292, 1.312272310256958, 1.9368176460266113]","[0.5090869665145874, 0.8913715481758118, 1.4716095924377441, 2.1953535079956055]",0.2470366358757019
ego_query_residual_lora,83,train,c8faaa73c9c054d1,2021.07.16.22.40.23_veh-38,98071366467650ae,0,0.06634628772735596,"[22, 492, 483, 31]",16,1.9438382387161255,2.165200710296631,"[1.1626880168914795, 1.877807855606079, 2.1717185974121094, 2.563138246536255]","[1.2851883172988892, 2.1286613941192627, 2.420022487640381, 2.8269312381744385]",0.20511844754219055
ego_query_residual_lora,83,train,5e5f522e3ecd5cca,2021.07.16.22.40.23_veh-38,900bff237382523c,1,0.2446264624595642,"[21, 51, 23, 55]",4,1.6005961894989014,1.6830079555511475,"[1.6005961894989014, null, null, null]","[1.6830079555511475, null, null, null]",0.1919017732143402
ego_query_residual_lora,83,train,378d61da938e5420,2021.07.16.22.40.23_veh-38,b4d6add3705a50f5,1,0.058224067091941833,"[54, 398, 51, 18]",4,1.9602952003479004,2.1922175884246826,"[1.9602952003479004, null, null, null]","[2.1922175884246826, null, null, null]",0.23915955424308777
ego_query_residual_lora,83,train,8bcd32f3329b5729,2021.07.16.22.40.23_veh-38,ce32a45e2c885ce0,1,0.11793069541454315,"[61, 504, 53, 22]",4,1.5470536947250366,1.6991859674453735,"[null, null, null, 1.5470536947250366]","[null, null, null, 1.6991859674453735]",0.22276721894741058
ego_query_residual_lora,83,train,85107617069e5eae,2021.10.05.07.49.39_veh-52,a3270c0c8ca250a5,2,0.44033199548721313,"[90, 89, 88, 24]",16,1.959742784500122,2.0836966037750244,"[1.5482972860336304, 2.183532238006592, 2.0031564235687256, 2.10398530960083]","[1.625264048576355, 2.3562073707580566, 2.1127219200134277, 2.240593433380127]",0.155798077583313
ego_query_residual_lora,83,train,dd9d8e686a345f74,2021.10.05.07.49.39_veh-52,6ef4b849a52f565e,1,0.1451694369316101,"[10, 12, 43, 17]",16,1.4438121318817139,1.5592306852340698,"[1.3310506343841553, 1.3700312376022339, 1.7353949546813965, 1.3387715816497803]","[1.4508936405181885, 1.4508610963821411, 1.8762404918670654, 1.4589276313781738]",0.19001294672489166
ego_query_residual_lora,83,train,d25f823ffc5f55cf,2021.10.05.07.49.39_veh-52,b9c2d90e9f0d5298,2,0.2119807004928589,"[31, 26, 27, 63]",16,1.3119202852249146,1.3532823324203491,"[0.6143946647644043, 1.1092383861541748, 1.482527732849121, 2.041520357131958]","[0.6170347929000854, 1.156794548034668, 1.5193935632705688, 2.119906425476074]",0.148138627409935
ego_query_residual_lora,83,train,fa41647d02c7591c,2021.10.05.07.49.39_veh-52,425547b119ac51e8,2,0.49237534403800964,"[59, 95, 93, 31]",4,0.8182563781738281,0.8458638191223145,"[0.8182563781738281, null, null, null]","[0.8458638191223145, null, null, null]",0.16555176675319672
ego_query_residual_lora,83,train,e1513979c1a25a3a,2021.10.05.07.49.39_veh-52,63675e4e47d35a9c,0,0.2589728534221649,"[63, 26, 30, 59]",16,2.6078832149505615,2.6886329650878906,"[2.3851823806762695, 2.3308653831481934, 3.005100727081299, 2.7103841304779053]","[2.467118978500366, 2.412381649017334, 3.0877137184143066, 2.7873172760009766]",0.09345319122076035
ego_query_residual_lora,83,train,21a96107cf785a63,2021.10.05.07.49.39_veh-52,425547b119ac51e8,0,0.1973799467086792,"[16, 15, 31, 255]",12,1.8306864500045776,1.8582185506820679,"[1.4317994117736816, 1.9164118766784668, 2.143847942352295, null]","[1.4439642429351807, 1.9455904960632324, 2.185100793838501, null]",0.1100219339132309
ego_query_residual_lora,83,train,0961f8661d8a58c2,2021.10.05.07.49.39_veh-52,1cb0c69eb34a51f0,2,0.907870352268219,"[31, 29, 63, 30]",4,0.9277905821800232,0.9191402196884155,"[0.9277905821800232, null, null, null]","[0.9191402196884155, null, null, null]",0.131529301404953
ego_query_residual_lora,83,train,5c78f13876e0582b,2021.10.05.07.49.39_veh-52,a140ff94e233594d,1,0.246465265750885,"[57, 27, 124, 90]",16,1.2565349340438843,1.4446516036987305,"[0.8081181645393372, 1.2850892543792725, 1.5060936212539673, 1.4268383979797363]","[0.9431738257408142, 1.5046360492706299, 1.7179001569747925, 1.6128966808319092]",0.23196829855442047
ego_query_residual_lora,83,train,8b0932e2de6753ab,2021.06.09.12.06.35_veh-35,29cb5c1452bc5bce,1,0.3558664917945862,"[27, 43, 41, 497]",4,1.0982332229614258,1.2578905820846558,"[1.0982332229614258, null, null, null]","[1.2578905820846558, null, null, null]",0.2366310954093933
ego_query_residual_lora,83,train,c2b7349b328858ac,2021.06.09.12.06.35_veh-35,39e28bb91b3c557d,0,0.062382254749536514,"[467, 499, 475, 507]",4,1.4703717231750488,1.5262101888656616,"[1.4703717231750488, null, null, null]","[1.5262101888656616, null, null, null]",0.22427023947238922
ego_query_residual_lora,83,train,482e228f118e544b,2021.06.09.12.06.35_veh-35,d8e166bb74fc5f00,1,0.0716448575258255,"[61, 17, 20, 82]",8,1.8264987468719482,1.9200587272644043,"[1.7902140617370605, 1.8627833127975464, null, null]","[1.8737759590148926, 1.966341495513916, null, null]",0.141431525349617
ego_query_residual_lora,83,train,0bcc8551849c538f,2021.06.09.12.06.35_veh-35,ab18f13d87e7560f,1,0.10539497435092926,"[26, 111, 19, 27]",8,1.6025917530059814,1.6003942489624023,"[null, null, 1.8039190769195557, 1.4012646675109863]","[null, null, 1.805770754814148, 1.3950178623199463]",0.12854303419589996
ego_query_residual_lora,83,train,79ea424b3b2b51e7,2021.06.09.12.06.35_veh-35,7331a1cdf1cd5f28,1,0.1286400556564331,"[501, 47, 55, 403]",8,1.7545053958892822,1.878647804260254,"[null, null, 1.5108383893966675, 1.9981725215911865]","[null, null, 1.6075730323791504, 2.1497225761413574]",0.2356330007314682
ego_query_residual_lora,83,train,5a4f5d512d285fd2,2021.06.09.12.06.35_veh-35,7331a1cdf1cd5f28,1,0.10606399923563004,"[53, 114, 19, 25]",0,0.0,0.0,"[null, null, null, null]","[null, null, null, null]",0.14423784613609314
ego_query_residual_lora,83,train,f56f173b6d3b52d4,2021.06.09.12.06.35_veh-35,533c96a969445755,1,0.023948827758431435,"[25, 49, 53, 22]",16,1.1297708749771118,1.3146018981933594,"[0.7558430433273315, 0.9817519187927246, 1.0183017253875732, 1.7631865739822388]","[0.8318463563919067, 1.1854510307312012, 1.192696452140808, 2.0484135150909424]",0.25116246938705444
ego_query_residual_lora,83,train,7d14dc9e1394504c,2021.06.09.12.06.35_veh-35,15746f958b855ce1,1,0.11058700829744339,"[21, 476, 52, 508]",4,0.6265968084335327,0.6776511669158936,"[0.6265968084335327, null, null, null]","[0.6776511669158936, null, null, null]",0.1864587515592575
ego_query_residual_lora,83,train,a0b601837cc25f9a,2021.06.07.12.54.00_veh-35,e6276d5babcf57c5,1,0.14703714847564697,"[80, 48, 45, 78]",16,1.0915729999542236,1.1605650186538696,"[0.605172336101532, 1.0306413173675537, 1.3216524124145508, 1.4088261127471924]","[0.5268561840057373, 1.0919992923736572, 1.4600592851638794, 1.5633454322814941]",0.24970516562461853
ego_query_residual_lora,83,train,dcbf1cf262365995,2021.06.07.12.54.00_veh-35,e7819c9d528b5035,1,1.5008351802825928,"[23, 27, 511, 473]",4,2.1324262619018555,2.3247365951538086,"[2.1324262619018555, null, null, null]","[2.3247365951538086, null, null, null]",0.216521218419075
ego_query_residual_lora,83,train,4f0a0a61bdaa5a59,2021.06.07.12.54.00_veh-35,528ee06dd0565678,1,0.09208754450082779,"[82, 88, 52, 19]",4,1.2207003831863403,1.2894842624664307,"[1.2207003831863403, null, null, null]","[1.2894842624664307, null, null, null]",0.1500953733921051
ego_query_residual_lora,83,train,4c2e114b0f5c5cee,2021.06.07.12.54.00_veh-35,c0d79102a9225562,1,0.24520009756088257,"[430, 17, 506, 500]",16,1.5502511262893677,1.7519338130950928,"[1.1607513427734375, 1.327636480331421, 1.6083488464355469, 2.1042680740356445]","[1.253737211227417, 1.5392804145812988, 1.8247501850128174, 2.389967441558838]",0.24986471235752106
ego_query_residual_lora,83,train,9ac6b0c708ef57ba,2021.06.07.12.54.00_veh-35,91deaa6b42c85a71,1,0.4522912800312042,"[115, 51, 88, 146]",4,1.120353102684021,1.1442006826400757,"[1.120353102684021, null, null, null]","[1.1442006826400757, null, null, null]",0.18595075607299805
ego_query_residual_lora,83,train,8a85218e4a3d5fa2,2021.06.07.12.54.00_veh-35,91deaa6b42c85a71,1,0.07607626914978027,"[84, 21, 145, 45]",0,0.0,0.0,"[null, null, null, null]","[null, null, null, null]",0.17630018293857574
ego_query_residual_lora,83,train,23b79e79cec15f05,2021.06.07.12.54.00_veh-35,f5c76f15450f5cd1,1,0.08449149876832962,"[53, 31, 62, 440]",4,0.8646420240402222,0.9115036129951477,"[0.8646420240402222, null, null, null]","[0.9115036129951477, null, null, null]",0.18304330110549927
ego_query_residual_lora,83,train,e5e57399ea0a5228,2021.06.07.12.54.00_veh-35,25302d95d9f158f7,1,1.2084907293319702,"[411, 62, 20, 510]",16,1.7103246450424194,1.8674073219299316,"[1.0455098152160645, 2.220655679702759, 1.514875888824463, 2.0602569580078125]","[1.1118265390396118, 2.413571357727051, 1.6561248302459717, 2.288106918334961]",0.21799728274345398
ego_query_residual_lora,83,train,e1a8d2a630635703,2021.06.14.14.03.45_veh-38,8f286698db6d541b,1,0.07196997106075287,"[95, 31, 447, 466]",16,2.031209707260132,2.1339597702026367,"[1.1163660287857056, 1.557063102722168, 2.0376150608062744, 3.4137954711914062]","[1.2175036668777466, 1.6078048944473267, 2.1268272399902344, 3.5837035179138184]",0.19569337368011475
ego_query_residual_lora,83,train,aece322a1d42538a,2021.06.14.14.03.45_veh-38,7540234731835704,1,0.0677609071135521,"[26, 21, 17, 85]",16,2.1500251293182373,2.4393630027770996,"[1.5745106935501099, 2.2005834579467773, 2.572946548461914, 2.2520601749420166]","[1.7997626066207886, 2.479640245437622, 2.8917224407196045, 2.5863265991210938]",0.23825260996818542
ego_query_residual_lora,83,train,9d0bf147438e5fb3,2021.06.14.14.03.45_veh-38,23e9bf0d2cbe5bab,1,0.022021368145942688,"[57, 479, 49, 507]",4,0.7127031087875366,0.7739592790603638,"[0.7127031087875366, null, null, null]","[0.7739592790603638, null, null, null]",0.20185527205467224
ego_query_residual_lora,83,train,f2d2c1ea12755312,2021.06.14.14.03.45_veh-38,34c1915fbf665c36,1,0.03575463593006134,"[505, 465, 502, 510]",8,1.6029515266418457,1.7056827545166016,"[0.9911876916885376, 2.2147154808044434, null, null]","[1.0555483102798462, 2.3558173179626465, null, null]",0.23103070259094238
ego_query_residual_lora,83,train,cea14bc9e11e5a9a,2021.06.14.14.03.45_veh-38,6be18c3f08665d95,1,0.11530791223049164,"[504, 497, 507, 489]",4,1.4392180442810059,1.5976688861846924,"[1.4392180442810059, null, null, null]","[1.5976688861846924, null, null, null]",0.24233345687389374
ego_query_residual_lora,83,train,4a60572394c95d99,2021.06.14.14.03.45_veh-38,7e940171cbb2501f,1,0.1579832136631012,"[58, 26, 95, 61]",4,0.21684132516384125,0.17672012746334076,"[0.21684132516384125, null, null, null]","[0.17672012746334076, null, null, null]",0.18394869565963745
ego_query_residual_lora,83,train,73c60faa4a4f50d5,2021.06.14.14.03.45_veh-38,3310381978495db6,1,0.04447874426841736,"[19, 82, 367, 494]",16,1.536712646484375,1.6759235858917236,"[1.1378939151763916, 1.26168692111969, 2.354400873184204, 1.392868995666504]","[1.2713191509246826, 1.3767926692962646, 2.537809133529663, 1.5177735090255737]",0.23706187307834625
ego_query_residual_lora,83,train,19d7d544be8b5ed6,2021.06.14.14.03.45_veh-38,faff8007373357b2,0,0.0919741615653038,"[31, 506, 503, 468]",12,3.275869131088257,3.497046947479248,"[1.6832098960876465, 2.759270668029785, 5.38512659072876, null]","[1.8041192293167114, 3.0074338912963867, 5.679588317871094, null]",0.23350712656974792
ego_query_residual_lora,83,train,0cee9b6cce6b55bb,2021.06.23.17.31.36_veh-16,5dd11df23010512b,1,0.052442941814661026,"[20, 23, 54, 53]",4,1.1778775453567505,1.1964634656906128,"[1.1778775453567505, null, null, null]","[1.1964634656906128, null, null, null]",0.17115239799022675
ego_query_residual_lora,83,train,b7e4f74f963b5911,2021.06.23.17.31.36_veh-16,12076247bcfc52af,0,0.027671830728650093,"[367, 294, 478, 28]",8,1.5941872596740723,1.6411283016204834,"[1.5822850465774536, 1.6060895919799805, null, null]","[1.6726579666137695, 1.6095987558364868, null, null]",0.1674572080373764
ego_query_residual_lora,83,train,de1498ad86835196,2021.06.23.17.31.36_veh-16,0f8853ece4595cfd,1,0.022559000179171562,"[29, 510, 443, 506]",16,1.6458414793014526,1.8901586532592773,"[1.220117449760437, 1.107834815979004, 1.5862714052200317, 2.669142484664917]","[1.4159026145935059, 1.2435232400894165, 1.8417301177978516, 3.059478759765625]",0.2479693591594696
ego_query_residual_lora,83,train,025ec42ba16f587d,2021.06.23.17.31.36_veh-16,135f484f0eaf5a02,1,0.08390025794506073,"[47, 45, 15, 431]",16,2.003394842147827,2.2625551223754883,"[2.8068296909332275, 1.7380335330963135, 0.9668283462524414, 2.501887798309326]","[3.0832512378692627, 2.0163280963897705, 1.1247351169586182, 2.825906276702881]",0.24691161513328552
ego_query_residual_lora,83,train,c3fcca93dde25e14,2021.06.23.17.31.36_veh-16,e9436dfe242a5e1e,0,0.23978526890277863,"[62, 63, 21, 23]",16,2.0397448539733887,2.1676788330078125,"[1.5986155271530151, 2.1222188472747803, 2.199984073638916, 2.2381598949432373]","[1.6929914951324463, 2.2466979026794434, 2.3478896617889404, 2.3831353187561035]",0.1682291030883789
ego_query_residual_lora,83,train,e06e9be096c55f62,2021.06.23.17.31.36_veh-16,0ecd78b5d8165cd8,0,0.058536045253276825,"[63, 510, 478, 30]",16,1.1692638397216797,1.2813518047332764,"[0.7497851848602295, 1.095872163772583, 1.5046889781951904, 1.3267090320587158]","[0.7937692999839783, 1.1966668367385864, 1.662484884262085, 1.4724860191345215]",0.23070114850997925
ego_query_residual_lora,83,train,3764fca3eb725eea,2021.06.23.17.31.36_veh-16,83605fe059ea5914,1,0.10611297190189362,"[89, 60, 12, 48]",16,1.4414548873901367,1.6494643688201904,"[0.9019063711166382, 1.3857717514038086, 1.964529037475586, 1.5136123895645142]","[1.0271329879760742, 1.593258023262024, 2.1838912963867188, 1.793574571609497]",0.25070634484291077
ego_query_residual_lora,83,train,e37afb24cbc354b1,2021.06.23.17.31.36_veh-16,137a8e2e182e525a,1,0.02604793570935726,"[369, 335, 337, 398]",8,4.675137519836426,4.8352813720703125,"[3.6909444332122803, 5.659331321716309, null, null]","[3.823019027709961, 5.847544193267822, null, null]",0.15408846735954285
ego_query_residual_lora,83,train,99bf73c4d148509a,2021.06.14.18.13.35_veh-26,ece541c7453e5027,1,0.09473970532417297,"[49, 22, 45, 18]",8,1.1248228549957275,1.1322505474090576,"[1.0722697973251343, 1.1773759126663208, null, null]","[1.076134443283081, 1.1883666515350342, null, null]",0.13792695105075836
ego_query_residual_lora,83,train,82183d4ed7285e2b,2021.06.14.18.13.35_veh-26,15b78bc7ecd45635,2,0.13457991182804108,"[95, 31, 28, 63]",16,2.7735755443573,2.92295503616333,"[2.4619503021240234, 2.647789478302002, 2.9485740661621094, 3.0359883308410645]","[2.558708667755127, 2.791959285736084, 3.085540771484375, 3.255610942840576]",0.1794191598892212
ego_query_residual_lora,83,train,09fc359e65a65d2d,2021.06.14.18.13.35_veh-26,8c1c9f8ebebd5a2c,0,0.03340163826942444,"[155, 504, 475, 502]",0,0.0,0.0,"[null, null, null, null]","[null, null, null, null]",0.22003325819969177
ego_query_residual_lora,83,train,ee6a818615ff51ba,2021.06.14.18.13.35_veh-26,78f10869dcaa5d66,0,0.08082734048366547,"[31, 95, 28, 29]",12,2.101202964782715,2.1789357662200928,"[1.8306740522384644, 1.9557920694351196, 2.5171425342559814, null]","[1.899235725402832, 1.9684152603149414, 2.669156074523926, null]",0.17132022976875305
ego_query_residual_lora,83,train,e134b297048b5c37,2021.06.14.18.13.35_veh-26,290604a14d365b9b,0,0.06867536157369614,"[503, 499, 465, 504]",8,2.0041487216949463,2.206050395965576,"[null, null, 1.8926572799682617, 2.115640163421631]","[null, null, 2.088531970977783, 2.323568344116211]",0.23831002414226532
ego_query_residual_lora,83,train,9c833d715d5a5f2c,2021.06.14.18.13.35_veh-26,ce646f56ab2a530e,0,0.06341436505317688,"[31, 27, 29, 64]",16,2.11275577545166,2.1568875312805176,"[1.7901842594146729, 2.2337698936462402, 2.3930177688598633, 2.034050941467285]","[1.8197156190872192, 2.274109363555908, 2.4499125480651855, 2.083813190460205]",0.11454420536756516
ego_query_residual_lora,83,train,505bbe9ba4405369,2021.06.14.18.13.35_veh-26,20e402609e615776,1,0.033466439694166183,"[17, 502, 479, 474]",4,0.7383405566215515,0.7362352609634399,"[0.7383405566215515, null, null, null]","[0.7362352609634399, null, null, null]",0.20642471313476562
ego_query_residual_lora,83,train,7c0f902cd4a85505,2021.06.14.18.13.35_veh-26,bc0a766ff84b5442,1,0.09224720299243927,"[48, 49, 17, 47]",0,0.0,0.0,"[null, null, null, null]","[null, null, null, null]",0.18217745423316956
ego_query_residual_lora,83,train,aa5610ae761e5330,2021.08.17.17.55.18_veh-43,f928e8f7bee55d18,2,0.17338678240776062,"[31, 29, 28, 30]",4,3.57106876373291,3.6783435344696045,"[null, null, null, 3.57106876373291]","[null, null, null, 3.6783435344696045]",0.08486081659793854
ego_query_residual_lora,83,train,06f416ef3dbc5656,2021.08.17.17.55.18_veh-43,e0efd254e94b5c5d,1,0.02832680009305477,"[62, 30, 479, 510]",4,1.0252870321273804,1.089397668838501,"[1.0252870321273804, null, null, null]","[1.089397668838501, null, null, null]",0.1974436193704605
ego_query_residual_lora,83,train,9adfdd4c06cf5e8c,2021.08.17.17.55.18_veh-43,7032266a8b3259e9,1,0.09408646821975708,"[51, 50, 59, 63]",0,0.0,0.0,"[null, null, null, null]","[null, null, null, null]",0.24180299043655396
ego_query_residual_lora,83,train,94014ea94dae5180,2021.08.17.17.55.18_veh-43,03d335bbfd355432,1,0.023447155952453613,"[44, 472, 505, 500]",8,5.428380012512207,5.812227249145508,"[null, null, 5.837861061096191, 5.018899917602539]","[null, null, 6.224329948425293, 5.400124549865723]",0.23227271437644958
ego_query_residual_lora,83,train,996a71ebed2d5962,2021.08.17.17.55.18_veh-43,669b4bc52a755a71,1,0.10519862174987793,"[63, 19, 29, 17]",12,1.2931369543075562,1.3493032455444336,"[0.7833974361419678, 1.5214908123016357, 1.5745224952697754, null]","[0.8047584295272827, 1.59821355342865, 1.6449378728866577, null]",0.1626274436712265
ego_query_residual_lora,83,train,b65cdf1698ec58da,2021.08.17.17.55.18_veh-43,f5ce59f542c15ccf,2,0.11809863150119781,"[60, 63, 91, 121]",8,2.622755527496338,2.8761794567108154,"[null, null, 2.8542165756225586, 2.391294240951538]","[null, null, 3.137197732925415, 2.6151609420776367]",0.18897569179534912
ego_query_residual_lora,83,train,7c897aea11555116,2021.08.17.17.55.18_veh-43,119facee9f435d2d,1,0.0141743253916502,"[432, 400, 433, 401]",0,0.0,0.0,"[null, null, null, null]","[null, null, null, null]",0.08733589947223663
ego_query_residual_lora,83,train,9d8bbe7081805aff,2021.08.17.17.55.18_veh-43,e4f7253cff9559e5,1,0.5950258374214172,"[17, 46, 54, 51]",8,2.5726075172424316,2.583528995513916,"[null, null, 2.4164278507232666, 2.7287869453430176]","[null, null, 2.4350595474243164, 2.7319979667663574]",0.19054405391216278
ego_query_residual_lora,83,train,6f13db85eb395da6,2021.06.07.18.53.26_veh-26,b4aa9d6255005ff4,1,0.8583406209945679,"[31, 21, 25, 24]",8,0.6266754269599915,0.6549411416053772,"[0.555110514163971, 0.698240339756012, null, null]","[0.55656498670578, 0.7533173561096191, null, null]",0.17330308258533478
ego_query_residual_lora,83,train,90bab1d26e77539e,2021.06.07.18.53.26_veh-26,a775290bfe11501c,1,0.5227964520454407,"[120, 11, 22, 74]",12,2.0390372276306152,2.391465187072754,"[null, 1.779676079750061, 2.5427558422088623, 1.7946791648864746]","[null, 2.103390693664551, 2.9253814220428467, 2.145623207092285]",0.24307352304458618
ego_query_residual_lora,83,train,a0fad9da427656e1,2021.06.07.18.53.26_veh-26,7c918a18841755fe,1,0.81053626537323,"[30, 25, 465, 16]",16,2.0194520950317383,2.2499868869781494,"[2.102677345275879, 2.3686790466308594, 2.0333988666534424, 1.5730528831481934]","[2.376485824584961, 2.616297483444214, 2.2248568534851074, 1.7823073863983154]",0.24108165502548218
ego_query_residual_lora,83,train,cc2769dbb64c51c5,2021.06.07.18.53.26_veh-26,e056042111235af2,0,0.25401535630226135,"[24, 25, 23, 4]",12,2.251016139984131,2.284024238586426,"[1.9606831073760986, null, 2.2799909114837646, 2.5123744010925293]","[1.9658122062683105, null, 2.306049108505249, 2.5802111625671387]",0.12085412442684174
ego_query_residual_lora,83,train,3a42aaf9c7ad52b0,2021.06.07.18.53.26_veh-26,a775290bfe11501c,1,0.017643697559833527,"[465, 432, 466, 431]",0,0.0,0.0,"[null, null, null, null]","[null, null, null, null]",0.0965903177857399
ego_query_residual_lora,83,train,9ce593252631507d,2021.06.07.18.53.26_veh-26,5ed65930b4c35bfa,1,0.6046721935272217,"[54, 475, 471, 509]",12,1.5878896713256836,1.6699113845825195,"[1.158616065979004, 1.7570830583572388, 1.8479697704315186, null]","[1.2153820991516113, 1.8462984561920166, 1.9480533599853516, null]",0.2103852480649948
ego_query_residual_lora,83,train,d7bf7fb4d1995e7e,2021.06.07.18.53.26_veh-26,ead01d808c89587c,1,0.21636080741882324,"[31, 54, 53, 50]",16,1.4144119024276733,1.5998435020446777,"[0.9864561557769775, 1.207008957862854, 1.8112856149673462, 1.6528970003128052]","[1.1478686332702637, 1.3529114723205566, 1.9926302433013916, 1.90596342086792]",0.24651947617530823
ego_query_residual_lora,83,train,884a4400377653c4,2021.06.07.18.53.26_veh-26,77179676f4c656da,0,0.25736764073371887,"[30, 62, 34, 31]",16,2.129647731781006,2.1877784729003906,"[1.7631659507751465, 2.2362513542175293, 2.373269557952881, 2.145904302597046]","[1.7986273765563965, 2.2865986824035645, 2.458646774291992, 2.207240581512451]",0.12430554628372192
ego_query_residual_lora,83,train,f2a8a11d1d9957c6,2021.08.17.17.17.01_veh-45,d53c011070a753b3,1,0.10813955217599869,"[94, 25, 476, 63]",8,2.0595054626464844,2.241427183151245,"[1.9103996753692627, 2.208611488342285, null, null]","[2.0738577842712402, 2.40899658203125, null, null]",0.20127934217453003
ego_query_residual_lora,83,train,448fcc465ce2589c,2021.08.17.17.17.01_veh-45,2d50451fc5045ec3,1,0.07390756905078888,"[29, 24, 94, 27]",4,1.1998896598815918,1.3678228855133057,"[1.1998896598815918, null, null, null]","[1.3678228855133057, null, null, null]",0.20946328341960907
ego_query_residual_lora,83,train,5b9eea7538235f36,2021.08.17.17.17.01_veh-45,58adb0f87a905810,2,0.14199082553386688,"[24, 63, 31, 477]",12,2.5935349464416504,2.6763017177581787,"[1.4806464910507202, 2.8151094913482666, null, 3.4848482608795166]","[1.5110074281692505, 2.9369826316833496, null, 3.580914258956909]",0.17339876294136047
ego_query_residual_lora,83,train,8da3d9d2de0c53bd,2021.08.17.17.17.01_veh-45,56ef3c9f702054a5,0,0.16067379713058472,"[23, 26, 63, 1]",0,0.0,0.0,"[null, null, null, null]","[null, null, null, null]",0.1853732317686081
ego_query_residual_lora,83,train,4cb6f16e6fd75ae6,2021.08.17.17.17.01_veh-45,01fcbea54a215b4c,0,0.17896898090839386,"[30, 31, 23, 95]",0,0.0,0.0,"[null, null, null, null]","[null, null, null, null]",0.08222095668315887
ego_query_residual_lora,83,train,6bf7c64d674550c0,2021.08.17.17.17.01_veh-45,e9ee1f2ed60e5dad,0,0.10704744607210159,"[31, 18, 12, 55]",16,2.653090000152588,2.959688186645508,"[1.6575417518615723, 2.065154552459717, 3.3102707862854004, 3.579392671585083]","[1.8564980030059814, 2.317120313644409, 3.6974093914031982, 3.9677252769470215]",0.21136914193630219
ego_query_residual_lora,83,train,400d720e95ee5e13,2021.08.17.17.17.01_veh-45,e334ef237217504d,0,0.09480701386928558,"[447, 478, 412, 30]",12,2.9473986625671387,3.0926711559295654,"[null, 2.432868480682373, 3.2771155834198, 3.132211446762085]","[null, 2.5401430130004883, 3.4599409103393555, 3.2779293060302734]",0.14766260981559753
ego_query_residual_lora,83,train,f16683fd19e558c2,2021.08.17.17.17.01_veh-45,091fcca513f752d2,0,0.13550511002540588,"[22, 30, 17, 31]",4,2.7734222412109375,2.8460874557495117,"[null, null, null, 2.7734222412109375]","[null, null, null, 2.8460874557495117]",0.11310387402772903
ego_query_residual_lora,83,development,5b2b2741a9225324,2021.06.07.17.46.49_veh-35,d27fc0739dad5664,1,0.7145688533782959,"[47, 81, 503, 15]",16,1.1501173973083496,1.25282621383667,"[0.73590087890625, 1.3491944074630737, 1.2222113609313965, 1.2931629419326782]","[0.756908118724823, 1.4398716688156128, 1.3338558673858643, 1.480668544769287]",0.22475722432136536
ego_query_residual_lora,83,development,1dc3ed89baf15ac3,2021.06.07.17.46.49_veh-35,1dabc8e66ab15cb6,1,0.20178890228271484,"[399, 400, 401, 398]",4,3.288349151611328,3.3505654335021973,"[3.288349151611328, null, null, null]","[3.3505654335021973, null, null, null]",0.09351401776075363
ego_query_residual_lora,83,development,2daea025bb7e5a2c,2021.06.07.17.46.49_veh-35,db1cb602e9f05786,1,0.3366350531578064,"[464, 465, 496, 433]",8,9.980354309082031,10.339469909667969,"[7.54583215713501, 12.414876937866211, null, null]","[7.831263065338135, 12.847677230834961, null, null]",0.2244015485048294
ego_query_residual_lora,83,development,be3bc0fa680c5e33,2021.06.07.17.46.49_veh-35,17a02971177257e5,0,0.5918369889259338,"[30, 31, 32, 127]",16,2.097782611846924,2.1440749168395996,"[2.094691753387451, 2.125993013381958, 2.1416006088256836, 2.0288453102111816]","[2.129967212677002, 2.184906005859375, 2.2008938789367676, 2.060533046722412]",0.16173583269119263
ego_query_residual_lora,83,development,2903fe2f977f5927,2021.06.07.17.46.49_veh-35,f29c7a8c103151ea,1,0.8495632410049438,"[63, 21, 20, 17]",0,0.0,0.0,"[null, null, null, null]","[null, null, null, null]",0.19675171375274658
ego_query_residual_lora,83,development,c362c24b66b351ed,2021.06.07.17.46.49_veh-35,186b67f7d5325988,1,0.9309256076812744,"[27, 22, 63, 28]",4,1.0056170225143433,1.0510098934173584,"[1.0056170225143433, null, null, null]","[1.0510098934173584, null, null, null]",0.17800626158714294
ego_query_residual_lora,83,development,222f5d6a4aa25d89,2021.06.07.17.46.49_veh-35,75787c317e3a5b82,1,0.23852220177650452,"[51, 28, 16, 19]",16,2.05549955368042,2.1098132133483887,"[1.2469758987426758, 1.9130103588104248, 2.6635730266571045, 2.3984389305114746]","[1.2616950273513794, 1.9694790840148926, 2.7322099208831787, 2.4758689403533936]",0.1453879177570343
ego_query_residual_lora,83,development,933f03af8f385207,2021.06.07.17.46.49_veh-35,9036e1622d84535c,2,0.42566922307014465,"[59, 26, 25, 505]",16,2.5114521980285645,2.6520910263061523,"[0.7219805717468262, 2.606412887573242, 2.723994731903076, 3.9934206008911133]","[0.729035496711731, 2.7924160957336426, 2.8837244510650635, 4.203187942504883]",0.21038049459457397
ego_query_residual_lora,83,development,063ebdb158075369,2021.06.09.11.54.15_veh-12,ff376a5096665630,1,0.04803597927093506,"[436, 471, 429, 468]",8,3.670588493347168,3.9395484924316406,"[2.65771746635437, 4.683460235595703, null, null]","[2.8536434173583984, 5.025454044342041, null, null]",0.223246231675148
ego_query_residual_lora,83,development,c0a1b812e095547d,2021.06.09.11.54.15_veh-12,402aea4619c55186,1,0.18496325612068176,"[85, 22, 56, 57]",12,3.244861602783203,3.224064588546753,"[null, 3.4573707580566406, 3.436112880706787, 2.8411006927490234]","[null, 3.4310555458068848, 3.4201433658599854, 2.8209943771362305]",0.12571556866168976
ego_query_residual_lora,83,development,482f957d79f45f55,2021.06.09.11.54.15_veh-12,5107aa8e98035ec1,1,0.06579599529504776,"[472, 504, 499, 477]",8,3.1479897499084473,3.445486068725586,"[2.164590358734131, 4.131389141082764, null, null]","[2.3812427520751953, 4.509729862213135, null, null]",0.2276342809200287
ego_query_residual_lora,83,development,6561907765f2550f,2021.06.09.11.54.15_veh-12,91420a0f9dc25fe9,1,0.11304819583892822,"[48, 57, 21, 116]",0,0.0,0.0,"[null, null, null, null]","[null, null, null, null]",0.09366950392723083
ego_query_residual_lora,83,development,5742dd4bd86e5127,2021.06.09.11.54.15_veh-12,3c893aadfc175960,1,0.07800687849521637,"[47, 473, 81, 62]",12,1.4056475162506104,1.5060396194458008,"[0.821567952632904, 1.7242482900619507, 1.6711266040802002, null]","[0.8897019028663635, 1.8419373035430908, 1.7864798307418823, null]",0.16888871788978577
ego_query_residual_lora,83,development,ecc85792eb665ba0,2021.06.09.11.54.15_veh-12,7b3b09ed718b5bf4,1,0.07431412488222122,"[475, 18, 23, 47]",16,1.2748788595199585,1.3562872409820557,"[0.8486317992210388, 1.0777289867401123, 1.4859592914581299, 1.6871954202651978]","[0.9085676074028015, 1.0784963369369507, 1.577559471130371, 1.8605254888534546]",0.24236030876636505
ego_query_residual_lora,83,development,599c900bc4e95312,2021.06.09.11.54.15_veh-12,8f3409a47a455049,2,0.0822426825761795,"[31, 26, 29, 62]",16,2.380247116088867,2.423323154449463,"[1.4675519466400146, 2.3024380207061768, 3.1710898876190186, 2.5799083709716797]","[1.4534627199172974, 2.3664937019348145, 3.238720178604126, 2.634615898132324]",0.11715708673000336
ego_query_residual_lora,83,development,505cdbada0ee59be,2021.06.09.11.54.15_veh-12,5b7dc6545cc658f0,2,0.11620517075061798,"[63, 95, 29, 26]",16,2.873514413833618,3.0935871601104736,"[1.5291097164154053, 2.9893596172332764, 3.5020294189453125, 3.4735586643218994]","[1.6527210474014282, 3.2213263511657715, 3.7958178520202637, 3.7044837474823]",0.23070107400417328
ego_query_residual_lora,83,development,836b76b2c8f35990,2021.08.24.17.37.11_veh-08,1d97c042ca575a4c,2,0.6438870429992676,"[63, 31, 95, 30]",8,2.9298439025878906,2.972493886947632,"[2.7846415042877197, 3.0750465393066406, null, null]","[2.8377809524536133, 3.1072068214416504, null, null]",0.12931016087532043
ego_query_residual_lora,83,development,21eb51db8a675681,2021.08.24.17.37.11_veh-08,ffe62a894e3a5925,1,0.11682678759098053,"[11, 274, 343, 9]",0,0.0,0.0,"[null, null, null, null]","[null, null, null, null]",0.14906899631023407
ego_query_residual_lora,83,development,b8bf6e0a15635fa9,2021.08.24.17.37.11_veh-08,00c0acbc4c06557c,2,0.117763951420784,"[54, 24, 30, 62]",0,0.0,0.0,"[null, null, null, null]","[null, null, null, null]",0.14487610757350922
ego_query_residual_lora,83,development,005e12630b405e67,2021.08.24.17.37.11_veh-08,4bfb3377012e5e58,0,0.5117565393447876,"[31, 30, 29, 10]",4,2.4194231033325195,2.5017406940460205,"[2.4194231033325195, null, null, null]","[2.5017406940460205, null, null, null]",0.14483900368213654
ego_query_residual_lora,83,development,4ece654624b452ac,2021.08.24.17.37.11_veh-08,f68f529d24295c53,1,0.5250856876373291,"[25, 55, 6, 86]",4,1.852027416229248,1.8573534488677979,"[1.852027416229248, null, null, null]","[1.8573534488677979, null, null, null]",0.12798598408699036
ego_query_residual_lora,83,development,a7aa6da460a65457,2021.08.24.17.37.11_veh-08,1d97c042ca575a4c,1,0.26400184631347656,"[369, 49, 500, 80]",8,0.4247145354747772,0.3985970914363861,"[0.4344574213027954, 0.41497164964675903, null, null]","[0.412645548582077, 0.3845486044883728, null, null]",0.24882176518440247
ego_query_residual_lora,83,development,cc40016cd26a5ff5,2021.08.24.17.37.11_veh-08,a18c9d5742545776,1,0.0385524146258831,"[398, 399, 401, 397]",0,0.0,0.0,"[null, null, null, null]","[null, null, null, null]",0.10979528725147247
ego_query_residual_lora,83,development,0a7d7aef157c5bc6,2021.08.24.17.37.11_veh-08,4bfb3377012e5e58,0,0.3052341341972351,"[27, 31, 61, 511]",16,2.2603893280029297,2.4459681510925293,"[1.461620807647705, 2.0464866161346436, 2.8268213272094727, 2.7066290378570557]","[1.568398118019104, 2.1940670013427734, 3.074422597885132, 2.9469847679138184]",0.21002492308616638
ego_query_residual_lora,83,development,7b9a55edcf2752fb,2021.07.16.00.24.14_veh-38,d940d716f6da5650,0,0.1384514719247818,"[31, 38, 27, 26]",12,2.1376523971557617,2.1872293949127197,"[1.9801115989685059, null, 2.245347261428833, 2.1874988079071045]","[2.0308778285980225, null, 2.2876877784729004, 2.243122100830078]",0.12275712937116623
ego_query_residual_lora,83,development,faca4ac928255aed,2021.07.16.00.24.14_veh-38,295cc52db71a5c8d,2,0.19460314512252808,"[93, 63, 49, 31]",8,2.4109015464782715,2.4868927001953125,"[null, null, 1.8641575574874878, 2.9576456546783447]","[null, null, 1.9047046899795532, 3.0690805912017822]",0.1743532121181488
ego_query_residual_lora,83,development,07deb830dc5e525c,2021.07.16.00.24.14_veh-38,15ac832eaeea5acc,1,0.05504341796040535,"[15, 79, 80, 78]",16,1.1662284135818481,1.342342495918274,"[0.7115780115127563, 1.0003896951675415, 1.4024181365966797, 1.5505279302597046]","[0.8049689531326294, 1.180528998374939, 1.5904699563980103, 1.793402075767517]",0.24653495848178864
ego_query_residual_lora,83,development,9ff0cdc8fc715ce3,2021.07.16.00.24.14_veh-38,a3063c20eb1251c7,0,0.10878525674343109,"[465, 497, 464, 439]",0,0.0,0.0,"[null, null, null, null]","[null, null, null, null]",0.11815768480300903
ego_query_residual_lora,83,development,461e0a28b1f655aa,2021.07.16.00.24.14_veh-38,d45e467ab1e85825,1,0.195363849401474,"[16, 49, 80, 47]",4,1.71641206741333,1.7310550212860107,"[1.71641206741333, null, null, null]","[1.7310550212860107, null, null, null]",0.14717231690883636
ego_query_residual_lora,83,development,548204416ae25b31,2021.07.16.00.24.14_veh-38,072767a0ae2857e9,1,0.09420546889305115,"[399, 432, 430, 400]",0,0.0,0.0,"[null, null, null, null]","[null, null, null, null]",0.10468795895576477
ego_query_residual_lora,83,development,e0b0dcb2ea675ec9,2021.07.16.00.24.14_veh-38,a9aeb39738d95e61,1,0.02478686533868313,"[368, 465, 501, 500]",4,1.0479381084442139,1.0480245351791382,"[1.0479381084442139, null, null, null]","[1.0480245351791382, null, null, null]",0.1976860910654068
ego_query_residual_lora,83,development,8fe6aa411d2350f4,2021.07.16.00.24.14_veh-38,c5ba6402b9b6577d,1,0.13328705728054047,"[16, 446, 497, 501]",4,2.3624267578125,2.616054058074951,"[2.3624267578125, null, null, null]","[2.616054058074951, null, null, null]",0.23909178376197815
ego_query_residual_lora,83,development,2587746c51ce582c,2021.06.23.14.54.32_veh-16,8ba21e5f44fd5756,1,0.06582944095134735,"[400, 401, 337, 399]",4,3.0015006065368652,3.0460205078125,"[3.0015006065368652, null, null, null]","[3.0460205078125, null, null, null]",0.09973827749490738
ego_query_residual_lora,83,development,cdb8ed61577455d0,2021.06.23.14.54.32_veh-16,63a378470ecf578a,1,0.28766411542892456,"[22, 272, 25, 341]",4,1.8265821933746338,1.8624544143676758,"[null, 1.8265821933746338, null, null]","[null, 1.8624544143676758, null, null]",0.14664112031459808
ego_query_residual_lora,83,development,359653f71f095eb2,2021.06.23.14.54.32_veh-16,764e553f9fa1596e,1,0.02398219332098961,"[17, 27, 63, 510]",4,1.0872575044631958,1.171944499015808,"[1.0872575044631958, null, null, null]","[1.171944499015808, null, null, null]",0.1798233538866043
ego_query_residual_lora,83,development,e1bd235bf5145312,2021.06.23.14.54.32_veh-16,c21a05faf4f95c23,0,0.1902216225862503,"[509, 55, 505, 46]",12,1.062330722808838,1.117457628250122,"[0.5300902724266052, null, 1.276024580001831, 1.3808774948120117]","[0.5084052085876465, null, 1.3413697481155396, 1.5025980472564697]",0.22457921504974365
ego_query_residual_lora,83,development,21851d86de975750,2021.06.23.14.54.32_veh-16,0fa6960777235107,1,0.04675094038248062,"[19, 27, 50, 52]",4,0.6547031998634338,0.6668170690536499,"[0.6547031998634338, null, null, null]","[0.6668170690536499, null, null, null]",0.17265111207962036
ego_query_residual_lora,83,development,41fd5b3cc9cb5e4d,2021.06.23.14.54.32_veh-16,192f476facc35a66,1,0.10556312650442123,"[47, 11, 18, 10]",8,0.8276439905166626,0.8645435571670532,"[0.6611770391464233, 0.9941110610961914, null, null]","[0.6928049325942993, 1.0362820625305176, null, null]",0.18374274671077728
ego_query_residual_lora,83,development,80fcfa05a45d5e36,2021.06.23.14.54.32_veh-16,68c36562409856ec,1,0.11026179045438766,"[466, 436, 463, 462]",12,3.6448755264282227,3.986356258392334,"[1.6464051008224487, 2.8277671337127686, 6.460454940795898, null]","[1.8874766826629639, 3.1963119506835938, 6.875279903411865, null]",0.24330638349056244
ego_query_residual_lora,83,development,eca9c65e90335fc5,2021.06.23.14.54.32_veh-16,e302117d34785896,1,0.08675871789455414,"[401, 369, 368, 400]",0,0.0,0.0,"[null, null, null, null]","[null, null, null, null]",0.11750949919223785
ego_query_residual_lora,83,development,ebbd33f9058e5e95,2021.06.09.14.50.36_veh-26,818dcca6c1fa5abf,1,0.03216662257909775,"[22, 17, 29, 20]",16,2.852590799331665,3.125929355621338,"[2.4331259727478027, 3.1326165199279785, 2.9391348361968994, 2.9054858684539795]","[2.7005343437194824, 3.414994716644287, 3.240236520767212, 3.147951602935791]",0.23360110819339752
ego_query_residual_lora,83,development,9a04bc527d215067,2021.06.09.14.50.36_veh-26,5e8a8d507c145bf2,1,0.2695479691028595,"[142, 27, 139, 138]",0,0.0,0.0,"[null, null, null, null]","[null, null, null, null]",0.08728528022766113
ego_query_residual_lora,83,development,5a287daa1f775a79,2021.06.09.14.50.36_veh-26,af832f9835ee5efc,0,0.25327906012535095,"[51, 23, 20, 52]",16,2.714053153991699,2.776508331298828,"[1.2800503969192505, 2.7139840126037598, 3.440141201019287, 3.4220361709594727]","[1.311749815940857, 2.7727267742156982, 3.5200576782226562, 3.5014991760253906]",0.09849169850349426
ego_query_residual_lora,83,development,d9a85f2b168854ba,2021.06.09.14.50.36_veh-26,549ee450dacd5abb,1,0.10032264143228531,"[463, 20, 474, 434]",4,2.853041887283325,3.1044018268585205,"[2.853041887283325, null, null, null]","[3.1044018268585205, null, null, null]",0.22541339695453644
ego_query_residual_lora,83,development,f6d2ad1db3c45c20,2021.06.09.14.50.36_veh-26,e755817de2795e70,0,0.10997172445058823,"[31, 29, 505, 60]",16,1.5401890277862549,1.6316511631011963,"[1.6308917999267578, 2.012361526489258, 1.0625019073486328, 1.455000877380371]","[1.696728229522705, 2.156848430633545, 1.1074509620666504, 1.565577745437622]",0.16598334908485413
ego_query_residual_lora,83,development,5cc6394b1dde5e37,2021.06.09.14.50.36_veh-26,3daa89465a7e50bf,0,0.13452327251434326,"[7, 16, 8, 15]",12,3.423961639404297,3.443593740463257,"[3.0253562927246094, 3.4689745903015137, 3.777554512023926, null]","[3.032099485397339, 3.4934449195861816, 3.805237054824829, null]",0.12385185807943344
ego_query_residual_lora,83,development,bd6c7b10ae725c06,2021.06.09.14.50.36_veh-26,40627495cb2f57f2,1,0.12335703521966934,"[79, 17, 23, 80]",8,1.5940043926239014,1.6690361499786377,"[0.9539221525192261, 2.234086513519287, null, null]","[1.0106183290481567, 2.327454090118408, null, null]",0.18268686532974243
ego_query_residual_lora,83,development,03ac353ec2a450b4,2021.06.09.14.50.36_veh-26,b133d32ebacf51a4,0,0.08590343594551086,"[28, 63, 31, 30]",16,1.7687886953353882,1.8593339920043945,"[1.79094398021698, 1.9812500476837158, 1.6378933191299438, 1.6650675535202026]","[1.892094612121582, 2.0923848152160645, 1.7279547452926636, 1.724901556968689]",0.13859912753105164
ego_query_residual_lora,83,development,193179dedf975965,2021.07.09.20.59.12_veh-38,140f0b69eb365081,0,0.15066544711589813,"[497, 19, 95, 504]",16,1.9981168508529663,2.255312442779541,"[1.867478370666504, 2.184455394744873, 1.8265401124954224, 2.1139936447143555]","[2.1080923080444336, 2.467327117919922, 2.063056468963623, 2.3827743530273438]",0.24492476880550385
ego_query_residual_lora,83,development,ef07b861b51a554e,2021.07.09.20.59.12_veh-38,cb83cacbf41d58b8,1,0.15897823870182037,"[23, 58, 114, 503]",16,1.7289289236068726,1.9435091018676758,"[1.956950306892395, 1.6765141487121582, 1.5663952827453613, 1.7158559560775757]","[2.2521910667419434, 1.8208831548690796, 1.8014118671417236, 1.8995506763458252]",0.24726685881614685
ego_query_residual_lora,83,development,ce6d2bfacf8655a6,2021.07.09.20.59.12_veh-38,ac873abc79f75609,1,0.08901423215866089,"[55, 56, 30, 27]",4,1.8927531242370605,2.1607272624969482,"[1.8927531242370605, null, null, null]","[2.1607272624969482, null, null, null]",0.253995805978775
ego_query_residual_lora,83,development,6c227ec265b2568d,2021.07.09.20.59.12_veh-38,c63fa36583195676,1,0.2970699369907379,"[89, 497, 22, 496]",8,3.469198703765869,3.713618516921997,"[3.283161163330078, 3.6552367210388184, null, null]","[3.5169174671173096, 3.9103198051452637, null, null]",0.22349463403224945
ego_query_residual_lora,83,development,b0cebe034a265720,2021.07.09.20.59.12_veh-38,f74c2f575df25f4a,1,0.03464943543076515,"[466, 465, 464, 432]",0,0.0,0.0,"[null, null, null, null]","[null, null, null, null]",0.13880880177021027
ego_query_residual_lora,83,development,dd2f55420c6b5764,2021.07.09.20.59.12_veh-38,7e572c1c4f5d5df2,1,0.13862350583076477,"[504, 479, 31, 508]",12,1.223935604095459,1.3052632808685303,"[null, 0.6964737176895142, 1.4518065452575684, 1.5235264301300049]","[null, 0.7095274925231934, 1.557448387145996, 1.6488142013549805]",0.20606887340545654
ego_query_residual_lora,83,development,b630301843b158d4,2021.07.09.20.59.12_veh-38,315e9411328d5e75,1,0.15928791463375092,"[21, 436, 434, 510]",8,1.4639954566955566,1.5619720220565796,"[1.2717605829238892, 1.6562304496765137, null, null]","[1.355782151222229, 1.7681617736816406, null, null]",0.21789422631263733
ego_query_residual_lora,83,development,39fd026d451351e2,2021.07.09.20.59.12_veh-38,73cf910aa2885a71,1,0.23827634751796722,"[30, 84, 95, 25]",0,0.0,0.0,"[null, null, null, null]","[null, null, null, null]",0.1483186036348343
ego_query_residual_lora,83,development,5426ae4426ba5534,2021.06.23.18.23.38_veh-26,f72df301ed465fe6,1,0.12171290814876556,"[79, 47, 470, 77]",16,1.8044674396514893,2.0288124084472656,"[1.2253493070602417, 0.949101984500885, 2.0645155906677246, 2.9789023399353027]","[1.369735598564148, 1.0637452602386475, 2.3174190521240234, 3.364349365234375]",0.24602696299552917
ego_query_residual_lora,83,development,fbeab8a882035a94,2021.06.23.18.23.38_veh-26,2e8f4ff50e4a55cc,0,0.13503071665763855,"[31, 30, 29, 20]",16,1.9323599338531494,1.9606279134750366,"[1.74785315990448, 2.2154901027679443, 1.9003517627716064, 1.8657448291778564]","[1.76705002784729, 2.2783827781677246, 1.9327086210250854, 1.8643701076507568]",0.13272809982299805
ego_query_residual_lora,83,development,89e963670d89570c,2021.06.23.18.23.38_veh-26,03dbcc9320245d7c,1,0.2728668451309204,"[52, 51, 80, 11]",16,1.4064741134643555,1.4830100536346436,"[1.0218881368637085, 1.1876909732818604, 1.5662480592727661, 1.8500690460205078]","[1.0080264806747437, 1.2577872276306152, 1.6490710973739624, 2.017155408859253]",0.2292288839817047
ego_query_residual_lora,83,development,bcff4b28fd875b3d,2021.06.23.18.23.38_veh-26,6f619fabc40050a9,2,0.6809627413749695,"[29, 22, 60, 31]",16,3.1658778190612793,3.2662127017974854,"[2.053697109222412, 3.711240768432617, 3.935051679611206, 2.963522434234619]","[2.1244630813598633, 3.8219213485717773, 4.049033164978027, 3.0694336891174316]",0.14937202632427216
ego_query_residual_lora,83,development,88666b1c75b75602,2021.06.23.18.23.38_veh-26,99b44236999557c7,1,0.1767873764038086,"[49, 80, 47, 82]",16,1.7407530546188354,1.7580184936523438,"[2.0102322101593018, 1.5517280101776123, 1.8404356241226196, 1.5606166124343872]","[2.060002326965332, 1.5546221733093262, 1.8777443170547485, 1.5397050380706787]",0.15523426234722137
ego_query_residual_lora,83,development,f72865014d6158a2,2021.06.23.18.23.38_veh-26,84368cbdd7cb5647,2,0.14890004694461823,"[22, 28, 63, 61]",8,1.6903729438781738,1.7401533126831055,"[0.6371577978134155, 2.7435879707336426, null, null]","[0.6570271253585815, 2.82327938079834, null, null]",0.1381670981645584
ego_query_residual_lora,83,development,7e3b06c8b33156d3,2021.06.23.18.23.38_veh-26,7b483583a2595b0f,1,0.07082214206457138,"[432, 48, 506, 500]",12,4.910243511199951,5.205960273742676,"[2.2269692420959473, 5.873466968536377, 6.6302947998046875, null]","[2.4192955493927, 6.220330238342285, 6.978255271911621, null]",0.22967901825904846
ego_query_residual_lora,83,development,655a064f04e1531b,2021.06.23.18.23.38_veh-26,8997a4a3aadb506a,1,0.2560693919658661,"[367, 75, 399, 494]",16,0.7746317386627197,0.8537358045578003,"[0.7086206674575806, 0.4973454773426056, 0.6899932622909546, 1.20256769657135]","[0.7655432820320129, 0.5239071249961853, 0.722112774848938, 1.403380036354065]",0.2504236102104187
lora_current_target_control,29,train,42868079cfb75233,2021.07.09.01.37.16_veh-26,641fad330504500c,1,0.05973915755748749,"[496, 384, 485, 482]",0,0.0,0.0,"[null, null, null, null]","[null, null, null, null]",0.04151603952050209
lora_current_target_control,29,train,caafcdd4b7835eb0,2021.07.09.01.37.16_veh-26,359f92c3233457a3,1,0.09297537803649902,"[494, 486, 501, 499]",4,2.561291217803955,2.5420780181884766,"[null, null, null, 2.561291217803955]","[null, null, null, 2.5420780181884766]",0.05556219443678856
lora_current_target_control,29,train,2fa96542484250f0,2021.07.09.01.37.16_veh-26,f89a324077eb57a9,1,0.07099875807762146,"[441, 489, 455, 484]",4,1.9797735214233398,1.9613242149353027,"[null, null, 1.9797735214233398, null]","[null, null, 1.9613242149353027, null]",0.05778848007321358
lora_current_target_control,29,train,68341772b52f543b,2021.07.09.01.37.16_veh-26,698608aa5fed5770,0,0.05220925807952881,"[511, 478, 490, 431]",8,2.2089624404907227,2.203199863433838,"[1.2465094327926636, 3.1714155673980713, null, null]","[1.2439405918121338, 3.162459373474121, null, null]",0.06422097980976105
lora_current_target_control,29,train,eabd9d1227785454,2021.07.09.01.37.16_veh-26,a110aeed6ea85e04,1,0.025382567197084427,"[488, 487, 429, 464]",16,2.6722469329833984,2.663158893585205,"[1.8722902536392212, 1.9741556644439697, 3.2939748764038086, 3.5485668182373047]","[1.8583636283874512, 1.9638864994049072, 3.2877609729766846, 3.542623519897461]",0.07734519988298416
lora_current_target_control,29,train,f70d691cf70b5cb3,2021.07.09.01.37.16_veh-26,34dd5ff0548b5455,0,0.03913797065615654,"[484, 450, 420, 425]",8,3.0582332611083984,3.0438525676727295,"[3.019850254058838, 3.09661602973938, null, null]","[3.001565933227539, 3.08613920211792, null, null]",0.06303990632295609
lora_current_target_control,29,train,aa2fce3e3af55b1c,2021.07.09.01.37.16_veh-26,4ca220b52b5c50af,1,0.022083818912506104,"[237, 451, 420, 387]",4,2.5094425678253174,2.4916183948516846,"[2.5094425678253174, null, null, null]","[2.4916183948516846, null, null, null]",0.055584680289030075
lora_current_target_control,29,train,00029eec66d650e1,2021.07.09.01.37.16_veh-26,045ff16e93dc5a42,1,0.03686303645372391,"[243, 242, 235, 241]",4,0.8090208768844604,0.8102182149887085,"[0.8090208768844604, null, null, null]","[0.8102182149887085, null, null, null]",0.032156676054000854
lora_current_target_control,29,train,0168dd4fffde52ed,2021.06.08.12.00.19_veh-35,a4e97e74e1a150b3,1,0.4131423234939575,"[426, 235, 238, 239]",0,0.0,0.0,"[null, null, null, null]","[null, null, null, null]",0.03988441452383995
lora_current_target_control,29,train,c4e9600b96ce5d54,2021.06.08.12.00.19_veh-35,4d01ebfbc43d560b,1,0.029003720730543137,"[241, 423, 215, 216]",4,3.427196979522705,3.427028179168701,"[3.427196979522705, null, null, null]","[3.427028179168701, null, null, null]",0.03399911895394325
lora_current_target_control,29,train,a80c5ee8b1ff56d8,2021.06.08.12.00.19_veh-35,3ffcb152c57c56c5,1,0.6461423635482788,"[388, 420, 451, 454]",16,2.5539968013763428,2.5268936157226562,"[1.9052910804748535, 2.3937273025512695, 2.714613437652588, 3.2023563385009766]","[1.88284432888031, 2.361109972000122, 2.6795096397399902, 3.184110164642334]",0.06639793515205383
lora_current_target_control,29,train,54f9b4af08e05d79,2021.06.08.12.00.19_veh-35,a2165005ab865a02,1,0.03571788966655731,"[428, 427, 334, 488]",0,0.0,0.0,"[null, null, null, null]","[null, null, null, null]",0.06206871196627617
lora_current_target_control,29,train,1657554fc5445eb6,2021.06.08.12.00.19_veh-35,39cbdec7b364501d,2,0.13746462762355804,"[490, 488, 485, 499]",16,2.3609580993652344,2.323972225189209,"[1.9922630786895752, 2.226655960083008, 2.6180877685546875, 2.606825351715088]","[1.9509469270706177, 2.1941304206848145, 2.594390869140625, 2.5564205646514893]",0.11508692055940628
lora_current_target_control,29,train,e7cde98715555110,2021.06.08.12.00.19_veh-35,785bf24e15875ef2,1,1.7124656438827515,"[488, 482, 453, 395]",8,2.8214237689971924,2.807436466217041,"[3.058870792388916, 2.583976984024048, null, null]","[3.0448169708251953, 2.5700559616088867, null, null]",0.05596296116709709
lora_current_target_control,29,train,4bb4fd668a805612,2021.06.08.12.00.19_veh-35,c461bc7ab865595e,0,0.2024480104446411,"[486, 453, 390, 460]",16,1.7906931638717651,1.776718020439148,"[1.5342649221420288, 0.8444541692733765, 1.8867789506912231, 2.8972747325897217]","[1.521369457244873, 0.8393959403038025, 1.8773393630981445, 2.868767023086548]",0.06699807941913605
lora_current_target_control,29,train,c1fe3aa66ec55b17,2021.06.08.12.00.19_veh-35,9655be695969522d,1,0.4036725163459778,"[484, 423, 485, 456]",8,3.5361709594726562,3.530726432800293,"[3.304985523223877, 3.7673563957214355, null, null]","[3.2976832389831543, 3.7637691497802734, null, null]",0.07640275359153748
lora_current_target_control,29,train,9fe049486481505a,2021.08.17.13.15.12_veh-45,ca75f3286b115d37,0,0.04554075002670288,"[493, 462, 496, 486]",16,2.33101224899292,2.3210668563842773,"[0.4566396176815033, 1.0104750394821167, 3.3817639350891113, 4.475170135498047]","[0.4444439709186554, 0.9990816116333008, 3.370807409286499, 4.469934463500977]",0.057994529604911804
lora_current_target_control,29,train,f895bc253a215fc4,2021.08.17.13.15.12_veh-45,a3cae0d00733532e,1,0.41025510430336,"[487, 456, 460, 490]",8,1.3589587211608887,1.340226650238037,"[1.0908708572387695, 1.6270465850830078, null, null]","[1.0761263370513916, 1.6043272018432617, null, null]",0.07809408754110336
lora_current_target_control,29,train,f1430641b7685542,2021.08.17.13.15.12_veh-45,81ff4535c5c251d6,1,0.032094914466142654,"[325, 489, 490, 296]",16,1.4035983085632324,1.4043792486190796,"[0.8517228364944458, 1.382702350616455, 1.469706416130066, 1.910261631011963]","[0.8527073860168457, 1.3831619024276733, 1.468100905418396, 1.9135469198226929]",0.04754792898893356
lora_current_target_control,29,train,ada17d80705459e5,2021.08.17.13.15.12_veh-45,16b335fe131c50be,1,0.0649603009223938,"[422, 423, 427, 463]",0,0.0,0.0,"[null, null, null, null]","[null, null, null, null]",0.07444565743207932
lora_current_target_control,29,train,5442925b5514525c,2021.08.17.13.15.12_veh-45,5b0cacf961245153,1,0.20189039409160614,"[488, 495, 457, 489]",4,0.5971033573150635,0.5930241942405701,"[0.5971033573150635, null, null, null]","[0.5930241942405701, null, null, null]",0.05392763763666153
lora_current_target_control,29,train,f4be93317adf5091,2021.08.17.13.15.12_veh-45,e2ce597de87f572d,1,0.045785047113895416,"[488, 424, 465, 462]",12,1.6468114852905273,1.638814926147461,"[1.7241114377975464, 1.5372169017791748, 1.6791059970855713, null]","[1.7187325954437256, 1.5330026149749756, 1.6647099256515503, null]",0.051267120987176895
lora_current_target_control,29,train,0c12cf6a804d5e86,2021.08.17.13.15.12_veh-45,8db7aab4ec8458a5,0,0.11648562550544739,"[384, 448, 480, 449]",8,2.0570547580718994,2.0386176109313965,"[null, 1.9466907978057861, 2.1674184799194336, null]","[null, 1.925025463104248, 2.152209758758545, null]",0.09013207256793976
lora_current_target_control,29,train,a1da8bec7a1c5c7e,2021.08.17.13.15.12_veh-45,c55fafd4f7d05c65,1,0.05983440577983856,"[424, 452, 393, 455]",16,1.7298308610916138,1.7264609336853027,"[1.199268102645874, 1.3285236358642578, 2.186044692993164, 2.20548677444458]","[1.193868637084961, 1.3237611055374146, 2.185135841369629, 2.203078269958496]",0.05640244483947754
lora_current_target_control,29,train,1b173e83ce58518b,2021.06.08.16.31.33_veh-38,3364fd6ba8365441,1,0.03532331436872482,"[442, 234, 443, 241]",0,0.0,0.0,"[null, null, null, null]","[null, null, null, null]",0.03688434883952141
lora_current_target_control,29,train,7fa7f2973eb6583d,2021.06.08.16.31.33_veh-38,e6f6b559cbe6534e,1,0.24752269685268402,"[492, 460, 341, 495]",16,1.836763858795166,1.830804467201233,"[1.4752188920974731, 1.0034739971160889, 1.8111395835876465, 3.057222604751587]","[1.4643151760101318, 0.9983115196228027, 1.806809425354004, 3.053781509399414]",0.06685273349285126
lora_current_target_control,29,train,63818d7962335cb9,2021.06.08.16.31.33_veh-38,3bb603a701225a40,0,0.05684707313776016,"[392, 391, 396, 395]",16,2.210383415222168,2.1967499256134033,"[2.3363842964172363, 2.3935999870300293, 1.97084379196167, 2.140705108642578]","[2.317328691482544, 2.380152463912964, 1.961122989654541, 2.1283955574035645]",0.05471213161945343
lora_current_target_control,29,train,eb6af2bd1a635cb2,2021.06.08.16.31.33_veh-38,65daba6a1f955c59,1,0.16364118456840515,"[464, 462, 498, 458]",8,1.1772117614746094,1.1772892475128174,"[0.9691911935806274, 1.3852324485778809, null, null]","[0.9715511798858643, 1.3830273151397705, null, null]",0.053137876093387604
lora_current_target_control,29,train,6f08f1ba4c555d89,2021.06.08.16.31.33_veh-38,00c6ea1054d15101,1,0.825021505355835,"[300, 299, 267, 326]",16,1.6380971670150757,1.637009620666504,"[1.073540449142456, 1.4813778400421143, 1.8687191009521484, 2.128751277923584]","[1.0744065046310425, 1.476717233657837, 1.8598887920379639, 2.137026071548462]",0.04675593227148056
lora_current_target_control,29,train,2af3184e9f0f5697,2021.06.08.16.31.33_veh-38,fb1c65108c895a43,1,0.14579962193965912,"[392, 424, 498, 491]",4,0.8946565389633179,0.8868721723556519,"[0.8946565389633179, null, null, null]","[0.8868721723556519, null, null, null]",0.06642626971006393
lora_current_target_control,29,train,33230d8bfa425f6f,2021.06.08.16.31.33_veh-38,3364fd6ba8365441,1,0.2516000270843506,"[458, 503, 501, 461]",16,2.3480849266052246,2.343808174133301,"[2.2148735523223877, 2.2467164993286133, 2.4751062393188477, 2.45564341545105]","[2.2085142135620117, 2.2469565868377686, 2.4696497917175293, 2.4501118659973145]",0.057458747178316116
lora_current_target_control,29,train,dcee65c0765f51bf,2021.06.08.16.31.33_veh-38,7acd2a98ba7b5157,0,0.18842245638370514,"[252, 487, 484, 389]",16,2.3162803649902344,2.309696674346924,"[0.8845025300979614, 1.9461969137191772, 3.436417579650879, 2.99800443649292]","[0.8828856945037842, 1.9436920881271362, 3.4321796894073486, 2.980029582977295]",0.05411269888281822
lora_current_target_control,29,train,82abb0794a955aff,2021.10.05.08.11.15_veh-50,d53d220a77795cee,1,0.5396775007247925,"[501, 486, 468, 484]",16,1.452143907546997,1.4519999027252197,"[1.334686517715454, 1.3263434171676636, 1.2229385375976562, 1.9246070384979248]","[1.3347079753875732, 1.3265663385391235, 1.220993995666504, 1.9257313013076782]",0.04822878539562225
lora_current_target_control,29,train,fa9ebf82174f56e2,2021.10.05.08.11.15_veh-50,81ed977eb5a1520d,1,0.41540664434432983,"[485, 484, 487, 471]",16,1.6968967914581299,1.6904537677764893,"[0.6959694623947144, 1.820406436920166, 2.091339349746704, 2.1798715591430664]","[0.6908021569252014, 1.8123314380645752, 2.0832948684692383, 2.175386667251587]",0.06415337324142456
lora_current_target_control,29,train,de7aee4bfd4650d8,2021.10.05.08.11.15_veh-50,8a8fe2f545dd5865,2,0.5698289275169373,"[402, 467, 370, 435]",12,3.0786242485046387,3.075302839279175,"[3.260941505432129, null, 3.0331742763519287, 2.941756010055542]","[3.25732421875, null, 3.0304789543151855, 2.9381046295166016]",0.05793367698788643
lora_current_target_control,29,train,7f74e72074485b12,2021.10.05.08.11.15_veh-50,2bbefccd0ef85651,1,0.7844696044921875,"[495, 496, 497, 463]",0,0.0,0.0,"[null, null, null, null]","[null, null, null, null]",0.056478504091501236
lora_current_target_control,29,train,acf207f491775e7b,2021.10.05.08.11.15_veh-50,ae67187c90635ca6,0,0.16978949308395386,"[451, 482, 452, 483]",8,1.5343700647354126,1.5108405351638794,"[1.773376226425171, 1.2953637838363647, null, null]","[1.737138271331787, 1.2845427989959717, null, null]",0.11288366466760635
lora_current_target_control,29,train,246eb858bec25310,2021.10.05.08.11.15_veh-50,4782310b87105568,2,0.30222436785697937,"[511, 495, 490, 488]",16,2.2018232345581055,2.1565725803375244,"[1.4351367950439453, 2.360353469848633, 2.4630744457244873, 2.5487279891967773]","[1.3980095386505127, 2.316093683242798, 2.428328037261963, 2.483858346939087]",0.10856092721223831
lora_current_target_control,29,train,40e23bdca88c5b0d,2021.10.05.08.11.15_veh-50,780bff4205715957,0,0.2821466326713562,"[390, 358, 391, 451]",12,1.520089864730835,1.5203590393066406,"[1.4099597930908203, 1.689448595046997, 1.4608606100082397, null]","[1.410933494567871, 1.6876147985458374, 1.4625287055969238, null]",0.05643311142921448
lora_current_target_control,29,train,8d59999281da5243,2021.10.05.08.11.15_veh-50,e6ed98e5973e5120,0,0.378801554441452,"[485, 449, 451, 388]",16,1.5225248336791992,1.467322826385498,"[0.7095671892166138, 2.065608501434326, 0.743377685546875, 2.5715458393096924]","[0.6746084690093994, 2.0069966316223145, 0.7074927091598511, 2.480193853378296]",0.13034771382808685
lora_current_target_control,29,train,75afc126374359d3,2021.09.15.14.00.15_veh-28,821da079291c52cf,1,0.07249538600444794,"[452, 391, 360, 392]",16,2.695680856704712,2.703439474105835,"[2.349882125854492, 2.791628360748291, 3.171596050262451, 2.4696171283721924]","[2.359161853790283, 2.798804759979248, 3.1752820014953613, 2.4805092811584473]",0.037002746015787125
lora_current_target_control,29,train,973a7c9d77ca5b23,2021.09.15.14.00.15_veh-28,19e39a5880c754ad,1,0.028252504765987396,"[490, 486, 457, 491]",4,1.6790075302124023,1.6679989099502563,"[1.6790075302124023, null, null, null]","[1.6679989099502563, null, null, null]",0.05500897020101547
lora_current_target_control,29,train,095741f4465352b3,2021.09.15.14.00.15_veh-28,96b8f4dbc6995cb7,1,0.10053033381700516,"[487, 501, 488, 509]",16,2.9863240718841553,2.971999406814575,"[2.772885799407959, 2.6120643615722656, 3.5019655227661133, 3.0583808422088623]","[2.7634193897247314, 2.5907294750213623, 3.4963583946228027, 3.0374903678894043]",0.06322149187326431
lora_current_target_control,29,train,4617f5dbb29c500a,2021.09.15.14.00.15_veh-28,07d29dd2e9c6500b,1,0.10953725129365921,"[483, 454, 485, 480]",0,0.0,0.0,"[null, null, null, null]","[null, null, null, null]",0.04133440554141998
lora_current_target_control,29,train,b0f67ce7d678590b,2021.09.15.14.00.15_veh-28,9341eeedf0ae5c32,1,0.10348469018936157,"[206, 207, 349, 205]",8,1.1725869178771973,1.1721560955047607,"[1.1539584398269653, 1.1912152767181396, null, null]","[1.1534368991851807, 1.19087553024292, null, null]",0.037496719509363174
lora_current_target_control,29,train,13456839ba8c52ef,2021.09.15.14.00.15_veh-28,d24fb2b39ae1574e,1,0.07264821231365204,"[423, 394, 421, 360]",0,0.0,0.0,"[null, null, null, null]","[null, null, null, null]",0.039040062576532364
lora_current_target_control,29,train,1df7865b517251d0,2021.09.15.14.00.15_veh-28,dc1ef9d49cb25b98,1,0.02337365597486496,"[473, 507, 238, 379]",8,2.6632704734802246,2.655351161956787,"[1.861853837966919, 3.4646873474121094, null, null]","[1.8571687936782837, 3.45353364944458, null, null]",0.056960031390190125
lora_current_target_control,29,train,38f3a2f5fe33500f,2021.09.15.14.00.15_veh-28,5a06354563625c69,2,0.35976216197013855,"[487, 458, 426, 493]",16,2.3382434844970703,2.329507827758789,"[2.0451889038085938, 2.0371994972229004, 2.4643635749816895, 2.806222438812256]","[2.033769369125366, 2.0330920219421387, 2.461513042449951, 2.7896571159362793]",0.059843916445970535
lora_current_target_control,29,train,95535851c7b75757,2021.07.16.22.40.23_veh-38,6e36585b2ea55145,1,0.1074003279209137,"[429, 497, 464, 460]",8,2.5387661457061768,2.5308566093444824,"[2.6101436614990234, 2.46738862991333, null, null]","[2.6029679775238037, 2.458745241165161, null, null]",0.05561884120106697
lora_current_target_control,29,train,6764c662e15e5b48,2021.07.16.22.40.23_veh-38,216d4aa3e3fe59a3,1,0.04093317687511444,"[490, 487, 495, 493]",16,1.8428677320480347,1.833306074142456,"[1.3889129161834717, 1.4252511262893677, 1.7111886739730835, 2.846118211746216]","[1.3807458877563477, 1.4174022674560547, 1.6987981796264648, 2.836277484893799]",0.0691056102514267
lora_current_target_control,29,train,7bf05e0f52b75ee2,2021.07.16.22.40.23_veh-38,1deff9a6d27a5f6b,0,0.02470345050096512,"[456, 393, 426, 420]",16,3.4232218265533447,3.4164819717407227,"[2.939140558242798, 3.4809622764587402, 3.5228514671325684, 3.7499327659606934]","[2.9325032234191895, 3.4696013927459717, 3.510770320892334, 3.7530531883239746]",0.03453008830547333
lora_current_target_control,29,train,673b04fae3fc5595,2021.07.16.22.40.23_veh-38,a7823a906c555e39,1,0.025654030963778496,"[429, 493, 492, 238]",16,1.6676619052886963,1.6632909774780273,"[0.8058353662490845, 0.8542999625205994, 1.267676830291748, 3.7428359985351562]","[0.8047946095466614, 0.8520619869232178, 1.2620360851287842, 3.7342708110809326]",0.0533098429441452
lora_current_target_control,29,train,c8faaa73c9c054d1,2021.07.16.22.40.23_veh-38,98071366467650ae,0,0.08407147228717804,"[422, 419, 459, 390]",16,2.8571293354034424,2.8349220752716064,"[1.6098554134368896, 1.9970256090164185, 3.169940948486328, 4.651695251464844]","[1.5950922966003418, 1.9849369525909424, 3.146552324295044, 4.613107204437256]",0.06149419769644737
lora_current_target_control,29,train,5e5f522e3ecd5cca,2021.07.16.22.40.23_veh-38,900bff237382523c,1,0.3003377616405487,"[450, 487, 470, 486]",4,1.4231030941009521,1.4229977130889893,"[1.4231030941009521, null, null, null]","[1.4229977130889893, null, null, null]",0.05116292089223862
lora_current_target_control,29,train,378d61da938e5420,2021.07.16.22.40.23_veh-38,b4d6add3705a50f5,1,0.033993229269981384,"[495, 462, 460, 394]",4,1.8971070051193237,1.8840643167495728,"[1.8971070051193237, null, null, null]","[1.8840643167495728, null, null, null]",0.07178106904029846
lora_current_target_control,29,train,8bcd32f3329b5729,2021.07.16.22.40.23_veh-38,ce32a45e2c885ce0,1,0.1263730227947235,"[424, 393, 391, 483]",4,2.376378059387207,2.313004493713379,"[null, null, null, 2.376378059387207]","[null, null, null, 2.313004493713379]",0.10719390958547592
lora_current_target_control,29,train,85107617069e5eae,2021.10.05.07.49.39_veh-52,a3270c0c8ca250a5,2,0.484738290309906,"[451, 486, 459, 425]",16,2.0485315322875977,2.0491087436676025,"[2.7253775596618652, 1.498615026473999, 1.8607465028762817, 2.1093873977661133]","[2.7282609939575195, 1.49849271774292, 1.8576033115386963, 2.1120781898498535]",0.05012761801481247
lora_current_target_control,29,train,dd9d8e686a345f74,2021.10.05.07.49.39_veh-52,6ef4b849a52f565e,1,0.12048620730638504,"[487, 424, 456, 485]",16,0.8591422438621521,0.8414191007614136,"[0.41924357414245605, 0.906836986541748, 1.1637461185455322, 0.9467423558235168]","[0.4050857424736023, 0.8846831917762756, 1.1424624919891357, 0.9334449172019958]",0.10046425461769104
lora_current_target_control,29,train,d25f823ffc5f55cf,2021.10.05.07.49.39_veh-52,b9c2d90e9f0d5298,2,0.22899524867534637,"[484, 485, 488, 492]",16,2.155837059020996,2.1047301292419434,"[1.1880216598510742, 1.6938669681549072, 2.741274118423462, 3.000185489654541]","[1.1458896398544312, 1.6337578296661377, 2.706669807434082, 2.932602882385254]",0.13333161175251007
lora_current_target_control,29,train,fa41647d02c7591c,2021.10.05.07.49.39_veh-52,425547b119ac51e8,2,0.572932779788971,"[454, 455, 487, 486]",4,2.6237034797668457,2.607384443283081,"[2.6237034797668457, null, null, null]","[2.607384443283081, null, null, null]",0.05868985503911972
lora_current_target_control,29,train,e1513979c1a25a3a,2021.10.05.07.49.39_veh-52,63675e4e47d35a9c,0,0.30392953753471375,"[389, 354, 421, 452]",16,3.1879515647888184,3.1870534420013428,"[3.0321807861328125, 3.2408666610717773, 3.6021862030029297, 2.876572608947754]","[3.029097557067871, 3.2474827766418457, 3.59983491897583, 2.871798515319824]",0.06344535946846008
lora_current_target_control,29,train,21a96107cf785a63,2021.10.05.07.49.39_veh-52,425547b119ac51e8,0,0.20338383316993713,"[452, 454, 360, 419]",12,1.9931882619857788,1.9878886938095093,"[1.9251965284347534, 2.0833840370178223, 1.9709841012954712, null]","[1.9211175441741943, 2.077324390411377, 1.965224027633667, null]",0.06915517151355743
lora_current_target_control,29,train,0961f8661d8a58c2,2021.10.05.07.49.39_veh-52,1cb0c69eb34a51f0,2,0.864242434501648,"[507, 506, 476, 415]",4,0.7862248420715332,0.782264232635498,"[0.7862248420715332, null, null, null]","[0.782264232635498, null, null, null]",0.08553265035152435
lora_current_target_control,29,train,5c78f13876e0582b,2021.10.05.07.49.39_veh-52,a140ff94e233594d,1,0.24431216716766357,"[483, 481, 451, 450]",16,1.6215687990188599,1.6183109283447266,"[1.3636398315429688, 2.0899953842163086, 1.2564160823822021, 1.77622389793396]","[1.3611912727355957, 2.0897207260131836, 1.2556421756744385, 1.7666900157928467]",0.054013706743717194
lora_current_target_control,29,train,8b0932e2de6753ab,2021.06.09.12.06.35_veh-35,29cb5c1452bc5bce,1,0.2780604362487793,"[461, 491, 428, 493]",4,3.2185943126678467,3.2195849418640137,"[3.2185943126678467, null, null, null]","[3.2195849418640137, null, null, null]",0.05735279619693756
lora_current_target_control,29,train,c2b7349b328858ac,2021.06.09.12.06.35_veh-35,39e28bb91b3c557d,0,0.06492744386196136,"[439, 440, 407, 371]",4,3.822077512741089,3.788238286972046,"[3.822077512741089, null, null, null]","[3.788238286972046, null, null, null]",0.05341695249080658
lora_current_target_control,29,train,482e228f118e544b,2021.06.09.12.06.35_veh-35,d8e166bb74fc5f00,1,0.06945645064115524,"[448, 480, 485, 358]",8,2.0948684215545654,2.072115898132324,"[1.7600189447402954, 2.429718017578125, null, null]","[1.7415087223052979, 2.4027233123779297, null, null]",0.06734191626310349
lora_current_target_control,29,train,0bcc8551849c538f,2021.06.09.12.06.35_veh-35,ab18f13d87e7560f,1,0.11211971193552017,"[485, 454, 484, 424]",8,0.9120537042617798,0.9104911088943481,"[null, null, 1.0467190742492676, 0.777388334274292]","[null, null, 1.0427179336547852, 0.7782643437385559]",0.03546445444226265
lora_current_target_control,29,train,79ea424b3b2b51e7,2021.06.09.12.06.35_veh-35,7331a1cdf1cd5f28,1,0.0522414967417717,"[238, 239, 241, 480]",8,2.0078985691070557,1.999373435974121,"[null, null, 1.5573333501815796, 2.458463668823242]","[null, null, 1.5543690919876099, 2.444377899169922]",0.055560048669576645
lora_current_target_control,29,train,5a4f5d512d285fd2,2021.06.09.12.06.35_veh-35,7331a1cdf1cd5f28,1,0.08942381292581558,"[486, 493, 454, 448]",0,0.0,0.0,"[null, null, null, null]","[null, null, null, null]",0.03655587509274483
lora_current_target_control,29,train,f56f173b6d3b52d4,2021.06.09.12.06.35_veh-35,533c96a969445755,1,0.030959218740463257,"[489, 458, 429, 398]",16,1.3232851028442383,1.3203225135803223,"[1.4482165575027466, 1.1325305700302124, 1.7861573696136475, 0.9262359738349915]","[1.4487254619598389, 1.1285858154296875, 1.7819163799285889, 0.9220628142356873]",0.07265844196081161
lora_current_target_control,29,train,7d14dc9e1394504c,2021.06.09.12.06.35_veh-35,15746f958b855ce1,1,0.08859126269817352,"[394, 362, 393, 363]",4,2.422248601913452,2.3840928077697754,"[2.422248601913452, null, null, null]","[2.3840928077697754, null, null, null]",0.09865595400333405
lora_current_target_control,29,train,a0b601837cc25f9a,2021.06.07.12.54.00_veh-35,e6276d5babcf57c5,1,0.14367792010307312,"[483, 453, 421, 451]",16,2.0422067642211914,2.0444700717926025,"[1.7643401622772217, 1.418742299079895, 2.1791200637817383, 2.806624412536621]","[1.7637995481491089, 1.4224803447723389, 2.17643404006958, 2.815166473388672]",0.04596157371997833
lora_current_target_control,29,train,dcbf1cf262365995,2021.06.07.12.54.00_veh-35,e7819c9d528b5035,1,1.4687273502349854,"[459, 458, 421, 480]",4,2.7236227989196777,2.692974805831909,"[2.7236227989196777, null, null, null]","[2.692974805831909, null, null, null]",0.08822458237409592
lora_current_target_control,29,train,4f0a0a61bdaa5a59,2021.06.07.12.54.00_veh-35,528ee06dd0565678,1,0.17357993125915527,"[484, 452, 482, 421]",4,1.9262974262237549,1.9200397729873657,"[1.9262974262237549, null, null, null]","[1.9200397729873657, null, null, null]",0.04712942987680435
lora_current_target_control,29,train,4c2e114b0f5c5cee,2021.06.07.12.54.00_veh-35,c0d79102a9225562,1,0.22992703318595886,"[333, 361, 334, 329]",16,1.7765722274780273,1.775800108909607,"[0.44982874393463135, 1.0607273578643799, 2.1580636501312256, 3.437669277191162]","[0.446798175573349, 1.0610387325286865, 2.1561827659606934, 3.439180850982666]",0.05760033056139946
lora_current_target_control,29,train,9ac6b0c708ef57ba,2021.06.07.12.54.00_veh-35,91deaa6b42c85a71,1,0.17292332649230957,"[392, 424, 391, 362]",4,1.4198906421661377,1.4028615951538086,"[1.4198906421661377, null, null, null]","[1.4028615951538086, null, null, null]",0.074376679956913
lora_current_target_control,29,train,8a85218e4a3d5fa2,2021.06.07.12.54.00_veh-35,91deaa6b42c85a71,1,0.388771116733551,"[452, 454, 391, 453]",0,0.0,0.0,"[null, null, null, null]","[null, null, null, null]",0.04796777293086052
lora_current_target_control,29,train,23b79e79cec15f05,2021.06.07.12.54.00_veh-35,f5c76f15450f5cd1,1,0.08551650494337082,"[207, 238, 206, 464]",4,1.0664767026901245,1.0613627433776855,"[1.0664767026901245, null, null, null]","[1.0613627433776855, null, null, null]",0.040888749063014984
lora_current_target_control,29,train,e5e57399ea0a5228,2021.06.07.12.54.00_veh-35,25302d95d9f158f7,1,1.180871605873108,"[454, 392, 422, 360]",16,2.4361462593078613,2.400761127471924,"[2.135080337524414, 2.7282767295837402, 2.836834192276001, 2.0443928241729736]","[2.093812942504883, 2.6799607276916504, 2.7822062969207764, 2.0470638275146484]",0.10154150426387787
lora_current_target_control,29,train,e1a8d2a630635703,2021.06.14.14.03.45_veh-38,8f286698db6d541b,1,0.14966553449630737,"[396, 491, 500, 498]",16,3.036012649536133,3.0310657024383545,"[1.4951412677764893, 1.2870986461639404, 2.5931265354156494, 6.768683433532715]","[1.4913479089736938, 1.283096432685852, 2.5851612091064453, 6.764657020568848]",0.04344268888235092
lora_current_target_control,29,train,aece322a1d42538a,2021.06.14.14.03.45_veh-38,7540234731835704,1,0.07501843571662903,"[491, 458, 460, 495]",16,4.017963409423828,4.018819332122803,"[2.865093469619751, 4.181081295013428, 4.513506889343262, 4.512173175811768]","[2.8660292625427246, 4.184380531311035, 4.510850429534912, 4.5140180587768555]",0.05027499049901962
lora_current_target_control,29,train,9d0bf147438e5fb3,2021.06.14.14.03.45_veh-38,23e9bf0d2cbe5bab,1,0.017413577064871788,"[237, 235, 238, 491]",4,0.5199766159057617,0.5182796120643616,"[0.5199766159057617, null, null, null]","[0.5182796120643616, null, null, null]",0.035328157246112823
lora_current_target_control,29,train,f2d2c1ea12755312,2021.06.14.14.03.45_veh-38,34c1915fbf665c36,1,0.05721551179885864,"[498, 497, 237, 238]",8,1.9079275131225586,1.9052634239196777,"[1.9204641580581665, 1.8953909873962402, null, null]","[1.9172959327697754, 1.8932310342788696, null, null]",0.03894079104065895
lora_current_target_control,29,train,cea14bc9e11e5a9a,2021.06.14.14.03.45_veh-38,6be18c3f08665d95,1,0.15604889392852783,"[362, 170, 169, 171]",4,0.8346211910247803,0.8285167217254639,"[0.8346211910247803, null, null, null]","[0.8285167217254639, null, null, null]",0.05222279205918312
lora_current_target_control,29,train,4a60572394c95d99,2021.06.14.14.03.45_veh-38,7e940171cbb2501f,1,0.08929144591093063,"[242, 251, 253, 231]",4,0.8759893774986267,0.8708283305168152,"[0.8759893774986267, null, null, null]","[0.8708283305168152, null, null, null]",0.04825794696807861
lora_current_target_control,29,train,73c60faa4a4f50d5,2021.06.14.14.03.45_veh-38,3310381978495db6,1,0.04340275377035141,"[331, 330, 483, 431]",16,2.639338493347168,2.6356029510498047,"[1.8709511756896973, 2.7030558586120605, 3.295891284942627, 2.687455654144287]","[1.8645272254943848, 2.6980390548706055, 3.289736270904541, 2.6901090145111084]",0.049868982285261154
lora_current_target_control,29,train,19d7d544be8b5ed6,2021.06.14.14.03.45_veh-38,faff8007373357b2,0,0.10578439384698868,"[390, 489, 460, 225]",12,6.210387706756592,6.200122833251953,"[1.8896880149841309, 7.009550094604492, 9.731925010681152, null]","[1.8816123008728027, 6.993776321411133, 9.72497844696045, null]",0.04997194930911064
lora_current_target_control,29,train,0cee9b6cce6b55bb,2021.06.23.17.31.36_veh-16,5dd11df23010512b,1,0.04341584071516991,"[452, 483, 424, 425]",4,2.068645477294922,2.0642175674438477,"[2.068645477294922, null, null, null]","[2.0642175674438477, null, null, null]",0.035945598036050797
lora_current_target_control,29,train,b7e4f74f963b5911,2021.06.23.17.31.36_veh-16,12076247bcfc52af,0,0.030334465205669403,"[274, 270, 226, 271]",8,1.6909081935882568,1.6912564039230347,"[1.3871666193008423, 1.9946497678756714, null, null]","[1.3882851600646973, 1.994227647781372, null, null]",0.030449774116277695
lora_current_target_control,29,train,de1498ad86835196,2021.06.23.17.31.36_veh-16,0f8853ece4595cfd,1,0.02000369504094124,"[392, 451, 452, 390]",16,3.089592933654785,3.086270809173584,"[2.0202646255493164, 2.190338373184204, 3.2126121520996094, 4.935155868530273]","[2.020132064819336, 2.1871349811553955, 3.209186553955078, 4.9286298751831055]",0.047770336270332336
lora_current_target_control,29,train,025ec42ba16f587d,2021.06.23.17.31.36_veh-16,135f484f0eaf5a02,1,0.14809492230415344,"[488, 428, 485, 398]",16,1.2629393339157104,1.258575439453125,"[1.2354817390441895, 0.604926586151123, 1.4672352075576782, 1.7441139221191406]","[1.2295384407043457, 0.6039589643478394, 1.4609876871109009, 1.7398165464401245]",0.06527476757764816
lora_current_target_control,29,train,c3fcca93dde25e14,2021.06.23.17.31.36_veh-16,e9436dfe242a5e1e,0,0.29510897397994995,"[441, 473, 510, 477]",16,2.8524932861328125,2.831329345703125,"[2.680492401123047, 2.9973039627075195, 2.7312562465667725, 3.000920295715332]","[2.6643943786621094, 2.9627034664154053, 2.716083526611328, 2.9821360111236572]",0.08207012712955475
lora_current_target_control,29,train,e06e9be096c55f62,2021.06.23.17.31.36_veh-16,0ecd78b5d8165cd8,0,0.06168246269226074,"[453, 502, 435, 467]",16,1.748126745223999,1.740619421005249,"[1.7573025226593018, 1.775425910949707, 1.6188204288482666, 1.8409582376480103]","[1.751091480255127, 1.767802357673645, 1.6144412755966187, 1.8291423320770264]",0.04992295429110527
lora_current_target_control,29,train,3764fca3eb725eea,2021.06.23.17.31.36_veh-16,83605fe059ea5914,1,0.057272687554359436,"[440, 442, 439, 508]",16,2.715327739715576,2.71163272857666,"[2.115757465362549, 2.4631314277648926, 3.085653305053711, 3.1967692375183105]","[2.111579656600952, 2.452744960784912, 3.0804762840270996, 3.2017295360565186]",0.040180668234825134
lora_current_target_control,29,train,e37afb24cbc354b1,2021.06.23.17.31.36_veh-16,137a8e2e182e525a,1,0.05000634491443634,"[455, 392, 456, 173]",8,1.69403874874115,1.692766547203064,"[1.4646563529968262, 1.9234211444854736, null, null]","[1.4629230499267578, 1.9226100444793701, null, null]",0.043723300099372864
lora_current_target_control,29,train,99bf73c4d148509a,2021.06.14.18.13.35_veh-26,ece541c7453e5027,1,0.12200090289115906,"[321, 353, 487, 456]",8,2.3404760360717773,2.336036205291748,"[1.980215311050415, 2.7007369995117188, null, null]","[1.9756853580474854, 2.6963868141174316, null, null]",0.04390852898359299
lora_current_target_control,29,train,82183d4ed7285e2b,2021.06.14.18.13.35_veh-26,15b78bc7ecd45635,2,0.08067052066326141,"[511, 471, 474, 506]",16,2.620262622833252,2.618922710418701,"[1.851156234741211, 2.478539228439331, 3.1255407333374023, 3.025815010070801]","[1.850103497505188, 2.4811058044433594, 3.1208224296569824, 3.0236592292785645]",0.053319450467824936
lora_current_target_control,29,train,09fc359e65a65d2d,2021.06.14.18.13.35_veh-26,8c1c9f8ebebd5a2c,0,0.03158640116453171,"[369, 243, 207, 336]",0,0.0,0.0,"[null, null, null, null]","[null, null, null, null]",0.051634952425956726
lora_current_target_control,29,train,ee6a818615ff51ba,2021.06.14.18.13.35_veh-26,78f10869dcaa5d66,0,0.17656758427619934,"[416, 417, 387, 424]",12,2.1082074642181396,2.1049227714538574,"[2.0272436141967773, 2.0561275482177734, 2.241251230239868, null]","[2.0245003700256348, 2.0530524253845215, 2.237215042114258, null]",0.048038579523563385
lora_current_target_control,29,train,e134b297048b5c37,2021.06.14.18.13.35_veh-26,290604a14d365b9b,0,0.042500466108322144,"[421, 424, 396, 454]",8,1.8067405223846436,1.7952817678451538,"[null, null, 1.687164306640625, 1.9263169765472412]","[null, null, 1.6766778230667114, 1.9138858318328857]",0.061224713921546936
lora_current_target_control,29,train,9c833d715d5a5f2c,2021.06.14.18.13.35_veh-26,ce646f56ab2a530e,0,0.05570221692323685,"[389, 423, 420, 386]",16,2.2069411277770996,2.1977522373199463,"[2.214878797531128, 2.2038586139678955, 2.3153128623962402, 2.093714475631714]","[2.202986001968384, 2.1930809020996094, 2.31182599067688, 2.083115577697754]",0.05613698065280914
lora_current_target_control,29,train,505bbe9ba4405369,2021.06.14.18.13.35_veh-26,20e402609e615776,1,0.030650028958916664,"[360, 361, 329, 330]",4,0.6922452449798584,0.6858985424041748,"[0.6922452449798584, null, null, null]","[0.6858985424041748, null, null, null]",0.07629960030317307
lora_current_target_control,29,train,7c0f902cd4a85505,2021.06.14.18.13.35_veh-26,bc0a766ff84b5442,1,0.07850301265716553,"[391, 419, 452, 481]",0,0.0,0.0,"[null, null, null, null]","[null, null, null, null]",0.0779610350728035
lora_current_target_control,29,train,aa5610ae761e5330,2021.08.17.17.55.18_veh-43,f928e8f7bee55d18,2,0.22627779841423035,"[486, 483, 454, 488]",4,2.7823824882507324,2.7501626014709473,"[null, null, null, 2.7823824882507324]","[null, null, null, 2.7501626014709473]",0.08478529006242752
lora_current_target_control,29,train,06f416ef3dbc5656,2021.08.17.17.55.18_veh-43,e0efd254e94b5c5d,1,0.028926653787493706,"[492, 436, 433, 430]",4,2.031794786453247,2.0206589698791504,"[2.031794786453247, null, null, null]","[2.0206589698791504, null, null, null]",0.05412754788994789
lora_current_target_control,29,train,9adfdd4c06cf5e8c,2021.08.17.17.55.18_veh-43,7032266a8b3259e9,1,0.088326595723629,"[474, 475, 507, 441]",0,0.0,0.0,"[null, null, null, null]","[null, null, null, null]",0.05034295842051506
lora_current_target_control,29,train,94014ea94dae5180,2021.08.17.17.55.18_veh-43,03d335bbfd355432,1,0.03132164105772972,"[399, 432, 237, 370]",8,6.124978542327881,6.114654541015625,"[null, null, 7.485356330871582, 4.76460075378418]","[null, null, 7.47679328918457, 4.752514839172363]",0.06284337490797043
lora_current_target_control,29,train,996a71ebed2d5962,2021.08.17.17.55.18_veh-43,669b4bc52a755a71,1,0.12210264056921005,"[484, 452, 456, 504]",12,1.1979608535766602,1.2009731531143188,"[1.0592217445373535, 1.5376815795898438, 0.9969788193702698, null]","[1.0635428428649902, 1.5426406860351562, 0.9967358112335205, null]",0.051716044545173645
lora_current_target_control,29,train,b65cdf1698ec58da,2021.08.17.17.55.18_veh-43,f5ce59f542c15ccf,2,0.0848248302936554,"[511, 479, 508, 510]",8,1.735133171081543,1.7323827743530273,"[null, null, 1.9244027137756348, 1.5458639860153198]","[null, null, 1.918630599975586, 1.5461349487304688]",0.08878142386674881
lora_current_target_control,29,train,7c897aea11555116,2021.08.17.17.55.18_veh-43,119facee9f435d2d,1,0.012105954810976982,"[266, 200, 471, 473]",0,0.0,0.0,"[null, null, null, null]","[null, null, null, null]",0.03227788582444191
lora_current_target_control,29,train,9d8bbe7081805aff,2021.08.17.17.55.18_veh-43,e4f7253cff9559e5,1,0.554457426071167,"[456, 327, 487, 385]",8,2.3743436336517334,2.368659257888794,"[null, null, 2.069821834564209, 2.678865432739258]","[null, null, 2.0602223873138428, 2.677096366882324]",0.041676539927721024
lora_current_target_control,29,train,6f13db85eb395da6,2021.06.07.18.53.26_veh-26,b4aa9d6255005ff4,1,0.7739889025688171,"[487, 488, 491, 460]",8,0.6441720128059387,0.6207555532455444,"[0.2753452956676483, 1.0129987001419067, null, null]","[0.2590060830116272, 0.9825049638748169, null, null]",0.10149192065000534
lora_current_target_control,29,train,90bab1d26e77539e,2021.06.07.18.53.26_veh-26,a775290bfe11501c,1,0.5620366930961609,"[491, 429, 493, 459]",12,3.887622594833374,3.891829252243042,"[null, 3.7479569911956787, 3.3383853435516357, 4.5765252113342285]","[null, 3.7550806999206543, 3.34049129486084, 4.579915523529053]",0.048065509647130966
lora_current_target_control,29,train,a0fad9da427656e1,2021.06.07.18.53.26_veh-26,7c918a18841755fe,1,0.8019036054611206,"[385, 450, 354, 452]",16,2.267338275909424,2.2535951137542725,"[1.9016443490982056, 2.4811553955078125, 2.030083179473877, 2.65647029876709]","[1.8915672302246094, 2.469980001449585, 2.01220965385437, 2.6406235694885254]",0.06278946250677109
lora_current_target_control,29,train,cc2769dbb64c51c5,2021.06.07.18.53.26_veh-26,e056042111235af2,0,0.18715152144432068,"[424, 392, 426, 489]",12,2.568721055984497,2.558173179626465,"[1.0240062475204468, null, 3.0265588760375977, 3.655597686767578]","[1.0154426097869873, null, 3.0178351402282715, 3.6412413120269775]",0.062350865453481674
lora_current_target_control,29,train,3a42aaf9c7ad52b0,2021.06.07.18.53.26_veh-26,a775290bfe11501c,1,0.017204556614160538,"[324, 356, 235, 208]",0,0.0,0.0,"[null, null, null, null]","[null, null, null, null]",0.05237260460853577
lora_current_target_control,29,train,9ce593252631507d,2021.06.07.18.53.26_veh-26,5ed65930b4c35bfa,1,0.5530478358268738,"[487, 488, 485, 457]",12,1.9620479345321655,1.9527146816253662,"[1.650435447692871, 1.9060887098312378, 2.329619884490967, null]","[1.6395437717437744, 1.90264093875885, 2.3159592151641846, null]",0.09219928830862045
lora_current_target_control,29,train,d7bf7fb4d1995e7e,2021.06.07.18.53.26_veh-26,ead01d808c89587c,1,0.11192476004362106,"[486, 485, 484, 483]",16,2.1873161792755127,2.175368309020996,"[1.7032580375671387, 2.3207132816314697, 2.5070834159851074, 2.2182095050811768]","[1.690114974975586, 2.3097634315490723, 2.4941611289978027, 2.2074337005615234]",0.0856800228357315
lora_current_target_control,29,train,884a4400377653c4,2021.06.07.18.53.26_veh-26,77179676f4c656da,0,0.23253831267356873,"[454, 422, 423, 388]",16,1.847032904624939,1.8352546691894531,"[1.9391870498657227, 1.5611860752105713, 2.0802388191223145, 1.8075199127197266]","[1.9232302904129028, 1.5535019636154175, 2.069669485092163, 1.7946174144744873]",0.07083738595247269
lora_current_target_control,29,train,f2a8a11d1d9957c6,2021.08.17.17.17.01_veh-45,d53c011070a753b3,1,0.20575189590454102,"[495, 488, 463, 459]",8,1.1798977851867676,1.1781859397888184,"[1.2807108163833618, 1.0790847539901733, null, null]","[1.2768115997314453, 1.0795605182647705, null, null]",0.04413334280252457
lora_current_target_control,29,train,448fcc465ce2589c,2021.08.17.17.17.01_veh-45,2d50451fc5045ec3,1,0.09069931507110596,"[403, 503, 501, 437]",4,1.9430251121520996,1.9412068128585815,"[1.9430251121520996, null, null, null]","[1.9412068128585815, null, null, null]",0.04940417781472206
lora_current_target_control,29,train,5b9eea7538235f36,2021.08.17.17.17.01_veh-45,58adb0f87a905810,2,0.13697151839733124,"[492, 496, 495, 428]",12,3.4221038818359375,3.4154536724090576,"[2.865511655807495, 3.8264758586883545, null, 3.574323892593384]","[2.859931468963623, 3.8264689445495605, null, 3.5599608421325684]",0.05335559323430061
lora_current_target_control,29,train,8da3d9d2de0c53bd,2021.08.17.17.17.01_veh-45,56ef3c9f702054a5,0,0.20324312150478363,"[491, 454, 492, 417]",0,0.0,0.0,"[null, null, null, null]","[null, null, null, null]",0.047677453607320786
lora_current_target_control,29,train,4cb6f16e6fd75ae6,2021.08.17.17.17.01_veh-45,01fcbea54a215b4c,0,0.13988125324249268,"[486, 393, 483, 484]",0,0.0,0.0,"[null, null, null, null]","[null, null, null, null]",0.07361964136362076
lora_current_target_control,29,train,6bf7c64d674550c0,2021.08.17.17.17.01_veh-45,e9ee1f2ed60e5dad,0,0.08032415807247162,"[492, 422, 496, 488]",16,2.6537749767303467,2.650186538696289,"[1.6270395517349243, 2.0835587978363037, 3.4284677505493164, 3.4760334491729736]","[1.6225128173828125, 2.075287342071533, 3.4255378246307373, 3.4774084091186523]",0.03778733313083649
lora_current_target_control,29,train,400d720e95ee5e13,2021.08.17.17.17.01_veh-45,e334ef237217504d,0,0.11138179898262024,"[480, 481, 448, 483]",12,2.911576747894287,2.8901965618133545,"[null, 2.646813154220581, 2.876723051071167, 3.211193561553955]","[null, 2.626751661300659, 2.8587825298309326, 3.185055732727051]",0.10078222304582596
lora_current_target_control,29,train,f16683fd19e558c2,2021.08.17.17.17.01_veh-45,091fcca513f752d2,0,0.16323159635066986,"[455, 392, 391, 492]",4,4.751357555389404,4.743908882141113,"[null, null, null, 4.751357555389404]","[null, null, null, 4.743908882141113]",0.07951455563306808
lora_current_target_control,29,development,5b2b2741a9225324,2021.06.07.17.46.49_veh-35,d27fc0739dad5664,1,0.8017165660858154,"[454, 420, 449, 484]",16,2.654632091522217,2.6413073539733887,"[2.057595729827881, 2.5599417686462402, 3.2007181644439697, 2.8002734184265137]","[2.042407512664795, 2.5485730171203613, 3.1803689002990723, 2.793879508972168]",0.05646687373518944
lora_current_target_control,29,development,1dc3ed89baf15ac3,2021.06.07.17.46.49_veh-35,1dabc8e66ab15cb6,1,0.2212579846382141,"[491, 235, 421, 237]",4,2.1939094066619873,2.1934852600097656,"[2.1939094066619873, null, null, null]","[2.1934852600097656, null, null, null]",0.03588435426354408
lora_current_target_control,29,development,2daea025bb7e5a2c,2021.06.07.17.46.49_veh-35,db1cb602e9f05786,1,0.3159596920013428,"[426, 330, 308, 362]",8,3.6863601207733154,3.6802258491516113,"[2.6683154106140137, 4.704404830932617, null, null]","[2.663060188293457, 4.697391510009766, null, null]",0.0545184388756752
lora_current_target_control,29,development,be3bc0fa680c5e33,2021.06.07.17.46.49_veh-35,17a02971177257e5,0,0.5404072403907776,"[492, 458, 491, 396]",16,2.2648584842681885,2.261176586151123,"[1.9972494840621948, 2.035170316696167, 2.6212456226348877, 2.4057681560516357]","[1.9954290390014648, 2.0330896377563477, 2.6185483932495117, 2.3976387977600098]",0.05048711597919464
lora_current_target_control,29,development,2903fe2f977f5927,2021.06.07.17.46.49_veh-35,f29c7a8c103151ea,1,0.9859343767166138,"[391, 423, 300, 268]",0,0.0,0.0,"[null, null, null, null]","[null, null, null, null]",0.058989018201828
lora_current_target_control,29,development,c362c24b66b351ed,2021.06.07.17.46.49_veh-35,186b67f7d5325988,1,1.0556539297103882,"[460, 428, 457, 432]",4,0.7195593118667603,0.7118935585021973,"[0.7195593118667603, null, null, null]","[0.7118935585021973, null, null, null]",0.07306987792253494
lora_current_target_control,29,development,222f5d6a4aa25d89,2021.06.07.17.46.49_veh-35,75787c317e3a5b82,1,0.6517155170440674,"[361, 331, 330, 329]",16,1.5999035835266113,1.5942490100860596,"[0.8716952204704285, 1.4705662727355957, 2.201765537261963, 1.8555870056152344]","[0.8690152168273926, 1.4643797874450684, 2.1881871223449707, 1.8554142713546753]",0.04512260854244232
lora_current_target_control,29,development,933f03af8f385207,2021.06.07.17.46.49_veh-35,9036e1622d84535c,2,0.4709351062774658,"[354, 353, 352, 450]",16,2.645524024963379,2.627509117126465,"[2.031257152557373, 2.5141749382019043, 2.529606342315674, 3.5070571899414062]","[2.012751579284668, 2.489290475845337, 2.5144903659820557, 3.4935030937194824]",0.05808610841631889
lora_current_target_control,29,development,063ebdb158075369,2021.06.09.11.54.15_veh-12,ff376a5096665630,1,0.03925549238920212,"[240, 242, 435, 238]",8,2.863917827606201,2.861757755279541,"[2.0926413536071777, 3.6351940631866455, null, null]","[2.0891542434692383, 3.6343612670898438, null, null]",0.04942898824810982
lora_current_target_control,29,development,c0a1b812e095547d,2021.06.09.11.54.15_veh-12,402aea4619c55186,1,0.18693861365318298,"[391, 472, 471, 470]",12,2.295417308807373,2.2995376586914062,"[null, 2.453681468963623, 2.0829648971557617, 2.3496055603027344]","[null, 2.4595251083374023, 2.0840649604797363, 2.3550219535827637]",0.03596862033009529
lora_current_target_control,29,development,482f957d79f45f55,2021.06.09.11.54.15_veh-12,5107aa8e98035ec1,1,0.0937374010682106,"[428, 496, 438, 433]",8,3.3830907344818115,3.370804786682129,"[2.5756070613861084, 4.190574645996094, null, null]","[2.561647891998291, 4.179961681365967, null, null]",0.05082200840115547
lora_current_target_control,29,development,6561907765f2550f,2021.06.09.11.54.15_veh-12,91420a0f9dc25fe9,1,0.12181989848613739,"[458, 399, 489, 505]",0,0.0,0.0,"[null, null, null, null]","[null, null, null, null]",0.05173279345035553
lora_current_target_control,29,development,5742dd4bd86e5127,2021.06.09.11.54.15_veh-12,3c893aadfc175960,1,0.049659207463264465,"[354, 267, 363, 331]",12,2.3515541553497314,2.3326027393341064,"[1.6257925033569336, 2.1930220127105713, 3.2358477115631104, null]","[1.6106986999511719, 2.169984817504883, 3.2171244621276855, null]",0.07398692518472672
lora_current_target_control,29,development,ecc85792eb665ba0,2021.06.09.11.54.15_veh-12,7b3b09ed718b5bf4,1,0.14062955975532532,"[493, 502, 505, 506]",16,3.7031993865966797,3.6998069286346436,"[3.9523351192474365, 3.211374282836914, 3.869036912918091, 3.7800517082214355]","[3.947500467300415, 3.208808422088623, 3.872011184692383, 3.770907163619995]",0.047121141105890274
lora_current_target_control,29,development,599c900bc4e95312,2021.06.09.11.54.15_veh-12,8f3409a47a455049,2,0.19686388969421387,"[494, 459, 425, 493]",16,3.3430116176605225,3.3096132278442383,"[3.199233055114746, 3.3789196014404297, 3.309329032897949, 3.484564781188965]","[3.1629648208618164, 3.3425567150115967, 3.2837295532226562, 3.449201822280884]",0.07064366340637207
lora_current_target_control,29,development,505cdbada0ee59be,2021.06.09.11.54.15_veh-12,5b7dc6545cc658f0,2,0.1590910255908966,"[486, 497, 447, 431]",16,3.4859464168548584,3.4719018936157227,"[3.379849672317505, 3.1224851608276367, 3.3151636123657227, 4.126287460327148]","[3.3728866577148438, 3.1137936115264893, 3.3060803413391113, 4.094847202301025]",0.0792444497346878
lora_current_target_control,29,development,836b76b2c8f35990,2021.08.24.17.37.11_veh-08,1d97c042ca575a4c,2,0.5441646575927734,"[511, 492, 496, 474]",8,3.1868293285369873,3.184814453125,"[3.0621447563171387, 3.311513900756836, null, null]","[3.060466766357422, 3.3091623783111572, null, null]",0.07366286963224411
lora_current_target_control,29,development,21eb51db8a675681,2021.08.24.17.37.11_veh-08,ffe62a894e3a5925,1,0.10866811126470566,"[392, 452, 455, 421]",0,0.0,0.0,"[null, null, null, null]","[null, null, null, null]",0.04530617967247963
lora_current_target_control,29,development,b8bf6e0a15635fa9,2021.08.24.17.37.11_veh-08,00c0acbc4c06557c,2,0.13454380631446838,"[501, 425, 454, 452]",0,0.0,0.0,"[null, null, null, null]","[null, null, null, null]",0.06437022984027863
lora_current_target_control,29,development,005e12630b405e67,2021.08.24.17.37.11_veh-08,4bfb3377012e5e58,0,0.6535018682479858,"[454, 487, 420, 486]",4,1.8246819972991943,1.8236011266708374,"[1.8246819972991943, null, null, null]","[1.8236011266708374, null, null, null]",0.04680018126964569
lora_current_target_control,29,development,4ece654624b452ac,2021.08.24.17.37.11_veh-08,f68f529d24295c53,1,0.6602522134780884,"[483, 419, 358, 450]",4,1.7430700063705444,1.7396965026855469,"[1.7430700063705444, null, null, null]","[1.7396965026855469, null, null, null]",0.03909122571349144
lora_current_target_control,29,development,a7aa6da460a65457,2021.08.24.17.37.11_veh-08,1d97c042ca575a4c,1,0.2900477349758148,"[378, 461, 504, 498]",8,1.658177375793457,1.6505441665649414,"[1.7546732425689697, 1.5616815090179443, null, null]","[1.746265172958374, 1.5548232793807983, null, null]",0.057876817882061005
lora_current_target_control,29,development,cc40016cd26a5ff5,2021.08.24.17.37.11_veh-08,a18c9d5742545776,1,0.07605497539043427,"[480, 504, 233, 229]",0,0.0,0.0,"[null, null, null, null]","[null, null, null, null]",0.06360355764627457
lora_current_target_control,29,development,0a7d7aef157c5bc6,2021.08.24.17.37.11_veh-08,4bfb3377012e5e58,0,0.3349822163581848,"[422, 499, 421, 423]",16,2.697486162185669,2.691922426223755,"[2.5986337661743164, 2.200077533721924, 2.741392135620117, 3.2498412132263184]","[2.5856847763061523, 2.1958203315734863, 2.743100643157959, 3.243084192276001]",0.042892731726169586
lora_current_target_control,29,development,7b9a55edcf2752fb,2021.07.16.00.24.14_veh-38,d940d716f6da5650,0,0.20864790678024292,"[424, 392, 391, 430]",12,2.174208402633667,2.1677041053771973,"[1.5855127573013306, null, 1.7677069902420044, 3.169405460357666]","[1.5807983875274658, null, 1.7644498348236084, 3.1578638553619385]",0.048562027513980865
lora_current_target_control,29,development,faca4ac928255aed,2021.07.16.00.24.14_veh-38,295cc52db71a5c8d,2,0.08937819302082062,"[246, 244, 237, 250]",8,4.2257513999938965,4.215599060058594,"[null, null, 3.6662230491638184, 4.785279273986816]","[null, null, 3.662379741668701, 4.7688188552856445]",0.044853195548057556
lora_current_target_control,29,development,07deb830dc5e525c,2021.07.16.00.24.14_veh-38,15ac832eaeea5acc,1,0.04541894793510437,"[488, 511, 368, 335]",16,1.7365632057189941,1.732399344444275,"[0.8681386709213257, 1.1582348346710205, 1.44303297996521, 3.476846218109131]","[0.8639450669288635, 1.1536204814910889, 1.4395571947097778, 3.4724748134613037]",0.05787867307662964
lora_current_target_control,29,development,9ff0cdc8fc715ce3,2021.07.16.00.24.14_veh-38,a3063c20eb1251c7,0,0.09302277117967606,"[192, 511, 250, 206]",0,0.0,0.0,"[null, null, null, null]","[null, null, null, null]",0.04510387405753136
lora_current_target_control,29,development,461e0a28b1f655aa,2021.07.16.00.24.14_veh-38,d45e467ab1e85825,1,0.07378602027893066,"[489, 458, 429, 461]",4,1.486520767211914,1.483388066291809,"[1.486520767211914, null, null, null]","[1.483388066291809, null, null, null]",0.0586441233754158
lora_current_target_control,29,development,548204416ae25b31,2021.07.16.00.24.14_veh-38,072767a0ae2857e9,1,0.07738359272480011,"[279, 314, 316, 319]",0,0.0,0.0,"[null, null, null, null]","[null, null, null, null]",0.04404474422335625
lora_current_target_control,29,development,e0b0dcb2ea675ec9,2021.07.16.00.24.14_veh-38,a9aeb39738d95e61,1,0.04391497001051903,"[241, 240, 233, 205]",4,0.4747202396392822,0.4734494090080261,"[0.4747202396392822, null, null, null]","[0.4734494090080261, null, null, null]",0.03078165464103222
lora_current_target_control,29,development,8fe6aa411d2350f4,2021.07.16.00.24.14_veh-38,c5ba6402b9b6577d,1,0.10642742365598679,"[488, 456, 429, 487]",4,2.128358840942383,2.1223130226135254,"[2.128358840942383, null, null, null]","[2.1223130226135254, null, null, null]",0.05487458035349846
lora_current_target_control,29,development,2587746c51ce582c,2021.06.23.14.54.32_veh-16,8ba21e5f44fd5756,1,0.08433777093887329,"[435, 488, 459, 472]",4,3.915909767150879,3.9116251468658447,"[3.915909767150879, null, null, null]","[3.9116251468658447, null, null, null]",0.043896835297346115
lora_current_target_control,29,development,cdb8ed61577455d0,2021.06.23.14.54.32_veh-16,63a378470ecf578a,1,0.2853853106498718,"[485, 486, 455, 424]",4,1.9721417427062988,1.9681897163391113,"[null, 1.9721417427062988, null, null]","[null, 1.9681897163391113, null, null]",0.04391615837812424
lora_current_target_control,29,development,359653f71f095eb2,2021.06.23.14.54.32_veh-16,764e553f9fa1596e,1,0.1505405604839325,"[362, 472, 497, 501]",4,1.3701754808425903,1.3620967864990234,"[1.3701754808425903, null, null, null]","[1.3620967864990234, null, null, null]",0.0672883689403534
lora_current_target_control,29,development,e1bd235bf5145312,2021.06.23.14.54.32_veh-16,c21a05faf4f95c23,0,0.3098944425582886,"[490, 488, 457, 456]",12,1.1489174365997314,1.1252249479293823,"[0.7781727313995361, null, 1.475998878479004, 1.1925806999206543]","[0.7638512849807739, null, 1.458207368850708, 1.1536164283752441]",0.08884011209011078
lora_current_target_control,29,development,21851d86de975750,2021.06.23.14.54.32_veh-16,0fa6960777235107,1,0.06486562639474869,"[249, 276, 269, 275]",4,1.8478515148162842,1.8454172611236572,"[1.8478515148162842, null, null, null]","[1.8454172611236572, null, null, null]",0.03611806407570839
lora_current_target_control,29,development,41fd5b3cc9cb5e4d,2021.06.23.14.54.32_veh-16,192f476facc35a66,1,0.049669861793518066,"[458, 460, 494, 485]",8,1.8062424659729004,1.8090323209762573,"[1.687002182006836, 1.9254825115203857, null, null]","[1.6905105113983154, 1.9275541305541992, null, null]",0.04513216018676758
lora_current_target_control,29,development,80fcfa05a45d5e36,2021.06.23.14.54.32_veh-16,68c36562409856ec,1,0.05125121399760246,"[237, 239, 173, 141]",12,0.920377254486084,0.916761577129364,"[0.36207687854766846, 0.7518001198768616, 1.6472547054290771, null]","[0.3589940369129181, 0.7466676235198975, 1.644623041152954, null]",0.03664383664727211
lora_current_target_control,29,development,eca9c65e90335fc5,2021.06.23.14.54.32_veh-16,e302117d34785896,1,0.13542920351028442,"[407, 441, 426, 472]",0,0.0,0.0,"[null, null, null, null]","[null, null, null, null]",0.03515187278389931
lora_current_target_control,29,development,ebbd33f9058e5e95,2021.06.09.14.50.36_veh-26,818dcca6c1fa5abf,1,0.03181316703557968,"[430, 445, 464, 459]",16,6.350114822387695,6.341241359710693,"[1.6269330978393555, 4.629591941833496, 8.90469741821289, 10.239234924316406]","[1.616309404373169, 4.622516632080078, 8.901008605957031, 10.225130081176758]",0.06136200204491615
lora_current_target_control,29,development,9a04bc527d215067,2021.06.09.14.50.36_veh-26,5e8a8d507c145bf2,1,0.25887084007263184,"[320, 496, 464, 334]",0,0.0,0.0,"[null, null, null, null]","[null, null, null, null]",0.040801338851451874
lora_current_target_control,29,development,5a287daa1f775a79,2021.06.09.14.50.36_veh-26,af832f9835ee5efc,0,0.09844741970300674,"[369, 334, 468, 467]",16,2.8833138942718506,2.8836779594421387,"[1.983145833015442, 2.257333278656006, 2.935046434402466, 4.357729911804199]","[1.983375072479248, 2.2560479640960693, 2.9305973052978516, 4.364690780639648]",0.053257524967193604
lora_current_target_control,29,development,d9a85f2b168854ba,2021.06.09.14.50.36_veh-26,549ee450dacd5abb,1,0.14445847272872925,"[397, 494, 492, 467]",4,2.4040846824645996,2.3896775245666504,"[2.4040846824645996, null, null, null]","[2.3896775245666504, null, null, null]",0.05625080317258835
lora_current_target_control,29,development,f6d2ad1db3c45c20,2021.06.09.14.50.36_veh-26,e755817de2795e70,0,0.09952493011951447,"[457, 425, 426, 492]",16,2.1604371070861816,2.1464662551879883,"[2.331486701965332, 2.210719585418701, 2.0276174545288086, 2.071924924850464]","[2.3171396255493164, 2.201683282852173, 2.016676187515259, 2.0503668785095215]",0.060982853174209595
lora_current_target_control,29,development,5cc6394b1dde5e37,2021.06.09.14.50.36_veh-26,3daa89465a7e50bf,0,0.20376178622245789,"[364, 396, 463, 363]",12,2.5522050857543945,2.5458478927612305,"[2.100564479827881, 3.2394723892211914, 2.3165786266326904, null]","[2.094882011413574, 3.2326059341430664, 2.3100554943084717, null]",0.06272809207439423
lora_current_target_control,29,development,bd6c7b10ae725c06,2021.06.09.14.50.36_veh-26,40627495cb2f57f2,1,0.19306784868240356,"[487, 453, 491, 483]",8,2.1099233627319336,2.1079275608062744,"[2.2410972118377686, 1.9787496328353882, null, null]","[2.2367770671844482, 1.979077935218811, null, null]",0.0678064152598381
lora_current_target_control,29,development,03ac353ec2a450b4,2021.06.09.14.50.36_veh-26,b133d32ebacf51a4,0,0.12911014258861542,"[491, 403, 461, 460]",16,2.2041573524475098,2.2005650997161865,"[2.0069665908813477, 2.315995693206787, 1.8625519275665283, 2.6311140060424805]","[2.0033273696899414, 2.314754009246826, 1.8590326309204102, 2.6251463890075684]",0.06218380108475685
lora_current_target_control,29,development,193179dedf975965,2021.07.09.20.59.12_veh-38,140f0b69eb365081,0,0.08613628149032593,"[447, 469, 511, 502]",16,2.5114784240722656,2.5086216926574707,"[2.0799145698547363, 2.669032573699951, 2.5104408264160156, 2.7865264415740967]","[2.0778751373291016, 2.6705188751220703, 2.506909132003784, 2.779183864593506]",0.06481441110372543
lora_current_target_control,29,development,ef07b861b51a554e,2021.07.09.20.59.12_veh-38,cb83cacbf41d58b8,1,0.16803768277168274,"[424, 361, 393, 461]",16,2.5550689697265625,2.550088882446289,"[1.9211359024047852, 2.657179832458496, 2.588078022003174, 3.053882122039795]","[1.9109013080596924, 2.6519055366516113, 2.578141689300537, 3.0594077110290527]",0.06181361898779869
lora_current_target_control,29,development,ce6d2bfacf8655a6,2021.07.09.20.59.12_veh-38,ac873abc79f75609,1,0.07495209574699402,"[489, 329, 502, 494]",4,2.0128402709960938,2.006162643432617,"[2.0128402709960938, null, null, null]","[2.006162643432617, null, null, null]",0.06768443435430527
lora_current_target_control,29,development,6c227ec265b2568d,2021.07.09.20.59.12_veh-38,c63fa36583195676,1,0.2941553294658661,"[421, 450, 236, 392]",8,3.1118595600128174,3.091484546661377,"[2.5761446952819824, 3.6475744247436523, null, null]","[2.5603179931640625, 3.6226515769958496, null, null]",0.06221495196223259
lora_current_target_control,29,development,b0cebe034a265720,2021.07.09.20.59.12_veh-38,f74c2f575df25f4a,1,0.009658792987465858,"[255, 287, 285, 276]",0,0.0,0.0,"[null, null, null, null]","[null, null, null, null]",0.040659770369529724
lora_current_target_control,29,development,dd2f55420c6b5764,2021.07.09.20.59.12_veh-38,7e572c1c4f5d5df2,1,0.10757075995206833,"[493, 494, 492, 485]",12,3.1840293407440186,3.171379804611206,"[null, 2.8398826122283936, 3.220865249633789, 3.491339683532715]","[null, 2.8251953125, 3.2074098587036133, 3.4815335273742676]",0.05822613835334778
lora_current_target_control,29,development,b630301843b158d4,2021.07.09.20.59.12_veh-38,315e9411328d5e75,1,0.2062932252883911,"[361, 453, 498, 495]",8,1.9691929817199707,1.962507724761963,"[1.6876959800720215, 2.25068998336792, null, null]","[1.683530569076538, 2.2414848804473877, null, null]",0.049934741109609604
lora_current_target_control,29,development,39fd026d451351e2,2021.07.09.20.59.12_veh-38,73cf910aa2885a71,1,0.1970115602016449,"[486, 500, 489, 454]",0,0.0,0.0,"[null, null, null, null]","[null, null, null, null]",0.03663210570812225
lora_current_target_control,29,development,5426ae4426ba5534,2021.06.23.18.23.38_veh-26,f72df301ed465fe6,1,0.15659546852111816,"[332, 331, 488, 300]",16,2.4218831062316895,2.4184250831604004,"[0.9697065353393555, 1.7372100353240967, 3.3811187744140625, 3.599497079849243]","[0.9681668281555176, 1.735368013381958, 3.371178150177002, 3.598987102508545]",0.04835394769906998
lora_current_target_control,29,development,fbeab8a882035a94,2021.06.23.18.23.38_veh-26,2e8f4ff50e4a55cc,0,0.17166025936603546,"[455, 421, 451, 388]",16,1.9670300483703613,1.953623652458191,"[1.9746150970458984, 2.197333335876465, 1.928544282913208, 1.767627477645874]","[1.961379051208496, 2.18239688873291, 1.9173691272735596, 1.753349781036377]",0.06366609036922455
lora_current_target_control,29,development,89e963670d89570c,2021.06.23.18.23.38_veh-26,03dbcc9320245d7c,1,0.4334262013435364,"[361, 392, 393, 363]",16,2.389800548553467,2.385099411010742,"[1.213969349861145, 1.8654403686523438, 2.9025025367736816, 3.5772905349731445]","[1.2129137516021729, 1.8596538305282593, 2.891702890396118, 3.5761280059814453]",0.045819833874702454
lora_current_target_control,29,development,bcff4b28fd875b3d,2021.06.23.18.23.38_veh-26,6f619fabc40050a9,2,0.8522779941558838,"[490, 496, 453, 506]",16,2.4391562938690186,2.3905863761901855,"[1.5201144218444824, 2.942795753479004, 2.919710636138916, 2.374004364013672]","[1.4805760383605957, 2.8963136672973633, 2.8707799911499023, 2.314675807952881]",0.11789548397064209
lora_current_target_control,29,development,88666b1c75b75602,2021.06.23.18.23.38_veh-26,99b44236999557c7,1,0.1875162124633789,"[353, 489, 460, 458]",16,1.6089468002319336,1.6078507900238037,"[1.2896113395690918, 1.969494104385376, 1.8925789594650269, 1.2841026782989502]","[1.2891817092895508, 1.9683830738067627, 1.8878966569900513, 1.2859413623809814]",0.04226260259747505
lora_current_target_control,29,development,f72865014d6158a2,2021.06.23.18.23.38_veh-26,84368cbdd7cb5647,2,0.22807346284389496,"[488, 486, 482, 453]",8,2.7310361862182617,2.6934890747070312,"[2.7061657905578613, 2.755906581878662, null, null]","[2.660452365875244, 2.7265260219573975, null, null]",0.09655672311782837
lora_current_target_control,29,development,7e3b06c8b33156d3,2021.06.23.18.23.38_veh-26,7b483583a2595b0f,1,0.022498713806271553,"[237, 430, 207, 238]",12,4.965191841125488,4.962297439575195,"[2.2694828510284424, 6.673925399780273, 5.952166557312012, null]","[2.2641968727111816, 6.666929244995117, 5.955765724182129, null]",0.041919104754924774
lora_current_target_control,29,development,655a064f04e1531b,2021.06.23.18.23.38_veh-26,8997a4a3aadb506a,1,0.15433664619922638,"[489, 458, 486, 426]",16,1.8331753015518188,1.8266489505767822,"[1.5371451377868652, 1.4946856498718262, 2.3514456748962402, 1.9494249820709229]","[1.5299197435379028, 1.488728642463684, 2.3416638374328613, 1.9462833404541016]",0.06681028753519058
lora_current_target_control,47,train,42868079cfb75233,2021.07.09.01.37.16_veh-26,641fad330504500c,1,0.10535263270139694,"[298, 299, 265, 267]",0,0.0,0.0,"[null, null, null, null]","[null, null, null, null]",0.08900467306375504
lora_current_target_control,47,train,caafcdd4b7835eb0,2021.07.09.01.37.16_veh-26,359f92c3233457a3,1,0.07647763192653656,"[274, 288, 271, 282]",4,2.6083900928497314,2.6156888008117676,"[null, null, null, 2.6083900928497314]","[null, null, null, 2.6156888008117676]",0.07957980781793594
lora_current_target_control,47,train,2fa96542484250f0,2021.07.09.01.37.16_veh-26,f89a324077eb57a9,1,0.054524317383766174,"[328, 327, 331, 268]",4,2.0335211753845215,2.021329402923584,"[null, null, 2.0335211753845215, null]","[null, null, 2.021329402923584, null]",0.09029752016067505
lora_current_target_control,47,train,68341772b52f543b,2021.07.09.01.37.16_veh-26,698608aa5fed5770,0,0.05402841046452522,"[303, 445, 438, 345]",8,2.3493547439575195,2.346149444580078,"[1.7747594118118286, 2.9239501953125, null, null]","[1.7718638181686401, 2.9204351902008057, null, null]",0.03597423806786537
lora_current_target_control,47,train,eabd9d1227785454,2021.07.09.01.37.16_veh-26,a110aeed6ea85e04,1,0.04157595336437225,"[309, 308, 288, 378]",16,2.194437026977539,2.1823301315307617,"[1.3278520107269287, 1.2998921871185303, 2.3205482959747314, 3.8294548988342285]","[1.3141460418701172, 1.2965848445892334, 2.303798198699951, 3.814791440963745]",0.10466711968183517
lora_current_target_control,47,train,f70d691cf70b5cb3,2021.07.09.01.37.16_veh-26,34dd5ff0548b5455,0,0.0505518764257431,"[406, 310, 261, 256]",8,3.65478515625,3.657374382019043,"[3.0740652084350586, 4.2355055809021, null, null]","[3.0781891345977783, 4.2365593910217285, null, null]",0.060886431485414505
lora_current_target_control,47,train,aa2fce3e3af55b1c,2021.07.09.01.37.16_veh-26,4ca220b52b5c50af,1,0.027645904570817947,"[190, 324, 278, 321]",4,2.4869778156280518,2.4834516048431396,"[2.4869778156280518, null, null, null]","[2.4834516048431396, null, null, null]",0.05800903961062431
lora_current_target_control,47,train,00029eec66d650e1,2021.07.09.01.37.16_veh-26,045ff16e93dc5a42,1,0.060726597905159,"[479, 510, 478, 501]",4,0.8615853786468506,0.8555318713188171,"[0.8615853786468506, null, null, null]","[0.8555318713188171, null, null, null]",0.04585995897650719
lora_current_target_control,47,train,0168dd4fffde52ed,2021.06.08.12.00.19_veh-35,a4e97e74e1a150b3,1,0.40206438302993774,"[268, 398, 316, 373]",0,0.0,0.0,"[null, null, null, null]","[null, null, null, null]",0.05087897926568985
lora_current_target_control,47,train,c4e9600b96ce5d54,2021.06.08.12.00.19_veh-35,4d01ebfbc43d560b,1,0.029664432629942894,"[423, 390, 348, 381]",4,4.017848968505859,4.006377220153809,"[4.017848968505859, null, null, null]","[4.006377220153809, null, null, null]",0.043515894562006
lora_current_target_control,47,train,a80c5ee8b1ff56d8,2021.06.08.12.00.19_veh-35,3ffcb152c57c56c5,1,0.8538803458213806,"[309, 310, 267, 268]",16,1.3393083810806274,1.3296804428100586,"[1.0043246746063232, 0.9459539651870728, 1.404678463935852, 2.0022764205932617]","[0.9960682392120361, 0.9393292665481567, 1.3972814083099365, 1.9860424995422363]",0.10404413193464279
lora_current_target_control,47,train,54f9b4af08e05d79,2021.06.08.12.00.19_veh-35,a2165005ab865a02,1,0.04065735638141632,"[295, 300, 271, 333]",0,0.0,0.0,"[null, null, null, null]","[null, null, null, null]",0.05847574770450592
lora_current_target_control,47,train,1657554fc5445eb6,2021.06.08.12.00.19_veh-35,39cbdec7b364501d,2,0.12480616569519043,"[273, 302, 270, 269]",16,3.529756546020508,3.5297746658325195,"[1.2913272380828857, 3.5914299488067627, 4.526251316070557, 4.710018157958984]","[1.2879713773727417, 3.5969436168670654, 4.521646499633789, 4.712536811828613]",0.0479251965880394
lora_current_target_control,47,train,e7cde98715555110,2021.06.08.12.00.19_veh-35,785bf24e15875ef2,1,1.4175167083740234,"[293, 288, 292, 134]",8,1.9342498779296875,1.9282642602920532,"[1.4914820194244385, 2.3770177364349365, null, null]","[1.493030309677124, 2.3634982109069824, null, null]",0.08627663552761078
lora_current_target_control,47,train,4bb4fd668a805612,2021.06.08.12.00.19_veh-35,c461bc7ab865595e,0,0.12507441639900208,"[326, 288, 323, 324]",16,1.3863558769226074,1.3686292171478271,"[0.6218680143356323, 1.1070759296417236, 1.2984665632247925, 2.5180130004882812]","[0.6098529100418091, 1.0922937393188477, 1.2756359577178955, 2.496734142303467]",0.08828889578580856
lora_current_target_control,47,train,c1fe3aa66ec55b17,2021.06.08.12.00.19_veh-35,9655be695969522d,1,0.489624947309494,"[302, 345, 307, 409]",8,2.854090452194214,2.8418586254119873,"[2.909578323364258, 2.798602342605591, null, null]","[2.8987114429473877, 2.785005807876587, null, null]",0.06540649384260178
lora_current_target_control,47,train,9fe049486481505a,2021.08.17.13.15.12_veh-45,ca75f3286b115d37,0,0.03116484358906746,"[297, 304, 333, 324]",16,3.12729549407959,3.115379571914673,"[0.5995603799819946, 2.3957149982452393, 4.148863792419434, 5.365042686462402]","[0.597122073173523, 2.3894314765930176, 4.122834205627441, 5.352130889892578]",0.05280601233243942
lora_current_target_control,47,train,f895bc253a215fc4,2021.08.17.13.15.12_veh-45,a3cae0d00733532e,1,0.06915274262428284,"[271, 270, 238, 273]",8,2.5126450061798096,2.493884801864624,"[2.3648388385772705, 2.6604509353637695, null, null]","[2.3476996421813965, 2.6400699615478516, null, null]",0.07347412407398224
lora_current_target_control,47,train,f1430641b7685542,2021.08.17.13.15.12_veh-45,81ff4535c5c251d6,1,0.037913210690021515,"[340, 373, 306, 357]",16,1.6633508205413818,1.6577506065368652,"[1.4344984292984009, 1.213677167892456, 1.439741849899292, 2.565485954284668]","[1.4286526441574097, 1.207482933998108, 1.4337117671966553, 2.561155080795288]",0.10700196027755737
lora_current_target_control,47,train,ada17d80705459e5,2021.08.17.13.15.12_veh-45,16b335fe131c50be,1,0.09171704947948456,"[308, 276, 274, 383]",0,0.0,0.0,"[null, null, null, null]","[null, null, null, null]",0.0666915699839592
lora_current_target_control,47,train,5442925b5514525c,2021.08.17.13.15.12_veh-45,5b0cacf961245153,1,0.07329542934894562,"[308, 375, 343, 307]",4,1.1999131441116333,1.2026090621948242,"[1.1999131441116333, null, null, null]","[1.2026090621948242, null, null, null]",0.09113460779190063
lora_current_target_control,47,train,f4be93317adf5091,2021.08.17.13.15.12_veh-45,e2ce597de87f572d,1,0.04946476221084595,"[261, 310, 307, 309]",12,2.0747573375701904,2.069908618927002,"[1.823044776916504, 2.3335230350494385, 2.067704200744629, null]","[1.8176970481872559, 2.327110767364502, 2.06491756439209, null]",0.053649913519620895
lora_current_target_control,47,train,0c12cf6a804d5e86,2021.08.17.13.15.12_veh-45,8db7aab4ec8458a5,0,0.10647653043270111,"[349, 383, 281, 315]",8,2.553809642791748,2.5503358840942383,"[null, 2.3040707111358643, 2.803548574447632, null]","[null, 2.3021013736724854, 2.798570156097412, null]",0.04200092330574989
lora_current_target_control,47,train,a1da8bec7a1c5c7e,2021.08.17.13.15.12_veh-45,c55fafd4f7d05c65,1,0.06276696920394897,"[236, 139, 268, 273]",16,3.0711007118225098,3.061347484588623,"[1.9642324447631836, 3.1754932403564453, 3.7162013053894043, 3.428476333618164]","[1.9613943099975586, 3.166639804840088, 3.6979503631591797, 3.419405460357666]",0.07651504129171371
lora_current_target_control,47,train,1b173e83ce58518b,2021.06.08.16.31.33_veh-38,3364fd6ba8365441,1,0.03482787311077118,"[408, 441, 377, 379]",0,0.0,0.0,"[null, null, null, null]","[null, null, null, null]",0.05662963539361954
lora_current_target_control,47,train,7fa7f2973eb6583d,2021.06.08.16.31.33_veh-38,e6f6b559cbe6534e,1,0.1936887502670288,"[232, 316, 290, 235]",16,2.4281816482543945,2.413408041000366,"[2.135167121887207, 2.241593360900879, 2.6864399909973145, 2.6495256423950195]","[2.1230883598327637, 2.221644401550293, 2.671356439590454, 2.637543201446533]",0.09431059658527374
lora_current_target_control,47,train,63818d7962335cb9,2021.06.08.16.31.33_veh-38,3bb603a701225a40,0,0.10928098112344742,"[343, 350, 317, 348]",16,1.5858097076416016,1.586179256439209,"[1.532974123954773, 1.567443609237671, 1.7211239337921143, 1.5216970443725586]","[1.529301643371582, 1.5663056373596191, 1.7257989645004272, 1.523310661315918]",0.041720084846019745
lora_current_target_control,47,train,eb6af2bd1a635cb2,2021.06.08.16.31.33_veh-38,65daba6a1f955c59,1,0.15531714260578156,"[361, 392, 330, 331]",8,2.7890148162841797,2.781424045562744,"[2.6981582641601562, 2.879871368408203, null, null]","[2.689051628112793, 2.8737964630126953, null, null]",0.05789749696850777
lora_current_target_control,47,train,6f08f1ba4c555d89,2021.06.08.16.31.33_veh-38,00c6ea1054d15101,1,0.7245065569877625,"[265, 323, 291, 293]",16,1.9887791872024536,1.9868419170379639,"[1.366978645324707, 2.16184663772583, 2.2635657787323, 2.1627254486083984]","[1.361622929573059, 2.1605286598205566, 2.2683145999908447, 2.1569013595581055]",0.10648932307958603
lora_current_target_control,47,train,2af3184e9f0f5697,2021.06.08.16.31.33_veh-38,fb1c65108c895a43,1,0.15628647804260254,"[236, 274, 299, 268]",4,1.2291996479034424,1.223677158355713,"[1.2291996479034424, null, null, null]","[1.223677158355713, null, null, null]",0.07063498347997665
lora_current_target_control,47,train,33230d8bfa425f6f,2021.06.08.16.31.33_veh-38,3364fd6ba8365441,1,0.19223664700984955,"[293, 261, 263, 328]",16,2.3719563484191895,2.3650670051574707,"[1.6688117980957031, 2.310603141784668, 2.560159206390381, 2.9482522010803223]","[1.6680318117141724, 2.301933765411377, 2.552374839782715, 2.937927722930908]",0.09728872030973434
lora_current_target_control,47,train,dcee65c0765f51bf,2021.06.08.16.31.33_veh-38,7acd2a98ba7b5157,0,0.13104696571826935,"[294, 263, 296, 295]",16,5.821963787078857,5.793586254119873,"[3.1379995346069336, 6.12796688079834, 7.785356044769287, 6.236532211303711]","[3.1276001930236816, 6.094187259674072, 7.756124496459961, 6.196433067321777]",0.07860743254423141
lora_current_target_control,47,train,82abb0794a955aff,2021.10.05.08.11.15_veh-50,d53d220a77795cee,1,0.4019900858402252,"[270, 238, 271, 272]",16,1.8326351642608643,1.8316168785095215,"[1.3525779247283936, 1.5507526397705078, 2.1450629234313965, 2.282146692276001]","[1.3458510637283325, 1.5455788373947144, 2.1466078758239746, 2.2884297370910645]",0.06844409555196762
lora_current_target_control,47,train,fa9ebf82174f56e2,2021.10.05.08.11.15_veh-50,81ed977eb5a1520d,1,0.14380916953086853,"[299, 235, 267, 139]",16,2.175294876098633,2.168738603591919,"[2.0289244651794434, 2.396728038787842, 1.9831891059875488, 2.2923378944396973]","[2.020515203475952, 2.3880109786987305, 1.9795204401016235, 2.2869086265563965]",0.07616269588470459
lora_current_target_control,47,train,de7aee4bfd4650d8,2021.10.05.08.11.15_veh-50,8a8fe2f545dd5865,2,0.5781370997428894,"[275, 273, 274, 326]",12,2.9344754219055176,2.939377546310425,"[2.679809331893921, null, 3.0160651206970215, 3.107551097869873]","[2.680284023284912, null, 3.0197134017944336, 3.1181344985961914]",0.08709275722503662
lora_current_target_control,47,train,7f74e72074485b12,2021.10.05.08.11.15_veh-50,2bbefccd0ef85651,1,0.6992021799087524,"[108, 172, 318, 319]",0,0.0,0.0,"[null, null, null, null]","[null, null, null, null]",0.06877966970205307
lora_current_target_control,47,train,acf207f491775e7b,2021.10.05.08.11.15_veh-50,ae67187c90635ca6,0,0.1563425362110138,"[257, 296, 299, 258]",8,1.7696174383163452,1.7599363327026367,"[1.1596617698669434, 2.379573106765747, null, null]","[1.148276448249817, 2.371595859527588, null, null]",0.08341766893863678
lora_current_target_control,47,train,246eb858bec25310,2021.10.05.08.11.15_veh-50,4782310b87105568,2,0.3419346213340759,"[144, 240, 48, 304]",16,2.2408547401428223,2.228875160217285,"[1.5615837574005127, 2.5534558296203613, 2.3883163928985596, 2.4600625038146973]","[1.549454927444458, 2.5407652854919434, 2.3812663555145264, 2.444014549255371]",0.07047413289546967
lora_current_target_control,47,train,40e23bdca88c5b0d,2021.10.05.08.11.15_veh-50,780bff4205715957,0,0.22804737091064453,"[500, 431, 230, 434]",12,1.8884309530258179,1.890289068222046,"[1.4612573385238647, 1.7105234861373901, 2.49351167678833, null]","[1.463566780090332, 1.7135417461395264, 2.493757963180542, null]",0.06639505922794342
lora_current_target_control,47,train,8d59999281da5243,2021.10.05.08.11.15_veh-50,e6ed98e5973e5120,0,0.5776621103286743,"[319, 287, 351, 348]",16,1.638758897781372,1.6150968074798584,"[1.1959184408187866, 1.4403339624404907, 2.0132901668548584, 1.9054932594299316]","[1.176011562347412, 1.422879934310913, 1.9874402284622192, 1.8740558624267578]",0.11310838162899017
lora_current_target_control,47,train,75afc126374359d3,2021.09.15.14.00.15_veh-28,821da079291c52cf,1,0.08295410871505737,"[359, 390, 209, 194]",16,3.6383440494537354,3.633443832397461,"[3.3635573387145996, 3.6598129272460938, 3.7425098419189453, 3.7874958515167236]","[3.367037773132324, 3.654540538787842, 3.7353196144104004, 3.776876449584961]",0.08396703004837036
lora_current_target_control,47,train,973a7c9d77ca5b23,2021.09.15.14.00.15_veh-28,19e39a5880c754ad,1,0.028789766132831573,"[201, 265, 232, 319]",4,0.7470312118530273,0.7448240518569946,"[0.7470312118530273, null, null, null]","[0.7448240518569946, null, null, null]",0.04238327220082283
lora_current_target_control,47,train,095741f4465352b3,2021.09.15.14.00.15_veh-28,96b8f4dbc6995cb7,1,0.07076758146286011,"[300, 327, 359, 355]",16,2.841407299041748,2.788206100463867,"[2.3349876403808594, 2.4664340019226074, 3.592590093612671, 2.9716172218322754]","[2.301715135574341, 2.415909767150879, 3.5256519317626953, 2.909548282623291]",0.08925595879554749
lora_current_target_control,47,train,4617f5dbb29c500a,2021.09.15.14.00.15_veh-28,07d29dd2e9c6500b,1,0.08723808079957962,"[412, 411, 299, 381]",0,0.0,0.0,"[null, null, null, null]","[null, null, null, null]",0.08453860133886337
lora_current_target_control,47,train,b0f67ce7d678590b,2021.09.15.14.00.15_veh-28,9341eeedf0ae5c32,1,0.04686592519283295,"[447, 415, 478, 477]",8,1.9087631702423096,1.8998055458068848,"[1.9700651168823242, 1.847461223602295, null, null]","[1.9606027603149414, 1.8390083312988281, null, null]",0.08269832283258438
lora_current_target_control,47,train,13456839ba8c52ef,2021.09.15.14.00.15_veh-28,d24fb2b39ae1574e,1,0.08428147435188293,"[286, 343, 375, 301]",0,0.0,0.0,"[null, null, null, null]","[null, null, null, null]",0.06759203225374222
lora_current_target_control,47,train,1df7865b517251d0,2021.09.15.14.00.15_veh-28,dc1ef9d49cb25b98,1,0.026709457859396935,"[423, 456, 407, 363]",8,4.893850326538086,4.886966228485107,"[3.0894923210144043, 6.698207855224609, null, null]","[3.085115432739258, 6.688816547393799, null, null]",0.03720280900597572
lora_current_target_control,47,train,38f3a2f5fe33500f,2021.09.15.14.00.15_veh-28,5a06354563625c69,2,0.06596680730581284,"[247, 113, 81, 145]",16,3.435123920440674,3.387022018432617,"[2.88435697555542, 3.4495391845703125, 3.601062297821045, 3.805537700653076]","[2.849564552307129, 3.4089879989624023, 3.5548393726348877, 3.7346954345703125]",0.08488700538873672
lora_current_target_control,47,train,95535851c7b75757,2021.07.16.22.40.23_veh-38,6e36585b2ea55145,1,0.03139109164476395,"[310, 342, 374, 278]",8,2.261237144470215,2.255917549133301,"[1.993732213973999, 2.5287418365478516, null, null]","[1.9844105243682861, 2.5274243354797363, null, null]",0.09149482101202011
lora_current_target_control,47,train,6764c662e15e5b48,2021.07.16.22.40.23_veh-38,216d4aa3e3fe59a3,1,0.0299886092543602,"[318, 351, 320, 352]",16,1.4058079719543457,1.4051964282989502,"[1.2118163108825684, 1.0001778602600098, 1.3450558185577393, 2.0661821365356445]","[1.2100491523742676, 0.9999717473983765, 1.3431272506713867, 2.0676376819610596]",0.09192142635583878
lora_current_target_control,47,train,7bf05e0f52b75ee2,2021.07.16.22.40.23_veh-38,1deff9a6d27a5f6b,0,0.056061528623104095,"[315, 347, 346, 351]",16,4.256521224975586,4.2576904296875,"[3.9031612873077393, 4.405397415161133, 4.005460739135742, 4.712066173553467]","[3.904603958129883, 4.400503158569336, 4.011068820953369, 4.714585304260254]",0.04208049550652504
lora_current_target_control,47,train,673b04fae3fc5595,2021.07.16.22.40.23_veh-38,a7823a906c555e39,1,0.028841424733400345,"[185, 276, 190, 308]",16,2.290968894958496,2.286576986312866,"[1.8701750040054321, 1.6562995910644531, 2.8132731914520264, 2.8241281509399414]","[1.8691835403442383, 1.6546679735183716, 2.8063759803771973, 2.816080331802368]",0.07088645547628403
lora_current_target_control,47,train,c8faaa73c9c054d1,2021.07.16.22.40.23_veh-38,98071366467650ae,0,0.05224638059735298,"[380, 350, 382, 347]",16,2.117361068725586,2.106215000152588,"[1.2093490362167358, 1.995963454246521, 2.622066020965576, 2.6420655250549316]","[1.2017167806625366, 1.9832078218460083, 2.6088619232177734, 2.631073236465454]",0.04794057086110115
lora_current_target_control,47,train,5e5f522e3ecd5cca,2021.07.16.22.40.23_veh-38,900bff237382523c,1,0.15372344851493835,"[269, 268, 273, 271]",4,1.7630438804626465,1.7594847679138184,"[1.7630438804626465, null, null, null]","[1.7594847679138184, null, null, null]",0.08395995944738388
lora_current_target_control,47,train,378d61da938e5420,2021.07.16.22.40.23_veh-38,b4d6add3705a50f5,1,0.0378253236413002,"[165, 293, 312, 310]",4,1.127683401107788,1.1156299114227295,"[1.127683401107788, null, null, null]","[1.1156299114227295, null, null, null]",0.10450424998998642
lora_current_target_control,47,train,8bcd32f3329b5729,2021.07.16.22.40.23_veh-38,ce32a45e2c885ce0,1,0.14632314443588257,"[270, 300, 269, 301]",4,1.3488850593566895,1.3332631587982178,"[null, null, null, 1.3488850593566895]","[null, null, null, 1.3332631587982178]",0.11028700321912766
lora_current_target_control,47,train,85107617069e5eae,2021.10.05.07.49.39_veh-52,a3270c0c8ca250a5,2,0.3077470660209656,"[301, 300, 302, 303]",16,2.428577184677124,2.4250879287719727,"[1.5829371213912964, 2.700684070587158, 2.911391258239746, 2.5192959308624268]","[1.5773484706878662, 2.6928958892822266, 2.9124162197113037, 2.5176913738250732]",0.06615690141916275
lora_current_target_control,47,train,dd9d8e686a345f74,2021.10.05.07.49.39_veh-52,6ef4b849a52f565e,1,0.10020740330219269,"[262, 294, 351, 277]",16,1.2433403730392456,1.238321304321289,"[1.5164679288864136, 1.2418699264526367, 1.259734869003296, 0.9552884697914124]","[1.5162804126739502, 1.23649263381958, 1.2487634420394897, 0.9517488479614258]",0.09203613549470901
lora_current_target_control,47,train,d25f823ffc5f55cf,2021.10.05.07.49.39_veh-52,b9c2d90e9f0d5298,2,0.23467978835105896,"[267, 301, 298, 299]",16,4.558338165283203,4.568016052246094,"[3.49721622467041, 4.561450004577637, 4.780378341674805, 5.3943071365356445]","[3.4917702674865723, 4.556833267211914, 4.80692195892334, 5.416539192199707]",0.11168709397315979
lora_current_target_control,47,train,fa41647d02c7591c,2021.10.05.07.49.39_veh-52,425547b119ac51e8,2,0.4177080988883972,"[331, 173, 139, 267]",4,2.8590333461761475,2.8444507122039795,"[2.8590333461761475, null, null, null]","[2.8444507122039795, null, null, null]",0.0744994655251503
lora_current_target_control,47,train,e1513979c1a25a3a,2021.10.05.07.49.39_veh-52,63675e4e47d35a9c,0,0.3130503296852112,"[341, 406, 349, 439]",16,2.3807921409606934,2.375718593597412,"[1.956899881362915, 2.062716007232666, 2.8657732009887695, 2.6377792358398438]","[1.94996976852417, 2.0597167015075684, 2.8585891723632812, 2.634598970413208]",0.04023676738142967
lora_current_target_control,47,train,21a96107cf785a63,2021.10.05.07.49.39_veh-52,425547b119ac51e8,0,0.1189795434474945,"[304, 271, 314, 233]",12,2.0301454067230225,2.0239105224609375,"[1.9790847301483154, 2.1640639305114746, 1.9472873210906982, null]","[1.9740736484527588, 2.1576285362243652, 1.9400293827056885, null]",0.08435943722724915
lora_current_target_control,47,train,0961f8661d8a58c2,2021.10.05.07.49.39_veh-52,1cb0c69eb34a51f0,2,0.7290659546852112,"[280, 279, 281, 249]",4,1.8499383926391602,1.8316247463226318,"[1.8499383926391602, null, null, null]","[1.8316247463226318, null, null, null]",0.08758996427059174
lora_current_target_control,47,train,5c78f13876e0582b,2021.10.05.07.49.39_veh-52,a140ff94e233594d,1,0.2332705557346344,"[330, 237, 388, 298]",16,1.7705148458480835,1.7728962898254395,"[1.6706794500350952, 2.126033306121826, 1.4285926818847656, 1.8567535877227783]","[1.6720142364501953, 2.1281490325927734, 1.4291937351226807, 1.8622280359268188]",0.0756380707025528
lora_current_target_control,47,train,8b0932e2de6753ab,2021.06.09.12.06.35_veh-35,29cb5c1452bc5bce,1,0.21609918773174286,"[150, 262, 263, 264]",4,1.822324514389038,1.8191419839859009,"[1.822324514389038, null, null, null]","[1.8191419839859009, null, null, null]",0.08594653010368347
lora_current_target_control,47,train,c2b7349b328858ac,2021.06.09.12.06.35_veh-35,39e28bb91b3c557d,0,0.076131671667099,"[369, 370, 403, 368]",4,2.7697243690490723,2.7573952674865723,"[2.7697243690490723, null, null, null]","[2.7573952674865723, null, null, null]",0.049509644508361816
lora_current_target_control,47,train,482e228f118e544b,2021.06.09.12.06.35_veh-35,d8e166bb74fc5f00,1,0.048898834735155106,"[307, 302, 366, 301]",8,2.528665065765381,2.5291080474853516,"[2.2659993171691895, 2.791330575942993, null, null]","[2.266826629638672, 2.7913897037506104, null, null]",0.0477348193526268
lora_current_target_control,47,train,0bcc8551849c538f,2021.06.09.12.06.35_veh-35,ab18f13d87e7560f,1,0.1299944669008255,"[274, 316, 307, 277]",8,2.187006950378418,2.1869070529937744,"[null, null, 2.239370822906494, 2.1346426010131836]","[null, null, 2.2416017055511475, 2.1322124004364014]",0.0846092477440834
lora_current_target_control,47,train,79ea424b3b2b51e7,2021.06.09.12.06.35_veh-35,7331a1cdf1cd5f28,1,0.026637952774763107,"[330, 231, 298, 320]",8,2.996528387069702,2.979491710662842,"[null, null, 2.988170862197876, 3.004885673522949]","[null, null, 2.970823287963867, 2.9881598949432373]",0.06631213426589966
lora_current_target_control,47,train,5a4f5d512d285fd2,2021.06.09.12.06.35_veh-35,7331a1cdf1cd5f28,1,0.11698315292596817,"[271, 304, 303, 381]",0,0.0,0.0,"[null, null, null, null]","[null, null, null, null]",0.08249672502279282
lora_current_target_control,47,train,f56f173b6d3b52d4,2021.06.09.12.06.35_veh-35,533c96a969445755,1,0.027181634679436684,"[161, 258, 182, 350]",16,2.4905502796173096,2.4951977729797363,"[2.153923511505127, 2.3046133518218994, 2.7553658485412598, 2.748297691345215]","[2.1561717987060547, 2.308943510055542, 2.764627695083618, 2.7510485649108887]",0.08512541651725769
lora_current_target_control,47,train,7d14dc9e1394504c,2021.06.09.12.06.35_veh-35,15746f958b855ce1,1,0.23411259055137634,"[332, 363, 268, 360]",4,1.725094199180603,1.7109296321868896,"[1.725094199180603, null, null, null]","[1.7109296321868896, null, null, null]",0.07645487785339355
lora_current_target_control,47,train,a0b601837cc25f9a,2021.06.07.12.54.00_veh-35,e6276d5babcf57c5,1,0.16454453766345978,"[314, 316, 310, 318]",16,1.5621803998947144,1.5494517087936401,"[1.1401782035827637, 1.3221518993377686, 1.938992977142334, 1.8473985195159912]","[1.1234524250030518, 1.3076386451721191, 1.9253454208374023, 1.8413701057434082]",0.11057878285646439
lora_current_target_control,47,train,dcbf1cf262365995,2021.06.07.12.54.00_veh-35,e7819c9d528b5035,1,1.5317503213882446,"[290, 328, 398, 300]",4,2.3574767112731934,2.3433279991149902,"[2.3574767112731934, null, null, null]","[2.3433279991149902, null, null, null]",0.0792093276977539
lora_current_target_control,47,train,4f0a0a61bdaa5a59,2021.06.07.12.54.00_veh-35,528ee06dd0565678,1,0.1613015979528427,"[238, 214, 310, 156]",4,1.9844293594360352,1.9748010635375977,"[1.9844293594360352, null, null, null]","[1.9748010635375977, null, null, null]",0.09048113226890564
lora_current_target_control,47,train,4c2e114b0f5c5cee,2021.06.07.12.54.00_veh-35,c0d79102a9225562,1,0.2339046448469162,"[293, 352, 231, 345]",16,2.209660053253174,2.2037646770477295,"[1.8443713188171387, 2.1221530437469482, 2.4184818267822266, 2.4536335468292236]","[1.841827392578125, 2.115074634552002, 2.4110100269317627, 2.447145938873291]",0.10407611727714539
lora_current_target_control,47,train,9ac6b0c708ef57ba,2021.06.07.12.54.00_veh-35,91deaa6b42c85a71,1,0.24136680364608765,"[276, 248, 283, 302]",4,1.4718314409255981,1.472430944442749,"[1.4718314409255981, null, null, null]","[1.472430944442749, null, null, null]",0.08625507354736328
lora_current_target_control,47,train,8a85218e4a3d5fa2,2021.06.07.12.54.00_veh-35,91deaa6b42c85a71,1,0.05929376929998398,"[135, 5, 71, 303]",0,0.0,0.0,"[null, null, null, null]","[null, null, null, null]",0.07563870400190353
lora_current_target_control,47,train,23b79e79cec15f05,2021.06.07.12.54.00_veh-35,f5c76f15450f5cd1,1,0.06249706819653511,"[320, 288, 322, 321]",4,1.6975452899932861,1.6775426864624023,"[1.6975452899932861, null, null, null]","[1.6775426864624023, null, null, null]",0.09621408581733704
lora_current_target_control,47,train,e5e57399ea0a5228,2021.06.07.12.54.00_veh-35,25302d95d9f158f7,1,1.2205201387405396,"[440, 408, 308, 392]",16,1.996986985206604,1.9907333850860596,"[1.1857787370681763, 2.011326789855957, 2.2867486476898193, 2.504093647003174]","[1.1757009029388428, 2.011004686355591, 2.282918691635132, 2.493309497833252]",0.08115340024232864
lora_current_target_control,47,train,e1a8d2a630635703,2021.06.14.14.03.45_veh-38,8f286698db6d541b,1,0.05201364681124687,"[357, 330, 263, 358]",16,2.1971096992492676,2.1976888179779053,"[1.0383058786392212, 1.1876862049102783, 3.127185344696045, 3.435260772705078]","[1.0397993326187134, 1.1874324083328247, 3.129312515258789, 3.434211492538452]",0.05260014533996582
lora_current_target_control,47,train,aece322a1d42538a,2021.06.14.14.03.45_veh-38,7540234731835704,1,0.10457587242126465,"[212, 244, 211, 277]",16,2.0766711235046387,2.080142021179199,"[0.9964028596878052, 2.129098415374756, 2.586090087890625, 2.595092296600342]","[1.0022906064987183, 2.1305088996887207, 2.590026617050171, 2.5977418422698975]",0.08134541660547256
lora_current_target_control,47,train,9d0bf147438e5fb3,2021.06.14.14.03.45_veh-38,23e9bf0d2cbe5bab,1,0.016094902530312538,"[416, 481, 258, 480]",4,0.7517091035842896,0.7503714561462402,"[0.7517091035842896, null, null, null]","[0.7503714561462402, null, null, null]",0.06489042937755585
lora_current_target_control,47,train,f2d2c1ea12755312,2021.06.14.14.03.45_veh-38,34c1915fbf665c36,1,0.050456926226615906,"[307, 309, 275, 277]",8,1.866917610168457,1.8554956912994385,"[1.224137783050537, 2.509697675704956, null, null]","[1.2112535238265991, 2.4997377395629883, null, null]",0.10174570977687836
lora_current_target_control,47,train,cea14bc9e11e5a9a,2021.06.14.14.03.45_veh-38,6be18c3f08665d95,1,0.13078424334526062,"[408, 374, 377, 409]",4,2.209625720977783,2.215364933013916,"[2.209625720977783, null, null, null]","[2.215364933013916, null, null, null]",0.08186647295951843
lora_current_target_control,47,train,4a60572394c95d99,2021.06.14.14.03.45_veh-38,7e940171cbb2501f,1,0.0615321509540081,"[283, 275, 292, 315]",4,2.3360040187835693,2.331099510192871,"[2.3360040187835693, null, null, null]","[2.331099510192871, null, null, null]",0.06081651151180267
lora_current_target_control,47,train,73c60faa4a4f50d5,2021.06.14.14.03.45_veh-38,3310381978495db6,1,0.07552048563957214,"[308, 340, 341, 326]",16,2.323138952255249,2.33307147026062,"[1.4073816537857056, 2.029989004135132, 2.891665458679199, 2.9635190963745117]","[1.4119306802749634, 2.0423097610473633, 2.9049346446990967, 2.9731109142303467]",0.08973424136638641
lora_current_target_control,47,train,19d7d544be8b5ed6,2021.06.14.14.03.45_veh-38,faff8007373357b2,0,0.07408200204372406,"[406, 346, 313, 312]",12,4.021200656890869,4.013388633728027,"[3.275209426879883, 4.595312118530273, 4.193079471588135, null]","[3.2708563804626465, 4.585437297821045, 4.183870315551758, null]",0.05431581288576126
lora_current_target_control,47,train,0cee9b6cce6b55bb,2021.06.23.17.31.36_veh-16,5dd11df23010512b,1,0.0447961762547493,"[159, 318, 319, 316]",4,1.6584516763687134,1.647475004196167,"[1.6584516763687134, null, null, null]","[1.647475004196167, null, null, null]",0.056385818868875504
lora_current_target_control,47,train,b7e4f74f963b5911,2021.06.23.17.31.36_veh-16,12076247bcfc52af,0,0.023939358070492744,"[346, 382, 447, 379]",8,1.4429352283477783,1.4406096935272217,"[1.0014076232910156, 1.884462833404541, null, null]","[0.999658465385437, 1.8815608024597168, null, null]",0.04165586084127426
lora_current_target_control,47,train,de1498ad86835196,2021.06.23.17.31.36_veh-16,0f8853ece4595cfd,1,0.013630615547299385,"[281, 280, 299, 312]",16,3.2354254722595215,3.2390356063842773,"[1.4955995082855225, 2.368124485015869, 3.7861685752868652, 5.29180908203125]","[1.4961786270141602, 2.369206666946411, 3.7897274494171143, 5.301029682159424]",0.0723838210105896
lora_current_target_control,47,train,025ec42ba16f587d,2021.06.23.17.31.36_veh-16,135f484f0eaf5a02,1,0.07585132122039795,"[414, 313, 381, 446]",16,2.4377832412719727,2.4357962608337402,"[2.1894452571868896, 2.651103973388672, 2.4532737731933594, 2.4573097229003906]","[2.1861274242401123, 2.6517105102539062, 2.448211193084717, 2.4571352005004883]",0.0859244093298912
lora_current_target_control,47,train,c3fcca93dde25e14,2021.06.23.17.31.36_veh-16,e9436dfe242a5e1e,0,0.25616011023521423,"[198, 181, 410, 294]",16,3.696875810623169,3.645725727081299,"[2.9806907176971436, 3.604949474334717, 3.8842782974243164, 4.317584991455078]","[2.925518035888672, 3.552032947540283, 3.8368022441864014, 4.268549919128418]",0.09600214660167694
lora_current_target_control,47,train,e06e9be096c55f62,2021.06.23.17.31.36_veh-16,0ecd78b5d8165cd8,0,0.10398679971694946,"[309, 321, 372, 374]",16,2.5491771697998047,2.538632869720459,"[1.8378760814666748, 2.1553072929382324, 2.827820301055908, 3.375704765319824]","[1.8304965496063232, 2.148949146270752, 2.8156862258911133, 3.3593995571136475]",0.07966484129428864
lora_current_target_control,47,train,3764fca3eb725eea,2021.06.23.17.31.36_veh-16,83605fe059ea5914,1,0.052981726825237274,"[213, 181, 180, 153]",16,2.254715919494629,2.25608491897583,"[1.4955403804779053, 2.2714810371398926, 2.423769950866699, 2.8280723094940186]","[1.4997936487197876, 2.2713429927825928, 2.4230453968048096, 2.830157518386841]",0.0801149308681488
lora_current_target_control,47,train,e37afb24cbc354b1,2021.06.23.17.31.36_veh-16,137a8e2e182e525a,1,0.028163351118564606,"[278, 234, 284, 246]",8,2.184523105621338,2.1813783645629883,"[2.041408061981201, 2.3276381492614746, null, null]","[2.0385560989379883, 2.3242008686065674, null, null]",0.07446818053722382
lora_current_target_control,47,train,99bf73c4d148509a,2021.06.14.18.13.35_veh-26,ece541c7453e5027,1,0.11897143721580505,"[293, 215, 183, 213]",8,1.7065606117248535,1.7027755975723267,"[1.9095321893692017, 1.503589153289795, null, null]","[1.905552625656128, 1.4999988079071045, null, null]",0.08136717230081558
lora_current_target_control,47,train,82183d4ed7285e2b,2021.06.14.18.13.35_veh-26,15b78bc7ecd45635,2,0.08098109066486359,"[275, 303, 305, 300]",16,6.688747882843018,6.677002906799316,"[3.880988121032715, 6.7976789474487305, 8.121618270874023, 7.954707622528076]","[3.87802791595459, 6.7796311378479, 8.11166763305664, 7.938685417175293]",0.03357674553990364
lora_current_target_control,47,train,09fc359e65a65d2d,2021.06.14.18.13.35_veh-26,8c1c9f8ebebd5a2c,0,0.04119228571653366,"[414, 386, 389, 351]",0,0.0,0.0,"[null, null, null, null]","[null, null, null, null]",0.04138834774494171
lora_current_target_control,47,train,ee6a818615ff51ba,2021.06.14.18.13.35_veh-26,78f10869dcaa5d66,0,0.14627885818481445,"[478, 290, 225, 224]",12,3.1803932189941406,3.1759276390075684,"[1.1722021102905273, 3.306912422180176, 5.062064170837402, null]","[1.170814037322998, 3.2992844581604004, 5.057684898376465, null]",0.0569198913872242
lora_current_target_control,47,train,e134b297048b5c37,2021.06.14.18.13.35_veh-26,290604a14d365b9b,0,0.08549795299768448,"[337, 377, 251, 252]",8,2.925568103790283,2.9188268184661865,"[null, null, 2.8829312324523926, 2.968204975128174]","[null, null, 2.878326416015625, 2.959327220916748]",0.04951708763837814
lora_current_target_control,47,train,9c833d715d5a5f2c,2021.06.14.18.13.35_veh-26,ce646f56ab2a530e,0,0.05694565176963806,"[338, 435, 470, 469]",16,1.890488624572754,1.887857437133789,"[1.3929587602615356, 1.7042443752288818, 2.4450249671936035, 2.019726276397705]","[1.3914209604263306, 1.6991552114486694, 2.441296339035034, 2.019556999206543]",0.04174189642071724
lora_current_target_control,47,train,505bbe9ba4405369,2021.06.14.18.13.35_veh-26,20e402609e615776,1,0.03604612499475479,"[415, 279, 190, 323]",4,1.1508305072784424,1.1426600217819214,"[1.1508305072784424, null, null, null]","[1.1426600217819214, null, null, null]",0.06170038506388664
lora_current_target_control,47,train,7c0f902cd4a85505,2021.06.14.18.13.35_veh-26,bc0a766ff84b5442,1,0.061944954097270966,"[261, 267, 265, 257]",0,0.0,0.0,"[null, null, null, null]","[null, null, null, null]",0.0986398458480835
lora_current_target_control,47,train,aa5610ae761e5330,2021.08.17.17.55.18_veh-43,f928e8f7bee55d18,2,0.08377407491207123,"[240, 273, 278, 276]",4,4.268125534057617,4.238385200500488,"[null, null, null, 4.268125534057617]","[null, null, null, 4.238385200500488]",0.08468343317508698
lora_current_target_control,47,train,06f416ef3dbc5656,2021.08.17.17.55.18_veh-43,e0efd254e94b5c5d,1,0.02553662098944187,"[334, 212, 237, 270]",4,1.681208610534668,1.678692102432251,"[1.681208610534668, null, null, null]","[1.678692102432251, null, null, null]",0.05615299567580223
lora_current_target_control,47,train,9adfdd4c06cf5e8c,2021.08.17.17.55.18_veh-43,7032266a8b3259e9,1,0.06967370212078094,"[382, 195, 278, 260]",0,0.0,0.0,"[null, null, null, null]","[null, null, null, null]",0.07893100380897522
lora_current_target_control,47,train,94014ea94dae5180,2021.08.17.17.55.18_veh-43,03d335bbfd355432,1,0.023579414933919907,"[409, 376, 510, 342]",8,5.133387565612793,5.1071271896362305,"[null, null, 6.2260260581970215, 4.040749549865723]","[null, null, 6.193352699279785, 4.020901203155518]",0.10055495798587799
lora_current_target_control,47,train,996a71ebed2d5962,2021.08.17.17.55.18_veh-43,669b4bc52a755a71,1,0.06687134504318237,"[265, 267, 234, 237]",12,1.2586593627929688,1.2483844757080078,"[1.1935818195343018, 0.9513548612594604, 1.6310410499572754, null]","[1.1862356662750244, 0.940309464931488, 1.6186083555221558, null]",0.06244473531842232
lora_current_target_control,47,train,b65cdf1698ec58da,2021.08.17.17.55.18_veh-43,f5ce59f542c15ccf,2,0.13840818405151367,"[274, 275, 306, 211]",8,5.7130255699157715,5.707006931304932,"[null, null, 6.291659355163574, 5.134392261505127]","[null, null, 6.286379814147949, 5.127634525299072]",0.049347031861543655
lora_current_target_control,47,train,7c897aea11555116,2021.08.17.17.55.18_veh-43,119facee9f435d2d,1,0.006906774826347828,"[413, 475, 476, 127]",0,0.0,0.0,"[null, null, null, null]","[null, null, null, null]",0.051316067576408386
lora_current_target_control,47,train,9d8bbe7081805aff,2021.08.17.17.55.18_veh-43,e4f7253cff9559e5,1,0.24989618360996246,"[197, 200, 168, 164]",8,3.05375337600708,3.034574508666992,"[null, null, 2.773192882537842, 3.33431339263916]","[null, null, 2.7557218074798584, 3.313426971435547]",0.07936278730630875
lora_current_target_control,47,train,6f13db85eb395da6,2021.06.07.18.53.26_veh-26,b4aa9d6255005ff4,1,1.191063642501831,"[415, 382, 271, 383]",8,2.0269439220428467,2.016883373260498,"[1.6537117958068848, 2.4001762866973877, null, null]","[1.6458687782287598, 2.3878979682922363, null, null]",0.05921938270330429
lora_current_target_control,47,train,90bab1d26e77539e,2021.06.07.18.53.26_veh-26,a775290bfe11501c,1,0.47636136412620544,"[311, 258, 315, 318]",12,2.0610768795013428,2.057189702987671,"[null, 2.103466033935547, 2.0404860973358154, 2.039278030395508]","[null, 2.1019439697265625, 2.0357871055603027, 2.0338377952575684]",0.09596998989582062
lora_current_target_control,47,train,a0fad9da427656e1,2021.06.07.18.53.26_veh-26,7c918a18841755fe,1,0.7233093976974487,"[348, 311, 345, 316]",16,2.034254789352417,2.0332694053649902,"[2.0320067405700684, 2.072397232055664, 1.829829454421997, 2.2027854919433594]","[2.027684450149536, 2.0725839138031006, 1.828163981437683, 2.2046456336975098]",0.08502820879220963
lora_current_target_control,47,train,cc2769dbb64c51c5,2021.06.07.18.53.26_veh-26,e056042111235af2,0,0.1848362386226654,"[431, 322, 432, 339]",12,2.5312352180480957,2.532926082611084,"[1.994274616241455, null, 2.3167896270751953, 3.2826414108276367]","[1.9924001693725586, null, 2.321286201477051, 3.2850911617279053]",0.05931532010436058
lora_current_target_control,47,train,3a42aaf9c7ad52b0,2021.06.07.18.53.26_veh-26,a775290bfe11501c,1,0.022687332704663277,"[327, 323, 325, 508]",0,0.0,0.0,"[null, null, null, null]","[null, null, null, null]",0.0743449479341507
lora_current_target_control,47,train,9ce593252631507d,2021.06.07.18.53.26_veh-26,5ed65930b4c35bfa,1,0.5403071045875549,"[304, 256, 309, 289]",12,2.3583168983459473,2.345381736755371,"[2.0784528255462646, 2.3922927379608154, 2.6042048931121826, null]","[2.0642249584198, 2.3786709308624268, 2.5932490825653076, null]",0.10429125279188156
lora_current_target_control,47,train,d7bf7fb4d1995e7e,2021.06.07.18.53.26_veh-26,ead01d808c89587c,1,0.10061116516590118,"[271, 349, 321, 292]",16,2.9422264099121094,2.9376559257507324,"[2.237335205078125, 2.708098888397217, 3.2178163528442383, 3.6056556701660156]","[2.236002206802368, 2.7072572708129883, 3.215677261352539, 3.5916872024536133]",0.082209013402462
lora_current_target_control,47,train,884a4400377653c4,2021.06.07.18.53.26_veh-26,77179676f4c656da,0,0.13887831568717957,"[288, 321, 320, 326]",16,3.639955997467041,3.632068157196045,"[3.0297305583953857, 3.5826163291931152, 3.6211998462677, 4.326276779174805]","[3.0223851203918457, 3.570794105529785, 3.613497495651245, 4.321596145629883]",0.09003839641809464
lora_current_target_control,47,train,f2a8a11d1d9957c6,2021.08.17.17.17.01_veh-45,d53c011070a753b3,1,0.17658358812332153,"[343, 256, 292, 267]",8,1.1811330318450928,1.175923228263855,"[1.3529493808746338, 1.0093166828155518, null, null]","[1.3453714847564697, 1.0064748525619507, null, null]",0.05944147706031799
lora_current_target_control,47,train,448fcc465ce2589c,2021.08.17.17.17.01_veh-45,2d50451fc5045ec3,1,0.11106371879577637,"[316, 129, 160, 265]",4,2.0494511127471924,2.0482306480407715,"[2.0494511127471924, null, null, null]","[2.0482306480407715, null, null, null]",0.08861210942268372
lora_current_target_control,47,train,5b9eea7538235f36,2021.08.17.17.17.01_veh-45,58adb0f87a905810,2,0.2660588026046753,"[270, 283, 313, 279]",12,4.665074825286865,4.659882545471191,"[3.878713607788086, 5.48410701751709, null, 4.632404804229736]","[3.8711934089660645, 5.488285064697266, null, 4.6201677322387695]",0.05654169246554375
lora_current_target_control,47,train,8da3d9d2de0c53bd,2021.08.17.17.17.01_veh-45,56ef3c9f702054a5,0,0.2216671109199524,"[414, 415, 295, 413]",0,0.0,0.0,"[null, null, null, null]","[null, null, null, null]",0.04234331473708153
lora_current_target_control,47,train,4cb6f16e6fd75ae6,2021.08.17.17.17.01_veh-45,01fcbea54a215b4c,0,0.1643395870923996,"[309, 277, 244, 471]",0,0.0,0.0,"[null, null, null, null]","[null, null, null, null]",0.04869420826435089
lora_current_target_control,47,train,6bf7c64d674550c0,2021.08.17.17.17.01_veh-45,e9ee1f2ed60e5dad,0,0.03851272910833359,"[165, 232, 291, 288]",16,3.5435638427734375,3.5356030464172363,"[1.8488304615020752, 2.9911561012268066, 4.585772514343262, 4.748495101928711]","[1.8502202033996582, 2.9858055114746094, 4.573189735412598, 4.733197212219238]",0.0796223059296608
lora_current_target_control,47,train,400d720e95ee5e13,2021.08.17.17.17.01_veh-45,e334ef237217504d,0,0.10134875774383545,"[478, 320, 479, 511]",12,3.602529525756836,3.5980899333953857,"[null, 3.310032367706299, 3.473191738128662, 4.024364948272705]","[null, 3.3054423332214355, 3.4684879779815674, 4.020339488983154]",0.05184592679142952
lora_current_target_control,47,train,f16683fd19e558c2,2021.08.17.17.17.01_veh-45,091fcca513f752d2,0,0.1406998187303543,"[480, 471, 447, 448]",4,3.4268600940704346,3.4202568531036377,"[null, null, null, 3.4268600940704346]","[null, null, null, 3.4202568531036377]",0.05618559569120407
lora_current_target_control,47,development,5b2b2741a9225324,2021.06.07.17.46.49_veh-35,d27fc0739dad5664,1,0.40848278999328613,"[292, 293, 291, 260]",16,3.0881919860839844,3.0919508934020996,"[1.882859468460083, 3.247227430343628, 3.4772322177886963, 3.745448589324951]","[1.8823350667953491, 3.2503442764282227, 3.4872450828552246, 3.7478787899017334]",0.09506627917289734
lora_current_target_control,47,development,1dc3ed89baf15ac3,2021.06.07.17.46.49_veh-35,1dabc8e66ab15cb6,1,0.2260047197341919,"[191, 159, 350, 349]",4,0.8225483894348145,0.8186107277870178,"[0.8225483894348145, null, null, null]","[0.8186107277870178, null, null, null]",0.04271344840526581
lora_current_target_control,47,development,2daea025bb7e5a2c,2021.06.07.17.46.49_veh-35,db1cb602e9f05786,1,0.340476930141449,"[276, 307, 280, 279]",8,2.4449169635772705,2.432405948638916,"[2.2278428077697754, 2.6619906425476074, null, null]","[2.2159016132354736, 2.6489102840423584, null, null]",0.0940808430314064
lora_current_target_control,47,development,be3bc0fa680c5e33,2021.06.07.17.46.49_veh-35,17a02971177257e5,0,0.5804848670959473,"[290, 310, 311, 313]",16,1.552211046218872,1.5277059078216553,"[1.2288823127746582, 1.1953411102294922, 1.7248425483703613, 2.0597779750823975]","[1.2093408107757568, 1.1722853183746338, 1.6929960250854492, 2.036201238632202]",0.09020107239484787
lora_current_target_control,47,development,2903fe2f977f5927,2021.06.07.17.46.49_veh-35,f29c7a8c103151ea,1,0.9924408793449402,"[298, 330, 417, 299]",0,0.0,0.0,"[null, null, null, null]","[null, null, null, null]",0.09220117330551147
lora_current_target_control,47,development,c362c24b66b351ed,2021.06.07.17.46.49_veh-35,186b67f7d5325988,1,1.015197515487671,"[348, 346, 347, 316]",4,2.1056501865386963,2.101958751678467,"[2.1056501865386963, null, null, null]","[2.101958751678467, null, null, null]",0.03531984984874725
lora_current_target_control,47,development,222f5d6a4aa25d89,2021.06.07.17.46.49_veh-35,75787c317e3a5b82,1,0.14755673706531525,"[354, 133, 166, 135]",16,1.6650880575180054,1.6633473634719849,"[1.5946660041809082, 1.5914020538330078, 1.80780029296875, 1.6664838790893555]","[1.5903429985046387, 1.5899728536605835, 1.808492660522461, 1.664581060409546]",0.08663272112607956
lora_current_target_control,47,development,933f03af8f385207,2021.06.07.17.46.49_veh-35,9036e1622d84535c,2,0.3234671950340271,"[268, 267, 275, 274]",16,2.783473491668701,2.7832679748535156,"[1.0982247591018677, 1.924101710319519, 3.287400245666504, 4.824167728424072]","[1.0938867330551147, 1.9265514612197876, 3.2825927734375, 4.830040454864502]",0.05340132489800453
lora_current_target_control,47,development,063ebdb158075369,2021.06.09.11.54.15_veh-12,ff376a5096665630,1,0.04345261678099632,"[320, 288, 270, 274]",8,3.281484603881836,3.279233932495117,"[2.8065614700317383, 3.7564077377319336, null, null]","[2.803765296936035, 3.754702568054199, null, null]",0.061993807554244995
lora_current_target_control,47,development,c0a1b812e095547d,2021.06.09.11.54.15_veh-12,402aea4619c55186,1,0.331348180770874,"[329, 234, 135, 330]",12,2.718677520751953,2.7215633392333984,"[null, 2.7182257175445557, 2.7017736434936523, 2.7360329627990723]","[null, 2.714951992034912, 2.7065811157226562, 2.743156909942627]",0.07519993185997009
lora_current_target_control,47,development,482f957d79f45f55,2021.06.09.11.54.15_veh-12,5107aa8e98035ec1,1,0.10282247513532639,"[304, 272, 321, 320]",8,2.6435680389404297,2.634112596511841,"[2.3735082149505615, 2.9136276245117188, null, null]","[2.3634462356567383, 2.9047789573669434, null, null]",0.0805174857378006
lora_current_target_control,47,development,6561907765f2550f,2021.06.09.11.54.15_veh-12,91420a0f9dc25fe9,1,0.1565171331167221,"[324, 299, 347, 279]",0,0.0,0.0,"[null, null, null, null]","[null, null, null, null]",0.039298124611377716
lora_current_target_control,47,development,5742dd4bd86e5127,2021.06.09.11.54.15_veh-12,3c893aadfc175960,1,0.06803768128156662,"[355, 477, 478, 445]",12,1.8226112127304077,1.8162035942077637,"[1.2856268882751465, 1.7610877752304077, 2.421118974685669, null]","[1.2775893211364746, 1.756170630455017, 2.414850950241089, null]",0.07008803635835648
lora_current_target_control,47,development,ecc85792eb665ba0,2021.06.09.11.54.15_veh-12,7b3b09ed718b5bf4,1,0.04172148555517197,"[299, 292, 307, 291]",16,3.3013501167297363,3.296600818634033,"[2.5926828384399414, 3.3039512634277344, 3.9014999866485596, 3.4072659015655518]","[2.5880446434020996, 3.297189235687256, 3.8999037742614746, 3.401266098022461]",0.08022725582122803
lora_current_target_control,47,development,599c900bc4e95312,2021.06.09.11.54.15_veh-12,8f3409a47a455049,2,0.1009204164147377,"[233, 201, 337, 242]",16,2.5968360900878906,2.5728297233581543,"[1.877423644065857, 2.4221224784851074, 2.834029197692871, 3.253769874572754]","[1.8694113492965698, 2.4122273921966553, 2.804272413253784, 3.20540714263916]",0.07912899553775787
lora_current_target_control,47,development,505cdbada0ee59be,2021.06.09.11.54.15_veh-12,5b7dc6545cc658f0,2,0.1966208517551422,"[269, 312, 306, 309]",16,3.667121410369873,3.6675658226013184,"[2.6185901165008545, 3.5371973514556885, 3.7335124015808105, 4.779186248779297]","[2.6207919120788574, 3.5416440963745117, 3.7353501319885254, 4.772476673126221]",0.05078410357236862
lora_current_target_control,47,development,836b76b2c8f35990,2021.08.24.17.37.11_veh-08,1d97c042ca575a4c,2,0.854181170463562,"[50, 114, 309, 274]",8,3.249579906463623,3.215412139892578,"[2.8006062507629395, 3.698554515838623, null, null]","[2.770663261413574, 3.660160779953003, null, null]",0.10659930109977722
lora_current_target_control,47,development,21eb51db8a675681,2021.08.24.17.37.11_veh-08,ffe62a894e3a5925,1,0.11230968683958054,"[272, 374, 243, 375]",0,0.0,0.0,"[null, null, null, null]","[null, null, null, null]",0.08423217386007309
lora_current_target_control,47,development,b8bf6e0a15635fa9,2021.08.24.17.37.11_veh-08,00c0acbc4c06557c,2,0.1379096955060959,"[271, 350, 244, 242]",0,0.0,0.0,"[null, null, null, null]","[null, null, null, null]",0.030532989650964737
lora_current_target_control,47,development,005e12630b405e67,2021.08.24.17.37.11_veh-08,4bfb3377012e5e58,0,0.6528605222702026,"[408, 409, 383, 411]",4,2.0210113525390625,2.016631603240967,"[2.0210113525390625, null, null, null]","[2.016631603240967, null, null, null]",0.046943437308073044
lora_current_target_control,47,development,4ece654624b452ac,2021.08.24.17.37.11_veh-08,f68f529d24295c53,1,0.6878455281257629,"[154, 153, 157, 85]",4,2.2547574043273926,2.260152816772461,"[2.2547574043273926, null, null, null]","[2.260152816772461, null, null, null]",0.06235206127166748
lora_current_target_control,47,development,a7aa6da460a65457,2021.08.24.17.37.11_veh-08,1d97c042ca575a4c,1,0.28603681921958923,"[218, 410, 225, 308]",8,1.4428691864013672,1.4433677196502686,"[1.2125842571258545, 1.6731541156768799, null, null]","[1.212186336517334, 1.6745491027832031, null, null]",0.09285247325897217
lora_current_target_control,47,development,cc40016cd26a5ff5,2021.08.24.17.37.11_veh-08,a18c9d5742545776,1,0.032835472375154495,"[475, 507, 440, 439]",0,0.0,0.0,"[null, null, null, null]","[null, null, null, null]",0.04159193113446236
lora_current_target_control,47,development,0a7d7aef157c5bc6,2021.08.24.17.37.11_veh-08,4bfb3377012e5e58,0,0.3348132371902466,"[346, 307, 310, 288]",16,3.0511584281921387,3.0455427169799805,"[1.0626879930496216, 2.4121124744415283, 4.02143669128418, 4.708395481109619]","[1.0567946434020996, 2.406099796295166, 4.016629219055176, 4.7026472091674805]",0.04667513817548752
lora_current_target_control,47,development,7b9a55edcf2752fb,2021.07.16.00.24.14_veh-38,d940d716f6da5650,0,0.24287405610084534,"[409, 290, 408, 410]",12,2.163628101348877,2.154611349105835,"[1.4293851852416992, null, 2.7835497856140137, 2.277949094772339]","[1.4208470582962036, null, 2.7717232704162598, 2.271263360977173]",0.0719749927520752
lora_current_target_control,47,development,faca4ac928255aed,2021.07.16.00.24.14_veh-38,295cc52db71a5c8d,2,0.09853050857782364,"[269, 270, 284, 267]",8,4.205811500549316,4.186520576477051,"[null, null, 3.528426170349121, 4.883196830749512]","[null, null, 3.5089449882507324, 4.864096164703369]",0.03821827471256256
lora_current_target_control,47,development,07deb830dc5e525c,2021.07.16.00.24.14_veh-38,15ac832eaeea5acc,1,0.07731229066848755,"[312, 310, 346, 345]",16,1.1757363080978394,1.172849416732788,"[0.6444882154464722, 0.9342877268791199, 1.3362267017364502, 1.78794264793396]","[0.6383622884750366, 0.9278229475021362, 1.3366466760635376, 1.7885658740997314]",0.10605429112911224
lora_current_target_control,47,development,9ff0cdc8fc715ce3,2021.07.16.00.24.14_veh-38,a3063c20eb1251c7,0,0.1384163796901703,"[226, 388, 162, 504]",0,0.0,0.0,"[null, null, null, null]","[null, null, null, null]",0.04864463582634926
lora_current_target_control,47,development,461e0a28b1f655aa,2021.07.16.00.24.14_veh-38,d45e467ab1e85825,1,0.13557226955890656,"[348, 191, 313, 350]",4,0.9151854515075684,0.9120956063270569,"[0.9151854515075684, null, null, null]","[0.9120956063270569, null, null, null]",0.08629368245601654
lora_current_target_control,47,development,548204416ae25b31,2021.07.16.00.24.14_veh-38,072767a0ae2857e9,1,0.06615903973579407,"[348, 355, 447, 324]",0,0.0,0.0,"[null, null, null, null]","[null, null, null, null]",0.056941039860248566
lora_current_target_control,47,development,e0b0dcb2ea675ec9,2021.07.16.00.24.14_veh-38,a9aeb39738d95e61,1,0.02457122877240181,"[186, 187, 415, 478]",4,1.291040062904358,1.2899978160858154,"[1.291040062904358, null, null, null]","[1.2899978160858154, null, null, null]",0.06858158856630325
lora_current_target_control,47,development,8fe6aa411d2350f4,2021.07.16.00.24.14_veh-38,c5ba6402b9b6577d,1,0.1508011668920517,"[255, 441, 313, 273]",4,3.319972038269043,3.3112740516662598,"[3.319972038269043, null, null, null]","[3.3112740516662598, null, null, null]",0.06286195665597916
lora_current_target_control,47,development,2587746c51ce582c,2021.06.23.14.54.32_veh-16,8ba21e5f44fd5756,1,0.07179881632328033,"[318, 317, 351, 350]",4,2.873074531555176,2.8676276206970215,"[2.873074531555176, null, null, null]","[2.8676276206970215, null, null, null]",0.03613465651869774
lora_current_target_control,47,development,cdb8ed61577455d0,2021.06.23.14.54.32_veh-16,63a378470ecf578a,1,0.21697913110256195,"[272, 304, 270, 303]",4,1.9019618034362793,1.897182822227478,"[null, 1.9019618034362793, null, null]","[null, 1.897182822227478, null, null]",0.08438635617494583
lora_current_target_control,47,development,359653f71f095eb2,2021.06.23.14.54.32_veh-16,764e553f9fa1596e,1,0.1491529792547226,"[326, 357, 374, 342]",4,1.7076724767684937,1.7055294513702393,"[1.7076724767684937, null, null, null]","[1.7055294513702393, null, null, null]",0.03607973828911781
lora_current_target_control,47,development,e1bd235bf5145312,2021.06.23.14.54.32_veh-16,c21a05faf4f95c23,0,0.10726699978113174,"[305, 300, 273, 440]",12,2.2070467472076416,2.2072644233703613,"[1.6655592918395996, null, 2.733997344970703, 2.221583366394043]","[1.6643190383911133, null, 2.736955165863037, 2.2205185890197754]",0.04025757685303688
lora_current_target_control,47,development,21851d86de975750,2021.06.23.14.54.32_veh-16,0fa6960777235107,1,0.04416181147098541,"[288, 292, 291, 262]",4,2.173872947692871,2.172954797744751,"[2.173872947692871, null, null, null]","[2.172954797744751, null, null, null]",0.053489964455366135
lora_current_target_control,47,development,41fd5b3cc9cb5e4d,2021.06.23.14.54.32_veh-16,192f476facc35a66,1,0.11391650140285492,"[323, 326, 295, 306]",8,2.0989365577697754,2.1015186309814453,"[1.9448318481445312, 2.2530410289764404, null, null]","[1.9482101202011108, 2.2548274993896484, null, null]",0.08656547218561172
lora_current_target_control,47,development,80fcfa05a45d5e36,2021.06.23.14.54.32_veh-16,68c36562409856ec,1,0.07038699835538864,"[296, 297, 350, 320]",12,1.4267091751098633,1.4168176651000977,"[0.7639555931091309, 1.2675617933273315, 2.248610019683838, null]","[0.7566753625869751, 1.256871223449707, 2.2369065284729004, null]",0.07909445464611053
lora_current_target_control,47,development,eca9c65e90335fc5,2021.06.23.14.54.32_veh-16,e302117d34785896,1,0.07517185062170029,"[374, 373, 441, 375]",0,0.0,0.0,"[null, null, null, null]","[null, null, null, null]",0.09701025485992432
lora_current_target_control,47,development,ebbd33f9058e5e95,2021.06.09.14.50.36_veh-26,818dcca6c1fa5abf,1,0.10641566663980484,"[261, 295, 306, 293]",16,4.506665229797363,4.4881815910339355,"[2.4492859840393066, 4.449962139129639, 5.1987409591674805, 5.928671836853027]","[2.4322423934936523, 4.42724084854126, 5.182876110076904, 5.910367012023926]",0.0958186462521553
lora_current_target_control,47,development,9a04bc527d215067,2021.06.09.14.50.36_veh-26,5e8a8d507c145bf2,1,0.29190734028816223,"[302, 306, 334, 303]",0,0.0,0.0,"[null, null, null, null]","[null, null, null, null]",0.07085046917200089
lora_current_target_control,47,development,5a287daa1f775a79,2021.06.09.14.50.36_veh-26,af832f9835ee5efc,0,0.138772651553154,"[271, 303, 239, 266]",16,4.009398460388184,4.009341239929199,"[2.7262868881225586, 3.3686070442199707, 4.337462425231934, 5.605237007141113]","[2.7112479209899902, 3.371201515197754, 4.341466903686523, 5.613447666168213]",0.08400131016969681
lora_current_target_control,47,development,d9a85f2b168854ba,2021.06.09.14.50.36_veh-26,549ee450dacd5abb,1,0.16841834783554077,"[343, 342, 376, 344]",4,2.2276058197021484,2.223015308380127,"[2.2276058197021484, null, null, null]","[2.223015308380127, null, null, null]",0.04790426790714264
lora_current_target_control,47,development,f6d2ad1db3c45c20,2021.06.09.14.50.36_veh-26,e755817de2795e70,0,0.093414805829525,"[293, 289, 325, 302]",16,3.085103988647461,3.087285041809082,"[2.792511224746704, 3.3687973022460938, 3.297625780105591, 2.8814826011657715]","[2.7960433959960938, 3.374948263168335, 3.3023083209991455, 2.8758397102355957]",0.08203166723251343
lora_current_target_control,47,development,5cc6394b1dde5e37,2021.06.09.14.50.36_veh-26,3daa89465a7e50bf,0,0.22454330325126648,"[292, 305, 192, 259]",12,2.1438310146331787,2.1277971267700195,"[1.608298897743225, 2.789670467376709, 2.0335237979888916, null]","[1.592997431755066, 2.7704296112060547, 2.0199644565582275, null]",0.08870062977075577
lora_current_target_control,47,development,bd6c7b10ae725c06,2021.06.09.14.50.36_veh-26,40627495cb2f57f2,1,0.19251665472984314,"[272, 322, 273, 334]",8,2.5620410442352295,2.55903959274292,"[2.163050651550293, 2.961031436920166, null, null]","[2.1581313610076904, 2.9599475860595703, null, null]",0.10455659031867981
lora_current_target_control,47,development,03ac353ec2a450b4,2021.06.09.14.50.36_veh-26,b133d32ebacf51a4,0,0.12059763818979263,"[340, 343, 309, 308]",16,1.8456690311431885,1.844929814338684,"[1.645747423171997, 1.279098391532898, 1.879597783088684, 2.5782322883605957]","[1.6435186862945557, 1.2778120040893555, 1.880157709121704, 2.578230857849121]",0.03138871118426323
lora_current_target_control,47,development,193179dedf975965,2021.07.09.20.59.12_veh-38,140f0b69eb365081,0,0.16820907592773438,"[326, 342, 341, 339]",16,3.420938491821289,3.4126577377319336,"[2.5614800453186035, 3.4950780868530273, 3.7669196128845215, 3.860276699066162]","[2.5521039962768555, 3.4840123653411865, 3.7597360610961914, 3.85477876663208]",0.07805532962083817
lora_current_target_control,47,development,ef07b861b51a554e,2021.07.09.20.59.12_veh-38,cb83cacbf41d58b8,1,0.12096285820007324,"[388, 348, 393, 277]",16,2.07851505279541,2.076855182647705,"[1.5767337083816528, 2.1478404998779297, 2.3546385765075684, 2.2348475456237793]","[1.57124662399292, 2.1491732597351074, 2.3556442260742188, 2.231356620788574]",0.09694170206785202
lora_current_target_control,47,development,ce6d2bfacf8655a6,2021.07.09.20.59.12_veh-38,ac873abc79f75609,1,0.07796445488929749,"[294, 217, 288, 320]",4,1.4360672235488892,1.4353996515274048,"[1.4360672235488892, null, null, null]","[1.4353996515274048, null, null, null]",0.094402976334095
lora_current_target_control,47,development,6c227ec265b2568d,2021.07.09.20.59.12_veh-38,c63fa36583195676,1,0.3051542341709137,"[479, 509, 400, 485]",8,3.4416956901550293,3.4314284324645996,"[2.945143699645996, 3.9382481575012207, null, null]","[2.9318366050720215, 3.9310202598571777, null, null]",0.05577787756919861
lora_current_target_control,47,development,b0cebe034a265720,2021.07.09.20.59.12_veh-38,f74c2f575df25f4a,1,0.015937499701976776,"[374, 316, 340, 315]",0,0.0,0.0,"[null, null, null, null]","[null, null, null, null]",0.025416173040866852
lora_current_target_control,47,development,dd2f55420c6b5764,2021.07.09.20.59.12_veh-38,7e572c1c4f5d5df2,1,0.11241067945957184,"[263, 294, 300, 261]",12,4.0721845626831055,4.071572303771973,"[null, 3.725109100341797, 3.6781516075134277, 4.813292503356934]","[null, 3.7215416431427, 3.678678512573242, 4.81449556350708]",0.044688880443573
lora_current_target_control,47,development,b630301843b158d4,2021.07.09.20.59.12_veh-38,315e9411328d5e75,1,0.22062145173549652,"[416, 480, 448, 384]",8,1.631050944328308,1.626737117767334,"[1.6339452266693115, 1.6281566619873047, null, null]","[1.6284161806106567, 1.6250579357147217, null, null]",0.053546879440546036
lora_current_target_control,47,development,39fd026d451351e2,2021.07.09.20.59.12_veh-38,73cf910aa2885a71,1,0.15894676744937897,"[267, 268, 261, 302]",0,0.0,0.0,"[null, null, null, null]","[null, null, null, null]",0.08465100079774857
lora_current_target_control,47,development,5426ae4426ba5534,2021.06.23.18.23.38_veh-26,f72df301ed465fe6,1,0.20514363050460815,"[56, 308, 307, 306]",16,3.0692083835601807,3.0583362579345703,"[1.2865856885910034, 2.0682055950164795, 4.102049827575684, 4.819992542266846]","[1.2786213159561157, 2.0511045455932617, 4.094646453857422, 4.80897331237793]",0.10890214890241623
lora_current_target_control,47,development,fbeab8a882035a94,2021.06.23.18.23.38_veh-26,2e8f4ff50e4a55cc,0,0.20804469287395477,"[346, 288, 445, 377]",16,1.668729305267334,1.6601498126983643,"[1.3177874088287354, 1.456972360610962, 2.2081446647644043, 1.6920125484466553]","[1.3102669715881348, 1.4477388858795166, 2.2032527923583984, 1.6793403625488281]",0.0575084313750267
lora_current_target_control,47,development,89e963670d89570c,2021.06.23.18.23.38_veh-26,03dbcc9320245d7c,1,0.43368202447891235,"[274, 53, 322, 199]",16,2.455746650695801,2.4638314247131348,"[1.8681410551071167, 2.3307862281799316, 2.609285831451416, 3.0147740840911865]","[1.872888207435608, 2.3397738933563232, 2.6168036460876465, 3.0258595943450928]",0.09071852266788483
lora_current_target_control,47,development,bcff4b28fd875b3d,2021.06.23.18.23.38_veh-26,6f619fabc40050a9,2,0.6170180439949036,"[271, 272, 270, 269]",16,3.031184196472168,3.0359559059143066,"[1.1173670291900635, 3.482060432434082, 3.8793909549713135, 3.645918846130371]","[1.1123435497283936, 3.5019731521606445, 3.8830761909484863, 3.646430492401123]",0.06455657631158829
lora_current_target_control,47,development,88666b1c75b75602,2021.06.23.18.23.38_veh-26,99b44236999557c7,1,0.19875161349773407,"[113, 108, 145, 310]",16,2.712188243865967,2.7059149742126465,"[2.9137730598449707, 2.5706355571746826, 2.6899893283843994, 2.6743545532226562]","[2.903832197189331, 2.565807819366455, 2.6821019649505615, 2.6719186305999756]",0.08177659660577774
lora_current_target_control,47,development,f72865014d6158a2,2021.06.23.18.23.38_veh-26,84368cbdd7cb5647,2,0.23197369277477264,"[298, 299, 333, 266]",8,2.3872222900390625,2.3860912322998047,"[1.5675487518310547, 3.206895351409912, null, null]","[1.5659030675888062, 3.2062792778015137, null, null]",0.03907265141606331
lora_current_target_control,47,development,7e3b06c8b33156d3,2021.06.23.18.23.38_veh-26,7b483583a2595b0f,1,0.06112529709935188,"[296, 308, 264, 297]",12,4.829806804656982,4.823220729827881,"[2.981785774230957, 4.619867324829102, 6.887766361236572, null]","[2.977830648422241, 4.6148481369018555, 6.876983642578125, null]",0.053584177047014236
lora_current_target_control,47,development,655a064f04e1531b,2021.06.23.18.23.38_veh-26,8997a4a3aadb506a,1,0.06155344098806381,"[231, 352, 385, 300]",16,1.8925044536590576,1.8839268684387207,"[1.5283793210983276, 1.4748058319091797, 2.145719289779663, 2.4211134910583496]","[1.5158064365386963, 1.4658209085464478, 2.1383216381073, 2.4157586097717285]",0.10364624857902527
lora_current_target_control,83,train,42868079cfb75233,2021.07.09.01.37.16_veh-26,641fad330504500c,1,0.16633939743041992,"[501, 60, 93, 509]",0,0.0,0.0,"[null, null, null, null]","[null, null, null, null]",0.08353214710950851
lora_current_target_control,83,train,caafcdd4b7835eb0,2021.07.09.01.37.16_veh-26,359f92c3233457a3,1,0.1048412099480629,"[95, 26, 127, 25]",4,2.316013813018799,2.3164472579956055,"[null, null, null, 2.316013813018799]","[null, null, null, 2.3164472579956055]",0.050227273255586624
lora_current_target_control,83,train,2fa96542484250f0,2021.07.09.01.37.16_veh-26,f89a324077eb57a9,1,0.04655235633254051,"[30, 54, 91, 510]",4,1.435229778289795,1.4248886108398438,"[null, null, 1.435229778289795, null]","[null, null, 1.4248886108398438, null]",0.0783325657248497
lora_current_target_control,83,train,68341772b52f543b,2021.07.09.01.37.16_veh-26,698608aa5fed5770,0,0.05185803771018982,"[29, 52, 61, 84]",8,2.7328224182128906,2.721640110015869,"[1.6132649183273315, 3.8523800373077393, null, null]","[1.6078661680221558, 3.835413932800293, null, null]",0.05769474804401398
lora_current_target_control,83,train,eabd9d1227785454,2021.07.09.01.37.16_veh-26,a110aeed6ea85e04,1,0.03618660569190979,"[55, 507, 499, 89]",16,2.471069574356079,2.4479682445526123,"[2.193370819091797, 2.1528429985046387, 1.983489751815796, 3.554574966430664]","[2.1682777404785156, 2.1216211318969727, 1.9653453826904297, 3.5366289615631104]",0.07243707776069641
lora_current_target_control,83,train,f70d691cf70b5cb3,2021.07.09.01.37.16_veh-26,34dd5ff0548b5455,0,0.06502439081668854,"[507, 61, 496, 490]",8,2.1259896755218506,2.117231845855713,"[1.4352883100509644, 2.8166909217834473, null, null]","[1.4291307926177979, 2.805332660675049, null, null]",0.052164800465106964
lora_current_target_control,83,train,aa2fce3e3af55b1c,2021.07.09.01.37.16_veh-26,4ca220b52b5c50af,1,0.04128362983465195,"[30, 509, 11, 25]",4,1.5166728496551514,1.5207221508026123,"[1.5166728496551514, null, null, null]","[1.5207221508026123, null, null, null]",0.04552893340587616
lora_current_target_control,83,train,00029eec66d650e1,2021.07.09.01.37.16_veh-26,045ff16e93dc5a42,1,0.03179473802447319,"[10, 446, 31, 22]",4,0.667948305606842,0.667556881904602,"[0.667948305606842, null, null, null]","[0.667556881904602, null, null, null]",0.03742896392941475
lora_current_target_control,83,train,0168dd4fffde52ed,2021.06.08.12.00.19_veh-35,a4e97e74e1a150b3,1,0.3126243054866791,"[21, 58, 20, 18]",0,0.0,0.0,"[null, null, null, null]","[null, null, null, null]",0.1054944321513176
lora_current_target_control,83,train,c4e9600b96ce5d54,2021.06.08.12.00.19_veh-35,4d01ebfbc43d560b,1,0.037244655191898346,"[370, 402, 401, 338]",4,4.680416584014893,4.676611423492432,"[4.680416584014893, null, null, null]","[4.676611423492432, null, null, null]",0.03815917670726776
lora_current_target_control,83,train,a80c5ee8b1ff56d8,2021.06.08.12.00.19_veh-35,3ffcb152c57c56c5,1,0.7470062375068665,"[367, 399, 19, 404]",16,1.650495171546936,1.6284916400909424,"[1.719731330871582, 1.5644946098327637, 0.7564441561698914, 2.561310291290283]","[1.6952049732208252, 1.54063081741333, 0.7452844381332397, 2.532846212387085]",0.08416453003883362
lora_current_target_control,83,train,54f9b4af08e05d79,2021.06.08.12.00.19_veh-35,a2165005ab865a02,1,0.05747976526618004,"[20, 61, 85, 57]",0,0.0,0.0,"[null, null, null, null]","[null, null, null, null]",0.09694904088973999
lora_current_target_control,83,train,1657554fc5445eb6,2021.06.08.12.00.19_veh-35,39cbdec7b364501d,2,0.14667420089244843,"[28, 63, 25, 26]",16,2.7157933712005615,2.695557117462158,"[1.3858036994934082, 2.8067691326141357, 3.1084370613098145, 3.562164306640625]","[1.3599733114242554, 2.7857584953308105, 3.0967226028442383, 3.5397746562957764]",0.11654578894376755
lora_current_target_control,83,train,e7cde98715555110,2021.06.08.12.00.19_veh-35,785bf24e15875ef2,1,1.8971704244613647,"[53, 50, 49, 24]",8,1.1622215509414673,1.1612194776535034,"[1.5022339820861816, 0.8222092986106873, null, null]","[1.499758243560791, 0.8226807117462158, null, null]",0.039661820977926254
lora_current_target_control,83,train,4bb4fd668a805612,2021.06.08.12.00.19_veh-35,c461bc7ab865595e,0,0.2601957619190216,"[31, 22, 23, 27]",16,2.006930112838745,1.9959503412246704,"[2.104994297027588, 1.919714093208313, 1.9365301132202148, 2.0664820671081543]","[2.0963964462280273, 1.906853437423706, 1.923686146736145, 2.0568649768829346]",0.0647362470626831
lora_current_target_control,83,train,c1fe3aa66ec55b17,2021.06.08.12.00.19_veh-35,9655be695969522d,1,0.33251792192459106,"[48, 20, 23, 16]",8,1.1679420471191406,1.1535847187042236,"[0.973912239074707, 1.3619718551635742, null, null]","[0.9587956070899963, 1.3483737707138062, null, null]",0.09572171419858932
lora_current_target_control,83,train,9fe049486481505a,2021.08.17.13.15.12_veh-45,ca75f3286b115d37,0,0.06864140927791595,"[57, 21, 54, 477]",16,2.853222370147705,2.8006248474121094,"[0.7642146348953247, 2.112173080444336, 4.05265998840332, 4.4838409423828125]","[0.7330185770988464, 2.0545654296875, 3.992172956466675, 4.422741889953613]",0.10975378751754761
lora_current_target_control,83,train,f895bc253a215fc4,2021.08.17.13.15.12_veh-45,a3cae0d00733532e,1,0.3816457986831665,"[27, 62, 30, 25]",8,1.6741211414337158,1.6530426740646362,"[1.5675435066223145, 1.7806987762451172, null, null]","[1.545168161392212, 1.760917067527771, null, null]",0.06469375640153885
lora_current_target_control,83,train,f1430641b7685542,2021.08.17.13.15.12_veh-45,81ff4535c5c251d6,1,0.04723099619150162,"[46, 95, 80, 45]",16,1.3259466886520386,1.3237271308898926,"[0.7925841808319092, 1.1523100137710571, 1.3559608459472656, 2.002932071685791]","[0.7916769981384277, 1.14884352684021, 1.3528861999511719, 2.00150203704834]",0.06394775211811066
lora_current_target_control,83,train,ada17d80705459e5,2021.08.17.13.15.12_veh-45,16b335fe131c50be,1,0.076292484998703,"[43, 502, 6, 44]",0,0.0,0.0,"[null, null, null, null]","[null, null, null, null]",0.05542057007551193
lora_current_target_control,83,train,5442925b5514525c,2021.08.17.13.15.12_veh-45,5b0cacf961245153,1,0.11549554020166397,"[45, 17, 21, 46]",4,1.1008589267730713,1.0997287034988403,"[1.1008589267730713, null, null, null]","[1.0997287034988403, null, null, null]",0.052782896906137466
lora_current_target_control,83,train,f4be93317adf5091,2021.08.17.13.15.12_veh-45,e2ce597de87f572d,1,0.043677669018507004,"[31, 17, 26, 510]",12,2.208139419555664,2.2025954723358154,"[1.7979521751403809, 2.01973295211792, 2.8067331314086914, null]","[1.793273687362671, 2.0090482234954834, 2.805464267730713, null]",0.0553339347243309
lora_current_target_control,83,train,0c12cf6a804d5e86,2021.08.17.13.15.12_veh-45,8db7aab4ec8458a5,0,0.12372027337551117,"[18, 50, 51, 30]",8,2.7487850189208984,2.7415666580200195,"[null, 2.6506848335266113, 2.8468849658966064, null]","[null, 2.6457948684692383, 2.837338447570801, null]",0.034915585070848465
lora_current_target_control,83,train,a1da8bec7a1c5c7e,2021.08.17.13.15.12_veh-45,c55fafd4f7d05c65,1,0.07690288871526718,"[88, 24, 174, 6]",16,3.0637478828430176,3.0631113052368164,"[2.070840835571289, 3.003525495529175, 3.617251396179199, 3.5633738040924072]","[2.0694985389709473, 3.0045065879821777, 3.6179280281066895, 3.560511350631714]",0.045928388833999634
lora_current_target_control,83,train,1b173e83ce58518b,2021.06.08.16.31.33_veh-38,3364fd6ba8365441,1,0.025952696800231934,"[368, 369, 303, 400]",0,0.0,0.0,"[null, null, null, null]","[null, null, null, null]",0.04111378639936447
lora_current_target_control,83,train,7fa7f2973eb6583d,2021.06.08.16.31.33_veh-38,e6f6b559cbe6534e,1,0.18143728375434875,"[125, 26, 432, 499]",16,2.04398250579834,2.0268750190734863,"[1.4598143100738525, 1.2874507904052734, 2.5414576530456543, 2.887207508087158]","[1.4496591091156006, 1.2726891040802002, 2.5198819637298584, 2.865269660949707]",0.0697881355881691
lora_current_target_control,83,train,63818d7962335cb9,2021.06.08.16.31.33_veh-38,3bb603a701225a40,0,0.20239809155464172,"[26, 27, 123, 31]",16,1.802882194519043,1.800315022468567,"[2.0293192863464355, 1.6241426467895508, 1.703804850578308, 1.8542622327804565]","[2.0292584896087646, 1.6198017597198486, 1.7004623413085938, 1.8517374992370605]",0.04382467269897461
lora_current_target_control,83,train,eb6af2bd1a635cb2,2021.06.08.16.31.33_veh-38,65daba6a1f955c59,1,0.05100763589143753,"[31, 10, 14, 15]",8,0.5344042778015137,0.5356438159942627,"[0.384856641292572, 0.6839518547058105, null, null]","[0.38436198234558105, 0.6869256496429443, null, null]",0.06716617196798325
lora_current_target_control,83,train,6f08f1ba4c555d89,2021.06.08.16.31.33_veh-38,00c6ea1054d15101,1,0.7889259457588196,"[53, 23, 463, 49]",16,1.7015795707702637,1.6952593326568604,"[1.6155498027801514, 1.8640456199645996, 1.7770650386810303, 1.5496578216552734]","[1.6109620332717896, 1.8543050289154053, 1.7707431316375732, 1.545027256011963]",0.043347544968128204
lora_current_target_control,83,train,2af3184e9f0f5697,2021.06.08.16.31.33_veh-38,fb1c65108c895a43,1,0.1602414846420288,"[28, 18, 55, 58]",4,0.6148907542228699,0.6021729707717896,"[0.6148907542228699, null, null, null]","[0.6021729707717896, null, null, null]",0.07036169618368149
lora_current_target_control,83,train,33230d8bfa425f6f,2021.06.08.16.31.33_veh-38,3364fd6ba8365441,1,0.31686532497406006,"[87, 112, 20, 431]",16,1.4195747375488281,1.416017770767212,"[1.1641225814819336, 1.0819250345230103, 1.8748247623443604, 1.5574266910552979]","[1.1605373620986938, 1.0792646408081055, 1.8682506084442139, 1.5560182332992554]",0.049347519874572754
lora_current_target_control,83,train,dcee65c0765f51bf,2021.06.08.16.31.33_veh-38,7acd2a98ba7b5157,0,0.11479250341653824,"[29, 58, 31, 53]",16,1.748612880706787,1.7521384954452515,"[1.3204522132873535, 1.7171063423156738, 1.843230128288269, 2.1136631965637207]","[1.3114709854125977, 1.7255126237869263, 1.8514416217803955, 2.120128631591797]",0.10207752883434296
lora_current_target_control,83,train,82abb0794a955aff,2021.10.05.08.11.15_veh-50,d53d220a77795cee,1,0.49671003222465515,"[25, 19, 24, 55]",16,2.165792226791382,2.160158634185791,"[2.0833165645599365, 2.2528469562530518, 2.0018413066864014, 2.3251640796661377]","[2.0782980918884277, 2.245899200439453, 1.9969849586486816, 2.3194525241851807]",0.04541293904185295
lora_current_target_control,83,train,fa9ebf82174f56e2,2021.10.05.08.11.15_veh-50,81ed977eb5a1520d,1,0.4688430726528168,"[29, 21, 85, 48]",16,1.7814565896987915,1.7796404361724854,"[1.5426185131072998, 1.4333882331848145, 1.850937008857727, 2.2988829612731934]","[1.5417639017105103, 1.431855320930481, 1.8497650623321533, 2.295177459716797]",0.030547289177775383
lora_current_target_control,83,train,de7aee4bfd4650d8,2021.10.05.08.11.15_veh-50,8a8fe2f545dd5865,2,0.6654842495918274,"[53, 86, 56, 31]",12,1.4147424697875977,1.4093310832977295,"[1.1592214107513428, null, 1.2882564067840576, 1.7967493534088135]","[1.1544253826141357, null, 1.2797372341156006, 1.7938305139541626]",0.07437368482351303
lora_current_target_control,83,train,7f74e72074485b12,2021.10.05.08.11.15_veh-50,2bbefccd0ef85651,1,0.6923136711120605,"[63, 30, 15, 24]",0,0.0,0.0,"[null, null, null, null]","[null, null, null, null]",0.07427531480789185
lora_current_target_control,83,train,acf207f491775e7b,2021.10.05.08.11.15_veh-50,ae67187c90635ca6,0,0.2592099905014038,"[479, 27, 26, 31]",8,1.99528169631958,1.9786832332611084,"[1.7199642658233643, 2.270599365234375, null, null]","[1.7042224407196045, 2.2531440258026123, null, null]",0.07346612960100174
lora_current_target_control,83,train,246eb858bec25310,2021.10.05.08.11.15_veh-50,4782310b87105568,2,0.36313384771347046,"[127, 93, 125, 28]",16,2.4317750930786133,2.421365261077881,"[2.267289400100708, 2.7230021953582764, 2.2699687480926514, 2.4668397903442383]","[2.2604358196258545, 2.7191624641418457, 2.2544264793395996, 2.451436758041382]",0.10485146194696426
lora_current_target_control,83,train,40e23bdca88c5b0d,2021.10.05.08.11.15_veh-50,780bff4205715957,0,0.2789604663848877,"[30, 29, 31, 24]",12,2.409367799758911,2.405625820159912,"[2.3170928955078125, 2.2098772525787354, 2.7011330127716064, null]","[2.314411163330078, 2.2065775394439697, 2.6958882808685303, null]",0.04135342314839363
lora_current_target_control,83,train,8d59999281da5243,2021.10.05.08.11.15_veh-50,e6ed98e5973e5120,0,0.4709285497665405,"[31, 28, 63, 29]",16,1.4335589408874512,1.4227535724639893,"[0.6830787658691406, 1.0671385526657104, 2.181898355484009, 1.8021196126937866]","[0.6763870716094971, 1.0564899444580078, 2.169860601425171, 1.7882766723632812]",0.10769499838352203
lora_current_target_control,83,train,75afc126374359d3,2021.09.15.14.00.15_veh-28,821da079291c52cf,1,0.10455519706010818,"[44, 17, 11, 46]",16,2.880901336669922,2.8790807723999023,"[2.0902047157287598, 2.914203405380249, 3.1228187084198, 3.3963780403137207]","[2.0873258113861084, 2.912749767303467, 3.1219379901885986, 3.3943092823028564]",0.05170184373855591
lora_current_target_control,83,train,973a7c9d77ca5b23,2021.09.15.14.00.15_veh-28,19e39a5880c754ad,1,0.021493645384907722,"[30, 31, 509, 63]",4,1.0040916204452515,0.9980487823486328,"[1.0040916204452515, null, null, null]","[0.9980487823486328, null, null, null]",0.051756687462329865
lora_current_target_control,83,train,095741f4465352b3,2021.09.15.14.00.15_veh-28,96b8f4dbc6995cb7,1,0.09640520811080933,"[31, 86, 30, 28]",16,1.9387843608856201,1.9279565811157227,"[1.6894375085830688, 1.900767207145691, 2.166048288345337, 1.9988842010498047]","[1.681281566619873, 1.8924123048782349, 2.1460838317871094, 1.9920483827590942]",0.1032937690615654
lora_current_target_control,83,train,4617f5dbb29c500a,2021.09.15.14.00.15_veh-28,07d29dd2e9c6500b,1,0.15886810421943665,"[21, 180, 29, 27]",0,0.0,0.0,"[null, null, null, null]","[null, null, null, null]",0.03406103700399399
lora_current_target_control,83,train,b0f67ce7d678590b,2021.09.15.14.00.15_veh-28,9341eeedf0ae5c32,1,0.05154544487595558,"[465, 431, 403, 467]",8,3.572563648223877,3.5582799911499023,"[2.58754301071167, 4.557584285736084, null, null]","[2.5728797912597656, 4.543680191040039, null, null]",0.06490625441074371
lora_current_target_control,83,train,13456839ba8c52ef,2021.09.15.14.00.15_veh-28,d24fb2b39ae1574e,1,0.09739036858081818,"[29, 85, 52, 30]",0,0.0,0.0,"[null, null, null, null]","[null, null, null, null]",0.032226745039224625
lora_current_target_control,83,train,1df7865b517251d0,2021.09.15.14.00.15_veh-28,dc1ef9d49cb25b98,1,0.017385147511959076,"[54, 119, 446, 90]",8,2.1614177227020264,2.157803535461426,"[2.1277871131896973, 2.1950483322143555, null, null]","[2.124690055847168, 2.1909167766571045, null, null]",0.08056335896253586
lora_current_target_control,83,train,38f3a2f5fe33500f,2021.09.15.14.00.15_veh-28,5a06354563625c69,2,0.25865399837493896,"[62, 94, 127, 63]",16,2.2247848510742188,2.2058982849121094,"[2.096099615097046, 1.5757508277893066, 2.4158453941345215, 2.811444044113159]","[2.0897016525268555, 1.5583276748657227, 2.3871402740478516, 2.788424015045166]",0.08789420872926712
lora_current_target_control,83,train,95535851c7b75757,2021.07.16.22.40.23_veh-38,6e36585b2ea55145,1,0.0399545319378376,"[473, 467, 500, 510]",8,1.4593472480773926,1.442476511001587,"[1.0036379098892212, 1.915056586265564, null, null]","[0.989876389503479, 1.8950766324996948, null, null]",0.07252461463212967
lora_current_target_control,83,train,6764c662e15e5b48,2021.07.16.22.40.23_veh-38,216d4aa3e3fe59a3,1,0.07049782574176788,"[500, 464, 501, 466]",16,1.1862887144088745,1.176971673965454,"[1.002803921699524, 0.8946928381919861, 1.6909294128417969, 1.1567285060882568]","[0.9939015507698059, 0.8832609057426453, 1.6784647703170776, 1.152259349822998]",0.06816554069519043
lora_current_target_control,83,train,7bf05e0f52b75ee2,2021.07.16.22.40.23_veh-38,1deff9a6d27a5f6b,0,0.10578789561986923,"[57, 23, 26, 58]",16,1.7937097549438477,1.7890148162841797,"[0.7305554151535034, 1.5929380655288696, 1.672797679901123, 3.1785476207733154]","[0.7256239652633667, 1.5882282257080078, 1.6703510284423828, 3.1718554496765137]",0.0394848994910717
lora_current_target_control,83,train,673b04fae3fc5595,2021.07.16.22.40.23_veh-38,a7823a906c555e39,1,0.03989344835281372,"[505, 17, 501, 244]",16,1.2109155654907227,1.208855390548706,"[0.5827738642692566, 0.9850208163261414, 1.3266900777816772, 1.9491771459579468]","[0.5812889337539673, 0.9831681847572327, 1.3256769180297852, 1.9452873468399048]",0.054957762360572815
lora_current_target_control,83,train,c8faaa73c9c054d1,2021.07.16.22.40.23_veh-38,98071366467650ae,0,0.062392979860305786,"[22, 31, 492, 496]",16,2.2081098556518555,2.1955361366271973,"[1.503258466720581, 1.9079978466033936, 2.4331769943237305, 2.988006114959717]","[1.4955229759216309, 1.893221378326416, 2.421531915664673, 2.9718682765960693]",0.05647946894168854
lora_current_target_control,83,train,5e5f522e3ecd5cca,2021.07.16.22.40.23_veh-38,900bff237382523c,1,0.222147598862648,"[21, 51, 27, 55]",4,1.7766094207763672,1.7738816738128662,"[1.7766094207763672, null, null, null]","[1.7738816738128662, null, null, null]",0.028897037729620934
lora_current_target_control,83,train,378d61da938e5420,2021.07.16.22.40.23_veh-38,b4d6add3705a50f5,1,0.05777687579393387,"[54, 51, 398, 18]",4,2.1933329105377197,2.1922175884246826,"[2.1933329105377197, null, null, null]","[2.1922175884246826, null, null, null]",0.031056955456733704
lora_current_target_control,83,train,8bcd32f3329b5729,2021.07.16.22.40.23_veh-38,ce32a45e2c885ce0,1,0.08664096146821976,"[61, 504, 53, 22]",4,1.739100456237793,1.6991859674453735,"[null, null, null, 1.739100456237793]","[null, null, null, 1.6991859674453735]",0.09581723064184189
lora_current_target_control,83,train,85107617069e5eae,2021.10.05.07.49.39_veh-52,a3270c0c8ca250a5,2,0.4351581037044525,"[90, 89, 88, 24]",16,2.083279848098755,2.0836966037750244,"[1.6260827779769897, 2.355677366256714, 2.111875057220459, 2.2394838333129883]","[1.625264048576355, 2.3562073707580566, 2.1127219200134277, 2.240593433380127]",0.03897630423307419
lora_current_target_control,83,train,dd9d8e686a345f74,2021.10.05.07.49.39_veh-52,6ef4b849a52f565e,1,0.14214470982551575,"[10, 12, 43, 17]",16,1.5735514163970947,1.5592306852340698,"[1.4667904376983643, 1.468050479888916, 1.8862042427062988, 1.4731602668762207]","[1.4508936405181885, 1.4508610963821411, 1.8762404918670654, 1.4589276313781738]",0.062073998153209686
lora_current_target_control,83,train,d25f823ffc5f55cf,2021.10.05.07.49.39_veh-52,b9c2d90e9f0d5298,2,0.2070636749267578,"[31, 26, 63, 27]",16,1.3637241125106812,1.3532823324203491,"[0.6246062517166138, 1.176832914352417, 1.5188947916030884, 2.1345624923706055]","[0.6170347929000854, 1.156794548034668, 1.5193935632705688, 2.119906425476074]",0.113387331366539
lora_current_target_control,83,train,fa41647d02c7591c,2021.10.05.07.49.39_veh-52,425547b119ac51e8,2,0.4988742470741272,"[59, 95, 31, 93]",4,0.8455648422241211,0.8458638191223145,"[0.8455648422241211, null, null, null]","[0.8458638191223145, null, null, null]",0.04413497447967529
lora_current_target_control,83,train,e1513979c1a25a3a,2021.10.05.07.49.39_veh-52,63675e4e47d35a9c,0,0.2554871737957001,"[63, 26, 30, 59]",16,2.6909313201904297,2.6886329650878906,"[2.470468521118164, 2.417694091796875, 3.085660219192505, 2.7899017333984375]","[2.467118978500366, 2.412381649017334, 3.0877137184143066, 2.7873172760009766]",0.04522635415196419
lora_current_target_control,83,train,21a96107cf785a63,2021.10.05.07.49.39_veh-52,425547b119ac51e8,0,0.19155889749526978,"[16, 255, 15, 31]",12,1.8656806945800781,1.8582185506820679,"[1.453465461730957, 1.950927734375, 2.1926488876342773, null]","[1.4439642429351807, 1.9455903768539429, 2.18510103225708, null]",0.05058713257312775
lora_current_target_control,83,train,0961f8661d8a58c2,2021.10.05.07.49.39_veh-52,1cb0c69eb34a51f0,2,0.9024209976196289,"[31, 29, 63, 30]",4,0.9283251762390137,0.9191402196884155,"[0.9283251762390137, null, null, null]","[0.9191402196884155, null, null, null]",0.11563025414943695
lora_current_target_control,83,train,5c78f13876e0582b,2021.10.05.07.49.39_veh-52,a140ff94e233594d,1,0.24310293793678284,"[57, 27, 124, 90]",16,1.444960594177246,1.4446516036987305,"[0.9437927007675171, 1.5039665699005127, 1.7194969654083252, 1.6125857830047607]","[0.9431738257408142, 1.5046360492706299, 1.7179001569747925, 1.6128966808319092]",0.029022643342614174
lora_current_target_control,83,train,8b0932e2de6753ab,2021.06.09.12.06.35_veh-35,29cb5c1452bc5bce,1,0.207157164812088,"[27, 43, 20, 41]",4,1.572805404663086,1.563570499420166,"[1.572805404663086, null, null, null]","[1.563570499420166, null, null, null]",0.051755692809820175
lora_current_target_control,83,train,c2b7349b328858ac,2021.06.09.12.06.35_veh-35,39e28bb91b3c557d,0,0.07147654891014099,"[467, 507, 499, 58]",4,1.8996772766113281,1.860159993171692,"[1.8996772766113281, null, null, null]","[1.860159993171692, null, null, null]",0.1049971878528595
lora_current_target_control,83,train,482e228f118e544b,2021.06.09.12.06.35_veh-35,d8e166bb74fc5f00,1,0.07072602212429047,"[61, 17, 20, 23]",8,1.518465518951416,1.5173910856246948,"[1.2228922843933105, 1.814038634300232, null, null]","[1.2234978675842285, 1.8112843036651611, null, null]",0.06064051017165184
lora_current_target_control,83,train,0bcc8551849c538f,2021.06.09.12.06.35_veh-35,ab18f13d87e7560f,1,0.12554341554641724,"[26, 111, 19, 27]",8,1.6024894714355469,1.6003942489624023,"[null, null, 1.8084454536437988, 1.3965333700180054]","[null, null, 1.805770754814148, 1.3950178623199463]",0.04233880341053009
lora_current_target_control,83,train,79ea424b3b2b51e7,2021.06.09.12.06.35_veh-35,7331a1cdf1cd5f28,1,0.12130191922187805,"[501, 47, 55, 50]",8,1.8712103366851807,1.8625003099441528,"[null, null, 1.5867106914520264, 2.155709981918335]","[null, null, 1.5780680179595947, 2.146932601928711]",0.05895451456308365
lora_current_target_control,83,train,5a4f5d512d285fd2,2021.06.09.12.06.35_veh-35,7331a1cdf1cd5f28,1,0.12604966759681702,"[53, 114, 19, 25]",0,0.0,0.0,"[null, null, null, null]","[null, null, null, null]",0.045364972203969955
lora_current_target_control,83,train,f56f173b6d3b52d4,2021.06.09.12.06.35_veh-35,533c96a969445755,1,0.021170325577259064,"[25, 49, 53, 22]",16,1.317067265510559,1.3146018981933594,"[0.836756706237793, 1.1912250518798828, 1.1922398805618286, 2.0480477809906006]","[0.8318463563919067, 1.1854510307312012, 1.192696452140808, 2.0484135150909424]",0.050171129405498505
lora_current_target_control,83,train,7d14dc9e1394504c,2021.06.09.12.06.35_veh-35,15746f958b855ce1,1,0.0939561054110527,"[21, 476, 508, 52]",4,0.6938109397888184,0.6776511669158936,"[0.6938109397888184, null, null, null]","[0.6776511669158936, null, null, null]",0.09503661841154099
lora_current_target_control,83,train,a0b601837cc25f9a,2021.06.07.12.54.00_veh-35,e6276d5babcf57c5,1,0.15222886204719543,"[80, 48, 45, 78]",16,1.159696340560913,1.1605650186538696,"[0.5270265340805054, 1.0923185348510742, 1.4589033126831055, 1.5605367422103882]","[0.5268561840057373, 1.0919992923736572, 1.4600592851638794, 1.5633454322814941]",0.02391107939183712
lora_current_target_control,83,train,dcbf1cf262365995,2021.06.07.12.54.00_veh-35,e7819c9d528b5035,1,1.4622384309768677,"[27, 23, 511, 473]",4,2.3499412536621094,2.3247365951538086,"[2.3499412536621094, null, null, null]","[2.3247365951538086, null, null, null]",0.07714250683784485
lora_current_target_control,83,train,4f0a0a61bdaa5a59,2021.06.07.12.54.00_veh-35,528ee06dd0565678,1,0.09178893268108368,"[82, 88, 52, 19]",4,1.2929803133010864,1.2894842624664307,"[1.2929803133010864, null, null, null]","[1.2894842624664307, null, null, null]",0.03609611839056015
lora_current_target_control,83,train,4c2e114b0f5c5cee,2021.06.07.12.54.00_veh-35,c0d79102a9225562,1,0.2539433240890503,"[430, 17, 506, 500]",16,1.7585618495941162,1.7519338130950928,"[1.2615998983383179, 1.5483424663543701, 1.8273110389709473, 2.396993398666382]","[1.253737211227417, 1.5392804145812988, 1.8247501850128174, 2.389967441558838]",0.05212957412004471
lora_current_target_control,83,train,9ac6b0c708ef57ba,2021.06.07.12.54.00_veh-35,91deaa6b42c85a71,1,0.45856374502182007,"[115, 51, 88, 146]",4,1.1486084461212158,1.1442006826400757,"[1.1486084461212158, null, null, null]","[1.1442006826400757, null, null, null]",0.0486217625439167
lora_current_target_control,83,train,8a85218e4a3d5fa2,2021.06.07.12.54.00_veh-35,91deaa6b42c85a71,1,0.05967976897954941,"[84, 21, 145, 20]",0,0.0,0.0,"[null, null, null, null]","[null, null, null, null]",0.03568869084119797
lora_current_target_control,83,train,23b79e79cec15f05,2021.06.07.12.54.00_veh-35,f5c76f15450f5cd1,1,0.07320982962846756,"[53, 31, 62, 60]",4,1.1636021137237549,1.1606318950653076,"[1.1636021137237549, null, null, null]","[1.1606318950653076, null, null, null]",0.056625016033649445
lora_current_target_control,83,train,e5e57399ea0a5228,2021.06.07.12.54.00_veh-35,25302d95d9f158f7,1,1.1680210828781128,"[411, 62, 20, 24]",16,2.073498487472534,2.0337846279144287,"[1.5786724090576172, 2.3300676345825195, 2.024430751800537, 2.360823154449463]","[1.5455636978149414, 2.292454481124878, 1.9805601835250854, 2.3165602684020996]",0.09642443060874939
lora_current_target_control,83,train,e1a8d2a630635703,2021.06.14.14.03.45_veh-38,8f286698db6d541b,1,0.12559786438941956,"[95, 31, 63, 30]",16,1.6717228889465332,1.6711814403533936,"[1.234277367591858, 1.4615585803985596, 2.183598518371582, 1.8074568510055542]","[1.2405574321746826, 1.4553375244140625, 2.186008930206299, 1.8028218746185303]",0.07294873893260956
lora_current_target_control,83,train,aece322a1d42538a,2021.06.14.14.03.45_veh-38,7540234731835704,1,0.06716430187225342,"[26, 21, 17, 85]",16,2.4469473361968994,2.4393630027770996,"[1.810262680053711, 2.488558292388916, 2.8986871242523193, 2.590280771255493]","[1.7997626066207886, 2.479640245437622, 2.8917224407196045, 2.5863265991210938]",0.04807485640048981
lora_current_target_control,83,train,9d0bf147438e5fb3,2021.06.14.14.03.45_veh-38,23e9bf0d2cbe5bab,1,0.018555287271738052,"[57, 49, 479, 14]",4,1.0451234579086304,1.0465197563171387,"[1.0451234579086304, null, null, null]","[1.0465197563171387, null, null, null]",0.04281714931130409
lora_current_target_control,83,train,f2d2c1ea12755312,2021.06.14.14.03.45_veh-38,34c1915fbf665c36,1,0.03420622646808624,"[505, 63, 510, 502]",8,1.579200029373169,1.5621802806854248,"[1.1027089357376099, 2.0556910037994385, null, null]","[1.088611125946045, 2.0357494354248047, null, null]",0.059491273015737534
lora_current_target_control,83,train,cea14bc9e11e5a9a,2021.06.14.14.03.45_veh-38,6be18c3f08665d95,1,0.10300041735172272,"[504, 497, 507, 489]",4,1.6091651916503906,1.5976688861846924,"[1.6091651916503906, null, null, null]","[1.5976688861846924, null, null, null]",0.07548671215772629
lora_current_target_control,83,train,4a60572394c95d99,2021.06.14.14.03.45_veh-38,7e940171cbb2501f,1,0.15812861919403076,"[26, 58, 95, 61]",4,0.18254341185092926,0.17672012746334076,"[0.18254341185092926, null, null, null]","[0.17672012746334076, null, null, null]",0.06988120079040527
lora_current_target_control,83,train,73c60faa4a4f50d5,2021.06.14.14.03.45_veh-38,3310381978495db6,1,0.055861376225948334,"[19, 82, 367, 494]",16,1.677436113357544,1.6759235858917236,"[1.2699472904205322, 1.3800779581069946, 2.5418953895568848, 1.5178238153457642]","[1.2713191509246826, 1.3767926692962646, 2.537809133529663, 1.5177735090255737]",0.05111726373434067
lora_current_target_control,83,train,19d7d544be8b5ed6,2021.06.14.14.03.45_veh-38,faff8007373357b2,0,0.08541232347488403,"[31, 506, 503, 468]",12,3.5092170238494873,3.497046947479248,"[1.809900164604187, 3.0237677097320557, 5.693982124328613, null]","[1.8041192293167114, 3.0074338912963867, 5.679588317871094, null]",0.060520246624946594
lora_current_target_control,83,train,0cee9b6cce6b55bb,2021.06.23.17.31.36_veh-16,5dd11df23010512b,1,0.04582052305340767,"[20, 23, 54, 53]",4,1.1965075731277466,1.1964634656906128,"[1.1965075731277466, null, null, null]","[1.1964634656906128, null, null, null]",0.039214085787534714
lora_current_target_control,83,train,b7e4f74f963b5911,2021.06.23.17.31.36_veh-16,12076247bcfc52af,0,0.025668853893876076,"[367, 294, 478, 28]",8,1.642000675201416,1.6411283016204834,"[1.6712476015090942, 1.612753987312317, null, null]","[1.6726579666137695, 1.6095987558364868, null, null]",0.042581748217344284
lora_current_target_control,83,train,de1498ad86835196,2021.06.23.17.31.36_veh-16,0f8853ece4595cfd,1,0.029865646734833717,"[29, 510, 443, 506]",16,1.8940041065216064,1.8901586532592773,"[1.421283483505249, 1.247256875038147, 1.8449959754943848, 3.0624794960021973]","[1.4159026145935059, 1.2435232400894165, 1.8417301177978516, 3.059478759765625]",0.04571469873189926
lora_current_target_control,83,train,025ec42ba16f587d,2021.06.23.17.31.36_veh-16,135f484f0eaf5a02,1,0.09337058663368225,"[47, 45, 15, 431]",16,2.278663396835327,2.2625551223754883,"[3.1054739952087402, 2.0328760147094727, 1.1313197612762451, 2.844984292984009]","[3.0832512378692627, 2.0163280963897705, 1.1247351169586182, 2.825906276702881]",0.06314206123352051
lora_current_target_control,83,train,c3fcca93dde25e14,2021.06.23.17.31.36_veh-16,e9436dfe242a5e1e,0,0.2113635241985321,"[62, 63, 23, 21]",16,2.186671018600464,2.1676788330078125,"[1.7090957164764404, 2.266826629638672, 2.3640270233154297, 2.4067342281341553]","[1.6929914951324463, 2.2466979026794434, 2.3478896617889404, 2.3831353187561035]",0.10315530002117157
lora_current_target_control,83,train,e06e9be096c55f62,2021.06.23.17.31.36_veh-16,0ecd78b5d8165cd8,0,0.05592729151248932,"[63, 30, 478, 510]",16,1.2847044467926025,1.2813518047332764,"[0.7970882058143616, 1.198864459991455, 1.6648600101470947, 1.478005290031433]","[0.7937692999839783, 1.196666955947876, 1.662484884262085, 1.4724860191345215]",0.047183047980070114
lora_current_target_control,83,train,3764fca3eb725eea,2021.06.23.17.31.36_veh-16,83605fe059ea5914,1,0.10746283829212189,"[89, 60, 12, 48]",16,1.6522469520568848,1.6494643688201904,"[1.0319757461547852, 1.5977730751037598, 2.1872706413269043, 1.791968822479248]","[1.0271329879760742, 1.593258023262024, 2.1838912963867188, 1.793574571609497]",0.033756792545318604
lora_current_target_control,83,train,e37afb24cbc354b1,2021.06.23.17.31.36_veh-16,137a8e2e182e525a,1,0.02884097211062908,"[369, 398, 337, 335]",8,4.842644691467285,4.8352813720703125,"[3.8278586864471436, 5.857430458068848, null, null]","[3.823019027709961, 5.847544193267822, null, null]",0.040579862892627716
lora_current_target_control,83,train,99bf73c4d148509a,2021.06.14.18.13.35_veh-26,ece541c7453e5027,1,0.10313592851161957,"[49, 22, 45, 81]",8,1.1796131134033203,1.1773344278335571,"[1.116389274597168, 1.2428370714187622, null, null]","[1.114466905593872, 1.2402019500732422, null, null]",0.03840459883213043
lora_current_target_control,83,train,82183d4ed7285e2b,2021.06.14.18.13.35_veh-26,15b78bc7ecd45635,2,0.13129475712776184,"[95, 31, 28, 63]",16,2.938722610473633,2.92295503616333,"[2.5861198902130127, 2.8075780868530273, 3.093651294708252, 3.26754093170166]","[2.558708667755127, 2.791959285736084, 3.085540771484375, 3.255610942840576]",0.09912066906690598
lora_current_target_control,83,train,09fc359e65a65d2d,2021.06.14.18.13.35_veh-26,8c1c9f8ebebd5a2c,0,0.036929965019226074,"[155, 475, 504, 502]",0,0.0,0.0,"[null, null, null, null]","[null, null, null, null]",0.04124460741877556
lora_current_target_control,83,train,ee6a818615ff51ba,2021.06.14.18.13.35_veh-26,78f10869dcaa5d66,0,0.08275178074836731,"[31, 95, 28, 60]",12,2.070319652557373,2.0654008388519287,"[2.0002405643463135, 1.9837368726730347, 2.2269816398620605, null]","[1.997544288635254, 1.9772261381149292, 2.2214317321777344, null]",0.04246264696121216
lora_current_target_control,83,train,e134b297048b5c37,2021.06.14.18.13.35_veh-26,290604a14d365b9b,0,0.05100708827376366,"[503, 499, 504, 315]",8,2.2180299758911133,2.200774669647217,"[null, null, 1.9827519655227661, 2.453308343887329]","[null, null, 1.9661818742752075, 2.4353671073913574]",0.07823705673217773
lora_current_target_control,83,train,9c833d715d5a5f2c,2021.06.14.18.13.35_veh-26,ce646f56ab2a530e,0,0.06023373082280159,"[31, 27, 29, 64]",16,2.159471035003662,2.1568875312805176,"[1.824341058731079, 2.2802257537841797, 2.4480724334716797, 2.085245132446289]","[1.8197156190872192, 2.274109363555908, 2.4499125480651855, 2.083813190460205]",0.04377933591604233
lora_current_target_control,83,train,505bbe9ba4405369,2021.06.14.18.13.35_veh-26,20e402609e615776,1,0.039490435272455215,"[479, 17, 502, 474]",4,0.7518720030784607,0.7362352609634399,"[0.7518720030784607, null, null, null]","[0.7362352609634399, null, null, null]",0.08757679164409637
lora_current_target_control,83,train,7c0f902cd4a85505,2021.06.14.18.13.35_veh-26,bc0a766ff84b5442,1,0.0788896307349205,"[48, 49, 17, 47]",0,0.0,0.0,"[null, null, null, null]","[null, null, null, null]",0.040300168097019196
lora_current_target_control,83,train,aa5610ae761e5330,2021.08.17.17.55.18_veh-43,f928e8f7bee55d18,2,0.18097585439682007,"[31, 29, 30, 28]",4,3.7033510208129883,3.6783435344696045,"[null, null, null, 3.7033510208129883]","[null, null, null, 3.6783435344696045]",0.08959224075078964
lora_current_target_control,83,train,06f416ef3dbc5656,2021.08.17.17.55.18_veh-43,e0efd254e94b5c5d,1,0.026301667094230652,"[62, 30, 29, 479]",4,1.100385308265686,1.0928785800933838,"[1.100385308265686, null, null, null]","[1.0928785800933838, null, null, null]",0.06467288732528687
lora_current_target_control,83,train,9adfdd4c06cf5e8c,2021.08.17.17.55.18_veh-43,7032266a8b3259e9,1,0.08739258348941803,"[51, 50, 59, 63]",0,0.0,0.0,"[null, null, null, null]","[null, null, null, null]",0.04018121957778931
lora_current_target_control,83,train,94014ea94dae5180,2021.08.17.17.55.18_veh-43,03d335bbfd355432,1,0.02771691232919693,"[44, 472, 505, 500]",8,5.82808256149292,5.812227249145508,"[null, null, 6.231237888336182, 5.424927234649658]","[null, null, 6.224329948425293, 5.400124549865723]",0.055435024201869965
lora_current_target_control,83,train,996a71ebed2d5962,2021.08.17.17.55.18_veh-43,669b4bc52a755a71,1,0.0922161340713501,"[63, 29, 28, 479]",12,1.7649295330047607,1.7653840780258179,"[1.459697961807251, 1.653445839881897, 2.1816444396972656, null]","[1.4574785232543945, 1.6538954973220825, 2.1847786903381348, null]",0.036380834877491
lora_current_target_control,83,train,b65cdf1698ec58da,2021.08.17.17.55.18_veh-43,f5ce59f542c15ccf,2,0.11929892003536224,"[60, 63, 91, 121]",8,2.8760080337524414,2.8761794567108154,"[null, null, 3.136873245239258, 2.615142345428467]","[null, null, 3.137197732925415, 2.6151609420776367]",0.07750273495912552
lora_current_target_control,83,train,7c897aea11555116,2021.08.17.17.55.18_veh-43,119facee9f435d2d,1,0.013955701142549515,"[432, 400, 433, 401]",0,0.0,0.0,"[null, null, null, null]","[null, null, null, null]",0.08522282540798187
lora_current_target_control,83,train,9d8bbe7081805aff,2021.08.17.17.55.18_veh-43,e4f7253cff9559e5,1,0.5855128765106201,"[17, 46, 54, 51]",8,2.586275100708008,2.583528995513916,"[null, null, 2.439631700515747, 2.7329182624816895]","[null, null, 2.4350595474243164, 2.7319979667663574]",0.035981617867946625
lora_current_target_control,83,train,6f13db85eb395da6,2021.06.07.18.53.26_veh-26,b4aa9d6255005ff4,1,0.8939793109893799,"[31, 63, 25, 95]",8,0.555823564529419,0.5463094711303711,"[0.5496771931648254, 0.5619699358940125, null, null]","[0.5375989079475403, 0.5550200939178467, null, null]",0.10549057275056839
lora_current_target_control,83,train,90bab1d26e77539e,2021.06.07.18.53.26_veh-26,a775290bfe11501c,1,0.5160414576530457,"[120, 11, 22, 74]",12,2.3984742164611816,2.391465187072754,"[null, 2.114438772201538, 2.9332032203674316, 2.147780418395996]","[null, 2.103390693664551, 2.9253814220428467, 2.145623207092285]",0.0498313382267952
lora_current_target_control,83,train,a0fad9da427656e1,2021.06.07.18.53.26_veh-26,7c918a18841755fe,1,0.7989311814308167,"[30, 25, 16, 465]",16,2.2508792877197266,2.2499868869781494,"[2.3802671432495117, 2.616953134536743, 2.2245771884918213, 1.7817189693450928]","[2.376485824584961, 2.616297483444214, 2.2248568534851074, 1.7823073863983154]",0.048756204545497894
lora_current_target_control,83,train,cc2769dbb64c51c5,2021.06.07.18.53.26_veh-26,e056042111235af2,0,0.24354830384254456,"[24, 23, 25, 4]",12,2.285993814468384,2.284024238586426,"[1.9659932851791382, null, 2.3092780113220215, 2.582709550857544]","[1.965812087059021, null, 2.306049108505249, 2.5802111625671387]",0.03300069645047188
lora_current_target_control,83,train,3a42aaf9c7ad52b0,2021.06.07.18.53.26_veh-26,a775290bfe11501c,1,0.01741773821413517,"[465, 432, 466, 431]",0,0.0,0.0,"[null, null, null, null]","[null, null, null, null]",0.07088956236839294
lora_current_target_control,83,train,9ce593252631507d,2021.06.07.18.53.26_veh-26,5ed65930b4c35bfa,1,0.606893002986908,"[54, 475, 471, 509]",12,1.6760423183441162,1.6699113845825195,"[1.220646858215332, 1.8559081554412842, 1.9515717029571533, null]","[1.2153820991516113, 1.8462984561920166, 1.9480533599853516, null]",0.05718310549855232
lora_current_target_control,83,train,d7bf7fb4d1995e7e,2021.06.07.18.53.26_veh-26,ead01d808c89587c,1,0.21555346250534058,"[31, 54, 53, 50]",16,1.5980280637741089,1.5998435020446777,"[1.1475045680999756, 1.3524894714355469, 1.9904156923294067, 1.9017025232315063]","[1.1478686332702637, 1.3529114723205566, 1.9926302433013916, 1.90596342086792]",0.025069206953048706
lora_current_target_control,83,train,884a4400377653c4,2021.06.07.18.53.26_veh-26,77179676f4c656da,0,0.24760015308856964,"[30, 62, 34, 17]",16,2.5387234687805176,2.537590980529785,"[2.098323345184326, 2.713402032852173, 2.8334875106811523, 2.50968074798584]","[2.095489025115967, 2.713460922241211, 2.829932451248169, 2.511481761932373]",0.0424126572906971
lora_current_target_control,83,train,f2a8a11d1d9957c6,2021.08.17.17.17.01_veh-45,d53c011070a753b3,1,0.12648028135299683,"[94, 25, 63, 58]",8,2.16873836517334,2.159445285797119,"[2.214121103286743, 2.1233556270599365, null, null]","[2.2045369148254395, 2.114353656768799, null, null]",0.0693901851773262
lora_current_target_control,83,train,448fcc465ce2589c,2021.08.17.17.17.01_veh-45,2d50451fc5045ec3,1,0.07166475802659988,"[29, 24, 27, 19]",4,1.237917184829712,1.236915946006775,"[1.237917184829712, null, null, null]","[1.236915946006775, null, null, null]",0.03452325612306595
lora_current_target_control,83,train,5b9eea7538235f36,2021.08.17.17.17.01_veh-45,58adb0f87a905810,2,0.13743095099925995,"[24, 63, 31, 477]",12,2.6824986934661865,2.6763017177581787,"[1.5173702239990234, 2.9476327896118164, null, 3.5824928283691406]","[1.5110074281692505, 2.9369826316833496, null, 3.580914258956909]",0.06268731504678726
lora_current_target_control,83,train,8da3d9d2de0c53bd,2021.08.17.17.17.01_veh-45,56ef3c9f702054a5,0,0.16191694140434265,"[23, 26, 63, 1]",0,0.0,0.0,"[null, null, null, null]","[null, null, null, null]",0.039491552859544754
lora_current_target_control,83,train,4cb6f16e6fd75ae6,2021.08.17.17.17.01_veh-45,01fcbea54a215b4c,0,0.17620740830898285,"[30, 31, 95, 23]",0,0.0,0.0,"[null, null, null, null]","[null, null, null, null]",0.02545366808772087
lora_current_target_control,83,train,6bf7c64d674550c0,2021.08.17.17.17.01_veh-45,e9ee1f2ed60e5dad,0,0.06930841505527496,"[31, 18, 12, 55]",16,2.9797167778015137,2.959688186645508,"[1.8736436367034912, 2.3387699127197266, 3.718358039855957, 3.9880945682525635]","[1.8564980030059814, 2.317120313644409, 3.6974093914031982, 3.9677252769470215]",0.06799504905939102
lora_current_target_control,83,train,400d720e95ee5e13,2021.08.17.17.17.01_veh-45,e334ef237217504d,0,0.09688988327980042,"[447, 478, 412, 191]",12,3.234285354614258,3.2331857681274414,"[null, 2.6671957969665527, 3.5905637741088867, 3.445096969604492]","[null, 2.666194200515747, 3.5900559425354004, 3.4433069229125977]",0.03785741701722145
lora_current_target_control,83,train,f16683fd19e558c2,2021.08.17.17.17.01_veh-45,091fcca513f752d2,0,0.13449819386005402,"[17, 22, 16, 94]",4,3.1624622344970703,3.1614832878112793,"[null, null, null, 3.1624622344970703]","[null, null, null, 3.1614832878112793]",0.030359603464603424
lora_current_target_control,83,development,5b2b2741a9225324,2021.06.07.17.46.49_veh-35,d27fc0739dad5664,1,0.7332381010055542,"[47, 81, 15, 503]",16,1.257857322692871,1.25282621383667,"[0.7597851753234863, 1.4503240585327148, 1.340529441833496, 1.4807909727096558]","[0.756908118724823, 1.4398716688156128, 1.3338558673858643, 1.480668544769287]",0.05039675161242485
lora_current_target_control,83,development,1dc3ed89baf15ac3,2021.06.07.17.46.49_veh-35,1dabc8e66ab15cb6,1,0.19925391674041748,"[399, 400, 401, 398]",4,3.354719638824463,3.3505654335021973,"[3.354719638824463, null, null, null]","[3.3505654335021973, null, null, null]",0.0800904780626297
lora_current_target_control,83,development,2daea025bb7e5a2c,2021.06.07.17.46.49_veh-35,db1cb602e9f05786,1,0.34308701753616333,"[464, 465, 496, 433]",8,10.338483810424805,10.339469909667969,"[7.828129768371582, 12.848836898803711, null, null]","[7.831263065338135, 12.847677230834961, null, null]",0.05052967369556427
lora_current_target_control,83,development,be3bc0fa680c5e33,2021.06.07.17.46.49_veh-35,17a02971177257e5,0,0.5800216197967529,"[30, 31, 32, 127]",16,2.1462655067443848,2.1440749168395996,"[2.133286952972412, 2.1888961791992188, 2.2014825344085693, 2.061396598815918]","[2.129967212677002, 2.184906005859375, 2.2008938789367676, 2.060533046722412]",0.027258386835455894
lora_current_target_control,83,development,2903fe2f977f5927,2021.06.07.17.46.49_veh-35,f29c7a8c103151ea,1,0.8487155437469482,"[63, 21, 20, 17]",0,0.0,0.0,"[null, null, null, null]","[null, null, null, null]",0.07714380323886871
lora_current_target_control,83,development,c362c24b66b351ed,2021.06.07.17.46.49_veh-35,186b67f7d5325988,1,0.9361324310302734,"[27, 22, 28, 63]",4,1.0505008697509766,1.0510098934173584,"[1.0505008697509766, null, null, null]","[1.0510098934173584, null, null, null]",0.07488874346017838
lora_current_target_control,83,development,222f5d6a4aa25d89,2021.06.07.17.46.49_veh-35,75787c317e3a5b82,1,0.224391907453537,"[51, 28, 16, 19]",16,2.108438730239868,2.1098132133483887,"[1.2630687952041626, 1.9681302309036255, 2.729369878768921, 2.4731857776641846]","[1.2616950273513794, 1.9694790840148926, 2.7322099208831787, 2.4758689403533936]",0.04144558310508728
lora_current_target_control,83,development,933f03af8f385207,2021.06.07.17.46.49_veh-35,9036e1622d84535c,2,0.4314878284931183,"[59, 26, 25, 511]",16,2.3294548988342285,2.332157850265503,"[0.6537163257598877, 2.28653621673584, 2.558432102203369, 3.819135904312134]","[0.6523584127426147, 2.2929673194885254, 2.561936378479004, 3.8213696479797363]",0.044240374118089676
lora_current_target_control,83,development,063ebdb158075369,2021.06.09.11.54.15_veh-12,ff376a5096665630,1,0.033392440527677536,"[436, 444, 471, 0]",8,3.159369945526123,3.1409502029418945,"[2.4066836833953857, 3.9120562076568604, null, null]","[2.3935294151306152, 3.888370990753174, null, null]",0.0669805109500885
lora_current_target_control,83,development,c0a1b812e095547d,2021.06.09.11.54.15_veh-12,402aea4619c55186,1,0.19733257591724396,"[85, 22, 56, 57]",12,3.2226667404174805,3.224064588546753,"[null, 3.4297094345092773, 3.4185099601745605, 2.8197803497314453]","[null, 3.4310555458068848, 3.4201433658599854, 2.8209943771362305]",0.03732667490839958
lora_current_target_control,83,development,482f957d79f45f55,2021.06.09.11.54.15_veh-12,5107aa8e98035ec1,1,0.05646459013223648,"[472, 504, 477, 499]",8,3.484732151031494,3.445486068725586,"[2.4128055572509766, 4.556657791137695, null, null]","[2.3812427520751953, 4.509729862213135, null, null]",0.10300598293542862
lora_current_target_control,83,development,6561907765f2550f,2021.06.09.11.54.15_veh-12,91420a0f9dc25fe9,1,0.09087707102298737,"[48, 57, 21, 116]",0,0.0,0.0,"[null, null, null, null]","[null, null, null, null]",0.029757950454950333
lora_current_target_control,83,development,5742dd4bd86e5127,2021.06.09.11.54.15_veh-12,3c893aadfc175960,1,0.06463019549846649,"[47, 81, 473, 56]",12,1.1715941429138184,1.1712807416915894,"[0.8866361379623413, 1.267301321029663, 1.3608449697494507, null]","[0.8863335847854614, 1.2668683528900146, 1.360640048980713, null]",0.03037538006901741
lora_current_target_control,83,development,ecc85792eb665ba0,2021.06.09.11.54.15_veh-12,7b3b09ed718b5bf4,1,0.08112974464893341,"[475, 18, 23, 57]",16,1.311633825302124,1.311237096786499,"[0.8553904294967651, 1.0443310737609863, 1.4811594486236572, 1.8656543493270874]","[0.8556925058364868, 1.0434285402297974, 1.4806321859359741, 1.8651947975158691]",0.04343689978122711
lora_current_target_control,83,development,599c900bc4e95312,2021.06.09.11.54.15_veh-12,8f3409a47a455049,2,0.07881329208612442,"[26, 31, 63, 62]",16,2.7797605991363525,2.7615156173706055,"[1.740170955657959, 2.764730930328369, 3.635049819946289, 2.979090690612793]","[1.7269201278686523, 2.7421329021453857, 3.618640422821045, 2.9583687782287598]",0.09944871813058853
lora_current_target_control,83,development,505cdbada0ee59be,2021.06.09.11.54.15_veh-12,5b7dc6545cc658f0,2,0.12482094764709473,"[63, 95, 29, 26]",16,3.0874342918395996,3.0935871601104736,"[1.6491657495498657, 3.211862325668335, 3.788140058517456, 3.700568914413452]","[1.6527210474014282, 3.2213263511657715, 3.7958178520202637, 3.7044837474823]",0.0989912822842598
lora_current_target_control,83,development,836b76b2c8f35990,2021.08.24.17.37.11_veh-08,1d97c042ca575a4c,2,0.6446858644485474,"[63, 31, 95, 30]",8,2.992218494415283,2.972493886947632,"[2.850947856903076, 3.1334896087646484, null, null]","[2.8377809524536133, 3.1072068214416504, null, null]",0.13125629723072052
lora_current_target_control,83,development,21eb51db8a675681,2021.08.24.17.37.11_veh-08,ffe62a894e3a5925,1,0.12004657089710236,"[11, 274, 343, 306]",0,0.0,0.0,"[null, null, null, null]","[null, null, null, null]",0.06201080232858658
lora_current_target_control,83,development,b8bf6e0a15635fa9,2021.08.24.17.37.11_veh-08,00c0acbc4c06557c,2,0.11862820386886597,"[54, 24, 30, 62]",0,0.0,0.0,"[null, null, null, null]","[null, null, null, null]",0.07307042926549911
lora_current_target_control,83,development,005e12630b405e67,2021.08.24.17.37.11_veh-08,4bfb3377012e5e58,0,0.5080547332763672,"[31, 30, 29, 10]",4,2.504499673843384,2.5017406940460205,"[2.504499673843384, null, null, null]","[2.5017406940460205, null, null, null]",0.04133695363998413
lora_current_target_control,83,development,4ece654624b452ac,2021.08.24.17.37.11_veh-08,f68f529d24295c53,1,0.5169277787208557,"[25, 55, 6, 86]",4,1.8574014902114868,1.8573534488677979,"[1.8574014902114868, null, null, null]","[1.8573534488677979, null, null, null]",0.03422156348824501
lora_current_target_control,83,development,a7aa6da460a65457,2021.08.24.17.37.11_veh-08,1d97c042ca575a4c,1,0.2764151394367218,"[369, 49, 19, 80]",8,0.759436309337616,0.7537201046943665,"[0.7750710248947144, 0.743801474571228, null, null]","[0.7691152095794678, 0.7383248805999756, null, null]",0.05809349939227104
lora_current_target_control,83,development,cc40016cd26a5ff5,2021.08.24.17.37.11_veh-08,a18c9d5742545776,1,0.03852204605937004,"[398, 399, 401, 397]",0,0.0,0.0,"[null, null, null, null]","[null, null, null, null]",0.048143140971660614
lora_current_target_control,83,development,0a7d7aef157c5bc6,2021.08.24.17.37.11_veh-08,4bfb3377012e5e58,0,0.31105202436447144,"[31, 27, 61, 30]",16,2.511807918548584,2.5104031562805176,"[1.392045259475708, 2.0572257041931152, 3.3467400074005127, 3.251220703125]","[1.3895936012268066, 2.060462713241577, 3.3439650535583496, 3.2475905418395996]",0.04383222386240959
lora_current_target_control,83,development,7b9a55edcf2752fb,2021.07.16.00.24.14_veh-38,d940d716f6da5650,0,0.14576458930969238,"[31, 38, 27, 26]",12,2.190492630004883,2.1872293949127197,"[2.0377564430236816, null, 2.292340040206909, 2.2413806915283203]","[2.0308778285980225, null, 2.2876877784729004, 2.243122100830078]",0.04441628232598305
lora_current_target_control,83,development,faca4ac928255aed,2021.07.16.00.24.14_veh-38,295cc52db71a5c8d,2,0.20597361028194427,"[63, 93, 31, 49]",8,2.4812591075897217,2.4868927001953125,"[null, null, 1.90486478805542, 3.0576534271240234]","[null, null, 1.9047046899795532, 3.0690805912017822]",0.0894273892045021
lora_current_target_control,83,development,07deb830dc5e525c,2021.07.16.00.24.14_veh-38,15ac832eaeea5acc,1,0.06010847166180611,"[15, 79, 80, 78]",16,1.350829839706421,1.342342495918274,"[0.8140996694564819, 1.192258358001709, 1.5977555513381958, 1.7992057800292969]","[0.8049689531326294, 1.180528998374939, 1.5904699563980103, 1.793402075767517]",0.06913607567548752
lora_current_target_control,83,development,9ff0cdc8fc715ce3,2021.07.16.00.24.14_veh-38,a3063c20eb1251c7,0,0.10927076637744904,"[465, 497, 439, 464]",0,0.0,0.0,"[null, null, null, null]","[null, null, null, null]",0.03333799168467522
lora_current_target_control,83,development,461e0a28b1f655aa,2021.07.16.00.24.14_veh-38,d45e467ab1e85825,1,0.18176299333572388,"[16, 49, 80, 47]",4,1.7333879470825195,1.7310550212860107,"[1.7333879470825195, null, null, null]","[1.7310550212860107, null, null, null]",0.05097820982336998
lora_current_target_control,83,development,548204416ae25b31,2021.07.16.00.24.14_veh-38,072767a0ae2857e9,1,0.0904947891831398,"[399, 432, 430, 465]",0,0.0,0.0,"[null, null, null, null]","[null, null, null, null]",0.06451523303985596
lora_current_target_control,83,development,e0b0dcb2ea675ec9,2021.07.16.00.24.14_veh-38,a9aeb39738d95e61,1,0.022954661399126053,"[368, 465, 501, 500]",4,1.050715446472168,1.0480245351791382,"[1.050715446472168, null, null, null]","[1.0480245351791382, null, null, null]",0.04599545896053314
lora_current_target_control,83,development,8fe6aa411d2350f4,2021.07.16.00.24.14_veh-38,c5ba6402b9b6577d,1,0.14309626817703247,"[16, 446, 497, 475]",4,2.117889404296875,2.112281084060669,"[2.117889404296875, null, null, null]","[2.112281084060669, null, null, null]",0.05524855852127075
lora_current_target_control,83,development,2587746c51ce582c,2021.06.23.14.54.32_veh-16,8ba21e5f44fd5756,1,0.06569989770650864,"[401, 400, 337, 399]",4,3.056636333465576,3.0460205078125,"[3.056636333465576, null, null, null]","[3.0460205078125, null, null, null]",0.06833883374929428
lora_current_target_control,83,development,cdb8ed61577455d0,2021.06.23.14.54.32_veh-16,63a378470ecf578a,1,0.27412062883377075,"[22, 272, 341, 270]",4,2.0400023460388184,2.0426125526428223,"[null, 2.0400023460388184, null, null]","[null, 2.0426125526428223, null, null]",0.05437201261520386
lora_current_target_control,83,development,359653f71f095eb2,2021.06.23.14.54.32_veh-16,764e553f9fa1596e,1,0.22041809558868408,"[17, 27, 63, 29]",4,1.8298648595809937,1.8184723854064941,"[1.8298648595809937, null, null, null]","[1.8184723854064941, null, null, null]",0.06764746457338333
lora_current_target_control,83,development,e1bd235bf5145312,2021.06.23.14.54.32_veh-16,c21a05faf4f95c23,0,0.15371420979499817,"[509, 55, 505, 27]",12,1.3180971145629883,1.3134807348251343,"[0.5874892473220825, null, 1.6610510349273682, 1.7057507038116455]","[0.582165002822876, null, 1.6593708992004395, 1.6989065408706665]",0.06086185947060585
lora_current_target_control,83,development,21851d86de975750,2021.06.23.14.54.32_veh-16,0fa6960777235107,1,0.04782561957836151,"[19, 27, 50, 52]",4,0.665351927280426,0.6668170690536499,"[0.665351927280426, null, null, null]","[0.6668170690536499, null, null, null]",0.04616568237543106
lora_current_target_control,83,development,41fd5b3cc9cb5e4d,2021.06.23.14.54.32_veh-16,192f476facc35a66,1,0.10978372395038605,"[47, 11, 10, 18]",8,0.8674453496932983,0.8645435571670532,"[0.6961343288421631, 1.0387563705444336, null, null]","[0.6928049325942993, 1.0362820625305176, null, null]",0.043864451348781586
lora_current_target_control,83,development,80fcfa05a45d5e36,2021.06.23.14.54.32_veh-16,68c36562409856ec,1,0.11750386655330658,"[466, 436, 463, 462]",12,3.996999502182007,3.986356258392334,"[1.9010562896728516, 3.2139503955841064, 6.875991344451904, null]","[1.8874766826629639, 3.1963119506835938, 6.875279903411865, null]",0.06440538913011551
lora_current_target_control,83,development,eca9c65e90335fc5,2021.06.23.14.54.32_veh-16,e302117d34785896,1,0.1265946924686432,"[401, 369, 63, 95]",0,0.0,0.0,"[null, null, null, null]","[null, null, null, null]",0.052059438079595566
lora_current_target_control,83,development,ebbd33f9058e5e95,2021.06.09.14.50.36_veh-26,818dcca6c1fa5abf,1,0.02234773337841034,"[22, 29, 17, 20]",16,3.1305060386657715,3.125929355621338,"[2.7086522579193115, 3.418922185897827, 3.2449851036071777, 3.1494641304016113]","[2.7005343437194824, 3.414994716644287, 3.240236759185791, 3.14795184135437]",0.04438641294836998
lora_current_target_control,83,development,9a04bc527d215067,2021.06.09.14.50.36_veh-26,5e8a8d507c145bf2,1,0.28317785263061523,"[142, 27, 139, 138]",0,0.0,0.0,"[null, null, null, null]","[null, null, null, null]",0.034013133496046066
lora_current_target_control,83,development,5a287daa1f775a79,2021.06.09.14.50.36_veh-26,af832f9835ee5efc,0,0.25931215286254883,"[51, 23, 20, 52]",16,2.7757081985473633,2.776508331298828,"[1.3118267059326172, 2.771812677383423, 3.5197482109069824, 3.4994454383850098]","[1.311749815940857, 2.7727267742156982, 3.5200576782226562, 3.5014991760253906]",0.022216953337192535
lora_current_target_control,83,development,d9a85f2b168854ba,2021.06.09.14.50.36_veh-26,549ee450dacd5abb,1,0.10355065762996674,"[463, 20, 410, 434]",4,2.860002279281616,2.839715003967285,"[2.860002279281616, null, null, null]","[2.839715003967285, null, null, null]",0.09502916783094406
lora_current_target_control,83,development,f6d2ad1db3c45c20,2021.06.09.14.50.36_veh-26,e755817de2795e70,0,0.22180503606796265,"[31, 29, 60, 63]",16,1.5982632637023926,1.5903940200805664,"[1.690873384475708, 1.9222517013549805, 1.3182575702667236, 1.4616703987121582]","[1.685556173324585, 1.9079594612121582, 1.3104983568191528, 1.45756196975708]",0.05107384920120239
lora_current_target_control,83,development,5cc6394b1dde5e37,2021.06.09.14.50.36_veh-26,3daa89465a7e50bf,0,0.14274808764457703,"[16, 7, 8, 15]",12,3.444396495819092,3.443593978881836,"[3.0349364280700684, 3.4913785457611084, 3.806873083114624, null]","[3.032099485397339, 3.4934449195861816, 3.805237054824829, null]",0.05319052189588547
lora_current_target_control,83,development,bd6c7b10ae725c06,2021.06.09.14.50.36_veh-26,40627495cb2f57f2,1,0.13232210278511047,"[79, 17, 23, 80]",8,1.664829969406128,1.6690361499786377,"[1.0072903633117676, 2.322369337081909, null, null]","[1.0106183290481567, 2.327454090118408, null, null]",0.03782941401004791
lora_current_target_control,83,development,03ac353ec2a450b4,2021.06.09.14.50.36_veh-26,b133d32ebacf51a4,0,0.08632999658584595,"[28, 63, 31, 30]",16,1.862499713897705,1.8593339920043945,"[1.8930306434631348, 2.096676826477051, 1.7298004627227783, 1.7304913997650146]","[1.892094612121582, 2.0923848152160645, 1.7279547452926636, 1.724901556968689]",0.04973522573709488
lora_current_target_control,83,development,193179dedf975965,2021.07.09.20.59.12_veh-38,140f0b69eb365081,0,0.15752676129341125,"[95, 19, 497, 504]",16,2.275613784790039,2.255312442779541,"[2.1255440711975098, 2.495609760284424, 2.0781610012054443, 2.403140068054199]","[2.1080923080444336, 2.467327117919922, 2.063056468963623, 2.3827743530273438]",0.08132757991552353
lora_current_target_control,83,development,ef07b861b51a554e,2021.07.09.20.59.12_veh-38,cb83cacbf41d58b8,1,0.15477025508880615,"[23, 58, 114, 503]",16,1.9446650743484497,1.9435091018676758,"[2.258373260498047, 1.8209823369979858, 1.8039398193359375, 1.8953651189804077]","[2.2521910667419434, 1.8208831548690796, 1.8014118671417236, 1.8995506763458252]",0.03671091049909592
lora_current_target_control,83,development,ce6d2bfacf8655a6,2021.07.09.20.59.12_veh-38,ac873abc79f75609,1,0.08256864547729492,"[55, 56, 30, 27]",4,2.165065050125122,2.1607272624969482,"[2.165065050125122, null, null, null]","[2.1607272624969482, null, null, null]",0.03906511887907982
lora_current_target_control,83,development,6c227ec265b2568d,2021.07.09.20.59.12_veh-38,c63fa36583195676,1,0.2797226905822754,"[89, 497, 22, 496]",8,3.7269599437713623,3.713618516921997,"[3.5247879028320312, 3.9291324615478516, null, null]","[3.5169174671173096, 3.9103198051452637, null, null]",0.05206692963838577
lora_current_target_control,83,development,b0cebe034a265720,2021.07.09.20.59.12_veh-38,f74c2f575df25f4a,1,0.031348034739494324,"[466, 465, 464, 432]",0,0.0,0.0,"[null, null, null, null]","[null, null, null, null]",0.042832400649785995
lora_current_target_control,83,development,dd2f55420c6b5764,2021.07.09.20.59.12_veh-38,7e572c1c4f5d5df2,1,0.13529559969902039,"[504, 31, 479, 17]",12,1.1808743476867676,1.1761043071746826,"[null, 0.8570514917373657, 1.209349513053894, 1.4762217998504639]","[null, 0.8495822548866272, 1.2082054615020752, 1.4705250263214111]",0.06138436868786812
lora_current_target_control,83,development,b630301843b158d4,2021.07.09.20.59.12_veh-38,315e9411328d5e75,1,0.12748178839683533,"[21, 436, 434, 510]",8,1.5796916484832764,1.5619720220565796,"[1.375260353088379, 1.7841229438781738, null, null]","[1.355782151222229, 1.7681617736816406, null, null]",0.06947233527898788
lora_current_target_control,83,development,39fd026d451351e2,2021.07.09.20.59.12_veh-38,73cf910aa2885a71,1,0.22762778401374817,"[30, 84, 95, 25]",0,0.0,0.0,"[null, null, null, null]","[null, null, null, null]",0.04845365136861801
lora_current_target_control,83,development,5426ae4426ba5534,2021.06.23.18.23.38_veh-26,f72df301ed465fe6,1,0.14135755598545074,"[79, 47, 470, 77]",16,2.025428533554077,2.0288124084472656,"[1.376497507095337, 1.0639069080352783, 2.3084921836853027, 3.3528177738189697]","[1.369735598564148, 1.0637452602386475, 2.3174190521240234, 3.364349365234375]",0.05274747684597969
lora_current_target_control,83,development,fbeab8a882035a94,2021.06.23.18.23.38_veh-26,2e8f4ff50e4a55cc,0,0.13782820105552673,"[31, 30, 29, 20]",16,1.9722270965576172,1.9606279134750366,"[1.7748944759368896, 2.291201591491699, 1.9460508823394775, 1.8767614364624023]","[1.76705002784729, 2.2783827781677246, 1.9327086210250854, 1.8643701076507568]",0.07268327474594116
lora_current_target_control,83,development,89e963670d89570c,2021.06.23.18.23.38_veh-26,03dbcc9320245d7c,1,0.2817175090312958,"[52, 51, 80, 11]",16,1.488874077796936,1.4830100536346436,"[1.0175707340240479, 1.2708885669708252, 1.6483416557312012, 2.01869535446167]","[1.0080264806747437, 1.2577872276306152, 1.6490710973739624, 2.017155408859253]",0.06096361577510834
lora_current_target_control,83,development,bcff4b28fd875b3d,2021.06.23.18.23.38_veh-26,6f619fabc40050a9,2,0.7349359393119812,"[29, 22, 60, 31]",16,3.2744719982147217,3.2662127017974854,"[2.1387274265289307, 3.820842742919922, 4.056354999542236, 3.081963062286377]","[2.1244630813598633, 3.8219213485717773, 4.049033164978027, 3.0694336891174316]",0.10840043425559998
lora_current_target_control,83,development,88666b1c75b75602,2021.06.23.18.23.38_veh-26,99b44236999557c7,1,0.1780446469783783,"[49, 80, 47, 82]",16,1.768136978149414,1.7580184936523438,"[2.068859100341797, 1.5664916038513184, 1.8887853622436523, 1.5484120845794678]","[2.060002326965332, 1.5546221733093262, 1.8777443170547485, 1.5397050380706787]",0.048531778156757355
lora_current_target_control,83,development,f72865014d6158a2,2021.06.23.18.23.38_veh-26,84368cbdd7cb5647,2,0.13442513346672058,"[22, 28, 63, 61]",8,1.7404510974884033,1.7401533126831055,"[0.6563293933868408, 2.824572801589966, null, null]","[0.6570271253585815, 2.82327938079834, null, null]",0.043077465146780014
lora_current_target_control,83,development,7e3b06c8b33156d3,2021.06.23.18.23.38_veh-26,7b483583a2595b0f,1,0.07426048815250397,"[48, 432, 506, 500]",12,5.210207939147949,5.205960273742676,"[2.421546459197998, 6.223819255828857, 6.985257148742676, null]","[2.4192955493927, 6.220330238342285, 6.978255271911621, null]",0.037628691643476486
lora_current_target_control,83,development,655a064f04e1531b,2021.06.23.18.23.38_veh-26,8997a4a3aadb506a,1,0.2700028419494629,"[367, 75, 399, 77]",16,0.7877566814422607,0.7813181281089783,"[0.742155134677887, 0.5877137780189514, 0.6624363660812378, 1.1587214469909668]","[0.7325865030288696, 0.5820274949073792, 0.6613725423812866, 1.1492860317230225]",0.07271933555603027
