token,valid,NC,n_raw,TTC,DAC,score,n_agents,n_collide,n_collide_outside,worst_rank,collide_types,collide_ranks,collide_dists
d651033bf05e5da3,1,1.0,0,1.0,1.0,1.0,23,0,0,-1,,,
307fee530f99569a,1,1.0,0,1.0,1.0,0.982319953082928,24,0,0,-1,,,
62eac0a6b7e05fbf,1,1.0,0,1.0,1.0,1.0,40,0,0,-1,,,
5cb436b6276f59ae,1,1.0,0,1.0,1.0,1.0,42,0,0,-1,,,
ed1ae68f8c0f5f3a,1,1.0,0,1.0,1.0,1.0,40,0,0,-1,,,
b8d2227c06a351e4,1,1.0,0,1.0,1.0,0.6428410828203909,56,0,0,-1,,,
dc8554c53a2a5afc,1,1.0,0,1.0,1.0,0.6466097421918303,58,0,0,-1,,,
3a8cbc5f12e25e1f,1,1.0,0,1.0,1.0,0.7894918679594284,61,0,0,-1,,,
91afe72955de5b85,1,1.0,0,1.0,1.0,0.8544339998006126,20,0,0,-1,,,
c493172b908c5df9,1,1.0,0,1.0,1.0,0.8452462331351619,20,0,0,-1,,,
fefc295622155532,1,1.0,0,1.0,1.0,0.8567417531682177,18,0,0,-1,,,
bb1650a0e72e5b7d,1,1.0,0,1.0,1.0,1.0,21,0,0,-1,,,
fa8627edacbd5ea0,1,1.0,0,1.0,1.0,1.0,21,0,0,-1,,,
3febbde773f15b51,1,1.0,0,1.0,1.0,1.0,21,0,0,-1,,,
f3931b33198d5570,1,1.0,0,1.0,1.0,1.0,20,0,0,-1,,,
424cdafd92f25209,1,1.0,0,1.0,1.0,1.0,20,0,0,-1,,,
fa7555f0099f5c59,1,1.0,0,1.0,1.0,1.0,37,0,0,-1,,,
73b1bfef98ae5664,1,1.0,0,1.0,1.0,1.0,39,0,0,-1,,,
e80197fe19435d28,1,1.0,0,1.0,1.0,1.0,41,0,0,-1,,,
e9ed7dbcb6365ea2,1,1.0,0,1.0,1.0,1.0,42,0,0,-1,,,
0f6d159f5f0c52d0,1,1.0,0,1.0,1.0,1.0,40,0,0,-1,,,
f75d3314a8c85955,1,1.0,0,1.0,1.0,1.0,45,0,0,-1,,,
26e8589d8c485726,1,1.0,0,1.0,1.0,0.995178004132434,44,0,0,-1,,,
8a7750196bc65a14,1,1.0,0,1.0,1.0,0.8752649329384291,108,0,0,-1,,,
c5510354351d5d5e,1,1.0,0,1.0,1.0,1.0,62,0,0,-1,,,
3e41024d080454b5,1,1.0,0,1.0,1.0,0.7740320574999903,69,0,0,-1,,,
440690fa94cb50d5,1,1.0,0,1.0,1.0,0.7392285438462963,70,0,0,-1,,,
9c193ab1a07454e3,1,1.0,0,1.0,1.0,0.7552581535320831,71,0,0,-1,,,
7e76a2b3918656f9,1,1.0,0,1.0,1.0,0.85454224368008,74,0,0,-1,,,
ba7553f511f653b3,1,1.0,0,1.0,1.0,0.7813278660537145,74,0,0,-1,,,
60fe616f485b5589,1,1.0,0,1.0,1.0,0.8648746669916805,64,0,0,-1,,,
9c63c33c198e5aa9,1,1.0,0,1.0,1.0,0.9148456392128875,64,0,0,-1,,,
bbb5018d017754d0,1,1.0,0,1.0,1.0,0.7365109016248792,48,0,0,-1,,,
70f718ebc8b4505e,1,1.0,0,1.0,1.0,0.7344080772956246,49,0,0,-1,,,
516c42e0454456b6,1,1.0,0,1.0,1.0,0.7384073219438193,49,0,0,-1,,,
3f54d4297dc459c3,1,1.0,0,1.0,1.0,0.9818176625604288,52,0,0,-1,,,
9c32ba9f42f75187,1,1.0,0,1.0,1.0,0.9859297856129766,53,0,0,-1,,,
98ae2c97a0375eaf,1,1.0,0,1.0,1.0,0.7480401994420557,56,0,0,-1,,,
d94860755c1f5594,1,1.0,0,1.0,1.0,0.7554393019161315,55,0,0,-1,,,
e658c60a7b705bea,1,1.0,0,1.0,1.0,0.7592528144551975,58,0,0,-1,,,
9d213c7b9ab4550d,1,1.0,0,1.0,1.0,0.9800777358989272,47,0,0,-1,,,
aac7679545c75aed,1,1.0,0,1.0,1.0,0.9441320762085409,47,0,0,-1,,,
f68c27c86c235646,1,1.0,0,1.0,1.0,0.9393440865309352,47,0,0,-1,,,
1c45a4d22fcc5b2e,1,1.0,0,1.0,1.0,0.9272245494156964,45,0,0,-1,,,
01ace31ecf365cbb,1,1.0,0,1.0,1.0,0.8707123704723504,41,0,0,-1,,,
b069ef19c0ba5887,1,1.0,0,1.0,1.0,0.8872764803183912,39,0,0,-1,,,
944a55f58a59597f,1,1.0,0,1.0,1.0,1.0,39,0,0,-1,,,
3370b43bf64151a6,1,1.0,0,1.0,1.0,1.0,39,0,0,-1,,,
22642c0ae9605891,1,1.0,0,1.0,1.0,0.9620890903827863,56,0,0,-1,,,
6cad8c31d4725496,1,1.0,0,1.0,1.0,0.9860207478039372,50,0,0,-1,,,
9b9aa93df6b15de7,1,1.0,0,1.0,1.0,0.9437860476073707,50,0,0,-1,,,
baeb667505f850af,1,1.0,0,1.0,1.0,0.9640940287649281,47,0,0,-1,,,
ee42b86599ca5632,1,1.0,0,1.0,1.0,0.9863662399924644,48,0,0,-1,,,
af34277ea53e5f77,1,1.0,0,0.0,1.0,0.5833333333333334,47,0,0,-1,,,
611576c7588c543b,1,1.0,0,1.0,1.0,0.9354517506164942,48,0,0,-1,,,
c8ab144242b05eba,1,1.0,0,1.0,1.0,0.9702710673264633,48,0,0,-1,,,
9089d6dfa77e5488,1,1.0,0,1.0,1.0,0.9471767760142477,62,0,0,-1,,,
4310513b861550dc,1,1.0,0,1.0,1.0,1.0,58,0,0,-1,,,
68df055f82485e95,1,1.0,0,1.0,1.0,0.8055645300671429,68,0,0,-1,,,
19611832f7595b10,1,1.0,0,1.0,1.0,0.82439598428906,65,0,0,-1,,,
1148c72f141c532d,1,1.0,0,1.0,0.0,0.0,61,0,0,-1,,,
54292820fab05539,1,1.0,0,1.0,1.0,0.7596246979387119,62,0,0,-1,,,
76615d386ce6519e,1,1.0,0,1.0,1.0,0.7347416528214669,61,0,0,-1,,,
310fcecd57a95e06,1,1.0,0,1.0,1.0,0.7357939311496825,47,0,0,-1,,,
a7a7c9782f3951a1,1,1.0,0,1.0,1.0,1.0,84,0,0,-1,,,
08226b91e42858de,1,1.0,0,1.0,1.0,1.0,78,0,0,-1,,,
e5ab81a4896751e3,1,1.0,0,1.0,1.0,1.0,88,0,0,-1,,,
9f4c04b7214b52a8,1,1.0,0,1.0,1.0,1.0,87,0,0,-1,,,
71c32c511a445d13,1,1.0,0,1.0,1.0,0.9103070658478843,79,0,0,-1,,,
1ee0c099f86a585e,1,1.0,0,1.0,1.0,1.0,78,0,0,-1,,,
0165d0814e905c1c,1,1.0,0,1.0,1.0,1.0,77,0,0,-1,,,
cd89b212efe9585a,1,1.0,0,1.0,1.0,1.0,74,0,0,-1,,,
76f053cb2f8851c7,1,1.0,0,1.0,1.0,1.0,138,0,0,-1,,,
f2e0d7e15fa253f0,1,1.0,0,1.0,1.0,0.9076222332900791,105,0,0,-1,,,
ed95bd64d5a555c8,1,1.0,0,1.0,1.0,0.7517458108365491,107,0,0,-1,,,
492a64b807da5cfb,1,1.0,0,1.0,1.0,0.7732173761238652,106,0,0,-1,,,
117b147622605d6a,1,1.0,0,1.0,1.0,0.9069690418347883,108,0,0,-1,,,
4c5c196977b255f5,1,1.0,0,1.0,1.0,0.9037772476097047,110,0,0,-1,,,
291ac232cc94582a,1,1.0,0,1.0,1.0,0.7563867729572866,109,0,0,-1,,,
83e42a2487695ac5,1,1.0,0,1.0,1.0,0.7637490222226093,113,0,0,-1,,,
ac04f9fd4233550c,1,1.0,0,1.0,1.0,0.9299046800214894,33,0,0,-1,,,
0ebdf3a905ba522f,1,1.0,0,1.0,1.0,0.9592666880738503,33,0,0,-1,,,
ae68b10cd5085e7c,1,1.0,0,1.0,1.0,0.9653695413279214,30,0,0,-1,,,
c133861a233a51de,1,1.0,0,1.0,1.0,0.920784325067116,14,0,0,-1,,,
b38366e3befc5200,1,1.0,0,1.0,1.0,0.9400267243762235,14,0,0,-1,,,
9f4bf4a979835749,1,1.0,0,1.0,1.0,0.9203059958392515,11,0,0,-1,,,
e1886e081b945907,1,1.0,0,1.0,1.0,0.8821537170636106,14,0,0,-1,,,
5930f153954b5060,1,1.0,0,1.0,1.0,0.850883796691423,15,0,0,-1,,,
3f2a3e63c3045c95,1,1.0,0,1.0,1.0,0.8039866185753176,76,0,0,-1,,,
cda381919f5e5dca,1,1.0,0,1.0,1.0,0.986689385482426,129,0,0,-1,,,
48a6621d92dd5be3,1,1.0,0,1.0,1.0,0.9553822874652979,130,0,0,-1,,,
88538f4b41cc5d4a,1,1.0,0,1.0,1.0,0.7364594649997466,133,0,0,-1,,,
8013f74ddcf055db,1,1.0,0,1.0,1.0,0.8022556790868568,130,0,0,-1,,,
050667565815536a,1,1.0,0,1.0,1.0,0.7909590153021023,123,0,0,-1,,,
a992bba6c1d054f3,1,1.0,0,1.0,1.0,0.9150891351255601,122,0,0,-1,,,
73298d57a59e5252,1,1.0,0,1.0,1.0,0.8863082540459158,120,0,0,-1,,,
23ca661f3d7754c7,1,1.0,0,1.0,1.0,0.8941918494316822,104,0,0,-1,,,
000926dda92d592d,1,1.0,0,1.0,1.0,0.903528217289213,101,0,0,-1,,,
a815da9bf45d5b15,1,1.0,0,1.0,1.0,0.9183560334450774,102,0,0,-1,,,
543075ac6a275db3,1,1.0,0,1.0,1.0,0.9273928568295909,99,0,0,-1,,,
93bbe5e3e6cd5411,1,1.0,0,1.0,1.0,0.9096160131012097,101,0,0,-1,,,
8d7e4421c3e45c99,1,1.0,0,1.0,1.0,0.8765877837922481,101,0,0,-1,,,
c2ce362b9cf95fee,1,1.0,0,1.0,1.0,0.8706303620363475,100,0,0,-1,,,
ef43bbb93f0d50eb,1,1.0,0,1.0,1.0,0.8746690521895983,104,0,0,-1,,,
c83d1e0923295d5a,1,1.0,0,1.0,1.0,0.879080701502405,160,0,0,-1,,,
690f682660e358dc,1,1.0,0,1.0,1.0,0.9145357169296906,161,0,0,-1,,,
f84498af5b4f55eb,1,1.0,0,1.0,1.0,1.0,158,0,0,-1,,,
e30d715817b7524a,1,1.0,0,1.0,1.0,0.8467040628869698,162,0,0,-1,,,
769a27bde35050d1,1,1.0,0,1.0,1.0,0.8242744088565365,157,0,0,-1,,,
65ae67808d1f5de5,1,1.0,0,1.0,1.0,0.9099796856100482,122,0,0,-1,,,
fe0c83d70ca456ae,1,1.0,0,1.0,1.0,0.9262079248750209,118,0,0,-1,,,
4127ff2cfd615955,1,1.0,0,1.0,1.0,0.929797204619209,108,0,0,-1,,,
75a1c2654839522e,1,1.0,0,1.0,1.0,0.863075379359895,135,0,0,-1,,,
4543b41a1fec5a97,1,1.0,0,1.0,1.0,0.8430188995551986,130,0,0,-1,,,
ab052def6aec532e,1,1.0,0,1.0,1.0,0.8393475895652373,132,0,0,-1,,,
6492ae3886505280,1,1.0,0,1.0,1.0,0.8693942274544927,134,0,0,-1,,,
d044b887d646511b,1,1.0,0,1.0,1.0,0.8568694867238934,134,0,0,-1,,,
65caa24efb4556af,1,1.0,0,1.0,1.0,0.8522325644597525,134,0,0,-1,,,
6639fa7905a3599b,1,1.0,0,1.0,1.0,0.8076522588776726,134,0,0,-1,,,
82521f61cf965167,1,1.0,0,1.0,1.0,0.7761071333786566,135,0,0,-1,,,
84c2b46556315af6,1,1.0,0,1.0,1.0,0.882100830080918,50,0,0,-1,,,
a9e8e0a755d758a1,1,1.0,0,1.0,1.0,0.8626966042714191,50,0,0,-1,,,
b2229456008c518d,1,1.0,0,1.0,1.0,0.8028695749332257,51,0,0,-1,,,
3e4c9c9e67545b03,1,1.0,0,1.0,1.0,0.7968158258551551,55,0,0,-1,,,
69124bf1a9185f06,1,1.0,0,1.0,1.0,0.7897200326569068,56,0,0,-1,,,
88c2643d470951b3,1,1.0,0,1.0,1.0,0.7787623656608084,56,0,0,-1,,,
f4d869c13a015a28,1,1.0,0,1.0,1.0,0.7920434640801802,57,0,0,-1,,,
e2080118123b5cc8,1,1.0,0,1.0,1.0,0.8567084484202802,56,0,0,-1,,,
84fc6d5788a95edd,1,1.0,0,1.0,1.0,0.7462100502938186,85,0,0,-1,,,
467879c3d37054f5,1,1.0,0,1.0,1.0,0.9123387706177161,86,0,0,-1,,,
b81d52bf71365207,1,1.0,0,1.0,1.0,0.922509259137601,88,0,0,-1,,,
b1c410cdd06b5bb4,1,1.0,0,1.0,1.0,0.8930281005978271,95,0,0,-1,,,
fcb157cfb7785486,1,1.0,0,1.0,1.0,0.8894022650824157,97,0,0,-1,,,
4826c59b43f6568a,1,1.0,0,1.0,1.0,0.9382750906061391,97,0,0,-1,,,
f17ee11904385731,1,1.0,0,1.0,1.0,0.9269830745042427,89,0,0,-1,,,
6b96870196f95d29,1,1.0,0,1.0,1.0,0.924863289018246,88,0,0,-1,,,
671dcd0d1c86592c,1,1.0,0,1.0,1.0,0.8665687931477525,53,0,0,-1,,,
b12f2581dde259f4,1,1.0,0,1.0,1.0,0.8244736322425035,46,0,0,-1,,,
4ed6b1b83e0c5bbe,1,1.0,0,1.0,1.0,0.8235918358711031,46,0,0,-1,,,
2efcd18376fb51b7,1,1.0,0,1.0,1.0,0.89608966199653,52,0,0,-1,,,
c3bb1d6556d95d40,1,1.0,0,1.0,1.0,0.8907550896927857,53,0,0,-1,,,
1c2e4c20931858f2,1,1.0,0,1.0,1.0,0.9662898742878051,54,0,0,-1,,,
17da0f4b109154d4,1,1.0,0,1.0,1.0,0.8842726479404619,53,0,0,-1,,,
667ad9e70e1d525c,1,1.0,0,1.0,1.0,0.8550643641437089,53,0,0,-1,,,
f5c4d4a66e13514d,1,1.0,0,1.0,1.0,0.7393943761144888,114,0,0,-1,,,
1ed469afe6545946,1,1.0,0,1.0,1.0,0.7757936404548343,111,0,0,-1,,,
564b7ca4f210501e,1,1.0,0,1.0,1.0,0.7878086923205948,116,0,0,-1,,,
a61948a5dada537e,1,1.0,0,1.0,1.0,1.0,116,0,0,-1,,,
b83ed953a4105ddc,1,1.0,0,1.0,1.0,1.0,118,0,0,-1,,,
a37f67a1fe095025,1,1.0,0,1.0,1.0,1.0,117,0,0,-1,,,
ead9740dd25f59c3,1,1.0,0,1.0,1.0,1.0,115,0,0,-1,,,
d474e3bc97d253ee,1,1.0,0,1.0,1.0,1.0,113,0,0,-1,,,
cd6e2fc752755753,1,1.0,0,1.0,1.0,1.0,114,0,0,-1,,,
42032a0cedd95dc9,1,1.0,0,1.0,1.0,1.0,110,0,0,-1,,,
0698ddce973b50ba,1,1.0,0,1.0,1.0,1.0,108,0,0,-1,,,
4300f964edbd5ce4,1,1.0,0,1.0,1.0,1.0,101,0,0,-1,,,
87a4e023d9315796,1,1.0,0,1.0,1.0,1.0,100,0,0,-1,,,
5317b890d3e45958,1,1.0,0,1.0,1.0,0.9046766618581104,101,0,0,-1,,,
208247acd8ca5e2c,1,1.0,0,1.0,1.0,0.8637806523021071,106,0,0,-1,,,
38b7b1afe2bf516b,1,1.0,0,1.0,1.0,0.8945144091670261,157,0,0,-1,,,
f530d03c88b652a7,1,1.0,0,1.0,1.0,0.8914807658575712,123,0,0,-1,,,
5f09eaa4509f5997,1,1.0,0,1.0,1.0,0.8403097715783444,151,0,0,-1,,,
8a3c6c3502035e11,1,1.0,0,1.0,1.0,0.8452855398995078,153,0,0,-1,,,
664106f910475a53,1,1.0,0,1.0,1.0,0.7305808945913959,149,0,0,-1,,,
3ae59f6099b65d31,1,1.0,0,1.0,1.0,0.7636339461177308,143,0,0,-1,,,
0367791336c3533e,1,1.0,0,1.0,1.0,0.8590818033316362,138,0,0,-1,,,
56b80cb2ca2c5983,1,1.0,0,1.0,1.0,0.8278927143183544,53,0,0,-1,,,
73c897c7de1454af,1,1.0,0,1.0,1.0,0.8318280531296797,53,0,0,-1,,,
8ea9276bf0ee55f5,1,1.0,0,1.0,1.0,0.9262758073124239,105,0,0,-1,,,
d9b79e606e595700,1,1.0,0,1.0,1.0,0.9263080740381223,98,0,0,-1,,,
d31b4eb761a15872,1,1.0,0,1.0,1.0,0.9202489897357591,93,0,0,-1,,,
6e813b55dcb35df7,1,1.0,0,1.0,1.0,0.9156686080647428,92,0,0,-1,,,
742119ab3b9753a7,1,1.0,0,1.0,1.0,0.9026724613880246,89,0,0,-1,,,
54718dd05cad553a,1,1.0,0,1.0,1.0,0.8900708615398902,86,0,0,-1,,,
f18ef27ec008527a,1,1.0,0,1.0,1.0,0.8700603343982604,84,0,0,-1,,,
b15572e37ce95d98,1,1.0,0,1.0,1.0,1.0,82,0,0,-1,,,
7263ccb23351549b,1,1.0,0,1.0,1.0,0.8194375863498721,54,0,0,-1,,,
5c872773198c5689,1,1.0,0,1.0,1.0,0.7940140911071726,54,0,0,-1,,,
7fcf6a30139b5d3e,1,1.0,0,1.0,1.0,0.9295257543041524,69,0,0,-1,,,
2752876d0e005d74,1,1.0,0,1.0,1.0,0.9495805745629724,69,0,0,-1,,,
3ea43d5abad05188,1,1.0,0,1.0,1.0,0.9528298229608492,66,0,0,-1,,,
e44b06b920d35486,1,1.0,0,1.0,1.0,0.9535517945474923,68,0,0,-1,,,
8d0a07b3cb955714,1,1.0,0,1.0,1.0,0.9499642436603652,69,0,0,-1,,,
01fc240ee1d25c9e,1,1.0,0,1.0,1.0,0.9408526048317611,67,0,0,-1,,,
10f5795252265ff3,1,1.0,0,1.0,1.0,0.978218334886197,21,0,0,-1,,,
27cf243155ac526c,1,1.0,0,1.0,1.0,0.9563618561838368,62,0,0,-1,,,
ff83944cb2845479,1,1.0,0,1.0,1.0,0.9636124476882962,64,0,0,-1,,,
f381809a5ec053f3,1,1.0,0,1.0,1.0,0.9608561610407421,66,0,0,-1,,,
8470cdca41255e20,1,1.0,0,1.0,1.0,1.0,66,0,0,-1,,,
a33054c645ce5643,1,1.0,0,1.0,1.0,1.0,66,0,0,-1,,,
00ddbc829ecb563e,1,1.0,0,1.0,1.0,0.8333333333333334,66,0,0,-1,,,
bcc94c5142785550,1,1.0,0,1.0,1.0,0.9266598379947685,82,0,0,-1,,,
c98aa74c885e5b96,1,1.0,0,1.0,1.0,0.9424930115877596,22,0,0,-1,,,
05304817b887541e,1,1.0,0,1.0,1.0,0.9656908141306069,24,0,0,-1,,,
68559679a9bd5d3c,1,1.0,0,1.0,1.0,0.8620767494691153,23,0,0,-1,,,
aab09057df0a515d,1,1.0,0,1.0,1.0,0.9376766126733139,23,0,0,-1,,,
40348970451a52e3,1,1.0,0,1.0,1.0,0.9285974193907146,22,0,0,-1,,,
a15cc20cfcc35d48,1,1.0,0,1.0,1.0,0.918503676821479,23,0,0,-1,,,
14ee80bbba6b587a,1,1.0,0,1.0,1.0,0.8870094104043602,23,0,0,-1,,,
910198c6086a5a34,1,1.0,0,1.0,1.0,1.0,23,0,0,-1,,,
f033f87821135704,1,1.0,0,1.0,1.0,0.9759227996413085,24,0,0,-1,,,
f313a28be30f5bd8,1,1.0,0,1.0,1.0,1.0,22,0,0,-1,,,
6f44533cf2965b47,1,1.0,0,1.0,1.0,1.0,22,0,0,-1,,,
a3fe8c1981c45693,1,1.0,0,1.0,1.0,1.0,22,0,0,-1,,,
34ed4880444350af,1,1.0,0,1.0,1.0,0.9958578714515719,21,0,0,-1,,,
542304e2baf25357,1,1.0,0,1.0,1.0,0.9718040911571668,20,0,0,-1,,,
9f4f46e620785407,1,1.0,0,1.0,1.0,0.987264224447225,20,0,0,-1,,,
814c6b482fd850ab,1,1.0,0,1.0,1.0,0.9657140237417066,20,0,0,-1,,,
96fd45b48c8b5e18,1,1.0,0,1.0,1.0,0.8370721859985458,60,0,0,-1,,,
83d8368f99cb5470,1,1.0,0,1.0,1.0,0.8048612599736588,61,0,0,-1,,,
0b97850e408e5a95,1,1.0,0,1.0,1.0,1.0,56,0,0,-1,,,
215c38293c335e25,1,1.0,0,1.0,1.0,0.9518940161413229,50,0,0,-1,,,
6477d5ad590955ba,1,1.0,0,1.0,1.0,0.9522784186050388,49,0,0,-1,,,
54c95aa7df955414,1,1.0,0,1.0,1.0,0.9727450157850575,53,0,0,-1,,,
d7350c01eab55ed0,1,1.0,0,1.0,1.0,0.9785989773571492,51,0,0,-1,,,
7fcc4151553a50e8,1,1.0,0,1.0,1.0,0.9879364935550017,52,0,0,-1,,,
324cb0d226a45b91,1,1.0,0,1.0,1.0,0.8450897573450199,16,0,0,-1,,,
b619e01b47775ec5,1,1.0,0,1.0,1.0,0.8877717119492639,14,0,0,-1,,,
7ccd759aa0535b9a,1,1.0,0,1.0,1.0,0.8510577399981303,14,0,0,-1,,,
81a473b817565cb9,1,1.0,0,1.0,1.0,0.8561272979875124,16,0,0,-1,,,
23514d24647a52a3,1,1.0,0,1.0,1.0,0.8921939079565097,16,0,0,-1,,,
348680e464e15fa2,1,1.0,0,1.0,0.0,0.0,17,0,0,-1,,,
1e60548b4c00538a,1,1.0,0,1.0,1.0,0.9263354354533936,17,0,0,-1,,,
cdc6e3f7dcb25376,1,1.0,0,1.0,1.0,0.9493641547239666,19,0,0,-1,,,
9a1a2dd68d9f5b10,1,1.0,0,1.0,1.0,0.8118099793261501,33,0,0,-1,,,
059ca66ac38a5c28,1,1.0,0,1.0,1.0,0.9326858811539699,35,0,0,-1,,,
80c267878c6a54fa,1,1.0,0,1.0,1.0,1.0,37,0,0,-1,,,
82b8033d05e355f1,1,1.0,0,1.0,1.0,1.0,37,0,0,-1,,,
ba8688a796b55984,1,1.0,0,1.0,1.0,0.982481424966144,37,0,0,-1,,,
24e453c47f635ae2,1,1.0,0,1.0,1.0,0.8895747467696234,31,0,0,-1,,,
bdff1d80a75e5307,1,1.0,0,1.0,1.0,0.9035949510296856,31,0,0,-1,,,
c7f3aa98380354ba,1,1.0,0,1.0,1.0,0.9037444782100681,29,0,0,-1,,,
83d9a73b7a3650c7,1,1.0,0,1.0,1.0,0.8700981620884706,106,0,0,-1,,,
56c64f7e47b15e0d,1,1.0,0,1.0,1.0,0.8128360752131817,116,0,0,-1,,,
c69051fe82a95f3c,1,1.0,0,1.0,1.0,0.8945975041570439,123,0,0,-1,,,
0573408e3cfb5130,1,1.0,0,1.0,1.0,0.9276863634253601,138,0,0,-1,,,
2d723f3d7b9458b8,1,1.0,0,1.0,1.0,0.9254230911817348,144,0,0,-1,,,
e68ddf5be41355dc,1,1.0,0,1.0,1.0,0.9238204689866567,146,0,0,-1,,,
40d32b824b705cbc,1,1.0,0,1.0,1.0,0.8949602576505594,139,0,0,-1,,,
1cb96199b6a45732,1,1.0,0,1.0,1.0,0.9085822558041229,137,0,0,-1,,,
fbe0e54ef79254bb,1,1.0,0,1.0,1.0,0.7964815352607119,133,0,0,-1,,,
7a1b61727c255889,1,1.0,0,1.0,1.0,0.8128073678004765,134,0,0,-1,,,
20ec6765e35d5cd1,1,1.0,0,1.0,1.0,1.0,131,0,0,-1,,,
cf9b7b96f5a057d0,1,1.0,0,1.0,1.0,0.7780982461959596,131,0,0,-1,,,
34f4fd0a288b5199,1,1.0,0,1.0,1.0,1.0,135,0,0,-1,,,
807c1ce92e235b11,1,1.0,0,1.0,1.0,1.0,135,0,0,-1,,,
a35847734fc65508,1,1.0,0,1.0,1.0,1.0,136,0,0,-1,,,
badd4b6320d05d87,1,1.0,0,1.0,1.0,1.0,139,0,0,-1,,,
e6077696f29b54ca,1,1.0,0,1.0,1.0,0.9499363033365983,74,0,0,-1,,,
78beb0eba954535e,1,1.0,0,1.0,1.0,1.0,64,0,0,-1,,,
e5e21bbf8d665374,1,1.0,0,1.0,1.0,1.0,61,0,0,-1,,,
35f13a6de1575fdc,1,1.0,0,1.0,1.0,1.0,58,0,0,-1,,,
47b8a869ffed5965,1,1.0,0,1.0,1.0,1.0,55,0,0,-1,,,
26f3ef1a426f57be,1,1.0,0,1.0,1.0,1.0,64,0,0,-1,,,
06329b33572752d8,1,1.0,0,1.0,1.0,1.0,59,0,0,-1,,,
be503a7ef2805c88,1,1.0,0,1.0,1.0,1.0,61,0,0,-1,,,
96587a61c6c05d71,1,1.0,0,1.0,1.0,0.8961738765170232,22,0,0,-1,,,
65fd7014a79b5cba,1,1.0,0,1.0,1.0,0.8454979823273722,20,0,0,-1,,,
2b641a3ecff5580e,1,1.0,0,1.0,1.0,0.7947766319908048,21,0,0,-1,,,
b793d920bf6f53cd,1,1.0,0,1.0,1.0,0.9106606533050193,23,0,0,-1,,,
e2acd907240850a3,1,1.0,0,1.0,1.0,0.9827546567751835,22,0,0,-1,,,
fd391501d37752ba,1,1.0,0,1.0,1.0,1.0,21,0,0,-1,,,
2ccebcdb0da25be5,1,1.0,0,1.0,1.0,1.0,23,0,0,-1,,,
300226e9649b51fd,1,1.0,0,1.0,1.0,0.9542290843501794,22,0,0,-1,,,
a681a147f3375cac,1,1.0,0,1.0,1.0,0.9310074397435818,69,0,0,-1,,,
71057ab084a75ce6,1,1.0,0,1.0,1.0,0.9004917855744182,67,0,0,-1,,,
6a5d6dff67a45a95,1,1.0,0,1.0,1.0,0.8908145425848861,63,0,0,-1,,,
7048a63246a75ea4,1,1.0,0,1.0,1.0,0.8769626643259815,63,0,0,-1,,,
93512ae1de725307,1,1.0,0,1.0,1.0,1.0,64,0,0,-1,,,
7a2abf5475ac59ca,1,1.0,0,1.0,1.0,1.0,67,0,0,-1,,,
06df6b00bdad5229,1,1.0,0,1.0,1.0,1.0,69,0,0,-1,,,
1a1f73871bea5afa,1,1.0,0,1.0,1.0,0.8842857526195452,33,0,0,-1,,,
6f31e863bab65c62,1,1.0,0,1.0,1.0,0.924063319075502,84,0,0,-1,,,
f15b26c87a0e557d,1,1.0,0,1.0,1.0,0.9276613271460233,81,0,0,-1,,,
77db0b134a185494,1,1.0,0,1.0,1.0,0.9168994233972124,83,0,0,-1,,,
5bb6cc197a7455e4,1,1.0,0,1.0,1.0,1.0,41,0,0,-1,,,
ae15b0488a6c5bd8,1,1.0,0,1.0,1.0,1.0,35,0,0,-1,,,
4e72d5b688ca564f,1,1.0,0,1.0,1.0,1.0,33,0,0,-1,,,
dee481365b265a2d,1,1.0,0,1.0,1.0,0.8881476385316,31,0,0,-1,,,
352fabb819b95d6c,1,1.0,0,1.0,1.0,1.0,33,0,0,-1,,,
7bce82e059a05030,1,1.0,0,0.0,1.0,0.48978453452227705,77,0,0,-1,,,
b9a8107ff09d5961,1,1.0,0,1.0,1.0,0.9106028271740444,75,0,0,-1,,,
589c06909f1c5c27,1,1.0,0,1.0,1.0,0.9371976308990458,75,0,0,-1,,,
6fbdacdf660253b6,1,1.0,0,1.0,1.0,0.9399500781383757,80,0,0,-1,,,
55d6a50a401f52f7,1,1.0,0,1.0,1.0,0.9665700041576498,78,0,0,-1,,,
330af4c06f715d2d,1,1.0,0,1.0,1.0,0.9710927580920723,78,0,0,-1,,,
6bb854e8312e5c30,1,1.0,0,1.0,1.0,0.9293564133467572,77,0,0,-1,,,
e54deddcc84150be,1,1.0,0,1.0,1.0,0.9285948491217967,75,0,0,-1,,,
a566f9d36b5d5921,1,1.0,0,1.0,1.0,0.795269607488998,68,0,0,-1,,,
bc089c23e7f95250,1,1.0,0,1.0,1.0,0.786268907399292,71,0,0,-1,,,
15b25b99cf2d5965,1,1.0,0,1.0,1.0,0.8199816078195932,75,0,0,-1,,,
d5fbd3df4a505559,1,1.0,0,1.0,1.0,0.8709421913233516,80,0,0,-1,,,
dae9ebb7c5ff5c6a,1,1.0,0,1.0,1.0,0.9716691486526449,79,0,0,-1,,,
1e4fb3a9572f5e7d,1,1.0,0,1.0,1.0,0.8992848129282055,80,0,0,-1,,,
5e74b6a61b715f47,1,1.0,0,1.0,1.0,1.0,76,0,0,-1,,,
04fbbb5817255f30,1,1.0,0,1.0,1.0,1.0,76,0,0,-1,,,
f84819b5dc2a5130,1,1.0,0,1.0,1.0,0.8878094948188936,31,0,0,-1,,,
da3dac3ca6545198,1,1.0,0,1.0,1.0,0.9096995054979087,30,0,0,-1,,,
428532e023bc5783,1,1.0,0,1.0,1.0,0.9039239390314843,32,0,0,-1,,,
6d5f5983c8eb5615,1,1.0,0,1.0,1.0,0.9111864227888667,31,0,0,-1,,,
132ea05c88d355ca,1,1.0,0,1.0,1.0,0.9319604657090322,30,0,0,-1,,,
fd20892efbe35102,1,1.0,0,1.0,1.0,0.9359685017387869,31,0,0,-1,,,
fdd02b27e20c515e,1,1.0,0,1.0,1.0,0.9171266302299408,31,0,0,-1,,,
74ea43025c935b2e,1,1.0,0,1.0,1.0,0.9195620314318096,33,0,0,-1,,,
cdd00e6a0e4754e5,1,1.0,0,1.0,1.0,1.0,60,0,0,-1,,,
583113c5db20565d,1,1.0,0,1.0,1.0,0.9633756968011299,56,0,0,-1,,,
a43337e3cf725ea6,1,1.0,0,1.0,1.0,0.92933506674591,54,0,0,-1,,,
a05ccb0dca555526,1,1.0,0,1.0,1.0,0.967103304359925,51,0,0,-1,,,
3e0511dc69b85b75,1,1.0,0,1.0,1.0,0.9417323772917608,47,0,0,-1,,,
cd7575ed015c5678,1,1.0,0,1.0,1.0,0.9288458081862084,47,0,0,-1,,,
798842f0b1c253b4,1,1.0,0,1.0,1.0,0.9190158416425542,45,0,0,-1,,,
888913e0978f559b,1,1.0,0,1.0,1.0,0.7921994355560344,57,0,0,-1,,,
582ac6cc2a1758a3,1,1.0,0,1.0,1.0,0.8924610585977318,73,0,0,-1,,,
4b26762f1d5a509d,1,1.0,0,1.0,1.0,0.8522180156507249,73,0,0,-1,,,
99f3a7ec61305307,1,1.0,0,1.0,1.0,0.8642744355108686,70,0,0,-1,,,
bb89143f371a53b5,1,1.0,0,1.0,1.0,0.8171414154871078,68,0,0,-1,,,
d2e124f077ee53cb,1,1.0,0,1.0,1.0,1.0,69,0,0,-1,,,
86c6c03a41a057d6,1,1.0,0,1.0,1.0,1.0,67,0,0,-1,,,
d01e896e6c325436,1,1.0,0,1.0,1.0,1.0,64,0,0,-1,,,
36383c82194a543d,1,1.0,0,1.0,1.0,1.0,73,0,0,-1,,,
a8c4188597da52a2,1,1.0,0,1.0,1.0,1.0,46,0,0,-1,,,
8db638d42ddc59f2,1,1.0,0,1.0,1.0,1.0,38,0,0,-1,,,
7bd486db42e35b18,1,1.0,0,1.0,1.0,1.0,37,0,0,-1,,,
e941bb5a630f58ae,1,1.0,0,1.0,1.0,0.9300142111298965,45,0,0,-1,,,
3e1e7bc23c515108,1,1.0,0,1.0,1.0,1.0,46,0,0,-1,,,
cc71f3639268516f,1,1.0,0,1.0,1.0,1.0,47,0,0,-1,,,
a612f42e6f9d592e,1,1.0,0,1.0,1.0,1.0,47,0,0,-1,,,
7d4c548895955e0d,1,1.0,0,1.0,1.0,0.9086918650868693,65,0,0,-1,,,
6d846dadde695838,1,1.0,0,1.0,1.0,0.9037285298181228,28,0,0,-1,,,
21dbc361352b5dbd,1,1.0,0,1.0,1.0,0.901323479204914,28,0,0,-1,,,
b022550645ac5dbf,1,1.0,0,1.0,1.0,0.9013538592603165,28,0,0,-1,,,
92aea46cab86531b,1,1.0,0,1.0,0.0,0.0,33,0,0,-1,,,
baf1301534ea54d6,1,1.0,0,1.0,1.0,0.9614219095059644,57,0,0,-1,,,
f3b3336807f8590b,1,1.0,0,1.0,1.0,0.9346390138710404,51,0,0,-1,,,
d8d4f191f3bc5f34,1,1.0,0,1.0,1.0,0.9320499431063616,46,0,0,-1,,,
917f7087f2665add,1,1.0,0,1.0,1.0,0.8996309306540794,46,0,0,-1,,,
a62cc53f0187532a,1,1.0,0,1.0,1.0,0.9813128043092947,68,0,0,-1,,,
a3c54d0e80375911,1,1.0,0,1.0,1.0,1.0,67,0,0,-1,,,
2f2caab982ad5739,1,1.0,0,1.0,1.0,1.0,67,0,0,-1,,,
0c330f8c6d6658ee,1,1.0,0,1.0,1.0,0.9665800721292367,64,0,0,-1,,,
00f49d71f0eb507b,1,1.0,0,1.0,1.0,0.9602710104817004,58,0,0,-1,,,
ff14af5a86c55674,1,1.0,0,1.0,1.0,0.9404087117161053,58,0,0,-1,,,
b15b2d36b1ea51cc,1,1.0,0,1.0,1.0,0.939456778266166,57,0,0,-1,,,
f8bec974b86952e9,1,1.0,0,1.0,1.0,1.0,58,0,0,-1,,,
e721852571e5573b,1,1.0,0,1.0,1.0,0.8836056901480845,67,0,0,-1,,,
901b2d48b2ce5bf1,1,1.0,0,1.0,1.0,0.873869270700569,66,0,0,-1,,,
40ffdefe6d2f541a,1,1.0,0,1.0,1.0,0.930020710343384,63,0,0,-1,,,
41f3712a30b956e6,1,1.0,0,1.0,1.0,0.9697418977814817,61,0,0,-1,,,
88f3df2443c55e59,1,1.0,0,1.0,0.0,0.0,56,0,0,-1,,,
eeafee3118a35987,1,1.0,0,1.0,0.0,0.0,60,0,0,-1,,,
d2361c07df2f51c2,1,1.0,0,1.0,1.0,1.0,59,0,0,-1,,,
11cad3355c7b55dd,1,1.0,0,1.0,1.0,1.0,69,0,0,-1,,,
d0672a5ab71d59fb,1,1.0,0,1.0,1.0,1.0,69,0,0,-1,,,
aed9613a27115d52,1,1.0,0,1.0,1.0,1.0,70,0,0,-1,,,
7780e502545a5df7,1,1.0,0,1.0,1.0,0.8560751196310169,58,0,0,-1,,,
17de441a1185528d,1,1.0,0,1.0,1.0,0.8685205891846514,58,0,0,-1,,,
1fc48e89034758e7,1,1.0,0,1.0,1.0,0.8211407288903417,57,0,0,-1,,,
1223890860725b50,1,1.0,0,1.0,1.0,0.8386713760747898,57,0,0,-1,,,
958677976f9c5b0a,1,1.0,0,1.0,1.0,0.8303962498264336,56,0,0,-1,,,
9963c72e34ae5101,1,1.0,0,1.0,1.0,0.8103612184760904,58,0,0,-1,,,
99213b077bdf516b,1,1.0,0,1.0,1.0,0.8131272625698921,64,0,0,-1,,,
22f98151a771573a,1,1.0,0,1.0,1.0,0.8769463970479364,64,0,0,-1,,,
eaba7fd433c45e20,1,1.0,0,1.0,1.0,0.9269933819012034,64,0,0,-1,,,
314c032aadbd5011,1,1.0,0,1.0,1.0,0.9536804969204346,62,0,0,-1,,,
5757a661eb0f54d2,1,1.0,0,1.0,1.0,1.0,56,0,0,-1,,,
96164ad9ed8557a7,1,1.0,0,1.0,1.0,0.7806087148866832,26,0,0,-1,,,
8e33b543120b53d5,1,1.0,0,1.0,1.0,0.7741013311928713,26,0,0,-1,,,
97d06e94283a5a65,1,1.0,0,1.0,1.0,0.7598496649722524,25,0,0,-1,,,
505e82147a375933,1,1.0,0,1.0,1.0,0.9768927453751232,53,0,0,-1,,,
ab9d0f7542805d20,1,1.0,0,1.0,1.0,0.9581048795098545,51,0,0,-1,,,
084ce89976f1505e,1,1.0,0,1.0,1.0,0.9597705416849663,52,0,0,-1,,,
e0f8a20a76c25e20,1,1.0,0,1.0,1.0,0.940995087738913,49,0,0,-1,,,
c54227acd96156e1,1,1.0,0,1.0,1.0,0.9004127990779841,47,0,0,-1,,,
bfcb040f50425141,1,1.0,0,1.0,1.0,1.0,44,0,0,-1,,,
18236bb0b875582d,1,1.0,0,1.0,1.0,1.0,43,0,0,-1,,,
cb0505ba89415347,1,1.0,0,1.0,1.0,1.0,45,0,0,-1,,,
70e6b8db27e55b53,1,1.0,0,1.0,1.0,1.0,78,0,0,-1,,,
6b50fb6bf8265936,1,1.0,0,1.0,1.0,0.9393462328266559,68,0,0,-1,,,
9630074ccab7581e,1,1.0,0,1.0,1.0,0.943724421887793,68,0,0,-1,,,
d3dcb57d3c385f19,1,1.0,0,1.0,1.0,0.8017133221524254,86,0,0,-1,,,
55204d7112015beb,1,1.0,0,1.0,1.0,0.8885232350994521,87,0,0,-1,,,
6cd97f45067e5bea,1,1.0,0,1.0,1.0,0.9478978529459855,92,0,0,-1,,,
4d7462e08df954a1,1,1.0,0,1.0,1.0,1.0,95,0,0,-1,,,
d96d1690e3c05f36,1,1.0,0,1.0,1.0,1.0,95,0,0,-1,,,
42629decf8ad5328,1,1.0,0,1.0,1.0,1.0,84,0,0,-1,,,
230ab732c0d65fb3,1,1.0,0,1.0,1.0,1.0,82,0,0,-1,,,
ea85208e83eb57b6,1,1.0,0,1.0,1.0,1.0,82,0,0,-1,,,
68513836ad24543b,1,1.0,0,0.0,1.0,0.5833333333333334,82,0,0,-1,,,
4c5164f4b17d5581,1,1.0,0,1.0,1.0,1.0,78,0,0,-1,,,
1e4df42d4cea5416,1,1.0,0,0.0,1.0,0.5833333333333334,78,0,0,-1,,,
cdab92d3f2d955db,1,1.0,0,1.0,1.0,0.8862074226324211,78,0,0,-1,,,
1586b456d978588f,1,1.0,0,1.0,1.0,1.0,78,0,0,-1,,,
a77872c55f1b52a1,1,1.0,0,1.0,1.0,0.8822192425031999,21,0,0,-1,,,
51d4ce9889525c4f,1,1.0,0,1.0,1.0,0.8980136219264855,21,0,0,-1,,,
bd957829755e50cb,1,1.0,0,1.0,1.0,0.9079591488873495,20,0,0,-1,,,
a19a3d9b712751f6,1,1.0,0,1.0,1.0,0.931736948646089,19,0,0,-1,,,
71bacc65bda2569c,1,1.0,0,1.0,1.0,0.9797260533920586,17,0,0,-1,,,
e747d6fdc59252f3,1,1.0,0,1.0,1.0,0.9183594634222424,16,0,0,-1,,,
0b1250020ea95539,1,1.0,0,1.0,1.0,0.9759184343208616,14,0,0,-1,,,
d68601dbb9d45f6b,1,1.0,0,1.0,1.0,1.0,13,0,0,-1,,,
fa7459e482c05911,1,1.0,0,1.0,1.0,0.8602101111352295,7,0,0,-1,,,
c05f89f644505f4c,1,1.0,0,1.0,1.0,0.8447065356611493,8,0,0,-1,,,
03d4ec82e7ac5804,1,1.0,0,1.0,1.0,0.8645961021493741,11,0,0,-1,,,
ecd769043adc5346,1,1.0,0,1.0,1.0,0.8279953831416574,13,0,0,-1,,,
68e2e4227c355dd9,1,1.0,0,1.0,1.0,0.974262445994775,14,0,0,-1,,,
3770407dcc67520c,1,1.0,0,1.0,1.0,0.7482260423154486,15,0,0,-1,,,
3e53e34cb63f5d05,1,1.0,0,1.0,1.0,0.9370990992056404,15,0,0,-1,,,
c418551cd6285092,1,1.0,0,1.0,1.0,0.9237609518419706,17,0,0,-1,,,
a924bf802fe25fa6,1,1.0,0,1.0,1.0,0.9326890790367072,26,0,0,-1,,,
d5b21176c2e1526c,1,1.0,0,1.0,1.0,1.0,28,0,0,-1,,,
e45572ab63ef5deb,1,1.0,0,1.0,1.0,1.0,26,0,0,-1,,,
227d62f5dfd95624,1,1.0,0,1.0,1.0,0.9358085987884376,27,0,0,-1,,,
d71f89f4f6e350b8,1,1.0,0,1.0,1.0,0.9635424240644935,29,0,0,-1,,,
b7c6bbad8e3a579b,1,1.0,0,1.0,1.0,0.9612957914072514,31,0,0,-1,,,
8a540001f3f0514d,1,1.0,0,1.0,1.0,0.9536268115905152,31,0,0,-1,,,
cb02d1e1315a5e67,1,1.0,0,1.0,1.0,0.8065415399116581,31,0,0,-1,,,
5c883441084d58d7,1,1.0,0,1.0,1.0,0.9100762834330077,33,0,0,-1,,,
8954aa7e05085876,1,1.0,0,1.0,1.0,0.9874453070460962,33,0,0,-1,,,
71dedbc865b25faf,1,1.0,0,1.0,1.0,0.9646729373266468,36,0,0,-1,,,
d0d94d5dca655084,1,1.0,0,1.0,1.0,0.9370714411651345,38,0,0,-1,,,
a5725e330a565f84,1,1.0,0,1.0,1.0,0.9269554807523144,35,0,0,-1,,,
fe5bd33f199d5a64,1,1.0,0,1.0,1.0,0.9257949386064789,22,0,0,-1,,,
426cc213a80352f9,1,1.0,0,1.0,1.0,0.9525104399957595,21,0,0,-1,,,
55d102de4d6150f8,1,1.0,0,1.0,1.0,0.9304821644881018,25,0,0,-1,,,
657ea52878935352,1,1.0,0,1.0,1.0,0.8352210023982023,11,0,0,-1,,,
7b281124be57507a,1,1.0,0,1.0,1.0,0.8390999655761036,10,0,0,-1,,,
0c4f97d3255155e4,1,1.0,0,1.0,1.0,0.7462992989193401,11,0,0,-1,,,
6d4f69f0aabc5c4e,1,1.0,0,1.0,1.0,0.6887589955659741,12,0,0,-1,,,
8b477eda939951d6,1,1.0,0,1.0,1.0,0.7006901765375423,12,0,0,-1,,,
538ed1acbf145c8b,1,1.0,0,1.0,1.0,0.7846235420064871,9,0,0,-1,,,
c472d369df235104,1,1.0,0,1.0,1.0,0.9490245341715005,9,0,0,-1,,,
01167513b5b55ca1,1,1.0,0,1.0,1.0,0.8252512387728945,6,0,0,-1,,,
465e7357a8965dcd,1,1.0,0,1.0,1.0,0.9110118525160233,38,0,0,-1,,,
a96c1b6145ca513e,1,1.0,0,1.0,1.0,0.9126469051681565,37,0,0,-1,,,
216b31d31f085114,1,1.0,0,1.0,1.0,0.9628975138071514,31,0,0,-1,,,
d1408323ef2357be,1,1.0,0,1.0,1.0,0.8921944048699982,31,0,0,-1,,,
87a12c9888c75e21,1,1.0,0,1.0,1.0,0.9405698833947097,31,0,0,-1,,,
75f8f9a90db75078,1,1.0,0,1.0,1.0,0.9177417228778517,29,0,0,-1,,,
e5c858ae96265d95,1,1.0,0,1.0,1.0,0.9296870196970778,29,0,0,-1,,,
3f1152860b695e59,1,1.0,0,1.0,1.0,1.0,30,0,0,-1,,,
333ba3fb0fc85da9,1,1.0,0,1.0,1.0,0.9193539217012745,20,0,0,-1,,,
513ac26c90be51d0,1,1.0,0,1.0,1.0,0.9210551496303023,18,0,0,-1,,,
7e87b622a4e35128,1,1.0,0,1.0,1.0,0.901041217572708,18,0,0,-1,,,
a760f4373fd751e4,1,1.0,0,1.0,1.0,0.9216415191916086,20,0,0,-1,,,
262c4400163e5d8e,1,1.0,0,1.0,1.0,0.9036130320679677,22,0,0,-1,,,
a93fa498bfbf5fb8,1,1.0,0,1.0,1.0,0.9040114718888802,21,0,0,-1,,,
f72ccf055618500a,1,1.0,0,1.0,1.0,0.9055929965102427,20,0,0,-1,,,
986b3349c460538b,1,1.0,0,1.0,1.0,0.8818781832040429,20,0,0,-1,,,
4c24c3efe0e4519d,1,1.0,0,1.0,1.0,0.9153484424418181,31,0,0,-1,,,
c665621fe4e455cb,1,1.0,0,1.0,1.0,0.8057094049548964,20,0,0,-1,,,
decc2e4c0f445afc,1,1.0,0,1.0,1.0,0.8826985931907078,19,0,0,-1,,,
95733bb0b55e5d5f,1,1.0,0,1.0,1.0,0.875766832436946,21,0,0,-1,,,
f2fdedb5a4ba5c4c,1,1.0,0,1.0,1.0,0.8922179994806755,20,0,0,-1,,,
7e7480ffa3aa55a4,1,1.0,0,1.0,1.0,0.9367212831590428,22,0,0,-1,,,
28b94453e1cd578f,1,1.0,0,1.0,1.0,0.8890039349186999,25,0,0,-1,,,
d98a25449e205e55,1,1.0,0,1.0,1.0,0.8819619001883311,26,0,0,-1,,,
33947554006251e9,1,1.0,0,1.0,1.0,0.949467712009752,15,0,0,-1,,,
2569d386da9c54ff,1,1.0,0,1.0,1.0,0.7225300584645152,15,0,0,-1,,,
4eb5bcde81245591,1,1.0,0,1.0,1.0,0.7222160459760222,16,0,0,-1,,,
5d5dfc678c9759a1,1,1.0,0,1.0,1.0,0.7186718501752948,16,0,0,-1,,,
3128b8da22c75dd0,1,1.0,0,1.0,1.0,0.8954142365746968,18,0,0,-1,,,
9900336c08095d0f,1,1.0,0,1.0,1.0,0.9152546445129559,19,0,0,-1,,,
28d91d7116785bf9,1,1.0,0,1.0,1.0,0.8812480399316215,24,0,0,-1,,,
a8dacf347a605f0d,1,1.0,0,1.0,1.0,0.9056711089296638,29,0,0,-1,,,
572e6c81e32958f2,1,1.0,0,1.0,1.0,0.6552936767196048,76,0,0,-1,,,
3baa70a146f055d2,1,1.0,0,1.0,1.0,0.7739597047585174,75,0,0,-1,,,
67a6bdeb096350ec,1,1.0,0,1.0,1.0,0.9194863385158447,74,0,0,-1,,,
0f8e3ba3d90958d1,1,1.0,0,1.0,1.0,0.8674003621446426,75,0,0,-1,,,
4ee4ab24a93f5375,1,1.0,0,1.0,1.0,0.8702941050854012,77,0,0,-1,,,
508511fd38a15d52,1,1.0,0,1.0,1.0,0.8002251209007761,76,0,0,-1,,,
b5bdef8a05605164,1,1.0,0,1.0,1.0,0.9594273165943811,71,0,0,-1,,,
c240593c969a5cfc,1,1.0,0,1.0,1.0,1.0,65,0,0,-1,,,
d6a60e406ebc5b01,1,1.0,0,1.0,1.0,0.919346850462877,51,0,0,-1,,,
39d78cc469d65bf8,1,1.0,0,1.0,1.0,0.9220432088859455,50,0,0,-1,,,
d70c87fa9c59524a,1,1.0,0,1.0,1.0,0.9013132084200121,54,0,0,-1,,,
667fff5344295416,1,1.0,0,1.0,1.0,0.8868927631310436,52,0,0,-1,,,
ea1302023ad258ff,1,1.0,0,1.0,1.0,0.7855418250004739,62,0,0,-1,,,
ca4f746c0a4f5396,1,1.0,0,1.0,1.0,0.9301081925766367,61,0,0,-1,,,
693ca321449e5a83,1,1.0,0,1.0,1.0,0.9241126130699978,64,0,0,-1,,,
67f7d1c129be5c4b,1,1.0,0,1.0,1.0,0.9046522176125503,65,0,0,-1,,,
1c64f911576a502d,1,1.0,0,1.0,1.0,1.0,59,0,0,-1,,,
f7544894729252f5,1,1.0,0,1.0,1.0,0.8765493330745334,60,0,0,-1,,,
85406e57732a5121,1,1.0,0,1.0,1.0,1.0,60,0,0,-1,,,
38aff0f1a2f357f6,1,1.0,0,1.0,1.0,1.0,60,0,0,-1,,,
043839beb58a5dad,1,1.0,0,1.0,1.0,0.9351594732044012,59,0,0,-1,,,
4bb2fc18f5ee5dcb,1,1.0,0,1.0,1.0,0.9169157620054499,59,0,0,-1,,,
d3afcd1be60851a9,1,1.0,0,1.0,1.0,0.8693829878779248,58,0,0,-1,,,
cc3ebf79ba985643,1,1.0,0,0.0,1.0,0.32780120026111365,56,0,0,-1,,,
b94c811448e75d1c,1,1.0,0,1.0,1.0,1.0,44,0,0,-1,,,
1175b3b9d27252ef,1,1.0,0,1.0,1.0,0.9766473155413079,43,0,0,-1,,,
36ee69ae43b85587,1,1.0,0,1.0,1.0,0.9001459702233902,43,0,0,-1,,,
c23c39c3fedd5bfa,1,1.0,0,1.0,1.0,0.9936378692819918,41,0,0,-1,,,
a73ba1e90a735dad,1,1.0,0,1.0,1.0,0.9880452067493953,41,0,0,-1,,,
cc9f9924e6f25e64,1,1.0,0,1.0,1.0,0.9733637278625421,42,0,0,-1,,,
674ebcb39a4d528f,1,1.0,0,1.0,1.0,0.9516163372145091,41,0,0,-1,,,
0f3edc5110485b13,1,1.0,0,1.0,1.0,0.9440317123120755,43,0,0,-1,,,
b60ecc0b221751d7,1,1.0,0,1.0,1.0,1.0,67,0,0,-1,,,
4d8baa6e638f5cfb,1,1.0,0,1.0,1.0,1.0,68,0,0,-1,,,
3c114912e4cf590c,1,1.0,0,1.0,1.0,0.8190854893387839,76,0,0,-1,,,
9fc65b945c175ebb,1,1.0,0,1.0,1.0,0.8343380824065623,78,0,0,-1,,,
7e5925fce8df5e44,1,1.0,0,1.0,1.0,0.8970425215352732,76,0,0,-1,,,
87d1648c9e27512b,1,1.0,0,1.0,1.0,0.9087877623344033,76,0,0,-1,,,
a452d968db965d77,1,1.0,0,1.0,1.0,0.9334769790336583,73,0,0,-1,,,
e6b7dddf4ae95fea,1,1.0,0,1.0,1.0,0.9329082414072128,71,0,0,-1,,,
a7a0fe1f804c5fa5,1,1.0,0,1.0,1.0,0.985281264581357,29,0,0,-1,,,
80a22559c9565d0a,1,1.0,0,1.0,1.0,0.9978819262098354,28,0,0,-1,,,
77e18238b9d55c97,1,1.0,0,1.0,1.0,0.959112034769339,30,0,0,-1,,,
2567ec8e92d05eb6,1,1.0,0,1.0,1.0,0.9701635300428304,30,0,0,-1,,,
21bc638f113e5f63,1,1.0,0,1.0,1.0,0.9741549989974908,28,0,0,-1,,,
5027a61161365407,1,1.0,0,1.0,1.0,0.9616598921798941,27,0,0,-1,,,
1e80c5febdd25875,1,1.0,0,1.0,1.0,0.9632519723121619,26,0,0,-1,,,
cd828def214c571e,1,1.0,0,1.0,1.0,0.9111304630704865,26,0,0,-1,,,
27bcec96f13c5426,1,1.0,0,1.0,1.0,0.9775377804273485,55,0,0,-1,,,
963d98eaf75259f6,1,1.0,0,1.0,1.0,0.9669007364634826,56,0,0,-1,,,
4e2cc4b2c43055fe,1,1.0,0,1.0,1.0,0.72772580033139,61,0,0,-1,,,
89e02236312d5038,1,1.0,0,1.0,1.0,1.0,72,0,0,-1,,,
f9b3a9c625905d77,1,1.0,0,1.0,1.0,0.964323054214161,72,0,0,-1,,,
8135a67aa74e586c,1,1.0,0,1.0,0.0,0.0,28,0,0,-1,,,
fdf7643412e85c31,1,1.0,0,1.0,0.0,0.0,28,0,0,-1,,,
7e1cc7d77132505a,1,1.0,0,1.0,0.0,0.0,28,0,0,-1,,,
f6b9867069845fd2,1,1.0,0,1.0,1.0,0.8034637418943215,51,0,0,-1,,,
9a4e8cacd6095527,1,1.0,0,1.0,1.0,0.8394959939090499,66,0,0,-1,,,
bef85b7ac1dc5207,1,1.0,0,1.0,1.0,0.9353931772963436,65,0,0,-1,,,
d1fdb156118a52ae,1,1.0,0,1.0,1.0,0.9327168309752693,67,0,0,-1,,,
9e1a8204e14e56e1,1,1.0,0,1.0,1.0,1.0,72,0,0,-1,,,
66c2b2bf35745563,1,1.0,0,1.0,1.0,0.9877247211728317,74,0,0,-1,,,
a08215e27d775f96,1,1.0,0,1.0,1.0,0.9617588373928999,65,0,0,-1,,,
33bae177e9c75992,1,1.0,0,1.0,1.0,0.9381067988545455,59,0,0,-1,,,
88454b0190ff551f,1,1.0,0,1.0,1.0,1.0,80,0,0,-1,,,
d58fe7e3c5575f27,1,1.0,0,1.0,1.0,1.0,80,0,0,-1,,,
b9d14f59883a5496,1,1.0,0,1.0,1.0,0.723454169305164,79,0,0,-1,,,
7777f9476f1e5bb0,1,1.0,0,1.0,1.0,0.7844281523958655,75,0,0,-1,,,
02799c5e8bf35595,1,1.0,0,1.0,1.0,0.7752925595076982,76,0,0,-1,,,
ee9a17a589805c85,1,1.0,0,1.0,1.0,0.7681368256786444,69,0,0,-1,,,
ac328bbd087d5cf2,1,1.0,0,1.0,1.0,0.7170593251924693,68,0,0,-1,,,
51e4c182629c50a7,1,1.0,0,1.0,1.0,0.8208652222904811,55,0,0,-1,,,
43f586c2ca4b5929,1,1.0,0,1.0,1.0,0.8313387784879702,33,0,0,-1,,,
cdc9eb7c7ddb5b08,1,1.0,0,1.0,1.0,0.8924450581555602,52,0,0,-1,,,
4b6430ca30c45a3c,1,1.0,0,1.0,1.0,0.9670809054648792,52,0,0,-1,,,
873568760d365a73,1,1.0,0,1.0,1.0,1.0,52,0,0,-1,,,
3b2fc0d01dbc50ce,1,1.0,0,1.0,1.0,1.0,51,0,0,-1,,,
25b5cecdb3b75e7c,1,1.0,0,1.0,1.0,1.0,53,0,0,-1,,,
ec611f7d00d85b31,1,1.0,0,1.0,1.0,1.0,54,0,0,-1,,,
19e90f2757b25f38,1,1.0,0,1.0,1.0,0.8500453662901432,54,0,0,-1,,,
75bf56ae8b9d5673,1,1.0,0,1.0,1.0,0.7495887865864352,47,0,0,-1,,,
5d3573d6da7952d3,1,1.0,0,1.0,1.0,0.7232057179779808,58,0,0,-1,,,
c65181647b3b5092,1,1.0,0,1.0,1.0,0.7210246203375831,57,0,0,-1,,,
a549496e4b835d1b,1,1.0,0,1.0,1.0,0.9724604423535492,57,0,0,-1,,,
f860c4879d1c5996,1,1.0,0,1.0,1.0,0.9710764102598617,57,0,0,-1,,,
e009079e2dc25bbf,1,1.0,0,1.0,1.0,0.9736344160790287,53,0,0,-1,,,
ccb49e301e40523f,1,1.0,0,1.0,1.0,0.9740151904729935,51,0,0,-1,,,
c4d87486264d508a,1,1.0,0,1.0,1.0,0.9395533893244306,50,0,0,-1,,,
6d088615a8c05649,1,1.0,0,1.0,1.0,0.8599478613727453,26,0,0,-1,,,
712427ff1635596c,1,1.0,0,1.0,1.0,1.0,30,0,0,-1,,,
fe9e76e6cac35fba,1,1.0,0,1.0,1.0,1.0,30,0,0,-1,,,
6f8c03f8038757cc,1,1.0,0,1.0,1.0,1.0,34,0,0,-1,,,
823f87e2960853d9,1,1.0,0,1.0,1.0,0.6273762549295651,40,0,0,-1,,,
6da3bcc544be52d3,1,1.0,0,1.0,1.0,0.73554095871848,41,0,0,-1,,,
a04f86a92daf50ba,1,1.0,0,1.0,1.0,0.7902466965849692,44,0,0,-1,,,
837ce609a8ec58e9,1,1.0,0,1.0,1.0,0.9437902026140149,43,0,0,-1,,,
3f265d778b65596b,1,0.0,1,0.0,1.0,0.0,45,1,0,5,VEHICLE,5,14.0
4fc373052fb55899,1,1.0,0,0.0,1.0,0.31655645640610836,43,0,0,-1,,,
7c04e29efc0c5e46,1,0.0,1,0.0,1.0,0.0,45,1,0,3,VEHICLE,3,11.4
92778c3bfcda566d,1,1.0,0,0.0,1.0,0.5833333333333334,46,0,0,-1,,,
790a5a0973815ab3,1,1.0,0,1.0,1.0,0.9219776964990535,44,0,0,-1,,,
f8c4bf250c1c512c,1,1.0,0,1.0,1.0,0.9205451597538262,41,0,0,-1,,,
0d6296a5295a5835,1,1.0,0,1.0,1.0,0.9035662507862842,33,0,0,-1,,,
40ce7057faae541e,1,1.0,0,1.0,1.0,1.0,32,0,0,-1,,,
c844ccab55295a05,1,1.0,0,1.0,1.0,1.0,30,0,0,-1,,,
79e7ccb136775266,1,1.0,0,1.0,1.0,0.8017668138420001,26,0,0,-1,,,
2aa414aa9a9057fb,1,1.0,0,1.0,1.0,0.8380284803282713,25,0,0,-1,,,
b96dd2fae674571c,1,1.0,0,1.0,1.0,0.8543328945546195,25,0,0,-1,,,
2462c21ce2bb5f2d,1,1.0,0,1.0,1.0,0.9174585454023435,23,0,0,-1,,,
05987b88b7be5bea,1,1.0,0,1.0,1.0,1.0,22,0,0,-1,,,
9696c1f82bc05ffc,1,0.0,1,1.0,1.0,0.0,31,1,0,0,VEHICLE,0,7.8
a8455a10df085d45,1,1.0,0,1.0,1.0,0.8544358348672239,45,0,0,-1,,,
c9b41d0b992158c6,1,1.0,0,1.0,1.0,0.9033467808248207,25,0,0,-1,,,
90482225be14588c,1,1.0,0,1.0,1.0,0.9113367185428963,24,0,0,-1,,,
3bd2edbc70605e87,1,1.0,0,1.0,1.0,0.9055776423149147,23,0,0,-1,,,
61d71be9811b5554,1,1.0,0,1.0,1.0,0.8415352136795407,22,0,0,-1,,,
9ab8b2e7de985004,1,1.0,0,1.0,1.0,0.7924274880367334,23,0,0,-1,,,
1039e136e6605cfb,1,1.0,0,1.0,1.0,0.8109736315949482,24,0,0,-1,,,
ef7fb2d0c7bf52a4,1,1.0,0,1.0,1.0,0.9449157299103025,23,0,0,-1,,,
d45dddb7bbfe5914,1,1.0,0,1.0,1.0,0.974135015380981,21,0,0,-1,,,
bdad96248e575296,1,1.0,0,1.0,1.0,0.9363594943175794,40,0,0,-1,,,
cdf234c4f4c35156,1,1.0,0,1.0,1.0,0.9427358273450022,37,0,0,-1,,,
8362f66ef1aa51b1,1,1.0,0,1.0,1.0,0.9307394593373847,39,0,0,-1,,,
313a7548b23b5b8f,1,1.0,0,0.0,1.0,0.5265625717044281,39,0,0,-1,,,
8a808765078856bf,1,1.0,0,1.0,1.0,0.9377261012804604,43,0,0,-1,,,
2dd890fcd27352c5,1,0.0,1,0.0,1.0,0.0,44,1,0,10,VEHICLE,10,19.3
3dd0dfc88c6a5de8,1,1.0,0,1.0,1.0,0.7373000052051978,45,0,0,-1,,,
f470121c6add5665,1,1.0,0,1.0,1.0,0.7120957948079404,46,0,0,-1,,,
ea38508ef0de57c3,1,1.0,0,1.0,1.0,0.9256125035235331,46,0,0,-1,,,
5503e65e815a58c7,1,1.0,0,1.0,1.0,0.9194477507996442,48,0,0,-1,,,
b58f2b3b894a58bb,1,1.0,0,1.0,1.0,0.9703297062377138,51,0,0,-1,,,
7aeb6cedbf4353ef,1,1.0,0,1.0,1.0,1.0,53,0,0,-1,,,
b867b28707205c0b,1,1.0,0,1.0,1.0,0.9434397949880359,56,0,0,-1,,,
a67c6744e6c45edb,1,1.0,0,1.0,1.0,0.9280546196412681,56,0,0,-1,,,
7bbb4260e163517f,1,1.0,0,1.0,1.0,0.9027640244435529,55,0,0,-1,,,
89fcf773eb5d514e,1,1.0,0,1.0,1.0,0.9240469802482747,55,0,0,-1,,,
75f36091b3ec57e5,1,1.0,0,1.0,1.0,1.0,32,0,0,-1,,,
8562e5f582e251cf,1,1.0,0,1.0,1.0,1.0,29,0,0,-1,,,
69938a4507ba5419,1,1.0,0,1.0,1.0,0.932690043472991,24,0,0,-1,,,
06091e78878d510e,1,1.0,0,1.0,1.0,0.9564318655467253,23,0,0,-1,,,
3e941f8f03c1512d,1,1.0,0,1.0,1.0,0.9481818897808042,21,0,0,-1,,,
e360cb69b8a55a47,1,1.0,0,1.0,1.0,0.9532649837462629,23,0,0,-1,,,
aace7a7aeaf75f2c,1,1.0,0,1.0,1.0,0.9487632900365105,26,0,0,-1,,,
c65a7b2b6f8c527e,1,1.0,0,1.0,1.0,0.9370942725744426,25,0,0,-1,,,
43458f6eab155322,1,1.0,0,1.0,1.0,0.930522172280083,28,0,0,-1,,,
fa545b09688957b8,1,1.0,0,1.0,1.0,0.9018196064962517,26,0,0,-1,,,
ba8dead3eb765a14,1,1.0,0,1.0,1.0,0.879173185803057,25,0,0,-1,,,
c8d4707fcc465f8b,1,1.0,0,1.0,1.0,0.8624106488707818,24,0,0,-1,,,
d1b4625f7363548e,1,1.0,0,1.0,1.0,0.8918921669500403,25,0,0,-1,,,
54d86279a0015154,1,1.0,0,1.0,1.0,1.0,23,0,0,-1,,,
c5d626fc4b6c5efb,1,1.0,0,1.0,1.0,1.0,21,0,0,-1,,,
69b32d0447ac5c28,1,1.0,0,1.0,1.0,1.0,21,0,0,-1,,,
2a484ffd16785a64,1,1.0,0,1.0,1.0,0.935840908106818,60,0,0,-1,,,
10909749099354e6,1,0.0,1,0.0,1.0,0.0,47,1,0,5,VEHICLE,5,7.3
7dda9e548f79596b,1,1.0,0,1.0,1.0,1.0,49,0,0,-1,,,
f24e615d71a155ae,1,1.0,0,1.0,1.0,0.9855372871758652,52,0,0,-1,,,
62bae469f29c5ecb,1,1.0,0,1.0,1.0,0.9386178542324544,53,0,0,-1,,,
8df6c22946e5526d,1,1.0,0,1.0,1.0,1.0,61,0,0,-1,,,
6419172479825092,1,1.0,0,1.0,1.0,1.0,62,0,0,-1,,,
bf2c48523de254ea,1,1.0,0,1.0,1.0,0.943411572064047,63,0,0,-1,,,
52f0b8a2023656cf,1,1.0,0,1.0,1.0,0.9174702283942276,22,0,0,-1,,,
1b301e5f9ede59d7,1,1.0,0,1.0,1.0,0.9373026456960324,22,0,0,-1,,,
9de4d5414a4a50c4,1,1.0,0,1.0,1.0,0.9533605915299889,22,0,0,-1,,,
c40ede27ed35520b,1,1.0,0,1.0,1.0,0.9487599067878679,24,0,0,-1,,,
e742fc9deaac5321,1,1.0,0,1.0,1.0,0.9263771312585062,24,0,0,-1,,,
1fe885bcdf8d53de,1,1.0,0,1.0,1.0,0.7241935861564927,24,0,0,-1,,,
985af967de8f5f3f,1,1.0,0,1.0,1.0,0.9127280806931548,25,0,0,-1,,,
589acfd69c38539a,1,1.0,0,1.0,1.0,0.9334898781030022,25,0,0,-1,,,
0d8610ae20005e45,1,1.0,0,1.0,1.0,0.8947848205318428,54,0,0,-1,,,
bc85f0c7a2305ef5,1,1.0,0,1.0,1.0,0.8975176885176875,53,0,0,-1,,,
932938d86cfc5d6f,1,1.0,0,1.0,1.0,0.9619029765803897,51,0,0,-1,,,
dd6f3d80501c5026,1,1.0,0,1.0,1.0,0.7748788192363794,46,0,0,-1,,,
50613cf56a8d5a38,1,1.0,0,1.0,1.0,0.9485964819895311,44,0,0,-1,,,
4909b88b347c5764,1,1.0,0,1.0,1.0,1.0,49,0,0,-1,,,
0b046094d70257ed,1,1.0,0,1.0,1.0,1.0,50,0,0,-1,,,
a9fb1181686753ec,1,1.0,0,1.0,0.0,0.0,52,0,0,-1,,,
c0deb9fb709b5a64,1,1.0,0,1.0,1.0,0.6922961984033741,65,0,0,-1,,,
b8b9e355618b58cd,1,1.0,0,1.0,1.0,0.8102576515120848,45,0,0,-1,,,
ad7d51bd1b7055ca,1,1.0,0,1.0,1.0,0.9141814326498046,43,0,0,-1,,,
a2839b1b4f0352e4,1,1.0,0,1.0,1.0,0.887387100460785,44,0,0,-1,,,
953b60711663549b,1,1.0,0,1.0,1.0,0.881408905091939,45,0,0,-1,,,
d7d752a4a8b95a59,1,1.0,0,1.0,1.0,0.8441289368304904,50,0,0,-1,,,
82e6bac5509d5471,1,1.0,0,1.0,1.0,0.8799062105332651,50,0,0,-1,,,
8799520f3ff95bfc,1,1.0,0,1.0,1.0,0.863323823317465,57,0,0,-1,,,
bf0441f2960b5e17,1,1.0,0,1.0,1.0,0.9144427827376247,35,0,0,-1,,,
96c4cb076c9954e6,1,1.0,0,1.0,1.0,0.9592694199237123,37,0,0,-1,,,
0fa0e8a25eec5e1e,1,1.0,0,1.0,1.0,0.9430696604557047,37,0,0,-1,,,
4cdd4e33b01a52a8,1,1.0,0,1.0,1.0,0.9361490105285623,40,0,0,-1,,,
b4f6a0719d2a5670,1,1.0,0,1.0,1.0,0.9602166276540355,39,0,0,-1,,,
4b22a759c31a52c5,1,1.0,0,1.0,1.0,0.9239894005637769,36,0,0,-1,,,
c28b41c8410f5465,1,1.0,0,1.0,1.0,0.9299087470978664,22,0,0,-1,,,
29ba983123655159,1,1.0,0,1.0,1.0,0.9307043383325149,25,0,0,-1,,,
36c6d1ea21015e5f,1,1.0,0,1.0,1.0,0.7371625055749579,17,0,0,-1,,,
2d0517c112625a09,1,1.0,0,1.0,1.0,1.0,15,0,0,-1,,,
7af0e9b8a12056e8,1,1.0,0,1.0,1.0,0.9135052570390437,13,0,0,-1,,,
75b6813b1f4556ce,1,1.0,0,1.0,1.0,0.9825667474542548,13,0,0,-1,,,
d743862c9c555961,1,1.0,0,1.0,1.0,0.9354625071797781,13,0,0,-1,,,
eb1315c4860c5189,1,1.0,0,1.0,1.0,0.7702898541416593,10,0,0,-1,,,
a18d2b32f8415373,1,1.0,0,1.0,1.0,0.6294848741310831,8,0,0,-1,,,
a2e0d4dc100159a5,1,1.0,0,1.0,1.0,0.8771725125498898,8,0,0,-1,,,
fa919203c245502d,1,1.0,0,1.0,1.0,0.8652942528720228,28,0,0,-1,,,
6b97412307ad5c16,1,1.0,0,1.0,1.0,0.8646995998294548,28,0,0,-1,,,
9b7ffde4ab9c53a5,1,1.0,0,1.0,1.0,1.0,28,0,0,-1,,,
1dbaa3f0d0345e61,1,1.0,0,1.0,1.0,1.0,27,0,0,-1,,,
eed4abcb01455af9,1,1.0,0,1.0,1.0,1.0,27,0,0,-1,,,
db5d96563dcb5427,1,1.0,0,1.0,1.0,1.0,26,0,0,-1,,,
43c9ac6f2bf95da0,1,1.0,0,1.0,1.0,1.0,26,0,0,-1,,,
1550976459b45017,1,1.0,0,1.0,1.0,1.0,28,0,0,-1,,,
baa0c0c3397d5ed5,1,1.0,0,1.0,1.0,0.9525384812081317,27,0,0,-1,,,
5a907598a1985222,1,1.0,0,1.0,1.0,0.9500888032945327,24,0,0,-1,,,
ee95e29e1aec53e1,1,1.0,0,1.0,1.0,0.9212467367706072,23,0,0,-1,,,
9b2878b173fc5b04,1,1.0,0,1.0,1.0,0.9545532401777878,23,0,0,-1,,,
efbfc794e30f528f,1,1.0,0,1.0,1.0,0.922325882129587,21,0,0,-1,,,
0bbfb35740e25929,1,1.0,0,1.0,1.0,0.9537922285342244,20,0,0,-1,,,
ba9ec722d0e05e2c,1,1.0,0,1.0,1.0,0.9538389181125059,23,0,0,-1,,,
62d4c8dfdef65bc5,1,1.0,0,1.0,1.0,0.917185853293827,24,0,0,-1,,,
e1e4717862d25d42,1,1.0,0,1.0,1.0,0.903638988958711,14,0,0,-1,,,
956bda5985a559f1,1,1.0,0,1.0,1.0,0.9504132020486907,15,0,0,-1,,,
75ffe77189e95d43,1,1.0,0,1.0,1.0,0.9448171585326827,14,0,0,-1,,,
fe8eddd5ec8654cd,1,1.0,0,1.0,1.0,0.9398117615572935,14,0,0,-1,,,
50833a9c9b265db8,1,1.0,0,1.0,1.0,0.7170414014474572,14,0,0,-1,,,
1b5a55897d2950f9,1,1.0,0,1.0,1.0,0.9184225428723778,15,0,0,-1,,,
8239fb2f8d705dea,1,1.0,0,1.0,1.0,0.903670661509041,17,0,0,-1,,,
be63913f07ee5245,1,1.0,0,1.0,1.0,0.896230297853679,19,0,0,-1,,,
f69367f756605199,1,1.0,0,1.0,1.0,1.0,29,0,0,-1,,,
948e3c9e26805b86,1,1.0,0,1.0,1.0,0.9709578187324589,31,0,0,-1,,,
f6268af57ef35a2b,1,0.0,1,0.0,1.0,0.0,22,1,0,7,VEHICLE,7,29.0
1c7bdbbc34c853bf,1,1.0,0,1.0,1.0,1.0,20,0,0,-1,,,
580a10ad9ad55a5d,1,1.0,0,1.0,1.0,0.5925249066124314,23,0,0,-1,,,
bae779013dfe5537,1,1.0,0,1.0,1.0,0.5972552557811779,23,0,0,-1,,,
63c1254fe8ef5145,1,1.0,0,1.0,1.0,0.6203994682304087,25,0,0,-1,,,
b02bf210eda55579,1,1.0,0,1.0,1.0,1.0,28,0,0,-1,,,
84a6ca68a66e536a,1,1.0,0,1.0,1.0,1.0,23,0,0,-1,,,
700cac410af95cc4,1,1.0,0,1.0,1.0,1.0,24,0,0,-1,,,
387bb49da88353dc,1,1.0,0,1.0,1.0,1.0,27,0,0,-1,,,
f9bd532e790f53ea,1,1.0,0,1.0,1.0,1.0,25,0,0,-1,,,
0b4a7c2ba59e5a8c,1,1.0,0,1.0,1.0,0.994360956875413,31,0,0,-1,,,
b2eba34ff4c359cc,1,1.0,0,1.0,1.0,1.0,32,0,0,-1,,,
e801c47d97b95978,1,1.0,0,1.0,1.0,1.0,33,0,0,-1,,,
d33c6db306f35ef9,1,1.0,0,1.0,1.0,1.0,25,0,0,-1,,,
bc1a3b9fa4ca5000,1,1.0,0,1.0,1.0,1.0,46,0,0,-1,,,
7217a95078bf52f2,1,1.0,0,1.0,1.0,0.8940505768595077,29,0,0,-1,,,
0f78a616bdcd55ab,1,1.0,0,1.0,1.0,0.8955034526083235,28,0,0,-1,,,
213c18fea71457d2,1,1.0,0,1.0,1.0,0.8913503547584803,27,0,0,-1,,,
0efc84a20a7d5b07,1,1.0,0,1.0,1.0,0.685944391847025,25,0,0,-1,,,
082381ecf93c57d6,1,1.0,0,1.0,1.0,0.8521465958511384,24,0,0,-1,,,
fb26a29303d1507e,1,1.0,0,1.0,1.0,0.8028450395664756,20,0,0,-1,,,
3632fd6cd4295719,1,1.0,0,1.0,1.0,0.8495116260446413,21,0,0,-1,,,
f28cb1d6c0cf568f,1,1.0,0,1.0,1.0,0.9251483495929879,26,0,0,-1,,,
ac140df715d5573b,1,1.0,0,1.0,1.0,0.9256954396125,28,0,0,-1,,,
c21ec33e15b458a1,1,1.0,0,1.0,1.0,0.9266012750902327,28,0,0,-1,,,
ee0e03f19a735d67,1,1.0,0,1.0,1.0,0.9263703306537963,26,0,0,-1,,,
6268acf58d415ae8,1,1.0,0,1.0,1.0,0.8999456582167707,24,0,0,-1,,,
1a775d7198a654e0,1,1.0,0,1.0,1.0,0.9009447526411843,23,0,0,-1,,,
b60f0f172ace5051,1,1.0,0,1.0,1.0,0.8765497294319567,23,0,0,-1,,,
055417b420d5598f,1,1.0,0,1.0,1.0,0.8822532181223623,17,0,0,-1,,,
fb8f21990ffb52d5,1,1.0,0,1.0,1.0,0.9276205606832822,28,0,0,-1,,,
0df213c579225af6,1,1.0,0,1.0,1.0,0.932525136698339,27,0,0,-1,,,
27f3c1e778bf5748,1,1.0,0,1.0,1.0,0.957483444628053,27,0,0,-1,,,
4e1193a7697853ba,1,1.0,0,1.0,1.0,0.9516438725412604,27,0,0,-1,,,
5b4cbfe57b9b524b,1,1.0,0,1.0,1.0,0.957437201228664,28,0,0,-1,,,
aff9661937e85b81,1,1.0,0,1.0,1.0,0.9015493085191092,27,0,0,-1,,,
629ad0d696ed5a25,1,1.0,0,1.0,1.0,0.9558039784881963,26,0,0,-1,,,
c9459a7641335bba,1,1.0,0,1.0,1.0,1.0,27,0,0,-1,,,
c64ddb8e7b675aa3,1,1.0,0,1.0,1.0,0.8014041270772081,22,0,0,-1,,,
50dac69523a15131,1,1.0,0,1.0,1.0,0.9149802252405794,21,0,0,-1,,,
eefe691a7cbb55c8,1,1.0,0,1.0,1.0,0.971373261671428,22,0,0,-1,,,
1961d1075a085a1d,1,1.0,0,1.0,1.0,0.9987393723387422,22,0,0,-1,,,
1e858b49f4a95ee8,1,1.0,0,1.0,1.0,1.0,68,0,0,-1,,,
1fe5f6af95e15489,1,1.0,0,1.0,1.0,0.7324322475899118,65,0,0,-1,,,
6a090fe8d71a5f38,1,1.0,0,1.0,1.0,0.7883736714741274,67,0,0,-1,,,
ee88f3dfa73a5f65,1,1.0,0,1.0,1.0,0.9885139222108119,68,0,0,-1,,,
8043aa566aa45878,1,1.0,0,1.0,1.0,0.9181529700780461,22,0,0,-1,,,
923b8c36b7995ade,1,1.0,0,1.0,1.0,0.9091820806631086,29,0,0,-1,,,
9587d6ea0a8e518f,1,1.0,0,1.0,1.0,0.924228114704326,30,0,0,-1,,,
cd0a001eb97a5c88,1,1.0,0,1.0,1.0,0.7581373615280725,43,0,0,-1,,,
d9d78961c83a5acb,1,1.0,0,1.0,1.0,0.8418312716983253,47,0,0,-1,,,
255c8b9b215458f9,1,1.0,0,1.0,1.0,0.9143714200434959,46,0,0,-1,,,
88518b03093d5036,1,1.0,0,1.0,1.0,0.9838393108429561,44,0,0,-1,,,
bce567be125d523e,1,1.0,0,1.0,1.0,1.0,45,0,0,-1,,,
a4f48656cf78572a,1,1.0,0,1.0,1.0,0.8703049502776041,30,0,0,-1,,,
51a80bf5fd575fa2,1,1.0,0,1.0,1.0,0.8899546478745378,29,0,0,-1,,,
ffe848c5ab4e5b30,1,1.0,0,1.0,1.0,0.9062595286500633,29,0,0,-1,,,
c099ebaef4c251d6,1,1.0,0,1.0,1.0,0.9215144838309511,28,0,0,-1,,,
9bd3994107ba52bc,1,1.0,0,1.0,1.0,0.9205656819944683,27,0,0,-1,,,
bf4fdfa51e215217,1,1.0,0,1.0,1.0,0.9158720103579133,32,0,0,-1,,,
3493d0184aea5ee8,1,1.0,0,1.0,1.0,0.9251553596320793,33,0,0,-1,,,
48e14ad3c65c5156,1,1.0,0,1.0,1.0,0.9202963452202716,33,0,0,-1,,,
52fb49766a14554c,1,1.0,0,1.0,1.0,0.757359248994328,66,0,0,-1,,,
7767ce3fbd5f5f50,1,1.0,0,1.0,1.0,0.964778616701441,54,0,0,-1,,,
ef65f88fc1a55fdc,1,1.0,0,1.0,1.0,0.9907064084311532,54,0,0,-1,,,
cc7afdc5a1e95b5a,1,1.0,0,1.0,1.0,0.9297414380179703,54,0,0,-1,,,
4745746f9a555951,1,1.0,0,1.0,1.0,0.97975737127441,51,0,0,-1,,,
af064082155f5dc0,1,1.0,0,1.0,1.0,0.9881037785469021,56,0,0,-1,,,
38d08753fa4651c2,1,1.0,0,1.0,1.0,0.968305011472235,57,0,0,-1,,,
d20a475e7b1956bf,1,1.0,0,1.0,1.0,1.0,57,0,0,-1,,,
822d92ab3f13502b,1,1.0,0,0.0,1.0,0.5833333333333334,62,0,0,-1,,,
b9aa102f4d7b5751,1,1.0,0,1.0,1.0,0.9673391796864294,59,0,0,-1,,,
b7ec6bbfa73a52e5,1,1.0,0,1.0,1.0,1.0,58,0,0,-1,,,
077c80ecaed0548f,1,1.0,0,1.0,1.0,0.7726566694870761,63,0,0,-1,,,
c4e78f6c6fbc5ebe,1,1.0,0,1.0,1.0,0.8319698183395938,65,0,0,-1,,,
d382617fe91a5c5d,1,1.0,0,1.0,1.0,1.0,67,0,0,-1,,,
814e85810b7757bb,1,1.0,0,1.0,1.0,0.9961771494783812,73,0,0,-1,,,
fe3a1294722e5e1e,1,1.0,0,1.0,1.0,1.0,73,0,0,-1,,,
d4d21ecb8e4058e8,1,1.0,0,1.0,1.0,0.806398091644645,58,0,0,-1,,,
9861c0473b505895,1,1.0,0,1.0,1.0,0.8045643958243449,59,0,0,-1,,,
78e3ba9d36dc59a0,1,1.0,0,1.0,1.0,0.74674687109601,60,0,0,-1,,,
77c3cf2f4a1a5f31,1,1.0,0,1.0,1.0,0.7257965486255227,59,0,0,-1,,,
5667135252dd528a,1,1.0,0,1.0,1.0,0.7847142601074801,59,0,0,-1,,,
81a726148d245594,1,1.0,0,1.0,1.0,1.0,61,0,0,-1,,,
1ce94ab175d8507a,1,1.0,0,1.0,1.0,0.9529122873368016,63,0,0,-1,,,
9a5799ace9455841,1,1.0,0,1.0,1.0,1.0,66,0,0,-1,,,
45d77984273c5205,1,1.0,0,1.0,1.0,1.0,55,0,0,-1,,,
2f1653c3481b50f1,1,1.0,0,1.0,1.0,1.0,55,0,0,-1,,,
28a4a08f11a05407,1,1.0,0,1.0,1.0,1.0,70,0,0,-1,,,
32e5d7e804c65214,1,1.0,0,1.0,1.0,0.8651166609350165,71,0,0,-1,,,
a899eed59bf85d84,1,1.0,0,1.0,1.0,0.8783973089537452,74,0,0,-1,,,
7c8dfd86366157b2,1,1.0,0,1.0,1.0,0.9085912809278941,78,0,0,-1,,,
36037c6abc0558dc,1,1.0,0,1.0,1.0,0.9211601919785388,79,0,0,-1,,,
1c044069a36c5d4b,1,1.0,0,1.0,1.0,0.8928579214411682,83,0,0,-1,,,
ea3b45489faf5c70,1,1.0,0,1.0,1.0,0.8594908846793005,14,0,0,-1,,,
abcbb3c7020550c5,1,1.0,0,1.0,1.0,0.8845404598656682,16,0,0,-1,,,
b8e377d0f7b95014,1,1.0,0,1.0,1.0,0.8376105001138856,15,0,0,-1,,,
be709e9a5d085f75,1,1.0,0,1.0,1.0,0.7326274671996794,17,0,0,-1,,,
c82bebed0dac5691,1,1.0,0,1.0,1.0,0.9758470741552685,17,0,0,-1,,,
595909c413ac56dd,1,1.0,0,1.0,1.0,0.715357033771653,17,0,0,-1,,,
d84b338d48335e67,1,1.0,0,1.0,1.0,0.7669557865567738,17,0,0,-1,,,
1f7fe5fcd7965b1c,1,1.0,0,1.0,1.0,0.8743645665575195,16,0,0,-1,,,
e8e01645fcde5b8e,1,1.0,0,1.0,1.0,0.8688735877656422,22,0,0,-1,,,
daa09f8522125950,1,1.0,0,1.0,1.0,1.0,23,0,0,-1,,,
a4525819e5c25936,1,1.0,0,1.0,1.0,1.0,23,0,0,-1,,,
73aaa82bd3bb596c,1,1.0,0,1.0,1.0,1.0,24,0,0,-1,,,
86018dbae1485c1c,1,1.0,0,1.0,1.0,1.0,23,0,0,-1,,,
50142143082f5c0e,1,1.0,0,1.0,1.0,1.0,24,0,0,-1,,,
85ab290d4e535060,1,1.0,0,1.0,1.0,1.0,30,0,0,-1,,,
51586a8c23a4569a,1,1.0,0,1.0,1.0,1.0,28,0,0,-1,,,
1e6597b57a335949,1,1.0,0,1.0,1.0,1.0,69,0,0,-1,,,
44cc84f91c6b5bf5,1,1.0,0,1.0,1.0,1.0,70,0,0,-1,,,
826b4daba60a5648,1,1.0,0,1.0,1.0,0.6003466205564322,46,0,0,-1,,,
17296f6032025ecc,1,1.0,0,1.0,1.0,0.602790030366454,46,0,0,-1,,,
80fb7c16b92856a3,1,1.0,0,1.0,1.0,0.6160864176300946,45,0,0,-1,,,
7c541724eabb537a,1,1.0,0,1.0,1.0,0.7836473656654147,44,0,0,-1,,,
bc2fe3314b345c63,1,1.0,0,1.0,1.0,0.8694347734185834,43,0,0,-1,,,
a294ae1045875e02,1,1.0,0,1.0,1.0,0.8182641208958668,45,0,0,-1,,,
562e11865ef75220,1,1.0,0,1.0,1.0,0.9617305481083246,19,0,0,-1,,,
08b1894421c455ed,1,1.0,0,1.0,1.0,1.0,18,0,0,-1,,,
b1520b6af9705191,1,1.0,0,1.0,1.0,0.903758956385473,21,0,0,-1,,,
c6724cca6a1559a1,1,1.0,0,1.0,1.0,0.7893936778154983,26,0,0,-1,,,
7155820d49975164,1,1.0,0,1.0,1.0,0.9741645506919969,27,0,0,-1,,,
e85416da86d4567f,1,1.0,0,1.0,1.0,0.8964240329124927,24,0,0,-1,,,
4668c53b54255008,1,1.0,0,1.0,1.0,0.8960661251228497,23,0,0,-1,,,
49454db3d9ef54a1,1,1.0,0,1.0,1.0,0.8951445095352414,26,0,0,-1,,,
21fb4d702ea85f63,1,1.0,0,1.0,1.0,0.8932718237890808,22,0,0,-1,,,
51e74fb3d9945768,1,1.0,0,1.0,1.0,0.8989338032419395,20,0,0,-1,,,
ae643fddc1195062,1,1.0,0,1.0,1.0,1.0,22,0,0,-1,,,
9bb8633f7c0157fb,1,1.0,0,1.0,1.0,0.9143575682521975,21,0,0,-1,,,
93eb75a6d0fc5db4,1,1.0,0,1.0,1.0,0.9173587016154512,20,0,0,-1,,,
bd77aab92bda5261,1,1.0,0,1.0,1.0,0.9101417418901581,18,0,0,-1,,,
e43d7861387c59f2,1,1.0,0,1.0,1.0,0.8969200040917436,20,0,0,-1,,,
90fa31af769c5e8d,1,1.0,0,1.0,1.0,0.8824994772655037,23,0,0,-1,,,
0bf961d076bc5a15,1,1.0,0,1.0,1.0,0.9568426792405234,59,0,0,-1,,,
247ae110b0c454cb,1,1.0,0,1.0,1.0,0.8766866253909913,57,0,0,-1,,,
3d34ef81b357566e,1,1.0,0,1.0,1.0,0.849709280474055,54,0,0,-1,,,
354ac12e8832565a,1,1.0,0,1.0,1.0,0.8556285067395958,52,0,0,-1,,,
75811dfc02ce59f7,1,1.0,0,1.0,1.0,0.8313854849605259,52,0,0,-1,,,
f5c9c516bf7a5ce8,1,1.0,0,1.0,1.0,1.0,53,0,0,-1,,,
a2b2c80a9db75f5f,1,1.0,0,1.0,1.0,1.0,54,0,0,-1,,,
e253ff0b4fd758cc,1,1.0,0,1.0,1.0,1.0,55,0,0,-1,,,
c41d82a41da35d8d,1,0.0,1,0.0,1.0,0.0,31,1,0,13,VEHICLE,13,33.4
3b36add3be02517e,1,1.0,0,0.0,1.0,0.49911094922450916,36,0,0,-1,,,
1677503060a95d4a,1,1.0,0,0.0,1.0,0.498995830901487,35,0,0,-1,,,
d151cc1bccd958d3,1,1.0,0,0.0,1.0,0.5013959548743049,36,0,0,-1,,,
15dd65ee730d54d4,1,1.0,0,1.0,1.0,0.9229835874597897,36,0,0,-1,,,
967b41c4778d5aac,1,1.0,0,1.0,1.0,0.9312224132471187,30,0,0,-1,,,
c672b42254b3556d,1,1.0,0,1.0,1.0,0.9228793160908418,31,0,0,-1,,,
350a93fe67645bf1,1,1.0,0,1.0,1.0,0.9261630053727999,32,0,0,-1,,,
5f09264f730f5366,1,1.0,0,1.0,1.0,1.0,30,0,0,-1,,,
5233faf7f9935f97,1,1.0,0,1.0,1.0,0.9803453339226067,31,0,0,-1,,,
01314f10793f5ad7,1,1.0,0,1.0,1.0,0.9692564031334202,33,0,0,-1,,,
c9c7f9354f935514,1,1.0,0,1.0,1.0,0.9230759046284032,30,0,0,-1,,,
6e0a467af0205f04,1,1.0,0,1.0,1.0,0.8976125629301723,29,0,0,-1,,,
148188e5281e53cd,1,1.0,0,1.0,1.0,0.9220633734348885,29,0,0,-1,,,
9dfb79c738b155b4,1,1.0,0,1.0,1.0,0.9064790767910882,29,0,0,-1,,,
65871def84015af2,1,1.0,0,1.0,1.0,0.9327735163581087,28,0,0,-1,,,
29d075e26b5156fc,1,1.0,0,1.0,1.0,1.0,28,0,0,-1,,,
5b1a620dcd675298,1,1.0,0,1.0,1.0,1.0,27,0,0,-1,,,
1290e3066cbc5397,1,1.0,0,1.0,1.0,1.0,25,0,0,-1,,,
784ddfd058865dcb,1,1.0,0,1.0,1.0,0.9462688358519,28,0,0,-1,,,
9551ef5e14315cc0,1,1.0,0,1.0,1.0,0.9575136701317241,29,0,0,-1,,,
2b052ebbd7ec543b,1,1.0,0,1.0,1.0,0.8452387753611834,29,0,0,-1,,,
66ccc68c8f755683,1,1.0,0,1.0,1.0,1.0,26,0,0,-1,,,
42a20478abeb54d5,1,1.0,0,1.0,1.0,1.0,27,0,0,-1,,,
ac5bcee811565a00,1,1.0,0,0.0,1.0,0.5833333333333334,83,0,0,-1,,,
de64687e89f25285,1,1.0,0,1.0,1.0,0.7679956596416186,76,0,0,-1,,,
95fa228136aa55d1,1,1.0,0,1.0,1.0,0.7960886072372403,72,0,0,-1,,,
4384cab8593f505e,1,1.0,0,1.0,1.0,0.9184023567014258,73,0,0,-1,,,
c30bc48417bf5354,1,1.0,0,1.0,1.0,0.9238005259688095,65,0,0,-1,,,
6b6afd7690245e14,1,1.0,0,1.0,1.0,0.9127058304874675,64,0,0,-1,,,
f8ec4186e4f15c8f,1,1.0,0,1.0,1.0,1.0,51,0,0,-1,,,
820e9a9314405b62,1,1.0,0,1.0,1.0,1.0,52,0,0,-1,,,
4f50d7c22352505e,1,1.0,0,1.0,1.0,0.9013111850063452,27,0,0,-1,,,
f72d2f080fe35910,1,1.0,0,1.0,1.0,0.8818797067559284,26,0,0,-1,,,
09a0456056555b0a,1,1.0,0,1.0,1.0,0.8784138862269012,24,0,0,-1,,,
2360cd7b0fd85480,1,1.0,0,1.0,1.0,1.0,24,0,0,-1,,,
bcdaa4a47f925ebb,1,1.0,0,1.0,1.0,1.0,24,0,0,-1,,,
7dc47eb4f41e523d,1,1.0,0,1.0,1.0,1.0,23,0,0,-1,,,
c35f0df7bfdb5140,1,1.0,0,1.0,1.0,1.0,24,0,0,-1,,,
1766fa78fd10576e,1,1.0,0,1.0,1.0,1.0,25,0,0,-1,,,
ad898232cb525d5f,1,1.0,0,1.0,1.0,0.8263932307462087,52,0,0,-1,,,
c7215f0ccee350f8,1,1.0,0,1.0,1.0,0.8752730388973239,53,0,0,-1,,,
3eaf6c916382509b,1,1.0,0,1.0,1.0,0.8537378684349641,54,0,0,-1,,,
0d77009a20f25175,1,1.0,0,1.0,1.0,0.8354661407520872,58,0,0,-1,,,
961138ed0ca9525b,1,1.0,0,1.0,1.0,0.8197848424044304,61,0,0,-1,,,
b8bd18a1ccf45918,1,1.0,0,1.0,1.0,0.8171193256393691,63,0,0,-1,,,
a3d10c0a5a835300,1,1.0,0,1.0,1.0,0.8085873643319891,21,0,0,-1,,,
5239e2cfe006568b,1,1.0,0,1.0,1.0,0.9726141306776869,21,0,0,-1,,,
595596a88cce5c9d,1,1.0,0,1.0,1.0,0.9232211170976062,65,0,0,-1,,,
a5b24b47fef85a1b,1,1.0,0,1.0,1.0,0.9463910234780489,65,0,0,-1,,,
bf7e92340c6454a2,1,1.0,0,1.0,1.0,0.910304631930145,66,0,0,-1,,,
15f703b63e545d42,1,1.0,0,1.0,1.0,0.8967916547289492,63,0,0,-1,,,
76e0272a57f55674,1,1.0,0,1.0,1.0,0.8994847011770023,59,0,0,-1,,,
7cdcf11e211759cf,1,1.0,0,1.0,1.0,0.9100952005910367,64,0,0,-1,,,
21d6b11a81755b6d,1,1.0,0,1.0,1.0,0.9019484663668832,65,0,0,-1,,,
bca16f667139563e,1,1.0,0,1.0,1.0,0.8870705035073692,67,0,0,-1,,,
7aed9edff97256c0,1,1.0,0,1.0,1.0,0.9599895956192029,30,0,0,-1,,,
e631898f3f38551c,1,1.0,0,1.0,1.0,0.9497727637848633,30,0,0,-1,,,
a8d4a3fc503c5f83,1,1.0,0,1.0,1.0,0.9633102239670072,29,0,0,-1,,,
bf23bdc36a8050f5,1,1.0,0,1.0,1.0,0.9708584948161949,30,0,0,-1,,,
d870256a3b185659,1,1.0,0,1.0,1.0,0.9500937014002311,32,0,0,-1,,,
4c9e695fc66c583a,1,1.0,0,0.0,1.0,0.5263720531188986,32,0,0,-1,,,
78cfb731b49c5aed,1,1.0,0,0.0,1.0,0.5030289384939101,31,0,0,-1,,,
f1bd1724d07957cc,1,1.0,0,0.0,1.0,0.5833333333333334,31,0,0,-1,,,
77919997d5c352d8,1,1.0,0,1.0,1.0,0.9927335791285978,49,0,0,-1,,,
d57d041213c554d3,1,1.0,0,1.0,1.0,1.0,47,0,0,-1,,,
3c7c1b09e9625732,1,1.0,0,1.0,1.0,0.9374458854448126,44,0,0,-1,,,
0e7f7322726f5b86,1,1.0,0,1.0,1.0,0.955212076409438,47,0,0,-1,,,
7686d88b5ae4513e,1,1.0,0,1.0,1.0,0.9782430570080906,49,0,0,-1,,,
58911c0c8e3f5906,1,1.0,0,1.0,1.0,0.9338197767764259,52,0,0,-1,,,
f2033bf66332541b,1,1.0,0,1.0,1.0,0.959531744784341,49,0,0,-1,,,
d925879cb467504c,1,1.0,0,1.0,1.0,1.0,48,0,0,-1,,,
9d74f6f9b0a25c90,1,1.0,0,1.0,1.0,0.9711563693701245,64,0,0,-1,,,
34a2cb9790ae53f3,1,1.0,0,1.0,1.0,0.9362002166816558,62,0,0,-1,,,
134221cd9f46577f,1,1.0,0,1.0,1.0,0.9461797033473713,56,0,0,-1,,,
84aade0568085ba5,1,1.0,0,1.0,1.0,0.9027036023371674,60,0,0,-1,,,
efb0bd5e26305e5b,1,1.0,0,1.0,1.0,0.8955574519933958,55,0,0,-1,,,
238955ab60075940,1,1.0,0,1.0,1.0,0.9026947638774034,53,0,0,-1,,,
cb10eedc602a59ab,1,1.0,0,1.0,1.0,1.0,52,0,0,-1,,,
55b7f0c50f4a5157,1,1.0,0,1.0,1.0,1.0,50,0,0,-1,,,
ee53e7213c995a0b,1,1.0,0,1.0,1.0,1.0,67,0,0,-1,,,
dd393ea6b72059c3,1,1.0,0,1.0,1.0,1.0,70,0,0,-1,,,
e95b2a30d9f456e2,1,1.0,0,1.0,1.0,1.0,69,0,0,-1,,,
fb73ca8c7d5f5d34,1,1.0,0,1.0,1.0,1.0,68,0,0,-1,,,
14c000d2a271534a,1,1.0,0,1.0,1.0,1.0,70,0,0,-1,,,
0abc30416c5a59cd,1,1.0,0,1.0,1.0,0.8480402999522741,71,0,0,-1,,,
5f70e91ff9d250f5,1,1.0,0,1.0,1.0,0.7881097501365849,71,0,0,-1,,,
3c93ac00b682563d,1,1.0,0,1.0,1.0,0.9056647107579247,71,0,0,-1,,,
396a8c19c4ac58f3,1,1.0,0,1.0,1.0,1.0,24,0,0,-1,,,
43311faf65e25505,1,1.0,0,1.0,1.0,1.0,22,0,0,-1,,,
dd282698a1cf543e,1,1.0,0,1.0,1.0,1.0,27,0,0,-1,,,
551867c095c35991,1,1.0,0,1.0,1.0,1.0,26,0,0,-1,,,
0777f5a7263758be,1,1.0,0,1.0,1.0,1.0,20,0,0,-1,,,
81e5ddc060675e0b,1,1.0,0,1.0,1.0,1.0,21,0,0,-1,,,
1139adeebbbe5d34,1,1.0,0,1.0,1.0,0.9277256223430657,24,0,0,-1,,,
6b7e5348100b5572,1,1.0,0,1.0,1.0,1.0,24,0,0,-1,,,
1b18327179f15a8f,1,1.0,0,1.0,1.0,0.927846408544077,66,0,0,-1,,,
a61b9afbe5d857b1,1,1.0,0,1.0,1.0,0.8813690756448559,66,0,0,-1,,,
6394162caa7c5821,1,1.0,0,1.0,1.0,0.8029782104814407,65,0,0,-1,,,
8b3bd35b8b945918,1,1.0,0,1.0,1.0,0.8703096256628324,63,0,0,-1,,,
9147a0ae2bf751c8,1,1.0,0,1.0,1.0,0.9019732447253058,61,0,0,-1,,,
03aa8a0576a25b63,1,1.0,0,1.0,1.0,0.880804479731706,62,0,0,-1,,,
2f5ae1e4cf9d59fa,1,1.0,0,1.0,1.0,0.865196718251009,62,0,0,-1,,,
8f1247f8436c5208,1,1.0,0,1.0,1.0,0.9633319757731917,51,0,0,-1,,,
a4717050e0c05d1e,1,1.0,0,1.0,1.0,0.9011291571171829,68,0,0,-1,,,
74308c04628b5879,1,1.0,0,1.0,1.0,0.9037065573259616,70,0,0,-1,,,
4417a92b5b1956b8,1,1.0,0,1.0,1.0,0.8901688125700629,70,0,0,-1,,,
81f1c631c7325b0f,1,1.0,0,1.0,1.0,0.7597493042883473,71,0,0,-1,,,
c1e76b8992fa5182,1,1.0,0,1.0,1.0,0.7687312795293993,80,0,0,-1,,,
3b10bf025bd65e4b,1,1.0,0,1.0,1.0,1.0,70,0,0,-1,,,
a5977f7fb4fd5386,1,1.0,0,1.0,1.0,1.0,75,0,0,-1,,,
4bbfb5ec60205e63,1,1.0,0,1.0,1.0,1.0,72,0,0,-1,,,
89ad209b83755848,1,1.0,0,1.0,1.0,0.9407877558902022,36,0,0,-1,,,
9a1762340f11542c,1,1.0,0,1.0,1.0,0.9457015518763243,35,0,0,-1,,,
5c786c10eb7f57da,1,1.0,0,1.0,1.0,0.9437759241424729,34,0,0,-1,,,
6fee6df4d64b5d9d,1,1.0,0,1.0,1.0,0.965015042699097,37,0,0,-1,,,
241098fe619c5de0,1,1.0,0,1.0,1.0,0.9652240021015764,36,0,0,-1,,,
b814c5b773165d87,1,1.0,0,1.0,1.0,0.9017175092344152,34,0,0,-1,,,
1935e5d682ff5981,1,1.0,0,1.0,1.0,0.9006913465775627,38,0,0,-1,,,
ea1c363c888b59c7,1,1.0,0,1.0,1.0,0.9049822038749801,37,0,0,-1,,,
58ba738c8dd15d55,1,1.0,0,1.0,1.0,0.6846873492402114,74,0,0,-1,,,
44f758bf2bee53ce,1,1.0,0,0.0,1.0,0.2882651856358936,75,0,0,-1,,,
c3907cc0d2ed5600,1,1.0,0,0.0,1.0,0.27619370582750286,77,0,0,-1,,,
2c29f40d1a1d5b28,1,1.0,0,0.0,1.0,0.282845045785757,80,0,0,-1,,,
4dd9d92ade255f95,1,1.0,0,1.0,0.0,0.0,78,0,0,-1,,,
f93a7b7a8fe95c6f,1,1.0,0,1.0,0.0,0.0,76,0,0,-1,,,
ea492662cb205db2,1,1.0,0,1.0,1.0,0.7587708410635884,73,0,0,-1,,,
bddb70b4743352ce,1,1.0,0,1.0,1.0,1.0,66,0,0,-1,,,
54bf100910bc5b10,1,1.0,0,1.0,1.0,1.0,28,0,0,-1,,,
6451d6a270c75f58,1,1.0,0,1.0,1.0,1.0,46,0,0,-1,,,
353a7c23eed25597,1,1.0,0,1.0,1.0,1.0,48,0,0,-1,,,
578a5ef598b9521f,1,1.0,0,1.0,1.0,1.0,52,0,0,-1,,,
17329d8654895534,1,1.0,0,1.0,1.0,0.8429049829714365,52,0,0,-1,,,
a2047f9cb3865b75,1,1.0,0,1.0,1.0,0.8344905879211223,64,0,0,-1,,,
005f87dd980253a5,1,1.0,0,1.0,1.0,0.854898368949602,65,0,0,-1,,,
ea8ce810e307587d,1,1.0,0,1.0,1.0,0.8630116501384814,67,0,0,-1,,,
7d664c7260d45737,1,1.0,0,1.0,1.0,0.942044865674514,49,0,0,-1,,,
16a1dfd2dcae512b,1,1.0,0,1.0,1.0,0.9574420284924209,44,0,0,-1,,,
334c241ababf57ae,1,1.0,0,1.0,1.0,0.9405389198642061,42,0,0,-1,,,
61530f7ee9945c70,1,1.0,0,1.0,1.0,0.9460747126429355,41,0,0,-1,,,
b5e2d8766c6d51b2,1,1.0,0,1.0,1.0,0.9591640719993814,39,0,0,-1,,,
2ccb0b6871c9515c,1,1.0,0,1.0,1.0,0.9483063721978059,38,0,0,-1,,,
059912706b0758dc,1,1.0,0,1.0,1.0,0.9510972304289732,35,0,0,-1,,,
5f2fff93dc3356d6,1,1.0,0,1.0,1.0,0.9445364428325483,36,0,0,-1,,,
ba62104a517e5a9b,1,1.0,0,1.0,1.0,1.0,68,0,0,-1,,,
b7620d238eaf5023,1,1.0,0,1.0,1.0,0.729738839305381,72,0,0,-1,,,
4ae996307c6d5733,1,1.0,0,1.0,1.0,0.8349010225160414,68,0,0,-1,,,
45224683225b5617,1,1.0,0,1.0,1.0,0.8409323103013916,67,0,0,-1,,,
30765e467f6c5947,1,1.0,0,1.0,1.0,1.0,70,0,0,-1,,,
07064359a6215354,1,1.0,0,1.0,1.0,0.969621545647649,71,0,0,-1,,,
038e954a77a95537,1,1.0,0,1.0,1.0,1.0,73,0,0,-1,,,
df36523fdaeb5882,1,1.0,0,1.0,1.0,0.9944860071292542,75,0,0,-1,,,
60a317c40ae656c0,1,1.0,0,1.0,1.0,1.0,52,0,0,-1,,,
da03ba74198a524b,1,1.0,0,1.0,1.0,1.0,51,0,0,-1,,,
d3d9e16508ae5756,1,1.0,0,1.0,1.0,0.8757887688407869,52,0,0,-1,,,
1afdce6720e45022,1,1.0,0,1.0,1.0,0.8648561648939955,53,0,0,-1,,,
9d1d720d0e2e511e,1,1.0,0,1.0,1.0,0.9320392853313896,62,0,0,-1,,,
e132b016eee85b16,1,1.0,0,1.0,1.0,0.9331835519847879,65,0,0,-1,,,
3a2875c07f035d2d,1,1.0,0,1.0,1.0,0.9631907027086798,66,0,0,-1,,,
7b13f467f23c5a2b,1,1.0,0,1.0,1.0,0.9978456018104915,65,0,0,-1,,,
aad72be88eab564c,1,1.0,0,1.0,1.0,0.9008233899343336,137,0,0,-1,,,
c5ff0a82eabb5b05,1,1.0,0,1.0,1.0,0.9066128508313588,134,0,0,-1,,,
bb6cf07ad4a350f6,1,1.0,0,1.0,1.0,0.9054457197894625,130,0,0,-1,,,
22a9516d643c5e4b,1,1.0,0,1.0,1.0,0.8398248365115778,132,0,0,-1,,,
812dd82ab5fb5742,1,1.0,0,1.0,1.0,0.8702892504615467,129,0,0,-1,,,
1a3569d56fbf5521,1,1.0,0,1.0,1.0,0.8242074429601277,130,0,0,-1,,,
ac0f18be77bd585c,1,1.0,0,1.0,1.0,0.8257081966736544,129,0,0,-1,,,
3e543e1eac325854,1,1.0,0,1.0,1.0,0.8368958981781952,129,0,0,-1,,,
3acfdef9ef305e77,1,1.0,0,1.0,1.0,0.7136146269574913,75,0,0,-1,,,
fee60d4bd08f550a,1,1.0,0,1.0,1.0,0.7831721192470056,76,0,0,-1,,,
f3532c4c4ad95b27,1,1.0,0,1.0,1.0,0.7348850451759752,76,0,0,-1,,,
05d6f076bdc855d1,1,1.0,0,1.0,1.0,0.8637912704728642,75,0,0,-1,,,
10657b4beeeb5461,1,1.0,0,1.0,1.0,0.7529336786852294,78,0,0,-1,,,
ab4015c25a66588a,1,1.0,0,1.0,1.0,0.9394485726879124,73,0,0,-1,,,
71031bf46f1b5cb8,1,1.0,0,1.0,1.0,0.9706400799814716,66,0,0,-1,,,
d14f03fdfc1d5d54,1,1.0,0,1.0,1.0,0.9552975369088159,59,0,0,-1,,,
8b3679b7c11d5ada,1,1.0,0,1.0,1.0,1.0,133,0,0,-1,,,
690fef019ad25dd6,1,1.0,0,1.0,1.0,1.0,136,0,0,-1,,,
2fb12c4c2eec5b8d,1,1.0,0,1.0,1.0,1.0,137,0,0,-1,,,
8eefb96f7e5f598e,1,1.0,0,1.0,1.0,0.9151012526548135,64,0,0,-1,,,
093362cabde15b52,1,1.0,0,1.0,1.0,0.9164477120635267,66,0,0,-1,,,
75aa8f2b9b6250e4,1,1.0,0,1.0,1.0,0.765594315470671,63,0,0,-1,,,
93c82496dc8e59c5,1,1.0,0,1.0,1.0,1.0,53,0,0,-1,,,
59c8fb57fe4058ea,1,1.0,0,1.0,1.0,0.9260606739337837,49,0,0,-1,,,
11356a48a75c5e31,1,1.0,0,1.0,1.0,1.0,57,0,0,-1,,,
89751620b3555ef8,1,1.0,0,1.0,1.0,1.0,128,0,0,-1,,,
7a61f0a7cbe15387,1,1.0,0,1.0,1.0,1.0,135,0,0,-1,,,
6d605a6595d75fa9,1,1.0,0,1.0,1.0,1.0,144,0,0,-1,,,
284fd1657c8659e1,1,1.0,0,1.0,1.0,1.0,145,0,0,-1,,,
ef89947a381a50bf,1,1.0,0,1.0,1.0,1.0,143,0,0,-1,,,
8ddef59113ee5c86,1,1.0,0,1.0,1.0,0.9860481543260026,147,0,0,-1,,,
2be1cc28e5af523e,1,1.0,0,1.0,1.0,1.0,140,0,0,-1,,,
cd2a694affd65d94,1,1.0,0,1.0,1.0,0.8271547225103948,127,0,0,-1,,,
e0307c8f17145414,1,1.0,0,1.0,1.0,0.8651075581160003,126,0,0,-1,,,
1074509550cc5bf8,1,1.0,0,1.0,1.0,0.8732851662757729,129,0,0,-1,,,
f5a9eba40a9055f3,1,1.0,0,1.0,1.0,1.0,132,0,0,-1,,,
fd11a0fc35cb52e4,1,1.0,0,1.0,1.0,1.0,129,0,0,-1,,,
b4561c216e6c5e21,1,1.0,0,1.0,1.0,1.0,127,0,0,-1,,,
3f87b5859c3c525a,1,1.0,0,1.0,1.0,1.0,123,0,0,-1,,,
60b5ba011ea65e68,1,1.0,0,1.0,1.0,0.8831143774261819,151,0,0,-1,,,
7bea1ee3e6bc584d,1,1.0,0,1.0,1.0,1.0,49,0,0,-1,,,
1ce148cba6f35d51,1,1.0,0,1.0,1.0,1.0,43,0,0,-1,,,
91d22882380a5e4b,1,1.0,0,1.0,1.0,1.0,53,0,0,-1,,,
9149c990800952c0,1,1.0,0,1.0,1.0,0.9592863016267762,53,0,0,-1,,,
e14f1ffbe6f856e8,1,1.0,0,1.0,1.0,0.8297026207660464,71,0,0,-1,,,
c59ff27cf18056b4,1,1.0,0,1.0,1.0,0.70276145759893,71,0,0,-1,,,
22af89102e0650b7,1,1.0,0,1.0,1.0,0.7045830527764655,72,0,0,-1,,,
8f5485a8338c5278,1,1.0,0,1.0,1.0,0.6997349029005133,76,0,0,-1,,,
ddd3fc0cf919567b,1,1.0,0,1.0,1.0,0.9200847012532188,74,0,0,-1,,,
1ecea4b911675b72,1,1.0,0,1.0,1.0,0.8307955487354287,137,0,0,-1,,,
e3ee2f8d1057557d,1,1.0,0,1.0,1.0,0.8493740223107128,138,0,0,-1,,,
e90b4ad6e7905adf,1,1.0,0,1.0,1.0,0.8548045561167709,143,0,0,-1,,,
b19f226d281e588a,1,1.0,0,1.0,1.0,0.8340288973516016,146,0,0,-1,,,
e6bdb406a21e55ba,1,1.0,0,1.0,1.0,1.0,121,0,0,-1,,,
152679f2edce5c73,1,1.0,0,1.0,1.0,0.9480246260256505,148,0,0,-1,,,
c1019bca7cd95123,1,1.0,0,1.0,1.0,0.7466867025812317,154,0,0,-1,,,
60b2a90a21b15e4a,1,1.0,0,1.0,1.0,1.0,62,0,0,-1,,,
ec574c9ae43e56a9,1,1.0,0,1.0,1.0,1.0,60,0,0,-1,,,
c11b8e3e58e857f6,1,1.0,0,1.0,1.0,1.0,57,0,0,-1,,,
f1f233f26fcf590b,1,1.0,0,1.0,1.0,1.0,60,0,0,-1,,,
88207b881eb5573c,1,1.0,0,1.0,1.0,1.0,59,0,0,-1,,,
43493f9be4735732,1,1.0,0,1.0,1.0,0.867279858118867,57,0,0,-1,,,
ecc5d9051f445174,1,1.0,0,1.0,1.0,0.8052234485127023,53,0,0,-1,,,
5b14b00087b051e3,1,1.0,0,1.0,1.0,0.9880455541729481,55,0,0,-1,,,
0497454a0d735bc1,1,1.0,0,1.0,1.0,0.8842959511885423,151,0,0,-1,,,
994c2c1c459b5cc8,1,1.0,0,1.0,1.0,0.8867094900597556,148,0,0,-1,,,
510e507046865b40,1,1.0,0,1.0,1.0,0.8727708719675119,149,0,0,-1,,,
fe61cae0e4ae5f1a,1,1.0,0,1.0,1.0,0.8564451116252565,148,0,0,-1,,,
71a5ed00dbe85089,1,1.0,0,1.0,1.0,0.844301091073552,143,0,0,-1,,,
0578756b879c55d0,1,1.0,0,1.0,1.0,1.0,135,0,0,-1,,,
3c93f87b0bb0561d,1,1.0,0,1.0,1.0,1.0,134,0,0,-1,,,
eef98aae7e42579d,1,1.0,0,1.0,1.0,1.0,132,0,0,-1,,,
717d8be0b970524e,1,1.0,0,1.0,1.0,1.0,381,0,0,-1,,,
6dca7faa6d145d77,1,1.0,0,1.0,1.0,0.8904405073274789,431,0,0,-1,,,
babd01c3694d5e18,1,1.0,0,1.0,1.0,0.9148223856463861,448,0,0,-1,,,
b1861baea30d54ef,1,1.0,0,1.0,1.0,0.9374381993631863,455,0,0,-1,,,
1cf4270132e35206,1,1.0,0,1.0,1.0,0.9284445961578122,467,0,0,-1,,,
3baab5739cb95408,1,1.0,0,1.0,1.0,0.923358253205795,477,0,0,-1,,,
4356c31443585d79,1,1.0,0,1.0,1.0,0.8935468942541999,496,0,0,-1,,,
192e92b5db4754a6,1,1.0,0,1.0,1.0,0.9005818635624383,505,0,0,-1,,,
6162cfa976a1521f,1,1.0,0,1.0,1.0,0.7732332157341193,153,0,0,-1,,,
06836a56443a572c,1,1.0,0,1.0,1.0,0.8104381693312966,156,0,0,-1,,,
53d3787367c75240,1,1.0,0,1.0,1.0,1.0,51,0,0,-1,,,
7b7ce3374d1e51dc,1,1.0,0,1.0,1.0,1.0,53,0,0,-1,,,
9b0b6d3472465b35,1,1.0,0,1.0,1.0,1.0,60,0,0,-1,,,
54d1762cf973535b,1,1.0,0,1.0,1.0,1.0,59,0,0,-1,,,
9fe281ced54b55b2,1,1.0,0,1.0,1.0,1.0,62,0,0,-1,,,
1a3c8066b86857b5,1,1.0,0,1.0,1.0,1.0,60,0,0,-1,,,
44f736cbb0365616,1,1.0,0,1.0,1.0,0.9674027465420494,419,0,0,-1,,,
350b10a4761e5c11,1,1.0,0,1.0,1.0,0.9710604120140979,405,0,0,-1,,,
c5f7658763815835,1,1.0,0,1.0,1.0,0.9697675475898193,377,0,0,-1,,,
6477761567345e00,1,1.0,0,1.0,1.0,0.9429381713969952,359,0,0,-1,,,
2d4d907377f35695,1,1.0,0,1.0,1.0,0.9066994352088438,143,0,0,-1,,,
9e898d5e24c1537e,1,1.0,0,1.0,1.0,0.9094363443764211,144,0,0,-1,,,
6770ba617cae540e,1,1.0,0,1.0,1.0,0.9059019154020623,146,0,0,-1,,,
f1002f2d240c514e,1,1.0,0,1.0,1.0,0.904788778668399,143,0,0,-1,,,
5e9e8c31277d5edc,1,1.0,0,1.0,1.0,1.0,140,0,0,-1,,,
d32754e8c47e5771,1,1.0,0,1.0,1.0,1.0,149,0,0,-1,,,
58b0a1db2a145780,1,1.0,0,1.0,1.0,0.9953961602143334,156,0,0,-1,,,
f038fc7ffdab5bad,1,1.0,0,1.0,1.0,1.0,199,0,0,-1,,,
e63c18e2bcfa5526,1,1.0,0,1.0,1.0,1.0,229,0,0,-1,,,
23ee145aa4de582b,1,1.0,0,1.0,1.0,1.0,318,0,0,-1,,,
a0b3a3b623235a49,1,1.0,0,1.0,1.0,1.0,326,0,0,-1,,,
29be20efdac25f74,1,1.0,0,1.0,1.0,1.0,363,0,0,-1,,,
30b35ae958ee5bae,1,1.0,0,1.0,1.0,0.9301746805065559,172,0,0,-1,,,
9ce9ec5a49b1568d,1,1.0,0,1.0,1.0,0.9305515166330128,173,0,0,-1,,,
59127196fe025553,1,1.0,0,1.0,1.0,1.0,168,0,0,-1,,,
0590bd1f5b2057f2,1,1.0,0,1.0,1.0,1.0,165,0,0,-1,,,
64a417561b53530f,1,1.0,0,1.0,1.0,1.0,169,0,0,-1,,,
b4d8ee8da1c153f9,1,1.0,0,1.0,1.0,0.8843795107268401,172,0,0,-1,,,
c1cc5d15c3f554e3,1,1.0,0,1.0,1.0,1.0,173,0,0,-1,,,
96588474ccef5f60,1,1.0,0,1.0,1.0,1.0,166,0,0,-1,,,
ef9d931830115c03,1,1.0,0,1.0,1.0,1.0,177,0,0,-1,,,
e5d133c0ed5b51f6,1,1.0,0,1.0,1.0,1.0,179,0,0,-1,,,
9106979ff1c15ad3,1,1.0,0,1.0,1.0,1.0,180,0,0,-1,,,
be861669f7ff5de4,1,1.0,0,1.0,1.0,1.0,272,0,0,-1,,,
a1ac8820c36e51c3,1,1.0,0,1.0,1.0,1.0,276,0,0,-1,,,
e973ce0e5d605df5,1,1.0,0,1.0,1.0,1.0,198,0,0,-1,,,
7399b61d44ea592a,1,1.0,0,1.0,1.0,0.9863921865624254,198,0,0,-1,,,
7b095ec7e3f95c4a,1,1.0,0,1.0,1.0,0.9874820584264826,187,0,0,-1,,,
1e01550fc9d656d8,1,1.0,0,1.0,1.0,0.8987210883381701,150,0,0,-1,,,
4102a6399acf528b,1,1.0,0,1.0,1.0,0.9053543457030978,152,0,0,-1,,,
305634c7b587567f,1,1.0,0,1.0,1.0,0.9279681926612601,149,0,0,-1,,,
66cd30f395c45537,1,1.0,0,1.0,1.0,0.9019922859482435,150,0,0,-1,,,
7fd97ff49f5b5761,1,1.0,0,1.0,1.0,0.8942726192148301,150,0,0,-1,,,
5a7633ce22365440,1,1.0,0,1.0,1.0,0.9055422208870817,151,0,0,-1,,,
cd96f8a73c7a5d07,1,1.0,0,1.0,1.0,0.8926490609383743,149,0,0,-1,,,
e0416692bc5251ba,1,1.0,0,1.0,1.0,0.8992109234105531,149,0,0,-1,,,
f35e97504024530b,1,1.0,0,1.0,1.0,0.9898282709845345,180,0,0,-1,,,
22e43e5928b95b7a,1,1.0,0,1.0,1.0,0.9887476284976605,176,0,0,-1,,,
167d6bc7be735e55,1,1.0,0,1.0,1.0,0.9908401705596436,172,0,0,-1,,,
196375ae13835990,1,1.0,0,1.0,1.0,0.9902921953755262,168,0,0,-1,,,
0ef0e20c09865753,1,1.0,0,1.0,1.0,0.9899194402190972,169,0,0,-1,,,
260d8dc1970256a0,1,1.0,0,1.0,1.0,0.9991158591940078,174,0,0,-1,,,
2b34624bf9455480,1,1.0,0,1.0,1.0,0.9784188037856184,194,0,0,-1,,,
46ee8e2727455a9f,1,1.0,0,1.0,1.0,0.9786524296858218,211,0,0,-1,,,
5445d4283a475bf6,1,1.0,0,1.0,1.0,0.8883917411319088,39,0,0,-1,,,
f99992756cbb5adb,1,1.0,0,1.0,1.0,0.9185769597567482,42,0,0,-1,,,
809107982e485725,1,1.0,0,1.0,1.0,0.8888436753179741,45,0,0,-1,,,
37ebe75f19b1549a,1,1.0,0,1.0,1.0,0.8811891684041074,50,0,0,-1,,,
b094018eef175a6b,1,1.0,0,1.0,1.0,0.8971267744718913,49,0,0,-1,,,
6d2b59f78d995d9c,1,1.0,0,1.0,1.0,1.0,69,0,0,-1,,,
1371cce68aa95a4e,1,1.0,0,1.0,1.0,1.0,68,0,0,-1,,,
dfb58c90fd2e52fa,1,1.0,0,1.0,1.0,0.9585363451172396,69,0,0,-1,,,
07a369a8e34d541e,1,1.0,0,1.0,1.0,1.0,172,0,0,-1,,,
ebd940b0039e5cd1,1,1.0,0,1.0,1.0,1.0,171,0,0,-1,,,
04aa69f18d255c96,1,1.0,0,1.0,1.0,1.0,172,0,0,-1,,,
0027db600afe56ca,1,1.0,0,1.0,1.0,1.0,174,0,0,-1,,,
5ea6697ab5c552b6,1,1.0,0,1.0,1.0,1.0,178,0,0,-1,,,
74693ae387e752fa,1,1.0,0,1.0,1.0,0.9382254326396909,68,0,0,-1,,,
14a11185124a508b,1,1.0,0,1.0,1.0,0.9230089486202937,66,0,0,-1,,,
772a0e9ce5825b3a,1,1.0,0,1.0,1.0,0.9288734873975067,65,0,0,-1,,,
9e1be9753cf75e57,1,1.0,0,1.0,1.0,0.8243123875184994,108,0,0,-1,,,
1eed252c6ca25157,1,1.0,0,1.0,1.0,0.7951860664506295,112,0,0,-1,,,
c471f8a9626d5f11,1,1.0,0,1.0,1.0,0.7490495011061151,115,0,0,-1,,,
c38319fd82be5bf0,1,1.0,0,1.0,1.0,0.7238249781958169,113,0,0,-1,,,
a82d8d2d870a5280,1,1.0,0,1.0,1.0,0.8604145931932202,116,0,0,-1,,,
9858cb2db360536b,1,1.0,0,1.0,1.0,0.8529963041412927,116,0,0,-1,,,
667140c426e45393,1,1.0,0,1.0,1.0,0.8533327945883135,119,0,0,-1,,,
4e021aea953652b9,1,1.0,0,1.0,1.0,0.8487532143945203,120,0,0,-1,,,
226f50441ff35772,1,1.0,0,1.0,1.0,1.0,142,0,0,-1,,,
53c908f42e685998,1,1.0,0,1.0,1.0,1.0,143,0,0,-1,,,
cf081b6882d159f5,1,1.0,0,1.0,1.0,1.0,140,0,0,-1,,,
ba6136583b6254e2,1,1.0,0,1.0,1.0,0.7247791632356869,193,0,0,-1,,,
14e8d439dd5a5da0,1,1.0,0,1.0,1.0,0.6793427090505205,189,0,0,-1,,,
e7a838e8611f56b0,1,1.0,0,1.0,1.0,0.960202962397537,187,0,0,-1,,,
0b3a16034cc35dc0,1,1.0,0,1.0,1.0,0.945155337421844,190,0,0,-1,,,
629a5819ea0a55b8,1,1.0,0,1.0,1.0,0.9343512238450639,183,0,0,-1,,,
15f1c723f81a50b2,1,1.0,0,1.0,1.0,0.9753495671126409,178,0,0,-1,,,
c7fe7790d2225990,1,1.0,0,1.0,1.0,0.98179950006173,181,0,0,-1,,,
8d0806dc9c865904,1,1.0,0,1.0,1.0,0.944591260043728,181,0,0,-1,,,
2f525b2a3cf35331,1,1.0,0,1.0,1.0,0.9418911688551997,180,0,0,-1,,,
4f8fc653ac98588e,1,1.0,0,1.0,1.0,0.9353063129018206,188,0,0,-1,,,
ff9058bacb845910,1,1.0,0,1.0,1.0,1.0,188,0,0,-1,,,
c0649cc8913954cd,1,1.0,0,1.0,1.0,1.0,186,0,0,-1,,,
796a327cace65d27,1,1.0,0,1.0,1.0,1.0,179,0,0,-1,,,
365c2516e26f5502,1,1.0,0,1.0,1.0,0.9027457217628431,70,0,0,-1,,,
8199bcc7c60a521c,1,1.0,0,1.0,1.0,0.9208949122842496,72,0,0,-1,,,
3a76a6ab17535552,1,1.0,0,1.0,1.0,0.9407627343919073,76,0,0,-1,,,
4b3302a602155f76,1,1.0,0,1.0,1.0,0.9328098418714177,78,0,0,-1,,,
233cd84fc1c35f3f,1,1.0,0,1.0,1.0,0.892978658275052,78,0,0,-1,,,
0603ebc3a71d59f5,1,1.0,0,1.0,1.0,0.9067846179607059,79,0,0,-1,,,
2e194d0e7a675b51,1,1.0,0,1.0,1.0,0.9147063146037014,82,0,0,-1,,,
c55ef877ea075993,1,1.0,0,1.0,1.0,0.9089593948762603,84,0,0,-1,,,
ac6d9537bf315302,1,1.0,0,1.0,1.0,0.8798595790630671,87,0,0,-1,,,
4f85a2301691525a,1,1.0,0,1.0,1.0,0.8870880620768512,89,0,0,-1,,,
6a5b0bbd55395628,1,1.0,0,1.0,1.0,0.8613948212438564,89,0,0,-1,,,
bda5925fd37a5818,1,1.0,0,1.0,1.0,1.0,94,0,0,-1,,,
bed4ec62805f5790,1,1.0,0,1.0,1.0,1.0,98,0,0,-1,,,
9d18c2e4a9c35be7,1,1.0,0,1.0,1.0,1.0,98,0,0,-1,,,
5a1f551705995574,1,1.0,0,1.0,1.0,1.0,102,0,0,-1,,,
32189cc0a3bf535a,1,1.0,0,1.0,1.0,1.0,106,0,0,-1,,,
7a35be74d30b5a74,1,1.0,0,1.0,1.0,1.0,164,0,0,-1,,,
1509901c10495792,1,1.0,0,1.0,1.0,0.9591009031172724,173,0,0,-1,,,
b55cc20818705801,1,1.0,0,1.0,1.0,0.9627779354627201,172,0,0,-1,,,
98a0d06140945295,1,1.0,0,1.0,1.0,0.9621254695012298,178,0,0,-1,,,
b83f5bd6726e5996,1,1.0,0,1.0,1.0,0.9722996604260935,175,0,0,-1,,,
ef4e7ef102395420,1,1.0,0,1.0,1.0,0.9770111355502887,180,0,0,-1,,,
ca68dbc018a35aa3,1,1.0,0,1.0,1.0,0.9880175175835152,182,0,0,-1,,,
963b4781dbe558de,1,1.0,0,1.0,1.0,0.9706679572982576,178,0,0,-1,,,
73a3a880d8d8522c,1,1.0,0,0.0,1.0,0.1218720392141142,233,0,0,-1,,,
27725219ce8a55ff,1,1.0,0,1.0,1.0,0.9138207933103596,232,0,0,-1,,,
114f66c4cf785eab,1,1.0,0,1.0,1.0,0.9257219599068423,149,0,0,-1,,,
ea9f070b56115301,1,1.0,0,1.0,1.0,0.9302117658313742,140,0,0,-1,,,
be63bfa5c6445e0e,1,1.0,0,1.0,1.0,1.0,134,0,0,-1,,,
e5dd6a4462dd5e29,1,1.0,0,1.0,1.0,1.0,135,0,0,-1,,,
4e811c006997541d,1,1.0,0,1.0,1.0,1.0,137,0,0,-1,,,
0a50c123ca24584f,1,1.0,0,1.0,1.0,1.0,139,0,0,-1,,,
e5dc48dd83585491,1,1.0,0,1.0,1.0,0.9047898933013513,62,0,0,-1,,,
96704b3a6c235f12,1,1.0,0,1.0,1.0,0.933947440096393,60,0,0,-1,,,
2d151a8187f050bf,1,1.0,0,1.0,1.0,0.9841821805801176,62,0,0,-1,,,
0a571473239f5c89,1,1.0,0,1.0,1.0,0.9022770715135606,80,0,0,-1,,,
c12d0bb341fc59c0,1,1.0,0,1.0,1.0,0.9047752287611552,82,0,0,-1,,,
b8de09ba44a054df,1,1.0,0,1.0,1.0,0.9086426991591345,82,0,0,-1,,,
6ce7347fb53b5d83,1,1.0,0,1.0,1.0,0.9151703442186561,87,0,0,-1,,,
373abe824b3052a0,1,1.0,0,1.0,1.0,0.763146794400923,94,0,0,-1,,,
8e711b3a85205804,1,1.0,0,1.0,1.0,0.7411498203659151,97,0,0,-1,,,
689ed7a2ee4b583d,1,1.0,0,1.0,1.0,0.7272830978612802,106,0,0,-1,,,
9a95d2419f1e592a,1,1.0,0,1.0,1.0,0.7305157456535367,113,0,0,-1,,,
5f448f3d0f8c5e95,1,1.0,0,1.0,1.0,0.7998087991648134,118,0,0,-1,,,
7d6a50d3acb55383,1,1.0,0,1.0,1.0,0.7730005355667342,124,0,0,-1,,,
d0a77f19bd8b5348,1,1.0,0,1.0,1.0,0.818274448524828,121,0,0,-1,,,
38dd6b1bb76e5301,1,1.0,0,1.0,1.0,0.8887937605027426,123,0,0,-1,,,
e3b8bfc261ac5969,1,1.0,0,1.0,1.0,1.0,128,0,0,-1,,,
cba63a3ef5bc51b3,1,1.0,0,1.0,1.0,1.0,108,0,0,-1,,,
a523d2a173855e96,1,1.0,0,1.0,1.0,1.0,103,0,0,-1,,,
e55ee684113c5e7d,1,1.0,0,1.0,1.0,1.0,102,0,0,-1,,,
c0afed32320d53ec,1,1.0,0,1.0,1.0,1.0,101,0,0,-1,,,
8d1d97f4b7d05914,1,1.0,0,1.0,1.0,1.0,98,0,0,-1,,,
85185d3ba8b35890,1,1.0,0,1.0,1.0,1.0,95,0,0,-1,,,
bfbc82c4f65a5208,1,1.0,0,1.0,1.0,1.0,93,0,0,-1,,,
0563edc821b6543d,1,1.0,0,1.0,1.0,1.0,91,0,0,-1,,,
9326163d4c9c5d16,1,1.0,0,1.0,1.0,0.9084353457324745,507,0,0,-1,,,
734ef653644c55b9,1,1.0,0,1.0,1.0,0.9206543280373758,519,0,0,-1,,,
95ccb71300195f57,1,1.0,0,1.0,1.0,0.9756653823548426,523,0,0,-1,,,
17c5c685420d5729,1,1.0,0,1.0,1.0,0.9642189282811962,520,0,0,-1,,,
460c1bc090365d1b,1,1.0,0,1.0,1.0,1.0,498,0,0,-1,,,
d59310a4fd6e5fde,1,1.0,0,1.0,1.0,1.0,458,0,0,-1,,,
ddf632a3ce305812,1,1.0,0,1.0,1.0,1.0,446,0,0,-1,,,
7053e82f2f1c5364,1,1.0,0,1.0,1.0,0.9645614786929491,432,0,0,-1,,,
0c136e28e54f58b6,1,1.0,0,1.0,1.0,1.0,108,0,0,-1,,,
048c19bd1b5954b3,1,1.0,0,1.0,1.0,1.0,105,0,0,-1,,,
fd1e4ae4c102553c,1,1.0,0,1.0,1.0,1.0,100,0,0,-1,,,
5b8d892592635d5f,1,1.0,0,1.0,1.0,1.0,103,0,0,-1,,,
9191f3f8644d50cb,1,1.0,0,1.0,1.0,1.0,107,0,0,-1,,,
0eb7dda83bbe5fb2,1,1.0,0,1.0,1.0,0.9338689707333714,108,0,0,-1,,,
4c771d89311d548a,1,1.0,0,0.0,1.0,0.5795239295403479,109,0,0,-1,,,
14b839d065b358d0,1,1.0,0,1.0,1.0,1.0,106,0,0,-1,,,
cde748c5a6905684,1,1.0,0,1.0,1.0,0.9695352308188275,213,0,0,-1,,,
105ca02169f45519,1,1.0,0,0.0,1.0,0.5079550736844888,218,0,0,-1,,,
777c2c183e49504e,1,1.0,0,1.0,1.0,0.9850103577262161,218,0,0,-1,,,
64edcbd39d2b5f08,1,1.0,0,1.0,1.0,0.9750780721552003,215,0,0,-1,,,
93358613d3865c5c,1,1.0,0,0.0,1.0,0.5099025188012204,216,0,0,-1,,,
33c7945f43795064,1,1.0,0,0.0,1.0,0.5007348484829742,220,0,0,-1,,,
ddc25b8617cb5aa0,1,1.0,0,0.0,1.0,0.48234448464753393,217,0,0,-1,,,
bf72d4d6b25f5b27,1,1.0,0,0.0,1.0,0.12980254284233692,231,0,0,-1,,,
1cddfddca0bd560a,1,1.0,0,1.0,1.0,1.0,118,0,0,-1,,,
66f9739ef19d5742,1,1.0,0,0.0,1.0,0.5833333333333334,115,0,0,-1,,,
30d5d8dfd52451a9,1,1.0,0,1.0,1.0,1.0,111,0,0,-1,,,
ae821f2ac8d55180,1,1.0,0,1.0,1.0,0.9656275611331601,111,0,0,-1,,,
2c5ed5662dfb5ee9,1,1.0,0,1.0,1.0,0.9388482270235791,112,0,0,-1,,,
7ed9d0ca20ac5e2c,1,1.0,0,1.0,1.0,0.8965141538278769,110,0,0,-1,,,
864b2d366f575b14,1,1.0,0,1.0,1.0,1.0,108,0,0,-1,,,
797606b9788852f2,1,1.0,0,1.0,1.0,1.0,106,0,0,-1,,,
c2cfb091173a5ca2,1,1.0,0,1.0,1.0,1.0,132,0,0,-1,,,
87554f4ef47252e4,1,1.0,0,1.0,1.0,0.9179943239636619,126,0,0,-1,,,
c9f514edbbb55dd9,1,1.0,0,1.0,1.0,1.0,121,0,0,-1,,,
d0785c050c1350e7,1,1.0,0,1.0,1.0,1.0,120,0,0,-1,,,
8b5d8d7c95925564,1,1.0,0,1.0,1.0,1.0,121,0,0,-1,,,
229de058ec7b59bd,1,1.0,0,1.0,1.0,1.0,116,0,0,-1,,,
3f655357375b5f03,1,1.0,0,1.0,1.0,1.0,111,0,0,-1,,,
04f548a98d695310,1,1.0,0,0.0,1.0,0.5833333333333334,113,0,0,-1,,,
e656eb8f3cdf590c,1,1.0,0,1.0,1.0,1.0,135,0,0,-1,,,
da765dd341585db9,1,1.0,0,1.0,1.0,0.8661479415086811,132,0,0,-1,,,
f069ac62d63e5e25,1,1.0,0,1.0,1.0,0.9015661241053495,128,0,0,-1,,,
690efce01f2054a7,1,1.0,0,1.0,1.0,0.9031731301403324,127,0,0,-1,,,
8b328af730c75e49,1,1.0,0,1.0,1.0,0.8937398294451278,127,0,0,-1,,,
1d2710d5bcfd52a7,1,1.0,0,1.0,1.0,0.8898052609809414,128,0,0,-1,,,
d130c508fb26575e,1,1.0,0,1.0,1.0,0.8955262047503979,125,0,0,-1,,,
1709553afe405eb4,1,1.0,0,1.0,1.0,1.0,121,0,0,-1,,,
7582f7769dfb5d11,1,1.0,0,1.0,1.0,1.0,91,0,0,-1,,,
f68aaf95d7825182,1,1.0,0,1.0,1.0,1.0,53,0,0,-1,,,
482989b8df6550b5,1,1.0,0,1.0,1.0,1.0,56,0,0,-1,,,
05d0a1a763fc5334,1,1.0,0,1.0,1.0,1.0,61,0,0,-1,,,
a6c24c9ca7335016,1,1.0,0,1.0,1.0,1.0,65,0,0,-1,,,
bca4325362c35dbd,1,1.0,0,1.0,1.0,1.0,65,0,0,-1,,,
9d626ce291e85889,1,1.0,0,1.0,1.0,1.0,63,0,0,-1,,,
2930485ddc4458da,1,1.0,0,1.0,1.0,0.995965290840029,63,0,0,-1,,,
10b9d1b254f35a74,1,1.0,0,1.0,1.0,0.7085266781778795,99,0,0,-1,,,
567469e556cf5e6b,1,1.0,0,1.0,1.0,0.8980065009955948,88,0,0,-1,,,
0e4dac4154695627,1,1.0,0,1.0,1.0,0.930220228076613,83,0,0,-1,,,
d3cd01aa67de516f,1,1.0,0,1.0,1.0,0.9181226294506007,75,0,0,-1,,,
499f1df141b05d36,1,1.0,0,1.0,1.0,0.8632539563990268,74,0,0,-1,,,
a41a728fda515594,1,1.0,0,1.0,1.0,0.8997427060847226,73,0,0,-1,,,
d1d19175f88e5b2e,1,1.0,0,1.0,1.0,0.8369165184897142,70,0,0,-1,,,
8c477c76153f588e,1,1.0,0,1.0,1.0,0.8340119137018256,64,0,0,-1,,,
18e5845edcdb500c,1,1.0,0,1.0,1.0,0.8143012490641209,62,0,0,-1,,,
a43d920a23d95caa,1,1.0,0,1.0,1.0,0.862647120388352,60,0,0,-1,,,
46e614a434b650e3,1,1.0,0,1.0,1.0,0.8409686865247363,55,0,0,-1,,,
0e27333e64a45dfb,1,1.0,0,1.0,1.0,0.8589618261468939,56,0,0,-1,,,
1584747ded7f5564,1,1.0,0,1.0,1.0,0.8499585724560946,52,0,0,-1,,,
73fabf2a0bdc5af4,1,1.0,0,1.0,1.0,0.7107837899368835,49,0,0,-1,,,
3afbbcf248dc5405,1,0.0,1,1.0,1.0,0.0,47,1,0,1,VEHICLE,1,5.4
04daf401ec185f96,1,1.0,0,1.0,1.0,0.8751041049703375,48,0,0,-1,,,
6d9063dd44bc55cc,1,1.0,0,1.0,1.0,0.6807476645577487,82,0,0,-1,,,
25d82b3bc5bf5637,1,1.0,0,1.0,1.0,0.6802935198925445,86,0,0,-1,,,
0969be1cc6a85a76,1,1.0,0,1.0,1.0,0.8651833176120712,87,0,0,-1,,,
adfc4abb1c4d50b3,1,1.0,0,1.0,1.0,1.0,59,0,0,-1,,,
015ef5e7f5a55db8,1,1.0,0,1.0,1.0,1.0,58,0,0,-1,,,
20911cdf7e285a63,1,1.0,0,0.0,1.0,0.5833333333333334,55,0,0,-1,,,
fa6480e0a896514c,1,1.0,0,0.0,1.0,0.5833333333333334,54,0,0,-1,,,
1a46cad936c05c2b,1,1.0,0,0.0,1.0,0.5833333333333334,55,0,0,-1,,,
f35274c7a16657d7,1,1.0,0,1.0,1.0,0.8968381151223932,51,0,0,-1,,,
c9a74fd5fd9e57c8,1,1.0,0,1.0,1.0,0.8954882253559063,78,0,0,-1,,,
257d737fc3865fd1,1,1.0,0,1.0,1.0,0.7207895195720582,90,0,0,-1,,,
2bbff4dbce4053b8,1,1.0,0,1.0,1.0,0.7232018379370108,94,0,0,-1,,,
0590cb08d06a5905,1,1.0,0,1.0,1.0,0.8939003814237653,102,0,0,-1,,,
e12d472387385ef6,1,1.0,0,1.0,1.0,0.9317179509978066,108,0,0,-1,,,
34b812e4de1a536b,1,1.0,0,1.0,0.0,0.0,107,0,0,-1,,,
bf1d8c493e7458d2,1,1.0,0,1.0,1.0,0.8918614946499339,110,0,0,-1,,,
e28e57068b0b5cf3,1,1.0,0,1.0,1.0,0.9000558675141578,46,0,0,-1,,,
77ae9dba6f05550d,1,1.0,0,1.0,1.0,0.884630631269541,60,0,0,-1,,,
cca534b6970f5c8e,1,1.0,0,1.0,1.0,0.8811193205131705,60,0,0,-1,,,
7d10959013575b2d,1,1.0,0,1.0,1.0,0.8545754259532522,59,0,0,-1,,,
5a90354cbaa45cc2,1,1.0,0,1.0,1.0,0.8524363335569015,56,0,0,-1,,,
3012e1628f7d5d3a,1,1.0,0,1.0,1.0,0.8829416211967741,43,0,0,-1,,,
8683f3b4797f56e0,1,1.0,0,1.0,1.0,0.847098501807888,43,0,0,-1,,,
51b0141596d15905,1,1.0,0,1.0,1.0,0.8660728047746709,43,0,0,-1,,,
223a8f20abb752e9,1,1.0,0,1.0,1.0,0.9509611374575785,48,0,0,-1,,,
eec0bc4e1b185d67,1,1.0,0,1.0,1.0,0.924497120305778,48,0,0,-1,,,
baff5b48a5c056ec,1,1.0,0,1.0,1.0,0.8704616622256708,45,0,0,-1,,,
cbc47540cc665da4,1,1.0,0,1.0,1.0,0.8777005249327791,49,0,0,-1,,,
0dfdaa7ed7445e7c,1,1.0,0,1.0,1.0,0.7662882729599966,57,0,0,-1,,,
037698dae8d65558,1,1.0,0,1.0,1.0,0.7499386661023163,55,0,0,-1,,,
97181536d6be5368,1,1.0,0,1.0,1.0,0.7096842522764216,56,0,0,-1,,,
a42cc34c8a985b67,1,1.0,0,1.0,1.0,0.8948351939950063,54,0,0,-1,,,
110d0ce0345d5113,1,1.0,0,1.0,1.0,0.8918891309550433,51,0,0,-1,,,
d6b2af6a4fbd5a88,1,1.0,0,1.0,1.0,0.8782831935614471,51,0,0,-1,,,
ad4698e8271356b3,1,1.0,0,1.0,1.0,0.8983200680844673,52,0,0,-1,,,
e11b470ae6285663,1,1.0,0,1.0,1.0,0.900412410330459,54,0,0,-1,,,
1e751703427e5a3c,1,1.0,0,1.0,1.0,0.8985356078306447,57,0,0,-1,,,
15bfed200b0d570e,1,1.0,0,1.0,1.0,0.8999208710282018,59,0,0,-1,,,
d46b1d647640578f,1,1.0,0,1.0,1.0,0.9412767702598513,83,0,0,-1,,,
8322121dbb82511f,1,1.0,0,1.0,1.0,0.9660918270431565,84,0,0,-1,,,
282855be37635ecc,1,1.0,0,1.0,1.0,1.0,83,0,0,-1,,,
647a42b4e5075f16,1,1.0,0,0.0,1.0,0.4821859175477303,139,0,0,-1,,,
8d5023e971cc5f4c,1,1.0,0,0.0,1.0,0.46586580314405995,140,0,0,-1,,,
49c9a9f57deb5a8c,1,1.0,0,1.0,1.0,0.907036994765543,140,0,0,-1,,,
13d078252f4653f3,1,1.0,0,1.0,1.0,0.9275083118774189,104,0,0,-1,,,
f9c0cc538bb457c8,1,1.0,0,1.0,1.0,0.9373353464420541,95,0,0,-1,,,
eed801b1cd035275,1,1.0,0,1.0,1.0,0.9406851974662785,95,0,0,-1,,,
a091a6a6033c559f,1,1.0,0,1.0,1.0,0.6709691803000609,97,0,0,-1,,,
08977ce458945f04,1,1.0,0,1.0,1.0,0.9901717282824576,84,0,0,-1,,,
2d6a04ea9ef55fd5,1,1.0,0,1.0,1.0,0.9937499749089781,85,0,0,-1,,,
b22ea864484d514f,1,1.0,0,1.0,1.0,0.9805124696410998,83,0,0,-1,,,
844da9644e225af5,1,1.0,0,1.0,1.0,0.9871795178033373,82,0,0,-1,,,
6ce0bfddedef5981,1,1.0,0,1.0,1.0,0.9709493152620402,82,0,0,-1,,,
991f13bf4e7f590e,1,1.0,0,1.0,1.0,0.9603560420572269,79,0,0,-1,,,
b387a02b67e45a4b,1,1.0,0,1.0,1.0,0.944973800378709,78,0,0,-1,,,
d4c4bdedcfd25465,1,1.0,0,1.0,1.0,0.9391064222156498,79,0,0,-1,,,
d6aa1499d0be503a,1,1.0,0,1.0,1.0,0.891104875987201,53,0,0,-1,,,
a2b2f9572f3a5b05,1,1.0,0,1.0,1.0,0.9261144688593254,52,0,0,-1,,,
6dcb6aa97a07588b,1,1.0,0,1.0,1.0,0.8999143983244883,50,0,0,-1,,,
0208ed2202af56b2,1,1.0,0,1.0,1.0,0.9355949779142142,51,0,0,-1,,,
189654afe9465b09,1,1.0,0,1.0,1.0,0.9306464765390432,53,0,0,-1,,,
5e9e03ce875059ed,1,1.0,0,1.0,1.0,0.9169434504386561,50,0,0,-1,,,
5ad705654fd3547d,1,1.0,0,1.0,1.0,0.9155772932778615,53,0,0,-1,,,
fec68cb4b42a5b30,1,1.0,0,1.0,1.0,0.912081584072728,54,0,0,-1,,,
29b6c8cc1e055352,1,1.0,0,1.0,1.0,0.9722475052718892,66,0,0,-1,,,
239e3ed3199d5ae6,1,1.0,0,1.0,1.0,0.9333009279080731,63,0,0,-1,,,
bd6d465e3fe95e7c,1,1.0,0,1.0,1.0,0.7630102797961223,61,0,0,-1,,,
963324efc6715315,1,1.0,0,1.0,1.0,0.7481619798725928,61,0,0,-1,,,
b9ddc4b10ef751a5,1,1.0,0,1.0,1.0,1.0,61,0,0,-1,,,
81ba62d61b225021,1,1.0,0,1.0,1.0,0.7120579695291207,61,0,0,-1,,,
cdc8b2ccd20f5c80,1,1.0,0,1.0,1.0,0.8890736317397714,59,0,0,-1,,,
23978c649a7e597c,1,1.0,0,1.0,1.0,0.9123108759302739,56,0,0,-1,,,
dd2546a068da5ffe,1,1.0,0,1.0,1.0,0.8818798819883039,47,0,0,-1,,,
9b88dfaff2615c83,1,1.0,0,1.0,1.0,0.883536357411157,46,0,0,-1,,,
c20397c103e65d12,1,1.0,0,1.0,1.0,0.8742834069982489,63,0,0,-1,,,
a8d904be723d5ab9,1,1.0,0,1.0,1.0,0.7129594800026319,27,0,0,-1,,,
19d9dc5184675c50,1,1.0,0,1.0,1.0,0.7480847640342985,27,0,0,-1,,,
1c542cec168557e3,1,1.0,0,1.0,1.0,0.7118297806689698,27,0,0,-1,,,
aec02ec2aec85c06,1,1.0,0,1.0,1.0,0.8378482869205097,55,0,0,-1,,,
6bd962139e2658da,1,1.0,0,1.0,1.0,0.911139729278213,52,0,0,-1,,,
431840d399445a32,1,1.0,0,1.0,1.0,0.9113491155020995,55,0,0,-1,,,
fa23f65e1638570e,1,1.0,0,1.0,1.0,0.9199596743699795,56,0,0,-1,,,
bd6d1d10391854e0,1,1.0,0,1.0,1.0,0.9029517428404521,51,0,0,-1,,,
ee4a2e2de70a510b,1,1.0,0,1.0,1.0,0.8877804735153113,44,0,0,-1,,,
ba2973ad6189568b,1,1.0,0,1.0,1.0,0.9115681358782627,48,0,0,-1,,,
54db5162fc6c563c,1,1.0,0,1.0,1.0,0.9300012313141748,49,0,0,-1,,,
0012a35a78a151b5,1,1.0,0,1.0,1.0,0.9291246486839002,49,0,0,-1,,,
0924309bada05ea6,1,1.0,0,1.0,1.0,0.9348510575012455,52,0,0,-1,,,
c1e0af56e9eb50b8,1,1.0,0,1.0,1.0,1.0,75,0,0,-1,,,
262333f372975eef,1,1.0,0,1.0,0.0,0.0,74,0,0,-1,,,
f51778edd8ea5ee5,1,1.0,0,1.0,0.0,0.0,72,0,0,-1,,,
2cbf505c735c5c34,1,1.0,0,1.0,0.0,0.0,73,0,0,-1,,,
a8159c45d59f5a5f,1,1.0,0,1.0,1.0,0.9316465404088854,75,0,0,-1,,,
b30ee22eca0a57ef,1,1.0,0,1.0,1.0,0.9340632678428035,59,0,0,-1,,,
7779c453de865aff,1,1.0,0,1.0,1.0,0.9259445859832667,61,0,0,-1,,,
4cc313afb2665204,1,1.0,0,1.0,1.0,0.920638338232295,61,0,0,-1,,,
db7dbae63ff15234,1,1.0,0,1.0,1.0,1.0,56,0,0,-1,,,
629f93034f995ebc,1,1.0,0,1.0,1.0,1.0,58,0,0,-1,,,
047b56d34f1d5aa0,1,1.0,0,1.0,1.0,0.8375581142186053,63,0,0,-1,,,
b0cc2b2b400d5661,1,1.0,0,1.0,1.0,0.8451380130367013,62,0,0,-1,,,
e16c585e12445a60,1,1.0,0,1.0,1.0,1.0,61,0,0,-1,,,
fa72fd5d5f285388,1,1.0,0,1.0,1.0,1.0,59,0,0,-1,,,
8cd3ad22a81c52b6,1,1.0,0,1.0,1.0,1.0,61,0,0,-1,,,
8062fe1c1def5111,1,1.0,0,1.0,1.0,1.0,61,0,0,-1,,,
6162470f2d0c5e13,1,1.0,0,1.0,1.0,0.8649832868279784,43,0,0,-1,,,
2944ba8cf77c5ad9,1,1.0,0,1.0,1.0,0.8499316052438884,42,0,0,-1,,,
fc0a60a9d8245aea,1,1.0,0,1.0,1.0,0.8473508223205682,43,0,0,-1,,,
fd30fae9e4f35fa8,1,1.0,0,1.0,1.0,0.864038194818785,43,0,0,-1,,,
fde793c65573590a,1,1.0,0,1.0,1.0,0.8573401241314288,45,0,0,-1,,,
020ba7462c6f52b3,1,1.0,0,1.0,1.0,1.0,44,0,0,-1,,,
f642f93db71f5dfb,1,1.0,0,1.0,1.0,1.0,45,0,0,-1,,,
6d7ca07eac51558e,1,1.0,0,1.0,1.0,1.0,45,0,0,-1,,,
af6ce3c064fa5a56,1,1.0,0,1.0,1.0,1.0,92,0,0,-1,,,
f5d967a1fedb5e3b,1,1.0,0,1.0,1.0,0.8996059077915316,84,0,0,-1,,,
a60e8e8afe675063,1,1.0,0,1.0,1.0,0.9003723629802529,83,0,0,-1,,,
d9bb15db6f025acb,1,1.0,0,1.0,1.0,0.8952528267244716,86,0,0,-1,,,
43768792861e5c7e,1,1.0,0,1.0,1.0,0.8901615239309812,83,0,0,-1,,,
81161847b27b5bad,1,1.0,0,1.0,1.0,0.8860089881958602,77,0,0,-1,,,
b38af8cb560c5295,1,1.0,0,1.0,1.0,0.8745079837265997,77,0,0,-1,,,
69792eb6a5415c5f,1,1.0,0,1.0,1.0,0.8638495845473918,77,0,0,-1,,,
54a9fe6636755234,1,1.0,0,1.0,1.0,1.0,106,0,0,-1,,,
28113a97a08b5ff1,1,1.0,0,1.0,1.0,1.0,108,0,0,-1,,,
315aedf84f9f59c3,1,1.0,0,0.0,1.0,0.5833333333333334,99,0,0,-1,,,
961d67f58f40502f,1,1.0,0,1.0,1.0,1.0,102,0,0,-1,,,
cea6c267a5a05b3c,1,1.0,0,1.0,1.0,0.8999245071664742,102,0,0,-1,,,
70da6b21101d555f,1,1.0,0,0.0,1.0,0.3847799527147698,101,0,0,-1,,,
e7c485c237b352cd,1,1.0,0,0.0,1.0,0.28249708110904276,101,0,0,-1,,,
0b3d3edbc52d5ddd,1,1.0,0,1.0,1.0,0.7383914405157109,98,0,0,-1,,,
69df428fe853580e,1,1.0,0,1.0,1.0,1.0,45,0,0,-1,,,
a3dd6d539acc5c9b,1,1.0,0,1.0,1.0,0.9593404397167505,49,0,0,-1,,,
8c67448dd4da50a3,1,1.0,0,1.0,1.0,0.8973283173524095,48,0,0,-1,,,
c9cf4a630abf5bc7,1,1.0,0,1.0,1.0,1.0,51,0,0,-1,,,
d70f8a8eeeeb5e82,1,1.0,0,1.0,1.0,0.9248676146454335,49,0,0,-1,,,
6cc1bbadf8f25f7c,1,1.0,0,1.0,1.0,0.9288461657923269,48,0,0,-1,,,
9926034a82415038,1,1.0,0,1.0,1.0,0.919131389250189,50,0,0,-1,,,
9d0ff46ac79e5e0b,1,1.0,0,1.0,1.0,0.9216815806918327,54,0,0,-1,,,
a631fec170525388,1,1.0,0,1.0,1.0,0.8601643139555927,71,0,0,-1,,,
80722f66bc3b54c0,1,1.0,0,1.0,1.0,0.8770693683534793,67,0,0,-1,,,
b4bcd9085faf5842,1,1.0,0,1.0,1.0,0.9147325414935947,64,0,0,-1,,,
62c0730b5f435548,1,1.0,0,1.0,1.0,0.9112412315492003,65,0,0,-1,,,
c28f3febaf635777,1,1.0,0,1.0,1.0,0.9096421429420061,56,0,0,-1,,,
b751857996975e6c,1,1.0,0,1.0,1.0,0.9043942421901979,59,0,0,-1,,,
2be07b9c94db5de7,1,1.0,0,1.0,1.0,0.9257859983002416,57,0,0,-1,,,
485b3e83878255b2,1,1.0,0,1.0,1.0,0.9108110503531185,59,0,0,-1,,,
8676d43a96795310,1,1.0,0,1.0,1.0,0.9562072616359635,59,0,0,-1,,,
c36c131b21f65a13,1,1.0,0,1.0,1.0,0.9562529514145055,58,0,0,-1,,,
19f93eaa916d5528,1,1.0,0,1.0,1.0,0.9361904672019555,58,0,0,-1,,,
cd701e198d595e2b,1,1.0,0,1.0,1.0,0.8477013987879163,57,0,0,-1,,,
f2f5b666a04b53f8,1,1.0,0,1.0,1.0,0.8729267384365951,55,0,0,-1,,,
6e6d55e69a6a5d18,1,1.0,0,1.0,1.0,0.7948772497767465,54,0,0,-1,,,
86e394f2cb345082,1,1.0,0,1.0,1.0,1.0,54,0,0,-1,,,
48f00d40d416591d,1,1.0,0,1.0,1.0,1.0,55,0,0,-1,,,
ae124de305ca5cb1,1,1.0,0,1.0,1.0,0.8407969284001743,76,0,0,-1,,,
190808cc16cc53af,1,1.0,0,1.0,1.0,0.9307373295609339,60,0,0,-1,,,
ba190b181dc85a2b,1,1.0,0,1.0,1.0,0.9294181550424311,60,0,0,-1,,,
4865eea1e54c5a8e,1,1.0,0,1.0,1.0,0.9445789723069788,61,0,0,-1,,,
a82f1c8ad27d53cc,1,1.0,0,1.0,1.0,0.9434757772980332,60,0,0,-1,,,
fe068f6ae8135412,1,1.0,0,1.0,1.0,0.9514475242988775,58,0,0,-1,,,
0616f9723c60524d,1,1.0,0,1.0,1.0,0.9370008782801099,59,0,0,-1,,,
262af71b5e0c5108,1,1.0,0,1.0,1.0,0.9549723103309598,58,0,0,-1,,,
60729ba7537a5622,1,1.0,0,1.0,1.0,0.8955394297969045,81,0,0,-1,,,
6326d00e52115da4,1,1.0,0,1.0,1.0,0.8426654198724163,84,0,0,-1,,,
3e96578a903d59d8,1,1.0,0,1.0,1.0,1.0,81,0,0,-1,,,
ba8af38306035c11,1,1.0,0,1.0,1.0,1.0,84,0,0,-1,,,
62108a4000e85dae,1,1.0,0,1.0,1.0,1.0,88,0,0,-1,,,
7cb9260c8be35c5c,1,1.0,0,1.0,1.0,0.7022237433390098,94,0,0,-1,,,
50eebed7d9655bb5,1,1.0,0,1.0,1.0,0.7322325452935715,91,0,0,-1,,,
72be63ed04f15f97,1,1.0,0,1.0,1.0,0.7297732957056488,90,0,0,-1,,,
91f7454802305af8,1,1.0,0,1.0,1.0,0.995726249992034,72,0,0,-1,,,
a752896c43c2526e,1,1.0,0,1.0,1.0,0.9375689210730788,73,0,0,-1,,,
b2872eb05a455f97,1,1.0,0,1.0,1.0,0.8915222962710333,74,0,0,-1,,,
43a4f01072795345,1,1.0,0,1.0,1.0,1.0,61,0,0,-1,,,
2d24100bcb1e57e2,1,1.0,0,1.0,1.0,1.0,59,0,0,-1,,,
eea61634eb875210,1,1.0,0,1.0,1.0,1.0,61,0,0,-1,,,
7bd504ce0e1950b9,1,1.0,0,1.0,1.0,0.9700668273465313,62,0,0,-1,,,
256f41bada0e5028,1,1.0,0,1.0,1.0,0.9646891867469872,65,0,0,-1,,,
feb90d2112ec57cf,1,1.0,0,1.0,1.0,0.8122764976440949,61,0,0,-1,,,
ef68308faf305171,1,1.0,0,1.0,1.0,1.0,64,0,0,-1,,,
f3738f5be59d5d10,1,1.0,0,1.0,1.0,1.0,65,0,0,-1,,,
2f1d36641ecb509a,1,1.0,0,1.0,1.0,1.0,64,0,0,-1,,,
9833f2646439513e,1,1.0,0,1.0,1.0,1.0,62,0,0,-1,,,
fd89a82cf20e5632,1,1.0,0,1.0,1.0,0.972294823598156,60,0,0,-1,,,
d1dd156bb9b1599d,1,1.0,0,1.0,1.0,0.9364123237807113,63,0,0,-1,,,
eb15f0d956eb5ac4,1,1.0,0,1.0,1.0,0.8969350514661012,61,0,0,-1,,,
2302da9c486d5e3b,1,1.0,0,1.0,1.0,0.9578569667102221,43,0,0,-1,,,
8ff8246f69f75f6a,1,1.0,0,1.0,1.0,0.9471403298948317,42,0,0,-1,,,
a61ba5902ded5c56,1,1.0,0,1.0,1.0,0.9382795853025264,39,0,0,-1,,,
95193473b1cb5434,1,1.0,0,1.0,1.0,0.9308290441700725,39,0,0,-1,,,
e69feea0fa7953e0,1,1.0,0,1.0,1.0,0.9270640471998934,38,0,0,-1,,,
346a78f56b165dea,1,1.0,0,1.0,1.0,0.9361553880152603,36,0,0,-1,,,
43cfa12f279355aa,1,1.0,0,1.0,1.0,0.9182465682200797,37,0,0,-1,,,
9e1cdfa2d2185645,1,1.0,0,1.0,1.0,0.9154075444881892,32,0,0,-1,,,
11d702a710115591,1,1.0,0,1.0,1.0,0.9830641294595388,81,0,0,-1,,,
11118a8c74d95c5c,1,1.0,0,1.0,1.0,0.9008996389005134,110,0,0,-1,,,
99889a4679b15509,1,1.0,0,1.0,1.0,0.9964437762320779,115,0,0,-1,,,
aa7cf4712b635bb0,1,1.0,0,1.0,1.0,1.0,112,0,0,-1,,,
f211c8127aff5246,1,1.0,0,1.0,1.0,0.968722279085578,104,0,0,-1,,,
759441833751576b,1,1.0,0,1.0,1.0,1.0,85,0,0,-1,,,
12c3a7aea386584b,1,1.0,0,1.0,1.0,1.0,79,0,0,-1,,,
f252e2d96f805926,1,1.0,0,1.0,1.0,1.0,72,0,0,-1,,,
dd2d7e23754e58d3,1,1.0,0,1.0,1.0,0.9013438337494085,28,0,0,-1,,,
ebb1e037f19b5c55,1,1.0,0,1.0,1.0,0.8977287992727904,29,0,0,-1,,,
424e3df76d475635,1,1.0,0,1.0,1.0,0.8746142863711449,29,0,0,-1,,,
078bc1027dde5d1a,1,1.0,0,1.0,1.0,0.7372491359462678,7,0,0,-1,,,
4376d00ed2245c21,1,1.0,0,1.0,1.0,0.7021948738579494,6,0,0,-1,,,
8fdb21d863c5504b,1,1.0,0,1.0,1.0,0.7595025925111626,6,0,0,-1,,,
c4884a363f805a18,1,1.0,0,1.0,1.0,0.7350234241907736,5,0,0,-1,,,
515b2946ba2457b5,1,1.0,0,1.0,0.0,0.0,4,0,0,-1,,,
4ed57aa187415e7f,1,1.0,0,1.0,1.0,0.8310960648678014,110,0,0,-1,,,
1666152446cc5da7,1,1.0,0,1.0,1.0,0.9218657901909344,51,0,0,-1,,,
c6f0769e0c465417,1,1.0,0,1.0,1.0,0.7125276618990287,51,0,0,-1,,,
0cf22b3901945e24,1,1.0,0,1.0,1.0,0.7114799200947166,50,0,0,-1,,,
8f273271b9eb537e,1,1.0,0,1.0,1.0,0.8464146287251868,72,0,0,-1,,,
6929a902435e56b0,1,1.0,0,1.0,1.0,0.9005113457218702,73,0,0,-1,,,
359651aff6c55fc3,1,1.0,0,1.0,1.0,0.8759948697605334,73,0,0,-1,,,
29c3b3019c9e535a,1,1.0,0,1.0,1.0,0.6814977375480732,79,0,0,-1,,,
9838aa01c0de5dc8,1,1.0,0,1.0,1.0,0.9559474371621262,290,0,0,-1,,,
f84b6dbc1cd35f61,1,1.0,0,1.0,1.0,0.9573570746478929,134,0,0,-1,,,
f750532882175c31,1,1.0,0,1.0,1.0,0.9413998111457825,128,0,0,-1,,,
fceded25dc595e06,1,1.0,0,1.0,1.0,0.9584046321556544,127,0,0,-1,,,
6ac603d43fbb57ef,1,1.0,0,1.0,1.0,0.9580747562704532,129,0,0,-1,,,
f25f295b364a5f29,1,1.0,0,1.0,1.0,0.9630690027220923,130,0,0,-1,,,
04377176d16d5a0f,1,1.0,0,1.0,1.0,0.9689032370351107,136,0,0,-1,,,
61b108df4a5f53fb,1,1.0,0,1.0,1.0,0.9599119961430079,136,0,0,-1,,,
8eb6e6b220755d3b,1,1.0,0,1.0,1.0,0.985078025295762,15,0,0,-1,,,
09027c0129cd568b,1,1.0,0,1.0,1.0,0.9458579058838001,15,0,0,-1,,,
65b19795c92c5d77,1,1.0,0,1.0,1.0,0.9128388964864564,15,0,0,-1,,,
4ad7866306895cca,1,1.0,0,1.0,1.0,0.845180224873538,14,0,0,-1,,,
7786cc7e34a05294,1,1.0,0,1.0,1.0,1.0,13,0,0,-1,,,
e6dde7de045154c3,1,1.0,0,1.0,1.0,1.0,13,0,0,-1,,,
4211afd0df14524c,1,1.0,0,1.0,1.0,1.0,56,0,0,-1,,,
f6ee3ce42dfc56e3,1,1.0,0,1.0,1.0,1.0,59,0,0,-1,,,
49ae6840ff7f5e91,1,1.0,0,1.0,1.0,0.9755797201206026,26,0,0,-1,,,
d9f878bd57425c2c,1,1.0,0,1.0,1.0,0.9719183544224332,24,0,0,-1,,,
268ed4d63bb85cae,1,1.0,0,1.0,1.0,0.9627814759256413,24,0,0,-1,,,
81a0a6181d335250,1,1.0,0,1.0,1.0,0.9932412379094296,21,0,0,-1,,,
bae8f15e2e5b5328,1,1.0,0,1.0,1.0,0.9517649646634188,21,0,0,-1,,,
4cb4fba2908b5dbb,1,1.0,0,1.0,1.0,0.9886179980218368,20,0,0,-1,,,
b937ec3b9c845118,1,1.0,0,1.0,1.0,0.9798513639534377,18,0,0,-1,,,
70679dba8428549e,1,1.0,0,1.0,1.0,0.9713879074615748,15,0,0,-1,,,
702320a088cf5d53,1,1.0,0,1.0,1.0,0.6916306380281944,96,0,0,-1,,,
c0d51ca7b8af5414,1,1.0,0,1.0,1.0,0.8701774016278309,98,0,0,-1,,,
3ffbf8596e7655ec,1,1.0,0,1.0,1.0,0.8389955465431876,92,0,0,-1,,,
25226305bdff5efd,1,1.0,0,1.0,1.0,0.8836803748590634,88,0,0,-1,,,
40f09c66198258e6,1,1.0,0,1.0,1.0,0.9315571488797613,85,0,0,-1,,,
8b7d99b5ae2a5219,1,1.0,0,1.0,1.0,1.0,81,0,0,-1,,,
14cb24f3f9fc51c8,1,1.0,0,0.0,1.0,0.5833333333333334,82,0,0,-1,,,
e516528c577453a7,1,1.0,0,1.0,1.0,1.0,82,0,0,-1,,,
4a9a5d2dcc045ec4,1,1.0,0,1.0,1.0,0.9016281221737574,9,0,0,-1,,,
eb3e272209a4520f,1,1.0,0,1.0,1.0,0.9025949840732043,10,0,0,-1,,,
0dc54a8c8203567b,1,1.0,0,0.0,1.0,0.47882215677028833,13,0,0,-1,,,
9e522849163c53b8,1,1.0,0,0.0,1.0,0.4653501114665612,13,0,0,-1,,,
78a98ffdcd4b558a,1,1.0,0,0.0,1.0,0.5833333333333334,13,0,0,-1,,,
dc145331696d5400,1,1.0,0,0.0,1.0,0.5833333333333334,14,0,0,-1,,,
b605703d3fb05725,1,1.0,0,0.0,1.0,0.5833333333333334,15,0,0,-1,,,
54e010de01625177,1,1.0,0,0.0,1.0,0.5833333333333334,15,0,0,-1,,,
6482eb343a2b5329,1,1.0,0,1.0,1.0,0.9385178293759658,58,0,0,-1,,,
2a3a3e232e86560b,1,1.0,0,1.0,1.0,0.9344818320855133,58,0,0,-1,,,
ab1adeaf66035b88,1,1.0,0,1.0,1.0,0.9212316948927955,59,0,0,-1,,,
dddf76663455527f,1,1.0,0,1.0,1.0,0.9194569507430078,62,0,0,-1,,,
4ba033878f8b5284,1,1.0,0,1.0,1.0,0.8783040734338935,62,0,0,-1,,,
fa9e58947ab65890,1,1.0,0,1.0,1.0,0.8555053416257771,62,0,0,-1,,,
1bc6668f3dff5822,1,1.0,0,1.0,1.0,0.8457013591422458,61,0,0,-1,,,
4936360c43435011,1,1.0,0,1.0,1.0,0.8562883895889318,62,0,0,-1,,,
9ca89d773ed651ab,1,1.0,0,1.0,1.0,0.8851638316372776,61,0,0,-1,,,
ad5284a6be715f10,1,1.0,0,1.0,1.0,0.8545561652310959,60,0,0,-1,,,
bacbab3d771e59fd,1,1.0,0,1.0,1.0,0.9207105277875876,57,0,0,-1,,,
3be6682bde7d5548,1,1.0,0,1.0,1.0,0.9043467629821583,58,0,0,-1,,,
83242e2595a85111,1,1.0,0,1.0,1.0,0.9769481063563203,59,0,0,-1,,,
594dba6254d4500b,1,1.0,0,1.0,1.0,0.9229872120103529,50,0,0,-1,,,
eefc84cb86d45529,1,1.0,0,1.0,1.0,0.921146664503231,49,0,0,-1,,,
5016d5a7a87a538d,1,1.0,0,1.0,1.0,0.9301156151266466,46,0,0,-1,,,
119bd713e2db5e25,1,1.0,0,1.0,1.0,0.915411924340782,32,0,0,-1,,,
684ff3674eeb54ea,1,1.0,0,1.0,1.0,0.9309528212128382,33,0,0,-1,,,
a2737c768a335e27,1,1.0,0,1.0,1.0,0.9225869659761043,32,0,0,-1,,,
e29b049a9bf3509c,1,1.0,0,1.0,1.0,1.0,275,0,0,-1,,,
0324b2d1ca2e5b6e,1,1.0,0,1.0,1.0,1.0,275,0,0,-1,,,
9157902936a456bf,1,1.0,0,1.0,1.0,1.0,278,0,0,-1,,,
e3893ed312f45501,1,1.0,0,1.0,1.0,1.0,283,0,0,-1,,,
252522eebf5e5dc1,1,1.0,0,1.0,1.0,1.0,285,0,0,-1,,,
ea4d19ff25ac52f6,1,1.0,0,1.0,1.0,0.9842259597679224,46,0,0,-1,,,
50cf8d1fd8c250a5,1,1.0,0,1.0,1.0,0.981383815715185,43,0,0,-1,,,
9e2858dd989e5cc4,1,1.0,0,1.0,1.0,0.9844701111170079,41,0,0,-1,,,
d0c86990fe0d5bc8,1,1.0,0,1.0,1.0,0.935157139292508,43,0,0,-1,,,
0480033cdea65921,1,1.0,0,1.0,1.0,0.9755337549203924,43,0,0,-1,,,
7683c293a5a55dce,1,1.0,0,1.0,1.0,1.0,61,0,0,-1,,,
3dd9fe57e28e5c54,1,1.0,0,1.0,1.0,1.0,60,0,0,-1,,,
5403d4e6179a5354,1,1.0,0,1.0,1.0,0.8707912930709077,71,0,0,-1,,,
4ac1bcffb2bb5010,1,1.0,0,1.0,1.0,0.9625887736175036,137,0,0,-1,,,
0749cf83cbbd5284,1,1.0,0,1.0,1.0,0.9654781922549608,130,0,0,-1,,,
4154c963fb4f578d,1,1.0,0,1.0,1.0,0.9457894110707473,121,0,0,-1,,,
3acc6eea1ed15f20,1,1.0,0,1.0,1.0,0.9343194951761369,117,0,0,-1,,,
56fe5be4b9dc5c77,1,1.0,0,1.0,1.0,0.9236224566121702,113,0,0,-1,,,
1ebb462c6acd5b4d,1,1.0,0,1.0,1.0,0.8574870049599485,109,0,0,-1,,,
4abc4549b6d45891,1,1.0,0,1.0,1.0,1.0,107,0,0,-1,,,
39752b75d70d5458,1,1.0,0,1.0,1.0,1.0,103,0,0,-1,,,
80b61a3a73f55af9,1,1.0,0,1.0,1.0,1.0,282,0,0,-1,,,
feff7ece85635a65,1,1.0,0,1.0,1.0,0.9962072543178829,285,0,0,-1,,,
bdef1564d4565c48,1,1.0,0,1.0,1.0,0.9688716629732621,280,0,0,-1,,,
75b3192cd5825661,1,1.0,0,1.0,1.0,0.9826425915512814,288,0,0,-1,,,
249dd85ebaa65b9f,1,1.0,0,1.0,1.0,0.9667063022243352,293,0,0,-1,,,
3ba5c2d842785d59,1,1.0,0,1.0,1.0,0.9538320361124487,293,0,0,-1,,,
42b4245406ee5ab8,1,1.0,0,1.0,1.0,0.9530989306229648,299,0,0,-1,,,
4c46222756735317,1,1.0,0,1.0,1.0,0.9584252691224556,296,0,0,-1,,,
f64ec139a30958d0,1,1.0,0,1.0,1.0,0.8763213728489666,12,0,0,-1,,,
93ec10a2fdc35c9a,1,1.0,0,1.0,1.0,0.9188860031293341,13,0,0,-1,,,
d81b6324477757dd,1,1.0,0,1.0,1.0,0.908504002169633,13,0,0,-1,,,
7e7acb8e97a9520d,1,1.0,0,1.0,1.0,0.9243303928307495,16,0,0,-1,,,
20162e17faf656f2,1,1.0,0,1.0,1.0,0.9078530680056754,17,0,0,-1,,,
21cd38e3128a5285,1,1.0,0,1.0,1.0,0.9030389285202882,16,0,0,-1,,,
fb8bef473d555fe3,1,1.0,0,1.0,1.0,0.9205779378099866,16,0,0,-1,,,
c332bacddbfe53d9,1,1.0,0,1.0,1.0,0.910275002327252,18,0,0,-1,,,
c4c2c95cc8a358d8,1,1.0,0,1.0,1.0,0.907990972238237,20,0,0,-1,,,
baf744a3114f50d5,1,1.0,0,1.0,1.0,0.9129266734991365,21,0,0,-1,,,
b287d1e7b2965ba1,1,1.0,0,1.0,1.0,0.9027385029192593,22,0,0,-1,,,
661278fc8a9c57d3,1,1.0,0,1.0,1.0,0.950498683936858,25,0,0,-1,,,
845cd9cda6335f6b,1,1.0,0,1.0,1.0,0.8710499936718675,25,0,0,-1,,,
c67995ef5ccc58c6,1,1.0,0,1.0,1.0,0.8844828420630222,24,0,0,-1,,,
7dacba492564549f,1,1.0,0,1.0,1.0,0.9205359041321811,24,0,0,-1,,,
1ee7868373355838,1,1.0,0,1.0,1.0,1.0,24,0,0,-1,,,
36419e8c59275f61,1,1.0,0,0.0,1.0,0.5833333333333334,69,0,0,-1,,,
dd16377ecfa45fe0,1,1.0,0,1.0,1.0,1.0,68,0,0,-1,,,
6d7d043389ac52c5,1,1.0,0,1.0,1.0,0.8921069569512085,67,0,0,-1,,,
d5d4f1c1a2f0589e,1,1.0,0,1.0,1.0,0.8534368683847716,71,0,0,-1,,,
c520f76d99f359f2,1,1.0,0,1.0,1.0,0.7300200311663484,72,0,0,-1,,,
154d0d1b363f5501,1,1.0,0,1.0,1.0,0.8023818823997925,70,0,0,-1,,,
655c3f17ee2d5683,1,1.0,0,1.0,1.0,0.7961886436559261,66,0,0,-1,,,
38a5d409f1095059,1,1.0,0,1.0,0.0,0.0,63,0,0,-1,,,
47f9e40a21f7510a,1,1.0,0,1.0,1.0,1.0,12,0,0,-1,,,
a5f411a2c379503d,1,1.0,0,1.0,1.0,0.8913111564529195,4,0,0,-1,,,
ceb9332b03d3577b,1,1.0,0,1.0,1.0,0.8868707568889883,5,0,0,-1,,,
283ae14565b85cc3,1,1.0,0,1.0,1.0,0.8901526034430903,6,0,0,-1,,,
3b0c5c39455b5d00,1,1.0,0,1.0,1.0,0.8892075414434171,7,0,0,-1,,,
ccdb6840a0445870,1,1.0,0,1.0,1.0,0.8986702847071711,10,0,0,-1,,,
c8aeadf284a05f44,1,1.0,0,1.0,1.0,0.7342733717777779,23,0,0,-1,,,
3b53493dfe335ea6,1,1.0,0,1.0,1.0,0.7520933259114985,22,0,0,-1,,,
502fadfdde3554b2,1,1.0,0,1.0,1.0,0.6671323826732513,29,0,0,-1,,,
9cd4b5f3bbf85357,1,1.0,0,1.0,1.0,0.7092182438774496,29,0,0,-1,,,
cc63d140e4285f30,1,1.0,0,1.0,1.0,0.9969794143243407,28,0,0,-1,,,
ac24fb00e61a5da2,1,1.0,0,1.0,1.0,0.9167455899577979,298,0,0,-1,,,
1cf59919c4f15605,1,1.0,0,1.0,1.0,0.9089932806482802,281,0,0,-1,,,
7145c064885a53c4,1,1.0,0,1.0,1.0,0.9066242333622121,267,0,0,-1,,,
4a9901b941be5695,1,1.0,0,1.0,1.0,0.8869863379457711,237,0,0,-1,,,
14ce4ee85a9c5471,1,1.0,0,1.0,1.0,0.8992485850243854,225,0,0,-1,,,
94c0ff5134d45dd1,1,1.0,0,1.0,1.0,0.8890237426045283,20,0,0,-1,,,
b50353ebaee65cbe,1,1.0,0,1.0,1.0,0.9049736874608149,5,0,0,-1,,,
645e36c611b552ce,1,1.0,0,1.0,1.0,0.9227434011212559,5,0,0,-1,,,
7884402f265258ff,1,1.0,0,1.0,1.0,0.9034946944383551,6,0,0,-1,,,
66a6a72cc5145dd5,1,1.0,0,1.0,1.0,0.9048039232453965,6,0,0,-1,,,
cc57d9b7b5e85eb3,1,1.0,0,1.0,1.0,0.9035685919833161,5,0,0,-1,,,
76b3e192b5e45727,1,1.0,0,1.0,1.0,0.904834124258572,5,0,0,-1,,,
e3cd93e027285031,1,1.0,0,1.0,1.0,0.9055659047672932,8,0,0,-1,,,
c0fb4281da785582,1,1.0,0,1.0,0.0,0.0,65,0,0,-1,,,
11bf2d4580ab5bc2,1,1.0,0,1.0,1.0,0.8527304302823521,65,0,0,-1,,,
f4495a91b9fb505d,1,1.0,0,1.0,1.0,0.8721840890516322,14,0,0,-1,,,
8d3c8a698ac65342,1,1.0,0,1.0,1.0,0.7918383537717409,17,0,0,-1,,,
7bb715f6c245555e,1,1.0,0,1.0,1.0,0.8048489868992701,16,0,0,-1,,,
171ac85821875613,1,1.0,0,1.0,1.0,0.8876007938168002,15,0,0,-1,,,
3f4013b6af2d5850,1,1.0,0,1.0,1.0,0.8713199273769242,16,0,0,-1,,,
320446eca62c59fe,1,1.0,0,1.0,1.0,0.8759623567479496,8,0,0,-1,,,
767995ca4ab75a14,1,1.0,0,1.0,1.0,0.9535672589089853,24,0,0,-1,,,
967a6f50c73c5eb7,1,1.0,0,1.0,1.0,0.9533264334432542,25,0,0,-1,,,
8367526c1c4c5bfd,1,1.0,0,1.0,1.0,0.9217418789927042,24,0,0,-1,,,
cebdffcaf8595c9e,1,1.0,0,1.0,1.0,0.9193567711934394,26,0,0,-1,,,
476d6788dbd2518f,1,1.0,0,1.0,1.0,0.8454713429577202,26,0,0,-1,,,
6b521512edb15e2f,1,1.0,0,1.0,1.0,0.8669267684926166,26,0,0,-1,,,
b6eb541d3faf53f2,1,1.0,0,1.0,1.0,0.8806472526677913,25,0,0,-1,,,
57a85d94e9c95004,1,1.0,0,1.0,1.0,0.976962740672242,21,0,0,-1,,,
cc86bfa114035604,1,1.0,0,1.0,1.0,0.7488748290044226,37,0,0,-1,,,
93c2bfeb7c885a2e,1,1.0,0,1.0,1.0,0.7504162522146833,38,0,0,-1,,,
32c74fb957e45651,1,1.0,0,1.0,1.0,0.9477013968841367,37,0,0,-1,,,
e00c640657fb5895,1,1.0,0,1.0,1.0,0.9546293683523163,37,0,0,-1,,,
9b86b7cc0b41507b,1,1.0,0,1.0,1.0,0.9519460472601456,36,0,0,-1,,,
fb2daf8a925a5ff2,1,1.0,0,1.0,1.0,0.9218312808039547,35,0,0,-1,,,
e3aa32e033635c8d,1,1.0,0,1.0,1.0,0.8923781187162897,35,0,0,-1,,,
6d0a7f0bb4e7584b,1,1.0,0,1.0,1.0,0.881228892765693,32,0,0,-1,,,
b95ff3bc9cf45e47,1,1.0,0,1.0,1.0,0.8697268982070048,62,0,0,-1,,,
7c62648ff8a25812,1,1.0,0,1.0,1.0,0.9241800412686914,62,0,0,-1,,,
2f8dd3404f375ed8,1,1.0,0,1.0,1.0,0.8909586705165632,62,0,0,-1,,,
162436ec6cca53a4,1,1.0,0,1.0,1.0,0.8821362817793856,61,0,0,-1,,,
bc3d973c3543556c,1,1.0,0,1.0,1.0,0.8515902640734924,59,0,0,-1,,,
9f105aba36355fe1,1,1.0,0,1.0,1.0,0.5244501768650558,42,0,0,-1,,,
57eebf7c02c05c63,1,1.0,0,1.0,1.0,0.5256167559150074,41,0,0,-1,,,
cc652b7870745fa5,1,1.0,0,1.0,1.0,0.7706548377846906,40,0,0,-1,,,
9e9da0b49c475ca1,1,1.0,0,1.0,1.0,0.895584649750304,224,0,0,-1,,,
0059b8e52a3f55e8,1,1.0,0,1.0,1.0,0.8768610886173026,223,0,0,-1,,,
5777bfe33e865897,1,1.0,0,1.0,1.0,0.8706476411414958,218,0,0,-1,,,
1bf819f13d1c562f,1,1.0,0,1.0,1.0,0.8637702787105072,218,0,0,-1,,,
584c0bd68dbb55e9,1,1.0,0,1.0,1.0,0.872968331387494,214,0,0,-1,,,
b28ff93f850259ee,1,1.0,0,1.0,1.0,0.8533020992806463,208,0,0,-1,,,
ebc294355ca753b0,1,1.0,0,1.0,1.0,0.8350669710566976,202,0,0,-1,,,
27eb0ba03f385c69,1,1.0,0,1.0,1.0,0.8171699775197617,199,0,0,-1,,,
0562702fac645702,1,1.0,0,1.0,1.0,0.9044977773588586,12,0,0,-1,,,
ae6eb93043f25a20,1,1.0,0,1.0,1.0,0.9061491245782022,12,0,0,-1,,,
fd8949d5e40a54ea,1,1.0,0,1.0,1.0,0.9057222187609512,11,0,0,-1,,,
115d3d7bdadf52f8,1,1.0,0,1.0,1.0,0.9133555398013765,11,0,0,-1,,,
3f82940c5aae5ab1,1,1.0,0,1.0,1.0,0.9140755840978878,15,0,0,-1,,,
b4646fcc459d51df,1,1.0,0,1.0,1.0,0.9137759292445669,14,0,0,-1,,,
109354a9d0eb5d4c,1,1.0,0,1.0,1.0,0.8954201405300385,14,0,0,-1,,,
e0b46b7248a75fc9,1,1.0,0,1.0,1.0,0.8951372503955248,14,0,0,-1,,,
bd3312be2419553c,1,1.0,0,1.0,1.0,0.8233738353683563,189,0,0,-1,,,
30d639fe2d5057e3,1,1.0,0,1.0,1.0,1.0,180,0,0,-1,,,
afbde7335ad05055,1,1.0,0,1.0,1.0,1.0,170,0,0,-1,,,
999785384adc5afe,1,1.0,0,1.0,1.0,0.9457649052300677,163,0,0,-1,,,
351226f263825b4b,1,1.0,0,1.0,1.0,0.942059328368626,168,0,0,-1,,,
ca4be8d422eb5f56,1,1.0,0,1.0,1.0,1.0,165,0,0,-1,,,
f86eb011b333505e,1,1.0,0,1.0,1.0,0.8532355913082664,12,0,0,-1,,,
77398398b6c550c2,1,1.0,0,1.0,1.0,0.9246796658555549,11,0,0,-1,,,
afcd7846a4f35622,1,1.0,0,1.0,1.0,0.9294190289933827,13,0,0,-1,,,
52b2e626eca85976,1,1.0,0,1.0,1.0,0.7423197352361338,13,0,0,-1,,,
82551627c2415e8e,1,1.0,0,1.0,1.0,0.7580256080233988,16,0,0,-1,,,
82291c12e1485f32,1,1.0,0,1.0,1.0,0.7577923865898041,17,0,0,-1,,,
6b0ff02cbbf25aa3,1,1.0,0,1.0,1.0,0.6786854345215708,19,0,0,-1,,,
ac6b7fc70fc25a1a,1,1.0,0,1.0,1.0,0.8114690743940688,19,0,0,-1,,,
e530e78499a75539,1,1.0,0,1.0,1.0,0.8037406590551942,22,0,0,-1,,,
fe9a137303a9521c,1,1.0,0,1.0,1.0,0.8346710314428201,21,0,0,-1,,,
15356a2c8fe1529f,1,1.0,0,1.0,1.0,0.8930673845516806,15,0,0,-1,,,
cd3b8dce1faa577f,1,1.0,0,1.0,1.0,0.9214084215566741,15,0,0,-1,,,
54d9604b5b265c99,1,1.0,0,1.0,1.0,0.9254262964085352,14,0,0,-1,,,
7d74fbed5a8c534c,1,1.0,0,1.0,1.0,0.9246623357918334,14,0,0,-1,,,
ab120237801f549a,1,1.0,0,1.0,1.0,0.8961138708650348,15,0,0,-1,,,
637b5b88f5a2566c,1,1.0,0,1.0,1.0,0.8969594198388191,14,0,0,-1,,,
efd6ba6db6db5f6c,1,1.0,0,1.0,1.0,0.8979847288711159,14,0,0,-1,,,
774432c5e7b25128,1,1.0,0,1.0,1.0,0.8852349218565908,13,0,0,-1,,,
e63b6dfddfc855da,1,1.0,0,1.0,1.0,0.8201260749275944,16,0,0,-1,,,
ada676e1203d5ad7,1,1.0,0,1.0,1.0,0.8510052856364406,16,0,0,-1,,,
c5e4f3c361b252c1,1,1.0,0,1.0,1.0,0.8521059939920995,14,0,0,-1,,,
d89c9a87852151d1,1,1.0,0,1.0,1.0,0.8527403233847876,13,0,0,-1,,,
ea9e97a691b45397,1,1.0,0,1.0,1.0,0.8517726024140848,13,0,0,-1,,,
fa861c2b864254dc,1,1.0,0,1.0,1.0,0.8676981324896614,13,0,0,-1,,,
85570db66d605000,1,1.0,0,1.0,1.0,0.8707741562825696,12,0,0,-1,,,
347dccaf607055a2,1,1.0,0,1.0,1.0,0.9229380925647922,12,0,0,-1,,,
6092bab95402500f,1,1.0,0,1.0,1.0,0.9107830783937935,10,0,0,-1,,,
2b10974c7f7e5444,1,1.0,0,1.0,1.0,0.8175629461815568,35,0,0,-1,,,
e63d13e083695b1f,1,1.0,0,1.0,1.0,0.8882464255542302,27,0,0,-1,,,
ae1ac5ca165a5b5c,1,1.0,0,1.0,1.0,0.8794855769186837,29,0,0,-1,,,
64f5ed7f37905836,1,1.0,0,1.0,1.0,0.8584614839120528,30,0,0,-1,,,
6548b286c3365867,1,1.0,0,1.0,1.0,0.8749425856997094,31,0,0,-1,,,
d12bf3c2e5ab5f74,1,1.0,0,1.0,1.0,0.8568491385073281,31,0,0,-1,,,
c77d485da6ce5075,1,1.0,0,1.0,1.0,0.855592427582795,26,0,0,-1,,,
db36705ca2645415,1,1.0,0,1.0,1.0,0.8989305006378351,40,0,0,-1,,,
37d89f35328e55b6,1,1.0,0,1.0,1.0,0.9051090493932761,44,0,0,-1,,,
43d3d40d9f3b5266,1,1.0,0,1.0,1.0,0.9016926425257118,48,0,0,-1,,,
13ff352834f25320,1,1.0,0,1.0,1.0,0.8997560495562816,48,0,0,-1,,,
815ff18b70a75b8f,1,1.0,0,1.0,1.0,0.8946697835494115,48,0,0,-1,,,
f5af09063e125bb2,1,1.0,0,1.0,1.0,0.9111625574410184,49,0,0,-1,,,
8ebce152a39f5010,1,1.0,0,1.0,1.0,0.9069301906475257,49,0,0,-1,,,
dfa06e9592e65896,1,1.0,0,1.0,1.0,0.9040474555423849,50,0,0,-1,,,
37769b4b04c65713,1,1.0,0,1.0,1.0,0.8552341570367489,23,0,0,-1,,,
2b156c54c8ce5645,1,1.0,0,1.0,1.0,0.856732061500606,24,0,0,-1,,,
7d71a7025fde56f3,1,1.0,0,1.0,1.0,0.8253535828709974,26,0,0,-1,,,
829e3a1622565a63,1,1.0,0,1.0,1.0,0.8589778261902866,29,0,0,-1,,,
e859a9e666c15716,1,1.0,0,1.0,1.0,0.863164138486659,31,0,0,-1,,,
7b5a966f89f35abe,1,1.0,0,1.0,1.0,0.8349827450406355,35,0,0,-1,,,
88126672803f56a3,1,1.0,0,1.0,1.0,0.8456411358927918,36,0,0,-1,,,
9e9baaa455b55c80,1,1.0,0,1.0,1.0,0.8487910288943618,35,0,0,-1,,,
48b3dd8be2b554b6,1,1.0,0,1.0,1.0,0.896457969050266,27,0,0,-1,,,
ed0c080a65445565,1,1.0,0,1.0,1.0,0.782142959018377,29,0,0,-1,,,
e6f0e2d8ec345ad6,1,1.0,0,1.0,1.0,0.8254256169931314,29,0,0,-1,,,
9ebcea6ba47651f0,1,1.0,0,1.0,1.0,0.8462312941355746,11,0,0,-1,,,
1f1a5be0eaa35282,1,1.0,0,1.0,1.0,0.9021101920246369,12,0,0,-1,,,
8c527efc3b3b5fa0,1,1.0,0,1.0,1.0,0.9578136806550219,12,0,0,-1,,,
006d30e1af265b1e,1,1.0,0,1.0,1.0,0.9718401267737599,13,0,0,-1,,,
2991861b44895b0f,1,1.0,0,1.0,1.0,0.9283653825528081,13,0,0,-1,,,
59d306aa441a5665,1,1.0,0,1.0,1.0,0.8606418536824713,49,0,0,-1,,,
dde2ef92aa56546b,1,1.0,0,1.0,1.0,0.8649508360608094,51,0,0,-1,,,
ffd68c5733d35ebc,1,1.0,0,1.0,1.0,0.872152072633248,50,0,0,-1,,,
d58159872a0d58b7,1,1.0,0,1.0,1.0,0.8866867759829175,46,0,0,-1,,,
c4f590c6b7e85691,1,1.0,0,1.0,1.0,0.9125583536317686,45,0,0,-1,,,
58863e0ecc6357c5,1,1.0,0,1.0,1.0,0.8566670490689079,27,0,0,-1,,,
dd9143b12b155b15,1,1.0,0,1.0,1.0,0.8429893989900021,27,0,0,-1,,,
0c625b3536f2553d,1,1.0,0,1.0,1.0,0.8423421254320563,29,0,0,-1,,,
99e0c0250e6e54c5,1,1.0,0,1.0,1.0,0.8480039153317881,10,0,0,-1,,,
884826032461520d,1,1.0,0,1.0,1.0,0.856255970610509,9,0,0,-1,,,
aa4ec42ec7425de0,1,1.0,0,1.0,1.0,0.8367137371408369,9,0,0,-1,,,
4ceacfb6be565ab3,1,1.0,0,1.0,1.0,0.8408624684365954,9,0,0,-1,,,
9a6e3e5d86dd5949,1,1.0,0,1.0,1.0,0.8474887547943979,11,0,0,-1,,,
637b2eb74b0d5144,1,1.0,0,1.0,1.0,0.7689492606137591,11,0,0,-1,,,
b7dc33b2e9195867,1,1.0,0,1.0,1.0,0.8530551638019895,11,0,0,-1,,,
349b80a3d95e5f6e,1,1.0,0,1.0,1.0,0.8427276174598243,11,0,0,-1,,,
c917da347a6e5d6d,1,1.0,0,1.0,1.0,0.9069138174514929,6,0,0,-1,,,
edb0dbd58be650f3,1,1.0,0,1.0,1.0,0.7819792885600195,6,0,0,-1,,,
74cf2bc3433f59dd,1,1.0,0,1.0,1.0,0.8639434765928543,6,0,0,-1,,,
5cea066f5bc9523b,1,1.0,0,1.0,1.0,0.8286588241398144,7,0,0,-1,,,
14c80c1211bc5df8,1,1.0,0,1.0,1.0,0.8175317752564535,7,0,0,-1,,,
61d114c5cfb25663,1,1.0,0,1.0,1.0,0.8727574881510951,7,0,0,-1,,,
bf68c079985650d9,1,1.0,0,1.0,1.0,0.8726844118469513,7,0,0,-1,,,
57ec316cb2f65e46,1,1.0,0,1.0,1.0,0.8148976474191004,6,0,0,-1,,,
5a918026bb9253a5,1,1.0,0,1.0,1.0,0.8793706966979961,13,0,0,-1,,,
1c0c94dbcd5359fc,1,1.0,0,1.0,1.0,0.8776537022869894,13,0,0,-1,,,
57be56626c61528e,1,1.0,0,1.0,1.0,0.8380277062645763,11,0,0,-1,,,
7727bf26f5845499,1,1.0,0,1.0,1.0,0.8647024461166183,7,0,0,-1,,,
2f4a5f8093b25fae,1,1.0,0,1.0,1.0,0.8557597573497683,7,0,0,-1,,,
33f9f166f07350f1,1,1.0,0,1.0,1.0,0.8584337215167025,8,0,0,-1,,,
94f5e53f2e205285,1,1.0,0,1.0,1.0,0.8542986710545133,8,0,0,-1,,,
a38db8b9731f50b6,1,1.0,0,1.0,1.0,0.8560806981715472,8,0,0,-1,,,
9436b4c35a125beb,1,1.0,0,1.0,1.0,0.832834286475206,16,0,0,-1,,,
3304abff82cb5f6d,1,1.0,0,1.0,1.0,0.8348842361718353,13,0,0,-1,,,
ed7d26ad16065f5a,1,1.0,0,1.0,1.0,0.8357152825272056,13,0,0,-1,,,
c68a0ad53c105f0d,1,1.0,0,1.0,1.0,0.8603396195050167,13,0,0,-1,,,
1da970c8d7ac55b0,1,1.0,0,1.0,1.0,0.8805237119348946,15,0,0,-1,,,
bd76dffbe3065854,1,1.0,0,1.0,1.0,0.8603367233206995,14,0,0,-1,,,
1cbccb79dbe058a6,1,1.0,0,1.0,1.0,0.8581290690787587,15,0,0,-1,,,
0114734fd69b598e,1,1.0,0,1.0,1.0,0.857765451749373,16,0,0,-1,,,
75b312bbd4e25c17,1,1.0,0,1.0,1.0,1.0,102,0,0,-1,,,
96af2f9a0f9352ab,1,1.0,0,1.0,1.0,1.0,120,0,0,-1,,,
d3cca8ce7e1458ad,1,1.0,0,1.0,1.0,1.0,122,0,0,-1,,,
56780fc1a6bc53a8,1,1.0,0,1.0,1.0,1.0,126,0,0,-1,,,
2a764e45008651e0,1,1.0,0,1.0,1.0,1.0,148,0,0,-1,,,
167063f69e8357d8,1,1.0,0,1.0,1.0,1.0,154,0,0,-1,,,
b27841ee318f5d92,1,1.0,0,1.0,1.0,0.9735335175704645,79,0,0,-1,,,
2abac20522fb5014,1,1.0,0,1.0,1.0,0.9745727699086149,81,0,0,-1,,,
db026a1a1b6f5d3d,1,1.0,0,1.0,1.0,0.8721862784291883,38,0,0,-1,,,
a25bc88dbb4f5f72,1,1.0,0,1.0,1.0,0.8776324431791487,42,0,0,-1,,,
b92aaa468aa25958,1,1.0,0,1.0,1.0,0.888252357469047,46,0,0,-1,,,
f105b1f7e3a65303,1,1.0,0,1.0,1.0,0.9017120361798875,43,0,0,-1,,,
81353cb7d48a5728,1,1.0,0,1.0,1.0,0.8931577982653759,45,0,0,-1,,,
94ec2c53ddbc5dae,1,1.0,0,1.0,1.0,0.8919715577418125,43,0,0,-1,,,
d165c65009785ef9,1,1.0,0,1.0,1.0,0.8894398229161729,38,0,0,-1,,,
9baabb31eaac5335,1,1.0,0,1.0,1.0,0.9052589009445301,38,0,0,-1,,,
fc4982439fef5cb2,1,1.0,0,1.0,1.0,0.8884375550542866,52,0,0,-1,,,
52761f4f68355373,1,1.0,0,1.0,1.0,0.874668413627497,49,0,0,-1,,,
2e34ba0896d75c28,1,1.0,0,1.0,1.0,0.8788162044485449,48,0,0,-1,,,
7eb4ec2ae9fe5702,1,1.0,0,1.0,1.0,0.8723786652148041,49,0,0,-1,,,
27c0f4e2b49b5c08,1,1.0,0,1.0,1.0,0.8847815358707566,49,0,0,-1,,,
c2a93dd3494b5702,1,1.0,0,1.0,1.0,0.9210596773595405,52,0,0,-1,,,
2d84ae5e1fa85f94,1,1.0,0,1.0,1.0,0.9004088856404739,51,0,0,-1,,,
d903d26195085adb,1,1.0,0,1.0,1.0,0.9084795068935416,48,0,0,-1,,,
0f3c4d7aee1e572c,1,1.0,0,1.0,1.0,0.8614388116051241,31,0,0,-1,,,
23beee726a59557a,1,1.0,0,1.0,1.0,0.8623772908690706,28,0,0,-1,,,
4080e46653b05c94,1,1.0,0,1.0,1.0,0.8641122490978904,28,0,0,-1,,,
24817ec41ccb5f01,1,1.0,0,1.0,1.0,0.8600847255561725,27,0,0,-1,,,
03296a9251995268,1,1.0,0,1.0,1.0,0.8717724764132324,27,0,0,-1,,,
87dcff4c11315e02,1,1.0,0,1.0,1.0,0.8639766151407149,28,0,0,-1,,,
b6b5f3cc01a05f83,1,1.0,0,1.0,1.0,0.7687479747683685,27,0,0,-1,,,
cd7e4f70ce8e539b,1,1.0,0,1.0,1.0,0.818672000300496,28,0,0,-1,,,
27cd5e04627e5258,1,1.0,0,1.0,1.0,0.7910942623971183,40,0,0,-1,,,
3838eb184c9d5989,1,1.0,0,1.0,1.0,0.8656640252118518,41,0,0,-1,,,
3af9cb4d21e15e9e,1,1.0,0,1.0,1.0,0.8788389276145777,41,0,0,-1,,,
b90086e468f05378,1,1.0,0,1.0,1.0,0.879920341777222,41,0,0,-1,,,
cd58499f8230591a,1,1.0,0,1.0,1.0,0.8105698007678779,39,0,0,-1,,,
c67e9184504951c5,1,1.0,0,1.0,1.0,0.6949358667492512,39,0,0,-1,,,
012432bd62b85f80,1,1.0,0,1.0,1.0,0.7627896593722802,40,0,0,-1,,,
a689d4a215245104,1,1.0,0,1.0,1.0,0.6595728164939906,39,0,0,-1,,,
4e2c083182d75cc1,1,1.0,0,1.0,1.0,0.8974480367767145,12,0,0,-1,,,
3f6b582803bd58e8,1,1.0,0,1.0,1.0,0.951737030145997,13,0,0,-1,,,
173ccb0e08885b66,1,1.0,0,1.0,1.0,0.7985970058531661,12,0,0,-1,,,
561e8ca2d7395a7a,1,1.0,0,1.0,1.0,0.8373524718228967,9,0,0,-1,,,
d032dcd4015e5cee,1,1.0,0,1.0,1.0,0.8326511943215579,9,0,0,-1,,,
7117e9fc77fd5606,1,1.0,0,1.0,1.0,0.8302324404350272,9,0,0,-1,,,
d6359d514f13511a,1,1.0,0,1.0,1.0,0.8258710976745073,11,0,0,-1,,,
7ca54b5a28ae5667,1,1.0,0,1.0,1.0,0.8371358729149696,14,0,0,-1,,,
22021c2141625fce,1,1.0,0,1.0,0.0,0.0,7,0,0,-1,,,
89b3b0779b8d57fa,1,1.0,0,1.0,1.0,0.825617281757273,7,0,0,-1,,,
701f0be254de56dc,1,1.0,0,1.0,1.0,0.849196641241795,7,0,0,-1,,,
86c1c1bcec395011,1,1.0,0,1.0,1.0,0.8499426638599803,7,0,0,-1,,,
cc7707ad6d0d5346,1,1.0,0,1.0,1.0,0.8386424954954746,8,0,0,-1,,,
4a07defcfe7f57fb,1,1.0,0,1.0,1.0,0.8374155004580688,8,0,0,-1,,,
69bedd73861656f1,1,1.0,0,1.0,1.0,0.8387988942749409,8,0,0,-1,,,
342f42c4b2855ffb,1,1.0,0,1.0,1.0,0.8399615826154524,8,0,0,-1,,,
fdc43c8424a256ce,1,1.0,0,1.0,1.0,0.839041031924609,34,0,0,-1,,,
097d35208fcb587c,1,1.0,0,1.0,1.0,0.8294330079800135,40,0,0,-1,,,
2b40b4ee692d52a4,1,1.0,0,1.0,1.0,0.7774807461618446,41,0,0,-1,,,
f23b50abdf445d29,1,1.0,0,1.0,1.0,0.8458331019984398,39,0,0,-1,,,
ba4d9a1f0ac15364,1,1.0,0,1.0,1.0,0.8321646652015077,38,0,0,-1,,,
7c6e9037e7dd5e8c,1,1.0,0,1.0,1.0,0.8823338595260113,41,0,0,-1,,,
f01fa850d0455e68,1,1.0,0,1.0,1.0,0.8340365682059577,41,0,0,-1,,,
6042c6249f31509b,1,1.0,0,1.0,1.0,0.8294998754765688,45,0,0,-1,,,
9d13fadd8afc5833,1,1.0,0,1.0,1.0,0.7881469541350486,30,0,0,-1,,,
2b352a08cb3b59ea,1,1.0,0,1.0,1.0,0.7968453108161967,32,0,0,-1,,,
9efa05c9731a51d8,1,1.0,0,1.0,1.0,0.9357288097848744,32,0,0,-1,,,
e64d11cc39c753ba,1,1.0,0,1.0,1.0,0.9386702075113771,31,0,0,-1,,,
db723debaec15d81,1,1.0,0,1.0,1.0,1.0,30,0,0,-1,,,
82c9641923725260,1,1.0,0,1.0,1.0,1.0,31,0,0,-1,,,
3ceb5afc67975881,1,1.0,0,1.0,1.0,0.8577754973484204,34,0,0,-1,,,
66f664c031765c74,1,1.0,0,1.0,1.0,0.8573702858656419,34,0,0,-1,,,
d79874fa9ba4558e,1,1.0,0,1.0,1.0,0.885449472604079,35,0,0,-1,,,
8e84ecdbb84c5784,1,1.0,0,1.0,1.0,0.8790522267997661,36,0,0,-1,,,
b2bdd6d761035ca4,1,1.0,0,1.0,1.0,0.8678110024624823,33,0,0,-1,,,
9bdda55e20a15705,1,1.0,0,1.0,1.0,0.8600192875383943,30,0,0,-1,,,
dde59a501b7f5f15,1,1.0,0,1.0,1.0,0.8837742575982231,33,0,0,-1,,,
6fc2a1e0a7915147,1,1.0,0,1.0,1.0,0.8735007806229514,32,0,0,-1,,,
c3cdc9086b1a55f6,1,1.0,0,1.0,1.0,0.8405696212806081,32,0,0,-1,,,
01518f6335d75c16,1,1.0,0,1.0,1.0,0.8589712360693831,32,0,0,-1,,,
1dc0a266d7ea5c61,1,1.0,0,1.0,1.0,0.810633425857119,45,0,0,-1,,,
b2c6c9741b7b5638,1,1.0,0,1.0,1.0,0.8284921795873538,46,0,0,-1,,,
5ca0bd6bc8e258c9,1,1.0,0,1.0,1.0,0.8243339033905656,46,0,0,-1,,,
1b2bf4aef1465325,1,1.0,0,1.0,1.0,0.8177994334633532,46,0,0,-1,,,
7606dcaf85735093,1,1.0,0,1.0,1.0,0.8504157556743513,45,0,0,-1,,,
7b7a36c1491a54e2,1,1.0,0,1.0,1.0,0.8715792269007262,43,0,0,-1,,,
e3a97e3004795b39,1,1.0,0,1.0,1.0,0.8733547672178507,45,0,0,-1,,,
5966bd50b16558ca,1,1.0,0,1.0,1.0,0.8216169066057475,47,0,0,-1,,,
28cd9541bc35593f,1,1.0,0,1.0,1.0,0.8788955350410556,39,0,0,-1,,,
4cee76c8118b5609,1,1.0,0,1.0,1.0,0.7017109580617852,40,0,0,-1,,,
b555e2488dc7531e,1,1.0,0,1.0,1.0,0.6987795746901205,43,0,0,-1,,,
873e80bc10d156ea,1,1.0,0,1.0,1.0,0.6917014349332739,44,0,0,-1,,,
1e0e26ffc2ae5b34,1,1.0,0,1.0,1.0,0.8378736233214706,44,0,0,-1,,,
9ec45037796f541c,1,1.0,0,1.0,1.0,0.8779753126990082,47,0,0,-1,,,
a9956fd52aa15f39,1,0.0,1,0.0,1.0,0.0,46,1,0,2,PEDESTRIAN,2,5.3
1a0605b15ce0596b,1,1.0,0,1.0,1.0,1.0,47,0,0,-1,,,
a82187d6e7805fa2,1,1.0,0,1.0,1.0,0.8571628185146692,27,0,0,-1,,,
be85b447a33b59f8,1,1.0,0,1.0,1.0,0.866209164512124,27,0,0,-1,,,
6c84787939055fe8,1,1.0,0,1.0,1.0,0.9769511332883342,27,0,0,-1,,,
7b7d556d563f5ac4,1,1.0,0,1.0,1.0,0.9575490904793392,28,0,0,-1,,,
d5a5e1b5588b56d5,1,1.0,0,1.0,1.0,0.9341533665287459,28,0,0,-1,,,
f8682fec1c2e5c59,1,1.0,0,1.0,1.0,0.8909689709284184,29,0,0,-1,,,
a2fe72b034765149,1,1.0,0,1.0,1.0,0.8628788067153702,28,0,0,-1,,,
09034d77d3b15c5a,1,1.0,0,1.0,1.0,0.8372992768878893,28,0,0,-1,,,
d02fff0452445952,1,1.0,0,1.0,1.0,0.8363143666389972,10,0,0,-1,,,
da026eb9dcf75339,1,1.0,0,1.0,1.0,0.8475422867191397,10,0,0,-1,,,
a2f75428b992536c,1,1.0,0,1.0,1.0,0.850163832592493,12,0,0,-1,,,
97080182e9a455b3,1,1.0,0,1.0,1.0,0.8475802646751122,12,0,0,-1,,,
05d010f73fab576b,1,1.0,0,1.0,1.0,0.8496153841195825,15,0,0,-1,,,
24df13e119aa5d5d,1,1.0,0,1.0,1.0,0.8262579093323001,14,0,0,-1,,,
691a4ca60e745bea,1,1.0,0,1.0,1.0,0.8322215752402017,15,0,0,-1,,,
6cd6a10cb3595110,1,1.0,0,1.0,1.0,0.8720160164425499,15,0,0,-1,,,
22dcb62f62a15d42,1,1.0,0,1.0,1.0,0.7974411920593308,57,0,0,-1,,,
8294a047fcda5698,1,1.0,0,1.0,1.0,0.8478031813501774,62,0,0,-1,,,
e8edb3108f41545c,1,1.0,0,1.0,1.0,0.8446839530333912,63,0,0,-1,,,
0c3a4023a05d507c,1,1.0,0,1.0,1.0,0.8737826769219081,62,0,0,-1,,,
63a48cda986b569b,1,1.0,0,1.0,1.0,0.8424424461456376,62,0,0,-1,,,
7fd8acb62ee556d0,1,1.0,0,1.0,1.0,0.8694556573151951,69,0,0,-1,,,
13ba9275e341525b,1,1.0,0,1.0,1.0,0.7741869580690697,49,0,0,-1,,,
5cc24961cbed5fd0,1,1.0,0,1.0,1.0,0.8844595162956536,50,0,0,-1,,,
6ef9b5c13bb952cd,1,1.0,0,1.0,1.0,0.8762609873801225,46,0,0,-1,,,
03d1885be4355a79,1,1.0,0,1.0,1.0,0.8760084275358578,47,0,0,-1,,,
e74ca27f40755297,1,1.0,0,1.0,1.0,0.8411408753103071,45,0,0,-1,,,
40e774c643fc5689,1,1.0,0,1.0,1.0,0.798457244372177,46,0,0,-1,,,
325989552f0d5845,1,1.0,0,1.0,1.0,0.7151493182318455,47,0,0,-1,,,
50ffc42cec865b2e,1,1.0,0,1.0,1.0,0.6817976572766273,45,0,0,-1,,,
076f6be5815b547f,1,1.0,0,1.0,1.0,0.8781400727274535,42,0,0,-1,,,
be9298a106f552af,1,1.0,0,1.0,1.0,0.9413016119749421,39,0,0,-1,,,
5856cd24d07c5b79,1,1.0,0,1.0,1.0,0.8454886306027779,34,0,0,-1,,,
e5de42748cb65962,1,1.0,0,1.0,1.0,0.8546410284910694,34,0,0,-1,,,
0004474e9e3f5470,1,1.0,0,1.0,1.0,0.8723175941013613,37,0,0,-1,,,
1b10cc004b735f40,1,1.0,0,1.0,1.0,0.8727725041986684,37,0,0,-1,,,
44de6aa3d6955912,1,1.0,0,1.0,1.0,0.9550204538060907,38,0,0,-1,,,
b4797f8fbe08559f,1,1.0,0,1.0,1.0,0.8922057418745121,21,0,0,-1,,,
d392c806c0605f72,1,1.0,0,1.0,1.0,0.8849019517896717,20,0,0,-1,,,
9bb5a81e7fad549a,1,1.0,0,1.0,1.0,0.9185080997235674,19,0,0,-1,,,
5521dd071ee95c1a,1,1.0,0,1.0,1.0,0.952892364163722,38,0,0,-1,,,
20cc0fdb7e2d5c3f,1,1.0,0,1.0,1.0,0.9673056031807241,40,0,0,-1,,,
77dce92bdc8752d4,1,1.0,0,1.0,1.0,0.947730685752266,39,0,0,-1,,,
a1848a01a20b5224,1,1.0,0,1.0,0.0,0.0,33,0,0,-1,,,
6fe17a5e4d755f59,1,1.0,0,1.0,0.0,0.0,32,0,0,-1,,,
21b63f3e9c025da2,1,1.0,0,1.0,1.0,1.0,31,0,0,-1,,,
d86683ee976e5889,1,1.0,0,1.0,0.0,0.0,27,0,0,-1,,,
3b3627c7892d5b5e,1,1.0,0,1.0,1.0,0.9220518932393192,24,0,0,-1,,,
f16753eac7825480,1,1.0,0,1.0,1.0,0.9459527722354091,28,0,0,-1,,,
d7099c8643c95283,1,1.0,0,1.0,1.0,0.9738649489803807,26,0,0,-1,,,
56783067f37c553f,1,1.0,0,1.0,1.0,0.8326328765513371,24,0,0,-1,,,
3e5647cd8d1a50c2,1,1.0,0,1.0,1.0,0.8000684850475178,25,0,0,-1,,,
bf613de6319c5473,1,1.0,0,1.0,1.0,0.8772852235306795,30,0,0,-1,,,
4fd76f9d056d5fb3,1,1.0,0,1.0,1.0,0.8649862351764425,30,0,0,-1,,,
21000f5c15845bf4,1,1.0,0,1.0,1.0,0.8861214452217091,29,0,0,-1,,,
ee7a9468bd475205,1,1.0,0,1.0,1.0,0.8692561312552142,28,0,0,-1,,,
9021c431095f520f,1,1.0,0,1.0,1.0,0.8182323438715216,63,0,0,-1,,,
141d6f95ecf059c4,1,1.0,0,1.0,1.0,0.80923800875476,62,0,0,-1,,,
c940e807dd6b53c8,1,1.0,0,1.0,1.0,0.8012074715773941,60,0,0,-1,,,
d242cc91d5ef57b7,1,1.0,0,1.0,1.0,0.6781794012891605,62,0,0,-1,,,
d084fdb9e50258ba,1,1.0,0,1.0,1.0,0.7099941417752186,64,0,0,-1,,,
f67e431f781659eb,1,1.0,0,1.0,1.0,0.8311146578245353,64,0,0,-1,,,
3e0d470196605588,1,1.0,0,1.0,1.0,0.703413479268436,62,0,0,-1,,,
bd28f12ef0295020,1,1.0,0,1.0,1.0,0.8382040958404513,57,0,0,-1,,,
a243657871795ce2,1,1.0,0,1.0,1.0,1.0,16,0,0,-1,,,
48ba976afe6a59c8,1,1.0,0,1.0,1.0,0.8087037456789418,11,0,0,-1,,,
3d325eb7d07c587f,1,1.0,0,1.0,1.0,0.7060604280354085,12,0,0,-1,,,
93614dfd833d5423,1,1.0,0,1.0,1.0,0.7237692909586517,13,0,0,-1,,,
786c64badbb15a9c,1,1.0,0,1.0,1.0,0.8599655268519748,16,0,0,-1,,,
16069af36de45703,1,1.0,0,1.0,1.0,0.8292881073235051,18,0,0,-1,,,
f76d76bae0365a21,1,1.0,0,1.0,1.0,1.0,19,0,0,-1,,,
debb1dafdd77545e,1,1.0,0,1.0,1.0,0.7137242687544716,23,0,0,-1,,,
d02d0643d42c5d91,1,1.0,0,1.0,1.0,0.7157115898507208,29,0,0,-1,,,
9c1f46770f2655b1,1,1.0,0,1.0,1.0,0.9235792182994779,32,0,0,-1,,,
37c8a00c76905ffe,1,1.0,0,0.0,1.0,0.5458882266864038,32,0,0,-1,,,
73bc5ba81812539f,1,1.0,0,0.0,1.0,0.5833333333333334,32,0,0,-1,,,
eb86e67498595966,1,1.0,0,0.0,1.0,0.5833333333333334,34,0,0,-1,,,
57177f12c7045c13,1,1.0,0,0.0,1.0,0.5791476928220912,36,0,0,-1,,,
4aab1b32b1ad58aa,1,1.0,0,0.0,0.0,0.0,35,0,0,-1,,,
5c46c17f514b5153,1,1.0,0,1.0,1.0,1.0,35,0,0,-1,,,
2c8a58b94332570d,1,1.0,0,1.0,1.0,0.9299402104608099,28,0,0,-1,,,
289a58bd2ab6512b,1,1.0,0,1.0,1.0,0.7660494634804954,29,0,0,-1,,,
3b8bc6ec37105767,1,1.0,0,1.0,1.0,0.785520599719761,36,0,0,-1,,,
65a5be18fdb7508d,1,1.0,0,1.0,1.0,0.7789997133449839,34,0,0,-1,,,
ce23b8e489255237,1,1.0,0,1.0,1.0,0.7256577453161316,30,0,0,-1,,,
682413e506fc5bac,1,1.0,0,1.0,1.0,0.7244448124890676,29,0,0,-1,,,
02cc0007d6755abc,1,1.0,0,1.0,1.0,0.7259187895791871,30,0,0,-1,,,
49f205ebb9d559c2,1,1.0,0,1.0,1.0,0.716544858453742,32,0,0,-1,,,
83671631057f50a4,1,1.0,0,1.0,1.0,1.0,36,0,0,-1,,,
35c98e62401f5c7e,1,1.0,0,1.0,1.0,0.950876163015517,32,0,0,-1,,,
1c03788c47b75b6b,1,1.0,0,1.0,1.0,0.9466795234451769,33,0,0,-1,,,
fdcbf84507845615,1,1.0,0,1.0,1.0,0.9857037202771508,33,0,0,-1,,,
aa843e4d6d3b5fc3,1,1.0,0,1.0,1.0,0.9831536436444646,32,0,0,-1,,,
fbe5169b7fc85137,1,1.0,0,1.0,1.0,1.0,33,0,0,-1,,,
61138bee69015264,1,1.0,0,1.0,1.0,0.842726364185966,34,0,0,-1,,,
6151a6ef02ee5f8e,1,1.0,0,1.0,1.0,0.8444159105989151,34,0,0,-1,,,
6f81927cafa65005,1,1.0,0,1.0,1.0,0.9422789217178421,25,0,0,-1,,,
ea1b4fddc18d51bf,1,1.0,0,1.0,1.0,0.9965858916765328,25,0,0,-1,,,
44c38912946e580e,1,1.0,0,1.0,1.0,0.9890155474540023,25,0,0,-1,,,
0f7a1388a17f5654,1,1.0,0,1.0,1.0,0.9541416240844923,26,0,0,-1,,,
7cf4a1ba9b6054f9,1,1.0,0,1.0,1.0,0.9851890654233394,25,0,0,-1,,,
e2de3bfda0725acc,1,1.0,0,1.0,1.0,0.9455929643232772,26,0,0,-1,,,
566cac9a7c0358ce,1,1.0,0,1.0,1.0,0.9169874823357996,24,0,0,-1,,,
1b1f22e9af535f9f,1,1.0,0,1.0,1.0,0.8137452399046894,40,0,0,-1,,,
8984fe1857e057b3,1,1.0,0,1.0,1.0,0.84906416410744,62,0,0,-1,,,
c69d4cbd79ea52a0,1,1.0,0,1.0,1.0,0.7070612946378573,63,0,0,-1,,,
da848499bd6759c9,1,1.0,0,1.0,1.0,0.9213365686335685,78,0,0,-1,,,
ab872f589011527d,1,1.0,0,1.0,1.0,0.8985450936487843,79,0,0,-1,,,
8bd32ab85e615190,1,1.0,0,1.0,1.0,0.7308029154716661,78,0,0,-1,,,
f8d3738f77c05163,1,1.0,0,1.0,1.0,0.7137567879066152,79,0,0,-1,,,
526b66c665085401,1,1.0,0,1.0,1.0,0.8453190091319357,79,0,0,-1,,,
551afc276a1a5ab3,1,1.0,0,1.0,1.0,0.9213294434570577,60,0,0,-1,,,
03ad57c205da56f2,1,1.0,0,1.0,1.0,0.901334743340512,19,0,0,-1,,,
fc0acfe530ba5562,1,1.0,0,1.0,1.0,0.9296779662016568,19,0,0,-1,,,
bdb2a3cdeadc51c7,1,1.0,0,1.0,1.0,0.9257701098132145,19,0,0,-1,,,
39215c6e71725031,1,1.0,0,1.0,1.0,0.9493527488041525,23,0,0,-1,,,
38f5cc0699195554,1,1.0,0,1.0,1.0,0.9520251650777932,21,0,0,-1,,,
9ed1a37904015782,1,1.0,0,1.0,1.0,0.9572531114294085,22,0,0,-1,,,
4f08dd3299925309,1,1.0,0,1.0,1.0,0.9624300668825437,23,0,0,-1,,,
f016e2b6ac155a30,1,1.0,0,1.0,1.0,0.987240287924111,27,0,0,-1,,,
4d13950871eb5917,1,1.0,0,1.0,1.0,0.8495214194502356,20,0,0,-1,,,
6a833f3690205bac,1,1.0,0,1.0,1.0,0.8708656978853165,19,0,0,-1,,,
3c99fcb4ef8c5382,1,1.0,0,1.0,1.0,0.8951866491507978,16,0,0,-1,,,
b6131f42e3c05ea1,1,1.0,0,1.0,1.0,0.8313152512112665,15,0,0,-1,,,
2943657d55dc5d65,1,1.0,0,1.0,1.0,0.8758539672069731,14,0,0,-1,,,
66b9427f41385b55,1,1.0,0,1.0,1.0,0.8682031284670809,14,0,0,-1,,,
80fdf1c45abd5c48,1,1.0,0,1.0,1.0,0.8889212490994214,15,0,0,-1,,,
d94271077f7a5432,1,1.0,0,1.0,1.0,0.8916808899827583,17,0,0,-1,,,
6d9b7998b38a52a3,1,1.0,0,1.0,1.0,0.9232483204246327,50,0,0,-1,,,
8ab90aef703b50cc,1,1.0,0,1.0,1.0,0.8696327522301339,51,0,0,-1,,,
9411f5b779cb5d09,1,1.0,0,1.0,1.0,0.8329794919067709,53,0,0,-1,,,
355e4d5dc6c15b9b,1,1.0,0,1.0,1.0,0.7997536324951934,51,0,0,-1,,,
79c9f05d61955e2d,1,1.0,0,1.0,1.0,0.8056779209581709,53,0,0,-1,,,
02c896df120754ba,1,1.0,0,1.0,1.0,0.7305008395776763,42,0,0,-1,,,
f9f38dec4f2c58d7,1,1.0,0,1.0,1.0,0.8360819920131098,41,0,0,-1,,,
3cc3567e89f95e0a,1,1.0,0,1.0,1.0,0.8236730013031838,42,0,0,-1,,,
613c9ac33f6951ca,1,1.0,0,1.0,0.0,0.0,22,0,0,-1,,,
6950076b024c51db,1,1.0,0,1.0,0.0,0.0,23,0,0,-1,,,
da590e67d2e6532a,1,1.0,0,1.0,1.0,1.0,23,0,0,-1,,,
976ec6840abe5733,1,1.0,0,1.0,1.0,0.887339792478668,22,0,0,-1,,,
dc39a0845cde5b42,1,1.0,0,1.0,1.0,0.8980495838019351,22,0,0,-1,,,
4fd76c8d85845816,1,1.0,0,1.0,1.0,0.9315081835045147,18,0,0,-1,,,
bd7154fc2b1f548b,1,1.0,0,1.0,1.0,0.9619646817585688,16,0,0,-1,,,
f7143ad20856584c,1,1.0,0,1.0,1.0,0.9660210721799217,18,0,0,-1,,,
fae7a01d5d815f04,1,1.0,0,1.0,1.0,0.8978607862834375,69,0,0,-1,,,
d35a0c5da0c55970,1,1.0,0,1.0,1.0,0.7522308049674594,69,0,0,-1,,,
4554dbd136da53b8,1,1.0,0,1.0,1.0,0.959407212291823,63,0,0,-1,,,
cac5deee337257e1,1,1.0,0,1.0,1.0,0.9619207549003367,63,0,0,-1,,,
f01212b1c5b25520,1,1.0,0,1.0,1.0,0.9823489502244261,61,0,0,-1,,,
a34e53ca202b5fa3,1,1.0,0,1.0,1.0,0.9726275439496357,56,0,0,-1,,,
edeaf2305fa85143,1,1.0,0,1.0,1.0,0.9569721604573327,52,0,0,-1,,,
dd162898ecf351d4,1,1.0,0,1.0,1.0,1.0,19,0,0,-1,,,
a0ff0b74063659a2,1,1.0,0,1.0,1.0,0.8536640133959401,29,0,0,-1,,,
c80072cd3e165a71,1,1.0,0,1.0,1.0,0.8730361800627536,28,0,0,-1,,,
09d9a0cd32c25dee,1,1.0,0,1.0,1.0,0.8714873113223978,28,0,0,-1,,,
f57582f9a7dc511c,1,1.0,0,1.0,1.0,0.8616926734080517,32,0,0,-1,,,
a5db7f072b0a58d4,1,1.0,0,1.0,1.0,0.882782837383537,31,0,0,-1,,,
4a4a11299e125c20,1,1.0,0,1.0,1.0,0.8788076809555964,31,0,0,-1,,,
947b3794a3275a2c,1,1.0,0,1.0,1.0,0.770439281761749,69,0,0,-1,,,
278885f077d65d53,1,1.0,0,1.0,1.0,0.7444946589107518,64,0,0,-1,,,
5ff30edb240758c4,1,1.0,0,1.0,1.0,0.9079739652394977,20,0,0,-1,,,
eb3c2a16d549564a,1,1.0,0,1.0,1.0,0.9259037716333701,19,0,0,-1,,,
bdb483626cc95b2b,1,1.0,0,1.0,1.0,0.8728650950259506,18,0,0,-1,,,
888d1fb945ed5982,1,1.0,0,1.0,1.0,0.8271222902102878,17,0,0,-1,,,
52cb88473a965bac,1,1.0,0,1.0,1.0,0.8161459730878654,15,0,0,-1,,,
dd8205f11d7a5918,1,1.0,0,1.0,1.0,0.8926176059271865,15,0,0,-1,,,
6ed01f269a835519,1,1.0,0,1.0,1.0,0.8493829988758961,15,0,0,-1,,,
21b8742127e7523c,1,1.0,0,1.0,1.0,0.9099196889313289,21,0,0,-1,,,
fe22e2c812e65096,1,1.0,0,1.0,1.0,0.791561004449047,43,0,0,-1,,,
59bf40c427da5eb1,1,1.0,0,1.0,1.0,0.8002737604076023,44,0,0,-1,,,
bd3e71c7666156ee,1,1.0,0,1.0,1.0,0.8234904758082457,45,0,0,-1,,,
17aa66edae0e5214,1,1.0,0,0.0,1.0,0.3333284221041737,44,0,0,-1,,,
60e98c18f487568c,1,1.0,0,1.0,1.0,0.7373568673959164,44,0,0,-1,,,
da928b52410d5da6,1,1.0,0,1.0,1.0,0.8146993256557925,42,0,0,-1,,,
b031e4b0aea8528b,1,1.0,0,1.0,1.0,0.7085491287053675,42,0,0,-1,,,
6bc26fb97d7f5d48,1,1.0,0,1.0,1.0,0.6972870112588406,42,0,0,-1,,,
48bbe3acc93450aa,1,1.0,0,1.0,1.0,0.7619212506351314,74,0,0,-1,,,
82e1485de4fa5b71,1,1.0,0,1.0,1.0,0.7128793128516495,74,0,0,-1,,,
05afd4630a525f78,1,1.0,0,1.0,1.0,0.7134628115961896,67,0,0,-1,,,
dd54db98a83b5714,1,1.0,0,1.0,1.0,0.7476560034461016,67,0,0,-1,,,
037b976caae85af5,1,1.0,0,1.0,1.0,0.7887071112272223,64,0,0,-1,,,
f2655b7cd5d15a20,1,1.0,0,1.0,1.0,0.6652606251596067,63,0,0,-1,,,
9a15d775514e5018,1,1.0,0,1.0,1.0,0.8135570046982804,61,0,0,-1,,,
d01fec804cd45644,1,1.0,0,1.0,1.0,0.8077664593018543,61,0,0,-1,,,
c1839a3333695317,1,1.0,0,1.0,1.0,1.0,38,0,0,-1,,,
b7505d7478385be9,1,1.0,0,1.0,1.0,1.0,39,0,0,-1,,,
017e89f6f6a85d79,1,1.0,0,1.0,1.0,1.0,37,0,0,-1,,,
3e1c321be4295fc7,1,1.0,0,1.0,1.0,1.0,36,0,0,-1,,,
30e7a7c93a225968,1,1.0,0,1.0,1.0,1.0,34,0,0,-1,,,
d61fe42422225edf,1,1.0,0,1.0,1.0,1.0,31,0,0,-1,,,
59928d37e9245bf3,1,1.0,0,1.0,1.0,1.0,31,0,0,-1,,,
24f29711e1a05cb5,1,0.0,1,0.0,1.0,0.0,21,1,0,11,VEHICLE,11,43.3
d7cc45e58d175329,1,1.0,0,1.0,1.0,0.8494111547545979,41,0,0,-1,,,
f0d1419c24b85651,1,1.0,0,1.0,1.0,0.8865779460529831,39,0,0,-1,,,
65d05fc646de5ce6,1,1.0,0,1.0,1.0,0.8914689572430888,37,0,0,-1,,,
fb8731e672c45a13,1,1.0,0,1.0,1.0,0.9072562779967591,35,0,0,-1,,,
edf7e758c7075ce8,1,1.0,0,1.0,1.0,0.8923325568903001,54,0,0,-1,,,
2695738230ce5ad0,1,1.0,0,1.0,1.0,1.0,58,0,0,-1,,,
b7f26baef02d54ea,1,1.0,0,1.0,1.0,1.0,62,0,0,-1,,,
569187407cd3517c,1,1.0,0,1.0,1.0,1.0,63,0,0,-1,,,
f5ebfa68c2315d0c,1,1.0,0,1.0,1.0,1.0,20,0,0,-1,,,
37c816fee82753e3,1,1.0,0,1.0,1.0,1.0,21,0,0,-1,,,
9cc2069263cc5e4a,1,1.0,0,1.0,1.0,1.0,20,0,0,-1,,,
6326e62f04625791,1,1.0,0,1.0,1.0,1.0,29,0,0,-1,,,
cde54c98cbec5255,1,1.0,0,1.0,1.0,0.9590941346690421,32,0,0,-1,,,
92e7b3a7f4d054f3,1,1.0,0,1.0,1.0,0.8717991134460948,31,0,0,-1,,,
76a07493339e5e81,1,1.0,0,1.0,1.0,1.0,31,0,0,-1,,,
cebd7d74024b5cce,1,1.0,0,1.0,1.0,1.0,25,0,0,-1,,,
8d6afa56bbb95f18,1,1.0,0,1.0,1.0,0.9549323735653609,62,0,0,-1,,,
3721b675d426567c,1,1.0,0,1.0,1.0,1.0,60,0,0,-1,,,
80dea9d7cb445906,1,1.0,0,1.0,1.0,1.0,62,0,0,-1,,,
3daa044b17795a85,1,1.0,0,1.0,1.0,1.0,64,0,0,-1,,,
cba43d02cf795a0f,1,1.0,0,1.0,1.0,1.0,62,0,0,-1,,,
fdde37fbe3d35bef,1,1.0,0,1.0,1.0,0.9348350931707063,61,0,0,-1,,,
bc63d7f1ab7759ee,1,1.0,0,1.0,1.0,0.9366444860359828,62,0,0,-1,,,
6f385b24c5a651bf,1,1.0,0,1.0,1.0,0.9228886706758851,61,0,0,-1,,,
d444aa6b0d4a5573,1,1.0,0,1.0,1.0,0.867279594202738,44,0,0,-1,,,
df1a9e58ca1150cd,1,1.0,0,1.0,1.0,0.7913003065237157,44,0,0,-1,,,
f964ec80acf557bd,1,1.0,0,1.0,1.0,0.8495956134839265,44,0,0,-1,,,
dc168a56b2755e21,1,1.0,0,1.0,1.0,0.8322935274378104,44,0,0,-1,,,
1ce780e012fc5d23,1,1.0,0,1.0,1.0,0.7312631724349723,44,0,0,-1,,,
7a8c81a7cd1256e0,1,1.0,0,1.0,1.0,0.7264377762309095,45,0,0,-1,,,
7a91cd530cac57fc,1,1.0,0,1.0,1.0,0.7262343610471321,46,0,0,-1,,,
205143f7ff4d5b4b,1,1.0,0,1.0,1.0,0.7189673037784825,44,0,0,-1,,,
13310ca9a7715154,1,1.0,0,1.0,1.0,0.7844022477853242,61,0,0,-1,,,
af0e2b61cba953de,1,1.0,0,1.0,1.0,0.8199208418729432,61,0,0,-1,,,
6dfba05513f05909,1,1.0,0,1.0,1.0,0.8170253117353871,59,0,0,-1,,,
60af77348f6257b6,1,1.0,0,1.0,1.0,0.8098475192036458,61,0,0,-1,,,
0e60a3a86ce2570d,1,1.0,0,1.0,1.0,0.8063355330632876,62,0,0,-1,,,
e9799c219eb25a48,1,1.0,0,1.0,1.0,1.0,60,0,0,-1,,,
fcb205c7324051ae,1,1.0,0,1.0,1.0,1.0,60,0,0,-1,,,
045a93a43af35fd1,1,1.0,0,1.0,1.0,1.0,59,0,0,-1,,,
9d1bd4fa169c5ebe,1,1.0,0,1.0,1.0,0.882797251493154,67,0,0,-1,,,
d21b22d6c0405ad7,1,1.0,0,1.0,1.0,0.8766233084701546,68,0,0,-1,,,
3862c9ed94ab5f90,1,1.0,0,1.0,1.0,0.8585673243027253,67,0,0,-1,,,
4ae7296f92115e83,1,1.0,0,1.0,1.0,0.9545102682442071,67,0,0,-1,,,
96eed7e55d4c5f8b,1,1.0,0,1.0,1.0,0.9322313801131715,60,0,0,-1,,,
0f186e17ed445c5a,1,1.0,0,1.0,1.0,0.8924420815097727,56,0,0,-1,,,
96c8893a610b51ba,1,1.0,0,1.0,1.0,0.8862523123011415,56,0,0,-1,,,
a924eaf3a0c35078,1,1.0,0,1.0,1.0,0.9085862432549687,53,0,0,-1,,,
1f57ce2072e25edb,1,1.0,0,1.0,1.0,0.9378058330253453,59,0,0,-1,,,
708d081d555a5aa7,1,1.0,0,1.0,1.0,0.920849798841502,59,0,0,-1,,,
59b32114d8b252c8,1,1.0,0,1.0,1.0,0.902116715807651,70,0,0,-1,,,
103ac69be43f55b5,1,1.0,0,1.0,1.0,0.9008171436689812,73,0,0,-1,,,
0578fbc7c369583a,1,1.0,0,1.0,1.0,1.0,75,0,0,-1,,,
365c0937de9d5885,1,1.0,0,1.0,1.0,0.8938305217692784,72,0,0,-1,,,
c6b7a8d63fc95d3a,1,1.0,0,1.0,1.0,0.9414327526710191,72,0,0,-1,,,
131ab0263b07507c,1,1.0,0,1.0,1.0,1.0,77,0,0,-1,,,
52c337a436ab5362,1,1.0,0,1.0,1.0,0.8666287530842048,45,0,0,-1,,,
e3a04835bb6357ad,1,1.0,0,1.0,1.0,0.8404182764686102,46,0,0,-1,,,
11d28b80cd0a56d5,1,1.0,0,1.0,1.0,0.8510508868126433,41,0,0,-1,,,
bcf787cdb66453f0,1,1.0,0,0.0,1.0,0.5763783843962986,40,0,0,-1,,,
d37cdaefc82d5cb2,1,1.0,0,0.0,1.0,0.5833333333333334,41,0,0,-1,,,
2ee34c8975525f5c,1,1.0,0,0.0,1.0,0.5833333333333334,40,0,0,-1,,,
8f0f7125a2e856b8,1,1.0,0,0.0,1.0,0.5833333333333334,41,0,0,-1,,,
e7da21c4ef4a5e3f,1,0.0,1,0.0,1.0,0.0,41,1,0,0,VEHICLE,0,2.8
3a8a83bdb2c05a02,1,1.0,0,1.0,1.0,0.94454909657969,42,0,0,-1,,,
a1a8c4053bc7577e,1,1.0,0,1.0,1.0,0.9342357874257826,40,0,0,-1,,,
5ab14dca42a058d9,1,1.0,0,1.0,1.0,0.9244307888491073,39,0,0,-1,,,
60c5f18db58c54da,1,1.0,0,1.0,1.0,0.9297543790599724,35,0,0,-1,,,
812b2b639eb759f4,1,1.0,0,1.0,1.0,0.9542637359902607,34,0,0,-1,,,
260efd01066156ab,1,1.0,0,1.0,1.0,0.9402081499805526,34,0,0,-1,,,
1f211666d4465388,1,1.0,0,1.0,1.0,0.8522769112632864,44,0,0,-1,,,
21128a317e82595f,1,1.0,0,1.0,1.0,0.8833462946929688,46,0,0,-1,,,
c7b679fb61655f22,1,1.0,0,1.0,1.0,1.0,59,0,0,-1,,,
8d0d984d4e2a5363,1,1.0,0,1.0,1.0,0.9961053550435611,62,0,0,-1,,,
a1fa084b258b5672,1,1.0,0,1.0,1.0,0.9694594029333184,64,0,0,-1,,,
6058f9d8998e5a95,1,1.0,0,1.0,1.0,1.0,60,0,0,-1,,,
e26de26a56dd5d21,1,1.0,0,1.0,1.0,1.0,60,0,0,-1,,,
17eb5d70d9f15c7e,1,1.0,0,1.0,1.0,0.9981807483439988,60,0,0,-1,,,
565e485cbedb506f,1,1.0,0,1.0,1.0,0.9448196826612246,60,0,0,-1,,,
fc4bdb76d30553b0,1,1.0,0,1.0,1.0,0.8904953148258423,61,0,0,-1,,,
bf896d504b4356c7,1,1.0,0,1.0,1.0,0.9409454013872219,74,0,0,-1,,,
28a0cdbbc1e55291,1,1.0,0,1.0,1.0,0.9498593516876931,74,0,0,-1,,,
23ad4e776c025531,1,1.0,0,1.0,1.0,0.9532725247933179,76,0,0,-1,,,
0c6772102cc550ef,1,1.0,0,1.0,1.0,1.0,78,0,0,-1,,,
3e634fa2ea715bb1,1,1.0,0,1.0,1.0,0.8890849680616052,76,0,0,-1,,,
c41b4666b98e5b92,1,1.0,0,1.0,1.0,0.8367037313836928,76,0,0,-1,,,
ad0c441309de5d2e,1,1.0,0,1.0,1.0,0.9331697648700669,72,0,0,-1,,,
06ea285b61b55a54,1,1.0,0,1.0,1.0,0.920305009470094,69,0,0,-1,,,
4104c86ea5425c40,1,1.0,0,1.0,1.0,0.5330643178906376,29,0,0,-1,,,
ffed00245f3f5d00,1,1.0,0,1.0,1.0,0.9365490542987621,28,0,0,-1,,,
e036ba13ad4d5784,1,1.0,0,1.0,1.0,1.0,27,0,0,-1,,,
caa0f73288d75ba7,1,1.0,0,1.0,1.0,0.9379210050272473,26,0,0,-1,,,
ac73220f793d522e,1,1.0,0,1.0,1.0,0.9346265134261552,26,0,0,-1,,,
3151813685fe5b1d,1,1.0,0,1.0,1.0,0.9338776712705382,27,0,0,-1,,,
594e39f9024a5835,1,1.0,0,1.0,1.0,0.9342245521750572,24,0,0,-1,,,
0bdc177e43cf5df8,1,1.0,0,1.0,1.0,0.8346451820725322,41,0,0,-1,,,
098c8aa8816b5805,1,1.0,0,0.0,1.0,0.26457756693518103,25,0,0,-1,,,
02c8da231eb15ed2,1,1.0,0,1.0,1.0,1.0,22,0,0,-1,,,
3739c038002f57ca,1,1.0,0,1.0,1.0,0.9662172098380387,23,0,0,-1,,,
cc9e361d27725cb7,1,1.0,0,1.0,1.0,0.9678803648993443,22,0,0,-1,,,
5361459e4c1b5899,1,1.0,0,1.0,1.0,0.9973243175887259,24,0,0,-1,,,
0481cf2b75f1532f,1,1.0,0,1.0,1.0,1.0,44,0,0,-1,,,
3f0c448b71005686,1,1.0,0,1.0,1.0,0.6571676052184442,43,0,0,-1,,,
56b0ed5018c25d3f,1,1.0,0,1.0,1.0,0.7465200665006074,43,0,0,-1,,,
0b99739b06c455bf,1,1.0,0,1.0,1.0,0.9407046324125087,48,0,0,-1,,,
12030460794b563e,1,1.0,0,1.0,1.0,0.914151473144219,48,0,0,-1,,,
6a8087fb9f3e5751,1,1.0,0,1.0,1.0,0.8760558980290915,48,0,0,-1,,,
0bcebe354a715163,1,1.0,0,1.0,1.0,0.9220837756967472,48,0,0,-1,,,
9e24f7a402a85804,1,1.0,0,1.0,1.0,1.0,63,0,0,-1,,,
18ca4d6e9c0a576b,1,1.0,0,1.0,1.0,1.0,63,0,0,-1,,,
016d6a913efa5ff1,1,1.0,0,1.0,1.0,0.9043914235300248,67,0,0,-1,,,
42007c7edb945956,1,1.0,0,1.0,1.0,0.8796722654255676,65,0,0,-1,,,
f669f89b3272514c,1,1.0,0,1.0,1.0,0.9314424675856823,53,0,0,-1,,,
496b53024fb657ae,1,1.0,0,1.0,1.0,0.9241513673181131,53,0,0,-1,,,
569f53e485335820,1,1.0,0,1.0,1.0,0.9237420822419393,51,0,0,-1,,,
3c0e4d6b508d5e10,1,1.0,0,1.0,1.0,0.9226477311172433,53,0,0,-1,,,
e97db5c7da675b13,1,1.0,0,1.0,1.0,0.9399596561039917,55,0,0,-1,,,
f583323fe0215871,1,1.0,0,1.0,1.0,0.9304757541138967,54,0,0,-1,,,
6004740a8a8052f8,1,1.0,0,1.0,1.0,0.904255436689822,51,0,0,-1,,,
2a49d54f73775909,1,1.0,0,1.0,1.0,1.0,59,0,0,-1,,,
b1b2eb47b045566c,1,1.0,0,1.0,1.0,0.938170154035287,61,0,0,-1,,,
fa7793ced9cc559e,1,1.0,0,1.0,1.0,0.9543639847273537,62,0,0,-1,,,
85865789fb545e3c,1,1.0,0,1.0,1.0,0.9598838710972318,60,0,0,-1,,,
d1d48a8f642b5874,1,1.0,0,1.0,1.0,0.9593126530559267,61,0,0,-1,,,
51fd85d11ea75120,1,1.0,0,1.0,1.0,0.9824835988913637,53,0,0,-1,,,
ef51ebb0662159d9,1,1.0,0,1.0,1.0,0.9531464913558203,48,0,0,-1,,,
b657c9d393895b93,1,1.0,0,1.0,1.0,0.9525218312861657,44,0,0,-1,,,
c5709bf1224a5401,1,1.0,0,1.0,1.0,0.9512752373533729,41,0,0,-1,,,
ff66468144595101,1,1.0,0,0.0,1.0,0.5431329434422167,20,0,0,-1,,,
ddd6640cba7e584c,1,1.0,0,0.0,1.0,0.5453079647722602,20,0,0,-1,,,
09cd7b3746d65a79,1,1.0,0,1.0,1.0,0.9635220843441745,15,0,0,-1,,,
645e303a25a65190,1,1.0,0,1.0,1.0,0.9132038036719555,49,0,0,-1,,,
972fa3a96b9f5301,1,1.0,0,1.0,1.0,0.9001635258802209,47,0,0,-1,,,
059ce0fdfc67544c,1,1.0,0,1.0,1.0,0.7278687945597987,46,0,0,-1,,,
df140a20f6b55c9b,1,1.0,0,1.0,1.0,0.7204999429991016,45,0,0,-1,,,
cfe730cbf7e55330,1,1.0,0,1.0,1.0,0.7262688098306785,47,0,0,-1,,,
3651c6423caa5145,1,0.0,1,0.0,1.0,0.0,41,1,0,0,VEHICLE,0,5.0
d6eda165241a53b9,1,1.0,0,1.0,1.0,1.0,42,0,0,-1,,,
6fdea0636809523e,1,1.0,0,1.0,1.0,1.0,40,0,0,-1,,,
7f19b2fd14435b73,1,1.0,0,1.0,1.0,0.8955870328444154,39,0,0,-1,,,
35d07990fee95985,1,1.0,0,1.0,1.0,1.0,39,0,0,-1,,,
e5bb04b7c6695184,1,1.0,0,1.0,1.0,1.0,38,0,0,-1,,,
36e98388f7a35159,1,1.0,0,1.0,1.0,1.0,37,0,0,-1,,,
4874da28248a5026,1,1.0,0,1.0,1.0,1.0,57,0,0,-1,,,
7d32ec3f13b9525b,1,1.0,0,1.0,1.0,1.0,60,0,0,-1,,,
0879b546c3cb5615,1,1.0,0,1.0,1.0,1.0,63,0,0,-1,,,
d2dd81d9f7665fde,1,1.0,0,1.0,1.0,0.9678635170270612,100,0,0,-1,,,
07419a24b8e05171,1,1.0,0,1.0,1.0,0.9780596381024477,100,0,0,-1,,,
9d02128f653455a3,1,1.0,0,1.0,1.0,0.9837121691749963,100,0,0,-1,,,
411af42484ea5bb5,1,1.0,0,1.0,1.0,0.9779917615714829,105,0,0,-1,,,
98b99d5d44c05a5b,1,1.0,0,1.0,1.0,0.9669189204122878,102,0,0,-1,,,
c5727dc4f8665554,1,1.0,0,1.0,1.0,0.978822293911084,105,0,0,-1,,,
297a54df537c5317,1,1.0,0,1.0,1.0,0.9372787167794313,44,0,0,-1,,,
e0c8f4849910501f,1,1.0,0,1.0,1.0,0.9283445545352355,39,0,0,-1,,,
9b91401bbfad5a3e,1,1.0,0,1.0,1.0,0.9498226082069228,39,0,0,-1,,,
2e6dbcea86d555f4,1,1.0,0,1.0,1.0,0.9424069635195756,39,0,0,-1,,,
7f86145a2a8a514b,1,1.0,0,1.0,1.0,0.9453476511546786,38,0,0,-1,,,
cecf3adea347569b,1,1.0,0,1.0,1.0,0.9526936203824486,36,0,0,-1,,,
1abf52a927025259,1,1.0,0,0.0,1.0,0.4947084329672398,33,0,0,-1,,,
afd632f043e35a49,1,1.0,0,1.0,1.0,0.531985785799245,31,0,0,-1,,,
3d6f193fad315d97,1,1.0,0,1.0,1.0,0.9674145067323362,76,0,0,-1,,,
c5ff90667143574a,1,1.0,0,1.0,1.0,0.9526225434143916,78,0,0,-1,,,
26e5d2127cf9563d,1,1.0,0,1.0,1.0,0.9624425236317194,79,0,0,-1,,,
3d4616d64a4c5f53,1,1.0,0,1.0,1.0,0.9818218407426729,77,0,0,-1,,,
9e3c4f7d62315b95,1,1.0,0,1.0,1.0,0.9512032484417561,81,0,0,-1,,,
ba09d23c78b95a66,1,1.0,0,1.0,1.0,0.984643578396863,85,0,0,-1,,,
24593b75ebb35271,1,1.0,0,1.0,1.0,0.9257038412997778,85,0,0,-1,,,
24db96c8c21753d5,1,1.0,0,1.0,1.0,1.0,84,0,0,-1,,,
eb0095eae628560d,1,1.0,0,1.0,1.0,0.9833063735851469,102,0,0,-1,,,
d928098371595be7,1,1.0,0,1.0,1.0,0.9667254175967508,99,0,0,-1,,,
330e7ebc96d05251,1,1.0,0,1.0,1.0,0.9466940375404627,92,0,0,-1,,,
4cc1186b46d85ec4,1,1.0,0,1.0,1.0,0.9201878101289194,90,0,0,-1,,,
69153018527e5315,1,1.0,0,1.0,1.0,0.9182229622290756,90,0,0,-1,,,
21bd985c9d7155e5,1,1.0,0,1.0,1.0,0.9018777766119451,85,0,0,-1,,,
11ba25cefa3b5a5e,1,1.0,0,1.0,1.0,1.0,85,0,0,-1,,,
718ebae5b23855f7,1,1.0,0,1.0,1.0,1.0,85,0,0,-1,,,
f203a01d3a8055f1,1,1.0,0,1.0,1.0,1.0,82,0,0,-1,,,
850f844463075fb3,1,1.0,0,1.0,1.0,1.0,82,0,0,-1,,,
4738ed6a4f665c01,1,1.0,0,1.0,1.0,1.0,83,0,0,-1,,,
90551e9098aa5b12,1,1.0,0,1.0,1.0,1.0,82,0,0,-1,,,
771b7e7196585f07,1,1.0,0,1.0,1.0,1.0,98,0,0,-1,,,
6d72ae3e84185e81,1,1.0,0,1.0,1.0,1.0,102,0,0,-1,,,
8612b2c9d3875ac2,1,1.0,0,1.0,1.0,1.0,101,0,0,-1,,,
205dd2add8b357f6,1,1.0,0,1.0,1.0,0.9825093073674595,103,0,0,-1,,,
3d6703caa0c951a8,1,1.0,0,1.0,1.0,0.9650184339774498,137,0,0,-1,,,
3b6f7096a2cf5621,1,1.0,0,1.0,1.0,0.9118925060882686,141,0,0,-1,,,
0e0e30877d725664,1,1.0,0,1.0,1.0,0.9122148028757365,140,0,0,-1,,,
b81c602d68a25e90,1,1.0,0,1.0,1.0,0.7153969523195335,143,0,0,-1,,,
0cd0aaeb35c95094,1,1.0,0,1.0,0.0,0.0,144,0,0,-1,,,
f7a9f82f17b256e2,1,1.0,0,1.0,1.0,0.8367422827625944,138,0,0,-1,,,
abba9d81ee9054ec,1,1.0,0,1.0,1.0,0.8420393122517428,135,0,0,-1,,,
bdb32e2af06e5bc9,1,1.0,0,1.0,1.0,0.9244223866925063,133,0,0,-1,,,
30e29966db9156ee,1,1.0,0,0.0,1.0,0.3916079170341959,141,0,0,-1,,,
eeeaf1937c015ab9,1,1.0,0,1.0,1.0,0.8372784250848507,140,0,0,-1,,,
cb71a934523a5d4a,1,1.0,0,1.0,1.0,0.8890647110998516,140,0,0,-1,,,
575317389c085760,1,1.0,0,1.0,1.0,0.880143338768273,144,0,0,-1,,,
f625dafc811b5c1f,1,1.0,0,1.0,1.0,0.901058129971382,146,0,0,-1,,,
367ee5f18e345a72,1,1.0,0,1.0,1.0,0.7755789021570058,148,0,0,-1,,,
e36849f8d9e15ce8,1,1.0,0,1.0,1.0,0.9192325801269599,139,0,0,-1,,,
6316ea076a0e597f,1,1.0,0,1.0,1.0,0.9393431671332801,137,0,0,-1,,,
593653db007b5826,1,1.0,0,1.0,1.0,1.0,103,0,0,-1,,,
ac4c20c8dd0a5e68,1,1.0,0,1.0,1.0,1.0,103,0,0,-1,,,
ec3a67acceec55cc,1,1.0,0,1.0,1.0,1.0,102,0,0,-1,,,
e0f45205e41155ed,1,1.0,0,1.0,1.0,1.0,106,0,0,-1,,,
25cbb9887e5d5752,1,1.0,0,1.0,1.0,1.0,103,0,0,-1,,,
ca5969a1b0775849,1,1.0,0,1.0,1.0,1.0,105,0,0,-1,,,
9048dd95941958d8,1,1.0,0,1.0,1.0,1.0,100,0,0,-1,,,
0e7f0228aa865b5c,1,1.0,0,1.0,1.0,1.0,100,0,0,-1,,,
39a769c19105586e,1,1.0,0,1.0,1.0,0.8973288008006716,12,0,0,-1,,,
277758d55617567b,1,1.0,0,1.0,1.0,0.8813159495250797,11,0,0,-1,,,
beee170c9d8159ad,1,1.0,0,1.0,1.0,0.7977136397546444,11,0,0,-1,,,
313a7a6feb1c5490,1,1.0,0,1.0,1.0,0.8769790973135678,12,0,0,-1,,,
e1540b19efec5d97,1,1.0,0,1.0,1.0,0.8649812134469074,13,0,0,-1,,,
55bb551a2aa85849,1,1.0,0,1.0,1.0,0.8651093985887798,12,0,0,-1,,,
2743a2f96269577c,1,1.0,0,1.0,1.0,0.9039748262510927,12,0,0,-1,,,
de62001a07db556c,1,1.0,0,1.0,1.0,0.879150320779139,12,0,0,-1,,,
85482a4d20fd5eac,1,1.0,0,1.0,1.0,0.9797499733333028,1,0,0,-1,,,
8e2d1588daa3536f,1,1.0,0,1.0,1.0,0.9458652027218886,1,0,0,-1,,,
93ff1c769e6f5507,1,1.0,0,1.0,1.0,0.5434968194225475,0,0,0,-1,,,
45f13336bbd35146,1,1.0,0,1.0,1.0,0.5444484441069816,0,0,0,-1,,,
1d95772619d35606,1,1.0,0,1.0,0.0,0.0,0,0,0,-1,,,
3309408516525e17,1,1.0,0,1.0,1.0,0.7776540374155534,0,0,0,-1,,,
c6e62024ca7e5959,1,1.0,0,1.0,1.0,0.804833969491472,0,0,0,-1,,,
0e479a9039ef5c10,1,1.0,0,1.0,1.0,0.8036524035610869,0,0,0,-1,,,
7f396948993153fe,1,1.0,0,1.0,1.0,1.0,101,0,0,-1,,,
c55b4a959c2d5b8e,1,1.0,0,1.0,1.0,1.0,100,0,0,-1,,,
9ab5654cfc9f5724,1,1.0,0,1.0,1.0,1.0,103,0,0,-1,,,
e88e44d720f65e0e,1,1.0,0,1.0,1.0,0.9365591053143265,101,0,0,-1,,,
a2c3aa64478d533b,1,1.0,0,1.0,1.0,0.8088665320193812,100,0,0,-1,,,
6e3cf172a2755fae,1,1.0,0,1.0,1.0,0.8714283199263466,106,0,0,-1,,,
6410f5684be757b5,1,1.0,0,1.0,1.0,0.9727347953342941,110,0,0,-1,,,
3fa1e0c2313358ba,1,1.0,0,1.0,1.0,0.734082583697019,141,0,0,-1,,,
6f2e14d0955e5e5a,1,1.0,0,1.0,1.0,1.0,83,0,0,-1,,,
c51da2f899b55508,1,1.0,0,1.0,1.0,1.0,120,0,0,-1,,,
53f1331b9dd45ffa,1,1.0,0,1.0,1.0,1.0,123,0,0,-1,,,
b036f9ef53cd5536,1,1.0,0,1.0,1.0,1.0,132,0,0,-1,,,
a60202554bf55ef1,1,1.0,0,1.0,1.0,0.9555474770408362,135,0,0,-1,,,
987f5dced605588a,1,1.0,0,1.0,1.0,0.9480935879484406,76,0,0,-1,,,
b1a5c303ca3f5607,1,1.0,0,1.0,1.0,0.9635812067373687,81,0,0,-1,,,
98045d12586d50b6,1,1.0,0,1.0,1.0,0.9383462831525543,79,0,0,-1,,,
687da3cabde458b5,1,1.0,0,1.0,1.0,0.9410067351868673,83,0,0,-1,,,
77a891db719c5273,1,1.0,0,1.0,1.0,0.748959573203503,87,0,0,-1,,,
42d2414f92c651bf,1,1.0,0,1.0,1.0,1.0,84,0,0,-1,,,
c2156c6760fd55b5,1,1.0,0,1.0,1.0,1.0,82,0,0,-1,,,
6781255a85605dd5,1,1.0,0,1.0,1.0,1.0,67,0,0,-1,,,
52cad7d83eb65e75,1,1.0,0,1.0,1.0,0.8770171138203352,64,0,0,-1,,,
178d9a3c6c6852a4,1,1.0,0,1.0,1.0,0.9575342317878501,63,0,0,-1,,,
384def2e3f9657f6,1,1.0,0,1.0,1.0,0.9433282002551028,63,0,0,-1,,,
e9f927ace9f4542d,1,1.0,0,1.0,1.0,0.9856927348799932,10,0,0,-1,,,
54220704df92547d,1,1.0,0,1.0,1.0,0.9854468971439819,8,0,0,-1,,,
b4afab5329e95368,1,1.0,0,1.0,1.0,0.9832040894709516,7,0,0,-1,,,
090a482cb7335520,1,1.0,0,1.0,1.0,0.9816449625300022,7,0,0,-1,,,
08a135d9245b50c2,1,1.0,0,1.0,1.0,0.9815170370390639,8,0,0,-1,,,
4f663e3f821e5c85,1,1.0,0,1.0,1.0,0.9807323290569645,10,0,0,-1,,,
ce09ed938df353d1,1,1.0,0,1.0,1.0,1.0,90,0,0,-1,,,
f7b40e0f94c25b3b,1,1.0,0,1.0,1.0,1.0,91,0,0,-1,,,
d45f18da371a5fe5,1,1.0,0,1.0,1.0,0.9524905413005392,1,0,0,-1,,,
761d3f2365c25886,1,1.0,0,1.0,1.0,0.9477292159556278,1,0,0,-1,,,
71531dafe28052ac,1,1.0,0,1.0,1.0,0.9370284276185158,1,0,0,-1,,,
f25f862298af549d,1,1.0,0,1.0,1.0,0.955894582431298,1,0,0,-1,,,
1028df4fc9055ed8,1,1.0,0,1.0,1.0,0.9371885605105028,1,0,0,-1,,,
36b4b6d6e4745071,1,1.0,0,1.0,1.0,0.9364884902149041,1,0,0,-1,,,
644d0407ee0a5337,1,1.0,0,1.0,1.0,0.975342740373299,1,0,0,-1,,,
beaa12171da45b46,1,1.0,0,1.0,1.0,0.972862214499822,1,0,0,-1,,,
f5442665da9f554c,1,1.0,0,1.0,1.0,0.9732847428813213,93,0,0,-1,,,
6747e9a7ad2f5643,1,1.0,0,1.0,1.0,0.9376013926888671,100,0,0,-1,,,
ed01297783a05dba,1,1.0,0,1.0,1.0,0.9374793016473272,101,0,0,-1,,,
6b7c5199f84e5aac,1,1.0,0,1.0,1.0,0.9295617182439839,109,0,0,-1,,,
530df64bb4b5533f,1,1.0,0,1.0,1.0,0.706804119229015,105,0,0,-1,,,
18973046d1215390,1,1.0,0,1.0,1.0,0.7877598345646083,117,0,0,-1,,,
b7648a9b27e7574e,1,1.0,0,1.0,1.0,0.7623609776060585,115,0,0,-1,,,
0372bb63e704555a,1,1.0,0,1.0,1.0,0.7531443737847535,114,0,0,-1,,,
ab19982dd5cd57ac,1,1.0,0,1.0,1.0,1.0,61,0,0,-1,,,
a0da100b0dcb543c,1,1.0,0,1.0,1.0,1.0,61,0,0,-1,,,
e4c83b8feafe5cb4,1,1.0,0,1.0,1.0,0.9440833766926483,64,0,0,-1,,,
3f56f99e2cf15355,1,1.0,0,1.0,1.0,0.9334444205578429,66,0,0,-1,,,
f1d33f8016b153ef,1,1.0,0,1.0,1.0,0.9677742307620454,68,0,0,-1,,,
5a80299213875068,1,1.0,0,1.0,1.0,0.9357828899956546,70,0,0,-1,,,
1679f30058f75db4,1,1.0,0,1.0,1.0,0.9105536538239342,74,0,0,-1,,,
7328fe7f857051ea,1,1.0,0,1.0,1.0,1.0,71,0,0,-1,,,
a1adc0fae78f5a3f,1,1.0,0,1.0,1.0,0.9846059345639105,1,0,0,-1,,,
4cac9f6cd85a5b47,1,1.0,0,1.0,1.0,0.7054206908735446,6,0,0,-1,,,
18dd0b3ef6b75b70,1,1.0,0,1.0,1.0,0.7537894313148419,8,0,0,-1,,,
6f525eba8afc547c,1,1.0,0,1.0,1.0,0.7236190183301798,8,0,0,-1,,,
e0d14f6cb7df526e,1,1.0,0,1.0,1.0,1.0,6,0,0,-1,,,
650c7a9e7ea45062,1,1.0,0,1.0,1.0,0.9720505862342614,3,0,0,-1,,,
93e2377357d9551e,1,1.0,0,1.0,1.0,0.968681986796542,3,0,0,-1,,,
2ac5f9fae5a95215,1,1.0,0,1.0,1.0,0.9725757890216395,10,0,0,-1,,,
99b52fa162c550d4,1,1.0,0,1.0,1.0,0.9410035173140042,20,0,0,-1,,,
6ce3e4a1792651a8,1,1.0,0,1.0,1.0,0.8915549210324555,19,0,0,-1,,,
f7f7750b2dc2548e,1,1.0,0,1.0,1.0,0.8490442926429722,19,0,0,-1,,,
9fdd329b72e85179,1,1.0,0,1.0,1.0,0.8097040650834807,14,0,0,-1,,,
488822d6447b5b58,1,1.0,0,1.0,1.0,0.799611720374476,12,0,0,-1,,,
a5b6e054384c586c,1,1.0,0,1.0,1.0,0.7184549821008229,12,0,0,-1,,,
953b6023473258bb,1,1.0,0,1.0,1.0,0.8002780351072224,11,0,0,-1,,,
02c173ffafdd5be5,1,1.0,0,1.0,1.0,0.8812455901117732,11,0,0,-1,,,
2cae5f08e11a5dbd,1,1.0,0,1.0,1.0,0.9407483018375795,8,0,0,-1,,,
470d0eceeaf75102,1,1.0,0,1.0,1.0,0.9255825647572266,8,0,0,-1,,,
14b270ee5a395ea9,1,1.0,0,1.0,1.0,0.7205031319361962,8,0,0,-1,,,
5d87c059eba15807,1,1.0,0,1.0,1.0,0.7218266536180856,7,0,0,-1,,,
fdba4d15c05554e1,1,1.0,0,1.0,1.0,0.694652312448793,6,0,0,-1,,,
9952eefa82585b83,1,1.0,0,1.0,1.0,0.6972126482454891,5,0,0,-1,,,
ef91e3538f775238,1,1.0,0,1.0,1.0,0.9476824668051709,4,0,0,-1,,,
1a37d69ab5805f15,1,1.0,0,1.0,1.0,0.9428815314472742,5,0,0,-1,,,
c06773e2267b568e,1,1.0,0,1.0,1.0,0.7650581496312588,0,0,0,-1,,,
e2442187de045407,1,1.0,0,1.0,1.0,0.7641075887427659,0,0,0,-1,,,
9c62f0bf33fd542d,1,1.0,0,1.0,1.0,0.7757920824912121,0,0,0,-1,,,
1e2e250cbb555fe6,1,1.0,0,1.0,1.0,0.9368070041060635,0,0,0,-1,,,
063f7dfe767d55aa,1,1.0,0,1.0,1.0,0.941021814353333,0,0,0,-1,,,
6af6e8242e045406,1,1.0,0,1.0,1.0,0.7257067901407158,0,0,0,-1,,,
e393bc5cafe95872,1,1.0,0,1.0,1.0,0.9054028247896051,0,0,0,-1,,,
184c11a8cc875403,1,1.0,0,1.0,1.0,0.9308521087363895,0,0,0,-1,,,
f37d9bf7782d524b,1,1.0,0,1.0,1.0,1.0,91,0,0,-1,,,
72080a4a90a65d4b,1,1.0,0,1.0,1.0,0.9669931911045295,134,0,0,-1,,,
39e0bf171e6d5e88,1,1.0,0,1.0,1.0,0.9876885499562128,135,0,0,-1,,,
0fa9d28a2e58550c,1,1.0,0,1.0,1.0,0.6845741029204144,201,0,0,-1,,,
b961186653e45dc2,1,1.0,0,1.0,1.0,0.9042179868441117,204,0,0,-1,,,
ab88e1b94ce953bf,1,1.0,0,1.0,1.0,0.895605659298503,206,0,0,-1,,,
de49d859c60758e9,1,1.0,0,1.0,1.0,0.9317511327424821,203,0,0,-1,,,
f3872682944e5d13,1,1.0,0,1.0,1.0,0.9330869923385162,209,0,0,-1,,,
dd71dee142f05d7d,1,1.0,0,1.0,1.0,0.7275672771606277,5,0,0,-1,,,
36a229f658875a2e,1,1.0,0,1.0,1.0,0.7276237497534567,5,0,0,-1,,,
5325126716b45ac4,1,1.0,0,1.0,1.0,0.7301601130254586,4,0,0,-1,,,
1e9a42ef8f4057a6,1,1.0,0,1.0,1.0,0.7144443799347369,4,0,0,-1,,,
80fc476837d9530d,1,1.0,0,1.0,1.0,0.707267649975284,4,0,0,-1,,,
e3ddabf456b155a9,1,1.0,0,1.0,1.0,0.7188458120834517,4,0,0,-1,,,
484bac10bd295459,1,1.0,0,1.0,1.0,0.7206800607269095,4,0,0,-1,,,
1682c020a94054fa,1,1.0,0,1.0,1.0,0.9781993418045015,1,0,0,-1,,,
5594163f2d8751f6,1,1.0,0,1.0,1.0,1.0,55,0,0,-1,,,
0eb6987fdc9b5213,1,1.0,0,0.0,1.0,0.5833333333333334,61,0,0,-1,,,
011376b151f2526c,1,1.0,0,0.0,1.0,0.5833333333333334,62,0,0,-1,,,
9a1d23e8ed1b5837,1,1.0,0,0.0,1.0,0.5833333333333334,63,0,0,-1,,,
1fc2b1630a0e5c53,1,1.0,0,0.0,1.0,0.5833333333333334,64,0,0,-1,,,
788ea82253cb559c,1,1.0,0,0.0,1.0,0.5833333333333334,63,0,0,-1,,,
52c77cea68eb5afc,1,1.0,0,1.0,1.0,0.8741449812147635,58,0,0,-1,,,
ab2d918fa2e2543d,1,1.0,0,1.0,1.0,0.8794135369901169,54,0,0,-1,,,
91fbe6fb1a3d5717,1,1.0,0,1.0,1.0,1.0,70,0,0,-1,,,
5fadffd02da256e5,1,1.0,0,1.0,1.0,0.9094492722816973,16,0,0,-1,,,
efca142f8d93518b,1,1.0,0,1.0,1.0,0.8945450795323345,17,0,0,-1,,,
b8cf57333fc65efe,1,1.0,0,1.0,1.0,0.7805851217232194,17,0,0,-1,,,
f289e368449b517b,1,1.0,0,1.0,1.0,0.8668022727383683,22,0,0,-1,,,
eda3453c6d5355e0,1,1.0,0,1.0,1.0,0.8809231745854698,22,0,0,-1,,,
a26ee25cd4995271,1,1.0,0,1.0,1.0,0.8791123648265815,21,0,0,-1,,,
5a3613f60fb454d4,1,1.0,0,1.0,1.0,0.9057258524414212,21,0,0,-1,,,
2fd327a8eff250ba,1,1.0,0,1.0,1.0,0.9830897241435904,86,0,0,-1,,,
736e564340a8557f,1,1.0,0,1.0,1.0,0.9548445649494748,83,0,0,-1,,,
9a38ba16ae8d57be,1,1.0,0,1.0,1.0,0.9166681020987223,83,0,0,-1,,,
cdda15bd879d5a30,1,1.0,0,1.0,1.0,0.8692722027828031,80,0,0,-1,,,
8eca6838e7c75493,1,1.0,0,1.0,1.0,0.902490236723062,75,0,0,-1,,,
340f9f95b1e459ab,1,1.0,0,1.0,1.0,0.9162586946900508,77,0,0,-1,,,
1b3ae7a2d38d5c6c,1,1.0,0,1.0,1.0,0.8974715094185853,75,0,0,-1,,,
daa3dbcfc784564c,1,1.0,0,1.0,1.0,0.8921969918766587,78,0,0,-1,,,
653ebb370df45ca5,1,1.0,0,1.0,1.0,0.9272314917942489,63,0,0,-1,,,
1661876892b952e5,1,1.0,0,1.0,1.0,0.9036362600599666,66,0,0,-1,,,
cdf8b694cdb75ac7,1,1.0,0,1.0,1.0,0.890501117568767,67,0,0,-1,,,
03af0c992a5a5ffc,1,1.0,0,1.0,1.0,1.0,68,0,0,-1,,,
602c93fe201356c2,1,1.0,0,0.0,1.0,0.5833333333333334,64,0,0,-1,,,
78c1a7b545cf5592,1,1.0,0,1.0,1.0,1.0,61,0,0,-1,,,
a2cbf7c347a45c6e,1,1.0,0,1.0,1.0,1.0,59,0,0,-1,,,
e993f3cb1dd051df,1,1.0,0,1.0,1.0,1.0,58,0,0,-1,,,
c580790700c057e0,1,1.0,0,1.0,1.0,0.9287196957811933,215,0,0,-1,,,
4c22cdcc527e5a36,1,1.0,0,1.0,1.0,0.9408460279300801,216,0,0,-1,,,
9f62394830d05091,1,1.0,0,1.0,1.0,0.9576274934334817,211,0,0,-1,,,
1727319cfd2b5661,1,1.0,0,1.0,1.0,0.9653908346519211,209,0,0,-1,,,
f74148c131c15381,1,1.0,0,1.0,1.0,0.96044437474673,211,0,0,-1,,,
1fedc5971443588d,1,1.0,0,1.0,1.0,0.982315853517754,214,0,0,-1,,,
29b1f4b4868f59e3,1,1.0,0,1.0,1.0,0.9514590646895477,212,0,0,-1,,,
878f3ddae1b7550f,1,1.0,0,1.0,1.0,0.9414316817639904,238,0,0,-1,,,
f631a836a63855e0,1,1.0,0,1.0,1.0,0.8861403025921497,89,0,0,-1,,,
8b8ae78cc3685216,1,1.0,0,1.0,1.0,0.8476567803508287,90,0,0,-1,,,
1fc38f9fc93f5a29,1,1.0,0,1.0,1.0,0.8338411122710131,90,0,0,-1,,,
1c2eb038a9ea5caa,1,1.0,0,1.0,1.0,0.7996199859960219,90,0,0,-1,,,
9114a3a480dd5466,1,1.0,0,1.0,1.0,0.9141272364514522,80,0,0,-1,,,
74d0c56b12f25f92,1,1.0,0,1.0,1.0,0.8632703836502839,79,0,0,-1,,,
24429c08a8375061,1,1.0,0,1.0,1.0,0.878043340070616,78,0,0,-1,,,
d6981f197dd555fd,1,1.0,0,1.0,1.0,0.8941910336049448,77,0,0,-1,,,
9276407219215151,1,1.0,0,1.0,1.0,0.8602323291198584,79,0,0,-1,,,
52d6d6f0e4305a44,1,1.0,0,1.0,1.0,1.0,77,0,0,-1,,,
aa10437e9b425118,1,1.0,0,1.0,1.0,1.0,79,0,0,-1,,,
8b9afa7045785acc,1,1.0,0,1.0,1.0,1.0,80,0,0,-1,,,
7607a0bd144e53b0,1,1.0,0,1.0,1.0,1.0,80,0,0,-1,,,
09d33cf8b87c5ae3,1,1.0,0,1.0,1.0,0.7935992051414983,82,0,0,-1,,,
2a5fea3ae25e5cdd,1,1.0,0,1.0,1.0,0.6558156505873186,81,0,0,-1,,,
a31780d642695a21,1,1.0,0,1.0,1.0,0.8594625825310086,80,0,0,-1,,,
7b73da0bb98b5e56,1,1.0,0,1.0,1.0,0.9008924746704193,26,0,0,-1,,,
6ec2148215205936,1,1.0,0,1.0,1.0,0.9066739702712275,20,0,0,-1,,,
71017c020a0b5a75,1,1.0,0,1.0,1.0,0.9043869682664157,20,0,0,-1,,,
3f5c9cc5b40a5ff5,1,1.0,0,1.0,1.0,0.9820159454195064,20,0,0,-1,,,
559e3fe66db15d66,1,1.0,0,1.0,1.0,1.0,18,0,0,-1,,,
4bc54773ae245d10,1,1.0,0,1.0,1.0,1.0,18,0,0,-1,,,
4827434c5d3659cd,1,1.0,0,1.0,1.0,1.0,19,0,0,-1,,,
8af8486e96a45fa4,1,1.0,0,1.0,1.0,0.9330986981462832,17,0,0,-1,,,
e617fe519ab754dc,1,1.0,0,1.0,1.0,0.9592620813455479,16,0,0,-1,,,
d2b7b43e05be5082,1,1.0,0,1.0,1.0,0.9524802271197709,15,0,0,-1,,,
0220967816915e94,1,1.0,0,1.0,1.0,0.9794384787303149,16,0,0,-1,,,
44230a68f8305c14,1,1.0,0,1.0,1.0,0.9627094341154457,17,0,0,-1,,,
828cf870f41a50ed,1,1.0,0,1.0,1.0,1.0,17,0,0,-1,,,
ceedeccf36c35c11,1,1.0,0,1.0,1.0,0.9729373263862205,18,0,0,-1,,,
7db2c53b0e9e5971,1,1.0,0,1.0,1.0,0.7989838559504757,60,0,0,-1,,,
52a92230f3245182,1,1.0,0,1.0,1.0,0.8230683831107046,61,0,0,-1,,,
8113ea1b58245172,1,1.0,0,1.0,1.0,0.8970410216151873,204,0,0,-1,,,
929fe68adaef5ee7,1,1.0,0,1.0,1.0,0.8678987526487848,207,0,0,-1,,,
a0bc34982a4555ac,1,1.0,0,1.0,1.0,0.8100663662895565,211,0,0,-1,,,
153733002b5a5d25,1,1.0,0,1.0,1.0,0.9366373547113964,225,0,0,-1,,,
9b95066419ea5427,1,1.0,0,1.0,1.0,0.9011718352231345,237,0,0,-1,,,
655917ea5da455c8,1,1.0,0,1.0,1.0,1.0,245,0,0,-1,,,
ce124b0ef61757d1,1,1.0,0,1.0,1.0,1.0,251,0,0,-1,,,
8317ed430d8e50c3,1,1.0,0,1.0,1.0,1.0,52,0,0,-1,,,
aab517c2e5e75245,1,1.0,0,1.0,1.0,0.8902606372749022,38,0,0,-1,,,
4d9c7a900c6c5081,1,1.0,0,1.0,1.0,0.7329380164893259,38,0,0,-1,,,
d3f00196d11c563c,1,1.0,0,1.0,1.0,0.9453223406147431,37,0,0,-1,,,
b3aebfbff38e596f,1,1.0,0,1.0,1.0,0.9947370507929025,36,0,0,-1,,,
ce0c8678bc8559b9,1,1.0,0,1.0,1.0,0.9828829813028471,37,0,0,-1,,,
e0657b3fd2ac5c55,1,1.0,0,1.0,1.0,0.965127130484551,35,0,0,-1,,,
ff86cfb959e1545e,1,1.0,0,1.0,1.0,0.9472605172233616,36,0,0,-1,,,
8c6c4c4b507c5eb1,1,1.0,0,1.0,1.0,0.9246197157218102,35,0,0,-1,,,
9b10283b8df6565e,1,1.0,0,1.0,1.0,1.0,28,0,0,-1,,,
a28a7a914fbc5919,1,1.0,0,1.0,1.0,0.9665678145017282,26,0,0,-1,,,
1cddf5eb97425ac1,1,1.0,0,1.0,1.0,0.9978904371498792,25,0,0,-1,,,
299e19fc72e65ac5,1,1.0,0,1.0,1.0,1.0,24,0,0,-1,,,
9f839d5422315781,1,1.0,0,1.0,1.0,1.0,14,0,0,-1,,,
f9ff7b08b88e5365,1,1.0,0,1.0,1.0,1.0,12,0,0,-1,,,
e3ed22f3bc385b45,1,1.0,0,1.0,1.0,0.9463376246909565,12,0,0,-1,,,
4ab74b20c99e5d20,1,1.0,0,1.0,1.0,0.904894452944888,21,0,0,-1,,,
f42bdbb0a30c5854,1,1.0,0,1.0,1.0,1.0,58,0,0,-1,,,
ab51ae81c26b5f5e,1,1.0,0,1.0,1.0,0.9571607638951103,55,0,0,-1,,,
09fc278e5d43564f,1,1.0,0,1.0,1.0,0.9492247247163066,70,0,0,-1,,,
6f8a5e89c0325aa8,1,1.0,0,1.0,1.0,0.9546981277802452,69,0,0,-1,,,
d224548a04525f2c,1,1.0,0,1.0,1.0,0.9538775459960375,67,0,0,-1,,,
98a1233e3db75a8a,1,1.0,0,1.0,1.0,0.7718204246019805,70,0,0,-1,,,
aef33fdade585ab3,1,1.0,0,1.0,1.0,0.7202095890276944,87,0,0,-1,,,
cdeb1bce85c45cb2,1,1.0,0,1.0,1.0,0.7108209725894037,91,0,0,-1,,,
0d93c2f3442752d9,1,1.0,0,1.0,1.0,0.9364331983117499,66,0,0,-1,,,
dc5bfa6f51225853,1,1.0,0,1.0,1.0,0.9695225334577521,71,0,0,-1,,,
1fa7d30105dd5ebd,1,1.0,0,1.0,1.0,0.8230858971985585,51,0,0,-1,,,
25e2cda283355b76,1,1.0,0,1.0,1.0,0.8156934711377005,50,0,0,-1,,,
26e5c3fb8af15012,1,1.0,0,1.0,1.0,0.7103969052408106,47,0,0,-1,,,
80cbc88e2410561e,1,1.0,0,1.0,1.0,0.7304784016033185,47,0,0,-1,,,
d55a7602f48e582b,1,1.0,0,1.0,1.0,0.7075592836637377,46,0,0,-1,,,
3b910accfc12560a,1,1.0,0,1.0,1.0,0.7003944238516415,44,0,0,-1,,,
22ec7d1614785b35,1,1.0,0,1.0,1.0,0.8522600813965253,26,0,0,-1,,,
d7c74666773f5575,1,1.0,0,1.0,1.0,0.8439150214964363,26,0,0,-1,,,
f2909a9ad9cb552e,1,1.0,0,1.0,1.0,0.8359650277236407,28,0,0,-1,,,
514964ba4d115d35,1,1.0,0,1.0,1.0,0.8322640544530815,29,0,0,-1,,,
4da3c27db2495e9e,1,1.0,0,1.0,1.0,0.6712526585165594,58,0,0,-1,,,
3296651e2cf0547d,1,1.0,0,1.0,1.0,0.8856498351358217,56,0,0,-1,,,
81464a4119075069,1,1.0,0,1.0,1.0,0.8903784635364859,55,0,0,-1,,,
e0cd66542e715685,1,1.0,0,1.0,1.0,0.8801584776439779,55,0,0,-1,,,
114a946faf305345,1,1.0,0,1.0,1.0,0.9060115458587213,32,0,0,-1,,,
a8da6565d00e514a,1,1.0,0,1.0,1.0,0.8958879077663418,31,0,0,-1,,,
b17966d55b335270,1,1.0,0,1.0,1.0,0.775913093188337,30,0,0,-1,,,
7fa812aae88d5752,1,1.0,0,1.0,1.0,0.9243408948144186,29,0,0,-1,,,
cbd14310b3885779,1,1.0,0,1.0,1.0,0.9204117460794978,29,0,0,-1,,,
cc934224447a5c86,1,1.0,0,1.0,1.0,0.9189193626635167,30,0,0,-1,,,
84a6257839b65f93,1,1.0,0,1.0,1.0,0.9397154541160346,32,0,0,-1,,,
4b82ec1d991358e2,1,1.0,0,1.0,1.0,0.9534040972179628,33,0,0,-1,,,
55a63ecf2e985abe,1,1.0,0,1.0,1.0,0.8155627275652351,3,0,0,-1,,,
38b01bebf6df5fb8,1,1.0,0,1.0,1.0,0.8523111026413458,4,0,0,-1,,,
68a3518b15a75c25,1,1.0,0,1.0,1.0,0.8511475760988899,4,0,0,-1,,,
e8c4f72606fb5cb0,1,1.0,0,1.0,1.0,0.8480338621860771,4,0,0,-1,,,
e3eaafd948b15069,1,1.0,0,1.0,1.0,0.8111046467496464,2,0,0,-1,,,
963591d88d6a53b6,1,1.0,0,1.0,1.0,0.8070449839744653,2,0,0,-1,,,
684dc9c8167b5189,1,1.0,0,1.0,1.0,0.8100174188642777,2,0,0,-1,,,
025aab0da0e652b7,1,1.0,0,1.0,1.0,0.8152475379425409,2,0,0,-1,,,
4a07aac45fc35fcf,1,1.0,0,1.0,1.0,0.9659805042985626,30,0,0,-1,,,
450df2d719cb5c88,1,1.0,0,1.0,1.0,0.9349804457788057,29,0,0,-1,,,
a4ab5ff4ba7259f9,1,1.0,0,1.0,1.0,0.9015429910235312,30,0,0,-1,,,
96c003cecfbd5a91,1,1.0,0,1.0,1.0,0.8768975533923924,30,0,0,-1,,,
03b33d7830ba522b,1,1.0,0,1.0,1.0,0.8804868954742427,29,0,0,-1,,,
bfc7b627dfdf5f58,1,1.0,0,1.0,1.0,0.8342300008625702,29,0,0,-1,,,
83f9ceae9dad56d9,1,1.0,0,1.0,1.0,0.861315949420267,29,0,0,-1,,,
a96b1d87c73555b9,1,1.0,0,1.0,1.0,0.858511166987525,30,0,0,-1,,,
7d6f05aa48385ce8,1,1.0,0,1.0,1.0,0.9346469154658453,238,0,0,-1,,,
aa4897ec11395ec8,1,1.0,0,1.0,1.0,0.9502318464209906,240,0,0,-1,,,
ae28b46a42d051a4,1,1.0,0,1.0,1.0,1.0,233,0,0,-1,,,
1809a28a46465129,1,1.0,0,1.0,1.0,1.0,222,0,0,-1,,,
243fa5b33c1f5845,1,1.0,0,1.0,1.0,1.0,211,0,0,-1,,,
ae3496e6ce435e73,1,1.0,0,1.0,1.0,1.0,204,0,0,-1,,,
63efdfe040865222,1,1.0,0,1.0,1.0,0.9120611587858655,202,0,0,-1,,,
8c3d43af9a905864,1,1.0,0,1.0,1.0,1.0,203,0,0,-1,,,
ee8a391c71ab5f5f,1,1.0,0,1.0,1.0,0.8855942036555478,67,0,0,-1,,,
4e09d6c847dc5d3e,1,1.0,0,1.0,1.0,1.0,67,0,0,-1,,,
682660223761501d,1,1.0,0,1.0,1.0,1.0,70,0,0,-1,,,
da64267c15aa5531,1,1.0,0,1.0,1.0,1.0,68,0,0,-1,,,
90c51d90c33b5cef,1,1.0,0,1.0,1.0,0.999612906859562,68,0,0,-1,,,
501de4adcf415443,1,1.0,0,1.0,1.0,0.9708185713053128,66,0,0,-1,,,
7f3ebea7b3415f87,1,1.0,0,1.0,1.0,0.931219687397299,68,0,0,-1,,,
45d416b638f95a9c,1,1.0,0,1.0,1.0,0.9152118797753023,65,0,0,-1,,,
f41cf739059453a4,1,1.0,0,1.0,1.0,0.6677522624779865,44,0,0,-1,,,
cc65333a2182508c,1,1.0,0,1.0,1.0,0.6681813581880546,44,0,0,-1,,,
f1041299a1a059f5,1,1.0,0,1.0,1.0,0.6693655773176067,44,0,0,-1,,,
da0aac1f6c225eca,1,1.0,0,1.0,1.0,0.6674730898817819,43,0,0,-1,,,
4a29aee6f5bd5073,1,1.0,0,1.0,1.0,0.6709382610468803,43,0,0,-1,,,
121b6c8a61d85945,1,1.0,0,1.0,1.0,0.716638555353842,43,0,0,-1,,,
956e3aa8415b5712,1,1.0,0,1.0,1.0,0.6658865660652488,42,0,0,-1,,,
e0a1d14a2cea5d4a,1,1.0,0,1.0,1.0,0.8619566919652536,30,0,0,-1,,,
cc7d3c360c345a4b,1,1.0,0,1.0,1.0,0.8527331150761231,60,0,0,-1,,,
b3b8544db9025d6a,1,1.0,0,1.0,1.0,1.0,60,0,0,-1,,,
22343d7492d158bb,1,1.0,0,1.0,1.0,1.0,61,0,0,-1,,,
efbd7ea4d97c5cb9,1,1.0,0,1.0,1.0,0.8282025996236978,61,0,0,-1,,,
dd443a8a8d805e57,1,1.0,0,1.0,1.0,0.9672050991379653,62,0,0,-1,,,
4757ef31c4975240,1,1.0,0,1.0,1.0,0.9568000950391705,64,0,0,-1,,,
f1849aa89eed53d1,1,1.0,0,1.0,1.0,1.0,63,0,0,-1,,,
d94a8579682651b4,1,1.0,0,1.0,1.0,1.0,63,0,0,-1,,,
e36e9da57e1e5e32,1,1.0,0,1.0,1.0,0.7448056072590422,7,0,0,-1,,,
01ff2ecc002851a1,1,1.0,0,1.0,1.0,0.7837457525497111,8,0,0,-1,,,
e6289d35e92c56b9,1,1.0,0,1.0,1.0,0.7823681730403415,7,0,0,-1,,,
6a101cae21b1532d,1,1.0,0,1.0,1.0,0.8089304416035783,10,0,0,-1,,,
9f03709a3c1e5725,1,1.0,0,1.0,1.0,0.7955035133076355,11,0,0,-1,,,
b5025be9867f503e,1,1.0,0,1.0,1.0,0.8381181145915484,11,0,0,-1,,,
536a4f2c870d5e58,1,1.0,0,1.0,1.0,0.7910320715065904,12,0,0,-1,,,
fff1abbe76e55819,1,1.0,0,1.0,1.0,0.8524845875773416,12,0,0,-1,,,
f4544174530b5715,1,1.0,0,1.0,1.0,0.8540126476992892,12,0,0,-1,,,
56464bef8d91590f,1,1.0,0,1.0,1.0,0.8529729465611126,13,0,0,-1,,,
039cc112267b5d97,1,1.0,0,1.0,1.0,0.8698942341836019,13,0,0,-1,,,
c2fdffb4c2915577,1,1.0,0,1.0,1.0,0.8676835231850429,12,0,0,-1,,,
86aae04a66c45970,1,1.0,0,1.0,1.0,0.8646710043636737,13,0,0,-1,,,
5004df3161065742,1,1.0,0,1.0,1.0,0.8464870596097885,13,0,0,-1,,,
4257350828cf5e87,1,1.0,0,1.0,1.0,0.8373653293284565,12,0,0,-1,,,
9389ef5de0935e29,1,1.0,0,1.0,1.0,0.8430540116805562,6,0,0,-1,,,
8b6aa9462f5157b3,1,1.0,0,1.0,1.0,1.0,57,0,0,-1,,,
3cf6bf2e7992584c,1,1.0,0,1.0,1.0,1.0,58,0,0,-1,,,
ee69970ae6f85870,1,1.0,0,1.0,1.0,1.0,56,0,0,-1,,,
df92aab39a395584,1,1.0,0,1.0,1.0,1.0,54,0,0,-1,,,
cf9a762e8aaa55b4,1,1.0,0,1.0,1.0,1.0,52,0,0,-1,,,
5f4945f6b9b45024,1,1.0,0,1.0,1.0,1.0,41,0,0,-1,,,
898e245e2b0056b0,1,1.0,0,1.0,1.0,1.0,54,0,0,-1,,,
e05f3bbcb266504c,1,1.0,0,1.0,1.0,1.0,57,0,0,-1,,,
835d1fae4f5b5e45,1,1.0,0,1.0,1.0,0.8740855329918338,19,0,0,-1,,,
062a9e3dd60955ce,1,1.0,0,1.0,1.0,0.8774427129399024,20,0,0,-1,,,
570967c07a8251a2,1,1.0,0,1.0,1.0,0.9017971245141027,23,0,0,-1,,,
01ce9c82de0d5539,1,1.0,0,1.0,1.0,0.8965981758280271,23,0,0,-1,,,
e44a31dd99af5556,1,1.0,0,1.0,1.0,0.8906195311694814,23,0,0,-1,,,
40884b7d89be5e0b,1,1.0,0,1.0,1.0,0.9099440624140772,25,0,0,-1,,,
67eac979dc2b5c12,1,1.0,0,1.0,1.0,0.911382665898591,34,0,0,-1,,,
bf1184622f355af4,1,1.0,0,1.0,1.0,0.8466729175496684,33,0,0,-1,,,
cc5e04be1f105d15,1,1.0,0,1.0,1.0,0.8967998215880835,43,0,0,-1,,,
352ef6e0384c5938,1,1.0,0,1.0,1.0,0.8684182434321716,43,0,0,-1,,,
02bfb6340c185b97,1,1.0,0,1.0,1.0,0.8709211808668709,40,0,0,-1,,,
919aa2aa25a951f4,1,1.0,0,1.0,1.0,0.883142082610453,41,0,0,-1,,,
f994322c76145318,1,1.0,0,1.0,1.0,0.8591397052073034,40,0,0,-1,,,
35eba76323535988,1,1.0,0,1.0,1.0,0.8595573758823799,39,0,0,-1,,,
2a30c259f67c561d,1,1.0,0,1.0,1.0,0.8636215674438659,39,0,0,-1,,,
95d9b54f00325665,1,1.0,0,1.0,1.0,0.8642584480940806,37,0,0,-1,,,
940ba87d553456c3,1,1.0,0,1.0,1.0,0.8573703352126012,6,0,0,-1,,,
15d5078041dd5a4f,1,1.0,0,1.0,1.0,0.8362686842580532,6,0,0,-1,,,
7326774073dd5f7d,1,1.0,0,1.0,1.0,0.8433302593982509,6,0,0,-1,,,
367ead111dcb5764,1,1.0,0,1.0,1.0,0.8442844598770577,6,0,0,-1,,,
f21d5b2f9a5e5276,1,1.0,0,1.0,1.0,0.839928532238822,7,0,0,-1,,,
06737d2244bd53cc,1,1.0,0,1.0,1.0,0.841007398906445,7,0,0,-1,,,
4f466c389dce58e4,1,1.0,0,1.0,1.0,0.8365011716890592,7,0,0,-1,,,
3b0cda86b999528c,1,1.0,0,1.0,1.0,0.8326133483554164,7,0,0,-1,,,
e59da7b4970654fd,1,1.0,0,1.0,1.0,0.9007592730954054,14,0,0,-1,,,
649c1659d8975ae3,1,1.0,0,1.0,1.0,0.8312247224583978,4,0,0,-1,,,
e13b89a8813159df,1,1.0,0,1.0,1.0,0.8319821645472393,3,0,0,-1,,,
f77c053616475084,1,1.0,0,1.0,1.0,0.8314085475569111,4,0,0,-1,,,
2352aa62dbbe58d2,1,1.0,0,1.0,1.0,0.8172205665839724,4,0,0,-1,,,
6b0d21782a3b5a22,1,1.0,0,1.0,1.0,0.8205694263220241,4,0,0,-1,,,
ba58a70fcf8e5c64,1,1.0,0,1.0,1.0,0.8263286776193087,4,0,0,-1,,,
a3ece675f714527b,1,1.0,0,1.0,1.0,0.8282876445893265,4,0,0,-1,,,
0b2bdcb48c3e561a,1,1.0,0,1.0,1.0,0.900190850603924,15,0,0,-1,,,
86feb30b850f5ff2,1,1.0,0,1.0,1.0,0.8952194804800513,15,0,0,-1,,,
01b78ea52da8595a,1,1.0,0,1.0,1.0,0.9101636657009727,14,0,0,-1,,,
0b66f76610bc5f63,1,1.0,0,1.0,1.0,0.8878699292411102,14,0,0,-1,,,
59c3714116c25a7c,1,1.0,0,1.0,1.0,0.9004940458070599,12,0,0,-1,,,
000bf168dd5159af,1,1.0,0,1.0,1.0,0.9009306035214517,13,0,0,-1,,,
bd9abb7104dc5408,1,1.0,0,1.0,1.0,0.8997683878766045,14,0,0,-1,,,
11ee697033a159a9,1,1.0,0,1.0,1.0,0.8984623498069144,13,0,0,-1,,,
23b4e574c41a57bd,1,1.0,0,1.0,1.0,0.8471361127274072,3,0,0,-1,,,
38b08f2868a75306,1,1.0,0,1.0,1.0,0.8124601833266797,17,0,0,-1,,,
e8e49013253b5e7c,1,1.0,0,1.0,1.0,0.9169867733064887,17,0,0,-1,,,
030c27139f7d57a4,1,1.0,0,1.0,1.0,0.9466969098590067,19,0,0,-1,,,
fce6a1ea8fce5644,1,1.0,0,1.0,1.0,0.8665944314994171,22,0,0,-1,,,
3361cb5b061556d0,1,1.0,0,1.0,1.0,0.9031230490103775,22,0,0,-1,,,
bff12156468e5f16,1,1.0,0,1.0,1.0,0.8440964169608843,25,0,0,-1,,,
0d7cf272469a5a97,1,1.0,0,1.0,1.0,0.8299945571285713,26,0,0,-1,,,
f66d06ec0f355fac,1,1.0,0,1.0,1.0,0.7747642359612081,33,0,0,-1,,,
47f29dad0bec52d2,1,1.0,0,1.0,1.0,0.7220326662532841,34,0,0,-1,,,
36899d67473c5c91,1,1.0,0,1.0,1.0,0.7621299474431048,34,0,0,-1,,,
599c8b2bc9b252a7,1,1.0,0,1.0,1.0,0.7185353756234948,34,0,0,-1,,,
cbcd554895c75231,1,1.0,0,1.0,1.0,0.6814436588215838,37,0,0,-1,,,
b8acb965678c5953,1,1.0,0,1.0,1.0,0.8368051724260258,35,0,0,-1,,,
ba7da1b0100054f4,1,1.0,0,1.0,1.0,0.8926464994690937,33,0,0,-1,,,
eea52ed765aa5977,1,1.0,0,1.0,1.0,0.8827308303490011,15,0,0,-1,,,
66dd7339f01b58c2,1,1.0,0,1.0,1.0,0.9138902502995738,56,0,0,-1,,,
fe74f3d6f5ea5283,1,1.0,0,1.0,1.0,0.9086988927295913,56,0,0,-1,,,
a58d5374dae0552a,1,1.0,0,1.0,1.0,0.9054507188077904,56,0,0,-1,,,
0e198cad33c65494,1,1.0,0,1.0,1.0,0.9224011179142857,56,0,0,-1,,,
736e79c663bf5310,1,1.0,0,1.0,1.0,0.9165042451275979,56,0,0,-1,,,
7f0309b4cbb85029,1,1.0,0,1.0,1.0,0.8809630381092456,58,0,0,-1,,,
8183cdc6ff5a5726,1,1.0,0,1.0,1.0,0.9110663768899067,55,0,0,-1,,,
aa2b8af510775368,1,1.0,0,1.0,1.0,0.9082719149984994,54,0,0,-1,,,
37c15bc4d99a5365,1,1.0,0,1.0,1.0,0.8751436526708414,35,0,0,-1,,,
49a0d29c7058501c,1,1.0,0,1.0,1.0,0.8733321754959688,35,0,0,-1,,,
8cbb22946ab55633,1,1.0,0,1.0,1.0,0.8008508935460213,34,0,0,-1,,,
0af68cc78d085fdb,1,1.0,0,1.0,1.0,0.8730121199949746,41,0,0,-1,,,
4bfd5690eb3d5c6e,1,1.0,0,1.0,1.0,0.9035050723624815,49,0,0,-1,,,
67628d15c5b45860,1,1.0,0,1.0,1.0,0.9010533821535555,56,0,0,-1,,,
4f87ef91e3425ebc,1,1.0,0,1.0,1.0,0.8935919629864779,55,0,0,-1,,,
cf4d1288c560569f,1,1.0,0,1.0,1.0,0.9200958876627561,58,0,0,-1,,,
a92bb2331b0e5485,1,1.0,0,1.0,1.0,0.906788360450296,55,0,0,-1,,,
f55316b2f9655692,1,1.0,0,1.0,1.0,0.9019586518168907,53,0,0,-1,,,
a48a9d9bb413549a,1,1.0,0,1.0,1.0,0.9020671277224355,52,0,0,-1,,,
cbadd750cbd6581b,1,1.0,0,1.0,1.0,0.8984857707677764,50,0,0,-1,,,
303948f28d5b52ab,1,1.0,0,1.0,1.0,0.8960115080920477,50,0,0,-1,,,
d3193f2f5983500f,1,1.0,0,1.0,1.0,0.9033809643931092,45,0,0,-1,,,
6322316826a2547a,1,1.0,0,1.0,1.0,0.9018127996972632,45,0,0,-1,,,
9881bb008f61514a,1,1.0,0,1.0,1.0,0.8966616500823394,44,0,0,-1,,,
a8377f936650561b,1,1.0,0,1.0,1.0,0.833646161283358,35,0,0,-1,,,
077dd2d55c17560f,1,1.0,0,1.0,1.0,0.8673995043181025,33,0,0,-1,,,
8dae886e0ed1501c,1,1.0,0,1.0,1.0,0.8684032478730982,31,0,0,-1,,,
01add9e74d3c5053,1,1.0,0,1.0,1.0,0.8729431427076634,32,0,0,-1,,,
331a4a4334df5c34,1,1.0,0,1.0,1.0,0.8488234485742833,32,0,0,-1,,,
8dfef734a010531e,1,1.0,0,1.0,1.0,0.8562562023434698,32,0,0,-1,,,
cc0668b663b25703,1,1.0,0,1.0,1.0,0.8587039804751146,29,0,0,-1,,,
50a5b2cbb4515594,1,1.0,0,1.0,1.0,0.8516317024293917,27,0,0,-1,,,
2649eb9e1a445b29,1,1.0,0,1.0,1.0,0.8094549750258034,27,0,0,-1,,,
16df188810315dc7,1,1.0,0,1.0,1.0,0.8290821012875623,26,0,0,-1,,,
b36d274e71b3566b,1,1.0,0,1.0,1.0,0.8409062531505552,21,0,0,-1,,,
55992af369b95456,1,1.0,0,1.0,1.0,0.8805259166741995,20,0,0,-1,,,
1801a3d3fffc57f5,1,1.0,0,1.0,1.0,0.886281634356506,21,0,0,-1,,,
ab313e9e217c581b,1,1.0,0,1.0,1.0,0.8838667441393735,18,0,0,-1,,,
6246c97eee435b98,1,1.0,0,1.0,1.0,0.8799688955813671,19,0,0,-1,,,
045f4ecec234564b,1,1.0,0,1.0,1.0,0.8770605701103779,20,0,0,-1,,,
333a4f8a12dc564d,1,1.0,0,1.0,1.0,0.8471874648121096,5,0,0,-1,,,
0e81b2ebbb30575e,1,1.0,0,1.0,1.0,0.8589397176833743,5,0,0,-1,,,
1aa15402bceb5743,1,1.0,0,1.0,1.0,0.8270815507479822,4,0,0,-1,,,
ca85e7b7b71559b3,1,1.0,0,1.0,1.0,0.84465299573819,4,0,0,-1,,,
6b580c6ff00b511f,1,1.0,0,1.0,1.0,0.8786314112122361,4,0,0,-1,,,
8d27cb5d1d1e5ad1,1,1.0,0,1.0,1.0,0.8788529637156889,4,0,0,-1,,,
e9505f806d8d5998,1,1.0,0,1.0,1.0,0.8879581388059504,4,0,0,-1,,,
9170b75b8a3f527f,1,1.0,0,1.0,1.0,0.9094690632834063,5,0,0,-1,,,
92c920c643695ff3,1,1.0,0,1.0,1.0,0.8849584464000552,74,0,0,-1,,,
d8af5ee176db5d89,1,1.0,0,1.0,1.0,0.8718038518020229,76,0,0,-1,,,
f733e02fa876535a,1,1.0,0,1.0,1.0,0.867957984898926,75,0,0,-1,,,
542d8c3b05145bbe,1,1.0,0,1.0,1.0,0.8563474588035644,75,0,0,-1,,,
d099441c0eb55204,1,1.0,0,1.0,1.0,1.0,66,0,0,-1,,,
9f1d535f158c5758,1,1.0,0,1.0,1.0,1.0,67,0,0,-1,,,
4e39c50ddb075303,1,1.0,0,1.0,1.0,1.0,63,0,0,-1,,,
7ccf4b40faff5ac4,1,1.0,0,1.0,1.0,1.0,61,0,0,-1,,,
3388246402ca591e,1,1.0,0,1.0,1.0,0.7069320195451807,45,0,0,-1,,,
fc0d0363cab85e22,1,1.0,0,1.0,1.0,0.6877398866371451,24,0,0,-1,,,
747a1e62def55db5,1,1.0,0,1.0,1.0,0.9289170796126971,23,0,0,-1,,,
862e27b57f9d50ac,1,1.0,0,1.0,1.0,0.9233855696308012,22,0,0,-1,,,
d8952813d8de574d,1,1.0,0,1.0,1.0,0.900041832174367,21,0,0,-1,,,
449ed0c45858583f,1,1.0,0,1.0,1.0,0.9521196082711718,22,0,0,-1,,,
67e6aea894f0568f,1,1.0,0,1.0,1.0,0.8974344888192127,22,0,0,-1,,,
4849a426de8e5d24,1,1.0,0,1.0,1.0,0.9623480915570161,22,0,0,-1,,,
e045d3abc4e95f52,1,1.0,0,1.0,1.0,0.8770140987161693,5,0,0,-1,,,
6bf9b9cf5ae25aba,1,1.0,0,1.0,1.0,0.8981565289613537,4,0,0,-1,,,
d852a7b32d6c5448,1,1.0,0,1.0,1.0,0.8956844293615811,5,0,0,-1,,,
0f422a003dab525e,1,1.0,0,1.0,1.0,0.8961182167221069,5,0,0,-1,,,
4fbfc7dc71db50e2,1,1.0,0,1.0,1.0,0.8958518901160213,6,0,0,-1,,,
14f724bc59705bb4,1,1.0,0,1.0,1.0,0.8950900973993537,6,0,0,-1,,,
ff91d9e01e4259b1,1,1.0,0,1.0,1.0,0.8939977025401219,6,0,0,-1,,,
24cad1842cf15f29,1,1.0,0,1.0,1.0,0.8927429251263627,7,0,0,-1,,,
090d6a17e77d59b5,1,1.0,0,1.0,1.0,0.9051308489829853,21,0,0,-1,,,
4b7a9aaecd8b5c5e,1,1.0,0,1.0,1.0,0.957406198503984,21,0,0,-1,,,
66ce3cbf239358c2,1,1.0,0,1.0,1.0,0.9521144169571208,22,0,0,-1,,,
b7bb53ad2bb1505f,1,1.0,0,1.0,1.0,0.950795103061996,22,0,0,-1,,,
1351ae1e0afb5c16,1,1.0,0,1.0,1.0,0.9105946550565168,22,0,0,-1,,,
1cb1b58a3129563c,1,1.0,0,1.0,1.0,0.9043380069800954,22,0,0,-1,,,
c73914d4fedc513f,1,1.0,0,1.0,1.0,0.8892610899139525,22,0,0,-1,,,
934f7ab607405431,1,1.0,0,1.0,1.0,1.0,23,0,0,-1,,,
edcad0bfc4b15515,1,1.0,0,1.0,1.0,0.893425926112549,45,0,0,-1,,,
03ca1900f09b5d20,1,1.0,0,1.0,1.0,0.9227270269830986,40,0,0,-1,,,
dac176e7b40c5671,1,1.0,0,1.0,1.0,0.9113464640955217,40,0,0,-1,,,
d6015087928d57e8,1,1.0,0,1.0,1.0,0.898996874245626,40,0,0,-1,,,
19c8d441cb445d87,1,1.0,0,1.0,1.0,0.895809025831727,42,0,0,-1,,,
69e0bc4a585d504a,1,1.0,0,1.0,1.0,0.8869639264039225,44,0,0,-1,,,
3bb527d97cee5163,1,1.0,0,1.0,1.0,0.8901575928268158,43,0,0,-1,,,
48d1f3140a8c5487,1,1.0,0,1.0,1.0,0.8952016384876514,45,0,0,-1,,,
69fab78920a55a7a,1,1.0,0,1.0,1.0,0.8262120163402997,5,0,0,-1,,,
7b3e1c9932625243,1,1.0,0,1.0,1.0,0.824777439675774,4,0,0,-1,,,
73ce0b2145845c71,1,1.0,0,1.0,1.0,0.7854857515328505,4,0,0,-1,,,
660e14c77a1c550b,1,1.0,0,1.0,1.0,0.818287595598703,4,0,0,-1,,,
b523d101fb0958c3,1,1.0,0,1.0,1.0,0.8504348630862747,3,0,0,-1,,,
465d43bf893d5e66,1,1.0,0,1.0,1.0,0.8313614343018939,3,0,0,-1,,,
7346e23546d15b29,1,1.0,0,1.0,1.0,0.8638687038729277,3,0,0,-1,,,
6363aa6d3d715e03,1,1.0,0,1.0,1.0,0.8797183942875542,3,0,0,-1,,,
93b0ff5c4c5c507e,1,1.0,0,1.0,1.0,1.0,22,0,0,-1,,,
dce197f508425f2b,1,1.0,0,1.0,1.0,1.0,22,0,0,-1,,,
96dc22c0224255ca,1,1.0,0,1.0,1.0,1.0,20,0,0,-1,,,
0751ef23000050f8,1,1.0,0,1.0,1.0,1.0,19,0,0,-1,,,
fccef3d0f5cc5d8e,1,1.0,0,1.0,1.0,1.0,35,0,0,-1,,,
1d6b6b43809a50cf,1,1.0,0,1.0,1.0,1.0,34,0,0,-1,,,
23df9e4092425b2b,1,1.0,0,1.0,1.0,1.0,37,0,0,-1,,,
f750e0c7f8375bae,1,1.0,0,1.0,1.0,0.9094405605115243,37,0,0,-1,,,
f03963c1aacd54f4,1,1.0,0,1.0,1.0,0.7921972683152759,36,0,0,-1,,,
1f7afb10d4cc5319,1,1.0,0,1.0,1.0,0.7788700645303231,37,0,0,-1,,,
be0ac32b1590510e,1,1.0,0,1.0,1.0,0.7252769219818272,35,0,0,-1,,,
18538a3ac6c45eef,1,1.0,0,1.0,1.0,0.8433291436065332,29,0,0,-1,,,
f335a11369685b08,1,1.0,0,1.0,1.0,0.842113977109214,32,0,0,-1,,,
308908fd6d9a5631,1,1.0,0,1.0,1.0,0.9594391419093647,35,0,0,-1,,,
ef97c6e9f11b59a7,1,1.0,0,1.0,1.0,0.8872099318695978,33,0,0,-1,,,
5056ce4462ad5960,1,1.0,0,1.0,1.0,0.8636313459186749,35,0,0,-1,,,
977f40bd144b59e9,1,1.0,0,1.0,1.0,0.9110699115529114,55,0,0,-1,,,
174ac6135bf65de9,1,1.0,0,1.0,1.0,0.9216436731902701,54,0,0,-1,,,
7d51b80c3aa25109,1,1.0,0,1.0,1.0,0.8639797077646958,55,0,0,-1,,,
1218b6a218b750d8,1,1.0,0,1.0,1.0,1.0,38,0,0,-1,,,
f93751942d4e5c48,1,1.0,0,1.0,1.0,1.0,44,0,0,-1,,,
b6765fe7ee17596e,1,1.0,0,1.0,1.0,1.0,43,0,0,-1,,,
75151361dbe658bb,1,1.0,0,1.0,1.0,1.0,45,0,0,-1,,,
30422125ddd4590b,1,1.0,0,1.0,1.0,0.8688834360084151,47,0,0,-1,,,
a99280d8424c55b2,1,1.0,0,1.0,1.0,1.0,48,0,0,-1,,,
2bce4431c5da5d1f,1,1.0,0,1.0,1.0,1.0,47,0,0,-1,,,
982b57b1c7c7503a,1,1.0,0,1.0,1.0,1.0,52,0,0,-1,,,
5c7513fea7b45963,1,1.0,0,1.0,1.0,1.0,55,0,0,-1,,,
e6be0f4d0dc351d0,1,1.0,0,1.0,1.0,1.0,54,0,0,-1,,,
755461a5329554de,1,1.0,0,1.0,1.0,0.9124511969268156,59,0,0,-1,,,
c2f911300954542a,1,1.0,0,1.0,1.0,0.926046660066278,59,0,0,-1,,,
662ddec48b93598e,1,1.0,0,1.0,1.0,0.9516426807890085,58,0,0,-1,,,
7a3e0625f3c751ce,1,1.0,0,1.0,1.0,0.8912328334922673,7,0,0,-1,,,
caaf011808a15c9e,1,1.0,0,1.0,1.0,0.8861429555249668,8,0,0,-1,,,
ba7d6b30a3a15384,1,1.0,0,1.0,1.0,0.8919581560639128,6,0,0,-1,,,
6bd6995e2a275d91,1,1.0,0,1.0,1.0,0.9191734972243256,6,0,0,-1,,,
39cf3b9137615a6b,1,1.0,0,1.0,1.0,0.918961685737381,7,0,0,-1,,,
37b3d87596685948,1,1.0,0,1.0,1.0,0.9126228271649522,7,0,0,-1,,,
8659bfccd4195fb6,1,1.0,0,0.0,1.0,0.4596490016025741,38,0,0,-1,,,
2488018e08b35c68,1,0.0,1,0.0,1.0,0.0,37,1,0,5,VEHICLE,5,3.8
26e7a31dd615509c,1,1.0,0,1.0,1.0,0.9731376695704138,64,0,0,-1,,,
6dfed7a32cf45d59,1,1.0,0,1.0,1.0,0.9791552805974638,65,0,0,-1,,,
68f10c13166b592b,1,1.0,0,1.0,1.0,0.9829367404779968,65,0,0,-1,,,
ecb0765ba5c05fa3,1,1.0,0,1.0,1.0,0.9840081191758667,66,0,0,-1,,,
dcb18ea8a7ea5d66,1,1.0,0,1.0,1.0,0.9707439797977863,65,0,0,-1,,,
5603aa72d59e58b2,1,1.0,0,1.0,1.0,0.9708603936763242,63,0,0,-1,,,
836615f5978b56e5,1,1.0,0,1.0,1.0,0.9463839637203039,64,0,0,-1,,,
41cf41279f5459f6,1,1.0,0,1.0,1.0,0.9307273179036027,65,0,0,-1,,,
5b272b7aa3315c4f,1,1.0,0,1.0,1.0,0.9625102382912069,47,0,0,-1,,,
b08965aff8165bec,1,1.0,0,1.0,1.0,0.9610706294880499,48,0,0,-1,,,
994ab680895a55d2,1,1.0,0,1.0,1.0,0.8574614117486065,40,0,0,-1,,,
6121050efd515252,1,1.0,0,1.0,1.0,0.992368983207245,41,0,0,-1,,,
dadc8dc029e15f0f,1,1.0,0,1.0,1.0,0.8623930942088881,46,0,0,-1,,,
95c5cd4c17d9594a,1,1.0,0,1.0,1.0,0.8955331356127956,46,0,0,-1,,,
2620b03dcfcc567b,1,1.0,0,0.0,1.0,0.4850997837693288,51,0,0,-1,,,
ed69e15d85ab50a6,1,1.0,0,1.0,1.0,0.9020236184665986,56,0,0,-1,,,
32cc73faa9755edb,1,1.0,0,1.0,1.0,0.8844475881246519,67,0,0,-1,,,
720963308f01575e,1,1.0,0,1.0,1.0,1.0,68,0,0,-1,,,
10214bdcdd9c5607,1,1.0,0,1.0,1.0,1.0,70,0,0,-1,,,
6745b762c9df5f94,1,1.0,0,1.0,1.0,1.0,69,0,0,-1,,,
498bf3fdec5e5506,1,1.0,0,1.0,1.0,1.0,71,0,0,-1,,,
e76cb8b17f8f51f3,1,1.0,0,1.0,1.0,1.0,69,0,0,-1,,,
67e27e4b89325f31,1,1.0,0,1.0,1.0,1.0,68,0,0,-1,,,
13848a5be84f5a4a,1,1.0,0,1.0,1.0,0.9371772802740977,67,0,0,-1,,,
6d08dce7cfaa5035,1,1.0,0,1.0,1.0,0.8580747304498518,55,0,0,-1,,,
535d4220196452ed,1,1.0,0,1.0,1.0,0.8696734417588988,55,0,0,-1,,,
3d00fb1cdc87515e,1,1.0,0,1.0,1.0,0.8352735839731594,54,0,0,-1,,,
2d7bc87644e85744,1,1.0,0,1.0,1.0,0.7005551023971721,45,0,0,-1,,,
0bd98f90f42350a3,1,1.0,0,1.0,1.0,0.9388131363266833,45,0,0,-1,,,
0156027594b85857,1,1.0,0,1.0,1.0,0.9411971270258922,45,0,0,-1,,,
28e28842e3d759da,1,1.0,0,1.0,1.0,0.9662171805791578,43,0,0,-1,,,
21e13e3ac13856b1,1,1.0,0,1.0,1.0,0.8772730785494011,42,0,0,-1,,,
c73dd42b15465858,1,1.0,0,1.0,1.0,0.8724010784854279,39,0,0,-1,,,
5b78dd344203528e,1,1.0,0,1.0,1.0,0.886399904677634,38,0,0,-1,,,
0f71d72c3b415be6,1,1.0,0,1.0,1.0,0.8787405065452973,39,0,0,-1,,,
676880c7e31252c0,1,1.0,0,1.0,1.0,0.8524645177780078,40,0,0,-1,,,
f412a36812a55b62,1,1.0,0,1.0,1.0,0.8436405283248499,42,0,0,-1,,,
00c489998dd4555c,1,1.0,0,1.0,1.0,1.0,45,0,0,-1,,,
16c1e641b6d350b1,1,1.0,0,1.0,1.0,1.0,45,0,0,-1,,,
e2efd574ab0b56a2,1,1.0,0,1.0,1.0,1.0,46,0,0,-1,,,
887c38b0c24d5b51,1,1.0,0,1.0,1.0,0.8958161084929216,69,0,0,-1,,,
488dd191f7dc59a8,1,1.0,0,0.0,1.0,0.4741604269968372,70,0,0,-1,,,
50e5a63ba7ac5d51,1,1.0,0,1.0,1.0,1.0,59,0,0,-1,,,
93b2aee4f638552e,1,1.0,0,1.0,1.0,1.0,57,0,0,-1,,,
70d79606f745562e,1,1.0,0,1.0,1.0,0.9614737908955483,56,0,0,-1,,,
ac3411f9c2b8530e,1,1.0,0,1.0,1.0,0.7243010704814518,53,0,0,-1,,,
57fa478b9b1e5de3,1,1.0,0,1.0,1.0,0.7710752589808497,52,0,0,-1,,,
8b06db3e6e4355d3,1,1.0,0,1.0,1.0,0.8268124685076197,47,0,0,-1,,,
3338ad25c2cc59d1,1,1.0,0,1.0,1.0,0.8887179096956429,80,0,0,-1,,,
2c76300c674f5769,1,1.0,0,1.0,1.0,0.7804687966783957,59,0,0,-1,,,
abd6e8c330ea5694,1,1.0,0,1.0,1.0,0.8009939039787471,58,0,0,-1,,,
1a7b42fbbaf65c18,1,1.0,0,1.0,1.0,0.8082832868766522,58,0,0,-1,,,
51467056c4f35555,1,1.0,0,1.0,1.0,0.8240880821234441,62,0,0,-1,,,
cd177406e5b056d6,1,1.0,0,1.0,1.0,0.8542907956340308,59,0,0,-1,,,
ea408ea92ea9549b,1,1.0,0,1.0,1.0,0.8356686806589191,59,0,0,-1,,,
fe37acae391d507c,1,1.0,0,1.0,1.0,0.7665962428674882,61,0,0,-1,,,
70297f5b95955dce,1,0.5,0,0.0,1.0,0.17003501464799098,61,0,0,-1,,,
85164858b3e55841,1,0.5,0,0.0,1.0,0.16208287523818468,58,0,0,-1,,,
ee99fbc3e9a25112,1,0.5,0,0.0,1.0,0.170679009895269,58,0,0,-1,,,
749a9bb4860f5cc1,1,1.0,0,0.0,1.0,0.4851987058065766,58,0,0,-1,,,
e87f90ab04a25be9,1,1.0,0,1.0,1.0,0.8850530270109201,59,0,0,-1,,,
2274256d3852572f,1,1.0,0,0.0,1.0,0.472641860768987,55,0,0,-1,,,
61874b16298352f3,1,1.0,0,1.0,1.0,0.9451956913240384,60,0,0,-1,,,
115c513494975ef3,1,1.0,0,1.0,1.0,0.9638719268060649,64,0,0,-1,,,
d436fd792f365847,1,1.0,0,1.0,1.0,0.9283070844852724,132,0,0,-1,,,
df84a00692885ec0,1,1.0,0,1.0,1.0,0.9379118356350796,131,0,0,-1,,,
1a25d6503c075cc8,1,1.0,0,1.0,1.0,0.9674405484874304,131,0,0,-1,,,
5bc7217fee5c5fc5,1,1.0,0,1.0,1.0,0.844451767905384,130,0,0,-1,,,
569670245b515d11,1,1.0,0,1.0,1.0,0.9399003563531204,128,0,0,-1,,,
68d1f5f305cf5aae,1,1.0,0,1.0,1.0,0.9084517642050643,123,0,0,-1,,,
50209c502bd157c8,1,1.0,0,1.0,1.0,0.8629409901600577,124,0,0,-1,,,
efb9929eed1852f0,1,1.0,0,1.0,1.0,0.8141890657056999,103,0,0,-1,,,
cf62911d4c7c541c,1,1.0,0,1.0,0.0,0.0,26,0,0,-1,,,
126dbed7a6b458ee,1,1.0,0,1.0,0.0,0.0,25,0,0,-1,,,
03059436fa185bf8,1,1.0,0,1.0,0.0,0.0,20,0,0,-1,,,
def47af8d5a35090,1,1.0,0,1.0,0.0,0.0,20,0,0,-1,,,
0b4617cb0ac15035,1,1.0,0,1.0,0.0,0.0,19,0,0,-1,,,
18d8181124185dfa,1,1.0,0,1.0,0.0,0.0,18,0,0,-1,,,
7e2675bbae325f36,1,1.0,0,1.0,1.0,0.9229827936563456,16,0,0,-1,,,
704527beccac5701,1,1.0,0,1.0,1.0,0.8801925822038554,85,0,0,-1,,,
4cdcf106cb5d5c63,1,1.0,0,1.0,1.0,1.0,66,0,0,-1,,,
466b634cd806541b,1,1.0,0,1.0,1.0,1.0,65,0,0,-1,,,
7398c63b60075187,1,1.0,0,1.0,1.0,0.742000336548364,72,0,0,-1,,,
1a243b05959f5787,1,1.0,0,1.0,1.0,0.9274266968839147,73,0,0,-1,,,
cea4eb2a60da5354,1,1.0,0,1.0,1.0,0.9831184912830904,77,0,0,-1,,,
982bd8015c9352f5,1,1.0,0,1.0,1.0,0.9819046296432999,79,0,0,-1,,,
af2b5213e6895680,1,1.0,0,1.0,1.0,0.9233099327251789,77,0,0,-1,,,
4203da2e7a8b518d,1,1.0,0,1.0,1.0,0.9011044323963651,78,0,0,-1,,,
581a74871330567f,1,1.0,0,1.0,1.0,1.0,60,0,0,-1,,,
20f93aa93fe05157,1,1.0,0,1.0,1.0,0.9259357536448265,57,0,0,-1,,,
218d9b0348fe5687,1,1.0,0,1.0,1.0,0.9202229866022179,55,0,0,-1,,,
fc8de9b657805f00,1,1.0,0,1.0,1.0,0.9317020790742053,55,0,0,-1,,,
56af844c0e0a53ce,1,1.0,0,1.0,1.0,0.9124673384382245,56,0,0,-1,,,
581e219460ef5789,1,1.0,0,1.0,1.0,0.9387129126634663,56,0,0,-1,,,
62013ac84b3a57e5,1,1.0,0,1.0,1.0,0.938581504203657,51,0,0,-1,,,
38b3c670b2ad55c7,1,1.0,0,1.0,1.0,0.927074988242952,54,0,0,-1,,,
17b0992157365222,1,1.0,0,0.0,1.0,0.5833333333333334,55,0,0,-1,,,
94e4d365aeec5cec,1,1.0,0,0.0,1.0,0.4166666666666667,56,0,0,-1,,,
2a1cb4c27a4459a7,1,1.0,0,0.0,1.0,0.287184361122925,57,0,0,-1,,,
550045c2be39530a,1,1.0,0,1.0,1.0,0.9747315328784758,56,0,0,-1,,,
6771ec6dba275364,1,1.0,0,1.0,1.0,0.9747797544564497,55,0,0,-1,,,
e9a6f39362ba53a3,1,1.0,0,1.0,1.0,0.9654536573847329,58,0,0,-1,,,
4d098db703415f00,1,1.0,0,1.0,1.0,0.9613620337776161,55,0,0,-1,,,
d82f1b20a55d5bcd,1,1.0,0,1.0,1.0,0.9022581847593792,53,0,0,-1,,,
163c9ec0110e5384,1,1.0,0,1.0,0.0,0.0,51,0,0,-1,,,
092e56d3db8b5e24,1,1.0,0,1.0,0.0,0.0,53,0,0,-1,,,
9c0b17fc7987544e,1,1.0,0,1.0,0.0,0.0,54,0,0,-1,,,
0a08850db6e35ab7,1,1.0,0,1.0,1.0,0.8786077026770572,52,0,0,-1,,,
52d3f15d6ca75701,1,1.0,0,1.0,1.0,0.8348230337382382,56,0,0,-1,,,
b9148aabf55250e9,1,1.0,0,1.0,1.0,0.8218818888370446,59,0,0,-1,,,
07bf0601ad425977,1,1.0,0,1.0,1.0,0.8354476964163516,59,0,0,-1,,,
757fb1d7679c5dc2,1,1.0,0,1.0,1.0,0.8822633703926271,57,0,0,-1,,,
1f55063084fd593c,1,1.0,0,1.0,1.0,1.0,53,0,0,-1,,,
61a9157ac995542c,1,1.0,0,1.0,1.0,1.0,61,0,0,-1,,,
2d2a1f08e4895258,1,1.0,0,1.0,1.0,1.0,64,0,0,-1,,,
81aa7cde0f3f5b68,1,1.0,0,1.0,1.0,1.0,79,0,0,-1,,,
f6ab99e351c95b45,1,1.0,0,1.0,1.0,0.9218380022816183,81,0,0,-1,,,
697c73f258ef5745,1,1.0,0,1.0,1.0,0.9033563170432144,59,0,0,-1,,,
af682242313853cb,1,1.0,0,1.0,0.0,0.0,56,0,0,-1,,,
f559d26401125dbe,1,1.0,0,0.0,1.0,0.4166666666666667,57,0,0,-1,,,
838caf9ffb875248,1,1.0,0,1.0,1.0,0.9073582061110335,93,0,0,-1,,,
8fc671c2e6c05780,1,1.0,0,1.0,1.0,0.90747754656008,93,0,0,-1,,,
9bb9d42a74165cf0,1,1.0,0,1.0,1.0,0.8996977244951606,96,0,0,-1,,,
cfb9e8d047515e4c,1,1.0,0,1.0,1.0,0.8974302193016118,65,0,0,-1,,,
70e50d9b18305fa4,1,1.0,0,1.0,1.0,0.8745320406022836,62,0,0,-1,,,
fc33d014431a5b1b,1,1.0,0,1.0,1.0,0.8602419280779093,63,0,0,-1,,,
0fc626b8de655cc7,1,1.0,0,1.0,1.0,0.8534472883215573,63,0,0,-1,,,
e0b9f01f36d75552,1,1.0,0,1.0,1.0,0.84753768935759,60,0,0,-1,,,
6907f601feee5114,1,1.0,0,1.0,1.0,0.7933206303851024,96,0,0,-1,,,
c95f17dbae835b51,1,1.0,0,1.0,1.0,0.7956376884416443,95,0,0,-1,,,
387504d3db1852b0,1,1.0,0,1.0,1.0,0.7649807759008649,89,0,0,-1,,,
b7122fd86c855943,1,1.0,0,1.0,1.0,0.7380221429908161,84,0,0,-1,,,
7ff005be930e5ad6,1,1.0,0,1.0,1.0,0.7577460501103994,80,0,0,-1,,,
c79ab4c1abcb56fa,1,1.0,0,1.0,1.0,0.6984643925747404,71,0,0,-1,,,
aeea0bc96b5255e9,1,1.0,0,1.0,1.0,0.770260722655702,70,0,0,-1,,,
69742b86e6b25ecc,1,1.0,0,1.0,1.0,0.7971143459610271,72,0,0,-1,,,
75994f74c5485493,1,1.0,0,1.0,1.0,0.9887776381648935,55,0,0,-1,,,
453be1f585b1589f,1,1.0,0,1.0,1.0,0.960704925932195,43,0,0,-1,,,
ab845dd1ff3c522d,1,1.0,0,1.0,1.0,0.9343330474367292,39,0,0,-1,,,
11c5f66a6657545d,1,1.0,0,1.0,0.0,0.0,37,0,0,-1,,,
a89c8c3249975dc9,1,1.0,0,1.0,1.0,0.9354657215628052,33,0,0,-1,,,
ce3a4f649e23590d,1,1.0,0,1.0,1.0,0.9394037340003023,31,0,0,-1,,,
2f3cd5f3b7ee59cc,1,1.0,0,1.0,0.0,0.0,27,0,0,-1,,,
34bead43250559f7,1,1.0,0,1.0,0.0,0.0,27,0,0,-1,,,
6f5b0bae72eb5307,1,1.0,0,1.0,1.0,0.9249018913235938,53,0,0,-1,,,
b7bd6325ead95dd8,1,1.0,0,1.0,1.0,0.9722694506811292,56,0,0,-1,,,
5fd68bb785b258ef,1,1.0,0,1.0,1.0,0.9304415992864673,57,0,0,-1,,,
814a2807af5f51f7,1,1.0,0,1.0,1.0,1.0,58,0,0,-1,,,
49365bdfac13581d,1,1.0,0,1.0,1.0,1.0,61,0,0,-1,,,
a0f499d0aab45bab,1,1.0,0,1.0,1.0,1.0,59,0,0,-1,,,
49f0872dbe1958e6,1,1.0,0,1.0,1.0,0.9002380699911567,61,0,0,-1,,,
bc253d8424935910,1,1.0,0,1.0,1.0,0.9285815558104753,62,0,0,-1,,,
e2c14ab1fbe350b1,1,1.0,0,1.0,1.0,0.8695857197687302,49,0,0,-1,,,
607fd9c5903d5376,1,1.0,0,1.0,1.0,0.9104234860168464,51,0,0,-1,,,
4c53b20bf0925c0c,1,1.0,0,1.0,1.0,0.927943066539307,53,0,0,-1,,,
4b721ff0b7025f21,1,1.0,0,1.0,1.0,1.0,56,0,0,-1,,,
f63a2f8e05115d52,1,1.0,0,1.0,0.0,0.0,57,0,0,-1,,,
dd671af93db454aa,1,1.0,0,1.0,1.0,1.0,58,0,0,-1,,,
20403b65d87d5e5a,1,1.0,0,1.0,0.0,0.0,52,0,0,-1,,,
1bee33a086b25a5f,1,1.0,0,1.0,0.0,0.0,53,0,0,-1,,,
6a9642ab1a745aac,1,1.0,0,1.0,1.0,0.7290598270747042,71,0,0,-1,,,
663c00bac2e05721,1,1.0,0,1.0,1.0,0.7286900132273083,71,0,0,-1,,,
61c5308743b35db2,1,1.0,0,1.0,1.0,0.7820692100450738,74,0,0,-1,,,
f227c6775ba75451,1,1.0,0,1.0,1.0,0.9242348405613035,79,0,0,-1,,,
4cfe4dc173bb5e2e,1,1.0,0,1.0,1.0,0.8748569504508401,78,0,0,-1,,,
4e3103d8feb95170,1,1.0,0,1.0,1.0,0.671676309215834,80,0,0,-1,,,
86db74cc909e5437,1,1.0,0,1.0,1.0,0.6745416422466545,81,0,0,-1,,,
0b2839db08ae5ed6,1,1.0,0,1.0,1.0,0.8899198427406665,94,0,0,-1,,,
c1686b2e1a4e5149,1,1.0,0,1.0,1.0,0.9040956174287619,59,0,0,-1,,,
0bb13e6e40385c18,1,1.0,0,1.0,1.0,0.8507375389798604,57,0,0,-1,,,
45441aede44b5547,1,1.0,0,1.0,1.0,0.8330117568097645,56,0,0,-1,,,
2f67d7af0e0d51a1,1,1.0,0,1.0,1.0,0.8949587489258128,54,0,0,-1,,,
3e8c8729205850ab,1,1.0,0,1.0,1.0,0.8767016051267748,54,0,0,-1,,,
40d51aff75a85ab9,1,1.0,0,1.0,1.0,0.8988429558876717,54,0,0,-1,,,
ee82b0fc7b2a5208,1,1.0,0,1.0,1.0,0.8882003527338048,56,0,0,-1,,,
e7c778d603885f57,1,1.0,0,1.0,1.0,0.7853702071080061,55,0,0,-1,,,
1f7910e143ab5300,1,1.0,0,1.0,1.0,0.9556643976313041,60,0,0,-1,,,
a247fa5eb7b454a4,1,1.0,0,1.0,1.0,0.9585888709726792,60,0,0,-1,,,
9f547ab121b456e1,1,1.0,0,1.0,1.0,0.9504675107234525,60,0,0,-1,,,
87c5cdc6c5a45ef2,1,1.0,0,1.0,1.0,0.9698609228961493,59,0,0,-1,,,
8a843c4264a35d16,1,1.0,0,1.0,1.0,0.9456735101879902,56,0,0,-1,,,
dc50a0853e295e88,1,1.0,0,1.0,1.0,0.9245681945557935,55,0,0,-1,,,
cdac2937953e5398,1,1.0,0,1.0,1.0,0.8854278022846817,55,0,0,-1,,,
f86adcbec849574a,1,1.0,0,1.0,1.0,1.0,54,0,0,-1,,,
1559a9e324d6519d,1,1.0,0,1.0,1.0,0.7231492603571722,67,0,0,-1,,,
21b98219003453af,1,1.0,0,1.0,1.0,0.8679660328503337,51,0,0,-1,,,
66329b9ed3785e0e,1,1.0,0,1.0,1.0,0.8754410244026479,53,0,0,-1,,,
5f4ad64db9ac5419,1,1.0,0,1.0,1.0,1.0,58,0,0,-1,,,
f28c522b8a0155cc,1,1.0,0,1.0,1.0,1.0,59,0,0,-1,,,
889aac2576295c91,1,1.0,0,1.0,1.0,1.0,61,0,0,-1,,,
76a0c83f0b6453a0,1,1.0,0,1.0,1.0,1.0,57,0,0,-1,,,
3cfa3f1b82885efa,1,1.0,0,1.0,1.0,1.0,59,0,0,-1,,,
354a67b9e10c562e,1,1.0,0,1.0,1.0,0.784058724881417,62,0,0,-1,,,
d3a9acba43a05b83,1,1.0,0,1.0,1.0,0.8086653642228846,61,0,0,-1,,,
5a73f6b4c9855899,1,1.0,0,1.0,1.0,0.7727641507470024,60,0,0,-1,,,
5350e5a376c259f6,1,1.0,0,1.0,1.0,1.0,59,0,0,-1,,,
ee492610c55b5440,1,1.0,0,1.0,1.0,1.0,64,0,0,-1,,,
0bc64fd1b3ff5d1a,1,1.0,0,1.0,1.0,1.0,66,0,0,-1,,,
83aba0a1454c59e4,1,1.0,0,1.0,1.0,1.0,69,0,0,-1,,,
8ff80000e9a05eca,1,1.0,0,1.0,1.0,1.0,67,0,0,-1,,,
cc54b0f77c84506d,1,1.0,0,1.0,1.0,0.8201940359497776,66,0,0,-1,,,
7caa2336614b5ad3,1,1.0,0,1.0,1.0,0.8464571815269509,69,0,0,-1,,,
1f2f210163c358f8,1,1.0,0,1.0,1.0,0.8697440861540856,69,0,0,-1,,,
a6e7189b4bd35946,1,1.0,0,1.0,1.0,0.8922724604151043,68,0,0,-1,,,
f9c6e1eadcf45c37,1,1.0,0,1.0,1.0,1.0,66,0,0,-1,,,
c707d147a5655289,1,1.0,0,1.0,1.0,1.0,66,0,0,-1,,,
d243aa8117495932,1,1.0,0,1.0,1.0,1.0,64,0,0,-1,,,
bcf76bb937d35be9,1,1.0,0,1.0,1.0,1.0,59,0,0,-1,,,
870da24dc798525e,1,1.0,0,1.0,1.0,0.9167612610159597,27,0,0,-1,,,
d07fa319e6045a3d,1,1.0,0,1.0,1.0,0.9205558720906986,80,0,0,-1,,,
5bdef7e091525742,1,1.0,0,1.0,1.0,0.9594123012014956,74,0,0,-1,,,
d2853234152359b3,1,1.0,0,1.0,1.0,0.8854872448708004,53,0,0,-1,,,
c2cb368d78e858c7,1,1.0,0,1.0,1.0,0.8867193519823284,50,0,0,-1,,,
f3fd7b1cf6055ad5,1,1.0,0,1.0,1.0,0.8631236996116461,52,0,0,-1,,,
bcdf72879fff5ab1,1,1.0,0,1.0,1.0,0.9036768254054138,53,0,0,-1,,,
ccd74f5377b85a36,1,1.0,0,1.0,1.0,0.9349645887437422,50,0,0,-1,,,
e194e033ee72504a,1,1.0,0,1.0,1.0,0.7204969945617637,81,0,0,-1,,,
578adc6dc97d510f,1,1.0,0,1.0,1.0,0.6979860667315476,82,0,0,-1,,,
520e72270acb562a,1,1.0,0,1.0,1.0,0.6786600619317031,83,0,0,-1,,,
40726c708b17504a,1,1.0,0,1.0,1.0,0.6728396287515793,83,0,0,-1,,,
a9ffe9bb174851e6,1,0.0,1,0.0,1.0,0.0,85,1,0,2,VEHICLE,2,7.7
78e0e3e1292d5431,1,0.0,1,0.0,1.0,0.0,63,1,0,6,VEHICLE,6,12.0
c44755b18af45385,1,1.0,0,1.0,1.0,1.0,62,0,0,-1,,,
c4f1593154f95224,1,1.0,0,1.0,1.0,0.7222821538792084,67,0,0,-1,,,
8fccd42a7937508a,1,1.0,0,1.0,1.0,1.0,59,0,0,-1,,,
92e33be532965ecf,1,1.0,0,1.0,1.0,1.0,60,0,0,-1,,,
166d08e80654527d,1,1.0,0,1.0,1.0,1.0,72,0,0,-1,,,
39f81c49a1ba5f41,1,1.0,0,1.0,1.0,1.0,74,0,0,-1,,,
6872fa29d1345d03,1,1.0,0,1.0,1.0,0.9545433645557146,62,0,0,-1,,,
96d7b6bf87f45e33,1,1.0,0,1.0,1.0,0.9590211333754883,55,0,0,-1,,,
e2fe8539502a5fd1,1,1.0,0,1.0,1.0,0.9522814725069857,54,0,0,-1,,,
9986c0e5f88f547f,1,1.0,0,1.0,1.0,0.9518633367574875,52,0,0,-1,,,
ce8cc7a247f651be,1,1.0,0,1.0,1.0,1.0,52,0,0,-1,,,
db740574ddc053f0,1,1.0,0,1.0,1.0,1.0,52,0,0,-1,,,
70bd598e1c305d92,1,1.0,0,1.0,1.0,1.0,51,0,0,-1,,,
d6bb49ff956f5b50,1,1.0,0,1.0,1.0,1.0,50,0,0,-1,,,
ebffacdb3be25252,1,1.0,0,1.0,1.0,1.0,54,0,0,-1,,,
887e4d57da835b12,1,1.0,0,1.0,1.0,1.0,66,0,0,-1,,,
4d8c41cf686957d1,1,1.0,0,1.0,1.0,1.0,69,0,0,-1,,,
8671b777d49e5dea,1,1.0,0,1.0,1.0,0.7465304572331318,81,0,0,-1,,,
68ca75d95a615a5d,1,1.0,0,1.0,1.0,0.9452865131096339,50,0,0,-1,,,
51a384b48ace570a,1,1.0,0,1.0,1.0,0.9471918906838136,50,0,0,-1,,,
6c737af6c9a752dc,1,1.0,0,1.0,1.0,0.9428440872634513,48,0,0,-1,,,
bd5f0b15f9a65bf1,1,1.0,0,1.0,1.0,0.9388067203252651,43,0,0,-1,,,
5a4811a0bde955b3,1,1.0,0,1.0,1.0,0.9393930656659001,39,0,0,-1,,,
38a75ff02ee95756,1,1.0,0,1.0,1.0,0.9253371024165237,37,0,0,-1,,,
e0dd84d2357d5ed8,1,1.0,0,1.0,1.0,0.917532397537984,32,0,0,-1,,,
150d706a5add549a,1,1.0,0,1.0,1.0,0.9199657691250014,30,0,0,-1,,,
4b875117d12e5ef6,1,1.0,0,1.0,1.0,0.8530716297315647,70,0,0,-1,,,
2e508e23f47d5f96,1,1.0,0,1.0,1.0,0.8427821071367139,70,0,0,-1,,,
35b84fa433f0583f,1,1.0,0,1.0,1.0,0.8089593360593227,65,0,0,-1,,,
0e272e003af65a71,1,1.0,0,0.0,1.0,0.4015342501879262,68,0,0,-1,,,
52f07f442baa5fe5,1,1.0,0,1.0,1.0,0.7521040060484142,68,0,0,-1,,,
741d60ca8b7b5cb4,1,1.0,0,1.0,1.0,0.7616829736318405,67,0,0,-1,,,
38b4ff11393c5dec,1,1.0,0,1.0,1.0,1.0,64,0,0,-1,,,
159b8a11bd775e91,1,0.0,1,0.0,1.0,0.0,63,1,0,2,VEHICLE,2,6.6
f713c584fcfe5824,1,1.0,0,1.0,1.0,0.8828969398063259,65,0,0,-1,,,
2a12546539045e5b,1,1.0,0,1.0,1.0,1.0,65,0,0,-1,,,
8d8806333d865527,1,1.0,0,1.0,1.0,1.0,64,0,0,-1,,,
47510e3eddd950ad,1,1.0,0,1.0,1.0,0.7967038938164285,65,0,0,-1,,,
ce978770a87253c8,1,1.0,0,1.0,1.0,1.0,66,0,0,-1,,,
df8bff51c1d95e09,1,1.0,0,1.0,1.0,1.0,65,0,0,-1,,,
41d49aa70484596d,1,1.0,0,1.0,1.0,0.7897791953494654,71,0,0,-1,,,
49d0c7d110f15c0e,1,1.0,0,1.0,1.0,0.8602632081702328,69,0,0,-1,,,
a5851164f3ee5b71,1,1.0,0,1.0,1.0,0.923171023201144,49,0,0,-1,,,
632a1b53a6875b22,1,1.0,0,1.0,1.0,0.86908926836428,47,0,0,-1,,,
02ff5ce64ad75584,1,1.0,0,1.0,1.0,0.9295165951291414,46,0,0,-1,,,
30d60ce25f4d552e,1,1.0,0,1.0,1.0,0.9335240120184704,47,0,0,-1,,,
6907c80d73775279,1,1.0,0,1.0,1.0,0.9462688885554176,45,0,0,-1,,,
fab1993d5d4759da,1,1.0,0,1.0,1.0,0.9439336739119625,47,0,0,-1,,,
bdd67f08ac585568,1,1.0,0,1.0,1.0,0.9553349569099145,42,0,0,-1,,,
81de41d688185082,1,1.0,0,1.0,1.0,0.9417533511149316,38,0,0,-1,,,
b51815625ee05f75,1,1.0,0,1.0,1.0,1.0,49,0,0,-1,,,
86641ef36dfc5c16,1,1.0,0,1.0,1.0,1.0,48,0,0,-1,,,
350ef3908a9c5db6,1,1.0,0,1.0,1.0,1.0,48,0,0,-1,,,
9e4128df16395eb4,1,1.0,0,1.0,1.0,1.0,51,0,0,-1,,,
a7f5d22750b75466,1,1.0,0,1.0,1.0,1.0,65,0,0,-1,,,
7c42db62ed515a8c,1,1.0,0,1.0,1.0,1.0,66,0,0,-1,,,
239cb4818dc458fd,1,1.0,0,1.0,1.0,1.0,63,0,0,-1,,,
6871543e963f5bdf,1,1.0,0,1.0,1.0,0.993293343375194,70,0,0,-1,,,
d08ae5bc8a435f97,1,1.0,0,1.0,1.0,1.0,84,0,0,-1,,,
352290f8ed8e572e,1,1.0,0,1.0,1.0,1.0,69,0,0,-1,,,
39b5d00781925b16,1,1.0,0,1.0,1.0,1.0,61,0,0,-1,,,
ece9650c827e569f,1,1.0,0,1.0,1.0,1.0,56,0,0,-1,,,
0fc778045313531b,1,1.0,0,1.0,1.0,1.0,59,0,0,-1,,,
1a442597212150c2,1,1.0,0,1.0,1.0,1.0,60,0,0,-1,,,
f37c90e977e856c8,1,1.0,0,1.0,1.0,1.0,57,0,0,-1,,,
51bf8103b6cd5b4c,1,1.0,0,1.0,1.0,0.8400213702897958,55,0,0,-1,,,
874ce413a47e5c30,1,1.0,0,1.0,1.0,0.976000754996036,35,0,0,-1,,,
1e1913cd8d035225,1,1.0,0,1.0,1.0,0.9554267829608708,34,0,0,-1,,,
4fd0583319865636,1,1.0,0,1.0,1.0,0.954465069832585,33,0,0,-1,,,
58dcca6583f6599e,1,1.0,0,1.0,1.0,0.9225140512585289,33,0,0,-1,,,
9ed452bde7335185,1,1.0,0,1.0,1.0,0.905561370534986,34,0,0,-1,,,
f19a48878cfe5bb0,1,1.0,0,1.0,1.0,0.9249424162370466,34,0,0,-1,,,
001b34b45b2f50e4,1,1.0,0,1.0,1.0,1.0,34,0,0,-1,,,
2002780575295bdc,1,1.0,0,1.0,1.0,1.0,35,0,0,-1,,,
f8f02729d1ee5c16,1,1.0,0,1.0,1.0,1.0,147,0,0,-1,,,
8abc81ff3045543b,1,1.0,0,1.0,1.0,0.9898559065721289,149,0,0,-1,,,
f07e9711c5285e75,1,1.0,0,1.0,1.0,0.9693660132407768,151,0,0,-1,,,
69d2af69b1b75698,1,1.0,0,1.0,1.0,0.8662192342463281,67,0,0,-1,,,
1895b756b1b0539d,1,1.0,0,1.0,1.0,0.8378521643892856,74,0,0,-1,,,
bee7eebe90dd5285,1,1.0,0,1.0,1.0,0.9111763351389013,70,0,0,-1,,,
f18158051cc457d8,1,1.0,0,1.0,1.0,0.9110508365865372,71,0,0,-1,,,
626b5dc253965ecb,1,1.0,0,1.0,1.0,0.9489469727802057,84,0,0,-1,,,
a9359dafbcdd5af6,1,1.0,0,1.0,1.0,1.0,33,0,0,-1,,,
377d556af9d25dab,1,1.0,0,1.0,1.0,1.0,49,0,0,-1,,,
c6e9b00edaa454da,1,1.0,0,1.0,1.0,1.0,50,0,0,-1,,,
88466abb967954e5,1,1.0,0,1.0,1.0,1.0,51,0,0,-1,,,
9b3eda2685e75099,1,1.0,0,1.0,1.0,1.0,51,0,0,-1,,,
a0f695da4a815955,1,1.0,0,1.0,1.0,1.0,51,0,0,-1,,,
1bf4bffb864f5379,1,1.0,0,1.0,1.0,1.0,49,0,0,-1,,,
feb7748995f55bdd,1,1.0,0,1.0,1.0,1.0,50,0,0,-1,,,
2ad650691b5d58f0,1,1.0,0,1.0,1.0,0.8110826945772187,56,0,0,-1,,,
8d86cfd038145f2a,1,1.0,0,1.0,1.0,0.7254215048962047,52,0,0,-1,,,
33a4b3a5822e52db,1,1.0,0,1.0,1.0,0.7930037512300686,54,0,0,-1,,,
1d1dde59c417522f,1,1.0,0,1.0,1.0,0.7223499921153,40,0,0,-1,,,
69e8fff107b05199,1,1.0,0,1.0,0.0,0.0,39,0,0,-1,,,
6cbc045e25c2506d,1,1.0,0,1.0,0.0,0.0,40,0,0,-1,,,
47c92818d9005eea,1,1.0,0,1.0,1.0,1.0,40,0,0,-1,,,
5012cae5e4fc57a1,1,1.0,0,1.0,1.0,1.0,55,0,0,-1,,,
69dcc80901db5a29,1,1.0,0,1.0,1.0,1.0,61,0,0,-1,,,
4bfd04f7517b5381,1,1.0,0,1.0,1.0,1.0,60,0,0,-1,,,
00c6aecefec9576c,1,1.0,0,1.0,1.0,0.8336769804316803,63,0,0,-1,,,
53400e82ca375c5f,1,1.0,0,1.0,1.0,0.8512134173818341,66,0,0,-1,,,
906ffee6860e524a,1,1.0,0,1.0,1.0,1.0,66,0,0,-1,,,
8d6583f3e3c15034,1,1.0,0,1.0,1.0,0.8461129080844249,67,0,0,-1,,,
a87f744c67175bc4,1,1.0,0,1.0,1.0,0.8962837166402302,65,0,0,-1,,,
f638ae3f35d25d55,1,1.0,0,1.0,1.0,0.847403236922342,69,0,0,-1,,,
97eca45f93285d17,1,1.0,0,1.0,1.0,0.9459909578814533,70,0,0,-1,,,
b09d0393d8095685,1,1.0,0,1.0,1.0,0.9036792800069584,70,0,0,-1,,,
9fe07284cb3f5e0a,1,1.0,0,1.0,1.0,0.9474156886506103,72,0,0,-1,,,
48321ca34be254e5,1,1.0,0,1.0,1.0,0.903963659761113,71,0,0,-1,,,
959a7f2070f551e9,1,1.0,0,1.0,1.0,0.7332443925989969,60,0,0,-1,,,
172506ac332d5af5,1,1.0,0,1.0,1.0,0.8605223403571557,57,0,0,-1,,,
b7bcc88d87ba59ae,1,1.0,0,1.0,1.0,1.0,59,0,0,-1,,,
9313777d021e5255,1,1.0,0,1.0,1.0,1.0,58,0,0,-1,,,
0bc2eec7ad2c5599,1,1.0,0,1.0,1.0,1.0,57,0,0,-1,,,
8a249b6f42f35ca2,1,1.0,0,1.0,1.0,1.0,62,0,0,-1,,,
960d5334ae8f54a5,1,1.0,0,1.0,1.0,1.0,59,0,0,-1,,,
78f941ea974f5084,1,1.0,0,1.0,1.0,1.0,189,0,0,-1,,,
998a30325ca25437,1,1.0,0,1.0,1.0,1.0,159,0,0,-1,,,
3d5103c659255a72,1,1.0,0,1.0,1.0,1.0,146,0,0,-1,,,
1d4b518f1b175184,1,1.0,0,1.0,1.0,1.0,149,0,0,-1,,,
1b0f2e4276945f9a,1,1.0,0,1.0,1.0,1.0,154,0,0,-1,,,
786f447064055cfd,1,1.0,0,1.0,1.0,1.0,71,0,0,-1,,,
9d6eac20a6fb5cd9,1,1.0,0,1.0,1.0,1.0,71,0,0,-1,,,
26a1ceab4d455a77,1,1.0,0,1.0,1.0,0.7446453771326907,78,0,0,-1,,,
a6b518a433065727,1,1.0,0,1.0,1.0,0.7399249415586507,74,0,0,-1,,,
c38664c4b23853a3,1,1.0,0,1.0,1.0,0.9244847722526606,41,0,0,-1,,,
e38dd745e363544c,1,1.0,0,1.0,1.0,0.9467767355434048,40,0,0,-1,,,
bf80166d9d045752,1,1.0,0,1.0,1.0,0.9405419507616496,40,0,0,-1,,,
6d3f9d5ca5e05aa2,1,1.0,0,1.0,1.0,0.9488160760092904,39,0,0,-1,,,
7defd0c32cd8546a,1,1.0,0,1.0,1.0,1.0,61,0,0,-1,,,
b87e9553091a5216,1,1.0,0,1.0,1.0,1.0,59,0,0,-1,,,
72928620ac2a55a0,1,1.0,0,1.0,1.0,1.0,60,0,0,-1,,,
b24954d56c155570,1,1.0,0,1.0,1.0,1.0,61,0,0,-1,,,
5982df20d90a59cc,1,1.0,0,1.0,1.0,1.0,61,0,0,-1,,,
4d50c69f430850a0,1,1.0,0,1.0,1.0,1.0,62,0,0,-1,,,
a151ed0de3f35bf5,1,1.0,0,1.0,1.0,1.0,63,0,0,-1,,,
3a29d6bc75a557f1,1,1.0,0,1.0,1.0,1.0,62,0,0,-1,,,
8ea6783a7b195706,1,1.0,0,1.0,1.0,0.9242486971516554,36,0,0,-1,,,
85a89a122095548d,1,1.0,0,1.0,1.0,0.9134561955958392,29,0,0,-1,,,
70e6f01ee485510a,1,1.0,0,1.0,1.0,0.9018280356165103,25,0,0,-1,,,
625bda810b66583a,1,1.0,0,1.0,1.0,0.9033047353962574,23,0,0,-1,,,
6292d2ef6730548d,1,1.0,0,1.0,1.0,0.8995193364597491,23,0,0,-1,,,
61768c493892576d,1,1.0,0,1.0,1.0,0.878420201248082,23,0,0,-1,,,
0c4bf4c931b05734,1,1.0,0,1.0,1.0,0.8472799597052886,22,0,0,-1,,,
4f5d9ee9c2915058,1,1.0,0,1.0,1.0,0.9371903125231885,220,0,0,-1,,,
5d004fb36ca95fa0,1,1.0,0,1.0,1.0,1.0,83,0,0,-1,,,
407bc420086a58f6,1,1.0,0,1.0,1.0,1.0,84,0,0,-1,,,
92e499cae59d57d4,1,1.0,0,1.0,1.0,1.0,88,0,0,-1,,,
58cf6aaf126b5727,1,1.0,0,1.0,1.0,1.0,95,0,0,-1,,,
7287189737c85540,1,1.0,0,1.0,1.0,1.0,94,0,0,-1,,,
ff1044970b525386,1,1.0,0,1.0,1.0,1.0,95,0,0,-1,,,
0ee0c8c2556c506a,1,1.0,0,1.0,1.0,1.0,93,0,0,-1,,,
c8dc1e0c85f75036,1,1.0,0,1.0,1.0,1.0,91,0,0,-1,,,
17a3e2d3cba55770,1,1.0,0,1.0,1.0,1.0,74,0,0,-1,,,
1ebc0b5378ab5caa,1,1.0,0,1.0,1.0,1.0,73,0,0,-1,,,
b72c6ad506465ebb,1,1.0,0,1.0,1.0,1.0,74,0,0,-1,,,
9100530861d851b0,1,1.0,0,1.0,1.0,1.0,73,0,0,-1,,,
0b4c7130090c5e85,1,1.0,0,1.0,1.0,1.0,74,0,0,-1,,,
c5388dbd766353cf,1,1.0,0,1.0,1.0,1.0,77,0,0,-1,,,
8bb7091fe0d959fc,1,1.0,0,1.0,1.0,1.0,78,0,0,-1,,,
ae73a52a1a5d54ac,1,1.0,0,1.0,1.0,1.0,78,0,0,-1,,,
d8699a1844cc5541,1,1.0,0,1.0,1.0,1.0,77,0,0,-1,,,
330fe55520e351fb,1,1.0,0,1.0,1.0,1.0,75,0,0,-1,,,
f19d96f947fa52d9,1,1.0,0,1.0,1.0,1.0,74,0,0,-1,,,
6d3db8abd9ad52eb,1,1.0,0,1.0,1.0,1.0,73,0,0,-1,,,
9a179eb32481553e,1,1.0,0,1.0,1.0,1.0,76,0,0,-1,,,
b30e51044c885122,1,1.0,0,1.0,1.0,1.0,77,0,0,-1,,,
ebfd1e0fff105c51,1,1.0,0,1.0,1.0,1.0,81,0,0,-1,,,
14d53eb06a7d582a,1,1.0,0,1.0,1.0,1.0,84,0,0,-1,,,
e13e38532130514b,1,1.0,0,1.0,1.0,1.0,88,0,0,-1,,,
d88f286835b95ff3,1,1.0,0,1.0,1.0,1.0,86,0,0,-1,,,
0eb28cf3dad95c46,1,1.0,0,1.0,1.0,1.0,82,0,0,-1,,,
ad970e7cae1a5ead,1,1.0,0,1.0,1.0,1.0,79,0,0,-1,,,
022de8051c3f5b83,1,1.0,0,1.0,1.0,1.0,76,0,0,-1,,,
fa02f1587177551c,1,1.0,0,1.0,1.0,1.0,80,0,0,-1,,,
37d8b3ca81905645,1,1.0,0,1.0,1.0,1.0,83,0,0,-1,,,
90a14e5bd7cb5f47,1,1.0,0,1.0,1.0,1.0,77,0,0,-1,,,
a0f56a70905c527d,1,1.0,0,1.0,1.0,0.9979262348359939,194,0,0,-1,,,
be2d7d1ddb305428,1,1.0,0,1.0,1.0,0.9574454324661068,57,0,0,-1,,,
7c57d68b038450cd,1,1.0,0,1.0,1.0,1.0,51,0,0,-1,,,
4ca0e98b86fb5377,1,1.0,0,1.0,1.0,1.0,51,0,0,-1,,,
35583284eac15ae5,1,1.0,0,1.0,1.0,1.0,52,0,0,-1,,,
769b9c472f935b0c,1,1.0,0,1.0,1.0,1.0,53,0,0,-1,,,
7f163959c6e05719,1,1.0,0,1.0,1.0,1.0,51,0,0,-1,,,
32bbb5bfdd515d19,1,1.0,0,1.0,1.0,1.0,50,0,0,-1,,,
9c63a8a78f3251d3,1,1.0,0,1.0,1.0,1.0,58,0,0,-1,,,
b14ac3255b3b520b,1,1.0,0,1.0,1.0,1.0,58,0,0,-1,,,
7015bc44f34252f4,1,1.0,0,1.0,1.0,1.0,55,0,0,-1,,,
b0902109adea5e0f,1,1.0,0,1.0,1.0,0.9012489494329049,116,0,0,-1,,,
7a7ff4cc1f1a501e,1,1.0,0,1.0,1.0,0.9028409023866061,122,0,0,-1,,,
f1bdf7e4e9f5534e,1,1.0,0,1.0,0.0,0.0,121,0,0,-1,,,
c296ded44f9a509a,1,1.0,0,1.0,0.0,0.0,126,0,0,-1,,,
f140d31943145068,1,1.0,0,1.0,0.0,0.0,129,0,0,-1,,,
4167ff5049555a2f,1,1.0,0,1.0,1.0,0.9695388136811068,51,0,0,-1,,,
a786025ec8ab5a6b,1,1.0,0,1.0,1.0,0.9759290286262683,50,0,0,-1,,,
6922b2ea23cd51a3,1,1.0,0,1.0,1.0,1.0,55,0,0,-1,,,
f1592141ee0157fe,1,1.0,0,1.0,1.0,1.0,54,0,0,-1,,,
8931b1302d7a5f61,1,1.0,0,1.0,1.0,1.0,57,0,0,-1,,,
5f0ef7cc5f0a5b02,1,1.0,0,1.0,1.0,1.0,57,0,0,-1,,,
54d3c4a139e75250,1,1.0,0,1.0,1.0,1.0,57,0,0,-1,,,
c0ccb2e28d8e5bfe,1,1.0,0,1.0,1.0,1.0,56,0,0,-1,,,
d87ac612c49152b5,1,1.0,0,1.0,1.0,0.965359662671809,58,0,0,-1,,,
9b4c54f9a3f757a4,1,1.0,0,1.0,1.0,0.959678843161416,58,0,0,-1,,,
3a79314b89305c5b,1,1.0,0,1.0,1.0,0.9587912445152703,58,0,0,-1,,,
9d262af7c8875aa2,1,1.0,0,1.0,1.0,0.9164508061820164,52,0,0,-1,,,
cd2f52e2012f5088,1,1.0,0,1.0,1.0,0.8621562074839422,52,0,0,-1,,,
544d2652bcc551db,1,1.0,0,1.0,1.0,0.9632188553957001,50,0,0,-1,,,
f976da772a435bd5,1,1.0,0,1.0,1.0,1.0,50,0,0,-1,,,
6535e6022ba0547c,1,1.0,0,1.0,1.0,0.9335889585484388,139,0,0,-1,,,
7900d1167dfe5c24,1,1.0,0,1.0,1.0,1.0,62,0,0,-1,,,
bedf9db2d7b15abd,1,1.0,0,1.0,1.0,1.0,61,0,0,-1,,,
4f47f41d84c450e8,1,1.0,0,1.0,1.0,1.0,62,0,0,-1,,,
cdae0433bb5d5b9e,1,1.0,0,1.0,1.0,1.0,66,0,0,-1,,,
b411a654aa215f1b,1,1.0,0,1.0,1.0,1.0,76,0,0,-1,,,
04605629ea8a50cc,1,1.0,0,1.0,1.0,1.0,73,0,0,-1,,,
7fded53ec049537a,1,1.0,0,1.0,1.0,1.0,81,0,0,-1,,,
4d55f6c3a3dc58fe,1,1.0,0,1.0,1.0,1.0,77,0,0,-1,,,
728988dc8a8b502a,1,1.0,0,1.0,1.0,0.9171509864069942,145,0,0,-1,,,
7ffe3cd6cd995118,1,1.0,0,1.0,1.0,1.0,145,0,0,-1,,,
06eaba80b0bf50f0,1,1.0,0,0.0,1.0,0.5672641327155002,144,0,0,-1,,,
866fab78f1da518b,1,1.0,0,1.0,1.0,0.9213037355300601,145,0,0,-1,,,
e0190f0059145fc6,1,1.0,0,1.0,1.0,0.854235229260377,146,0,0,-1,,,
96b5b1c350745a73,1,0.0,1,0.0,1.0,0.0,154,1,0,12,PEDESTRIAN,12,9.1
dad522fc9c405963,1,1.0,0,1.0,1.0,0.9714723577166571,156,0,0,-1,,,
5d5cef2e5d6b5d6b,1,1.0,0,1.0,1.0,0.708060318482962,126,0,0,-1,,,
a4f950bf8f9b590b,1,1.0,0,1.0,1.0,0.9453455687663571,52,0,0,-1,,,
ad0701a39edd5c5a,1,1.0,0,1.0,1.0,0.9237938479164559,52,0,0,-1,,,
47e005481cf0579d,1,1.0,0,1.0,1.0,0.9177552261209078,53,0,0,-1,,,
69a3d7249bc85849,1,1.0,0,1.0,1.0,0.9162540245578246,52,0,0,-1,,,
7e3d6e037fbc506c,1,1.0,0,1.0,1.0,0.9119008178745451,53,0,0,-1,,,
f228a1710d2f5ccd,1,1.0,0,1.0,1.0,0.8570035987945288,50,0,0,-1,,,
99dae52a2a6451da,1,1.0,0,1.0,1.0,0.8775044697500727,51,0,0,-1,,,
de8957bb05ae5d5d,1,1.0,0,1.0,1.0,1.0,51,0,0,-1,,,
313c37ffdeaf51ca,1,1.0,0,1.0,1.0,0.9813140575407379,220,0,0,-1,,,
ed205afc48d150f3,1,1.0,0,1.0,1.0,0.9350625621991195,217,0,0,-1,,,
36aef5f67c8d5e2e,1,1.0,0,1.0,1.0,0.9323656369677575,219,0,0,-1,,,
2c71b83e25e1577d,1,1.0,0,1.0,1.0,0.9628222257929474,216,0,0,-1,,,
4d2885661a535f9b,1,1.0,0,1.0,1.0,0.969249569281683,216,0,0,-1,,,
8ddb6763987051ba,1,1.0,0,1.0,1.0,0.9691458445909028,211,0,0,-1,,,
74d72b3cd99d5ab4,1,1.0,0,1.0,1.0,0.965460750373298,206,0,0,-1,,,
054e4984e1b55ec9,1,1.0,0,1.0,1.0,0.9949964929978181,204,0,0,-1,,,
ed9f00d292b55607,1,1.0,0,1.0,1.0,0.9559941183952495,47,0,0,-1,,,
57b605b889505738,1,1.0,0,1.0,1.0,1.0,39,0,0,-1,,,
e6bf9ed756f95544,1,1.0,0,1.0,1.0,1.0,39,0,0,-1,,,
a9454c63755c549d,1,1.0,0,1.0,1.0,1.0,38,0,0,-1,,,
77218354c5c25657,1,1.0,0,1.0,1.0,1.0,51,0,0,-1,,,
3a14515e4e305499,1,1.0,0,1.0,1.0,1.0,49,0,0,-1,,,
76664d864c4d5595,1,1.0,0,1.0,1.0,1.0,48,0,0,-1,,,
f6b3ef5ef2085e46,1,1.0,0,1.0,1.0,1.0,46,0,0,-1,,,
d93e31dfb0c25be5,1,1.0,0,1.0,1.0,1.0,63,0,0,-1,,,
5e8d717cc46a5988,1,1.0,0,1.0,1.0,1.0,62,0,0,-1,,,
25bf69b0667152fa,1,1.0,0,1.0,1.0,0.9556664640560869,68,0,0,-1,,,
65612a858cc756b3,1,1.0,0,1.0,1.0,0.9595234485051195,69,0,0,-1,,,
8c5518bf679458df,1,1.0,0,1.0,1.0,0.9338138053953561,66,0,0,-1,,,
3ece2b5bbf095290,1,1.0,0,1.0,1.0,0.9181543856816577,68,0,0,-1,,,
e9645135a4fe5739,1,1.0,0,1.0,1.0,0.9228433392636101,68,0,0,-1,,,
2d365fc1fbd35aab,1,1.0,0,1.0,1.0,0.8798220457732873,67,0,0,-1,,,
f3aaed259ab15dcc,1,1.0,0,1.0,1.0,1.0,92,0,0,-1,,,
563ef3c44a5a528e,1,1.0,0,1.0,1.0,0.6013057658406974,86,0,0,-1,,,
659373708e8e5a4f,1,1.0,0,1.0,1.0,0.7269397188120683,90,0,0,-1,,,
019b86fe2e215b6e,1,1.0,0,1.0,1.0,0.8236628373503709,88,0,0,-1,,,
b4176d2246d452ea,1,1.0,0,1.0,1.0,1.0,90,0,0,-1,,,
1b01f89fe48355b6,1,1.0,0,1.0,1.0,0.8538250080543165,88,0,0,-1,,,
66ca1ffcef4354e9,1,1.0,0,1.0,1.0,0.832996492394327,74,0,0,-1,,,
0f8d3b14831a5ccc,1,1.0,0,1.0,1.0,0.8356436932129533,66,0,0,-1,,,
ba40b386e9cd5e73,1,1.0,0,1.0,1.0,0.8606180518014416,142,0,0,-1,,,
4231dc0eadd75a2d,1,1.0,0,1.0,1.0,0.8452456791712698,148,0,0,-1,,,
4d73f8250ae750ca,1,1.0,0,1.0,1.0,0.9396067673110552,148,0,0,-1,,,
9482aa33e08f50e6,1,1.0,0,1.0,1.0,0.9487301409995176,150,0,0,-1,,,
bc388668c6285884,1,1.0,0,1.0,1.0,0.910971296371473,146,0,0,-1,,,
631ef1b9ceeb5d0d,1,1.0,0,1.0,1.0,0.8979470661530865,144,0,0,-1,,,
8835adb14ec55b7c,1,1.0,0,1.0,1.0,0.8858475861481824,143,0,0,-1,,,
bf204ae0ffed51d2,1,1.0,0,1.0,1.0,1.0,142,0,0,-1,,,
70428e7a613e55cc,1,1.0,0,1.0,1.0,0.9826728427010779,64,0,0,-1,,,
cbe5bb78a9be547e,1,1.0,0,1.0,1.0,0.9610161180448268,65,0,0,-1,,,
973043f273bc5940,1,1.0,0,1.0,1.0,0.9452925759677039,49,0,0,-1,,,
33baec8b94e15a39,1,1.0,0,1.0,1.0,0.9384175866726717,48,0,0,-1,,,
f75c8c639ded5924,1,1.0,0,1.0,1.0,0.9418866169150301,49,0,0,-1,,,
d68d495f8f605301,1,1.0,0,1.0,1.0,0.9207319090962324,51,0,0,-1,,,
02e9f697f2d055ee,1,1.0,0,1.0,1.0,0.9510352716284937,51,0,0,-1,,,
63ec12363eef5e89,1,1.0,0,1.0,1.0,0.933200644612581,53,0,0,-1,,,
4d88ae43c2f55d96,1,1.0,0,1.0,1.0,1.0,142,0,0,-1,,,
8a4861a2a0e857fb,1,1.0,0,1.0,1.0,1.0,140,0,0,-1,,,
f8b4b55200585f2b,1,1.0,0,1.0,1.0,1.0,136,0,0,-1,,,
777cf50be27a5d4b,1,1.0,0,1.0,1.0,1.0,174,0,0,-1,,,
239d1b8a77e05a6e,1,1.0,0,1.0,1.0,1.0,177,0,0,-1,,,
83a4f915caf15aca,1,1.0,0,1.0,1.0,1.0,184,0,0,-1,,,
05850e3460015579,1,1.0,0,1.0,1.0,1.0,189,0,0,-1,,,
7fae2ae6ad895261,1,1.0,0,1.0,1.0,1.0,202,0,0,-1,,,
7cead15dfaab593e,1,1.0,0,1.0,1.0,0.8991054140040671,128,0,0,-1,,,
b9d45c43c2fd5165,1,1.0,0,1.0,1.0,0.8948233174082064,119,0,0,-1,,,
02e3e6d3ecfc5240,1,1.0,0,1.0,1.0,0.819597498313012,104,0,0,-1,,,
f5edba52c4545fe3,1,1.0,0,1.0,1.0,0.732748471790661,103,0,0,-1,,,
1b65613f0242544a,1,1.0,0,1.0,1.0,0.7799810147826367,108,0,0,-1,,,
bb22d36aec8e53df,1,1.0,0,1.0,1.0,0.8083117396152918,103,0,0,-1,,,
e14abaa91ad3511b,1,1.0,0,1.0,1.0,0.7903229463487856,99,0,0,-1,,,
7c33d9bd65e956e1,1,1.0,0,1.0,1.0,1.0,106,0,0,-1,,,
c5f6d8de44475520,1,1.0,0,1.0,1.0,1.0,210,0,0,-1,,,
fd78b0de42045de7,1,1.0,0,1.0,1.0,1.0,202,0,0,-1,,,
54acc07973fb52c8,1,1.0,0,1.0,1.0,0.9854589041150446,205,0,0,-1,,,
1ea94b85513e5822,1,1.0,0,1.0,1.0,0.9346015565452266,202,0,0,-1,,,
b8603fa264b25b80,1,1.0,0,1.0,1.0,0.9510577261708617,201,0,0,-1,,,
3009df5312fa581c,1,1.0,0,1.0,1.0,0.9651859448981753,193,0,0,-1,,,
e6a4a48400545711,1,1.0,0,1.0,1.0,0.9723544996909151,190,0,0,-1,,,
b762ea96cfa75157,1,1.0,0,1.0,1.0,1.0,89,0,0,-1,,,
9949b537feb55564,1,1.0,0,1.0,1.0,0.9608405655502953,58,0,0,-1,,,
91416eb4bba85377,1,1.0,0,1.0,1.0,0.9459239460346237,55,0,0,-1,,,
12fac37cef195384,1,1.0,0,1.0,1.0,0.9463166781556102,53,0,0,-1,,,
faf80a4ecf8858fe,1,1.0,0,1.0,1.0,0.9369822547433677,56,0,0,-1,,,
9d8312bf37795d27,1,1.0,0,1.0,1.0,0.9279735749969849,54,0,0,-1,,,
fb00299d62585308,1,1.0,0,1.0,1.0,0.9452649283637243,50,0,0,-1,,,
e2209d1558d75150,1,1.0,0,1.0,1.0,0.93756357417005,51,0,0,-1,,,
52094c2441105f4d,1,1.0,0,1.0,1.0,0.9345263158836481,48,0,0,-1,,,
d30c567171635154,1,1.0,0,1.0,1.0,0.8940485368163795,66,0,0,-1,,,
6916caadd44a5806,1,1.0,0,1.0,1.0,0.8979028205397004,64,0,0,-1,,,
ebd8d87ff33b5b7a,1,1.0,0,1.0,1.0,0.9111625192417551,63,0,0,-1,,,
407ff7eab601527c,1,1.0,0,1.0,1.0,0.9417518145732066,61,0,0,-1,,,
669bad5f20bd5256,1,1.0,0,1.0,1.0,0.9216897626084801,64,0,0,-1,,,
1c1086a1254c5c9e,1,1.0,0,1.0,1.0,0.937829344619781,59,0,0,-1,,,
e0e228212a655d7f,1,1.0,0,1.0,1.0,0.928684905899216,54,0,0,-1,,,
8b93118c77d25b5d,1,1.0,0,1.0,1.0,1.0,65,0,0,-1,,,
223cdeaddc525446,1,1.0,0,1.0,1.0,0.9245894821147461,122,0,0,-1,,,
00185dab0ba153b9,1,1.0,0,1.0,1.0,0.9248159312802781,127,0,0,-1,,,
9d7ec713a2fb5e44,1,1.0,0,1.0,1.0,0.8334157403917263,129,0,0,-1,,,
e96c8f66dae15d60,1,1.0,0,1.0,1.0,0.9123265163410657,103,0,0,-1,,,
4c721a83046651e4,1,1.0,0,1.0,1.0,0.8889052537486615,101,0,0,-1,,,
bedb83878e215e4e,1,1.0,0,1.0,1.0,0.8606475534576106,100,0,0,-1,,,
41c7edfd989451cf,1,1.0,0,1.0,1.0,1.0,102,0,0,-1,,,
1d6a5273610a56e6,1,1.0,0,1.0,1.0,0.8844214877339712,103,0,0,-1,,,
5a13ac37ca725a30,1,1.0,0,1.0,1.0,0.8702220505522255,57,0,0,-1,,,
e3c90a2ce83f5d9f,1,1.0,0,1.0,1.0,0.8385256000654456,52,0,0,-1,,,
ccaf88fb91a25119,1,1.0,0,1.0,1.0,0.8606797431112928,51,0,0,-1,,,
10fcb2c79add5558,1,1.0,0,1.0,1.0,0.8645204388067856,50,0,0,-1,,,
f33a23766bcb55a6,1,1.0,0,1.0,1.0,0.812741431269114,51,0,0,-1,,,
564bb94f846e5fe1,1,1.0,0,1.0,1.0,1.0,47,0,0,-1,,,
a120ebfcfb775487,1,1.0,0,1.0,1.0,1.0,51,0,0,-1,,,
79ecc8e6e5fa5dd5,1,1.0,0,1.0,1.0,1.0,56,0,0,-1,,,
90f8fafcb5715404,1,1.0,0,1.0,1.0,0.8524713760756469,87,0,0,-1,,,
032ae6630661521a,1,1.0,0,1.0,1.0,1.0,86,0,0,-1,,,
9d6f5aa2a3a25966,1,1.0,0,1.0,1.0,1.0,89,0,0,-1,,,
4f099d4882445433,1,1.0,0,1.0,1.0,1.0,90,0,0,-1,,,
eabbb4546a145980,1,1.0,0,1.0,1.0,1.0,88,0,0,-1,,,
b1dd380dd5425b49,1,1.0,0,1.0,1.0,1.0,88,0,0,-1,,,
851a15966923546b,1,1.0,0,1.0,1.0,1.0,83,0,0,-1,,,
2184b01d59d4550c,1,1.0,0,1.0,1.0,1.0,82,0,0,-1,,,
c738206669ed589c,1,1.0,0,1.0,1.0,1.0,87,0,0,-1,,,
b8d114f0304d5f87,1,1.0,0,1.0,1.0,1.0,85,0,0,-1,,,
deff279b0c815e5a,1,1.0,0,1.0,1.0,1.0,85,0,0,-1,,,
8d069310b22a5716,1,1.0,0,1.0,1.0,1.0,83,0,0,-1,,,
f05325ffb9425a4b,1,1.0,0,1.0,1.0,1.0,83,0,0,-1,,,
47fae9a1708b5101,1,1.0,0,1.0,1.0,0.9860809832564345,85,0,0,-1,,,
70847cda9b3d5b07,1,1.0,0,1.0,1.0,0.9372054219979716,76,0,0,-1,,,
516cb0d01d1f5b32,1,1.0,0,1.0,1.0,0.961494199344355,75,0,0,-1,,,
11568fab86df5183,1,1.0,0,1.0,0.0,0.0,127,0,0,-1,,,
c840eac7d70e5877,1,1.0,0,1.0,1.0,0.9294219007921315,126,0,0,-1,,,
f2695c7680505b79,1,1.0,0,1.0,0.0,0.0,122,0,0,-1,,,
323747032b285187,1,1.0,0,1.0,0.0,0.0,119,0,0,-1,,,
a1ce49c5eeb75711,1,1.0,0,1.0,0.0,0.0,114,0,0,-1,,,
157c6c5b1b9d5608,1,1.0,0,1.0,1.0,0.9605894784948608,115,0,0,-1,,,
b11d39291cd55ed7,1,1.0,0,1.0,1.0,0.9784880060498434,115,0,0,-1,,,
13b137cecf4b57e9,1,1.0,0,1.0,1.0,0.9501516507327831,120,0,0,-1,,,
179ca3af622e5e0d,1,1.0,0,1.0,1.0,0.9456439979893322,118,0,0,-1,,,
e44b9b8654a15bfd,1,1.0,0,1.0,1.0,0.9479364457754862,120,0,0,-1,,,
3984225e4458525b,1,1.0,0,1.0,1.0,0.8930689383348275,114,0,0,-1,,,
b2f5adcdf3dd5227,1,1.0,0,1.0,1.0,1.0,105,0,0,-1,,,
a0e0603db4105ad9,1,1.0,0,1.0,1.0,1.0,96,0,0,-1,,,
f414059fffd45057,1,1.0,0,1.0,1.0,1.0,100,0,0,-1,,,
1486e66f72ee562f,1,1.0,0,1.0,1.0,1.0,123,0,0,-1,,,
04f8f8b4cf0c52e7,1,1.0,0,1.0,1.0,1.0,142,0,0,-1,,,
0503cc398e2656be,1,1.0,0,1.0,1.0,0.6775649748173697,84,0,0,-1,,,
f582317803e65752,1,1.0,0,1.0,1.0,0.9261809915842948,88,0,0,-1,,,
baf11c6f018d56f9,1,1.0,0,0.0,1.0,0.4708896601469392,85,0,0,-1,,,
780eada83bbc57b1,1,1.0,0,1.0,1.0,0.9034930902269745,84,0,0,-1,,,
51259bf89422548a,1,1.0,0,1.0,1.0,0.8728355270684639,79,0,0,-1,,,
fe41706ad44652b0,1,1.0,0,1.0,1.0,0.8908389879913322,79,0,0,-1,,,
989ce8f4205654d3,1,1.0,0,1.0,1.0,0.9014659720938232,86,0,0,-1,,,
61876d1f48505069,1,1.0,0,1.0,1.0,0.8852393929963411,85,0,0,-1,,,
b989e46aae3a5332,1,1.0,0,1.0,1.0,1.0,50,0,0,-1,,,
deb8de65573253b7,1,1.0,0,1.0,1.0,1.0,47,0,0,-1,,,
cf07d06219ef5cd4,1,1.0,0,1.0,1.0,1.0,76,0,0,-1,,,
480325e1f5085385,1,1.0,0,1.0,1.0,0.9538546682410857,79,0,0,-1,,,
f23073987e7956e3,1,1.0,0,1.0,1.0,0.7175537097047595,86,0,0,-1,,,
6c3bb8f40a9a533c,1,1.0,0,1.0,1.0,0.7182106389828462,85,0,0,-1,,,
a0ce26a6f335530d,1,1.0,0,1.0,1.0,0.687886767372643,88,0,0,-1,,,
592f9e4317dd52e2,1,1.0,0,1.0,1.0,0.6788408751709308,83,0,0,-1,,,
45c1c24ad1d35bfb,1,1.0,0,1.0,1.0,0.8895076954476467,52,0,0,-1,,,
5a2719c85ee9570c,1,1.0,0,1.0,1.0,0.8670835315649524,53,0,0,-1,,,
e2ae96f479935b31,1,1.0,0,1.0,1.0,1.0,56,0,0,-1,,,
e34c3d18bc405ace,1,1.0,0,1.0,1.0,1.0,57,0,0,-1,,,
ba86ae71bc105215,1,1.0,0,1.0,1.0,1.0,53,0,0,-1,,,
a07bb9058982503d,1,1.0,0,1.0,1.0,1.0,81,0,0,-1,,,
3bbe96de854e5ff3,1,1.0,0,1.0,1.0,1.0,81,0,0,-1,,,
42dc421e37c154e5,1,1.0,0,1.0,1.0,1.0,83,0,0,-1,,,
be7c407443f15fec,1,1.0,0,1.0,1.0,0.9325083847966074,48,0,0,-1,,,
a99338e1112e5f65,1,1.0,0,1.0,1.0,0.9487719637701265,47,0,0,-1,,,
f199bfb931d65f4f,1,1.0,0,1.0,1.0,1.0,49,0,0,-1,,,
8350f9ff4dcf5e4b,1,1.0,0,1.0,1.0,1.0,49,0,0,-1,,,
c6acf71b8b3b560c,1,1.0,0,1.0,1.0,0.9489137885843452,46,0,0,-1,,,
3eef6c6972dd538f,1,1.0,0,1.0,1.0,0.9229873449015423,44,0,0,-1,,,
5af27ca0b8135d9d,1,1.0,0,1.0,1.0,0.9443980303281435,46,0,0,-1,,,
b154733410575500,1,1.0,0,1.0,1.0,0.9413780040231229,47,0,0,-1,,,
a7409a64ac2b5a94,1,1.0,0,1.0,1.0,0.9643891143971288,47,0,0,-1,,,
71357a4fc5c65199,1,1.0,0,1.0,1.0,0.9686362570197358,50,0,0,-1,,,
860be3b6be785f37,1,1.0,0,1.0,1.0,0.9519207489027824,50,0,0,-1,,,
13625214a30e5005,1,1.0,0,1.0,1.0,0.9548070715588751,50,0,0,-1,,,
c84475f2d8475f9d,1,1.0,0,1.0,1.0,0.9584307086349592,50,0,0,-1,,,
6d4a26f442705f49,1,1.0,0,1.0,1.0,0.9408629573944868,50,0,0,-1,,,
de0726643f515304,1,1.0,0,1.0,1.0,0.9130444710982174,50,0,0,-1,,,
fbc91394092b5dbb,1,1.0,0,1.0,1.0,0.8945341089056909,51,0,0,-1,,,
70b8c89829d05f30,1,1.0,0,1.0,0.0,0.0,75,0,0,-1,,,
ada00fe35a595d6b,1,1.0,0,1.0,1.0,0.7624470745566287,76,0,0,-1,,,
d637ce98fc5353be,1,1.0,0,1.0,1.0,0.7572605589428089,73,0,0,-1,,,
87b2c0e49070537f,1,1.0,0,1.0,1.0,0.746838005772664,73,0,0,-1,,,
a3f2ea7187975b13,1,1.0,0,1.0,1.0,0.7138234903648454,71,0,0,-1,,,
90c5557d1eec55a0,1,1.0,0,1.0,1.0,0.7084634737196606,65,0,0,-1,,,
c710ccf4dffd58a7,1,1.0,0,1.0,1.0,0.8645064111238151,66,0,0,-1,,,
91081d9b9b0452b9,1,1.0,0,1.0,1.0,1.0,68,0,0,-1,,,
c5ae8b49dc6b54f6,1,1.0,0,1.0,1.0,0.836415861975487,83,0,0,-1,,,
0f536eebc58d5ff4,1,1.0,0,1.0,1.0,0.8546712546212535,84,0,0,-1,,,
8d068ed41e335268,1,1.0,0,1.0,1.0,0.8594192832783194,90,0,0,-1,,,
9e970e2a22da585c,1,1.0,0,1.0,1.0,1.0,92,0,0,-1,,,
c2072dd6a3f85da0,1,1.0,0,1.0,1.0,0.8090992810195857,93,0,0,-1,,,
5a5e81f1432a51a1,1,1.0,0,1.0,1.0,0.8298234766207426,88,0,0,-1,,,
382c08ff59d5504b,1,1.0,0,1.0,1.0,1.0,88,0,0,-1,,,
92471a550d745af1,1,1.0,0,1.0,1.0,1.0,89,0,0,-1,,,
3c90de2a12a558b2,1,1.0,0,1.0,1.0,0.8722304973522049,59,0,0,-1,,,
6aa26df6c6d052cb,1,1.0,0,1.0,1.0,0.8718782561010512,54,0,0,-1,,,
84765426fd0a5a99,1,1.0,0,1.0,1.0,0.8698129651815981,51,0,0,-1,,,
2ec759b29e0155b5,1,1.0,0,1.0,1.0,0.8658145587042467,49,0,0,-1,,,
db07a6d7eacd57d1,1,1.0,0,1.0,1.0,1.0,49,0,0,-1,,,
21b0b3ef9d2e59ed,1,1.0,0,1.0,1.0,1.0,46,0,0,-1,,,
3047f87f67555d16,1,1.0,0,1.0,1.0,1.0,44,0,0,-1,,,
befdd4140e4252e5,1,1.0,0,1.0,1.0,1.0,42,0,0,-1,,,
23993a36d4e75a1d,1,1.0,0,1.0,1.0,1.0,91,0,0,-1,,,
d0910fc41d785f46,1,1.0,0,1.0,1.0,1.0,91,0,0,-1,,,
39b4d546300958ad,1,1.0,0,1.0,1.0,1.0,125,0,0,-1,,,
a32383d18e5351cc,1,1.0,0,1.0,1.0,1.0,129,0,0,-1,,,
e80df2a74bfd5a22,1,1.0,0,1.0,1.0,0.9552406046834827,166,0,0,-1,,,
695beb73604159b7,1,1.0,0,1.0,1.0,1.0,163,0,0,-1,,,
43761f0721035214,1,1.0,0,0.0,1.0,0.5833333333333334,158,0,0,-1,,,
0695553567185c3c,1,0.0,1,0.0,1.0,0.0,155,1,0,2,PEDESTRIAN,2,4.5
5143553713f05db3,1,1.0,0,1.0,1.0,0.9164765227890741,79,0,0,-1,,,
0da1e53d70565ba4,1,1.0,0,1.0,1.0,0.8978595282019551,81,0,0,-1,,,
5593db2f64115fbf,1,1.0,0,1.0,1.0,0.9217492362202178,80,0,0,-1,,,
70d9d518ad0f5382,1,0.0,1,0.0,1.0,0.0,78,1,0,1,PEDESTRIAN,1,7.1
decd6b1dd7f65e1e,1,1.0,0,1.0,1.0,1.0,79,0,0,-1,,,
82226888c99e531c,1,1.0,0,1.0,1.0,1.0,82,0,0,-1,,,
ead04653ed0c5545,1,1.0,0,1.0,1.0,1.0,83,0,0,-1,,,
bc667a4fc0f454d7,1,1.0,0,1.0,1.0,0.8443865557861482,91,0,0,-1,,,
e41740b9529753af,1,0.0,1,0.0,1.0,0.0,155,1,0,1,PEDESTRIAN,1,3.3
6ae2bcc5c2c050e4,1,0.0,1,0.0,1.0,0.0,152,1,0,0,PEDESTRIAN,0,3.7
d0de8d6a350d55d9,1,1.0,0,1.0,1.0,1.0,146,0,0,-1,,,
0a44947ca9e85579,1,1.0,0,1.0,1.0,0.9315837543631217,141,0,0,-1,,,
e22b4bce822a51fb,1,1.0,0,1.0,1.0,0.8058633897648045,138,0,0,-1,,,
f55fd99d0cd65b58,1,1.0,0,1.0,1.0,0.7097573855343978,134,0,0,-1,,,
2f421d857f32510e,1,1.0,0,1.0,1.0,0.7394228081255054,132,0,0,-1,,,
59bb570b4290572d,1,1.0,0,1.0,1.0,0.8917468343067304,128,0,0,-1,,,
82c913dd14e05a84,1,1.0,0,0.0,1.0,0.5833333333333334,61,0,0,-1,,,
b42b3012c31c5b03,1,1.0,0,0.0,1.0,0.5833333333333334,60,0,0,-1,,,
206322cf0cf45186,1,1.0,0,1.0,1.0,1.0,59,0,0,-1,,,
a780d35138495c38,1,1.0,0,1.0,1.0,1.0,58,0,0,-1,,,
27c1c1822dc75f7b,1,1.0,0,1.0,1.0,0.9198396604381379,54,0,0,-1,,,
f57f56e799be599f,1,1.0,0,1.0,1.0,0.8688913452442901,53,0,0,-1,,,
2d88ea430674513d,1,1.0,0,1.0,1.0,0.8293239622457712,51,0,0,-1,,,
83158ad924fc506c,1,1.0,0,1.0,1.0,1.0,50,0,0,-1,,,
0cf7d096e8c05fed,1,1.0,0,1.0,1.0,0.8919464172100525,89,0,0,-1,,,
258fd15174fb5e47,1,1.0,0,1.0,1.0,0.8847732704061113,86,0,0,-1,,,
30c52d38e4975fe7,1,1.0,0,1.0,1.0,0.8934923977789208,85,0,0,-1,,,
afa712d7affc5fbf,1,1.0,0,1.0,1.0,0.8726228100217016,87,0,0,-1,,,
b3c7b9fbf4655722,1,1.0,0,1.0,1.0,0.8648334192380981,69,0,0,-1,,,
5b0d99a97ff55fa5,1,1.0,0,1.0,1.0,0.8978558853554431,66,0,0,-1,,,
7f572219da4e5fd4,1,1.0,0,1.0,1.0,0.9344134335004414,69,0,0,-1,,,
eb81d53204735bcc,1,1.0,0,1.0,1.0,0.9100006366708091,74,0,0,-1,,,
b2ec50201ac25ada,1,1.0,0,1.0,1.0,1.0,42,0,0,-1,,,
5ea2a4ecc18752fa,1,1.0,0,1.0,1.0,1.0,43,0,0,-1,,,
8d4601efa6b6581e,1,1.0,0,1.0,1.0,1.0,40,0,0,-1,,,
ab8af92e0bda5def,1,1.0,0,1.0,1.0,1.0,40,0,0,-1,,,
49b32cb088ae53fe,1,1.0,0,1.0,1.0,0.8387264641228528,38,0,0,-1,,,
559c83269c035643,1,1.0,0,1.0,1.0,1.0,41,0,0,-1,,,
abdc7a57df4a56cd,1,1.0,0,1.0,1.0,1.0,42,0,0,-1,,,
e0094ac69a8955fb,1,1.0,0,1.0,1.0,1.0,58,0,0,-1,,,
2b201c0ffa245b8b,1,1.0,0,1.0,1.0,0.6956172132246676,119,0,0,-1,,,
b3b9745591dd569c,1,1.0,0,1.0,1.0,0.868646922581635,116,0,0,-1,,,
d4187db8dc625207,1,1.0,0,1.0,1.0,0.8869249479525818,112,0,0,-1,,,
32e38b7677e15f69,1,1.0,0,1.0,1.0,0.9011609894699187,116,0,0,-1,,,
9a9b75516db85d76,1,1.0,0,1.0,1.0,0.8928336216758828,112,0,0,-1,,,
60cfc7f20f825d8a,1,1.0,0,1.0,1.0,0.8755443264309779,103,0,0,-1,,,
4ffa52567be45f39,1,1.0,0,1.0,1.0,0.8714917575070226,86,0,0,-1,,,
5e80270349cb530c,1,1.0,0,1.0,1.0,0.9059594299537409,81,0,0,-1,,,
0cb51b0d4e285c55,1,1.0,0,1.0,1.0,0.7819406279365326,70,0,0,-1,,,
38db478c95eb5079,1,1.0,0,1.0,1.0,1.0,81,0,0,-1,,,
01d53ccf583c5a49,1,1.0,0,1.0,1.0,1.0,84,0,0,-1,,,
a7705685069f5979,1,1.0,0,1.0,1.0,0.9178651825463078,83,0,0,-1,,,
f5ac458eab7b5ba5,1,1.0,0,1.0,1.0,0.9246756344024446,77,0,0,-1,,,
4f8e1da188be5033,1,1.0,0,1.0,1.0,0.7470892145335433,71,0,0,-1,,,
3aa165d52c2051e1,1,1.0,0,1.0,1.0,0.8933795030445141,73,0,0,-1,,,
291f4ffb6dc754d2,1,1.0,0,1.0,1.0,0.8574966979667386,82,0,0,-1,,,
c4bacbfebba15b26,1,1.0,0,1.0,1.0,0.9010966651216056,104,0,0,-1,,,
e5c10d26102f51e3,1,1.0,0,1.0,0.0,0.0,93,0,0,-1,,,
ad47566ea29a57bf,1,1.0,0,1.0,1.0,0.775867130239312,88,0,0,-1,,,
1ec58e13fee45a30,1,1.0,0,1.0,1.0,0.8832634152163461,94,0,0,-1,,,
778219f3cac65d35,1,1.0,0,1.0,1.0,0.8883589721022656,95,0,0,-1,,,
09fda519bc395630,1,1.0,0,1.0,1.0,0.989314189258104,94,0,0,-1,,,
2dca181fa97153a0,1,1.0,0,1.0,1.0,0.9353889021028007,94,0,0,-1,,,
e60d3950023a5e46,1,1.0,0,1.0,1.0,0.97280122312968,94,0,0,-1,,,
1ff00d6929bb5569,1,1.0,0,1.0,1.0,0.852297948442374,98,0,0,-1,,,
80f6c94fed0c5519,1,1.0,0,0.0,1.0,0.4548808725787617,144,0,0,-1,,,
942df6bcc0c65bf9,1,1.0,0,0.0,1.0,0.43345030087149006,139,0,0,-1,,,
3bf40232476b591b,1,1.0,0,1.0,1.0,0.77155159724208,134,0,0,-1,,,
1e4f2f231ac0540e,1,1.0,0,1.0,1.0,0.9289749898679184,75,0,0,-1,,,
e1209ca7050c5033,1,1.0,0,1.0,1.0,0.9104086501592805,69,0,0,-1,,,
f18efb3a137b529a,1,1.0,0,1.0,1.0,0.8921254916440041,63,0,0,-1,,,
19d546524016560f,1,1.0,0,1.0,1.0,0.9056712919146731,59,0,0,-1,,,
6b9c0c971f9d5b9a,1,1.0,0,1.0,1.0,0.9070337832178702,79,0,0,-1,,,
9a357640ddd453d2,1,1.0,0,1.0,1.0,0.704504409448603,74,0,0,-1,,,
19a79abcf14059d2,1,1.0,0,1.0,1.0,0.6920975610212524,70,0,0,-1,,,
a64a3e4f2048576d,1,1.0,0,1.0,1.0,0.9121046993188834,61,0,0,-1,,,
10193911d433540b,1,1.0,0,1.0,1.0,0.9020886357793708,57,0,0,-1,,,
e89ad5d8a66250f0,1,1.0,0,1.0,1.0,0.9158038603974706,57,0,0,-1,,,
612903ce91a2507c,1,1.0,0,1.0,1.0,1.0,59,0,0,-1,,,
635495c0e2295c4d,1,1.0,0,0.0,1.0,0.5833333333333334,60,0,0,-1,,,
daf38cecd5045cf6,1,0.0,1,1.0,1.0,0.0,87,1,0,1,VEHICLE,1,7.6
bdaa773585685d09,1,1.0,0,1.0,1.0,1.0,84,0,0,-1,,,
367967cea49c5dda,1,1.0,0,0.0,1.0,0.3215369834102976,82,0,0,-1,,,
33f04aa1460b5dc5,1,1.0,0,0.0,1.0,0.3305093111633283,82,0,0,-1,,,
10db4b6fe64b5c10,1,1.0,0,0.0,1.0,0.29900609627919744,81,0,0,-1,,,
7b3ba1d953a15802,1,1.0,0,1.0,1.0,0.9190515015204518,77,0,0,-1,,,
463d1cf17f915536,1,1.0,0,1.0,1.0,0.6995897619638045,75,0,0,-1,,,
8afbc18a03e2572f,1,1.0,0,1.0,1.0,0.9290632537530134,76,0,0,-1,,,
9678b0cccb565681,1,1.0,0,1.0,1.0,1.0,50,0,0,-1,,,
29213c31b5895c5f,1,1.0,0,1.0,1.0,1.0,49,0,0,-1,,,
b84c079a32635d34,1,1.0,0,1.0,1.0,1.0,48,0,0,-1,,,
2e7d8157798851f3,1,1.0,0,1.0,1.0,1.0,48,0,0,-1,,,
48762908e4705b55,1,1.0,0,1.0,1.0,0.9454779450830868,46,0,0,-1,,,
e149babe2348549e,1,1.0,0,1.0,1.0,0.9477280025124374,49,0,0,-1,,,
46c94b5d7c89561c,1,1.0,0,1.0,1.0,0.8595373841237876,51,0,0,-1,,,
c159f0c331075464,1,1.0,0,1.0,1.0,1.0,385,0,0,-1,,,
72d842bc596b536b,1,1.0,0,1.0,1.0,1.0,58,0,0,-1,,,
fccd90b794b15d6a,1,1.0,0,1.0,1.0,1.0,58,0,0,-1,,,
160e6592389759c5,1,1.0,0,1.0,1.0,0.9338364160554246,65,0,0,-1,,,
5c4f8e6a644258d3,1,1.0,0,0.0,1.0,0.5557973039865369,66,0,0,-1,,,
4a6dd3df952b5703,1,1.0,0,1.0,1.0,1.0,63,0,0,-1,,,
642a177df62954ad,1,1.0,0,1.0,1.0,1.0,63,0,0,-1,,,
4a1f69f3821e5ac5,1,1.0,0,1.0,1.0,0.6479922621412569,67,0,0,-1,,,
fb2ff1ed5e1b529f,1,1.0,0,1.0,1.0,1.0,84,0,0,-1,,,
e0522da7328d5c9e,1,1.0,0,1.0,1.0,0.9183266293996423,108,0,0,-1,,,
128076b6be9a5209,1,1.0,0,1.0,1.0,0.9151788991937213,106,0,0,-1,,,
d016df0950fc5e69,1,1.0,0,1.0,1.0,0.9111797989592745,106,0,0,-1,,,
fefe6361de855419,1,1.0,0,1.0,1.0,0.8933993399435055,108,0,0,-1,,,
a763369e30305f95,1,1.0,0,1.0,1.0,0.8748986237521365,109,0,0,-1,,,
6b5a3fa1663e5a8d,1,1.0,0,1.0,1.0,0.8503990312069355,109,0,0,-1,,,
335576eae9705bfc,1,1.0,0,1.0,1.0,0.8902042533121269,48,0,0,-1,,,
83c72c93de355a6b,1,1.0,0,1.0,1.0,1.0,43,0,0,-1,,,
3aa2680fdc805d09,1,1.0,0,1.0,1.0,0.9605857670921011,106,0,0,-1,,,
d1971f367cb85683,1,1.0,0,1.0,1.0,0.9049104845173864,101,0,0,-1,,,
2cd2afde48275675,1,1.0,0,1.0,1.0,0.9228373765400013,103,0,0,-1,,,
002e450c6cba5895,1,1.0,0,1.0,1.0,0.9411093941167747,104,0,0,-1,,,
b17e8b3c64295431,1,1.0,0,1.0,1.0,0.8925465056553262,103,0,0,-1,,,
34f2427ba79a587b,1,1.0,0,1.0,1.0,0.9163916573941132,103,0,0,-1,,,
8636c755aabe5792,1,1.0,0,1.0,1.0,0.9151433362235188,102,0,0,-1,,,
842c341a579a525e,1,1.0,0,1.0,1.0,0.8902642700752175,98,0,0,-1,,,
f78a67043d9e5477,1,1.0,0,1.0,1.0,1.0,77,0,0,-1,,,
551cf39c34f75b25,1,1.0,0,1.0,1.0,0.6521820660739462,74,0,0,-1,,,
78a8c3b8447d5489,1,1.0,0,1.0,1.0,0.7221335177249629,76,0,0,-1,,,
3b4f49412be55b80,1,1.0,0,1.0,1.0,0.6871447997333991,81,0,0,-1,,,
a89b31979d265539,1,1.0,0,1.0,1.0,0.8374648505944462,79,0,0,-1,,,
41d8a2d6fa6853c5,1,1.0,0,1.0,1.0,0.9102006664048149,76,0,0,-1,,,
a9c15f8aabb65b09,1,1.0,0,1.0,1.0,0.9060914671571837,85,0,0,-1,,,
bcc370e566845fc6,1,1.0,0,1.0,1.0,0.8598313459821308,83,0,0,-1,,,
c4808a6f1f7f5470,1,1.0,0,1.0,1.0,0.9191015711484685,248,0,0,-1,,,
a541237b06645d49,1,1.0,0,1.0,1.0,0.9247062883804666,247,0,0,-1,,,
42c1346e9b585c5b,1,1.0,0,1.0,1.0,0.8882548776895112,241,0,0,-1,,,
cdb1d43f01565d9c,1,1.0,0,1.0,1.0,0.9218892234593632,128,0,0,-1,,,
e2d33c999ca45ea7,1,1.0,0,1.0,1.0,0.9383352257036238,119,0,0,-1,,,
9f309ebf66645913,1,1.0,0,1.0,1.0,0.9447041581412154,111,0,0,-1,,,
e706a9c88e625828,1,1.0,0,1.0,1.0,0.9235534370126383,110,0,0,-1,,,
5c9f7765dd945010,1,1.0,0,1.0,1.0,0.9341646906861264,108,0,0,-1,,,
4a4316b978495bba,1,1.0,0,1.0,1.0,1.0,103,0,0,-1,,,
c11764f655de59fd,1,1.0,0,1.0,1.0,1.0,110,0,0,-1,,,
76d34ae8c95156b2,1,1.0,0,1.0,1.0,1.0,117,0,0,-1,,,
e4ec48f9d6f85d23,1,1.0,0,1.0,1.0,1.0,130,0,0,-1,,,
b50b164056715968,1,1.0,0,1.0,1.0,1.0,131,0,0,-1,,,
f54559dd98e75d83,1,1.0,0,1.0,1.0,1.0,128,0,0,-1,,,
42052560d5925f35,1,1.0,0,1.0,1.0,1.0,136,0,0,-1,,,
46deeff0d0495df6,1,1.0,0,1.0,1.0,0.9576202445488368,143,0,0,-1,,,
75f5cc1f425c501d,1,1.0,0,1.0,1.0,1.0,113,0,0,-1,,,
8ff50d5fa36956fa,1,1.0,0,1.0,1.0,0.837788226656997,100,0,0,-1,,,
57dceadaafe053ef,1,1.0,0,1.0,1.0,0.9873046622386337,98,0,0,-1,,,
5aad75c605655367,1,1.0,0,1.0,1.0,0.9926730140391964,94,0,0,-1,,,
851ef663a5775acd,1,1.0,0,1.0,1.0,1.0,93,0,0,-1,,,
d719f6e5de715f5a,1,1.0,0,1.0,1.0,1.0,91,0,0,-1,,,
e9fd1602f4555be6,1,1.0,0,1.0,1.0,1.0,85,0,0,-1,,,
50aa287e430e5ab3,1,1.0,0,1.0,1.0,1.0,83,0,0,-1,,,
6c8a49ddb7435fbf,1,1.0,0,1.0,1.0,1.0,526,0,0,-1,,,
748779bcdb5b5a49,1,1.0,0,1.0,1.0,1.0,503,0,0,-1,,,
aa5b0658c4e6529d,1,1.0,0,1.0,1.0,0.9782664307949084,512,0,0,-1,,,
08ac82bf0eeb5661,1,1.0,0,1.0,1.0,1.0,360,0,0,-1,,,
1407c7f0f32a5738,1,1.0,0,1.0,1.0,1.0,255,0,0,-1,,,
974d5c00402f55aa,1,1.0,0,1.0,1.0,1.0,247,0,0,-1,,,
94693a54967757f6,1,1.0,0,1.0,1.0,1.0,248,0,0,-1,,,
1090e431ffef512f,1,1.0,0,1.0,1.0,0.918598445633875,249,0,0,-1,,,
e0e85d4fc9545225,1,1.0,0,1.0,1.0,0.8410324270197226,82,0,0,-1,,,
364dd4c7c4cf55cb,1,1.0,0,1.0,1.0,0.7992633931561192,80,0,0,-1,,,
12821eee232458b8,1,1.0,0,1.0,1.0,0.8933765328304144,84,0,0,-1,,,
77c1bc7a68b55fb9,1,1.0,0,1.0,1.0,0.8808585513726834,86,0,0,-1,,,
f308a472f26056a7,1,1.0,0,1.0,1.0,0.9320163789504464,86,0,0,-1,,,
fd87474daeb05e69,1,1.0,0,1.0,1.0,0.9663074808195651,90,0,0,-1,,,
182a718050bd598a,1,1.0,0,1.0,1.0,1.0,88,0,0,-1,,,
8792fb68a0b2586a,1,1.0,0,1.0,1.0,0.9820794814885891,91,0,0,-1,,,
03986e48fa5e5f90,1,1.0,0,1.0,1.0,0.9139081024275088,50,0,0,-1,,,
89de641f85f25a3b,1,1.0,0,1.0,1.0,1.0,47,0,0,-1,,,
eb2797d76e3b5384,1,1.0,0,1.0,1.0,1.0,48,0,0,-1,,,
cb3c9e9327b25cdc,1,1.0,0,1.0,1.0,1.0,47,0,0,-1,,,
a9c27d1fdee5599e,1,1.0,0,1.0,1.0,1.0,50,0,0,-1,,,
d9b577262eed5ceb,1,1.0,0,1.0,1.0,1.0,55,0,0,-1,,,
52a66f215e855378,1,1.0,0,1.0,1.0,0.9417979546862258,60,0,0,-1,,,
f2d4e4b013a3579e,1,1.0,0,1.0,1.0,0.9277461243404694,60,0,0,-1,,,
7e9f20074e1b5e68,1,1.0,0,1.0,1.0,0.7510969616262209,149,0,0,-1,,,
447e7b334e165460,1,1.0,0,1.0,1.0,0.8568871579990768,143,0,0,-1,,,
f39db68736425365,1,1.0,0,1.0,1.0,0.9314836306775343,141,0,0,-1,,,
2fd7f2b6eaae5d04,1,1.0,0,1.0,1.0,0.9181059222431625,138,0,0,-1,,,
c71161b938af5b16,1,1.0,0,1.0,1.0,0.9365131353182132,134,0,0,-1,,,
aaa11cdbc8d35178,1,1.0,0,1.0,1.0,0.9181554405275764,128,0,0,-1,,,
521247f86d7f57c0,1,1.0,0,1.0,1.0,0.9637903074245319,119,0,0,-1,,,
ac7bd595b9a3544c,1,1.0,0,1.0,1.0,0.9778082974310541,113,0,0,-1,,,
6e79ddf19ead53f1,1,1.0,0,1.0,1.0,0.860358812306718,96,0,0,-1,,,
ae02e969e8595cca,1,1.0,0,1.0,1.0,0.8525547422765918,93,0,0,-1,,,
d2a40dbaca5750e4,1,1.0,0,1.0,1.0,0.8652030112000965,94,0,0,-1,,,
6f8043e8b0a95706,1,1.0,0,1.0,1.0,1.0,91,0,0,-1,,,
e89a3ed626f75032,1,1.0,0,1.0,1.0,1.0,94,0,0,-1,,,
acc78986a3805c7e,1,1.0,0,1.0,1.0,1.0,91,0,0,-1,,,
d6835050c97f528d,1,1.0,0,1.0,1.0,1.0,89,0,0,-1,,,
e38aa05b9c8b5e32,1,1.0,0,1.0,1.0,1.0,102,0,0,-1,,,
7c7c063205ec5f3c,1,1.0,0,1.0,1.0,1.0,82,0,0,-1,,,
4b58ef9360555bac,1,1.0,0,1.0,1.0,1.0,81,0,0,-1,,,
1d0334886e9f535b,1,1.0,0,1.0,1.0,1.0,87,0,0,-1,,,
132cc1207858500c,1,1.0,0,1.0,1.0,0.8339824614294461,89,0,0,-1,,,
314f25442fd753b4,1,1.0,0,1.0,1.0,0.743349820493128,90,0,0,-1,,,
19282fb074525def,1,1.0,0,1.0,1.0,0.9311886820310461,102,0,0,-1,,,
d51cd13cfbe35a4b,1,1.0,0,1.0,1.0,0.9055949928531767,105,0,0,-1,,,
2802831d87ba5a55,1,1.0,0,1.0,1.0,1.0,107,0,0,-1,,,
59c19d828f665a79,1,1.0,0,1.0,1.0,0.8934176518991133,121,0,0,-1,,,
ad517de61e355d8d,1,1.0,0,1.0,1.0,0.8611189234406971,121,0,0,-1,,,
671da9103fe05141,1,1.0,0,1.0,1.0,0.8869817656298299,121,0,0,-1,,,
ee91209e45fe5141,1,1.0,0,1.0,1.0,0.8915497954631192,122,0,0,-1,,,
6cc0563c1a0d5c3a,1,1.0,0,1.0,1.0,0.9404224813742482,117,0,0,-1,,,
5806eb348e3250d9,1,1.0,0,1.0,1.0,0.7892380085075402,116,0,0,-1,,,
8fd10a64f7255d5c,1,1.0,0,1.0,1.0,0.9623021793657998,118,0,0,-1,,,
199a2738284e52c9,1,1.0,0,1.0,1.0,0.9191519463572453,109,0,0,-1,,,
9a6489254d5f5577,1,1.0,0,1.0,1.0,0.9810160860975703,54,0,0,-1,,,
610271d0c1515c8c,1,1.0,0,1.0,1.0,0.9601918635494959,56,0,0,-1,,,
eddb4834d5e459c6,1,1.0,0,1.0,1.0,0.9533466570645167,54,0,0,-1,,,
019eaadd84cb56f8,1,1.0,0,1.0,1.0,1.0,53,0,0,-1,,,
4cb70e4f5d4b5fdf,1,1.0,0,1.0,1.0,1.0,50,0,0,-1,,,
a1d53677e05456b3,1,1.0,0,1.0,1.0,1.0,52,0,0,-1,,,
ab226645ee6f54aa,1,1.0,0,1.0,1.0,0.9209503178841217,111,0,0,-1,,,
b1bcfdce40d5572e,1,1.0,0,1.0,1.0,0.9405782400061514,107,0,0,-1,,,
0d1b753fd19f55cb,1,1.0,0,1.0,1.0,0.8795842743190482,161,0,0,-1,,,
fe0a6bd36c395735,1,1.0,0,1.0,1.0,0.8911277827253222,160,0,0,-1,,,
41c548e7d8aa5f1a,1,1.0,0,1.0,1.0,0.8865921944971488,159,0,0,-1,,,
1caa3a4c5d5d510e,1,1.0,0,1.0,1.0,0.8863541969383414,160,0,0,-1,,,
d5110a9cb2b352d5,1,1.0,0,1.0,1.0,0.8900036818896918,158,0,0,-1,,,
2721fbd6b58d558a,1,1.0,0,1.0,1.0,0.836785871231727,154,0,0,-1,,,
e5d2a01ab5b0562a,1,1.0,0,1.0,1.0,0.6580753083466343,126,0,0,-1,,,
cae6cbccfd535659,1,1.0,0,1.0,1.0,0.8812375177850552,125,0,0,-1,,,
cbd04a396e145288,1,1.0,0,1.0,1.0,1.0,398,0,0,-1,,,
2e8c4827d8c757a3,1,1.0,0,1.0,1.0,1.0,406,0,0,-1,,,
3ba8b6918fc45634,1,1.0,0,1.0,1.0,0.9004292633398875,514,0,0,-1,,,
18b76ccc45d25f5c,1,1.0,0,1.0,1.0,0.9092737447850944,520,0,0,-1,,,
f465e74f13e652ce,1,1.0,0,1.0,1.0,0.9309116998418231,534,0,0,-1,,,
e96035d0292956f1,1,1.0,0,1.0,1.0,0.9136740900840096,546,0,0,-1,,,
af3ca613840a5058,1,1.0,0,1.0,1.0,0.9336674011598145,540,0,0,-1,,,
12d283af921a5f09,1,1.0,0,1.0,1.0,0.9954217293703588,536,0,0,-1,,,
b403192d3ea45397,1,1.0,0,1.0,1.0,0.9870791049585783,88,0,0,-1,,,
3187a6d159fb51d8,1,1.0,0,1.0,1.0,1.0,88,0,0,-1,,,
725b2a708c8e55f1,1,1.0,0,1.0,1.0,1.0,87,0,0,-1,,,
63d6fbc938bc58cb,1,1.0,0,1.0,0.0,0.0,88,0,0,-1,,,
70322003ab525a2e,1,1.0,0,1.0,0.0,0.0,90,0,0,-1,,,
a422962469ff5d27,1,1.0,0,1.0,1.0,1.0,87,0,0,-1,,,
6b8daf3b57175e70,1,1.0,0,1.0,1.0,1.0,85,0,0,-1,,,
e131caa356115811,1,1.0,0,1.0,1.0,0.8686258885263793,75,0,0,-1,,,
fe789ce80d4f5b2e,1,1.0,0,1.0,1.0,0.9306240440237067,57,0,0,-1,,,
0d50bb8976e45ea7,1,1.0,0,0.0,1.0,0.3269418151249518,60,0,0,-1,,,
2c9ea4fc0e8e5ef2,1,1.0,0,1.0,1.0,0.7236081170131318,59,0,0,-1,,,
810b73ca95975db9,1,1.0,0,1.0,1.0,0.9170789855716142,60,0,0,-1,,,
0c027fc454685c14,1,1.0,0,1.0,1.0,0.8749781448557389,61,0,0,-1,,,
f9bce7199ad8555d,1,1.0,0,1.0,1.0,0.7810199462903601,63,0,0,-1,,,
db747c98e01c5b42,1,1.0,0,1.0,1.0,0.7714631951117193,63,0,0,-1,,,
ef34a4f536c5598c,1,1.0,0,1.0,1.0,0.7609537026892509,64,0,0,-1,,,
e1f58cff32225d3a,1,1.0,0,1.0,1.0,0.8940349760757912,72,0,0,-1,,,
9d21f2742b1a5b27,1,1.0,0,1.0,1.0,1.0,65,0,0,-1,,,
260d0c0225eb534d,1,1.0,0,1.0,1.0,1.0,63,0,0,-1,,,
4bc96604c1c85606,1,1.0,0,1.0,1.0,1.0,63,0,0,-1,,,
dcd5dc3f53d9533f,1,1.0,0,1.0,1.0,1.0,64,0,0,-1,,,
7ef36a2139b45d9a,1,1.0,0,1.0,1.0,1.0,105,0,0,-1,,,
3b56d2b022d25026,1,1.0,0,1.0,1.0,0.9744454615992338,117,0,0,-1,,,
d26786f5e54e53f3,1,1.0,0,1.0,1.0,0.9797337048764739,124,0,0,-1,,,
c89f33e9f07d5aa8,1,1.0,0,1.0,1.0,0.8290630339337383,97,0,0,-1,,,
4a55d9d08b7752e8,1,1.0,0,1.0,1.0,0.837861139866276,98,0,0,-1,,,
b2e0a5dfbb575ce1,1,1.0,0,1.0,1.0,0.7348567813848907,97,0,0,-1,,,
12800b02eb685132,1,1.0,0,1.0,1.0,0.7798820051217431,97,0,0,-1,,,
5d7e99b7eea65475,1,1.0,0,1.0,1.0,0.926442645965091,98,0,0,-1,,,
34a6eb93916e5962,1,1.0,0,1.0,1.0,0.8230257186568526,95,0,0,-1,,,
e4673b6cec6b521a,1,1.0,0,1.0,1.0,0.9795009548466228,72,0,0,-1,,,
3a2b28ef68385d75,1,1.0,0,1.0,1.0,0.9153105973180717,73,0,0,-1,,,
cecce24905cb5641,1,1.0,0,1.0,1.0,0.8584049858184722,140,0,0,-1,,,
639b55d4b2b65d0a,1,1.0,0,1.0,1.0,0.8143728945313491,142,0,0,-1,,,
85aaf087e6fe54ee,1,1.0,0,1.0,1.0,0.7002313667691485,140,0,0,-1,,,
b3056d1269ae5df9,1,1.0,0,1.0,1.0,0.7446735915612169,132,0,0,-1,,,
f6d575d8e0a45772,1,1.0,0,1.0,1.0,0.7385386150584458,133,0,0,-1,,,
815565a62f775c7c,1,1.0,0,1.0,1.0,0.7669394611053652,135,0,0,-1,,,
d14ccafb937a543a,1,1.0,0,1.0,1.0,0.7800359748324937,133,0,0,-1,,,
173369dc059d5fe9,1,1.0,0,1.0,1.0,0.7670351392097139,135,0,0,-1,,,
8c9f50cc72685ca7,1,1.0,0,1.0,1.0,0.9155740637697948,105,0,0,-1,,,
ef11e35afed25326,1,1.0,0,1.0,1.0,0.9988365490134271,105,0,0,-1,,,
c3ace87d2f985eaa,1,1.0,0,1.0,1.0,0.9139721566117944,95,0,0,-1,,,
409ed084cde5554b,1,1.0,0,1.0,1.0,0.7919161451109714,77,0,0,-1,,,
0ae7ba2fd0f95d17,1,1.0,0,1.0,1.0,0.8899022270486592,80,0,0,-1,,,
46c8d578ddb55784,1,1.0,0,1.0,1.0,0.9003236015908076,75,0,0,-1,,,
d0884d449b2959fe,1,1.0,0,1.0,1.0,0.850555523283285,73,0,0,-1,,,
73c8918f6d995213,1,1.0,0,1.0,1.0,0.9726507810588796,75,0,0,-1,,,
d91edafc567a5fcc,1,1.0,0,1.0,1.0,0.939020085799038,128,0,0,-1,,,
95effa16c4bb5c12,1,1.0,0,1.0,1.0,0.9279930535966345,131,0,0,-1,,,
249478c83c155093,1,1.0,0,1.0,1.0,0.8595075317492055,131,0,0,-1,,,
276396e455bb57b5,1,1.0,0,1.0,1.0,0.8355365786374929,129,0,0,-1,,,
ceccd4369b5f552d,1,1.0,0,1.0,1.0,0.8634493214005655,126,0,0,-1,,,
98b3a0bf3cce5649,1,1.0,0,1.0,1.0,1.0,125,0,0,-1,,,
4c3547b853675e66,1,1.0,0,1.0,1.0,0.8182402367626015,121,0,0,-1,,,
8f41958d23a65c48,1,1.0,0,1.0,1.0,0.7730809047860457,117,0,0,-1,,,
9300251ea784552f,1,1.0,0,1.0,1.0,0.7185179957041878,57,0,0,-1,,,
ec4557ae01265fc4,1,1.0,0,1.0,1.0,0.9310964165770246,55,0,0,-1,,,
73bc1971e0735c22,1,1.0,0,1.0,1.0,0.9625141152223624,50,0,0,-1,,,
4d3807c5fd5d573f,1,1.0,0,1.0,1.0,0.9161586955408257,49,0,0,-1,,,
cd72b9f6b03f5f41,1,1.0,0,1.0,1.0,0.9741607567455904,46,0,0,-1,,,
ee6d63d4e8b35518,1,1.0,0,1.0,1.0,0.9362753823015734,43,0,0,-1,,,
bf2a9740fda85514,1,1.0,0,1.0,1.0,0.8953618929894267,42,0,0,-1,,,
f958234391c05be3,1,1.0,0,1.0,1.0,0.8747407032182061,41,0,0,-1,,,
767ce55e55515539,1,1.0,0,1.0,1.0,0.713246734227121,84,0,0,-1,,,
e6c32a1387c554cf,1,1.0,0,1.0,1.0,0.5080225226669324,87,0,0,-1,,,
62de32eb450356e0,1,1.0,0,1.0,1.0,0.8724952012336896,87,0,0,-1,,,
09bf6cc1f6545219,1,1.0,0,1.0,1.0,0.8700729090983085,88,0,0,-1,,,
6648a1c53b8c5994,1,1.0,0,1.0,1.0,0.7069193279503767,59,0,0,-1,,,
9c3e55179e8b57b9,1,1.0,0,1.0,1.0,0.6837691535308968,58,0,0,-1,,,
0c94bd3548525c31,1,1.0,0,1.0,1.0,0.680074100351519,58,0,0,-1,,,
75e25b5026885256,1,1.0,0,1.0,1.0,0.6814709467987056,57,0,0,-1,,,
1d0c8aa56b6350bf,1,1.0,0,1.0,1.0,1.0,40,0,0,-1,,,
90c6b53ec4a252bc,1,1.0,0,1.0,1.0,1.0,40,0,0,-1,,,
ff76d319bd9558f9,1,1.0,0,1.0,1.0,1.0,41,0,0,-1,,,
5a35f8abb51c5303,1,1.0,0,1.0,1.0,1.0,41,0,0,-1,,,
4940444d511c5594,1,1.0,0,1.0,1.0,0.9197051256802559,65,0,0,-1,,,
f004b5e4838455f3,1,1.0,0,1.0,1.0,0.8981934103907886,65,0,0,-1,,,
cfbf3f55398f5fc6,1,1.0,0,1.0,1.0,0.8152795895992534,64,0,0,-1,,,
0ab7e69f15735883,1,1.0,0,1.0,1.0,0.8312736722310565,85,0,0,-1,,,
adccb045b1495f50,1,1.0,0,1.0,1.0,0.7508954913095325,63,0,0,-1,,,
dac744da64d35664,1,1.0,0,1.0,1.0,0.7353696854599123,63,0,0,-1,,,
20ffc5c3de7c591a,1,1.0,0,1.0,1.0,0.8843129942098146,60,0,0,-1,,,
6012210b020c53a9,1,1.0,0,0.0,1.0,0.4120948583271475,83,0,0,-1,,,
179a2670a5965eeb,1,1.0,0,1.0,1.0,0.9259143661080889,83,0,0,-1,,,
ad8fec600a4c5ed7,1,1.0,0,1.0,1.0,0.9591303355699754,84,0,0,-1,,,
dd6549a070e25b02,1,1.0,0,1.0,1.0,0.9347845911657863,80,0,0,-1,,,
5005f44bd2135f3b,1,1.0,0,1.0,1.0,0.920431088256081,75,0,0,-1,,,
e7b5da2135fc5303,1,1.0,0,1.0,1.0,1.0,63,0,0,-1,,,
d09bb687e7e15b97,1,1.0,0,1.0,1.0,1.0,62,0,0,-1,,,
8c4218fc392a52be,1,1.0,0,1.0,1.0,1.0,59,0,0,-1,,,
ac944958cb6d5209,1,1.0,0,1.0,1.0,1.0,57,0,0,-1,,,
18b5995484435fbe,1,1.0,0,1.0,1.0,1.0,83,0,0,-1,,,
6ba5ed2f323f53e2,1,1.0,0,1.0,1.0,1.0,89,0,0,-1,,,
9064ebbda4425d30,1,1.0,0,1.0,1.0,1.0,89,0,0,-1,,,
4f6fb990b8875e5f,1,1.0,0,1.0,1.0,1.0,95,0,0,-1,,,
2c1f43c6b93c5952,1,1.0,0,1.0,1.0,0.7404150743404204,115,0,0,-1,,,
087e15b24dd55c90,1,1.0,0,1.0,1.0,0.7403844399105347,113,0,0,-1,,,
e028780a88805f58,1,1.0,0,1.0,1.0,0.7371944388184429,107,0,0,-1,,,
2e54d786ec095896,1,1.0,0,1.0,1.0,1.0,76,0,0,-1,,,
4024c1a4953e57a7,1,1.0,0,1.0,1.0,1.0,77,0,0,-1,,,
fdd599e861875d9f,1,1.0,0,1.0,1.0,0.9505675699803051,78,0,0,-1,,,
debd166df3a85845,1,1.0,0,1.0,1.0,0.8133189834026539,86,0,0,-1,,,
2ea6bdf1e8905fd8,1,1.0,0,1.0,1.0,0.9303359466600792,46,0,0,-1,,,
7f47c3fca9075a31,1,1.0,0,1.0,1.0,0.888053101433088,127,0,0,-1,,,
4e9b792f30975e78,1,1.0,0,1.0,1.0,0.8813548814609203,123,0,0,-1,,,
fb5265ab37085422,1,1.0,0,1.0,1.0,1.0,184,0,0,-1,,,
9e12f81268d75fbb,1,1.0,0,1.0,1.0,0.9308579426596358,187,0,0,-1,,,
f233f263a7e75621,1,1.0,0,1.0,1.0,0.9623808048393894,187,0,0,-1,,,
adb5cfe871c55445,1,1.0,0,1.0,1.0,1.0,182,0,0,-1,,,
467191a24ffe57aa,1,1.0,0,1.0,1.0,0.7936435579636409,167,0,0,-1,,,
bcf2a79dad3f56f2,1,1.0,0,1.0,1.0,0.8225103181234271,157,0,0,-1,,,
dbbe5d5671495f13,1,1.0,0,1.0,1.0,0.8526303046703784,71,0,0,-1,,,
9c0cc184e0895e70,1,1.0,0,1.0,1.0,0.8455062480599201,71,0,0,-1,,,
18023ea42fe95bdb,1,1.0,0,1.0,1.0,0.8690138901541976,73,0,0,-1,,,
709f0d99dfa0567e,1,1.0,0,1.0,1.0,0.8822066286887544,71,0,0,-1,,,
25a3a5bc491d521b,1,1.0,0,1.0,1.0,0.8740213827138867,64,0,0,-1,,,
111191a59b9c53c2,1,1.0,0,1.0,1.0,0.8626264864135447,65,0,0,-1,,,
78ea729667c1558b,1,1.0,0,1.0,1.0,0.8841437154918713,66,0,0,-1,,,
a4a08c828e87562c,1,1.0,0,1.0,1.0,0.8497794194764938,64,0,0,-1,,,
5aed461803ae5673,1,1.0,0,0.0,1.0,0.5833333333333334,52,0,0,-1,,,
6895a6d7719f5b3e,1,1.0,0,0.0,1.0,0.48102815921064207,53,0,0,-1,,,
d534aec3a5085c3b,1,1.0,0,1.0,1.0,0.8804125321289374,53,0,0,-1,,,
8b8ea705c7fd5e8a,1,1.0,0,1.0,1.0,0.6934715967808822,53,0,0,-1,,,
132307b3c1a55f97,1,1.0,0,1.0,1.0,0.7302600530541877,51,0,0,-1,,,
8e393929643f5c97,1,1.0,0,1.0,1.0,0.9376280137016764,50,0,0,-1,,,
a90de87b906d51e8,1,1.0,0,1.0,1.0,0.7040790125420874,45,0,0,-1,,,
13f771febde65a66,1,1.0,0,1.0,1.0,0.9829700811091228,44,0,0,-1,,,
80386d2e9c215d3b,1,1.0,0,1.0,1.0,0.9127324123880737,75,0,0,-1,,,
2e0a31d833765412,1,1.0,0,1.0,1.0,0.9215273064424828,67,0,0,-1,,,
986ebb8642ae5b64,1,1.0,0,1.0,1.0,0.9491709276354797,66,0,0,-1,,,
1bea55e75a9b593b,1,1.0,0,1.0,1.0,0.887864348578932,67,0,0,-1,,,
3748f0fadf395c8a,1,1.0,0,1.0,1.0,0.9111422279538903,68,0,0,-1,,,
bc7ae4f9eced56c9,1,1.0,0,1.0,1.0,0.8969566627739737,61,0,0,-1,,,
cbbf59be3a4e555d,1,1.0,0,1.0,1.0,0.7683558209060727,60,0,0,-1,,,
bee76fa92b735b00,1,1.0,0,1.0,1.0,0.7191810685343928,59,0,0,-1,,,
09e4d1d929535af0,1,1.0,0,0.0,1.0,0.5833333333333334,46,0,0,-1,,,
e051405f88c05270,1,1.0,0,1.0,1.0,1.0,43,0,0,-1,,,
ea3766d0f2985fc8,1,1.0,0,1.0,1.0,1.0,44,0,0,-1,,,
65b16bfce348521f,1,1.0,0,1.0,1.0,1.0,50,0,0,-1,,,
0ac560549a495626,1,1.0,0,1.0,1.0,1.0,50,0,0,-1,,,
f9d772498ab656d6,1,1.0,0,1.0,1.0,0.9508406761910649,49,0,0,-1,,,
1d198434c5f9569e,1,1.0,0,1.0,1.0,0.9865977473962374,48,0,0,-1,,,
dbd94883f7865af6,1,1.0,0,1.0,1.0,0.9435142613338628,52,0,0,-1,,,
a55fdc98ef8057e5,1,1.0,0,0.0,1.0,0.525399077070753,45,0,0,-1,,,
7d966991a14353b3,1,1.0,0,0.0,1.0,0.547549112381064,43,0,0,-1,,,
fc450a5080d458e1,1,1.0,0,1.0,1.0,0.9692807864367493,43,0,0,-1,,,
d74dbc89af495c84,1,1.0,0,1.0,1.0,0.9411656723472951,43,0,0,-1,,,
787484f52b4753b2,1,1.0,0,0.0,1.0,0.5156047439092613,46,0,0,-1,,,
a71fec9cd7b65cf0,1,1.0,0,0.0,1.0,0.5200603288401658,48,0,0,-1,,,
3265a706c55157b2,1,1.0,0,0.0,1.0,0.5833333333333334,49,0,0,-1,,,
b7b0c0f56613553b,1,1.0,0,0.0,1.0,0.5833333333333334,49,0,0,-1,,,
0d2e670274c65f81,1,1.0,0,1.0,1.0,0.7618375408283211,50,0,0,-1,,,
005fcf3e9a125706,1,1.0,0,1.0,1.0,0.8298706530359311,38,0,0,-1,,,
5fde0c8c8f4b5ecb,1,1.0,0,1.0,1.0,0.8603865514497527,42,0,0,-1,,,
66583dab627951a2,1,1.0,0,1.0,1.0,0.7825894421466262,43,0,0,-1,,,
63980d0b4c9352c4,1,1.0,0,1.0,1.0,0.7877955860721424,45,0,0,-1,,,
a2c2e046132e5596,1,1.0,0,1.0,1.0,0.7815182885234195,48,0,0,-1,,,
6360aa4dd01151c3,1,1.0,0,1.0,1.0,0.7752683579301264,45,0,0,-1,,,
9c2063a3e137542a,1,1.0,0,1.0,1.0,0.7699926024648943,45,0,0,-1,,,
a13d45e804265392,1,1.0,0,1.0,1.0,0.9970646114469949,74,0,0,-1,,,
42643a30b402538f,1,1.0,0,1.0,1.0,1.0,73,0,0,-1,,,
d44d886053b15b23,1,1.0,0,1.0,1.0,0.9153348087073869,60,0,0,-1,,,
fe2270288c1d5628,1,1.0,0,1.0,1.0,0.9297936091238852,62,0,0,-1,,,
1ed8702288c15895,1,1.0,0,1.0,1.0,0.9861132326150583,64,0,0,-1,,,
373707159e77583c,1,1.0,0,1.0,1.0,0.9614863639556211,63,0,0,-1,,,
f2117260382b5d83,1,1.0,0,1.0,1.0,0.9699902456118349,61,0,0,-1,,,
398326681cd7500a,1,1.0,0,1.0,1.0,0.956578783027772,57,0,0,-1,,,
00016f8b45c25a1d,1,1.0,0,1.0,1.0,0.926553693366362,49,0,0,-1,,,
9d9762d42ff5561d,1,1.0,0,1.0,1.0,0.9963495257782758,49,0,0,-1,,,
069c47e25ca55ef5,1,1.0,0,1.0,1.0,1.0,47,0,0,-1,,,
9e2706d88b3f553f,1,1.0,0,1.0,1.0,1.0,47,0,0,-1,,,
cc4bccf7f7175ea3,1,1.0,0,1.0,1.0,0.8954930646061795,48,0,0,-1,,,
210a2cd8efe051af,1,1.0,0,1.0,1.0,0.9222461734961792,49,0,0,-1,,,
933141027c9e5fdc,1,1.0,0,1.0,1.0,0.9150218214019584,50,0,0,-1,,,
2fb54b28d0c55807,1,1.0,0,1.0,1.0,0.9028872608850017,50,0,0,-1,,,
1f06808c28765941,1,1.0,0,1.0,1.0,0.7090432757126899,58,0,0,-1,,,
85cdfd35b2cb5692,1,1.0,0,1.0,1.0,0.8733969710557427,54,0,0,-1,,,
ec2d4139247f5375,1,1.0,0,1.0,1.0,0.8725152636155236,49,0,0,-1,,,
fffe18f189075204,1,1.0,0,1.0,1.0,0.681037912160113,46,0,0,-1,,,
88f90b93bbf255ad,1,1.0,0,1.0,1.0,0.9115322991732846,39,0,0,-1,,,
f969cc5d3bc95470,1,1.0,0,1.0,1.0,0.8582014439508766,36,0,0,-1,,,
32d85d373126537e,1,1.0,0,1.0,1.0,1.0,37,0,0,-1,,,
a5ad1e9de54e5ad0,1,1.0,0,1.0,1.0,0.8122531013577077,50,0,0,-1,,,
deb455f53c805643,1,1.0,0,1.0,1.0,0.7978678159757058,46,0,0,-1,,,
3b1e0182cb145b8d,1,1.0,0,1.0,1.0,0.7667181298602722,45,0,0,-1,,,
25d6781d5063561a,1,1.0,0,1.0,1.0,0.6852776461937437,44,0,0,-1,,,
7755fb23f28f5b2f,1,1.0,0,1.0,1.0,0.7258703947104702,49,0,0,-1,,,
52a862ac6c845dbb,1,1.0,0,1.0,1.0,0.9165356509371376,50,0,0,-1,,,
0beacadfbc4553ea,1,1.0,0,1.0,1.0,0.8976630586277782,49,0,0,-1,,,
f985ec5a35285901,1,1.0,0,1.0,1.0,0.8988078749750077,44,0,0,-1,,,
c3ed0328b37b586b,1,1.0,0,1.0,1.0,0.9477784687174292,49,0,0,-1,,,
97e5f17eb7235c14,1,1.0,0,1.0,1.0,0.9497237162399559,7,0,0,-1,,,
7385c74727eb53b5,1,1.0,0,1.0,1.0,0.9486430756130817,8,0,0,-1,,,
86dfdf03f928570a,1,1.0,0,1.0,1.0,0.9491170509314363,9,0,0,-1,,,
8d06ea883e7853a9,1,1.0,0,1.0,1.0,0.887272212979755,19,0,0,-1,,,
bcf92cdb596a5fa2,1,1.0,0,1.0,1.0,0.8412104496947895,19,0,0,-1,,,
0f206a62842b59b2,1,1.0,0,1.0,1.0,1.0,215,0,0,-1,,,
8781cde1032354cb,1,1.0,0,1.0,1.0,0.8760544860875067,219,0,0,-1,,,
c49e7550cee75722,1,1.0,0,1.0,1.0,0.9251154627141353,219,0,0,-1,,,
cb91b17626f85892,1,1.0,0,1.0,1.0,1.0,21,0,0,-1,,,
fa1f681041595461,1,1.0,0,1.0,1.0,1.0,19,0,0,-1,,,
4b259f30bb73511d,1,1.0,0,1.0,1.0,1.0,20,0,0,-1,,,
bc842040229c5e52,1,1.0,0,1.0,1.0,0.9640960856574382,19,0,0,-1,,,
ceea7304846852b9,1,1.0,0,1.0,1.0,0.9652586230511181,19,0,0,-1,,,
3cf11c2988d25d2b,1,1.0,0,1.0,1.0,0.952442085598444,19,0,0,-1,,,
00685a5276625b57,1,1.0,0,1.0,1.0,0.9651381685444799,17,0,0,-1,,,
87124bde96ba59b1,1,1.0,0,1.0,1.0,0.9582914912165457,16,0,0,-1,,,
19d7afdb02055502,1,1.0,0,1.0,1.0,0.9309797886321366,51,0,0,-1,,,
6a5c90faa1cc5f03,1,1.0,0,1.0,1.0,0.9291972415033555,53,0,0,-1,,,
df5915c3464e569e,1,1.0,0,1.0,1.0,0.9396020440617945,56,0,0,-1,,,
f154d2accd365815,1,1.0,0,1.0,1.0,0.9211664457280585,60,0,0,-1,,,
bc8d49758c6b5612,1,1.0,0,1.0,1.0,0.9035469888600457,61,0,0,-1,,,
1b963a72d0cf5320,1,1.0,0,1.0,1.0,0.9032292302186047,59,0,0,-1,,,
08ca490a89c4544e,1,1.0,0,1.0,1.0,0.8597425213713908,61,0,0,-1,,,
ba13a6004a0c5f8d,1,1.0,0,1.0,1.0,0.5075108008775057,54,0,0,-1,,,
1e0c13bae35a50b3,1,1.0,0,1.0,1.0,0.9497544026540446,55,0,0,-1,,,
6795e4cf76f55755,1,1.0,0,1.0,1.0,0.9514737348243352,53,0,0,-1,,,
747f309bac56509f,1,1.0,0,1.0,1.0,0.9781589244661296,53,0,0,-1,,,
9ebf7c0f1b4f5f39,1,1.0,0,1.0,1.0,0.9730761592808178,54,0,0,-1,,,
8379e27735535cc1,1,1.0,0,1.0,1.0,0.9671582271324423,55,0,0,-1,,,
58c018c299d05214,1,1.0,0,1.0,1.0,0.8026680462787548,18,0,0,-1,,,
d345cd51380a5243,1,1.0,0,1.0,1.0,0.8863034518321012,18,0,0,-1,,,
3ca720caa0ff5082,1,1.0,0,1.0,1.0,0.9462431994629427,20,0,0,-1,,,
4624907fdacb5038,1,1.0,0,1.0,1.0,0.9297478710885311,41,0,0,-1,,,
6e738e56c7f854d0,1,1.0,0,1.0,1.0,0.8960686980107454,43,0,0,-1,,,
566394b6f104598e,1,1.0,0,1.0,1.0,0.9156311705600717,45,0,0,-1,,,
7f20b37cfbb7573b,1,1.0,0,1.0,1.0,0.9193875824021203,45,0,0,-1,,,
7da6ba784b8b5ff0,1,1.0,0,1.0,1.0,0.8731437920747182,46,0,0,-1,,,
ce28bbe99d7f5f43,1,1.0,0,1.0,1.0,0.9684468246102359,45,0,0,-1,,,
1198cf572c315f9c,1,1.0,0,1.0,1.0,1.0,45,0,0,-1,,,
bc88b69c56ec5a0f,1,1.0,0,1.0,1.0,1.0,45,0,0,-1,,,
b113e988ede45a4f,1,1.0,0,1.0,1.0,0.7734274870096791,46,0,0,-1,,,
da83e9a4e38a5d6e,1,1.0,0,1.0,1.0,0.9012026987733806,48,0,0,-1,,,
28123c233d33567e,1,1.0,0,1.0,1.0,0.9099336273758406,47,0,0,-1,,,
5496f69033515dd4,1,1.0,0,1.0,1.0,0.9413722752678467,47,0,0,-1,,,
f1ceb70bd72a5048,1,1.0,0,1.0,1.0,0.735425175678032,60,0,0,-1,,,
d4c431871c755ba3,1,1.0,0,1.0,1.0,0.8672836647639723,61,0,0,-1,,,
45408d0676b7570c,1,1.0,0,1.0,1.0,0.8125611128557894,65,0,0,-1,,,
6247bc8d9df7529d,1,1.0,0,1.0,1.0,0.9650517770294789,73,0,0,-1,,,
fbf2eaa61abb5a2f,1,1.0,0,1.0,1.0,0.9612169602137385,16,0,0,-1,,,
f98bff8bb0675d96,1,1.0,0,1.0,1.0,0.9608919016242838,15,0,0,-1,,,
0df6f24a95e75544,1,1.0,0,1.0,1.0,0.9698562434653962,16,0,0,-1,,,
9c100482944751b3,1,1.0,0,1.0,1.0,1.0,16,0,0,-1,,,
e8bc2f6b295e5867,1,1.0,0,1.0,1.0,0.9735626401832337,16,0,0,-1,,,
1f67195591a95027,1,1.0,0,1.0,1.0,0.9518825816166823,9,0,0,-1,,,
aba3b771ef0054c6,1,1.0,0,1.0,1.0,0.9522615156855715,9,0,0,-1,,,
52a632acca085891,1,1.0,0,1.0,1.0,0.948851490390853,8,0,0,-1,,,
5ad18b7f7b2a52c7,1,1.0,0,1.0,1.0,0.9991465896559268,216,0,0,-1,,,
b111bb8716b756d2,1,1.0,0,1.0,1.0,0.7631137033953227,310,0,0,-1,,,
d7ff11915cdf538e,1,1.0,0,1.0,1.0,0.6972637559517713,319,0,0,-1,,,
3ec484ccad125e99,1,1.0,0,1.0,1.0,0.9830756903898008,328,0,0,-1,,,
d2789ec30aaa5d6a,1,1.0,0,1.0,1.0,0.5320460242424888,327,0,0,-1,,,
0f3d66a03c5e500b,1,1.0,0,1.0,1.0,0.9722044132922423,328,0,0,-1,,,
8c2e3aa977d95da5,1,1.0,0,1.0,1.0,0.96525617826565,334,0,0,-1,,,
0d5b8da00d505be0,1,1.0,0,1.0,1.0,0.9649059111888661,332,0,0,-1,,,
bcccfa73a6845d11,1,1.0,0,1.0,1.0,1.0,119,0,0,-1,,,
c0475666b2a55982,1,1.0,0,1.0,1.0,1.0,120,0,0,-1,,,
599cd3d1986c5509,1,1.0,0,1.0,1.0,1.0,122,0,0,-1,,,
5098fc0bc21450f9,1,1.0,0,1.0,1.0,1.0,119,0,0,-1,,,
3cc02c2389685e70,1,1.0,0,1.0,1.0,1.0,131,0,0,-1,,,
e54d6de2e70157b0,1,1.0,0,1.0,1.0,1.0,132,0,0,-1,,,
da01de71bce95578,1,1.0,0,1.0,1.0,1.0,126,0,0,-1,,,
d65373ac727f541f,1,1.0,0,1.0,1.0,1.0,128,0,0,-1,,,
3b185264ec565b67,1,1.0,0,1.0,1.0,0.924345221782804,218,0,0,-1,,,
4f21925f1a7c5983,1,1.0,0,1.0,1.0,0.8973083864748789,215,0,0,-1,,,
6227e5b0f0d4592e,1,1.0,0,1.0,1.0,0.9318389556730526,215,0,0,-1,,,
7bbb6cfc4f135e50,1,1.0,0,1.0,1.0,0.9234995298307855,116,0,0,-1,,,
5798a6e25f2553e4,1,1.0,0,1.0,1.0,0.9189111399954921,123,0,0,-1,,,
8be5c83488ff5980,1,1.0,0,1.0,1.0,0.9030112411055157,126,0,0,-1,,,
b86152f6ab29580e,1,1.0,0,1.0,1.0,0.8997763863830038,132,0,0,-1,,,
21747e180852591a,1,1.0,0,1.0,1.0,0.8937756221673999,138,0,0,-1,,,
c5e8daf69c6552a7,1,1.0,0,1.0,1.0,0.8774569530558297,140,0,0,-1,,,
871164a7e40652b5,1,1.0,0,1.0,1.0,0.8826923183114421,137,0,0,-1,,,
9bdf0d338d625e2a,1,1.0,0,1.0,1.0,1.0,134,0,0,-1,,,
7602906d3c785da3,1,1.0,0,1.0,1.0,1.0,126,0,0,-1,,,
43cc094e7af0518e,1,1.0,0,1.0,1.0,1.0,126,0,0,-1,,,
b2f320b5d94753f9,1,1.0,0,1.0,1.0,0.9068661913150896,122,0,0,-1,,,
3789d42ea83f569d,1,1.0,0,1.0,1.0,0.8435981979747028,115,0,0,-1,,,
2035406a3a6955be,1,1.0,0,1.0,1.0,0.8217842759583562,110,0,0,-1,,,
23d0ae8aedf8537b,1,1.0,0,1.0,1.0,0.9810110761965278,204,0,0,-1,,,
8cafe946e9c752fc,1,1.0,0,1.0,1.0,0.9147093461899628,199,0,0,-1,,,
10209c0e885f5162,1,1.0,0,1.0,1.0,0.9009182411719253,204,0,0,-1,,,
263367576c285a2a,1,1.0,0,1.0,1.0,1.0,208,0,0,-1,,,
3dc6b109b480502f,1,1.0,0,1.0,1.0,1.0,209,0,0,-1,,,
627ed4c9950753e9,1,1.0,0,1.0,1.0,1.0,211,0,0,-1,,,
1ebfee14fc925d6e,1,0.0,1,0.0,1.0,0.0,215,1,0,17,VEHICLE,17,7.1
e11f2ff7ffba5b45,1,1.0,0,1.0,1.0,1.0,206,0,0,-1,,,
d663992c13fa5438,1,1.0,0,1.0,1.0,0.8417084881571933,47,0,0,-1,,,
6321c384f59c5265,1,1.0,0,1.0,1.0,0.8605827984879949,45,0,0,-1,,,
7f54c08f50ef5ace,1,1.0,0,1.0,1.0,0.7934364953132835,44,0,0,-1,,,
7fdfa29d75525f46,1,1.0,0,1.0,1.0,1.0,47,0,0,-1,,,
3b0d8847b4a25a92,1,1.0,0,1.0,1.0,1.0,48,0,0,-1,,,
a66477a84cc05f05,1,1.0,0,1.0,1.0,1.0,79,0,0,-1,,,
7597912d2a175b46,1,1.0,0,1.0,1.0,1.0,83,0,0,-1,,,
4495218e41b35f25,1,1.0,0,1.0,1.0,1.0,84,0,0,-1,,,
d5cf4595a3435917,1,1.0,0,1.0,1.0,1.0,205,0,0,-1,,,
17ecb960d15d5b5f,1,1.0,0,1.0,1.0,0.8384407630848111,186,0,0,-1,,,
afe269451bc757e1,1,1.0,0,1.0,1.0,0.8151783679894788,186,0,0,-1,,,
475a45837ca75030,1,1.0,0,1.0,1.0,1.0,213,0,0,-1,,,
dc952092ef6a5243,1,1.0,0,1.0,1.0,0.8537688588694287,213,0,0,-1,,,
5a06f03022ec5b67,1,1.0,0,1.0,1.0,0.8333630136273745,209,0,0,-1,,,
db817c126780531f,1,1.0,0,1.0,1.0,0.9379449276421793,214,0,0,-1,,,
662212c87d0d5b09,1,1.0,0,1.0,1.0,0.9457071202587325,219,0,0,-1,,,
850551ecc7a35ebf,1,1.0,0,1.0,1.0,0.9482124915331744,94,0,0,-1,,,
1a1aa689c53951ba,1,1.0,0,1.0,1.0,0.9432582396614079,88,0,0,-1,,,
0dd3297ee86d56c9,1,1.0,0,0.0,1.0,0.5833333333333334,74,0,0,-1,,,
240f44eb30c7500b,1,1.0,0,1.0,1.0,1.0,71,0,0,-1,,,
5dcc8367111b5fad,1,1.0,0,1.0,1.0,1.0,75,0,0,-1,,,
6ff86f7f95cb502a,1,1.0,0,1.0,1.0,1.0,79,0,0,-1,,,
190c8d0cece45af1,1,1.0,0,1.0,1.0,1.0,87,0,0,-1,,,
f5b613e3fa03593d,1,1.0,0,1.0,1.0,1.0,92,0,0,-1,,,
60b3c9715d995c1d,1,1.0,0,1.0,1.0,0.9911170447597512,181,0,0,-1,,,
0393e11b085a5cc2,1,1.0,0,1.0,1.0,1.0,188,0,0,-1,,,
57e7565904e05728,1,1.0,0,1.0,1.0,1.0,183,0,0,-1,,,
b3b8a7989ba5519f,1,1.0,0,1.0,1.0,1.0,182,0,0,-1,,,
c778933c0b8f5093,1,1.0,0,1.0,1.0,1.0,182,0,0,-1,,,
60991b5c52d85113,1,1.0,0,1.0,1.0,1.0,177,0,0,-1,,,
6debfcfccc75589c,1,1.0,0,1.0,1.0,0.9089877512835322,136,0,0,-1,,,
4ae68544ec0f502c,1,1.0,0,1.0,1.0,0.9316292922845054,134,0,0,-1,,,
f1b802f6e9a559af,1,1.0,0,1.0,1.0,0.9807337077180804,116,0,0,-1,,,
9b7eb62d80db55e7,1,1.0,0,1.0,1.0,1.0,115,0,0,-1,,,
acd37cf126fa5a59,1,1.0,0,1.0,1.0,1.0,114,0,0,-1,,,
e779c1cc4ae45a84,1,1.0,0,1.0,1.0,1.0,109,0,0,-1,,,
7a90cd45ef505058,1,1.0,0,1.0,1.0,1.0,108,0,0,-1,,,
8c5a5e3a57535abf,1,1.0,0,1.0,1.0,1.0,107,0,0,-1,,,
8e274784672a514b,1,1.0,0,1.0,1.0,1.0,104,0,0,-1,,,
aa58dfcb46765181,1,1.0,0,1.0,1.0,1.0,106,0,0,-1,,,
45845be1b56d59c7,1,1.0,0,1.0,1.0,1.0,116,0,0,-1,,,
56da58294b3d53c5,1,1.0,0,1.0,1.0,0.9029627032228603,293,0,0,-1,,,
30dafbb048775d29,1,1.0,0,1.0,1.0,0.913026357299971,290,0,0,-1,,,
17c627139c325a9c,1,1.0,0,1.0,1.0,0.9063465176196664,283,0,0,-1,,,
1c3d4987efaf5aae,1,1.0,0,1.0,1.0,1.0,281,0,0,-1,,,
22f31aadcc76590b,1,1.0,0,1.0,1.0,1.0,280,0,0,-1,,,
a43d45f7369d5489,1,1.0,0,1.0,1.0,1.0,280,0,0,-1,,,
72d13a5ce3af5ca6,1,1.0,0,1.0,1.0,1.0,276,0,0,-1,,,
116aacf9868e5e4e,1,1.0,0,1.0,1.0,0.9370371782530412,12,0,0,-1,,,
7857a22b3bc85bb4,1,1.0,0,1.0,1.0,0.9577702388005193,12,0,0,-1,,,
ef1f8e45b9f05e4f,1,1.0,0,1.0,1.0,0.9856268933513975,13,0,0,-1,,,
536e9526257a57f2,1,1.0,0,1.0,1.0,0.9767373528964404,13,0,0,-1,,,
c09d506d3891507c,1,1.0,0,1.0,1.0,0.9754577654546304,12,0,0,-1,,,
04d0fb4e3ab25115,1,1.0,0,1.0,1.0,0.9768282468215185,12,0,0,-1,,,
fb2289e9d46258f2,1,1.0,0,1.0,1.0,0.9771360217849372,12,0,0,-1,,,
7e8979818a51520e,1,1.0,0,1.0,1.0,0.9865640754328929,12,0,0,-1,,,
6e49c17c51db5a5c,1,1.0,0,1.0,1.0,0.8006458598358136,112,0,0,-1,,,
6b363ffce294521f,1,1.0,0,1.0,1.0,0.8151888586766702,112,0,0,-1,,,
76375396b08e5143,1,1.0,0,1.0,1.0,1.0,117,0,0,-1,,,
0b1a626ef31150b3,1,1.0,0,1.0,1.0,1.0,119,0,0,-1,,,
e06567ac03815716,1,1.0,0,1.0,1.0,1.0,118,0,0,-1,,,
a7f3d88fe5e5534e,1,1.0,0,1.0,1.0,1.0,114,0,0,-1,,,
05da61a9928e5ec1,1,1.0,0,1.0,1.0,1.0,117,0,0,-1,,,
7f0cb33eb150567e,1,1.0,0,1.0,1.0,1.0,117,0,0,-1,,,
67bb26a522b45b5a,1,1.0,0,1.0,1.0,1.0,248,0,0,-1,,,
2c978eb63fec5d2a,1,1.0,0,1.0,1.0,0.9301464835727128,17,0,0,-1,,,
8c554c3017d05e9b,1,1.0,0,1.0,1.0,0.9417734955089546,17,0,0,-1,,,
6d92cfa21e805f31,1,1.0,0,1.0,1.0,0.92091312431862,16,0,0,-1,,,
a21ebf4902fa5e27,1,1.0,0,1.0,1.0,0.9242285716559288,16,0,0,-1,,,
1819bb47db9e59ff,1,1.0,0,1.0,1.0,0.9260952256191818,16,0,0,-1,,,
2b3383daa2175aa8,1,1.0,0,1.0,1.0,0.7347158481165526,15,0,0,-1,,,
852255373f315fb6,1,1.0,0,1.0,1.0,0.9384962556983378,13,0,0,-1,,,
6f0e15842e1b5924,1,1.0,0,1.0,1.0,0.927436889890672,132,0,0,-1,,,
7e8ca7a00f83587d,1,1.0,0,1.0,1.0,0.9298043361331944,129,0,0,-1,,,
c9e5306d839d5427,1,1.0,0,1.0,1.0,0.933930522167023,121,0,0,-1,,,
79e5694685065280,1,1.0,0,1.0,1.0,0.9291325736515385,121,0,0,-1,,,
b4eb56fcd01857bb,1,1.0,0,1.0,1.0,0.8783205122495966,119,0,0,-1,,,
4b9402651fd85547,1,1.0,0,1.0,1.0,0.8746252372801496,115,0,0,-1,,,
868e873c94b75b38,1,1.0,0,1.0,1.0,0.8458910479766093,117,0,0,-1,,,
4b0be4847dd45b5c,1,1.0,0,1.0,1.0,0.825235711875916,111,0,0,-1,,,
6a9d9f877efb51e3,1,1.0,0,1.0,1.0,0.8583256460358505,28,0,0,-1,,,
189e9c0a20085a38,1,1.0,0,1.0,1.0,0.8597782182812009,27,0,0,-1,,,
e7ae612e880e5d5f,1,1.0,0,1.0,1.0,0.9337812949071442,28,0,0,-1,,,
a7d3076a7b7b58b2,1,1.0,0,1.0,1.0,0.7876141090614075,27,0,0,-1,,,
dac5a6aa183b5e73,1,1.0,0,1.0,1.0,0.7886759440264779,23,0,0,-1,,,
54ab49005da25b3e,1,1.0,0,1.0,1.0,0.7781736368566007,23,0,0,-1,,,
dcff89b03b925c41,1,1.0,0,1.0,1.0,0.7330769166198009,21,0,0,-1,,,
01e3dbb4fbcd5781,1,1.0,0,1.0,1.0,1.0,19,0,0,-1,,,
1cb21a59cbf95e1e,1,1.0,0,1.0,1.0,0.9815884100523554,7,0,0,-1,,,
59797b950d9e52ba,1,1.0,0,1.0,1.0,0.9650015437452476,7,0,0,-1,,,
65676c8917335c2c,1,1.0,0,1.0,1.0,0.9875786195686059,6,0,0,-1,,,
32a19a2ab50f563d,1,1.0,0,1.0,1.0,0.9763504038646267,6,0,0,-1,,,
f1b0cf7d344052ba,1,1.0,0,1.0,1.0,0.9887163791220811,5,0,0,-1,,,
72191253c85a5227,1,1.0,0,1.0,1.0,0.9865423808179088,5,0,0,-1,,,
ac808bd1bfac5425,1,1.0,0,1.0,1.0,0.9875405877883375,5,0,0,-1,,,
12c01b203ea85b41,1,1.0,0,1.0,1.0,0.9896319566917263,4,0,0,-1,,,
5cf3fc5bbafd57bf,1,1.0,0,1.0,1.0,1.0,108,0,0,-1,,,
ad2ceb40a046543c,1,1.0,0,1.0,1.0,1.0,106,0,0,-1,,,
3cc3ea967df55cf0,1,1.0,0,1.0,1.0,1.0,110,0,0,-1,,,
fcb45b2aa29356d9,1,1.0,0,1.0,1.0,1.0,111,0,0,-1,,,
06753f6c597f512b,1,1.0,0,1.0,1.0,1.0,114,0,0,-1,,,
7bc20084dcb15f05,1,1.0,0,1.0,1.0,1.0,120,0,0,-1,,,
975e6554112f5a46,1,1.0,0,1.0,1.0,1.0,122,0,0,-1,,,
b5823453f7875542,1,1.0,0,1.0,1.0,1.0,120,0,0,-1,,,
de354f243fa157ec,1,1.0,0,1.0,1.0,0.9770711040240164,11,0,0,-1,,,
d063f70ffb44513e,1,1.0,0,1.0,1.0,0.9752049318078745,10,0,0,-1,,,
471869e791085ef6,1,1.0,0,1.0,1.0,0.9749262071892407,10,0,0,-1,,,
c038901b4a0259ab,1,1.0,0,1.0,1.0,0.9750789339521752,10,0,0,-1,,,
8a2637d104fb5194,1,1.0,0,1.0,1.0,0.9759203086395063,10,0,0,-1,,,
a15d7c93c85e5505,1,1.0,0,1.0,1.0,0.9823234270651581,10,0,0,-1,,,
b69046ccdede5ae9,1,1.0,0,1.0,1.0,0.979739928462695,9,0,0,-1,,,
c505de060d305ef5,1,1.0,0,1.0,1.0,0.980908934693618,7,0,0,-1,,,
50a5cd7410e85782,1,1.0,0,1.0,1.0,0.8379809918395175,30,0,0,-1,,,
dadaa10f428c501e,1,1.0,0,1.0,1.0,0.848017155716113,30,0,0,-1,,,
9135a6d270475c7f,1,1.0,0,1.0,1.0,0.8398711120941184,29,0,0,-1,,,
36e3e0f9a589578d,1,1.0,0,1.0,1.0,0.8739407460353625,27,0,0,-1,,,
584a741051cd523f,1,1.0,0,1.0,1.0,0.8663306780932172,28,0,0,-1,,,
d813c6a4706e5411,1,1.0,0,1.0,1.0,0.8651225654132095,27,0,0,-1,,,
ffb89fa44ab351b9,1,1.0,0,1.0,1.0,0.8578344827657552,27,0,0,-1,,,
d42d0a93b7185161,1,1.0,0,1.0,1.0,0.8610817110092522,26,0,0,-1,,,
1134d05b608b54e8,1,1.0,0,1.0,1.0,0.945695283620918,16,0,0,-1,,,
2d6a7d3813ef54e0,1,1.0,0,1.0,1.0,0.9452056857128532,17,0,0,-1,,,
83cb0b794de45f7e,1,1.0,0,1.0,1.0,0.9273975435821792,16,0,0,-1,,,
c39f042bbc0256ba,1,1.0,0,1.0,1.0,0.9277503516973734,17,0,0,-1,,,
687fa6fce3ab5f91,1,1.0,0,1.0,1.0,0.9468293957796602,26,0,0,-1,,,
b556cea74b125dfa,1,1.0,0,1.0,1.0,0.8773358360164515,26,0,0,-1,,,
14b4283d229a5e3d,1,1.0,0,1.0,1.0,0.8429277561644056,31,0,0,-1,,,
56706b5fe8b4575f,1,1.0,0,1.0,1.0,0.8400836103927598,30,0,0,-1,,,
1434146a1ab75426,1,1.0,0,1.0,1.0,1.0,83,0,0,-1,,,
790e0f5c7fce5627,1,1.0,0,1.0,1.0,1.0,82,0,0,-1,,,
18e40fd61be753b9,1,1.0,0,1.0,1.0,1.0,86,0,0,-1,,,
a6e683b6f2a557a4,1,1.0,0,1.0,1.0,0.9606566390761815,88,0,0,-1,,,
2f6b9bbb16cb59ba,1,1.0,0,1.0,1.0,0.999633800624645,88,0,0,-1,,,
1b8f0a989c8b5636,1,1.0,0,1.0,1.0,0.9781762278187515,86,0,0,-1,,,
31cacaff4fa25b87,1,1.0,0,1.0,1.0,0.7036660570105034,90,0,0,-1,,,
61046515c9885bf5,1,1.0,0,1.0,1.0,0.8700818478888497,64,0,0,-1,,,
e39a79ae2ceb5829,1,1.0,0,1.0,1.0,0.8568220045473912,19,0,0,-1,,,
c2466f5ae7a25ad8,1,1.0,0,1.0,1.0,0.8841791427712318,19,0,0,-1,,,
63a80bcca90b5dec,1,1.0,0,1.0,1.0,0.87972848500028,18,0,0,-1,,,
c3976331b5e456d4,1,1.0,0,1.0,1.0,0.876651186955181,18,0,0,-1,,,
e0aee9e955b35c08,1,1.0,0,1.0,1.0,0.8330100987322605,18,0,0,-1,,,
69a1f3e84f6758b0,1,1.0,0,1.0,1.0,0.8340089849824595,17,0,0,-1,,,
e7d1a48359b65c2d,1,1.0,0,1.0,1.0,0.8882765466185744,17,0,0,-1,,,
8187be48a9d95d91,1,1.0,0,1.0,1.0,0.919695488135068,17,0,0,-1,,,
9324eafb3ef25fdb,1,1.0,0,1.0,1.0,0.9643325849595152,283,0,0,-1,,,
03f248caa9c35a98,1,1.0,0,1.0,1.0,1.0,275,0,0,-1,,,
6c9959c7421b59a0,1,1.0,0,1.0,1.0,1.0,271,0,0,-1,,,
082dba79a46d57b2,1,1.0,0,1.0,1.0,1.0,267,0,0,-1,,,
9a8acc75f4c05ace,1,1.0,0,1.0,1.0,0.833151543885268,267,0,0,-1,,,
d780d3a3f10d567b,1,1.0,0,1.0,1.0,0.848716951644216,261,0,0,-1,,,
fbe786c417ca5245,1,1.0,0,1.0,1.0,1.0,264,0,0,-1,,,
f7b7dcf856ce587d,1,1.0,0,1.0,1.0,1.0,259,0,0,-1,,,
cba2150084b1510a,1,1.0,0,1.0,1.0,0.9749610421501401,4,0,0,-1,,,
31e7be6258f35c5a,1,1.0,0,1.0,1.0,0.9758817584771741,3,0,0,-1,,,
72e48f99d8265b71,1,1.0,0,1.0,0.0,0.0,3,0,0,-1,,,
4a62cc0027965e10,1,1.0,0,1.0,1.0,0.9708829374863518,1,0,0,-1,,,
a3bb30f4190a5f5d,1,1.0,0,1.0,1.0,0.9742722641940992,1,0,0,-1,,,
a622ff338b425c28,1,1.0,0,1.0,1.0,0.979005018938698,0,0,0,-1,,,
d12c5ba59acf55a0,1,1.0,0,1.0,1.0,0.9607572731709961,0,0,0,-1,,,
003a1fdca9505c09,1,1.0,0,1.0,1.0,0.9637840079443366,0,0,0,-1,,,
eb74b3c99b175bc1,1,1.0,0,1.0,1.0,0.9797959443766876,12,0,0,-1,,,
f3e0463f3cf4505e,1,1.0,0,1.0,1.0,0.9807023509313116,12,0,0,-1,,,
a84816a320d450a6,1,1.0,0,1.0,1.0,0.9791615155000222,13,0,0,-1,,,
59b5e5a171965609,1,1.0,0,1.0,1.0,0.9576802240367228,12,0,0,-1,,,
f4f1692fee475afa,1,1.0,0,1.0,1.0,0.9591402537664001,13,0,0,-1,,,
8eac67d757755066,1,1.0,0,1.0,1.0,0.9595921972850476,16,0,0,-1,,,
f5e28113983e54bd,1,1.0,0,1.0,1.0,0.9644284601532201,15,0,0,-1,,,
33c1e6fe4ce650bf,1,1.0,0,1.0,1.0,0.9448486899230705,16,0,0,-1,,,
45ebc34cbe405c3e,1,1.0,0,1.0,1.0,0.9927335173548547,0,0,0,-1,,,
d20be65e3dc65738,1,1.0,0,1.0,1.0,0.9423159548082823,0,0,0,-1,,,
9c9b62965da75764,1,1.0,0,1.0,1.0,1.0,0,0,0,-1,,,
2783db04f9b05383,1,1.0,0,1.0,1.0,0.9788703440556317,0,0,0,-1,,,
ba69be06341d5b2b,1,1.0,0,1.0,1.0,0.9799167479000291,0,0,0,-1,,,
1c5aaf9e884b5ce9,1,1.0,0,1.0,1.0,0.9727864117384981,0,0,0,-1,,,
0d40059cfdf75e7a,1,1.0,0,1.0,1.0,1.0,8,0,0,-1,,,
3a4e9626c9aa5fa0,1,1.0,0,1.0,1.0,1.0,8,0,0,-1,,,
5db9d1088a615a4b,1,1.0,0,1.0,1.0,1.0,20,0,0,-1,,,
e4237030b1b75a8d,1,1.0,0,1.0,1.0,1.0,19,0,0,-1,,,
f790e64181a15f5a,1,1.0,0,1.0,1.0,1.0,17,0,0,-1,,,
570ba391cb6158c2,1,1.0,0,1.0,1.0,0.7133297376569739,21,0,0,-1,,,
5b265648c07a54b8,1,1.0,0,1.0,1.0,0.6681252729760234,20,0,0,-1,,,
a49be33c358b5cb4,1,1.0,0,1.0,1.0,0.6867836965376434,19,0,0,-1,,,
729c7f95c12f5dd4,1,1.0,0,1.0,1.0,0.7439761468470433,20,0,0,-1,,,
ae312bf769445e43,1,1.0,0,1.0,1.0,0.6986192003752949,21,0,0,-1,,,
56c652d4f2715e43,1,1.0,0,1.0,1.0,0.8739760916580547,20,0,0,-1,,,
5d1312c4f2aa5bbf,1,1.0,0,1.0,1.0,0.8530506411978284,21,0,0,-1,,,
63c145828c3b5fd8,1,1.0,0,1.0,1.0,0.8643587555228521,25,0,0,-1,,,
4d2fceb0b30f59cd,1,1.0,0,1.0,1.0,0.8598924848579211,25,0,0,-1,,,
6e9027bc59c857a9,1,1.0,0,1.0,1.0,0.8436508799523995,22,0,0,-1,,,
dffc6ff890745dbe,1,1.0,0,1.0,1.0,0.8020659062428486,23,0,0,-1,,,
0e04335474bf5b6e,1,1.0,0,1.0,1.0,0.8210237134834153,22,0,0,-1,,,
4cf608d9de4e5349,1,1.0,0,1.0,1.0,0.8787954141625072,27,0,0,-1,,,
25c1569ea1d753f2,1,1.0,0,1.0,1.0,0.9782099698755206,5,0,0,-1,,,
f70c8122d2a65847,1,1.0,0,1.0,1.0,0.9769507688490381,5,0,0,-1,,,
2f4117000a605404,1,1.0,0,1.0,1.0,0.9769478409549085,7,0,0,-1,,,
264a59ce900b5405,1,1.0,0,1.0,1.0,0.9627245931958776,9,0,0,-1,,,
7251f2907bd952cb,1,1.0,0,1.0,1.0,0.9642066772806067,9,0,0,-1,,,
680e24fa0952531b,1,1.0,0,1.0,1.0,0.9660574952316674,8,0,0,-1,,,
b5674c9c6c735d57,1,1.0,0,1.0,1.0,0.9791687959469858,10,0,0,-1,,,
433d630eed9d5f3a,1,1.0,0,1.0,1.0,0.9787438874741436,11,0,0,-1,,,
3466b16cf2c95855,1,1.0,0,1.0,1.0,1.0,20,0,0,-1,,,
aa09b515e34356f4,1,1.0,0,1.0,1.0,0.8529331534249284,30,0,0,-1,,,
fe132c4b31ff5fc7,1,1.0,0,1.0,1.0,0.8578913201883857,30,0,0,-1,,,
9873c047e9155996,1,1.0,0,1.0,1.0,0.8957602578029024,32,0,0,-1,,,
d33aaa347f795d0b,1,1.0,0,1.0,1.0,0.909728326999781,32,0,0,-1,,,
f407714273645434,1,1.0,0,1.0,1.0,0.8978905882515903,34,0,0,-1,,,
0f3cdfd8866b5915,1,1.0,0,1.0,1.0,0.930510869538877,22,0,0,-1,,,
c01c5d45b97154d4,1,1.0,0,1.0,1.0,0.9130731464947069,21,0,0,-1,,,
71246cbb6de459d6,1,1.0,0,1.0,1.0,0.9189073705165413,16,0,0,-1,,,
52ed9777731d5ba8,1,1.0,0,1.0,1.0,0.9574945687789818,15,0,0,-1,,,
3c462254687e5ef8,1,1.0,0,1.0,1.0,0.9545642047011119,16,0,0,-1,,,
3a7fa6d4bfb65f4b,1,1.0,0,1.0,1.0,1.0,18,0,0,-1,,,
7fef3d49daa652cb,1,1.0,0,1.0,1.0,0.9460307486358078,18,0,0,-1,,,
840de743ab1c50cc,1,1.0,0,1.0,1.0,0.950857845374275,15,0,0,-1,,,
ba2ebab05dfd523e,1,1.0,0,1.0,1.0,0.9216414618425149,16,0,0,-1,,,
24a036d6f97d5a50,1,1.0,0,1.0,1.0,0.9138964611694559,15,0,0,-1,,,
6d26431aced45f83,1,1.0,0,1.0,1.0,0.9228545276769493,62,0,0,-1,,,
b677a8a95c395ad2,1,1.0,0,1.0,1.0,0.9173569245533951,61,0,0,-1,,,
bf4d95ea76b75de7,1,1.0,0,1.0,1.0,0.9382933095793407,58,0,0,-1,,,
6e6c19ea921f550d,1,1.0,0,1.0,1.0,0.9321747214446003,55,0,0,-1,,,
e694a2cdf01e52b8,1,1.0,0,1.0,1.0,0.9212032902708099,49,0,0,-1,,,
419ff14e34c45d7f,1,1.0,0,1.0,1.0,0.9159051488660138,46,0,0,-1,,,
1ab2fedfbb4b5c2f,1,1.0,0,1.0,1.0,0.8997924133570536,48,0,0,-1,,,
d4f972826d645ca8,1,1.0,0,1.0,1.0,0.876559451556914,48,0,0,-1,,,
c2736d03415f515b,1,1.0,0,1.0,1.0,1.0,128,0,0,-1,,,
40ef82b4d5735701,1,1.0,0,1.0,1.0,1.0,125,0,0,-1,,,
56f5294b63df53b9,1,1.0,0,1.0,1.0,1.0,120,0,0,-1,,,
e1c0081536575390,1,1.0,0,1.0,1.0,1.0,124,0,0,-1,,,
1f248c6b5f2f5234,1,1.0,0,1.0,1.0,1.0,120,0,0,-1,,,
84a832f4cdbc5aef,1,1.0,0,1.0,1.0,1.0,118,0,0,-1,,,
b022d508550251bf,1,1.0,0,1.0,1.0,1.0,115,0,0,-1,,,
d91f0c28683e52da,1,1.0,0,1.0,1.0,1.0,97,0,0,-1,,,
74b5ee27fa1b5612,1,1.0,0,1.0,1.0,0.8646206830863911,27,0,0,-1,,,
3f11b8c2347f5714,1,1.0,0,1.0,1.0,0.8571901380874936,29,0,0,-1,,,
3d20913330f152ee,1,1.0,0,1.0,1.0,0.8326330264765435,31,0,0,-1,,,
22a9f8694d425753,1,1.0,0,1.0,1.0,0.8348735282781862,30,0,0,-1,,,
6ed328b05b54553e,1,1.0,0,1.0,1.0,0.85242715400173,30,0,0,-1,,,
1c3e7aa7df415acb,1,1.0,0,1.0,1.0,0.847526682089755,26,0,0,-1,,,
433a4b88d64350dd,1,1.0,0,1.0,1.0,0.837289445520188,24,0,0,-1,,,
153dfbd3d4355809,1,1.0,0,1.0,1.0,0.8638570732447781,21,0,0,-1,,,
16d4835b75b05efb,1,1.0,0,1.0,1.0,0.9181614764951961,48,0,0,-1,,,
4126aeb4289c593c,1,1.0,0,1.0,1.0,0.914524290229167,47,0,0,-1,,,
0ed2cf016ddc5f90,1,1.0,0,1.0,1.0,0.8795993368850081,45,0,0,-1,,,
14976ab056005044,1,1.0,0,1.0,1.0,0.8736113023725282,47,0,0,-1,,,
569da35d0f00545a,1,1.0,0,1.0,1.0,0.8982195378258798,47,0,0,-1,,,
88b50c0011ba516b,1,1.0,0,1.0,1.0,0.8704931260676699,47,0,0,-1,,,
61f8e636db175a83,1,1.0,0,1.0,1.0,0.9172962896425444,47,0,0,-1,,,
5c55fbcddea45f87,1,1.0,0,1.0,1.0,0.8505524829230185,46,0,0,-1,,,
23f357c023c2584f,1,1.0,0,1.0,1.0,0.8743580393642226,11,0,0,-1,,,
ea91c9a3a75f514c,1,1.0,0,1.0,1.0,0.9076404997924638,59,0,0,-1,,,
77071a33907c58f2,1,1.0,0,1.0,1.0,0.9135268027739801,58,0,0,-1,,,
e83f4b6e1dd25c90,1,1.0,0,1.0,1.0,0.9652188081962301,65,0,0,-1,,,
a92ed51516c358dc,1,1.0,0,1.0,1.0,0.9693785945715896,62,0,0,-1,,,
b435be7b7b1b5dd4,1,1.0,0,1.0,1.0,0.9980145715663666,62,0,0,-1,,,
7a5ad5a3fcd85c7a,1,1.0,0,1.0,1.0,0.9401255462824025,64,0,0,-1,,,
0d391852df3f5737,1,1.0,0,1.0,1.0,0.9312212687996526,66,0,0,-1,,,
79596c3c8ac45e5e,1,1.0,0,1.0,1.0,1.0,97,0,0,-1,,,
013d05a439b95210,1,1.0,0,1.0,1.0,1.0,176,0,0,-1,,,
358d973661955d68,1,1.0,0,1.0,1.0,1.0,181,0,0,-1,,,
a004456be0fd5ce0,1,1.0,0,1.0,1.0,0.9637084975044344,183,0,0,-1,,,
360b5fec28655626,1,1.0,0,1.0,1.0,0.9629336887757333,176,0,0,-1,,,
d08756521e64547e,1,1.0,0,1.0,1.0,0.9460720290898111,176,0,0,-1,,,
873e300af5a95bf2,1,1.0,0,1.0,1.0,0.9955472308566056,176,0,0,-1,,,
04715723caea505e,1,1.0,0,1.0,1.0,0.9941931454146085,178,0,0,-1,,,
dbb53601c8fb585f,1,1.0,0,1.0,1.0,0.9688896763469375,16,0,0,-1,,,
e694febcad5b5185,1,1.0,0,1.0,1.0,0.9342329996693867,16,0,0,-1,,,
3aa8e5d80d5d5d9b,1,1.0,0,1.0,1.0,0.9055205212915235,16,0,0,-1,,,
8bc0584436b25488,1,1.0,0,1.0,1.0,0.8750064594642074,16,0,0,-1,,,
62462203db6b5ba5,1,1.0,0,1.0,1.0,0.8427846137948899,16,0,0,-1,,,
c87fe1d7a3bd57cb,1,1.0,0,1.0,1.0,0.8658774281754088,16,0,0,-1,,,
388e7bfc1d1957b4,1,1.0,0,1.0,1.0,0.8796969282635175,13,0,0,-1,,,
5c5d006eb7b854c3,1,1.0,0,1.0,1.0,0.8851464191951255,12,0,0,-1,,,
055e7b577c645e2e,1,1.0,0,1.0,1.0,0.9926113948612287,71,0,0,-1,,,
cb53746741b25730,1,1.0,0,1.0,1.0,0.906035494925213,73,0,0,-1,,,
d8c6268b250e585c,1,1.0,0,1.0,1.0,0.900569805019113,77,0,0,-1,,,
7ef6481e00005279,1,1.0,0,1.0,1.0,0.9266066728222456,77,0,0,-1,,,
e8d9bf10ffc95001,1,1.0,0,1.0,1.0,0.9406892881677552,77,0,0,-1,,,
95329718628e5f7f,1,1.0,0,1.0,1.0,0.9243460736418739,78,0,0,-1,,,
5a7acfd6f26553f9,1,1.0,0,1.0,1.0,0.9414558669131949,78,0,0,-1,,,
071b435a4f4057e0,1,1.0,0,1.0,1.0,0.9260757332881896,79,0,0,-1,,,
6aaf052582e35b0c,1,1.0,0,1.0,1.0,0.9676979784414819,77,0,0,-1,,,
150c33d5cd005743,1,1.0,0,1.0,1.0,0.986021925757803,77,0,0,-1,,,
d6daa3b927f45168,1,1.0,0,1.0,1.0,1.0,80,0,0,-1,,,
b435ec4c5baa5a2c,1,1.0,0,1.0,1.0,1.0,80,0,0,-1,,,
1df82f9400b35ebb,1,1.0,0,1.0,1.0,1.0,82,0,0,-1,,,
04cdd9195f885ac6,1,1.0,0,1.0,1.0,1.0,78,0,0,-1,,,
bb3926e0e90c5657,1,1.0,0,1.0,1.0,1.0,80,0,0,-1,,,
127b9e23f1805690,1,1.0,0,1.0,1.0,0.9170352079830947,79,0,0,-1,,,
70a70a9054d75d9f,1,1.0,0,1.0,1.0,0.7461255942521273,77,0,0,-1,,,
e9c2b75226b85cfe,1,1.0,0,1.0,1.0,0.707054986395022,74,0,0,-1,,,
17a015f4ef9b56d0,1,1.0,0,1.0,1.0,0.7094487844117291,80,0,0,-1,,,
511741d6df93540d,1,1.0,0,1.0,1.0,0.688550014491148,79,0,0,-1,,,
7515bed58abd5f21,1,1.0,0,1.0,1.0,0.6742146428053402,82,0,0,-1,,,
3be53588a286557f,1,1.0,0,1.0,1.0,0.9673013549819194,79,0,0,-1,,,
aefd4ac2f4005309,1,1.0,0,1.0,1.0,0.9122186152939912,93,0,0,-1,,,
eb9fd90de700597b,1,1.0,0,1.0,1.0,0.9152456384746112,87,0,0,-1,,,
ead55e845b5f561d,1,1.0,0,1.0,1.0,1.0,59,0,0,-1,,,
322023693f1f5f55,1,1.0,0,1.0,1.0,1.0,58,0,0,-1,,,
523ab1ffcace56f6,1,1.0,0,1.0,1.0,0.9704617038163942,62,0,0,-1,,,
fb3eed693c845412,1,1.0,0,1.0,1.0,1.0,65,0,0,-1,,,
d2f121776fd05b4b,1,1.0,0,1.0,1.0,1.0,65,0,0,-1,,,
2e1835a7c6445310,1,1.0,0,1.0,1.0,0.7256668309329445,82,0,0,-1,,,
fec2bf4f1842590c,1,1.0,0,1.0,1.0,0.9744166609193923,84,0,0,-1,,,
277c41e4b5d858f1,1,1.0,0,1.0,1.0,0.9333127055656602,80,0,0,-1,,,
4023c5e9f11e5056,1,1.0,0,1.0,1.0,0.9430815150447023,57,0,0,-1,,,
e76e7c89a8935276,1,1.0,0,1.0,1.0,0.9372079371400398,53,0,0,-1,,,
2af5b66260bf5795,1,1.0,0,1.0,1.0,0.9315711568622923,51,0,0,-1,,,
53b9b277e6305400,1,1.0,0,1.0,1.0,0.727629119382283,49,0,0,-1,,,
3266d9113ede5f3c,1,1.0,0,1.0,1.0,0.9519534285821972,45,0,0,-1,,,
6486c6ab411c5baf,1,1.0,0,1.0,1.0,0.9196395321366682,44,0,0,-1,,,
8b794f146fda58da,1,1.0,0,1.0,1.0,0.9541750647851618,40,0,0,-1,,,
aa34b08bfad85fac,1,1.0,0,1.0,1.0,0.9068672116359501,41,0,0,-1,,,
ffac18af5cea540a,1,1.0,0,1.0,1.0,0.8579296737738055,46,0,0,-1,,,
fdb658e4941855a3,1,1.0,0,1.0,1.0,1.0,50,0,0,-1,,,
eccba8e0ad6651c3,1,1.0,0,1.0,1.0,1.0,48,0,0,-1,,,
8b1aea091a6f5a16,1,1.0,0,1.0,1.0,1.0,45,0,0,-1,,,
9580cc2199c55666,1,1.0,0,1.0,1.0,0.8342321177599246,49,0,0,-1,,,
3623049267d35a95,1,1.0,0,1.0,1.0,0.869116202722112,48,0,0,-1,,,
257773cfd41d59d5,1,1.0,0,1.0,1.0,0.8232023266662104,48,0,0,-1,,,
ec097e80d5565caa,1,1.0,0,1.0,1.0,0.8249644891825462,48,0,0,-1,,,
f3c6560a01e55c94,1,1.0,0,1.0,1.0,0.742129649676977,85,0,0,-1,,,
d777782391de54bf,1,1.0,0,1.0,1.0,0.6964751629962588,84,0,0,-1,,,
e7756dc30c605482,1,1.0,0,1.0,1.0,1.0,84,0,0,-1,,,
592abdaa0cb25437,1,1.0,0,1.0,1.0,1.0,85,0,0,-1,,,
035db9ac34715b07,1,1.0,0,1.0,1.0,0.9151794178121772,63,0,0,-1,,,
86b0e721370e5f56,1,1.0,0,1.0,1.0,0.9151580950142657,64,0,0,-1,,,
cfc9186dc53b5d4a,1,1.0,0,1.0,1.0,0.9217748975204989,66,0,0,-1,,,
0f69087034985e9e,1,1.0,0,1.0,1.0,0.9437797527916792,71,0,0,-1,,,
f0cdcc3967335c01,1,1.0,0,1.0,1.0,1.0,58,0,0,-1,,,
b76b03503cf95c02,1,1.0,0,1.0,1.0,1.0,58,0,0,-1,,,
6dc36068505c5de2,1,1.0,0,1.0,1.0,1.0,57,0,0,-1,,,
8875d7f59f045de3,1,1.0,0,1.0,1.0,1.0,62,0,0,-1,,,
351663288cc45157,1,1.0,0,1.0,1.0,1.0,63,0,0,-1,,,
69ddc43178e9572a,1,1.0,0,1.0,1.0,1.0,66,0,0,-1,,,
984716e6e27e59ee,1,1.0,0,1.0,1.0,1.0,70,0,0,-1,,,
e4fdad547c9a54a7,1,1.0,0,1.0,1.0,0.974031566345955,76,0,0,-1,,,
0334cae9f1ef56ae,1,1.0,0,1.0,1.0,1.0,33,0,0,-1,,,
6ae88d39556d57ec,1,1.0,0,1.0,1.0,1.0,33,0,0,-1,,,
d2b6dcd76085519e,1,1.0,0,1.0,1.0,0.8699722234895363,31,0,0,-1,,,
018ba0bc5f145074,1,1.0,0,1.0,1.0,0.9087065107356441,32,0,0,-1,,,
391a5c7303f05c39,1,1.0,0,1.0,1.0,0.8930439399332282,34,0,0,-1,,,
08a8fc71ab1b57c2,1,1.0,0,1.0,1.0,0.9484679396779415,64,0,0,-1,,,
313756e5fc655c0e,1,1.0,0,1.0,1.0,0.9636755147470275,61,0,0,-1,,,
866e7ca97d3c5548,1,1.0,0,1.0,1.0,0.9683242110557583,56,0,0,-1,,,
9fa75f1d5863570b,1,1.0,0,1.0,1.0,0.9592299228603656,55,0,0,-1,,,
fec541917e3f5029,1,1.0,0,1.0,1.0,0.9038722765745696,52,0,0,-1,,,
f91ece9be7be56f6,1,1.0,0,1.0,1.0,0.8767080937084537,53,0,0,-1,,,
c76dce931d555c6a,1,1.0,0,1.0,1.0,0.9554351019587374,53,0,0,-1,,,
fe94da01811e53fc,1,1.0,0,1.0,1.0,0.8805782278397425,61,0,0,-1,,,
166b654c0db95953,1,1.0,0,1.0,1.0,0.8783038678667863,62,0,0,-1,,,
b894f0e8e2875363,1,1.0,0,1.0,1.0,0.8753454181828765,63,0,0,-1,,,
cd4e4564d732554e,1,1.0,0,1.0,1.0,0.9590930275762884,67,0,0,-1,,,
0f5de425ef3555ff,1,1.0,0,1.0,1.0,1.0,80,0,0,-1,,,
d56cc988cfa250c6,1,1.0,0,1.0,1.0,1.0,75,0,0,-1,,,
ccd6fe2d044e5309,1,1.0,0,1.0,1.0,1.0,71,0,0,-1,,,
4dd4ae3362325296,1,1.0,0,1.0,1.0,1.0,68,0,0,-1,,,
1f5144778210505c,1,1.0,0,0.0,1.0,0.5833333333333334,67,0,0,-1,,,
6183ed1d16f05d11,1,1.0,0,0.0,1.0,0.5833333333333334,66,0,0,-1,,,
a622f6b5e06f52d0,1,1.0,0,1.0,1.0,1.0,67,0,0,-1,,,
0438474da1ac593d,1,1.0,0,1.0,1.0,1.0,65,0,0,-1,,,
2db50cd1c1ea5837,1,1.0,0,1.0,1.0,0.8902175802894616,79,0,0,-1,,,
8e9c1bb8232c5a14,1,1.0,0,1.0,1.0,0.9381562692044829,81,0,0,-1,,,
f9b16eaee3b956a3,1,1.0,0,1.0,1.0,1.0,81,0,0,-1,,,
47d7aecedea25a0b,1,1.0,0,1.0,1.0,0.9677335428188748,66,0,0,-1,,,
d184c07f6a0a5aaf,1,1.0,0,1.0,1.0,0.944590626571083,65,0,0,-1,,,
c12b3554dcd655c0,1,1.0,0,1.0,1.0,0.9443516700765446,64,0,0,-1,,,
6c903f55bc7650e1,1,1.0,0,1.0,1.0,0.9576207567455363,62,0,0,-1,,,
003ead1914c051d7,1,1.0,0,1.0,1.0,0.9525532181903721,58,0,0,-1,,,
8857612d0dad5e95,1,1.0,0,1.0,1.0,0.7213260938506663,68,0,0,-1,,,
71f883f1ec8f5e37,1,1.0,0,1.0,1.0,1.0,71,0,0,-1,,,
8fce05a181775f63,1,1.0,0,1.0,1.0,1.0,69,0,0,-1,,,
3ef30aa787de56fa,1,1.0,0,1.0,1.0,1.0,78,0,0,-1,,,
a0d88b07304b5398,1,1.0,0,1.0,1.0,1.0,77,0,0,-1,,,
631115d8e54d58fc,1,1.0,0,1.0,1.0,0.9226705044156968,71,0,0,-1,,,
4d94decfbcd35ae6,1,1.0,0,1.0,1.0,0.8928993060824265,89,0,0,-1,,,
483faae37fd95b91,1,1.0,0,1.0,1.0,0.9318779769209528,92,0,0,-1,,,
781386f5659b5cdf,1,1.0,0,1.0,1.0,0.9025781474785394,60,0,0,-1,,,
53abaebc66d4549e,1,1.0,0,1.0,1.0,0.8948528922091267,60,0,0,-1,,,
daaa1858309c5938,1,1.0,0,1.0,1.0,1.0,59,0,0,-1,,,
ade00f93385b5d14,1,1.0,0,1.0,1.0,1.0,56,0,0,-1,,,
97f7a14f8a835f59,1,1.0,0,1.0,1.0,1.0,56,0,0,-1,,,
330ca2e9aa935a3a,1,1.0,0,1.0,1.0,1.0,57,0,0,-1,,,
d9634d08b1a85ec4,1,1.0,0,1.0,1.0,1.0,57,0,0,-1,,,
0a73f089868458e4,1,1.0,0,1.0,1.0,1.0,62,0,0,-1,,,
4c1a6bbf7aaa5228,1,1.0,0,1.0,1.0,0.9081373502405433,103,0,0,-1,,,
f6a8d6a5c5b355d0,1,1.0,0,1.0,1.0,0.959197940220066,66,0,0,-1,,,
e720bb9728785a67,1,1.0,0,1.0,1.0,0.9567383399669676,68,0,0,-1,,,
51c2558524435a31,1,1.0,0,1.0,1.0,0.9100937405806663,40,0,0,-1,,,
c3ef435d900256c1,1,1.0,0,1.0,1.0,0.8718443786455964,56,0,0,-1,,,
30d10a9c1f8352da,1,1.0,0,1.0,1.0,0.8246917408373685,44,0,0,-1,,,
8118acf21ab154f7,1,1.0,0,1.0,1.0,0.7131311746011407,46,0,0,-1,,,
1faa29a936cd5277,1,1.0,0,1.0,1.0,0.682034443184933,48,0,0,-1,,,
b337627936ea5488,1,1.0,0,1.0,1.0,0.9483089325456455,75,0,0,-1,,,
f1042fb26da2534a,1,1.0,0,1.0,1.0,0.9717811592197507,72,0,0,-1,,,
62a97d527fd45916,1,1.0,0,1.0,1.0,0.948908500106207,70,0,0,-1,,,
b1f641fdea505c99,1,1.0,0,1.0,1.0,0.9497230007870794,70,0,0,-1,,,
9d69a0f2f73f5035,1,1.0,0,1.0,1.0,0.9318147726028667,67,0,0,-1,,,
f304e815462d5f1f,1,1.0,0,1.0,1.0,0.9219874797074862,62,0,0,-1,,,
5b24b678ff67555d,1,1.0,0,1.0,1.0,0.9345726617322242,57,0,0,-1,,,
54b1735112ed5840,1,1.0,0,1.0,1.0,0.9198818399200407,60,0,0,-1,,,
f769ef75631451c8,1,1.0,0,1.0,1.0,0.9551118703511169,101,0,0,-1,,,
70af821c5fe95428,1,1.0,0,1.0,1.0,0.9250082415391209,96,0,0,-1,,,
2df5fba355f65937,1,1.0,0,1.0,1.0,0.8816677508482407,98,0,0,-1,,,
e745423278015ece,1,1.0,0,1.0,1.0,0.7479955283855482,94,0,0,-1,,,
1eb474de58ca5d6f,1,1.0,0,1.0,1.0,0.910017383541604,93,0,0,-1,,,
f0c41eb61ba65434,1,1.0,0,1.0,1.0,0.9268134929049658,95,0,0,-1,,,
4acc5a24f48858ae,1,1.0,0,1.0,1.0,0.9347340759632861,91,0,0,-1,,,
de235386b6c65ebd,1,1.0,0,1.0,1.0,1.0,91,0,0,-1,,,
1bd8492a6487562f,1,1.0,0,1.0,1.0,1.0,144,0,0,-1,,,
291e2af79c2258d5,1,1.0,0,1.0,1.0,0.9745495273424855,141,0,0,-1,,,
3e77b33549485e34,1,1.0,0,1.0,1.0,0.9513991460578515,134,0,0,-1,,,
8a5809217c605979,1,1.0,0,1.0,1.0,0.9573649027635245,128,0,0,-1,,,
bb73caa6692856bf,1,1.0,0,1.0,1.0,0.9440003486212946,123,0,0,-1,,,
f34af4dbbbd35a23,1,1.0,0,1.0,1.0,0.9081890137375943,123,0,0,-1,,,
a4778444628f5c49,1,1.0,0,1.0,1.0,1.0,113,0,0,-1,,,
ef90f66b5d465ebf,1,1.0,0,1.0,1.0,1.0,114,0,0,-1,,,
8b788f2715985cee,1,1.0,0,1.0,1.0,1.0,80,0,0,-1,,,
2335928f0e065bca,1,1.0,0,1.0,1.0,1.0,85,0,0,-1,,,
0a6906b694b65108,1,1.0,0,1.0,1.0,1.0,85,0,0,-1,,,
e133b313fabc56b4,1,1.0,0,1.0,1.0,0.9061932035876129,71,0,0,-1,,,
96d8920289b55395,1,1.0,0,1.0,1.0,0.9232645207695475,76,0,0,-1,,,
76d3db995c9e5946,1,1.0,0,1.0,1.0,0.9205988691171539,80,0,0,-1,,,
3e730f46f6f055a3,1,1.0,0,1.0,1.0,0.912684928291179,85,0,0,-1,,,
ab74b3b32d8c5006,1,1.0,0,1.0,1.0,0.9583647063369302,108,0,0,-1,,,
f24ade1ee3ac51ce,1,1.0,0,1.0,1.0,1.0,157,0,0,-1,,,
c6c94bd6691c5008,1,1.0,0,1.0,1.0,1.0,160,0,0,-1,,,
d1065c7c84e054ae,1,1.0,0,1.0,1.0,0.9890889801086916,101,0,0,-1,,,
58d75e229a0e52bc,1,1.0,0,1.0,1.0,0.9944242454334019,100,0,0,-1,,,
dbfc9f81daf956a9,1,1.0,0,1.0,1.0,0.9966057084745295,96,0,0,-1,,,
7b263d7980f55503,1,1.0,0,1.0,1.0,0.9784001369277928,100,0,0,-1,,,
27d74807a89a5268,1,1.0,0,1.0,1.0,1.0,127,0,0,-1,,,
1a9a1f65b4cc5d1d,1,1.0,0,1.0,1.0,0.9976484972915931,114,0,0,-1,,,
c95348f67fa059ae,1,1.0,0,1.0,1.0,1.0,74,0,0,-1,,,
4355d2853ef15044,1,1.0,0,1.0,1.0,1.0,75,0,0,-1,,,
4339d22a9e205757,1,1.0,0,1.0,1.0,0.8792102635048723,73,0,0,-1,,,
e3e49101a8b45645,1,1.0,0,1.0,1.0,0.8907377435113272,75,0,0,-1,,,
6d93bbdab42255a9,1,1.0,0,1.0,1.0,1.0,78,0,0,-1,,,
e3194cb3328b512f,1,1.0,0,1.0,1.0,1.0,78,0,0,-1,,,
d0dcc4b5cf6a53ab,1,1.0,0,1.0,1.0,1.0,77,0,0,-1,,,
135899b9eb4f543e,1,1.0,0,1.0,1.0,1.0,76,0,0,-1,,,
fde2ed45bca05510,1,1.0,0,1.0,1.0,0.8976830218476497,92,0,0,-1,,,
cbb499611c3f53ca,1,1.0,0,1.0,1.0,1.0,87,0,0,-1,,,
4711d15a356a54e9,1,1.0,0,1.0,1.0,0.9336975073571204,87,0,0,-1,,,
795b989aef8a5b42,1,1.0,0,1.0,1.0,0.9196475683147161,81,0,0,-1,,,
785b0e9d5d505db4,1,1.0,0,1.0,1.0,0.8859725868498662,81,0,0,-1,,,
e4174e91095b530b,1,1.0,0,1.0,1.0,0.8361075134840612,83,0,0,-1,,,
e074c5e6917e5f1d,1,1.0,0,1.0,1.0,0.8234742585455068,80,0,0,-1,,,
574b305b50435885,1,1.0,0,1.0,1.0,0.9555645645380014,99,0,0,-1,,,
d9eeceb896445e10,1,1.0,0,1.0,1.0,0.9337177829782964,92,0,0,-1,,,
77b99279c5265bab,1,1.0,0,1.0,1.0,0.5362803063681876,101,0,0,-1,,,
3038555c47555d08,1,1.0,0,1.0,1.0,0.8943140075160523,98,0,0,-1,,,
75d9973be85e50f0,1,1.0,0,1.0,1.0,0.9084710169489392,101,0,0,-1,,,
21c961133b0c52d5,1,1.0,0,1.0,1.0,0.9238735672652876,101,0,0,-1,,,
376450d3edc951fc,1,1.0,0,1.0,1.0,0.9402195628152068,96,0,0,-1,,,
d9953ee7b30f5ac3,1,1.0,0,1.0,1.0,0.908161536025151,96,0,0,-1,,,
bef3d5467aca5f04,1,1.0,0,1.0,1.0,0.9006637189047041,92,0,0,-1,,,
85936ccd1b405f4c,1,1.0,0,0.0,1.0,0.5833333333333334,86,0,0,-1,,,
b84056c4268153fb,1,1.0,0,1.0,1.0,1.0,89,0,0,-1,,,
e4f34d35c8fd5fd2,1,1.0,0,0.0,1.0,0.38892871599789314,91,0,0,-1,,,
6adef8f2b0795473,1,1.0,0,0.0,1.0,0.5833333333333334,99,0,0,-1,,,
d961e40cb8185341,1,1.0,0,0.0,1.0,0.5833333333333334,93,0,0,-1,,,
54fbc5743190519c,1,1.0,0,1.0,1.0,0.9787757989717957,100,0,0,-1,,,
0eeeee655d415970,1,1.0,0,1.0,1.0,1.0,111,0,0,-1,,,
80a4b14aef3f5a52,1,1.0,0,1.0,1.0,1.0,226,0,0,-1,,,
3716402a783c5689,1,1.0,0,1.0,1.0,1.0,53,0,0,-1,,,
fce43d129a9154a1,1,1.0,0,1.0,1.0,1.0,50,0,0,-1,,,
ee9615c4b10d5ec9,1,1.0,0,1.0,1.0,1.0,64,0,0,-1,,,
ae07a1ea49135359,1,1.0,0,1.0,1.0,1.0,59,0,0,-1,,,
955af39177fe5ba1,1,1.0,0,1.0,1.0,0.5268442367574082,56,0,0,-1,,,
6c64511810415244,1,1.0,0,1.0,1.0,0.7662127033562499,54,0,0,-1,,,
b1b1e99705dc5afc,1,1.0,0,1.0,1.0,0.7381462240736728,52,0,0,-1,,,
2db75185de1d5763,1,1.0,0,1.0,1.0,0.909049650484353,56,0,0,-1,,,
4a557f1bfe3b5645,1,1.0,0,1.0,1.0,0.9942254295992798,100,0,0,-1,,,
93092fbeb57f5e9a,1,1.0,0,1.0,1.0,1.0,87,0,0,-1,,,
e7cfffa4e8dd53a8,1,1.0,0,1.0,1.0,1.0,87,0,0,-1,,,
697882c22eb65ca7,1,1.0,0,1.0,1.0,0.8456997267216155,84,0,0,-1,,,
43162b00fe4550b8,1,1.0,0,1.0,1.0,0.7473909606805651,87,0,0,-1,,,
e76485315c2c5028,1,1.0,0,1.0,1.0,1.0,79,0,0,-1,,,
b92ea560ae10562b,1,1.0,0,1.0,1.0,1.0,73,0,0,-1,,,
2d30620b507f5f7c,1,1.0,0,1.0,1.0,1.0,81,0,0,-1,,,
64bb182ef4035065,1,1.0,0,1.0,1.0,0.9877117628739983,38,0,0,-1,,,
ff7bf9054f4a5a4a,1,1.0,0,1.0,1.0,0.9762372345356448,38,0,0,-1,,,
47e96fba9c115fe7,1,1.0,0,1.0,1.0,0.9938848562765834,38,0,0,-1,,,
9839a7913075581e,1,1.0,0,1.0,1.0,0.9154260535019324,30,0,0,-1,,,
942018830e805349,1,1.0,0,1.0,1.0,0.872045944260354,25,0,0,-1,,,
ace74ef421f8514f,1,1.0,0,1.0,1.0,0.898248612811526,23,0,0,-1,,,
b91aab23acc957c5,1,1.0,0,1.0,1.0,0.8503238311791831,21,0,0,-1,,,
4acd373578e357d1,1,1.0,0,1.0,1.0,0.8504865595932465,20,0,0,-1,,,
70ce3fce14785ae5,1,1.0,0,1.0,1.0,0.9810115869626177,89,0,0,-1,,,
6b4ae810d2195d79,1,1.0,0,1.0,1.0,0.9310444712989828,84,0,0,-1,,,
2919cd502115582a,1,1.0,0,1.0,1.0,1.0,82,0,0,-1,,,
e05b464c21d0597d,1,1.0,0,1.0,1.0,1.0,80,0,0,-1,,,
7fdcd804a7a95b6c,1,1.0,0,1.0,1.0,1.0,84,0,0,-1,,,
fab7537b12d254bd,1,1.0,0,1.0,1.0,1.0,83,0,0,-1,,,
9aad3780bef85c98,1,1.0,0,1.0,1.0,1.0,85,0,0,-1,,,
d4ac0a1865ac5c25,1,1.0,0,1.0,1.0,1.0,86,0,0,-1,,,
4b683f53656f5bdd,1,1.0,0,1.0,1.0,0.9390853951088042,17,0,0,-1,,,
5ebf3103a78b5e39,1,1.0,0,1.0,1.0,0.8798941354657366,16,0,0,-1,,,
e244b2ddf97a57d6,1,1.0,0,1.0,1.0,0.7777655019080812,16,0,0,-1,,,
05f1a5cbc0905d8e,1,1.0,0,1.0,1.0,0.6877322620595648,13,0,0,-1,,,
f6c6b09c85e357ee,1,1.0,0,1.0,1.0,0.7335988329141295,12,0,0,-1,,,
7964bed69f7e597e,1,1.0,0,1.0,1.0,0.7447410381498624,12,0,0,-1,,,
4b4a268bee4c5ab5,1,1.0,0,1.0,1.0,0.7545457498679106,11,0,0,-1,,,
db1231d931455d2c,1,1.0,0,1.0,1.0,0.943304775205593,11,0,0,-1,,,
12f2dccfb88957f9,1,1.0,0,1.0,1.0,1.0,59,0,0,-1,,,
2be2e48e80985bee,1,1.0,0,1.0,1.0,1.0,60,0,0,-1,,,
649b2096884957a9,1,1.0,0,1.0,1.0,1.0,59,0,0,-1,,,
d7a0ac2136015985,1,1.0,0,1.0,0.0,0.0,58,0,0,-1,,,
bf8c5276f9a6539d,1,1.0,0,1.0,1.0,0.9085126160908743,72,0,0,-1,,,
534942a69dea5054,1,1.0,0,1.0,1.0,0.8048065175373248,79,0,0,-1,,,
bf1f3fe1ca935bba,1,1.0,0,1.0,1.0,0.8563257289195971,78,0,0,-1,,,
522b72a25cbb5ef9,1,1.0,0,1.0,1.0,0.913207470300723,75,0,0,-1,,,
b432924be8c151d8,1,1.0,0,1.0,1.0,0.9286653332358196,48,0,0,-1,,,
5d12ad55fdd858e1,1,1.0,0,1.0,0.0,0.0,43,0,0,-1,,,
847ac59d6cce5bc4,1,1.0,0,1.0,1.0,0.9294385882637651,44,0,0,-1,,,
718c914ede2f5229,1,1.0,0,1.0,1.0,0.926274707540354,44,0,0,-1,,,
d4e058ec6a795ef1,1,1.0,0,1.0,1.0,0.9202560979726128,46,0,0,-1,,,
ab8f5b7368a45a6d,1,1.0,0,1.0,1.0,0.699587280552349,43,0,0,-1,,,
7f00cbbc74695c32,1,1.0,0,1.0,1.0,0.9316840811738539,58,0,0,-1,,,
e367d7a3c3b55302,1,1.0,0,1.0,1.0,0.7912102531278751,59,0,0,-1,,,
47ece51118f95d1d,1,1.0,0,1.0,1.0,0.9872821557494342,57,0,0,-1,,,
5ad9f64f2d295e4b,1,1.0,0,1.0,1.0,1.0,56,0,0,-1,,,
7b8d8487706f501e,1,1.0,0,1.0,1.0,1.0,57,0,0,-1,,,
dcd3886f044a5e29,1,1.0,0,1.0,1.0,0.8997850864770517,65,0,0,-1,,,
418f3b3a155f5655,1,1.0,0,1.0,1.0,0.8667639215825423,69,0,0,-1,,,
ed534c3b8d86515e,1,1.0,0,1.0,1.0,0.8661915020808904,70,0,0,-1,,,
ff137d1eea555686,1,1.0,0,1.0,1.0,0.9024414893231084,71,0,0,-1,,,
c169cf799b165800,1,1.0,0,1.0,1.0,0.8058276412870439,52,0,0,-1,,,
16d4141f073d52f1,1,1.0,0,1.0,1.0,0.9453283642608173,11,0,0,-1,,,
9fc5098e21355c6e,1,1.0,0,1.0,1.0,0.9680210132557553,13,0,0,-1,,,
9be9c9c84b625515,1,1.0,0,1.0,1.0,0.8901366852048804,13,0,0,-1,,,
c81fe92ff9c15e8d,1,1.0,0,1.0,1.0,1.0,14,0,0,-1,,,
de0fd47c70d3500a,1,1.0,0,1.0,1.0,0.9343476363202198,12,0,0,-1,,,
b07ccbd562295ef9,1,1.0,0,1.0,1.0,0.9139564904701413,12,0,0,-1,,,
324f93888ec35bb2,1,1.0,0,1.0,1.0,0.9227784799996094,13,0,0,-1,,,
250389f21dee5793,1,1.0,0,1.0,1.0,0.8404859021280874,13,0,0,-1,,,
458aff4d43725bd3,1,1.0,0,1.0,1.0,1.0,64,0,0,-1,,,
e84ff3e29bc05254,1,1.0,0,1.0,1.0,0.908338970096143,74,0,0,-1,,,
5d7fa55b96075e5c,1,1.0,0,1.0,1.0,0.9241083851595701,75,0,0,-1,,,
e0e1551b09f15a74,1,1.0,0,0.0,1.0,0.5280205936242056,76,0,0,-1,,,
131c7298c6745bde,1,1.0,0,0.0,1.0,0.5833333333333334,76,0,0,-1,,,
da365ed766db5a6a,1,1.0,0,0.0,1.0,0.5833333333333334,76,0,0,-1,,,
d10c269610375646,1,1.0,0,0.0,1.0,0.5833333333333334,76,0,0,-1,,,
243480f0f2545b3b,1,1.0,0,1.0,1.0,1.0,76,0,0,-1,,,
bd09fe587b1a59e3,1,1.0,0,1.0,1.0,1.0,95,0,0,-1,,,
b667e90bf3055cea,1,1.0,0,1.0,1.0,1.0,103,0,0,-1,,,
a6d4b1f4870852a4,1,1.0,0,1.0,1.0,1.0,130,0,0,-1,,,
6f11adda2af357ff,1,1.0,0,1.0,1.0,0.9735559522758219,170,0,0,-1,,,
f8fd766eb013577f,1,1.0,0,1.0,1.0,0.9709021307282963,179,0,0,-1,,,
206ccbdfb1e25bf2,1,1.0,0,1.0,1.0,0.9694269836100173,182,0,0,-1,,,
a9343b1abc5957ab,1,1.0,0,1.0,1.0,0.9591229451119302,179,0,0,-1,,,
2ba3f7adca335912,1,1.0,0,1.0,1.0,0.9652576549116673,177,0,0,-1,,,
d232efb9cc535426,1,1.0,0,1.0,1.0,0.8298178032678131,20,0,0,-1,,,
73fe2f6dea43577f,1,1.0,0,1.0,1.0,0.7808734327597429,23,0,0,-1,,,
5d9e2570d7565e91,1,1.0,0,1.0,1.0,0.8033787959393717,25,0,0,-1,,,
5d78f0d383a95860,1,1.0,0,1.0,1.0,0.8437269632947597,24,0,0,-1,,,
eba929a6772254e4,1,1.0,0,1.0,1.0,0.8388115741496284,23,0,0,-1,,,
6d2178f2992f5d22,1,1.0,0,1.0,1.0,0.814683038304981,16,0,0,-1,,,
f2508193ac0c5f27,1,1.0,0,1.0,1.0,0.8168086078217898,16,0,0,-1,,,
3a243db0d1d15fcf,1,1.0,0,1.0,1.0,0.9145614470598731,18,0,0,-1,,,
95448c5ace9e5a22,1,1.0,0,1.0,1.0,1.0,114,0,0,-1,,,
fdfad1317cd75455,1,1.0,0,1.0,1.0,1.0,106,0,0,-1,,,
741ee8b9ea3059a5,1,1.0,0,1.0,1.0,1.0,140,0,0,-1,,,
4064f2ec7a2f56ef,1,1.0,0,1.0,1.0,1.0,144,0,0,-1,,,
e5abdd8b726e5a2f,1,1.0,0,1.0,1.0,1.0,149,0,0,-1,,,
0727a3cccad352d7,1,1.0,0,1.0,1.0,1.0,146,0,0,-1,,,
54c208abe15c56e5,1,1.0,0,1.0,1.0,1.0,149,0,0,-1,,,
2d060a1354d4545e,1,1.0,0,1.0,1.0,1.0,154,0,0,-1,,,
111cb2c23a325817,1,1.0,0,1.0,1.0,0.80444794139403,62,0,0,-1,,,
cdba9f9589685289,1,1.0,0,1.0,1.0,0.7970338481053884,63,0,0,-1,,,
295e5c491ca35642,1,1.0,0,1.0,1.0,1.0,62,0,0,-1,,,
385b1aa4b84c56bf,1,1.0,0,1.0,1.0,1.0,66,0,0,-1,,,
291a9c13b9345fd7,1,1.0,0,1.0,1.0,0.8929908886645129,68,0,0,-1,,,
2258bd346b3f5376,1,1.0,0,1.0,1.0,1.0,33,0,0,-1,,,
41f275bfd30e514a,1,1.0,0,1.0,1.0,0.9767363748055241,35,0,0,-1,,,
e54d150b34215b84,1,1.0,0,1.0,1.0,0.9874850407939847,38,0,0,-1,,,
ccc2b2377fea5191,1,1.0,0,1.0,1.0,1.0,250,0,0,-1,,,
6a3518e83ad751f6,1,1.0,0,1.0,1.0,1.0,242,0,0,-1,,,
68188bae28595f7c,1,1.0,0,1.0,1.0,1.0,228,0,0,-1,,,
ee545028f8a85e6f,1,1.0,0,1.0,1.0,0.8805528750062185,224,0,0,-1,,,
84aa4100e3cc59c4,1,1.0,0,1.0,1.0,0.8672441410682801,224,0,0,-1,,,
f7b170baa6bd5b95,1,1.0,0,1.0,1.0,1.0,226,0,0,-1,,,
cf7045e0db215eea,1,1.0,0,1.0,1.0,1.0,220,0,0,-1,,,
e6db7be94a175aec,1,1.0,0,1.0,1.0,0.9420862780968156,41,0,0,-1,,,
dddf14378c355c3a,1,1.0,0,1.0,1.0,0.9405083095114516,28,0,0,-1,,,
a009893e14c75fd0,1,1.0,0,1.0,1.0,0.9394589440559292,27,0,0,-1,,,
c823f9a693a05d93,1,1.0,0,1.0,1.0,0.9408744981364228,29,0,0,-1,,,
b841de24ffcb5c87,1,1.0,0,1.0,1.0,0.9407254653381445,30,0,0,-1,,,
38afc409029551e0,1,1.0,0,1.0,1.0,0.9587923512897332,30,0,0,-1,,,
dd4e7db697465be3,1,1.0,0,1.0,1.0,0.9339612773972403,28,0,0,-1,,,
1844ec136eb05d57,1,1.0,0,1.0,1.0,0.8662605608764712,29,0,0,-1,,,
5a41a7f756c551ce,1,1.0,0,1.0,1.0,0.9335272558946476,27,0,0,-1,,,
3c58a86242fe5671,1,1.0,0,1.0,1.0,1.0,234,0,0,-1,,,
b133316a0e795993,1,1.0,0,1.0,1.0,0.9131790369738203,155,0,0,-1,,,
3f38262eb4d55376,1,1.0,0,1.0,1.0,0.9260336147219874,160,0,0,-1,,,
535e19c081ec5c28,1,1.0,0,1.0,1.0,0.9492296080658801,164,0,0,-1,,,
fd9b227cec3d5c3f,1,1.0,0,1.0,1.0,0.9632899844213879,161,0,0,-1,,,
6f7a20c618a9573e,1,1.0,0,1.0,1.0,0.9682456022291411,161,0,0,-1,,,
07fb7a73409e53cf,1,1.0,0,1.0,1.0,1.0,159,0,0,-1,,,
29b49b3e2c0f5ec2,1,1.0,0,1.0,1.0,0.9834415824557757,151,0,0,-1,,,
b0aa550f818f52a0,1,1.0,0,1.0,1.0,0.9404069115775185,27,0,0,-1,,,
184ad79fb6555bf0,1,1.0,0,1.0,1.0,0.9579542244701839,27,0,0,-1,,,
008b419a63b75917,1,1.0,0,1.0,1.0,0.9260870330435851,25,0,0,-1,,,
8b7722d516e553ba,1,1.0,0,1.0,1.0,0.8170118028206791,24,0,0,-1,,,
0b232677746253a0,1,1.0,0,1.0,1.0,1.0,28,0,0,-1,,,
5cf43f51d45c552f,1,1.0,0,1.0,1.0,0.874131494387591,28,0,0,-1,,,
a6706582212458bb,1,1.0,0,1.0,1.0,0.7359456266642815,20,0,0,-1,,,
85649e978e60550d,1,1.0,0,1.0,1.0,0.8347334383275177,21,0,0,-1,,,
07e885122c9b5bd1,1,1.0,0,1.0,1.0,0.7787094853668761,22,0,0,-1,,,
c0e14f1288ca5066,1,1.0,0,0.0,1.0,0.5430881816208225,21,0,0,-1,,,
96cb1a2412095a90,1,1.0,0,1.0,0.0,0.0,25,0,0,-1,,,
5ed4446679c35566,1,1.0,0,1.0,1.0,0.9772916024984292,25,0,0,-1,,,
f1494fd9840c5014,1,1.0,0,1.0,1.0,0.9920625092983126,25,0,0,-1,,,
c2b5ebf8ace851ea,1,1.0,0,1.0,1.0,0.982088254270164,23,0,0,-1,,,
ab01e3ce19875471,1,1.0,0,1.0,1.0,0.9972426151031349,22,0,0,-1,,,
c574d461642f5deb,1,1.0,0,1.0,1.0,0.9776378926625164,20,0,0,-1,,,
11b9e3f204815f4a,1,1.0,0,0.0,1.0,0.5450928586464331,181,0,0,-1,,,
be9423a8f0e75d33,1,1.0,0,1.0,1.0,0.9984288306032748,186,0,0,-1,,,
63266bfd8e1f5f15,1,1.0,0,1.0,1.0,1.0,196,0,0,-1,,,
6507522e38405857,1,1.0,0,1.0,1.0,1.0,198,0,0,-1,,,
317f5b44a4615e30,1,1.0,0,1.0,1.0,0.9763594015836601,187,0,0,-1,,,
16a40c5db95c5467,1,1.0,0,1.0,1.0,0.9814390021134777,175,0,0,-1,,,
8e9f743d92c05d10,1,1.0,0,1.0,1.0,1.0,261,0,0,-1,,,
108fd8b55b1952af,1,1.0,0,1.0,1.0,1.0,254,0,0,-1,,,
12177b43d67d51a7,1,1.0,0,1.0,1.0,1.0,49,0,0,-1,,,
de9dd93857cf5ab5,1,1.0,0,1.0,1.0,0.9204014597084763,48,0,0,-1,,,
6856c3ad77315d3c,1,1.0,0,1.0,1.0,0.8922245776611105,41,0,0,-1,,,
238f1cddb9415996,1,1.0,0,1.0,1.0,0.9067129963437068,40,0,0,-1,,,
998c6c28d1475e78,1,1.0,0,1.0,1.0,0.860000434043576,48,0,0,-1,,,
ada396669cec56ef,1,1.0,0,1.0,1.0,0.8602551650682813,49,0,0,-1,,,
faf7e71648b65503,1,1.0,0,1.0,1.0,0.8649488868155314,50,0,0,-1,,,
83a9fe7e03fd5755,1,1.0,0,1.0,1.0,0.8627511624629306,53,0,0,-1,,,
c4b85436e314515b,1,1.0,0,1.0,1.0,0.8633712491986811,53,0,0,-1,,,
471d0206688f5e3b,1,1.0,0,1.0,1.0,0.8412344775748807,52,0,0,-1,,,
5b3bc72c557a5a17,1,1.0,0,1.0,1.0,0.8969861332924386,52,0,0,-1,,,
c8bf35e6c9065d83,1,1.0,0,1.0,1.0,0.9373627243991628,53,0,0,-1,,,
80752a827b8253fe,1,1.0,0,1.0,1.0,0.923953255675848,55,0,0,-1,,,
60c9aabf696a5756,1,1.0,0,1.0,1.0,1.0,55,0,0,-1,,,
d514826bdd045d68,1,1.0,0,1.0,1.0,1.0,54,0,0,-1,,,
4d6e0b4cf60f5e98,1,1.0,0,1.0,1.0,1.0,55,0,0,-1,,,
3d37ed78124057a1,1,1.0,0,1.0,1.0,0.8880469550565024,26,0,0,-1,,,
cfc12b02334c5a15,1,1.0,0,1.0,1.0,0.8875337391173348,26,0,0,-1,,,
d745bef1cebc52e7,1,1.0,0,1.0,1.0,0.8800407777575997,30,0,0,-1,,,
ae09c3f715ed58c7,1,1.0,0,1.0,1.0,1.0,32,0,0,-1,,,
9f191d1313c95362,1,1.0,0,1.0,1.0,1.0,32,0,0,-1,,,
9104884bcb915c08,1,1.0,0,1.0,1.0,0.931812446129961,31,0,0,-1,,,
0d602f62f3ad5c65,1,1.0,0,1.0,1.0,0.9503972979421343,28,0,0,-1,,,
5c838efd36805c92,1,1.0,0,1.0,1.0,0.9457017791368819,29,0,0,-1,,,
b7568427b45a57c9,1,1.0,0,1.0,1.0,0.9328196719595536,54,0,0,-1,,,
4b7b765455d1517c,1,1.0,0,1.0,1.0,0.9567914562429688,49,0,0,-1,,,
b97a9b788ef8540c,1,1.0,0,1.0,1.0,0.8926400645627238,46,0,0,-1,,,
7f02ca014f7253db,1,1.0,0,1.0,1.0,0.8484160851190922,46,0,0,-1,,,
8220631d2c6a52f4,1,1.0,0,1.0,1.0,1.0,44,0,0,-1,,,
09da6a53016b5333,1,1.0,0,1.0,1.0,1.0,56,0,0,-1,,,
31811172f43c5188,1,1.0,0,1.0,1.0,1.0,56,0,0,-1,,,
0192c3bca9ca5c67,1,1.0,0,1.0,1.0,1.0,57,0,0,-1,,,
acc47057bb3d556d,1,1.0,0,1.0,1.0,0.7680027572795511,63,0,0,-1,,,
301f483843535f89,1,1.0,0,1.0,1.0,1.0,64,0,0,-1,,,
4256146a0b765876,1,1.0,0,1.0,1.0,1.0,67,0,0,-1,,,
36c9f5ba92385cee,1,1.0,0,0.0,1.0,0.49768072357083465,58,0,0,-1,,,
ca58b2e039305479,1,1.0,0,1.0,1.0,0.6869830071134677,52,0,0,-1,,,
67b05cf704325e6b,1,1.0,0,1.0,0.0,0.0,51,0,0,-1,,,
2957826433915ff9,1,1.0,0,1.0,1.0,0.9344427146737138,37,0,0,-1,,,
f4eec162c14e5bfa,1,1.0,0,1.0,1.0,1.0,49,0,0,-1,,,
fe5247f772d15ec0,1,1.0,0,1.0,1.0,0.9074917418807195,53,0,0,-1,,,
540098f126795a8c,1,1.0,0,1.0,1.0,0.9004466496838308,49,0,0,-1,,,
09df1da0af885ddd,1,1.0,0,1.0,1.0,0.926256955649972,49,0,0,-1,,,
2591ee089f6e5dba,1,1.0,0,1.0,1.0,0.8962787680504882,47,0,0,-1,,,
1947a9758e045ce9,1,1.0,0,0.0,1.0,0.5027668566635987,75,0,0,-1,,,
63a10444501d5ead,1,1.0,0,0.0,1.0,0.520749211965921,76,0,0,-1,,,
de1662269d685ce0,1,1.0,0,1.0,0.0,0.0,71,0,0,-1,,,
303d7a8f1262569e,1,1.0,0,1.0,0.0,0.0,72,0,0,-1,,,
6215ad2b225e5b1a,1,1.0,0,1.0,1.0,0.9263577053535702,65,0,0,-1,,,
ec3c0587b1775b7c,1,1.0,0,1.0,1.0,0.9404527022058541,66,0,0,-1,,,
f7341516d74658fc,1,1.0,0,1.0,1.0,0.9293798406625816,68,0,0,-1,,,
193ee69c47495e07,1,1.0,0,1.0,1.0,0.9081682005940458,63,0,0,-1,,,
61c675d850d75cd1,1,1.0,0,1.0,1.0,0.9259320966633829,61,0,0,-1,,,
641e208507255987,1,1.0,0,1.0,1.0,0.9180154354487339,58,0,0,-1,,,
33e4d8b62def5fbc,1,1.0,0,1.0,1.0,0.9174303868414863,56,0,0,-1,,,
e1e8aae3165c5652,1,1.0,0,1.0,1.0,0.9113587655462075,53,0,0,-1,,,
bb6cb09beb1e5e3f,1,1.0,0,1.0,1.0,0.9399627757749828,65,0,0,-1,,,
5ca8a2941e3f56c2,1,1.0,0,1.0,1.0,0.9669615276339133,66,0,0,-1,,,
58b6adc2f0495506,1,1.0,0,1.0,1.0,0.9664036390608338,64,0,0,-1,,,
000d6961709c5904,1,1.0,0,1.0,1.0,0.9671801449985248,64,0,0,-1,,,
4c53f29ce2365ef1,1,1.0,0,1.0,1.0,1.0,64,0,0,-1,,,
dc096269aef55bf0,1,1.0,0,1.0,1.0,0.8919232809997822,51,0,0,-1,,,
7fb1c845280a55aa,1,1.0,0,1.0,1.0,0.9158885178772546,54,0,0,-1,,,
63ab092351905a60,1,1.0,0,1.0,1.0,0.912327133585605,53,0,0,-1,,,
b1906c6b8b8f5f56,1,1.0,0,1.0,1.0,1.0,20,0,0,-1,,,
909655c780e152ac,1,1.0,0,1.0,1.0,1.0,5,0,0,-1,,,
12d426c6727d507a,1,1.0,0,1.0,1.0,0.8233438225548632,50,0,0,-1,,,
5d5d1442b83d5c5c,1,1.0,0,1.0,1.0,0.7914511167886374,51,0,0,-1,,,
6b0a15391789599e,1,1.0,0,1.0,1.0,1.0,53,0,0,-1,,,
ac6472ee06855dd3,1,1.0,0,1.0,1.0,0.9908748909825852,53,0,0,-1,,,
3d8f52b9bae25a90,1,1.0,0,1.0,1.0,0.8005871024399535,46,0,0,-1,,,
dbcee699816e524c,1,1.0,0,1.0,1.0,0.7853244839102573,46,0,0,-1,,,
27967352b2a95cbe,1,1.0,0,1.0,1.0,0.7628949971991011,53,0,0,-1,,,
e99744bcd703522c,1,1.0,0,1.0,1.0,0.7596106016057204,55,0,0,-1,,,
8937c2f7a7ac5507,1,1.0,0,1.0,1.0,0.8826092514816589,57,0,0,-1,,,
24b68863c230509c,1,1.0,0,1.0,1.0,0.8733579161882735,60,0,0,-1,,,
ec64154dcf525edb,1,1.0,0,1.0,1.0,1.0,61,0,0,-1,,,
a305b24487775cfc,1,1.0,0,0.0,1.0,0.5833333333333334,63,0,0,-1,,,
72cccfbb9c6f5e9e,1,1.0,0,1.0,1.0,0.9676503267735533,60,0,0,-1,,,
36f96e28725c5f5e,1,1.0,0,1.0,1.0,0.9350009259529042,62,0,0,-1,,,
4161016e65df5b37,1,1.0,0,1.0,1.0,0.7857023380663452,13,0,0,-1,,,
f36b32268f1c5404,1,1.0,0,1.0,1.0,0.9439476497287823,16,0,0,-1,,,
fa40f1c24ced584f,1,1.0,0,1.0,1.0,0.9340359552408021,17,0,0,-1,,,
adccdafdfc3d5e0c,1,1.0,0,1.0,1.0,0.7961204035204371,19,0,0,-1,,,
c3634ce5c5535b16,1,1.0,0,1.0,1.0,0.8851296183654416,21,0,0,-1,,,
9c03b730a5725c00,1,1.0,0,1.0,1.0,0.7655749666776354,35,0,0,-1,,,
50cc657e2283511b,1,1.0,0,1.0,1.0,0.7186972122910854,38,0,0,-1,,,
d1e0ebfac8cb510e,1,1.0,0,1.0,1.0,0.7298880073725734,36,0,0,-1,,,
9d423dea34235b41,1,1.0,0,1.0,1.0,0.7099444416084669,77,0,0,-1,,,
7d99843a72555dd3,1,1.0,0,1.0,1.0,0.7588507690616604,77,0,0,-1,,,
16e5aafc056f5e1e,1,1.0,0,1.0,1.0,0.7045431257170468,78,0,0,-1,,,
4e734888d8465563,1,1.0,0,1.0,1.0,0.7013427298414663,81,0,0,-1,,,
4cf809416df6527e,1,1.0,0,1.0,1.0,1.0,79,0,0,-1,,,
222a07b15e165f6f,1,1.0,0,1.0,1.0,1.0,77,0,0,-1,,,
9d7b9273d56f5d02,1,1.0,0,1.0,1.0,1.0,76,0,0,-1,,,
f001f00535065622,1,1.0,0,1.0,1.0,0.9403194840377123,76,0,0,-1,,,
9c5d0ef404c65196,1,1.0,0,1.0,1.0,0.7230600362310202,57,0,0,-1,,,
6c84b52f0d155cac,1,1.0,0,1.0,1.0,0.7232486504072208,57,0,0,-1,,,
b63793ec1e0350e6,1,1.0,0,1.0,1.0,0.7212623876874499,58,0,0,-1,,,
918a76140b9a5f92,1,1.0,0,1.0,1.0,0.7349165422644727,59,0,0,-1,,,
55a241ed2c5a553b,1,1.0,0,1.0,1.0,0.7232673777790731,57,0,0,-1,,,
35e457e286ab5db5,1,1.0,0,1.0,1.0,0.7257012051944507,52,0,0,-1,,,
6f7c844cb6c0587a,1,1.0,0,1.0,1.0,0.7302569123140513,52,0,0,-1,,,
cdd097ea065a5ff7,1,1.0,0,1.0,1.0,0.9128517033838186,52,0,0,-1,,,
63b69a3c54e95277,1,1.0,0,1.0,1.0,0.8441539736380982,79,0,0,-1,,,
ab9a263dea175465,1,1.0,0,1.0,1.0,0.9122381818844133,79,0,0,-1,,,
db29291cd4ee5499,1,1.0,0,1.0,1.0,1.0,79,0,0,-1,,,
59c6eefd08af59b9,1,1.0,0,1.0,1.0,0.930765595275031,75,0,0,-1,,,
84e16f3286255759,1,1.0,0,1.0,1.0,0.8835150116122031,74,0,0,-1,,,
f0e0408bae9b5037,1,1.0,0,1.0,1.0,1.0,76,0,0,-1,,,
5b3f41f636aa5136,1,1.0,0,1.0,1.0,1.0,84,0,0,-1,,,
ad8f9de7692d5f59,1,1.0,0,1.0,1.0,0.9443371409892136,84,0,0,-1,,,
94e8a92d53635c38,1,1.0,0,1.0,1.0,1.0,67,0,0,-1,,,
fb8df4568d585efa,1,1.0,0,1.0,1.0,1.0,65,0,0,-1,,,
be0ea3126c955eae,1,1.0,0,1.0,1.0,0.9837118560418961,66,0,0,-1,,,
22f1319717ec58f0,1,1.0,0,1.0,1.0,0.9763082317347501,69,0,0,-1,,,
fd513762a5ea5dd4,1,1.0,0,1.0,1.0,1.0,69,0,0,-1,,,
c5099436d08c5e1f,1,1.0,0,1.0,1.0,1.0,68,0,0,-1,,,
c0a12f1497045322,1,1.0,0,1.0,1.0,0.9712688067456093,75,0,0,-1,,,
5f88affe449253a9,1,1.0,0,1.0,1.0,0.9545574225667894,69,0,0,-1,,,
d55aac327e4451ba,1,1.0,0,1.0,1.0,0.6832746809044594,76,0,0,-1,,,
5a064a908e64596b,1,1.0,0,1.0,1.0,1.0,68,0,0,-1,,,
42b065f7e76d50ed,1,1.0,0,1.0,1.0,1.0,68,0,0,-1,,,
5aa4b6dc8f0759b5,1,1.0,0,1.0,1.0,0.9110947303938955,61,0,0,-1,,,
ef886d0dee3e534c,1,1.0,0,1.0,1.0,0.8964032318551537,60,0,0,-1,,,
f07e9b76d6e0503d,1,1.0,0,1.0,1.0,0.7679444987534302,62,0,0,-1,,,
d559cac76f5a5a7d,1,1.0,0,1.0,1.0,0.8343361298616166,62,0,0,-1,,,
89ca9afebf9b5229,1,1.0,0,1.0,1.0,0.7987768629819566,59,0,0,-1,,,
c9ab8a82cfa054ff,1,1.0,0,1.0,1.0,0.9002653068127433,84,0,0,-1,,,
cc9afc95afab5758,1,1.0,0,1.0,1.0,0.856034449104398,84,0,0,-1,,,
25cb9b6179435488,1,1.0,0,1.0,1.0,0.849329788368058,85,0,0,-1,,,
31a522ae1ee151bf,1,1.0,0,1.0,1.0,0.8785943425087758,80,0,0,-1,,,
6f045b164624549f,1,1.0,0,1.0,1.0,1.0,79,0,0,-1,,,
6ea317e632e850f5,1,1.0,0,1.0,1.0,1.0,68,0,0,-1,,,
3d86e3fc3499578f,1,0.0,1,0.0,1.0,0.0,74,1,0,2,PEDESTRIAN,2,5.2
5825e60bec9f59fb,1,1.0,0,1.0,1.0,1.0,71,0,0,-1,,,
3f31d5d096f957c9,1,1.0,0,1.0,1.0,0.6782924396578829,18,0,0,-1,,,
01876d7aa6f55554,1,1.0,0,1.0,1.0,0.6490593262668248,16,0,0,-1,,,
5c4d8dfcb0aa5541,1,1.0,0,1.0,1.0,0.6724632457761969,17,0,0,-1,,,
5041cdf76ecb5ee7,1,1.0,0,1.0,1.0,0.6346307728273913,14,0,0,-1,,,
26de9e2da40c5b0c,1,1.0,0,1.0,0.0,0.0,14,0,0,-1,,,
3ebe88aecd0c5d20,1,1.0,0,1.0,1.0,0.8490156236676728,13,0,0,-1,,,
cbf41000a2105ca1,1,1.0,0,1.0,1.0,0.9023608374616057,13,0,0,-1,,,
be43454e5a4f5a2a,1,1.0,0,1.0,1.0,0.947245291594152,15,0,0,-1,,,
fefad5f7d3405512,1,1.0,0,1.0,1.0,1.0,59,0,0,-1,,,
bc551b5cc30b5ef5,1,1.0,0,1.0,1.0,1.0,70,0,0,-1,,,
3123935b28265c80,1,1.0,0,1.0,1.0,1.0,68,0,0,-1,,,
9abf3af825a35a9e,1,1.0,0,1.0,1.0,1.0,68,0,0,-1,,,
59b4bb47cf6656cf,1,1.0,0,1.0,1.0,0.7082660611434667,59,0,0,-1,,,
a4cd60ef102957cb,1,1.0,0,1.0,1.0,0.6873719655184273,59,0,0,-1,,,
5379d354b9b95048,1,0.0,1,0.0,1.0,0.0,56,1,0,10,VEHICLE,10,14.8
47cdeda07aeb5b19,1,0.0,1,0.0,1.0,0.0,57,1,0,10,VEHICLE,10,13.3
ae97dc76df0952f2,1,1.0,0,1.0,1.0,0.9389949867300892,69,0,0,-1,,,
582a4716d1bd55bc,1,1.0,0,1.0,1.0,0.9502607349409575,69,0,0,-1,,,
520f3dc854275784,1,1.0,0,1.0,1.0,0.9392107271561522,68,0,0,-1,,,
e5d91842b228552a,1,1.0,0,1.0,1.0,0.9318540857515906,66,0,0,-1,,,
43e7125800a6532c,1,1.0,0,1.0,1.0,0.9256684313714704,65,0,0,-1,,,
d7f2f0a77e3e5b4d,1,1.0,0,1.0,1.0,0.9196113464223892,62,0,0,-1,,,
a52bce0753d8563e,1,1.0,0,1.0,1.0,0.9157998965824743,60,0,0,-1,,,
e18ac69f49cf582f,1,1.0,0,1.0,1.0,0.9127911549684523,55,0,0,-1,,,
c86c1d9c6e9c58aa,1,1.0,0,1.0,1.0,0.8705576816519329,16,0,0,-1,,,
f49e8b1837cd5b23,1,1.0,0,1.0,1.0,0.8765670688323559,15,0,0,-1,,,
67debdeae60b5fa4,1,1.0,0,1.0,1.0,0.886718378452446,7,0,0,-1,,,
a460a03aab635f35,1,1.0,0,1.0,1.0,0.8910654790313018,9,0,0,-1,,,
ab51ce190cca5673,1,1.0,0,0.0,1.0,0.4400064960280205,12,0,0,-1,,,
75c7777c6f415535,1,1.0,0,0.0,1.0,0.5833333333333334,11,0,0,-1,,,
e6dc564e1a3a588e,1,1.0,0,1.0,1.0,0.8855884509763919,17,0,0,-1,,,
934c8ac938ad5dca,1,1.0,0,1.0,1.0,0.9098015281768719,4,0,0,-1,,,
f039cb3455f356ac,1,1.0,0,1.0,1.0,0.8932119951334144,129,0,0,-1,,,
15715849d362599e,1,1.0,0,1.0,1.0,0.8531653620348227,129,0,0,-1,,,
e83a3108893753f0,1,1.0,0,1.0,1.0,0.8414158293526226,124,0,0,-1,,,
20ae5de0a8725d9d,1,1.0,0,1.0,1.0,0.8751114064904222,120,0,0,-1,,,
0f24ec666e145cab,1,1.0,0,1.0,1.0,1.0,120,0,0,-1,,,
fc0a5277292352d9,1,1.0,0,1.0,1.0,1.0,99,0,0,-1,,,
517530489c455086,1,1.0,0,1.0,1.0,0.9780469693253476,88,0,0,-1,,,
4900cab7493059e2,1,1.0,0,1.0,1.0,0.9956074257015349,84,0,0,-1,,,
f5eb7105d1d358c5,1,1.0,0,1.0,1.0,0.9011522423122038,56,0,0,-1,,,
23803695a4c1547c,1,1.0,0,1.0,1.0,1.0,77,0,0,-1,,,
223d02be29c65e81,1,1.0,0,1.0,0.0,0.0,153,0,0,-1,,,
c6fc9d4d4dec5609,1,1.0,0,1.0,0.0,0.0,153,0,0,-1,,,
024fd1e792395805,1,1.0,0,1.0,0.0,0.0,155,0,0,-1,,,
e27870f87c3656b1,1,1.0,0,1.0,0.0,0.0,159,0,0,-1,,,
65d2b64fb7375094,1,1.0,0,1.0,1.0,0.8716781304974847,149,0,0,-1,,,
d6396ef1c0c55d33,1,1.0,0,1.0,1.0,0.7309022344979473,156,0,0,-1,,,
024d89a3e1e752dc,1,1.0,0,1.0,1.0,0.6984757628355999,157,0,0,-1,,,
ea60e66a13335f6e,1,1.0,0,1.0,1.0,0.8280867061168093,153,0,0,-1,,,
668835640c6057e0,1,1.0,0,1.0,1.0,0.827677430247626,151,0,0,-1,,,
85028441255156b3,1,1.0,0,1.0,1.0,0.9101235755623086,105,0,0,-1,,,
30187e714d065b0b,1,1.0,0,0.0,1.0,0.4580075121644591,102,0,0,-1,,,
54b1308d42085066,1,1.0,0,0.0,1.0,0.46851675348324545,101,0,0,-1,,,
af7ef7050e425cb9,1,1.0,0,0.0,1.0,0.43217672430272397,101,0,0,-1,,,
f38ecbfea0075cca,1,1.0,0,0.0,1.0,0.35419842215353525,107,0,0,-1,,,
87d3c1135ac85583,1,1.0,0,1.0,1.0,0.8392844308782728,104,0,0,-1,,,
ff0ad146b37756e3,1,1.0,0,1.0,1.0,0.8457859887877778,105,0,0,-1,,,
8b2a7b6817795ae7,1,1.0,0,1.0,1.0,0.8102462332734067,107,0,0,-1,,,
c16d0c6076ab5a85,1,1.0,0,1.0,1.0,1.0,103,0,0,-1,,,
bff155acea525206,1,1.0,0,1.0,1.0,1.0,99,0,0,-1,,,
6f4f660648e15c84,1,1.0,0,1.0,1.0,1.0,98,0,0,-1,,,
a19a97133a285e39,1,1.0,0,1.0,1.0,1.0,96,0,0,-1,,,
e3d3be1bc77e517e,1,1.0,0,1.0,1.0,1.0,99,0,0,-1,,,
1d359a03436458f0,1,1.0,0,1.0,1.0,0.9033645671572526,15,0,0,-1,,,
cd0b91f235e25b76,1,1.0,0,1.0,0.0,0.0,95,0,0,-1,,,
c20a7d6f7c9e5379,1,1.0,0,1.0,0.0,0.0,94,0,0,-1,,,
1da6196444e35b0f,1,1.0,0,1.0,1.0,0.8668091977308342,95,0,0,-1,,,
ce3d0bc0b2d55876,1,1.0,0,1.0,1.0,0.8575833944397983,94,0,0,-1,,,
6239cdb801bc51c2,1,1.0,0,1.0,1.0,0.8263415774596563,92,0,0,-1,,,
9cdaa8f652bf5a27,1,1.0,0,1.0,1.0,0.8694502246543298,91,0,0,-1,,,
0d9243e74a1a501a,1,1.0,0,1.0,1.0,0.6457231985808193,71,0,0,-1,,,
782f0fff66145718,1,1.0,0,0.0,1.0,0.5272385822734748,131,0,0,-1,,,
2ba94c9278825a74,1,1.0,0,1.0,1.0,0.6856763417526704,130,0,0,-1,,,
cbbc4cdfaf2e5106,1,1.0,0,1.0,1.0,0.84198190035791,148,0,0,-1,,,
d5eca47b1fc25d20,1,1.0,0,1.0,1.0,0.7877225913801226,141,0,0,-1,,,
a7ce8d99f16150ac,1,1.0,0,1.0,1.0,0.7698146598989736,140,0,0,-1,,,
346e3a62c61e50df,1,1.0,0,1.0,1.0,0.9006604734751521,134,0,0,-1,,,
0b714952ea0b5017,1,1.0,0,1.0,1.0,0.8706129575547057,115,0,0,-1,,,
6012a63b7a3b52c7,1,1.0,0,1.0,1.0,0.8371440775337174,99,0,0,-1,,,
295b050f45615ad6,1,1.0,0,1.0,1.0,0.7810229163255284,42,0,0,-1,,,
bdf4ea0b653c5677,1,1.0,0,1.0,1.0,0.8779216091342903,42,0,0,-1,,,
58ad6156b5895541,1,1.0,0,1.0,1.0,0.8065401935927105,36,0,0,-1,,,
fd4b31afd0915f92,1,1.0,0,1.0,1.0,0.778550607378886,37,0,0,-1,,,
b874be1fb9885c0e,1,1.0,0,1.0,1.0,0.7984307549621091,35,0,0,-1,,,
bfb583c3969950ba,1,1.0,0,1.0,1.0,0.7594835305745183,37,0,0,-1,,,
fcbc81e3caa75186,1,1.0,0,1.0,1.0,0.7486222716152277,39,0,0,-1,,,
a0801105ad8b5ad3,1,1.0,0,1.0,1.0,0.7123653545700076,41,0,0,-1,,,
a97ceb2edd0251f9,1,1.0,0,1.0,1.0,0.9616683450824496,133,0,0,-1,,,
d8f68111f5145cc9,1,1.0,0,1.0,1.0,0.9020255773052858,137,0,0,-1,,,
6d66b095f93750f7,1,1.0,0,1.0,1.0,0.9240035259957443,131,0,0,-1,,,
e3ee34ba4c0c59fd,1,1.0,0,1.0,1.0,1.0,122,0,0,-1,,,
e699fb1c75b95e57,1,1.0,0,1.0,1.0,0.8940228808792461,71,0,0,-1,,,
f8b1bb7447c257dc,1,1.0,0,1.0,1.0,0.8833238163133722,72,0,0,-1,,,
9dcc18a23f4d57d8,1,1.0,0,1.0,1.0,0.880943956573392,70,0,0,-1,,,
b8314864431a5665,1,1.0,0,1.0,1.0,0.8778212297610938,68,0,0,-1,,,
d532c0b3a43a52dc,1,1.0,0,1.0,1.0,0.9468472944012856,81,0,0,-1,,,
f561d19a11375418,1,1.0,0,1.0,1.0,0.9724390660844145,78,0,0,-1,,,
40c5ce24f85a5540,1,1.0,0,1.0,1.0,0.9662682476926999,77,0,0,-1,,,
e736f6ed766658fb,1,1.0,0,1.0,1.0,0.958603424705486,77,0,0,-1,,,
cf8f42e252855b82,1,1.0,0,1.0,1.0,0.9204581630076231,74,0,0,-1,,,
a8fd739baf0a5935,1,1.0,0,1.0,1.0,0.9096430490875567,72,0,0,-1,,,
23742ff81ee85c96,1,1.0,0,1.0,1.0,0.8961925208355396,72,0,0,-1,,,
2bd04a0902095129,1,1.0,0,1.0,1.0,0.9766721436325362,136,0,0,-1,,,
4af64a41372d564f,1,1.0,0,1.0,1.0,0.7693320361589753,39,0,0,-1,,,
2125a58a235f5e11,1,1.0,0,1.0,1.0,0.8952853316864665,37,0,0,-1,,,
3d580ffc3de95e49,1,1.0,0,1.0,1.0,0.9002089812458635,36,0,0,-1,,,
4291f388556f5837,1,1.0,0,1.0,1.0,0.7373068206040557,35,0,0,-1,,,
83472e2adb545cd5,1,1.0,0,1.0,1.0,0.967919183934236,111,0,0,-1,,,
a4bc6340456351af,1,1.0,0,1.0,1.0,1.0,111,0,0,-1,,,
315673fa4e595935,1,1.0,0,1.0,1.0,1.0,118,0,0,-1,,,
f49f94b388d8561d,1,1.0,0,1.0,1.0,1.0,122,0,0,-1,,,
f40172a8fb1a54ee,1,1.0,0,1.0,1.0,1.0,97,0,0,-1,,,
555226e5142f50ed,1,1.0,0,1.0,1.0,1.0,131,0,0,-1,,,
58788ce811c755b5,1,1.0,0,1.0,1.0,1.0,140,0,0,-1,,,
af052c91de0f5295,1,1.0,0,1.0,1.0,1.0,140,0,0,-1,,,
507a3844cf3051de,1,1.0,0,1.0,1.0,0.8717864872808159,9,0,0,-1,,,
e36edd3aedf05e30,1,1.0,0,1.0,1.0,0.7060613185021699,9,0,0,-1,,,
d83802157d9858d5,1,1.0,0,1.0,1.0,0.7052847416197356,8,0,0,-1,,,
15208e349fb854b4,1,1.0,0,1.0,1.0,0.7378838861491556,8,0,0,-1,,,
6a4e62fc55535e82,1,1.0,0,1.0,1.0,0.9484522593452578,47,0,0,-1,,,
4ac7a80ebf915458,1,1.0,0,1.0,1.0,0.9527409513581828,48,0,0,-1,,,
d6fb4629926d57db,1,1.0,0,1.0,1.0,0.986315618904436,45,0,0,-1,,,
1a585b7022ed54df,1,1.0,0,1.0,1.0,0.9578687157169054,44,0,0,-1,,,
7cbf7bab041151e1,1,1.0,0,1.0,1.0,0.9541248102114149,47,0,0,-1,,,
f91647b196dd5180,1,1.0,0,1.0,1.0,0.9248286568856621,46,0,0,-1,,,
f0135d40a8f05feb,1,1.0,0,1.0,1.0,0.8569220780651801,47,0,0,-1,,,
3402ab10c02a5e25,1,1.0,0,1.0,1.0,0.8558098043181844,48,0,0,-1,,,
67c138fc9ac459b5,1,1.0,0,1.0,1.0,0.9421028697523278,52,0,0,-1,,,
d7ba299450ae53e2,1,1.0,0,1.0,1.0,0.9425005788793418,50,0,0,-1,,,
54a706251c0558d2,1,1.0,0,1.0,1.0,0.9429723525267203,49,0,0,-1,,,
e49e37e5fed25c9a,1,1.0,0,1.0,1.0,0.9425562067298557,46,0,0,-1,,,
e76c53ede9205ba9,1,1.0,0,1.0,1.0,0.8895534331792797,44,0,0,-1,,,
4eab329460d853f6,1,1.0,0,1.0,1.0,0.8855908016261274,40,0,0,-1,,,
c6c1dab6af9858f9,1,1.0,0,1.0,1.0,0.8917420107967579,37,0,0,-1,,,
312c0f2f981d51c3,1,1.0,0,1.0,1.0,0.9108093058038764,35,0,0,-1,,,
b3e8baac7b4d5e4a,1,1.0,0,0.0,1.0,0.36225960099314564,109,0,0,-1,,,
7ed4005bb9385a16,1,1.0,0,1.0,1.0,0.9071441048575881,104,0,0,-1,,,
4c629e2da77a50c7,1,1.0,0,1.0,1.0,0.9247598873286229,108,0,0,-1,,,
51b855943c3a54ee,1,1.0,0,1.0,1.0,0.8769199060616716,107,0,0,-1,,,
1ec7ff5bb8cf5477,1,1.0,0,1.0,1.0,0.7466378575623457,104,0,0,-1,,,
e317ddda18f25545,1,1.0,0,1.0,1.0,0.8514038313980242,105,0,0,-1,,,
2647308c0cbe519c,1,1.0,0,1.0,1.0,0.7631670124664945,107,0,0,-1,,,
ee9ddfe6625b5969,1,1.0,0,1.0,1.0,0.7786642920316865,105,0,0,-1,,,
d2fbab8bed795b5a,1,1.0,0,1.0,1.0,1.0,70,0,0,-1,,,
9af711dfa6eb5952,1,1.0,0,1.0,1.0,0.9347555887898379,69,0,0,-1,,,
112db94505025ec5,1,1.0,0,1.0,1.0,0.7623761617603249,50,0,0,-1,,,
3cfcca572cdc5b75,1,1.0,0,1.0,1.0,0.5410377815226872,49,0,0,-1,,,
89e9fbdf25415d68,1,1.0,0,1.0,1.0,0.541721404777899,49,0,0,-1,,,
973f0873af40574e,1,1.0,0,1.0,0.0,0.0,48,0,0,-1,,,
706cc8e44dbd557d,1,1.0,0,1.0,1.0,0.7457431636654368,46,0,0,-1,,,
f08f205e15975d97,1,1.0,0,1.0,1.0,0.7477640888771044,44,0,0,-1,,,
57a77b8c90465bc4,1,1.0,0,1.0,1.0,0.7704339365502936,9,0,0,-1,,,
86bc41537b2e5bb5,1,1.0,0,1.0,1.0,0.7049121852131187,9,0,0,-1,,,
bed7a2c445315bb7,1,1.0,0,1.0,1.0,0.70360086697952,9,0,0,-1,,,
a489c23d292e56fa,1,1.0,0,1.0,1.0,0.7595645438923745,2,0,0,-1,,,
111174636b57539b,1,1.0,0,1.0,1.0,0.7611132054223124,2,0,0,-1,,,
ffbe4e0250f45a3a,1,1.0,0,1.0,1.0,0.7661483644260277,2,0,0,-1,,,
015593741e7050f7,1,1.0,0,1.0,1.0,0.8819567393106332,18,0,0,-1,,,
5bb280e3aebe5a67,1,1.0,0,1.0,1.0,0.8523170397901003,18,0,0,-1,,,
6578cf959d7f52a7,1,1.0,0,1.0,1.0,0.8404635532762517,58,0,0,-1,,,
14d36ea6b2d858a0,1,1.0,0,1.0,1.0,0.8517496360544251,56,0,0,-1,,,
5be85314d55654f1,1,1.0,0,1.0,1.0,1.0,55,0,0,-1,,,
e8d7197f07635cfb,1,1.0,0,1.0,1.0,1.0,54,0,0,-1,,,
ce6eb4e00dac5ae3,1,1.0,0,1.0,1.0,0.8655565306390399,68,0,0,-1,,,
4fabf8c780005e4f,1,1.0,0,1.0,1.0,0.8411918791766473,68,0,0,-1,,,
3d1c445859d85d51,1,1.0,0,1.0,1.0,0.8767150211111598,71,0,0,-1,,,
0a5780be84565110,1,1.0,0,1.0,1.0,0.9131252111356862,67,0,0,-1,,,
f102658ad87c561f,1,1.0,0,1.0,1.0,0.7268644984438272,74,0,0,-1,,,
9248ce20618c5513,1,1.0,0,1.0,1.0,0.9554004260032984,77,0,0,-1,,,
b61a73309da75ac3,1,1.0,0,1.0,1.0,1.0,76,0,0,-1,,,
472472b9f03a5b8f,1,1.0,0,1.0,1.0,1.0,79,0,0,-1,,,
4b3d6fc60b815701,1,1.0,0,1.0,1.0,0.8828848426023114,130,0,0,-1,,,
a514e82818cb55da,1,1.0,0,1.0,1.0,0.8888830380505678,130,0,0,-1,,,
8e501ed74f025c52,1,1.0,0,1.0,1.0,0.8844169518405239,130,0,0,-1,,,
a7ca0cd746e7551e,1,1.0,0,1.0,1.0,0.8829874113430721,132,0,0,-1,,,
891fe2fc30c95109,1,1.0,0,1.0,0.0,0.0,55,0,0,-1,,,
87b468bcdad158c2,1,1.0,0,1.0,0.0,0.0,54,0,0,-1,,,
77424ed925b45c77,1,1.0,0,1.0,1.0,0.73421942453959,10,0,0,-1,,,
789eca1c50f85cb4,1,1.0,0,1.0,1.0,0.8145603341105344,10,0,0,-1,,,
65fed1ea595559ba,1,1.0,0,1.0,1.0,0.8221035252943261,9,0,0,-1,,,
d5a0b92fbf8b51df,1,1.0,0,1.0,1.0,1.0,10,0,0,-1,,,
11e7fdeb883b5381,1,1.0,0,1.0,1.0,0.8897065155667466,12,0,0,-1,,,
190e931f7a7a52dc,1,1.0,0,1.0,1.0,0.9751207725271526,12,0,0,-1,,,
62b0d1b0d5b35c44,1,1.0,0,1.0,1.0,0.8535317493082886,66,0,0,-1,,,
4f6abcc897955dfd,1,1.0,0,1.0,1.0,1.0,66,0,0,-1,,,
ab1fd108d5885b58,1,1.0,0,1.0,1.0,1.0,67,0,0,-1,,,
e7daf964463c530b,1,1.0,0,1.0,1.0,1.0,59,0,0,-1,,,
1a31ffd5dc39532f,1,1.0,0,1.0,1.0,1.0,57,0,0,-1,,,
b1649a41e6155dd2,1,1.0,0,1.0,1.0,0.7167331644300637,29,0,0,-1,,,
f5f173ece87c5c11,1,1.0,0,1.0,1.0,0.7759740130860925,28,0,0,-1,,,
12b32c24d2cf5309,1,1.0,0,1.0,1.0,1.0,24,0,0,-1,,,
c3d78ec633fa57be,1,1.0,0,1.0,1.0,1.0,50,0,0,-1,,,
4f5e535c78385629,1,1.0,0,1.0,1.0,1.0,52,0,0,-1,,,
89ae8d041c145f8f,1,1.0,0,1.0,1.0,1.0,61,0,0,-1,,,
9940f912e66a5918,1,1.0,0,1.0,1.0,1.0,62,0,0,-1,,,
3a5278b27c87565f,1,1.0,0,1.0,1.0,1.0,59,0,0,-1,,,
2cd54836815b5fb0,1,1.0,0,1.0,1.0,1.0,56,0,0,-1,,,
46cd5885206b5c6d,1,1.0,0,1.0,1.0,1.0,57,0,0,-1,,,
c9520de7084f5868,1,1.0,0,1.0,1.0,0.989122335793898,58,0,0,-1,,,
e6dae41a69575555,1,1.0,0,1.0,1.0,0.8828924613673523,78,0,0,-1,,,
d5039871a3fb5b04,1,1.0,0,1.0,1.0,0.8802477276097234,75,0,0,-1,,,
daea2a5f018858f6,1,1.0,0,1.0,1.0,0.9430061162709972,55,0,0,-1,,,
56e1329f01d95164,1,1.0,0,1.0,1.0,0.9094783039118705,54,0,0,-1,,,
c06d7badaabb5a9f,1,1.0,0,1.0,1.0,0.9222584697323811,56,0,0,-1,,,
abe1ac610c3d5b82,1,1.0,0,1.0,1.0,0.8763394743576985,57,0,0,-1,,,
e8dd949cee3c5f30,1,1.0,0,1.0,1.0,0.8900186393660943,56,0,0,-1,,,
0dd9b379a2e3595f,1,1.0,0,1.0,1.0,0.863339470905844,55,0,0,-1,,,
55d3d0c71390575b,1,1.0,0,1.0,1.0,0.9199645867398635,20,0,0,-1,,,
fc14b78a566f5620,1,1.0,0,1.0,1.0,0.9201316589158716,21,0,0,-1,,,
bb2645c10ec25a6b,1,1.0,0,1.0,1.0,0.9185799012366204,22,0,0,-1,,,
e453e4cb030955c7,1,1.0,0,1.0,1.0,0.9044750332956418,19,0,0,-1,,,
cf7d3181a516574a,1,1.0,0,1.0,1.0,0.9331074965169798,20,0,0,-1,,,
0f83bb5cecbe56df,1,1.0,0,1.0,1.0,0.9213218681140285,18,0,0,-1,,,
298fff3a2ae95293,1,1.0,0,1.0,1.0,0.9159184705053186,17,0,0,-1,,,
e9adc94d4e9c5fbb,1,1.0,0,1.0,1.0,0.9260578094118296,14,0,0,-1,,,
50708f973eec5e38,1,1.0,0,1.0,1.0,0.8315998976055571,79,0,0,-1,,,
631712394f5b5d72,1,1.0,0,1.0,1.0,0.8462457850099306,80,0,0,-1,,,
f9720f622fd4511b,1,1.0,0,1.0,1.0,0.8389015038805866,79,0,0,-1,,,
fe810492129f57a8,1,1.0,0,1.0,1.0,0.7985806233617447,77,0,0,-1,,,
2942d4fb604d5b5f,1,1.0,0,1.0,1.0,0.8216048143457156,68,0,0,-1,,,
3d6cbc2a95885eef,1,1.0,0,1.0,1.0,0.8018200243864456,68,0,0,-1,,,
4e12d62c42575ac3,1,1.0,0,1.0,1.0,0.93035160465211,68,0,0,-1,,,
0c931f9db55e5fcc,1,1.0,0,1.0,1.0,0.9359402657225844,67,0,0,-1,,,
14f29b916f44585a,1,1.0,0,1.0,1.0,0.8628961306472226,10,0,0,-1,,,
0839e30e439d511f,1,1.0,0,1.0,1.0,0.8755490266185721,10,0,0,-1,,,
15ae8f60881b52ae,1,1.0,0,1.0,1.0,0.8742218241940383,10,0,0,-1,,,
434aa60fb0165165,1,1.0,0,1.0,1.0,0.8272973621579691,10,0,0,-1,,,
73e3a1a2ed275417,1,1.0,0,1.0,1.0,0.849577253411652,10,0,0,-1,,,
c841c36b56fb53f2,1,1.0,0,1.0,1.0,0.8421211237198715,12,0,0,-1,,,
8ac66bedd6d057d2,1,1.0,0,1.0,1.0,0.8551512113807327,14,0,0,-1,,,
4c59eeddd50e5866,1,1.0,0,1.0,1.0,0.8479978646602983,15,0,0,-1,,,
798f1981bb285b09,1,1.0,0,1.0,1.0,0.8425745356644052,12,0,0,-1,,,
f40843145ae35cd8,1,1.0,0,1.0,1.0,0.8486938807764605,11,0,0,-1,,,
1537a74401845849,1,1.0,0,1.0,1.0,0.8507953599579912,11,0,0,-1,,,
8bebc6662b36505f,1,1.0,0,1.0,1.0,0.8798503860514143,11,0,0,-1,,,
e22c42694be05703,1,1.0,0,1.0,1.0,0.8766752703096655,10,0,0,-1,,,
20728d3e677b593d,1,1.0,0,1.0,1.0,0.7924772447655495,11,0,0,-1,,,
6919975cab1c5345,1,1.0,0,1.0,1.0,0.6804580481613498,11,0,0,-1,,,
0ae4ce0255695d31,1,1.0,0,1.0,1.0,0.7947070903949829,11,0,0,-1,,,
a4d55f73b8ad51b9,1,1.0,0,1.0,1.0,0.8350164369056019,56,0,0,-1,,,
c0941949acdb5ebc,1,1.0,0,1.0,1.0,1.0,59,0,0,-1,,,
2f191795b29f52b2,1,1.0,0,1.0,1.0,1.0,59,0,0,-1,,,
7be8784c329456b4,1,1.0,0,1.0,1.0,1.0,51,0,0,-1,,,
a1f35d4460345de8,1,1.0,0,1.0,1.0,1.0,57,0,0,-1,,,
f36969fd00f15050,1,1.0,0,1.0,1.0,1.0,59,0,0,-1,,,
0b3774b9729455e1,1,1.0,0,1.0,1.0,1.0,60,0,0,-1,,,
8b0d50e645eb5ac7,1,1.0,0,1.0,1.0,1.0,64,0,0,-1,,,
42a04da3bc0351e1,1,1.0,0,1.0,1.0,0.8627847260028023,67,0,0,-1,,,
9b5772aa3a955db1,1,1.0,0,1.0,1.0,0.8404414667418489,66,0,0,-1,,,
cf533c1e7f6852e5,1,1.0,0,1.0,1.0,0.8554384972212654,65,0,0,-1,,,
0370ac4af44a5bfc,1,1.0,0,1.0,1.0,0.8218653569656656,64,0,0,-1,,,
5138bac9ac59508f,1,1.0,0,1.0,1.0,0.8284863767731725,65,0,0,-1,,,
41c18772e7ac5696,1,1.0,0,1.0,1.0,0.8184216192626851,64,0,0,-1,,,
4c5501833dfd5bb4,1,1.0,0,1.0,1.0,0.8352324687667988,62,0,0,-1,,,
69f27d25f8a45de1,1,1.0,0,1.0,1.0,1.0,61,0,0,-1,,,
099ba96d3bca51c3,1,1.0,0,1.0,1.0,0.8467484162834117,17,0,0,-1,,,
94683fc69ce4599c,1,1.0,0,1.0,1.0,0.8131896075858727,18,0,0,-1,,,
7d59e0ea1e0d524b,1,1.0,0,1.0,1.0,0.8206046310420213,18,0,0,-1,,,
e9a71ddab0055f99,1,1.0,0,1.0,1.0,0.8238312952620518,18,0,0,-1,,,
667ea4f79faf5baa,1,1.0,0,1.0,1.0,0.8031191412453719,18,0,0,-1,,,
abb2ccc5501c58f3,1,1.0,0,1.0,1.0,0.8007244900079528,18,0,0,-1,,,
4e19d097005e55b5,1,1.0,0,1.0,1.0,0.9003383793881413,14,0,0,-1,,,
aafbe79abf625492,1,1.0,0,1.0,1.0,0.9685791952038904,10,0,0,-1,,,
d2777b7b71325a67,1,1.0,0,1.0,1.0,0.7351528550753658,40,0,0,-1,,,
dd79f9aa92105761,1,1.0,0,1.0,1.0,0.748315309846447,39,0,0,-1,,,
643b177aa4235fe7,1,1.0,0,1.0,1.0,0.9896045154773608,41,0,0,-1,,,
1f1c016bd3715dc2,1,1.0,0,1.0,1.0,0.5698637637215273,41,0,0,-1,,,
fe4b2cf4e9ad5b37,1,1.0,0,1.0,1.0,0.9195530192632756,40,0,0,-1,,,
80767d5d26ef52bf,1,1.0,0,1.0,1.0,0.9589886883040588,39,0,0,-1,,,
af0e1a3043ba51c6,1,1.0,0,1.0,1.0,0.9551649902048241,34,0,0,-1,,,
fb188ed7e53552c5,1,1.0,0,1.0,1.0,1.0,33,0,0,-1,,,
a62a20e735805039,1,1.0,0,1.0,1.0,0.9353361738735391,67,0,0,-1,,,
1be3fd906c435f85,1,1.0,0,1.0,1.0,0.7085630077260902,79,0,0,-1,,,
f70c1fa8bbfc5d77,1,1.0,0,1.0,1.0,0.7056319979432907,79,0,0,-1,,,
f1ae86b9b6a75893,1,1.0,0,1.0,1.0,1.0,81,0,0,-1,,,
b86c171d4a9d51e3,1,1.0,0,1.0,1.0,1.0,81,0,0,-1,,,
11d4b52fb458559f,1,1.0,0,1.0,1.0,1.0,82,0,0,-1,,,
8aa8e3e16c035d5e,1,1.0,0,1.0,1.0,1.0,79,0,0,-1,,,
e82fe0d7d02054b8,1,1.0,0,1.0,1.0,0.7524203365613271,78,0,0,-1,,,
4cc916aa782854a6,1,1.0,0,1.0,1.0,0.9654719009194698,12,0,0,-1,,,
b4b31520fc1c5ef7,1,1.0,0,1.0,1.0,0.9943398710439627,13,0,0,-1,,,
34336b5c8ad1562e,1,1.0,0,1.0,1.0,0.9710247782446239,12,0,0,-1,,,
75cfb9c37e425214,1,1.0,0,1.0,1.0,0.9691110732113128,12,0,0,-1,,,
6f07313e88ab56fd,1,1.0,0,1.0,1.0,0.9305392937441445,13,0,0,-1,,,
a67f68a6c9e85668,1,1.0,0,1.0,1.0,0.9408079404305753,13,0,0,-1,,,
d9435ec2640f586f,1,1.0,0,1.0,0.0,0.0,13,0,0,-1,,,
3f80c1a045a056e4,1,1.0,0,1.0,1.0,0.9056047133975761,13,0,0,-1,,,
4be4c3659ea0575c,1,1.0,0,1.0,1.0,1.0,64,0,0,-1,,,
8d21608fa8c354f1,1,1.0,0,1.0,1.0,0.884586298165193,61,0,0,-1,,,
819d4bdcb0855118,1,1.0,0,1.0,1.0,0.98621798282648,60,0,0,-1,,,
919ee41f5fa65358,1,1.0,0,1.0,0.0,0.0,60,0,0,-1,,,
fc7b8441f81b5296,1,1.0,0,1.0,0.0,0.0,57,0,0,-1,,,
4d31d76919495557,1,1.0,0,1.0,0.0,0.0,54,0,0,-1,,,
2b04c510144e5545,1,1.0,0,1.0,0.0,0.0,54,0,0,-1,,,
6bd234c45e885cb2,1,1.0,0,1.0,0.0,0.0,56,0,0,-1,,,
88d3ee1e3b435a28,1,1.0,0,1.0,1.0,0.9135849001164544,17,0,0,-1,,,
3458fad66b245ac3,1,1.0,0,1.0,1.0,0.9117592142881025,14,0,0,-1,,,
0972cf3a4c5d5a39,1,1.0,0,1.0,1.0,0.910869211275637,17,0,0,-1,,,
8be5583b37785664,1,1.0,0,1.0,1.0,0.9067098157250252,17,0,0,-1,,,
12ace39c31df5dd8,1,1.0,0,1.0,1.0,0.9091758897083938,17,0,0,-1,,,
e49e9763e6ea5ffb,1,1.0,0,1.0,1.0,0.9118537178853782,17,0,0,-1,,,
79d3720b23b6533e,1,1.0,0,1.0,1.0,0.9123817420642025,18,0,0,-1,,,
c617243cb58658eb,1,1.0,0,1.0,1.0,0.9155506923446745,18,0,0,-1,,,
faf6d9be89f0538c,1,1.0,0,1.0,1.0,1.0,9,0,0,-1,,,
a8a743157c605bfe,1,1.0,0,1.0,1.0,1.0,8,0,0,-1,,,
a984f0459c1055d5,1,1.0,0,1.0,1.0,0.9834092165747106,7,0,0,-1,,,
6b72426a8dd155bb,1,1.0,0,1.0,1.0,0.9118040585115357,7,0,0,-1,,,
3f4cedf4897a568e,1,1.0,0,1.0,1.0,0.9228535432832178,7,0,0,-1,,,
1f6d3d52a6685c15,1,1.0,0,1.0,1.0,0.8973035767106673,6,0,0,-1,,,
b9f4efacc7695435,1,1.0,0,1.0,1.0,0.9385121580373346,6,0,0,-1,,,
f597ea9aeb7f512d,1,1.0,0,1.0,1.0,0.8810256609042645,6,0,0,-1,,,
49c2b08936335901,1,1.0,0,1.0,1.0,0.8335120641802232,98,0,0,-1,,,
1c078ca2e3625bb0,1,1.0,0,1.0,1.0,0.8700969069112903,99,0,0,-1,,,
90831b78d185503a,1,1.0,0,1.0,1.0,0.8695399276693235,98,0,0,-1,,,
3b8cbe3ce6465e62,1,1.0,0,1.0,1.0,1.0,101,0,0,-1,,,
5474ade2411457f3,1,1.0,0,1.0,1.0,0.9874595309291784,100,0,0,-1,,,
b5d5d15093af5638,1,1.0,0,1.0,1.0,0.9451003450287211,54,0,0,-1,,,
26ca54769df65193,1,1.0,0,1.0,1.0,0.948063243281545,53,0,0,-1,,,
e87ffda7f5655c3c,1,1.0,0,1.0,1.0,0.9445369838512091,48,0,0,-1,,,
9464277f29025ad8,1,1.0,0,1.0,1.0,0.8997469690794965,6,0,0,-1,,,
0ef7ecd9c0035467,1,1.0,0,1.0,1.0,0.9198466135041826,6,0,0,-1,,,
1a6043a86e7056a8,1,1.0,0,1.0,1.0,0.9171660177043504,8,0,0,-1,,,
a27fe5d9685c5795,1,1.0,0,1.0,1.0,0.9144389252639785,11,0,0,-1,,,
97628f2e9ee55826,1,1.0,0,1.0,1.0,0.9109930652343957,12,0,0,-1,,,
ac2e86e04c0a5287,1,1.0,0,1.0,1.0,0.9100235067306915,15,0,0,-1,,,
906587437cf95447,1,1.0,0,1.0,1.0,0.9087724686294587,15,0,0,-1,,,
94cabec7888a5bb3,1,1.0,0,1.0,1.0,0.9055179221208864,15,0,0,-1,,,
fe4bac0ae9bc5639,1,1.0,0,1.0,1.0,0.7674301657046233,10,0,0,-1,,,
5e5a77fb1990565b,1,1.0,0,1.0,1.0,0.7934237053062839,11,0,0,-1,,,
e5f2eb158bc65167,1,1.0,0,1.0,1.0,0.7795161791201041,11,0,0,-1,,,
bf0e7609184e533b,1,1.0,0,1.0,1.0,0.8053356971736901,11,0,0,-1,,,
e5e0c85236f95d91,1,1.0,0,1.0,1.0,0.808579170632187,9,0,0,-1,,,
834a7c22e2c55c71,1,1.0,0,1.0,1.0,0.8124858644977628,9,0,0,-1,,,
1f9d4228103950f8,1,1.0,0,1.0,1.0,0.8241800733894995,10,0,0,-1,,,
3a3297d21e905b02,1,1.0,0,1.0,1.0,0.8451709930602292,10,0,0,-1,,,
69ce68dff3ff566d,1,1.0,0,1.0,1.0,0.8337293379997517,9,0,0,-1,,,
7f5f77992cd859ef,1,1.0,0,1.0,1.0,0.8160417812821804,10,0,0,-1,,,
c46b2546f3565375,1,1.0,0,1.0,1.0,0.8069647606627814,10,0,0,-1,,,
9a0b762c08af59f8,1,1.0,0,1.0,1.0,0.8170888257638796,12,0,0,-1,,,
1bfbaec4ef9b556c,1,1.0,0,1.0,1.0,0.8280649645585006,14,0,0,-1,,,
ddaf241c401e560a,1,1.0,0,1.0,1.0,0.8041420972695933,15,0,0,-1,,,
50702dbe2f785ae5,1,1.0,0,1.0,1.0,0.8697303106023715,14,0,0,-1,,,
ee741b93dca35dd4,1,1.0,0,1.0,1.0,0.8574241908581142,14,0,0,-1,,,
dc482250cdb35c9e,1,1.0,0,1.0,1.0,0.927168287016764,10,0,0,-1,,,
2dfc1e8df2ef5da1,1,1.0,0,1.0,1.0,0.9225803623784378,9,0,0,-1,,,
bd0dd422fbc152e5,1,1.0,0,1.0,1.0,0.902952542032509,10,0,0,-1,,,
0c81f22d5e0658de,1,1.0,0,1.0,1.0,0.9002312309101685,9,0,0,-1,,,
05c3b54be1cc52d0,1,1.0,0,1.0,1.0,0.9000663302464776,9,0,0,-1,,,
5e02e80df7fe5f5b,1,1.0,0,1.0,1.0,0.8701124027876522,4,0,0,-1,,,
dec31dc25db65e6c,1,1.0,0,1.0,1.0,0.8755677314855594,6,0,0,-1,,,
cfaa12a747e45fb4,1,1.0,0,1.0,1.0,0.8805271349327576,6,0,0,-1,,,
8abfcd61303b52df,1,1.0,0,1.0,1.0,0.9014203148205274,1,0,0,-1,,,
7a64a496ba815aa8,1,1.0,0,1.0,1.0,0.8951028840018983,1,0,0,-1,,,
b11eb5c328075b94,1,1.0,0,1.0,1.0,0.8876354354086201,1,0,0,-1,,,
c61d55c28f3b538d,1,1.0,0,1.0,1.0,0.8885982080143048,1,0,0,-1,,,
24c278846879520f,1,1.0,0,1.0,1.0,0.8932557274827179,1,0,0,-1,,,
91d37a0aabe95056,1,1.0,0,1.0,1.0,0.7501974684508929,1,0,0,-1,,,
31ac916bb888562a,1,1.0,0,1.0,1.0,0.7472133316167947,1,0,0,-1,,,
645f5f6b94345fc3,1,1.0,0,1.0,1.0,0.769028699446407,2,0,0,-1,,,
ba86b1fc40075e26,1,1.0,0,1.0,1.0,1.0,6,0,0,-1,,,
ea32cdfc9478501d,1,1.0,0,1.0,1.0,0.8774887750662451,8,0,0,-1,,,
99e4c28a82735b10,1,1.0,0,1.0,1.0,0.816605062103414,11,0,0,-1,,,
6201f6d1b5f65431,1,1.0,0,1.0,1.0,0.8147422809102528,13,0,0,-1,,,
fd9b66480e895706,1,1.0,0,1.0,1.0,0.8873789845125245,13,0,0,-1,,,
60dfaa1afc395c5d,1,1.0,0,1.0,1.0,0.8596687397273796,12,0,0,-1,,,
8aec77f33ddb5ac8,1,1.0,0,1.0,1.0,0.8433783928372623,11,0,0,-1,,,
b958e6967993560f,1,1.0,0,1.0,1.0,0.873852699231203,12,0,0,-1,,,
505f4ccbd00d5e99,1,1.0,0,1.0,1.0,0.9119004337032465,6,0,0,-1,,,
1647fbd477655958,1,1.0,0,1.0,1.0,0.8752357991260745,6,0,0,-1,,,
93494257467c5e97,1,1.0,0,1.0,1.0,0.8632304903783332,5,0,0,-1,,,
58366177d30259f5,1,1.0,0,1.0,1.0,0.884091682106474,4,0,0,-1,,,
cbc996c2f68c541c,1,1.0,0,1.0,1.0,0.8699448602748289,3,0,0,-1,,,
6f61120208385a02,1,1.0,0,1.0,1.0,0.8823984337328709,3,0,0,-1,,,
6832568ebd835696,1,1.0,0,1.0,1.0,0.9047953619523342,2,0,0,-1,,,
f3282fb9352c5c9c,1,1.0,0,1.0,1.0,0.8535942604877725,2,0,0,-1,,,
9b7be67193ae5772,1,1.0,0,1.0,1.0,0.6844516611011914,5,0,0,-1,,,
c4fad4d040a75b90,1,1.0,0,1.0,1.0,0.9067537867206911,5,0,0,-1,,,
03269d4ad9e45809,1,1.0,0,1.0,1.0,0.8852211018402795,5,0,0,-1,,,
96f6cde1205e5865,1,1.0,0,1.0,1.0,0.8511565665740868,6,0,0,-1,,,
bcea19eeb57f5cfa,1,1.0,0,1.0,1.0,0.8664855770941603,6,0,0,-1,,,
c93a302d2fb2508f,1,1.0,0,1.0,1.0,0.8643976890875678,5,0,0,-1,,,
f3509f572c4f5bbb,1,1.0,0,1.0,1.0,0.8848181208450158,5,0,0,-1,,,
6688db9c3a425bb6,1,1.0,0,1.0,1.0,0.8555221896765608,3,0,0,-1,,,
0c91824ce1e65b6e,1,1.0,0,1.0,1.0,0.887488323588419,6,0,0,-1,,,
68b64b027ed2512a,1,1.0,0,1.0,1.0,0.8296571097232363,6,0,0,-1,,,
7b2f3235b4cb5374,1,1.0,0,1.0,1.0,0.8488103362518875,7,0,0,-1,,,
75857e1f177b5af4,1,1.0,0,1.0,1.0,0.8275355283114934,7,0,0,-1,,,
0ad9939a6b875bf8,1,1.0,0,1.0,1.0,0.8124166617385885,7,0,0,-1,,,
b53158c719675897,1,1.0,0,1.0,1.0,0.7961180345694969,7,0,0,-1,,,
06067b68f2655a55,1,1.0,0,1.0,1.0,0.8206012124212491,8,0,0,-1,,,
69e8a01f073d5080,1,1.0,0,1.0,1.0,0.8523223362654582,9,0,0,-1,,,
6fcec1c4552351ed,1,1.0,0,1.0,1.0,0.8580054461915653,14,0,0,-1,,,
982671de6e755ca0,1,1.0,0,1.0,1.0,0.8772898829952216,15,0,0,-1,,,
990d981b1366595b,1,1.0,0,1.0,1.0,0.8708947384999609,15,0,0,-1,,,
f51a75fadd695f06,1,1.0,0,1.0,1.0,0.8654265151981974,16,0,0,-1,,,
60f8e416f5f457b3,1,1.0,0,1.0,1.0,0.873965144429631,16,0,0,-1,,,
40ee16c17fc05cfb,1,1.0,0,1.0,1.0,0.9047974974238112,15,0,0,-1,,,
cd284af1ade75426,1,1.0,0,1.0,1.0,0.8898044626134357,14,0,0,-1,,,
0fa603b5789956f1,1,1.0,0,1.0,1.0,0.9432098811046924,8,0,0,-1,,,
25d56d0a299a50fb,1,1.0,0,1.0,1.0,0.788257130905674,2,0,0,-1,,,
9ba21cb552c35238,1,1.0,0,1.0,1.0,0.835955042804786,2,0,0,-1,,,
3328705b7cf0517a,1,1.0,0,1.0,1.0,0.8356361501244897,2,0,0,-1,,,
662cb541b8db54a1,1,1.0,0,1.0,1.0,0.837231394187321,3,0,0,-1,,,
c9ecfe02b17a5c40,1,1.0,0,1.0,1.0,0.8439981149099545,3,0,0,-1,,,
72779ff1ead25f44,1,1.0,0,1.0,1.0,0.8973105275117231,3,0,0,-1,,,
ff4125f507e35f9b,1,1.0,0,1.0,1.0,0.8946748939393072,3,0,0,-1,,,
881f60d0faa35c17,1,1.0,0,1.0,1.0,0.8816120056317733,3,0,0,-1,,,
1c064ec24fa15900,1,1.0,0,1.0,1.0,0.8672002738476863,11,0,0,-1,,,
7140077d03e25c2c,1,1.0,0,1.0,1.0,0.8638459098523565,12,0,0,-1,,,
4885d99d4c3959b8,1,1.0,0,1.0,1.0,0.882058449372495,14,0,0,-1,,,
2da6f8c86c135473,1,1.0,0,1.0,1.0,0.8861882522247693,14,0,0,-1,,,
2ef80fbe7233514a,1,1.0,0,1.0,1.0,0.9213274417761576,14,0,0,-1,,,
3afb7780247f51bb,1,1.0,0,1.0,1.0,0.8978037336206329,15,0,0,-1,,,
34b8a3355a255f29,1,1.0,0,1.0,1.0,0.954625497463102,14,0,0,-1,,,
01e4bff700f15523,1,1.0,0,1.0,1.0,0.9387475025827868,11,0,0,-1,,,
5ab5923ac60c5e8a,1,1.0,0,1.0,1.0,0.9173382067263183,8,0,0,-1,,,
ef1c8f5af4525791,1,1.0,0,1.0,1.0,0.8704116164791541,8,0,0,-1,,,
f91b769af7815ea5,1,1.0,0,1.0,1.0,0.9094905653526935,8,0,0,-1,,,
d3d7a91aff375fc5,1,1.0,0,1.0,1.0,0.8727403452952845,9,0,0,-1,,,
4413dc9f17ab56b0,1,1.0,0,1.0,1.0,0.9056132318724287,14,0,0,-1,,,
f71f0d4ca6db5d40,1,1.0,0,1.0,1.0,0.9079334275871228,14,0,0,-1,,,
5802564fbfb558f8,1,1.0,0,1.0,1.0,0.9033292228464713,15,0,0,-1,,,
bb783ab5850c5ee2,1,1.0,0,1.0,1.0,0.909130237791032,16,0,0,-1,,,
aeeba19e19c35ccb,1,1.0,0,1.0,1.0,0.9061814379942628,3,0,0,-1,,,
49074bfb7c9e5c26,1,1.0,0,1.0,1.0,0.8971186468371309,5,0,0,-1,,,
346f28fb35365c73,1,1.0,0,1.0,1.0,0.9246270501150189,5,0,0,-1,,,
9284ea4dbd0c52ff,1,1.0,0,1.0,1.0,0.9008263264917291,5,0,0,-1,,,
e536fdecd7ba54a5,1,1.0,0,1.0,1.0,0.9189886645285443,5,0,0,-1,,,
3276f87a152651f0,1,1.0,0,1.0,1.0,0.9165836851937575,4,0,0,-1,,,
ffe92084016a5795,1,1.0,0,1.0,1.0,0.7541211666258615,7,0,0,-1,,,
83a4e663032f5c9a,1,1.0,0,1.0,1.0,0.7300238150127663,6,0,0,-1,,,
7758c231f45d51de,1,1.0,0,1.0,1.0,0.8835652469082933,1,0,0,-1,,,
0e6a9b4fe9ec5443,1,1.0,0,1.0,1.0,0.9012673700427166,1,0,0,-1,,,
7eaba7fa332d55cd,1,1.0,0,1.0,1.0,0.9040020102462724,1,0,0,-1,,,
a38cf6735cfc5f54,1,1.0,0,1.0,1.0,0.8954181508887107,1,0,0,-1,,,
774006a654915196,1,1.0,0,1.0,1.0,0.8907712669220101,1,0,0,-1,,,
ed8384b107d95d89,1,1.0,0,1.0,1.0,0.8890259226088372,1,0,0,-1,,,
334ddbed40095e07,1,1.0,0,1.0,1.0,0.919816659962454,1,0,0,-1,,,
76df9fb807c9580a,1,1.0,0,1.0,1.0,0.9212840411451425,1,0,0,-1,,,
2c0f41d407295efa,1,1.0,0,1.0,1.0,0.7160578262272875,6,0,0,-1,,,
07dc9de3dd855653,1,1.0,0,1.0,1.0,0.7403858394999304,6,0,0,-1,,,
305eb53245715f7e,1,1.0,0,1.0,1.0,0.8597397155970716,6,0,0,-1,,,
1a6595a6c7cb5531,1,1.0,0,1.0,1.0,0.8669217229029768,5,0,0,-1,,,
2a359c1d62ed5843,1,1.0,0,1.0,1.0,0.8664745938448917,5,0,0,-1,,,
60216ba3ee9557d9,1,1.0,0,1.0,1.0,0.8244742529955453,5,0,0,-1,,,
0d0972c70bd955cc,1,1.0,0,1.0,1.0,0.9316303754561033,5,0,0,-1,,,
0386351e2a11529e,1,1.0,0,1.0,1.0,0.92476979584773,5,0,0,-1,,,
d9422fc7065e5b62,1,1.0,0,1.0,1.0,0.8142613309677839,14,0,0,-1,,,
196cb93444b35dd7,1,1.0,0,1.0,1.0,0.8061478629081839,12,0,0,-1,,,
abbfc957d5545f53,1,1.0,0,1.0,1.0,0.8411936365640152,12,0,0,-1,,,
d6b5646287065fa8,1,1.0,0,1.0,1.0,0.8620222714053414,7,0,0,-1,,,
4a7fd1bd37ed5463,1,1.0,0,1.0,1.0,0.851833006381888,6,0,0,-1,,,
fc5d32be7f785570,1,1.0,0,1.0,1.0,0.850225113879293,5,0,0,-1,,,
cda41068b4b65ae0,1,1.0,0,1.0,1.0,0.8541241545062648,5,0,0,-1,,,
e0cbc7ab694157a5,1,1.0,0,1.0,1.0,0.8686516611134064,4,0,0,-1,,,
e095e7e21ab65691,1,1.0,0,1.0,1.0,0.8907387794555461,3,0,0,-1,,,
aacc2ed7ba2859c5,1,1.0,0,1.0,1.0,0.879742180412404,3,0,0,-1,,,
de2c2bde3a615d75,1,1.0,0,1.0,1.0,0.7678866641482877,3,0,0,-1,,,
ef41e9c7f99d5d85,1,1.0,0,1.0,1.0,0.7688894768315319,3,0,0,-1,,,
67339e7fe4135722,1,1.0,0,1.0,1.0,0.8362228415129217,3,0,0,-1,,,
b4f362c0d9015d07,1,1.0,0,1.0,1.0,0.8343614526479183,3,0,0,-1,,,
7db790f4d8965df8,1,1.0,0,1.0,1.0,0.8367419909834153,2,0,0,-1,,,
14f07c5159ac566b,1,1.0,0,1.0,1.0,0.8447402052112624,2,0,0,-1,,,
87b32a1aeeb85613,1,1.0,0,1.0,1.0,0.9299609428863512,9,0,0,-1,,,
c932b69d2fed5f3c,1,1.0,0,1.0,1.0,0.9270812929757581,8,0,0,-1,,,
bc2314763cfc545d,1,1.0,0,1.0,1.0,0.9138666823427318,10,0,0,-1,,,
f79931e74df250f7,1,1.0,0,1.0,1.0,0.9211977595253664,10,0,0,-1,,,
efeac78f0da05463,1,1.0,0,1.0,1.0,0.9335967412756802,7,0,0,-1,,,
13f7b495f8065eec,1,1.0,0,1.0,1.0,0.9205271407184693,7,0,0,-1,,,
43fd9868f2ed549f,1,1.0,0,1.0,1.0,0.9112279203878556,5,0,0,-1,,,
c7a1cded8d4652e2,1,1.0,0,1.0,1.0,0.9121829434301416,6,0,0,-1,,,
e443a0e9bbc75c69,1,1.0,0,1.0,1.0,0.8856516748815944,16,0,0,-1,,,
d1ba8c31750e5cbd,1,1.0,0,1.0,1.0,0.8900044939043644,15,0,0,-1,,,
5b1954a42c2455e7,1,1.0,0,1.0,1.0,0.9361410054683746,15,0,0,-1,,,
ff44394af7265df3,1,1.0,0,1.0,1.0,0.8793558265978431,15,0,0,-1,,,
bb4f37403cea5b0e,1,1.0,0,1.0,1.0,0.8169197596363137,17,0,0,-1,,,
744f8d8edaf859fe,1,1.0,0,1.0,1.0,0.8212460298137555,15,0,0,-1,,,
00137a5ce92d591c,1,1.0,0,1.0,1.0,0.76857846719393,14,0,0,-1,,,
dcb6ca8a732551eb,1,1.0,0,1.0,1.0,0.7869459308779371,14,0,0,-1,,,
dd951db716735c82,1,1.0,0,1.0,1.0,0.9421808503557073,21,0,0,-1,,,
ac2da3da332b5a04,1,1.0,0,1.0,1.0,0.9266242785792193,22,0,0,-1,,,
69dec5959d7d53a9,1,1.0,0,1.0,1.0,0.8799919825807555,16,0,0,-1,,,
099ded1754bb5d98,1,1.0,0,1.0,1.0,0.8333333333333334,15,0,0,-1,,,
801f4878074a5a59,1,1.0,0,1.0,1.0,0.8773720142287904,14,0,0,-1,,,
c43a415dd7d2585d,1,1.0,0,1.0,1.0,0.8924070784600479,14,0,0,-1,,,
777328bf3a3d5e15,1,1.0,0,1.0,1.0,0.93023821196393,14,0,0,-1,,,
c78f87b2bd4151d4,1,1.0,0,1.0,1.0,0.9378780577976512,9,0,0,-1,,,
f2d7208949535747,1,1.0,0,1.0,1.0,0.8391834033794381,48,0,0,-1,,,
da56fca2caff52e4,1,1.0,0,1.0,1.0,0.8347344063286416,48,0,0,-1,,,
58d69daf413c5d5a,1,1.0,0,1.0,1.0,0.7683401524342072,48,0,0,-1,,,
28ef9307f6035143,1,1.0,0,1.0,1.0,0.773911906299575,49,0,0,-1,,,
9a00d37375a95d7e,1,1.0,0,1.0,1.0,0.856780314592041,44,0,0,-1,,,
971d199e8b9b5e71,1,1.0,0,1.0,1.0,0.9992734669117173,45,0,0,-1,,,
b318cf82212f5443,1,1.0,0,1.0,1.0,0.9888655916702014,50,0,0,-1,,,
451b114eef365ee0,1,1.0,0,1.0,1.0,1.0,50,0,0,-1,,,
2f233e4005e05c1e,1,1.0,0,1.0,1.0,0.9131666908260634,7,0,0,-1,,,
2a2308354f4c5aa2,1,1.0,0,1.0,1.0,0.9158465504960738,14,0,0,-1,,,
d2a2e2498d505b76,1,1.0,0,1.0,1.0,0.9189190583141574,14,0,0,-1,,,
3978c2d5fb6e5f5a,1,1.0,0,1.0,1.0,0.9007971204929613,14,0,0,-1,,,
47bfcc64021a518d,1,1.0,0,1.0,1.0,0.9110313735351064,14,0,0,-1,,,
c2ed826b31065c66,1,1.0,0,1.0,1.0,0.8954636224684887,14,0,0,-1,,,
82f70d5f3a11576d,1,1.0,0,1.0,1.0,0.8969824385410526,15,0,0,-1,,,
5d68b0c80cab59c4,1,1.0,0,1.0,1.0,0.8975265561082857,17,0,0,-1,,,
66e75a9c2da75db6,1,1.0,0,1.0,1.0,0.9384358752809652,11,0,0,-1,,,
ecf0448cf58a54fb,1,1.0,0,1.0,1.0,0.9387760779182482,8,0,0,-1,,,
e849e6a954285f60,1,1.0,0,1.0,1.0,0.9761366491457996,6,0,0,-1,,,
6ffc117437175255,1,1.0,0,1.0,1.0,0.8751451182679001,6,0,0,-1,,,
402f952c89ae550c,1,1.0,0,1.0,1.0,0.885192281930681,5,0,0,-1,,,
ad781cbf672a5485,1,1.0,0,1.0,1.0,0.8814270961440954,6,0,0,-1,,,
f9592039b6aa5165,1,1.0,0,1.0,1.0,0.8756906936595418,6,0,0,-1,,,
430589fe41235469,1,1.0,0,1.0,1.0,0.8444949832428535,8,0,0,-1,,,
3d1bf2cf5ad151c7,1,1.0,0,1.0,1.0,0.8998584026276925,17,0,0,-1,,,
6c6a6b002f715d03,1,1.0,0,1.0,1.0,0.9019848049215451,17,0,0,-1,,,
9bfae11fe1af5b67,1,1.0,0,1.0,1.0,0.9054005181043004,20,0,0,-1,,,
1de80c2e4aca5f33,1,1.0,0,1.0,1.0,0.911726562864826,21,0,0,-1,,,
8d1b3ba5749b5a76,1,1.0,0,1.0,1.0,0.9025674503445656,20,0,0,-1,,,
76476276b198570d,1,1.0,0,1.0,1.0,0.9025274197783256,18,0,0,-1,,,
ec78d882433a50ca,1,1.0,0,1.0,1.0,0.892193982711369,18,0,0,-1,,,
c9628d0526bb58c5,1,1.0,0,1.0,1.0,0.8833866301506627,16,0,0,-1,,,
67dbad26dd165f16,1,1.0,0,1.0,1.0,0.8730534366784347,32,0,0,-1,,,
76dceae4c9c353b5,1,1.0,0,1.0,1.0,0.8676916052303301,33,0,0,-1,,,
40c06c252a275c50,1,1.0,0,1.0,1.0,0.8600715887901468,34,0,0,-1,,,
08b8808b5cf351c3,1,1.0,0,1.0,1.0,0.8709024010812624,34,0,0,-1,,,
02b68b9cc51f506a,1,1.0,0,1.0,1.0,0.858334897432167,34,0,0,-1,,,
9e2a2f6ba6705d0a,1,1.0,0,1.0,1.0,0.8673381874722699,36,0,0,-1,,,
dec6932758755596,1,1.0,0,1.0,1.0,0.8558008305149073,36,0,0,-1,,,
80ae852346955098,1,1.0,0,1.0,1.0,0.8726901753883615,37,0,0,-1,,,
9eb02188c5505fe1,1,1.0,0,1.0,1.0,0.8565344258830603,30,0,0,-1,,,
2972c31a52275dc1,1,1.0,0,1.0,1.0,0.8720817640530139,29,0,0,-1,,,
069c6a5e408653ab,1,1.0,0,1.0,1.0,0.8728981438669766,30,0,0,-1,,,
38c390af2fac51e0,1,1.0,0,1.0,1.0,0.8478038351356408,30,0,0,-1,,,
6a064f6f4529550a,1,1.0,0,1.0,1.0,0.8417285019078254,43,0,0,-1,,,
906ad81ffb6953a5,1,1.0,0,1.0,1.0,0.8954461856761252,45,0,0,-1,,,
ba3cdbcd0c3f5e49,1,1.0,0,1.0,1.0,0.8894745132854268,45,0,0,-1,,,
b6589175626f5510,1,1.0,0,1.0,1.0,0.8337541076051012,46,0,0,-1,,,
61be266ee38a5891,1,1.0,0,1.0,1.0,0.9149643522261295,18,0,0,-1,,,
3a54e9d3717d5760,1,1.0,0,1.0,1.0,0.8951154997375248,17,0,0,-1,,,
0dff39153a005f4f,1,1.0,0,1.0,1.0,0.8919760875176964,16,0,0,-1,,,
79ea7fb311c4574a,1,1.0,0,1.0,1.0,0.919576051124135,19,0,0,-1,,,
b20e8629283e540c,1,1.0,0,1.0,1.0,0.8567611647484012,18,0,0,-1,,,
49b8cbfbe63e5c09,1,1.0,0,1.0,1.0,0.8172027015137413,19,0,0,-1,,,
0bd89ca329cd55f9,1,1.0,0,1.0,1.0,0.7848098437695695,19,0,0,-1,,,
6350e3b4ec0a59dc,1,1.0,0,1.0,1.0,0.9987722903261838,20,0,0,-1,,,
88e6d9d5dd715516,1,1.0,0,1.0,1.0,0.8174881313658403,35,0,0,-1,,,
3137903199f35224,1,1.0,0,1.0,1.0,0.8566760915185351,34,0,0,-1,,,
cb8b1f36617c50d4,1,1.0,0,1.0,1.0,0.8858377795443967,33,0,0,-1,,,
931c9ec2bfa55d47,1,1.0,0,1.0,1.0,0.7877352111642076,33,0,0,-1,,,
b999dd3826b058a7,1,1.0,0,1.0,1.0,0.8153663382068581,31,0,0,-1,,,
e247c988c28957fc,1,1.0,0,1.0,1.0,0.9513183627733385,32,0,0,-1,,,
e34d17f003a052f5,1,1.0,0,1.0,1.0,1.0,31,0,0,-1,,,
396c599d06e65f68,1,1.0,0,1.0,1.0,0.8671067439616192,32,0,0,-1,,,
98107116251650a6,1,1.0,0,1.0,1.0,0.9722243006973151,51,0,0,-1,,,
2458f368da645ef5,1,1.0,0,1.0,1.0,0.9223201153632118,50,0,0,-1,,,
4145cfd5d9b659fa,1,1.0,0,1.0,1.0,0.9708469558059525,51,0,0,-1,,,
2c58e549903354fc,1,1.0,0,1.0,1.0,0.8641708986924663,52,0,0,-1,,,
3b4031def0f45d96,1,1.0,0,1.0,1.0,0.8820170931058601,58,0,0,-1,,,
978a5c11fbff5589,1,1.0,0,1.0,1.0,0.8743005416673261,58,0,0,-1,,,
4efe0ad78b655ecd,1,1.0,0,1.0,1.0,0.8148877116393375,59,0,0,-1,,,
2a7b12a784c351c3,1,1.0,0,1.0,1.0,0.7875197260960185,61,0,0,-1,,,
ea34282dc63d5a9a,1,1.0,0,1.0,1.0,0.865707875243437,54,0,0,-1,,,
27ff47ea8aea59cf,1,1.0,0,1.0,1.0,0.674024866926842,51,0,0,-1,,,
483bb60b0a0451e6,1,1.0,0,1.0,1.0,0.7449657137322081,50,0,0,-1,,,
9d4e4e721d77503e,1,1.0,0,1.0,1.0,0.7457306938906512,49,0,0,-1,,,
eaf08861a02351a5,1,1.0,0,1.0,1.0,0.9889110715569908,52,0,0,-1,,,
d1e6f085af9b5199,1,1.0,0,1.0,1.0,1.0,53,0,0,-1,,,
de664d2cb249576d,1,1.0,0,1.0,1.0,1.0,55,0,0,-1,,,
0c437f9a102c57f4,1,1.0,0,1.0,1.0,0.9708800455912439,128,0,0,-1,,,
5cffd130ff2c510a,1,1.0,0,1.0,1.0,0.9193963017824146,45,0,0,-1,,,
e2116f0f33b25eb5,1,1.0,0,1.0,1.0,0.9684977273153277,43,0,0,-1,,,
9da553c408fb54ea,1,1.0,0,1.0,1.0,0.9728651267716818,45,0,0,-1,,,
25aab48e050659be,1,1.0,0,1.0,1.0,0.9776360410042165,47,0,0,-1,,,
34cc387cf0335f28,1,1.0,0,1.0,1.0,0.9815999621594772,49,0,0,-1,,,
fe4e5fdf88195cfa,1,1.0,0,1.0,1.0,0.9789061178165799,50,0,0,-1,,,
28345af8c4505291,1,1.0,0,1.0,1.0,0.9341804223629557,49,0,0,-1,,,
97529137af275136,1,1.0,0,1.0,1.0,0.9282842962469369,45,0,0,-1,,,
b87b792b9a025344,1,1.0,0,1.0,1.0,0.8982284151878455,47,0,0,-1,,,
cf12097663665430,1,1.0,0,1.0,1.0,0.8946241085618136,46,0,0,-1,,,
dfb437fd895b5e96,1,1.0,0,1.0,1.0,1.0,46,0,0,-1,,,
ab807bda4fdd5274,1,1.0,0,1.0,1.0,1.0,57,0,0,-1,,,
795696bd00095944,1,1.0,0,1.0,1.0,1.0,57,0,0,-1,,,
b648072650cc5932,1,1.0,0,1.0,1.0,1.0,54,0,0,-1,,,
562019740aeb5d7e,1,1.0,0,1.0,1.0,1.0,52,0,0,-1,,,
83dd1484eb265a3c,1,1.0,0,1.0,1.0,1.0,51,0,0,-1,,,
6cec94a1d70c5cf4,1,1.0,0,1.0,1.0,0.9225910149670682,3,0,0,-1,,,
05f9443de2185b91,1,1.0,0,1.0,1.0,0.8969799867021045,1,0,0,-1,,,
7d22e4c9e8605ed2,1,1.0,0,1.0,1.0,0.9098325332617438,1,0,0,-1,,,
8551466c8066505e,1,1.0,0,1.0,1.0,0.9202841330242117,19,0,0,-1,,,
7229dee5d2685deb,1,1.0,0,1.0,1.0,0.823028598116999,23,0,0,-1,,,
66a0abcb3eac57df,1,1.0,0,1.0,1.0,0.829686754365826,22,0,0,-1,,,
9a3778686fd058d2,1,1.0,0,1.0,1.0,0.9158479826008677,40,0,0,-1,,,
e072351fbbfd5765,1,1.0,0,1.0,1.0,0.8866616527742455,47,0,0,-1,,,
c195a8cb7ccb59fd,1,1.0,0,1.0,1.0,0.7707039285514456,63,0,0,-1,,,
2391f12d7e6a5e7f,1,1.0,0,1.0,1.0,0.7494984981453348,65,0,0,-1,,,
24108688ab4856ab,1,1.0,0,1.0,1.0,0.8819078643072049,66,0,0,-1,,,
8fe203611a555812,1,1.0,0,1.0,1.0,0.806028092913019,62,0,0,-1,,,
ea23b2bb8e5756b8,1,1.0,0,1.0,1.0,0.8695851925391151,32,0,0,-1,,,
3260b9e0a6ac5b8b,1,1.0,0,1.0,1.0,0.863736583892361,31,0,0,-1,,,
e1ca840974745c96,1,1.0,0,1.0,1.0,0.8847201721531358,30,0,0,-1,,,
da5ac44917dd5ca4,1,1.0,0,1.0,1.0,0.8760628656895065,30,0,0,-1,,,
95a4b51d1d865ba0,1,1.0,0,1.0,1.0,0.8186653669109617,58,0,0,-1,,,
008844070af456e3,1,1.0,0,1.0,1.0,0.8554254180542711,69,0,0,-1,,,
05d6d7d83b97547c,1,1.0,0,1.0,1.0,0.8523822312168035,68,0,0,-1,,,
33a43f22312c570d,1,1.0,0,1.0,1.0,0.8498776077586033,68,0,0,-1,,,
ccd53fdd1b6e51b8,1,1.0,0,1.0,1.0,0.8273432028887471,66,0,0,-1,,,
ec5e157a5222534d,1,1.0,0,1.0,1.0,0.7140012632066047,63,0,0,-1,,,
9dd982b0637453c2,1,1.0,0,1.0,1.0,0.8025916228264033,57,0,0,-1,,,
8f82805b2edb5a25,1,1.0,0,1.0,0.0,0.0,55,0,0,-1,,,
2072f71b7e8f5ece,1,1.0,0,1.0,1.0,0.8400926132313652,48,0,0,-1,,,
1f54430427975391,1,1.0,0,1.0,1.0,0.8542834335247699,63,0,0,-1,,,
0f7854f951905e69,1,1.0,0,1.0,1.0,0.8286588781158578,61,0,0,-1,,,
91b143f42de55e14,1,1.0,0,1.0,1.0,0.8283324954559704,61,0,0,-1,,,
8ff8a3cf55355131,1,1.0,0,1.0,1.0,0.8106085883133881,59,0,0,-1,,,
77fa15ffcefb580e,1,1.0,0,1.0,1.0,0.809725831990311,59,0,0,-1,,,
f33405d075755825,1,1.0,0,1.0,1.0,0.8211402335842148,59,0,0,-1,,,
b12faa3892185d8f,1,1.0,0,1.0,1.0,0.813794777336537,62,0,0,-1,,,
efb7ddb02e9f59f1,1,1.0,0,1.0,1.0,0.9245687929896533,63,0,0,-1,,,
10f15e844ab15831,1,1.0,0,1.0,1.0,0.9087683343558934,64,0,0,-1,,,
758cc7a721c2546d,1,1.0,0,1.0,1.0,0.9222828834670848,60,0,0,-1,,,
d4b29b90b8af5f81,1,1.0,0,1.0,1.0,1.0,54,0,0,-1,,,
bc12361c48f15f75,1,1.0,0,0.0,1.0,0.5833333333333334,51,0,0,-1,,,
bb5b44d240945ed0,1,1.0,0,1.0,1.0,1.0,46,0,0,-1,,,
529d2e20dc615c3b,1,1.0,0,1.0,1.0,1.0,44,0,0,-1,,,
4fbe9cf1d64d58ef,1,1.0,0,1.0,1.0,1.0,43,0,0,-1,,,
faba362f85a95b6c,1,1.0,0,1.0,1.0,0.95314536385888,196,0,0,-1,,,
5ec473ffad5c55ba,1,1.0,0,1.0,1.0,0.9626346594527843,192,0,0,-1,,,
0d150320916f5b2d,1,1.0,0,1.0,1.0,0.9528853221524338,197,0,0,-1,,,
15bd04021cc75727,1,1.0,0,1.0,1.0,1.0,189,0,0,-1,,,
1f12591bdae05306,1,1.0,0,1.0,1.0,0.9961942725975579,176,0,0,-1,,,
f42258b638fc5b64,1,1.0,0,1.0,1.0,0.9649581557960508,49,0,0,-1,,,
989a085ea31e50ba,1,1.0,0,1.0,1.0,0.960243386792288,49,0,0,-1,,,
ce01babf6dfb598e,1,1.0,0,1.0,1.0,0.91413190928817,48,0,0,-1,,,
29c5f96fb4e95d3a,1,1.0,0,1.0,1.0,0.9207669660477209,45,0,0,-1,,,
a31e932f22d35521,1,1.0,0,1.0,1.0,0.9590984988743502,47,0,0,-1,,,
e03d76c4983954eb,1,1.0,0,1.0,1.0,0.9596783222998463,47,0,0,-1,,,
0b177a1d821055ea,1,1.0,0,1.0,1.0,0.9580714375902627,52,0,0,-1,,,
19f3e77fcd3353c5,1,1.0,0,1.0,1.0,0.8644108798469451,52,0,0,-1,,,
0c267e7911165e9f,1,1.0,0,1.0,1.0,0.8607685911501157,50,0,0,-1,,,
85b2b3fc929a5800,1,1.0,0,1.0,1.0,0.8682839976499688,53,0,0,-1,,,
cb9992677d95539f,1,1.0,0,1.0,1.0,0.9621471204556243,50,0,0,-1,,,
51552f78760d5a11,1,1.0,0,1.0,1.0,0.9145097169432193,71,0,0,-1,,,
43c3a96bede25b1c,1,1.0,0,1.0,1.0,0.8851109176941018,71,0,0,-1,,,
4379fb75ac085d26,1,1.0,0,1.0,1.0,0.8888573235368655,69,0,0,-1,,,
6dd8c9210247547d,1,1.0,0,1.0,1.0,0.9190161561542549,71,0,0,-1,,,
bdda68728bf157dd,1,1.0,0,1.0,1.0,0.904748431861249,69,0,0,-1,,,
175fc3cad7805262,1,1.0,0,1.0,1.0,0.8995731113311227,69,0,0,-1,,,
dcc3b1a2a6da565a,1,1.0,0,1.0,1.0,0.9280330029939038,70,0,0,-1,,,
2189449ddbf65bff,1,1.0,0,1.0,1.0,0.9292758010964802,76,0,0,-1,,,
1f2b81cc64b45658,1,1.0,0,1.0,1.0,0.9648267950832973,163,0,0,-1,,,
6a0cdff04e6b596e,1,1.0,0,1.0,1.0,0.9463130940463605,161,0,0,-1,,,
d22135cc2a13514f,1,1.0,0,1.0,1.0,0.9808923239622255,170,0,0,-1,,,
7f93aad83fb15871,1,1.0,0,1.0,1.0,1.0,40,0,0,-1,,,
9aea5cdc656458a0,1,1.0,0,1.0,1.0,1.0,40,0,0,-1,,,
2d1f929350f65cdc,1,1.0,0,1.0,1.0,1.0,62,0,0,-1,,,
3d8c71ff899f50e6,1,1.0,0,1.0,1.0,1.0,62,0,0,-1,,,
cbf53151339658cb,1,1.0,0,1.0,1.0,0.9293398952528712,72,0,0,-1,,,
7f9c22da74d35642,1,1.0,0,1.0,1.0,0.9436318190643008,133,0,0,-1,,,
b641f849bdd55fd7,1,1.0,0,1.0,1.0,0.9425780763312025,139,0,0,-1,,,
d4bbe6333e6356b5,1,1.0,0,1.0,1.0,0.9421984453365221,145,0,0,-1,,,
0033fc4b187a5f1f,1,1.0,0,1.0,1.0,0.9431544273455835,150,0,0,-1,,,
d957b8de88d154cb,1,1.0,0,1.0,1.0,0.9522200365373467,154,0,0,-1,,,
b50cf2a689a55433,1,1.0,0,1.0,1.0,0.9627405793437545,153,0,0,-1,,,
e1e4395724c05092,1,1.0,0,1.0,1.0,0.9332239834700061,153,0,0,-1,,,
fa70c2e191965353,1,1.0,0,1.0,1.0,0.9267246981805958,152,0,0,-1,,,
27b5c3ce868856a2,1,1.0,0,1.0,1.0,0.9253513727202481,70,0,0,-1,,,
706a6c85e65858c8,1,1.0,0,1.0,1.0,0.9320480427430887,70,0,0,-1,,,
a2ef4eeb9dd45505,1,1.0,0,1.0,1.0,0.9791287122451262,72,0,0,-1,,,
ccffd575a3fb5958,1,1.0,0,1.0,1.0,0.981963994597622,73,0,0,-1,,,
e6a5ca65ce135d1c,1,1.0,0,1.0,1.0,0.9407990909608629,71,0,0,-1,,,
7e97cc0349b4590b,1,1.0,0,1.0,1.0,0.9407257465037286,70,0,0,-1,,,
9b4e0723f48755fb,1,1.0,0,1.0,1.0,0.9029390936335265,68,0,0,-1,,,
e9f68a55225a536c,1,1.0,0,1.0,1.0,0.9151194094990327,65,0,0,-1,,,
3dc04b54c3515f56,1,1.0,0,1.0,1.0,0.952327971481887,234,0,0,-1,,,
9ac3f47635bd5fe1,1,1.0,0,1.0,1.0,0.9504847541621416,236,0,0,-1,,,
de51843c0c1a51d4,1,1.0,0,1.0,1.0,0.9354739878643873,236,0,0,-1,,,
89321ac9caaf505a,1,1.0,0,1.0,1.0,0.9455137953604137,235,0,0,-1,,,
94a3b8d43f515d6e,1,1.0,0,1.0,1.0,0.957985845476088,212,0,0,-1,,,
dcf6caabbee354f7,1,1.0,0,1.0,1.0,0.9387099799383073,213,0,0,-1,,,
3d04f4c65587562b,1,1.0,0,1.0,1.0,0.968709719488361,213,0,0,-1,,,
bb7aca330b2c5ac2,1,1.0,0,1.0,1.0,0.983252623773137,205,0,0,-1,,,
7ba76233a35553c2,1,1.0,0,1.0,1.0,1.0,216,0,0,-1,,,
56af8eae4788597f,1,1.0,0,1.0,1.0,1.0,224,0,0,-1,,,
1a1fbb255ec55813,1,1.0,0,1.0,1.0,1.0,230,0,0,-1,,,
2e883a72b2895d7c,1,1.0,0,1.0,1.0,1.0,233,0,0,-1,,,
981ceb0924575bc3,1,1.0,0,1.0,1.0,0.9704831646444049,244,0,0,-1,,,
73eda22129255831,1,1.0,0,1.0,1.0,0.9397599231713593,240,0,0,-1,,,
aa22b810e3395182,1,1.0,0,1.0,1.0,0.9138987719300693,236,0,0,-1,,,
ca4686a3d8a55f9f,1,1.0,0,1.0,1.0,0.9100707389476338,242,0,0,-1,,,
310d65ad9aee5366,1,1.0,0,1.0,1.0,1.0,43,0,0,-1,,,
6f0538a6ba9c5b7f,1,1.0,0,1.0,1.0,1.0,43,0,0,-1,,,
1e91e4b9af695706,1,1.0,0,1.0,1.0,1.0,42,0,0,-1,,,
43fe2321124251d3,1,1.0,0,1.0,1.0,1.0,43,0,0,-1,,,
6bcfc8d05b4c5d96,1,1.0,0,1.0,1.0,1.0,42,0,0,-1,,,
fd676fd01e475e33,1,1.0,0,1.0,1.0,1.0,43,0,0,-1,,,
6ea198f259b85e49,1,1.0,0,1.0,1.0,1.0,42,0,0,-1,,,
beecbff2fd37592e,1,1.0,0,1.0,1.0,1.0,48,0,0,-1,,,
53f8bc4012fe5f29,1,1.0,0,1.0,1.0,0.7442915262359048,53,0,0,-1,,,
52f7393aa83854f6,1,1.0,0,1.0,1.0,0.8640109607573291,55,0,0,-1,,,
36a10b24956c5db7,1,1.0,0,1.0,1.0,0.8394350879733498,58,0,0,-1,,,
435298980d7e5fb1,1,1.0,0,1.0,1.0,0.903361192800794,60,0,0,-1,,,
2e6e8eebd05f5da2,1,1.0,0,1.0,1.0,0.917463594150166,62,0,0,-1,,,
f38d4f3f7e425c91,1,1.0,0,1.0,1.0,0.9158636767283334,61,0,0,-1,,,
e5ec53f2b9875433,1,1.0,0,1.0,1.0,0.9036056071947377,59,0,0,-1,,,
d94aa4b0e05e5be9,1,1.0,0,1.0,1.0,0.9922729837250469,60,0,0,-1,,,
0f8b3b73fda650e4,1,1.0,0,1.0,1.0,0.9111711148124152,153,0,0,-1,,,
4b6b5bac92ae5f56,1,1.0,0,1.0,1.0,0.9099529914070058,149,0,0,-1,,,
f5cb61c359ce574b,1,1.0,0,1.0,1.0,0.8881033812729952,146,0,0,-1,,,
a29d602c497c532d,1,1.0,0,1.0,1.0,0.8352921810697668,140,0,0,-1,,,
e6c8f0c4aaea52d7,1,1.0,0,1.0,1.0,1.0,131,0,0,-1,,,
d14f40d60d165b25,1,1.0,0,1.0,1.0,1.0,214,0,0,-1,,,
4196ab00e95e532d,1,1.0,0,1.0,1.0,1.0,218,0,0,-1,,,
8b90b26a4deb5019,1,1.0,0,1.0,1.0,1.0,222,0,0,-1,,,
2a2cb941f34b5bc4,1,1.0,0,1.0,1.0,0.9851212244793572,210,0,0,-1,,,
6157148c5fa25838,1,1.0,0,1.0,1.0,0.9533687193747585,211,0,0,-1,,,
c65cb00fba005ab1,1,1.0,0,1.0,1.0,0.9544943577896118,209,0,0,-1,,,
cd78333fa2c45328,1,1.0,0,1.0,1.0,0.9570607407909554,208,0,0,-1,,,
840f4e28181e53d9,1,1.0,0,1.0,1.0,0.9770602144690588,215,0,0,-1,,,
84ed0a5827f656d8,1,1.0,0,1.0,1.0,0.9065755190649277,225,0,0,-1,,,
570a5855539b5c7e,1,1.0,0,1.0,1.0,0.9287821706981293,224,0,0,-1,,,
2576105926375ce7,1,1.0,0,1.0,1.0,0.9245835811119155,230,0,0,-1,,,
6a66294fe97f54db,1,1.0,0,1.0,1.0,0.9541201892470134,51,0,0,-1,,,
825269c866465320,1,1.0,0,1.0,1.0,0.959255061492366,52,0,0,-1,,,
3ce72ef7e80855e2,1,1.0,0,1.0,1.0,0.7147900583884187,56,0,0,-1,,,
a3d1310fbc3f50a5,1,1.0,0,1.0,1.0,0.7645298054536491,56,0,0,-1,,,
42c7526fc6845005,1,1.0,0,1.0,1.0,0.8937853199869741,61,0,0,-1,,,
8704f4971e305ed3,1,1.0,0,1.0,1.0,1.0,126,0,0,-1,,,
e4b6a49b32545d95,1,1.0,0,1.0,1.0,0.94619472929777,150,0,0,-1,,,
55368b53e7ba5dda,1,1.0,0,1.0,1.0,0.949263278125252,163,0,0,-1,,,
fe0a33d7599a59b3,1,1.0,0,1.0,1.0,0.9527059001036441,67,0,0,-1,,,
90b8f3760e535ef6,1,1.0,0,1.0,1.0,0.6898421558556543,65,0,0,-1,,,
9fb619b502495ffc,1,1.0,0,1.0,1.0,0.932605512174073,61,0,0,-1,,,
78e6dbb9ee735559,1,1.0,0,1.0,1.0,0.8412902212564447,65,0,0,-1,,,
a3c4e4bf10d65ddb,1,1.0,0,1.0,1.0,0.8467784816605063,77,0,0,-1,,,
16a2c04634ab5112,1,1.0,0,1.0,1.0,1.0,77,0,0,-1,,,
75f91ced021c543e,1,1.0,0,1.0,1.0,1.0,76,0,0,-1,,,
ff1a4e51e3f558ce,1,1.0,0,1.0,1.0,1.0,77,0,0,-1,,,
77cf9dfc36c35df7,1,1.0,0,1.0,1.0,0.7803135205387477,47,0,0,-1,,,
389bfba2e25f581b,1,1.0,0,1.0,1.0,0.8583377836736471,30,0,0,-1,,,
6a947d290fe257ce,1,1.0,0,1.0,1.0,0.9245026819270112,31,0,0,-1,,,
baff37ac37675490,1,1.0,0,1.0,1.0,0.9293206730708595,36,0,0,-1,,,
afbbcee34f1850fd,1,1.0,0,1.0,1.0,0.7696818363380699,62,0,0,-1,,,
18f8562c9bb55561,1,1.0,0,1.0,1.0,0.9087149979578232,64,0,0,-1,,,
952dbeff58945400,1,1.0,0,1.0,1.0,0.975090860884093,63,0,0,-1,,,
02379e524f105926,1,1.0,0,1.0,1.0,1.0,63,0,0,-1,,,
1f13bc7f674b5ebe,1,1.0,0,1.0,1.0,1.0,21,0,0,-1,,,
6a87e3be62aa5b5b,1,1.0,0,1.0,1.0,1.0,19,0,0,-1,,,
18c781197c445d64,1,1.0,0,1.0,1.0,1.0,22,0,0,-1,,,
3e7bec3b1c4359b6,1,1.0,0,1.0,1.0,0.7285726272840405,52,0,0,-1,,,
c6ad08c8eca55275,1,1.0,0,1.0,1.0,0.7391077187373002,52,0,0,-1,,,
38f555fbc07f5185,1,1.0,0,1.0,1.0,0.8863949745735676,53,0,0,-1,,,
df7e2f19b3cc5ba6,1,1.0,0,1.0,1.0,0.9335013898180439,49,0,0,-1,,,
7d74c894066f5b2c,1,1.0,0,1.0,1.0,0.9763545545548299,42,0,0,-1,,,
1eb0e6e749975996,1,1.0,0,1.0,1.0,0.8123876875076969,29,0,0,-1,,,
ad568870afa55435,1,1.0,0,1.0,1.0,0.9785477408789988,30,0,0,-1,,,
3c4e1784d9295821,1,1.0,0,1.0,1.0,0.8945620300784088,25,0,0,-1,,,
7b4ba1d02376503b,1,1.0,0,1.0,1.0,0.9158124266418263,23,0,0,-1,,,
7b6749c7b2795906,1,1.0,0,1.0,1.0,0.9107474198256984,28,0,0,-1,,,
a06eec37a0f058b2,1,1.0,0,1.0,1.0,0.9302552257006634,26,0,0,-1,,,
4d5c4013a6db5819,1,1.0,0,1.0,1.0,1.0,27,0,0,-1,,,
94625815a7b351b5,1,1.0,0,1.0,1.0,0.935002270926251,26,0,0,-1,,,
4e3f39fa6dfc5d12,1,1.0,0,1.0,1.0,0.8906938861914592,63,0,0,-1,,,
5c934edce20758e5,1,1.0,0,1.0,1.0,0.9538353334937698,65,0,0,-1,,,
06db90857b4e575d,1,1.0,0,1.0,1.0,0.9454151955273931,67,0,0,-1,,,
96f19d920d5558e9,1,1.0,0,1.0,1.0,0.9797595955249481,67,0,0,-1,,,
1c62222c7c0b522f,1,1.0,0,1.0,1.0,0.9796746953170832,67,0,0,-1,,,
687dc7e79cf65570,1,1.0,0,1.0,1.0,1.0,71,0,0,-1,,,
3043c8dc13aa548b,1,1.0,0,1.0,1.0,0.9901104862299798,72,0,0,-1,,,
c3a9557ccfb5517c,1,1.0,0,1.0,1.0,0.9583948944353011,72,0,0,-1,,,
eeab709ca6e05d14,1,1.0,0,1.0,1.0,0.9602967109375752,33,0,0,-1,,,
eb92f4cdb4fa54dd,1,1.0,0,1.0,1.0,1.0,31,0,0,-1,,,
f16fe36eef2b5157,1,1.0,0,1.0,1.0,0.9960642934899181,28,0,0,-1,,,
ec921ad4a3d05806,1,1.0,0,1.0,1.0,1.0,26,0,0,-1,,,
a15ed2f3e39c5c0d,1,1.0,0,1.0,1.0,1.0,26,0,0,-1,,,
0da520f851415d75,1,1.0,0,1.0,1.0,1.0,27,0,0,-1,,,
c26281cfd29f5c15,1,1.0,0,1.0,1.0,1.0,29,0,0,-1,,,
d01b6e67a995589c,1,1.0,0,1.0,1.0,0.9481184772411663,30,0,0,-1,,,
3495be9149e0537d,1,1.0,0,1.0,1.0,0.7883742441261207,45,0,0,-1,,,
ba69db6d6eb15ceb,1,1.0,0,1.0,1.0,0.7583207789769041,45,0,0,-1,,,
4d4e4d899fd95487,1,1.0,0,1.0,1.0,0.9271359137754068,54,0,0,-1,,,
b7c371d55ca65cf8,1,1.0,0,1.0,1.0,0.7387497511145056,58,0,0,-1,,,
ae46065dc9ce55b1,1,1.0,0,1.0,1.0,1.0,59,0,0,-1,,,
6ac3f5626d2b555b,1,1.0,0,1.0,1.0,1.0,58,0,0,-1,,,
d9880e5e2cff5787,1,1.0,0,1.0,1.0,1.0,57,0,0,-1,,,
fab7cc2db66f5e63,1,1.0,0,1.0,1.0,1.0,57,0,0,-1,,,
3e429827093e538d,1,1.0,0,1.0,1.0,0.871812109302342,143,0,0,-1,,,
fd3606c29f3f57fb,1,1.0,0,1.0,1.0,0.9392443108971325,141,0,0,-1,,,
3d11d1a35e8f500d,1,1.0,0,1.0,1.0,0.9178385090022689,141,0,0,-1,,,
a90317c305c3505a,1,1.0,0,1.0,1.0,0.9476216641487213,135,0,0,-1,,,
c75331b9d30957a1,1,1.0,0,1.0,1.0,0.9552239770942054,139,0,0,-1,,,
ba8f7c5757365a36,1,1.0,0,1.0,1.0,0.9554055560857891,133,0,0,-1,,,
1295e8271e37569f,1,1.0,0,1.0,1.0,0.9857379445919839,136,0,0,-1,,,
b9e84e372b3958ac,1,1.0,0,1.0,1.0,0.9491318128956313,134,0,0,-1,,,
7f9f4661a4875959,1,1.0,0,1.0,1.0,0.9042453190976548,66,0,0,-1,,,
34ac200e359653b5,1,1.0,0,1.0,1.0,0.9393934701629737,67,0,0,-1,,,
7fc551e4e0375d00,1,1.0,0,1.0,1.0,0.8754020697466899,66,0,0,-1,,,
7335659408525112,1,1.0,0,1.0,1.0,0.8069447564314788,66,0,0,-1,,,
c65ad538a2275dd8,1,1.0,0,1.0,1.0,0.694044543592157,66,0,0,-1,,,
3068d16e627b5e69,1,1.0,0,1.0,1.0,0.6848413242479494,66,0,0,-1,,,
635faea61539589a,1,1.0,0,1.0,1.0,0.9294752928839806,61,0,0,-1,,,
3c31377fc8f65160,1,1.0,0,1.0,1.0,0.9680260983196739,59,0,0,-1,,,
b9400f20792f5936,1,1.0,0,1.0,1.0,0.9240437508094619,26,0,0,-1,,,
49e3bfda06d45f7e,1,1.0,0,1.0,1.0,0.9380043271651788,22,0,0,-1,,,
41785a426b555ab9,1,1.0,0,1.0,1.0,0.9142411486432523,21,0,0,-1,,,
fc09376fd45c509a,1,1.0,0,1.0,1.0,0.9058272961976684,23,0,0,-1,,,
c8b9b19008605f76,1,1.0,0,1.0,1.0,0.8802072779639589,24,0,0,-1,,,
22a3a112a0485c4c,1,1.0,0,1.0,1.0,1.0,23,0,0,-1,,,
9337165de94b5a40,1,1.0,0,1.0,1.0,1.0,23,0,0,-1,,,
5a7f3e30fe075a16,1,1.0,0,1.0,1.0,1.0,23,0,0,-1,,,
b98d8c3330625df2,1,1.0,0,1.0,1.0,0.8570884572413965,60,0,0,-1,,,
46a90143da335a9a,1,1.0,0,1.0,1.0,0.8125950597381258,59,0,0,-1,,,
bf1fbbbc7f5d5c5d,1,1.0,0,1.0,1.0,0.859620127493593,56,0,0,-1,,,
5102468ad3745c60,1,1.0,0,1.0,1.0,0.8521856943709437,56,0,0,-1,,,
3e1daba01cbe5973,1,1.0,0,1.0,1.0,0.8424172105601655,58,0,0,-1,,,
8bdf510cc78751f1,1,1.0,0,1.0,1.0,0.7062027347694246,61,0,0,-1,,,
5795e118157f528f,1,1.0,0,1.0,1.0,0.8214631080396527,60,0,0,-1,,,
a4f91ed474295f00,1,1.0,0,1.0,1.0,0.7961070825668098,60,0,0,-1,,,
01226863089b5e1d,1,1.0,0,1.0,1.0,0.9230441224737781,59,0,0,-1,,,
bdb0f78978cd5307,1,1.0,0,1.0,1.0,0.8904625229485276,55,0,0,-1,,,
31ffaa640cf85134,1,1.0,0,1.0,1.0,1.0,54,0,0,-1,,,
601eee0a0e2d52a3,1,1.0,0,1.0,1.0,1.0,53,0,0,-1,,,
a09e4156f577568a,1,1.0,0,1.0,1.0,0.8525095618956852,60,0,0,-1,,,
d1ef1e42fa15573d,1,1.0,0,1.0,1.0,0.7075982407115213,63,0,0,-1,,,
5655270788dc5fa3,1,1.0,0,1.0,1.0,0.86471617565747,68,0,0,-1,,,
b96ea08d168f5a3d,1,1.0,0,1.0,1.0,0.8707312665922994,65,0,0,-1,,,
02f1ad081f41550e,1,1.0,0,1.0,1.0,1.0,76,0,0,-1,,,
ca000fa91efb560c,1,1.0,0,1.0,1.0,1.0,77,0,0,-1,,,
a00a4902bd105b99,1,1.0,0,1.0,1.0,0.8241306986636858,84,0,0,-1,,,
8d64d2c9f19c57c5,1,1.0,0,1.0,1.0,0.8310973488196712,79,0,0,-1,,,
952c1875f64057b9,1,1.0,0,1.0,1.0,0.8227085224151263,82,0,0,-1,,,
407c0f671669566d,1,1.0,0,1.0,1.0,0.7781046998146882,80,0,0,-1,,,
10779d3fd7815d2f,1,1.0,0,1.0,1.0,0.8270965160935019,74,0,0,-1,,,
763bab6e8b6b5826,1,1.0,0,1.0,1.0,0.6977232321484252,68,0,0,-1,,,
812a8e70ad07507d,1,1.0,0,1.0,1.0,1.0,189,0,0,-1,,,
8a2df3fb1632552a,1,1.0,0,1.0,1.0,1.0,195,0,0,-1,,,
8436ac812af859df,1,1.0,0,1.0,1.0,1.0,193,0,0,-1,,,
fc39a399fd24554b,1,1.0,0,1.0,1.0,1.0,198,0,0,-1,,,
ddc7d737df1957cb,1,1.0,0,1.0,1.0,1.0,205,0,0,-1,,,
0eae7eacff765533,1,1.0,0,1.0,1.0,0.9611883175337432,270,0,0,-1,,,
214bd73e71715f2c,1,1.0,0,1.0,1.0,0.9836752165495509,345,0,0,-1,,,
ee88e21932e6564f,1,1.0,0,1.0,1.0,1.0,340,0,0,-1,,,
29d3a233b1915c1a,1,1.0,0,1.0,1.0,0.8905969313854505,41,0,0,-1,,,
f12f96257dce5e91,1,1.0,0,1.0,1.0,0.8646031032787481,44,0,0,-1,,,
d112a49d72925b06,1,1.0,0,1.0,1.0,0.8599331709620196,44,0,0,-1,,,
c95d7e81eec75f65,1,1.0,0,1.0,1.0,0.8657185897869297,46,0,0,-1,,,
f55c530f3875533f,1,1.0,0,1.0,1.0,0.8190587878933006,45,0,0,-1,,,
ea57966419605846,1,1.0,0,1.0,1.0,0.8244776766484535,42,0,0,-1,,,
2e037aeeebce56df,1,1.0,0,1.0,1.0,0.7978651044397504,45,0,0,-1,,,
1dc437ce152e55fa,1,1.0,0,1.0,1.0,0.8153877626475236,43,0,0,-1,,,
5259a5b9d00d54a7,1,1.0,0,1.0,1.0,0.9334462362926511,125,0,0,-1,,,
eb5989e21dc35a47,1,1.0,0,1.0,1.0,0.9257984895530917,121,0,0,-1,,,
8dee25a9bcb35544,1,1.0,0,1.0,1.0,0.8531860512733127,117,0,0,-1,,,
3dcc0fdcb0395855,1,1.0,0,1.0,1.0,1.0,114,0,0,-1,,,
69bcdc8c577252f4,1,1.0,0,1.0,1.0,1.0,111,0,0,-1,,,
08e2e519ac1e5226,1,1.0,0,1.0,1.0,1.0,109,0,0,-1,,,
21b36975c4f75e9a,1,1.0,0,1.0,1.0,1.0,163,0,0,-1,,,
826112ca75e750af,1,1.0,0,1.0,1.0,1.0,176,0,0,-1,,,
d68c7a7e02265029,1,1.0,0,1.0,1.0,0.974844806553611,23,0,0,-1,,,
5d7c7edca69d5e73,1,1.0,0,0.0,1.0,0.4278807446379726,24,0,0,-1,,,
1981a85eb4ba5001,1,1.0,0,1.0,1.0,0.7193124525997723,26,0,0,-1,,,
73939fc4dcdf57c4,1,1.0,0,1.0,1.0,0.7480675077216926,27,0,0,-1,,,
7084e524e59c50ab,1,1.0,0,1.0,1.0,0.9390319578407507,25,0,0,-1,,,
b04bbf1d4ecf5f56,1,1.0,0,1.0,1.0,0.9555107139650904,22,0,0,-1,,,
f3512ae175b45844,1,1.0,0,0.0,1.0,0.5833333333333334,20,0,0,-1,,,
e5e00457df055e1a,1,1.0,0,1.0,1.0,1.0,20,0,0,-1,,,
3d4f0c1ecad55944,1,1.0,0,1.0,1.0,0.7020852149892555,68,0,0,-1,,,
dcdacf7509ed5062,1,1.0,0,1.0,1.0,0.862409331191149,68,0,0,-1,,,
a1493423e0d1521c,1,1.0,0,1.0,1.0,1.0,65,0,0,-1,,,
1288b2d19d695376,1,1.0,0,1.0,1.0,1.0,65,0,0,-1,,,
6104f0887cc25767,1,1.0,0,1.0,1.0,1.0,63,0,0,-1,,,
32f53a8cb63f55db,1,1.0,0,1.0,1.0,1.0,63,0,0,-1,,,
254290b4b4a35869,1,1.0,0,1.0,1.0,1.0,58,0,0,-1,,,
ac2bc045e07151a3,1,1.0,0,1.0,1.0,1.0,55,0,0,-1,,,
2640335fd6565b4f,1,1.0,0,1.0,1.0,1.0,350,0,0,-1,,,
11811a7320ab58db,1,1.0,0,1.0,1.0,0.9983509330241693,356,0,0,-1,,,
ebfa82f4906755d4,1,1.0,0,1.0,1.0,0.9990757035405055,353,0,0,-1,,,
c4cb19209497505a,1,1.0,0,1.0,1.0,1.0,349,0,0,-1,,,
116a7c91c85d5b5d,1,1.0,0,1.0,1.0,0.9960490254678197,355,0,0,-1,,,
0185fc1c73c759a7,1,1.0,0,1.0,1.0,0.9961122992903514,356,0,0,-1,,,
6123057c78785150,1,1.0,0,1.0,1.0,0.9950240171369472,350,0,0,-1,,,
e3f62a1acf9d565e,1,1.0,0,1.0,1.0,0.9926139880738161,354,0,0,-1,,,
9644977ff3b15622,1,1.0,0,1.0,1.0,0.8333333333333334,20,0,0,-1,,,
ab8d6b4c8b20564b,1,1.0,0,1.0,1.0,1.0,22,0,0,-1,,,
157ad2289b20545e,1,1.0,0,1.0,1.0,1.0,31,0,0,-1,,,
a425dd8a1b5552db,1,1.0,0,1.0,1.0,0.7513041088868677,34,0,0,-1,,,
7db6a3bd77405292,1,1.0,0,1.0,1.0,0.9726073934896337,36,0,0,-1,,,
108b8b1ea5fd57ff,1,1.0,0,1.0,1.0,0.9838017314275703,35,0,0,-1,,,
af8dc1b01446555a,1,1.0,0,1.0,1.0,0.9599561156037725,121,0,0,-1,,,
35119c815b1b59ef,1,1.0,0,1.0,1.0,0.8980501442718136,124,0,0,-1,,,
c6851e9ed6b95ab0,1,1.0,0,1.0,1.0,0.7914867531449454,103,0,0,-1,,,
0ddc4576607e561e,1,1.0,0,1.0,1.0,0.8099516133836158,104,0,0,-1,,,
c943799f7b8c5f7f,1,1.0,0,1.0,1.0,0.8603252752758536,102,0,0,-1,,,
98fd4ae8de6450b2,1,1.0,0,1.0,1.0,0.8618999829928197,96,0,0,-1,,,
e820310f7d0b5016,1,1.0,0,1.0,1.0,1.0,96,0,0,-1,,,
8f4e4b81b2b15283,1,1.0,0,1.0,1.0,1.0,95,0,0,-1,,,
d781ee7dce4a5351,1,1.0,0,1.0,1.0,0.8560497773648489,139,0,0,-1,,,
7f0cd8a968f45cf9,1,1.0,0,1.0,1.0,0.9992593055803667,139,0,0,-1,,,
556283de632c5226,1,1.0,0,1.0,1.0,0.7573786974628295,118,0,0,-1,,,
4a66983ed3545869,1,1.0,0,1.0,1.0,0.8735289434155374,105,0,0,-1,,,
33c84d1650d45e15,1,1.0,0,1.0,1.0,0.8731384047822743,101,0,0,-1,,,
33197ac2a7445bd7,1,1.0,0,1.0,1.0,0.8793602293078777,103,0,0,-1,,,
1b5606e475d554f7,1,1.0,0,1.0,1.0,0.8740571796978133,100,0,0,-1,,,
b5be2c625dcf54e2,1,1.0,0,1.0,1.0,0.9011020072933542,100,0,0,-1,,,
bbc1735031c25ff7,1,1.0,0,1.0,1.0,0.7970046602303937,105,0,0,-1,,,
578fc7fcef215f0f,1,1.0,0,1.0,1.0,0.776197121743318,105,0,0,-1,,,
0092e40a13ea52f4,1,1.0,0,1.0,1.0,0.9908996620018571,347,0,0,-1,,,
6abe0ed266f258d9,1,1.0,0,1.0,1.0,0.989861132313275,344,0,0,-1,,,
5e119121956f52be,1,1.0,0,1.0,1.0,0.9895236317377267,335,0,0,-1,,,
6ddd79643130526d,1,1.0,0,1.0,1.0,0.9931251968772022,322,0,0,-1,,,
ca3e9faa3258522b,1,1.0,0,1.0,1.0,1.0,323,0,0,-1,,,
0e15e43a4c725f49,1,1.0,0,1.0,1.0,0.9946496530706009,323,0,0,-1,,,
9b20027801905b4c,1,1.0,0,1.0,1.0,0.992720241686377,329,0,0,-1,,,
15a50c88ab0255ca,1,1.0,0,1.0,1.0,0.9933831945737758,335,0,0,-1,,,
7505cca154d95d60,1,1.0,0,1.0,1.0,0.9692276371476588,166,0,0,-1,,,
1f53a73b41095041,1,1.0,0,1.0,1.0,0.9842641156389392,167,0,0,-1,,,
6891e8163e4d5e58,1,1.0,0,1.0,1.0,0.968640841404714,162,0,0,-1,,,
342953cadb9f57b2,1,1.0,0,1.0,1.0,0.9661338802986018,157,0,0,-1,,,
324b5f24fb0c5f3f,1,1.0,0,1.0,1.0,0.903700205232659,153,0,0,-1,,,
74abadad5fd65d44,1,1.0,0,1.0,1.0,0.8513465166333436,146,0,0,-1,,,
8c7e28b482935cd8,1,1.0,0,1.0,1.0,1.0,138,0,0,-1,,,
9ad434ec99685d35,1,1.0,0,1.0,1.0,1.0,163,0,0,-1,,,
dc97241b7037592b,1,1.0,0,1.0,1.0,0.9181767954349436,46,0,0,-1,,,
5868a706ae7b5003,1,1.0,0,1.0,1.0,0.9378272118903475,44,0,0,-1,,,
14618f22bb605676,1,1.0,0,1.0,1.0,0.9522430891179129,42,0,0,-1,,,
08c2b3b529de59d4,1,1.0,0,1.0,1.0,0.8583861430001204,41,0,0,-1,,,
13fe271547945a97,1,1.0,0,1.0,1.0,1.0,41,0,0,-1,,,
abb5501b10e65b19,1,1.0,0,1.0,1.0,1.0,38,0,0,-1,,,
df020b6bdc1b59c0,1,1.0,0,1.0,1.0,1.0,40,0,0,-1,,,
2f8e10ba1a8f5672,1,1.0,0,1.0,1.0,0.8249899681620191,58,0,0,-1,,,
1dfce400c1ba574c,1,1.0,0,1.0,1.0,0.8827627808429644,163,0,0,-1,,,
cf9af12edb535bc0,1,1.0,0,1.0,1.0,0.8835250462863122,166,0,0,-1,,,
f4da0138413c595a,1,1.0,0,1.0,1.0,0.9382015356049216,170,0,0,-1,,,
afe18a576559502d,1,1.0,0,1.0,1.0,0.9604836229117634,170,0,0,-1,,,
7bfd8ff8489158cc,1,1.0,0,1.0,1.0,0.937282200615266,175,0,0,-1,,,
8060b1342b775188,1,1.0,0,1.0,1.0,0.9380345978113057,169,0,0,-1,,,
ce82b44e8dfd5e1d,1,1.0,0,1.0,1.0,0.9692431611216173,171,0,0,-1,,,
6fb8d5597c8c5881,1,1.0,0,1.0,1.0,0.9791733898233587,171,0,0,-1,,,
e3608421b9825fbd,1,1.0,0,1.0,1.0,1.0,21,0,0,-1,,,
5dca8b6e3d2a5c2d,1,1.0,0,0.0,1.0,0.5833333333333334,19,0,0,-1,,,
f558dbb8523f552f,1,0.0,1,0.0,1.0,0.0,19,1,0,2,PEDESTRIAN,2,7.4
fa80f505766d50fa,1,0.0,1,0.0,1.0,0.0,19,1,0,1,PEDESTRIAN,1,7.3
4b499c985f02545f,1,1.0,0,1.0,1.0,0.9617829437970027,24,0,0,-1,,,
e92c94f8bdcc54c6,1,1.0,0,1.0,1.0,0.9739086089566511,30,0,0,-1,,,
263f5537c4f85b38,1,1.0,0,1.0,1.0,0.9169086026921089,4,0,0,-1,,,
c400f7664ba35555,1,1.0,0,1.0,1.0,0.9139817858837435,4,0,0,-1,,,
865dfd5f72fa599b,1,1.0,0,1.0,1.0,0.9074637986069921,4,0,0,-1,,,
a1065191d3525bb1,1,1.0,0,1.0,1.0,0.9111214457359461,4,0,0,-1,,,
c63b3d251ef85a13,1,1.0,0,1.0,1.0,0.9101081345390014,4,0,0,-1,,,
01fa845276f857c5,1,1.0,0,1.0,1.0,0.9116049939721614,5,0,0,-1,,,
fbb8f13bd26a5eee,1,1.0,0,1.0,1.0,0.9118276526751844,5,0,0,-1,,,
9a2894f199095f96,1,1.0,0,1.0,1.0,0.9119863862837635,5,0,0,-1,,,
926ea834d8f256d5,1,1.0,0,1.0,1.0,0.9128475973789181,5,0,0,-1,,,
4999981a1cac596e,1,1.0,0,1.0,1.0,0.9136002883225948,5,0,0,-1,,,
0b7ee9446b7f541e,1,1.0,0,1.0,1.0,1.0,141,0,0,-1,,,
085f9a1ec71b50c2,1,1.0,0,1.0,1.0,1.0,137,0,0,-1,,,
2556a5c923c95128,1,1.0,0,1.0,1.0,0.9261135581704337,82,0,0,-1,,,
53ed75baf8ef5022,1,1.0,0,1.0,1.0,0.6827111255134115,77,0,0,-1,,,
10ae805f0be95c1f,1,1.0,0,1.0,1.0,0.9463774102891319,59,0,0,-1,,,
f064ef8fafcf5528,1,1.0,0,1.0,1.0,0.9233127546040665,53,0,0,-1,,,
3bf1265b7ab65fc2,1,1.0,0,1.0,1.0,0.9523759057032208,50,0,0,-1,,,
a55fa060a119508b,1,1.0,0,1.0,1.0,0.9465021807179435,45,0,0,-1,,,
b0ec3fbe5d07514d,1,1.0,0,1.0,1.0,0.8846338651782828,22,0,0,-1,,,
6cd23fffac65568b,1,1.0,0,1.0,1.0,0.8615895269592778,25,0,0,-1,,,
4646c3058d13526c,1,1.0,0,1.0,1.0,0.846628828068274,27,0,0,-1,,,
5d68790fd55c5e41,1,1.0,0,1.0,1.0,0.8788237166385583,26,0,0,-1,,,
b5991c2d51f65715,1,1.0,0,1.0,1.0,0.8777955690510995,30,0,0,-1,,,
29fea23055595de3,1,1.0,0,1.0,1.0,0.8977734980590221,32,0,0,-1,,,
4b000a2bc6fe5305,1,1.0,0,1.0,1.0,0.8863426262249883,31,0,0,-1,,,
e7dc959cb4745b66,1,1.0,0,1.0,1.0,0.8775371903004529,32,0,0,-1,,,
69f1c6885a4859c9,1,1.0,0,1.0,1.0,0.9137180869745603,22,0,0,-1,,,
6e59104beb995339,1,1.0,0,1.0,1.0,0.9234421371201565,22,0,0,-1,,,
a79297e78d8857b4,1,1.0,0,1.0,1.0,0.9304768717212762,23,0,0,-1,,,
3ef16d00a16b5c94,1,1.0,0,1.0,1.0,0.9075967348056517,22,0,0,-1,,,
749a8604cf285389,1,1.0,0,1.0,1.0,0.9204843374544854,23,0,0,-1,,,
aca9ba55e052575b,1,1.0,0,1.0,1.0,0.9307726502682033,23,0,0,-1,,,
14b25ce243865457,1,1.0,0,1.0,1.0,0.9310613626300063,23,0,0,-1,,,
fbf9670a3e82519c,1,1.0,0,1.0,1.0,1.0,22,0,0,-1,,,
58d40da0cce05d8c,1,1.0,0,1.0,1.0,0.9150805672904699,138,0,0,-1,,,
b0546b8af0f95c05,1,1.0,0,1.0,1.0,0.9917759682027535,147,0,0,-1,,,
9dc5a17094e0569d,1,1.0,0,1.0,1.0,0.9590051035650272,151,0,0,-1,,,
afbf26b6d3bb5bee,1,1.0,0,0.0,1.0,0.28150373478058,167,0,0,-1,,,
dfa220d6e64f5d84,1,1.0,0,1.0,1.0,1.0,166,0,0,-1,,,
d58c4ad27c525465,1,1.0,0,1.0,1.0,0.8261324731174629,165,0,0,-1,,,
6e575fd36c4d5de3,1,1.0,0,1.0,1.0,0.9416561268884163,136,0,0,-1,,,
1e527ab20dd55310,1,1.0,0,1.0,1.0,0.917762332867547,121,0,0,-1,,,
d37afaf062ea5835,1,1.0,0,1.0,1.0,0.8739084744567892,34,0,0,-1,,,
e45023fbb46857d6,1,1.0,0,1.0,1.0,0.8685617674485412,34,0,0,-1,,,
b890de4c4ff65ddb,1,1.0,0,1.0,1.0,0.8765150358767849,36,0,0,-1,,,
b39c69db9eb45416,1,1.0,0,1.0,1.0,0.7944741763822964,36,0,0,-1,,,
ff60af032dbd5caa,1,1.0,0,1.0,1.0,0.7562580271958911,37,0,0,-1,,,
779852a1160f56f9,1,1.0,0,1.0,1.0,0.8915321757699318,36,0,0,-1,,,
e052a41759445a28,1,1.0,0,1.0,1.0,0.820893595911635,42,0,0,-1,,,
d1e4600c80ab519a,1,1.0,0,1.0,1.0,0.8003598512316356,41,0,0,-1,,,
e23fdb8f34b35d20,1,1.0,0,1.0,1.0,0.9065653954930601,22,0,0,-1,,,
6062e3ace278511a,1,1.0,0,1.0,1.0,0.8791400373752875,24,0,0,-1,,,
74707039ce5550d1,1,1.0,0,1.0,1.0,0.8940307302490066,24,0,0,-1,,,
c93008394b945625,1,1.0,0,1.0,1.0,0.9001090839182103,19,0,0,-1,,,
a7aa2b49e81b5d4f,1,1.0,0,1.0,1.0,0.9110498466331777,18,0,0,-1,,,
0d3dd11b84c8518e,1,1.0,0,1.0,1.0,0.9134366309491805,19,0,0,-1,,,
f9d9a2a2e2d25a8c,1,1.0,0,1.0,1.0,0.9149566930937111,20,0,0,-1,,,
943c308c85d25ee5,1,1.0,0,1.0,1.0,0.9318769615845648,21,0,0,-1,,,
4750f239602d5627,1,1.0,0,1.0,1.0,0.9151829038647475,5,0,0,-1,,,
6c8d2b130c4d5288,1,1.0,0,1.0,1.0,0.9158198694196445,5,0,0,-1,,,
0c3f741051575a36,1,1.0,0,1.0,1.0,0.9169147600670371,5,0,0,-1,,,
ae01be6a753e5f98,1,1.0,0,1.0,1.0,0.9174232444818871,6,0,0,-1,,,
59baf497f88254c8,1,1.0,0,1.0,1.0,0.9201233280787688,6,0,0,-1,,,
8794578fbb0e57f4,1,1.0,0,1.0,1.0,0.9223333643859956,7,0,0,-1,,,
78754f4862d65445,1,1.0,0,1.0,1.0,0.9229720639961597,7,0,0,-1,,,
5e4f0ddf24da5f97,1,1.0,0,1.0,1.0,0.9077679671088356,9,0,0,-1,,,
09ce454826895686,1,1.0,0,1.0,1.0,0.9065544742362582,11,0,0,-1,,,
ff4f691f82915561,1,1.0,0,1.0,1.0,0.9205047108366532,13,0,0,-1,,,
e4b8bdb842ae567e,1,1.0,0,1.0,1.0,0.8955300326138579,36,0,0,-1,,,
56a5e83ad14c558a,1,1.0,0,1.0,1.0,0.8941380207002569,35,0,0,-1,,,
a35a1d0c099151cc,1,1.0,0,1.0,1.0,0.8611862823421689,42,0,0,-1,,,
515fefed28a65a88,1,1.0,0,1.0,1.0,0.8843615359619948,44,0,0,-1,,,
a5ddad9bbb505316,1,1.0,0,1.0,1.0,0.9115604387093544,44,0,0,-1,,,
dd32aebcb8e6550e,1,1.0,0,1.0,1.0,0.9119396212542887,46,0,0,-1,,,
402b6ac9448a58d7,1,1.0,0,1.0,1.0,1.0,166,0,0,-1,,,
792d9ff087745f33,1,1.0,0,1.0,1.0,1.0,168,0,0,-1,,,
d9d22fcc4d395fc9,1,1.0,0,1.0,1.0,1.0,171,0,0,-1,,,
67286bba873e56f1,1,1.0,0,1.0,1.0,1.0,173,0,0,-1,,,
1c7a7a95bc3354b8,1,1.0,0,1.0,1.0,1.0,175,0,0,-1,,,
1d811c0428d255cd,1,1.0,0,1.0,1.0,1.0,176,0,0,-1,,,
7900996a42f35f67,1,1.0,0,1.0,1.0,1.0,25,0,0,-1,,,
862ca192b71f5d93,1,1.0,0,1.0,1.0,1.0,25,0,0,-1,,,
c52f491ebd5b521a,1,1.0,0,1.0,1.0,0.8890053836537611,46,0,0,-1,,,
af07e6e213f2582e,1,1.0,0,1.0,1.0,1.0,45,0,0,-1,,,
315ac5cd44ad5d1e,1,1.0,0,1.0,1.0,0.9193659711658745,47,0,0,-1,,,
6cd0498ce2d857f3,1,1.0,0,1.0,1.0,0.9703883229237622,47,0,0,-1,,,
6387e5c4dd2f5e2a,1,1.0,0,1.0,1.0,0.9034893453364305,41,0,0,-1,,,
9b4a82c95856552f,1,1.0,0,1.0,1.0,0.9074945597198165,41,0,0,-1,,,
64d046ec9cee51d4,1,1.0,0,1.0,1.0,0.8477263413535909,40,0,0,-1,,,
de56fef875ac5a5e,1,1.0,0,1.0,1.0,0.8490124451815976,39,0,0,-1,,,
93a208914ea85781,1,1.0,0,1.0,1.0,0.8068569005732519,41,0,0,-1,,,
c5b4ff1be8bb5113,1,1.0,0,1.0,1.0,0.8704194942184035,39,0,0,-1,,,
236914bd075052ca,1,1.0,0,1.0,1.0,0.8651219316368607,38,0,0,-1,,,
3b5ea54bfd575d68,1,1.0,0,1.0,1.0,0.9158850822978457,36,0,0,-1,,,
2a06b778a64b545e,1,1.0,0,1.0,1.0,0.9351733199531411,35,0,0,-1,,,
ed896606c8d658fc,1,1.0,0,1.0,1.0,0.938078366357867,34,0,0,-1,,,
839206ee819e582f,1,1.0,0,1.0,1.0,0.978193306923528,32,0,0,-1,,,
d025c5fb0df05ef7,1,1.0,0,1.0,1.0,0.9799016017324278,32,0,0,-1,,,
6743ebcc6f5259b8,1,1.0,0,1.0,1.0,0.8573613477698966,17,0,0,-1,,,
fb311858e737556d,1,1.0,0,1.0,1.0,0.703135221738915,17,0,0,-1,,,
680c8d90658556da,1,1.0,0,1.0,1.0,0.7004667238820564,18,0,0,-1,,,
e46762b07ca45b74,1,1.0,0,1.0,1.0,0.8149326267135356,16,0,0,-1,,,
e62a5092735359ee,1,1.0,0,1.0,1.0,0.8217733178876219,15,0,0,-1,,,
fcdcb2e456bf5360,1,1.0,0,1.0,1.0,0.8471051583611503,16,0,0,-1,,,
b86df9a9f50e525a,1,1.0,0,1.0,1.0,0.8231207874621639,16,0,0,-1,,,
d9560f4ad686510f,1,1.0,0,1.0,1.0,0.8327720093265727,17,0,0,-1,,,
b5e3abde704b54c8,1,1.0,0,1.0,1.0,0.7930905829080985,42,0,0,-1,,,
6e344e75ca4e543e,1,1.0,0,1.0,1.0,0.8299718444509825,38,0,0,-1,,,
32399e644e53534a,1,1.0,0,1.0,1.0,0.8132332516552051,39,0,0,-1,,,
d5a79b89fb985129,1,1.0,0,1.0,1.0,0.8161596278679655,38,0,0,-1,,,
b52b4358ca335eb9,1,1.0,0,1.0,1.0,0.819929837641657,38,0,0,-1,,,
3b34e3fd5b9e5767,1,1.0,0,1.0,1.0,0.8145403474940354,42,0,0,-1,,,
acfe9f2fe77c5b79,1,1.0,0,1.0,1.0,0.8115712707737024,42,0,0,-1,,,
7fcd06d455d55572,1,1.0,0,1.0,1.0,0.8474653857310365,42,0,0,-1,,,
3a7b323176855920,1,1.0,0,1.0,1.0,0.9041507038889293,23,0,0,-1,,,
938ceea80dd85b62,1,1.0,0,1.0,1.0,0.8933292004339869,24,0,0,-1,,,
5862cc032cf45893,1,1.0,0,1.0,1.0,0.8761256063606346,23,0,0,-1,,,
f424ee234e385b95,1,1.0,0,1.0,1.0,0.9187718910277356,17,0,0,-1,,,
56587c89d25856b7,1,1.0,0,1.0,1.0,0.6711503921817985,15,0,0,-1,,,
76cf7bb2e9625482,1,1.0,0,1.0,1.0,0.7718012511382503,15,0,0,-1,,,
29af925fc44b5380,1,1.0,0,1.0,1.0,0.718129149016851,14,0,0,-1,,,
efc87f8726645319,1,1.0,0,1.0,1.0,0.774886923573442,13,0,0,-1,,,
7ef3374d49a45a86,1,1.0,0,1.0,0.0,0.0,28,0,0,-1,,,
b9db0f40e33853b3,1,1.0,0,1.0,1.0,0.8730667199633874,26,0,0,-1,,,
804236dcfffa523e,1,1.0,0,1.0,1.0,0.8678952602598136,24,0,0,-1,,,
ff9d7c14934b541e,1,1.0,0,1.0,1.0,0.8654000032456136,24,0,0,-1,,,
e66b1160e38f5483,1,1.0,0,1.0,1.0,0.8618623689898852,24,0,0,-1,,,
ad8e3279524854c3,1,1.0,0,1.0,1.0,0.9443655870966777,25,0,0,-1,,,
f9505a84a7745537,1,1.0,0,1.0,1.0,0.9134425761557029,23,0,0,-1,,,
6c996448c2e45ca1,1,1.0,0,1.0,1.0,0.9098384847925051,22,0,0,-1,,,
b8434dfe0fbf56f0,1,1.0,0,1.0,1.0,0.7871729626608133,38,0,0,-1,,,
53a7531622255064,1,1.0,0,1.0,1.0,1.0,34,0,0,-1,,,
388391c4b8d45c36,1,1.0,0,1.0,1.0,1.0,34,0,0,-1,,,
ca2552a32a0058bc,1,1.0,0,1.0,1.0,0.8689791674823398,34,0,0,-1,,,
d945bc5c595d518d,1,1.0,0,1.0,1.0,0.8772347819505293,34,0,0,-1,,,
f6483f2f9126533f,1,1.0,0,1.0,1.0,0.8820340592708563,33,0,0,-1,,,
f65f43d44343500b,1,1.0,0,1.0,1.0,0.9003341883076731,32,0,0,-1,,,
44a4f1048fcc57ea,1,1.0,0,1.0,1.0,0.8831400311113108,32,0,0,-1,,,
e97cd418ab4c5691,1,1.0,0,1.0,1.0,0.9705087143266325,31,0,0,-1,,,
985e562ded345da4,1,1.0,0,1.0,1.0,0.987509758742552,31,0,0,-1,,,
d20dc707981f56e7,1,1.0,0,1.0,1.0,1.0,26,0,0,-1,,,
d5b18d6105c25004,1,1.0,0,1.0,1.0,1.0,28,0,0,-1,,,
f53ee13c32ac5bec,1,1.0,0,1.0,0.0,0.0,32,0,0,-1,,,
d978a6878e7b5e8b,1,1.0,0,1.0,0.0,0.0,31,0,0,-1,,,
12f5053055935463,1,1.0,0,1.0,0.0,0.0,30,0,0,-1,,,
ba72861df9725061,1,1.0,0,1.0,0.0,0.0,29,0,0,-1,,,
a998a0d0131f5208,1,1.0,0,1.0,1.0,0.832289143554934,17,0,0,-1,,,
e25ab8d2df785bf3,1,1.0,0,1.0,1.0,0.8633753001707799,20,0,0,-1,,,
b04064e074f55bb0,1,1.0,0,1.0,1.0,0.8703502123074273,20,0,0,-1,,,
e6e4e254f1c55405,1,1.0,0,1.0,1.0,0.8985538729104693,21,0,0,-1,,,
0451b850addd591c,1,1.0,0,1.0,1.0,0.863078884114093,20,0,0,-1,,,
fedeb108feed57c0,1,1.0,0,1.0,1.0,0.8621131423258711,18,0,0,-1,,,
64a52073ea395752,1,1.0,0,1.0,1.0,0.9158874239201557,18,0,0,-1,,,
0a672fa6dbb95d68,1,1.0,0,1.0,1.0,0.9109988071766374,20,0,0,-1,,,
964c8941cfe558bb,1,1.0,0,1.0,1.0,0.9111827056748595,34,0,0,-1,,,
ca62812a55ce5f0b,1,1.0,0,1.0,1.0,0.8765681822042909,31,0,0,-1,,,
2e5e4be9579d568d,1,1.0,0,1.0,1.0,0.9064829401436164,33,0,0,-1,,,
3d744662757d5ca2,1,1.0,0,1.0,1.0,0.9286956478910954,36,0,0,-1,,,
1b54d7f77eca559b,1,1.0,0,1.0,1.0,0.953213764440871,35,0,0,-1,,,
f674a05cc42b5d4a,1,1.0,0,1.0,1.0,0.9464700225891476,35,0,0,-1,,,
1252d1484b33558c,1,1.0,0,1.0,1.0,0.9331467599197355,35,0,0,-1,,,
63bd566666b75e4a,1,1.0,0,1.0,1.0,0.896501408105955,35,0,0,-1,,,
8a1eb240e9355b45,1,1.0,0,1.0,0.0,0.0,2,0,0,-1,,,
a76f3192f58250c2,1,1.0,0,1.0,0.0,0.0,2,0,0,-1,,,
a30baeb5294658b3,1,1.0,0,1.0,0.0,0.0,3,0,0,-1,,,
4d267b88562f52da,1,1.0,0,1.0,1.0,0.7517936204549294,3,0,0,-1,,,
cfa1a5ff80355988,1,1.0,0,1.0,1.0,0.8607605532328505,4,0,0,-1,,,
eb3dc7204bd55d17,1,1.0,0,1.0,1.0,0.9036729507258481,4,0,0,-1,,,
cc7a2b953265554a,1,1.0,0,1.0,1.0,0.9096826296483748,5,0,0,-1,,,
402ec186b8ea545e,1,1.0,0,1.0,1.0,1.0,5,0,0,-1,,,
74277113f82c56f3,1,1.0,0,1.0,1.0,0.9681857032859167,11,0,0,-1,,,
39147f08f4645365,1,1.0,0,1.0,1.0,0.9810712489830739,10,0,0,-1,,,
c10c52fd674f5277,1,1.0,0,1.0,1.0,0.7739157267238305,6,0,0,-1,,,
19227b35432f567e,1,1.0,0,1.0,1.0,0.7822649551387636,6,0,0,-1,,,
e9cb16355c1f5d9b,1,1.0,0,1.0,1.0,0.7385959256012944,4,0,0,-1,,,
f99a74d444e651d3,1,1.0,0,1.0,1.0,0.7854540339004287,4,0,0,-1,,,
d68ae36caae15586,1,1.0,0,1.0,1.0,0.8082511613966564,5,0,0,-1,,,
37b96c1d86665204,1,1.0,0,1.0,1.0,0.7851772996463864,5,0,0,-1,,,
2836705e16ba5691,1,1.0,0,1.0,0.0,0.0,15,0,0,-1,,,
8fc0b7212263588f,1,1.0,0,1.0,1.0,0.7695456946264,13,0,0,-1,,,
1a8da8e47d235dbe,1,1.0,0,1.0,1.0,0.7548208801427485,13,0,0,-1,,,
171e0bea742d52d0,1,1.0,0,1.0,1.0,0.7247035581796203,11,0,0,-1,,,
ed2466a660ba5661,1,1.0,0,1.0,1.0,0.7270105933395391,9,0,0,-1,,,
10d9d6d0ad405b9d,1,1.0,0,1.0,1.0,0.7712820835194062,10,0,0,-1,,,
d12fdbd7f3265051,1,1.0,0,1.0,1.0,0.9707466348842845,8,0,0,-1,,,
a0eb6fa78dc2558f,1,1.0,0,1.0,1.0,0.9789916740628716,8,0,0,-1,,,
bd06d301fe645a28,1,1.0,0,1.0,1.0,0.9220576564606168,5,0,0,-1,,,
02d9591fc6de53c8,1,1.0,0,1.0,1.0,0.9194619233282545,6,0,0,-1,,,
60021a9f6c585c16,1,1.0,0,1.0,1.0,0.9192394421734424,6,0,0,-1,,,
1a4d88c3ccc6586d,1,1.0,0,1.0,1.0,0.9216496595343905,6,0,0,-1,,,
98867b3fc7a95c24,1,1.0,0,1.0,1.0,0.9023660292305636,59,0,0,-1,,,
2243d4e976fb5b77,1,1.0,0,1.0,1.0,1.0,54,0,0,-1,,,
9bbf6e2211fb56d9,1,1.0,0,1.0,1.0,1.0,53,0,0,-1,,,
f1b8c54a906f525e,1,1.0,0,1.0,1.0,1.0,56,0,0,-1,,,
ced5e9f4d448524e,1,1.0,0,1.0,1.0,0.9708475216698863,46,0,0,-1,,,
26ba80ad72205a03,1,1.0,0,1.0,1.0,0.9958177415801179,45,0,0,-1,,,
a03c5e53159f54c3,1,1.0,0,1.0,1.0,0.9950916974116635,46,0,0,-1,,,
326760711b775740,1,1.0,0,1.0,1.0,0.9970250747478301,49,0,0,-1,,,
db1f0ea31f525bdb,1,1.0,0,1.0,1.0,1.0,49,0,0,-1,,,
ec60244b07ad5466,1,1.0,0,1.0,1.0,1.0,51,0,0,-1,,,
39fd7cb73aa259db,1,1.0,0,1.0,1.0,1.0,50,0,0,-1,,,
d655411faf595661,1,1.0,0,1.0,1.0,1.0,48,0,0,-1,,,
c29fb70bf1d056ca,1,1.0,0,1.0,0.0,0.0,50,0,0,-1,,,
835d02f9df8d5117,1,1.0,0,1.0,1.0,0.9557168402428472,51,0,0,-1,,,
fb4908bfeaf75ab1,1,1.0,0,1.0,1.0,0.9514572187491795,52,0,0,-1,,,
d443368fa4615242,1,1.0,0,1.0,1.0,1.0,50,0,0,-1,,,
1bddf6b0b25e5de4,1,1.0,0,1.0,1.0,1.0,49,0,0,-1,,,
e610e8c900a75a0b,1,1.0,0,1.0,1.0,0.991151670158172,46,0,0,-1,,,
3f2cec87b5ad5d96,1,1.0,0,1.0,1.0,0.9485774753475692,46,0,0,-1,,,
98cf54a70d5e5da9,1,1.0,0,1.0,1.0,1.0,48,0,0,-1,,,
d49b986924cd5bed,1,1.0,0,1.0,1.0,0.8418421129366699,58,0,0,-1,,,
40843dcbac9d5c2e,1,1.0,0,1.0,1.0,0.847344801871534,18,0,0,-1,,,
8d8f238bb7315004,1,1.0,0,1.0,1.0,0.8654135106547022,19,0,0,-1,,,
1586603a5a6353e6,1,1.0,0,1.0,1.0,0.7988927473022341,18,0,0,-1,,,
11182f26946650bd,1,1.0,0,1.0,1.0,0.8936391319351814,19,0,0,-1,,,
d767dfeed9965477,1,1.0,0,1.0,1.0,0.8529943187285082,20,0,0,-1,,,
f9c41d66eb3c5d86,1,1.0,0,1.0,1.0,0.8658921900213853,17,0,0,-1,,,
5b4f392698d35a5f,1,1.0,0,1.0,1.0,0.9033045779640784,17,0,0,-1,,,
0cf908f72d885124,1,1.0,0,1.0,1.0,0.9929495322149382,339,0,0,-1,,,
32454d817bcb5305,1,1.0,0,1.0,1.0,0.9900364179392068,342,0,0,-1,,,
6f7355de329659f2,1,1.0,0,1.0,1.0,0.923317565428334,160,0,0,-1,,,
8a91af177fee5522,1,1.0,0,1.0,1.0,0.930270030990362,162,0,0,-1,,,
e5fba7e447ff5a61,1,1.0,0,1.0,1.0,0.9163214560077085,158,0,0,-1,,,
218b80dbcd8551b8,1,1.0,0,1.0,1.0,0.8806613211563216,172,0,0,-1,,,
8b8466eb334f5957,1,1.0,0,1.0,1.0,0.8809416525978317,175,0,0,-1,,,
580004d79c9b53b8,1,1.0,0,1.0,1.0,0.8804831836993835,171,0,0,-1,,,
ae90dd8267ce57a0,1,1.0,0,1.0,1.0,0.8769995807455366,53,0,0,-1,,,
e344674ba93250b5,1,1.0,0,1.0,1.0,0.9345376068622322,53,0,0,-1,,,
89e8716cd98f54a0,1,1.0,0,1.0,1.0,0.8368256206581277,50,0,0,-1,,,
28871fc023c85fe6,1,1.0,0,1.0,1.0,0.8519070816340027,49,0,0,-1,,,
a75ca6ddabc1541b,1,1.0,0,1.0,1.0,1.0,48,0,0,-1,,,
a1592a3b82bb5060,1,1.0,0,1.0,1.0,1.0,47,0,0,-1,,,
229e86f19e7d5ced,1,1.0,0,1.0,1.0,1.0,46,0,0,-1,,,
d85c679f79b552ae,1,1.0,0,1.0,1.0,1.0,45,0,0,-1,,,
9f521d00c3ef55b7,1,1.0,0,1.0,1.0,0.9803514562798744,8,0,0,-1,,,
1fc3acd944ba540e,1,1.0,0,1.0,1.0,0.9272891092773247,5,0,0,-1,,,
52a4ade5aede53d9,1,1.0,0,1.0,1.0,0.9251963164688521,4,0,0,-1,,,
e62e904da0695956,1,1.0,0,1.0,1.0,0.9281573031683408,6,0,0,-1,,,
fbd06f49da055ea8,1,1.0,0,1.0,1.0,0.9660108535089446,6,0,0,-1,,,
1b88b298d405518e,1,1.0,0,1.0,1.0,0.5380598839162372,2,0,0,-1,,,
8f5b6181d28e5d4a,1,1.0,0,1.0,1.0,0.7606154512278577,2,0,0,-1,,,
c28c7b29e80059d2,1,1.0,0,1.0,0.0,0.0,2,0,0,-1,,,
9fc116e61c8e50e8,1,1.0,0,1.0,1.0,1.0,55,0,0,-1,,,
7ff27f83a8995932,1,1.0,0,1.0,1.0,0.9833185222440015,55,0,0,-1,,,
0d472b2f14735fd1,1,1.0,0,1.0,1.0,0.9375457160393558,56,0,0,-1,,,
52bffad1e6895ff1,1,1.0,0,1.0,1.0,0.9371713914911011,55,0,0,-1,,,
c7440ee97f0b5e75,1,1.0,0,1.0,1.0,0.9962608557895528,53,0,0,-1,,,
8872d388cf435f07,1,1.0,0,1.0,1.0,1.0,56,0,0,-1,,,
ae05160436d45a62,1,1.0,0,1.0,1.0,0.9746806684218866,53,0,0,-1,,,
14fe69db03425780,1,1.0,0,1.0,0.0,0.0,53,0,0,-1,,,
7fc46d2957805648,1,1.0,0,1.0,1.0,1.0,5,0,0,-1,,,
64f47c2f2c7754cb,1,1.0,0,1.0,1.0,0.7901313674530143,8,0,0,-1,,,
9147938e42675685,1,1.0,0,1.0,1.0,0.7430252658026619,9,0,0,-1,,,
88c0bfe353235280,1,1.0,0,1.0,1.0,0.7183620505274305,8,0,0,-1,,,
f9cfac7b9f30506d,1,1.0,0,1.0,1.0,0.7023586305386799,8,0,0,-1,,,
b74b5977823b527a,1,1.0,0,1.0,1.0,0.7438508873849452,9,0,0,-1,,,
883b090e1bca577a,1,1.0,0,1.0,1.0,0.9678693747828476,9,0,0,-1,,,
e03da8beb33a5e06,1,1.0,0,1.0,1.0,0.9554055769332216,11,0,0,-1,,,
a754894e5e355c0f,1,1.0,0,1.0,1.0,1.0,57,0,0,-1,,,
bcb48691833d5afe,1,1.0,0,1.0,1.0,0.9072288850678207,61,0,0,-1,,,
be382c6340e75946,1,1.0,0,0.0,1.0,0.5510921410604989,60,0,0,-1,,,
a454e18ca33d5cb7,1,1.0,0,1.0,1.0,1.0,95,0,0,-1,,,
f79397c87fbf5965,1,1.0,0,1.0,1.0,1.0,97,0,0,-1,,,
0cbeffce57295a2b,1,1.0,0,1.0,1.0,1.0,98,0,0,-1,,,
2b006c0fae365892,1,1.0,0,1.0,1.0,1.0,98,0,0,-1,,,
24a09c3c8a985e8e,1,1.0,0,1.0,1.0,1.0,99,0,0,-1,,,
21cef59c18245d4c,1,1.0,0,1.0,1.0,1.0,99,0,0,-1,,,
8551111013245067,1,1.0,0,1.0,1.0,1.0,95,0,0,-1,,,
7288ac3781fd51a8,1,1.0,0,1.0,1.0,1.0,95,0,0,-1,,,
bdc6855188a351ca,1,1.0,0,1.0,1.0,1.0,93,0,0,-1,,,
1a1b315baec45bc3,1,1.0,0,1.0,1.0,1.0,87,0,0,-1,,,
db601036b2fb58d7,1,1.0,0,1.0,1.0,1.0,86,0,0,-1,,,
3623f8c74e7a5d1d,1,1.0,0,1.0,1.0,1.0,81,0,0,-1,,,
c77d96b1b7d65d8a,1,1.0,0,1.0,1.0,1.0,174,0,0,-1,,,
635eb3ecbf415418,1,1.0,0,1.0,1.0,0.9639292469514208,232,0,0,-1,,,
6097ef5cbbfd5dd9,1,1.0,0,1.0,1.0,0.979763235761272,230,0,0,-1,,,
e377a0a97c895d9c,1,1.0,0,1.0,1.0,0.960638724464227,228,0,0,-1,,,
5bd8cf3fa67a524f,1,1.0,0,1.0,1.0,0.9865334281394254,219,0,0,-1,,,
cd3b1de5d5d759e7,1,1.0,0,1.0,1.0,0.9780107234687371,214,0,0,-1,,,
d63949c1e1a25eab,1,1.0,0,1.0,1.0,0.9687812408021129,205,0,0,-1,,,
378d79a6bf715912,1,1.0,0,1.0,1.0,0.9339172063474415,171,0,0,-1,,,
5a454b4d1c535366,1,1.0,0,1.0,1.0,0.9249529647209335,179,0,0,-1,,,
ae07b0ef14e25e47,1,1.0,0,1.0,1.0,0.8593641559450903,98,0,0,-1,,,
210e056a17d1522d,1,1.0,0,1.0,1.0,0.9362282841237298,99,0,0,-1,,,
e57f09cee57d5ee1,1,1.0,0,1.0,1.0,0.9242253842351543,99,0,0,-1,,,
5997813b7cc55036,1,1.0,0,1.0,1.0,0.9367651273071894,105,0,0,-1,,,
34f30283d3bd53ec,1,1.0,0,1.0,1.0,0.9261397855738345,186,0,0,-1,,,
868b74972b4c59fd,1,1.0,0,1.0,1.0,0.9198412489099876,197,0,0,-1,,,
412e722526585e4a,1,1.0,0,1.0,1.0,0.9124912156350883,201,0,0,-1,,,
cddadd26002959f4,1,1.0,0,1.0,1.0,0.9277025824811492,211,0,0,-1,,,
1db88198fce854da,1,1.0,0,1.0,1.0,0.8783079678071052,172,0,0,-1,,,
cb7ce9515c495674,1,1.0,0,1.0,1.0,0.8631199937787998,174,0,0,-1,,,
748a5531d6415e0c,1,1.0,0,1.0,1.0,1.0,177,0,0,-1,,,
54169f6efe825b79,1,1.0,0,1.0,1.0,1.0,182,0,0,-1,,,
04a8b092cd525260,1,1.0,0,1.0,1.0,1.0,191,0,0,-1,,,
0a177b48593d521c,1,1.0,0,1.0,1.0,1.0,189,0,0,-1,,,
e817f131c7815d82,1,1.0,0,1.0,1.0,1.0,188,0,0,-1,,,
e77360b1bf605f87,1,1.0,0,1.0,1.0,1.0,184,0,0,-1,,,
7c7ce7ea08b15930,1,1.0,0,1.0,1.0,0.918418404141003,132,0,0,-1,,,
563cd0d9beb7563a,1,1.0,0,1.0,1.0,0.9140609668927991,137,0,0,-1,,,
4e7cd1f8ab6353ff,1,1.0,0,1.0,1.0,0.903299334624441,145,0,0,-1,,,
d1ac97f2f57553d0,1,1.0,0,1.0,1.0,0.8971618567168945,157,0,0,-1,,,
35fa5481e4de5703,1,1.0,0,1.0,1.0,0.8889335809873996,165,0,0,-1,,,
61720db8cab2508a,1,1.0,0,1.0,1.0,0.9012682758323107,169,0,0,-1,,,
556118fe6e455038,1,1.0,0,1.0,1.0,0.8953230394555973,169,0,0,-1,,,
9bfe6fa481105f43,1,1.0,0,1.0,1.0,0.885267696302744,174,0,0,-1,,,
c65c265780365bb1,1,1.0,0,1.0,1.0,0.5248033753447556,29,0,0,-1,,,
fb21dbec77535015,1,1.0,0,1.0,1.0,0.7117889475671227,32,0,0,-1,,,
0278f1a2ae3b5ae5,1,1.0,0,1.0,1.0,0.746442046303828,34,0,0,-1,,,
cf1ba57897845189,1,1.0,0,1.0,1.0,0.7511594989018099,33,0,0,-1,,,
c020f63dbf0d59a6,1,1.0,0,1.0,1.0,0.7482619782000883,28,0,0,-1,,,
d2937fdb8d605a73,1,1.0,0,1.0,1.0,0.7181690072199028,29,0,0,-1,,,
bdf6ce6385325a58,1,1.0,0,1.0,1.0,0.7534716521130295,29,0,0,-1,,,
e0545b6d2b755ea9,1,1.0,0,1.0,1.0,0.71139081237152,28,0,0,-1,,,
82e84851ea985ba8,1,1.0,0,1.0,1.0,0.9554769050623695,196,0,0,-1,,,
1108eba0b4415340,1,1.0,0,1.0,1.0,0.9198493904019127,200,0,0,-1,,,
396eba48b9c5529d,1,1.0,0,1.0,1.0,0.9200168244115016,198,0,0,-1,,,
92c7b16cbf5a5d8c,1,1.0,0,1.0,1.0,1.0,198,0,0,-1,,,
3b88ba584a4a5d7e,1,1.0,0,1.0,1.0,1.0,198,0,0,-1,,,
282d1f01eef856f5,1,1.0,0,1.0,1.0,1.0,199,0,0,-1,,,
83f2ecc101925a5d,1,1.0,0,1.0,1.0,1.0,203,0,0,-1,,,
4a0ba18cefc05c63,1,1.0,0,1.0,1.0,1.0,199,0,0,-1,,,
efcc43b333075098,1,1.0,0,1.0,1.0,0.9394690392471708,186,0,0,-1,,,
2cde4f39412a556d,1,1.0,0,1.0,1.0,0.9379020773214761,193,0,0,-1,,,
3d523a73f2815ea4,1,1.0,0,1.0,1.0,0.9624733557658601,197,0,0,-1,,,
8299207e310b595e,1,1.0,0,1.0,1.0,0.9685920259043382,200,0,0,-1,,,
c3c6442b2f525269,1,1.0,0,1.0,1.0,0.9791144425611046,197,0,0,-1,,,
5b1acae08f2e5d76,1,1.0,0,1.0,1.0,0.9927708259122724,199,0,0,-1,,,
4dd817ed8b515ab1,1,1.0,0,1.0,1.0,0.9955656543052962,202,0,0,-1,,,
00b2afbb751b59c6,1,1.0,0,1.0,1.0,0.9755341980168545,197,0,0,-1,,,
24d02c4c2a325f01,1,1.0,0,1.0,1.0,0.9579030585263797,316,0,0,-1,,,
93c36f72811852d3,1,1.0,0,1.0,1.0,0.9843031349382704,328,0,0,-1,,,
f10d0ad9103c5495,1,1.0,0,1.0,1.0,0.9842111089990243,330,0,0,-1,,,
b9c8a72571a85792,1,1.0,0,1.0,1.0,0.9810404983894321,319,0,0,-1,,,
52de85cf514f5afd,1,1.0,0,1.0,1.0,0.9783787547273851,308,0,0,-1,,,
6884907db45c5cad,1,1.0,0,1.0,1.0,0.975567517074028,308,0,0,-1,,,
45e8b10f95925c47,1,1.0,0,1.0,1.0,1.0,317,0,0,-1,,,
6280a12d79b4518a,1,1.0,0,1.0,1.0,0.999423299490538,313,0,0,-1,,,
6370add5182e51b7,1,1.0,0,1.0,1.0,1.0,142,0,0,-1,,,
135ae32b6edc55c5,1,1.0,0,1.0,1.0,1.0,144,0,0,-1,,,
974a70027f8f593c,1,1.0,0,1.0,1.0,1.0,145,0,0,-1,,,
ed98a4566ea95092,1,1.0,0,1.0,1.0,1.0,140,0,0,-1,,,
a371624958cb52ea,1,1.0,0,1.0,1.0,1.0,131,0,0,-1,,,
cfb755b8d37458ac,1,1.0,0,1.0,1.0,0.9502793515941494,29,0,0,-1,,,
9e7ae0e0f04255fa,1,0.0,1,0.0,1.0,0.0,29,1,0,2,VEHICLE,2,16.2
8f5cefce0c0259d9,1,1.0,0,1.0,1.0,0.9162221869797716,25,0,0,-1,,,
d6ec2a0b9fe25a58,1,1.0,0,1.0,1.0,1.0,222,0,0,-1,,,
e67729beeaa95c34,1,1.0,0,1.0,1.0,1.0,229,0,0,-1,,,
7a146021c3485224,1,1.0,0,1.0,1.0,1.0,258,0,0,-1,,,
e9d7cc484394548f,1,1.0,0,1.0,1.0,1.0,259,0,0,-1,,,
dc0c3446973f56b3,1,1.0,0,1.0,1.0,1.0,261,0,0,-1,,,
58e19769184c5f43,1,1.0,0,1.0,1.0,1.0,266,0,0,-1,,,
431ae29947e95c26,1,1.0,0,1.0,1.0,0.9055965503672461,93,0,0,-1,,,
4606b66d9fe75354,1,1.0,0,1.0,1.0,0.9867068055258024,94,0,0,-1,,,
e8f5c2714bfe5213,1,1.0,0,1.0,1.0,0.9735716270432899,308,0,0,-1,,,
4b594a8e80915943,1,1.0,0,1.0,1.0,0.9352535241104428,360,0,0,-1,,,
812464919a4f5362,1,1.0,0,1.0,1.0,0.918875320108382,353,0,0,-1,,,
ff5e13b14d735e52,1,1.0,0,1.0,1.0,1.0,353,0,0,-1,,,
2c67391395c65d6a,1,1.0,0,1.0,1.0,1.0,358,0,0,-1,,,
f6195258cc20552f,1,1.0,0,1.0,1.0,1.0,352,0,0,-1,,,
ac0fb7997f4e5106,1,1.0,0,1.0,1.0,1.0,333,0,0,-1,,,
35f226ec4cac52fc,1,1.0,0,1.0,1.0,1.0,333,0,0,-1,,,
f587b097f5f65db6,1,1.0,0,1.0,1.0,1.0,157,0,0,-1,,,
534431abbbd75d4f,1,1.0,0,1.0,1.0,1.0,156,0,0,-1,,,
3e5bb75bed1d58ad,1,1.0,0,1.0,1.0,1.0,154,0,0,-1,,,
ab2b84d310be5bed,1,1.0,0,1.0,1.0,0.9248365585335868,148,0,0,-1,,,
901722c88ebf50ea,1,1.0,0,1.0,1.0,0.8791469955132887,141,0,0,-1,,,
0b5b1309df2f5627,1,1.0,0,1.0,1.0,0.847768791498794,143,0,0,-1,,,
5ee6f86b7dec5484,1,1.0,0,1.0,1.0,1.0,144,0,0,-1,,,
23d70775af9754e8,1,1.0,0,1.0,1.0,1.0,144,0,0,-1,,,
8b369f66349d550a,1,1.0,0,1.0,1.0,1.0,199,0,0,-1,,,
11936935515f5daa,1,1.0,0,1.0,1.0,1.0,201,0,0,-1,,,
fda70850d06c51a1,1,1.0,0,1.0,1.0,1.0,201,0,0,-1,,,
ca009ab283bc5484,1,1.0,0,1.0,1.0,1.0,202,0,0,-1,,,
c9395d7ca7f75410,1,1.0,0,1.0,1.0,1.0,203,0,0,-1,,,
15454d7562d45fe6,1,1.0,0,1.0,1.0,0.9368912521619129,117,0,0,-1,,,
bd377bbe5b695df0,1,1.0,0,1.0,1.0,0.9255029036489019,125,0,0,-1,,,
e0164d976037592c,1,1.0,0,1.0,1.0,0.9331841111806755,129,0,0,-1,,,
e22fe7366ecd5c70,1,1.0,0,1.0,1.0,1.0,51,0,0,-1,,,
dcf89e4b93ba5fbe,1,1.0,0,1.0,1.0,1.0,51,0,0,-1,,,
e7aded473b7e5183,1,1.0,0,1.0,1.0,0.89587062243316,46,0,0,-1,,,
2631b349e0ce5b83,1,1.0,0,1.0,1.0,0.8895479805799645,44,0,0,-1,,,
baef20f6b33e594e,1,1.0,0,1.0,1.0,1.0,41,0,0,-1,,,
750b8c926ffd5895,1,1.0,0,1.0,1.0,1.0,39,0,0,-1,,,
985240456390586f,1,1.0,0,1.0,1.0,1.0,36,0,0,-1,,,
4bf95781578b59ec,1,1.0,0,1.0,1.0,1.0,34,0,0,-1,,,
d2d63c8eb7545fc1,1,1.0,0,1.0,1.0,1.0,182,0,0,-1,,,
0d145fab90475c8f,1,1.0,0,1.0,1.0,0.908884671581406,175,0,0,-1,,,
0af3e039185d57f3,1,1.0,0,1.0,1.0,1.0,177,0,0,-1,,,
315ade412d0f5304,1,1.0,0,1.0,1.0,1.0,171,0,0,-1,,,
93d4ab80a0cf5f01,1,1.0,0,1.0,1.0,1.0,166,0,0,-1,,,
75a8be89195651aa,1,1.0,0,1.0,1.0,1.0,170,0,0,-1,,,
1bf45a481f1d52e3,1,1.0,0,1.0,1.0,1.0,213,0,0,-1,,,
859b85899c105afc,1,1.0,0,1.0,1.0,1.0,217,0,0,-1,,,
cf50ffa22c81555d,1,1.0,0,1.0,1.0,0.8998123093362907,27,0,0,-1,,,
d142ab856b7653df,1,1.0,0,1.0,0.0,0.0,28,0,0,-1,,,
8d04552a13985dc6,1,1.0,0,1.0,0.0,0.0,28,0,0,-1,,,
8a6de2af60965cd0,1,1.0,0,1.0,1.0,0.9171518836601816,29,0,0,-1,,,
001d444661b45635,1,1.0,0,1.0,0.0,0.0,28,0,0,-1,,,
553c80b72cdc5c04,1,1.0,0,1.0,1.0,0.905174477111732,28,0,0,-1,,,
68e8dda3806f5b88,1,1.0,0,1.0,1.0,0.9033717550827217,27,0,0,-1,,,
df3d0104b7665474,1,1.0,0,1.0,1.0,0.526001449233747,28,0,0,-1,,,
2cc526803c3250c9,1,1.0,0,1.0,1.0,0.9848834349194105,40,0,0,-1,,,
ed97bf4877fa5bb0,1,1.0,0,1.0,1.0,0.9827877542020222,39,0,0,-1,,,
d1e46ac6cbe15c1e,1,1.0,0,1.0,1.0,0.9570402532862471,39,0,0,-1,,,
df4bbe0b4f6d5312,1,1.0,0,1.0,1.0,0.9685670429047649,40,0,0,-1,,,
6fa0a76b37b558bd,1,1.0,0,1.0,1.0,0.9178331677165789,40,0,0,-1,,,
b31e39a660f1535f,1,1.0,0,1.0,1.0,1.0,40,0,0,-1,,,
b7e7604c72e051da,1,1.0,0,1.0,1.0,1.0,39,0,0,-1,,,
2a6936d84bda531f,1,1.0,0,1.0,1.0,1.0,37,0,0,-1,,,
bba5d587cab25dfa,1,1.0,0,1.0,1.0,0.8428267945616795,49,0,0,-1,,,
aa5f2769e03f5a8b,1,1.0,0,1.0,1.0,0.7560112884264113,48,0,0,-1,,,
9a95f91ea98652ca,1,1.0,0,1.0,1.0,0.8671373601244622,46,0,0,-1,,,
703aa650ece25a02,1,1.0,0,1.0,1.0,0.9987844586055283,48,0,0,-1,,,
458fa5236b795941,1,1.0,0,1.0,1.0,0.9596932074443171,47,0,0,-1,,,
44137cf5578956d1,1,1.0,0,1.0,1.0,0.9540053504021003,47,0,0,-1,,,
df78364de73e581b,1,1.0,0,1.0,1.0,0.9557041309884355,48,0,0,-1,,,
5498f9f2cfc55668,1,1.0,0,1.0,1.0,0.9542583112047008,50,0,0,-1,,,
5e48f684248053bd,1,1.0,0,1.0,1.0,1.0,37,0,0,-1,,,
ce9ee9a68a4c5e93,1,1.0,0,1.0,1.0,1.0,37,0,0,-1,,,
9ddee0363c1f530a,1,1.0,0,1.0,1.0,1.0,38,0,0,-1,,,
4c8d222d98115a86,1,1.0,0,1.0,1.0,1.0,36,0,0,-1,,,
34eb9be2f88a5234,1,1.0,0,1.0,1.0,0.9664898144913447,38,0,0,-1,,,
dece3a034000579e,1,1.0,0,1.0,1.0,1.0,40,0,0,-1,,,
4b04d67c77455726,1,1.0,0,1.0,1.0,0.9492816938115952,39,0,0,-1,,,
fdee882945885aa7,1,1.0,0,1.0,1.0,0.8469316950537941,45,0,0,-1,,,
5a3ac99dc74c57ea,1,0.5,0,0.0,1.0,0.16273600285957168,59,0,0,-1,,,
9e2fa21e8eac5c11,1,1.0,0,0.0,1.0,0.49530344418905087,56,0,0,-1,,,
518221a430885093,1,1.0,0,0.0,1.0,0.472963711169568,54,0,0,-1,,,
f0a338ae8f3a56bd,1,0.5,0,0.0,1.0,0.1662501313016718,53,0,0,-1,,,
4299796c2c845718,1,1.0,0,0.0,1.0,0.48410942621052105,51,0,0,-1,,,
a911eef9f873522a,1,1.0,0,1.0,1.0,0.9033328824140061,56,0,0,-1,,,
8e785a7a6df95636,1,1.0,0,0.0,1.0,0.4878148183322349,57,0,0,-1,,,
b8554777b68750e7,1,1.0,0,0.0,1.0,0.4718236452571117,57,0,0,-1,,,
31cda9ad4b8257b9,1,1.0,0,1.0,1.0,0.8913285547174025,207,0,0,-1,,,
808e5edcddce51c3,1,1.0,0,1.0,1.0,0.8652275750765877,208,0,0,-1,,,
f2280f25f98852c0,1,1.0,0,1.0,1.0,0.8638667155153447,208,0,0,-1,,,
0c318d7923d15b78,1,1.0,0,1.0,1.0,0.9458793963646664,204,0,0,-1,,,
c48cfa7c240d5808,1,1.0,0,1.0,1.0,0.9580402917299878,199,0,0,-1,,,
5d3e45ad38ef5b9c,1,1.0,0,1.0,1.0,0.9835502976905648,303,0,0,-1,,,
661cdcf44ebe5c68,1,1.0,0,1.0,1.0,0.982406179644355,301,0,0,-1,,,
80ae73dfb4c45e8d,1,1.0,0,1.0,1.0,0.9616655737895871,307,0,0,-1,,,
2352a994954555ba,1,1.0,0,1.0,1.0,1.0,178,0,0,-1,,,
620f272061ea5f3a,1,1.0,0,1.0,1.0,1.0,185,0,0,-1,,,
aa1b434771cb52d0,1,1.0,0,1.0,1.0,0.9987798338508602,208,0,0,-1,,,
d1861adbe9ff5581,1,1.0,0,0.0,1.0,0.5475115880560806,210,0,0,-1,,,
33bfb486ff965e4b,1,1.0,0,1.0,1.0,0.9822421406148868,216,0,0,-1,,,
e4d88f52d2b45609,1,1.0,0,1.0,1.0,1.0,230,0,0,-1,,,
43c8e05e697f5abe,1,1.0,0,1.0,1.0,1.0,235,0,0,-1,,,
1cb3b57dac2d5435,1,1.0,0,1.0,1.0,0.9562241617963322,235,0,0,-1,,,
08e8092f5e66571f,1,1.0,0,1.0,1.0,0.8966833279125778,157,0,0,-1,,,
d9fdaff6c17659bc,1,1.0,0,1.0,1.0,0.9192948698607578,159,0,0,-1,,,
4020785f2bf55d0b,1,1.0,0,1.0,1.0,0.9157159780102235,153,0,0,-1,,,
d6fc32608ecc581c,1,1.0,0,1.0,1.0,0.9158923389291554,157,0,0,-1,,,
5f2c3f928abe5f5b,1,1.0,0,1.0,1.0,0.9131416178520234,156,0,0,-1,,,
014369205e025f0c,1,1.0,0,1.0,1.0,0.9132259750862647,157,0,0,-1,,,
1f0f883695f05e6c,1,1.0,0,1.0,1.0,0.9084249498808504,154,0,0,-1,,,
24567f5ad57455c4,1,1.0,0,1.0,1.0,1.0,156,0,0,-1,,,
4b3c6a95987c552d,1,1.0,0,1.0,1.0,0.9448519683872348,49,0,0,-1,,,
79a151c333745253,1,1.0,0,1.0,1.0,0.7855099160002238,53,0,0,-1,,,
d218ff87bdc25c55,1,1.0,0,0.0,1.0,0.47775099682484895,56,0,0,-1,,,
acb57a529dae5da1,1,0.5,0,0.0,1.0,0.16526547268208414,57,0,0,-1,,,
7569116c33145d2a,1,1.0,0,1.0,1.0,1.0,54,0,0,-1,,,
828b1011212253c6,1,1.0,0,1.0,1.0,1.0,54,0,0,-1,,,
d3322747793a5dda,1,1.0,0,1.0,1.0,1.0,53,0,0,-1,,,
28c74da2ea1d5629,1,1.0,0,1.0,1.0,1.0,54,0,0,-1,,,
1d7fd5ffc1e3571c,1,1.0,0,1.0,1.0,1.0,297,0,0,-1,,,
221199c4bcef5e62,1,1.0,0,1.0,1.0,1.0,305,0,0,-1,,,
c9b12b21fa7c57fd,1,1.0,0,1.0,1.0,1.0,194,0,0,-1,,,
e805310ff3055efa,1,1.0,0,1.0,1.0,1.0,195,0,0,-1,,,
5a4709a2348f58a7,1,1.0,0,1.0,1.0,1.0,191,0,0,-1,,,
a25711b4fdcc50df,1,1.0,0,1.0,1.0,1.0,184,0,0,-1,,,
6894aab92b0058dd,1,1.0,0,1.0,1.0,1.0,180,0,0,-1,,,
453bdd4f77af5c90,1,1.0,0,1.0,1.0,0.8595021864401818,178,0,0,-1,,,
1b5521472b795718,1,1.0,0,0.0,1.0,0.5833333333333334,47,0,0,-1,,,
e9bb1dab462252e9,1,1.0,0,1.0,1.0,0.9253959539591614,29,0,0,-1,,,
1975d15fde2955ff,1,0.0,1,0.0,1.0,0.0,27,1,0,12,VEHICLE,12,30.0
a1e689b17ca65053,1,0.0,1,0.0,1.0,0.0,28,1,0,8,VEHICLE,8,22.0
586c5b66ad8158ee,1,1.0,0,1.0,1.0,0.9758787130339375,28,0,0,-1,,,
d792515ce4b257a4,1,1.0,0,1.0,1.0,0.7033365791311632,27,0,0,-1,,,
57730912486a5853,1,1.0,0,1.0,1.0,0.9635730289020237,28,0,0,-1,,,
7444ae8aea51554e,1,1.0,0,1.0,1.0,1.0,28,0,0,-1,,,
91defa409f0254d5,1,1.0,0,1.0,1.0,0.8910911134702805,175,0,0,-1,,,
2a8b9c88615450a8,1,1.0,0,1.0,1.0,1.0,170,0,0,-1,,,
260c9a75f6e05785,1,1.0,0,1.0,1.0,1.0,162,0,0,-1,,,
2087ff145dae502d,1,1.0,0,1.0,1.0,1.0,164,0,0,-1,,,
dc2d59ce7b1258cf,1,1.0,0,1.0,1.0,1.0,208,0,0,-1,,,
2e21fba9a22851ae,1,1.0,0,1.0,1.0,1.0,213,0,0,-1,,,
473a047c10f45ef3,1,1.0,0,1.0,1.0,1.0,219,0,0,-1,,,
83fd1c194c0c5441,1,1.0,0,1.0,1.0,0.8955352442069092,155,0,0,-1,,,
435eadb0f1fe5b49,1,1.0,0,1.0,1.0,0.9287087506016442,324,0,0,-1,,,
91ae20bf459859fe,1,1.0,0,1.0,1.0,0.8743436669616659,311,0,0,-1,,,
e96f254899095cf1,1,1.0,0,1.0,1.0,0.8746063890112398,310,0,0,-1,,,
d5407856a57357ce,1,1.0,0,1.0,1.0,1.0,311,0,0,-1,,,
e917a198bd9757a4,1,1.0,0,1.0,1.0,1.0,306,0,0,-1,,,
14d171fcb9295596,1,1.0,0,1.0,1.0,1.0,302,0,0,-1,,,
fe703fbf263151f2,1,1.0,0,1.0,1.0,1.0,299,0,0,-1,,,
1e241714a35658ff,1,1.0,0,1.0,1.0,1.0,297,0,0,-1,,,
e5fb0daef05956f0,1,1.0,0,1.0,1.0,0.9593320005718299,172,0,0,-1,,,
b1ce459acfb95179,1,1.0,0,1.0,1.0,0.9409773358656581,176,0,0,-1,,,
38736da1e9dc51c8,1,1.0,0,1.0,1.0,0.9381684380398925,180,0,0,-1,,,
ddc904ff3be05595,1,1.0,0,1.0,1.0,0.9491441232756032,185,0,0,-1,,,
6740833c5f9d571a,1,1.0,0,1.0,1.0,0.9329372557638106,188,0,0,-1,,,
d90d4f05ebde5bed,1,1.0,0,1.0,1.0,0.9399425435137987,187,0,0,-1,,,
e3418fb50fa55320,1,1.0,0,1.0,1.0,0.9514773500264332,187,0,0,-1,,,
ba82b67601605dd3,1,1.0,0,1.0,1.0,0.9534900187127778,185,0,0,-1,,,
1ff5f3528c36501f,1,1.0,0,1.0,1.0,0.9179564667776016,51,0,0,-1,,,
87339a4d32305504,1,1.0,0,1.0,1.0,0.9106474914267656,68,0,0,-1,,,
9f1b6ff3a4865c8a,1,1.0,0,0.0,1.0,0.5833333333333334,67,0,0,-1,,,
cace9e6345445eee,1,1.0,0,1.0,1.0,0.8826866505498581,61,0,0,-1,,,
afd9edcb6d94521f,1,1.0,0,1.0,1.0,0.9234803469631211,60,0,0,-1,,,
c773514392cc56ba,1,1.0,0,1.0,1.0,0.962660948425901,64,0,0,-1,,,
b11992c2f91d5188,1,1.0,0,1.0,1.0,0.9382117659080063,67,0,0,-1,,,
be0064dac5f85957,1,0.5,0,0.0,1.0,0.1564536598519057,57,0,0,-1,,,
81102abfeaa25562,1,1.0,0,1.0,1.0,0.9073287488904417,48,0,0,-1,,,
842d40cd41cf56e8,1,1.0,0,1.0,1.0,0.897818629230449,48,0,0,-1,,,
a98e0fd4eee7534a,1,1.0,0,1.0,1.0,0.9813649695925842,39,0,0,-1,,,
114feecba2285649,1,1.0,0,1.0,1.0,0.9728142521921139,43,0,0,-1,,,
da9ae73013715f70,1,1.0,0,1.0,1.0,0.9789569724531791,40,0,0,-1,,,
a152c8cad6625d6a,1,1.0,0,1.0,1.0,0.9503773979584696,40,0,0,-1,,,
3c7319cc63ab58c9,1,1.0,0,1.0,1.0,0.9858222851465923,41,0,0,-1,,,
cd7e9823f2b15e0f,1,1.0,0,1.0,1.0,0.9784307195458334,41,0,0,-1,,,
440364f63ee95043,1,1.0,0,1.0,1.0,0.9387539973378082,31,0,0,-1,,,
7135ce0e5eea5907,1,1.0,0,1.0,1.0,0.8702628169964006,31,0,0,-1,,,
713c5a168c2452dc,1,1.0,0,1.0,1.0,0.9295767020688653,33,0,0,-1,,,
8a8bf2275db85432,1,1.0,0,1.0,1.0,1.0,30,0,0,-1,,,
ae5377e5ebf65f45,1,1.0,0,1.0,1.0,0.9198304488705554,146,0,0,-1,,,
7186e23637965344,1,1.0,0,1.0,1.0,0.8988473700649688,145,0,0,-1,,,
6d593ca981fd56b8,1,1.0,0,1.0,1.0,0.9459662547592776,151,0,0,-1,,,
0928c39f05db52c5,1,1.0,0,1.0,1.0,0.9170644511681457,169,0,0,-1,,,
197f39226d0856ce,1,1.0,0,0.0,1.0,0.47909429980686036,56,0,0,-1,,,
9e04987475e85dd5,1,0.5,0,0.0,1.0,0.1647806206826465,57,0,0,-1,,,
a7fa8bccce9253cb,1,1.0,0,1.0,1.0,0.7959724851720082,73,0,0,-1,,,
d577027e9c295bde,1,1.0,0,1.0,1.0,0.8057954443921096,72,0,0,-1,,,
259c9d9aac5457fc,1,1.0,0,0.0,1.0,0.5034558292912475,42,0,0,-1,,,
8e5ce0a119585d3b,1,1.0,0,1.0,1.0,0.8790097043294846,42,0,0,-1,,,
28d8f3699547568b,1,1.0,0,0.0,1.0,0.5087033799403524,38,0,0,-1,,,
bb85e87e90ae52ec,1,1.0,0,1.0,1.0,0.9772729819032763,34,0,0,-1,,,
4c83b81ddcc757b1,1,1.0,0,1.0,1.0,0.9597996044072382,84,0,0,-1,,,
30d90432ffb357cf,1,1.0,0,1.0,1.0,0.9383056354653357,83,0,0,-1,,,
b4c5bd35a81f517e,1,1.0,0,1.0,1.0,0.9492991541837216,82,0,0,-1,,,
ed7a09d2f93d5e90,1,1.0,0,1.0,1.0,0.9434870022174365,83,0,0,-1,,,
b4aa2f58df795a92,1,1.0,0,1.0,1.0,0.9388584803854151,81,0,0,-1,,,
92135b7bae0b5259,1,1.0,0,1.0,1.0,0.9192278175603189,78,0,0,-1,,,
fc8f087133c55220,1,1.0,0,1.0,1.0,0.8700858522783158,77,0,0,-1,,,
87da3996575459a8,1,1.0,0,1.0,1.0,0.892791694958781,75,0,0,-1,,,
13fcbcdacbe35755,1,1.0,0,1.0,1.0,0.9596063945954318,149,0,0,-1,,,
ec7125e961205a2d,1,1.0,0,1.0,1.0,0.9574367488006778,145,0,0,-1,,,
0fb815b347a359ca,1,1.0,0,1.0,1.0,0.9461388688958602,149,0,0,-1,,,
87a70998eed25e32,1,1.0,0,1.0,1.0,0.9592333862429238,145,0,0,-1,,,
dbcb1f2c3979500d,1,1.0,0,1.0,1.0,0.9459240374410207,143,0,0,-1,,,
81d6a870aab05080,1,1.0,0,1.0,1.0,0.9384859254365665,137,0,0,-1,,,
f11cf1d1b58454d8,1,1.0,0,1.0,1.0,0.927679916091968,133,0,0,-1,,,
16125101defb5b51,1,1.0,0,1.0,1.0,1.0,131,0,0,-1,,,
007845701f635565,1,1.0,0,1.0,1.0,0.9320630854922597,78,0,0,-1,,,
f618df9b13b75f68,1,1.0,0,1.0,1.0,0.9817405112134235,78,0,0,-1,,,
61a7d33a4c3b5977,1,1.0,0,1.0,1.0,0.9767290139456944,76,0,0,-1,,,
8894cb9c1f385198,1,1.0,0,1.0,1.0,0.9815042744027035,76,0,0,-1,,,
8b177f84759e56e0,1,1.0,0,1.0,1.0,0.9796299988874981,71,0,0,-1,,,
d88a725f8b125d74,1,1.0,0,1.0,1.0,0.9567598730432637,60,0,0,-1,,,
b197862351735b60,1,1.0,0,1.0,1.0,0.9799174697697163,60,0,0,-1,,,
5b61b9072cad5dbc,1,1.0,0,1.0,1.0,1.0,72,0,0,-1,,,
0dfcc232f8445d3f,1,1.0,0,1.0,1.0,0.9164899470401581,49,0,0,-1,,,
038c0a3e665c51d2,1,1.0,0,1.0,1.0,0.914125411568695,47,0,0,-1,,,
e0865304e2b95eaa,1,1.0,0,1.0,1.0,1.0,38,0,0,-1,,,
b3509fd31f495cfb,1,1.0,0,1.0,1.0,0.8407370267343399,39,0,0,-1,,,
599e006109385ae5,1,1.0,0,1.0,1.0,0.8696257535698321,37,0,0,-1,,,
5ee1455d53695e5b,1,1.0,0,1.0,1.0,0.8301560469337231,32,0,0,-1,,,
64b99da814205341,1,1.0,0,1.0,1.0,0.7868566324569337,31,0,0,-1,,,
7e3ae733f7ef5c8f,1,1.0,0,1.0,1.0,0.7403788711980446,28,0,0,-1,,,
7819725bfb845e82,1,1.0,0,1.0,1.0,1.0,74,0,0,-1,,,
c756ce81365d5a3b,1,1.0,0,1.0,1.0,1.0,76,0,0,-1,,,
4bc793d4a9ef5860,1,1.0,0,1.0,1.0,0.9775319452079506,94,0,0,-1,,,
09a859498436512e,1,1.0,0,1.0,1.0,0.9123342646377809,94,0,0,-1,,,
33aa90792d5855a7,1,1.0,0,1.0,1.0,1.0,90,0,0,-1,,,
abe4fa26de85552d,1,1.0,0,0.0,1.0,0.444924670740497,84,0,0,-1,,,
3ea2b59016145c63,1,1.0,0,1.0,1.0,0.9512554320813447,84,0,0,-1,,,
bbd85b27fa465894,1,1.0,0,1.0,1.0,0.9215179368822262,93,0,0,-1,,,
40a69dc4d1f854a8,1,1.0,0,1.0,1.0,0.923771332264682,89,0,0,-1,,,
210a1c9ce3725a53,1,1.0,0,1.0,1.0,0.9529139437170479,84,0,0,-1,,,
8615a4df3a525ccc,1,1.0,0,1.0,1.0,0.902757898902809,86,0,0,-1,,,
b60b509ee8ba5197,1,1.0,0,1.0,1.0,0.9230502068864149,98,0,0,-1,,,
0490beca807c5e9f,1,1.0,0,1.0,1.0,0.9080800776889811,88,0,0,-1,,,
b66f066aad62515e,1,1.0,0,1.0,1.0,0.9101614546113769,82,0,0,-1,,,
e12cd09a8f515c73,1,1.0,0,1.0,1.0,0.922161686197284,77,0,0,-1,,,
812d49975bf357fc,1,1.0,0,1.0,1.0,0.9296422134087562,66,0,0,-1,,,
88862af321ce5c8f,1,1.0,0,1.0,1.0,1.0,67,0,0,-1,,,
4b6b3a81cc235dbf,1,1.0,0,1.0,1.0,1.0,67,0,0,-1,,,
805158120d1c552e,1,1.0,0,1.0,1.0,1.0,68,0,0,-1,,,
274fcb576b3b59a8,1,1.0,0,1.0,1.0,1.0,68,0,0,-1,,,
1029003770aa5e2e,1,1.0,0,1.0,1.0,1.0,71,0,0,-1,,,
8d90099a801d5682,1,1.0,0,1.0,1.0,1.0,71,0,0,-1,,,
082ea12d7b2355cb,1,1.0,0,1.0,1.0,0.9983619833623312,73,0,0,-1,,,
c20652fc6a78529b,1,1.0,0,1.0,1.0,0.8215329573310739,19,0,0,-1,,,
a197927702b850f4,1,1.0,0,1.0,1.0,0.9506764998038103,184,0,0,-1,,,
484b6d9a28f350bd,1,1.0,0,1.0,1.0,0.9160323466471922,183,0,0,-1,,,
7d923c664b7b5dae,1,1.0,0,1.0,1.0,0.8693476588584582,180,0,0,-1,,,
74831c9ae5a15f99,1,1.0,0,1.0,1.0,0.8564165530309289,184,0,0,-1,,,
059009aa4252526c,1,1.0,0,1.0,1.0,1.0,180,0,0,-1,,,
fc2a5f9f60965ab9,1,1.0,0,1.0,1.0,1.0,194,0,0,-1,,,
169528411ca85ba4,1,1.0,0,1.0,1.0,0.9398767796296253,148,0,0,-1,,,
81997d01d8f65c19,1,1.0,0,1.0,1.0,0.9586760112959057,150,0,0,-1,,,
5282504f73a759b9,1,1.0,0,1.0,1.0,0.5791310774985766,459,0,0,-1,,,
654f6079561e5cdb,1,1.0,0,1.0,1.0,0.5793508956420846,445,0,0,-1,,,
7c2df54ec2df5a6e,1,1.0,0,1.0,1.0,0.9811960257615674,436,0,0,-1,,,
09c56525e8e853a8,1,1.0,0,1.0,1.0,0.9231667007033613,105,0,0,-1,,,
a82ce9edf79d56a6,1,1.0,0,1.0,1.0,0.9032757503241936,106,0,0,-1,,,
c15774bfb6655d18,1,1.0,0,1.0,1.0,0.9177471949735715,94,0,0,-1,,,
b425ed76adfb5351,1,1.0,0,1.0,1.0,0.919679277581745,87,0,0,-1,,,
e166284508e554fa,1,1.0,0,1.0,1.0,0.9265703642547045,87,0,0,-1,,,
58dd10abb9ba5388,1,1.0,0,1.0,1.0,0.7258905851136624,25,0,0,-1,,,
dbb26055ea9351dc,1,1.0,0,0.0,1.0,0.4305783788912865,25,0,0,-1,,,
fc1785d55b675c6c,1,1.0,0,1.0,1.0,0.850201550653282,26,0,0,-1,,,
6e738f032ad75169,1,1.0,0,1.0,1.0,0.8720036103316713,29,0,0,-1,,,
62c59eb9ece45d86,1,1.0,0,1.0,1.0,0.8000805865335141,30,0,0,-1,,,
d9c4acb18e675789,1,1.0,0,1.0,1.0,1.0,49,0,0,-1,,,
0fc0217e2dd05256,1,1.0,0,1.0,1.0,0.9991801548217972,52,0,0,-1,,,
704fafc3d8fd5258,1,1.0,0,1.0,1.0,0.9871186616325454,53,0,0,-1,,,
722ad5b3698c52c6,1,1.0,0,1.0,1.0,1.0,126,0,0,-1,,,
85005d733df9577f,1,1.0,0,1.0,1.0,1.0,119,0,0,-1,,,
8f7ea84594aa5d75,1,1.0,0,1.0,1.0,1.0,115,0,0,-1,,,
8bacfc35148b5dad,1,1.0,0,1.0,1.0,0.8319800474874918,112,0,0,-1,,,
8a9ecc24c4f25c3c,1,1.0,0,1.0,1.0,1.0,107,0,0,-1,,,
ed1a1174e6aa5270,1,1.0,0,1.0,1.0,1.0,100,0,0,-1,,,
184e4aef7e095f7a,1,1.0,0,1.0,1.0,1.0,100,0,0,-1,,,
be7331d3f05e5d16,1,1.0,0,1.0,1.0,1.0,111,0,0,-1,,,
ce3ff067f10b526b,1,1.0,0,1.0,1.0,1.0,29,0,0,-1,,,
9164913b818a58b1,1,1.0,0,1.0,1.0,0.9236396088720896,30,0,0,-1,,,
69616d6f715256dc,1,1.0,0,1.0,1.0,0.9265389437739966,26,0,0,-1,,,
e0bb2b04e9455fa6,1,1.0,0,1.0,1.0,0.9006200891959429,25,0,0,-1,,,
a4f2f32aa59f53b9,1,1.0,0,1.0,1.0,0.940136867153082,39,0,0,-1,,,
b7ee1af184835990,1,1.0,0,1.0,1.0,1.0,40,0,0,-1,,,
82e565141eb55f88,1,1.0,0,1.0,1.0,0.9076631050293208,33,0,0,-1,,,
b27bfe84cc545daa,1,1.0,0,1.0,1.0,0.8813098560024625,31,0,0,-1,,,
d80488b4e04c5e47,1,1.0,0,1.0,1.0,0.8296972241955007,19,0,0,-1,,,
b29689efa40f54e0,1,1.0,0,1.0,1.0,0.8006498814206737,19,0,0,-1,,,
6d72d039fb9a551b,1,1.0,0,1.0,1.0,0.7807903894137193,19,0,0,-1,,,
0045af58281456a0,1,1.0,0,1.0,1.0,0.7419007133972753,21,0,0,-1,,,
4763f30d505c5ea6,1,1.0,0,1.0,1.0,0.7466173575555559,21,0,0,-1,,,
4d6456183bd056bc,1,1.0,0,1.0,1.0,0.692178916564521,21,0,0,-1,,,
ca18572aeb9755ba,1,1.0,0,1.0,1.0,0.6917250267630154,21,0,0,-1,,,
579942d331b9571d,1,1.0,0,1.0,1.0,0.8191357834881194,21,0,0,-1,,,
c70cfaf737215fca,1,1.0,0,1.0,1.0,0.93821021538043,7,0,0,-1,,,
a5a1e608305d53a8,1,1.0,0,1.0,1.0,0.903038620511038,8,0,0,-1,,,
5e4da70ec09f5282,1,1.0,0,1.0,1.0,0.7424958111206408,5,0,0,-1,,,
669972d5c4c55872,1,1.0,0,1.0,1.0,0.7248874477614152,7,0,0,-1,,,
3502b30911d75ed8,1,1.0,0,1.0,1.0,0.6930536867816679,7,0,0,-1,,,
98e3abe2a38c5156,1,1.0,0,1.0,1.0,0.6538157717088843,7,0,0,-1,,,
63fd66d1098f5c53,1,1.0,0,1.0,1.0,0.6411188919722656,6,0,0,-1,,,
5992423b009757f2,1,1.0,0,1.0,1.0,0.9253261495656825,9,0,0,-1,,,
8f67b84df6b75bd1,1,1.0,0,1.0,1.0,0.9198190081579428,9,0,0,-1,,,
681dc1d77f125936,1,1.0,0,1.0,1.0,0.9182446633010103,10,0,0,-1,,,
27244c34c9e355c2,1,1.0,0,1.0,1.0,0.833755332151075,10,0,0,-1,,,
e7c691d409295501,1,1.0,0,1.0,1.0,0.8214953460137099,9,0,0,-1,,,
c0f364f8ed645542,1,1.0,0,1.0,1.0,0.8549125383301481,8,0,0,-1,,,
22e04303d53f54f5,1,1.0,0,1.0,1.0,0.8755037537082743,7,0,0,-1,,,
507c91dd2444555e,1,1.0,0,1.0,1.0,0.8944990421732193,6,0,0,-1,,,
44f6f13541dd526e,1,1.0,0,1.0,1.0,0.9089754444599688,6,0,0,-1,,,
e0dbf07da5c55877,1,1.0,0,1.0,1.0,0.9132130994698504,12,0,0,-1,,,
d496c44726c35e33,1,1.0,0,1.0,1.0,1.0,4,0,0,-1,,,
d2440edd19d954b5,1,1.0,0,1.0,1.0,1.0,4,0,0,-1,,,
a0707360c69459d4,1,1.0,0,1.0,1.0,1.0,6,0,0,-1,,,
1cac49b248b05705,1,1.0,0,1.0,1.0,0.9188670947714649,6,0,0,-1,,,
37430d1c47995fdd,1,1.0,0,1.0,1.0,0.9161440484755579,6,0,0,-1,,,
dfb6fbca92bb5183,1,1.0,0,1.0,1.0,0.9156613677232014,8,0,0,-1,,,
7ae0a03be0c357d2,1,1.0,0,1.0,1.0,0.8451931871778321,13,0,0,-1,,,
0ceeda78f4745942,1,1.0,0,1.0,1.0,0.9069336955423819,3,0,0,-1,,,
6a383816e5c1568b,1,1.0,0,1.0,1.0,0.8901748710822535,7,0,0,-1,,,
aa74d194063c5d0b,1,1.0,0,1.0,1.0,0.8822818409100259,9,0,0,-1,,,
ea21c4b17b865a4d,1,1.0,0,1.0,1.0,0.9401117824535326,14,0,0,-1,,,
6801df96fcdd5bd9,1,1.0,0,1.0,1.0,0.7744837489953169,15,0,0,-1,,,
b628faa4178d5eaf,1,1.0,0,1.0,1.0,0.8623614468098492,13,0,0,-1,,,
247490a783f25c47,1,1.0,0,1.0,1.0,0.7933868297257268,13,0,0,-1,,,
f2b83fb414eb5cf0,1,1.0,0,1.0,1.0,0.9305176281305313,13,0,0,-1,,,
875d89dc1f225205,1,1.0,0,1.0,1.0,0.8900341502085795,6,0,0,-1,,,
16ac515a3ba45d76,1,1.0,0,1.0,1.0,0.894122687028012,6,0,0,-1,,,
8840042ede42578a,1,1.0,0,1.0,1.0,0.8995061574751158,7,0,0,-1,,,
030706565b1f552d,1,1.0,0,1.0,1.0,0.8994915835695328,7,0,0,-1,,,
b3edadc19d8a5812,1,1.0,0,1.0,1.0,0.895502238280593,7,0,0,-1,,,
71ae69a9499e559c,1,1.0,0,1.0,1.0,0.890681297509112,7,0,0,-1,,,
37a2f90109f85bff,1,1.0,0,1.0,1.0,0.8861443465107883,8,0,0,-1,,,
0e2f2cb6712550b7,1,1.0,0,1.0,1.0,0.8043139470324913,7,0,0,-1,,,
b845e97a49a75cd0,1,1.0,0,1.0,1.0,0.9071686692185826,20,0,0,-1,,,
866f7eb093ac5244,1,1.0,0,1.0,1.0,0.675912791326053,19,0,0,-1,,,
dbd898b3533f5ac5,1,1.0,0,1.0,1.0,0.6780735211119261,17,0,0,-1,,,
c3e80fd14bce51a0,1,1.0,0,1.0,1.0,0.9054596594707359,17,0,0,-1,,,
824cd4fff1e25cb4,1,1.0,0,1.0,1.0,0.9026438752428146,15,0,0,-1,,,
93574a28917b5395,1,1.0,0,1.0,1.0,0.9007293137440987,8,0,0,-1,,,
81b86d3bfe9758ac,1,1.0,0,1.0,1.0,0.8981724051009013,8,0,0,-1,,,
50628427853659fc,1,1.0,0,1.0,1.0,0.881532532512967,7,0,0,-1,,,
a48870c447ef5fe5,1,1.0,0,1.0,1.0,0.9140425724623049,14,0,0,-1,,,
bd218550d4d35e5c,1,1.0,0,1.0,1.0,0.8507120804168572,13,0,0,-1,,,
accb5d206fd05911,1,1.0,0,1.0,1.0,0.8263444073764354,13,0,0,-1,,,
f5c6f00966f152ec,1,1.0,0,1.0,1.0,0.8907108685857418,13,0,0,-1,,,
f8b8b8ee49205def,1,1.0,0,1.0,1.0,0.8904450018079638,13,0,0,-1,,,
b42d7dc2a3975573,1,1.0,0,1.0,1.0,0.869906750457576,13,0,0,-1,,,
1b7b7697be9c5dc5,1,1.0,0,1.0,1.0,0.8981458138872037,12,0,0,-1,,,
2cdba8acff3454a7,1,1.0,0,1.0,1.0,0.8703457238015497,12,0,0,-1,,,
72b0f2dcaf1f59a1,1,1.0,0,1.0,1.0,0.8829320300778779,71,0,0,-1,,,
a2336870ff485514,1,1.0,0,1.0,1.0,1.0,65,0,0,-1,,,
48f72313812d5f53,1,1.0,0,1.0,1.0,1.0,60,0,0,-1,,,
580b253c853c5ef9,1,1.0,0,1.0,1.0,1.0,61,0,0,-1,,,
9726171368175cc6,1,1.0,0,1.0,1.0,1.0,63,0,0,-1,,,
97b9989fa3675cab,1,1.0,0,1.0,1.0,1.0,65,0,0,-1,,,
603d4a913f315a41,1,1.0,0,1.0,1.0,1.0,67,0,0,-1,,,
df4dfd432ba25781,1,1.0,0,1.0,1.0,1.0,67,0,0,-1,,,
4b347fca93c65596,1,1.0,0,1.0,1.0,0.7058443630361194,17,0,0,-1,,,
45c6be97d810541f,1,1.0,0,1.0,1.0,0.7066518073211201,18,0,0,-1,,,
75570ebf4f3551c1,1,1.0,0,1.0,1.0,0.7067054349002099,18,0,0,-1,,,
0f49301527005b0e,1,1.0,0,1.0,1.0,0.7803139185321587,18,0,0,-1,,,
9a2c4c75f3785517,1,1.0,0,1.0,1.0,0.7853301248854514,17,0,0,-1,,,
cfd45b3514125d2e,1,1.0,0,1.0,1.0,0.8391073289811929,16,0,0,-1,,,
0994517bde3c5188,1,1.0,0,1.0,1.0,0.8064910645853082,15,0,0,-1,,,
331882a4388559b6,1,1.0,0,1.0,1.0,0.969249528725946,13,0,0,-1,,,
20a276a12f2150c5,1,1.0,0,1.0,1.0,0.9538372170673234,13,0,0,-1,,,
e02f26d0eb0152e3,1,1.0,0,1.0,1.0,0.9294962277233142,11,0,0,-1,,,
8d3ac506e17050ba,1,1.0,0,1.0,1.0,0.8935917041940614,11,0,0,-1,,,
48a547f135595df8,1,1.0,0,1.0,1.0,0.8918965831262886,11,0,0,-1,,,
73f2ce543024548e,1,1.0,0,1.0,1.0,0.9385676815493934,10,0,0,-1,,,
c7ce79ec4bf956c4,1,1.0,0,1.0,1.0,1.0,10,0,0,-1,,,
2774b2c338a3500c,1,1.0,0,1.0,1.0,0.9352519858989731,10,0,0,-1,,,
f641cb06f2175d36,1,1.0,0,1.0,1.0,0.9527080041573788,9,0,0,-1,,,
7c4757c2c9675f2b,1,1.0,0,1.0,1.0,0.8498333875335534,9,0,0,-1,,,
77412f2abf325814,1,1.0,0,1.0,1.0,0.8761253768815807,9,0,0,-1,,,
924f7c86a30b55c7,1,1.0,0,1.0,1.0,0.8458142290856964,9,0,0,-1,,,
d497c1998ba75bb9,1,1.0,0,1.0,1.0,0.8280130116921217,9,0,0,-1,,,
19f8a93df08452b5,1,1.0,0,1.0,1.0,0.8758441092153385,9,0,0,-1,,,
3e44ba1b6a675c54,1,1.0,0,1.0,1.0,0.8735540186135361,9,0,0,-1,,,
650ed02359615f58,1,1.0,0,1.0,1.0,0.872049254859595,9,0,0,-1,,,
5d2ee89308f958be,1,1.0,0,1.0,1.0,0.8772282574770253,9,0,0,-1,,,
63c33ef5af265f74,1,1.0,0,1.0,1.0,0.7659320088990623,15,0,0,-1,,,
84b69613f5e6551c,1,1.0,0,1.0,1.0,0.8694088164420224,15,0,0,-1,,,
bf0a29ccead65750,1,1.0,0,1.0,1.0,0.8541736133323671,14,0,0,-1,,,
5e279bb4bb105df9,1,1.0,0,1.0,1.0,0.8322044280617534,16,0,0,-1,,,
8c9e3fd944c051e3,1,1.0,0,1.0,1.0,1.0,21,0,0,-1,,,
09436f14d3185748,1,1.0,0,1.0,1.0,1.0,21,0,0,-1,,,
3a7818b46809570a,1,1.0,0,1.0,1.0,0.9030159209251188,23,0,0,-1,,,
8601b9cf8c6852f3,1,1.0,0,1.0,1.0,0.8800345390586618,20,0,0,-1,,,
c9aa2159bc3a50a0,1,1.0,0,1.0,1.0,0.9281515875410306,6,0,0,-1,,,
5b7d7e1a42c95cd7,1,1.0,0,1.0,1.0,0.8739548846192137,12,0,0,-1,,,
b8a1d133723f5897,1,1.0,0,1.0,1.0,0.876601439557121,12,0,0,-1,,,
4bfb085c53cc522f,1,1.0,0,1.0,1.0,0.8762513327176182,11,0,0,-1,,,
0599b72c60335651,1,1.0,0,1.0,1.0,0.8790789764956065,11,0,0,-1,,,
da6d3b6810995466,1,1.0,0,1.0,1.0,1.0,13,0,0,-1,,,
82ee38a271b15bb1,1,1.0,0,1.0,1.0,1.0,13,0,0,-1,,,
d81c4398a40b52b9,1,1.0,0,1.0,1.0,0.9811720108852584,3,0,0,-1,,,
2541de938ff15eee,1,1.0,0,1.0,1.0,0.9462111561961654,55,0,0,-1,,,
660451aead9653b7,1,1.0,0,1.0,1.0,0.9557255351793419,55,0,0,-1,,,
7c150adbe5225f20,1,1.0,0,1.0,1.0,0.9610634494445062,54,0,0,-1,,,
38fb216f0cc35ecc,1,1.0,0,1.0,1.0,0.976170294891329,54,0,0,-1,,,
1f90968aaeb55128,1,1.0,0,1.0,1.0,0.9807768320178741,52,0,0,-1,,,
3c584e53042d5157,1,1.0,0,1.0,1.0,0.9669776357079476,53,0,0,-1,,,
19b1cc462216591a,1,1.0,0,1.0,1.0,0.9278739113001722,55,0,0,-1,,,
611145a947d95451,1,1.0,0,1.0,1.0,0.9071460754173689,54,0,0,-1,,,
85da27c3381e5e63,1,1.0,0,1.0,1.0,0.9807961267303024,54,0,0,-1,,,
cd8713b912495b6d,1,1.0,0,1.0,1.0,0.9830880930003761,54,0,0,-1,,,
4de72cf1449b51c8,1,1.0,0,1.0,1.0,0.9577716780683359,53,0,0,-1,,,
c968e1d258265a2b,1,1.0,0,1.0,1.0,0.95725847856765,53,0,0,-1,,,
efe7a294e40e5508,1,1.0,0,1.0,1.0,0.9514134566589224,51,0,0,-1,,,
7580af9b56085218,1,1.0,0,1.0,1.0,0.9521517412139895,53,0,0,-1,,,
3c303aa231e65a53,1,1.0,0,1.0,1.0,0.9522487681964358,52,0,0,-1,,,
dc472958283b57cc,1,1.0,0,1.0,1.0,0.943214477870915,53,0,0,-1,,,
c66027dcfef35daf,1,1.0,0,1.0,1.0,0.858267826254011,51,0,0,-1,,,
08dfae1bbef35bdc,1,1.0,0,1.0,1.0,0.8849825051619707,52,0,0,-1,,,
82ef8b099fb55f0c,1,1.0,0,1.0,1.0,1.0,51,0,0,-1,,,
b821203c112455cb,1,1.0,0,1.0,1.0,1.0,52,0,0,-1,,,
6bc3bf1ef6a85616,1,1.0,0,1.0,1.0,1.0,53,0,0,-1,,,
234a85adedc75216,1,1.0,0,1.0,1.0,1.0,48,0,0,-1,,,
7c30e0debf0c532b,1,1.0,0,1.0,1.0,1.0,60,0,0,-1,,,
b91f8a685d7457c4,1,1.0,0,1.0,1.0,1.0,61,0,0,-1,,,
06f604b0d4835371,1,1.0,0,1.0,1.0,0.9235567539744327,68,0,0,-1,,,
8993f8b000855b17,1,0.5,0,0.0,1.0,0.16887689172483591,54,0,0,-1,,,
49d00c5507175e01,1,1.0,0,0.0,1.0,0.4898475224465492,54,0,0,-1,,,
8e9d920cd8595185,1,1.0,0,0.0,1.0,0.49162215762080685,54,0,0,-1,,,
9c1e4098a32a5432,1,1.0,0,1.0,1.0,0.916738697064658,55,0,0,-1,,,
8a92561fdd0750ad,1,1.0,0,0.0,1.0,0.5156000700523394,57,0,0,-1,,,
6e10835f184d5921,1,1.0,0,0.0,1.0,0.5053487606169568,51,0,0,-1,,,
91e06c22962d53bb,1,0.5,0,0.0,1.0,0.17106104837804784,50,0,0,-1,,,
9b0a5826d2d357d8,1,1.0,0,1.0,1.0,0.8779521691055927,8,0,0,-1,,,
2a9a3fe02d46551c,1,1.0,0,1.0,1.0,0.8779173276382627,9,0,0,-1,,,
91fc00df56ae5aca,1,1.0,0,1.0,1.0,0.8472955758787162,9,0,0,-1,,,
f8f1d3aa1a30553d,1,1.0,0,1.0,1.0,0.851484497776847,9,0,0,-1,,,
da751fd130625cce,1,1.0,0,1.0,1.0,0.8850568860825677,21,0,0,-1,,,
e69e63297ed85a68,1,1.0,0,1.0,1.0,0.953291291840309,21,0,0,-1,,,
1fc5ab19306f5a47,1,1.0,0,1.0,1.0,0.9807955595650943,14,0,0,-1,,,
96c3433ef79a5478,1,1.0,0,1.0,1.0,0.9472910018684341,14,0,0,-1,,,
dc3b040ef45c5094,1,1.0,0,0.0,1.0,0.5184222454900344,74,0,0,-1,,,
9a22009eaa1250fe,1,0.5,0,0.0,1.0,0.16692254446828655,75,0,0,-1,,,
7df1cd3745675ca9,1,1.0,0,0.0,1.0,0.49998865324653713,71,0,0,-1,,,
60e8f2447c205324,1,1.0,0,0.0,1.0,0.5286251635104686,71,0,0,-1,,,
1d3dfbbe8a0a54f6,1,1.0,0,0.0,1.0,0.5177812703221144,67,0,0,-1,,,
2f1f5a4351e15458,1,1.0,0,0.0,1.0,0.568203628365794,63,0,0,-1,,,
d61ff1ca160557e8,1,1.0,0,1.0,1.0,0.9627271375482535,60,0,0,-1,,,
b7598f311c365e95,1,1.0,0,1.0,1.0,0.9253107355365792,56,0,0,-1,,,
5bfd2094e1ed528c,1,1.0,0,1.0,1.0,1.0,55,0,0,-1,,,
f158576757e95c31,1,1.0,0,1.0,1.0,1.0,54,0,0,-1,,,
bd4adf326a205d51,1,1.0,0,1.0,1.0,1.0,57,0,0,-1,,,
578d2af2c3625ace,1,1.0,0,1.0,1.0,1.0,56,0,0,-1,,,
9695a17335715894,1,1.0,0,1.0,1.0,0.9274203643772291,53,0,0,-1,,,
bb57439423df56c7,1,1.0,0,1.0,1.0,0.9318544390829263,56,0,0,-1,,,
de22e3d2143f51f7,1,1.0,0,1.0,1.0,0.9193858866804908,57,0,0,-1,,,
7f2cd560a3c3528a,1,1.0,0,1.0,1.0,0.9318071253850669,58,0,0,-1,,,
d861e8c8589e5433,1,1.0,0,1.0,1.0,0.898652171600783,15,0,0,-1,,,
131f0303c9e9582a,1,1.0,0,1.0,1.0,0.8262875322786939,15,0,0,-1,,,
31f2d9d9334d5a06,1,1.0,0,1.0,1.0,0.8627087058685455,17,0,0,-1,,,
17607267e8155496,1,1.0,0,1.0,1.0,0.8505545741076772,16,0,0,-1,,,
01f3a4a21dc2582f,1,1.0,0,1.0,1.0,0.8695054180285755,16,0,0,-1,,,
144116b6c1e35d3e,1,1.0,0,1.0,1.0,0.8721014554405461,15,0,0,-1,,,
d607d27b421a562b,1,1.0,0,1.0,1.0,0.8789340209593103,16,0,0,-1,,,
c33832506a165cd3,1,1.0,0,1.0,1.0,0.8618191883978895,17,0,0,-1,,,
0735d8974394552b,1,1.0,0,1.0,1.0,0.9484592452126784,55,0,0,-1,,,
5ddaadb992ef5c1f,1,1.0,0,1.0,1.0,0.9269961793184898,56,0,0,-1,,,
0dd6fe46c94055ec,1,1.0,0,1.0,1.0,0.9306932191729347,58,0,0,-1,,,
8848228852a65400,1,1.0,0,1.0,1.0,1.0,56,0,0,-1,,,
b0a73894d5a75e59,1,1.0,0,1.0,1.0,0.9649195641669218,59,0,0,-1,,,
4cfa7ad13dc952b3,1,1.0,0,1.0,1.0,1.0,60,0,0,-1,,,
879d4e4e0d2b5386,1,1.0,0,1.0,1.0,0.9757217692030601,61,0,0,-1,,,
fe4459e9f02052d3,1,1.0,0,1.0,1.0,0.9731481745985343,78,0,0,-1,,,
9972c06c954b5770,1,1.0,0,0.0,1.0,0.5558654666651693,38,0,0,-1,,,
baf0c6e99bec57db,1,1.0,0,1.0,1.0,0.9061660973009987,44,0,0,-1,,,
05c6edc5f05c5932,1,1.0,0,1.0,1.0,0.8934897317970499,47,0,0,-1,,,
1e037812f8d7530d,1,1.0,0,1.0,1.0,0.8878526951600664,51,0,0,-1,,,
87a5fd24e88d5e0a,1,1.0,0,1.0,1.0,0.8914998799221346,55,0,0,-1,,,
76a494d09cd75446,1,1.0,0,1.0,1.0,0.8469384478798517,56,0,0,-1,,,
794b439e9922527b,1,1.0,0,1.0,1.0,0.902191612537564,36,0,0,-1,,,
74c77891a7d45a15,1,1.0,0,1.0,1.0,0.9280070527749079,38,0,0,-1,,,
d31d38e1a2305147,1,1.0,0,1.0,1.0,0.9145582743427639,60,0,0,-1,,,
8371ac42ba585d35,1,1.0,0,1.0,1.0,0.9166151606288814,58,0,0,-1,,,
8413eaf2b8e45e3b,1,1.0,0,1.0,1.0,0.9154291101678611,59,0,0,-1,,,
93080b4cb0435e4a,1,1.0,0,1.0,1.0,0.8699365171678742,61,0,0,-1,,,
237739df15ff58cb,1,1.0,0,1.0,1.0,0.9385406225801352,50,0,0,-1,,,
8fb6a2364e0c53f9,1,1.0,0,1.0,1.0,0.9659113299882125,49,0,0,-1,,,
fa0f2e54ad7259b0,1,1.0,0,1.0,1.0,0.9886863218869779,48,0,0,-1,,,
b7922416f6935fc4,1,1.0,0,1.0,1.0,0.991737364694336,45,0,0,-1,,,
2ead0bb5e6705b4a,1,1.0,0,1.0,1.0,0.8842815816632447,40,0,0,-1,,,
5aae47691f185a21,1,1.0,0,1.0,1.0,0.8862268815643709,41,0,0,-1,,,
92106b8512315c03,1,1.0,0,1.0,1.0,1.0,40,0,0,-1,,,
f6ce545dcc975501,1,1.0,0,1.0,1.0,1.0,39,0,0,-1,,,
36077daf1cda5d05,1,1.0,0,1.0,1.0,1.0,36,0,0,-1,,,
991972800a895109,1,1.0,0,1.0,1.0,1.0,35,0,0,-1,,,
5dea796da1ce5b02,1,1.0,0,1.0,1.0,0.81624640017383,52,0,0,-1,,,
f7cef72b285555af,1,1.0,0,1.0,1.0,0.7932670961122058,53,0,0,-1,,,
e463ad284c0d595c,1,1.0,0,1.0,1.0,0.9419847141148283,52,0,0,-1,,,
3ae3cf56296b5861,1,1.0,0,1.0,1.0,0.9244029637199894,51,0,0,-1,,,
7316c116f05d57a5,1,1.0,0,1.0,1.0,0.9460872252441798,49,0,0,-1,,,
2a08c81705d755c7,1,1.0,0,1.0,1.0,0.9178395978174154,37,0,0,-1,,,
6e983b745cb9535b,1,1.0,0,1.0,0.0,0.0,55,0,0,-1,,,
8686e685b08a5c3e,1,1.0,0,1.0,1.0,0.5388416400570194,72,0,0,-1,,,
45935e0787fd5a31,1,1.0,0,1.0,1.0,0.745749300822645,73,0,0,-1,,,
85adece1f9d55cc6,1,1.0,0,1.0,1.0,0.7031527450920123,72,0,0,-1,,,
3d400bec249a5f88,1,1.0,0,1.0,1.0,0.8863002818458635,20,0,0,-1,,,
dde50b95cefd5ecd,1,1.0,0,1.0,1.0,0.87720345150905,20,0,0,-1,,,
62735179d4f258ea,1,1.0,0,1.0,1.0,0.919709181064127,18,0,0,-1,,,
e24e2c91fb5759dc,1,1.0,0,1.0,1.0,0.9040976190028146,21,0,0,-1,,,
bde1cb24aeb45289,1,1.0,0,1.0,1.0,0.8945497486786556,20,0,0,-1,,,
af2f022a0d685312,1,1.0,0,1.0,1.0,0.7098660645435823,19,0,0,-1,,,
1c25de3a1c805da1,1,1.0,0,1.0,1.0,0.7074258427637575,19,0,0,-1,,,
fc0a59dcf9d75219,1,1.0,0,1.0,1.0,0.7060932952565806,18,0,0,-1,,,
b219a12536715748,1,1.0,0,1.0,1.0,0.939021685617289,60,0,0,-1,,,
6dcd43697e01597d,1,1.0,0,1.0,1.0,0.9377467933887947,61,0,0,-1,,,
c81f2105e14758ea,1,1.0,0,1.0,1.0,0.9212785760332817,60,0,0,-1,,,
583e9cc4115258e4,1,1.0,0,0.0,1.0,0.4002364917886971,69,0,0,-1,,,
742456f4f1c65425,1,1.0,0,0.0,1.0,0.5473550062612348,67,0,0,-1,,,
e758a9ddb8a85469,1,1.0,0,1.0,1.0,1.0,45,0,0,-1,,,
79d36fbd8d115f06,1,1.0,0,0.0,1.0,0.4864642796664052,38,0,0,-1,,,
f5e6e24328fd5e7c,1,1.0,0,0.0,1.0,0.5195149200708471,38,0,0,-1,,,
2908ea54e9955267,1,1.0,0,1.0,1.0,0.6839888525991391,17,0,0,-1,,,
315e61d0629c54d6,1,1.0,0,1.0,1.0,0.6834115805763306,18,0,0,-1,,,
21d65485fa3c55e7,1,1.0,0,1.0,1.0,0.8114893052811554,18,0,0,-1,,,
9fe3ed9455355edb,1,1.0,0,1.0,1.0,1.0,71,0,0,-1,,,
6618e0dc30c95169,1,1.0,0,1.0,1.0,1.0,71,0,0,-1,,,
d93832e29afa5f8b,1,1.0,0,1.0,1.0,0.9410464380859226,77,0,0,-1,,,
1d372d9debb155cb,1,1.0,0,1.0,1.0,0.9236134330324326,76,0,0,-1,,,
a317560bc1215a39,1,1.0,0,0.0,1.0,0.5306750962720407,75,0,0,-1,,,
fff973197a795e6a,1,1.0,0,1.0,1.0,0.9528307612355117,38,0,0,-1,,,
78f8d55c59105b7b,1,1.0,0,1.0,1.0,1.0,40,0,0,-1,,,
f1992f61c13e5998,1,1.0,0,1.0,1.0,0.9528695159318682,42,0,0,-1,,,
454446c80b625c47,1,1.0,0,1.0,1.0,0.9657640887360053,43,0,0,-1,,,
6d540c863075575c,1,1.0,0,1.0,1.0,0.9699420050614828,40,0,0,-1,,,
e8858099d9b652f2,1,1.0,0,1.0,1.0,0.9222246561603858,39,0,0,-1,,,
b60cd9b5f9a75b57,1,1.0,0,1.0,1.0,0.919813562922533,39,0,0,-1,,,
16cd404f3eaa5cd0,1,1.0,0,1.0,1.0,0.9338496016535712,40,0,0,-1,,,
651f88b4c46e50a2,1,1.0,0,1.0,1.0,0.9922861044645064,47,0,0,-1,,,
d4f989ee320e52e9,1,1.0,0,1.0,1.0,0.9885753632559741,45,0,0,-1,,,
332ac89545ed5822,1,1.0,0,1.0,1.0,0.9654060493899849,47,0,0,-1,,,
64ee149f402a5601,1,1.0,0,1.0,1.0,0.9392953349787904,46,0,0,-1,,,
72c898c5c6a45939,1,1.0,0,1.0,1.0,0.9041631740439486,46,0,0,-1,,,
7f1f382094685881,1,1.0,0,1.0,1.0,0.9036071473149644,44,0,0,-1,,,
846863e9cd7059c5,1,1.0,0,1.0,1.0,1.0,41,0,0,-1,,,
6d8767e46d975896,1,1.0,0,1.0,1.0,1.0,41,0,0,-1,,,
726a691895a75bfc,1,1.0,0,1.0,1.0,0.9690610840694727,56,0,0,-1,,,
8dda399c53aa5be8,1,1.0,0,1.0,1.0,0.9660921255698751,55,0,0,-1,,,
451f66014a765bce,1,1.0,0,1.0,1.0,0.979618124943304,54,0,0,-1,,,
df0122d3b7d35eb9,1,1.0,0,1.0,1.0,0.977768117618278,57,0,0,-1,,,
5f3da1e584905c8e,1,1.0,0,1.0,1.0,0.9618046764217469,55,0,0,-1,,,
08684d8a5d675f4a,1,1.0,0,1.0,1.0,0.9243342105544409,57,0,0,-1,,,
72cb0bed47ab5464,1,1.0,0,1.0,1.0,0.9405204859396248,90,0,0,-1,,,
62c5045db3c159aa,1,1.0,0,1.0,1.0,1.0,176,0,0,-1,,,
9f528c7bfca6509b,1,1.0,0,1.0,1.0,0.880725450511517,12,0,0,-1,,,
1ed850327b905ebd,1,1.0,0,1.0,1.0,0.8901608935359073,13,0,0,-1,,,
4eaf35cea96d5dd9,1,1.0,0,1.0,1.0,0.9571202604628967,21,0,0,-1,,,
fcb6bd60c8905c79,1,1.0,0,1.0,1.0,0.9371391305205479,21,0,0,-1,,,
0d7f280bf979592b,1,1.0,0,1.0,1.0,0.7752304236797277,7,0,0,-1,,,
52fae9c4f2025dc3,1,1.0,0,1.0,1.0,0.8369639139644726,7,0,0,-1,,,
0a649534cf715ba2,1,1.0,0,1.0,1.0,0.8149620994151698,9,0,0,-1,,,
e89a30bba6345ada,1,1.0,0,1.0,1.0,0.8234839779112523,8,0,0,-1,,,
eed926191448591a,1,1.0,0,1.0,1.0,0.7169472223597975,174,0,0,-1,,,
03817943eb905452,1,1.0,0,1.0,1.0,0.9687907117357915,172,0,0,-1,,,
d318551a8ce150e5,1,1.0,0,1.0,1.0,0.9887947893025651,175,0,0,-1,,,
614cdeb09cc25923,1,1.0,0,1.0,1.0,1.0,167,0,0,-1,,,
edbd8b34cdc65008,1,1.0,0,1.0,1.0,1.0,163,0,0,-1,,,
44a82a16cdbc5813,1,1.0,0,1.0,1.0,0.9850037275846667,155,0,0,-1,,,
7beae7492ff45866,1,1.0,0,1.0,1.0,0.9660486307481267,154,0,0,-1,,,
e0cc59c7dc8c50bd,1,1.0,0,0.0,1.0,0.544968095162717,157,0,0,-1,,,
633df956d5645243,1,1.0,0,1.0,1.0,1.0,167,0,0,-1,,,
67077701cdd85c9d,1,1.0,0,1.0,1.0,0.8880947074496143,8,0,0,-1,,,
2c9ad43fb0cd5394,1,1.0,0,1.0,1.0,0.8833481502899482,8,0,0,-1,,,
b11b571fd6a35e9e,1,1.0,0,1.0,1.0,0.9331358753617266,9,0,0,-1,,,
a20beaedf66b59f3,1,1.0,0,1.0,1.0,0.8950118067633351,9,0,0,-1,,,
f9ed38d9ddfa531e,1,1.0,0,1.0,1.0,0.8029307052504221,6,0,0,-1,,,
265a62af0b2954a5,1,1.0,0,1.0,1.0,0.7981607893089387,6,0,0,-1,,,
52e0d1590e0e529d,1,1.0,0,1.0,1.0,0.7242282489012446,6,0,0,-1,,,
155c340aae355cd4,1,1.0,0,1.0,1.0,1.0,64,0,0,-1,,,
a567ea679ba056ce,1,1.0,0,1.0,1.0,0.9068959248842612,66,0,0,-1,,,
b72ed3ae0ad551a8,1,1.0,0,1.0,1.0,1.0,67,0,0,-1,,,
a075b9f46b7b5831,1,1.0,0,1.0,1.0,1.0,66,0,0,-1,,,
7f2934ac111854f5,1,1.0,0,1.0,1.0,1.0,69,0,0,-1,,,
a8a34f54618050f6,1,1.0,0,1.0,1.0,1.0,62,0,0,-1,,,
480f8beca45f53cd,1,1.0,0,1.0,0.0,0.0,61,0,0,-1,,,
5c1b8e332d105b79,1,1.0,0,1.0,0.0,0.0,55,0,0,-1,,,
78c9157a55905d81,1,1.0,0,0.0,1.0,0.5315821768025033,158,0,0,-1,,,
3fe8df1737825eb3,1,1.0,0,1.0,1.0,0.9449937956218268,159,0,0,-1,,,
4889752cac5f5e59,1,1.0,0,1.0,1.0,0.9497655385751044,154,0,0,-1,,,
1ed78a92956f5c5c,1,1.0,0,1.0,1.0,0.9864504117194802,149,0,0,-1,,,
f24b703a3f14583f,1,1.0,0,1.0,1.0,0.9024579366642547,156,0,0,-1,,,
e27b4628314951bb,1,1.0,0,1.0,1.0,0.9173710765699067,160,0,0,-1,,,
d01ce29c2b1951a2,1,1.0,0,1.0,1.0,0.8910285759334915,158,0,0,-1,,,
a83a32870332554f,1,1.0,0,1.0,1.0,0.8936156431618216,156,0,0,-1,,,
1bc892186af15042,1,1.0,0,1.0,0.0,0.0,7,0,0,-1,,,
25000ee050145f13,1,1.0,0,1.0,0.0,0.0,5,0,0,-1,,,
72781f1cbd405769,1,1.0,0,1.0,1.0,0.7310795776204696,5,0,0,-1,,,
c4e83619721455b0,1,1.0,0,1.0,1.0,0.7879070789432553,5,0,0,-1,,,
ea7d8f38a0a05149,1,1.0,0,1.0,1.0,0.8082049820618257,6,0,0,-1,,,
da9ee145e2b05480,1,1.0,0,1.0,1.0,0.791686614364783,6,0,0,-1,,,
b868adf3ec2e56a5,1,1.0,0,1.0,1.0,0.7756959762803147,7,0,0,-1,,,
79e582695923514a,1,1.0,0,1.0,1.0,0.8169076956547995,7,0,0,-1,,,
cbdda157b6705786,1,1.0,0,1.0,1.0,0.8503632175074771,11,0,0,-1,,,
16d3bf2e9bf75eb4,1,1.0,0,1.0,1.0,0.8680705254387163,13,0,0,-1,,,
78c26c7e63c3534c,1,1.0,0,1.0,1.0,0.7972045275389646,12,0,0,-1,,,
81286af2aa9c5e17,1,1.0,0,1.0,1.0,0.7977450524258646,12,0,0,-1,,,
63768cbe8b2d5c65,1,1.0,0,1.0,1.0,0.8011811664847678,12,0,0,-1,,,
ed166d61f7435477,1,1.0,0,1.0,1.0,0.8031025794664405,11,0,0,-1,,,
4ccdd6c153335a2b,1,1.0,0,1.0,1.0,0.805292488201273,10,0,0,-1,,,
8bb0f6034d505f75,1,1.0,0,1.0,1.0,0.8093446089960241,10,0,0,-1,,,
6bacccc5dd3652c3,1,1.0,0,1.0,1.0,0.8367746243382719,6,0,0,-1,,,
213870b088245664,1,1.0,0,1.0,1.0,0.8167923182312068,7,0,0,-1,,,
9e9e33077f375062,1,1.0,0,1.0,1.0,0.8157733127094441,9,0,0,-1,,,
e8daa33268685b31,1,1.0,0,1.0,1.0,1.0,10,0,0,-1,,,
3346340e1c275766,1,1.0,0,1.0,0.0,0.0,9,0,0,-1,,,
f9c8ec6aefc05be4,1,1.0,0,1.0,0.0,0.0,12,0,0,-1,,,
7d5f417c01fb5a87,1,1.0,0,1.0,1.0,0.8051807482651109,13,0,0,-1,,,
c67262b6c33b5b0f,1,1.0,0,1.0,1.0,0.8510391659188583,12,0,0,-1,,,
d47d27f1cfb65061,1,1.0,0,1.0,1.0,0.9069206424540092,155,0,0,-1,,,
fa4e4826f5585647,1,1.0,0,1.0,1.0,0.9168419959126899,161,0,0,-1,,,
d9cf5623b4f85cad,1,1.0,0,1.0,1.0,0.9472304685251113,159,0,0,-1,,,
3889b6ba58845785,1,1.0,0,1.0,1.0,0.9426609554902283,157,0,0,-1,,,
969198fbd19d59b1,1,1.0,0,1.0,1.0,0.931081453639397,159,0,0,-1,,,
e91f2da06b8e517f,1,1.0,0,1.0,1.0,0.8993691365630254,155,0,0,-1,,,
86536c24d4805ac7,1,1.0,0,1.0,1.0,0.8345558053479037,155,0,0,-1,,,
3545234b609d5f4a,1,1.0,0,1.0,1.0,0.8200897094832671,155,0,0,-1,,,
4b5fc0f1425c5288,1,1.0,0,1.0,1.0,1.0,44,0,0,-1,,,
b9013028b5d45eee,1,1.0,0,0.0,1.0,0.5833333333333334,44,0,0,-1,,,
c2915f2ac7f55f97,1,1.0,0,1.0,1.0,0.6740333229320811,63,0,0,-1,,,
6d9c2a30a6435937,1,1.0,0,1.0,1.0,0.6768617345358617,63,0,0,-1,,,
4768080b04d5530e,1,1.0,0,1.0,1.0,0.9398631234129017,66,0,0,-1,,,
cb50b764d69557b9,1,1.0,0,1.0,1.0,0.9747286063718935,59,0,0,-1,,,
01da0653d99c5903,1,1.0,0,1.0,1.0,0.9794824467194134,57,0,0,-1,,,
87ecb477e85b5a58,1,1.0,0,1.0,1.0,0.9901147717066351,56,0,0,-1,,,
2e6e9e72249a5980,1,1.0,0,1.0,1.0,0.7840176242344142,10,0,0,-1,,,
3ea7ba225643556d,1,1.0,0,1.0,1.0,0.8197899196494228,10,0,0,-1,,,
6666f491ef505a49,1,1.0,0,1.0,1.0,0.8739633125989208,10,0,0,-1,,,
8181a3050dfa51b4,1,1.0,0,1.0,1.0,0.8583612718297996,9,0,0,-1,,,
15faa071a7145ad6,1,1.0,0,1.0,1.0,0.8431012647261952,9,0,0,-1,,,
6cdf58d03f8e5493,1,1.0,0,1.0,1.0,0.8374113066900538,10,0,0,-1,,,
3e68b96c1d745820,1,1.0,0,1.0,1.0,0.8471676368840235,10,0,0,-1,,,
39168e35ed085e11,1,1.0,0,1.0,1.0,0.8604739572541543,11,0,0,-1,,,
ff60c00aba8b554e,1,1.0,0,1.0,1.0,0.8380248031716692,16,0,0,-1,,,
65bed9b54a335206,1,1.0,0,1.0,1.0,0.8184757383379792,15,0,0,-1,,,
3216cf4d7e975148,1,1.0,0,1.0,1.0,0.9714095844846642,15,0,0,-1,,,
13c555e68671524f,1,1.0,0,1.0,1.0,0.7221589406999206,15,0,0,-1,,,
253ec4fb977d52d6,1,1.0,0,1.0,1.0,0.8682191440664263,15,0,0,-1,,,
acd0bceedc6852c2,1,1.0,0,1.0,1.0,0.8590894175114855,15,0,0,-1,,,
c70300305bb9547e,1,1.0,0,1.0,1.0,0.8593932598231889,15,0,0,-1,,,
1d3a143cf41f5d16,1,1.0,0,1.0,1.0,0.8752965533609878,14,0,0,-1,,,
be6f90f06bc35be3,1,1.0,0,1.0,1.0,0.8137218997839387,9,0,0,-1,,,
8651cc01649b5d5b,1,1.0,0,1.0,1.0,0.7777159101220333,8,0,0,-1,,,
3af98cdf0bc35f44,1,1.0,0,1.0,1.0,0.8197873432665154,7,0,0,-1,,,
abcb112aeb3458cf,1,1.0,0,1.0,1.0,0.8510072309781812,8,0,0,-1,,,
1834f4fb0ca15b93,1,1.0,0,1.0,1.0,0.8358260849602882,6,0,0,-1,,,
8172f888cc1f5c0f,1,1.0,0,1.0,1.0,0.821712709202073,6,0,0,-1,,,
3b6e03834b255849,1,1.0,0,1.0,1.0,0.843240023068183,5,0,0,-1,,,
1113bc93478c56fe,1,1.0,0,1.0,1.0,0.8451855026222558,5,0,0,-1,,,
3ad6a3f7a0f155f8,1,1.0,0,1.0,1.0,0.8700610948014562,9,0,0,-1,,,
21990e031d705957,1,1.0,0,1.0,1.0,0.8360199476469584,9,0,0,-1,,,
2731fa425acf52f4,1,1.0,0,1.0,1.0,1.0,10,0,0,-1,,,
ddc1271ea57154bc,1,1.0,0,1.0,1.0,1.0,13,0,0,-1,,,
d0bf0c6c025c5c8c,1,1.0,0,1.0,1.0,0.7729685482048234,11,0,0,-1,,,
d09ecc45a5685873,1,1.0,0,1.0,1.0,1.0,11,0,0,-1,,,
39fde97003dd540e,1,1.0,0,1.0,1.0,0.8482037530929993,9,0,0,-1,,,
57fc7e48f73a5218,1,1.0,0,1.0,1.0,0.8767552763585954,5,0,0,-1,,,
08dad3e5005658df,1,1.0,0,1.0,1.0,0.8441105127449132,5,0,0,-1,,,
150505a546335d5d,1,1.0,0,1.0,1.0,0.8320462091278701,3,0,0,-1,,,
d894554636eb52f4,1,1.0,0,1.0,1.0,0.8080909976504768,6,0,0,-1,,,
00c893a01244562c,1,1.0,0,1.0,1.0,0.8313019101612357,6,0,0,-1,,,
bc1489ef42185fa1,1,1.0,0,1.0,1.0,0.818218742433302,5,0,0,-1,,,
6af09cbf5d405f49,1,1.0,0,1.0,1.0,0.7981054951611961,5,0,0,-1,,,
c473976e5a2f5111,1,1.0,0,1.0,1.0,0.8259421023119845,7,0,0,-1,,,
ee80a7cf312253e2,1,1.0,0,1.0,1.0,0.829074108562064,6,0,0,-1,,,
da0d775d13c956be,1,1.0,0,1.0,1.0,0.8577341990954022,12,0,0,-1,,,
c95f789949355567,1,1.0,0,1.0,1.0,0.8319031723052731,12,0,0,-1,,,
53a22c2f65fd57d5,1,1.0,0,1.0,1.0,0.8130341447168815,11,0,0,-1,,,
5a3a4277dc785511,1,1.0,0,1.0,1.0,0.871830263052964,11,0,0,-1,,,
442b2cf63c6f570a,1,1.0,0,1.0,1.0,0.8754532184910998,11,0,0,-1,,,
18492b6ce9905b13,1,1.0,0,1.0,1.0,0.8516539022469866,11,0,0,-1,,,
312d2bf03023521a,1,1.0,0,1.0,1.0,0.8645133964797482,12,0,0,-1,,,
41f86f5fb97d505c,1,1.0,0,1.0,1.0,0.8851762560146609,12,0,0,-1,,,
08fcb3344bea538d,1,1.0,0,1.0,1.0,0.8145152306145812,7,0,0,-1,,,
5085749584aa5377,1,1.0,0,1.0,1.0,0.8042782333948685,8,0,0,-1,,,
d7b1349fb4775cc1,1,1.0,0,1.0,1.0,0.9430540798652854,11,0,0,-1,,,
8628470b20555c1d,1,1.0,0,1.0,1.0,0.9422833035400018,13,0,0,-1,,,
5c3080b50d365629,1,1.0,0,1.0,1.0,0.9336707534887659,13,0,0,-1,,,
dbba0a418817539e,1,1.0,0,1.0,1.0,0.9464954430487934,13,0,0,-1,,,
25e5bbbced86504c,1,1.0,0,1.0,1.0,0.8878251171869976,15,0,0,-1,,,
8c384d60912b5f73,1,1.0,0,1.0,1.0,0.8651512690426425,15,0,0,-1,,,
4332fab190e05b95,1,1.0,0,1.0,1.0,1.0,160,0,0,-1,,,
92838ad73bf95b3a,1,1.0,0,1.0,1.0,1.0,160,0,0,-1,,,
76031bb4f8f7566d,1,1.0,0,1.0,1.0,1.0,162,0,0,-1,,,
1e09c94f9cfb5fc9,1,1.0,0,1.0,1.0,1.0,164,0,0,-1,,,
d35af9a0d57656d4,1,1.0,0,1.0,1.0,1.0,163,0,0,-1,,,
13d2650251d25e83,1,1.0,0,1.0,1.0,1.0,168,0,0,-1,,,
4a6ab6e35934543a,1,1.0,0,1.0,1.0,0.996235316901234,164,0,0,-1,,,
e53fc4a1bbe0568b,1,1.0,0,1.0,1.0,0.9873470297971597,166,0,0,-1,,,
55dab3d9ebd95046,1,1.0,0,1.0,1.0,0.812968469140551,10,0,0,-1,,,
cbc1c1f392825ad6,1,1.0,0,1.0,1.0,0.8134931249079748,9,0,0,-1,,,
28c89352b09b55d4,1,1.0,0,1.0,1.0,0.8093230109331525,7,0,0,-1,,,
54a295777c3a5d46,1,1.0,0,1.0,1.0,0.7033133482122261,4,0,0,-1,,,
3f85ed22ffdf5683,1,1.0,0,1.0,1.0,0.7464866995275212,3,0,0,-1,,,
802ea08c7ae1530a,1,1.0,0,1.0,1.0,0.8378854138203998,4,0,0,-1,,,
2389414c94075d6a,1,1.0,0,1.0,1.0,0.8678699056546119,4,0,0,-1,,,
a9af1e73c9575428,1,1.0,0,1.0,1.0,0.870232689442243,4,0,0,-1,,,
dc26fde28bc65ef6,1,1.0,0,1.0,1.0,0.8213298474707922,8,0,0,-1,,,
7682ed33c75a5116,1,1.0,0,1.0,1.0,0.8292352093774449,10,0,0,-1,,,
6d83f0adc26e5ee5,1,1.0,0,1.0,1.0,0.8219938562833434,11,0,0,-1,,,
8fa565e2239853e3,1,1.0,0,1.0,1.0,0.8202763712317344,10,0,0,-1,,,
b9c124bdb19956b7,1,1.0,0,1.0,1.0,0.8935840827594553,19,0,0,-1,,,
b4d40a7532c05cd0,1,1.0,0,1.0,1.0,0.875711306363808,19,0,0,-1,,,
825663ce94fe5df1,1,1.0,0,1.0,1.0,0.8363649345229532,20,0,0,-1,,,
ae33fa122ac45a10,1,1.0,0,1.0,1.0,0.8370820350672222,20,0,0,-1,,,
58c61cbce5825c91,1,1.0,0,1.0,1.0,0.8544842229017954,14,0,0,-1,,,
65e41bd322a25dd1,1,1.0,0,1.0,1.0,0.8229237806965742,18,0,0,-1,,,
98b414a515bb5b99,1,1.0,0,1.0,1.0,0.8439688261153648,18,0,0,-1,,,
9483fae2cfc352eb,1,1.0,0,1.0,1.0,0.7764857180537249,19,0,0,-1,,,
65451b2015ec58c7,1,1.0,0,1.0,1.0,0.6700121755489516,20,0,0,-1,,,
5bdeb71025415ed9,1,1.0,0,1.0,1.0,0.7992057931544473,19,0,0,-1,,,
b54d370ffcf653ed,1,1.0,0,1.0,1.0,0.7604721084892132,16,0,0,-1,,,
b662afef6f935725,1,1.0,0,1.0,1.0,0.7658595223466517,18,0,0,-1,,,
90797642e4065c3c,1,1.0,0,1.0,1.0,0.8427517277752893,20,0,0,-1,,,
8693307093e0553b,1,1.0,0,1.0,1.0,0.8321945371598726,20,0,0,-1,,,
92c6df44cf055882,1,1.0,0,1.0,1.0,0.8572674774517358,21,0,0,-1,,,
a589b9ccbe3e5d1c,1,1.0,0,1.0,1.0,0.8504081284783629,20,0,0,-1,,,
7c2c92e3afdd555f,1,1.0,0,1.0,1.0,0.849509200360877,20,0,0,-1,,,
b1cb5523e43b594a,1,1.0,0,1.0,1.0,0.9042501070965091,20,0,0,-1,,,
2d8b8e77af38568f,1,1.0,0,1.0,1.0,0.8974820089475329,20,0,0,-1,,,
fc8a40e606a25836,1,1.0,0,1.0,1.0,0.8911193085167796,19,0,0,-1,,,
5396af8f09455852,1,1.0,0,1.0,1.0,0.8292243897210305,18,0,0,-1,,,
f082cf21642c5cbc,1,1.0,0,1.0,1.0,0.964406901303655,39,0,0,-1,,,
53414ba6577d5923,1,1.0,0,1.0,1.0,0.957897947368702,41,0,0,-1,,,
420d59a27cb053ae,1,1.0,0,1.0,1.0,0.95487380685402,42,0,0,-1,,,
ab0c43fd9f2c5481,1,1.0,0,1.0,1.0,0.9734494222940394,44,0,0,-1,,,
26b5e3878f2250ac,1,1.0,0,1.0,1.0,1.0,45,0,0,-1,,,
0b0a419d29cf5e9a,1,1.0,0,1.0,1.0,0.8710706999661048,53,0,0,-1,,,
695990349fc551a7,1,1.0,0,1.0,1.0,0.8966867884881647,54,0,0,-1,,,
8439357bbb005600,1,1.0,0,1.0,1.0,0.8795704164415524,8,0,0,-1,,,
7595830169065d37,1,1.0,0,1.0,1.0,0.8631476289649389,7,0,0,-1,,,
216d5205e9745145,1,0.0,1,0.0,1.0,0.0,7,1,0,2,BICYCLE,2,10.3
85dd82b1048e5509,1,1.0,0,1.0,1.0,0.742101558073793,8,0,0,-1,,,
61573a0820cc553a,1,1.0,0,1.0,1.0,0.7416028643677685,10,0,0,-1,,,
c2f56a56716f55e3,1,1.0,0,1.0,1.0,0.8674078762102756,17,0,0,-1,,,
86d5685d21d15ee9,1,1.0,0,1.0,1.0,0.8825076792459571,17,0,0,-1,,,
35e9a9cf7fb85962,1,1.0,0,1.0,1.0,0.8757348097455981,15,0,0,-1,,,
a7f7be23b6185470,1,1.0,0,1.0,1.0,0.9905099193410983,158,0,0,-1,,,
f8de050af1de5ced,1,1.0,0,1.0,1.0,1.0,155,0,0,-1,,,
c576010dd74157a5,1,1.0,0,1.0,1.0,1.0,150,0,0,-1,,,
166dac05bf555e13,1,1.0,0,1.0,1.0,1.0,155,0,0,-1,,,
e1fe1575a4275d3c,1,1.0,0,1.0,1.0,1.0,153,0,0,-1,,,
f4059b9c69d5509c,1,1.0,0,1.0,1.0,1.0,152,0,0,-1,,,
27f94d9f461852c4,1,1.0,0,1.0,1.0,1.0,154,0,0,-1,,,
b1c08eae66d35f5d,1,1.0,0,1.0,1.0,1.0,155,0,0,-1,,,
e14711ef4d2f5000,1,1.0,0,1.0,1.0,0.9054453734173431,31,0,0,-1,,,
94ac0f71d5615e4c,1,1.0,0,1.0,1.0,0.9233164818030835,21,0,0,-1,,,
a8c2268684c35a80,1,1.0,0,1.0,1.0,0.8922984059996922,54,0,0,-1,,,
4f37ec7f0ac75960,1,1.0,0,1.0,1.0,0.8888856068836272,58,0,0,-1,,,
6c28c001109f5718,1,1.0,0,1.0,1.0,0.8811172311900458,66,0,0,-1,,,
cf45427178d25b3d,1,1.0,0,1.0,1.0,0.8780230971250941,67,0,0,-1,,,
b805c900794c53f5,1,1.0,0,1.0,1.0,0.8978614200956713,69,0,0,-1,,,
a7ad6a154d2051bd,1,1.0,0,1.0,1.0,0.9228293661881567,158,0,0,-1,,,
97bbc33ac7d4586d,1,1.0,0,1.0,1.0,1.0,78,0,0,-1,,,
cf1b346426bd5fce,1,1.0,0,1.0,1.0,1.0,74,0,0,-1,,,
759af2e479de5bbb,1,1.0,0,1.0,1.0,0.8381295747265872,71,0,0,-1,,,
7a735f01957d5f72,1,1.0,0,1.0,1.0,0.9306028829881052,67,0,0,-1,,,
fb524406adde5e78,1,1.0,0,1.0,1.0,0.8869147949754526,70,0,0,-1,,,
559c4c23eb5d565a,1,1.0,0,1.0,1.0,0.8103060024645895,68,0,0,-1,,,
47af60921ec65144,1,1.0,0,1.0,1.0,0.7241238491451362,64,0,0,-1,,,
4d5a01dea92b5867,1,1.0,0,1.0,1.0,0.7972187770389393,61,0,0,-1,,,
29a576f5351a5162,1,1.0,0,1.0,1.0,0.8627708388285636,20,0,0,-1,,,
0f2ee0e7661d5ccf,1,1.0,0,1.0,1.0,0.865981186956077,21,0,0,-1,,,
13b9787d163b5072,1,1.0,0,1.0,1.0,0.7593970438468866,13,0,0,-1,,,
8712b89ee20152e4,1,1.0,0,1.0,1.0,0.7986823091525143,12,0,0,-1,,,
f620e6d6c13b53b7,1,1.0,0,1.0,1.0,0.8005954919709204,13,0,0,-1,,,
dc05b41a768b5015,1,1.0,0,1.0,1.0,0.8277447432205528,11,0,0,-1,,,
11182a0af9c95c8c,1,1.0,0,1.0,1.0,0.823285533333823,11,0,0,-1,,,
aef8ab04144650cd,1,1.0,0,1.0,1.0,0.890915320880275,11,0,0,-1,,,
c62b532b8f355b16,1,1.0,0,1.0,1.0,0.9074494222332117,106,0,0,-1,,,
46a9bf6f100c5e0a,1,1.0,0,1.0,1.0,0.9061424538157411,106,0,0,-1,,,
ad2bbc4542205912,1,1.0,0,1.0,1.0,0.918108472016828,105,0,0,-1,,,
68c666c7045f5609,1,1.0,0,1.0,1.0,0.9060874922411717,105,0,0,-1,,,
561ac555b4a85edc,1,1.0,0,1.0,1.0,0.9012362601066317,105,0,0,-1,,,
ac40749eddb45a13,1,1.0,0,1.0,1.0,0.8847194350154192,112,0,0,-1,,,
e3caf69e02f857ba,1,1.0,0,1.0,1.0,0.8609560838916425,112,0,0,-1,,,
9666a4125db25507,1,1.0,0,1.0,1.0,0.8449984761491135,107,0,0,-1,,,
b2b801ee99c95758,1,1.0,0,1.0,1.0,0.8515885052622836,261,0,0,-1,,,
6c4bebeaa24a53ce,1,1.0,0,1.0,1.0,0.8409363036162111,262,0,0,-1,,,
a8aba52e8a6151bf,1,1.0,0,1.0,1.0,0.913533505514672,264,0,0,-1,,,
e6e40103bfcb539e,1,1.0,0,1.0,1.0,0.896320356945072,266,0,0,-1,,,
2e405d459d8b5d9c,1,1.0,0,1.0,1.0,0.8726631385778033,265,0,0,-1,,,
986cc16cb2295630,1,1.0,0,1.0,1.0,1.0,294,0,0,-1,,,
b0e6764ee8a35223,1,1.0,0,1.0,1.0,0.9158436475463297,293,0,0,-1,,,
0e08da5fbc735956,1,1.0,0,1.0,1.0,0.9524838058118433,295,0,0,-1,,,
49119e0bd9335681,1,1.0,0,1.0,1.0,1.0,105,0,0,-1,,,
3c448f4385bf58e1,1,1.0,0,1.0,1.0,1.0,103,0,0,-1,,,
2c439b29049252a7,1,1.0,0,1.0,1.0,1.0,98,0,0,-1,,,
2318ebb3b64554fc,1,1.0,0,1.0,1.0,1.0,97,0,0,-1,,,
876278ea40b25284,1,1.0,0,1.0,1.0,1.0,97,0,0,-1,,,
a98bfcdd7d6c5683,1,1.0,0,1.0,1.0,1.0,94,0,0,-1,,,
012dc5d8043555ef,1,1.0,0,1.0,1.0,1.0,92,0,0,-1,,,
854521fe3b945040,1,1.0,0,1.0,1.0,1.0,124,0,0,-1,,,
d6deeba48d2c5dfe,1,1.0,0,1.0,1.0,0.9076756496885737,216,0,0,-1,,,
955098957a615194,1,1.0,0,1.0,1.0,0.8808851063039346,220,0,0,-1,,,
94d21a3c26c65363,1,1.0,0,1.0,1.0,0.877052005014837,227,0,0,-1,,,
fffbe416ae85553b,1,1.0,0,1.0,1.0,0.8568314635637312,235,0,0,-1,,,
abda798b87535e07,1,1.0,0,1.0,1.0,0.8438915666443648,246,0,0,-1,,,
0498b27fee425645,1,1.0,0,1.0,1.0,0.8267496123471435,242,0,0,-1,,,
f60b8b3796c45845,1,1.0,0,1.0,1.0,0.8394701726222907,241,0,0,-1,,,
390cb416304c5d2a,1,1.0,0,1.0,1.0,0.8918901192131443,242,0,0,-1,,,
95472243c6245fec,1,1.0,0,1.0,1.0,0.9460410555870707,328,0,0,-1,,,
397c45f99a265c17,1,1.0,0,1.0,1.0,0.9425116710806986,334,0,0,-1,,,
8c731225bf685391,1,1.0,0,1.0,1.0,0.9447772432758091,333,0,0,-1,,,
b5b422189a075a27,1,1.0,0,1.0,1.0,0.9235378954644548,325,0,0,-1,,,
22a0b00bb8ed5ed5,1,1.0,0,1.0,1.0,0.9184089978974243,321,0,0,-1,,,
de83f2c537565ca8,1,1.0,0,1.0,1.0,0.8908020119104559,321,0,0,-1,,,
2076a8bdb6da5fe3,1,1.0,0,1.0,1.0,0.906877924063621,313,0,0,-1,,,
06d7515412d45507,1,1.0,0,1.0,1.0,0.8965111168536538,310,0,0,-1,,,
0e5653822a7a56b3,1,1.0,0,1.0,1.0,0.7231136332773803,101,0,0,-1,,,
483042d5dc175e99,1,1.0,0,1.0,1.0,0.7361617306482743,91,0,0,-1,,,
e26d9a5288165f2a,1,1.0,0,1.0,1.0,0.7245846545580878,81,0,0,-1,,,
a51ed55eaa9c54c9,1,1.0,0,1.0,1.0,0.8115492550674318,74,0,0,-1,,,
d6f52d0bbaf5523c,1,1.0,0,1.0,1.0,0.8077050927797088,77,0,0,-1,,,
4a46ef99ddf55b8d,1,1.0,0,1.0,1.0,0.9972553659712914,74,0,0,-1,,,
4291f43bae455b98,1,1.0,0,1.0,1.0,0.929004313637169,75,0,0,-1,,,
d3fe95784a34578f,1,1.0,0,1.0,1.0,0.9159501315996689,72,0,0,-1,,,
7cdcc814be255d9f,1,1.0,0,1.0,1.0,0.9976318532460473,276,0,0,-1,,,
840d3a1a7a935536,1,1.0,0,1.0,1.0,0.989329478825422,282,0,0,-1,,,
1636385aa7ce5995,1,1.0,0,1.0,1.0,1.0,283,0,0,-1,,,
d8c6aedcb54a56fb,1,1.0,0,1.0,1.0,0.893851429736697,123,0,0,-1,,,
bdfc5ac88bce56ed,1,1.0,0,1.0,1.0,0.8923929283802833,117,0,0,-1,,,
9edd49210af95749,1,1.0,0,1.0,1.0,0.8860694959481993,116,0,0,-1,,,
e49a1ec4a5af596b,1,1.0,0,1.0,1.0,0.8994227109528313,113,0,0,-1,,,
03660e332def5cfa,1,1.0,0,1.0,1.0,0.9057284684187609,107,0,0,-1,,,
d8bbb945380d5d78,1,1.0,0,1.0,1.0,1.0,107,0,0,-1,,,
94652fa0c64d5846,1,1.0,0,1.0,1.0,0.9096274276718409,133,0,0,-1,,,
60f9200ffade5c53,1,1.0,0,1.0,1.0,0.9369779113552781,135,0,0,-1,,,
ec7ec2875d5f5fe9,1,1.0,0,1.0,1.0,0.8624135199543103,129,0,0,-1,,,
16e645697d7559b3,1,1.0,0,1.0,1.0,0.9227697473012476,132,0,0,-1,,,
1e80afcdb0b65cc4,1,1.0,0,1.0,1.0,0.9829403815031382,125,0,0,-1,,,
202d3d3e3b9356a3,1,1.0,0,1.0,1.0,0.916525432993426,125,0,0,-1,,,
aa4272ed1b785b94,1,1.0,0,1.0,1.0,0.7587068693488241,126,0,0,-1,,,
7d24bd01f77c5d87,1,1.0,0,1.0,1.0,0.7223306521612085,56,0,0,-1,,,
29e7ffa0ba1f589b,1,1.0,0,1.0,1.0,1.0,59,0,0,-1,,,
95005e9d60b05d1d,1,1.0,0,1.0,1.0,0.8653611452677877,305,0,0,-1,,,
0c8e3fd67ae45324,1,1.0,0,1.0,1.0,0.8752074991821427,292,0,0,-1,,,
e1c80a4e90a1501d,1,1.0,0,1.0,1.0,0.8859256653433879,275,0,0,-1,,,
9fb8affb5c295640,1,1.0,0,1.0,1.0,0.9018551256033865,263,0,0,-1,,,
b962399e13f35965,1,1.0,0,1.0,1.0,0.9270110841277749,233,0,0,-1,,,
a0ff6ccbf156551f,1,1.0,0,1.0,1.0,0.9422039138200399,234,0,0,-1,,,
020dee65dab453bb,1,1.0,0,1.0,1.0,1.0,96,0,0,-1,,,
66225fc71bd35554,1,1.0,0,1.0,1.0,1.0,94,0,0,-1,,,
94d74f87c8435b61,1,1.0,0,1.0,1.0,0.8322401565920621,98,0,0,-1,,,
7f2edc964c6d5323,1,1.0,0,1.0,1.0,0.8366004907528266,99,0,0,-1,,,
3103614e29e25cd4,1,1.0,0,1.0,1.0,0.832955364899842,102,0,0,-1,,,
e7d6dc36775b52cc,1,1.0,0,1.0,1.0,1.0,100,0,0,-1,,,
e343f38ae86a57fd,1,1.0,0,1.0,1.0,1.0,104,0,0,-1,,,
7ac633604a3c572d,1,1.0,0,1.0,1.0,1.0,102,0,0,-1,,,
dce2c9983a00588e,1,1.0,0,1.0,1.0,0.8791349909791121,310,0,0,-1,,,
391cdfaec8fc5088,1,1.0,0,1.0,1.0,0.9021008263626863,314,0,0,-1,,,
d0c18f1bd62950d5,1,1.0,0,1.0,1.0,0.8930361298325118,311,0,0,-1,,,
21e4dfb3741d529f,1,1.0,0,1.0,1.0,0.8972869218532642,302,0,0,-1,,,
82b52ede639d544d,1,1.0,0,1.0,1.0,1.0,113,0,0,-1,,,
c8dd0a6b741e58b0,1,1.0,0,1.0,1.0,1.0,106,0,0,-1,,,
1d0dfd09b8185201,1,1.0,0,1.0,1.0,0.970030823180609,98,0,0,-1,,,
de205067b0165547,1,1.0,0,1.0,1.0,1.0,87,0,0,-1,,,
f4fc2446b41e55ba,1,1.0,0,1.0,1.0,0.8960610149409104,71,0,0,-1,,,
d6f66c51d98a5db6,1,1.0,0,1.0,1.0,0.8775855758778418,73,0,0,-1,,,
94689128d3bb5ac8,1,1.0,0,1.0,1.0,0.8978034129286482,74,0,0,-1,,,
b18f4a30eea65702,1,1.0,0,1.0,1.0,0.8895444157799496,74,0,0,-1,,,
f39952caeb2b5014,1,1.0,0,1.0,1.0,0.9769819661632392,74,0,0,-1,,,
7bb27993dd475c3d,1,1.0,0,1.0,1.0,0.9776969693193186,77,0,0,-1,,,
824944b52b98552b,1,1.0,0,1.0,1.0,0.909050972071516,78,0,0,-1,,,
16b6a51da6515191,1,1.0,0,1.0,1.0,0.9054541516529517,77,0,0,-1,,,
c8fa1980b26e5f46,1,1.0,0,1.0,1.0,0.9003200766474012,107,0,0,-1,,,
6b3d5914f92b54d9,1,1.0,0,1.0,1.0,0.892917162610078,106,0,0,-1,,,
a78e1f18f3b255d8,1,1.0,0,1.0,1.0,0.8848614699005628,108,0,0,-1,,,
d33a0db0dd335837,1,1.0,0,1.0,1.0,0.8785704784230219,108,0,0,-1,,,
f863be1a4d1d5e96,1,1.0,0,1.0,1.0,0.8699860246689409,110,0,0,-1,,,
cd0fd62195e552da,1,1.0,0,1.0,1.0,0.8541719103414936,107,0,0,-1,,,
ac07a96cae965e88,1,1.0,0,1.0,1.0,1.0,120,0,0,-1,,,
0179d579d30e588c,1,1.0,0,1.0,1.0,1.0,116,0,0,-1,,,
2113dcf1e88b598e,1,1.0,0,1.0,1.0,1.0,95,0,0,-1,,,
a5ed322a79205030,1,1.0,0,1.0,1.0,1.0,95,0,0,-1,,,
64a1d44d73015a60,1,1.0,0,1.0,1.0,1.0,94,0,0,-1,,,
130e977c13995170,1,1.0,0,1.0,1.0,1.0,94,0,0,-1,,,
c38fcc20f071501a,1,1.0,0,1.0,1.0,1.0,93,0,0,-1,,,
02145ce72fd95a85,1,1.0,0,1.0,1.0,1.0,82,0,0,-1,,,
7404939e443458cc,1,1.0,0,1.0,1.0,1.0,80,0,0,-1,,,
0be1a98f7d1f5fce,1,1.0,0,1.0,1.0,1.0,74,0,0,-1,,,
b2abc819ebf45c11,1,1.0,0,1.0,1.0,0.9905568433986858,299,0,0,-1,,,
9ef1d618435d5e53,1,1.0,0,1.0,1.0,1.0,307,0,0,-1,,,
ec1dd3d02f035d78,1,1.0,0,1.0,1.0,0.9596288397659415,319,0,0,-1,,,
53e360156fe05050,1,1.0,0,1.0,1.0,0.9296880977387133,339,0,0,-1,,,
c1133aca1539575e,1,1.0,0,1.0,1.0,0.9241400082389927,352,0,0,-1,,,
1270261ff182534f,1,1.0,0,1.0,1.0,0.9216003061082864,367,0,0,-1,,,
47b1e103c4f1584a,1,1.0,0,1.0,1.0,0.9165346227754484,385,0,0,-1,,,
f606d0e6eda7549a,1,1.0,0,1.0,1.0,1.0,403,0,0,-1,,,
e64d993cb8a75338,1,1.0,0,1.0,1.0,0.9165479489707353,79,0,0,-1,,,
65130561cbfb567a,1,1.0,0,1.0,1.0,0.916334019981312,76,0,0,-1,,,
1814002af9f253c6,1,1.0,0,1.0,1.0,0.9061509440273042,74,0,0,-1,,,
b0b850e74a1e5bc7,1,1.0,0,1.0,1.0,0.8383390712105964,74,0,0,-1,,,
c284f9a1803f585f,1,1.0,0,1.0,1.0,1.0,73,0,0,-1,,,
303d9d8e1bbf5053,1,1.0,0,1.0,1.0,1.0,75,0,0,-1,,,
ac7167da1d1a5342,1,1.0,0,1.0,1.0,1.0,74,0,0,-1,,,
c80bc7cdeb5e50f0,1,1.0,0,1.0,1.0,0.8467009239258133,75,0,0,-1,,,
09babda49aa659a1,1,1.0,0,1.0,1.0,1.0,205,0,0,-1,,,
45e6bebee4305fb6,1,1.0,0,1.0,1.0,0.8611468374634437,200,0,0,-1,,,
55ba1ce72f1b5160,1,1.0,0,1.0,1.0,1.0,187,0,0,-1,,,
ebb383e16f7c5121,1,1.0,0,1.0,1.0,1.0,183,0,0,-1,,,
b0b25b314843551d,1,1.0,0,1.0,1.0,1.0,179,0,0,-1,,,
ef3dd8a6f4995678,1,1.0,0,1.0,1.0,0.8909716095518597,203,0,0,-1,,,
f66694a622cf5c99,1,1.0,0,1.0,1.0,0.8821956468067759,204,0,0,-1,,,
3c3cc389d4ee512b,1,1.0,0,1.0,1.0,0.8409334246378174,212,0,0,-1,,,
d89b0ef5c58b5621,1,1.0,0,1.0,1.0,1.0,74,0,0,-1,,,
766a723ba30f574c,1,1.0,0,1.0,1.0,1.0,75,0,0,-1,,,
a6862e7424815856,1,1.0,0,1.0,1.0,1.0,76,0,0,-1,,,
111485c5e6f458a9,1,1.0,0,1.0,1.0,1.0,78,0,0,-1,,,
330166def5a35f4d,1,1.0,0,1.0,1.0,1.0,94,0,0,-1,,,
8b5dd405c14c5249,1,1.0,0,1.0,1.0,1.0,96,0,0,-1,,,
250be1db1d67582c,1,1.0,0,1.0,1.0,0.9469529969335572,93,0,0,-1,,,
f3f9f7a6f8f15f49,1,1.0,0,1.0,1.0,0.9957760544099298,93,0,0,-1,,,
adfdcd3c5a9a5fb9,1,1.0,0,1.0,1.0,1.0,90,0,0,-1,,,
b8b3f457e7ac5382,1,1.0,0,1.0,1.0,1.0,90,0,0,-1,,,
c62dafe55b9d538d,1,1.0,0,1.0,1.0,1.0,90,0,0,-1,,,
0a99133136835ee9,1,1.0,0,1.0,1.0,1.0,89,0,0,-1,,,
d69b6aacdd0459e3,1,1.0,0,1.0,1.0,1.0,86,0,0,-1,,,
93a4b61a25b0509f,1,1.0,0,1.0,1.0,1.0,88,0,0,-1,,,
4566a3d9b5e95d9b,1,1.0,0,1.0,1.0,1.0,87,0,0,-1,,,
86fbb46276605d14,1,1.0,0,1.0,1.0,1.0,91,0,0,-1,,,
e1398b3ecf3f520d,1,1.0,0,1.0,1.0,0.930512646664542,233,0,0,-1,,,
ecf10edba55e5595,1,1.0,0,1.0,1.0,0.9295417408417007,248,0,0,-1,,,
33cdc99603ed57b9,1,1.0,0,1.0,1.0,0.9356605653994391,241,0,0,-1,,,
b5cb26f114e3558e,1,1.0,0,1.0,1.0,0.8839730319107183,233,0,0,-1,,,
09be81c492625fd5,1,1.0,0,1.0,1.0,0.8800531395416304,231,0,0,-1,,,
1c3c37eeacd15c92,1,1.0,0,1.0,1.0,0.8768456944814552,229,0,0,-1,,,
e36762528cdb5e37,1,1.0,0,1.0,1.0,0.8854670016914353,257,0,0,-1,,,
3f11ac11755857c2,1,1.0,0,1.0,1.0,0.933561061499668,258,0,0,-1,,,
d07c624bab3d5a61,1,1.0,0,1.0,1.0,0.9426805601140372,125,0,0,-1,,,
7b48c1c9cf995c36,1,1.0,0,1.0,1.0,0.9446135999550282,120,0,0,-1,,,
f7c57baf089e561b,1,1.0,0,1.0,1.0,1.0,118,0,0,-1,,,
2b9bb7ffb9cf5da8,1,1.0,0,1.0,1.0,1.0,110,0,0,-1,,,
bd1e37aab1c7530f,1,1.0,0,1.0,1.0,1.0,110,0,0,-1,,,
b87c15c9f6cf54eb,1,1.0,0,1.0,1.0,1.0,110,0,0,-1,,,
7e6d49b500545236,1,1.0,0,1.0,1.0,1.0,103,0,0,-1,,,
7b4fca2db9255996,1,1.0,0,1.0,1.0,1.0,98,0,0,-1,,,
e9bfb4821bfd5801,1,1.0,0,1.0,1.0,1.0,76,0,0,-1,,,
18b121dcc082591e,1,1.0,0,1.0,1.0,1.0,73,0,0,-1,,,
460110d5a345522d,1,1.0,0,1.0,1.0,1.0,71,0,0,-1,,,
26ca3d6741065921,1,1.0,0,1.0,1.0,1.0,70,0,0,-1,,,
b2f336de7d295a8b,1,1.0,0,1.0,1.0,0.883718265288915,72,0,0,-1,,,
14d53f85ccc65f23,1,1.0,0,1.0,1.0,1.0,75,0,0,-1,,,
bcd38d9246695d74,1,1.0,0,1.0,1.0,0.9709352625083318,74,0,0,-1,,,
d24706485f0452eb,1,1.0,0,1.0,1.0,0.9703786415491159,72,0,0,-1,,,
82531fc4fe8f5a26,1,1.0,0,1.0,1.0,1.0,94,0,0,-1,,,
3fa4c6924d3c55ab,1,1.0,0,1.0,1.0,0.8183901807704758,93,0,0,-1,,,
58b96e6ca9a95ff4,1,1.0,0,1.0,1.0,0.7567200288502383,87,0,0,-1,,,
5fe06174763b5c36,1,1.0,0,1.0,1.0,0.9326840334813409,107,0,0,-1,,,
443099f672655d56,1,1.0,0,1.0,1.0,0.8932844332606974,108,0,0,-1,,,
cf3b2b1199045e08,1,1.0,0,1.0,1.0,0.8639794100600046,98,0,0,-1,,,
5a37ffc78c1e5782,1,1.0,0,1.0,1.0,0.9211942056127514,99,0,0,-1,,,
e1d83d0f913a5263,1,1.0,0,1.0,1.0,0.7916097847901753,104,0,0,-1,,,
c423fa3a18fa5187,1,1.0,0,1.0,1.0,1.0,48,0,0,-1,,,
563aa14962ba55f4,1,1.0,0,1.0,1.0,0.905049238567354,48,0,0,-1,,,
120e412f13585a21,1,1.0,0,1.0,1.0,0.9236317192304311,48,0,0,-1,,,
dee9cc93aed75630,1,1.0,0,1.0,1.0,0.8753041190170713,52,0,0,-1,,,
75b0adddd02558ba,1,1.0,0,1.0,1.0,0.8654561015691599,50,0,0,-1,,,
cd5af222f868534b,1,1.0,0,1.0,1.0,0.8831456737241693,52,0,0,-1,,,
c7979a062bff5710,1,1.0,0,1.0,1.0,1.0,53,0,0,-1,,,
199bda2914215d57,1,1.0,0,1.0,1.0,1.0,54,0,0,-1,,,
8a2c1d34f9df5213,1,1.0,0,1.0,1.0,1.0,103,0,0,-1,,,
314e2f70ce905b5e,1,1.0,0,1.0,1.0,1.0,101,0,0,-1,,,
2e6b78be8c9e5e0c,1,1.0,0,1.0,1.0,1.0,103,0,0,-1,,,
189b5f98f6e6549c,1,1.0,0,1.0,1.0,1.0,102,0,0,-1,,,
690cbb033f3750c7,1,1.0,0,1.0,1.0,1.0,100,0,0,-1,,,
7e8b3ed18d295d9c,1,1.0,0,1.0,1.0,1.0,98,0,0,-1,,,
597fd00be3675d16,1,1.0,0,1.0,1.0,1.0,94,0,0,-1,,,
8208f7794645559d,1,1.0,0,1.0,1.0,1.0,91,0,0,-1,,,
513a97511d135ebd,1,1.0,0,1.0,1.0,0.964896114057293,74,0,0,-1,,,
5be861ae85a75b45,1,1.0,0,1.0,1.0,0.8115197025697288,76,0,0,-1,,,
dbfcc3b5aa945597,1,1.0,0,1.0,1.0,0.8133129172262875,79,0,0,-1,,,
ba84537a483f508a,1,1.0,0,1.0,1.0,0.8639628661665881,60,0,0,-1,,,
60e35d8a323b5b5f,1,1.0,0,1.0,1.0,0.8934951759530065,59,0,0,-1,,,
aff2f948de815a32,1,1.0,0,1.0,1.0,0.9010746363437092,58,0,0,-1,,,
d5085a26c5915a49,1,1.0,0,1.0,1.0,0.8525754774604488,55,0,0,-1,,,
3f67051b121a5e43,1,1.0,0,1.0,1.0,0.8959041287932346,55,0,0,-1,,,
f8f7f1ebe2fc5bda,1,1.0,0,1.0,1.0,1.0,93,0,0,-1,,,
294335a3e5e45496,1,1.0,0,1.0,1.0,1.0,94,0,0,-1,,,
5816a23cfee25d4e,1,1.0,0,1.0,1.0,1.0,91,0,0,-1,,,
30638699ab8e575c,1,1.0,0,1.0,1.0,1.0,93,0,0,-1,,,
16e4bd114af157a4,1,1.0,0,1.0,1.0,1.0,95,0,0,-1,,,
077031ef7dcb5ab4,1,1.0,0,1.0,1.0,1.0,95,0,0,-1,,,
3fb1b622b5e155cc,1,1.0,0,1.0,1.0,1.0,95,0,0,-1,,,
1c5ca85e734859c4,1,1.0,0,1.0,1.0,1.0,96,0,0,-1,,,
32c0c70837d05c47,1,1.0,0,1.0,1.0,1.0,122,0,0,-1,,,
8719c1b8087d5590,1,1.0,0,1.0,1.0,1.0,123,0,0,-1,,,
bc949c2045ca5537,1,1.0,0,1.0,1.0,0.9323355023158602,364,0,0,-1,,,
71fefe3bc0f0591e,1,1.0,0,1.0,1.0,0.9288674072421611,363,0,0,-1,,,
729b53c777da522e,1,1.0,0,1.0,1.0,0.9317610166706234,358,0,0,-1,,,
1faa10d7c34553d2,1,1.0,0,1.0,1.0,0.9110879684568612,358,0,0,-1,,,
639c2678cce95d68,1,1.0,0,1.0,1.0,0.9426290122321598,348,0,0,-1,,,
64859d25f1b555dd,1,1.0,0,1.0,1.0,0.9147747091275709,350,0,0,-1,,,
b0070f55eda95848,1,1.0,0,1.0,1.0,0.9200838571777273,57,0,0,-1,,,
35bc469fdde35a17,1,1.0,0,1.0,1.0,0.9353377679951729,58,0,0,-1,,,
dbff1141343a5736,1,1.0,0,1.0,1.0,0.9118919316690102,57,0,0,-1,,,
07952d3dbf4550de,1,1.0,0,1.0,1.0,0.8566344927253935,57,0,0,-1,,,
0a0d98c22d765e1e,1,1.0,0,1.0,1.0,0.8497486508292095,54,0,0,-1,,,
29051d7805db50d0,1,1.0,0,1.0,1.0,0.7959387750669333,53,0,0,-1,,,
6154b9589f9553fa,1,1.0,0,1.0,1.0,1.0,51,0,0,-1,,,
d56e3d307eb8525a,1,1.0,0,1.0,1.0,1.0,52,0,0,-1,,,
d9c700e9e21b50ba,1,1.0,0,1.0,1.0,0.952150865271079,77,0,0,-1,,,
3b8d6a01f5705389,1,1.0,0,1.0,1.0,0.8799833666172793,74,0,0,-1,,,
06392ff957445576,1,1.0,0,1.0,1.0,0.9243353516618695,74,0,0,-1,,,
a85f6afede71548f,1,1.0,0,1.0,1.0,0.9267782850969918,72,0,0,-1,,,
83291306454c5e84,1,1.0,0,1.0,1.0,0.9380273408474941,72,0,0,-1,,,
922b13fe723c505a,1,1.0,0,1.0,1.0,0.9299995853542463,70,0,0,-1,,,
f2dd261c41755967,1,1.0,0,1.0,1.0,0.9299879036810959,72,0,0,-1,,,
8580d0bf545b5261,1,1.0,0,1.0,1.0,0.7868253538345727,72,0,0,-1,,,
3921f38b62d55f1a,1,1.0,0,1.0,1.0,0.949061094337723,164,0,0,-1,,,
3808a6ba716d5da1,1,1.0,0,1.0,1.0,0.9441213176050285,159,0,0,-1,,,
7ae00644dbef537f,1,1.0,0,1.0,1.0,0.9511194521802663,160,0,0,-1,,,
14743d928b9257a1,1,1.0,0,1.0,1.0,0.8964578082968427,157,0,0,-1,,,
0df7b61597705cf2,1,1.0,0,1.0,1.0,0.8358551585874573,154,0,0,-1,,,
ef0b044d86855ffe,1,1.0,0,1.0,1.0,1.0,152,0,0,-1,,,
e970702e97ea50b2,1,1.0,0,1.0,1.0,1.0,149,0,0,-1,,,
a38bd3c8068d5ebb,1,1.0,0,1.0,1.0,1.0,146,0,0,-1,,,
33008a3b27ab59a1,1,1.0,0,1.0,1.0,0.945053116547855,357,0,0,-1,,,
dd182f5d47495d7f,1,1.0,0,1.0,1.0,0.9431660598893282,355,0,0,-1,,,
e6025eb182885adb,1,1.0,0,1.0,1.0,0.9253762934203976,342,0,0,-1,,,
70ac542a408b5b93,1,1.0,0,1.0,1.0,0.9268390066654169,330,0,0,-1,,,
8b608a6353a95bce,1,1.0,0,1.0,1.0,0.9221141165888582,324,0,0,-1,,,
0e70c369a99157c3,1,1.0,0,1.0,1.0,0.8937208679167442,310,0,0,-1,,,
9d4e8eb54f555166,1,1.0,0,1.0,1.0,0.874896456680944,310,0,0,-1,,,
f32e1b068c3351eb,1,1.0,0,1.0,1.0,0.8521104366640225,313,0,0,-1,,,
0c4bafb20cea5e44,1,1.0,0,1.0,1.0,1.0,59,0,0,-1,,,
0436604d25145231,1,1.0,0,1.0,1.0,0.9155578031174949,79,0,0,-1,,,
80bc2d8487e552f1,1,1.0,0,1.0,1.0,1.0,81,0,0,-1,,,
dd83ce8b0dec51d2,1,1.0,0,1.0,1.0,0.9272960130286684,83,0,0,-1,,,
15cd405711fa54f8,1,1.0,0,1.0,1.0,0.8991392104871689,82,0,0,-1,,,
69a4cff1f35655ff,1,1.0,0,1.0,1.0,0.6969268373186145,87,0,0,-1,,,
4f2041f942aa5630,1,1.0,0,1.0,1.0,0.8578318428696483,87,0,0,-1,,,
6782b9c3686f58f3,1,1.0,0,1.0,1.0,0.8486098131042678,84,0,0,-1,,,
36650ce9087150de,1,1.0,0,1.0,1.0,0.8079618955991523,110,0,0,-1,,,
8f741adb793f51c9,1,1.0,0,1.0,1.0,0.7118998706068985,132,0,0,-1,,,
b389efc36b545908,1,1.0,0,1.0,1.0,0.8485900249950017,131,0,0,-1,,,
f75560fb13f25476,1,1.0,0,1.0,1.0,0.6596932876655136,130,0,0,-1,,,
c3987ea376cb5a69,1,1.0,0,1.0,1.0,0.9017604429035112,133,0,0,-1,,,
2d6d2dd79ad75ea5,1,1.0,0,1.0,1.0,1.0,136,0,0,-1,,,
c7c9121707745be3,1,1.0,0,1.0,1.0,0.9369097454205492,131,0,0,-1,,,
0b81fee06b6156d5,1,1.0,0,1.0,1.0,0.8930168943790716,128,0,0,-1,,,
08e025b8ab6253bc,1,1.0,0,1.0,1.0,0.9108463470710566,82,0,0,-1,,,
3e11d77a9aca5bb7,1,1.0,0,1.0,1.0,0.8709395709471784,82,0,0,-1,,,
aee61beda170540c,1,1.0,0,1.0,1.0,0.870415123920171,81,0,0,-1,,,
e4b5a2693d2d5a31,1,1.0,0,1.0,1.0,0.8769207345046309,83,0,0,-1,,,
62667ead92a35fbd,1,1.0,0,1.0,1.0,0.9978944426447321,135,0,0,-1,,,
5f8eb8f944eb596c,1,1.0,0,1.0,1.0,1.0,145,0,0,-1,,,
1835975eaaf65843,1,1.0,0,1.0,1.0,1.0,142,0,0,-1,,,
893455c02e16508b,1,1.0,0,1.0,1.0,1.0,142,0,0,-1,,,
526a568a22795441,1,1.0,0,1.0,1.0,0.958032315207633,129,0,0,-1,,,
38cce6a01e6753ea,1,1.0,0,1.0,1.0,0.9648784450397208,127,0,0,-1,,,
f2a8ed3f01f15ef3,1,1.0,0,1.0,1.0,0.8732427070992806,73,0,0,-1,,,
bf5be5d94ffa52f8,1,1.0,0,1.0,1.0,1.0,73,0,0,-1,,,
063794d8842b5683,1,1.0,0,1.0,1.0,1.0,71,0,0,-1,,,
e0a645315de658bc,1,1.0,0,1.0,1.0,0.9250276064560622,69,0,0,-1,,,
7276ff87d3c2557c,1,1.0,0,1.0,1.0,1.0,69,0,0,-1,,,
345fc96fdf4c572b,1,1.0,0,1.0,1.0,0.917466448945801,67,0,0,-1,,,
15975dc336e75ba2,1,1.0,0,1.0,1.0,0.7522949964901652,300,0,0,-1,,,
ce1f8997a8ce502b,1,1.0,0,1.0,1.0,1.0,293,0,0,-1,,,
eff5b15eb0935b33,1,1.0,0,1.0,1.0,1.0,286,0,0,-1,,,
ea141bd5c40259de,1,1.0,0,1.0,1.0,1.0,396,0,0,-1,,,
07930113a85651b0,1,1.0,0,1.0,1.0,1.0,395,0,0,-1,,,
8cd3d83dd4825865,1,1.0,0,1.0,1.0,0.914326009013848,117,0,0,-1,,,
10d172af1ba359a2,1,1.0,0,1.0,1.0,0.8955552502864847,109,0,0,-1,,,
a175a8b7f4c55cf6,1,1.0,0,1.0,1.0,0.9060189039425542,113,0,0,-1,,,
80ad06a7a2975213,1,1.0,0,1.0,1.0,1.0,68,0,0,-1,,,
0c38a8ace1f5548e,1,1.0,0,1.0,1.0,0.9541702554392453,182,0,0,-1,,,
ccf8ef537aa65a7a,1,1.0,0,1.0,1.0,0.9560725483709995,176,0,0,-1,,,
5e2b839cccb95921,1,1.0,0,1.0,1.0,1.0,172,0,0,-1,,,
3bb3a8f506bf5980,1,1.0,0,1.0,1.0,1.0,171,0,0,-1,,,
9b09b277214d5623,1,1.0,0,1.0,1.0,1.0,160,0,0,-1,,,
77e9812a54d05caf,1,1.0,0,1.0,1.0,1.0,164,0,0,-1,,,
a0c45624aa5251db,1,1.0,0,1.0,1.0,1.0,166,0,0,-1,,,
3d29e22a03a15391,1,1.0,0,1.0,1.0,1.0,52,0,0,-1,,,
5a0af6d9e7a45c95,1,1.0,0,1.0,1.0,1.0,49,0,0,-1,,,
82cd87ad4f1d5969,1,1.0,0,1.0,1.0,1.0,49,0,0,-1,,,
b0c4bad4c4fa5060,1,1.0,0,1.0,1.0,1.0,73,0,0,-1,,,
6b258d7ddf7d53f3,1,1.0,0,1.0,1.0,1.0,73,0,0,-1,,,
eb3531cddadb57e9,1,1.0,0,1.0,1.0,1.0,75,0,0,-1,,,
0b9a48e2b0d351b9,1,1.0,0,1.0,1.0,0.9669456181569446,75,0,0,-1,,,
f1cc8f05115d5db6,1,1.0,0,1.0,1.0,1.0,74,0,0,-1,,,
3ff5c9a5bd155bb2,1,1.0,0,1.0,1.0,1.0,161,0,0,-1,,,
f79916e26eef5b74,1,1.0,0,1.0,1.0,1.0,161,0,0,-1,,,
f53ece8c1cb9562c,1,1.0,0,1.0,1.0,1.0,157,0,0,-1,,,
b24575ef9d575fb4,1,1.0,0,1.0,1.0,0.9038307260859674,175,0,0,-1,,,
ecbe3bf1006155c7,1,1.0,0,1.0,1.0,0.9211117892661106,175,0,0,-1,,,
bf1370df23cf5118,1,1.0,0,0.0,1.0,0.5363897390513407,173,0,0,-1,,,
1e92a7ac3d645cdd,1,1.0,0,0.0,1.0,0.5402988482362958,170,0,0,-1,,,
c3d6016d73645955,1,1.0,0,1.0,1.0,0.9469578870448817,167,0,0,-1,,,
42e65d558a9c5813,1,1.0,0,1.0,1.0,0.9240856170132288,65,0,0,-1,,,
b4d19eea031f50ac,1,1.0,0,1.0,1.0,0.8795623178127858,65,0,0,-1,,,
96f15b834684542e,1,1.0,0,1.0,1.0,0.910896813340008,65,0,0,-1,,,
360670b878f45284,1,1.0,0,1.0,1.0,1.0,65,0,0,-1,,,
304be364cb4050ce,1,1.0,0,1.0,1.0,1.0,62,0,0,-1,,,
3b7933b82dc65348,1,1.0,0,1.0,1.0,1.0,60,0,0,-1,,,
5576401890e55a6e,1,1.0,0,1.0,1.0,1.0,59,0,0,-1,,,
95de48bebbb35484,1,1.0,0,1.0,1.0,1.0,59,0,0,-1,,,
8051c60f20705909,1,1.0,0,1.0,1.0,0.8993279631193936,355,0,0,-1,,,
e1950bc54da65383,1,1.0,0,1.0,1.0,1.0,283,0,0,-1,,,
dccee2a69ee5501d,1,1.0,0,0.0,1.0,0.5833333333333334,242,0,0,-1,,,
f5f55c1132d75fa7,1,1.0,0,0.0,1.0,0.5833333333333334,235,0,0,-1,,,
6a8571daa3445923,1,1.0,0,0.0,1.0,0.5833333333333334,228,0,0,-1,,,
22c1a51ffc1f5022,1,1.0,0,1.0,1.0,1.0,224,0,0,-1,,,
c13f0e8db9b15c69,1,1.0,0,1.0,1.0,1.0,218,0,0,-1,,,
f3c165d6e31f524d,1,1.0,0,1.0,1.0,1.0,214,0,0,-1,,,
cf1c7170df175256,1,1.0,0,1.0,1.0,0.9202037369017568,41,0,0,-1,,,
072471bece365f16,1,1.0,0,1.0,1.0,0.9181858656456162,43,0,0,-1,,,
55de917b2f545939,1,1.0,0,1.0,1.0,0.8973545617809237,43,0,0,-1,,,
8c2841e7cecf5047,1,1.0,0,1.0,1.0,0.9304595220192381,46,0,0,-1,,,
7021139b47cf5370,1,1.0,0,1.0,1.0,0.9333461003494629,47,0,0,-1,,,
ce19d75d9b55589d,1,1.0,0,1.0,1.0,0.9390048901871095,47,0,0,-1,,,
a9f07bb60bd75461,1,1.0,0,1.0,1.0,0.918089799971161,47,0,0,-1,,,
c0e6ee59f6455107,1,1.0,0,1.0,1.0,0.9565406204471771,47,0,0,-1,,,
9482776d16a6551d,1,1.0,0,1.0,1.0,0.8440918803187148,79,0,0,-1,,,
14128c4b87b15777,1,1.0,0,1.0,1.0,0.9182679150064358,78,0,0,-1,,,
d0d1b5bd3b83551d,1,1.0,0,1.0,1.0,0.8744233646029086,85,0,0,-1,,,
c73482934be65cec,1,1.0,0,1.0,1.0,0.9018080203025279,87,0,0,-1,,,
a616a9583c735698,1,1.0,0,1.0,1.0,0.7085795269339524,87,0,0,-1,,,
29949ff80141506e,1,1.0,0,1.0,1.0,0.9233916116736639,101,0,0,-1,,,
277cdfc9479e52c4,1,1.0,0,1.0,1.0,0.8704677240974107,101,0,0,-1,,,
247ba5f9646c5528,1,1.0,0,1.0,1.0,1.0,471,0,0,-1,,,
f860a73be2cd5fe5,1,1.0,0,1.0,1.0,0.9928198799884758,148,0,0,-1,,,
5883b0e7c7215e80,1,1.0,0,1.0,1.0,0.9150623058014039,97,0,0,-1,,,
1cff7a7ece6851c4,1,1.0,0,1.0,1.0,0.8554397354707014,105,0,0,-1,,,
ca7e845b9c19597c,1,1.0,0,1.0,1.0,0.8186046719873082,102,0,0,-1,,,
4986d2307c895bdb,1,1.0,0,0.0,1.0,0.3969224193616931,105,0,0,-1,,,
7b2758fa57ef54b7,1,1.0,0,1.0,1.0,0.7385400813547967,106,0,0,-1,,,
71e2924dcf525bc7,1,1.0,0,1.0,1.0,0.8026663315824308,105,0,0,-1,,,
d7708962e5cc554f,1,1.0,0,1.0,1.0,1.0,101,0,0,-1,,,
9406203fdb815e58,1,1.0,0,1.0,1.0,0.9100740919237361,88,0,0,-1,,,
d926deb799a65bea,1,1.0,0,1.0,1.0,0.8904131701511813,89,0,0,-1,,,
6914bcabdeec5e0f,1,1.0,0,1.0,1.0,0.8940162185583942,86,0,0,-1,,,
b43de4c16b8d5e99,1,1.0,0,1.0,1.0,0.893406018392267,80,0,0,-1,,,
217307a367fd551a,1,1.0,0,1.0,1.0,0.8923994837236474,83,0,0,-1,,,
4e52fd2c46fa5a3f,1,1.0,0,1.0,1.0,1.0,83,0,0,-1,,,
ed76cdcd1c6c5078,1,1.0,0,1.0,1.0,1.0,81,0,0,-1,,,
fe6db2d0c7025b8a,1,1.0,0,1.0,1.0,1.0,80,0,0,-1,,,
b56a66ac853c56e9,1,1.0,0,1.0,1.0,0.8852311668991716,80,0,0,-1,,,
006e2728d7115fa7,1,1.0,0,1.0,1.0,0.8628244067240657,82,0,0,-1,,,
bdb0947d0c835022,1,1.0,0,1.0,1.0,1.0,86,0,0,-1,,,
f1940c1eca9857cb,1,1.0,0,1.0,1.0,1.0,89,0,0,-1,,,
83d3fda04c1f57bd,1,1.0,0,1.0,1.0,1.0,85,0,0,-1,,,
e6eeac307f6d507d,1,1.0,0,1.0,1.0,0.8537116096733168,45,0,0,-1,,,
cdc9d2e591cc552c,1,1.0,0,1.0,1.0,0.8243568574335064,46,0,0,-1,,,
dded75c35039515f,1,1.0,0,1.0,1.0,0.8681105563643076,46,0,0,-1,,,
2381f042c0855f20,1,1.0,0,1.0,1.0,0.955950280865313,89,0,0,-1,,,
039e37993d565b25,1,1.0,0,1.0,1.0,1.0,92,0,0,-1,,,
95528bd014555540,1,1.0,0,1.0,1.0,0.8333333333333334,99,0,0,-1,,,
2115a02d06035ce0,1,1.0,0,1.0,1.0,0.8552033860597065,91,0,0,-1,,,
84876bb274165ade,1,1.0,0,1.0,1.0,0.8489578710745634,89,0,0,-1,,,
fb0a26a28ec359ce,1,1.0,0,1.0,1.0,0.8535817311070373,92,0,0,-1,,,
1c9f36db867b50bf,1,1.0,0,1.0,1.0,1.0,99,0,0,-1,,,
c093d999a01c5e92,1,1.0,0,1.0,1.0,1.0,98,0,0,-1,,,
5971a8d84ff45bfa,1,1.0,0,1.0,1.0,0.9218202326303642,125,0,0,-1,,,
885aa5c90eb9554c,1,1.0,0,1.0,1.0,0.8889130384351781,125,0,0,-1,,,
018690bcb255590d,1,1.0,0,1.0,1.0,0.8851493510741933,116,0,0,-1,,,
906d7e590245576a,1,1.0,0,1.0,1.0,0.9760592158093427,95,0,0,-1,,,
46ce401b30ac56e9,1,1.0,0,1.0,1.0,0.9456212943226626,55,0,0,-1,,,
74df22cda10a5cf9,1,1.0,0,1.0,1.0,0.9532626937500254,56,0,0,-1,,,
5628a405141e5e29,1,1.0,0,1.0,1.0,0.955110761320778,54,0,0,-1,,,
d4f5976a6d615330,1,1.0,0,1.0,1.0,0.9323357418336524,57,0,0,-1,,,
42559fd839fa54b2,1,1.0,0,1.0,1.0,0.8617705549962213,2,0,0,-1,,,
2dd2bd50fcc458d7,1,1.0,0,1.0,1.0,0.8569963361316377,2,0,0,-1,,,
e5224fa3a0f95b04,1,1.0,0,1.0,1.0,0.8833518547863624,2,0,0,-1,,,
3d43337c0e6b5910,1,1.0,0,1.0,1.0,0.8655460342433932,2,0,0,-1,,,
9e787f2f65a85f08,1,1.0,0,1.0,1.0,0.8881244081174153,2,0,0,-1,,,
cd59c2696d01521a,1,1.0,0,1.0,1.0,0.8809453806721964,2,0,0,-1,,,
731f133ce3055d30,1,1.0,0,1.0,1.0,0.8776018911199078,2,0,0,-1,,,
0d63314a528159c9,1,1.0,0,1.0,1.0,0.898564677243144,2,0,0,-1,,,
9b4cfcda4a755b05,1,1.0,0,1.0,1.0,0.9318879144159223,57,0,0,-1,,,
6a8a6b3a7d5f55cd,1,1.0,0,1.0,1.0,0.9274080317329231,56,0,0,-1,,,
dc7dda8b400157ef,1,1.0,0,1.0,1.0,0.865090833760329,57,0,0,-1,,,
128e9fbd01125cc7,1,1.0,0,1.0,1.0,1.0,57,0,0,-1,,,
76e72a3b44205ec0,1,1.0,0,1.0,1.0,1.0,57,0,0,-1,,,
76b708c365e45536,1,1.0,0,1.0,1.0,0.9254040076741074,72,0,0,-1,,,
3fb360a01b775e07,1,1.0,0,1.0,1.0,0.9692362282007827,86,0,0,-1,,,
2e8d3c1cd8b15c97,1,1.0,0,1.0,1.0,0.9629615848528664,88,0,0,-1,,,
aa2c4edb15d45c84,1,1.0,0,1.0,1.0,1.0,147,0,0,-1,,,
629368f516d85124,1,1.0,0,1.0,1.0,1.0,142,0,0,-1,,,
e9d8c81a844c5c95,1,1.0,0,1.0,1.0,0.9579997964543695,134,0,0,-1,,,
62e8d8891ff45c7b,1,1.0,0,1.0,1.0,0.9593108902659656,133,0,0,-1,,,
2376e90f1bf85c50,1,1.0,0,1.0,1.0,0.9507966589943447,134,0,0,-1,,,
d5ebca598bce566e,1,1.0,0,1.0,1.0,0.9487510471967983,132,0,0,-1,,,
979fc47b4f245a9c,1,1.0,0,1.0,1.0,1.0,128,0,0,-1,,,
b65dbda85d085330,1,1.0,0,1.0,1.0,0.9271782444569759,103,0,0,-1,,,
bc93e095f13c54b2,1,1.0,0,1.0,1.0,1.0,459,0,0,-1,,,
290a914d4ef15443,1,1.0,0,1.0,1.0,0.9060269504618517,160,0,0,-1,,,
b7c8677392845e18,1,1.0,0,1.0,1.0,0.8968868604955905,159,0,0,-1,,,
de2379f94fc85652,1,1.0,0,1.0,1.0,0.8624593598655581,161,0,0,-1,,,
5b6e0702773c5bdb,1,1.0,0,1.0,1.0,0.8705024656409114,160,0,0,-1,,,
2738dcd449ef567f,1,1.0,0,1.0,1.0,0.8669488120284127,159,0,0,-1,,,
96540ed00a785607,1,1.0,0,1.0,1.0,0.8825592035867681,156,0,0,-1,,,
d060c613969b5092,1,1.0,0,1.0,1.0,0.8599650699975254,147,0,0,-1,,,
07d45fff78625de2,1,1.0,0,1.0,1.0,1.0,133,0,0,-1,,,
efe0cf18491855e6,1,1.0,0,1.0,1.0,0.9139794407543339,115,0,0,-1,,,
16aa734bed8a5f81,1,1.0,0,1.0,1.0,0.9273390477880218,116,0,0,-1,,,
6d585a6698f55c8b,1,1.0,0,1.0,1.0,0.8782008726052019,114,0,0,-1,,,
11d091d0bd985e5e,1,1.0,0,1.0,1.0,0.8899500216908988,113,0,0,-1,,,
f3f9b7c1f6e95b82,1,1.0,0,1.0,1.0,1.0,110,0,0,-1,,,
03c0cf33d2105598,1,1.0,0,1.0,1.0,1.0,110,0,0,-1,,,
575a40958ae65abd,1,1.0,0,1.0,1.0,1.0,130,0,0,-1,,,
b80d3fb49fc858d1,1,1.0,0,1.0,1.0,0.8512274265123686,2,0,0,-1,,,
b7215e8a4eb6552a,1,1.0,0,1.0,1.0,0.878693940107596,2,0,0,-1,,,
5c5a8066ceae51bc,1,1.0,0,1.0,1.0,0.8973175845617058,7,0,0,-1,,,
ddf3383ec8965d9b,1,1.0,0,1.0,1.0,0.9284217502344374,7,0,0,-1,,,
c052667192cb5ade,1,1.0,0,1.0,1.0,0.9164318475171495,7,0,0,-1,,,
0e2ed241aa315929,1,1.0,0,1.0,1.0,0.9143496338905495,7,0,0,-1,,,
3e5b0593a3e75d29,1,1.0,0,1.0,1.0,0.9137132808803949,9,0,0,-1,,,
1ebc11a17d925215,1,1.0,0,1.0,1.0,0.9108253032917043,7,0,0,-1,,,
b60afdbc7cc65971,1,1.0,0,1.0,1.0,0.8615099884860905,46,0,0,-1,,,
32dd24533788546c,1,1.0,0,1.0,1.0,0.7910776961665541,45,0,0,-1,,,
ff412420037b524a,1,1.0,0,1.0,1.0,0.9161016343588463,47,0,0,-1,,,
b658c12176c05fc5,1,1.0,0,1.0,1.0,0.9243533758859543,51,0,0,-1,,,
c08100986326547c,1,1.0,0,1.0,1.0,0.9690042066184716,53,0,0,-1,,,
c39af88ae1be534a,1,1.0,0,1.0,1.0,0.9613200692069924,53,0,0,-1,,,
c32ae6a1954651ec,1,1.0,0,1.0,1.0,0.9380730585683388,52,0,0,-1,,,
4bdff78fdccd5f6d,1,1.0,0,1.0,1.0,1.0,215,0,0,-1,,,
6b68c09f87b85dc8,1,1.0,0,1.0,1.0,1.0,7,0,0,-1,,,
a7fa674076175448,1,1.0,0,1.0,1.0,0.9459809388230301,3,0,0,-1,,,
125a155883e55be7,1,1.0,0,1.0,1.0,0.900382572912604,3,0,0,-1,,,
8e9e20dde3ed5f0d,1,1.0,0,1.0,1.0,0.8630328929151144,3,0,0,-1,,,
4e60581353585fdc,1,1.0,0,1.0,1.0,0.8400299100475593,3,0,0,-1,,,
6347504b632c5be1,1,1.0,0,1.0,1.0,0.8405101796534997,3,0,0,-1,,,
b090f02ef43f5d41,1,1.0,0,1.0,1.0,0.8602305642704513,2,0,0,-1,,,
06b2df49f0455bd0,1,1.0,0,1.0,1.0,0.8631828257021622,1,0,0,-1,,,
6a13232f3c97575a,1,1.0,0,1.0,1.0,0.9103444650639845,8,0,0,-1,,,
b5d72ce63e11581b,1,1.0,0,1.0,1.0,0.908581047624657,10,0,0,-1,,,
8df9b515d98e5c38,1,1.0,0,1.0,1.0,0.9059023189635999,11,0,0,-1,,,
3eb063189dd15649,1,1.0,0,1.0,1.0,0.9033678104555699,12,0,0,-1,,,
11aef9f936f45518,1,1.0,0,1.0,1.0,0.9042860618334951,12,0,0,-1,,,
be851166b6665891,1,1.0,0,1.0,1.0,0.9033358879631805,12,0,0,-1,,,
869ee63671f65126,1,1.0,0,1.0,1.0,0.914314034481413,13,0,0,-1,,,
d67eda0cf1305a71,1,1.0,0,1.0,1.0,0.9094389654012077,13,0,0,-1,,,
476c37463b4f580e,1,1.0,0,1.0,1.0,1.0,49,0,0,-1,,,
df2ed02abeba57fe,1,1.0,0,1.0,1.0,1.0,53,0,0,-1,,,
fa16987e17c25356,1,1.0,0,1.0,1.0,0.9966641746747237,52,0,0,-1,,,
253dba7510ca56b8,1,1.0,0,1.0,1.0,0.8921062036653228,53,0,0,-1,,,
63f4362f90ef55a1,1,1.0,0,1.0,1.0,0.8940817216612237,52,0,0,-1,,,
6b4cf0c1208155f5,1,1.0,0,1.0,1.0,0.9438193614377818,55,0,0,-1,,,
7c94fd89afb95a88,1,1.0,0,1.0,1.0,1.0,56,0,0,-1,,,
283f93bc73b2571b,1,1.0,0,1.0,1.0,0.9690577155610861,57,0,0,-1,,,
e0ae2ba5807f558a,1,1.0,0,1.0,1.0,0.9296730814374644,14,0,0,-1,,,
c77dbdd287825d1a,1,1.0,0,1.0,1.0,0.9081654036797732,11,0,0,-1,,,
7f890846214d583a,1,1.0,0,1.0,1.0,0.8832299432830428,11,0,0,-1,,,
c2ddfc9b18815c97,1,1.0,0,1.0,1.0,0.8694809278702049,11,0,0,-1,,,
e52f4dccf26f55a8,1,1.0,0,1.0,1.0,0.8562698703116781,12,0,0,-1,,,
92729339932751f6,1,1.0,0,1.0,1.0,0.8774397570437881,12,0,0,-1,,,
a5cde0f1dace5561,1,1.0,0,1.0,1.0,1.0,12,0,0,-1,,,
85c0017516e95fdc,1,1.0,0,1.0,1.0,0.9405062303601753,13,0,0,-1,,,
5f548f26b9a7572f,1,1.0,0,1.0,1.0,1.0,135,0,0,-1,,,
53928c06f3005536,1,1.0,0,1.0,1.0,1.0,129,0,0,-1,,,
98042465f30c589d,1,1.0,0,1.0,1.0,1.0,127,0,0,-1,,,
a8d02b285a5451a0,1,1.0,0,1.0,1.0,1.0,125,0,0,-1,,,
a28aff9148b55b3b,1,1.0,0,1.0,1.0,1.0,125,0,0,-1,,,
b14d21a164615e3e,1,1.0,0,1.0,1.0,1.0,125,0,0,-1,,,
1ded576bc1325cae,1,1.0,0,1.0,1.0,1.0,126,0,0,-1,,,
ccf5fed938d95a04,1,1.0,0,1.0,1.0,1.0,124,0,0,-1,,,
013ec5b715635a66,1,1.0,0,1.0,1.0,0.9884308654282066,11,0,0,-1,,,
84b38cdaa93e5dcd,1,1.0,0,1.0,1.0,0.8425969343280445,11,0,0,-1,,,
67fee242b1a35834,1,1.0,0,1.0,1.0,0.9015147751767222,11,0,0,-1,,,
b4899f9464d058f2,1,1.0,0,1.0,1.0,0.9053042967954967,11,0,0,-1,,,
73ba0e501a005971,1,1.0,0,1.0,1.0,0.9061761770835318,11,0,0,-1,,,
484acea96ad3506a,1,1.0,0,1.0,1.0,0.9056268557266578,12,0,0,-1,,,
8625ec015e075c02,1,1.0,0,1.0,1.0,0.9017331580481048,11,0,0,-1,,,
03c50783a77551a2,1,1.0,0,1.0,1.0,0.8818565832967579,11,0,0,-1,,,
2638cdfa752b5d7c,1,1.0,0,1.0,1.0,0.9259797256889281,13,0,0,-1,,,
bf1db71f1cc35b98,1,1.0,0,1.0,1.0,0.9953045995336289,13,0,0,-1,,,
490f4995542058fc,1,1.0,0,1.0,1.0,0.90383193948411,13,0,0,-1,,,
7dac1567fa8d574c,1,1.0,0,1.0,1.0,0.8593246457571282,13,0,0,-1,,,
880d9918a2635d59,1,1.0,0,1.0,1.0,0.9253301817349769,13,0,0,-1,,,
c68108211dfa57e0,1,1.0,0,1.0,1.0,0.902005782194954,13,0,0,-1,,,
48183678cb965e68,1,1.0,0,1.0,1.0,0.8171225213295906,12,0,0,-1,,,
cacf768cc27e5574,1,1.0,0,1.0,1.0,0.8331390701356806,12,0,0,-1,,,
ec75cc0ff5825fb9,1,1.0,0,1.0,1.0,0.8884581594958743,50,0,0,-1,,,
f4aca518cfa05850,1,1.0,0,1.0,1.0,0.9474368674391735,48,0,0,-1,,,
f5a6d648a71e5d47,1,1.0,0,1.0,1.0,0.9479552305524939,49,0,0,-1,,,
f3fc5020ecbd537f,1,1.0,0,1.0,1.0,1.0,50,0,0,-1,,,
4bbc76cff4355b53,1,1.0,0,1.0,1.0,1.0,50,0,0,-1,,,
f3047391e1f25aad,1,1.0,0,1.0,1.0,0.7855535305506071,52,0,0,-1,,,
bb4ca2b147d35b62,1,1.0,0,1.0,1.0,1.0,50,0,0,-1,,,
7d6c25f47aa658e8,1,1.0,0,1.0,1.0,1.0,53,0,0,-1,,,
b3de35a12e36586c,1,1.0,0,1.0,1.0,1.0,116,0,0,-1,,,
5c34deba76605c7b,1,1.0,0,1.0,1.0,1.0,140,0,0,-1,,,
02e1537a43d55ab2,1,1.0,0,1.0,1.0,1.0,141,0,0,-1,,,
5c8f6ebe705d5013,1,1.0,0,1.0,1.0,1.0,143,0,0,-1,,,
d44d7aacab755892,1,1.0,0,1.0,1.0,0.9066131449908762,76,0,0,-1,,,
54fc99ad3c555e09,1,1.0,0,1.0,1.0,0.8663784383262154,82,0,0,-1,,,
3fac271cd0795af0,1,1.0,0,1.0,1.0,0.8896217462451915,82,0,0,-1,,,
aee5c527d8e85667,1,1.0,0,1.0,1.0,0.9061156185519769,86,0,0,-1,,,
41598eaa4cef5f77,1,1.0,0,1.0,1.0,1.0,133,0,0,-1,,,
c810620e645e53b8,1,1.0,0,1.0,1.0,1.0,134,0,0,-1,,,
bb0e1af8651d525b,1,1.0,0,1.0,1.0,1.0,134,0,0,-1,,,
1e3b603ccda457c5,1,1.0,0,1.0,1.0,1.0,130,0,0,-1,,,
df30f32cd2ee5633,1,1.0,0,1.0,1.0,1.0,130,0,0,-1,,,
dd30198e0e6b5bd8,1,1.0,0,1.0,1.0,1.0,130,0,0,-1,,,
1511499da17054b0,1,1.0,0,1.0,1.0,1.0,134,0,0,-1,,,
2d4b17f8d7585219,1,1.0,0,1.0,1.0,1.0,133,0,0,-1,,,
d05f1fb1af98505d,1,1.0,0,1.0,1.0,0.8413558250595231,5,0,0,-1,,,
918b6721bcf75d38,1,1.0,0,1.0,1.0,0.858706905386106,5,0,0,-1,,,
40688677dc5e5d16,1,1.0,0,1.0,1.0,0.8594924510305394,5,0,0,-1,,,
a0be9e4c6cc15ec7,1,1.0,0,1.0,1.0,0.858084347716602,5,0,0,-1,,,
d5bf13024f755ee4,1,1.0,0,1.0,1.0,0.8268523205812549,5,0,0,-1,,,
13c76ba40a5e5987,1,1.0,0,1.0,1.0,0.8797753821287569,5,0,0,-1,,,
863e343b2fe45cc1,1,1.0,0,1.0,1.0,0.8983827410033812,13,0,0,-1,,,
c6aec764d6d059e9,1,1.0,0,1.0,1.0,0.9465969726129201,14,0,0,-1,,,
2cce988d410654e2,1,1.0,0,1.0,1.0,1.0,214,0,0,-1,,,
83be5aa78f7652de,1,1.0,0,1.0,1.0,1.0,219,0,0,-1,,,
925e046dba2f525f,1,1.0,0,1.0,1.0,0.9757063465634461,219,0,0,-1,,,
be527ba55a8a548b,1,1.0,0,1.0,1.0,0.8539468064867486,225,0,0,-1,,,
15b0967d1dab53f8,1,1.0,0,1.0,1.0,1.0,237,0,0,-1,,,
e905f33735985cfe,1,1.0,0,1.0,1.0,0.9970944627558812,172,0,0,-1,,,
af194a8f1af65eb7,1,1.0,0,1.0,1.0,0.9916249447635902,149,0,0,-1,,,
b4a85f85ef7e532d,1,1.0,0,1.0,1.0,0.9345981907402444,132,0,0,-1,,,
47f76d2da48f57ba,1,1.0,0,1.0,1.0,0.8807193113561204,11,0,0,-1,,,
a93fe1ec53155bf7,1,1.0,0,1.0,1.0,0.880603666732381,9,0,0,-1,,,
e241e150a9c157b8,1,1.0,0,1.0,1.0,0.8827012218639241,9,0,0,-1,,,
2e67ddf209365112,1,1.0,0,1.0,1.0,0.8880035868349951,8,0,0,-1,,,
4aa06b58da9a56f8,1,1.0,0,1.0,1.0,0.8742405517690791,8,0,0,-1,,,
404a7bf372cb5eac,1,1.0,0,1.0,1.0,0.8470796847516121,7,0,0,-1,,,
87efb8cf52135247,1,1.0,0,1.0,1.0,0.8120020940366736,5,0,0,-1,,,
b7784f3cdf6b5991,1,1.0,0,1.0,1.0,0.8169602332417565,5,0,0,-1,,,
fdc126183c355692,1,1.0,0,1.0,1.0,1.0,132,0,0,-1,,,
a709a9bbafe555e1,1,1.0,0,1.0,1.0,1.0,133,0,0,-1,,,
57139af318a45873,1,1.0,0,1.0,1.0,1.0,136,0,0,-1,,,
95f42de7bd075f88,1,1.0,0,1.0,1.0,1.0,136,0,0,-1,,,
297fa313126a5f02,1,1.0,0,1.0,1.0,1.0,141,0,0,-1,,,
c962887d22e95f88,1,1.0,0,1.0,1.0,1.0,144,0,0,-1,,,
08e5f4c2c0965b15,1,1.0,0,1.0,1.0,1.0,147,0,0,-1,,,
701eca801b6f5ba9,1,1.0,0,1.0,1.0,1.0,149,0,0,-1,,,
b541b6d67bad546d,1,1.0,0,1.0,1.0,1.0,99,0,0,-1,,,
29d3fc42d08d57d2,1,1.0,0,1.0,1.0,1.0,108,0,0,-1,,,
448808123f695637,1,1.0,0,1.0,1.0,1.0,109,0,0,-1,,,
c9a4d6a0295f5142,1,1.0,0,1.0,1.0,1.0,114,0,0,-1,,,
6347553d03555ffa,1,1.0,0,1.0,1.0,1.0,121,0,0,-1,,,
d5ec09025a1e5a0d,1,1.0,0,1.0,1.0,1.0,124,0,0,-1,,,
6239683a6e0d556d,1,1.0,0,1.0,1.0,1.0,126,0,0,-1,,,
64185eb977005752,1,1.0,0,1.0,1.0,1.0,132,0,0,-1,,,
07dd30b182de5fa5,1,1.0,0,1.0,1.0,0.8173763893971772,13,0,0,-1,,,
4faa4706a50958e2,1,1.0,0,1.0,1.0,0.7920216609881837,17,0,0,-1,,,
c18b1648f6045467,1,1.0,0,1.0,1.0,0.7898144081364465,17,0,0,-1,,,
a572393e361e5b6c,1,1.0,0,1.0,1.0,0.8295088496483974,17,0,0,-1,,,
f3462625913a59c2,1,1.0,0,1.0,1.0,0.8295758550281569,18,0,0,-1,,,
5ebe40763ac05b5c,1,1.0,0,1.0,1.0,0.8538768577842991,18,0,0,-1,,,
dc2279179bb25d08,1,1.0,0,1.0,1.0,0.8651657840124344,19,0,0,-1,,,
5b707d3c85dd5ff0,1,1.0,0,1.0,1.0,0.8589424805817569,19,0,0,-1,,,
81c70798936b5140,1,1.0,0,1.0,1.0,1.0,80,0,0,-1,,,
e71bd2560b255f76,1,1.0,0,1.0,1.0,1.0,77,0,0,-1,,,
5abe25231fd05639,1,1.0,0,1.0,1.0,0.9749746987180323,51,0,0,-1,,,
b1457b7279f75735,1,1.0,0,1.0,1.0,0.9967234423987086,49,0,0,-1,,,
96a252e16d1553e1,1,1.0,0,1.0,1.0,0.8979788119264166,46,0,0,-1,,,
53259c7d4d8952eb,1,1.0,0,1.0,1.0,1.0,46,0,0,-1,,,
9e8403c32a50530b,1,1.0,0,1.0,1.0,0.9074817069372836,47,0,0,-1,,,
a39ec7322394565f,1,1.0,0,1.0,1.0,0.8490772036176782,45,0,0,-1,,,
2c120899a8d05979,1,1.0,0,1.0,1.0,0.9089087372065102,240,0,0,-1,,,
646244aaa99d5c9c,1,1.0,0,1.0,1.0,0.9035043297041527,234,0,0,-1,,,
08ebfd6fbc145517,1,1.0,0,1.0,1.0,0.8913783917759831,232,0,0,-1,,,
33c848df67305ec1,1,1.0,0,1.0,1.0,0.9469863825601554,227,0,0,-1,,,
7f92403d0c6e5b5d,1,1.0,0,1.0,1.0,1.0,213,0,0,-1,,,
abf403b697c457ad,1,1.0,0,1.0,1.0,1.0,196,0,0,-1,,,
35ceec8930305499,1,1.0,0,1.0,1.0,0.9535852511855034,66,0,0,-1,,,
d75b5c57a3c45583,1,1.0,0,1.0,1.0,1.0,58,0,0,-1,,,
a5de46cebb7d5260,1,1.0,0,1.0,1.0,0.859637741878533,19,0,0,-1,,,
0868436794795421,1,1.0,0,1.0,1.0,0.8677258514422456,209,0,0,-1,,,
065ec41ed01d59ca,1,1.0,0,1.0,1.0,1.0,206,0,0,-1,,,
31134bc6685c57ae,1,1.0,0,1.0,1.0,1.0,205,0,0,-1,,,
8b279a20979950d6,1,1.0,0,1.0,1.0,1.0,202,0,0,-1,,,
765dacfed4925185,1,1.0,0,1.0,1.0,1.0,205,0,0,-1,,,
a8c150e293ac5bd3,1,1.0,0,1.0,1.0,0.8552728370876039,199,0,0,-1,,,
326a8c0625d856cc,1,1.0,0,1.0,1.0,0.835900404045284,197,0,0,-1,,,
8e8b2b62eff65719,1,1.0,0,1.0,1.0,1.0,58,0,0,-1,,,
8b10128072e6539f,1,1.0,0,1.0,1.0,1.0,57,0,0,-1,,,
375d03a139615179,1,1.0,0,1.0,1.0,1.0,56,0,0,-1,,,
c5408aef4f3a538b,1,1.0,0,1.0,1.0,1.0,57,0,0,-1,,,
8898650e43665faf,1,1.0,0,1.0,1.0,0.8473696345406733,50,0,0,-1,,,
4e00bf86cd1e5a14,1,1.0,0,1.0,1.0,1.0,52,0,0,-1,,,
55a8886514eb5c1b,1,1.0,0,1.0,1.0,1.0,52,0,0,-1,,,
2d357ffc1fdd5c89,1,1.0,0,1.0,1.0,1.0,52,0,0,-1,,,
fe55e4c568a753a9,1,1.0,0,1.0,1.0,0.8621870690101486,47,0,0,-1,,,
ec7ca545f4055a2b,1,1.0,0,1.0,1.0,0.9666520841765717,44,0,0,-1,,,
4e0667aa6ead5e7d,1,1.0,0,1.0,1.0,0.9626531242850017,43,0,0,-1,,,
927222aceeaa52bb,1,1.0,0,1.0,1.0,0.9669378594260629,41,0,0,-1,,,
dbf083df3f5c55d7,1,1.0,0,1.0,1.0,1.0,120,0,0,-1,,,
4dba0d7ebbf95639,1,1.0,0,1.0,1.0,0.9220594283346597,37,0,0,-1,,,
bb249c2d0c8a568c,1,1.0,0,1.0,1.0,0.9392257257045378,36,0,0,-1,,,
cb61b4237ad25a7c,1,1.0,0,1.0,1.0,0.9374150200587196,34,0,0,-1,,,
67958aa8e9015aaf,1,1.0,0,1.0,1.0,0.8419531065091298,31,0,0,-1,,,
366c7e46b0415253,1,1.0,0,1.0,1.0,0.7578493201233109,29,0,0,-1,,,
e4ae770961c15455,1,1.0,0,1.0,1.0,0.8579754645197334,26,0,0,-1,,,
fd75eff84fb15543,1,1.0,0,1.0,1.0,0.8362756337988477,28,0,0,-1,,,
d8346b35ed785e1d,1,1.0,0,1.0,1.0,0.9101638515359806,28,0,0,-1,,,
fb1d534ccf82583f,1,1.0,0,1.0,1.0,0.9164067545314388,26,0,0,-1,,,
5ee6495d99475e62,1,1.0,0,1.0,1.0,0.9043757560858996,25,0,0,-1,,,
c04902b5c32056e0,1,1.0,0,1.0,1.0,0.8843761358356614,25,0,0,-1,,,
2150cda2905d51ca,1,1.0,0,1.0,1.0,1.0,153,0,0,-1,,,
4afad5f528f45dfe,1,1.0,0,1.0,1.0,0.8733892583928702,156,0,0,-1,,,
be1ef67efd445f45,1,1.0,0,1.0,1.0,0.9057716409009163,154,0,0,-1,,,
fb92846550d15dc1,1,1.0,0,1.0,1.0,0.8771747348642812,155,0,0,-1,,,
4755336a0e225d97,1,1.0,0,1.0,1.0,0.9161246879539543,151,0,0,-1,,,
d9d93568b27e5649,1,1.0,0,1.0,1.0,0.8832834407271982,150,0,0,-1,,,
f636a93caad2585f,1,1.0,0,1.0,1.0,0.9233147530263489,150,0,0,-1,,,
5022f5d01ba85e74,1,1.0,0,1.0,1.0,0.8689749729641493,149,0,0,-1,,,
0d09772186295ff0,1,1.0,0,1.0,1.0,0.930727913013809,34,0,0,-1,,,
c9903c96ff4153fe,1,1.0,0,1.0,1.0,0.9045077776664782,33,0,0,-1,,,
e98f83538a315982,1,1.0,0,1.0,1.0,0.8626957136665846,32,0,0,-1,,,
7e862e783690532d,1,1.0,0,1.0,1.0,0.9649355685690789,34,0,0,-1,,,
1a9928bcc34451aa,1,1.0,0,1.0,1.0,1.0,34,0,0,-1,,,
9410f817dff058c2,1,1.0,0,1.0,1.0,1.0,33,0,0,-1,,,
3e6526b2f7755050,1,1.0,0,1.0,1.0,1.0,33,0,0,-1,,,
17cac31ef9135faf,1,1.0,0,1.0,1.0,0.7938914738197056,32,0,0,-1,,,
75e0217f16f459c4,1,1.0,0,1.0,1.0,1.0,32,0,0,-1,,,
b657fb1afb7c54f3,1,1.0,0,1.0,1.0,1.0,33,0,0,-1,,,
d2c9ae71df055417,1,1.0,0,1.0,1.0,0.9556366813726322,35,0,0,-1,,,
aaf9003e92855b6c,1,1.0,0,1.0,1.0,0.9530513688012433,37,0,0,-1,,,
9ee3c3a666d35a5c,1,1.0,0,1.0,1.0,0.9573934651219194,33,0,0,-1,,,
21f64c6cfe835cbe,1,1.0,0,1.0,1.0,0.9390425525136115,33,0,0,-1,,,
f7a5f237abcd5b04,1,1.0,0,1.0,1.0,0.947902688943343,34,0,0,-1,,,
482601c870805c11,1,1.0,0,1.0,1.0,0.91923422202672,32,0,0,-1,,,
19d3dfdf0d2d5b6f,1,1.0,0,1.0,1.0,1.0,293,0,0,-1,,,
47e3bbbd82b2583b,1,1.0,0,1.0,1.0,1.0,250,0,0,-1,,,
548b6b9700f25610,1,1.0,0,1.0,1.0,0.9266647284369304,251,0,0,-1,,,
56886aeb0f685bea,1,1.0,0,1.0,1.0,0.9750814224603879,177,0,0,-1,,,
db1794b15b1a54b4,1,1.0,0,1.0,1.0,0.9546948886338521,181,0,0,-1,,,
2c90fc5cc8905562,1,1.0,0,1.0,1.0,0.9444885093578352,174,0,0,-1,,,
945dafbf488554b7,1,1.0,0,1.0,1.0,0.9472285007783999,173,0,0,-1,,,
ff32fea658445802,1,1.0,0,1.0,1.0,0.9486256404999862,178,0,0,-1,,,
30f959771e1e588d,1,1.0,0,1.0,1.0,0.9224122047945714,37,0,0,-1,,,
b023b7bcbab05bcb,1,1.0,0,1.0,1.0,0.8902325538789452,39,0,0,-1,,,
fc4811f1f2745645,1,1.0,0,1.0,1.0,0.9038452285850616,37,0,0,-1,,,
4a7156af749e54fc,1,1.0,0,1.0,1.0,0.881704025857744,35,0,0,-1,,,
fd525d3c25b15c97,1,1.0,0,1.0,1.0,0.9171394532275494,36,0,0,-1,,,
0bee5ed0a0a957fd,1,1.0,0,1.0,1.0,0.9156212928701978,34,0,0,-1,,,
912bc19c43a15d8d,1,1.0,0,1.0,1.0,0.9299826941495967,35,0,0,-1,,,
6632c49f6f675b7b,1,1.0,0,1.0,1.0,1.0,32,0,0,-1,,,
ef0b98c7837e5e4a,1,1.0,0,1.0,1.0,0.9612863749706695,176,0,0,-1,,,
2a4db0773ca95ce5,1,1.0,0,1.0,1.0,0.8822477068456616,178,0,0,-1,,,
3d2adf8b0bb65492,1,1.0,0,1.0,1.0,0.9294141260647946,183,0,0,-1,,,
d57dda19866556c3,1,1.0,0,1.0,1.0,0.9132370485906054,184,0,0,-1,,,
a6b457a7eb6a5cde,1,1.0,0,1.0,1.0,0.9320731461965074,190,0,0,-1,,,
a28e921b642a5936,1,1.0,0,1.0,1.0,0.9342643420307134,192,0,0,-1,,,
cc853dd8697f51b3,1,1.0,0,1.0,1.0,0.8879260975069188,253,0,0,-1,,,
253c33ffe10a5aa7,1,1.0,0,1.0,1.0,0.9131892152233644,251,0,0,-1,,,
80d8679b8c215769,1,1.0,0,1.0,1.0,1.0,51,0,0,-1,,,
3af1019a97d959fa,1,1.0,0,1.0,1.0,1.0,47,0,0,-1,,,
1c7ccdd40a3f505a,1,1.0,0,1.0,1.0,1.0,46,0,0,-1,,,
66fff80a93805b34,1,1.0,0,1.0,1.0,1.0,41,0,0,-1,,,
619d1afc63c35621,1,1.0,0,1.0,1.0,1.0,42,0,0,-1,,,
f8331125139c53d2,1,1.0,0,1.0,1.0,0.9626965984859077,45,0,0,-1,,,
13da814cde3a525b,1,1.0,0,1.0,1.0,0.9634452376216819,49,0,0,-1,,,
49d613966f25569b,1,1.0,0,1.0,1.0,0.9628929192542612,49,0,0,-1,,,
0e016d945ce25090,1,1.0,0,1.0,1.0,0.8954763737335213,33,0,0,-1,,,
dafc83b1558053e9,1,1.0,0,1.0,1.0,0.9808139122499077,35,0,0,-1,,,
2de3f6af0a69509d,1,1.0,0,1.0,1.0,0.9161448568873541,34,0,0,-1,,,
131a036a111e54f3,1,1.0,0,1.0,1.0,1.0,42,0,0,-1,,,
eeba0804c2645281,1,1.0,0,1.0,1.0,1.0,41,0,0,-1,,,
cdd72f4a568a55a0,1,1.0,0,1.0,1.0,1.0,45,0,0,-1,,,
2b52c607f324583e,1,1.0,0,1.0,1.0,0.9869369897374876,46,0,0,-1,,,
1c047acccbcb548f,1,1.0,0,1.0,1.0,0.8921973071532481,46,0,0,-1,,,
1cffb22700735548,1,1.0,0,1.0,1.0,1.0,259,0,0,-1,,,
c5ee24aa8f5059d6,1,1.0,0,0.0,1.0,0.5833333333333334,259,0,0,-1,,,
a0b67d1ac0c35d26,1,1.0,0,1.0,1.0,1.0,255,0,0,-1,,,
0eb2056214155957,1,1.0,0,1.0,1.0,1.0,261,0,0,-1,,,
4ba0a7c883e85b4f,1,1.0,0,1.0,1.0,1.0,259,0,0,-1,,,
1c8804a52fc0553c,1,1.0,0,1.0,1.0,1.0,283,0,0,-1,,,
b2cc98272c505ed6,1,1.0,0,1.0,1.0,1.0,282,0,0,-1,,,
b5cc4dfa26465b62,1,1.0,0,1.0,1.0,1.0,284,0,0,-1,,,
a669b18e5ecd575d,1,1.0,0,1.0,1.0,0.90638004068922,26,0,0,-1,,,
115e8a71aafc5d3d,1,1.0,0,1.0,1.0,0.8725657536769624,26,0,0,-1,,,
4d4ef3ee372d5afc,1,1.0,0,1.0,1.0,0.891359056829032,27,0,0,-1,,,
fd38927a12a152fa,1,1.0,0,1.0,1.0,0.9186534540764102,25,0,0,-1,,,
b77b106f469055bd,1,1.0,0,1.0,1.0,0.9238876662754905,24,0,0,-1,,,
6a2adb1da8dd53f3,1,1.0,0,1.0,1.0,0.9178464295163735,25,0,0,-1,,,
eac61acb69665f21,1,1.0,0,1.0,1.0,0.901894896042093,31,0,0,-1,,,
6c3a055d6ac15aa9,1,1.0,0,1.0,1.0,0.937091664074591,33,0,0,-1,,,
8396adcdedb55337,1,1.0,0,1.0,1.0,0.8126424152635342,193,0,0,-1,,,
bbde51f27b4455c2,1,1.0,0,1.0,1.0,0.81757852979456,193,0,0,-1,,,
88ac42d0eaca5c57,1,1.0,0,1.0,1.0,1.0,197,0,0,-1,,,
39640455f50c544c,1,1.0,0,1.0,1.0,1.0,196,0,0,-1,,,
371672ed85805daf,1,1.0,0,1.0,1.0,1.0,193,0,0,-1,,,
b4c9294d8e3952b8,1,1.0,0,1.0,1.0,1.0,227,0,0,-1,,,
20fd202ba2e1572a,1,1.0,0,1.0,1.0,1.0,234,0,0,-1,,,
8635c0dd984c51f3,1,1.0,0,1.0,1.0,1.0,240,0,0,-1,,,
248288deae795ad8,1,1.0,0,1.0,1.0,0.9197541699181393,45,0,0,-1,,,
689b619dfd3652c3,1,1.0,0,1.0,1.0,0.6806297020161018,44,0,0,-1,,,
a99b2322093b5c13,1,1.0,0,1.0,1.0,0.7038897061863568,45,0,0,-1,,,
af6aff5482395ecf,1,1.0,0,1.0,1.0,0.9908449565932078,46,0,0,-1,,,
ee9a7d622e33569a,1,1.0,0,1.0,1.0,0.9479419160299373,45,0,0,-1,,,
81917c1e1a9b5cdc,1,1.0,0,1.0,1.0,0.6890495162322764,49,0,0,-1,,,
3fe4d3672285579c,1,1.0,0,1.0,1.0,0.6925387691441692,50,0,0,-1,,,
36a7254be1af5120,1,1.0,0,1.0,1.0,0.9657211558402095,49,0,0,-1,,,
1ef49bbbadd55818,1,1.0,0,1.0,1.0,0.9146256749914755,31,0,0,-1,,,
18d63cca5ad554d2,1,1.0,0,1.0,1.0,0.9343256862889229,30,0,0,-1,,,
a1d5046565c75d87,1,1.0,0,1.0,1.0,0.9363212947447117,29,0,0,-1,,,
2ad04beca6e65771,1,1.0,0,1.0,1.0,0.9249796632632913,29,0,0,-1,,,
7ebca95e877a557b,1,1.0,0,1.0,1.0,0.92275323025566,30,0,0,-1,,,
bdf99b84030a5a0f,1,1.0,0,1.0,1.0,0.8747540317899851,29,0,0,-1,,,
91795d835c905882,1,1.0,0,1.0,1.0,0.9013083493434105,29,0,0,-1,,,
61b6aabef76153af,1,1.0,0,1.0,1.0,1.0,31,0,0,-1,,,
2a5a7c87bce352a7,1,1.0,0,1.0,1.0,0.9404940595220898,57,0,0,-1,,,
0145102e6c2f5803,1,1.0,0,1.0,1.0,0.9531945172834148,59,0,0,-1,,,
3e42abec9c495419,1,1.0,0,1.0,1.0,0.9804485392524743,32,0,0,-1,,,
7631ace833c857ba,1,1.0,0,1.0,1.0,0.9765626568316442,28,0,0,-1,,,
8ba84ea2cc4a5ead,1,1.0,0,0.0,1.0,0.13283640755226703,27,0,0,-1,,,
3f5d3b68c1a156ed,1,1.0,0,1.0,1.0,0.546429262245724,19,0,0,-1,,,
79bb6b3243f151a6,1,1.0,0,1.0,1.0,0.8799628284487202,34,0,0,-1,,,
3bae0e44f3095a9c,1,1.0,0,1.0,1.0,0.9338865593808033,34,0,0,-1,,,
7a140c5865295d91,1,1.0,0,1.0,1.0,0.9355735404863221,35,0,0,-1,,,
f6df3f934bdb598d,1,1.0,0,1.0,1.0,1.0,36,0,0,-1,,,
7643b4b3f33d5910,1,1.0,0,1.0,1.0,1.0,37,0,0,-1,,,
152a3fbb37155fa0,1,1.0,0,1.0,1.0,0.9812856927820981,36,0,0,-1,,,
0f31cc38f9f55c9a,1,1.0,0,1.0,1.0,0.9327087467321897,36,0,0,-1,,,
866edd106b555de6,1,1.0,0,1.0,1.0,0.8922064372783137,37,0,0,-1,,,
c5af9333bf63510d,1,1.0,0,1.0,1.0,0.9256266529679609,44,0,0,-1,,,
e6e2b0d2f0495557,1,1.0,0,1.0,1.0,0.8770109786267136,47,0,0,-1,,,
24e06c38547d5976,1,1.0,0,1.0,1.0,0.9976420536712616,49,0,0,-1,,,
03e24d87e7315809,1,1.0,0,1.0,1.0,0.9396355412313938,52,0,0,-1,,,
8dac96b2393f5de9,1,1.0,0,1.0,1.0,0.9575605431094493,53,0,0,-1,,,
46adda2ea05a50a4,1,1.0,0,1.0,1.0,0.9569270019615516,54,0,0,-1,,,
bc23c66181b15e25,1,1.0,0,1.0,1.0,0.9711147742566365,58,0,0,-1,,,
134699ce1ce455c4,1,1.0,0,1.0,1.0,0.9614890571446253,59,0,0,-1,,,
a66018d8ad8f594d,1,1.0,0,1.0,1.0,0.9703507288194104,59,0,0,-1,,,
9b16e4fea2c25446,1,1.0,0,1.0,1.0,0.9490429221909057,59,0,0,-1,,,
87eae54f57ea5690,1,1.0,0,1.0,1.0,0.797747612205138,50,0,0,-1,,,
a59bd481d324594a,1,1.0,0,1.0,1.0,0.8665415070008263,49,0,0,-1,,,
eadc0f19b54352ae,1,1.0,0,1.0,1.0,0.7188168608589435,52,0,0,-1,,,
c9ddc670b1195efd,1,1.0,0,1.0,1.0,0.9122396335935546,57,0,0,-1,,,
2f6ef141a25657e5,1,1.0,0,1.0,1.0,0.8436001829899045,57,0,0,-1,,,
10d0706cdc655c9f,1,1.0,0,1.0,1.0,0.884945517395893,64,0,0,-1,,,
07846b829b3a575e,1,1.0,0,1.0,1.0,0.8616370464809866,69,0,0,-1,,,
dd43c6087aca5206,1,1.0,0,1.0,1.0,0.8570473870826817,73,0,0,-1,,,
7e647d942b9f57ed,1,1.0,0,1.0,1.0,1.0,244,0,0,-1,,,
dc39ce9c251551bb,1,1.0,0,1.0,1.0,1.0,249,0,0,-1,,,
d90cd23a434f5c55,1,1.0,0,1.0,1.0,1.0,262,0,0,-1,,,
95bb1e65b61b5e04,1,1.0,0,1.0,1.0,0.9301162024833157,266,0,0,-1,,,
02328c7410405c5a,1,1.0,0,1.0,1.0,0.9229274370914101,260,0,0,-1,,,
dfe53c7f74e5554c,1,1.0,0,1.0,1.0,0.9205692701773316,263,0,0,-1,,,
0472df00162f5fc5,1,1.0,0,1.0,1.0,0.9331313740410573,264,0,0,-1,,,
b9e5b11ac3745f8c,1,1.0,0,1.0,1.0,1.0,260,0,0,-1,,,
5b7700fa99d95a94,1,1.0,0,1.0,1.0,0.9462303593891157,14,0,0,-1,,,
d51f75f9ae88529a,1,1.0,0,1.0,1.0,0.8964030686440411,14,0,0,-1,,,
613181e5c29d526a,1,1.0,0,1.0,1.0,0.9247137881596162,13,0,0,-1,,,
d54eba5510dc5469,1,1.0,0,1.0,1.0,0.907032558160595,13,0,0,-1,,,
a9c1456b9deb5184,1,1.0,0,1.0,1.0,0.8862113459229884,9,0,0,-1,,,
0a2a71c0b34c5f10,1,1.0,0,1.0,1.0,0.9083247137368572,8,0,0,-1,,,
86f148317f03504b,1,1.0,0,1.0,1.0,0.7443706242432983,8,0,0,-1,,,
8b5e10656ccb5269,1,1.0,0,1.0,1.0,0.8862923548210957,7,0,0,-1,,,
0fedf81df2db5b96,1,1.0,0,1.0,1.0,0.8822235945303148,7,0,0,-1,,,
ac2f5c84d6fc5cdf,1,1.0,0,1.0,1.0,0.7375631307100456,7,0,0,-1,,,
a756084987b256e5,1,1.0,0,1.0,1.0,0.7622659031065445,6,0,0,-1,,,
02ecdf935f895a86,1,1.0,0,1.0,1.0,0.7404431245406101,6,0,0,-1,,,
2754e05ff9d35719,1,1.0,0,1.0,1.0,0.7057003328014527,6,0,0,-1,,,
3a161e0999b15823,1,1.0,0,1.0,1.0,0.8626540600585217,5,0,0,-1,,,
92fe6ff13c005ee3,1,1.0,0,1.0,1.0,0.7069925460991993,5,0,0,-1,,,
c65fbb9cff2a59e5,1,1.0,0,1.0,1.0,0.7402781713786176,4,0,0,-1,,,
6ecc4586af155c50,1,1.0,0,1.0,1.0,1.0,88,0,0,-1,,,
1d3cf448005f56c1,1,1.0,0,1.0,1.0,1.0,90,0,0,-1,,,
24b9908a6761529b,1,1.0,0,1.0,1.0,1.0,96,0,0,-1,,,
eaa64f296ff85b61,1,1.0,0,1.0,1.0,1.0,108,0,0,-1,,,
5bdbe484641a55fa,1,1.0,0,1.0,1.0,1.0,124,0,0,-1,,,
c5bec7e4a75f5ca1,1,1.0,0,1.0,1.0,0.785229190515634,133,0,0,-1,,,
76cd37d3370f5d04,1,1.0,0,1.0,1.0,1.0,138,0,0,-1,,,
1484455d33b85a75,1,1.0,0,1.0,1.0,1.0,145,0,0,-1,,,
ba8e8393326d5652,1,1.0,0,1.0,1.0,0.9543727773122112,47,0,0,-1,,,
d89a663c15da5ce2,1,1.0,0,1.0,1.0,0.9301075247158893,47,0,0,-1,,,
3ba2c46a8d445efd,1,1.0,0,1.0,1.0,0.955237238509978,49,0,0,-1,,,
62ebe5d1697f5b73,1,1.0,0,1.0,1.0,1.0,48,0,0,-1,,,
4e2f593274aa5417,1,1.0,0,1.0,1.0,1.0,49,0,0,-1,,,
3c943ff450265afe,1,1.0,0,1.0,1.0,1.0,52,0,0,-1,,,
574aa2eca31057d5,1,1.0,0,1.0,1.0,1.0,50,0,0,-1,,,
6b977574e52a5f1b,1,1.0,0,1.0,1.0,1.0,51,0,0,-1,,,
0a0d91d55b0757f8,1,1.0,0,1.0,1.0,0.9352514294992228,210,0,0,-1,,,
2963ac11563356d9,1,1.0,0,1.0,1.0,0.9476125856617061,207,0,0,-1,,,
63f6c401c24557e1,1,1.0,0,1.0,1.0,0.9455994369442463,199,0,0,-1,,,
86e62e65d9095907,1,1.0,0,1.0,1.0,0.9126138346524971,199,0,0,-1,,,
614c50b897445f89,1,1.0,0,1.0,1.0,0.8957229258033923,199,0,0,-1,,,
9cb247f1ef445fb9,1,1.0,0,1.0,1.0,0.8959177236046596,209,0,0,-1,,,
ad8912b904665e0f,1,1.0,0,1.0,1.0,0.917677055381889,207,0,0,-1,,,
77155a60b2ae5e75,1,1.0,0,1.0,1.0,0.9290524218824604,240,0,0,-1,,,
752255614d7f569a,1,1.0,0,1.0,1.0,0.8779629701865637,78,0,0,-1,,,
1e98fee7a7cc5254,1,1.0,0,1.0,1.0,0.8602522746344575,75,0,0,-1,,,
61d8eb4fd2395520,1,1.0,0,1.0,1.0,0.8574804323186216,70,0,0,-1,,,
54229e2cb94b5adb,1,1.0,0,1.0,1.0,0.7611357114964757,72,0,0,-1,,,
20c16675ba295725,1,1.0,0,1.0,1.0,0.8652748356613484,69,0,0,-1,,,
b1e0acd51fbf5895,1,1.0,0,1.0,1.0,0.8563687295357485,75,0,0,-1,,,
df11795878cb5419,1,1.0,0,1.0,1.0,0.8584427264998263,77,0,0,-1,,,
b5f57f5a6b5b5244,1,1.0,0,1.0,1.0,0.8783229093295591,75,0,0,-1,,,
abdf3c37dc03596c,1,1.0,0,1.0,1.0,0.9063914617366017,2,0,0,-1,,,
5624b4732b135079,1,1.0,0,1.0,1.0,0.9249877513377557,2,0,0,-1,,,
cdf704c535245f57,1,1.0,0,1.0,1.0,0.9230029158328997,2,0,0,-1,,,
28926b7190705b82,1,1.0,0,1.0,1.0,0.9216835097949688,3,0,0,-1,,,
db86c1d1516f557d,1,1.0,0,1.0,1.0,0.9217973203183359,3,0,0,-1,,,
c4284fce4a2f5213,1,1.0,0,1.0,1.0,0.8703581703391281,3,0,0,-1,,,
5422a7cee0d35e47,1,1.0,0,1.0,1.0,0.872897385243529,2,0,0,-1,,,
c332770f3439515e,1,1.0,0,1.0,1.0,0.8766719278991392,2,0,0,-1,,,
a4ba9521736a59f9,1,1.0,0,1.0,1.0,0.9913124983718477,40,0,0,-1,,,
44e882ff27ec5566,1,1.0,0,1.0,1.0,0.9572675859982064,46,0,0,-1,,,
820636c082c1539b,1,1.0,0,1.0,1.0,0.9566370320196379,46,0,0,-1,,,
55e018d3bd3d5abc,1,1.0,0,1.0,1.0,0.9766445461663587,46,0,0,-1,,,
35b108769e3c5d33,1,1.0,0,1.0,1.0,0.9618308102745018,50,0,0,-1,,,
57960c0eaa6b554b,1,1.0,0,1.0,1.0,0.9596538381411562,49,0,0,-1,,,
239d0568fc2250df,1,1.0,0,1.0,1.0,0.9601585500885341,47,0,0,-1,,,
446dbb38653a51a8,1,1.0,0,1.0,1.0,0.9614785088267149,49,0,0,-1,,,
631249cc108f5e1e,1,1.0,0,1.0,1.0,0.8839197706455119,24,0,0,-1,,,
50fef67a5a9a5a4b,1,1.0,0,1.0,1.0,0.8862568304075583,24,0,0,-1,,,
cbe7b4e464235ca6,1,1.0,0,1.0,1.0,0.8744626523716005,25,0,0,-1,,,
db36572d530a5ed3,1,1.0,0,1.0,1.0,0.8777745086879579,28,0,0,-1,,,
430f1f445caf5b3e,1,1.0,0,1.0,1.0,0.8837231453284216,28,0,0,-1,,,
72a43a590e3758f8,1,1.0,0,1.0,1.0,0.8856770510420923,29,0,0,-1,,,
6e49f2f1c4e456f1,1,1.0,0,1.0,1.0,0.848219607704359,29,0,0,-1,,,
5167871fd80b575d,1,1.0,0,1.0,1.0,0.8468027117994589,25,0,0,-1,,,
2daa400892ce5a95,1,1.0,0,1.0,1.0,0.8863391633150837,74,0,0,-1,,,
2b4fee42169a54a8,1,1.0,0,1.0,1.0,0.8291683580106591,78,0,0,-1,,,
6050bcf9baab54f6,1,1.0,0,1.0,1.0,0.8386940694020356,78,0,0,-1,,,
b8ca1857a0f75fb4,1,1.0,0,1.0,1.0,0.7773394399189607,78,0,0,-1,,,
3284cc6a78b05b9e,1,1.0,0,1.0,1.0,0.8557040081590257,83,0,0,-1,,,
f94d84bd174d59ce,1,1.0,0,1.0,1.0,1.0,79,0,0,-1,,,
a08ed58ddc6d53b3,1,1.0,0,1.0,1.0,1.0,79,0,0,-1,,,
e194cef299cf5264,1,1.0,0,1.0,1.0,1.0,82,0,0,-1,,,
7f3a478c21ce55f9,1,1.0,0,1.0,1.0,0.9166511914740137,18,0,0,-1,,,
9b8fa6b5b4505d22,1,1.0,0,1.0,1.0,0.9159982970204936,18,0,0,-1,,,
d37242b32b51586b,1,1.0,0,1.0,1.0,0.9180221117344775,20,0,0,-1,,,
1f381d3a242b54f0,1,1.0,0,1.0,1.0,0.9132188586293886,20,0,0,-1,,,
cc9a87182a05533d,1,1.0,0,1.0,1.0,0.909327263431598,19,0,0,-1,,,
56d552d6bb425954,1,1.0,0,1.0,1.0,0.8889266077891227,20,0,0,-1,,,
49a747ca28cd5d5f,1,1.0,0,1.0,1.0,0.8862032030705489,20,0,0,-1,,,
0a3da14f3cba564a,1,1.0,0,1.0,1.0,0.8833758979043499,21,0,0,-1,,,
ca8a417f32d859ba,1,1.0,0,1.0,1.0,0.9853769845628824,22,0,0,-1,,,
2e586c7da7c55eb3,1,1.0,0,1.0,1.0,0.9783224470607464,21,0,0,-1,,,
7ac6ec682a515136,1,1.0,0,1.0,1.0,0.8647740606387906,23,0,0,-1,,,
06279fdb46815c6c,1,1.0,0,1.0,1.0,0.8974454654855787,26,0,0,-1,,,
61984566807c5b11,1,1.0,0,1.0,1.0,1.0,25,0,0,-1,,,
a9c368a110585b1a,1,1.0,0,1.0,1.0,1.0,25,0,0,-1,,,
07c46d77aba054ec,1,1.0,0,1.0,1.0,1.0,25,0,0,-1,,,
ed98d12e4c99536d,1,1.0,0,1.0,1.0,1.0,25,0,0,-1,,,
e62eeef3ef7055b9,1,1.0,0,1.0,1.0,0.8220766528894469,25,0,0,-1,,,
87df22d07dcb567c,1,1.0,0,1.0,1.0,0.8259938928697199,26,0,0,-1,,,
73e4db7c9a4d5076,1,1.0,0,1.0,1.0,0.8328503682362182,30,0,0,-1,,,
2428ecd565d05b50,1,1.0,0,1.0,1.0,0.8546771542293529,29,0,0,-1,,,
1b3ed6f1e9b8574d,1,1.0,0,1.0,1.0,0.8335449015845698,30,0,0,-1,,,
d04049c3978354f0,1,1.0,0,1.0,1.0,0.8388625098416641,30,0,0,-1,,,
e8850900bade58f6,1,1.0,0,1.0,1.0,1.0,17,0,0,-1,,,
7c49f7aca6c05e2a,1,1.0,0,1.0,1.0,0.9410453323133794,19,0,0,-1,,,
ad0beea498f15978,1,1.0,0,1.0,1.0,0.8951120956960071,5,0,0,-1,,,
bf1064685f045d97,1,1.0,0,1.0,1.0,0.8694190000585609,6,0,0,-1,,,
0992d669b9a25a25,1,1.0,0,1.0,1.0,0.8554433227286804,6,0,0,-1,,,
73c6bf15d3cc58e4,1,1.0,0,1.0,1.0,0.8858225864963888,7,0,0,-1,,,
e1db7cf1ba505f99,1,1.0,0,1.0,1.0,0.8827687403404113,9,0,0,-1,,,
db62e3168cd051aa,1,1.0,0,1.0,1.0,0.8620243785502041,11,0,0,-1,,,
ade66429cb58544c,1,1.0,0,1.0,1.0,0.9253893379281699,14,0,0,-1,,,
bc2532765f5a5262,1,1.0,0,1.0,1.0,0.909394290604055,16,0,0,-1,,,
0663f1541eeb58b6,1,1.0,0,1.0,1.0,1.0,25,0,0,-1,,,
60abcfb4e1c756d8,1,1.0,0,1.0,1.0,1.0,22,0,0,-1,,,
1526b1720d35559e,1,1.0,0,1.0,1.0,1.0,22,0,0,-1,,,
1678ddd4a18b5fd8,1,1.0,0,1.0,1.0,1.0,22,0,0,-1,,,
9a50c3fce9d75d95,1,1.0,0,1.0,1.0,1.0,21,0,0,-1,,,
d551f73a1e4251aa,1,1.0,0,1.0,1.0,0.841058854920575,12,0,0,-1,,,
489bb0ed93455b69,1,1.0,0,1.0,1.0,0.9130384152878416,13,0,0,-1,,,
b1e10e4f03155c70,1,1.0,0,1.0,1.0,0.9009878679585204,14,0,0,-1,,,
e9d869eb2d255788,1,1.0,0,1.0,1.0,0.9113189634274629,114,0,0,-1,,,
c20bcc28c238595c,1,1.0,0,1.0,1.0,0.8936053752594039,113,0,0,-1,,,
af67221644ad5bd3,1,1.0,0,1.0,1.0,0.8905220555759565,115,0,0,-1,,,
910ce583575e5f8d,1,1.0,0,1.0,1.0,0.8907211248938607,114,0,0,-1,,,
c2f27daee5bd5a3e,1,1.0,0,1.0,1.0,0.8885296031977514,117,0,0,-1,,,
ac36d9e5cb0752d2,1,1.0,0,1.0,1.0,0.8517765132308233,118,0,0,-1,,,
69acf2f6a20454a0,1,1.0,0,1.0,1.0,0.8362731595937377,113,0,0,-1,,,
32af8f1654f057d7,1,1.0,0,1.0,1.0,0.8278778390692466,111,0,0,-1,,,
fad5349c0f7c501a,1,1.0,0,1.0,1.0,0.8799771067928225,2,0,0,-1,,,
0bd3bce35ed159be,1,1.0,0,1.0,1.0,0.885227788062549,3,0,0,-1,,,
735587b14e39568c,1,1.0,0,1.0,1.0,0.8799792814320742,3,0,0,-1,,,
21ce6f815188587a,1,1.0,0,1.0,1.0,0.8832737714793852,3,0,0,-1,,,
33fcb42a03535525,1,1.0,0,1.0,1.0,0.8632842813815412,3,0,0,-1,,,
cdf6bdc01f055c77,1,1.0,0,1.0,1.0,0.8960048463638811,3,0,0,-1,,,
a20a0a34d5e859ed,1,1.0,0,1.0,1.0,0.8675625537012034,4,0,0,-1,,,
2adba5d32c3a560f,1,1.0,0,1.0,1.0,0.8721223797773624,4,0,0,-1,,,
ddc5aacc5d785804,1,1.0,0,1.0,1.0,0.9706169966159702,6,0,0,-1,,,
0613d88c01b453c9,1,1.0,0,1.0,1.0,0.9705265561653121,6,0,0,-1,,,
ecaca52a9b295117,1,1.0,0,1.0,1.0,1.0,5,0,0,-1,,,
4dd1ab3a667b5074,1,1.0,0,1.0,0.0,0.0,5,0,0,-1,,,
38f4eed7d2cb5cc0,1,1.0,0,1.0,0.0,0.0,6,0,0,-1,,,
fba8aa5a1cb8583e,1,1.0,0,1.0,1.0,1.0,6,0,0,-1,,,
4ed3817e66d85c10,1,1.0,0,1.0,0.0,0.0,5,0,0,-1,,,
566bd5e6d09153e0,1,1.0,0,1.0,1.0,1.0,5,0,0,-1,,,
e40b2bf57fa5576f,1,1.0,0,1.0,1.0,0.7402900017016734,4,0,0,-1,,,
0af18cfd826c5086,1,1.0,0,1.0,1.0,0.9189741050790876,4,0,0,-1,,,
993d17cce2685b9a,1,1.0,0,1.0,1.0,0.9150246317705192,4,0,0,-1,,,
3882f317a3f55e29,1,1.0,0,1.0,1.0,0.9147605362236192,4,0,0,-1,,,
b9e254f3d4a75454,1,1.0,0,1.0,1.0,0.9155182070998227,4,0,0,-1,,,
0a954cc695e751ab,1,1.0,0,1.0,1.0,0.9233156940609248,4,0,0,-1,,,
96dd879c7e365dc9,1,1.0,0,1.0,1.0,0.9218073047230423,4,0,0,-1,,,
6fe1f4f8dbcd57b5,1,1.0,0,1.0,1.0,0.9194456215641132,3,0,0,-1,,,
5d003b19e1a25253,1,1.0,0,1.0,1.0,0.9179014667933213,3,0,0,-1,,,
4f2ac10c0fc1566a,1,1.0,0,1.0,1.0,0.9163158973339477,3,0,0,-1,,,
981ab4a5d11b5090,1,1.0,0,1.0,1.0,0.9166754596279754,3,0,0,-1,,,
d8d39177bd96593d,1,1.0,0,1.0,1.0,0.9153830269013224,3,0,0,-1,,,
9d22457757985690,1,1.0,0,1.0,1.0,0.9125596894349003,3,0,0,-1,,,
dfd27e2c5d7f50fb,1,1.0,0,1.0,1.0,0.9077083136040586,1,0,0,-1,,,
0cdeb48fac9d5292,1,1.0,0,1.0,1.0,0.9054718971426788,2,0,0,-1,,,
1854229ce0305578,1,1.0,0,1.0,1.0,0.9071764970655426,2,0,0,-1,,,
45d6c16000b75270,1,1.0,0,1.0,1.0,1.0,52,0,0,-1,,,
40df19739f215995,1,1.0,0,1.0,1.0,0.8504056329496837,45,0,0,-1,,,
e704fb7745a75fd7,1,1.0,0,1.0,1.0,0.8497266714215965,46,0,0,-1,,,
9e76a394983a59b6,1,1.0,0,1.0,1.0,0.8454047296383521,50,0,0,-1,,,
f8ded55c8f855116,1,1.0,0,1.0,1.0,1.0,50,0,0,-1,,,
6c7142e6f9435ab6,1,1.0,0,1.0,1.0,1.0,51,0,0,-1,,,
0774f845fe6b5de3,1,1.0,0,1.0,1.0,1.0,50,0,0,-1,,,
c6d6faaea8915ef2,1,1.0,0,1.0,0.0,0.0,42,0,0,-1,,,
8d4dc358499159c9,1,1.0,0,1.0,1.0,0.8035882417522996,113,0,0,-1,,,
33c321ae43da54c6,1,1.0,0,1.0,1.0,0.8389199347305661,121,0,0,-1,,,
c8c9563dbe59572a,1,1.0,0,1.0,1.0,0.8563690881995792,122,0,0,-1,,,
5252cad32bf358b2,1,1.0,0,1.0,1.0,0.8577736712415,121,0,0,-1,,,
12c9ecb5687f572b,1,1.0,0,1.0,1.0,1.0,109,0,0,-1,,,
dad96574decb5a68,1,1.0,0,1.0,1.0,0.8659224116105636,14,0,0,-1,,,
1972837deb725c63,1,1.0,0,1.0,1.0,0.8824899783209784,13,0,0,-1,,,
f191de4360a35ad8,1,1.0,0,1.0,1.0,0.9278775800101956,14,0,0,-1,,,
3296619ed0855e31,1,1.0,0,1.0,1.0,1.0,17,0,0,-1,,,
b462af5600bf5f88,1,1.0,0,1.0,1.0,1.0,17,0,0,-1,,,
4f61c0897822586c,1,1.0,0,1.0,1.0,1.0,17,0,0,-1,,,
c08cd52346155301,1,1.0,0,1.0,1.0,1.0,16,0,0,-1,,,
98b148d419725caa,1,1.0,0,1.0,1.0,0.7728636437159784,16,0,0,-1,,,
cb2db72bfca85119,1,1.0,0,1.0,1.0,0.7396853832476845,15,0,0,-1,,,
fddb0bdd1d7f53e0,1,1.0,0,1.0,1.0,0.8275086026050728,14,0,0,-1,,,
c1e612a123d059d7,1,1.0,0,1.0,1.0,0.8279387263116932,15,0,0,-1,,,
93b93c0235375b93,1,1.0,0,1.0,1.0,1.0,1,0,0,-1,,,
2380261642d25251,1,1.0,0,1.0,1.0,1.0,1,0,0,-1,,,
cb1d400e9da85f43,1,1.0,0,1.0,1.0,1.0,2,0,0,-1,,,
92c38e520e515a8a,1,1.0,0,1.0,1.0,1.0,3,0,0,-1,,,
7a6d3719323a5188,1,1.0,0,1.0,1.0,1.0,3,0,0,-1,,,
695cc61845975896,1,1.0,0,1.0,1.0,0.9565042783311274,4,0,0,-1,,,
5691c7c24fdd5e16,1,1.0,0,1.0,1.0,0.9833677376378338,6,0,0,-1,,,
3704fc999582536e,1,1.0,0,1.0,1.0,0.9838148191366685,7,0,0,-1,,,
c39df8b835525d97,1,1.0,0,1.0,1.0,0.8918159547794988,14,0,0,-1,,,
ca6a8cc7012a5fac,1,1.0,0,1.0,1.0,0.8517092724606788,14,0,0,-1,,,
2070f12707d95924,1,1.0,0,1.0,1.0,0.8919722123400259,13,0,0,-1,,,
d5b37b79dde85eb1,1,1.0,0,1.0,1.0,0.746268658353387,12,0,0,-1,,,
b227439005885966,1,1.0,0,1.0,1.0,0.9207907676310011,14,0,0,-1,,,
b1ae78ae6e005119,1,1.0,0,1.0,1.0,0.7680334139338072,13,0,0,-1,,,
847432a116d35db0,1,1.0,0,1.0,1.0,0.8982914675438654,15,0,0,-1,,,
7feaf6410f1854a8,1,1.0,0,1.0,1.0,0.700923820862635,14,0,0,-1,,,
20d3a5f5b9e6549f,1,1.0,0,1.0,1.0,0.9427452789281721,232,0,0,-1,,,
cbda46701b0d57b8,1,1.0,0,1.0,1.0,1.0,222,0,0,-1,,,
2d264d513abb5a7d,1,1.0,0,1.0,1.0,0.9483118508633283,217,0,0,-1,,,
fd99b81c7f2b5ed7,1,1.0,0,1.0,1.0,0.9675278240962402,213,0,0,-1,,,
df2257e552655d84,1,1.0,0,1.0,1.0,1.0,196,0,0,-1,,,
34d782c068c855be,1,1.0,0,1.0,1.0,1.0,66,0,0,-1,,,
8dc4430d96355057,1,1.0,0,1.0,1.0,1.0,59,0,0,-1,,,
bf0fa6fe20b5587f,1,1.0,0,1.0,1.0,1.0,53,0,0,-1,,,
3f1682073dd950a3,1,1.0,0,1.0,1.0,1.0,3,0,0,-1,,,
bc8aad9d72385289,1,1.0,0,1.0,0.0,0.0,4,0,0,-1,,,
3e8e85cf14c65da8,1,1.0,0,1.0,1.0,1.0,1,0,0,-1,,,
0ce170237acd51c2,1,1.0,0,1.0,1.0,1.0,1,0,0,-1,,,
2030d3a5ed675084,1,1.0,0,1.0,1.0,0.9749072013727336,1,0,0,-1,,,
8cee2a96b57d58ba,1,1.0,0,1.0,1.0,0.9966051522546149,1,0,0,-1,,,
302803d07e7059dc,1,1.0,0,1.0,1.0,0.966638360745999,1,0,0,-1,,,
086e4501de295946,1,1.0,0,1.0,1.0,1.0,1,0,0,-1,,,
78a50eb4d40e5ffa,1,1.0,0,1.0,1.0,0.9196244140187076,19,0,0,-1,,,
462ba3dea9fb590b,1,1.0,0,1.0,1.0,0.9360046897408187,19,0,0,-1,,,
1d7ff3e8eed15ced,1,1.0,0,1.0,1.0,0.9159074818897087,19,0,0,-1,,,
2818ed317df9550a,1,1.0,0,1.0,1.0,0.9783574381664595,18,0,0,-1,,,
64cdae0a751357ee,1,1.0,0,1.0,1.0,0.9654859361907736,18,0,0,-1,,,
3761f5d0d74d55eb,1,1.0,0,1.0,1.0,0.9457577119401862,18,0,0,-1,,,
4de864abe4f255bd,1,1.0,0,1.0,1.0,0.95818335396627,20,0,0,-1,,,
7aaa5ff3f0d255ef,1,1.0,0,1.0,1.0,0.9755646614573742,21,0,0,-1,,,
79bdb6b499245d65,1,1.0,0,1.0,1.0,0.9852840750970594,9,0,0,-1,,,
a36cdc9ebe595113,1,1.0,0,1.0,1.0,0.9864455119548307,9,0,0,-1,,,
11c529f1623b5034,1,1.0,0,1.0,1.0,0.9663844812144268,9,0,0,-1,,,
1a928640315c5332,1,1.0,0,1.0,0.0,0.0,12,0,0,-1,,,
ef703bb40b9a516c,1,1.0,0,1.0,0.0,0.0,12,0,0,-1,,,
2d9d3d15e7f25716,1,1.0,0,1.0,1.0,0.5875940617226673,12,0,0,-1,,,
e001c497823c5154,1,1.0,0,1.0,1.0,0.5536028911451559,13,0,0,-1,,,
9c8bbeb504c05892,1,1.0,0,1.0,1.0,0.9857318602712007,14,0,0,-1,,,
4b85f48b7172519f,1,1.0,0,1.0,1.0,1.0,67,0,0,-1,,,
679c8386480d5023,1,1.0,0,1.0,1.0,1.0,70,0,0,-1,,,
ab7d0c4a928e5ec9,1,1.0,0,1.0,1.0,0.968394482179169,70,0,0,-1,,,
07b814bfc2fb565d,1,1.0,0,1.0,1.0,0.9727055639754897,70,0,0,-1,,,
90dbd48d165958cc,1,1.0,0,1.0,1.0,0.9324846652600787,72,0,0,-1,,,
3756dc24f9e65fd7,1,1.0,0,1.0,1.0,0.9356600865057608,68,0,0,-1,,,
aea962fd9c025957,1,1.0,0,1.0,1.0,0.7490755726198898,69,0,0,-1,,,
38878741cbee5e88,1,1.0,0,1.0,1.0,0.9745793697806331,77,0,0,-1,,,
2b760b8260af515c,1,1.0,0,1.0,1.0,0.9308777982322534,165,0,0,-1,,,
00eb3a4e0f8052e9,1,1.0,0,1.0,1.0,0.9102671265069597,154,0,0,-1,,,
77daa055e4ed5ae2,1,1.0,0,1.0,1.0,0.9187687471099831,151,0,0,-1,,,
77b5e5af1c1057fc,1,1.0,0,1.0,1.0,0.9319521735097286,144,0,0,-1,,,
fab1fef0e2dc57cd,1,1.0,0,1.0,1.0,0.9435027661084376,132,0,0,-1,,,
6e0bd197608f5bc5,1,1.0,0,1.0,1.0,0.9722518064760483,123,0,0,-1,,,
892f8a0d37dd5af3,1,1.0,0,1.0,1.0,0.9315485871839875,119,0,0,-1,,,
30827c8c62c55b46,1,1.0,0,1.0,1.0,0.9271049823043184,113,0,0,-1,,,
281798a7d40559bb,1,1.0,0,1.0,1.0,0.7432386682704868,11,0,0,-1,,,
64a7186ab49b5cdc,1,1.0,0,1.0,1.0,0.9007641219743179,7,0,0,-1,,,
2d0c8a7a065e5995,1,1.0,0,1.0,1.0,0.9031037562513217,10,0,0,-1,,,
ae50b115259f5a24,1,1.0,0,1.0,1.0,1.0,18,0,0,-1,,,
facc11b0d1075018,1,1.0,0,1.0,1.0,1.0,16,0,0,-1,,,
5b39d0cccc8e55f2,1,1.0,0,1.0,1.0,1.0,15,0,0,-1,,,
f1def9ef86125c39,1,1.0,0,1.0,1.0,1.0,15,0,0,-1,,,
bdbf1319d21c5cab,1,1.0,0,1.0,1.0,0.9885744863920308,12,0,0,-1,,,
f47841466d835000,1,1.0,0,1.0,1.0,1.0,15,0,0,-1,,,
6b52f2b62f215cb4,1,1.0,0,1.0,1.0,0.9741272870203478,15,0,0,-1,,,
113d448b6ea8555c,1,1.0,0,1.0,0.0,0.0,13,0,0,-1,,,
c460ec097ed958a2,1,1.0,0,1.0,1.0,0.5497578269149894,13,0,0,-1,,,
410171a43ce453c2,1,1.0,0,1.0,1.0,0.9934099349707589,12,0,0,-1,,,
70b89bff643e5ef0,1,1.0,0,1.0,1.0,0.9914790381479254,13,0,0,-1,,,
71674e79275f5abb,1,1.0,0,1.0,1.0,0.9897497375562528,13,0,0,-1,,,
5ee074d138be53d4,1,1.0,0,1.0,1.0,1.0,14,0,0,-1,,,
67c2aef1f35a523e,1,1.0,0,1.0,1.0,1.0,112,0,0,-1,,,
a9152eadc70058ba,1,1.0,0,1.0,1.0,1.0,118,0,0,-1,,,
a354ac8030d55e5e,1,1.0,0,1.0,1.0,1.0,124,0,0,-1,,,
4b892b0f3efa5255,1,1.0,0,1.0,1.0,1.0,125,0,0,-1,,,
ae878998fecb50a5,1,1.0,0,1.0,1.0,1.0,66,0,0,-1,,,
3c24bf88e9b150dd,1,1.0,0,1.0,1.0,0.9620858278356161,67,0,0,-1,,,
04f5b9e8203c5a92,1,1.0,0,1.0,1.0,0.9678181812240809,67,0,0,-1,,,
75bb2e7612425d57,1,1.0,0,1.0,1.0,1.0,68,0,0,-1,,,
6e7339e7dc70532a,1,1.0,0,1.0,1.0,1.0,20,0,0,-1,,,
bc68d211a62d5c19,1,1.0,0,1.0,1.0,1.0,21,0,0,-1,,,
d0fccf42f606569a,1,1.0,0,1.0,1.0,0.7674983410270988,27,0,0,-1,,,
c9150b81da695ae9,1,1.0,0,1.0,1.0,0.8283375863441119,26,0,0,-1,,,
2a799223058c5ed7,1,1.0,0,1.0,1.0,0.8800367037661209,26,0,0,-1,,,
563fd35940785c61,1,1.0,0,1.0,1.0,0.9450080773827386,27,0,0,-1,,,
54511f27d12e5a58,1,1.0,0,1.0,1.0,0.9721396978875538,28,0,0,-1,,,
54ed7e46291c5fcf,1,1.0,0,1.0,1.0,0.9181004818079593,28,0,0,-1,,,
0027991369e05ab2,1,1.0,0,1.0,1.0,0.9213609187168635,27,0,0,-1,,,
380ae43ebd795e88,1,1.0,0,1.0,1.0,0.9317542051624089,28,0,0,-1,,,
f205efb84def5cc8,1,1.0,0,1.0,1.0,0.9770845192809491,27,0,0,-1,,,
4a25aaca58b85ea5,1,1.0,0,1.0,1.0,0.945019246054254,25,0,0,-1,,,
b669576d14655afc,1,1.0,0,1.0,1.0,0.9696602239243776,25,0,0,-1,,,
1424caab55de5db7,1,1.0,0,1.0,1.0,0.9675181923082601,26,0,0,-1,,,
864977c14b9754eb,1,1.0,0,1.0,1.0,0.9614129772620003,24,0,0,-1,,,
9690846adfb751cc,1,1.0,0,1.0,1.0,0.9601943131495423,27,0,0,-1,,,
a0024513b78656f1,1,1.0,0,1.0,1.0,1.0,32,0,0,-1,,,
c013f92386ab5921,1,1.0,0,1.0,1.0,1.0,30,0,0,-1,,,
ec3969afeb945ddb,1,1.0,0,1.0,1.0,0.7850065348470068,44,0,0,-1,,,
81b89c24f6a5579f,1,1.0,0,1.0,1.0,0.757507564157077,44,0,0,-1,,,
1a5351601d8f52da,1,1.0,0,1.0,1.0,0.72279064979283,46,0,0,-1,,,
d7fdaa2d555c5272,1,1.0,0,1.0,1.0,0.9438861497069672,47,0,0,-1,,,
19a52017c000548c,1,1.0,0,1.0,1.0,0.9456096236190149,46,0,0,-1,,,
72a9c8aa9d1a580c,1,1.0,0,1.0,1.0,0.9571159772273973,47,0,0,-1,,,
20a6e330d8f1571b,1,1.0,0,1.0,1.0,0.9706358104696373,16,0,0,-1,,,
d763dadacfd55928,1,1.0,0,1.0,1.0,0.9884983355596754,15,0,0,-1,,,
83c7a6c3c0b15b36,1,1.0,0,1.0,1.0,0.9842704570736229,15,0,0,-1,,,
ba02d873678c5cf9,1,1.0,0,1.0,1.0,0.9732206542432628,15,0,0,-1,,,
0e713cce7ce35df0,1,1.0,0,1.0,1.0,1.0,17,0,0,-1,,,
b2def33d6adc50fc,1,1.0,0,0.0,1.0,0.5810826323803916,17,0,0,-1,,,
ae33eb2afd655f7d,1,1.0,0,1.0,1.0,0.9046821249406897,187,0,0,-1,,,
2497a4b846f25d99,1,1.0,0,1.0,1.0,0.9259063427905937,181,0,0,-1,,,
1370cea130165b51,1,1.0,0,1.0,1.0,1.0,124,0,0,-1,,,
c1e1661e600c570e,1,1.0,0,1.0,1.0,1.0,198,0,0,-1,,,
02e8fd3cc3c3556f,1,1.0,0,1.0,1.0,0.9439121905893334,201,0,0,-1,,,
a73467a2eede50e9,1,1.0,0,1.0,1.0,0.9339775138598045,207,0,0,-1,,,
213494be2acb5c68,1,1.0,0,1.0,1.0,0.924732104020156,213,0,0,-1,,,
078f05d9e9c05230,1,1.0,0,1.0,1.0,0.9149328468258698,217,0,0,-1,,,
47f3a90709ad56ed,1,1.0,0,1.0,1.0,0.9056787856056573,216,0,0,-1,,,
2959d5dbe8235765,1,1.0,0,1.0,1.0,0.9042942664324748,216,0,0,-1,,,
fd16b1d0d41352ee,1,1.0,0,1.0,1.0,0.9764701522200944,78,0,0,-1,,,
4cdef6ce55a7542b,1,1.0,0,1.0,1.0,0.9590586308101012,79,0,0,-1,,,
32a73ed06daa5b0e,1,1.0,0,1.0,1.0,0.9483849024888665,78,0,0,-1,,,
0202782270ab5a62,1,1.0,0,1.0,1.0,0.9851653889451422,77,0,0,-1,,,
a04a20407bf95386,1,1.0,0,1.0,1.0,0.9601929366187893,76,0,0,-1,,,
5487bbfde69354cb,1,1.0,0,1.0,1.0,0.9425684760564916,75,0,0,-1,,,
39cbed62434a528b,1,1.0,0,1.0,1.0,1.0,36,0,0,-1,,,
2db824526e9458f2,1,1.0,0,1.0,1.0,1.0,33,0,0,-1,,,
42545a072b1a5820,1,1.0,0,1.0,1.0,0.9218348639017675,218,0,0,-1,,,
8733d5cc8ae956df,1,1.0,0,1.0,1.0,0.9359024460418026,223,0,0,-1,,,
d06d8235012b56fe,1,1.0,0,1.0,1.0,0.9607966161067042,221,0,0,-1,,,
b528a0aa02695437,1,1.0,0,1.0,1.0,0.9572553735037467,222,0,0,-1,,,
cecd27d3ba0e54fd,1,1.0,0,1.0,1.0,0.8951092509550215,118,0,0,-1,,,
44cd06a315635c09,1,1.0,0,1.0,1.0,0.9030947784848539,117,0,0,-1,,,
bf478a1422445c12,1,1.0,0,1.0,1.0,0.9123562346163959,118,0,0,-1,,,
3154180ecf9a5e67,1,1.0,0,1.0,1.0,0.8997615564237084,116,0,0,-1,,,
79551644e9715069,1,1.0,0,1.0,1.0,0.9724756762972674,17,0,0,-1,,,
ad3d0b30c78355d4,1,1.0,0,1.0,1.0,0.9778711265400765,15,0,0,-1,,,
7fbe5b01c5a9525c,1,1.0,0,1.0,1.0,0.9555045478248658,16,0,0,-1,,,
cea55cd8ec6f5185,1,1.0,0,1.0,1.0,0.9628549515794566,16,0,0,-1,,,
193b39b2ec4f53af,1,1.0,0,1.0,1.0,0.9656260841808745,16,0,0,-1,,,
ac2046c2652451fc,1,1.0,0,1.0,1.0,0.9372388191707245,17,0,0,-1,,,
c848c9ccc6e55adf,1,1.0,0,1.0,1.0,0.9441721272515927,14,0,0,-1,,,
b85f00b0919a5180,1,1.0,0,1.0,1.0,0.9419769427314001,12,0,0,-1,,,
73872fdc28995ad6,1,1.0,0,1.0,1.0,0.8702321561259581,53,0,0,-1,,,
c16f84d1251552af,1,1.0,0,1.0,1.0,0.8270275974814135,51,0,0,-1,,,
692bea45f3de5fd0,1,1.0,0,1.0,1.0,0.894724263900638,49,0,0,-1,,,
789c2205e7865e94,1,1.0,0,1.0,1.0,0.9258317023837833,45,0,0,-1,,,
5fffee1a19495dc6,1,1.0,0,1.0,1.0,0.814992800158565,18,0,0,-1,,,
2f6263adaf4f54c5,1,1.0,0,1.0,1.0,0.8148989217803074,19,0,0,-1,,,
d78ce77ffdf75554,1,1.0,0,1.0,1.0,0.9372105159844332,20,0,0,-1,,,
34048f1ce51452d0,1,1.0,0,1.0,1.0,0.9974807251712329,21,0,0,-1,,,
9ab7d16dd4a6551f,1,1.0,0,1.0,1.0,0.8999373608626021,108,0,0,-1,,,
8067c4f48fe45421,1,1.0,0,1.0,1.0,0.8988217460701939,100,0,0,-1,,,
ccb2ae93b23b5826,1,1.0,0,1.0,1.0,0.8759243606159797,99,0,0,-1,,,
71c1fef0966d5df4,1,1.0,0,1.0,1.0,0.8678737469530889,92,0,0,-1,,,
40c362dd278b5280,1,1.0,0,1.0,1.0,1.0,92,0,0,-1,,,
8a02c25b58bb5a2b,1,1.0,0,1.0,1.0,1.0,80,0,0,-1,,,
6ebf87c3da335680,1,1.0,0,1.0,1.0,1.0,85,0,0,-1,,,
f8e036dd79a954d6,1,1.0,0,1.0,1.0,1.0,83,0,0,-1,,,
a93fa981f60d50af,1,1.0,0,1.0,1.0,0.9421539956587163,12,0,0,-1,,,
6fd56fa51891517e,1,1.0,0,1.0,1.0,0.8887133463203405,12,0,0,-1,,,
ebe1b48a47f356a4,1,1.0,0,1.0,1.0,0.8608730939508308,11,0,0,-1,,,
84d10a502c1b5a74,1,1.0,0,1.0,1.0,1.0,11,0,0,-1,,,
5cd75b90a44e5a65,1,1.0,0,1.0,1.0,1.0,11,0,0,-1,,,
03c2e332abb25034,1,1.0,0,1.0,1.0,1.0,10,0,0,-1,,,
e56f85ee56395a99,1,1.0,0,1.0,1.0,1.0,9,0,0,-1,,,
2b2484954fc85b54,1,1.0,0,1.0,1.0,1.0,8,0,0,-1,,,
ffde3cc525b75021,1,1.0,0,0.0,1.0,0.5833333333333334,13,0,0,-1,,,
d8faa48b75625ac0,1,1.0,0,1.0,1.0,1.0,12,0,0,-1,,,
134c369c82f05262,1,1.0,0,1.0,1.0,0.9639566782695207,9,0,0,-1,,,
3a0e2f53c9585e94,1,1.0,0,0.0,1.0,0.36459580999921676,9,0,0,-1,,,
d38090818a0b5bed,1,1.0,0,0.0,1.0,0.5335228659437982,9,0,0,-1,,,
4b55193d36c35e4a,1,1.0,0,0.0,1.0,0.45590953228482434,9,0,0,-1,,,
cf31c5ada8c353bc,1,1.0,0,1.0,1.0,0.9464864907626088,10,0,0,-1,,,
7fa02fbd7287526f,1,1.0,0,1.0,1.0,0.9393215609693207,9,0,0,-1,,,
96a228d4d055523a,1,1.0,0,1.0,1.0,0.7483400430317273,14,0,0,-1,,,
84ad97e1c9c85d4e,1,1.0,0,0.0,1.0,0.35324408902019727,15,0,0,-1,,,
0a7ed373b7de5037,1,1.0,0,0.0,1.0,0.36815293045986475,16,0,0,-1,,,
932f0bf1d23b5ba7,1,1.0,0,1.0,1.0,1.0,15,0,0,-1,,,
82b3e6e3bfa15ecf,1,1.0,0,1.0,1.0,0.8239837481809597,16,0,0,-1,,,
c5fb72e3a0855c1b,1,1.0,0,1.0,1.0,0.8268037502259196,18,0,0,-1,,,
ffcbf5f098625d83,1,1.0,0,1.0,1.0,0.8427156113531454,19,0,0,-1,,,
a2cc6aa1e3c252a7,1,1.0,0,1.0,1.0,0.8673566963905229,19,0,0,-1,,,
8cc8fe63227d5c07,1,1.0,0,1.0,1.0,1.0,20,0,0,-1,,,
0363f17229aa5b57,1,1.0,0,1.0,1.0,1.0,20,0,0,-1,,,
b4175792b94a5cf2,1,1.0,0,1.0,1.0,1.0,19,0,0,-1,,,
202d0026e8ff5a3c,1,1.0,0,1.0,1.0,1.0,24,0,0,-1,,,
4cd806a126f85b23,1,1.0,0,1.0,1.0,0.9345380503112546,25,0,0,-1,,,
67abcf0964415891,1,1.0,0,0.0,1.0,0.5833333333333334,26,0,0,-1,,,
00fcad6d092c5e8e,1,1.0,0,1.0,1.0,0.8109545961085601,23,0,0,-1,,,
3380ae828ea75d1e,1,1.0,0,1.0,1.0,1.0,23,0,0,-1,,,
fb2402a506065225,1,1.0,0,1.0,1.0,0.6516086755024707,60,0,0,-1,,,
82ba424ca77e5a4a,1,1.0,0,1.0,1.0,0.8336240175154955,60,0,0,-1,,,
5e89299dadf05ad1,1,1.0,0,1.0,1.0,0.8916934161714661,57,0,0,-1,,,
97b98a9d8e935607,1,1.0,0,1.0,1.0,0.969647504461285,58,0,0,-1,,,
6f790c3c333058b2,1,1.0,0,1.0,1.0,0.9584003400711296,56,0,0,-1,,,
621a9591a97758b8,1,1.0,0,1.0,1.0,0.8622148250909998,56,0,0,-1,,,
78a46fe48bf15051,1,1.0,0,1.0,1.0,0.9069386294361729,53,0,0,-1,,,
0d857e82084e56be,1,1.0,0,1.0,1.0,0.8951047802947949,53,0,0,-1,,,
d74329969d1155bf,1,1.0,0,1.0,1.0,0.9617774219409821,22,0,0,-1,,,
d395fa715d3e58c7,1,1.0,0,1.0,1.0,0.9888350022739546,20,0,0,-1,,,
35ae50756b8952b9,1,1.0,0,1.0,1.0,0.9817108747766264,21,0,0,-1,,,
3ae2ab1099d65c2a,1,1.0,0,1.0,1.0,0.9733228054768199,20,0,0,-1,,,
56a45baf2fb55951,1,1.0,0,1.0,1.0,0.9677660278542787,16,0,0,-1,,,
2f9c4ea0c97450c6,1,1.0,0,1.0,1.0,1.0,16,0,0,-1,,,
4674e35da8425113,1,1.0,0,1.0,1.0,1.0,15,0,0,-1,,,
511ba067a1835f86,1,1.0,0,1.0,1.0,1.0,14,0,0,-1,,,
dd23e66ff660575e,1,1.0,0,1.0,1.0,0.6922559687681654,59,0,0,-1,,,
1c8ca8c10d1a5757,1,1.0,0,1.0,1.0,0.6996098832681138,60,0,0,-1,,,
6cb33358dfbc5a84,1,1.0,0,1.0,1.0,0.7268859508296314,56,0,0,-1,,,
ebd299a3953a50ad,1,1.0,0,1.0,1.0,0.8872760162322441,52,0,0,-1,,,
132d1ec43fc058e1,1,1.0,0,1.0,1.0,0.9607154385442085,13,0,0,-1,,,
7eab8efaacef55bb,1,1.0,0,1.0,1.0,0.9729064259720407,13,0,0,-1,,,
f0b6499b393152be,1,1.0,0,0.0,1.0,0.3586070732515439,14,0,0,-1,,,
9839d83635495727,1,1.0,0,0.0,1.0,0.3605532069101213,14,0,0,-1,,,
9b7108902e7158d6,1,1.0,0,0.0,1.0,0.5833333333333334,22,0,0,-1,,,
61d7fbf592275c75,1,1.0,0,0.0,1.0,0.4190467951232885,25,0,0,-1,,,
6a5ed1c72b9a5d47,1,0.0,1,0.0,1.0,0.0,24,1,0,4,VEHICLE,4,14.7
0747dcc3a9b7501f,1,1.0,0,1.0,1.0,0.7746816745797293,26,0,0,-1,,,
6b8b72c830b85a62,1,1.0,0,1.0,1.0,0.8039662470165103,26,0,0,-1,,,
e09bc42b58285147,1,1.0,0,1.0,1.0,0.9565014852004591,27,0,0,-1,,,
be3551ae467a579e,1,1.0,0,1.0,1.0,0.9368453150889828,28,0,0,-1,,,
875f14a6967d5192,1,1.0,0,1.0,1.0,0.9270144990336197,28,0,0,-1,,,
39a2b9bc296c5b76,1,1.0,0,1.0,1.0,1.0,14,0,0,-1,,,
1d63ddad646b5496,1,1.0,0,1.0,1.0,0.9866560314345515,11,0,0,-1,,,
69575edb6db5507f,1,1.0,0,1.0,1.0,0.9830221204445552,12,0,0,-1,,,
e6c5a792f2f058f3,1,1.0,0,1.0,1.0,0.96153473970175,11,0,0,-1,,,
398010cdaac05adc,1,1.0,0,1.0,1.0,0.9748440743762279,10,0,0,-1,,,
365808b195f35dff,1,1.0,0,1.0,1.0,0.9300669757883897,8,0,0,-1,,,
702351f9d23159ad,1,1.0,0,1.0,1.0,0.9425873996589983,9,0,0,-1,,,
2ae2e400efe35400,1,1.0,0,1.0,1.0,0.9145182210224235,10,0,0,-1,,,
9e4febcde4875181,1,1.0,0,1.0,1.0,0.9587860466529051,27,0,0,-1,,,
7abf60c1594953cf,1,1.0,0,1.0,1.0,0.9634618915779232,29,0,0,-1,,,
68b2ef4a0f9d505e,1,1.0,0,1.0,1.0,0.9223351819756208,34,0,0,-1,,,
4a839f2910c150c6,1,1.0,0,1.0,1.0,0.9900855646170573,36,0,0,-1,,,
92427e4a55475ba6,1,1.0,0,1.0,1.0,0.8224862007077768,59,0,0,-1,,,
0fa4d1e0739659b4,1,1.0,0,1.0,1.0,0.8145531304344997,57,0,0,-1,,,
24a1c2301c6853f7,1,1.0,0,1.0,1.0,0.9092601638365826,59,0,0,-1,,,
35fb7e0858ae5bc8,1,1.0,0,1.0,1.0,0.8117819409742556,58,0,0,-1,,,
e3ef42c62ba2595b,1,1.0,0,1.0,1.0,1.0,29,0,0,-1,,,
da924c882e6e52d0,1,1.0,0,1.0,1.0,1.0,27,0,0,-1,,,
b0325428be095810,1,1.0,0,1.0,1.0,1.0,24,0,0,-1,,,
3d776c43acfd5327,1,1.0,0,1.0,1.0,0.8878427613226058,60,0,0,-1,,,
5671f9e107965dc3,1,1.0,0,1.0,1.0,0.8837520200015815,60,0,0,-1,,,
6eac35cd4c6e53b0,1,1.0,0,1.0,1.0,0.8294578820837724,67,0,0,-1,,,
15959d7a3d3a53f5,1,1.0,0,1.0,1.0,0.747001630343833,74,0,0,-1,,,
06a1f481118057b2,1,1.0,0,1.0,1.0,0.7398082317798305,74,0,0,-1,,,
666e41a5d36c50cc,1,1.0,0,1.0,1.0,0.8321444673058239,89,0,0,-1,,,
a5d23e7aa6265f80,1,1.0,0,1.0,1.0,0.929427860062639,89,0,0,-1,,,
56a1470952cb57a0,1,1.0,0,1.0,1.0,0.9646156974922743,87,0,0,-1,,,
653d8cea5acd5614,1,1.0,0,1.0,1.0,0.935336106277743,90,0,0,-1,,,
175f0101f12750b1,1,1.0,0,1.0,1.0,0.8815572297645372,61,0,0,-1,,,
947518978dcd5005,1,1.0,0,1.0,1.0,0.8613208932196458,58,0,0,-1,,,
7bf4d5a2cad05f50,1,1.0,0,1.0,1.0,0.882236916942878,61,0,0,-1,,,
280321506e7c5f52,1,1.0,0,1.0,1.0,0.8772750312689799,59,0,0,-1,,,
955916fd66da5657,1,1.0,0,1.0,1.0,0.7491387550531144,75,0,0,-1,,,
c719960a45715a9c,1,1.0,0,1.0,1.0,0.9951609369838833,79,0,0,-1,,,
d60ec6837413567c,1,1.0,0,1.0,1.0,0.9913559354171356,80,0,0,-1,,,
93dab1bad99e58f7,1,1.0,0,1.0,1.0,0.9209793827781255,80,0,0,-1,,,
071d69045acb5971,1,1.0,0,1.0,1.0,0.9442546856797965,85,0,0,-1,,,
fa5edfd430ba550d,1,1.0,0,1.0,1.0,0.9913601523084861,88,0,0,-1,,,
970cfee3bc7d5e3d,1,1.0,0,1.0,1.0,0.8517625390708491,86,0,0,-1,,,
5f2d040ee3bf5c6e,1,1.0,0,1.0,1.0,0.7611528699252803,86,0,0,-1,,,
c9f0c60627ba5237,1,1.0,0,1.0,1.0,0.958046580466851,17,0,0,-1,,,
9157afe90f035621,1,1.0,0,1.0,1.0,1.0,16,0,0,-1,,,
1457dddd3ea65845,1,1.0,0,1.0,1.0,1.0,13,0,0,-1,,,
fcdc1e7c917e5283,1,1.0,0,1.0,1.0,0.6875856401856925,20,0,0,-1,,,
60a62673dd78534c,1,1.0,0,1.0,1.0,0.6885696798115776,20,0,0,-1,,,
e45aa663bd0756d9,1,1.0,0,1.0,1.0,0.6905690107260049,20,0,0,-1,,,
a2978bba82bd5751,1,1.0,0,0.0,1.0,0.4490749398741545,22,0,0,-1,,,
97c09fe94495563a,1,1.0,0,1.0,1.0,1.0,22,0,0,-1,,,
84136b2623ef5618,1,1.0,0,1.0,1.0,0.8779615156113469,29,0,0,-1,,,
07d1a751018a526f,1,1.0,0,1.0,1.0,0.9431478900152683,35,0,0,-1,,,
34ab6d35dfef5366,1,1.0,0,1.0,1.0,0.9637301152983095,35,0,0,-1,,,
f2d64d93a1915c8b,1,1.0,0,1.0,1.0,0.9255456344398981,35,0,0,-1,,,
cd9e6c1924c35b85,1,1.0,0,1.0,1.0,0.9536825871641091,34,0,0,-1,,,
e5599a8884235d93,1,1.0,0,1.0,1.0,0.8564880530879062,31,0,0,-1,,,
0116de776d6b5d1b,1,1.0,0,1.0,1.0,0.8935284432598719,31,0,0,-1,,,
1ad237fbbbcf51ab,1,1.0,0,1.0,1.0,0.9582553232336734,32,0,0,-1,,,
3a4b7b872e3452ac,1,1.0,0,1.0,1.0,1.0,60,0,0,-1,,,
cf34e1f8d98f56ee,1,1.0,0,1.0,1.0,1.0,58,0,0,-1,,,
b2b73ef16f0a5a9f,1,1.0,0,1.0,1.0,1.0,57,0,0,-1,,,
7d70562315ff5bc1,1,1.0,0,1.0,1.0,1.0,53,0,0,-1,,,
92bbb17b853a5aa2,1,1.0,0,1.0,1.0,1.0,54,0,0,-1,,,
c1ea7d700faa5fee,1,1.0,0,1.0,1.0,1.0,50,0,0,-1,,,
5ce3b2260be35a1e,1,1.0,0,1.0,1.0,1.0,49,0,0,-1,,,
3251e54ebe415e5c,1,1.0,0,1.0,1.0,1.0,44,0,0,-1,,,
9ac86ade68505597,1,1.0,0,1.0,1.0,0.9207893695126471,10,0,0,-1,,,
4f61422adb195d3c,1,1.0,0,1.0,1.0,0.8745073390513535,10,0,0,-1,,,
4e8e687d6fd55093,1,1.0,0,1.0,1.0,0.8941027161989451,10,0,0,-1,,,
75abd414138d5a4e,1,1.0,0,1.0,1.0,0.8728734903748241,11,0,0,-1,,,
1c6e6f287c2354f1,1,1.0,0,1.0,1.0,0.8431457926755824,12,0,0,-1,,,
cf039efb320e55ec,1,1.0,0,1.0,1.0,0.8652081023684658,12,0,0,-1,,,
77519294678a5fed,1,1.0,0,1.0,1.0,0.8247807026134367,14,0,0,-1,,,
53feb52497035b3e,1,1.0,0,1.0,1.0,1.0,17,0,0,-1,,,
f1e870d5d8275cac,1,1.0,0,1.0,1.0,0.8895908509409147,119,0,0,-1,,,
b6968f154bfb5a5d,1,1.0,0,1.0,1.0,0.986208874908754,236,0,0,-1,,,
fb0297e3fc9b573e,1,1.0,0,1.0,1.0,1.0,239,0,0,-1,,,
7ffaa3cf8bf45474,1,1.0,0,1.0,1.0,1.0,244,0,0,-1,,,
899ed9ca42d750c6,1,1.0,0,1.0,1.0,1.0,248,0,0,-1,,,
449f88cb93fe53d8,1,1.0,0,1.0,1.0,1.0,255,0,0,-1,,,
1ceec301ab6552b1,1,1.0,0,1.0,1.0,1.0,268,0,0,-1,,,
ea8b66a838c75042,1,1.0,0,1.0,1.0,1.0,272,0,0,-1,,,
e1b645135dae5fe9,1,1.0,0,1.0,1.0,1.0,43,0,0,-1,,,
d26771df718251d1,1,1.0,0,1.0,1.0,1.0,42,0,0,-1,,,
81b16700f22d5688,1,1.0,0,1.0,1.0,1.0,42,0,0,-1,,,
fc844eb140035b27,1,1.0,0,1.0,1.0,1.0,95,0,0,-1,,,
d789efd527395984,1,1.0,0,1.0,1.0,1.0,98,0,0,-1,,,
dda361f4db52537a,1,1.0,0,1.0,1.0,1.0,157,0,0,-1,,,
55016fc4cd15505d,1,1.0,0,1.0,1.0,1.0,152,0,0,-1,,,
a37ac5585e74546d,1,1.0,0,1.0,1.0,1.0,148,0,0,-1,,,
198b7ec55c3b5a5c,1,1.0,0,1.0,1.0,0.9129287823690375,210,0,0,-1,,,
4907817195ff5d6f,1,1.0,0,1.0,1.0,0.8414387353598746,183,0,0,-1,,,
0c77bbb199f3589f,1,1.0,0,1.0,1.0,0.9807761204896622,73,0,0,-1,,,
5066b57b01cb56ec,1,1.0,0,1.0,1.0,1.0,71,0,0,-1,,,
5368a45f74ed5f66,1,1.0,0,1.0,1.0,1.0,72,0,0,-1,,,
1b736bfe747b5987,1,1.0,0,1.0,1.0,1.0,60,0,0,-1,,,
455fdf27af915de2,1,1.0,0,1.0,1.0,1.0,56,0,0,-1,,,
e5b0b2c83a395163,1,1.0,0,1.0,1.0,1.0,51,0,0,-1,,,
f3a61425920f57a7,1,1.0,0,1.0,1.0,0.7066897211348473,144,0,0,-1,,,
77bff1fe494e52dd,1,1.0,0,0.0,1.0,0.5833333333333334,146,0,0,-1,,,
1633456bc3ec569d,1,1.0,0,1.0,1.0,0.9771486654462364,135,0,0,-1,,,
f727c5fa1e735d2d,1,1.0,0,1.0,1.0,1.0,117,0,0,-1,,,
770c714d82535180,1,1.0,0,1.0,1.0,0.9685762955449922,108,0,0,-1,,,
9f8764247caa5e71,1,1.0,0,1.0,1.0,0.9571999820367477,101,0,0,-1,,,
68d46e380acc5f56,1,1.0,0,1.0,1.0,0.9685566754123025,101,0,0,-1,,,
a9e622747fc45a0a,1,1.0,0,1.0,1.0,0.9627657459951351,98,0,0,-1,,,
c8bf5f09438e5507,1,1.0,0,1.0,1.0,1.0,72,0,0,-1,,,
844760894a04505a,1,1.0,0,1.0,1.0,1.0,70,0,0,-1,,,
a332b717471c5704,1,1.0,0,1.0,1.0,0.896736084661048,70,0,0,-1,,,
553d5ef6d98e5728,1,1.0,0,1.0,1.0,0.8903407121694746,72,0,0,-1,,,
491dce963f7f5b57,1,1.0,0,1.0,1.0,1.0,71,0,0,-1,,,
f40f57ad82885f04,1,1.0,0,1.0,1.0,1.0,73,0,0,-1,,,
70b9e5ded0b057d7,1,1.0,0,1.0,1.0,0.8977421958148479,77,0,0,-1,,,
962deb8ccdaf50e3,1,1.0,0,1.0,1.0,0.8729691698411833,77,0,0,-1,,,
85c5f81a8dec5628,1,1.0,0,1.0,1.0,0.9697736424188371,52,0,0,-1,,,
cd8518ca186155f9,1,1.0,0,1.0,1.0,0.9700473934825427,50,0,0,-1,,,
30f09e001cf55013,1,1.0,0,1.0,1.0,0.8303159428369936,48,0,0,-1,,,
9e10e31698a650a1,1,1.0,0,1.0,1.0,0.9897881854748193,46,0,0,-1,,,
98527843384f5f43,1,1.0,0,0.0,1.0,0.5833333333333334,42,0,0,-1,,,
fbc9981c30745684,1,1.0,0,1.0,1.0,0.9394149312322456,45,0,0,-1,,,
bb9c441a4c2b5791,1,1.0,0,1.0,1.0,0.9676943635597924,48,0,0,-1,,,
5dae1d43c2e55113,1,1.0,0,1.0,1.0,0.9638287993364454,49,0,0,-1,,,
71ed3e4fcadc5322,1,1.0,0,1.0,1.0,0.8511920704870833,153,0,0,-1,,,
3d17efc5625f5c4f,1,1.0,0,1.0,1.0,0.8593368499632481,145,0,0,-1,,,
eb430bd4f0095c28,1,1.0,0,1.0,1.0,0.8535869041924338,137,0,0,-1,,,
197f2dea642850e7,1,1.0,0,1.0,1.0,0.8291925411353649,134,0,0,-1,,,
e1f6c044f4235462,1,1.0,0,1.0,1.0,0.8116398379160713,134,0,0,-1,,,
b191eb9b8de25005,1,1.0,0,1.0,1.0,1.0,136,0,0,-1,,,
c4d424c8f74e5b70,1,1.0,0,1.0,1.0,1.0,136,0,0,-1,,,
a6da1090aa335503,1,1.0,0,1.0,1.0,1.0,136,0,0,-1,,,
e08a526c85475c4b,1,1.0,0,1.0,1.0,1.0,273,0,0,-1,,,
562f38636f975be4,1,1.0,0,1.0,1.0,0.9770066503359578,273,0,0,-1,,,
a0e9cbedca0a56b7,1,1.0,0,1.0,1.0,0.9858971476425515,206,0,0,-1,,,
6df712116b7353cc,1,1.0,0,1.0,1.0,1.0,209,0,0,-1,,,
359f62a656b9586d,1,1.0,0,1.0,1.0,0.9452574084769405,202,0,0,-1,,,
e9c2ed7aa8275015,1,1.0,0,1.0,1.0,0.9487567709951295,194,0,0,-1,,,
9116e9726a6f59cb,1,1.0,0,1.0,1.0,0.9496189192884956,190,0,0,-1,,,
feff00cef4985d6b,1,1.0,0,1.0,1.0,0.9097738313767142,196,0,0,-1,,,
469dfe790903577a,1,1.0,0,1.0,1.0,0.963826511981046,65,0,0,-1,,,
ff1a305b2c1752af,1,1.0,0,1.0,1.0,0.9590250931724403,63,0,0,-1,,,
5c2c553d990d5a17,1,1.0,0,1.0,1.0,0.8637171804343401,62,0,0,-1,,,
0456452c8a13546c,1,1.0,0,1.0,1.0,0.8630024133555366,60,0,0,-1,,,
19efcf474dd85579,1,1.0,0,1.0,1.0,0.8650304059447601,63,0,0,-1,,,
2dbaea2c3ad8531f,1,1.0,0,1.0,1.0,0.8679162962598056,62,0,0,-1,,,
076e4afb95d057cf,1,1.0,0,1.0,1.0,0.8681997695314876,60,0,0,-1,,,
064018bfafb05f56,1,1.0,0,1.0,1.0,0.8645426603804882,57,0,0,-1,,,
2b5d551f5466530e,1,1.0,0,1.0,1.0,0.9357148647528923,150,0,0,-1,,,
0442b2728b8058fd,1,1.0,0,1.0,1.0,0.9255846909583498,145,0,0,-1,,,
c96b4de8d3d55287,1,1.0,0,1.0,1.0,0.923805748742578,144,0,0,-1,,,
242d17bd2af15992,1,1.0,0,1.0,1.0,0.8900388899234906,151,0,0,-1,,,
2c0e25d51b0b5e31,1,1.0,0,1.0,1.0,0.8961266246635371,152,0,0,-1,,,
3968f1bc11085a70,1,1.0,0,1.0,1.0,0.8909859479938546,158,0,0,-1,,,
21146ac996365854,1,1.0,0,1.0,1.0,0.9155009919844871,159,0,0,-1,,,
75f9d978b4d757a2,1,1.0,0,1.0,1.0,0.8700798911238246,159,0,0,-1,,,
aee53565120f533b,1,1.0,0,1.0,1.0,0.918487577318432,101,0,0,-1,,,
52dac3f651ae5950,1,1.0,0,1.0,1.0,0.9197705522748262,96,0,0,-1,,,
5c0a94addace52e2,1,1.0,0,1.0,1.0,0.9225076895343335,89,0,0,-1,,,
e22c4b8440c759b7,1,1.0,0,1.0,1.0,1.0,86,0,0,-1,,,
4d8b083f00675de2,1,1.0,0,1.0,1.0,1.0,86,0,0,-1,,,
24acfb08c5ef55f5,1,1.0,0,1.0,1.0,1.0,80,0,0,-1,,,
13336a542595599f,1,1.0,0,1.0,1.0,1.0,70,0,0,-1,,,
31c26928703053d2,1,1.0,0,1.0,1.0,1.0,71,0,0,-1,,,
05929f9dc5d152a7,1,1.0,0,1.0,1.0,1.0,234,0,0,-1,,,
3bcb5a54eca95746,1,1.0,0,1.0,1.0,0.9462499944199686,240,0,0,-1,,,
19488eb3301f5d26,1,1.0,0,1.0,1.0,0.9107672008945342,217,0,0,-1,,,
2649dcc8a1725fb2,1,1.0,0,1.0,1.0,0.9656200367449657,216,0,0,-1,,,
d6641a8596f25d47,1,1.0,0,1.0,1.0,0.9744301870709703,222,0,0,-1,,,
43ebecce459052f2,1,1.0,0,1.0,1.0,0.944470375537942,222,0,0,-1,,,
d3e99c65bb2a5d79,1,1.0,0,1.0,1.0,0.9144616486462821,221,0,0,-1,,,
dc95b5731cc359f3,1,1.0,0,1.0,1.0,0.9237433187156151,215,0,0,-1,,,
d929120b36a95db5,1,1.0,0,1.0,1.0,1.0,223,0,0,-1,,,
4a71a24c376f5388,1,1.0,0,1.0,1.0,1.0,227,0,0,-1,,,
1c5019f2bc6052d6,1,1.0,0,1.0,1.0,1.0,229,0,0,-1,,,
2eb7c4dc6ec65123,1,1.0,0,1.0,1.0,1.0,277,0,0,-1,,,
d3badb5f8c125e12,1,1.0,0,1.0,1.0,0.9380228103270284,292,0,0,-1,,,
0b57b00279885fd4,1,1.0,0,1.0,1.0,0.948194888708889,147,0,0,-1,,,
1b9e4e6c5e91568d,1,1.0,0,1.0,1.0,0.9322005021641395,148,0,0,-1,,,
2055bd0e7a885e4a,1,1.0,0,1.0,1.0,0.9408795721713932,150,0,0,-1,,,
f1dabe118a6955d6,1,1.0,0,1.0,1.0,1.0,225,0,0,-1,,,
12af1e0adcb65df9,1,1.0,0,1.0,1.0,0.9842862117820469,218,0,0,-1,,,
cdf51b82bae55641,1,1.0,0,1.0,1.0,1.0,216,0,0,-1,,,
39e708ddd82155ea,1,1.0,0,1.0,1.0,0.8957822162748035,212,0,0,-1,,,
52c1d14554bb51f5,1,1.0,0,1.0,1.0,0.8811230266913043,206,0,0,-1,,,
58857855de47556e,1,1.0,0,1.0,1.0,0.8580592023558617,205,0,0,-1,,,
2d4d48a048615f9a,1,1.0,0,1.0,1.0,1.0,201,0,0,-1,,,
85b1968fa2fd5552,1,1.0,0,1.0,1.0,0.9380844286967651,233,0,0,-1,,,
135b319cf4b1584c,1,1.0,0,1.0,1.0,0.9137154164749085,204,0,0,-1,,,
e0c6e5c235ed5b7b,1,1.0,0,1.0,1.0,0.9076765906806902,199,0,0,-1,,,
088b38f5e629514b,1,1.0,0,1.0,1.0,0.8901182534833761,193,0,0,-1,,,
2cd1545c4c835ead,1,1.0,0,1.0,1.0,0.9269424061103623,227,0,0,-1,,,
5876e4def8615813,1,1.0,0,1.0,1.0,0.9235383717705542,226,0,0,-1,,,
456ef599efa85659,1,1.0,0,1.0,1.0,0.9334641224448407,223,0,0,-1,,,
7c75567759e15900,1,1.0,0,1.0,1.0,1.0,224,0,0,-1,,,
c42677f7e56f5c3f,1,1.0,0,1.0,1.0,1.0,225,0,0,-1,,,
74deabca4e1259f5,1,1.0,0,1.0,1.0,1.0,222,0,0,-1,,,
2eb2bc9d3b35584f,1,1.0,0,1.0,1.0,1.0,228,0,0,-1,,,
c81b474102d75351,1,1.0,0,1.0,1.0,1.0,232,0,0,-1,,,
2b4e72f733d35e89,1,1.0,0,1.0,1.0,1.0,237,0,0,-1,,,
aba1622c877f51bb,1,1.0,0,1.0,1.0,1.0,234,0,0,-1,,,
daf715295e7d576b,1,1.0,0,1.0,1.0,1.0,227,0,0,-1,,,
8db7275969855f22,1,1.0,0,1.0,1.0,1.0,229,0,0,-1,,,
fe71d216396c5ab3,1,1.0,0,1.0,1.0,1.0,226,0,0,-1,,,
e10a3a8d627e5700,1,1.0,0,1.0,1.0,0.9942099118734875,206,0,0,-1,,,
54e1cb577c0a5f7e,1,1.0,0,1.0,1.0,0.9211570664041306,179,0,0,-1,,,
4a4ce3ba90ad5614,1,1.0,0,1.0,1.0,0.905361006205303,197,0,0,-1,,,
77868241ec115a11,1,1.0,0,1.0,1.0,0.8917504266835395,209,0,0,-1,,,
3e8b81f8eb205311,1,1.0,0,1.0,1.0,0.8987356862275148,213,0,0,-1,,,
db180d0c665454aa,1,1.0,0,1.0,1.0,0.8628186068895657,216,0,0,-1,,,
ab6e020759565f9f,1,1.0,0,1.0,1.0,0.8551421763653008,218,0,0,-1,,,
e59fd69b1be85258,1,1.0,0,1.0,1.0,0.8680704292907934,219,0,0,-1,,,
3a36b098acee53b9,1,1.0,0,1.0,1.0,1.0,134,0,0,-1,,,
48271cdeceb35236,1,1.0,0,1.0,1.0,1.0,132,0,0,-1,,,
8560e670c7865e3f,1,1.0,0,1.0,1.0,1.0,129,0,0,-1,,,
c4b1d4fabd315035,1,1.0,0,1.0,1.0,1.0,125,0,0,-1,,,
008d66a74c275479,1,1.0,0,1.0,1.0,1.0,127,0,0,-1,,,
c2790319345a58cf,1,1.0,0,1.0,1.0,1.0,49,0,0,-1,,,
b6e039ab90075f16,1,1.0,0,1.0,1.0,1.0,51,0,0,-1,,,
4e496bfdb6b95697,1,1.0,0,1.0,1.0,1.0,85,0,0,-1,,,
ebfb953d479d5982,1,1.0,0,1.0,1.0,1.0,63,0,0,-1,,,
e9a26f1753a85a88,1,1.0,0,1.0,1.0,1.0,62,0,0,-1,,,
5975a1af11e25fe4,1,1.0,0,1.0,1.0,1.0,58,0,0,-1,,,
402c9312982a5488,1,1.0,0,1.0,1.0,0.913402210222595,58,0,0,-1,,,
963a72ef9c615033,1,1.0,0,1.0,1.0,0.9606728840986634,53,0,0,-1,,,
fb643a2514195bfa,1,1.0,0,0.0,1.0,0.5833333333333334,53,0,0,-1,,,
c79b2a28285f5e11,1,1.0,0,1.0,1.0,0.8711207504088181,62,0,0,-1,,,
0a51eebaccc95c36,1,1.0,0,1.0,1.0,0.8700421042051224,65,0,0,-1,,,
e0b92501aa5051b1,1,1.0,0,1.0,1.0,0.846390425063285,78,0,0,-1,,,
65dbd10f84db5a53,1,1.0,0,1.0,1.0,0.8287025562240115,77,0,0,-1,,,
37837c3f78625095,1,1.0,0,1.0,1.0,0.8095251309816108,73,0,0,-1,,,
23bd3a02e2855a28,1,1.0,0,1.0,1.0,0.817611048878315,72,0,0,-1,,,
1fd8eed8897a5667,1,1.0,0,1.0,1.0,1.0,66,0,0,-1,,,
bd646d9caaef57d8,1,1.0,0,1.0,1.0,1.0,64,0,0,-1,,,
93a5e1de2d185374,1,1.0,0,1.0,1.0,1.0,63,0,0,-1,,,
b4aeb4bbd9035964,1,1.0,0,1.0,1.0,1.0,61,0,0,-1,,,
a6fd750fe57d5bb9,1,1.0,0,0.0,1.0,0.5465810304050821,47,0,0,-1,,,
77f0818999145e8f,1,1.0,0,0.0,1.0,0.5833333333333334,44,0,0,-1,,,
0ee1f95f55d95f7e,1,1.0,0,1.0,1.0,0.7933003211789577,48,0,0,-1,,,
1d3700dc6c9950e0,1,1.0,0,1.0,1.0,0.8117749661538118,48,0,0,-1,,,
dc8fc926ef0451f1,1,1.0,0,1.0,1.0,0.8614986767689826,88,0,0,-1,,,
d77a9c90baf35d87,1,1.0,0,1.0,1.0,0.892125309630499,103,0,0,-1,,,
b23f49937a48507e,1,1.0,0,1.0,1.0,0.8733991175023411,113,0,0,-1,,,
3debd3d86b5850dd,1,1.0,0,1.0,1.0,0.9236170410516863,126,0,0,-1,,,
3b6865082c225fe8,1,1.0,0,1.0,1.0,1.0,86,0,0,-1,,,
a1bfecf3560e5aa3,1,1.0,0,1.0,1.0,1.0,84,0,0,-1,,,
1b00de050fdd5214,1,1.0,0,1.0,1.0,1.0,82,0,0,-1,,,
b3899f957ebe5684,1,1.0,0,1.0,1.0,0.8551971886768589,81,0,0,-1,,,
cfd47fe44d355d32,1,1.0,0,1.0,1.0,0.9423291458247682,79,0,0,-1,,,
71729b03a1e95896,1,1.0,0,1.0,1.0,0.5376389899353891,42,0,0,-1,,,
d70f77951917593a,1,1.0,0,1.0,1.0,0.8979199105201495,44,0,0,-1,,,
0f23b65ea5a6556e,1,1.0,0,1.0,1.0,0.8882545693432992,44,0,0,-1,,,
77dd24d1d09c5e50,1,1.0,0,1.0,1.0,0.9152656655234654,156,0,0,-1,,,
60f76df7b8a95157,1,1.0,0,1.0,1.0,0.9707179282035195,161,0,0,-1,,,
d11ecb84b9b1511c,1,1.0,0,1.0,1.0,0.9593191205640945,164,0,0,-1,,,
de4facce62b05f57,1,1.0,0,1.0,1.0,0.9399270494016404,163,0,0,-1,,,
f6855b72b0aa57e2,1,1.0,0,1.0,1.0,0.9409147969170583,156,0,0,-1,,,
ff8fade989aa5bb8,1,1.0,0,1.0,1.0,0.8954950455274138,151,0,0,-1,,,
b1f17d9960f35562,1,1.0,0,1.0,1.0,0.888663856194094,150,0,0,-1,,,
6e67504ab65f5314,1,1.0,0,1.0,1.0,0.9010148069496027,159,0,0,-1,,,
18176fbd46ba5000,1,1.0,0,1.0,1.0,1.0,151,0,0,-1,,,
01c4dab17c975e13,1,1.0,0,1.0,1.0,1.0,154,0,0,-1,,,
ada62613f2ce5a33,1,1.0,0,1.0,1.0,1.0,185,0,0,-1,,,
ed5b36731bad5a32,1,1.0,0,1.0,1.0,1.0,183,0,0,-1,,,
f2644280215250cd,1,1.0,0,1.0,1.0,1.0,185,0,0,-1,,,
24dd5bba8f2f5c53,1,1.0,0,1.0,1.0,1.0,193,0,0,-1,,,
b7205dc330035bf4,1,1.0,0,1.0,1.0,1.0,200,0,0,-1,,,
b27f68fe02b059ca,1,1.0,0,1.0,1.0,0.9794176870564177,201,0,0,-1,,,
c46978b319c7533d,1,1.0,0,1.0,1.0,0.874705655406249,42,0,0,-1,,,
4db7ecab510656e1,1,1.0,0,1.0,1.0,0.9816527236128366,261,0,0,-1,,,
deb16bb9771a582a,1,1.0,0,1.0,1.0,0.9347036442963629,247,0,0,-1,,,
0e9044c5aec15041,1,1.0,0,1.0,1.0,0.9414607723485501,250,0,0,-1,,,
0530c20c3c71533a,1,1.0,0,1.0,1.0,0.9505454808593718,249,0,0,-1,,,
e10fd359f695575f,1,1.0,0,1.0,1.0,0.9261161302154446,123,0,0,-1,,,
29c5b3febc2f5704,1,1.0,0,1.0,1.0,0.9186953974845672,113,0,0,-1,,,
d192ad1c7fa95445,1,1.0,0,1.0,1.0,0.934188888544706,108,0,0,-1,,,
6136d15f12905f36,1,1.0,0,1.0,1.0,1.0,62,0,0,-1,,,
70becaf36f845b1d,1,1.0,0,1.0,1.0,1.0,89,0,0,-1,,,
6498149e85ef5b8d,1,1.0,0,1.0,1.0,1.0,95,0,0,-1,,,
e6ff81ab83355450,1,1.0,0,1.0,1.0,0.9204118424457531,220,0,0,-1,,,
bbb2fd3f27635227,1,1.0,0,1.0,1.0,0.930318457170385,234,0,0,-1,,,
a41bdf91223654f7,1,1.0,0,1.0,1.0,0.9288251391275888,228,0,0,-1,,,
87fa0c79b31c563a,1,1.0,0,1.0,1.0,0.5719764755915541,232,0,0,-1,,,
9a524d13e6795a95,1,1.0,0,1.0,1.0,0.9143092410901305,156,0,0,-1,,,
a4ed82240b64533a,1,1.0,0,1.0,1.0,0.9200319285013938,156,0,0,-1,,,
9bb9ee9f03525ac0,1,1.0,0,1.0,1.0,0.9135095079896322,151,0,0,-1,,,
ba0dffc45509514e,1,1.0,0,1.0,1.0,0.9146593432950466,149,0,0,-1,,,
06ce8610ceea51f4,1,1.0,0,1.0,1.0,0.8967149903717452,151,0,0,-1,,,
a3399fc1f78b55f2,1,1.0,0,1.0,1.0,0.8691547087961512,149,0,0,-1,,,
9056de7dce5a50d3,1,1.0,0,1.0,1.0,0.869556630381089,152,0,0,-1,,,
dca6a613dc2c5051,1,1.0,0,1.0,1.0,0.8597739122163691,154,0,0,-1,,,
864e62539b8c58f9,1,1.0,0,1.0,1.0,0.8336619202547922,152,0,0,-1,,,
cc063cc1396551a6,1,1.0,0,1.0,1.0,0.9032612745026833,12,0,0,-1,,,
2c6d90e9889e56c2,1,1.0,0,1.0,1.0,0.8684569684076071,11,0,0,-1,,,
7231c4ecc0395010,1,1.0,0,1.0,1.0,0.8467788235260699,11,0,0,-1,,,
80a81ca168f454b9,1,1.0,0,1.0,1.0,0.8680489344648906,12,0,0,-1,,,
c8d1d4dd7889577b,1,1.0,0,1.0,1.0,0.885148580508417,13,0,0,-1,,,
5146509d64145fcc,1,1.0,0,1.0,1.0,0.8608541601253425,13,0,0,-1,,,
1b3de6f75c0559d8,1,1.0,0,1.0,1.0,0.8316163913367046,14,0,0,-1,,,
77f45b5536f854bf,1,1.0,0,1.0,1.0,1.0,14,0,0,-1,,,
26cc0e92707756f2,1,1.0,0,1.0,1.0,1.0,137,0,0,-1,,,
2313aa310e16503d,1,1.0,0,1.0,1.0,1.0,224,0,0,-1,,,
5c9c6666d0725c64,1,1.0,0,1.0,1.0,0.8693327343516515,223,0,0,-1,,,
ea90773e4a7c5723,1,1.0,0,1.0,1.0,1.0,223,0,0,-1,,,
a76311c957b05f8c,1,1.0,0,1.0,1.0,1.0,222,0,0,-1,,,
143420292ce554f6,1,1.0,0,1.0,1.0,1.0,220,0,0,-1,,,
6b8554204c935ab0,1,1.0,0,1.0,1.0,1.0,213,0,0,-1,,,
bc42935ebf1854f6,1,1.0,0,1.0,1.0,1.0,213,0,0,-1,,,
b1a1b2a18fa4504f,1,1.0,0,1.0,1.0,0.8977159982811745,34,0,0,-1,,,
ef72c411731f5e79,1,1.0,0,1.0,1.0,0.7413608879946713,35,0,0,-1,,,
61766a0be9165cb7,1,1.0,0,1.0,1.0,0.6901369853961183,34,0,0,-1,,,
0577532eba755552,1,1.0,0,1.0,1.0,0.8550762538749193,32,0,0,-1,,,
62974364debd5463,1,1.0,0,1.0,1.0,0.8574069092815564,34,0,0,-1,,,
cedd32ec31e45cd9,1,1.0,0,1.0,0.0,0.0,24,0,0,-1,,,
6289749098c55328,1,1.0,0,1.0,0.0,0.0,23,0,0,-1,,,
86f80cbf4c6b5e50,1,1.0,0,1.0,0.0,0.0,23,0,0,-1,,,
46b79218b0195050,1,1.0,0,1.0,1.0,1.0,30,0,0,-1,,,
e7a7c61c543e5b88,1,1.0,0,1.0,1.0,0.9120708779371279,37,0,0,-1,,,
dd1ab5d48c6358ef,1,1.0,0,1.0,1.0,0.9129036122209199,36,0,0,-1,,,
7e2dc290d51f5137,1,1.0,0,1.0,1.0,0.8877561438948832,35,0,0,-1,,,
26c48df074d151c6,1,1.0,0,1.0,1.0,0.8700629317158038,32,0,0,-1,,,
cd1234d5b4b2570d,1,1.0,0,1.0,1.0,0.8381265183360114,31,0,0,-1,,,
8b54e86cb8b05114,1,1.0,0,1.0,1.0,0.807428186732309,33,0,0,-1,,,
626859d4351b5ffe,1,1.0,0,1.0,1.0,0.887858936522805,32,0,0,-1,,,
9bd12765d98b514f,1,1.0,0,1.0,1.0,0.9269335425816424,32,0,0,-1,,,
75128a99a5765e31,1,1.0,0,1.0,1.0,1.0,31,0,0,-1,,,
a1e8639c17ac5089,1,1.0,0,1.0,1.0,1.0,31,0,0,-1,,,
028d10ed5c105755,1,1.0,0,1.0,1.0,1.0,30,0,0,-1,,,
7736a52445b1522d,1,1.0,0,1.0,1.0,1.0,28,0,0,-1,,,
21b54e6d58985ae3,1,1.0,0,1.0,1.0,1.0,48,0,0,-1,,,
c4fd814210875a8e,1,1.0,0,1.0,1.0,1.0,51,0,0,-1,,,
65b76ee44ba5521c,1,1.0,0,1.0,1.0,1.0,51,0,0,-1,,,
0687eed0cf265533,1,1.0,0,1.0,0.0,0.0,20,0,0,-1,,,
7b7cac50a37a5c24,1,1.0,0,1.0,0.0,0.0,19,0,0,-1,,,
fe8efa6c8dc4573e,1,1.0,0,1.0,0.0,0.0,19,0,0,-1,,,
3486294123695bed,1,1.0,0,1.0,1.0,0.6879049124516077,16,0,0,-1,,,
c2331abea9b5551f,1,1.0,0,1.0,1.0,0.6828834491458071,13,0,0,-1,,,
49bdbf5ee25c5024,1,1.0,0,1.0,1.0,0.6828878727243469,13,0,0,-1,,,
4dca385d371c57fb,1,1.0,0,1.0,1.0,0.6722558021062487,13,0,0,-1,,,
d782b032259d5cc0,1,1.0,0,1.0,1.0,0.9117739956511569,13,0,0,-1,,,
995f8bcf61f95fad,1,1.0,0,1.0,1.0,0.9784424812991426,37,0,0,-1,,,
77761cd0edf15867,1,1.0,0,1.0,1.0,0.9439770390950143,38,0,0,-1,,,
a8fb178e35d25d73,1,1.0,0,1.0,1.0,0.9441634822511782,36,0,0,-1,,,
761985c4330555f2,1,1.0,0,0.0,1.0,0.4909665070847112,35,0,0,-1,,,
de18caace4a351b6,1,1.0,0,1.0,1.0,0.9702393614151587,33,0,0,-1,,,
983d04f21f6953f6,1,1.0,0,1.0,1.0,0.9875994077769209,32,0,0,-1,,,
e61adc75d7da50c3,1,1.0,0,1.0,1.0,0.9601251685756319,30,0,0,-1,,,
e8d654d610fa547f,1,1.0,0,1.0,1.0,1.0,31,0,0,-1,,,
b2f8e3b0a7a1565e,1,1.0,0,1.0,1.0,0.8674730013497166,52,0,0,-1,,,
a479822714c6558b,1,1.0,0,1.0,1.0,0.8770092997771357,51,0,0,-1,,,
774aad2507f75660,1,1.0,0,1.0,1.0,0.8798491904528265,49,0,0,-1,,,
43066c8c8e325fcf,1,1.0,0,1.0,1.0,0.9927473541021087,47,0,0,-1,,,
b2dd5bf723d55469,1,1.0,0,1.0,1.0,0.9865391319752188,44,0,0,-1,,,
cf0aec572cdd543e,1,1.0,0,1.0,1.0,0.9718261046616239,42,0,0,-1,,,
177b58cd935356f2,1,1.0,0,1.0,1.0,0.9813612494197751,40,0,0,-1,,,
059ce9cd10135396,1,1.0,0,1.0,1.0,0.950916240540112,41,0,0,-1,,,
0e6cae45fdd5536b,1,1.0,0,1.0,1.0,0.95951081013829,27,0,0,-1,,,
6de13c6c9af05cac,1,1.0,0,1.0,1.0,0.9129845100771843,31,0,0,-1,,,
d54047580ffb5dba,1,1.0,0,1.0,1.0,0.9010820331771637,31,0,0,-1,,,
2a34f4d0aefc5039,1,1.0,0,1.0,1.0,0.8650950944625198,52,0,0,-1,,,
4b09402394995325,1,1.0,0,1.0,1.0,0.8930981643803512,54,0,0,-1,,,
d8c1754607175755,1,1.0,0,1.0,1.0,0.9574528904902845,55,0,0,-1,,,
d3719519c1f95276,1,1.0,0,1.0,1.0,0.7558049890915394,69,0,0,-1,,,
b5b8d20688385790,1,1.0,0,1.0,1.0,1.0,33,0,0,-1,,,
0feb5eb464bc52b0,1,1.0,0,1.0,1.0,0.8040703890302224,81,0,0,-1,,,
2829df17720c501f,1,1.0,0,1.0,1.0,0.9604371650442903,68,0,0,-1,,,
c1c3bb73344c593a,1,1.0,0,0.0,1.0,0.5833333333333334,69,0,0,-1,,,
6c5d84e81aca5755,1,1.0,0,0.0,1.0,0.5301481469470763,67,0,0,-1,,,
3fa9c77540225eae,1,1.0,0,0.0,1.0,0.5833333333333334,65,0,0,-1,,,
31aa58748e2c5495,1,1.0,0,0.0,1.0,0.5833333333333334,62,0,0,-1,,,
8ff412b66d24593c,1,1.0,0,1.0,1.0,1.0,58,0,0,-1,,,
151436bbacb858b5,1,1.0,0,1.0,1.0,1.0,57,0,0,-1,,,
8ca0e93beaa056de,1,1.0,0,1.0,0.0,0.0,37,0,0,-1,,,
33423262feb656a3,1,1.0,0,1.0,0.0,0.0,42,0,0,-1,,,
70ee383e3b335c16,1,1.0,0,1.0,1.0,0.899303198768922,33,0,0,-1,,,
6250b1bc5d735d1a,1,1.0,0,1.0,1.0,0.8945117585563285,25,0,0,-1,,,
625804443c0555ac,1,1.0,0,1.0,1.0,0.8979692711194994,24,0,0,-1,,,
26eeb11cbcd9593b,1,1.0,0,1.0,1.0,0.9665803575294212,27,0,0,-1,,,
e6a94b91b19f5315,1,1.0,0,1.0,1.0,1.0,28,0,0,-1,,,
c6e19ffa3c34551c,1,1.0,0,1.0,1.0,1.0,29,0,0,-1,,,
418c618fc266506b,1,1.0,0,1.0,1.0,1.0,55,0,0,-1,,,
3a43a45778b85666,1,1.0,0,1.0,1.0,1.0,53,0,0,-1,,,
7dd7ec944ff15821,1,1.0,0,1.0,1.0,1.0,51,0,0,-1,,,
c42697d5870e5dee,1,1.0,0,1.0,1.0,0.865683666992803,52,0,0,-1,,,
9e28afceaa155cf4,1,1.0,0,1.0,1.0,1.0,52,0,0,-1,,,
540ec2943ea050c9,1,1.0,0,1.0,1.0,1.0,49,0,0,-1,,,
bcbe67b78b825aec,1,1.0,0,1.0,1.0,1.0,50,0,0,-1,,,
47c8c3903f245f96,1,1.0,0,1.0,1.0,1.0,63,0,0,-1,,,
7edfabe116e25844,1,1.0,0,1.0,1.0,0.9408630259457303,57,0,0,-1,,,
80c159e90ae755f3,1,1.0,0,1.0,1.0,0.9656561038164782,52,0,0,-1,,,
1b203e7299655c9c,1,1.0,0,1.0,1.0,0.9831049269892219,51,0,0,-1,,,
16ee6602bb5c5e99,1,1.0,0,1.0,1.0,0.9953273307537783,62,0,0,-1,,,
47bf6a2499af5368,1,1.0,0,0.0,1.0,0.5833333333333334,63,0,0,-1,,,
ccd3ef26274b5b13,1,1.0,0,1.0,1.0,1.0,66,0,0,-1,,,
fb3ec8fa431c5d83,1,1.0,0,1.0,1.0,0.6853260883824394,67,0,0,-1,,,
159972aee8265c33,1,1.0,0,0.0,1.0,0.3084650469579746,70,0,0,-1,,,
6af296d59322504d,1,1.0,0,1.0,1.0,0.9930611033616875,66,0,0,-1,,,
5f402207dd7d5977,1,1.0,0,1.0,1.0,0.7387586549085009,69,0,0,-1,,,
66dca10d8f315889,1,1.0,0,1.0,1.0,0.6736689447960621,70,0,0,-1,,,
ec372e5b0ad7504f,1,1.0,0,1.0,1.0,0.6462204713254558,70,0,0,-1,,,
2c337eb368fb54ca,1,1.0,0,1.0,1.0,0.6474416380840993,72,0,0,-1,,,
fb3e4b836ab758db,1,1.0,0,1.0,1.0,0.959348317495517,79,0,0,-1,,,
29647b1293bf52b0,1,1.0,0,1.0,1.0,0.955549591622102,76,0,0,-1,,,
8d39d3f85647574c,1,1.0,0,1.0,1.0,0.9484726725723857,55,0,0,-1,,,
45c3a52706c555df,1,1.0,0,1.0,1.0,0.7528835491375704,16,0,0,-1,,,
d2d30ecb18db52f9,1,1.0,0,1.0,1.0,0.7595173621742402,15,0,0,-1,,,
690e07e19bf55c7c,1,1.0,0,1.0,1.0,0.877339976987188,15,0,0,-1,,,
0ac3823481f15815,1,1.0,0,1.0,1.0,0.8932187881224518,14,0,0,-1,,,
3c46be05cd7a5cdf,1,1.0,0,1.0,1.0,0.8697619579240053,14,0,0,-1,,,
0eaa844dc2605267,1,1.0,0,1.0,1.0,0.8558000893449237,13,0,0,-1,,,
fac35c75801751bd,1,1.0,0,1.0,1.0,0.8358990665653571,13,0,0,-1,,,
9c941c942f955a5a,1,1.0,0,1.0,1.0,0.8787315754201211,13,0,0,-1,,,
e309a82b568d5669,1,1.0,0,0.0,1.0,0.484789393431968,51,0,0,-1,,,
f7a474593242588b,1,1.0,0,1.0,1.0,0.8805737927812759,51,0,0,-1,,,
ff5c0e17d20351ca,1,1.0,0,0.0,1.0,0.3699822004249867,55,0,0,-1,,,
13e6cd945bf95a1f,1,1.0,0,1.0,1.0,0.7967363863600031,31,0,0,-1,,,
dd2b5010e1d25d72,1,1.0,0,1.0,1.0,0.7985523003963282,32,0,0,-1,,,
775df8f025845f5f,1,1.0,0,1.0,1.0,0.9354163258536706,31,0,0,-1,,,
1d612d6783845a87,1,1.0,0,1.0,1.0,0.7940465031389269,29,0,0,-1,,,
35aa38c73e9251a7,1,1.0,0,1.0,1.0,0.954629908375774,30,0,0,-1,,,
06faec49379750a5,1,1.0,0,1.0,1.0,0.9573321497810335,39,0,0,-1,,,
f23d4a49b1c753bc,1,1.0,0,1.0,1.0,0.9519795712256455,38,0,0,-1,,,
a28af989d6ea5fe8,1,1.0,0,1.0,1.0,0.8933545140836113,36,0,0,-1,,,
8c75e07d70c558df,1,1.0,0,1.0,1.0,1.0,36,0,0,-1,,,
0d49407b94b259e8,1,1.0,0,1.0,1.0,1.0,34,0,0,-1,,,
e63d12285d215a4f,1,1.0,0,1.0,1.0,1.0,35,0,0,-1,,,
9d7030a6966b54cd,1,1.0,0,1.0,1.0,1.0,35,0,0,-1,,,
5322f39a6130560c,1,1.0,0,1.0,1.0,1.0,38,0,0,-1,,,
ef0914834c445c21,1,1.0,0,1.0,1.0,0.9936167194493244,30,0,0,-1,,,
8fe49f5c68d65801,1,1.0,0,1.0,1.0,0.7343894945790206,28,0,0,-1,,,
b7f1861bff9c514e,1,1.0,0,1.0,1.0,0.9669395712527663,29,0,0,-1,,,
7f002eadb0845994,1,1.0,0,1.0,1.0,0.9523993641799929,28,0,0,-1,,,
6b9ddb691b38551a,1,1.0,0,1.0,1.0,0.936427584614143,26,0,0,-1,,,
c0be0cb86f2c5cf1,1,1.0,0,1.0,1.0,0.9458445730284678,26,0,0,-1,,,
89ab22734ce45927,1,1.0,0,1.0,1.0,0.9215505244299197,26,0,0,-1,,,
a6186e0af3a55d93,1,1.0,0,1.0,1.0,0.9447026944282652,25,0,0,-1,,,
39dba8a42eaa5ea0,1,1.0,0,1.0,1.0,1.0,24,0,0,-1,,,
3adebc0f04ed5311,1,1.0,0,1.0,1.0,1.0,24,0,0,-1,,,
355dadd64723531e,1,1.0,0,1.0,1.0,0.954239472099831,24,0,0,-1,,,
06d348162e80510a,1,1.0,0,1.0,1.0,0.9301203732224584,24,0,0,-1,,,
4007544abfa3548f,1,1.0,0,1.0,1.0,1.0,26,0,0,-1,,,
a2d7be8710535e33,1,1.0,0,1.0,1.0,0.893202464111574,24,0,0,-1,,,
71405d414236553c,1,1.0,0,1.0,1.0,0.854385683227696,23,0,0,-1,,,
bca2f135ebf4542c,1,1.0,0,1.0,1.0,0.8449674672902631,22,0,0,-1,,,
e6fd7389cbfb5943,1,1.0,0,1.0,1.0,1.0,38,0,0,-1,,,
9502cdbb06dd516f,1,1.0,0,1.0,1.0,1.0,43,0,0,-1,,,
771c4e378bef58e4,1,1.0,0,1.0,1.0,1.0,44,0,0,-1,,,
afbf82af256b5711,1,1.0,0,1.0,1.0,0.792717945249137,55,0,0,-1,,,
51e7c560a43d5a25,1,1.0,0,1.0,1.0,0.9317182894045396,55,0,0,-1,,,
b7e9b4a46b9a5533,1,1.0,0,1.0,1.0,0.9420988676021794,56,0,0,-1,,,
b4f05c1e42ea5aec,1,1.0,0,1.0,1.0,0.9962522443301101,55,0,0,-1,,,
c126718a51d85fbd,1,1.0,0,1.0,1.0,0.9799544675383146,57,0,0,-1,,,
ed90bab84c475e4f,1,1.0,0,1.0,1.0,0.9662840822158288,29,0,0,-1,,,
f879fd3edf21506a,1,1.0,0,1.0,1.0,0.9126783837616738,26,0,0,-1,,,
f9f97f2e6d435822,1,1.0,0,1.0,1.0,0.9179582131746998,27,0,0,-1,,,
31091c3173c6596a,1,1.0,0,1.0,1.0,1.0,24,0,0,-1,,,
72d6e0ab829553ed,1,1.0,0,0.0,1.0,0.5833333333333334,23,0,0,-1,,,
b31417a335cf5955,1,1.0,0,1.0,1.0,1.0,22,0,0,-1,,,
d9fac9fdd2bd5036,1,1.0,0,1.0,1.0,1.0,21,0,0,-1,,,
245bcbae35595474,1,1.0,0,1.0,1.0,1.0,14,0,0,-1,,,
024d012881be5995,1,1.0,0,1.0,1.0,0.849165288102084,151,0,0,-1,,,
c51ec68aa4fe5f05,1,1.0,0,1.0,1.0,1.0,148,0,0,-1,,,
178e844e8bd155ca,1,1.0,0,1.0,1.0,1.0,149,0,0,-1,,,
7e082b46989356a4,1,1.0,0,1.0,1.0,1.0,149,0,0,-1,,,
611ff428aa8a5e86,1,1.0,0,1.0,1.0,0.8274429902638607,150,0,0,-1,,,
13fcb47bb63951e7,1,1.0,0,1.0,1.0,0.8064649297810811,150,0,0,-1,,,
e717645716555e33,1,1.0,0,1.0,1.0,1.0,151,0,0,-1,,,
984c4c329ba05bd2,1,1.0,0,1.0,1.0,1.0,150,0,0,-1,,,
1b95b6689ee75fab,1,1.0,0,1.0,1.0,0.9007022970018674,77,0,0,-1,,,
d5f845d28a5e513f,1,1.0,0,1.0,1.0,0.8934087254649502,79,0,0,-1,,,
b8104b69b2d9509b,1,1.0,0,1.0,1.0,0.9026156196932794,81,0,0,-1,,,
a6e08764c0245823,1,1.0,0,1.0,1.0,0.8740946005441534,78,0,0,-1,,,
03503ef42eeb5573,1,1.0,0,1.0,1.0,0.8810433357422168,59,0,0,-1,,,
6c76134176255a21,1,1.0,0,1.0,1.0,0.6196747995886777,47,0,0,-1,,,
e6a27e83c6025b68,1,1.0,0,1.0,1.0,0.8729949232936308,52,0,0,-1,,,
e511376fdf3250e5,1,1.0,0,1.0,1.0,0.9189309193658133,54,0,0,-1,,,
81f6d1d0bc835cb3,1,1.0,0,1.0,1.0,0.8489060672029686,65,0,0,-1,,,
927aa2c8ef7d5b5c,1,1.0,0,1.0,1.0,0.8897096481439677,65,0,0,-1,,,
1b4499d988b052ce,1,1.0,0,1.0,1.0,0.9923317891478455,64,0,0,-1,,,
bc73190196b358f6,1,1.0,0,1.0,1.0,1.0,65,0,0,-1,,,
45c4158a235e514a,1,1.0,0,1.0,1.0,1.0,63,0,0,-1,,,
2833a305300f5394,1,1.0,0,1.0,1.0,1.0,61,0,0,-1,,,
1b1a37c517e45fbd,1,1.0,0,1.0,1.0,1.0,60,0,0,-1,,,
70f3a3d098bf5381,1,1.0,0,1.0,1.0,1.0,63,0,0,-1,,,
2c3e04a929b85f30,1,1.0,0,1.0,1.0,0.9650113735387528,62,0,0,-1,,,
a9609780217c5831,1,1.0,0,1.0,1.0,0.823307880444078,44,0,0,-1,,,
8d293b5028e555a3,1,1.0,0,1.0,1.0,0.9844942444953725,46,0,0,-1,,,
017514eaeeef5716,1,1.0,0,1.0,1.0,1.0,45,0,0,-1,,,
d5d0d0797e4a5d5b,1,1.0,0,1.0,1.0,1.0,44,0,0,-1,,,
80957a180a325353,1,1.0,0,1.0,1.0,1.0,43,0,0,-1,,,
f3e32c06633756e9,1,1.0,0,1.0,1.0,0.9209122745097424,43,0,0,-1,,,
981dc3169f655892,1,1.0,0,1.0,1.0,0.9054698581040991,36,0,0,-1,,,
bde076eb186a52d5,1,1.0,0,1.0,1.0,1.0,14,0,0,-1,,,
08fc5ba619bc535c,1,1.0,0,1.0,1.0,1.0,14,0,0,-1,,,
84cd08b147745635,1,1.0,0,1.0,1.0,1.0,13,0,0,-1,,,
e727c1d090125d64,1,1.0,0,1.0,1.0,1.0,13,0,0,-1,,,
026bb114391d5b81,1,1.0,0,1.0,1.0,1.0,16,0,0,-1,,,
dfaaa711e0a557ba,1,1.0,0,1.0,1.0,0.9185410688470351,17,0,0,-1,,,
bde15534dcdc5933,1,1.0,0,1.0,1.0,0.9881320463135482,16,0,0,-1,,,
d2098ab3fc1953b3,1,1.0,0,1.0,1.0,0.8333333333333334,37,0,0,-1,,,
fe746b45992f5a69,1,1.0,0,1.0,1.0,1.0,34,0,0,-1,,,
eb9827bfdf925815,1,1.0,0,1.0,1.0,1.0,32,0,0,-1,,,
8b31009bc5115cb5,1,1.0,0,1.0,1.0,1.0,31,0,0,-1,,,
ff6f020133855f6a,1,1.0,0,1.0,1.0,0.9947815371562082,28,0,0,-1,,,
23f10a2b432555b9,1,1.0,0,1.0,1.0,1.0,32,0,0,-1,,,
c2a01dd3d1d45258,1,1.0,0,1.0,1.0,1.0,33,0,0,-1,,,
742ac4ddb9d7557d,1,1.0,0,1.0,1.0,1.0,34,0,0,-1,,,
153ae46b6ba65721,1,1.0,0,1.0,1.0,1.0,39,0,0,-1,,,
48f70b92d6895a39,1,1.0,0,1.0,1.0,0.9467416294578667,23,0,0,-1,,,
84409129e8075bca,1,1.0,0,1.0,1.0,0.8937748088135256,22,0,0,-1,,,
c9fb5f51480b5ff8,1,1.0,0,1.0,1.0,1.0,21,0,0,-1,,,
bffb3b45a1c55080,1,1.0,0,1.0,1.0,0.8795667034422333,24,0,0,-1,,,
16a738813dbe5496,1,1.0,0,1.0,1.0,0.9997751617405557,24,0,0,-1,,,
74c8385c2d845cde,1,1.0,0,1.0,1.0,0.9595464801688464,22,0,0,-1,,,
8a6717a888fe55f9,1,1.0,0,1.0,1.0,0.8806492880206832,23,0,0,-1,,,
1d33935825d8539f,1,1.0,0,1.0,1.0,0.8732983434667688,23,0,0,-1,,,
ab4175e25b6c5d76,1,1.0,0,1.0,1.0,0.8775600475143902,51,0,0,-1,,,
b172a207771456f1,1,1.0,0,1.0,1.0,0.9465746585797103,53,0,0,-1,,,
118fa9fa499e5670,1,1.0,0,1.0,1.0,0.9354967111879245,54,0,0,-1,,,
9c42f5a9d56c5ebf,1,1.0,0,1.0,1.0,0.8679443403420831,55,0,0,-1,,,
657274955033592a,1,1.0,0,1.0,1.0,0.8209186924281747,52,0,0,-1,,,
cb5022a3bef557e3,1,1.0,0,1.0,1.0,0.9233773271481983,53,0,0,-1,,,
f409dfb714ed539c,1,1.0,0,1.0,1.0,0.9206577475061897,53,0,0,-1,,,
230a57eaa1a25864,1,1.0,0,1.0,1.0,0.9187067583639464,51,0,0,-1,,,
db951dbc3e595c29,1,1.0,0,1.0,1.0,0.9258181369479349,55,0,0,-1,,,
614a0b6a482455af,1,1.0,0,1.0,1.0,0.9310341176466741,54,0,0,-1,,,
048eb7efa08354e3,1,1.0,0,1.0,1.0,0.9155242448846893,55,0,0,-1,,,
8128635441b358c4,1,1.0,0,1.0,1.0,0.8494343698435243,51,0,0,-1,,,
9a675656c3c85f4c,1,1.0,0,1.0,1.0,0.6272286962252556,63,0,0,-1,,,
c7ef706bfbef5f7c,1,1.0,0,1.0,1.0,0.8335835953498659,64,0,0,-1,,,
83d03e995ce55e9b,1,1.0,0,1.0,1.0,0.908932263644723,68,0,0,-1,,,
ac5327106349541c,1,1.0,0,1.0,1.0,0.8056723935667448,69,0,0,-1,,,
907f2c5fde6f5db8,1,1.0,0,1.0,1.0,0.8936947774366314,52,0,0,-1,,,
150bfebecc525d57,1,1.0,0,1.0,1.0,0.9123519548274096,52,0,0,-1,,,
1508ee5a37ef5588,1,1.0,0,1.0,1.0,0.9191351230046093,54,0,0,-1,,,
9b5c31b36c5b5aa9,1,1.0,0,1.0,1.0,0.9066392031627138,51,0,0,-1,,,
5ddfd1fe80af5ceb,1,1.0,0,1.0,1.0,0.7291611903707387,55,0,0,-1,,,
650d84864184549e,1,1.0,0,1.0,1.0,0.7305875931125847,60,0,0,-1,,,
dd2bc3e6bb8353b8,1,0.0,1,1.0,1.0,0.0,61,1,0,1,VEHICLE,1,5.6
1e04c6a2644f5c2b,1,0.0,1,1.0,1.0,0.0,62,1,0,1,VEHICLE,1,5.9
0a6e90cccbb15213,1,1.0,0,1.0,1.0,0.9017563766348727,23,0,0,-1,,,
48e9a54281845595,1,1.0,0,1.0,1.0,0.8990227944810307,26,0,0,-1,,,
8bb939128dfd5f7d,1,1.0,0,1.0,1.0,0.9384424263977987,31,0,0,-1,,,
02015675e4585611,1,1.0,0,1.0,1.0,0.820715336762893,42,0,0,-1,,,
88ff8f6ad0ab5a77,1,1.0,0,1.0,1.0,0.9308073728185411,43,0,0,-1,,,
7da9641127dd514b,1,1.0,0,1.0,1.0,0.8742400787982287,43,0,0,-1,,,
59402b7bd60b5da7,1,1.0,0,1.0,1.0,0.6186413838689231,45,0,0,-1,,,
57af94e8290254bb,1,1.0,0,1.0,1.0,0.9998041263285998,47,0,0,-1,,,
97b8b4204a2a5484,1,1.0,0,1.0,1.0,1.0,54,0,0,-1,,,
94839be4b8c95789,1,1.0,0,1.0,1.0,1.0,58,0,0,-1,,,
6a5a73243cbe5f1d,1,1.0,0,1.0,1.0,1.0,59,0,0,-1,,,
fe520672ef8f5770,1,1.0,0,1.0,1.0,0.7003397014287507,62,0,0,-1,,,
caa3170f8c3b5cfe,1,1.0,0,1.0,1.0,0.8614723563053829,83,0,0,-1,,,
04e105927ad451ab,1,1.0,0,1.0,1.0,0.9207340043654888,84,0,0,-1,,,
c1f91d06e8285351,1,1.0,0,1.0,1.0,0.9105042378975315,84,0,0,-1,,,
7cee421600545b00,1,1.0,0,1.0,1.0,0.8716973759480805,86,0,0,-1,,,
3f188244418552d9,1,1.0,0,1.0,1.0,0.9154632290899302,88,0,0,-1,,,
bc692afe313d50ee,1,1.0,0,1.0,1.0,0.8986631507806209,85,0,0,-1,,,
2073f76964735ff7,1,1.0,0,1.0,1.0,0.892629122135574,87,0,0,-1,,,
c9f8032d2d725257,1,1.0,0,1.0,1.0,0.9412740093368006,86,0,0,-1,,,
d01d51c26594547c,1,1.0,0,1.0,1.0,1.0,87,0,0,-1,,,
c887e4bc08f85aa5,1,0.5,0,0.0,1.0,0.21275480220959464,78,0,0,-1,,,
9bbdfa78ebc85eec,1,0.5,0,0.0,1.0,0.22583747407075352,71,0,0,-1,,,
a08bb182c3d558da,1,1.0,0,1.0,1.0,0.8770914322300337,48,0,0,-1,,,
9cf612ff6e4f5bd5,1,1.0,0,1.0,1.0,1.0,66,0,0,-1,,,
669b4ffc8b8a5f21,1,1.0,0,1.0,1.0,0.9307697819098489,68,0,0,-1,,,
cd9db9ad41d35989,1,1.0,0,1.0,1.0,0.9237042964642596,67,0,0,-1,,,
fda0145d54065b7c,1,1.0,0,1.0,1.0,1.0,65,0,0,-1,,,
a2701552b0f95f7b,1,1.0,0,1.0,1.0,1.0,66,0,0,-1,,,
885f450f0b875861,1,1.0,0,1.0,1.0,1.0,66,0,0,-1,,,
cbe3a6c80bfb5327,1,1.0,0,1.0,1.0,1.0,65,0,0,-1,,,
b87ed2985e545397,1,1.0,0,1.0,1.0,1.0,64,0,0,-1,,,
8de2e76340335ed9,1,1.0,0,1.0,1.0,1.0,63,0,0,-1,,,
2f03781e3fd05c28,1,1.0,0,1.0,1.0,1.0,66,0,0,-1,,,
aa072830a2d15d9f,1,1.0,0,1.0,1.0,0.9880728811327465,71,0,0,-1,,,
1ea920764abe5dcb,1,1.0,0,1.0,1.0,0.839205201820779,73,0,0,-1,,,
99e3b8d3211f53d7,1,1.0,0,1.0,1.0,0.8132278277014241,74,0,0,-1,,,
e31131deed6656ea,1,1.0,0,1.0,1.0,0.9641267458015831,73,0,0,-1,,,
17bc4c71fc425620,1,1.0,0,1.0,1.0,1.0,65,0,0,-1,,,
8f60912c624e5f5f,1,1.0,0,1.0,1.0,1.0,65,0,0,-1,,,
57d9e7f9125751e2,1,1.0,0,1.0,1.0,0.7919811621437759,68,0,0,-1,,,
255caf4a6fb2584a,1,1.0,0,1.0,1.0,0.7989616318949376,69,0,0,-1,,,
b27bb0eced055858,1,0.0,1,1.0,1.0,0.0,70,1,0,2,VEHICLE,2,5.7
e4553dc9b5725cb7,1,1.0,0,1.0,1.0,1.0,69,0,0,-1,,,
cff46947b17c5415,1,1.0,0,1.0,1.0,1.0,69,0,0,-1,,,
e61e8cbd0df957f0,1,1.0,0,1.0,1.0,1.0,69,0,0,-1,,,
e40bf2ac511950c4,1,1.0,0,1.0,1.0,1.0,66,0,0,-1,,,
89ec780cbf965fba,1,1.0,0,1.0,1.0,0.9657569072202691,64,0,0,-1,,,
81e7354de4e35a97,1,1.0,0,1.0,1.0,0.9148966471240375,33,0,0,-1,,,
50433807834059b1,1,1.0,0,1.0,1.0,0.8703929350274802,29,0,0,-1,,,
089e8e85fb9b5f6c,1,1.0,0,1.0,1.0,0.8630899093935863,29,0,0,-1,,,
52bc37cb7789510b,1,1.0,0,1.0,1.0,0.8474660118563232,25,0,0,-1,,,
4d0df74bfb035f8a,1,1.0,0,1.0,1.0,0.831233003774058,24,0,0,-1,,,
624b5f7f1f4a503e,1,1.0,0,1.0,1.0,0.8189706598278755,26,0,0,-1,,,
1968ed26cc315d75,1,1.0,0,1.0,1.0,0.7875011860823279,24,0,0,-1,,,
bd70654aee0f54a6,1,1.0,0,1.0,1.0,1.0,24,0,0,-1,,,
40d24af6505f50c9,1,1.0,0,1.0,1.0,0.8425195554405022,44,0,0,-1,,,
2dd8a04bcb735c5e,1,1.0,0,1.0,1.0,1.0,43,0,0,-1,,,
a6b34e50b7995664,1,1.0,0,1.0,1.0,1.0,45,0,0,-1,,,
356738fb8224508b,1,1.0,0,1.0,1.0,1.0,45,0,0,-1,,,
cf43204828af5513,1,1.0,0,1.0,1.0,1.0,48,0,0,-1,,,
b04c892043a352d3,1,1.0,0,1.0,1.0,1.0,47,0,0,-1,,,
bb870b710b7a53e8,1,1.0,0,1.0,1.0,1.0,43,0,0,-1,,,
df65991258ba5334,1,1.0,0,1.0,1.0,1.0,60,0,0,-1,,,
86db4cfb30b55a5e,1,1.0,0,1.0,1.0,0.9705243533268829,70,0,0,-1,,,
8cba6cacb16d5acc,1,1.0,0,1.0,1.0,0.9256098797473701,70,0,0,-1,,,
019667e138b95ff0,1,1.0,0,1.0,1.0,0.8902551116356276,74,0,0,-1,,,
0769a262b53b589e,1,1.0,0,1.0,1.0,0.9038261843002067,73,0,0,-1,,,
936037f7683c50e8,1,1.0,0,1.0,1.0,0.8933552955770517,70,0,0,-1,,,
71e87d45fe895277,1,1.0,0,0.0,1.0,0.5833333333333334,71,0,0,-1,,,
b930ed8abf2b5e8d,1,1.0,0,1.0,1.0,1.0,71,0,0,-1,,,
e3d7979e2cfb5441,1,1.0,0,1.0,1.0,1.0,69,0,0,-1,,,
1c5c2e372dc954cd,1,1.0,0,1.0,1.0,1.0,36,0,0,-1,,,
65271f4c14985330,1,1.0,0,1.0,1.0,1.0,36,0,0,-1,,,
c687799dac8d5aa2,1,1.0,0,1.0,1.0,0.9771298863955461,80,0,0,-1,,,
14fb2a9aad8850d2,1,1.0,0,1.0,1.0,0.8777521469320763,87,0,0,-1,,,
7a754395c711541c,1,1.0,0,1.0,1.0,0.9316718389898391,87,0,0,-1,,,
ed2a869a8d1c5eb7,1,1.0,0,1.0,1.0,0.9197864743580432,85,0,0,-1,,,
d37e71f395695c6f,1,1.0,0,1.0,1.0,0.9387766436069723,82,0,0,-1,,,
f1ca8dd77f205599,1,1.0,0,1.0,1.0,0.9170701005758114,78,0,0,-1,,,
87dc5db673bd5b2b,1,1.0,0,1.0,1.0,1.0,14,0,0,-1,,,
66d152defe7b59e2,1,1.0,0,1.0,1.0,1.0,12,0,0,-1,,,
794584aa724a55f4,1,1.0,0,1.0,1.0,1.0,12,0,0,-1,,,
a6c229d05cdb5016,1,1.0,0,1.0,1.0,1.0,11,0,0,-1,,,
177abd8780ad5476,1,1.0,0,1.0,1.0,1.0,11,0,0,-1,,,
86ecfd85bd095b7f,1,1.0,0,1.0,1.0,1.0,11,0,0,-1,,,
9b25bbac0aac5357,1,1.0,0,1.0,1.0,1.0,12,0,0,-1,,,
fe6105aa925d5621,1,1.0,0,1.0,1.0,1.0,31,0,0,-1,,,
458e833803315b4f,1,1.0,0,1.0,1.0,0.8617859611756202,51,0,0,-1,,,
79cfc07ef4645c81,1,1.0,0,1.0,1.0,0.8608603078470263,55,0,0,-1,,,
a728ab8233415a86,1,1.0,0,1.0,1.0,0.8072241702802323,56,0,0,-1,,,
aaf949be7f2150df,1,1.0,0,1.0,1.0,0.8960155375181212,57,0,0,-1,,,
77ebf0edb75c5b69,1,1.0,0,1.0,1.0,0.8179720837515626,57,0,0,-1,,,
2b7bf25209dd5705,1,1.0,0,1.0,1.0,0.7931330108184548,55,0,0,-1,,,
7077e840fef95b8f,1,1.0,0,1.0,1.0,0.7636009377344526,50,0,0,-1,,,
b0b461ce7bd959ec,1,1.0,0,1.0,1.0,0.7228840569850341,50,0,0,-1,,,
a1d7b6056b4b5566,1,1.0,0,1.0,1.0,0.9989039028070764,64,0,0,-1,,,
337a46b592e654da,1,1.0,0,1.0,1.0,0.9553744074726652,62,0,0,-1,,,
584d2d7503175ef5,1,1.0,0,1.0,1.0,0.9287164113931775,71,0,0,-1,,,
3336f42a7e175d0b,1,1.0,0,1.0,1.0,0.9282477866558754,69,0,0,-1,,,
ac6e1ca0ebe75e15,1,1.0,0,1.0,1.0,0.9502369499144528,66,0,0,-1,,,
26565788812b5fde,1,1.0,0,1.0,1.0,0.9525596570285714,67,0,0,-1,,,
1c2140b2eac55906,1,1.0,0,1.0,1.0,0.9685107074635794,66,0,0,-1,,,
de9f2e538b69576c,1,1.0,0,1.0,1.0,0.9783931424383715,69,0,0,-1,,,
e14d9a1990535a29,1,1.0,0,1.0,1.0,1.0,18,0,0,-1,,,
8f5610a77c3257f9,1,1.0,0,1.0,1.0,1.0,19,0,0,-1,,,
9b0f5a2f65e45867,1,1.0,0,1.0,1.0,0.9725403606260228,21,0,0,-1,,,
9b1bea0cc0d75583,1,1.0,0,1.0,1.0,0.9092829019147111,28,0,0,-1,,,
980db9371e6b52de,1,1.0,0,1.0,1.0,0.9261662558959571,27,0,0,-1,,,
faa12c2adc7c521f,1,1.0,0,1.0,1.0,0.9076381753167085,26,0,0,-1,,,
e2ae05340dba502d,1,1.0,0,0.0,1.0,0.33635109331255303,24,0,0,-1,,,
87c6ef5053865368,1,1.0,0,0.0,1.0,0.40698480232863865,20,0,0,-1,,,
ded4ce0e91b4596a,1,1.0,0,1.0,1.0,0.8918615883118823,49,0,0,-1,,,
94ae12c4703950be,1,1.0,0,1.0,1.0,0.9130340088660502,50,0,0,-1,,,
92da1e3c12fa54b6,1,1.0,0,1.0,1.0,0.9182237402214023,49,0,0,-1,,,
7ce6c5c094c55055,1,1.0,0,1.0,1.0,0.9201406556545834,48,0,0,-1,,,
dc47dc70547551f6,1,1.0,0,1.0,1.0,0.9000502056401022,47,0,0,-1,,,
cb0905651ea35122,1,1.0,0,1.0,1.0,0.8920701331206392,47,0,0,-1,,,
055dff3e32835333,1,1.0,0,1.0,1.0,0.8927932189253314,47,0,0,-1,,,
948e6a45c7cd5837,1,1.0,0,1.0,1.0,0.8679296889956131,47,0,0,-1,,,
2a3ab48ae28f5e90,1,1.0,0,1.0,1.0,0.9366000857464186,61,0,0,-1,,,
4a40d0564325502c,1,1.0,0,1.0,1.0,0.882789519103009,58,0,0,-1,,,
9311d9a2409c5224,1,1.0,0,1.0,1.0,0.8374001255300664,60,0,0,-1,,,
85b599a5e238576a,1,1.0,0,1.0,1.0,0.7082146412673906,61,0,0,-1,,,
c0a14b9e841a5aee,1,1.0,0,1.0,1.0,0.753651164455687,56,0,0,-1,,,
c98ef0c5c89c51d6,1,1.0,0,1.0,1.0,0.9229313804744111,52,0,0,-1,,,
905ab0794c235f69,1,1.0,0,1.0,1.0,0.9253575100253132,52,0,0,-1,,,
c41c11cf85b751e2,1,1.0,0,1.0,1.0,0.9180253502049265,49,0,0,-1,,,
7a7e8074ee5c5389,1,1.0,0,1.0,1.0,0.860952861728382,69,0,0,-1,,,
26cae32c50095246,1,1.0,0,1.0,1.0,0.8868174208879775,69,0,0,-1,,,
c24424805c075539,1,1.0,0,1.0,1.0,1.0,68,0,0,-1,,,
f9349f5d723b5421,1,1.0,0,1.0,1.0,1.0,73,0,0,-1,,,
48f6a3bdc0bf5d64,1,1.0,0,1.0,1.0,1.0,74,0,0,-1,,,
607298120f23583c,1,1.0,0,1.0,1.0,1.0,74,0,0,-1,,,
e6e189b1aaa85d41,1,1.0,0,1.0,1.0,1.0,76,0,0,-1,,,
2dd7293bcb445815,1,1.0,0,1.0,1.0,1.0,75,0,0,-1,,,
43c74ea303715baf,1,1.0,0,1.0,1.0,0.7345968585029382,29,0,0,-1,,,
714a2012b2a75d4f,1,1.0,0,1.0,1.0,0.9269473532105369,31,0,0,-1,,,
9468f5ec72415a29,1,1.0,0,1.0,1.0,0.9630260734825101,28,0,0,-1,,,
3256f37c21915104,1,1.0,0,1.0,1.0,1.0,28,0,0,-1,,,
12ca80cc0d575578,1,1.0,0,1.0,1.0,1.0,29,0,0,-1,,,
1ca03ed089925396,1,1.0,0,1.0,1.0,0.9365147143109483,37,0,0,-1,,,
7730f64417df5d47,1,1.0,0,1.0,1.0,0.9117381860951884,37,0,0,-1,,,
f3c9dcda27ba51a7,1,1.0,0,1.0,1.0,0.703733298180156,36,0,0,-1,,,
1d538fa6a8825de1,1,1.0,0,1.0,1.0,1.0,74,0,0,-1,,,
542bec9a7d6e5c52,1,1.0,0,1.0,1.0,0.9775307506803429,74,0,0,-1,,,
c7d7e1aa241a56a7,1,1.0,0,1.0,1.0,0.9298884163754336,74,0,0,-1,,,
06fbdeb141965cca,1,1.0,0,1.0,1.0,1.0,74,0,0,-1,,,
8ead980b5c845769,1,1.0,0,1.0,1.0,1.0,76,0,0,-1,,,
9c2602db70435500,1,1.0,0,1.0,1.0,0.7789814408389724,77,0,0,-1,,,
c543bad7f8ff5eae,1,1.0,0,1.0,1.0,0.7734211946004587,77,0,0,-1,,,
472899393e8f55e1,1,1.0,0,1.0,1.0,0.9191641594049408,77,0,0,-1,,,
b8f2f60346035cb0,1,1.0,0,1.0,1.0,0.8964914997199379,80,0,0,-1,,,
aa7d4f9537495b1f,1,1.0,0,1.0,1.0,0.9796088061545073,84,0,0,-1,,,
e55fc5c3ee36528b,1,1.0,0,1.0,1.0,1.0,87,0,0,-1,,,
8cbe3bf8cf9c5718,1,1.0,0,1.0,1.0,0.9522609889182302,91,0,0,-1,,,
087df0996ade50d3,1,1.0,0,1.0,1.0,1.0,96,0,0,-1,,,
a067e1b873c8534d,1,1.0,0,1.0,1.0,0.7878257493065527,57,0,0,-1,,,
e2e2578cd6b6505f,1,1.0,0,1.0,1.0,0.7833792111943781,58,0,0,-1,,,
756ce42a326f5033,1,1.0,0,1.0,1.0,0.7842078614556867,60,0,0,-1,,,
a5d356da90d05835,1,1.0,0,1.0,1.0,0.9149073600662881,76,0,0,-1,,,
447a983c9fc45077,1,1.0,0,1.0,1.0,1.0,74,0,0,-1,,,
490f13844af5590d,1,1.0,0,1.0,1.0,1.0,74,0,0,-1,,,
afe3f2650ff85a95,1,1.0,0,1.0,1.0,0.9605596682704097,70,0,0,-1,,,
715d1ae75d215269,1,1.0,0,1.0,1.0,0.9336044600976378,67,0,0,-1,,,
19768d49bbd45f08,1,1.0,0,1.0,1.0,0.9724057295455887,64,0,0,-1,,,
8c12150f849b5b10,1,1.0,0,0.0,1.0,0.5683374925812533,63,0,0,-1,,,
725cc9599c3455ad,1,1.0,0,1.0,1.0,1.0,68,0,0,-1,,,
b0a6370d836a59ed,1,1.0,0,1.0,1.0,0.9414154976333723,69,0,0,-1,,,
b44d5d0d2d1b531e,1,1.0,0,1.0,1.0,0.8632177579758916,66,0,0,-1,,,
80ea2a91b1845071,1,1.0,0,1.0,1.0,1.0,63,0,0,-1,,,
5e5b6eaacd3f5bdd,1,1.0,0,1.0,1.0,0.9387769410209824,60,0,0,-1,,,
e05cdac678ea503c,1,1.0,0,1.0,1.0,0.896962717582666,61,0,0,-1,,,
d93d307c5aeb5338,1,1.0,0,1.0,1.0,0.9044260293519292,60,0,0,-1,,,
10ee9a1679d759e4,1,1.0,0,1.0,1.0,0.9045986604139961,52,0,0,-1,,,
277c6ebd67da5320,1,1.0,0,1.0,1.0,0.9141601668453286,50,0,0,-1,,,
3dcb4ddd8afe598d,1,1.0,0,1.0,1.0,0.9648855206612373,45,0,0,-1,,,
33ecaddeb5735faf,1,1.0,0,1.0,1.0,0.9033266653992139,44,0,0,-1,,,
fd2de60bf6745e9a,1,1.0,0,1.0,1.0,0.8937335807946661,40,0,0,-1,,,
754bdad5455f53ad,1,1.0,0,1.0,1.0,0.8887390161937697,40,0,0,-1,,,
feb4ce395d4d54fb,1,1.0,0,1.0,1.0,0.9301725194864838,38,0,0,-1,,,
fbd963d6b7e750a6,1,1.0,0,1.0,1.0,0.8837552234779421,39,0,0,-1,,,
96d9a24139ca5ad4,1,1.0,0,1.0,1.0,0.8812514222879894,30,0,0,-1,,,
b27e6e6bf91d59be,1,1.0,0,1.0,1.0,0.8377911616583686,30,0,0,-1,,,
4abb45d9ee1a5c5c,1,1.0,0,0.0,1.0,0.5833333333333334,17,0,0,-1,,,
8ba3e54303a352c8,1,1.0,0,1.0,1.0,1.0,17,0,0,-1,,,
0ffcae2811b257ee,1,1.0,0,1.0,1.0,1.0,17,0,0,-1,,,
2c7e5f987d5752c7,1,1.0,0,1.0,1.0,1.0,18,0,0,-1,,,
407b876e623a5c51,1,1.0,0,1.0,1.0,1.0,20,0,0,-1,,,
2b482f615de15efb,1,0.0,1,1.0,1.0,0.0,20,1,0,0,VEHICLE,0,4.1
6fa01275a4525b26,1,1.0,0,1.0,1.0,0.611063942180637,23,0,0,-1,,,
c1553b5b161e5db1,1,1.0,0,1.0,1.0,0.6096985923630025,20,0,0,-1,,,
71af26e14ba65545,1,1.0,0,1.0,1.0,0.8055806751620302,20,0,0,-1,,,
8e7906efc10a5e42,1,1.0,0,1.0,1.0,0.7897876788308656,22,0,0,-1,,,
237b75204e495145,1,1.0,0,1.0,1.0,0.8912650474749834,23,0,0,-1,,,
4302a0a4b9f05b61,1,1.0,0,1.0,1.0,0.8525988552215589,26,0,0,-1,,,
a6f3c89c3d745a5b,1,1.0,0,1.0,1.0,0.9846151807618172,26,0,0,-1,,,
d9f67f2d224a5aaf,1,1.0,0,1.0,1.0,1.0,24,0,0,-1,,,
7dbe342f2b1c57c5,1,1.0,0,1.0,1.0,1.0,23,0,0,-1,,,
81935f2cb7d45945,1,1.0,0,1.0,1.0,0.9943027314026743,29,0,0,-1,,,
680f4753a59c5a24,1,1.0,0,1.0,1.0,0.8911226732300094,68,0,0,-1,,,
14b6e7ce317d531f,1,1.0,0,1.0,1.0,0.9331972863368688,67,0,0,-1,,,
93d5e0dd29bc5e7c,1,1.0,0,1.0,1.0,1.0,67,0,0,-1,,,
ffcbea07e13e540d,1,1.0,0,1.0,1.0,1.0,65,0,0,-1,,,
5ea36cebd2575b16,1,1.0,0,1.0,1.0,0.9531902948779623,63,0,0,-1,,,
5e4dd8c91b8453bf,1,1.0,0,1.0,1.0,0.9889438640921474,64,0,0,-1,,,
a7cf529d15425b63,1,1.0,0,1.0,1.0,0.9639665997816604,67,0,0,-1,,,
ec68073cb7a15741,1,1.0,0,1.0,1.0,1.0,69,0,0,-1,,,
dd8ac2f25ac75478,1,1.0,0,1.0,1.0,0.8196007708486149,44,0,0,-1,,,
9a03bf441e615cd6,1,1.0,0,1.0,1.0,0.9140526609581787,45,0,0,-1,,,
4511645a5e9a5bcd,1,1.0,0,1.0,1.0,0.8983383321915032,46,0,0,-1,,,
8ffb4bbf7d845255,1,1.0,0,1.0,1.0,0.8038704374674418,45,0,0,-1,,,
f33eaf7a7ddc5891,1,1.0,0,1.0,1.0,0.7803685888347142,46,0,0,-1,,,
1ea152f7056659a9,1,1.0,0,1.0,1.0,0.8780750146828368,46,0,0,-1,,,
9e76720cbd565595,1,1.0,0,1.0,1.0,0.871467391534127,41,0,0,-1,,,
6e0bfaa448c5587d,1,1.0,0,1.0,1.0,0.9179750115081301,34,0,0,-1,,,
611a1729dd145afb,1,1.0,0,1.0,1.0,1.0,61,0,0,-1,,,
22878e2b2f6e5ab2,1,1.0,0,1.0,1.0,0.8900481481298689,60,0,0,-1,,,
170ea72e455e5e57,1,1.0,0,1.0,1.0,1.0,61,0,0,-1,,,
0f337f2c23215a9e,1,1.0,0,1.0,1.0,1.0,62,0,0,-1,,,
0da11f45cc1b51ac,1,1.0,0,1.0,1.0,0.9633306857517395,73,0,0,-1,,,
3b5422b60c4f5c4b,1,1.0,0,1.0,1.0,0.9652919383076367,76,0,0,-1,,,
883bb02a4f7c5f0a,1,1.0,0,1.0,1.0,1.0,78,0,0,-1,,,
b3a00387265a5cdc,1,1.0,0,1.0,1.0,0.9538836328397045,76,0,0,-1,,,
9ecb100495a5584e,1,1.0,0,1.0,1.0,1.0,70,0,0,-1,,,
7d80c95c24645b06,1,1.0,0,1.0,1.0,1.0,99,0,0,-1,,,
4dde36d102a4526b,1,1.0,0,1.0,1.0,1.0,101,0,0,-1,,,
da137494751e500f,1,1.0,0,1.0,1.0,0.9395205036641969,119,0,0,-1,,,
fa7f471f19aa5806,1,1.0,0,1.0,1.0,0.9284424777805195,100,0,0,-1,,,
c054f473288d5515,1,1.0,0,1.0,1.0,0.9376304225797972,76,0,0,-1,,,
48b2f85cc68c5a0a,1,1.0,0,1.0,1.0,0.8658471468901966,72,0,0,-1,,,
2fa0f34bd2da5b39,1,1.0,0,1.0,1.0,0.8643967758162909,67,0,0,-1,,,
c308037e34c45bed,1,1.0,0,1.0,1.0,0.7339746877148224,36,0,0,-1,,,
cbe2fffee4105dbf,1,1.0,0,1.0,1.0,0.7329832076963934,36,0,0,-1,,,
9f5172e4a2cb5304,1,1.0,0,1.0,1.0,0.8921814065199186,36,0,0,-1,,,
7dae0a8be0545755,1,1.0,0,1.0,1.0,0.8188133977669313,16,0,0,-1,,,
21d4990a6b4f597a,1,1.0,0,1.0,1.0,0.8168580140884499,19,0,0,-1,,,
ad601a0f5b8350dd,1,1.0,0,1.0,1.0,0.9146933996748751,19,0,0,-1,,,
b27212debb885706,1,1.0,0,1.0,1.0,0.979114860424016,20,0,0,-1,,,
3c3991ec8d7a5507,1,1.0,0,1.0,1.0,0.7801227027209531,19,0,0,-1,,,
3fb200a0fddb5c8e,1,1.0,0,1.0,1.0,1.0,68,0,0,-1,,,
02f75336f9f55e4f,1,1.0,0,0.0,1.0,0.44702065465100266,75,0,0,-1,,,
9820fb92380b522b,1,1.0,0,1.0,1.0,0.7538008166884743,75,0,0,-1,,,
b62d1a9194025d38,1,1.0,0,1.0,1.0,0.8423451140028132,60,0,0,-1,,,
585a681f4ad95682,1,1.0,0,1.0,1.0,0.8939780900172751,60,0,0,-1,,,
082988f40658562c,1,1.0,0,1.0,1.0,0.900391245805384,63,0,0,-1,,,
d8320bd0be9a50b3,1,1.0,0,1.0,1.0,0.9189305370242113,63,0,0,-1,,,
92beafb962d457db,1,1.0,0,1.0,1.0,0.8828121557921227,61,0,0,-1,,,
9696a32e868259e3,1,1.0,0,1.0,1.0,0.9773073162667701,55,0,0,-1,,,
7df960d73e50560b,1,1.0,0,1.0,1.0,0.9410558289772929,54,0,0,-1,,,
b5b57305df6f5b99,1,1.0,0,1.0,1.0,0.7768477093504401,56,0,0,-1,,,
a02d58c7e9ee50f5,1,1.0,0,1.0,1.0,0.9558951279933399,60,0,0,-1,,,
f8b10bcaa98a53e8,1,1.0,0,1.0,1.0,0.819383067145936,64,0,0,-1,,,
673a88a4037f5b6b,1,1.0,0,1.0,1.0,0.6119971603629181,105,0,0,-1,,,
03143ef8f2f65a2f,1,1.0,0,1.0,1.0,0.8624520201429839,105,0,0,-1,,,
349606982fb252ae,1,1.0,0,1.0,1.0,0.9024509088674852,106,0,0,-1,,,
f740386a50c45238,1,1.0,0,1.0,1.0,0.9541696785314299,32,0,0,-1,,,
029585f0509d52b0,1,0.0,1,0.0,1.0,0.0,30,1,0,1,VEHICLE,1,11.6
303e7dd5717f54cd,1,0.0,1,0.0,1.0,0.0,30,1,0,2,VEHICLE,2,12.4
ffef12d9476e557b,1,1.0,0,1.0,1.0,0.7740593409562829,33,0,0,-1,,,
a85c442c31bc557f,1,1.0,0,1.0,1.0,0.9379520390538639,33,0,0,-1,,,
278518f5fd0354b3,1,1.0,0,1.0,1.0,0.8997402973888885,34,0,0,-1,,,
393eaed8070a5d2c,1,1.0,0,1.0,1.0,0.940255070955097,34,0,0,-1,,,
fde7abb615895be2,1,1.0,0,1.0,1.0,0.8123136559203491,46,0,0,-1,,,
7e21aeb3afc2592b,1,1.0,0,1.0,1.0,0.9810744194187117,110,0,0,-1,,,
7fb88e704c1a5cca,1,1.0,0,1.0,1.0,0.9413911039924932,66,0,0,-1,,,
da4d89151b245e0c,1,1.0,0,1.0,1.0,0.8203625260690776,62,0,0,-1,,,
807f6b90b60d5685,1,1.0,0,1.0,1.0,0.6744774224888221,60,0,0,-1,,,
efb87bb3ff675f08,1,1.0,0,1.0,1.0,0.9226582437809411,70,0,0,-1,,,
2bc38f766c8851fa,1,1.0,0,1.0,1.0,0.9168390755845207,71,0,0,-1,,,
89766121ee605be0,1,1.0,0,1.0,1.0,0.9889017075009144,69,0,0,-1,,,
e668948b1c0f5b82,1,1.0,0,1.0,1.0,1.0,72,0,0,-1,,,
73471e4908bc5708,1,1.0,0,1.0,1.0,0.8199479048360198,57,0,0,-1,,,
095042ae1f985c39,1,1.0,0,1.0,1.0,0.8733829979756349,57,0,0,-1,,,
490463fd7e9e5769,1,1.0,0,1.0,1.0,0.8759050864320397,58,0,0,-1,,,
01e6276eff385ea8,1,1.0,0,1.0,1.0,0.8563184451557486,56,0,0,-1,,,
24ae3c9d96485b98,1,1.0,0,1.0,1.0,0.8523494329671825,58,0,0,-1,,,
1ca75f05f31d51cc,1,1.0,0,1.0,1.0,0.925682994903586,44,0,0,-1,,,
bf6e5d04e0d7576e,1,1.0,0,1.0,1.0,0.9193062067492971,47,0,0,-1,,,
65cf19209dc55631,1,1.0,0,1.0,1.0,0.9485722158724578,45,0,0,-1,,,
cc2587bf27c75cc2,1,1.0,0,1.0,1.0,1.0,75,0,0,-1,,,
32a9021303f65743,1,1.0,0,1.0,1.0,1.0,77,0,0,-1,,,
ef9b600e65ac5391,1,1.0,0,1.0,1.0,0.8608307879059186,75,0,0,-1,,,
342982275eb15441,1,1.0,0,1.0,1.0,0.8612975426634075,71,0,0,-1,,,
0670d0c81a5550c4,1,1.0,0,1.0,1.0,0.8823725439568159,70,0,0,-1,,,
0a8c2aac609d5a04,1,1.0,0,1.0,1.0,0.7416748906111672,81,0,0,-1,,,
537935a8e7b653f2,1,1.0,0,1.0,1.0,0.7537249118467287,118,0,0,-1,,,
e814805effdb5b56,1,1.0,0,1.0,1.0,0.8456708800322291,113,0,0,-1,,,
87bf38cb3c39548d,1,1.0,0,1.0,1.0,0.9748930065913445,66,0,0,-1,,,
7d423cc4c7b9541a,1,1.0,0,1.0,1.0,0.9451183624265284,63,0,0,-1,,,
0d161d05f98354dc,1,1.0,0,1.0,1.0,0.893484159980665,65,0,0,-1,,,
dd149fc9cb395631,1,1.0,0,1.0,1.0,0.8830610251973322,63,0,0,-1,,,
0e3f26bc3e1056ba,1,1.0,0,1.0,1.0,1.0,63,0,0,-1,,,
a988872adfe45a71,1,1.0,0,1.0,1.0,1.0,61,0,0,-1,,,
aa84169dd1f3538d,1,1.0,0,1.0,1.0,1.0,62,0,0,-1,,,
8777c80c80ad53e8,1,1.0,0,1.0,1.0,1.0,63,0,0,-1,,,
3420dd4340635018,1,1.0,0,1.0,1.0,0.8026092581326648,57,0,0,-1,,,
3e09a3c33726545c,1,1.0,0,1.0,1.0,1.0,58,0,0,-1,,,
182fe7c6dd5b5e44,1,1.0,0,1.0,1.0,1.0,58,0,0,-1,,,
55eed45c895852b9,1,1.0,0,1.0,1.0,1.0,57,0,0,-1,,,
bd0f9349cc1053a3,1,1.0,0,1.0,1.0,1.0,57,0,0,-1,,,
443b9c514efc5829,1,1.0,0,1.0,1.0,1.0,60,0,0,-1,,,
35dbc03efb3c5f00,1,1.0,0,1.0,1.0,0.9969149309742513,59,0,0,-1,,,
143234de18d5587f,1,1.0,0,1.0,1.0,1.0,56,0,0,-1,,,
f07e680e53135311,1,1.0,0,1.0,1.0,1.0,82,0,0,-1,,,
b9ef517f054450b7,1,1.0,0,1.0,1.0,1.0,83,0,0,-1,,,
7752ef9225b65783,1,1.0,0,1.0,1.0,1.0,84,0,0,-1,,,
8b2b4c67ddcf5c36,1,1.0,0,1.0,1.0,1.0,83,0,0,-1,,,
0715626fc800527e,1,1.0,0,1.0,1.0,1.0,81,0,0,-1,,,
60fbe2351f325132,1,1.0,0,1.0,1.0,1.0,80,0,0,-1,,,
07667a86040c5332,1,1.0,0,1.0,1.0,0.8414325762259488,78,0,0,-1,,,
dce06ee8c9fc572f,1,1.0,0,1.0,1.0,0.8869554139266643,77,0,0,-1,,,
7b29ee091c295f7a,1,1.0,0,1.0,1.0,1.0,59,0,0,-1,,,
6c8305cdaa0653ca,1,1.0,0,1.0,1.0,1.0,92,0,0,-1,,,
8cd8d1a23e4351f8,1,1.0,0,1.0,1.0,1.0,92,0,0,-1,,,
41892d06df125856,1,1.0,0,1.0,1.0,1.0,89,0,0,-1,,,
04b80ae53fc5549e,1,1.0,0,1.0,1.0,1.0,90,0,0,-1,,,
3ca2e3e846e75813,1,1.0,0,1.0,1.0,0.8891553453144635,89,0,0,-1,,,
60fa28b4cd8a57fb,1,1.0,0,1.0,1.0,0.8829914775929839,87,0,0,-1,,,
af98af49fda35a8c,1,1.0,0,1.0,1.0,0.8964955128136619,86,0,0,-1,,,
026ee9bc920b5180,1,1.0,0,1.0,1.0,1.0,75,0,0,-1,,,
39c08e30ff9255ef,1,1.0,0,1.0,1.0,1.0,74,0,0,-1,,,
62b620262e1b5b25,1,1.0,0,1.0,1.0,1.0,73,0,0,-1,,,
1b471d7f756a5c7f,1,1.0,0,1.0,1.0,1.0,101,0,0,-1,,,
f2a54a0461005d6c,1,1.0,0,1.0,1.0,1.0,108,0,0,-1,,,
4109b79d84ea5053,1,1.0,0,1.0,1.0,0.9787908899245702,126,0,0,-1,,,
6b19d4325f075ad0,1,1.0,0,1.0,1.0,0.9180490313498803,118,0,0,-1,,,
6df89719fce05527,1,1.0,0,1.0,1.0,0.924593453935921,118,0,0,-1,,,
27b8eae78cf05c1e,1,1.0,0,1.0,1.0,0.8789676679771125,105,0,0,-1,,,
d9150469e9885120,1,1.0,0,1.0,1.0,0.6951242492197355,104,0,0,-1,,,
cd41ee390afb5da7,1,1.0,0,1.0,1.0,0.6996062579992725,101,0,0,-1,,,
9483bda6b31259bd,1,1.0,0,1.0,1.0,0.8661653122986309,101,0,0,-1,,,
652e91c4f9b1505a,1,1.0,0,1.0,1.0,0.878284456040276,99,0,0,-1,,,
2ad9640eb724590d,1,1.0,0,1.0,1.0,0.8696478463929062,97,0,0,-1,,,
283f39e817575b93,1,1.0,0,1.0,1.0,0.887759533798511,97,0,0,-1,,,
94a5491ee69d5e27,1,1.0,0,1.0,1.0,0.8882708902258898,99,0,0,-1,,,
86d70bab6f1b598c,1,1.0,0,1.0,1.0,0.8683296256746166,48,0,0,-1,,,
11cadec88a8e547d,1,1.0,0,1.0,1.0,0.8491774633297275,49,0,0,-1,,,
989aefa473b75a2a,1,1.0,0,1.0,1.0,0.8092057839243777,46,0,0,-1,,,
0ddc071278375700,1,1.0,0,1.0,1.0,0.843255156220418,46,0,0,-1,,,
8a492ff6a81054a7,1,1.0,0,1.0,1.0,0.9059321807095868,52,0,0,-1,,,
0855e09733fe5445,1,1.0,0,1.0,1.0,0.9144978800460538,51,0,0,-1,,,
7bcc91de36385afe,1,1.0,0,1.0,1.0,0.7940933257476891,52,0,0,-1,,,
94b9b31c975a5796,1,1.0,0,1.0,1.0,0.9200393902446017,51,0,0,-1,,,
ba83a36f96af5ceb,1,1.0,0,1.0,1.0,0.927537571015062,55,0,0,-1,,,
b1bb3b767e405b79,1,1.0,0,1.0,1.0,0.9068963629731481,53,0,0,-1,,,
04fafb805d465314,1,1.0,0,1.0,1.0,0.9376010232463132,59,0,0,-1,,,
9e20b3d7da855668,1,1.0,0,1.0,1.0,0.9061496182640804,59,0,0,-1,,,
1862fb50f5b0518a,1,1.0,0,1.0,1.0,0.9361851617348057,60,0,0,-1,,,
93bc5a4ab6a95986,1,1.0,0,1.0,1.0,0.9404063183013106,65,0,0,-1,,,
d46f1077421c5c75,1,1.0,0,1.0,1.0,0.9723083168313641,65,0,0,-1,,,
2ca1cea5e7bf5219,1,1.0,0,1.0,1.0,0.957625474655718,66,0,0,-1,,,
9b58f5bd4e995a93,1,1.0,0,1.0,1.0,1.0,94,0,0,-1,,,
f980b34746d45868,1,1.0,0,1.0,1.0,1.0,91,0,0,-1,,,
6bea22b0ee0e5929,1,1.0,0,1.0,1.0,1.0,94,0,0,-1,,,
1316af62e13e5dd5,1,1.0,0,1.0,1.0,1.0,97,0,0,-1,,,
b4914b3d729357d1,1,1.0,0,1.0,1.0,1.0,94,0,0,-1,,,
6e5a14ce293c5ae8,1,1.0,0,1.0,1.0,1.0,92,0,0,-1,,,
35b810aad36b553a,1,1.0,0,1.0,1.0,1.0,91,0,0,-1,,,
ec2200402d965ced,1,1.0,0,1.0,1.0,1.0,93,0,0,-1,,,
44699d8556a1519e,1,1.0,0,1.0,1.0,0.8684625188457549,96,0,0,-1,,,
150f1c76c75352cf,1,1.0,0,1.0,1.0,0.8946170013154721,92,0,0,-1,,,
d50b69bed8f2570c,1,1.0,0,1.0,1.0,0.8764139941946055,62,0,0,-1,,,
580dac44fa305877,1,1.0,0,1.0,1.0,0.837613929900917,60,0,0,-1,,,
1fbea664b0805a19,1,1.0,0,1.0,1.0,0.8266705364462578,62,0,0,-1,,,
5d8677f177185a61,1,1.0,0,1.0,1.0,0.8792438710785975,60,0,0,-1,,,
8647866881f3587e,1,1.0,0,1.0,1.0,0.8118768481074867,57,0,0,-1,,,
406f8b299de35ce2,1,1.0,0,1.0,1.0,0.8805361822168666,56,0,0,-1,,,
966e42e47cc85a5c,1,1.0,0,1.0,1.0,0.9159145173124966,36,0,0,-1,,,
255be1c4910b506e,1,1.0,0,1.0,1.0,0.970019149956177,34,0,0,-1,,,
861805c4ff585f84,1,1.0,0,1.0,1.0,0.7259416034665275,31,0,0,-1,,,
613c91adcbe55cd5,1,1.0,0,1.0,1.0,0.8182644178211493,32,0,0,-1,,,
7956c9ed4b855859,1,1.0,0,1.0,1.0,0.895295536354709,28,0,0,-1,,,
61b15ca533845a97,1,1.0,0,1.0,1.0,0.9549480862074636,31,0,0,-1,,,
638b83e65dd259f8,1,1.0,0,1.0,1.0,1.0,70,0,0,-1,,,
2f7190c1da685537,1,1.0,0,1.0,1.0,1.0,72,0,0,-1,,,
961cd53fde9a5c3d,1,1.0,0,1.0,1.0,1.0,116,0,0,-1,,,
9ed85925d375504b,1,1.0,0,1.0,1.0,1.0,124,0,0,-1,,,
f9df92352a5f53f2,1,1.0,0,1.0,1.0,1.0,134,0,0,-1,,,
34c872c16eb0577c,1,1.0,0,1.0,1.0,1.0,138,0,0,-1,,,
110bec4c6d2153d7,1,1.0,0,1.0,1.0,0.9297377469811376,167,0,0,-1,,,
e67c2879271350c1,1,1.0,0,1.0,1.0,0.9342715589318383,167,0,0,-1,,,
862378e4a52553be,1,0.0,1,0.0,1.0,0.0,162,1,0,0,VEHICLE,0,11.4
784c48e2a44c5036,1,1.0,0,1.0,1.0,0.9708652367333984,162,0,0,-1,,,
22ff5ba619a250b0,1,1.0,0,1.0,1.0,1.0,93,0,0,-1,,,
0fde069313a35062,1,1.0,0,1.0,1.0,1.0,95,0,0,-1,,,
c9ca538cb3235e43,1,1.0,0,1.0,1.0,1.0,96,0,0,-1,,,
a4f4a240e54e56b2,1,1.0,0,1.0,1.0,1.0,99,0,0,-1,,,
9bbaed3bac735053,1,1.0,0,1.0,1.0,1.0,98,0,0,-1,,,
5a2e2da8e6b75138,1,1.0,0,1.0,1.0,0.8261851003332401,97,0,0,-1,,,
c72c3c003bc95aab,1,1.0,0,1.0,1.0,1.0,98,0,0,-1,,,
05f1c7e44f74538c,1,1.0,0,1.0,1.0,1.0,99,0,0,-1,,,
4e54c991bd0259cb,1,1.0,0,1.0,1.0,0.9212988252653194,246,0,0,-1,,,
be1a32191a715329,1,1.0,0,1.0,1.0,0.9544250060444123,242,0,0,-1,,,
6be41ab63cf05b6e,1,1.0,0,1.0,1.0,0.9851491712732594,286,0,0,-1,,,
b27e2139fbb959fa,1,1.0,0,1.0,1.0,0.9757659723165609,327,0,0,-1,,,
7684ff2627555f4e,1,1.0,0,1.0,1.0,0.973591910344178,324,0,0,-1,,,
e50483d19a4b5489,1,1.0,0,1.0,1.0,1.0,331,0,0,-1,,,
b281c2ccb36359e3,1,1.0,0,1.0,1.0,0.9714572143653776,319,0,0,-1,,,
f2e2e64000445230,1,1.0,0,1.0,1.0,0.9995977912470706,301,0,0,-1,,,
d68dba02509b50a3,1,1.0,0,1.0,1.0,0.9545938140630383,162,0,0,-1,,,
6c81fef5b490580a,1,1.0,0,0.0,1.0,0.5373137184996868,163,0,0,-1,,,
77072386dfbb5af8,1,1.0,0,0.0,1.0,0.536046769568302,176,0,0,-1,,,
19a595ad0fe35941,1,1.0,0,1.0,1.0,0.9301967299493544,181,0,0,-1,,,
869f688594fc58c1,1,1.0,0,1.0,1.0,0.9737842686067113,184,0,0,-1,,,
33c05d622bbe59a8,1,1.0,0,1.0,1.0,0.9716381250945384,177,0,0,-1,,,
44cedd469129548d,1,1.0,0,1.0,1.0,0.922544532272227,118,0,0,-1,,,
434a1b5995365a33,1,1.0,0,1.0,1.0,0.9154973373182488,117,0,0,-1,,,
59c00a21c1315d9b,1,1.0,0,1.0,1.0,0.9039698581524035,107,0,0,-1,,,
305d73038ef35efe,1,1.0,0,1.0,1.0,0.9050714125108227,108,0,0,-1,,,
05ee09cb75205555,1,1.0,0,1.0,1.0,0.9198787273964681,107,0,0,-1,,,
84204f2655e4500b,1,1.0,0,1.0,1.0,1.0,105,0,0,-1,,,
582d1109ddf75e76,1,1.0,0,1.0,1.0,1.0,103,0,0,-1,,,
d9b28b3ee70e57f2,1,1.0,0,1.0,1.0,1.0,101,0,0,-1,,,
6fc4fc2702305dfa,1,1.0,0,1.0,1.0,1.0,106,0,0,-1,,,
06e62670ddb152d9,1,1.0,0,1.0,1.0,1.0,116,0,0,-1,,,
ec8eced041bb5ad5,1,1.0,0,1.0,1.0,1.0,74,0,0,-1,,,
7d930b1f5365521f,1,1.0,0,1.0,1.0,1.0,71,0,0,-1,,,
f9de30ccbddd50dc,1,1.0,0,1.0,1.0,1.0,68,0,0,-1,,,
c8507cfbe8575463,1,1.0,0,1.0,1.0,0.8397760904724999,80,0,0,-1,,,
f1106b0f8f745eae,1,1.0,0,1.0,1.0,0.8466180061589138,82,0,0,-1,,,
69ad18166f085da8,1,1.0,0,1.0,1.0,1.0,79,0,0,-1,,,
c0b8f52197ac558c,1,1.0,0,1.0,1.0,1.0,76,0,0,-1,,,
25cdf7dee0d25a66,1,1.0,0,1.0,1.0,1.0,76,0,0,-1,,,
27e100e5fd605194,1,1.0,0,1.0,1.0,0.9050355401914557,124,0,0,-1,,,
d1dcd412f339598a,1,1.0,0,1.0,1.0,0.8994327708041302,117,0,0,-1,,,
0a8ba5b315e555ab,1,1.0,0,1.0,1.0,0.9006487975990191,109,0,0,-1,,,
209069959e1d5531,1,1.0,0,1.0,1.0,0.8961104017671583,106,0,0,-1,,,
d25b6512a43f5e54,1,1.0,0,1.0,1.0,0.8866687012457531,108,0,0,-1,,,
cf05c9f4f6e55af3,1,1.0,0,1.0,1.0,0.8751077412488062,108,0,0,-1,,,
b770bd5be66d5339,1,1.0,0,0.0,1.0,0.487478893176773,106,0,0,-1,,,
1979ed31b57b59ea,1,1.0,0,0.0,1.0,0.4490262677878956,111,0,0,-1,,,
228dbe4bb59c537b,1,1.0,0,1.0,1.0,1.0,122,0,0,-1,,,
639352b63c715c1f,1,1.0,0,1.0,1.0,1.0,124,0,0,-1,,,
bbd5fbbe6cbb5a6f,1,1.0,0,1.0,1.0,1.0,131,0,0,-1,,,
4800c57e89db5eae,1,1.0,0,1.0,1.0,1.0,131,0,0,-1,,,
0aa8c67f04b75a41,1,1.0,0,1.0,1.0,0.9469001831129661,245,0,0,-1,,,
614d5297c1a05a46,1,1.0,0,1.0,1.0,0.9477270442964721,241,0,0,-1,,,
551ce60633b65fd0,1,1.0,0,1.0,1.0,0.9412981531670771,243,0,0,-1,,,
4175cdc49ec759f5,1,1.0,0,1.0,1.0,0.9453416447676913,248,0,0,-1,,,
5eef9aece027548e,1,1.0,0,1.0,1.0,1.0,115,0,0,-1,,,
eb5ef679c80959fe,1,1.0,0,1.0,1.0,1.0,113,0,0,-1,,,
f35c6a6f6a1157b3,1,1.0,0,1.0,1.0,1.0,113,0,0,-1,,,
ab505f8775065375,1,1.0,0,1.0,1.0,1.0,116,0,0,-1,,,
9f3da1c3d8b85947,1,1.0,0,1.0,1.0,1.0,117,0,0,-1,,,
d81e608168615b51,1,1.0,0,1.0,1.0,1.0,110,0,0,-1,,,
5155241fdbbf57b3,1,1.0,0,1.0,1.0,1.0,106,0,0,-1,,,
833189ada8fa5ba2,1,1.0,0,1.0,1.0,1.0,104,0,0,-1,,,
10d18b323ff35a1f,1,1.0,0,1.0,1.0,1.0,119,0,0,-1,,,
8c7db74b9aef5a9e,1,1.0,0,1.0,1.0,1.0,117,0,0,-1,,,
6ec94adda61e5483,1,1.0,0,1.0,1.0,1.0,115,0,0,-1,,,
b0a7f01e57205fb4,1,1.0,0,1.0,1.0,0.889198464929259,108,0,0,-1,,,
9c45919236c051c0,1,1.0,0,1.0,1.0,0.8582683890305648,104,0,0,-1,,,
80199eddf2cc590f,1,1.0,0,1.0,1.0,0.8663167517111964,107,0,0,-1,,,
e3082eaad29750fd,1,1.0,0,1.0,1.0,1.0,122,0,0,-1,,,
cb8822d19cc45d85,1,1.0,0,1.0,1.0,1.0,123,0,0,-1,,,
f4d95a784b725915,1,1.0,0,1.0,1.0,1.0,98,0,0,-1,,,
e55bd804e572502a,1,1.0,0,1.0,1.0,0.9364362631595583,96,0,0,-1,,,
613770d7f39051be,1,1.0,0,1.0,1.0,0.8915624443319015,96,0,0,-1,,,
04f569ff8cb3504d,1,1.0,0,1.0,1.0,0.9343471825844888,95,0,0,-1,,,
d73cabbfed045bf2,1,1.0,0,1.0,1.0,0.8839721387892525,95,0,0,-1,,,
b614d476ea185810,1,1.0,0,1.0,1.0,1.0,92,0,0,-1,,,
cbec1eda814e5065,1,1.0,0,1.0,1.0,1.0,92,0,0,-1,,,
4d4ed59397825822,1,1.0,0,1.0,1.0,0.9328770099891033,108,0,0,-1,,,
ac28e0768c6a5821,1,1.0,0,1.0,1.0,1.0,69,0,0,-1,,,
87a7a9f8aa325467,1,1.0,0,1.0,1.0,1.0,73,0,0,-1,,,
88fb8b083a2d56c7,1,1.0,0,1.0,1.0,1.0,68,0,0,-1,,,
3f3d9b32f2fa53ef,1,1.0,0,1.0,1.0,1.0,75,0,0,-1,,,
95ba88fe9c385123,1,1.0,0,1.0,1.0,1.0,84,0,0,-1,,,
302d9a7758625a37,1,1.0,0,1.0,1.0,1.0,82,0,0,-1,,,
26b80207f01e593f,1,1.0,0,1.0,1.0,1.0,79,0,0,-1,,,
1693d395bec753ae,1,1.0,0,1.0,1.0,1.0,109,0,0,-1,,,
13ca5b247813585a,1,1.0,0,1.0,1.0,1.0,107,0,0,-1,,,
7c7dc37236745d94,1,1.0,0,1.0,1.0,1.0,107,0,0,-1,,,
de16c26b38425a6b,1,1.0,0,1.0,1.0,1.0,104,0,0,-1,,,
8c867708395f5374,1,1.0,0,1.0,1.0,1.0,107,0,0,-1,,,
d987180f18155985,1,1.0,0,1.0,1.0,1.0,107,0,0,-1,,,
9db7131f4c8d57dd,1,1.0,0,1.0,1.0,1.0,107,0,0,-1,,,
f755005e289d5ccd,1,1.0,0,1.0,1.0,1.0,114,0,0,-1,,,
7ccfef5040b359df,1,1.0,0,1.0,1.0,1.0,115,0,0,-1,,,
8c9cbf03c46b5ddc,1,1.0,0,1.0,1.0,1.0,84,0,0,-1,,,
5fe40d882c3b545f,1,1.0,0,1.0,1.0,1.0,80,0,0,-1,,,
6717940e53d45558,1,1.0,0,1.0,1.0,0.9159292665127166,102,0,0,-1,,,
647c05f9fa725528,1,1.0,0,1.0,1.0,0.8775449874063225,98,0,0,-1,,,
712475eda7975c99,1,1.0,0,1.0,1.0,0.8489329943825387,99,0,0,-1,,,
602213f964f651c1,1,1.0,0,1.0,1.0,0.917211460119943,98,0,0,-1,,,
1ec907a74cbb54cd,1,1.0,0,1.0,1.0,0.8922288976391212,98,0,0,-1,,,
1a5f614c9b815e92,1,1.0,0,1.0,1.0,1.0,86,0,0,-1,,,
b42ed6a1fecd5e91,1,1.0,0,1.0,1.0,0.975022666357951,297,0,0,-1,,,
9e991901a49a55ea,1,1.0,0,1.0,1.0,1.0,303,0,0,-1,,,
198bc5f3280e52cd,1,1.0,0,1.0,1.0,1.0,306,0,0,-1,,,
5230f4ecc5e054f5,1,1.0,0,1.0,1.0,1.0,307,0,0,-1,,,
388181311ef25756,1,1.0,0,1.0,1.0,0.8194274994617312,306,0,0,-1,,,
0854af027e06530a,1,1.0,0,1.0,1.0,1.0,299,0,0,-1,,,
ab40048b88b257c3,1,1.0,0,1.0,1.0,0.9751319910996704,291,0,0,-1,,,
61a236d173ef5055,1,1.0,0,1.0,1.0,0.9954317511386573,295,0,0,-1,,,
afa8102c20685ec5,1,1.0,0,1.0,1.0,0.840982645459552,303,0,0,-1,,,
70633315e71a5979,1,1.0,0,1.0,1.0,0.9884447110214293,328,0,0,-1,,,
a572d70690f75ad4,1,1.0,0,1.0,1.0,0.9212167791728252,286,0,0,-1,,,
fd8299e81b435b94,1,1.0,0,1.0,1.0,0.9097414288118695,282,0,0,-1,,,
dfeb840d983e55ca,1,1.0,0,1.0,1.0,0.9168321587244476,258,0,0,-1,,,
20472dd2ff805948,1,1.0,0,1.0,1.0,1.0,248,0,0,-1,,,
06cfef4de99d5ead,1,1.0,0,1.0,1.0,1.0,231,0,0,-1,,,
4a681a6497d35e68,1,1.0,0,1.0,1.0,1.0,215,0,0,-1,,,
7d635921b94555f6,1,1.0,0,1.0,1.0,1.0,124,0,0,-1,,,
42d1bc19fbc35965,1,1.0,0,0.0,1.0,0.5833333333333334,120,0,0,-1,,,
381a23cb547c53fd,1,1.0,0,1.0,1.0,0.9388328987735116,106,0,0,-1,,,
4fdf85786f785a83,1,1.0,0,1.0,1.0,0.9272324268088313,104,0,0,-1,,,
8d63ae7a5eec54da,1,1.0,0,1.0,1.0,1.0,99,0,0,-1,,,
6545ddda66325e39,1,1.0,0,1.0,1.0,1.0,96,0,0,-1,,,
74a397722f465751,1,1.0,0,1.0,1.0,1.0,92,0,0,-1,,,
d54e58ba5e575ac0,1,1.0,0,1.0,1.0,1.0,90,0,0,-1,,,
54b907a5a03b51ef,1,1.0,0,1.0,1.0,0.9651686296454187,114,0,0,-1,,,
ae145d614988581c,1,1.0,0,1.0,1.0,0.9493539284795859,112,0,0,-1,,,
5aafc350fc705533,1,1.0,0,1.0,1.0,0.9241316061962775,110,0,0,-1,,,
87ab048362385059,1,1.0,0,1.0,1.0,0.9349553314314942,110,0,0,-1,,,
bdffdc5fc2fa542b,1,1.0,0,1.0,1.0,0.9339931673225466,105,0,0,-1,,,
e52c457d50455d0c,1,1.0,0,1.0,1.0,0.9334003181882804,106,0,0,-1,,,
b39406677030585e,1,1.0,0,1.0,1.0,0.9179411106423662,104,0,0,-1,,,
b547cd052795562c,1,1.0,0,1.0,1.0,0.910862451624674,103,0,0,-1,,,
d66904f908405550,1,1.0,0,1.0,1.0,1.0,112,0,0,-1,,,
af4a7d40819b5870,1,1.0,0,1.0,1.0,1.0,111,0,0,-1,,,
b9182baaae3b5ab2,1,1.0,0,1.0,1.0,1.0,112,0,0,-1,,,
fac5b39e58445a31,1,1.0,0,1.0,1.0,1.0,108,0,0,-1,,,
3166dd05c45f59e8,1,1.0,0,1.0,1.0,1.0,109,0,0,-1,,,
185dd0f2003e5d35,1,1.0,0,1.0,1.0,1.0,104,0,0,-1,,,
2248832a822755d9,1,1.0,0,1.0,1.0,1.0,100,0,0,-1,,,
d1e9fac71909545f,1,1.0,0,1.0,1.0,1.0,94,0,0,-1,,,
ad8ac16631a15da5,1,1.0,0,1.0,1.0,0.9038348244928507,206,0,0,-1,,,
3968adecd59c551e,1,1.0,0,1.0,1.0,0.9379656987716459,200,0,0,-1,,,
9fc437191831579a,1,1.0,0,1.0,1.0,0.7825280220138663,200,0,0,-1,,,
82ab50d6b3ef5a43,1,1.0,0,1.0,1.0,0.9114564388573871,196,0,0,-1,,,
f92ecd09fdf45404,1,1.0,0,1.0,1.0,0.9242809172841215,150,0,0,-1,,,
66d5ea23c45c51c4,1,1.0,0,1.0,1.0,0.9343233982705387,148,0,0,-1,,,
37d818085d0f56e8,1,1.0,0,1.0,1.0,0.9233862996766402,143,0,0,-1,,,
5ca7353cbe4a5cf7,1,1.0,0,1.0,1.0,1.0,137,0,0,-1,,,
b7bbef1569ca526e,1,1.0,0,1.0,1.0,1.0,80,0,0,-1,,,
dedf2d5568c758ae,1,1.0,0,1.0,1.0,1.0,73,0,0,-1,,,
10c9b6cd8a2e55f8,1,1.0,0,1.0,1.0,1.0,70,0,0,-1,,,
2861c47f508652e8,1,1.0,0,1.0,1.0,1.0,67,0,0,-1,,,
d99103d5b5025654,1,1.0,0,1.0,1.0,0.8044824950518484,60,0,0,-1,,,
742ec95b24ee529c,1,1.0,0,1.0,1.0,0.7998249438874492,58,0,0,-1,,,
fa8c164985255698,1,1.0,0,1.0,1.0,0.7887182880936489,57,0,0,-1,,,
bd2b1a4530a1538b,1,1.0,0,1.0,1.0,0.7799074709076609,56,0,0,-1,,,
b6a62a2356885962,1,1.0,0,1.0,1.0,0.9170114042385001,49,0,0,-1,,,
c5c7922b844d592f,1,1.0,0,1.0,1.0,0.958365105415965,51,0,0,-1,,,
2692d8b89688506f,1,1.0,0,1.0,1.0,0.9085135714744533,49,0,0,-1,,,
f4991b521fa15f17,1,1.0,0,1.0,1.0,1.0,70,0,0,-1,,,
0ba42ee3c2555502,1,1.0,0,1.0,1.0,0.8947023866128768,108,0,0,-1,,,
7498dbe0e2b65539,1,1.0,0,1.0,1.0,0.9071071692036806,112,0,0,-1,,,
df284ad97ad55a31,1,1.0,0,1.0,1.0,0.8949101615304721,116,0,0,-1,,,
397a31d685fc5af7,1,1.0,0,1.0,1.0,0.9075222570722561,119,0,0,-1,,,
0aee34efc8445718,1,1.0,0,1.0,1.0,0.976470495629019,288,0,0,-1,,,
8a1fa33cd5d45d48,1,1.0,0,1.0,1.0,0.9555422175176139,282,0,0,-1,,,
c404e4b4b7a455d3,1,1.0,0,1.0,1.0,1.0,283,0,0,-1,,,
f2e1685f07675799,1,1.0,0,1.0,1.0,0.912960000889728,283,0,0,-1,,,
f3c7dc93e3bc57c1,1,1.0,0,1.0,1.0,0.9140511949410444,276,0,0,-1,,,
f590f07cbcc15388,1,1.0,0,1.0,1.0,0.9271655713159875,266,0,0,-1,,,
c09cdf83367d5d3f,1,1.0,0,1.0,1.0,0.9179017535849597,269,0,0,-1,,,
3aa9d1c9ceb35906,1,1.0,0,1.0,1.0,0.9275314670586877,269,0,0,-1,,,
5380625bddba59a2,1,1.0,0,1.0,1.0,0.8545360907767104,86,0,0,-1,,,
18a85f2812b45525,1,1.0,0,1.0,1.0,0.9718480479034356,88,0,0,-1,,,
aa2918eb684351bd,1,1.0,0,1.0,1.0,1.0,94,0,0,-1,,,
eb6c8a396bb75a89,1,1.0,0,1.0,1.0,1.0,98,0,0,-1,,,
a7c6cc3a1840584f,1,1.0,0,1.0,1.0,1.0,100,0,0,-1,,,
c37a081992495a0e,1,1.0,0,1.0,1.0,0.9949139669243735,73,0,0,-1,,,
c497ee89b6205eb8,1,1.0,0,1.0,1.0,0.9975116765465194,73,0,0,-1,,,
7eff17574e8d53d2,1,1.0,0,1.0,1.0,0.9792899143332593,72,0,0,-1,,,
ce27f725951058f3,1,1.0,0,1.0,1.0,1.0,65,0,0,-1,,,
ef7089ecfb0c5028,1,1.0,0,1.0,1.0,1.0,65,0,0,-1,,,
5feede5c5a3c5116,1,1.0,0,0.0,1.0,0.3614655594594934,68,0,0,-1,,,
77ee60147e0e55b7,1,1.0,0,0.0,1.0,0.39613234285920873,59,0,0,-1,,,
2cc421e9b3fd5c17,1,1.0,0,1.0,1.0,0.7328446432544969,56,0,0,-1,,,
bd4be260be50516f,1,1.0,0,1.0,1.0,0.8055683160554469,54,0,0,-1,,,
9090d50c08b05715,1,1.0,0,1.0,0.0,0.0,47,0,0,-1,,,
9568c56631be548e,1,1.0,0,0.0,0.0,0.0,41,0,0,-1,,,
76dd2e9ad6f753b8,1,1.0,0,1.0,1.0,1.0,112,0,0,-1,,,
50e871f60296566b,1,1.0,0,1.0,1.0,1.0,110,0,0,-1,,,
2251b1d81d0051c1,1,1.0,0,1.0,1.0,1.0,106,0,0,-1,,,
b1e78f926612520e,1,1.0,0,1.0,1.0,0.9294713823621557,136,0,0,-1,,,
1db38f4b73ac5b62,1,1.0,0,1.0,1.0,0.8965031284727543,134,0,0,-1,,,
683e518fbfa650d5,1,1.0,0,1.0,1.0,1.0,130,0,0,-1,,,
7fad5a0c8cdd5fc4,1,1.0,0,1.0,1.0,1.0,130,0,0,-1,,,
105e820419e05224,1,1.0,0,1.0,1.0,0.973803586797661,115,0,0,-1,,,
b5d0bfdf09375423,1,1.0,0,1.0,1.0,1.0,102,0,0,-1,,,
d7c017783af2520b,1,1.0,0,1.0,1.0,1.0,101,0,0,-1,,,
873a21c038f45eef,1,1.0,0,1.0,1.0,1.0,95,0,0,-1,,,
7dfae2f3b33a5d6e,1,1.0,0,1.0,1.0,1.0,94,0,0,-1,,,
b043b68462d7540c,1,1.0,0,1.0,1.0,1.0,92,0,0,-1,,,
6cfeeb3aab5b5681,1,1.0,0,1.0,1.0,1.0,88,0,0,-1,,,
34e7c93be2465f25,1,1.0,0,1.0,1.0,0.7783097491617891,87,0,0,-1,,,
5bd2bc00e2d358e0,1,1.0,0,1.0,1.0,0.8680861326534512,87,0,0,-1,,,
3d2f4a8fb8b55572,1,1.0,0,1.0,1.0,0.900004046424561,153,0,0,-1,,,
0c54c8dfbe56567f,1,1.0,0,1.0,1.0,0.9260049526703472,153,0,0,-1,,,
b49e63992eee56b1,1,1.0,0,1.0,1.0,0.9444901118607699,164,0,0,-1,,,
bed45577041051b8,1,1.0,0,1.0,1.0,0.9025903257151494,163,0,0,-1,,,
27209d511a785510,1,1.0,0,1.0,1.0,0.9137010319310167,160,0,0,-1,,,
62d339c4086d51ba,1,1.0,0,1.0,1.0,0.9014799770176228,158,0,0,-1,,,
26e6818bd14d52a5,1,1.0,0,1.0,1.0,0.9135086803247349,152,0,0,-1,,,
06bdef9a9bbc5aaf,1,1.0,0,1.0,1.0,0.9389915461101395,144,0,0,-1,,,
31602c26eedc5f7e,1,1.0,0,1.0,1.0,0.9802134674147313,73,0,0,-1,,,
ec398c5c12055eed,1,1.0,0,1.0,1.0,0.9818073026786788,77,0,0,-1,,,
9b3a284d78f458f3,1,1.0,0,1.0,1.0,0.9118167603313148,81,0,0,-1,,,
4e5e09ac14395d70,1,1.0,0,1.0,1.0,0.9011475567324521,82,0,0,-1,,,
5218653349a6502a,1,1.0,0,1.0,1.0,0.9167565905706647,82,0,0,-1,,,
b39df49b8b565ac3,1,1.0,0,1.0,1.0,0.8927288499277286,70,0,0,-1,,,
3fd20b372fd15206,1,1.0,0,1.0,1.0,0.9641283788263402,65,0,0,-1,,,
3ffea9df17af502b,1,1.0,0,1.0,1.0,1.0,66,0,0,-1,,,
dc9bf97cb9e151ad,1,1.0,0,1.0,1.0,0.9887235220744467,91,0,0,-1,,,
79984c4826f653fd,1,1.0,0,1.0,1.0,1.0,91,0,0,-1,,,
14769a8e472350cc,1,1.0,0,1.0,1.0,1.0,90,0,0,-1,,,
385e44b3382350f1,1,1.0,0,1.0,1.0,1.0,93,0,0,-1,,,
0536ffc8d9555b0f,1,1.0,0,1.0,1.0,1.0,89,0,0,-1,,,
f4e2ec6e37535056,1,1.0,0,1.0,1.0,1.0,88,0,0,-1,,,
52cb0688ae7c5bed,1,1.0,0,1.0,1.0,1.0,89,0,0,-1,,,
465d879f0b205c8f,1,1.0,0,1.0,1.0,1.0,90,0,0,-1,,,
4f7b03242ab05a2d,1,1.0,0,1.0,1.0,0.9461987093106172,63,0,0,-1,,,
c87001c4251e559a,1,1.0,0,1.0,1.0,1.0,82,0,0,-1,,,
01b9125ad835592f,1,1.0,0,1.0,1.0,1.0,80,0,0,-1,,,
8072e0c324205e72,1,1.0,0,1.0,1.0,1.0,79,0,0,-1,,,
6ccc026f6fc55bb0,1,1.0,0,1.0,1.0,1.0,79,0,0,-1,,,
4d1e72e6a45853c3,1,1.0,0,1.0,1.0,1.0,77,0,0,-1,,,
5d058c203f765173,1,1.0,0,1.0,1.0,1.0,79,0,0,-1,,,
71629f355b5e5b19,1,1.0,0,1.0,1.0,1.0,80,0,0,-1,,,
19c4aecbe4b65ef4,1,1.0,0,1.0,1.0,0.9272740901328106,120,0,0,-1,,,
155c42ad43525252,1,1.0,0,1.0,1.0,0.8692164075823663,130,0,0,-1,,,
25c3b9fa44c058a6,1,1.0,0,1.0,1.0,0.9458718670422814,135,0,0,-1,,,
a06715f1cb8358c0,1,1.0,0,0.0,1.0,0.5521491286489797,157,0,0,-1,,,
19cee80b71525f86,1,1.0,0,1.0,1.0,0.933392993452241,154,0,0,-1,,,
c07f609f83b85dd6,1,1.0,0,1.0,1.0,0.9491872186020714,155,0,0,-1,,,
4131dd1f0fd5571b,1,1.0,0,1.0,1.0,0.9285769730819867,153,0,0,-1,,,
ce2de8af70e05a57,1,1.0,0,1.0,1.0,0.9213108435474364,152,0,0,-1,,,
ec044ac1af1655be,1,1.0,0,1.0,0.0,0.0,12,0,0,-1,,,
3a31f6e6819d5ab2,1,1.0,0,1.0,1.0,0.9809858709723865,12,0,0,-1,,,
d70e995b6ec6546a,1,1.0,0,1.0,1.0,0.9845582172409445,12,0,0,-1,,,
6840e07af4275492,1,1.0,0,1.0,1.0,0.9868389282825789,14,0,0,-1,,,
2422d2b260235078,1,1.0,0,1.0,1.0,1.0,12,0,0,-1,,,
f42c66a9b7a456f7,1,1.0,0,1.0,1.0,0.5487064205961247,13,0,0,-1,,,
dadfddb20a29587d,1,1.0,0,1.0,0.0,0.0,14,0,0,-1,,,
5c5e0e2c9d225b98,1,1.0,0,1.0,1.0,0.9737224805110731,14,0,0,-1,,,
639ed89313465584,1,1.0,0,1.0,1.0,1.0,5,0,0,-1,,,
eabdad9a669b5739,1,1.0,0,1.0,1.0,1.0,4,0,0,-1,,,
e7f8a61d807f5914,1,1.0,0,1.0,0.0,0.0,3,0,0,-1,,,
99ebd32df2f453f8,1,1.0,0,1.0,0.0,0.0,4,0,0,-1,,,
f0b762b8c08b5ff0,1,1.0,0,1.0,1.0,1.0,1,0,0,-1,,,
1a2027db44a350ff,1,1.0,0,1.0,1.0,0.9797012274084475,1,0,0,-1,,,
c7e06d79e58454ae,1,1.0,0,1.0,1.0,0.9790865897598549,1,0,0,-1,,,
ce2f1ac423965b7a,1,1.0,0,1.0,1.0,1.0,1,0,0,-1,,,
cc4a4dc2afc75aed,1,1.0,0,1.0,1.0,1.0,80,0,0,-1,,,
ab94d64d31ea5435,1,1.0,0,1.0,1.0,1.0,77,0,0,-1,,,
819d34b59e6159ad,1,1.0,0,1.0,1.0,1.0,74,0,0,-1,,,
55bd10ac74585a12,1,1.0,0,1.0,1.0,1.0,72,0,0,-1,,,
0df6533b550c58c1,1,1.0,0,1.0,1.0,1.0,73,0,0,-1,,,
7fc1ce68acb7562c,1,1.0,0,1.0,1.0,1.0,83,0,0,-1,,,
b5efcbfe3c6f5888,1,1.0,0,1.0,1.0,1.0,85,0,0,-1,,,
684ac2e9651d5e63,1,1.0,0,1.0,1.0,1.0,87,0,0,-1,,,
79322494f7975811,1,1.0,0,1.0,1.0,1.0,1,0,0,-1,,,
5971485918d155dd,1,1.0,0,1.0,1.0,1.0,1,0,0,-1,,,
062255c18e275666,1,1.0,0,1.0,1.0,1.0,1,0,0,-1,,,
ffe87d190cd358c8,1,1.0,0,1.0,1.0,1.0,1,0,0,-1,,,
e9597ce7a5a7589b,1,1.0,0,1.0,1.0,1.0,1,0,0,-1,,,
cde38b08b4a157f5,1,1.0,0,1.0,1.0,1.0,1,0,0,-1,,,
6d3bb2ecca3e54b4,1,1.0,0,1.0,1.0,1.0,1,0,0,-1,,,
1a0f27ced7e056f6,1,1.0,0,1.0,1.0,1.0,3,0,0,-1,,,
7be2f6436ce95042,1,1.0,0,1.0,1.0,1.0,90,0,0,-1,,,
8ce2cf49a1955788,1,1.0,0,1.0,1.0,1.0,92,0,0,-1,,,
50b72b9404da516c,1,1.0,0,1.0,1.0,1.0,92,0,0,-1,,,
6f2baa8c8c8e5942,1,1.0,0,1.0,1.0,1.0,92,0,0,-1,,,
97ade9e6fa5e5646,1,1.0,0,1.0,1.0,1.0,92,0,0,-1,,,
d4849a52aaa55a9f,1,1.0,0,1.0,1.0,1.0,91,0,0,-1,,,
7cc4cef34e635c5a,1,1.0,0,1.0,1.0,1.0,89,0,0,-1,,,
2601ffe0d2a056be,1,1.0,0,1.0,1.0,1.0,85,0,0,-1,,,
b1899626476e5293,1,1.0,0,1.0,1.0,0.9361050143898523,106,0,0,-1,,,
59159c92e5d9571d,1,1.0,0,1.0,1.0,0.9547916045541661,101,0,0,-1,,,
715cff26bcee5d6a,1,1.0,0,1.0,1.0,0.9530264945785915,102,0,0,-1,,,
9ecb516bac035ce4,1,1.0,0,1.0,1.0,0.9651461779011582,101,0,0,-1,,,
b1464f6c01dc545f,1,1.0,0,1.0,1.0,0.9582638995886397,97,0,0,-1,,,
6469176632cf52a0,1,1.0,0,1.0,1.0,0.9623009488717754,98,0,0,-1,,,
cab75d9e74eb52a1,1,1.0,0,1.0,1.0,0.953952516002405,91,0,0,-1,,,
93e2f4fc13a35269,1,1.0,0,1.0,1.0,0.9435842517711107,87,0,0,-1,,,
533c27383d335f4f,1,1.0,0,1.0,1.0,1.0,4,0,0,-1,,,
0809e84efac053e6,1,1.0,0,1.0,1.0,1.0,5,0,0,-1,,,
f4814e7eb01252b6,1,1.0,0,1.0,1.0,0.9823798183500342,6,0,0,-1,,,
fbe67126a4285628,1,1.0,0,1.0,1.0,0.9833301713267728,6,0,0,-1,,,
9edf148b1ed05a22,1,1.0,0,1.0,1.0,0.9894092013908441,6,0,0,-1,,,
8d62f19202505230,1,1.0,0,1.0,1.0,0.9866898872248654,7,0,0,-1,,,
f8b524a4e8925503,1,1.0,0,1.0,1.0,0.9675093787045097,9,0,0,-1,,,
8237f47b224952b4,1,1.0,0,1.0,0.0,0.0,11,0,0,-1,,,
455037cfe9a95796,1,1.0,0,1.0,1.0,1.0,90,0,0,-1,,,
c4e94b7583555176,1,1.0,0,1.0,1.0,1.0,91,0,0,-1,,,
69976d75e3a5521e,1,1.0,0,1.0,1.0,1.0,90,0,0,-1,,,
efd90f7518445bef,1,1.0,0,1.0,1.0,1.0,90,0,0,-1,,,
6e5ae240ac8a5862,1,1.0,0,1.0,1.0,1.0,89,0,0,-1,,,
2bc2525a4ee95ef4,1,1.0,0,1.0,1.0,1.0,87,0,0,-1,,,
dcfc13ba3a4150a6,1,1.0,0,1.0,1.0,1.0,89,0,0,-1,,,
685e5e9083185108,1,1.0,0,1.0,1.0,1.0,87,0,0,-1,,,
aecf8e9ea11c5a06,1,1.0,0,1.0,1.0,1.0,66,0,0,-1,,,
099ff4835ee45eb6,1,1.0,0,1.0,1.0,0.9970099558695052,66,0,0,-1,,,
137f854539c45fe1,1,1.0,0,1.0,1.0,1.0,69,0,0,-1,,,
a366d90f10ca5866,1,1.0,0,1.0,1.0,0.7973317718449341,72,0,0,-1,,,
598d8ce13c2e5452,1,1.0,0,1.0,1.0,0.7813475812846676,76,0,0,-1,,,
937ca624cc2658a6,1,1.0,0,1.0,1.0,0.746851212423473,80,0,0,-1,,,
e3ce6f2ef9765b9a,1,1.0,0,1.0,1.0,0.743002415466036,78,0,0,-1,,,
d484aff53cd1589f,1,1.0,0,1.0,1.0,1.0,71,0,0,-1,,,
e683a9a072485098,1,1.0,0,1.0,1.0,0.9129003026659815,87,0,0,-1,,,
8569121235665be9,1,1.0,0,1.0,1.0,0.8961999963682915,83,0,0,-1,,,
4b98bb0bbbc75b1f,1,1.0,0,1.0,1.0,0.8521615839203402,78,0,0,-1,,,
ea789512f1be5a47,1,1.0,0,1.0,1.0,1.0,77,0,0,-1,,,
09779eb483435cab,1,1.0,0,1.0,1.0,1.0,74,0,0,-1,,,
d32f8367252b53b1,1,1.0,0,1.0,1.0,1.0,76,0,0,-1,,,
29143e2319415eec,1,1.0,0,1.0,1.0,1.0,75,0,0,-1,,,
ff89c9bf77dc58ce,1,1.0,0,1.0,1.0,1.0,5,0,0,-1,,,
65729e98f81a526e,1,1.0,0,1.0,1.0,1.0,85,0,0,-1,,,
03ec8e118cb0541d,1,1.0,0,1.0,1.0,1.0,90,0,0,-1,,,
3136969223325aa5,1,1.0,0,1.0,1.0,1.0,95,0,0,-1,,,
b72042b4093250c8,1,1.0,0,1.0,1.0,1.0,90,0,0,-1,,,
0e681d3870795a3a,1,1.0,0,1.0,1.0,1.0,89,0,0,-1,,,
59cc5d51c60d5a1d,1,1.0,0,1.0,1.0,1.0,90,0,0,-1,,,
c2cf2b10f7e953c4,1,1.0,0,1.0,1.0,1.0,89,0,0,-1,,,
7bacd3cec5df553f,1,1.0,0,1.0,1.0,1.0,88,0,0,-1,,,
04676f5bccee5447,1,1.0,0,1.0,1.0,0.8863587162896659,51,0,0,-1,,,
0a51eb8adf8e5391,1,1.0,0,1.0,1.0,0.9405974371833391,49,0,0,-1,,,
6d7754fdda3a50a6,1,1.0,0,1.0,1.0,1.0,50,0,0,-1,,,
6f393be3019c508a,1,1.0,0,1.0,1.0,0.9400090356351734,50,0,0,-1,,,
be33fb4e1b435f1d,1,1.0,0,1.0,1.0,0.9398449863483777,50,0,0,-1,,,
f62e6cb228dc50e1,1,1.0,0,1.0,1.0,0.9009152700670588,50,0,0,-1,,,
9360bfdb65d153cd,1,1.0,0,1.0,1.0,0.9031258865336014,51,0,0,-1,,,
f1ae4feebfda5b75,1,1.0,0,1.0,1.0,0.9160306871439587,47,0,0,-1,,,
878665ca715b53d3,1,1.0,0,1.0,1.0,0.9769660421096579,15,0,0,-1,,,
48b503ec9c5a5d7a,1,1.0,0,1.0,1.0,0.9779441430726564,14,0,0,-1,,,
6c130d90781359d4,1,1.0,0,1.0,0.0,0.0,14,0,0,-1,,,
eb85aecce15f5e63,1,1.0,0,1.0,1.0,0.9602788219969288,14,0,0,-1,,,
30271c81460b556d,1,1.0,0,1.0,1.0,0.9625832836827483,15,0,0,-1,,,
e92a637d847e516c,1,1.0,0,1.0,0.0,0.0,14,0,0,-1,,,
4edc56ca4aac5896,1,1.0,0,1.0,1.0,0.9879253791509844,15,0,0,-1,,,
2c43056133655292,1,1.0,0,1.0,1.0,0.9959441667677641,14,0,0,-1,,,
93bdcee4c814567c,1,1.0,0,1.0,1.0,0.8927623515096638,86,0,0,-1,,,
a810e698e69e5e70,1,1.0,0,1.0,1.0,0.8914741152963453,83,0,0,-1,,,
a96abad3a09753c5,1,1.0,0,1.0,1.0,0.7280291852899397,76,0,0,-1,,,
cbf0e5deee8956a9,1,1.0,0,1.0,1.0,0.8843801619347649,74,0,0,-1,,,
326bf8cbf6375f03,1,1.0,0,1.0,1.0,0.9491532733088072,73,0,0,-1,,,
cccd69e7a6ff5be3,1,1.0,0,1.0,1.0,1.0,69,0,0,-1,,,
4925a678992c5726,1,1.0,0,1.0,1.0,1.0,70,0,0,-1,,,
df2b37f4a1b85a4e,1,1.0,0,1.0,1.0,1.0,74,0,0,-1,,,
4bda94d100d65f0d,1,1.0,0,1.0,1.0,1.0,75,0,0,-1,,,
cf7876c4ad0752b5,1,1.0,0,1.0,1.0,1.0,82,0,0,-1,,,
4d0c174b077e5603,1,1.0,0,1.0,1.0,0.9911953213950309,99,0,0,-1,,,
40508dfbe0f35d8e,1,1.0,0,1.0,1.0,0.9293270154115708,119,0,0,-1,,,
9bfa838de21f5d25,1,1.0,0,1.0,1.0,0.9193362397983899,123,0,0,-1,,,
0088dd94bbb85394,1,1.0,0,1.0,1.0,0.9261017614839977,124,0,0,-1,,,
ee380d59f0f450c6,1,1.0,0,1.0,1.0,0.9368119665523803,126,0,0,-1,,,
05769097cb6c5b91,1,1.0,0,1.0,1.0,0.9435033189457078,127,0,0,-1,,,
5d3fbc3605fb5bb9,1,1.0,0,1.0,1.0,0.9644412662199023,20,0,0,-1,,,
11f0b99dbce15be4,1,1.0,0,1.0,1.0,0.978588807379991,20,0,0,-1,,,
92ec09fc760c5c4d,1,1.0,0,1.0,1.0,0.9633358996659457,21,0,0,-1,,,
8c156f5b675b5657,1,1.0,0,1.0,1.0,1.0,19,0,0,-1,,,
eaee116f6fae5472,1,1.0,0,1.0,1.0,0.9669104065750919,19,0,0,-1,,,
b696510357665996,1,1.0,0,1.0,1.0,0.9651190591628268,17,0,0,-1,,,
6dd2d5f52cc55546,1,1.0,0,1.0,1.0,0.9636705442638985,17,0,0,-1,,,
f1ef98a6ff94525c,1,1.0,0,1.0,1.0,1.0,18,0,0,-1,,,
720c4f312c0f529e,1,1.0,0,1.0,1.0,1.0,85,0,0,-1,,,
066c0c3f45915cba,1,1.0,0,1.0,1.0,1.0,69,0,0,-1,,,
ccce59bb3b3a5c29,1,1.0,0,1.0,1.0,1.0,68,0,0,-1,,,
1541f285d1525ca0,1,1.0,0,1.0,1.0,1.0,63,0,0,-1,,,
2fec62bc2f325559,1,1.0,0,1.0,1.0,1.0,59,0,0,-1,,,
ee8e4ad158ef5a8d,1,1.0,0,1.0,1.0,1.0,61,0,0,-1,,,
96a0bbef8c335c3e,1,1.0,0,1.0,1.0,1.0,70,0,0,-1,,,
cce49307530e5b60,1,1.0,0,1.0,1.0,1.0,63,0,0,-1,,,
4501554f824e59fc,1,1.0,0,1.0,1.0,0.7522849026192958,7,0,0,-1,,,
40280e58e4d45fde,1,1.0,0,1.0,1.0,1.0,7,0,0,-1,,,
47d82a7c046d57bc,1,1.0,0,1.0,1.0,0.9318627768968032,5,0,0,-1,,,
6b61ec04ecb25221,1,1.0,0,1.0,1.0,0.9198830050116346,5,0,0,-1,,,
cee52329bc8855af,1,1.0,0,1.0,1.0,0.9006039659435401,8,0,0,-1,,,
d97244a589ca587f,1,1.0,0,1.0,1.0,0.9267383544171371,8,0,0,-1,,,
8af2a66435ea565a,1,1.0,0,1.0,1.0,0.8698969885435132,8,0,0,-1,,,
37e2bc0cb5a053a5,1,1.0,0,1.0,1.0,0.8415678471394133,9,0,0,-1,,,
3ce3c32cb4655d3d,1,1.0,0,1.0,1.0,0.9639869364605183,45,0,0,-1,,,
e6c36a6be3c75127,1,1.0,0,1.0,1.0,1.0,52,0,0,-1,,,
dc207d97e04f5ce1,1,1.0,0,1.0,1.0,1.0,51,0,0,-1,,,
491a9b7a44225a75,1,1.0,0,1.0,1.0,0.924180476790999,50,0,0,-1,,,
14576a845ffc521a,1,1.0,0,1.0,1.0,0.9369836422729252,44,0,0,-1,,,
191dc35423a85d10,1,1.0,0,1.0,1.0,0.9656618185641616,44,0,0,-1,,,
c091585789c859db,1,1.0,0,1.0,1.0,0.9195133836478849,44,0,0,-1,,,
45e9a0bc222452bf,1,1.0,0,1.0,1.0,0.8645021146169919,45,0,0,-1,,,
45b4f09799295069,1,1.0,0,1.0,1.0,0.9095636175311933,39,0,0,-1,,,
0388cd6f1af65029,1,1.0,0,1.0,1.0,0.9857767513619771,39,0,0,-1,,,
7291b74b016d5672,1,1.0,0,1.0,1.0,0.9010072579230259,38,0,0,-1,,,
0371700bf65b51e0,1,1.0,0,1.0,1.0,1.0,36,0,0,-1,,,
c2eecf5cfe46536f,1,1.0,0,1.0,1.0,1.0,36,0,0,-1,,,
134cbee5a9635cd7,1,1.0,0,1.0,1.0,0.9149787928132262,36,0,0,-1,,,
bb8497b5cf575e3a,1,1.0,0,1.0,1.0,0.8138875972810583,37,0,0,-1,,,
a071167fdae35f84,1,1.0,0,1.0,1.0,0.8862314053260621,37,0,0,-1,,,
e54bb40453165fac,1,1.0,0,1.0,1.0,0.9599558782612047,22,0,0,-1,,,
60b09bc0e48c5d97,1,1.0,0,1.0,1.0,0.9616766114657036,22,0,0,-1,,,
44f75400f3a15c14,1,1.0,0,1.0,1.0,0.962227762049969,22,0,0,-1,,,
ddfadfe2f0385b3b,1,1.0,0,1.0,1.0,0.9608957271645701,22,0,0,-1,,,
9c26c2cea984590f,1,1.0,0,1.0,1.0,0.9857779194254251,21,0,0,-1,,,
5590042a1aaa5f92,1,1.0,0,1.0,1.0,1.0,20,0,0,-1,,,
fd63045289ac5df7,1,1.0,0,1.0,1.0,1.0,20,0,0,-1,,,
6fe374eabe7b5dea,1,1.0,0,1.0,1.0,0.9907325621753738,21,0,0,-1,,,
4ef621a8318b5085,1,1.0,0,1.0,1.0,0.9819571446858024,15,0,0,-1,,,
4dd55e4b78955eca,1,1.0,0,0.0,1.0,0.5833333333333334,16,0,0,-1,,,
8a4a0c6823cd5e33,1,1.0,0,0.0,1.0,0.5574394160901863,20,0,0,-1,,,
c53328cc0fb15f17,1,1.0,0,1.0,1.0,0.9792698063962372,20,0,0,-1,,,
8be90fab0cf45555,1,1.0,0,1.0,1.0,0.9771867739771442,19,0,0,-1,,,
e6d59439935a5309,1,1.0,0,1.0,1.0,0.9787764503357765,18,0,0,-1,,,
00f20c2762515d09,1,1.0,0,1.0,1.0,0.961401641839331,19,0,0,-1,,,
3099475cc5365074,1,1.0,0,1.0,1.0,0.9620749490444306,21,0,0,-1,,,
9e0633fbdeac55bb,1,1.0,0,1.0,1.0,0.9323918395906747,132,0,0,-1,,,
eeb4b973450f50e9,1,1.0,0,1.0,1.0,1.0,137,0,0,-1,,,
f3521da962a75e3d,1,1.0,0,1.0,1.0,1.0,144,0,0,-1,,,
436da44562c95ac0,1,1.0,0,1.0,1.0,1.0,150,0,0,-1,,,
0c8b9f08bfa25dc2,1,1.0,0,1.0,1.0,1.0,143,0,0,-1,,,
bdfdf52ac60755a9,1,1.0,0,1.0,1.0,1.0,139,0,0,-1,,,
6b678e4f19c05dea,1,1.0,0,1.0,1.0,1.0,136,0,0,-1,,,
a4c23fa815945fe3,1,1.0,0,1.0,1.0,0.9372802267719367,108,0,0,-1,,,
87f7b4b94e2b5264,1,1.0,0,1.0,1.0,0.963423018354125,79,0,0,-1,,,
8f828599b2285a97,1,1.0,0,1.0,1.0,0.9548286507682872,94,0,0,-1,,,
aba7212ffa3458b6,1,1.0,0,1.0,1.0,0.9235519234686397,92,0,0,-1,,,
f376ed0415235e20,1,1.0,0,1.0,1.0,0.8900028982748595,96,0,0,-1,,,
01f2481a8cfc5803,1,1.0,0,1.0,1.0,0.922757932013043,95,0,0,-1,,,
3d324bda0cec57ab,1,1.0,0,1.0,1.0,0.920534093744736,93,0,0,-1,,,
f9a9b5ee707e501e,1,1.0,0,0.0,1.0,0.5431852327222592,90,0,0,-1,,,
b8de9baf9a155a1b,1,1.0,0,1.0,1.0,0.9183438596049704,89,0,0,-1,,,
bf8fcd79b7fa532d,1,1.0,0,1.0,1.0,0.908523647247128,13,0,0,-1,,,
b504737fcab3545b,1,1.0,0,1.0,1.0,0.7339030084085786,11,0,0,-1,,,
8de5173c05ee56f5,1,1.0,0,1.0,1.0,0.8801248715262308,8,0,0,-1,,,
661ce644db6d5546,1,1.0,0,1.0,1.0,1.0,7,0,0,-1,,,
b9f3b69b160e5ad0,1,1.0,0,1.0,1.0,0.9673128991595226,8,0,0,-1,,,
63ec67c4a58a5e5b,1,1.0,0,1.0,1.0,0.8438975040694908,7,0,0,-1,,,
a8245437ee3d5dd7,1,1.0,0,1.0,1.0,0.7605555769945185,5,0,0,-1,,,
3b225aa246f35197,1,1.0,0,1.0,1.0,0.6765229787174586,6,0,0,-1,,,
230f2d1902125696,1,1.0,0,1.0,1.0,1.0,39,0,0,-1,,,
81e0cc64152b5264,1,1.0,0,1.0,1.0,1.0,37,0,0,-1,,,
f79b805ec2435c98,1,1.0,0,1.0,1.0,1.0,41,0,0,-1,,,
81410acd84c0516a,1,1.0,0,1.0,1.0,1.0,44,0,0,-1,,,
0f78ffea52a85031,1,1.0,0,1.0,1.0,1.0,45,0,0,-1,,,
b934233d0ea6536b,1,1.0,0,1.0,1.0,1.0,50,0,0,-1,,,
8227648b1da95adb,1,1.0,0,1.0,1.0,0.8052986717650911,38,0,0,-1,,,
14f16328a6c0551e,1,1.0,0,1.0,1.0,0.870670323501296,40,0,0,-1,,,
a6be7050ff205933,1,1.0,0,1.0,1.0,0.9894813191337097,10,0,0,-1,,,
6704953640e55b83,1,1.0,0,1.0,1.0,1.0,10,0,0,-1,,,
616fa9b07f5653ef,1,1.0,0,1.0,1.0,0.8902568034820127,12,0,0,-1,,,
5ff5c54200fe53fb,1,1.0,0,1.0,1.0,0.924930684792879,12,0,0,-1,,,
66a897321eb45503,1,1.0,0,1.0,1.0,0.9109631005393508,13,0,0,-1,,,
afc395b46c2c5d7b,1,1.0,0,1.0,1.0,0.7233472102637356,13,0,0,-1,,,
834cf95826ec5c73,1,1.0,0,1.0,1.0,0.9317808891963993,14,0,0,-1,,,
06c9339fdc3e5404,1,1.0,0,1.0,1.0,0.9318217070527549,14,0,0,-1,,,
4e252b23d8935563,1,1.0,0,1.0,1.0,0.8685919575740678,44,0,0,-1,,,
b0d77b56b10d5861,1,1.0,0,1.0,1.0,0.9374919667353399,42,0,0,-1,,,
ae6787095e5e545a,1,1.0,0,1.0,1.0,0.9749508516214774,41,0,0,-1,,,
c7c04f1581855ac4,1,1.0,0,1.0,1.0,0.9696487928277085,42,0,0,-1,,,
76473ec469ed5a65,1,1.0,0,1.0,1.0,0.9412700223365645,41,0,0,-1,,,
e648d5c380455667,1,1.0,0,1.0,1.0,0.8883698447790805,41,0,0,-1,,,
eff5e373dade52e7,1,1.0,0,1.0,1.0,0.9196585648552053,41,0,0,-1,,,
6561633171e75bb6,1,1.0,0,1.0,1.0,1.0,40,0,0,-1,,,
308e246a1d995edd,1,1.0,0,1.0,1.0,0.965846698315914,16,0,0,-1,,,
1eade5af9ee65696,1,1.0,0,1.0,1.0,0.9905863325551844,27,0,0,-1,,,
66908680155c550a,1,1.0,0,1.0,1.0,0.9731614412099224,27,0,0,-1,,,
ff94ab2c81a25745,1,1.0,0,1.0,1.0,0.9050518415614319,232,0,0,-1,,,
7240e214b6bc5b44,1,1.0,0,1.0,1.0,1.0,223,0,0,-1,,,
bd4dcb8371d85f1d,1,1.0,0,1.0,1.0,1.0,222,0,0,-1,,,
e1d5cb7ac38f5038,1,1.0,0,1.0,1.0,1.0,210,0,0,-1,,,
8486dcafaee75d76,1,1.0,0,0.0,1.0,0.5833333333333334,201,0,0,-1,,,
5c162b0d30f35b55,1,1.0,0,1.0,1.0,0.9805045451603732,17,0,0,-1,,,
1b25edea36205814,1,1.0,0,1.0,1.0,0.5981726577380185,28,0,0,-1,,,
4f5b00e0de115593,1,1.0,0,1.0,1.0,0.6047426687315762,28,0,0,-1,,,
f7d40806c7045d54,1,1.0,0,1.0,1.0,0.9459940957226393,27,0,0,-1,,,
68b83d28894e5bc1,1,1.0,0,1.0,1.0,0.7683262948587273,28,0,0,-1,,,
c678ab21b707538f,1,1.0,0,1.0,1.0,0.941407290135397,32,0,0,-1,,,
2158d459f8b259c3,1,1.0,0,1.0,1.0,0.9265671108311976,33,0,0,-1,,,
47e0ff3bc36a5f69,1,1.0,0,1.0,1.0,0.802795578243856,41,0,0,-1,,,
1825640c9ed75a4b,1,1.0,0,1.0,1.0,0.9144517433662428,35,0,0,-1,,,
c801a9f6c4e05919,1,1.0,0,1.0,1.0,0.9224289809225258,30,0,0,-1,,,
5a12337425265ea1,1,1.0,0,1.0,1.0,0.9256333524829393,31,0,0,-1,,,
b5155b952c645ce0,1,1.0,0,1.0,1.0,0.8774875293423255,64,0,0,-1,,,
5ac5a4a182b859f7,1,1.0,0,1.0,1.0,0.8712588348917715,69,0,0,-1,,,
26ffff4876f75eed,1,1.0,0,1.0,1.0,0.8534943632704821,70,0,0,-1,,,
566ee79ab35c5b14,1,1.0,0,1.0,1.0,1.0,75,0,0,-1,,,
79e011726ebe5aa0,1,1.0,0,1.0,1.0,1.0,77,0,0,-1,,,
b393ab92c8ac5e77,1,1.0,0,1.0,1.0,0.9274535981661124,46,0,0,-1,,,
b156e8110afb5efd,1,1.0,0,1.0,1.0,0.9346456300748862,45,0,0,-1,,,
ed2103838dae5993,1,1.0,0,1.0,1.0,0.9232369934864325,45,0,0,-1,,,
d113b39be843564f,1,1.0,0,1.0,1.0,0.9240108443044508,44,0,0,-1,,,
13ae6351239c5343,1,1.0,0,1.0,1.0,0.9496249579841258,24,0,0,-1,,,
43440ae761cd5a8e,1,1.0,0,1.0,1.0,0.9218413407284819,23,0,0,-1,,,
775e5b7f1b235e12,1,1.0,0,1.0,1.0,0.8744726539575881,15,0,0,-1,,,
23fb1660b6985e05,1,1.0,0,1.0,1.0,0.9155685815644867,14,0,0,-1,,,
5395d42cc65e5c06,1,1.0,0,1.0,1.0,0.9558733997648257,309,0,0,-1,,,
fa3c2377e39c52e3,1,1.0,0,1.0,1.0,0.9585321815930343,303,0,0,-1,,,
68ba9a9b2d6f572d,1,1.0,0,1.0,1.0,0.8705580833832866,286,0,0,-1,,,
7d399fe8e4335fc3,1,1.0,0,1.0,1.0,0.8792638042936911,281,0,0,-1,,,
8728071969cc5091,1,1.0,0,1.0,1.0,0.8848764965536285,270,0,0,-1,,,
8c8694effde754e6,1,1.0,0,1.0,1.0,0.8887372292271033,257,0,0,-1,,,
31cdd1b336305b1a,1,1.0,0,1.0,1.0,0.9247601030373733,247,0,0,-1,,,
25f4a620bd5f51cc,1,1.0,0,1.0,1.0,0.8703658209863919,245,0,0,-1,,,
8a88b869e2ca552d,1,1.0,0,1.0,1.0,1.0,147,0,0,-1,,,
d398c8ceafe050be,1,1.0,0,1.0,0.0,0.0,274,0,0,-1,,,
616382bea2ff5853,1,1.0,0,1.0,1.0,0.9772542331267461,283,0,0,-1,,,
85159c024a355d8d,1,1.0,0,1.0,1.0,0.9257757743634455,291,0,0,-1,,,
947829285f5d5526,1,1.0,0,1.0,1.0,0.967567266554069,298,0,0,-1,,,
d39ff27c54d55ef1,1,1.0,0,1.0,1.0,0.9640962082316676,307,0,0,-1,,,
1719439969a55cc6,1,1.0,0,1.0,1.0,0.9590348299062809,309,0,0,-1,,,
a0c719046be7530e,1,1.0,0,1.0,1.0,0.9573189721631774,309,0,0,-1,,,
da6bafca1d9f5b58,1,1.0,0,1.0,1.0,0.8340299276734421,86,0,0,-1,,,
ec8a3deaeb1a53ac,1,1.0,0,1.0,1.0,0.9199541088584366,91,0,0,-1,,,
68ece717ce6553e7,1,1.0,0,1.0,1.0,1.0,92,0,0,-1,,,
6b5b038496cb56ba,1,1.0,0,1.0,1.0,1.0,97,0,0,-1,,,
0317b218061b5c4d,1,1.0,0,1.0,1.0,1.0,101,0,0,-1,,,
bca002ce93bd5997,1,1.0,0,1.0,1.0,0.8811872099908079,138,0,0,-1,,,
3866b4b85a135f66,1,1.0,0,1.0,1.0,0.8808057541110257,135,0,0,-1,,,
8e04fd5e1613597a,1,1.0,0,1.0,1.0,0.8470271972495627,135,0,0,-1,,,
5350c9f947cb5482,1,1.0,0,1.0,1.0,0.8120034827433206,43,0,0,-1,,,
c66c7433e8855d01,1,1.0,0,1.0,1.0,0.8287808195530073,44,0,0,-1,,,
c1255801436851c4,1,1.0,0,1.0,1.0,0.826002186690844,46,0,0,-1,,,
3e2a45dbe6fa50aa,1,1.0,0,1.0,1.0,0.9793783660747103,47,0,0,-1,,,
de03efda68e65021,1,1.0,0,1.0,1.0,0.8942373705845214,51,0,0,-1,,,
05965158ab845b47,1,1.0,0,1.0,1.0,0.9509144403457993,54,0,0,-1,,,
75c91bd683535274,1,1.0,0,1.0,1.0,0.8234033055048742,53,0,0,-1,,,
2751f9eb641455c9,1,1.0,0,1.0,1.0,0.6993564256215365,57,0,0,-1,,,
2e9c19d0168c58ac,1,1.0,0,1.0,1.0,1.0,71,0,0,-1,,,
2218fd73bd8d54da,1,1.0,0,1.0,1.0,1.0,69,0,0,-1,,,
815153cb27f95a7c,1,1.0,0,0.0,1.0,0.5167296496852943,25,0,0,-1,,,
51754449a4dd5f27,1,1.0,0,1.0,1.0,1.0,18,0,0,-1,,,
afa37504b1da59bf,1,1.0,0,1.0,1.0,1.0,19,0,0,-1,,,
0b4dfcb47cb85e89,1,1.0,0,1.0,1.0,0.8759907777539307,18,0,0,-1,,,
6762c1ac11a15adf,1,1.0,0,1.0,1.0,0.6864849766561433,18,0,0,-1,,,
a23ebe50e290544b,1,1.0,0,1.0,0.0,0.0,20,0,0,-1,,,
498c6f15e5c856bb,1,1.0,0,1.0,1.0,0.8673052801881725,58,0,0,-1,,,
580524859b485a1b,1,1.0,0,1.0,1.0,0.8507863058337373,51,0,0,-1,,,
81b8a8b98a655f0f,1,1.0,0,1.0,1.0,1.0,54,0,0,-1,,,
a806a92596d6570b,1,1.0,0,1.0,1.0,1.0,60,0,0,-1,,,
3bf2974c80c55503,1,1.0,0,1.0,1.0,0.6061044145209468,70,0,0,-1,,,
caee3d86c00351e6,1,1.0,0,1.0,1.0,0.9706974232975196,71,0,0,-1,,,
7d40448fd04e5e28,1,1.0,0,1.0,1.0,0.9663178121438284,70,0,0,-1,,,
2cc43d98cfa55ab6,1,1.0,0,1.0,1.0,1.0,70,0,0,-1,,,
3ef7a107ecc75162,1,1.0,0,1.0,1.0,0.938310719253756,61,0,0,-1,,,
32648fe3eaa45ed1,1,1.0,0,1.0,1.0,0.9790441415944481,64,0,0,-1,,,
9243ca15a76e552f,1,1.0,0,1.0,1.0,0.9463260960850589,65,0,0,-1,,,
9e4c1639be465a8a,1,1.0,0,1.0,1.0,0.9210853009020766,59,0,0,-1,,,
6c8af7c93b5751c4,1,1.0,0,1.0,1.0,0.9205249591312548,61,0,0,-1,,,
2ee2b26e0f20509d,1,1.0,0,1.0,1.0,0.9234599748452951,68,0,0,-1,,,
b94fd2088a4f5688,1,1.0,0,1.0,1.0,0.9190344347865046,67,0,0,-1,,,
1b6ca45027e3531c,1,1.0,0,1.0,1.0,0.9221685077587477,70,0,0,-1,,,
d697dea3ebba5047,1,1.0,0,1.0,1.0,0.8540443352459602,136,0,0,-1,,,
7e134ea5ffa259f2,1,1.0,0,1.0,1.0,0.7931622547674211,125,0,0,-1,,,
1ac0023fd2655313,1,1.0,0,1.0,1.0,0.8067361475999176,120,0,0,-1,,,
ca41dc3231965d47,1,1.0,0,1.0,1.0,0.8221550525379097,121,0,0,-1,,,
534e6a7d7e8c528b,1,1.0,0,1.0,1.0,0.8480429770711764,122,0,0,-1,,,
a3af72210c7553c4,1,1.0,0,1.0,1.0,0.8730380859589606,120,0,0,-1,,,
47359dd210e254ea,1,1.0,0,1.0,1.0,1.0,118,0,0,-1,,,
36f34c9e02a15801,1,1.0,0,1.0,1.0,1.0,118,0,0,-1,,,
1ad3e9d726b35d0e,1,1.0,0,1.0,1.0,1.0,129,0,0,-1,,,
980f649f5cef5434,1,1.0,0,1.0,1.0,1.0,130,0,0,-1,,,
b5b46d4db32a5d8c,1,1.0,0,1.0,1.0,1.0,134,0,0,-1,,,
f51f9c282b9a54aa,1,1.0,0,1.0,1.0,1.0,132,0,0,-1,,,
4334739a7f4e554e,1,1.0,0,1.0,1.0,1.0,133,0,0,-1,,,
4314c162a57f568e,1,1.0,0,1.0,1.0,0.8968695116026617,134,0,0,-1,,,
740f68663d3255e1,1,1.0,0,1.0,1.0,0.9412513290660627,133,0,0,-1,,,
4c111cf640f258b4,1,1.0,0,1.0,1.0,0.8524954449230046,132,0,0,-1,,,
143989e6ed115458,1,1.0,0,1.0,1.0,0.945384214558164,22,0,0,-1,,,
918d03455301591b,1,1.0,0,1.0,1.0,0.7600861292866622,49,0,0,-1,,,
eeae24d38eb15e0a,1,1.0,0,1.0,1.0,0.8002297992122385,48,0,0,-1,,,
1f095494fe755244,1,1.0,0,1.0,1.0,0.9605075466096965,68,0,0,-1,,,
9320c42b53b052f0,1,1.0,0,1.0,1.0,0.9549373621463407,70,0,0,-1,,,
ab8034dd8873524b,1,1.0,0,1.0,1.0,0.9515448751369738,68,0,0,-1,,,
83b935eff1815935,1,1.0,0,1.0,1.0,0.9529495156128549,67,0,0,-1,,,
29770ed8cd49511e,1,1.0,0,1.0,1.0,0.9509177168900003,70,0,0,-1,,,
b5be372c45f05a96,1,1.0,0,1.0,1.0,0.6811827093175021,65,0,0,-1,,,
32013abf6afd5d2e,1,1.0,0,1.0,1.0,0.9084356528457552,52,0,0,-1,,,
2d2b781181f156dc,1,1.0,0,1.0,1.0,0.7904366901642256,58,0,0,-1,,,
39e13f76e8b55320,1,1.0,0,1.0,1.0,0.7471562745024342,56,0,0,-1,,,
fc58a8b4d619577d,1,1.0,0,1.0,1.0,0.549042964962677,55,0,0,-1,,,
9f44032dfc315223,1,1.0,0,1.0,1.0,0.7189403075073159,55,0,0,-1,,,
bf2bd235d7225732,1,1.0,0,1.0,1.0,0.8087388941629142,53,0,0,-1,,,
cec165c3246d5529,1,1.0,0,1.0,1.0,0.8097089081428889,46,0,0,-1,,,
8fb11d5808355072,1,1.0,0,0.0,1.0,0.5833333333333334,190,0,0,-1,,,
495a149c042a5636,1,1.0,0,0.0,1.0,0.5833333333333334,187,0,0,-1,,,
a708f8c8db805496,1,1.0,0,1.0,1.0,1.0,186,0,0,-1,,,
f512480c969a5eab,1,1.0,0,1.0,1.0,1.0,183,0,0,-1,,,
76b4369e21a15a7a,1,1.0,0,1.0,1.0,1.0,182,0,0,-1,,,
0c5365f52bac5785,1,1.0,0,1.0,1.0,1.0,179,0,0,-1,,,
9a89dccc70835d69,1,1.0,0,1.0,1.0,0.8191969046889184,180,0,0,-1,,,
609d74e2399c53ad,1,1.0,0,1.0,1.0,0.798024709945798,179,0,0,-1,,,
2e1c1db92800578d,1,1.0,0,0.0,1.0,0.5833333333333334,40,0,0,-1,,,
1edf90bb34fc5d3f,1,0.0,1,0.0,1.0,0.0,41,1,0,0,VEHICLE,0,2.8
022cc20c8dd45bc5,1,1.0,0,0.0,1.0,0.5833333333333334,39,0,0,-1,,,
4eff4682a7795fe1,1,1.0,0,1.0,1.0,1.0,39,0,0,-1,,,
038948dd9db85d2a,1,1.0,0,1.0,1.0,1.0,39,0,0,-1,,,
c2f9c48979255481,1,1.0,0,1.0,1.0,1.0,40,0,0,-1,,,
e726c3ae361058c1,1,0.0,1,1.0,1.0,0.0,65,1,0,0,VEHICLE,0,5.6
f322d71f14a35cfa,1,1.0,0,1.0,1.0,1.0,62,0,0,-1,,,
b8cc094c43575a31,1,1.0,0,1.0,1.0,0.9072975093076847,68,0,0,-1,,,
8be468b729aa5f1e,1,1.0,0,1.0,1.0,0.955955806148817,68,0,0,-1,,,
e429babc45b05f4e,1,1.0,0,1.0,1.0,0.9446381609565154,67,0,0,-1,,,
30d3af9350045c29,1,1.0,0,1.0,1.0,0.957822454896523,70,0,0,-1,,,
1b4af0da5a485c17,1,1.0,0,1.0,1.0,0.9761730231507624,71,0,0,-1,,,
b6b0722747565854,1,1.0,0,1.0,1.0,0.9634540977863363,71,0,0,-1,,,
618e368153135092,1,1.0,0,1.0,1.0,0.9821293097109512,73,0,0,-1,,,
18d232e64db55ba9,1,1.0,0,1.0,1.0,0.9780957038295544,70,0,0,-1,,,
c90d3a1a568a59d3,1,1.0,0,1.0,1.0,1.0,63,0,0,-1,,,
2575048779565f0b,1,1.0,0,1.0,1.0,0.8834743045952623,54,0,0,-1,,,
8f8ccbd6ffcb54b9,1,1.0,0,1.0,1.0,0.9101330493061789,54,0,0,-1,,,
f2a41314d1575761,1,1.0,0,1.0,1.0,0.9841111349229329,52,0,0,-1,,,
03ffae8f89f65f90,1,1.0,0,1.0,1.0,1.0,52,0,0,-1,,,
49a53d11de6d5b1d,1,1.0,0,1.0,1.0,0.9726992033874229,55,0,0,-1,,,
52d4fbbe8bd551dc,1,1.0,0,1.0,1.0,0.920887445691441,59,0,0,-1,,,
be027cd33b835419,1,1.0,0,1.0,1.0,0.9263023042596289,61,0,0,-1,,,
6225b347244658c1,1,1.0,0,1.0,1.0,0.8945649486805403,258,0,0,-1,,,
61e3a4acbdf55ffe,1,1.0,0,1.0,1.0,0.8916026057467171,261,0,0,-1,,,
0dc4e0a3f0195741,1,1.0,0,1.0,1.0,0.8969819948225837,264,0,0,-1,,,
6881586931a25031,1,1.0,0,1.0,1.0,0.8887478595299596,265,0,0,-1,,,
eb19160d56255b73,1,1.0,0,1.0,1.0,0.9315698178498327,263,0,0,-1,,,
ffb2d865d42e57c0,1,1.0,0,1.0,1.0,0.9863157694476888,262,0,0,-1,,,
d44241b93dc95d36,1,1.0,0,1.0,1.0,0.9746843751956832,264,0,0,-1,,,
14c2bb3737ab519c,1,1.0,0,1.0,1.0,0.8244611067527806,44,0,0,-1,,,
cdb932bd30715a52,1,1.0,0,1.0,1.0,0.878646361268018,132,0,0,-1,,,
af5f095a4d815525,1,1.0,0,1.0,1.0,1.0,130,0,0,-1,,,
7daa0ad6ca5356fc,1,1.0,0,1.0,1.0,1.0,126,0,0,-1,,,
3c542be991515ccd,1,1.0,0,1.0,1.0,0.9077918166747803,79,0,0,-1,,,
e1b3e5e086a05ff9,1,1.0,0,1.0,1.0,0.9105137827617945,78,0,0,-1,,,
deb63152bd9453e0,1,1.0,0,1.0,1.0,0.8652669330747985,77,0,0,-1,,,
c766d336f81858c5,1,1.0,0,1.0,1.0,1.0,74,0,0,-1,,,
1b439c269a83590c,1,1.0,0,1.0,1.0,1.0,71,0,0,-1,,,
6496c4adf0f65e78,1,1.0,0,1.0,1.0,0.952729630539304,75,0,0,-1,,,
618902d469b5516e,1,1.0,0,1.0,1.0,0.8831791773797651,43,0,0,-1,,,
bbc8e4799fe85548,1,1.0,0,1.0,1.0,0.8466051789219683,62,0,0,-1,,,
016d8cf09d875f57,1,1.0,0,1.0,1.0,0.7355789187074407,67,0,0,-1,,,
41890b20b92953b4,1,1.0,0,1.0,1.0,0.8427926965507796,68,0,0,-1,,,
0d2ff90baf395430,1,1.0,0,1.0,1.0,0.6395145162153489,68,0,0,-1,,,
c84db99f6a4f51ae,1,1.0,0,1.0,1.0,0.8749494484178145,69,0,0,-1,,,
f3f0ebe8d9185b69,1,1.0,0,1.0,1.0,0.8723262843681027,69,0,0,-1,,,
97c8e9ca10ba5a69,1,1.0,0,1.0,1.0,0.8010754201621801,178,0,0,-1,,,
a161122c95815233,1,1.0,0,1.0,1.0,0.8216554964696776,178,0,0,-1,,,
df044fb9c65c5d52,1,1.0,0,1.0,1.0,1.0,183,0,0,-1,,,
bc427a4503535af2,1,1.0,0,1.0,1.0,0.8415204015545515,165,0,0,-1,,,
eb822e0610545fd6,1,1.0,0,1.0,1.0,0.8141741055706794,163,0,0,-1,,,
54e57dfcbf295398,1,1.0,0,1.0,1.0,0.8666202740361167,159,0,0,-1,,,
71adcc94aa6856a6,1,1.0,0,1.0,1.0,0.851405361713394,159,0,0,-1,,,
608f33b279a15cfc,1,1.0,0,1.0,1.0,1.0,149,0,0,-1,,,
9897a102ee075dee,1,1.0,0,1.0,1.0,1.0,65,0,0,-1,,,
d99e2e84c46f577d,1,1.0,0,1.0,1.0,0.8835772973576895,66,0,0,-1,,,
69baa41122b45e43,1,1.0,0,1.0,1.0,0.9213035369694323,48,0,0,-1,,,
c8deb087395357c3,1,1.0,0,1.0,1.0,0.9056002585822283,39,0,0,-1,,,
31960634eefb5d47,1,1.0,0,1.0,1.0,0.9144584849770211,39,0,0,-1,,,
a5be642219735a49,1,1.0,0,1.0,1.0,0.7096573429617338,35,0,0,-1,,,
8d27ff75eeb1559e,1,1.0,0,1.0,1.0,0.7127643806986144,34,0,0,-1,,,
cd008a1ed571512f,1,1.0,0,1.0,1.0,0.9051988581351452,35,0,0,-1,,,
67094a5dcc8c5ff6,1,1.0,0,1.0,1.0,0.921201574854687,34,0,0,-1,,,
8f976b493bbc59b4,1,1.0,0,1.0,1.0,0.8127368674671002,30,0,0,-1,,,
f665cf888bbd5595,1,1.0,0,1.0,1.0,0.7463665694746756,30,0,0,-1,,,
63573ea2fdb85b0e,1,1.0,0,1.0,1.0,0.7411410567871073,32,0,0,-1,,,
fa937665dc4a5d08,1,1.0,0,1.0,1.0,0.7598207938672678,40,0,0,-1,,,
c02bb4d7993e5bbb,1,1.0,0,1.0,1.0,0.8228348652937819,45,0,0,-1,,,
d8acd89d5cc95e9a,1,1.0,0,1.0,1.0,0.8549875749418844,50,0,0,-1,,,
00abc794f8ce5195,1,1.0,0,1.0,1.0,0.8950393063441936,54,0,0,-1,,,
b7c35b12755c5d44,1,1.0,0,1.0,1.0,0.9557775559608238,3,0,0,-1,,,
c38eb1a738745b1e,1,1.0,0,1.0,1.0,1.0,3,0,0,-1,,,
e9cfc98fdc09590a,1,1.0,0,1.0,1.0,0.9690151989572066,3,0,0,-1,,,
35cf51dd13d559c0,1,1.0,0,0.0,1.0,0.5833333333333334,4,0,0,-1,,,
2d578825c3a8565f,1,0.0,1,0.0,1.0,0.0,4,1,0,2,VEHICLE,2,18.4
5583c1447acd5f31,1,0.0,1,0.0,1.0,0.0,4,1,0,2,VEHICLE,2,14.9
2c14c850f6645147,1,1.0,0,1.0,1.0,1.0,4,0,0,-1,,,
0a06f8a3204d5e11,1,1.0,0,1.0,1.0,0.9629163105712225,3,0,0,-1,,,
83ec4461559c5388,1,1.0,0,1.0,1.0,1.0,78,0,0,-1,,,
24179dca21ec5427,1,1.0,0,1.0,1.0,1.0,80,0,0,-1,,,
2ff39958d9f35279,1,1.0,0,1.0,1.0,0.9293280598923479,60,0,0,-1,,,
803addaf65355261,1,1.0,0,1.0,1.0,0.9243259324011174,60,0,0,-1,,,
16d3b353ffe650de,1,1.0,0,1.0,1.0,0.9078381370589731,57,0,0,-1,,,
c64f55518a18575b,1,1.0,0,1.0,1.0,0.9484710501284223,55,0,0,-1,,,
944eece37ff15fa1,1,1.0,0,1.0,1.0,0.9774864638510894,56,0,0,-1,,,
5469a6a592ef55d0,1,1.0,0,1.0,1.0,0.9683991125077372,58,0,0,-1,,,
531415bb29245095,1,1.0,0,1.0,1.0,1.0,11,0,0,-1,,,
0cc24c1449cd54f9,1,1.0,0,1.0,1.0,1.0,11,0,0,-1,,,
ce9f5160229b5755,1,1.0,0,1.0,1.0,1.0,12,0,0,-1,,,
1ebcf2ddce325598,1,1.0,0,1.0,1.0,1.0,14,0,0,-1,,,
e024bd23594b5a13,1,1.0,0,1.0,1.0,1.0,15,0,0,-1,,,
8164612a623156ae,1,1.0,0,1.0,0.0,0.0,15,0,0,-1,,,
84d0b82110465b43,1,1.0,0,1.0,0.0,0.0,17,0,0,-1,,,
86cad912457d5115,1,1.0,0,1.0,0.0,0.0,16,0,0,-1,,,
edf7281f49b9573d,1,1.0,0,1.0,1.0,1.0,18,0,0,-1,,,
fa9a6007ed205fe7,1,1.0,0,1.0,0.0,0.0,22,0,0,-1,,,
e9b43b140b1d54bf,1,1.0,0,1.0,0.0,0.0,10,0,0,-1,,,
089e3eac4f7e5c5c,1,1.0,0,1.0,1.0,0.7970345744446844,13,0,0,-1,,,
def5763ef93655ae,1,1.0,0,1.0,1.0,0.7761438828336815,12,0,0,-1,,,
2c1c564733075187,1,1.0,0,1.0,1.0,0.7969138455783562,11,0,0,-1,,,
2834297c33cd5d50,1,1.0,0,1.0,1.0,0.7950959105428711,9,0,0,-1,,,
24ce107c0e75533a,1,1.0,0,1.0,1.0,0.7146520007621252,6,0,0,-1,,,
795d49f6b8ec5f69,1,1.0,0,1.0,1.0,0.8821067027500943,63,0,0,-1,,,
08c1c8fbe5435208,1,1.0,0,1.0,1.0,0.8795046290285519,62,0,0,-1,,,
a8df71513975500b,1,1.0,0,1.0,1.0,0.8998728382892054,61,0,0,-1,,,
55bc862799d350f9,1,1.0,0,1.0,1.0,1.0,61,0,0,-1,,,
911993e744795177,1,1.0,0,1.0,1.0,1.0,59,0,0,-1,,,
b5b7e0338624532b,1,1.0,0,1.0,1.0,1.0,58,0,0,-1,,,
86877e183c4e5864,1,1.0,0,1.0,1.0,1.0,57,0,0,-1,,,
e2fe44045eac5b89,1,1.0,0,1.0,1.0,1.0,74,0,0,-1,,,
a584a676d2b859c7,1,1.0,0,1.0,1.0,0.8044944309650868,118,0,0,-1,,,
b42af31e8e9b596d,1,1.0,0,1.0,1.0,0.797079031919517,121,0,0,-1,,,
778dc72ff2ec5e94,1,1.0,0,1.0,1.0,0.7992219947964556,118,0,0,-1,,,
604f30d83d8652ae,1,1.0,0,1.0,1.0,1.0,122,0,0,-1,,,
ffb972d89b065422,1,1.0,0,1.0,1.0,1.0,123,0,0,-1,,,
013fbdcd9db35b43,1,1.0,0,1.0,1.0,1.0,127,0,0,-1,,,
13bae3f5ab31581d,1,1.0,0,1.0,1.0,1.0,128,0,0,-1,,,
0c86ab0f851559e8,1,1.0,0,1.0,1.0,1.0,128,0,0,-1,,,
2472d00839f65c25,1,1.0,0,1.0,1.0,1.0,59,0,0,-1,,,
20c8f9038443596e,1,1.0,0,1.0,1.0,0.8004329209732831,60,0,0,-1,,,
9387d5660fcf5d98,1,1.0,0,1.0,1.0,0.8807287688381992,61,0,0,-1,,,
d66634cbe1b65b95,1,1.0,0,1.0,1.0,0.8873323981866047,60,0,0,-1,,,
41470fb14dab5d99,1,1.0,0,1.0,1.0,0.8651856721348606,60,0,0,-1,,,
1a0ce53e0a4755e5,1,1.0,0,1.0,1.0,0.908253362019606,63,0,0,-1,,,
3f269e7b5ced51fa,1,1.0,0,1.0,1.0,0.974063259217511,3,0,0,-1,,,
9d32436291335261,1,1.0,0,1.0,0.0,0.0,4,0,0,-1,,,
b683672d37cc5001,1,1.0,0,1.0,1.0,0.8473004389817614,58,0,0,-1,,,
4421e25bf73a553b,1,1.0,0,1.0,1.0,0.8175020610466497,58,0,0,-1,,,
86c5b7af4b47513d,1,1.0,0,1.0,1.0,0.9095680291574976,59,0,0,-1,,,
d471c0c48cb05f04,1,1.0,0,1.0,1.0,0.8830768599034672,60,0,0,-1,,,
4c9a89b8cd2853d6,1,1.0,0,1.0,1.0,0.9299793052302915,59,0,0,-1,,,
89652dfe12165def,1,1.0,0,1.0,1.0,0.9965466389067711,62,0,0,-1,,,
33c738c5f199510e,1,1.0,0,1.0,1.0,0.966027596345211,62,0,0,-1,,,
3fd7c487c29f53bc,1,1.0,0,1.0,1.0,0.8387852218470723,63,0,0,-1,,,
e6056b57c0515735,1,1.0,0,1.0,1.0,0.9606252395051585,13,0,0,-1,,,
82b1cb7113515dfb,1,1.0,0,1.0,1.0,0.9638289073468522,13,0,0,-1,,,
d983f3c9756357b2,1,1.0,0,1.0,1.0,0.9715300465419863,13,0,0,-1,,,
d7d57d8fb3b6589a,1,1.0,0,1.0,1.0,0.7809071652025882,14,0,0,-1,,,
c7a44a2e52bc5e22,1,1.0,0,1.0,1.0,0.7743850886651922,14,0,0,-1,,,
d64b2da8ffb65c16,1,1.0,0,1.0,1.0,0.9723722229749056,15,0,0,-1,,,
4ceb0bc19e0f57d5,1,1.0,0,1.0,1.0,0.7619985211083306,13,0,0,-1,,,
805fed6cba8c5fd3,1,1.0,0,1.0,1.0,0.9887752242704467,14,0,0,-1,,,
f73281d701fd56a6,1,1.0,0,1.0,1.0,0.9565728265846328,56,0,0,-1,,,
ec90dfde532d5633,1,1.0,0,1.0,1.0,0.9621654549438649,55,0,0,-1,,,
9bd57127fa3b5d8d,1,1.0,0,1.0,1.0,0.9155767181595212,57,0,0,-1,,,
95e6e7c4cfe15b91,1,1.0,0,1.0,1.0,0.8951751902212383,56,0,0,-1,,,
ad54eadf72625631,1,1.0,0,1.0,1.0,0.8777436078030579,55,0,0,-1,,,
1b96821ba3425e3b,1,1.0,0,1.0,1.0,0.8062339126405395,56,0,0,-1,,,
a5b2403d85fc511d,1,1.0,0,1.0,1.0,1.0,77,0,0,-1,,,
555af87f71415a3d,1,1.0,0,1.0,1.0,1.0,81,0,0,-1,,,
c239a3efe5df5739,1,1.0,0,1.0,1.0,0.9776931694625047,33,0,0,-1,,,
a3b663577f605feb,1,1.0,0,1.0,1.0,1.0,34,0,0,-1,,,
0d1800f960bf5d51,1,1.0,0,0.0,1.0,0.5833333333333334,35,0,0,-1,,,
608913faecb959b4,1,1.0,0,1.0,1.0,1.0,37,0,0,-1,,,
eb4bbe69b80d5f12,1,1.0,0,0.0,1.0,0.5833333333333334,37,0,0,-1,,,
84ec7e450e205d8f,1,1.0,0,1.0,1.0,0.966370046401621,39,0,0,-1,,,
dc6df220730c599a,1,1.0,0,0.0,1.0,0.571375397777702,39,0,0,-1,,,
9f699a1331785e57,1,0.0,1,0.0,1.0,0.0,39,1,0,0,VEHICLE,0,0.9
7dd9388d605c50a1,1,1.0,0,1.0,1.0,0.9612438158299614,31,0,0,-1,,,
72720a5350e75184,1,1.0,0,1.0,1.0,0.9585376895435053,29,0,0,-1,,,
0d8754f6d53d5968,1,1.0,0,1.0,1.0,0.818609355735123,31,0,0,-1,,,
ec02f065af405039,1,1.0,0,1.0,1.0,0.8877353563420729,29,0,0,-1,,,
5b3db54a43ca52ed,1,1.0,0,1.0,1.0,0.9011333552999327,29,0,0,-1,,,
c6cef2558e365e85,1,1.0,0,1.0,1.0,0.9716525086683617,31,0,0,-1,,,
3b3f3faf6778593f,1,1.0,0,1.0,1.0,0.9859338568381227,31,0,0,-1,,,
bf00c76f25185b83,1,1.0,0,1.0,1.0,0.8733251328096715,41,0,0,-1,,,
4104fd0bb7845b56,1,1.0,0,1.0,1.0,0.8558274905653099,39,0,0,-1,,,
9bb20085732d5f8d,1,1.0,0,1.0,1.0,0.9718208136412655,38,0,0,-1,,,
92ebb72e83325bb1,1,1.0,0,1.0,1.0,1.0,38,0,0,-1,,,
18649e595e7b51ab,1,1.0,0,1.0,1.0,1.0,41,0,0,-1,,,
75a76122cf43569e,1,1.0,0,1.0,1.0,0.8723802399245972,40,0,0,-1,,,
353988b87d995f68,1,1.0,0,1.0,1.0,0.8984335751909257,39,0,0,-1,,,
c484b85e7b07535c,1,1.0,0,1.0,1.0,0.9161074302999564,35,0,0,-1,,,
3bdecfdccc335eda,1,1.0,0,1.0,1.0,0.9294550581998676,34,0,0,-1,,,
7461c860b4d25bf2,1,1.0,0,1.0,1.0,0.9774546221829542,5,0,0,-1,,,
fbf241ca4b6758d8,1,1.0,0,1.0,1.0,0.9553884850527744,5,0,0,-1,,,
a5c89cf130d858a4,1,1.0,0,1.0,1.0,1.0,6,0,0,-1,,,
4b4c7883539d5eb9,1,1.0,0,1.0,1.0,1.0,10,0,0,-1,,,
eb2304df049d5ce3,1,1.0,0,1.0,1.0,0.9948111727799839,10,0,0,-1,,,
5955c4ef15c75350,1,1.0,0,1.0,1.0,1.0,12,0,0,-1,,,
a4213d4e327c5b6e,1,1.0,0,1.0,1.0,1.0,12,0,0,-1,,,
e8d6682562335254,1,1.0,0,1.0,1.0,0.9955944146525164,10,0,0,-1,,,
dc2675fb11d6540d,1,1.0,0,1.0,1.0,0.906615603193495,33,0,0,-1,,,
f742c7490c2d5b98,1,1.0,0,1.0,1.0,0.8959449725972313,32,0,0,-1,,,
597d1cf34bcc5e53,1,1.0,0,1.0,1.0,0.9412680082892764,32,0,0,-1,,,
3380d56c05ba594b,1,1.0,0,1.0,1.0,0.9259764775699857,19,0,0,-1,,,
8dc7d00ce175549d,1,1.0,0,1.0,1.0,0.973902657725521,16,0,0,-1,,,
e1cb9d3c53135bfa,1,1.0,0,1.0,1.0,0.9675095310155255,16,0,0,-1,,,
ef16f9855fe95fda,1,1.0,0,1.0,1.0,0.8650948642486357,10,0,0,-1,,,
d66a4334c9625c4a,1,1.0,0,1.0,1.0,0.890850227023375,10,0,0,-1,,,
13cd1cf21a4f5acb,1,1.0,0,1.0,1.0,0.9329836410239446,9,0,0,-1,,,
35234d714b5d5da9,1,1.0,0,1.0,1.0,0.9120526315218239,8,0,0,-1,,,
0acd819b9eae51f7,1,1.0,0,1.0,1.0,0.9056076128083212,9,0,0,-1,,,
66129006472354e7,1,1.0,0,1.0,1.0,0.9484556038332772,8,0,0,-1,,,
b031a0b55ab951f8,1,1.0,0,1.0,1.0,0.7144489582381383,10,0,0,-1,,,
94c6fd3f9ec85914,1,1.0,0,1.0,0.0,0.0,12,0,0,-1,,,
1c31e37ce65b52d9,1,1.0,0,1.0,1.0,0.9125612125481073,19,0,0,-1,,,
1d58f582aa95543b,1,1.0,0,1.0,1.0,0.9209016879137287,20,0,0,-1,,,
351f4333f34258b6,1,1.0,0,1.0,1.0,0.9356871012283584,9,0,0,-1,,,
78e8eab14d8e5d65,1,1.0,0,1.0,1.0,0.935532800278621,9,0,0,-1,,,
3741be84f7c15b5a,1,1.0,0,1.0,1.0,0.9406778866447528,9,0,0,-1,,,
49f37d1d50ef5873,1,1.0,0,1.0,1.0,0.9708217409465906,8,0,0,-1,,,
5c084920ee285003,1,1.0,0,1.0,1.0,0.8585356465487884,7,0,0,-1,,,
f2592c08589e5398,1,1.0,0,1.0,1.0,0.8403324817280272,10,0,0,-1,,,
7e052b9f5ca25531,1,1.0,0,1.0,0.0,0.0,10,0,0,-1,,,
2ad17379a25d55d9,1,1.0,0,1.0,1.0,0.7245626337909851,10,0,0,-1,,,
5cfbf7afa66458c3,1,1.0,0,1.0,1.0,1.0,14,0,0,-1,,,
5fd5fdcf5c1552b9,1,1.0,0,1.0,1.0,1.0,12,0,0,-1,,,
727ed49214315cd6,1,1.0,0,1.0,1.0,1.0,21,0,0,-1,,,
28c5e10661025e5f,1,1.0,0,1.0,1.0,0.9586693057431113,23,0,0,-1,,,
3a2203251ab65b53,1,1.0,0,1.0,1.0,1.0,23,0,0,-1,,,
d64abcb201245b5a,1,1.0,0,1.0,1.0,1.0,23,0,0,-1,,,
bb30019d8f645e62,1,1.0,0,1.0,1.0,0.9529425441831201,23,0,0,-1,,,
f24730f3bb525e73,1,1.0,0,1.0,1.0,0.9470153366735623,26,0,0,-1,,,
128ea9f2561d53d1,1,1.0,0,1.0,1.0,1.0,69,0,0,-1,,,
cd67b6a868ed5745,1,1.0,0,1.0,1.0,1.0,65,0,0,-1,,,
d68e0b255e055d35,1,1.0,0,1.0,1.0,1.0,64,0,0,-1,,,
7d1fdeb7e341522d,1,1.0,0,1.0,1.0,1.0,64,0,0,-1,,,
f264f464b21753de,1,1.0,0,1.0,1.0,0.9319389084593158,66,0,0,-1,,,
68bbcb5f42845480,1,1.0,0,1.0,1.0,0.9123833884919584,65,0,0,-1,,,
29b743b5bdd1527e,1,1.0,0,1.0,1.0,0.8719659134751425,63,0,0,-1,,,
7d368be282b85528,1,1.0,0,1.0,1.0,0.8565838490756051,63,0,0,-1,,,
ed5defe615515789,1,1.0,0,1.0,1.0,0.9325410033660798,28,0,0,-1,,,
b99d20a078a958b9,1,1.0,0,1.0,1.0,0.9429340602500473,28,0,0,-1,,,
1e1878076a0b52d6,1,1.0,0,1.0,1.0,0.8993624338283936,28,0,0,-1,,,
7a3e5ab8218e550f,1,1.0,0,1.0,1.0,1.0,27,0,0,-1,,,
43b78800618758d9,1,1.0,0,1.0,1.0,0.9339702937180316,27,0,0,-1,,,
93b50a6df30b5453,1,1.0,0,1.0,1.0,0.9275725907358258,29,0,0,-1,,,
c2116c7a0b15556d,1,1.0,0,1.0,1.0,0.9259135069581242,29,0,0,-1,,,
218ebafd6210550e,1,1.0,0,1.0,1.0,0.9312662865867137,31,0,0,-1,,,
a3882e6ae8635832,1,1.0,0,1.0,1.0,0.8207996435182997,25,0,0,-1,,,
4bc95052d6d8547e,1,1.0,0,1.0,1.0,0.8711668968384282,26,0,0,-1,,,
107e89e927fa571a,1,1.0,0,1.0,1.0,0.893019003347121,27,0,0,-1,,,
43a759f57b1d51e4,1,1.0,0,1.0,1.0,0.863343113575984,28,0,0,-1,,,
a4581d8af5f755a9,1,1.0,0,1.0,1.0,0.9516425238917985,28,0,0,-1,,,
695d7450eb3958c1,1,1.0,0,1.0,1.0,0.9175844505273701,27,0,0,-1,,,
e17906596dab5e6c,1,1.0,0,1.0,1.0,0.9356532532376146,27,0,0,-1,,,
c87dc623a8b3564d,1,1.0,0,1.0,1.0,0.9101183438750793,26,0,0,-1,,,
bfcbb192c11b5736,1,1.0,0,1.0,1.0,0.9907209238436107,20,0,0,-1,,,
dce07c446c7955aa,1,1.0,0,1.0,1.0,1.0,18,0,0,-1,,,
fb43d35afc375bb2,1,1.0,0,1.0,1.0,1.0,19,0,0,-1,,,
f820630d5f0a50ed,1,1.0,0,1.0,1.0,0.931976653550219,23,0,0,-1,,,
7fa739c174a55eaa,1,1.0,0,1.0,1.0,0.9311018014728317,24,0,0,-1,,,
7984326209765d68,1,1.0,0,1.0,1.0,0.9418293309358624,25,0,0,-1,,,
b8873bb7c3f35d15,1,1.0,0,1.0,1.0,0.9790142556229761,25,0,0,-1,,,
b0a3bbfe213a507b,1,1.0,0,1.0,1.0,0.9632329716086708,29,0,0,-1,,,
1db7c81f96855ce9,1,1.0,0,1.0,1.0,0.8101948409760952,13,0,0,-1,,,
aee1ca352fdd55f1,1,1.0,0,1.0,1.0,0.8680192569748066,13,0,0,-1,,,
c856f2dbe8715b80,1,1.0,0,1.0,1.0,0.923533395267398,15,0,0,-1,,,
3c379ee75e765c6e,1,1.0,0,1.0,1.0,0.9650658860110233,15,0,0,-1,,,
2835dec909575f74,1,1.0,0,1.0,1.0,0.9046850391500345,17,0,0,-1,,,
719eb7fea14c5b94,1,1.0,0,1.0,1.0,0.938968530918046,19,0,0,-1,,,
d9e93eae3b4a5235,1,1.0,0,1.0,1.0,0.9998551051463899,19,0,0,-1,,,
b5b0ab149f9055db,1,1.0,0,1.0,1.0,0.8116254139344713,24,0,0,-1,,,
87a1c55863135418,1,1.0,0,1.0,1.0,1.0,40,0,0,-1,,,
47da19c4edbe5b95,1,1.0,0,1.0,1.0,0.7668310055066758,55,0,0,-1,,,
b1b21ee9179a5fd8,1,1.0,0,1.0,1.0,0.7771495436035449,56,0,0,-1,,,
c227b95266d75371,1,1.0,0,1.0,1.0,0.7893807464515713,62,0,0,-1,,,
436728a1202a5ae6,1,1.0,0,1.0,1.0,0.8665367620359378,63,0,0,-1,,,
378f82a326bd5875,1,1.0,0,1.0,1.0,0.8398569631460505,64,0,0,-1,,,
ad34e2d0d3865530,1,1.0,0,1.0,1.0,0.8079578944193138,64,0,0,-1,,,
6c9e40634f705f56,1,1.0,0,1.0,1.0,0.7779783204917505,64,0,0,-1,,,
467a4f14137a5910,1,1.0,0,1.0,1.0,0.9276267162477544,24,0,0,-1,,,
1b613bcca44b5b29,1,1.0,0,1.0,1.0,0.8954406221456832,25,0,0,-1,,,
bf929b24f13b5c37,1,1.0,0,1.0,1.0,0.7946843623560608,26,0,0,-1,,,
7320f05fb6675c76,1,1.0,0,1.0,1.0,0.7207595190886734,26,0,0,-1,,,
0000548db87959c2,1,1.0,0,1.0,1.0,0.907574763595318,21,0,0,-1,,,
bf4c97f6024b5029,1,1.0,0,1.0,1.0,0.896002493681621,23,0,0,-1,,,
7cc683dca0155801,1,1.0,0,1.0,1.0,0.9645874262393708,21,0,0,-1,,,
290091fca02b5939,1,1.0,0,1.0,1.0,0.9349402155944048,20,0,0,-1,,,
450d66ced3175d35,1,1.0,0,1.0,1.0,0.9460736129840687,68,0,0,-1,,,
9a24a904a324581d,1,1.0,0,1.0,1.0,0.9665178212323701,68,0,0,-1,,,
9195f25b12bd56d9,1,1.0,0,1.0,1.0,0.9024188022130013,66,0,0,-1,,,
5b834475a09a531c,1,1.0,0,1.0,1.0,0.9249284010141778,62,0,0,-1,,,
1b056ac7f7995a8a,1,1.0,0,1.0,1.0,0.920425153918934,61,0,0,-1,,,
c8f1cf1b119f5afe,1,1.0,0,1.0,1.0,0.926286090013844,59,0,0,-1,,,
8673d97f94ae5700,1,1.0,0,1.0,1.0,0.9258453229233877,58,0,0,-1,,,
e99ca54f8f4d585f,1,1.0,0,1.0,1.0,0.9133960514138146,56,0,0,-1,,,
e10bd715492150e3,1,1.0,0,1.0,1.0,0.7483553125566395,63,0,0,-1,,,
2497e961a13e50f8,1,1.0,0,1.0,1.0,0.7274487126207222,64,0,0,-1,,,
b77b4b6eb149553f,1,1.0,0,1.0,1.0,1.0,57,0,0,-1,,,
f5af188b17e85ef0,1,1.0,0,1.0,1.0,1.0,55,0,0,-1,,,
6aa2d225dc0d5b6e,1,1.0,0,1.0,1.0,1.0,52,0,0,-1,,,
6b8774b008675f8d,1,1.0,0,1.0,1.0,0.9372058329839521,52,0,0,-1,,,
dee99345e2015845,1,1.0,0,1.0,1.0,0.9763529015230695,67,0,0,-1,,,
ee4ca385da5d5778,1,1.0,0,1.0,1.0,0.9400255111103952,67,0,0,-1,,,
72c1d1069773561d,1,1.0,0,1.0,1.0,0.724329930608339,10,0,0,-1,,,
c6be203c41a155e4,1,1.0,0,1.0,1.0,0.7787030247776449,11,0,0,-1,,,
0a4752bc6c8b5174,1,1.0,0,1.0,1.0,0.9532365684651408,10,0,0,-1,,,
cfb7ecec39485237,1,1.0,0,1.0,1.0,0.7920185381975271,10,0,0,-1,,,
7a18ceb376d859c1,1,1.0,0,1.0,1.0,0.785459332746734,12,0,0,-1,,,
8a880b6ff1dd59ab,1,1.0,0,1.0,1.0,0.8061810002014534,11,0,0,-1,,,
f68fcc74e570541d,1,1.0,0,1.0,1.0,0.6628517203211929,9,0,0,-1,,,
c5ec810bb3625418,1,1.0,0,1.0,1.0,0.9694506123228166,10,0,0,-1,,,
8926a4661fd05f7e,1,1.0,0,1.0,1.0,0.9545576594880205,68,0,0,-1,,,
1f7588f60e8d5ff2,1,1.0,0,1.0,1.0,0.9392341894299111,68,0,0,-1,,,
f1b71a95642b5da2,1,1.0,0,1.0,1.0,0.9469653858362332,69,0,0,-1,,,
bd35995b3dcb53e8,1,1.0,0,1.0,1.0,0.9426971113291259,69,0,0,-1,,,
bb0d850edd125bbe,1,1.0,0,1.0,1.0,0.8983096210830505,66,0,0,-1,,,
4dbe96a8a7be58dc,1,1.0,0,1.0,1.0,0.8941700300149442,64,0,0,-1,,,
8153e70fc0545d5a,1,1.0,0,1.0,1.0,0.8988083863638344,59,0,0,-1,,,
a44db880afe95be7,1,1.0,0,1.0,1.0,0.7610039723008658,46,0,0,-1,,,
a1d40a879acc5165,1,1.0,0,1.0,1.0,0.8880940716693821,36,0,0,-1,,,
aefbf6f8b9fe5824,1,1.0,0,1.0,1.0,1.0,37,0,0,-1,,,
bc8d053770cf5449,1,1.0,0,1.0,1.0,1.0,37,0,0,-1,,,
bd2591ae189c5a38,1,1.0,0,1.0,1.0,1.0,37,0,0,-1,,,
b664ff6d2c185e31,1,1.0,0,1.0,1.0,1.0,37,0,0,-1,,,
65fc12f7836f58ed,1,1.0,0,1.0,1.0,1.0,41,0,0,-1,,,
c84b4ca798ca563a,1,1.0,0,1.0,1.0,1.0,42,0,0,-1,,,
9bafc41b5ee0547c,1,1.0,0,1.0,1.0,1.0,43,0,0,-1,,,
b7e61e7b15265bb9,1,1.0,0,1.0,1.0,1.0,76,0,0,-1,,,
f874757c4b46591b,1,1.0,0,1.0,1.0,1.0,76,0,0,-1,,,
3a2616c871335ef4,1,1.0,0,1.0,1.0,1.0,74,0,0,-1,,,
6f1be4d182475bc8,1,1.0,0,1.0,1.0,1.0,110,0,0,-1,,,
e5e1dbb69578517b,1,1.0,0,1.0,1.0,0.8116670773690364,114,0,0,-1,,,
737920796b595b0f,1,1.0,0,1.0,1.0,0.8502584215644869,116,0,0,-1,,,
e51779c52d7956bd,1,1.0,0,1.0,1.0,1.0,116,0,0,-1,,,
230b5f3fb3f157fe,1,1.0,0,1.0,1.0,1.0,116,0,0,-1,,,
6e778c30490d5f50,1,1.0,0,1.0,1.0,0.8851307810755425,106,0,0,-1,,,
e11091e5742d545b,1,1.0,0,1.0,1.0,0.8280165087784197,104,0,0,-1,,,
f6c528f78bdf593c,1,1.0,0,1.0,1.0,0.8056155461709903,104,0,0,-1,,,
53834451cfa75fd0,1,1.0,0,1.0,1.0,0.906658207579148,103,0,0,-1,,,
159ec1accaf55d3f,1,1.0,0,1.0,1.0,0.9908644768079817,102,0,0,-1,,,
69e3344606a55c73,1,1.0,0,1.0,1.0,0.9778323664121912,102,0,0,-1,,,
f5d8dc03a0555cdc,1,1.0,0,1.0,1.0,1.0,101,0,0,-1,,,
2dad1998a320527d,1,1.0,0,1.0,1.0,0.9394677532098239,43,0,0,-1,,,
a159a54ad01d5f4f,1,1.0,0,1.0,1.0,0.9371469217372653,57,0,0,-1,,,
1c2170ed2977545e,1,1.0,0,1.0,1.0,0.9019962440808937,56,0,0,-1,,,
51ed8d0e57055ed3,1,1.0,0,1.0,1.0,0.9031350200278806,55,0,0,-1,,,
094846d2fa755e29,1,1.0,0,1.0,1.0,0.8924403441282998,56,0,0,-1,,,
656d501570ce5e54,1,1.0,0,1.0,1.0,0.8738807492670663,57,0,0,-1,,,
432dcd9a21c25043,1,1.0,0,1.0,1.0,0.7782984219693966,57,0,0,-1,,,
d61ed977dd8a5197,1,1.0,0,1.0,1.0,1.0,59,0,0,-1,,,
1753feeb7c0e552c,1,1.0,0,1.0,1.0,1.0,58,0,0,-1,,,
fc0fc7649a335d27,1,1.0,0,1.0,1.0,1.0,29,0,0,-1,,,
b470096ee3425c5a,1,1.0,0,1.0,1.0,1.0,30,0,0,-1,,,
a8ee480d197e56dd,1,1.0,0,1.0,1.0,1.0,30,0,0,-1,,,
aab44cff9f3552b1,1,1.0,0,1.0,1.0,1.0,30,0,0,-1,,,
84431cd14c765efc,1,1.0,0,1.0,1.0,1.0,29,0,0,-1,,,
557fe4dc6b2a5c76,1,1.0,0,1.0,1.0,1.0,29,0,0,-1,,,
03eef9b11774564f,1,1.0,0,1.0,1.0,1.0,30,0,0,-1,,,
0a21cbc65e5b514f,1,1.0,0,1.0,1.0,0.9126431964498644,76,0,0,-1,,,
ecdc079932755e4e,1,1.0,0,1.0,1.0,0.9815020647464836,40,0,0,-1,,,
938b4978b8da5a08,1,1.0,0,1.0,1.0,1.0,38,0,0,-1,,,
7178178922315ef7,1,1.0,0,1.0,1.0,1.0,37,0,0,-1,,,
ed105c47e38b55e4,1,1.0,0,1.0,1.0,1.0,38,0,0,-1,,,
a44bb178ec7d5c6a,1,1.0,0,1.0,1.0,0.9413920994860909,37,0,0,-1,,,
e2e83df1a791542b,1,1.0,0,1.0,1.0,0.9399499207493526,37,0,0,-1,,,
1d7a96e116735b6c,1,1.0,0,1.0,1.0,0.9022549931049587,37,0,0,-1,,,
04e3f71d6bc15d1e,1,1.0,0,1.0,1.0,0.8819323986049349,37,0,0,-1,,,
17c882b28a195c3d,1,1.0,0,1.0,1.0,0.9316103777766193,66,0,0,-1,,,
a4fb656f624e5458,1,1.0,0,1.0,1.0,0.8965182745978519,65,0,0,-1,,,
a547f498303e5b17,1,1.0,0,1.0,1.0,0.8984676072854599,64,0,0,-1,,,
22dde440a0c35d31,1,1.0,0,1.0,1.0,0.8823200383353978,63,0,0,-1,,,
134b10cfe7e753e6,1,1.0,0,1.0,1.0,0.749678008557655,63,0,0,-1,,,
c772799eaf1f5ad1,1,1.0,0,1.0,1.0,0.9301198655618128,62,0,0,-1,,,
a9f639a57ac75fa5,1,1.0,0,1.0,1.0,0.9293371747334428,58,0,0,-1,,,
92079b2eb4675c0d,1,1.0,0,1.0,1.0,0.9300673409467638,57,0,0,-1,,,
23d647e77f2d515e,1,1.0,0,1.0,1.0,0.7810454568143875,50,0,0,-1,,,
ac019d81388056be,1,1.0,0,1.0,1.0,0.8889623134787854,49,0,0,-1,,,
64b6d412bf15576e,1,1.0,0,1.0,1.0,0.9250157843958383,53,0,0,-1,,,
2f7f6af0b98354be,1,1.0,0,1.0,1.0,0.9160779390999064,54,0,0,-1,,,
b474c79361415cb0,1,1.0,0,1.0,1.0,0.7377463213278502,60,0,0,-1,,,
68ba851239655c3a,1,1.0,0,1.0,1.0,0.8678419086314837,62,0,0,-1,,,
fd7c51a15e5b54a6,1,1.0,0,1.0,1.0,0.8535736923046718,67,0,0,-1,,,
b441db826d515eb7,1,1.0,0,1.0,1.0,0.9491359727980934,66,0,0,-1,,,
2d0334f7e7d75853,1,1.0,0,1.0,1.0,0.9624834373269202,51,0,0,-1,,,
77f11643ced5562a,1,1.0,0,1.0,1.0,0.7340780337087874,59,0,0,-1,,,
cd1304eac1a25f00,1,1.0,0,1.0,1.0,0.8275959550188882,59,0,0,-1,,,
4749d401a5a95254,1,1.0,0,1.0,1.0,0.9218706169172558,59,0,0,-1,,,
a75e220cee925c10,1,1.0,0,1.0,1.0,1.0,60,0,0,-1,,,
868e70f831cb551c,1,1.0,0,1.0,1.0,0.957592267610439,63,0,0,-1,,,
5a0b3bf9218f56a2,1,1.0,0,1.0,1.0,1.0,67,0,0,-1,,,
d4af857a65825fc1,1,1.0,0,1.0,1.0,0.9943995985055122,68,0,0,-1,,,
0dc3dee5c8815a90,1,1.0,0,1.0,1.0,0.9604713127048049,46,0,0,-1,,,
f6f14df95f6c52af,1,1.0,0,1.0,1.0,0.8213064851917964,53,0,0,-1,,,
4581d95a873c5679,1,1.0,0,1.0,1.0,0.8765172133926956,53,0,0,-1,,,
2223b290d60556d5,1,1.0,0,1.0,1.0,0.7786731148028619,50,0,0,-1,,,
a25c025ea58d5409,1,1.0,0,1.0,1.0,0.9069914414741648,41,0,0,-1,,,
1c77ba7488d35c52,1,1.0,0,1.0,1.0,0.7525360805005429,44,0,0,-1,,,
522894525b4e5168,1,1.0,0,1.0,1.0,0.8215273184227804,42,0,0,-1,,,
df3b1f0f39625162,1,1.0,0,1.0,1.0,0.8953051998257578,40,0,0,-1,,,
99c561c0507851d8,1,1.0,0,1.0,1.0,0.9703698617054197,27,0,0,-1,,,
dd9750d89740502d,1,1.0,0,1.0,1.0,0.9807780799049889,28,0,0,-1,,,
8c36f77fe7215dd7,1,1.0,0,1.0,1.0,0.9785461802122951,28,0,0,-1,,,
79bba6381fb85a36,1,1.0,0,1.0,1.0,0.94570428112554,29,0,0,-1,,,
f534c8da0962552c,1,1.0,0,1.0,1.0,0.9267102673894856,30,0,0,-1,,,
6c62867b6d7a51fa,1,1.0,0,1.0,1.0,0.9374823524036277,35,0,0,-1,,,
4e5b53cea7145f00,1,1.0,0,1.0,1.0,0.9126154515989752,37,0,0,-1,,,
9d72593884a757a3,1,1.0,0,1.0,1.0,1.0,40,0,0,-1,,,
566f63e4108c5d48,1,1.0,0,1.0,1.0,0.872371810990181,38,0,0,-1,,,
4c684da98f405857,1,1.0,0,1.0,1.0,0.9184507074941445,33,0,0,-1,,,
8b1193abd0b75de0,1,1.0,0,1.0,1.0,0.9409422840791687,30,0,0,-1,,,
7022b42a3743507a,1,1.0,0,1.0,1.0,1.0,30,0,0,-1,,,
43ce8a5ddf8f5541,1,1.0,0,1.0,1.0,1.0,32,0,0,-1,,,
4d718caa6ebc5b37,1,1.0,0,1.0,1.0,0.6850458552631661,32,0,0,-1,,,
1615cf8bd43759c2,1,1.0,0,1.0,1.0,0.7265217169568278,34,0,0,-1,,,
c6281b21b9015448,1,1.0,0,1.0,1.0,1.0,42,0,0,-1,,,
3efebf87894a552e,1,1.0,0,1.0,1.0,0.885113404437511,43,0,0,-1,,,
afe2240435575a92,1,1.0,0,1.0,1.0,1.0,41,0,0,-1,,,
604bdac2bba05309,1,1.0,0,1.0,1.0,0.9914506340748029,43,0,0,-1,,,
ef81756601bc569f,1,1.0,0,1.0,1.0,0.881462000064173,44,0,0,-1,,,
bc91cb648d525c6c,1,1.0,0,1.0,1.0,0.9081369673942147,45,0,0,-1,,,
103c3ee1db23521d,1,1.0,0,1.0,1.0,0.8666925744115765,47,0,0,-1,,,
ae06592110305073,1,1.0,0,1.0,1.0,0.9580414756576561,42,0,0,-1,,,
0a746c037a905da7,1,1.0,0,1.0,1.0,0.9222191307843146,47,0,0,-1,,,
e7b780eed68e5ce3,1,1.0,0,1.0,1.0,1.0,112,0,0,-1,,,
eee59dd716c05e1b,1,1.0,0,1.0,1.0,0.8980905199579988,106,0,0,-1,,,
4014296da6f75079,1,1.0,0,1.0,1.0,1.0,86,0,0,-1,,,
50a0fd7b031e5ca6,1,1.0,0,1.0,1.0,0.7444696470433483,37,0,0,-1,,,
fc0d202904585a6a,1,1.0,0,1.0,1.0,0.820605478559474,39,0,0,-1,,,
6cf6aa937d7c5c71,1,1.0,0,1.0,1.0,0.7566719960685923,39,0,0,-1,,,
a0e088521cf1547d,1,1.0,0,1.0,1.0,0.8557103680355654,40,0,0,-1,,,
87614ec5f3da5f4a,1,1.0,0,1.0,1.0,0.8223354798613527,41,0,0,-1,,,
33f9db8342475213,1,1.0,0,1.0,1.0,0.945675746446358,68,0,0,-1,,,
39108eefc8e95e0e,1,1.0,0,1.0,1.0,0.9315948265695391,68,0,0,-1,,,
c9c4bcd94e755b0f,1,1.0,0,1.0,1.0,0.9318059248207259,68,0,0,-1,,,
ed9a6ef4e38b58ec,1,1.0,0,1.0,1.0,0.9405739265041824,69,0,0,-1,,,
7e238e859ebb5720,1,1.0,0,1.0,1.0,0.9389630830550146,64,0,0,-1,,,
87929fb304eb5bcc,1,1.0,0,1.0,1.0,0.9473297672773219,64,0,0,-1,,,
6828c3caaaca56e1,1,1.0,0,1.0,1.0,0.9549091288533188,62,0,0,-1,,,
aaf1c9da44cb567b,1,1.0,0,1.0,1.0,0.9498577361881195,66,0,0,-1,,,
432598c0bda65445,1,1.0,0,1.0,1.0,0.8952990508328353,49,0,0,-1,,,
0ba54149d1575f95,1,1.0,0,1.0,1.0,1.0,151,0,0,-1,,,
af5ebe3ccf8f50ed,1,1.0,0,1.0,1.0,0.8075120839312971,89,0,0,-1,,,
8a17d8a06b425d2d,1,1.0,0,1.0,1.0,1.0,91,0,0,-1,,,
c5b7c7d45f1d5ac1,1,1.0,0,1.0,1.0,1.0,90,0,0,-1,,,
c3d5c730ba905b86,1,1.0,0,1.0,1.0,1.0,151,0,0,-1,,,
d4e9c2fa89c55897,1,1.0,0,1.0,1.0,1.0,149,0,0,-1,,,
0d2403a8031f540c,1,1.0,0,1.0,1.0,1.0,148,0,0,-1,,,
c0ccba48004c5eba,1,1.0,0,1.0,1.0,0.9428109258712302,124,0,0,-1,,,
74da64c81fe1552e,1,1.0,0,1.0,1.0,1.0,127,0,0,-1,,,
8127022f9d745e8c,1,1.0,0,1.0,1.0,1.0,124,0,0,-1,,,
48f9e483baaf58a0,1,1.0,0,1.0,1.0,0.8413257063020124,108,0,0,-1,,,
eea2ca9965e35b7a,1,1.0,0,1.0,1.0,0.8399994825455078,110,0,0,-1,,,
a1ff2db262ab5db7,1,1.0,0,1.0,1.0,0.8438157606436109,110,0,0,-1,,,
de85008572b15018,1,1.0,0,1.0,1.0,1.0,115,0,0,-1,,,
bae48b8677205cad,1,1.0,0,1.0,1.0,1.0,116,0,0,-1,,,
4b5f475a2afc5ed0,1,1.0,0,1.0,1.0,1.0,145,0,0,-1,,,
6303f880d5c05166,1,1.0,0,1.0,1.0,1.0,144,0,0,-1,,,
7dfe5f8b766b5893,1,1.0,0,1.0,1.0,1.0,139,0,0,-1,,,
33ee6f1f594d50ca,1,1.0,0,1.0,1.0,1.0,146,0,0,-1,,,
11482e143a4e5dec,1,0.0,1,0.0,1.0,0.0,146,1,0,0,VEHICLE,0,1.9
2882be3ae16b50e3,1,0.0,1,0.0,1.0,0.0,146,1,0,0,VEHICLE,0,0.7
46e5a6cf37de5493,1,0.0,1,0.0,1.0,0.0,143,1,0,0,VEHICLE,0,3.0
aff4d44c562f5eef,1,1.0,0,1.0,1.0,1.0,140,0,0,-1,,,
e9d16ba0eb935220,1,1.0,0,1.0,1.0,0.8499585485264977,110,0,0,-1,,,
597f506bb5fd5a83,1,1.0,0,1.0,1.0,1.0,105,0,0,-1,,,
9184d994aedd50b1,1,1.0,0,1.0,1.0,0.8402836270928017,102,0,0,-1,,,
6afbce15383553d7,1,1.0,0,1.0,1.0,0.8174744781266062,102,0,0,-1,,,
8a43e10749585b21,1,1.0,0,1.0,1.0,0.8441713583248375,103,0,0,-1,,,
8b9aa871306555d0,1,1.0,0,1.0,1.0,0.8309793281780586,105,0,0,-1,,,
e61cc4ac32d7538a,1,1.0,0,1.0,1.0,0.8125704677985542,105,0,0,-1,,,
18375bbfe4c85ae3,1,1.0,0,1.0,1.0,0.7805218391538928,109,0,0,-1,,,
52ab5e0a4e075cad,1,1.0,0,1.0,1.0,0.9421894062849253,16,0,0,-1,,,
8b83388ca9005cf1,1,1.0,0,1.0,1.0,0.9390126200626954,16,0,0,-1,,,
444d8e18dcce5e49,1,1.0,0,1.0,1.0,0.9349659957261425,15,0,0,-1,,,
773005dea0fc53ab,1,1.0,0,1.0,1.0,0.9322654103051121,12,0,0,-1,,,
91c7e207e3395557,1,1.0,0,1.0,1.0,0.9310487010129646,9,0,0,-1,,,
6074e965781b510e,1,1.0,0,1.0,1.0,1.0,8,0,0,-1,,,
82bebb2c1ca55736,1,1.0,0,1.0,1.0,1.0,7,0,0,-1,,,
f205c912572b559e,1,1.0,0,1.0,1.0,0.905167499409599,7,0,0,-1,,,
ae2c1faedb3356f9,1,1.0,0,1.0,1.0,0.8596130483391592,24,0,0,-1,,,
af94f29d37e55b02,1,1.0,0,1.0,1.0,0.9186489449670322,24,0,0,-1,,,
a65896c3c7be51ca,1,1.0,0,1.0,1.0,0.7942306104331752,21,0,0,-1,,,
ccfe1da323ed53a9,1,1.0,0,1.0,1.0,0.8558505849577024,10,0,0,-1,,,
9baf79c0513b5228,1,1.0,0,1.0,1.0,0.8530799466115558,10,0,0,-1,,,
6361bbead79c5ac2,1,1.0,0,1.0,1.0,0.8496780397941205,9,0,0,-1,,,
39bbb12794ca56a3,1,1.0,0,1.0,1.0,0.8332111140526607,9,0,0,-1,,,
043524c9126f5893,1,1.0,0,1.0,1.0,0.8921575074809556,8,0,0,-1,,,
a3df0f8925b251e0,1,1.0,0,1.0,1.0,1.0,57,0,0,-1,,,
0fcb8c19983c51b6,1,1.0,0,1.0,1.0,0.9218642282983852,19,0,0,-1,,,
6c1a4bb1d99b52a3,1,1.0,0,1.0,1.0,0.8986357701980469,20,0,0,-1,,,
a45b1d5e36b35909,1,1.0,0,1.0,1.0,0.9516858872984901,20,0,0,-1,,,
02e3c13aa3975b02,1,1.0,0,1.0,1.0,0.9423031795021677,18,0,0,-1,,,
1f174dcc44335ad6,1,1.0,0,1.0,1.0,0.935378749064205,18,0,0,-1,,,
d74f4eda6af854c4,1,1.0,0,1.0,1.0,0.9278797058438143,17,0,0,-1,,,
cc2ab80d336a56e0,1,1.0,0,1.0,1.0,0.9220069568951738,16,0,0,-1,,,
6761ba552b3759fa,1,1.0,0,1.0,1.0,0.9573952245267616,134,0,0,-1,,,
66f8bdd077ff5fc3,1,1.0,0,1.0,1.0,0.9436233443063662,150,0,0,-1,,,
774ebe12eab151b6,1,1.0,0,1.0,1.0,0.9401201930196453,155,0,0,-1,,,
722ed88251d25420,1,1.0,0,1.0,1.0,0.9036903935776852,158,0,0,-1,,,
63873e2afca95e70,1,1.0,0,1.0,1.0,0.9018244485799221,161,0,0,-1,,,
2aade0b3987d5366,1,1.0,0,1.0,1.0,0.8852607892888208,155,0,0,-1,,,
25b719c231d85e56,1,1.0,0,1.0,1.0,1.0,154,0,0,-1,,,
23d71fb39b0456f5,1,1.0,0,1.0,1.0,1.0,155,0,0,-1,,,
0a2b9bb1214f5e2f,1,1.0,0,1.0,1.0,0.9027827217380687,7,0,0,-1,,,
42eef0001e6c5498,1,1.0,0,1.0,1.0,0.8741392000083078,40,0,0,-1,,,
3ec3d2ab34f756e6,1,1.0,0,1.0,1.0,0.8762402648768391,42,0,0,-1,,,
b7c1448b395e56c6,1,1.0,0,1.0,1.0,0.8552533865076719,42,0,0,-1,,,
37a8f4466b8b5110,1,1.0,0,1.0,1.0,0.8415066519873845,44,0,0,-1,,,
9d7108a109a2571f,1,1.0,0,1.0,1.0,0.8206228325910144,47,0,0,-1,,,
d5fc95fa66025d7a,1,1.0,0,1.0,1.0,0.8723787718639325,49,0,0,-1,,,
8ec53979117552c7,1,1.0,0,1.0,1.0,0.8594007708391884,47,0,0,-1,,,
f02b15cc225b5d9a,1,1.0,0,1.0,1.0,0.9410204430129422,400,0,0,-1,,,
e41f13ed67485c54,1,1.0,0,1.0,1.0,0.935377595296579,379,0,0,-1,,,
45102df6530d59e8,1,1.0,0,0.0,1.0,0.3424658839735281,360,0,0,-1,,,
29d982d97d135311,1,1.0,0,1.0,1.0,0.946710105613794,348,0,0,-1,,,
9c1e8e69c7cd537b,1,1.0,0,1.0,1.0,0.9708589547788778,327,0,0,-1,,,
d08c7fa247395729,1,1.0,0,1.0,1.0,0.9677693511167197,310,0,0,-1,,,
0f65bd2bac90534a,1,1.0,0,1.0,1.0,0.9672444508830561,280,0,0,-1,,,
4c775cb227b0519d,1,1.0,0,1.0,1.0,0.9386423076491863,109,0,0,-1,,,
c2aa6f44aad45549,1,1.0,0,1.0,1.0,1.0,155,0,0,-1,,,
00ff8eeb53cc598b,1,1.0,0,1.0,1.0,1.0,169,0,0,-1,,,
2807cd605f1156da,1,1.0,0,1.0,1.0,0.8769910355290769,196,0,0,-1,,,
85ee18c706cf5966,1,1.0,0,1.0,1.0,0.9474075180230481,196,0,0,-1,,,
c53ae2fe6cc751e7,1,1.0,0,1.0,1.0,0.9340293227392479,197,0,0,-1,,,
c6ef6a6fcd2c5466,1,1.0,0,1.0,1.0,0.9509344819955897,197,0,0,-1,,,
2d9d1d9aa6d25bd9,1,1.0,0,1.0,1.0,0.9390042816393214,197,0,0,-1,,,
571c1c28470e5dcc,1,1.0,0,1.0,1.0,0.9353924794419431,186,0,0,-1,,,
028613e11f415422,1,1.0,0,1.0,1.0,0.8947432225147088,81,0,0,-1,,,
173b456bbf29598f,1,1.0,0,1.0,1.0,0.8511077563170807,79,0,0,-1,,,
0cb87152ed5e5ca1,1,1.0,0,1.0,1.0,0.8766242565838832,78,0,0,-1,,,
2ca33fd04f805478,1,1.0,0,1.0,1.0,1.0,72,0,0,-1,,,
0eb72de48c875897,1,1.0,0,1.0,1.0,1.0,70,0,0,-1,,,
db4f9f954c2e597f,1,1.0,0,1.0,1.0,1.0,72,0,0,-1,,,
36e1ce5794595e73,1,1.0,0,1.0,1.0,1.0,69,0,0,-1,,,
225eb6e22af55972,1,1.0,0,1.0,1.0,0.9208141392668953,61,0,0,-1,,,
8aaf40c869ca574f,1,1.0,0,1.0,1.0,0.9019121600922103,68,0,0,-1,,,
e0388cc13b635cd7,1,1.0,0,1.0,1.0,0.9009946367901019,63,0,0,-1,,,
14d112b14e9a5d5c,1,1.0,0,1.0,1.0,0.8883244790822428,60,0,0,-1,,,
1b35b775c4a95647,1,1.0,0,1.0,1.0,0.9438767752919812,59,0,0,-1,,,
33c925ac7b905e8f,1,1.0,0,1.0,1.0,1.0,60,0,0,-1,,,
2115792748a75f88,1,1.0,0,1.0,1.0,1.0,60,0,0,-1,,,
fae990c38c515aa9,1,1.0,0,1.0,1.0,0.8553761763955995,62,0,0,-1,,,
026e7b1e0e335625,1,1.0,0,1.0,1.0,1.0,61,0,0,-1,,,
008144fe47ac5f74,1,1.0,0,1.0,1.0,0.8852545626442933,190,0,0,-1,,,
5fe951e403f25012,1,1.0,0,1.0,1.0,0.9104836411802459,188,0,0,-1,,,
1b818742aecc51d0,1,1.0,0,1.0,1.0,0.887803273364406,187,0,0,-1,,,
eb872b2d7e7c52bf,1,1.0,0,1.0,1.0,1.0,175,0,0,-1,,,
d5ece6235301571f,1,1.0,0,1.0,1.0,1.0,273,0,0,-1,,,
980e0f0b4d975c23,1,1.0,0,1.0,1.0,1.0,290,0,0,-1,,,
27861c4d747751ba,1,1.0,0,1.0,1.0,1.0,298,0,0,-1,,,
0093ff0188ea5b90,1,1.0,0,1.0,1.0,1.0,328,0,0,-1,,,
da2fb85306b2560c,1,1.0,0,1.0,1.0,0.8581539426404446,48,0,0,-1,,,
b2fb8aee62dc5b09,1,1.0,0,1.0,1.0,0.854352797739537,49,0,0,-1,,,
3c8a95ec33f45af6,1,1.0,0,1.0,1.0,0.8771277828128183,50,0,0,-1,,,
2371a65f76025bfd,1,1.0,0,1.0,1.0,0.8217429790252347,51,0,0,-1,,,
4ddab8ee947255d9,1,1.0,0,1.0,1.0,0.8257469060721577,51,0,0,-1,,,
25e9d76574075cee,1,1.0,0,1.0,1.0,0.8239041726384739,51,0,0,-1,,,
8cec7d21f7dc540b,1,1.0,0,1.0,1.0,0.8145771932508367,50,0,0,-1,,,
1ebd95c73644569f,1,1.0,0,1.0,1.0,0.818613411299022,49,0,0,-1,,,
768ae2e06b1e5d90,1,1.0,0,1.0,1.0,0.9577410500889821,153,0,0,-1,,,
679b181821395966,1,1.0,0,1.0,1.0,0.946859942529815,150,0,0,-1,,,
60e9369e91da5d9c,1,1.0,0,1.0,1.0,0.9474412797830644,143,0,0,-1,,,
c768a604b14e5956,1,1.0,0,1.0,1.0,0.9158439666549114,135,0,0,-1,,,
b48c29fc1bd15ca0,1,1.0,0,1.0,1.0,0.9457059297562838,129,0,0,-1,,,
a8ca647927f25ae9,1,1.0,0,1.0,1.0,0.9290153589149801,123,0,0,-1,,,
dccd7bde9a0b5bfe,1,1.0,0,1.0,1.0,0.8870215691537998,120,0,0,-1,,,
dd9efbb06b495921,1,1.0,0,1.0,1.0,0.8632385475598077,118,0,0,-1,,,
3e7237c8a7815648,1,1.0,0,1.0,1.0,1.0,101,0,0,-1,,,
77f9c895af8b59f3,1,1.0,0,1.0,1.0,1.0,99,0,0,-1,,,
3e09adf2d7055216,1,1.0,0,1.0,1.0,1.0,98,0,0,-1,,,
046cdc424d515ee1,1,1.0,0,1.0,1.0,0.8905859610261122,108,0,0,-1,,,
dff44219172a5f99,1,1.0,0,1.0,1.0,1.0,110,0,0,-1,,,
43ef28a235035eac,1,1.0,0,1.0,1.0,1.0,113,0,0,-1,,,
58169843acb45a62,1,1.0,0,1.0,1.0,1.0,111,0,0,-1,,,
1ad96f74e72750db,1,1.0,0,1.0,1.0,1.0,114,0,0,-1,,,
1665bb5ab9d55dca,1,1.0,0,1.0,1.0,0.7927115101434822,48,0,0,-1,,,
0614c017a1f65b80,1,1.0,0,1.0,1.0,0.7895373995387063,47,0,0,-1,,,
7b4383b378035cb7,1,1.0,0,1.0,1.0,0.8098975048279639,45,0,0,-1,,,
5f859ab2a2205477,1,1.0,0,1.0,1.0,0.8284600101968201,46,0,0,-1,,,
b41e61d24f915d6f,1,1.0,0,1.0,1.0,0.9342687130441588,44,0,0,-1,,,
afb6f330e8665731,1,1.0,0,1.0,1.0,0.707676782267005,43,0,0,-1,,,
409711b03072566a,1,1.0,0,1.0,0.0,0.0,37,0,0,-1,,,
33cef4cafef9503b,1,1.0,0,1.0,1.0,0.8773860911224663,29,0,0,-1,,,
140a3ea8607f528f,1,1.0,0,1.0,1.0,0.7972468761863353,152,0,0,-1,,,
1517632ca5a8577b,1,1.0,0,1.0,1.0,1.0,152,0,0,-1,,,
2469647d2d055825,1,1.0,0,1.0,1.0,1.0,146,0,0,-1,,,
3af3b3a7a8635164,1,1.0,0,1.0,1.0,1.0,244,0,0,-1,,,
a04628cdd3f25947,1,1.0,0,1.0,1.0,0.9389235290822332,326,0,0,-1,,,
b9238f564f875dfc,1,1.0,0,1.0,1.0,0.9387075275105552,337,0,0,-1,,,
87423b239de058c9,1,1.0,0,1.0,1.0,0.9169456026035546,342,0,0,-1,,,
ecaafd3b7f635e0d,1,1.0,0,1.0,1.0,0.9607843164661783,349,0,0,-1,,,
749ac04eaa475981,1,1.0,0,1.0,1.0,1.0,190,0,0,-1,,,
6732b99133eb5d36,1,1.0,0,1.0,1.0,1.0,192,0,0,-1,,,
fd9ae566c34f5acd,1,1.0,0,1.0,1.0,1.0,187,0,0,-1,,,
7d296a6ef0955155,1,1.0,0,1.0,1.0,0.9965233830743122,182,0,0,-1,,,
f7c495f7030a5ac1,1,1.0,0,1.0,1.0,0.9899124631551771,177,0,0,-1,,,
b38a9c035ce15dd5,1,1.0,0,1.0,1.0,1.0,167,0,0,-1,,,
d1af94a471135add,1,1.0,0,1.0,1.0,0.9095031732901774,164,0,0,-1,,,
d31c6e5e85b95aea,1,1.0,0,1.0,1.0,0.8553338951805669,157,0,0,-1,,,
4fb652e8a58f5623,1,1.0,0,1.0,1.0,1.0,520,0,0,-1,,,
f4af3907bb665bf7,1,1.0,0,1.0,1.0,1.0,532,0,0,-1,,,
83b2e42ed5eb568f,1,1.0,0,1.0,1.0,1.0,540,0,0,-1,,,
b5668089b793502b,1,0.0,1,0.0,1.0,0.0,88,1,1,54,BICYCLE,54,23.6
eae658a09ef152a9,1,1.0,0,1.0,1.0,0.8073673516644894,90,0,0,-1,,,
fc1b6762387f5209,1,1.0,0,1.0,1.0,0.8090256862447095,85,0,0,-1,,,
534efc35151f543d,1,1.0,0,1.0,1.0,1.0,85,0,0,-1,,,
b7d52a0a64825b14,1,1.0,0,1.0,1.0,1.0,83,0,0,-1,,,
a5d3eca1660f5855,1,1.0,0,1.0,1.0,0.9489514106739687,351,0,0,-1,,,
a4e50a4546d0513e,1,1.0,0,1.0,1.0,0.946471056113613,359,0,0,-1,,,
ef300f8a9cf254bc,1,1.0,0,1.0,1.0,0.9232382758028502,190,0,0,-1,,,
eb8fd3a2b08e5e52,1,1.0,0,1.0,1.0,0.9116071189209675,188,0,0,-1,,,
0a91b3a6e4ae56fe,1,1.0,0,1.0,1.0,0.9385678165102552,178,0,0,-1,,,
9c768fba2b4c5d19,1,1.0,0,1.0,1.0,0.9424505534030224,170,0,0,-1,,,
92a263b537fd5b72,1,1.0,0,1.0,1.0,0.9483410969978213,165,0,0,-1,,,
8912a46529c059a1,1,1.0,0,1.0,1.0,0.9493922633057478,161,0,0,-1,,,
aa2962e446b45e1f,1,1.0,0,1.0,1.0,0.9805872444952876,43,0,0,-1,,,
a9853ab9c01c53d2,1,1.0,0,1.0,1.0,0.8938357884592646,79,0,0,-1,,,
0561ac957ffc5c4f,1,1.0,0,1.0,1.0,0.9214206830371842,95,0,0,-1,,,
0ffe6d569128598a,1,1.0,0,1.0,1.0,0.9385513021047075,95,0,0,-1,,,
5cb9850a89b6578e,1,1.0,0,1.0,1.0,0.9204187689151535,103,0,0,-1,,,
944fda18b9205994,1,1.0,0,1.0,1.0,1.0,111,0,0,-1,,,
fd3b8f88745c5c2d,1,1.0,0,1.0,1.0,1.0,179,0,0,-1,,,
02325da26296565c,1,1.0,0,1.0,1.0,1.0,188,0,0,-1,,,
8eae3eab30c95228,1,1.0,0,1.0,1.0,0.7760137196319254,108,0,0,-1,,,
f2495a0cce605703,1,1.0,0,1.0,1.0,0.7791642130769646,109,0,0,-1,,,
3bf245d895b25ec0,1,1.0,0,1.0,1.0,0.8523297474655184,108,0,0,-1,,,
620a34ec02795768,1,1.0,0,1.0,1.0,0.9192259495758086,106,0,0,-1,,,
3bd0bc4b1100504c,1,1.0,0,1.0,1.0,0.8007972095794456,108,0,0,-1,,,
b5271c19eef859ed,1,1.0,0,1.0,1.0,0.7990093034235737,110,0,0,-1,,,
50d6986491d3510a,1,1.0,0,1.0,1.0,0.758189369775223,111,0,0,-1,,,
1e78181bb1c150e4,1,1.0,0,0.0,1.0,0.5833333333333334,104,0,0,-1,,,
7fcd3691c57b5f49,1,1.0,0,1.0,1.0,0.9176840162664632,65,0,0,-1,,,
e18ca78f3c5f5a04,1,1.0,0,1.0,1.0,1.0,66,0,0,-1,,,
e7d1f889fc4d5309,1,1.0,0,1.0,1.0,1.0,65,0,0,-1,,,
97fcdcd35af7563b,1,1.0,0,1.0,1.0,1.0,65,0,0,-1,,,
61232ab3e2085282,1,1.0,0,1.0,1.0,0.9990341000127542,64,0,0,-1,,,
e83be8437b0c5862,1,1.0,0,1.0,1.0,0.9629426323922071,92,0,0,-1,,,
785a51e5263b5bec,1,1.0,0,1.0,1.0,0.892666187504391,87,0,0,-1,,,
f962927ff5dc518c,1,1.0,0,1.0,1.0,0.9004878422372625,76,0,0,-1,,,
96bf2644106456f6,1,1.0,0,1.0,1.0,0.924196303295416,76,0,0,-1,,,
9215555823945665,1,1.0,0,1.0,1.0,0.9067901437854059,76,0,0,-1,,,
bcd26bf1bf055164,1,1.0,0,1.0,1.0,1.0,74,0,0,-1,,,
e5caf6d750415ee7,1,1.0,0,1.0,1.0,1.0,76,0,0,-1,,,
a59aff81f75759ff,1,1.0,0,1.0,1.0,1.0,75,0,0,-1,,,
3f664a7d5f5e5bba,1,1.0,0,1.0,1.0,1.0,75,0,0,-1,,,
b354451e4f8859f9,1,1.0,0,1.0,1.0,0.848302886026004,78,0,0,-1,,,
de31419c6502517b,1,1.0,0,1.0,1.0,0.8381224415909507,86,0,0,-1,,,
2928cfbed3d15000,1,1.0,0,1.0,1.0,1.0,93,0,0,-1,,,
c5dfe79ae983556a,1,1.0,0,1.0,1.0,1.0,97,0,0,-1,,,
c8df3a922f9d5550,1,1.0,0,1.0,1.0,1.0,95,0,0,-1,,,
e16ed6e841ee58cd,1,1.0,0,1.0,1.0,1.0,112,0,0,-1,,,
d44e6abed19b5ba5,1,1.0,0,1.0,1.0,1.0,114,0,0,-1,,,
29efe3c61a4a580f,1,1.0,0,1.0,1.0,1.0,113,0,0,-1,,,
cf3b00d5d2b953d3,1,1.0,0,1.0,1.0,1.0,112,0,0,-1,,,
98017c16248a5f54,1,1.0,0,1.0,1.0,0.9658533735069651,68,0,0,-1,,,
463c7c8c669d57cf,1,1.0,0,1.0,1.0,0.9248275246575024,97,0,0,-1,,,
ef7822ee7fa35042,1,1.0,0,1.0,1.0,0.9176365166889754,89,0,0,-1,,,
4b5fd21bc8bd5a8b,1,1.0,0,1.0,1.0,0.9176495709799829,82,0,0,-1,,,
4543fc207fbb553e,1,1.0,0,1.0,1.0,0.9141886226253059,77,0,0,-1,,,
9f97b9c20ffc50b5,1,1.0,0,1.0,1.0,0.9013986686261845,75,0,0,-1,,,
552fd48bfce35a20,1,1.0,0,1.0,1.0,1.0,75,0,0,-1,,,
2b5dabfa534156c0,1,1.0,0,1.0,1.0,0.9378981972521466,72,0,0,-1,,,
865033089cfd5288,1,1.0,0,1.0,1.0,0.9140809168945245,75,0,0,-1,,,
5bbd26efb97658ec,1,1.0,0,1.0,1.0,0.8623120711565836,502,0,0,-1,,,
f3a327d6e0e45d9a,1,1.0,0,1.0,1.0,1.0,502,0,0,-1,,,
9b5cb743a4a4590b,1,1.0,0,1.0,1.0,1.0,503,0,0,-1,,,
b8baf3c807cd50b4,1,1.0,0,1.0,1.0,0.9475489014908988,503,0,0,-1,,,
9fd28a8f6fd85254,1,1.0,0,1.0,1.0,0.8126446900806824,509,0,0,-1,,,
c84e6787935b5483,1,1.0,0,1.0,1.0,0.8088951756593907,506,0,0,-1,,,
ca59ecba5722534c,1,1.0,0,1.0,1.0,0.8402021773678658,524,0,0,-1,,,
ade979d99d51517f,1,1.0,0,1.0,1.0,1.0,516,0,0,-1,,,
1df1903e5bcd5036,1,1.0,0,1.0,1.0,0.9016281603801586,61,0,0,-1,,,
6fed9368351f54d5,1,1.0,0,1.0,1.0,0.7632957865302462,61,0,0,-1,,,
78b4153a6d3e5b33,1,1.0,0,1.0,1.0,0.9647629425417499,79,0,0,-1,,,
45878940b52550ea,1,1.0,0,1.0,1.0,0.9713896516662331,86,0,0,-1,,,
88642e4f16be55bd,1,1.0,0,1.0,1.0,0.9230617119304562,88,0,0,-1,,,
fbe55fdc31135ad5,1,1.0,0,1.0,1.0,1.0,89,0,0,-1,,,
5f3fbfc334c0579c,1,1.0,0,1.0,1.0,1.0,90,0,0,-1,,,
69610203b8c35c96,1,1.0,0,1.0,1.0,1.0,101,0,0,-1,,,
a1665c3aeb8f551f,1,1.0,0,1.0,1.0,1.0,106,0,0,-1,,,
51d961409a285653,1,1.0,0,1.0,1.0,1.0,106,0,0,-1,,,
2d305230053e5e19,1,1.0,0,1.0,1.0,0.9635479476726552,110,0,0,-1,,,
41d7b533797c5209,1,1.0,0,1.0,1.0,0.9942717964707164,53,0,0,-1,,,
59e4fc5b37f55556,1,1.0,0,1.0,1.0,0.9639424916794139,56,0,0,-1,,,
c4f21fef5b86535b,1,1.0,0,1.0,1.0,0.9699214301794661,57,0,0,-1,,,
ac45c0d29f1e5d76,1,1.0,0,1.0,1.0,0.9647013815529962,59,0,0,-1,,,
a41f538fa8e25be0,1,1.0,0,1.0,1.0,0.9445655075741253,76,0,0,-1,,,
274fc7077c1b55d4,1,1.0,0,1.0,1.0,1.0,52,0,0,-1,,,
fe800ded24045b44,1,1.0,0,1.0,1.0,0.9847485548506872,76,0,0,-1,,,
642ba15d21c05f4e,1,1.0,0,1.0,1.0,0.9542606987008756,79,0,0,-1,,,
9d87610ffed85509,1,1.0,0,1.0,1.0,0.952572366464068,80,0,0,-1,,,
b204289cd95c59b5,1,1.0,0,1.0,1.0,0.8359635094066039,82,0,0,-1,,,
2aa9dce62cd75fce,1,1.0,0,1.0,1.0,0.7955582811000322,87,0,0,-1,,,
33b379cc74255b15,1,1.0,0,1.0,1.0,0.7074615075759999,89,0,0,-1,,,
368cb65e8fef57b7,1,1.0,0,1.0,1.0,0.8541427971390262,52,0,0,-1,,,
7e5bb23808a850ca,1,1.0,0,1.0,1.0,1.0,94,0,0,-1,,,
c86e7d3c0dfb57bd,1,1.0,0,1.0,1.0,1.0,96,0,0,-1,,,
4655358777d95867,1,1.0,0,1.0,1.0,1.0,95,0,0,-1,,,
d45773d48e4f5fb7,1,1.0,0,1.0,1.0,1.0,97,0,0,-1,,,
81d893bd99de519b,1,1.0,0,1.0,1.0,1.0,97,0,0,-1,,,
153af25086535f35,1,1.0,0,1.0,1.0,1.0,96,0,0,-1,,,
dd9b1479609c5c59,1,1.0,0,1.0,1.0,0.8957548183837986,94,0,0,-1,,,
4b563d8a22145ed6,1,1.0,0,1.0,1.0,1.0,94,0,0,-1,,,
dcb8fbfc6c1d5fd6,1,1.0,0,1.0,1.0,1.0,75,0,0,-1,,,
a3a47ea11a5e5939,1,1.0,0,1.0,1.0,1.0,68,0,0,-1,,,
82cd122751085a80,1,1.0,0,1.0,1.0,1.0,72,0,0,-1,,,
d715fbc6ea0551f8,1,1.0,0,1.0,1.0,1.0,73,0,0,-1,,,
4a919f7ea2f65200,1,1.0,0,1.0,1.0,1.0,73,0,0,-1,,,
cc6022c226c15d80,1,1.0,0,1.0,1.0,1.0,73,0,0,-1,,,
9a23e7bc52e657c3,1,1.0,0,1.0,0.0,0.0,73,0,0,-1,,,
090af86f693c507b,1,1.0,0,1.0,1.0,0.8065557047703519,77,0,0,-1,,,
4158d702c66351d4,1,1.0,0,1.0,1.0,1.0,77,0,0,-1,,,
7fb4ab2c7e8c527f,1,1.0,0,1.0,1.0,1.0,79,0,0,-1,,,
55a584a116ec5e6d,1,1.0,0,1.0,1.0,1.0,80,0,0,-1,,,
f0455664b24358a7,1,1.0,0,1.0,1.0,1.0,80,0,0,-1,,,
20f825e0d33a5160,1,1.0,0,1.0,1.0,1.0,82,0,0,-1,,,
fda9b858e7e4588f,1,1.0,0,1.0,1.0,1.0,85,0,0,-1,,,
454e63f98e365a3a,1,1.0,0,1.0,1.0,1.0,90,0,0,-1,,,
f7103dfe59a959be,1,1.0,0,1.0,1.0,1.0,93,0,0,-1,,,
33b5a72931215b30,1,1.0,0,1.0,1.0,1.0,92,0,0,-1,,,
de28290571ec523a,1,1.0,0,1.0,1.0,1.0,92,0,0,-1,,,
10ffaee1fe81544d,1,1.0,0,1.0,1.0,1.0,90,0,0,-1,,,
74df9f9decc45b84,1,1.0,0,1.0,1.0,1.0,90,0,0,-1,,,
644b16fd65f956b8,1,1.0,0,1.0,1.0,1.0,62,0,0,-1,,,
fca1702dec8a50c6,1,1.0,0,1.0,1.0,1.0,60,0,0,-1,,,
59a1d448fbdf53f6,1,1.0,0,1.0,1.0,1.0,58,0,0,-1,,,
5b21d7acaa545a46,1,1.0,0,1.0,1.0,1.0,55,0,0,-1,,,
b2c0a19be09f5b76,1,1.0,0,1.0,1.0,0.8656318338431402,51,0,0,-1,,,
08b29b05bc4650f8,1,1.0,0,1.0,1.0,0.8758698585834107,51,0,0,-1,,,
2025f4a272e15733,1,1.0,0,1.0,1.0,1.0,52,0,0,-1,,,
0f97d412a94255ac,1,1.0,0,1.0,1.0,1.0,52,0,0,-1,,,
571bb034360052d9,1,1.0,0,1.0,1.0,1.0,51,0,0,-1,,,
a8a10f07becb5a55,1,1.0,0,1.0,1.0,1.0,44,0,0,-1,,,
76ec850d346b5ca7,1,1.0,0,1.0,1.0,1.0,45,0,0,-1,,,
3a84cbdfcbf554a6,1,1.0,0,1.0,1.0,0.8545385441713435,42,0,0,-1,,,
067d731005885300,1,1.0,0,1.0,1.0,1.0,80,0,0,-1,,,
ed02d0df47ca55e7,1,1.0,0,1.0,1.0,1.0,80,0,0,-1,,,
673cfe7af7db5911,1,1.0,0,1.0,1.0,1.0,79,0,0,-1,,,
8b3423345f3657b0,1,1.0,0,1.0,1.0,1.0,83,0,0,-1,,,
5ae3a0ab54a950d7,1,1.0,0,1.0,1.0,1.0,80,0,0,-1,,,
8e0ecc2622425ef0,1,1.0,0,1.0,1.0,1.0,75,0,0,-1,,,
c50b9b8950ba5347,1,1.0,0,1.0,1.0,1.0,78,0,0,-1,,,
3e1dd9067b365a42,1,1.0,0,1.0,1.0,1.0,77,0,0,-1,,,
1893fb783df95146,1,1.0,0,1.0,1.0,1.0,171,0,0,-1,,,
73b4c0560bd85b5e,1,1.0,0,1.0,1.0,1.0,172,0,0,-1,,,
583f7d0d8b27513c,1,1.0,0,1.0,1.0,1.0,158,0,0,-1,,,
61e0ce212ed75a50,1,1.0,0,1.0,1.0,1.0,161,0,0,-1,,,
9933a1df50ff5919,1,1.0,0,1.0,1.0,1.0,170,0,0,-1,,,
44062179c5b350bc,1,1.0,0,1.0,1.0,1.0,177,0,0,-1,,,
74a8e53c9a6f50a3,1,1.0,0,1.0,1.0,1.0,177,0,0,-1,,,
87751a071a7e50a4,1,1.0,0,1.0,1.0,0.9957549431038375,177,0,0,-1,,,
0d5496cc08dc50fe,1,1.0,0,1.0,1.0,1.0,44,0,0,-1,,,
8d83f07bed9d5f6a,1,1.0,0,1.0,1.0,1.0,40,0,0,-1,,,
c236972435215288,1,1.0,0,1.0,1.0,1.0,73,0,0,-1,,,
0af464147919575d,1,1.0,0,1.0,1.0,1.0,79,0,0,-1,,,
73e0459194ce577f,1,1.0,0,1.0,1.0,1.0,85,0,0,-1,,,
08b6a130aaa35629,1,1.0,0,1.0,1.0,1.0,118,0,0,-1,,,
6e821a856fe45177,1,1.0,0,1.0,1.0,1.0,127,0,0,-1,,,
8c1e2438ad5f514a,1,1.0,0,1.0,1.0,1.0,169,0,0,-1,,,
1c4544c0876f5a08,1,1.0,0,1.0,1.0,0.9168912250679058,70,0,0,-1,,,
2133a31c391f5108,1,1.0,0,1.0,1.0,0.9258039348547048,66,0,0,-1,,,
2403645ef4fe5b10,1,1.0,0,1.0,1.0,0.9214442439174788,63,0,0,-1,,,
7fbe895b20a45dfb,1,1.0,0,1.0,1.0,0.9324488366839603,56,0,0,-1,,,
8e35889ee2cb559d,1,1.0,0,1.0,1.0,0.9403446477951455,56,0,0,-1,,,
fe9ad4d0e8d355e2,1,1.0,0,1.0,1.0,0.9417188346338016,56,0,0,-1,,,
236c1e1f86ec5e98,1,1.0,0,1.0,1.0,0.9342942821345547,56,0,0,-1,,,
f5dccbabc2f95bbd,1,1.0,0,1.0,1.0,0.9336839514348844,57,0,0,-1,,,
8d9d0d3caa9b5905,1,1.0,0,1.0,1.0,1.0,196,0,0,-1,,,
aa4430320c3151e3,1,1.0,0,1.0,1.0,1.0,199,0,0,-1,,,
218adf8c450058eb,1,1.0,0,1.0,1.0,1.0,199,0,0,-1,,,
70d3c6183c525745,1,1.0,0,1.0,1.0,1.0,210,0,0,-1,,,
d8effdc24c235d3f,1,1.0,0,1.0,1.0,1.0,209,0,0,-1,,,
616812339ccb533e,1,1.0,0,1.0,1.0,1.0,212,0,0,-1,,,
ad702ac65d8754bb,1,1.0,0,1.0,1.0,1.0,212,0,0,-1,,,
d2c77b46ecee58f9,1,1.0,0,1.0,1.0,1.0,88,0,0,-1,,,
054743e97abd5b9c,1,1.0,0,1.0,1.0,0.9558037523515214,200,0,0,-1,,,
3a8a3a691f4450b5,1,1.0,0,1.0,1.0,0.9543022873201328,200,0,0,-1,,,
892904870078578a,1,1.0,0,1.0,1.0,0.9134982375818224,199,0,0,-1,,,
cdec001a2536542c,1,1.0,0,1.0,1.0,0.9147583578316075,198,0,0,-1,,,
71217bf1294b5c4b,1,1.0,0,1.0,1.0,0.8538557360467035,191,0,0,-1,,,
bff29edb43425586,1,1.0,0,1.0,1.0,0.8752154508759405,190,0,0,-1,,,
11094634534c53fd,1,1.0,0,1.0,1.0,0.8736281580238633,193,0,0,-1,,,
8ee3467219fc5c8a,1,1.0,0,1.0,1.0,0.8565255881089303,194,0,0,-1,,,
025b657634505df3,1,1.0,0,1.0,1.0,0.9755660828911074,176,0,0,-1,,,
4ccc9e33aa795ef1,1,1.0,0,1.0,1.0,1.0,93,0,0,-1,,,
1bb7bab27d1552f5,1,1.0,0,1.0,1.0,1.0,97,0,0,-1,,,
6fbe0e06902e5304,1,1.0,0,1.0,1.0,0.9488623487611395,206,0,0,-1,,,
1eff566e627f56b9,1,1.0,0,1.0,1.0,0.9450756429622157,198,0,0,-1,,,
1983aff496265a16,1,1.0,0,1.0,1.0,0.9463934955680721,197,0,0,-1,,,
490475b585895e0e,1,1.0,0,1.0,1.0,0.9311856226665798,196,0,0,-1,,,
47bc25abb0705dc9,1,1.0,0,1.0,1.0,0.9160346856373224,194,0,0,-1,,,
303d452ddd2d58d1,1,1.0,0,1.0,1.0,0.9336857106450993,287,0,0,-1,,,
aea14d7408d255bb,1,1.0,0,1.0,1.0,0.9219418701431206,286,0,0,-1,,,
15e6ef7a85b35d10,1,1.0,0,1.0,1.0,0.9177236112946008,286,0,0,-1,,,
0b12ac5676875ade,1,1.0,0,1.0,1.0,0.9146812635007592,289,0,0,-1,,,
6c62956221e4511e,1,1.0,0,1.0,1.0,0.9190494872190671,290,0,0,-1,,,
47f8cc513134512b,1,1.0,0,1.0,1.0,0.9588977716794561,288,0,0,-1,,,
071f7885a37e591f,1,1.0,0,1.0,1.0,1.0,291,0,0,-1,,,
be87511d69ba58e7,1,1.0,0,1.0,1.0,0.932270516046852,293,0,0,-1,,,
4bc122716deb519f,1,1.0,0,1.0,1.0,1.0,85,0,0,-1,,,
e67e31370c185b83,1,1.0,0,1.0,1.0,1.0,88,0,0,-1,,,
a6b9a83019915658,1,1.0,0,1.0,1.0,1.0,89,0,0,-1,,,
ead391b66ff253c1,1,1.0,0,1.0,1.0,1.0,101,0,0,-1,,,
63d80f7499fc5784,1,1.0,0,1.0,1.0,0.9243364031800105,186,0,0,-1,,,
d306c671b1ce531c,1,1.0,0,1.0,1.0,0.9393808949254582,191,0,0,-1,,,
7b37b72faaa25b5d,1,1.0,0,1.0,1.0,0.9467430132598272,194,0,0,-1,,,
48ef77409741520d,1,1.0,0,1.0,1.0,0.9442446661464728,201,0,0,-1,,,
edd24f4c0a295030,1,1.0,0,1.0,1.0,0.9773462172353321,205,0,0,-1,,,
1542482ff0ad537e,1,1.0,0,1.0,1.0,0.9598827963683315,208,0,0,-1,,,
32837dd54e375ca0,1,1.0,0,1.0,1.0,0.9570972296599219,211,0,0,-1,,,
df57cf24b8025365,1,1.0,0,1.0,1.0,0.9613632580671485,216,0,0,-1,,,
f096ff143e815978,1,1.0,0,1.0,1.0,0.7832743946422668,226,0,0,-1,,,
690d5fcd5dd056dc,1,1.0,0,1.0,1.0,0.9276946460439796,230,0,0,-1,,,
557a287c11cc5960,1,1.0,0,1.0,1.0,1.0,304,0,0,-1,,,
fcb4f430c99050b3,1,1.0,0,1.0,1.0,1.0,302,0,0,-1,,,
14f10a29b9235b38,1,1.0,0,1.0,0.0,0.0,15,0,0,-1,,,
13d1fc5b0ccd5abb,1,1.0,0,1.0,0.0,0.0,14,0,0,-1,,,
ed77d7ff214f53aa,1,1.0,0,1.0,1.0,0.7934475302574168,13,0,0,-1,,,
92d21bb7692b5664,1,1.0,0,1.0,1.0,0.792463850813815,11,0,0,-1,,,
8179a26d74615228,1,1.0,0,1.0,1.0,0.7419768935585113,7,0,0,-1,,,
f6e64f5e788b5101,1,1.0,0,1.0,1.0,0.5418999863988434,6,0,0,-1,,,
0a887c5364a457cd,1,1.0,0,1.0,1.0,0.7557140925583424,6,0,0,-1,,,
e209822e11365182,1,1.0,0,1.0,1.0,0.541646676052825,6,0,0,-1,,,
5491f2f619e25dfb,1,1.0,0,1.0,1.0,0.9291602738227674,8,0,0,-1,,,
e8a004bfab7d5034,1,1.0,0,1.0,0.0,0.0,8,0,0,-1,,,
76f952632729540f,1,1.0,0,1.0,1.0,0.9287861650988533,11,0,0,-1,,,
12d4637822bb5f19,1,1.0,0,1.0,1.0,0.8089384006517687,12,0,0,-1,,,
68505dcbf4fb5f32,1,1.0,0,1.0,1.0,0.7542314323433348,13,0,0,-1,,,
179bc3ae5b9f56b0,1,1.0,0,1.0,0.0,0.0,13,0,0,-1,,,
90ed944de9405835,1,1.0,0,1.0,1.0,0.7214116298688577,15,0,0,-1,,,
2fb759c52be35681,1,1.0,0,1.0,1.0,0.7222298593899333,14,0,0,-1,,,
8209b6700b535e8e,1,1.0,0,1.0,1.0,0.7558739263801225,31,0,0,-1,,,
74cc0056b2c05248,1,1.0,0,1.0,1.0,0.7353988106908224,30,0,0,-1,,,
d1bae9e7d9785598,1,1.0,0,1.0,1.0,0.8065384866497466,38,0,0,-1,,,
49ee466685265a80,1,1.0,0,1.0,1.0,0.9415471001453519,40,0,0,-1,,,
7c7e92d50f92564b,1,1.0,0,1.0,1.0,0.8693848489347502,39,0,0,-1,,,
6659724ab0a8566c,1,1.0,0,1.0,1.0,0.9235622843076084,62,0,0,-1,,,
ec68f8027f415301,1,1.0,0,1.0,1.0,0.9166316857829147,58,0,0,-1,,,
cadeb92fe01652e3,1,1.0,0,1.0,1.0,0.9341618561137879,56,0,0,-1,,,
bfdf115b602357a0,1,1.0,0,1.0,1.0,1.0,71,0,0,-1,,,
e698c7da1faf53f5,1,1.0,0,1.0,1.0,0.9050771352975122,72,0,0,-1,,,
b7453f77be5b53df,1,1.0,0,1.0,1.0,0.9286403822842809,71,0,0,-1,,,
a5ee1632a31556a1,1,1.0,0,1.0,1.0,0.710604350812714,44,0,0,-1,,,
757c23c6819c589c,1,1.0,0,1.0,1.0,0.5227127143609296,39,0,0,-1,,,
b26b54b014205d5c,1,1.0,0,1.0,1.0,0.7397977175407955,37,0,0,-1,,,
1fe2f21f53c05378,1,1.0,0,1.0,1.0,0.741521143367787,34,0,0,-1,,,
616ead76f75f5b62,1,1.0,0,1.0,1.0,0.7415158114626559,32,0,0,-1,,,
975c802f6f175888,1,1.0,0,1.0,1.0,0.7262307574224288,9,0,0,-1,,,
52248a6939af5fd6,1,1.0,0,1.0,1.0,0.9156696396360138,9,0,0,-1,,,
85dba97943515cbd,1,1.0,0,1.0,1.0,0.9407380486741187,13,0,0,-1,,,
69f80a41cbaa5c1b,1,1.0,0,1.0,1.0,0.8948094219861605,13,0,0,-1,,,
67e538558b0b5f93,1,1.0,0,1.0,1.0,0.8918462726422801,12,0,0,-1,,,
8c5a6a5b602859b2,1,1.0,0,1.0,1.0,0.8943279153913487,12,0,0,-1,,,
054054d63ad85fa3,1,1.0,0,1.0,1.0,0.9067762545460708,11,0,0,-1,,,
2bae2509df025832,1,1.0,0,1.0,1.0,0.902993736052509,11,0,0,-1,,,
a19dd8ff9c4e5fc7,1,1.0,0,1.0,1.0,0.9263485352800632,21,0,0,-1,,,
834a23e3dd25542c,1,1.0,0,1.0,1.0,0.9539627524486023,14,0,0,-1,,,
71c47324c7eb5657,1,1.0,0,1.0,1.0,0.9446510834794543,14,0,0,-1,,,
8cac1b4a21585010,1,1.0,0,1.0,1.0,0.9439310235395769,15,0,0,-1,,,
8ed81a3cabde5dcf,1,1.0,0,1.0,1.0,0.5258814016046441,17,0,0,-1,,,
ab4401719a355a62,1,1.0,0,1.0,1.0,0.868362999123644,17,0,0,-1,,,
cd9d029138325c2c,1,1.0,0,1.0,1.0,0.7666200356010052,16,0,0,-1,,,
9bb4006483955eb9,1,1.0,0,1.0,1.0,0.724030332277946,11,0,0,-1,,,
6de8e1962fc4559a,1,1.0,0,1.0,1.0,0.5270311741475365,12,0,0,-1,,,
850fd96a46b25445,1,1.0,0,1.0,0.0,0.0,13,0,0,-1,,,
3d726e71b9925965,1,1.0,0,1.0,0.0,0.0,15,0,0,-1,,,
30a0f5cf9ab95eee,1,1.0,0,1.0,0.0,0.0,18,0,0,-1,,,
43e42cf1a2175b88,1,1.0,0,1.0,0.0,0.0,17,0,0,-1,,,
ef6e61a4a7ed550a,1,1.0,0,1.0,1.0,0.7895600722800228,17,0,0,-1,,,
c6bd79f439c254a0,1,1.0,0,1.0,1.0,0.8750671687492644,20,0,0,-1,,,
90314b74c92954d6,1,1.0,0,1.0,0.0,0.0,20,0,0,-1,,,
026e84581e0f5044,1,1.0,0,1.0,1.0,0.7267106160489041,8,0,0,-1,,,
38f1e14586bd51e3,1,1.0,0,1.0,1.0,0.7999728227673915,8,0,0,-1,,,
2a04d84433e6576f,1,1.0,0,1.0,1.0,0.8691555552060727,9,0,0,-1,,,
c354c8cf3c975581,1,1.0,0,1.0,1.0,0.9575628546704987,9,0,0,-1,,,
8e511022e0e95a13,1,1.0,0,1.0,1.0,0.9370440998832693,9,0,0,-1,,,
5865085ba43752de,1,1.0,0,1.0,1.0,0.9689643644959341,8,0,0,-1,,,
342ae335113257f6,1,1.0,0,1.0,1.0,0.9771601258425836,8,0,0,-1,,,
c763328b4b3855b6,1,1.0,0,1.0,1.0,0.9267514287513317,6,0,0,-1,,,
cf693fb497155dee,1,1.0,0,1.0,1.0,0.8987979964825072,33,0,0,-1,,,
5250ee99c1f05d97,1,1.0,0,1.0,1.0,0.8983742714312114,32,0,0,-1,,,
68aac08d307653e5,1,1.0,0,1.0,1.0,0.8834413907591901,31,0,0,-1,,,
ed19f6a36af757b7,1,1.0,0,1.0,1.0,0.8739441069535457,32,0,0,-1,,,
d7928caf300452e2,1,1.0,0,1.0,1.0,0.9077096554472798,31,0,0,-1,,,
355835bced0c591f,1,1.0,0,1.0,1.0,0.9112837158241643,27,0,0,-1,,,
e797167404675bfa,1,1.0,0,1.0,1.0,0.9112500500152545,26,0,0,-1,,,
a2d180a344d15054,1,1.0,0,1.0,1.0,0.8576250649227956,27,0,0,-1,,,
94f5959417f75349,1,1.0,0,1.0,1.0,0.9122894904545434,56,0,0,-1,,,
b20a2f0ea9135457,1,1.0,0,1.0,1.0,0.9299453116477946,58,0,0,-1,,,
914113b241ca5e51,1,1.0,0,1.0,1.0,0.9272655023093698,58,0,0,-1,,,
9e77d9cf35e05d55,1,1.0,0,1.0,1.0,0.9279083935460184,60,0,0,-1,,,
62515ff6d52a5e89,1,1.0,0,1.0,1.0,0.9206309085136976,61,0,0,-1,,,
c7cb2e43b2d053b7,1,1.0,0,1.0,1.0,0.9398251448056617,22,0,0,-1,,,
28ecbec6051d5527,1,1.0,0,1.0,1.0,0.9181579604849984,21,0,0,-1,,,
2034e8ae11cc594e,1,1.0,0,1.0,1.0,0.9166833611939603,21,0,0,-1,,,
8224a14715c2577b,1,1.0,0,1.0,1.0,0.8000372339791602,27,0,0,-1,,,
a70f950103b558b9,1,1.0,0,1.0,1.0,0.885069908499561,28,0,0,-1,,,
ef35eef8e3ae56ef,1,1.0,0,1.0,1.0,0.8746296107751186,28,0,0,-1,,,
8354786ba35c5440,1,1.0,0,1.0,1.0,0.8042724113756021,28,0,0,-1,,,
7b22018666ac5b0e,1,1.0,0,1.0,1.0,0.9291697406813594,27,0,0,-1,,,
7da863f64a5f5e90,1,1.0,0,1.0,1.0,0.923644833660374,27,0,0,-1,,,
602e1bc4f8575d4e,1,1.0,0,1.0,1.0,0.7995778553371288,27,0,0,-1,,,
923e4fcf3daa57f8,1,1.0,0,1.0,1.0,0.9306213817052518,28,0,0,-1,,,
6fdde744b66451da,1,1.0,0,1.0,1.0,0.9758909624080433,9,0,0,-1,,,
4972962184a75fa7,1,1.0,0,1.0,1.0,0.8706828874825048,4,0,0,-1,,,
78adf1b8ed315c4f,1,1.0,0,1.0,1.0,0.7984262356172018,4,0,0,-1,,,
f5cf721a02df5ba1,1,1.0,0,1.0,1.0,0.7451537941174867,3,0,0,-1,,,
c8649af783035c0f,1,1.0,0,1.0,1.0,0.7630075525309926,4,0,0,-1,,,
541d2d0ac174524b,1,1.0,0,1.0,1.0,0.7450791382789933,5,0,0,-1,,,
89df824d0cfd525e,1,1.0,0,1.0,1.0,0.8975616561796925,5,0,0,-1,,,
66ba432a760c586c,1,1.0,0,1.0,1.0,0.8873901756549176,7,0,0,-1,,,
a9bdcf08c1ce5f5a,1,1.0,0,1.0,1.0,0.7223229297592743,14,0,0,-1,,,
167fd80fa8635037,1,1.0,0,1.0,1.0,0.9437439504321427,14,0,0,-1,,,
90e387c7930d56de,1,1.0,0,1.0,1.0,0.939754678224573,15,0,0,-1,,,
c1f712e1aed35216,1,1.0,0,1.0,1.0,0.7934179769890669,15,0,0,-1,,,
8e2fece463df5dcb,1,1.0,0,1.0,1.0,0.7943243777119887,16,0,0,-1,,,
dfd5770faffa5ba7,1,1.0,0,1.0,1.0,0.9253113056310444,19,0,0,-1,,,
b23be6b0d9765878,1,1.0,0,1.0,1.0,0.9170533622402116,21,0,0,-1,,,
4946bc8012cb5e83,1,1.0,0,1.0,1.0,0.9119869476050395,21,0,0,-1,,,
0a77356a8ee85133,1,1.0,0,1.0,1.0,0.9296108159709936,6,0,0,-1,,,
36610114f460541b,1,1.0,0,1.0,1.0,0.8867233689748121,6,0,0,-1,,,
f6a5c2b1f50d5afc,1,1.0,0,1.0,1.0,0.9308228561571181,6,0,0,-1,,,
b431359c21975fe6,1,1.0,0,1.0,1.0,0.9376748847681334,6,0,0,-1,,,
6a6362156db75390,1,1.0,0,1.0,1.0,0.9772871375570543,2,0,0,-1,,,
ba392de83daf5bf3,1,1.0,0,1.0,1.0,0.803168492624189,2,0,0,-1,,,
0ebb578555b25ab2,1,1.0,0,1.0,1.0,0.7453562430273726,3,0,0,-1,,,
2d7a04e2df2d5bd3,1,1.0,0,1.0,0.0,0.0,3,0,0,-1,,,
bc60aa8501245df7,1,1.0,0,1.0,1.0,0.9048573618766925,57,0,0,-1,,,
c43312ea64bc5d28,1,1.0,0,1.0,1.0,0.9382796175951361,57,0,0,-1,,,
051b3ee34e3b59ec,1,1.0,0,1.0,1.0,0.8850545009819468,56,0,0,-1,,,
2914f532ca9e56ce,1,1.0,0,1.0,1.0,1.0,57,0,0,-1,,,
48109ecc22f65d58,1,1.0,0,1.0,1.0,1.0,57,0,0,-1,,,
e775640dbaf45c91,1,1.0,0,1.0,1.0,1.0,56,0,0,-1,,,
1309e3cfb6f25c6e,1,1.0,0,1.0,1.0,1.0,57,0,0,-1,,,
068a26b124475a4a,1,1.0,0,1.0,1.0,1.0,56,0,0,-1,,,
816c515aa3dc5462,1,1.0,0,1.0,1.0,0.9413904952556743,2,0,0,-1,,,
7a9225f5c4355f92,1,1.0,0,1.0,1.0,0.9640163275880984,2,0,0,-1,,,
5659c2c128ec5db7,1,1.0,0,1.0,1.0,0.9469713897944767,3,0,0,-1,,,
5abd4abd73db5739,1,1.0,0,1.0,1.0,1.0,6,0,0,-1,,,
f9f4354a1d12565d,1,1.0,0,1.0,1.0,1.0,8,0,0,-1,,,
0937290700b851a0,1,1.0,0,1.0,1.0,1.0,8,0,0,-1,,,
40d43586b1195366,1,1.0,0,1.0,1.0,0.9457399508924634,126,0,0,-1,,,
b46f5915049e52a5,1,1.0,0,1.0,1.0,0.9452066675736299,122,0,0,-1,,,
dd25fc02c23c537b,1,1.0,0,1.0,1.0,1.0,56,0,0,-1,,,
cb3bbfd7864d53f5,1,1.0,0,1.0,1.0,1.0,55,0,0,-1,,,
f5d9b1df3fef57ec,1,1.0,0,1.0,1.0,1.0,54,0,0,-1,,,
3c26d6bf58555468,1,1.0,0,1.0,1.0,1.0,53,0,0,-1,,,
a46bfe77eed85821,1,1.0,0,1.0,1.0,0.794231672891145,68,0,0,-1,,,
f3493d3b23cd55c2,1,1.0,0,1.0,1.0,0.679856762704075,69,0,0,-1,,,
a9c6cd5519815308,1,1.0,0,1.0,1.0,1.0,72,0,0,-1,,,
d20659149c14557c,1,1.0,0,1.0,1.0,1.0,75,0,0,-1,,,
6011fd3aa3a85fa1,1,1.0,0,1.0,1.0,0.938552735371395,116,0,0,-1,,,
913212df2a415e44,1,1.0,0,1.0,1.0,0.9404173368102354,113,0,0,-1,,,
fa16fc0f1e9851a3,1,1.0,0,1.0,1.0,0.9447102338227831,104,0,0,-1,,,
2bf94996d2325e20,1,1.0,0,1.0,1.0,0.9302707072105495,102,0,0,-1,,,
74f87045b75156f4,1,1.0,0,1.0,1.0,0.9252153371703192,102,0,0,-1,,,
df2ff4c2c9785df6,1,1.0,0,1.0,1.0,0.897818434328537,99,0,0,-1,,,
ea93b5b81d425814,1,1.0,0,1.0,1.0,0.8877564089817055,96,0,0,-1,,,
c1b38e62a97d590d,1,1.0,0,1.0,1.0,0.8885526901194062,94,0,0,-1,,,
908f696abf7c5a26,1,1.0,0,1.0,1.0,0.7887972600883083,20,0,0,-1,,,
ec1fc260f1c15d42,1,1.0,0,1.0,0.0,0.0,20,0,0,-1,,,
8451437af5ba59ea,1,1.0,0,1.0,1.0,0.7544173909396285,20,0,0,-1,,,
57076e49ca7c5570,1,1.0,0,1.0,1.0,0.9302508812400235,20,0,0,-1,,,
a27875deccc151e0,1,1.0,0,1.0,1.0,0.901607959411705,18,0,0,-1,,,
de80647014f35dbb,1,1.0,0,1.0,1.0,0.8759287025302002,18,0,0,-1,,,
4f67484c73e2503a,1,1.0,0,1.0,1.0,0.5190953833103452,16,0,0,-1,,,
d38070017e4e53c3,1,1.0,0,1.0,1.0,0.9344847297457791,15,0,0,-1,,,
776069d80826529d,1,1.0,0,1.0,1.0,0.8682889724051481,91,0,0,-1,,,
2fbf549d6aac59b9,1,1.0,0,1.0,1.0,0.8459007752871056,89,0,0,-1,,,
d58a453c3f155916,1,1.0,0,1.0,1.0,0.8292207444204895,86,0,0,-1,,,
41b4a4440a3e59fc,1,1.0,0,1.0,1.0,1.0,87,0,0,-1,,,
d0fc0e92a9e4552f,1,1.0,0,1.0,1.0,1.0,99,0,0,-1,,,
bdbb9d4559ec5bd1,1,1.0,0,1.0,1.0,0.8535350943004706,95,0,0,-1,,,
2ee8d10b988c58b2,1,1.0,0,1.0,1.0,1.0,95,0,0,-1,,,
69486575fad551b7,1,1.0,0,1.0,1.0,0.9979013840655608,99,0,0,-1,,,
00b838c358175255,1,1.0,0,1.0,1.0,0.9569043356458163,3,0,0,-1,,,
83e895f722575452,1,1.0,0,1.0,1.0,0.7261839828802623,3,0,0,-1,,,
476ad53b78325ef2,1,1.0,0,1.0,1.0,0.7606124264044429,3,0,0,-1,,,
f377405106115a34,1,1.0,0,1.0,1.0,0.7333590032462443,4,0,0,-1,,,
7c8900e0a2ef5024,1,1.0,0,1.0,1.0,0.755956382402657,4,0,0,-1,,,
2a48beb84af65349,1,1.0,0,1.0,1.0,0.7132271597171337,4,0,0,-1,,,
8b7212ba11ec5f3b,1,1.0,0,1.0,1.0,0.7496389965347235,4,0,0,-1,,,
1d16c78634695b4a,1,1.0,0,1.0,1.0,0.725354385038237,7,0,0,-1,,,
64f56e62619850b2,1,1.0,0,1.0,1.0,0.9743056547695351,131,0,0,-1,,,
88b49de4eea35896,1,1.0,0,1.0,1.0,1.0,131,0,0,-1,,,
d88fdf29aeed58f5,1,1.0,0,1.0,1.0,0.9814569409633415,127,0,0,-1,,,
2696e377ac3e579b,1,1.0,0,1.0,1.0,1.0,125,0,0,-1,,,
26af85cbc2d15e05,1,1.0,0,1.0,1.0,1.0,126,0,0,-1,,,
5177cf8521f05855,1,1.0,0,1.0,1.0,1.0,128,0,0,-1,,,
5a468d5e9d955993,1,1.0,0,1.0,1.0,1.0,131,0,0,-1,,,
f0f77f6f5cb4562c,1,1.0,0,1.0,1.0,1.0,130,0,0,-1,,,
44b1999e4b2551b8,1,1.0,0,1.0,1.0,0.9432978248670754,90,0,0,-1,,,
09bfb9a8f83b5079,1,1.0,0,1.0,1.0,0.9561460229528107,94,0,0,-1,,,
7648e7b33ecf55d5,1,1.0,0,1.0,1.0,0.9511457694941265,95,0,0,-1,,,
20f1de62f5795dab,1,1.0,0,1.0,1.0,1.0,99,0,0,-1,,,
649ee93e67cc58bb,1,1.0,0,1.0,1.0,0.9756846436607841,204,0,0,-1,,,
612827ed516257e8,1,1.0,0,1.0,1.0,0.973380151237477,214,0,0,-1,,,
3b0d2b5f50f752c7,1,1.0,0,1.0,1.0,1.0,216,0,0,-1,,,
4952a782e55057b7,1,1.0,0,1.0,1.0,0.9811747464753674,214,0,0,-1,,,
ed7e9a246a01525d,1,1.0,0,1.0,1.0,1.0,133,0,0,-1,,,
80793d56acc15d48,1,1.0,0,1.0,1.0,1.0,137,0,0,-1,,,
6a85f61bdde35d74,1,1.0,0,1.0,1.0,0.9412109257132496,133,0,0,-1,,,
94c7ef641e1c5dd7,1,1.0,0,1.0,1.0,0.9319317681286274,134,0,0,-1,,,
dd4483f390725319,1,1.0,0,1.0,1.0,0.8687693306051344,123,0,0,-1,,,
ed3e5181549254bc,1,1.0,0,1.0,1.0,0.9314947104168224,123,0,0,-1,,,
88152114a47d5175,1,1.0,0,1.0,1.0,1.0,127,0,0,-1,,,
1e15c5256da5549a,1,1.0,0,1.0,1.0,1.0,126,0,0,-1,,,
42c8571d47305166,1,1.0,0,1.0,1.0,0.9729558020159006,207,0,0,-1,,,
3931a353a1f6520d,1,1.0,0,1.0,1.0,0.9702365549378138,206,0,0,-1,,,
6545ea70cb285327,1,1.0,0,1.0,1.0,0.9326827747699121,199,0,0,-1,,,
d655ae3476c9530c,1,1.0,0,1.0,1.0,0.9268778267963542,195,0,0,-1,,,
ecc6f4f3dd735feb,1,1.0,0,1.0,1.0,0.9291907096921412,196,0,0,-1,,,
a73f7d7149c45478,1,1.0,0,1.0,1.0,0.8662002546519476,193,0,0,-1,,,
9577987ee2e85304,1,1.0,0,1.0,1.0,1.0,192,0,0,-1,,,
774160714b7e5ca4,1,1.0,0,1.0,1.0,1.0,187,0,0,-1,,,
750d0f9df6ef55a2,1,1.0,0,1.0,1.0,1.0,217,0,0,-1,,,
cdc030cdbc9153ae,1,1.0,0,1.0,1.0,1.0,215,0,0,-1,,,
95165bfbaadf5a64,1,1.0,0,1.0,1.0,1.0,221,0,0,-1,,,
f2722839a7ed50fe,1,1.0,0,1.0,1.0,1.0,226,0,0,-1,,,
cdc469758f7c502b,1,1.0,0,1.0,1.0,1.0,264,0,0,-1,,,
6233d1b3e62a5772,1,1.0,0,1.0,1.0,1.0,310,0,0,-1,,,
cf2e8812889754b1,1,0.0,1,1.0,1.0,0.0,321,1,0,2,VEHICLE,2,7.0
9c13995a8a285f90,1,1.0,0,1.0,1.0,1.0,337,0,0,-1,,,
6404a27bddb85488,1,1.0,0,1.0,1.0,1.0,121,0,0,-1,,,
8e00c08f68af5357,1,1.0,0,1.0,1.0,0.8796814915960071,66,0,0,-1,,,
e91c1fdb29a858f3,1,1.0,0,1.0,1.0,0.9041480548333292,66,0,0,-1,,,
2ec48f094e475d85,1,1.0,0,1.0,1.0,0.9441266720786109,67,0,0,-1,,,
3befac537db85c6c,1,1.0,0,1.0,1.0,0.9815097803577318,63,0,0,-1,,,
fb2a6578f15d5ff5,1,1.0,0,1.0,1.0,0.7549199081800556,69,0,0,-1,,,
f6b2a416f38d5609,1,1.0,0,0.0,1.0,0.5833333333333334,72,0,0,-1,,,
624602ce65455c07,1,0.0,1,0.0,1.0,0.0,74,1,0,10,VEHICLE,10,12.3
c35e290a671a5084,1,1.0,0,1.0,1.0,1.0,76,0,0,-1,,,
427ee2e0d1c05699,1,1.0,0,1.0,1.0,1.0,77,0,0,-1,,,
cfdeb32366475b04,1,1.0,0,1.0,1.0,1.0,79,0,0,-1,,,
26710ebfab6d528c,1,1.0,0,1.0,1.0,1.0,80,0,0,-1,,,
2615f45588965f4c,1,1.0,0,1.0,1.0,1.0,81,0,0,-1,,,
f4458a9c09795afa,1,1.0,0,1.0,1.0,1.0,80,0,0,-1,,,
40e9f6044a485b14,1,1.0,0,1.0,1.0,1.0,78,0,0,-1,,,
d89e9c599cf5571b,1,1.0,0,1.0,1.0,0.9385439609061055,78,0,0,-1,,,
6b2cda5004dc5df9,1,1.0,0,1.0,1.0,1.0,120,0,0,-1,,,
c5b585ddf50d5f1f,1,1.0,0,1.0,1.0,1.0,125,0,0,-1,,,
87b8587f94c5549a,1,1.0,0,1.0,1.0,1.0,120,0,0,-1,,,
20024f7ea9635ed8,1,1.0,0,1.0,1.0,1.0,121,0,0,-1,,,
c06c4ffcf72653a5,1,1.0,0,1.0,1.0,1.0,120,0,0,-1,,,
288ea364ec115f46,1,1.0,0,1.0,1.0,1.0,120,0,0,-1,,,
015011d2b73158b7,1,1.0,0,1.0,1.0,0.9300660697842172,130,0,0,-1,,,
23f0187033d658d9,1,1.0,0,1.0,1.0,0.8968069752204749,132,0,0,-1,,,
fc48d9805c955217,1,1.0,0,1.0,1.0,1.0,479,0,0,-1,,,
aed7c50719f959a1,1,1.0,0,1.0,1.0,1.0,489,0,0,-1,,,
8ce3ec49327d572e,1,1.0,0,1.0,1.0,1.0,500,0,0,-1,,,
415b05ca44da5fbb,1,1.0,0,1.0,1.0,1.0,495,0,0,-1,,,
4c7c3a0a401d5f38,1,1.0,0,1.0,1.0,0.9069262219039594,136,0,0,-1,,,
1fd4a838b258571f,1,1.0,0,1.0,1.0,0.9313240993936448,169,0,0,-1,,,
f0a6222ab3e55174,1,1.0,0,1.0,1.0,1.0,349,0,0,-1,,,
530176929c015182,1,1.0,0,1.0,1.0,1.0,343,0,0,-1,,,
943cbb2398a150b4,1,1.0,0,1.0,1.0,0.8308223050880787,52,0,0,-1,,,
e966ed2a366b5bcb,1,1.0,0,1.0,1.0,0.890612655867565,56,0,0,-1,,,
81ac4c9af9ea5562,1,1.0,0,1.0,1.0,0.8773646717604217,58,0,0,-1,,,
134a3394c9b756d9,1,1.0,0,1.0,1.0,0.8365642709782342,59,0,0,-1,,,
91496ec9ca5f5d5f,1,1.0,0,1.0,1.0,0.8415436208267048,55,0,0,-1,,,
d42e15faa6375e18,1,1.0,0,1.0,1.0,1.0,54,0,0,-1,,,
fd9dc6fb2e145ef4,1,1.0,0,1.0,1.0,1.0,54,0,0,-1,,,
59f118e966905d1e,1,1.0,0,1.0,1.0,1.0,52,0,0,-1,,,
3067f3d3d5a75989,1,1.0,0,1.0,1.0,0.9137576635820501,179,0,0,-1,,,
277f191c94b952f3,1,1.0,0,1.0,1.0,0.8854818310205564,176,0,0,-1,,,
b66db24cee7957a2,1,1.0,0,1.0,1.0,0.8445703633405407,174,0,0,-1,,,
f4da372227475285,1,1.0,0,1.0,1.0,0.9539828760891025,153,0,0,-1,,,
f93bfd9479fd52ee,1,1.0,0,1.0,1.0,0.8543258461366493,126,0,0,-1,,,
95bd905e3f685a28,1,1.0,0,1.0,1.0,0.8531376503269069,117,0,0,-1,,,
c440ceb9353f50b6,1,1.0,0,1.0,1.0,0.8460313927404872,111,0,0,-1,,,
64b35b9f9f84585a,1,1.0,0,1.0,1.0,0.8387449340403931,110,0,0,-1,,,
bebbdf5c01b85cf1,1,1.0,0,1.0,1.0,0.8749539464348487,63,0,0,-1,,,
c0c3f6eb7f445755,1,1.0,0,1.0,1.0,0.8160230737775445,61,0,0,-1,,,
22b526a96ad65c88,1,1.0,0,1.0,1.0,0.7065447268635016,59,0,0,-1,,,
61e104b6c5d35dc6,1,1.0,0,1.0,1.0,0.8521693062576907,59,0,0,-1,,,
98c050c637ca5909,1,1.0,0,1.0,1.0,0.8714476126583568,55,0,0,-1,,,
4588d3bc87cd5a49,1,1.0,0,1.0,1.0,0.8895287868100952,55,0,0,-1,,,
a1eab14904fc5807,1,1.0,0,1.0,1.0,0.8990735999748597,51,0,0,-1,,,
9e290b24dff55dff,1,1.0,0,1.0,1.0,0.8460134214598782,51,0,0,-1,,,
aabb4c5a82d65945,1,1.0,0,1.0,1.0,0.927282713951497,136,0,0,-1,,,
c9e050ae7be45001,1,1.0,0,1.0,1.0,0.9669994555226848,140,0,0,-1,,,
d25a0ab96d165b78,1,1.0,0,1.0,1.0,0.9429547547616384,140,0,0,-1,,,
24edcd5e5b7f546a,1,1.0,0,1.0,1.0,0.9378497322553625,142,0,0,-1,,,
2f05406bcdd55a21,1,1.0,0,1.0,1.0,1.0,139,0,0,-1,,,
3b2f051d7b9553e9,1,1.0,0,1.0,1.0,0.9520240821969974,140,0,0,-1,,,
c022ad6a9b6f5367,1,1.0,0,1.0,1.0,1.0,138,0,0,-1,,,
3cdaaa2bcfd55b68,1,1.0,0,1.0,1.0,1.0,135,0,0,-1,,,
fa39ec6686705dac,1,1.0,0,1.0,1.0,0.9935688334840299,105,0,0,-1,,,
60ae22c26d59572e,1,1.0,0,1.0,1.0,1.0,115,0,0,-1,,,
120ef06f3e0b5990,1,1.0,0,1.0,1.0,1.0,121,0,0,-1,,,
02902d180b405100,1,1.0,0,1.0,1.0,1.0,117,0,0,-1,,,
46aea2dcb1485353,1,1.0,0,1.0,1.0,0.8788359612197874,389,0,0,-1,,,
a2ed8d7503b85e2d,1,1.0,0,1.0,1.0,0.8935754007020268,390,0,0,-1,,,
b07f7a319de35f9a,1,1.0,0,1.0,1.0,0.9471516656877005,89,0,0,-1,,,
c90097f9ce775eab,1,1.0,0,1.0,1.0,0.9454385144252077,84,0,0,-1,,,
214abdb588465704,1,1.0,0,1.0,1.0,0.8398815589272997,102,0,0,-1,,,
c66aeafedcbd5140,1,1.0,0,1.0,1.0,0.8407497588479272,98,0,0,-1,,,
b7febc4ae909501b,1,1.0,0,1.0,1.0,0.8480718418257797,92,0,0,-1,,,
b5ee0c4a00765073,1,1.0,0,1.0,1.0,0.8527619122115206,95,0,0,-1,,,
7272f8ee7e64591e,1,1.0,0,1.0,1.0,0.9105225494782472,113,0,0,-1,,,
aadb2479ded750e4,1,1.0,0,1.0,1.0,0.9209802037173827,114,0,0,-1,,,
0182731334355e48,1,1.0,0,1.0,1.0,0.9103647232452564,111,0,0,-1,,,
814b5e08c20e57af,1,1.0,0,1.0,1.0,1.0,97,0,0,-1,,,
f6082f18c392582f,1,1.0,0,1.0,1.0,1.0,335,0,0,-1,,,
4c3718ea056c5656,1,1.0,0,1.0,1.0,1.0,337,0,0,-1,,,
dd157f14e18f5a1a,1,1.0,0,1.0,1.0,1.0,331,0,0,-1,,,
ed7a0f74484d58a8,1,1.0,0,1.0,1.0,1.0,321,0,0,-1,,,
8869a2f03bbd5570,1,1.0,0,1.0,1.0,1.0,300,0,0,-1,,,
7868ce187ae55819,1,1.0,0,1.0,1.0,1.0,278,0,0,-1,,,
6e3c7a34388e5ae3,1,1.0,0,1.0,1.0,1.0,122,0,0,-1,,,
a9c9765a005351b9,1,1.0,0,1.0,1.0,1.0,116,0,0,-1,,,
67dff3c1993f57a5,1,1.0,0,1.0,1.0,0.8302900601363271,510,0,0,-1,,,
ee461de4700c5148,1,1.0,0,1.0,1.0,0.8303235262640295,512,0,0,-1,,,
47fdf7c04b155eac,1,1.0,0,1.0,1.0,0.8230017579325032,524,0,0,-1,,,
e59b32f05f5e54f0,1,1.0,0,1.0,1.0,0.8111704139470293,539,0,0,-1,,,
50676507e4e2554f,1,1.0,0,1.0,1.0,0.7896921321888662,543,0,0,-1,,,
26840e3a5da45589,1,1.0,0,1.0,1.0,0.7916787517275009,544,0,0,-1,,,
b966c10ea361593f,1,1.0,0,1.0,1.0,0.7479088523897803,520,0,0,-1,,,
7ffee2481b68517c,1,1.0,0,1.0,1.0,0.8525719699475142,516,0,0,-1,,,
cc1862b24d0157bb,1,1.0,0,1.0,1.0,1.0,103,0,0,-1,,,
eb7ed87b4ef65273,1,1.0,0,1.0,1.0,1.0,107,0,0,-1,,,
61d847c3a95f5032,1,1.0,0,1.0,1.0,0.9606358869660693,107,0,0,-1,,,
fc9b5914f47e58fe,1,1.0,0,1.0,1.0,0.9038020582004282,110,0,0,-1,,,
2805fe41d7d9543a,1,1.0,0,1.0,1.0,0.8916929626042727,102,0,0,-1,,,
700237dffc2d5be7,1,1.0,0,1.0,1.0,0.902681799149987,107,0,0,-1,,,
ad6af1cce80c5983,1,1.0,0,1.0,1.0,0.8141032675522686,119,0,0,-1,,,
271bd521cc6c50ae,1,1.0,0,1.0,1.0,0.9064014144117724,138,0,0,-1,,,
dea63e35e7545f27,1,1.0,0,1.0,1.0,0.9097640378014092,60,0,0,-1,,,
bd9af5e4299b5fb6,1,1.0,0,1.0,1.0,0.7809013040803974,56,0,0,-1,,,
c7cd4edb7b455e9f,1,1.0,0,1.0,1.0,0.8568940918082125,57,0,0,-1,,,
2193ada652c557c3,1,1.0,0,1.0,1.0,0.8686450708042646,51,0,0,-1,,,
47e64379df6b55b2,1,1.0,0,1.0,1.0,0.9066358480604094,39,0,0,-1,,,
431869f33ace51a0,1,1.0,0,1.0,1.0,0.915041938658495,34,0,0,-1,,,
411ce5449bda5b1d,1,1.0,0,1.0,1.0,1.0,33,0,0,-1,,,
1082d34008e05df4,1,1.0,0,1.0,1.0,1.0,31,0,0,-1,,,
dbb9c9811b275fd8,1,1.0,0,1.0,1.0,0.746229419010442,17,0,0,-1,,,
d0afb786443a5659,1,1.0,0,1.0,1.0,1.0,17,0,0,-1,,,
ae472d675a965aca,1,1.0,0,1.0,1.0,0.7362876227264673,17,0,0,-1,,,
f14e7ed78b5d55b4,1,1.0,0,1.0,1.0,0.7261604029613481,19,0,0,-1,,,
c61fe0459c4451ef,1,1.0,0,1.0,1.0,0.97993445929388,18,0,0,-1,,,
fd001bff97c155b3,1,1.0,0,1.0,1.0,0.7142554821995476,19,0,0,-1,,,
c370f836e3275da4,1,1.0,0,1.0,1.0,0.7183426741085883,24,0,0,-1,,,
dfa4c26313d45198,1,1.0,0,1.0,1.0,0.6863325559229431,22,0,0,-1,,,
cd5c67041095597b,1,1.0,0,1.0,1.0,1.0,54,0,0,-1,,,
192220ae5c0a54a6,1,1.0,0,1.0,1.0,1.0,114,0,0,-1,,,
d4374a032e28535e,1,1.0,0,1.0,1.0,1.0,113,0,0,-1,,,
0bcae698fd905226,1,1.0,0,1.0,1.0,1.0,121,0,0,-1,,,
2a10522631ab5a56,1,1.0,0,1.0,1.0,1.0,185,0,0,-1,,,
131c6cc5af9c58b6,1,1.0,0,1.0,1.0,0.8989104732738431,185,0,0,-1,,,
3f64ff364b585a3b,1,1.0,0,1.0,1.0,0.9121182157801987,183,0,0,-1,,,
58a10d0c924050cf,1,1.0,0,1.0,1.0,1.0,179,0,0,-1,,,
a8ef1b08315752f3,1,1.0,0,1.0,1.0,1.0,125,0,0,-1,,,
0cf1a04807e1505b,1,1.0,0,1.0,1.0,1.0,121,0,0,-1,,,
44cbdb68f39f579d,1,1.0,0,1.0,1.0,1.0,118,0,0,-1,,,
6376b9b848385361,1,1.0,0,1.0,1.0,1.0,113,0,0,-1,,,
429cd9dc9d2154a4,1,1.0,0,1.0,1.0,1.0,107,0,0,-1,,,
4b3a1e85619e557f,1,1.0,0,1.0,1.0,0.9570400702900278,146,0,0,-1,,,
d5f582e6945d5bc3,1,1.0,0,1.0,1.0,0.8946198985545973,147,0,0,-1,,,
5237b49651b35ffb,1,1.0,0,1.0,1.0,0.9042150111746151,152,0,0,-1,,,
fb54b190735e579f,1,1.0,0,0.0,1.0,0.3895785953984882,170,0,0,-1,,,
bd5e1c226cca5d3e,1,1.0,0,1.0,1.0,0.8892330026505922,167,0,0,-1,,,
8b8b41a9d00e5e32,1,1.0,0,1.0,1.0,0.9229710806410173,161,0,0,-1,,,
d1c5fed75ec951fa,1,1.0,0,1.0,1.0,0.9311919317218346,152,0,0,-1,,,
69d75ac905035187,1,1.0,0,1.0,1.0,0.9215169219602816,144,0,0,-1,,,
6edc8f2bcb3054be,1,1.0,0,1.0,1.0,0.96019296908191,120,0,0,-1,,,
702cb8df08c15df6,1,1.0,0,1.0,1.0,0.9145385151399368,113,0,0,-1,,,
597a23643be958dc,1,1.0,0,1.0,1.0,0.9211452833743669,105,0,0,-1,,,
1baf6c7677a95a6a,1,1.0,0,1.0,1.0,0.8440843324117363,104,0,0,-1,,,
9369b11c1f5857e8,1,1.0,0,1.0,1.0,0.9251452308625133,106,0,0,-1,,,
f776577c7428592b,1,1.0,0,1.0,1.0,0.8939531316952584,103,0,0,-1,,,
449baff4aece5ab3,1,1.0,0,1.0,1.0,1.0,101,0,0,-1,,,
3461796610c15a0e,1,1.0,0,1.0,1.0,0.9770227808282096,104,0,0,-1,,,
d5ff634ca2dd5801,1,1.0,0,1.0,1.0,1.0,104,0,0,-1,,,
36d7d1e453cf5158,1,1.0,0,1.0,1.0,1.0,101,0,0,-1,,,
1d037ee2ffda5d69,1,1.0,0,1.0,1.0,1.0,101,0,0,-1,,,
2d55129330045d3f,1,1.0,0,1.0,1.0,1.0,31,0,0,-1,,,
c538fa98187053d8,1,1.0,0,1.0,1.0,1.0,28,0,0,-1,,,
f94a9ce36b8e5516,1,1.0,0,1.0,1.0,1.0,43,0,0,-1,,,
36f71d88df925b39,1,1.0,0,1.0,1.0,1.0,46,0,0,-1,,,
5785ba7017515a65,1,1.0,0,1.0,1.0,1.0,46,0,0,-1,,,
3ec88bf115c95f69,1,1.0,0,0.0,1.0,0.5833333333333334,48,0,0,-1,,,
1cd73301d5745314,1,1.0,0,0.0,1.0,0.5627878364412319,49,0,0,-1,,,
f4cc7553b85f5fb0,1,1.0,0,1.0,1.0,0.9966733229958349,49,0,0,-1,,,
85229d62b0965482,1,1.0,0,1.0,1.0,0.9834023510947211,51,0,0,-1,,,
94500c64b0e457bb,1,0.0,1,0.0,1.0,0.0,49,1,0,2,VEHICLE,2,5.2
73864df7d2d25214,1,1.0,0,1.0,1.0,0.9210498763130417,53,0,0,-1,,,
89a0561418585e07,1,1.0,0,1.0,1.0,0.9090645785829644,53,0,0,-1,,,
8d5d769b1f1e5802,1,1.0,0,1.0,1.0,0.8819573665526169,96,0,0,-1,,,
4143d1c692f95b56,1,1.0,0,1.0,1.0,0.9078561851563149,94,0,0,-1,,,
36adada77e2f54ba,1,1.0,0,1.0,1.0,0.9019909800854188,93,0,0,-1,,,
de7b87d6624754cf,1,1.0,0,1.0,1.0,0.9273693515498284,93,0,0,-1,,,
42160b555f2a5aa0,1,1.0,0,1.0,1.0,0.7776419154396205,88,0,0,-1,,,
b7c9a2a8db7d5b48,1,1.0,0,1.0,1.0,0.9221559521920044,82,0,0,-1,,,
31042b6e5c455b82,1,1.0,0,1.0,1.0,0.945843459846313,78,0,0,-1,,,
25dbdd29ce325538,1,1.0,0,1.0,1.0,0.9489216302381239,78,0,0,-1,,,
dcf3da6b34935bc8,1,1.0,0,1.0,1.0,0.8553392220899664,73,0,0,-1,,,
b53b172e95895a12,1,1.0,0,1.0,1.0,0.8421745858878494,76,0,0,-1,,,
7af7ff61308e5e5c,1,1.0,0,1.0,1.0,0.8681021701480058,76,0,0,-1,,,
9020d65504e554b3,1,1.0,0,1.0,1.0,0.900817606261528,72,0,0,-1,,,
8d6e4249496b504c,1,1.0,0,1.0,1.0,0.9264037777235924,135,0,0,-1,,,
135337bf847b5726,1,1.0,0,1.0,1.0,0.8561199463669626,79,0,0,-1,,,
f34d9948bdc257ab,1,1.0,0,1.0,1.0,1.0,108,0,0,-1,,,
25b846255c715c69,1,1.0,0,1.0,1.0,1.0,109,0,0,-1,,,
49f69d3d75b65659,1,1.0,0,1.0,1.0,0.9784074964311346,110,0,0,-1,,,
0c9105d8ad6a5f52,1,1.0,0,1.0,1.0,1.0,113,0,0,-1,,,
086e0f2ff2c45bb3,1,1.0,0,1.0,1.0,1.0,123,0,0,-1,,,
5a03ac06c53d5b19,1,1.0,0,1.0,1.0,1.0,121,0,0,-1,,,
e26d616b5c4b5642,1,1.0,0,1.0,1.0,0.9918353325632602,157,0,0,-1,,,
e90d6c211deb5f05,1,1.0,0,1.0,1.0,1.0,168,0,0,-1,,,
c056dcf1096258a4,1,1.0,0,1.0,1.0,1.0,175,0,0,-1,,,
936c2cf5b8345663,1,1.0,0,1.0,1.0,1.0,176,0,0,-1,,,
59504d2ffda35a72,1,0.5,0,0.0,1.0,0.1970109016538206,180,0,0,-1,,,
a28e9a19b6a05733,1,1.0,0,0.0,1.0,0.5833333333333334,179,0,0,-1,,,
0ee2bbd11d4451c3,1,1.0,0,1.0,1.0,1.0,183,0,0,-1,,,
455f894b6e3b58ab,1,1.0,0,1.0,1.0,1.0,177,0,0,-1,,,
689abfdd66235378,1,1.0,0,1.0,0.0,0.0,17,0,0,-1,,,
a312f24a197d530c,1,1.0,0,1.0,0.0,0.0,17,0,0,-1,,,
b899b71cf6c95ff2,1,1.0,0,1.0,1.0,0.5378802429982362,18,0,0,-1,,,
3fca9a087e505470,1,1.0,0,1.0,1.0,0.5376347663837221,17,0,0,-1,,,
85f25c14e0125133,1,1.0,0,1.0,1.0,0.5352500981129144,17,0,0,-1,,,
bd4dac2ccde55c08,1,1.0,0,1.0,0.0,0.0,18,0,0,-1,,,
056c6ca971b355b4,1,1.0,0,1.0,1.0,0.9412447475767848,18,0,0,-1,,,
3e9b399280e250fc,1,1.0,0,1.0,1.0,0.9378859417305062,16,0,0,-1,,,
ef27f4eeb34e5b83,1,1.0,0,1.0,1.0,0.9094001399262776,91,0,0,-1,,,
a9fc9ff67fef5b5c,1,1.0,0,1.0,1.0,1.0,90,0,0,-1,,,
ef23fc3dea3551b5,1,1.0,0,1.0,1.0,1.0,84,0,0,-1,,,
54a48973672c5352,1,1.0,0,1.0,1.0,1.0,80,0,0,-1,,,
dd72153f54fa59e7,1,1.0,0,1.0,1.0,1.0,121,0,0,-1,,,
a807cfefb041572b,1,1.0,0,1.0,1.0,1.0,126,0,0,-1,,,
0d35a8e6a98a5759,1,1.0,0,1.0,1.0,0.9472770866641058,125,0,0,-1,,,
5328fe5eba6e5d30,1,1.0,0,1.0,1.0,0.9924011723322517,130,0,0,-1,,,
6eac1c0e2bbd57bb,1,1.0,0,1.0,1.0,0.8260929935178499,19,0,0,-1,,,
54ae4b189e79541b,1,1.0,0,1.0,1.0,0.8178026977423585,20,0,0,-1,,,
392a50db492b536e,1,1.0,0,1.0,1.0,0.8347955961746645,19,0,0,-1,,,
afa0bb26045b5981,1,1.0,0,1.0,1.0,0.839196020946498,19,0,0,-1,,,
fd30ed65f94d51b2,1,1.0,0,1.0,1.0,0.7914351898293477,18,0,0,-1,,,
aa41c7c6037e5950,1,1.0,0,1.0,1.0,0.8270585841249058,17,0,0,-1,,,
40dcc0a979075ffd,1,1.0,0,1.0,1.0,0.8009648543060778,15,0,0,-1,,,
8e7cc5d34d415b43,1,1.0,0,1.0,1.0,0.7198607584268245,17,0,0,-1,,,
5f42f18776195578,1,1.0,0,1.0,1.0,0.9297429983917231,93,0,0,-1,,,
0a3caedd4a7c5394,1,1.0,0,1.0,1.0,0.9346647241068543,92,0,0,-1,,,
c820630081b056f7,1,1.0,0,1.0,1.0,0.9343786194761767,95,0,0,-1,,,
c74dd20cc31755b0,1,1.0,0,1.0,1.0,0.9276279864272737,95,0,0,-1,,,
7762b47b2ed156a9,1,1.0,0,1.0,1.0,0.9321982967390557,93,0,0,-1,,,
fd8d10736c675232,1,1.0,0,1.0,1.0,0.9304227971881995,94,0,0,-1,,,
d0ae9b081c1857cf,1,1.0,0,1.0,1.0,0.9263053519024814,94,0,0,-1,,,
04a6f384cd2056c1,1,1.0,0,1.0,1.0,0.9150262137503299,92,0,0,-1,,,
eda5fa80573953b8,1,1.0,0,1.0,1.0,0.8560794021762765,13,0,0,-1,,,
cde9cee2c4f55145,1,1.0,0,1.0,1.0,0.7199069541859283,12,0,0,-1,,,
05741acd510e52f7,1,1.0,0,1.0,1.0,0.6971199687129582,12,0,0,-1,,,
a03faf9254a55468,1,1.0,0,1.0,1.0,0.7240005788066366,13,0,0,-1,,,
57f2781030b25387,1,1.0,0,1.0,1.0,0.7006812601337563,14,0,0,-1,,,
fb62cea889d654ec,1,1.0,0,1.0,1.0,0.7501669172099952,13,0,0,-1,,,
c1d95d8a3260541c,1,1.0,0,1.0,1.0,0.7142928823720457,13,0,0,-1,,,
f29d6171f46b551d,1,1.0,0,1.0,1.0,0.7289251716078735,14,0,0,-1,,,
601c3cce2a215275,1,1.0,0,1.0,1.0,0.9205133925493495,15,0,0,-1,,,
e66d21ee45e65dac,1,1.0,0,1.0,1.0,0.9247731247910357,14,0,0,-1,,,
134651c94f73576f,1,1.0,0,1.0,1.0,0.8827419342117198,15,0,0,-1,,,
86c622a3ec1255ee,1,1.0,0,1.0,1.0,0.8367387514389972,16,0,0,-1,,,
1fb997ffe1de58f8,1,1.0,0,1.0,1.0,0.7725584921076133,16,0,0,-1,,,
8d5ac1ce6fb75faf,1,1.0,0,1.0,1.0,0.6794387232513652,17,0,0,-1,,,
6157537c48ab553d,1,1.0,0,1.0,1.0,0.7154485952216887,18,0,0,-1,,,
8364af67153a5193,1,1.0,0,1.0,1.0,0.7191169518253963,21,0,0,-1,,,
59ea5c8c067e57e7,1,1.0,0,1.0,1.0,0.5381231349812631,16,0,0,-1,,,
d618ac9cc53c573c,1,1.0,0,1.0,1.0,0.9414739435478944,13,0,0,-1,,,
094551eaba7351f5,1,1.0,0,1.0,0.0,0.0,14,0,0,-1,,,
61c31afab34d5e94,1,1.0,0,1.0,1.0,0.728385575556498,14,0,0,-1,,,
36be99da12575896,1,1.0,0,1.0,0.0,0.0,14,0,0,-1,,,
2fdb40cf92e75107,1,1.0,0,1.0,0.0,0.0,15,0,0,-1,,,
97e2daddecd557a4,1,1.0,0,1.0,0.0,0.0,16,0,0,-1,,,
b8d4a8d9b16859d4,1,1.0,0,1.0,1.0,0.756263709357711,16,0,0,-1,,,
0558c7a64ef157b1,1,1.0,0,1.0,1.0,0.9881801380465577,2,0,0,-1,,,
11650e6f32715f8f,1,1.0,0,1.0,1.0,0.9903735974964736,2,0,0,-1,,,
93ed1cf3d95a5dab,1,1.0,0,1.0,1.0,0.987193592842984,2,0,0,-1,,,
212c67511de75043,1,1.0,0,1.0,1.0,0.9766537315391283,1,0,0,-1,,,
fb42b4cbf6b95b6c,1,1.0,0,1.0,1.0,0.9811196240553604,2,0,0,-1,,,
2dbf2462b447576f,1,1.0,0,1.0,1.0,1.0,2,0,0,-1,,,
7d9515c88f0254f4,1,1.0,0,1.0,0.0,0.0,2,0,0,-1,,,
c7b030a4025a5066,1,1.0,0,1.0,0.0,0.0,2,0,0,-1,,,
2e5997dafce45eb2,1,1.0,0,1.0,1.0,0.9304845913447223,18,0,0,-1,,,
592f536375e755b6,1,1.0,0,1.0,1.0,0.6571615258692025,14,0,0,-1,,,
d34d0398de585e6c,1,1.0,0,1.0,1.0,0.6965864291787587,14,0,0,-1,,,
667360ba7d595e46,1,1.0,0,1.0,1.0,0.7931843747176724,15,0,0,-1,,,
2ee44628526e524c,1,1.0,0,1.0,1.0,0.8558645347326413,14,0,0,-1,,,
0f6aef2cc48d5621,1,1.0,0,1.0,1.0,0.7006327298568905,14,0,0,-1,,,
3fdefe546f3159fd,1,1.0,0,1.0,1.0,0.934359704148083,14,0,0,-1,,,
afe83cb6c0ae5f67,1,1.0,0,1.0,0.0,0.0,11,0,0,-1,,,
f4511c17c15a531f,1,1.0,0,1.0,1.0,0.753489067304057,15,0,0,-1,,,
c45fc2b353c655af,1,1.0,0,1.0,1.0,0.7537137570426423,16,0,0,-1,,,
09a81436114951ab,1,1.0,0,1.0,1.0,0.753502895906976,15,0,0,-1,,,
1803fa678ee652fa,1,1.0,0,1.0,1.0,0.7159678895966878,16,0,0,-1,,,
4b5846fcc3725b95,1,1.0,0,1.0,1.0,0.7158321868905876,16,0,0,-1,,,
0146e76ccdba5d9d,1,1.0,0,1.0,1.0,0.7384086415614561,16,0,0,-1,,,
b639f9aef8055d40,1,1.0,0,1.0,1.0,0.7111509169056628,18,0,0,-1,,,
e77441c822075f1b,1,1.0,0,1.0,1.0,0.5353667632391409,19,0,0,-1,,,
2c5cbab120595d79,1,1.0,0,1.0,1.0,0.6902799644003519,20,0,0,-1,,,
af335d636f4c516e,1,1.0,0,1.0,1.0,0.6925796522354281,21,0,0,-1,,,
458ab847ffa957e8,1,1.0,0,1.0,1.0,0.6939956678427485,22,0,0,-1,,,
5e092c66c1bf5f3b,1,1.0,0,1.0,1.0,0.700601682554096,22,0,0,-1,,,
dd07f89bea6f5147,1,1.0,0,1.0,0.0,0.0,18,0,0,-1,,,
ba63a9cd4e3f5129,1,1.0,0,1.0,0.0,0.0,19,0,0,-1,,,
fc1800501fa157a7,1,1.0,0,1.0,0.0,0.0,21,0,0,-1,,,
f754138d3e3e5fd5,1,1.0,0,1.0,1.0,0.9324568713780176,13,0,0,-1,,,
43c65ce08ad6564e,1,1.0,0,1.0,1.0,0.5473091590856055,19,0,0,-1,,,
7ea67f197fe25ba7,1,1.0,0,1.0,1.0,0.5364092396335379,20,0,0,-1,,,
52d9d533ca4e5980,1,1.0,0,1.0,1.0,0.697917687555884,23,0,0,-1,,,
635d0bb58aa95282,1,1.0,0,1.0,1.0,0.7061364813967698,23,0,0,-1,,,
70f72122f1605fa1,1,1.0,0,1.0,1.0,0.9421456358590737,23,0,0,-1,,,
c77bcde9378b551c,1,1.0,0,1.0,1.0,0.6900543451042478,24,0,0,-1,,,
fcbe2ed045225b79,1,1.0,0,1.0,1.0,0.6882045803102549,24,0,0,-1,,,
8de4253bc36f54df,1,1.0,0,1.0,1.0,0.6904679867158765,25,0,0,-1,,,
d1cf48dea57f5d2a,1,1.0,0,1.0,1.0,0.96608534695459,2,0,0,-1,,,
c344575de7545bbe,1,1.0,0,1.0,1.0,0.9700063786613186,4,0,0,-1,,,
9bebc9f8507c5cf4,1,1.0,0,1.0,0.0,0.0,4,0,0,-1,,,
21e98ee0ac165e2c,1,1.0,0,1.0,0.0,0.0,4,0,0,-1,,,
910c4dd3f1ec51b1,1,1.0,0,1.0,0.0,0.0,4,0,0,-1,,,
beb963305ad75bb3,1,1.0,0,1.0,1.0,0.5639419663035854,4,0,0,-1,,,
0defa8939c9851ea,1,1.0,0,1.0,0.0,0.0,4,0,0,-1,,,
f14a3d3672035597,1,1.0,0,1.0,0.0,0.0,4,0,0,-1,,,
84e5eb12cb6e54a6,1,1.0,0,1.0,1.0,0.7161184328420046,23,0,0,-1,,,
e6ff5e16c5f25533,1,1.0,0,1.0,1.0,0.9581577985922225,21,0,0,-1,,,
f6038d685a4d55b4,1,1.0,0,1.0,1.0,1.0,21,0,0,-1,,,
f419cea88ed9500b,1,1.0,0,1.0,1.0,0.8975127755623244,26,0,0,-1,,,
988cf241460c557e,1,1.0,0,1.0,1.0,0.89419268069959,27,0,0,-1,,,
608c6909618b5642,1,1.0,0,1.0,1.0,0.9360395113795952,24,0,0,-1,,,
d258d4d9b2235df6,1,1.0,0,1.0,1.0,0.8346063855328291,21,0,0,-1,,,
b3f47592bf415aa3,1,1.0,0,1.0,1.0,0.9227442451085751,18,0,0,-1,,,
2135b76284735f17,1,1.0,0,1.0,1.0,0.7296932018594166,13,0,0,-1,,,
0da8a13fb4855214,1,1.0,0,1.0,1.0,0.7244923666082771,14,0,0,-1,,,
77160cf8a6b8581d,1,1.0,0,1.0,1.0,0.7232289918988886,14,0,0,-1,,,
bfdb40b3dded57fd,1,1.0,0,1.0,1.0,0.7135021536586749,13,0,0,-1,,,
5568ad08c60d510f,1,1.0,0,1.0,1.0,0.6871253721539244,14,0,0,-1,,,
38f3b89b93ba5032,1,1.0,0,1.0,1.0,0.6771938948710634,15,0,0,-1,,,
d849d3813e3052d0,1,1.0,0,1.0,1.0,0.77046334882531,15,0,0,-1,,,
44324a7aa04f5501,1,1.0,0,1.0,0.0,0.0,21,0,0,-1,,,
da36c99454f65715,1,1.0,0,1.0,0.0,0.0,10,0,0,-1,,,
e000d4f7fdfb5f6b,1,1.0,0,1.0,0.0,0.0,10,0,0,-1,,,
2a68e10c7d305af4,1,1.0,0,1.0,0.0,0.0,11,0,0,-1,,,
4ccda56c15a55d57,1,1.0,0,1.0,0.0,0.0,10,0,0,-1,,,
919fcdbcf46f58d1,1,1.0,0,1.0,0.0,0.0,9,0,0,-1,,,
97b1ea53fad65625,1,1.0,0,1.0,1.0,0.7580787250558835,9,0,0,-1,,,
6fb754e903985d44,1,1.0,0,1.0,1.0,0.7600165273368328,8,0,0,-1,,,
59db265fc4cf5a41,1,1.0,0,1.0,1.0,0.7509252027011156,8,0,0,-1,,,
a51fda3f10da5432,1,1.0,0,1.0,1.0,0.7526019160970034,8,0,0,-1,,,
55790fb5a5e853d0,1,1.0,0,1.0,1.0,0.754379343475644,7,0,0,-1,,,
da1a3756e4465c03,1,1.0,0,1.0,1.0,0.7559519454250613,7,0,0,-1,,,
d360ce59cdc15efc,1,1.0,0,1.0,1.0,0.566929902374088,4,0,0,-1,,,
93e2a76b34b559fc,1,1.0,0,1.0,1.0,0.5681404797513024,4,0,0,-1,,,
13fa82d6564e5bac,1,1.0,0,1.0,1.0,0.7365966270235264,4,0,0,-1,,,
01fea9c4f9f45634,1,1.0,0,1.0,1.0,0.9357301332083465,3,0,0,-1,,,
1fdff45f05055069,1,1.0,0,1.0,1.0,0.9741245906904256,2,0,0,-1,,,
a7b8ffecd36e5dbc,1,1.0,0,1.0,1.0,0.7687507510431772,22,0,0,-1,,,
a627522c77eb526c,1,1.0,0,1.0,1.0,0.7686102225612275,23,0,0,-1,,,
0221ed2a1c495f23,1,1.0,0,1.0,1.0,0.7704865041379718,22,0,0,-1,,,
a2e2a360029f508f,1,1.0,0,1.0,1.0,0.7183591966944775,21,0,0,-1,,,
46369836a9b654ee,1,1.0,0,1.0,1.0,0.7557886041708851,22,0,0,-1,,,
345f39f8de925db9,1,1.0,0,1.0,1.0,0.9825915477168236,17,0,0,-1,,,
62053f814af95fce,1,1.0,0,1.0,1.0,0.9024974250218737,18,0,0,-1,,,
f1f463892f3d5bb7,1,1.0,0,1.0,1.0,0.8518327289593067,19,0,0,-1,,,
fe469d42385259e2,1,1.0,0,1.0,1.0,0.9592269186779037,124,0,0,-1,,,
002672a228395a16,1,1.0,0,1.0,1.0,1.0,127,0,0,-1,,,
da53dac7558e563d,1,1.0,0,1.0,1.0,0.9902063011637142,147,0,0,-1,,,
6f2459c4df665173,1,1.0,0,1.0,1.0,0.9826356913998753,148,0,0,-1,,,
a3f82403e6945aa7,1,1.0,0,1.0,1.0,1.0,150,0,0,-1,,,
b5e7acb62778580b,1,1.0,0,1.0,1.0,1.0,153,0,0,-1,,,
e8d869b5752751a6,1,1.0,0,1.0,1.0,0.9738323366554225,154,0,0,-1,,,
3580cf9f59395963,1,1.0,0,1.0,1.0,0.99929611902435,154,0,0,-1,,,
fc529b3abdc65998,1,1.0,0,1.0,0.0,0.0,5,0,0,-1,,,
d08754ee7c5c5949,1,1.0,0,1.0,1.0,0.9520019306340193,4,0,0,-1,,,
c5972dc8ab5c5f70,1,1.0,0,1.0,0.0,0.0,4,0,0,-1,,,
2f260b8b9dee5b0c,1,1.0,0,1.0,1.0,1.0,4,0,0,-1,,,
8eda03e314a456a4,1,1.0,0,1.0,1.0,1.0,85,0,0,-1,,,
1cbb42e800785a61,1,1.0,0,1.0,1.0,1.0,109,0,0,-1,,,
33c58e00f5805824,1,1.0,0,1.0,1.0,0.9872886769818902,113,0,0,-1,,,
8e958f3833835138,1,1.0,0,1.0,1.0,0.99334907342967,118,0,0,-1,,,
c0ee4f794af35185,1,1.0,0,1.0,1.0,1.0,175,0,0,-1,,,
bc9bc971088c5df6,1,1.0,0,1.0,1.0,1.0,176,0,0,-1,,,
c052a8877f7f5d37,1,1.0,0,1.0,1.0,0.9906741187826081,176,0,0,-1,,,
1013821ba47c55b3,1,1.0,0,1.0,1.0,0.9669272499143368,172,0,0,-1,,,
5099c20d468f5cf4,1,1.0,0,1.0,1.0,0.9354313635017117,154,0,0,-1,,,
15b400ceaa505015,1,1.0,0,1.0,1.0,0.9510972870513131,154,0,0,-1,,,
b4dbd03935ce53fa,1,1.0,0,1.0,1.0,0.9256092519496096,159,0,0,-1,,,
eab63019e1825aea,1,1.0,0,1.0,1.0,1.0,156,0,0,-1,,,
b04b5637f4e05625,1,1.0,0,1.0,1.0,0.9643097079306248,165,0,0,-1,,,
e35a803202875fa0,1,1.0,0,1.0,1.0,0.9882903514453986,168,0,0,-1,,,
0c3c4cd553475d3a,1,1.0,0,1.0,1.0,0.972871591861861,165,0,0,-1,,,
ed8294474bc35b6c,1,1.0,0,1.0,1.0,1.0,189,0,0,-1,,,
3a61d7ced3ca590d,1,1.0,0,1.0,1.0,1.0,191,0,0,-1,,,
1a099ccfccfa567f,1,1.0,0,1.0,1.0,1.0,195,0,0,-1,,,
51e697d3f5255ac3,1,1.0,0,1.0,1.0,1.0,195,0,0,-1,,,
40bdfb00872f5bc4,1,1.0,0,1.0,1.0,1.0,195,0,0,-1,,,
deae4b3cac52513c,1,1.0,0,1.0,1.0,0.9458103868056303,103,0,0,-1,,,
d26170a35d1c5e33,1,1.0,0,1.0,1.0,0.8574519275297176,99,0,0,-1,,,
64a8b055818c5bef,1,1.0,0,1.0,1.0,0.8548624862138542,98,0,0,-1,,,
7383ddb2fac255cb,1,1.0,0,1.0,1.0,0.8274392332908661,100,0,0,-1,,,
cd9330daeec55224,1,1.0,0,1.0,1.0,0.8256272291471854,98,0,0,-1,,,
59c00098b95d53b8,1,1.0,0,1.0,1.0,0.8738887001152773,95,0,0,-1,,,
9f3b77fe8cd3541c,1,1.0,0,1.0,1.0,0.9202717824440665,93,0,0,-1,,,
eccb91aff29c5415,1,1.0,0,1.0,1.0,0.912285910627995,95,0,0,-1,,,
df4bfb41bc3b5ded,1,1.0,0,1.0,1.0,1.0,100,0,0,-1,,,
c9b3ce1062455ad6,1,1.0,0,1.0,1.0,1.0,100,0,0,-1,,,
35e4b04bab1058d5,1,1.0,0,1.0,1.0,0.9479506713344014,102,0,0,-1,,,
cefc63c820c45c3b,1,1.0,0,1.0,1.0,1.0,100,0,0,-1,,,
3d84e6189fdd51bb,1,1.0,0,1.0,1.0,1.0,103,0,0,-1,,,
cb2a52e9af3a5e0a,1,1.0,0,1.0,1.0,1.0,105,0,0,-1,,,
db98c374c7e65602,1,1.0,0,1.0,1.0,1.0,105,0,0,-1,,,
cb22383a26cf594e,1,1.0,0,1.0,1.0,0.9693938645043857,102,0,0,-1,,,
f2291b8766215c41,1,1.0,0,1.0,1.0,0.8554192359150816,108,0,0,-1,,,
4386a0ba98f95bb3,1,1.0,0,1.0,1.0,0.8130038704901019,109,0,0,-1,,,
c648574640a65934,1,1.0,0,1.0,1.0,0.8243245298862671,107,0,0,-1,,,
b0598da891205aa3,1,1.0,0,1.0,1.0,0.7933998065543704,106,0,0,-1,,,
674e6f0f529a51f7,1,1.0,0,1.0,1.0,0.78747185719726,107,0,0,-1,,,
e456e929ecb85b07,1,1.0,0,1.0,1.0,0.7871949037343043,108,0,0,-1,,,
611bde5a2b585c9d,1,1.0,0,1.0,1.0,0.8433156615308698,100,0,0,-1,,,
371d154a89425165,1,1.0,0,1.0,1.0,0.837989123446765,104,0,0,-1,,,
83212ddd15375812,1,1.0,0,1.0,1.0,1.0,190,0,0,-1,,,
39bcaa3072bc5198,1,1.0,0,1.0,1.0,1.0,187,0,0,-1,,,
8f41a318d1a45310,1,1.0,0,1.0,1.0,1.0,190,0,0,-1,,,
7e35bd1fea5b50da,1,1.0,0,1.0,1.0,1.0,187,0,0,-1,,,
070b688b49225760,1,1.0,0,1.0,1.0,1.0,186,0,0,-1,,,
cc8b8b4ae726592a,1,1.0,0,1.0,1.0,1.0,183,0,0,-1,,,
f897914e6f0c52e5,1,1.0,0,1.0,1.0,1.0,176,0,0,-1,,,
19a718729d3a5e37,1,1.0,0,1.0,1.0,1.0,174,0,0,-1,,,
b6a5d96d702a5ffd,1,1.0,0,1.0,1.0,1.0,128,0,0,-1,,,
b5ca533bca505ceb,1,1.0,0,1.0,1.0,1.0,130,0,0,-1,,,
def10158059d5eb1,1,1.0,0,1.0,1.0,1.0,130,0,0,-1,,,
db73bde6710e50ca,1,1.0,0,1.0,1.0,1.0,131,0,0,-1,,,
74a8af10863e5455,1,1.0,0,1.0,1.0,1.0,130,0,0,-1,,,
29560d02d4615d4c,1,1.0,0,1.0,1.0,1.0,129,0,0,-1,,,
1a66019703c45296,1,1.0,0,1.0,1.0,1.0,128,0,0,-1,,,
4509bc830bbc5fbd,1,1.0,0,1.0,1.0,1.0,127,0,0,-1,,,
0bced38a12a352c4,1,1.0,0,1.0,1.0,1.0,284,0,0,-1,,,
895513fa202c506f,1,1.0,0,1.0,1.0,1.0,278,0,0,-1,,,
8feb2ae5cc2451c3,1,1.0,0,1.0,1.0,1.0,273,0,0,-1,,,
b64b160540265465,1,1.0,0,1.0,1.0,0.9887180639072864,188,0,0,-1,,,
7c68734f0453501c,1,1.0,0,1.0,1.0,0.9894648378272665,185,0,0,-1,,,
a5c9bcab52165145,1,1.0,0,1.0,1.0,0.991445150621168,192,0,0,-1,,,
fb44fa6567a65ad0,1,1.0,0,1.0,1.0,0.9938116016134052,192,0,0,-1,,,
0166f867762a56e1,1,1.0,0,1.0,1.0,0.9936510127617382,194,0,0,-1,,,
0ee0eabadd125c7b,1,1.0,0,1.0,1.0,0.9938063419444395,200,0,0,-1,,,
ce516bdfc6e45d5b,1,1.0,0,1.0,1.0,0.9758098667043716,195,0,0,-1,,,
0225c61734025867,1,1.0,0,1.0,1.0,0.9769550346732169,198,0,0,-1,,,
cce0795c7ff05129,1,1.0,0,1.0,1.0,0.9342507882577654,489,0,0,-1,,,
75c40d79f7135ea0,1,1.0,0,1.0,1.0,0.9501182476772726,455,0,0,-1,,,
d72d183a16e05cf3,1,1.0,0,1.0,1.0,0.9569878124271255,444,0,0,-1,,,
685911b9ba8b554f,1,1.0,0,1.0,1.0,0.9452590742268511,442,0,0,-1,,,
4cbe138f73975e82,1,1.0,0,1.0,1.0,0.9289945993231749,443,0,0,-1,,,
51ab6f367130574d,1,1.0,0,1.0,1.0,0.9015647988661781,117,0,0,-1,,,
54580876ee835959,1,1.0,0,1.0,1.0,0.8613385545664531,121,0,0,-1,,,
2b65a8a29c455d00,1,1.0,0,1.0,1.0,0.8833557104950106,118,0,0,-1,,,
803569f800575929,1,1.0,0,1.0,1.0,0.8544651942490565,118,0,0,-1,,,
3257b4f1ac7e5b62,1,1.0,0,1.0,1.0,0.8335262159667381,113,0,0,-1,,,
58b6d3046d18508e,1,1.0,0,1.0,1.0,0.8158070204288945,120,0,0,-1,,,
a227effbc53d5fda,1,1.0,0,1.0,1.0,0.8269526563968811,114,0,0,-1,,,
701c95bcdaa65c14,1,1.0,0,1.0,1.0,0.815204842879588,109,0,0,-1,,,
a5a4a6add0d05113,1,1.0,0,1.0,1.0,1.0,70,0,0,-1,,,
36716a89eb9c5ef9,1,1.0,0,1.0,1.0,1.0,68,0,0,-1,,,
11482ead31545f3a,1,1.0,0,1.0,1.0,1.0,72,0,0,-1,,,
2c79b7300d3a5219,1,1.0,0,1.0,1.0,1.0,73,0,0,-1,,,
9d55692d15dc5155,1,1.0,0,1.0,1.0,1.0,76,0,0,-1,,,
9a594a58c8125976,1,1.0,0,1.0,1.0,0.9810994359275206,86,0,0,-1,,,
0ae1539816f55b5f,1,1.0,0,1.0,1.0,0.962484786416462,88,0,0,-1,,,
5dc491914c6a595f,1,1.0,0,1.0,1.0,0.9629860257826467,87,0,0,-1,,,
2114e7e213c45fc0,1,1.0,0,1.0,1.0,1.0,324,0,0,-1,,,
7b00e131a2885ecf,1,1.0,0,1.0,1.0,1.0,323,0,0,-1,,,
1dae5903323e5214,1,1.0,0,1.0,1.0,1.0,321,0,0,-1,,,
bb25cbb49f9157ae,1,1.0,0,0.0,1.0,0.5833333333333334,312,0,0,-1,,,
a978cd72e68155b1,1,1.0,0,1.0,1.0,1.0,299,0,0,-1,,,
a067cd2e442c5a4a,1,1.0,0,1.0,1.0,1.0,292,0,0,-1,,,
10ddf2c0942a5704,1,1.0,0,1.0,1.0,1.0,282,0,0,-1,,,
c0ea178930145138,1,1.0,0,1.0,1.0,1.0,270,0,0,-1,,,
a6229e66c0e656d8,1,1.0,0,1.0,1.0,0.9073494076262678,93,0,0,-1,,,
9adad5bdab6b52fa,1,1.0,0,1.0,1.0,0.7047732561694744,87,0,0,-1,,,
f0fb575adb8a5171,1,1.0,0,1.0,1.0,0.7229042432494118,88,0,0,-1,,,
cff12b59b73c537e,1,1.0,0,1.0,1.0,0.7981134137842837,80,0,0,-1,,,
e56402797d665711,1,1.0,0,1.0,1.0,0.7214055971307269,70,0,0,-1,,,
76b1b05efba353fe,1,1.0,0,1.0,0.0,0.0,74,0,0,-1,,,
129c4e6b058a5f6d,1,1.0,0,1.0,0.0,0.0,76,0,0,-1,,,
e61699cda2f15e01,1,1.0,0,1.0,1.0,1.0,99,0,0,-1,,,
e6206364da5b51f3,1,1.0,0,1.0,1.0,1.0,193,0,0,-1,,,
ef4cd07fc8245457,1,1.0,0,1.0,1.0,1.0,195,0,0,-1,,,
e375b42cd83a5bf3,1,1.0,0,1.0,1.0,1.0,198,0,0,-1,,,
fc6dc98b89a95817,1,1.0,0,1.0,1.0,0.9223574235258258,90,0,0,-1,,,
dabc9043dbb9560b,1,1.0,0,1.0,1.0,0.9275104822393635,94,0,0,-1,,,
88d08f76270d5e37,1,1.0,0,1.0,1.0,0.9081187723606106,94,0,0,-1,,,
60f2c00b9ced513f,1,1.0,0,1.0,1.0,0.9008368595702855,96,0,0,-1,,,
841f506a559f534f,1,1.0,0,1.0,1.0,0.9718535856478153,100,0,0,-1,,,
9f0193389f8a520c,1,1.0,0,1.0,1.0,0.7963452353125482,109,0,0,-1,,,
c9968e9ec0135b9d,1,1.0,0,1.0,1.0,1.0,100,0,0,-1,,,
8723bbb08b8e5cc8,1,1.0,0,1.0,1.0,1.0,99,0,0,-1,,,
4ac092ec1bee5e7a,1,1.0,0,1.0,1.0,1.0,97,0,0,-1,,,
d2c7bb24957c56ad,1,1.0,0,1.0,1.0,1.0,166,0,0,-1,,,
61b99cf0e08d559a,1,1.0,0,1.0,1.0,1.0,174,0,0,-1,,,
f36dbc258c8b5e17,1,1.0,0,1.0,1.0,1.0,331,0,0,-1,,,
1379782dce4751e4,1,1.0,0,1.0,1.0,1.0,329,0,0,-1,,,
84a763e08d2c5ac6,1,1.0,0,1.0,1.0,1.0,114,0,0,-1,,,
50202ba4b1b55f6b,1,1.0,0,1.0,1.0,1.0,116,0,0,-1,,,
82ab6983691a5599,1,1.0,0,1.0,1.0,1.0,116,0,0,-1,,,
9b94fe18b9ea5b73,1,1.0,0,1.0,1.0,1.0,117,0,0,-1,,,
f32d809c7175588c,1,1.0,0,1.0,1.0,1.0,117,0,0,-1,,,
65858c2fe6b5501f,1,1.0,0,1.0,1.0,1.0,120,0,0,-1,,,
5444d6dfc06559c3,1,1.0,0,1.0,1.0,1.0,122,0,0,-1,,,
bc1b30ec654c5d78,1,1.0,0,1.0,1.0,1.0,128,0,0,-1,,,
b4507882ebac5f7a,1,1.0,0,1.0,1.0,0.9306976373952308,97,0,0,-1,,,
95612e81595b568f,1,1.0,0,1.0,1.0,0.8417002585645242,99,0,0,-1,,,
fce752b25ce55380,1,1.0,0,1.0,1.0,0.8616922942849259,100,0,0,-1,,,
8a46ac0d50d4505e,1,1.0,0,1.0,1.0,0.8459335838643455,98,0,0,-1,,,
5e96a7620956567a,1,1.0,0,1.0,1.0,0.8328484122764825,97,0,0,-1,,,
dc0152c1caca5d94,1,1.0,0,1.0,1.0,0.8741376815825728,101,0,0,-1,,,
557690c1c31357b1,1,1.0,0,1.0,1.0,0.8947437784851987,103,0,0,-1,,,
4342cb36fbba580b,1,1.0,0,1.0,1.0,0.9072386282747571,107,0,0,-1,,,
32e457e686675618,1,1.0,0,1.0,1.0,0.9353283132676075,159,0,0,-1,,,
abf38de966305279,1,1.0,0,1.0,1.0,0.9395650830732335,158,0,0,-1,,,
3010009fcb295507,1,1.0,0,1.0,1.0,0.9469218264676096,161,0,0,-1,,,
17a6a4a6137553cd,1,1.0,0,1.0,1.0,0.9426177483723608,163,0,0,-1,,,
f6eec3b743985122,1,1.0,0,1.0,1.0,0.9267979813574906,164,0,0,-1,,,
ecce119989c25ae9,1,1.0,0,1.0,1.0,0.9183895973553159,171,0,0,-1,,,
752b0c820740589e,1,1.0,0,1.0,1.0,0.8768495353889495,170,0,0,-1,,,
e46bb2932c0452b2,1,1.0,0,1.0,1.0,0.8547568676240864,170,0,0,-1,,,
c30e5bb7e0595851,1,1.0,0,1.0,1.0,0.8370964199825103,168,0,0,-1,,,
7eb19d771c975618,1,1.0,0,1.0,1.0,0.7896715561502212,164,0,0,-1,,,
46f4d9ea67c75a76,1,1.0,0,1.0,1.0,1.0,165,0,0,-1,,,
26459a22067d556e,1,1.0,0,1.0,1.0,1.0,166,0,0,-1,,,
253adcf13a3f5c15,1,1.0,0,1.0,1.0,1.0,176,0,0,-1,,,
38c2e9619e425ab8,1,1.0,0,1.0,1.0,1.0,174,0,0,-1,,,
2f23d31a3ddf5de9,1,1.0,0,1.0,1.0,1.0,172,0,0,-1,,,
3b84c23dd4ee5af8,1,1.0,0,1.0,1.0,1.0,182,0,0,-1,,,
ec04801554fb518f,1,1.0,0,1.0,1.0,0.8673305840964227,105,0,0,-1,,,
0ea5bbb7337d5a56,1,1.0,0,1.0,1.0,0.8602787514744956,105,0,0,-1,,,
f03f53f19c6254b8,1,1.0,0,1.0,1.0,0.8209881539326688,104,0,0,-1,,,
a3e0421d08d25e5b,1,1.0,0,1.0,1.0,0.8115546760986484,107,0,0,-1,,,
2322850f71fa5c4d,1,1.0,0,1.0,1.0,0.752321376884249,108,0,0,-1,,,
2e1d4bde0a16514b,1,1.0,0,1.0,1.0,0.7544218991910469,104,0,0,-1,,,
c6319bbc03fb57d0,1,1.0,0,1.0,1.0,0.7317609336579113,105,0,0,-1,,,
520c2defbbc958a0,1,1.0,0,1.0,1.0,0.7304797089686934,106,0,0,-1,,,
b6247a5245a5554f,1,1.0,0,1.0,1.0,1.0,124,0,0,-1,,,
d64a3964875f5b41,1,1.0,0,1.0,1.0,1.0,118,0,0,-1,,,
7effab69ce785772,1,1.0,0,1.0,1.0,1.0,117,0,0,-1,,,
b13f0b445e605951,1,1.0,0,1.0,1.0,1.0,116,0,0,-1,,,
2c21ad85949653a6,1,1.0,0,1.0,1.0,1.0,108,0,0,-1,,,
eed30293a86e5feb,1,1.0,0,1.0,1.0,1.0,105,0,0,-1,,,
0e9d524cb7ab5e2a,1,1.0,0,1.0,1.0,1.0,103,0,0,-1,,,
8fc41f783d475448,1,1.0,0,1.0,1.0,1.0,103,0,0,-1,,,
f52211f2dec85537,1,1.0,0,1.0,1.0,0.9067070649700567,106,0,0,-1,,,
8430e9ba6d395dd2,1,1.0,0,1.0,1.0,0.9040177808951889,102,0,0,-1,,,
2fd95381df705415,1,1.0,0,1.0,1.0,0.8650891079560751,103,0,0,-1,,,
dc4b44d8961e538a,1,1.0,0,1.0,1.0,0.8682957540283804,101,0,0,-1,,,
eeee7091fa995250,1,1.0,0,1.0,1.0,0.8788833883655234,105,0,0,-1,,,
a259460cd13f55c2,1,1.0,0,1.0,1.0,0.9672117672040471,105,0,0,-1,,,
4bf65e0c75f05509,1,1.0,0,1.0,1.0,1.0,101,0,0,-1,,,
c262c31769935486,1,1.0,0,1.0,1.0,0.9116833602384191,97,0,0,-1,,,
34bdecafedff5fdf,1,1.0,0,1.0,1.0,0.9493200859294021,168,0,0,-1,,,
2ef107f7be2351a5,1,1.0,0,1.0,1.0,0.9498997773758239,173,0,0,-1,,,
e81d82f764c853c0,1,1.0,0,1.0,1.0,0.921598521696434,174,0,0,-1,,,
b3de01e79b725ae4,1,1.0,0,1.0,1.0,0.9713779829341326,176,0,0,-1,,,
4f12e3acfb125088,1,1.0,0,1.0,1.0,0.9638295581012764,178,0,0,-1,,,
5fb039973cf85b11,1,1.0,0,1.0,1.0,0.9527374268649006,184,0,0,-1,,,
b5754d53017b5d49,1,1.0,0,1.0,1.0,0.9583686340383153,189,0,0,-1,,,
9dff2b84ff305fff,1,1.0,0,1.0,1.0,1.0,193,0,0,-1,,,
ae7fdaafe2c250e6,1,1.0,0,1.0,1.0,1.0,110,0,0,-1,,,
2564ab331db05cb9,1,1.0,0,1.0,1.0,1.0,112,0,0,-1,,,
e102672eb1975e6f,1,1.0,0,1.0,1.0,1.0,110,0,0,-1,,,
4a096077f8165879,1,1.0,0,1.0,1.0,0.7859093458436609,108,0,0,-1,,,
04674da1553352ad,1,1.0,0,1.0,1.0,1.0,107,0,0,-1,,,
9016f4b84afb5913,1,1.0,0,1.0,1.0,1.0,109,0,0,-1,,,
3fbc15dbb18756ba,1,1.0,0,1.0,1.0,1.0,108,0,0,-1,,,
250e6e2e6a9d5ee8,1,1.0,0,1.0,1.0,1.0,111,0,0,-1,,,
8b1ba99df5d05f8b,1,1.0,0,1.0,1.0,0.9848113195683359,157,0,0,-1,,,
4fbdc88ce3f75540,1,1.0,0,1.0,1.0,0.957775534732957,154,0,0,-1,,,
3cb9b99bc4185d33,1,1.0,0,1.0,1.0,0.9641928989283572,158,0,0,-1,,,
e4d27e2ed6ac513e,1,1.0,0,1.0,1.0,0.9681723584437497,157,0,0,-1,,,
e776468d9bf65a8a,1,1.0,0,1.0,1.0,0.7118179790920074,167,0,0,-1,,,
c0d4412fa9f15f5b,1,1.0,0,1.0,1.0,0.8886683562551682,214,0,0,-1,,,
14476e3c036f5ec8,1,1.0,0,1.0,1.0,0.9276058294798832,221,0,0,-1,,,
a7f15e4638b352c4,1,1.0,0,1.0,1.0,0.9347419955255679,233,0,0,-1,,,
21f55c28bb945892,1,1.0,0,1.0,1.0,0.8525499710920159,156,0,0,-1,,,
7ec8d2521964548f,1,1.0,0,1.0,1.0,0.8394366548319455,152,0,0,-1,,,
bc281591c2165d73,1,1.0,0,1.0,1.0,0.8356809879760553,148,0,0,-1,,,
68643a176fcb5c7c,1,1.0,0,1.0,1.0,0.966312026032254,157,0,0,-1,,,
6829197915d25514,1,1.0,0,1.0,1.0,1.0,157,0,0,-1,,,
a698a93fec1e57fa,1,1.0,0,1.0,1.0,1.0,159,0,0,-1,,,
0f42590c7ad65eb4,1,1.0,0,1.0,1.0,1.0,158,0,0,-1,,,
4742cf16ab0f515b,1,1.0,0,1.0,1.0,1.0,158,0,0,-1,,,
1dcac8bb6872533b,1,1.0,0,1.0,1.0,0.9516832755531842,244,0,0,-1,,,
0774f6d8e3185794,1,1.0,0,1.0,1.0,0.9637225033319305,300,0,0,-1,,,
bf8a9586c59551f2,1,1.0,0,1.0,1.0,0.9646974774773905,292,0,0,-1,,,
6bb2c2106e435a57,1,1.0,0,1.0,1.0,0.9683934977281821,280,0,0,-1,,,
0b0a92d14c3c508e,1,1.0,0,1.0,1.0,1.0,263,0,0,-1,,,
36e789a0e4035ad7,1,1.0,0,1.0,1.0,0.9713915420249037,250,0,0,-1,,,
f952ad55ab565465,1,1.0,0,1.0,1.0,0.9448293718904773,227,0,0,-1,,,
2a49de57fddb59bc,1,1.0,0,1.0,1.0,0.942577233148502,216,0,0,-1,,,
a1ecc6a16c2f5b5e,1,1.0,0,1.0,1.0,0.9314423402876889,103,0,0,-1,,,
1c295a44b8d856d0,1,1.0,0,1.0,1.0,0.9068659800324705,109,0,0,-1,,,
93141bb128bd5a34,1,1.0,0,1.0,1.0,0.9269432970258555,110,0,0,-1,,,
b53db7bbc74956ed,1,1.0,0,1.0,1.0,0.9245988954082405,112,0,0,-1,,,
1aabc43f2a7453f1,1,1.0,0,1.0,1.0,0.9102095596260424,110,0,0,-1,,,
facbbc93a1925184,1,1.0,0,1.0,1.0,0.8807803428890505,114,0,0,-1,,,
8470627d628e55f6,1,1.0,0,1.0,1.0,0.8927016318711726,116,0,0,-1,,,
b5c2d13e8d5c517a,1,1.0,0,1.0,1.0,0.8801695229001413,119,0,0,-1,,,
20ae5f5df50a5865,1,1.0,0,1.0,1.0,0.9230587870209424,85,0,0,-1,,,
0a2f44ba3be05531,1,1.0,0,1.0,1.0,0.7450273450992194,89,0,0,-1,,,
f253fd0891d3562a,1,1.0,0,1.0,1.0,1.0,61,0,0,-1,,,
57b2cc25579a5885,1,1.0,0,1.0,1.0,1.0,58,0,0,-1,,,
70645140f08352ca,1,1.0,0,1.0,1.0,0.9911094454761541,62,0,0,-1,,,
073b782b57115061,1,1.0,0,1.0,1.0,1.0,61,0,0,-1,,,
e56891a5170256f1,1,1.0,0,1.0,1.0,1.0,59,0,0,-1,,,
927b73fea33f5218,1,1.0,0,1.0,1.0,0.9140901621281446,163,0,0,-1,,,
5593d7326b9c59aa,1,1.0,0,1.0,1.0,1.0,114,0,0,-1,,,
524695a4857859fe,1,1.0,0,1.0,1.0,1.0,115,0,0,-1,,,
52b428b6ff135845,1,1.0,0,1.0,1.0,1.0,114,0,0,-1,,,
8429a35187bb5c08,1,1.0,0,1.0,1.0,1.0,123,0,0,-1,,,
9540f5a8db575a50,1,1.0,0,1.0,1.0,1.0,119,0,0,-1,,,
8084b4b0d97b5d93,1,1.0,0,1.0,1.0,1.0,118,0,0,-1,,,
270768ccd1df5e0d,1,1.0,0,1.0,1.0,1.0,116,0,0,-1,,,
a7ce5a625a525b45,1,1.0,0,1.0,1.0,1.0,116,0,0,-1,,,
b4d9c8edfbda58dc,1,1.0,0,1.0,1.0,0.9233207101002773,214,0,0,-1,,,
d76955208924513a,1,1.0,0,1.0,1.0,0.9258046430550699,218,0,0,-1,,,
360d4a6ec45d53a3,1,1.0,0,1.0,1.0,0.9358817179488904,215,0,0,-1,,,
c2ebbcddd45457f8,1,1.0,0,1.0,1.0,0.9318797457252392,214,0,0,-1,,,
82fd7dab2b6b5101,1,1.0,0,1.0,1.0,0.9254325207364547,219,0,0,-1,,,
40f6df731aed5f6f,1,1.0,0,1.0,1.0,0.9315658118097052,219,0,0,-1,,,
c04b59204ebe55f9,1,1.0,0,1.0,1.0,0.9015213681738906,217,0,0,-1,,,
d24604c7af87524f,1,1.0,0,1.0,1.0,0.9126686819868702,216,0,0,-1,,,
6892e067e25257f8,1,1.0,0,1.0,1.0,0.9160920520787063,87,0,0,-1,,,
ced087f9c2915f2a,1,1.0,0,1.0,1.0,0.8958678782104085,87,0,0,-1,,,
ffcc0535b4fa5628,1,1.0,0,1.0,1.0,0.8964271406818831,86,0,0,-1,,,
670f9d50643c5874,1,1.0,0,1.0,1.0,0.9020995389063687,88,0,0,-1,,,
b637b5849b475a18,1,1.0,0,1.0,1.0,0.9181516948611926,89,0,0,-1,,,
126fd1a0d1675f57,1,1.0,0,1.0,1.0,0.8969487821158134,89,0,0,-1,,,
d798fc24805d5f19,1,1.0,0,1.0,1.0,0.8935063526134074,87,0,0,-1,,,
6e8b9e53215c58a3,1,1.0,0,1.0,1.0,0.8886864309690569,85,0,0,-1,,,
8b1d45137881582a,1,1.0,0,1.0,1.0,0.8164065411134258,192,0,0,-1,,,
1987c158de8a5120,1,1.0,0,1.0,1.0,0.7937283153663047,190,0,0,-1,,,
ab548d52e69b5ed4,1,1.0,0,1.0,1.0,0.7750993582362753,185,0,0,-1,,,
c282872767cb5199,1,1.0,0,1.0,1.0,1.0,174,0,0,-1,,,
f099b753f4345fb5,1,1.0,0,1.0,1.0,1.0,171,0,0,-1,,,
684a977a365b5e73,1,1.0,0,1.0,1.0,1.0,167,0,0,-1,,,
e024d36bdd205a12,1,1.0,0,1.0,1.0,1.0,162,0,0,-1,,,
32a409f974555830,1,1.0,0,1.0,1.0,1.0,161,0,0,-1,,,
b9633d9afd4356a8,1,1.0,0,1.0,1.0,0.9937227535702843,205,0,0,-1,,,
2a4ee10b521258a2,1,1.0,0,1.0,1.0,0.9448516555504821,190,0,0,-1,,,
fdaf1d60259d5466,1,1.0,0,1.0,1.0,0.9766423649089885,177,0,0,-1,,,
4b9627827aff5013,1,1.0,0,1.0,1.0,0.9659019129234491,54,0,0,-1,,,
7d51dcbc514953ea,1,1.0,0,1.0,1.0,1.0,50,0,0,-1,,,
581b5ae61b1c569d,1,1.0,0,1.0,1.0,1.0,47,0,0,-1,,,
6e395976280452e1,1,1.0,0,1.0,1.0,0.9894296061081477,46,0,0,-1,,,
36ea923bc32b5181,1,1.0,0,1.0,1.0,0.9292430931118246,42,0,0,-1,,,
3813108829ab54c2,1,1.0,0,1.0,1.0,0.877630996524859,86,0,0,-1,,,
8166c5e0f62a5a19,1,1.0,0,1.0,1.0,0.911805947997529,84,0,0,-1,,,
2d741bb457ed5434,1,1.0,0,1.0,1.0,0.8946097308431721,82,0,0,-1,,,
0c5feb2794e9579c,1,1.0,0,1.0,1.0,0.8707006355108587,82,0,0,-1,,,
9e032298e808528a,1,1.0,0,1.0,1.0,0.8670908921435632,78,0,0,-1,,,
ddfeb4814eba5cf8,1,1.0,0,1.0,1.0,1.0,69,0,0,-1,,,
0dd23f4ea286544f,1,1.0,0,1.0,1.0,1.0,89,0,0,-1,,,
02e3c48291855ae8,1,1.0,0,1.0,1.0,1.0,90,0,0,-1,,,
bf8b8714f63d5642,1,1.0,0,1.0,1.0,0.7381246196434246,431,0,0,-1,,,
11ef3e2ec35051d8,1,1.0,0,1.0,1.0,0.88135889755352,425,0,0,-1,,,
c2735759fe9957a5,1,1.0,0,1.0,1.0,0.9244452378088625,404,0,0,-1,,,
0e74f7b5b7c45c1b,1,1.0,0,1.0,1.0,0.8170819348436851,401,0,0,-1,,,
0f622aef14545f59,1,1.0,0,1.0,1.0,0.808134452770502,389,0,0,-1,,,
088cebb101bf5ed6,1,1.0,0,1.0,1.0,0.8524143515568547,379,0,0,-1,,,
e2e6c22bce7f59fc,1,1.0,0,1.0,1.0,0.8881173946526234,117,0,0,-1,,,
ef5dcc2415915678,1,1.0,0,1.0,1.0,0.9489024060180231,115,0,0,-1,,,
f8191af1aab95906,1,1.0,0,1.0,1.0,0.8946815993223791,42,0,0,-1,,,
b5a8b9b436b05bad,1,1.0,0,1.0,1.0,0.9666587735218384,42,0,0,-1,,,
6ad6e6d54e845206,1,1.0,0,1.0,1.0,0.966272382668404,45,0,0,-1,,,
cf1ad202aadb5ee6,1,1.0,0,1.0,1.0,1.0,44,0,0,-1,,,
fb7d83b69f38539f,1,1.0,0,1.0,1.0,1.0,45,0,0,-1,,,
7f62e2a838405444,1,1.0,0,1.0,1.0,1.0,46,0,0,-1,,,
053d94cd59495804,1,1.0,0,1.0,1.0,1.0,64,0,0,-1,,,
4e50c7903a8c5303,1,1.0,0,1.0,1.0,0.7901073067015224,63,0,0,-1,,,
546c6d1bfc455f77,1,1.0,0,1.0,1.0,0.7394774777021905,178,0,0,-1,,,
f9532e6ad0b05fbb,1,1.0,0,1.0,1.0,0.8802364697216919,179,0,0,-1,,,
c5a2a467d5e25058,1,1.0,0,1.0,1.0,0.8780951517088531,184,0,0,-1,,,
e933d70dd378598f,1,1.0,0,1.0,1.0,0.9302170753838551,221,0,0,-1,,,
e2a0ac6a977b5c70,1,1.0,0,1.0,1.0,0.9736945093765573,222,0,0,-1,,,
62aefe5efb00563f,1,1.0,0,1.0,1.0,0.9339867631917681,217,0,0,-1,,,
58f3f43098985e77,1,1.0,0,1.0,1.0,0.9769773636853208,215,0,0,-1,,,
9a4575e2dfd75ffb,1,1.0,0,1.0,1.0,0.9715097372103493,214,0,0,-1,,,
fb4a03d7f9395b9a,1,1.0,0,1.0,1.0,0.9188094074170413,219,0,0,-1,,,
b02be1e28abb59f1,1,1.0,0,1.0,1.0,0.8781695960941538,225,0,0,-1,,,
622dde55dc125052,1,1.0,0,1.0,1.0,0.8731226586221762,225,0,0,-1,,,
7238724f2bff58f0,1,1.0,0,1.0,1.0,0.8445856750529677,217,0,0,-1,,,
cc8a7b88b06b56c2,1,1.0,0,1.0,1.0,1.0,251,0,0,-1,,,
95c73c4a8d775324,1,1.0,0,1.0,1.0,1.0,256,0,0,-1,,,
310ef687176e5160,1,1.0,0,1.0,1.0,1.0,260,0,0,-1,,,
123bc88af914514c,1,1.0,0,1.0,1.0,1.0,264,0,0,-1,,,
27a8d6913e5b557b,1,1.0,0,1.0,1.0,0.9744117261194782,195,0,0,-1,,,
80df9e4f79c65d4d,1,1.0,0,1.0,1.0,0.9253421227242716,174,0,0,-1,,,
d7bf550698b55562,1,1.0,0,1.0,1.0,0.9133966347235737,172,0,0,-1,,,
9a1b2cdfbe7d56c0,1,1.0,0,1.0,1.0,0.927334381466966,170,0,0,-1,,,
9cab6ab13a3059de,1,1.0,0,1.0,1.0,0.9062786573621512,166,0,0,-1,,,
09dc77e888295011,1,1.0,0,1.0,1.0,0.8996740286725995,162,0,0,-1,,,
9017962112f85d62,1,1.0,0,1.0,1.0,0.8853148730065509,162,0,0,-1,,,
9204b6df37ec56ba,1,1.0,0,1.0,1.0,0.8879297911274812,160,0,0,-1,,,
763821f100605f76,1,1.0,0,1.0,1.0,0.9693755576113231,267,0,0,-1,,,
182688f3d2c25fc8,1,1.0,0,1.0,1.0,0.9681698992420916,263,0,0,-1,,,
3e053f89d1c55a7e,1,1.0,0,1.0,1.0,0.9251905739215,250,0,0,-1,,,
fdd71ab4630a5fb8,1,1.0,0,1.0,1.0,0.9721969147256243,228,0,0,-1,,,
485b59c15a7d5e8f,1,1.0,0,1.0,1.0,0.9533638696458558,197,0,0,-1,,,
a5f724194aaa55f7,1,1.0,0,1.0,1.0,0.9581154611162939,170,0,0,-1,,,
5f8d8f88750f57b7,1,1.0,0,1.0,1.0,0.9538299859384347,154,0,0,-1,,,
390d9e3b03a15695,1,1.0,0,1.0,1.0,0.9538176646462387,151,0,0,-1,,,
502fc2f7b9415e11,1,1.0,0,1.0,1.0,0.9261854105526032,61,0,0,-1,,,
a65539b18da350df,1,1.0,0,1.0,1.0,0.9218957278993409,62,0,0,-1,,,
659d1e0ce6cd5c97,1,1.0,0,1.0,1.0,0.7239604231607916,60,0,0,-1,,,
de41a196a12e56d0,1,1.0,0,1.0,1.0,0.7263732641203328,62,0,0,-1,,,
4d6f4dbf01c2567c,1,1.0,0,1.0,1.0,0.7260717433374614,60,0,0,-1,,,
816a869e91ae5d17,1,1.0,0,1.0,1.0,0.7296394045882124,59,0,0,-1,,,
14297ef551f652d3,1,1.0,0,1.0,1.0,0.7316888219731394,56,0,0,-1,,,
5a8855c7c104596c,1,1.0,0,1.0,1.0,1.0,119,0,0,-1,,,
27f481628fff5c70,1,1.0,0,1.0,1.0,1.0,91,0,0,-1,,,
d6353a288d0b545d,1,1.0,0,1.0,1.0,1.0,91,0,0,-1,,,
85a5db2b47125f31,1,1.0,0,1.0,1.0,1.0,94,0,0,-1,,,
df534bbfbbba5b0c,1,1.0,0,1.0,1.0,1.0,103,0,0,-1,,,
8aae579b8090538a,1,1.0,0,1.0,1.0,0.8334394901914082,172,0,0,-1,,,
f025b78e77b25fba,1,1.0,0,1.0,1.0,0.8396801668374211,176,0,0,-1,,,
dac84d4f931e54ab,1,1.0,0,1.0,1.0,0.7960375528528746,176,0,0,-1,,,
65f236a74a3d53a4,1,1.0,0,1.0,1.0,0.7298405540729865,176,0,0,-1,,,
db3833e656c256dd,1,1.0,0,1.0,1.0,0.9604346139957665,60,0,0,-1,,,
f50843b06ec259f2,1,1.0,0,1.0,1.0,0.950523739360535,63,0,0,-1,,,
268ab283b4a95126,1,1.0,0,1.0,1.0,0.9546621469360373,61,0,0,-1,,,
cde6be1eb8f85b3c,1,1.0,0,1.0,1.0,0.9519052299907832,60,0,0,-1,,,
d3e3c4998ad25800,1,1.0,0,1.0,1.0,1.0,58,0,0,-1,,,
e073c9ed32975c17,1,1.0,0,1.0,1.0,1.0,55,0,0,-1,,,
0057ce5b81c35a81,1,1.0,0,1.0,1.0,0.9524869797057379,55,0,0,-1,,,
81c5dc6459f75000,1,1.0,0,1.0,1.0,0.9415499555721348,58,0,0,-1,,,
13cbee7dbb4853ec,1,1.0,0,1.0,1.0,0.7346271790223221,64,0,0,-1,,,
5ae0b5e6a95f5335,1,1.0,0,1.0,1.0,0.8878564052435324,63,0,0,-1,,,
1cff6bb966075bc7,1,1.0,0,1.0,1.0,0.8900684133814286,63,0,0,-1,,,
38d4aa43f5f25eeb,1,1.0,0,1.0,1.0,1.0,59,0,0,-1,,,
da888593e9a0518c,1,1.0,0,1.0,1.0,0.8917895791621148,56,0,0,-1,,,
2b610cc56f635751,1,1.0,0,1.0,1.0,0.8933343048128525,54,0,0,-1,,,
28f3ee6207ae50d6,1,1.0,0,1.0,1.0,0.8813709087267659,58,0,0,-1,,,
8b53a14edf305638,1,1.0,0,1.0,1.0,0.9417806948115012,57,0,0,-1,,,
1e73524ff61b5a70,1,1.0,0,1.0,1.0,0.9654939742497728,177,0,0,-1,,,
d4278d63cd605813,1,1.0,0,1.0,1.0,0.9023335887903032,77,0,0,-1,,,
0de3f9728fc651a6,1,1.0,0,1.0,1.0,0.9199502713672606,77,0,0,-1,,,
d11fc492a41e5279,1,1.0,0,1.0,1.0,0.8917809743872237,77,0,0,-1,,,
6a934e9ad62352ee,1,1.0,0,1.0,1.0,0.8951432615034589,67,0,0,-1,,,
9e79198b9fd559a1,1,1.0,0,1.0,1.0,1.0,66,0,0,-1,,,
21ef33c75fee5561,1,1.0,0,1.0,1.0,0.899508695848758,63,0,0,-1,,,
d5489fba77675698,1,1.0,0,1.0,1.0,0.8642873299596637,62,0,0,-1,,,
de310b1492245dab,1,1.0,0,1.0,1.0,0.9649591964329375,199,0,0,-1,,,
3cd95c48caa05aaa,1,1.0,0,1.0,1.0,0.9894449408021183,195,0,0,-1,,,
b4d64308573f5bdf,1,1.0,0,1.0,1.0,1.0,186,0,0,-1,,,
e7b0fe1f4b13597c,1,1.0,0,1.0,1.0,1.0,181,0,0,-1,,,
a0b0528663735dbd,1,1.0,0,1.0,1.0,1.0,178,0,0,-1,,,
524ca5715b155976,1,1.0,0,1.0,1.0,1.0,176,0,0,-1,,,
c4a50f520ab75da6,1,1.0,0,1.0,1.0,1.0,176,0,0,-1,,,
3de31c78c86c52b7,1,1.0,0,1.0,1.0,0.983377681032258,173,0,0,-1,,,
66e559e29cca52e0,1,1.0,0,1.0,1.0,1.0,147,0,0,-1,,,
6021973f81a75e0b,1,1.0,0,1.0,1.0,0.857847960301711,241,0,0,-1,,,
d409347e88455122,1,1.0,0,1.0,1.0,0.873304301885689,235,0,0,-1,,,
e485bc6cdd285588,1,1.0,0,1.0,1.0,0.8465270466729087,230,0,0,-1,,,
569a63e20e845d44,1,1.0,0,1.0,1.0,0.8332362058918023,221,0,0,-1,,,
e9fcec80707952c3,1,1.0,0,1.0,1.0,0.8698027739406219,189,0,0,-1,,,
815422a6d14358fc,1,1.0,0,1.0,1.0,0.8512816707986494,186,0,0,-1,,,
b93262812f855475,1,1.0,0,1.0,1.0,0.8403834342790182,189,0,0,-1,,,
882a63bc231e5987,1,1.0,0,1.0,1.0,0.9896263963476368,129,0,0,-1,,,
a2c15720170d5507,1,1.0,0,1.0,1.0,1.0,136,0,0,-1,,,
518661c5f7625f5b,1,1.0,0,1.0,1.0,1.0,152,0,0,-1,,,
3d0c780c0aba552e,1,1.0,0,0.0,1.0,0.5833333333333334,165,0,0,-1,,,
c60be3c852c55da2,1,1.0,0,1.0,1.0,1.0,173,0,0,-1,,,
c25c6a709afc5552,1,1.0,0,1.0,1.0,0.9576646060955861,173,0,0,-1,,,
125839faad9a5f7d,1,1.0,0,1.0,1.0,0.9921168254283309,179,0,0,-1,,,
10c1bbbe7d805eba,1,1.0,0,1.0,1.0,0.9194289249698814,198,0,0,-1,,,
457acf87bc885550,1,1.0,0,1.0,1.0,0.853544842512695,160,0,0,-1,,,
051d26c01f3653ba,1,1.0,0,1.0,1.0,0.8635682398407631,161,0,0,-1,,,
4fbca0f4292355cb,1,1.0,0,1.0,1.0,0.8796031865890915,160,0,0,-1,,,
d18b4bcf67b05c57,1,1.0,0,1.0,1.0,0.8611821975428166,154,0,0,-1,,,
ba9d1824bc8c5e7d,1,1.0,0,1.0,1.0,0.8557032675444581,143,0,0,-1,,,
79ea5e55d0385928,1,1.0,0,1.0,1.0,0.8036201065786196,136,0,0,-1,,,
d97108bcdab25c24,1,1.0,0,1.0,1.0,0.8198235215874758,128,0,0,-1,,,
e404f3b25f405019,1,1.0,0,1.0,1.0,0.8495457687281815,125,0,0,-1,,,
3c3dfd5b93dc5f54,1,1.0,0,1.0,1.0,0.8735144864261555,64,0,0,-1,,,
4d7fd20d02ae5ed4,1,1.0,0,1.0,1.0,0.8450271464012239,63,0,0,-1,,,
fd6c8bf8f80f5f53,1,1.0,0,1.0,1.0,0.7962357505715579,59,0,0,-1,,,
0748764d9de454ea,1,1.0,0,1.0,1.0,0.874833220672778,59,0,0,-1,,,
ab2ac765df3154b7,1,1.0,0,1.0,1.0,0.8165615895887554,58,0,0,-1,,,
f748ff8ee5be533a,1,1.0,0,1.0,1.0,0.8065118397384685,60,0,0,-1,,,
7af63267db5c5415,1,1.0,0,1.0,1.0,0.8000229361894218,61,0,0,-1,,,
702b40dba11550ae,1,1.0,0,1.0,1.0,0.8595433466838548,63,0,0,-1,,,
1347c91c511a5918,1,1.0,0,1.0,1.0,0.9504759134957484,121,0,0,-1,,,
122a6e620fcb5c80,1,1.0,0,1.0,1.0,0.9350986579126604,127,0,0,-1,,,
e565610cd7b15784,1,1.0,0,1.0,1.0,0.9774419366606896,129,0,0,-1,,,
07bc26f4b1735347,1,1.0,0,1.0,1.0,0.9050214851637061,122,0,0,-1,,,
0691c520f834559d,1,1.0,0,1.0,1.0,0.8896478526113434,119,0,0,-1,,,
5c9d51dc830453c5,1,1.0,0,1.0,1.0,0.8887882369070139,120,0,0,-1,,,
4db50b60ca1f57f1,1,1.0,0,1.0,1.0,0.9185892940880124,114,0,0,-1,,,
9d9aced6d8da5f28,1,1.0,0,1.0,1.0,1.0,113,0,0,-1,,,
d7f6204c325d53fe,1,1.0,0,1.0,1.0,1.0,91,0,0,-1,,,
a1325310017c5057,1,1.0,0,1.0,1.0,1.0,91,0,0,-1,,,
c91c301500e95244,1,1.0,0,1.0,1.0,0.9317470663667082,92,0,0,-1,,,
e59a5171c33c5af9,1,1.0,0,1.0,1.0,0.9661191698724448,91,0,0,-1,,,
67d74f48ba2a548e,1,1.0,0,1.0,1.0,0.9030191120913456,90,0,0,-1,,,
eff63ffe642d5409,1,1.0,0,1.0,1.0,0.8490547302866313,90,0,0,-1,,,
15bc35249e5656b6,1,1.0,0,1.0,1.0,0.9066098697533054,89,0,0,-1,,,
184f5d3c75275c6e,1,1.0,0,1.0,1.0,1.0,89,0,0,-1,,,
605ac5873f015baf,1,1.0,0,1.0,1.0,0.9171606380739673,195,0,0,-1,,,
712bbcdd69af5f26,1,1.0,0,1.0,1.0,0.9190461333018897,179,0,0,-1,,,
8c6aed532f8555cd,1,1.0,0,1.0,1.0,0.9195042506917802,171,0,0,-1,,,
2f482e2df2565b82,1,1.0,0,1.0,1.0,0.9199524825835038,178,0,0,-1,,,
be0e8eae708f5d4b,1,1.0,0,1.0,1.0,0.8849945133092412,183,0,0,-1,,,
50ab222cd07b5bcd,1,1.0,0,1.0,1.0,0.8632164938434831,179,0,0,-1,,,
1f2bbc5cb66b523a,1,1.0,0,1.0,1.0,0.8891171073497706,175,0,0,-1,,,
5b891b54880f5fab,1,1.0,0,1.0,1.0,0.8684180560511331,178,0,0,-1,,,
e4007492f3d55374,1,1.0,0,1.0,1.0,0.985728151785302,205,0,0,-1,,,
5ab779b8a0995778,1,1.0,0,1.0,1.0,0.958618236302395,203,0,0,-1,,,
d11b9fcd004e5270,1,1.0,0,1.0,1.0,0.9324474175334485,148,0,0,-1,,,
447650d1d57c58b7,1,1.0,0,1.0,1.0,0.9310630081850221,144,0,0,-1,,,
0fb88262272f5110,1,1.0,0,1.0,1.0,0.9173679612015214,143,0,0,-1,,,
74cdabf6dd8e5052,1,1.0,0,0.0,1.0,0.5833333333333334,142,0,0,-1,,,
f2acd82c43fd5490,1,1.0,0,1.0,1.0,1.0,136,0,0,-1,,,
26a78d23b1075252,1,1.0,0,1.0,1.0,1.0,134,0,0,-1,,,
70bf5f0d100d580f,1,1.0,0,1.0,1.0,0.9635874306816058,94,0,0,-1,,,
cbc6f9e782c950ad,1,1.0,0,1.0,1.0,1.0,99,0,0,-1,,,
dc87013816e059f5,1,1.0,0,1.0,1.0,1.0,97,0,0,-1,,,
974041ac230056eb,1,1.0,0,1.0,1.0,1.0,97,0,0,-1,,,
8790ecedb8ac580e,1,1.0,0,1.0,1.0,1.0,104,0,0,-1,,,
c35a248a5941531d,1,1.0,0,1.0,1.0,1.0,104,0,0,-1,,,
d1225aaedc8a5d48,1,1.0,0,1.0,1.0,1.0,101,0,0,-1,,,
6c08755130155f96,1,1.0,0,1.0,1.0,1.0,99,0,0,-1,,,
14d9640a8b9d5d7d,1,1.0,0,1.0,0.0,0.0,65,0,0,-1,,,
5a8a6c9d92935076,1,1.0,0,1.0,1.0,1.0,64,0,0,-1,,,
806b0f2b2ade5454,1,1.0,0,1.0,1.0,1.0,91,0,0,-1,,,
90ed1fb3861c56d7,1,1.0,0,1.0,1.0,1.0,88,0,0,-1,,,
0122ce98b2735558,1,1.0,0,1.0,1.0,1.0,89,0,0,-1,,,
a19d3096f2625fdb,1,1.0,0,1.0,1.0,1.0,90,0,0,-1,,,
0a8612e9d0df52f1,1,1.0,0,1.0,1.0,1.0,90,0,0,-1,,,
53ab46d6ca9d5b68,1,1.0,0,1.0,1.0,1.0,89,0,0,-1,,,
63930f7b3b0e5872,1,1.0,0,1.0,1.0,0.8938591480938349,199,0,0,-1,,,
1ff55a9fd29a5bf5,1,1.0,0,1.0,1.0,0.889950538445345,195,0,0,-1,,,
cf0b2ecc4f4d5ee7,1,1.0,0,1.0,1.0,0.8930873401876388,196,0,0,-1,,,
c4fbbd685a1953c5,1,1.0,0,1.0,1.0,0.880528181217508,197,0,0,-1,,,
93ca181d363358eb,1,1.0,0,1.0,1.0,0.8543735408099398,195,0,0,-1,,,
8d0697930b5e5df0,1,1.0,0,1.0,1.0,0.8285369979713918,196,0,0,-1,,,
eb527d130d8d5e33,1,1.0,0,1.0,1.0,0.9411771888744779,209,0,0,-1,,,
a208267045685266,1,1.0,0,1.0,1.0,0.8771583971868693,210,0,0,-1,,,
c2cf3991e2e65486,1,1.0,0,1.0,1.0,1.0,89,0,0,-1,,,
2ee0fbae6edc5e0d,1,1.0,0,1.0,1.0,1.0,89,0,0,-1,,,
5be54baed8b35bd7,1,1.0,0,1.0,1.0,1.0,90,0,0,-1,,,
8f224f01713a5376,1,1.0,0,1.0,1.0,1.0,90,0,0,-1,,,
6de81a38cd7655dd,1,1.0,0,1.0,1.0,1.0,89,0,0,-1,,,
4cca4c982f9855c5,1,1.0,0,1.0,1.0,1.0,91,0,0,-1,,,
82b415fbbc725562,1,1.0,0,1.0,1.0,1.0,89,0,0,-1,,,
94817f3d96fe5072,1,1.0,0,1.0,1.0,1.0,90,0,0,-1,,,
3ae409424da65443,1,1.0,0,1.0,1.0,1.0,87,0,0,-1,,,
a4bf921a024f551e,1,1.0,0,1.0,1.0,0.8207186019720559,88,0,0,-1,,,
35f448c5566658be,1,1.0,0,1.0,1.0,0.8197733084291912,89,0,0,-1,,,
2de709220e34507e,1,1.0,0,1.0,1.0,0.8165902630806139,89,0,0,-1,,,
5c665c5453cc54a0,1,1.0,0,1.0,1.0,1.0,89,0,0,-1,,,
04e3e7c9b4bf5ddf,1,1.0,0,1.0,1.0,1.0,88,0,0,-1,,,
6544f1c9668c58c3,1,1.0,0,1.0,1.0,1.0,89,0,0,-1,,,
de3ea1d3c1e0588a,1,1.0,0,0.0,1.0,0.5833333333333334,93,0,0,-1,,,
c4ba306cfe4f59f6,1,1.0,0,1.0,1.0,0.9785738202334766,123,0,0,-1,,,
88904a762b5f5793,1,1.0,0,1.0,1.0,1.0,122,0,0,-1,,,
ebc5a6ec11205f0c,1,1.0,0,1.0,1.0,1.0,124,0,0,-1,,,
0aa18dd2372d5e11,1,1.0,0,1.0,1.0,1.0,129,0,0,-1,,,
3078139bae8e592d,1,1.0,0,1.0,1.0,0.9564700604085695,331,0,0,-1,,,
fb259f736cd55252,1,1.0,0,1.0,1.0,0.9426533294141183,340,0,0,-1,,,
0a6021edcc74538a,1,1.0,0,1.0,1.0,0.9317626103526045,348,0,0,-1,,,
04352eb4cb195fde,1,1.0,0,1.0,1.0,0.9337611033272036,355,0,0,-1,,,
4d6afade8dd35690,1,1.0,0,1.0,1.0,1.0,158,0,0,-1,,,
cb61f2ea159355a0,1,1.0,0,1.0,1.0,1.0,167,0,0,-1,,,
68ea9d09300c5886,1,1.0,0,1.0,1.0,1.0,171,0,0,-1,,,
1712f51cf5df564a,1,1.0,0,1.0,1.0,0.9825362780475096,332,0,0,-1,,,
a6b4447359075e54,1,1.0,0,1.0,1.0,0.9802751518565884,332,0,0,-1,,,
15165972946050eb,1,1.0,0,1.0,1.0,0.9604332358563795,254,0,0,-1,,,
dadda73214d15baf,1,1.0,0,1.0,1.0,0.9151988086746369,236,0,0,-1,,,
a7eeec2ad80b58a1,1,1.0,0,1.0,1.0,0.915511298733766,213,0,0,-1,,,
cd7568df56095ff2,1,1.0,0,1.0,1.0,1.0,96,0,0,-1,,,
6bd5888420e851a1,1,1.0,0,1.0,1.0,1.0,104,0,0,-1,,,
c653006470bf521f,1,1.0,0,1.0,1.0,1.0,106,0,0,-1,,,
5c9063357a725208,1,1.0,0,1.0,1.0,1.0,107,0,0,-1,,,
3f6732f66f695405,1,1.0,0,1.0,1.0,1.0,108,0,0,-1,,,
95ee5b14fb3a5ce0,1,1.0,0,1.0,1.0,1.0,108,0,0,-1,,,
fad0701870e750a5,1,1.0,0,1.0,1.0,1.0,111,0,0,-1,,,
4434242a192c58b4,1,1.0,0,1.0,1.0,1.0,111,0,0,-1,,,
6efbee464bcd5780,1,1.0,0,1.0,1.0,0.9479729243634085,328,0,0,-1,,,
870886385ca15345,1,1.0,0,1.0,1.0,1.0,324,0,0,-1,,,
055c41d3c8e75bdc,1,1.0,0,1.0,1.0,0.9381425945507683,324,0,0,-1,,,
e1ea05ca230f5c42,1,1.0,0,1.0,1.0,0.913026058335657,223,0,0,-1,,,
d53ab6056bc85085,1,1.0,0,1.0,1.0,0.904023988501295,208,0,0,-1,,,
3f03e086a6d6571d,1,1.0,0,1.0,1.0,0.9011784253830154,198,0,0,-1,,,
d3b390ffae355616,1,1.0,0,1.0,1.0,0.8998422705437581,201,0,0,-1,,,
d53c6de1a159537b,1,1.0,0,1.0,1.0,0.8932295950931692,199,0,0,-1,,,
d9bbf36a9fca56a9,1,1.0,0,1.0,1.0,0.9561131063911331,372,0,0,-1,,,
55194edb46265f3d,1,1.0,0,1.0,1.0,0.9428944690338962,338,0,0,-1,,,
4e1da51967095494,1,1.0,0,1.0,1.0,0.9517026773300236,324,0,0,-1,,,
8564551c362e5f26,1,1.0,0,1.0,1.0,0.9816765616270647,250,0,0,-1,,,
5111244533fb5d1f,1,1.0,0,1.0,1.0,0.9795379642165023,243,0,0,-1,,,
a5f5f03bc998578d,1,1.0,0,1.0,1.0,0.9774531159854302,231,0,0,-1,,,
8f105ffb008c5801,1,1.0,0,1.0,1.0,0.9989708845980019,223,0,0,-1,,,
9ba2570d6743526a,1,1.0,0,1.0,1.0,0.9976846996510641,219,0,0,-1,,,
04582784acfe5725,1,1.0,0,1.0,1.0,1.0,107,0,0,-1,,,
a41e9aff2ee457c2,1,1.0,0,1.0,1.0,0.9221871750005484,105,0,0,-1,,,
f749ff64838c5664,1,1.0,0,1.0,1.0,0.8758292462456273,101,0,0,-1,,,
3cbb6c030b1e5d19,1,1.0,0,1.0,1.0,0.726875960097022,96,0,0,-1,,,
773ae953dba953b4,1,1.0,0,1.0,1.0,0.7245684844186927,87,0,0,-1,,,
55c604d608af594f,1,1.0,0,1.0,1.0,1.0,67,0,0,-1,,,
9d864c15bf7d5414,1,1.0,0,1.0,1.0,0.8982567504915062,63,0,0,-1,,,
db4bcafb6d775b4f,1,1.0,0,1.0,0.0,0.0,65,0,0,-1,,,
5e81fdb02c275b17,1,1.0,0,1.0,1.0,0.7894633706980242,126,0,0,-1,,,
bfb373d958725fc8,1,1.0,0,1.0,1.0,1.0,128,0,0,-1,,,
7508fad57cde547d,1,1.0,0,1.0,1.0,1.0,168,0,0,-1,,,
92aee2a7b815565f,1,1.0,0,1.0,1.0,1.0,170,0,0,-1,,,
9b79840e85be5c10,1,1.0,0,1.0,1.0,1.0,174,0,0,-1,,,
5abef8058afa529f,1,1.0,0,1.0,1.0,1.0,177,0,0,-1,,,
7bbacd116bd75f85,1,1.0,0,1.0,1.0,0.9725201991617247,329,0,0,-1,,,
d24a3d77682d55b6,1,1.0,0,1.0,1.0,0.9526768525488215,333,0,0,-1,,,
9707c6cbc83556f6,1,1.0,0,1.0,1.0,1.0,99,0,0,-1,,,
41bf372d03d95267,1,1.0,0,1.0,1.0,1.0,95,0,0,-1,,,
11de8888bf235231,1,1.0,0,1.0,1.0,1.0,94,0,0,-1,,,
a861711ff302554b,1,1.0,0,1.0,1.0,1.0,92,0,0,-1,,,
49bd1e2dd88457e3,1,1.0,0,1.0,1.0,1.0,91,0,0,-1,,,
4a35a95ee57f5572,1,1.0,0,1.0,1.0,1.0,92,0,0,-1,,,
d151becf4b395f13,1,1.0,0,1.0,1.0,1.0,92,0,0,-1,,,
f3e09f0670d25426,1,1.0,0,1.0,1.0,1.0,92,0,0,-1,,,
3190b058710b520b,1,1.0,0,1.0,1.0,0.9510931713690988,60,0,0,-1,,,
936bb410fa70545b,1,1.0,0,1.0,1.0,0.9592635493113444,56,0,0,-1,,,
20f0988b6050572a,1,1.0,0,1.0,1.0,0.9522498613915177,52,0,0,-1,,,
5e25570a2f725a17,1,1.0,0,1.0,1.0,0.9526219166269421,52,0,0,-1,,,
ba3833aabbb85e7b,1,1.0,0,1.0,1.0,0.9164922091058222,42,0,0,-1,,,
16c38196f44751bd,1,1.0,0,1.0,1.0,0.9151558298880057,39,0,0,-1,,,
91c479d90ccb521a,1,1.0,0,1.0,1.0,0.8532205857270426,38,0,0,-1,,,
9ca9d2ce60a35d66,1,1.0,0,1.0,1.0,0.8400083565564463,37,0,0,-1,,,
0b6912dfdcf450c1,1,1.0,0,1.0,1.0,1.0,107,0,0,-1,,,
29163817326a5eab,1,1.0,0,1.0,1.0,1.0,102,0,0,-1,,,
940becbbb9d05594,1,1.0,0,1.0,1.0,1.0,101,0,0,-1,,,
b2b49c0ddec25abc,1,1.0,0,1.0,1.0,1.0,95,0,0,-1,,,
ee5975ff12275983,1,1.0,0,1.0,1.0,1.0,91,0,0,-1,,,
bb74197177cb51b0,1,1.0,0,1.0,1.0,1.0,92,0,0,-1,,,
72808a9b1e7f5f15,1,1.0,0,1.0,1.0,1.0,91,0,0,-1,,,
0d7d0361dc665d25,1,1.0,0,1.0,1.0,1.0,88,0,0,-1,,,
7f08b90f7a44554b,1,1.0,0,1.0,1.0,0.8709336298854625,190,0,0,-1,,,
120ae6f1d60a5613,1,1.0,0,1.0,1.0,0.881034815483314,187,0,0,-1,,,
c16d549602375cc0,1,1.0,0,1.0,1.0,0.8871338368688058,185,0,0,-1,,,
311302972dd15a8b,1,1.0,0,1.0,1.0,0.9304399584712503,186,0,0,-1,,,
2fc619c5acbe54b8,1,1.0,0,1.0,1.0,0.930056894143186,181,0,0,-1,,,
5f78b2fcada85eef,1,1.0,0,1.0,1.0,0.9274055808948667,170,0,0,-1,,,
0db4879927b35dc0,1,1.0,0,1.0,1.0,0.925077644141029,173,0,0,-1,,,
c680cd635f095d1c,1,1.0,0,1.0,1.0,0.9442428827298031,175,0,0,-1,,,
a2b7733806b355ac,1,1.0,0,1.0,1.0,1.0,69,0,0,-1,,,
ca7c752bcdfa5e4d,1,1.0,0,1.0,1.0,1.0,63,0,0,-1,,,
aab1c6b4ac3d57a4,1,1.0,0,1.0,1.0,1.0,63,0,0,-1,,,
3afcfc58857f5790,1,1.0,0,1.0,1.0,1.0,73,0,0,-1,,,
a862b4e7cbc05869,1,1.0,0,1.0,1.0,1.0,80,0,0,-1,,,
4bb645483bf4594a,1,1.0,0,1.0,1.0,1.0,78,0,0,-1,,,
5cbb02f3e0e253e5,1,1.0,0,1.0,1.0,1.0,88,0,0,-1,,,
3ce814811e5252dc,1,1.0,0,1.0,1.0,0.9473001746655854,92,0,0,-1,,,
3f19f97d980754f7,1,1.0,0,1.0,1.0,0.846124836268487,64,0,0,-1,,,
8fbca2950de45a7c,1,1.0,0,1.0,1.0,0.8540990002010536,69,0,0,-1,,,
e6e99834855a5f10,1,1.0,0,1.0,1.0,1.0,121,0,0,-1,,,
b75644dcc9ca58fe,1,1.0,0,1.0,1.0,1.0,130,0,0,-1,,,
e02db4e2c5ed5b76,1,1.0,0,1.0,1.0,1.0,131,0,0,-1,,,
6f6d4e85ebdb5013,1,1.0,0,1.0,1.0,1.0,137,0,0,-1,,,
200bc08880505a6e,1,1.0,0,1.0,1.0,1.0,145,0,0,-1,,,
2d1b94bfdcd35217,1,1.0,0,1.0,1.0,1.0,148,0,0,-1,,,
fd765c984c93597f,1,1.0,0,1.0,1.0,1.0,132,0,0,-1,,,
406564d5dc7358f6,1,1.0,0,1.0,1.0,1.0,128,0,0,-1,,,
f722930665045683,1,1.0,0,1.0,1.0,1.0,130,0,0,-1,,,
39f91a002193578a,1,1.0,0,1.0,1.0,1.0,131,0,0,-1,,,
48ee746b1bfb5e7a,1,1.0,0,1.0,1.0,1.0,128,0,0,-1,,,
43fccd5d69235617,1,1.0,0,1.0,1.0,0.8742451781381639,121,0,0,-1,,,
fd9dc4abc0d357a1,1,1.0,0,1.0,1.0,0.9131365941051911,122,0,0,-1,,,
831e535bf528567d,1,1.0,0,1.0,1.0,0.9214178625691911,120,0,0,-1,,,
d7b1d984a0ff5791,1,1.0,0,1.0,1.0,0.9592116490854643,92,0,0,-1,,,
249c1b68ba355e43,1,1.0,0,1.0,1.0,0.9618763348253552,95,0,0,-1,,,
94c3ef5a3168570a,1,1.0,0,1.0,1.0,0.7436848630522214,93,0,0,-1,,,
83873a51bef051ac,1,1.0,0,1.0,1.0,0.9061906339281007,69,0,0,-1,,,
d5ea47f2ec1550b2,1,1.0,0,1.0,1.0,0.9449289134481331,71,0,0,-1,,,
b0b98b1a4d1552c7,1,1.0,0,1.0,1.0,0.9604786840821341,70,0,0,-1,,,
45b494315ca85268,1,1.0,0,1.0,1.0,0.9579454073443125,63,0,0,-1,,,
7ed454741a7f54d5,1,1.0,0,1.0,1.0,0.9676943259872458,61,0,0,-1,,,
23ee5a5b9a1a550c,1,1.0,0,1.0,1.0,1.0,180,0,0,-1,,,
cd16888f31015b81,1,1.0,0,1.0,1.0,1.0,182,0,0,-1,,,
ade646d3c19b5bb0,1,1.0,0,1.0,1.0,1.0,182,0,0,-1,,,
4d1a4e9606075497,1,1.0,0,1.0,1.0,1.0,184,0,0,-1,,,
be7004554c8750bc,1,1.0,0,1.0,1.0,1.0,191,0,0,-1,,,
c0e6947e2b455ff7,1,1.0,0,1.0,1.0,1.0,195,0,0,-1,,,
ad84af7b33615884,1,1.0,0,1.0,1.0,1.0,195,0,0,-1,,,
1ecaacbc53a754e7,1,1.0,0,1.0,1.0,1.0,195,0,0,-1,,,
248a920cf01751f1,1,1.0,0,1.0,1.0,1.0,112,0,0,-1,,,
33e37f9d760a56b1,1,1.0,0,1.0,1.0,0.894297829761471,293,0,0,-1,,,
34a92bb4ef51562b,1,1.0,0,1.0,1.0,0.9005666238289761,286,0,0,-1,,,
e24d893472bf5ce0,1,1.0,0,1.0,1.0,1.0,293,0,0,-1,,,
817f460a4ad7577a,1,1.0,0,1.0,1.0,1.0,289,0,0,-1,,,
a417154cf84a5426,1,1.0,0,0.0,1.0,0.5833333333333334,280,0,0,-1,,,
a7d3e71b8ca456a9,1,1.0,0,1.0,1.0,1.0,282,0,0,-1,,,
d796c1764d575153,1,1.0,0,1.0,1.0,1.0,275,0,0,-1,,,
b1e09de4af085129,1,1.0,0,1.0,1.0,0.9320159622839008,355,0,0,-1,,,
69ed5efe731251d0,1,1.0,0,1.0,1.0,0.95164105979759,350,0,0,-1,,,
f24100a519ef5940,1,1.0,0,1.0,1.0,0.9348177743852033,358,0,0,-1,,,
6b183b48b7175f38,1,1.0,0,1.0,1.0,0.9320392543640231,357,0,0,-1,,,
92389245b55d579b,1,1.0,0,1.0,1.0,0.924473488401896,356,0,0,-1,,,
926d8c9ced715a42,1,1.0,0,1.0,1.0,1.0,352,0,0,-1,,,
d8338aefbb73570f,1,1.0,0,1.0,1.0,0.8783237172653983,401,0,0,-1,,,
07a6f60eb9795462,1,1.0,0,1.0,1.0,0.8758784281081787,387,0,0,-1,,,
9215943615c45afd,1,1.0,0,1.0,1.0,0.8597581452642448,134,0,0,-1,,,
6532afe679315809,1,1.0,0,1.0,1.0,0.8449544157011282,133,0,0,-1,,,
a22de94be8935752,1,1.0,0,1.0,1.0,0.8283028196462592,135,0,0,-1,,,
0fd48798118057f7,1,1.0,0,1.0,1.0,0.8096408553758687,131,0,0,-1,,,
4f68cdad89a65c7a,1,1.0,0,1.0,1.0,0.8124947877182339,126,0,0,-1,,,
56acc09e62b45e21,1,1.0,0,1.0,1.0,0.7488737554895812,126,0,0,-1,,,
239705f6ca945846,1,1.0,0,1.0,1.0,0.7492488487631291,124,0,0,-1,,,
400a99ae89275e4d,1,1.0,0,1.0,1.0,1.0,112,0,0,-1,,,
9334f5a33c07587a,1,1.0,0,1.0,1.0,0.8902230226859436,165,0,0,-1,,,
a81fbf9466e05120,1,1.0,0,1.0,1.0,0.8810637106638549,165,0,0,-1,,,
2e2cc58c9aa450e7,1,1.0,0,1.0,1.0,0.8797348195700221,159,0,0,-1,,,
86cb3350b50b570b,1,1.0,0,1.0,1.0,0.8828447726823394,155,0,0,-1,,,
1039f028cca95109,1,1.0,0,1.0,1.0,0.8902646000201706,153,0,0,-1,,,
f7e52770089e5230,1,1.0,0,1.0,1.0,0.8973485550178948,146,0,0,-1,,,
291d82d04ec359e0,1,1.0,0,1.0,1.0,0.9048701398337687,142,0,0,-1,,,
bcac47f590d854a7,1,1.0,0,1.0,1.0,0.9116202960645365,139,0,0,-1,,,
28ecaf0359ee5029,1,1.0,0,1.0,1.0,1.0,105,0,0,-1,,,
7d5618d384ac5071,1,1.0,0,1.0,1.0,0.9274142377111082,133,0,0,-1,,,
31013d67978e5284,1,1.0,0,1.0,1.0,0.911911685147893,135,0,0,-1,,,
cbb9f6ff18285688,1,1.0,0,1.0,1.0,0.9164151768286901,140,0,0,-1,,,
c05d72324d015584,1,1.0,0,1.0,1.0,0.9134855108987517,154,0,0,-1,,,
bf3ea6a284d85269,1,1.0,0,1.0,1.0,0.9223736827711614,162,0,0,-1,,,
f518d10b147c5398,1,1.0,0,1.0,1.0,0.9249333059272858,164,0,0,-1,,,
fff690c93ca15495,1,1.0,0,1.0,1.0,0.9071003517060143,174,0,0,-1,,,
398b056b300955e1,1,1.0,0,1.0,1.0,1.0,174,0,0,-1,,,
6e163d828a555eee,1,1.0,0,1.0,1.0,1.0,199,0,0,-1,,,
8fe72ff0763b5ba9,1,1.0,0,1.0,1.0,1.0,205,0,0,-1,,,
6919cfa3396a52ff,1,1.0,0,1.0,1.0,1.0,225,0,0,-1,,,
ea8e1b52032857e1,1,1.0,0,1.0,1.0,1.0,231,0,0,-1,,,
69c991e96f74541f,1,1.0,0,1.0,1.0,0.9052283608658535,258,0,0,-1,,,
d1d1cb2c2a5b5a29,1,1.0,0,1.0,1.0,0.9170451840984223,256,0,0,-1,,,
90693e0d94f05e85,1,1.0,0,1.0,1.0,0.910365716301479,248,0,0,-1,,,
fb6e02b5752e5754,1,1.0,0,1.0,1.0,1.0,271,0,0,-1,,,
79efd3e82ef059b6,1,1.0,0,1.0,1.0,1.0,268,0,0,-1,,,
7d66b9b9d4df5fe8,1,1.0,0,1.0,1.0,0.849845822872357,259,0,0,-1,,,
62fc6bfdfba650ed,1,1.0,0,1.0,1.0,1.0,256,0,0,-1,,,
8ca47b84db7053a8,1,1.0,0,1.0,1.0,1.0,252,0,0,-1,,,
012ca60989175c54,1,1.0,0,1.0,1.0,1.0,249,0,0,-1,,,
1786ef7edac65502,1,1.0,0,1.0,1.0,0.7461043894311707,264,0,0,-1,,,
9a1b945bf0125d1d,1,1.0,0,1.0,1.0,1.0,290,0,0,-1,,,
9de91fbb8b275885,1,1.0,0,1.0,1.0,0.9783638327890714,211,0,0,-1,,,
83280d03b9995f85,1,1.0,0,1.0,1.0,0.9520062704770446,211,0,0,-1,,,
f714eb04f5495273,1,1.0,0,1.0,1.0,0.9517219109210296,212,0,0,-1,,,
699a6c3e2fc4597e,1,1.0,0,1.0,1.0,0.9311203953233317,201,0,0,-1,,,
661d0a5bf2735f03,1,1.0,0,1.0,1.0,0.9462049257159331,202,0,0,-1,,,
bef748e412f85c64,1,1.0,0,1.0,1.0,0.9465966194680293,204,0,0,-1,,,
422a764bf2dc593c,1,1.0,0,1.0,1.0,0.9590640296228862,201,0,0,-1,,,
b58a12e346235cd0,1,1.0,0,1.0,1.0,0.9633584851860612,202,0,0,-1,,,
d6e4774d5cc65309,1,1.0,0,1.0,1.0,1.0,35,0,0,-1,,,
08e03654c0ca5151,1,1.0,0,1.0,1.0,1.0,73,0,0,-1,,,
01a58976a2e45a3d,1,1.0,0,1.0,1.0,1.0,72,0,0,-1,,,
4a2f87a2fd42549e,1,1.0,0,1.0,1.0,1.0,76,0,0,-1,,,
0038810163a05e09,1,1.0,0,1.0,1.0,1.0,84,0,0,-1,,,
0706e8bf25805e91,1,1.0,0,1.0,1.0,0.9949826955136439,107,0,0,-1,,,
d3484ba53e775a66,1,1.0,0,1.0,1.0,1.0,182,0,0,-1,,,
342596d95a475bed,1,1.0,0,1.0,1.0,1.0,185,0,0,-1,,,
4a4bf6e11a875f33,1,1.0,0,1.0,1.0,0.9439840464870936,200,0,0,-1,,,
db94e239ea1a5468,1,1.0,0,1.0,1.0,0.9250393446437867,126,0,0,-1,,,
e952dd35343958d8,1,1.0,0,1.0,1.0,0.9050666361967318,126,0,0,-1,,,
8cf86f67f10f574a,1,1.0,0,1.0,1.0,0.9038010275567981,127,0,0,-1,,,
c447b75808ee5ea6,1,1.0,0,1.0,1.0,0.8501171540971791,109,0,0,-1,,,
cfb1ab3fe0185b20,1,1.0,0,1.0,1.0,0.958190201819391,110,0,0,-1,,,
953aea8a2a085404,1,1.0,0,1.0,1.0,1.0,105,0,0,-1,,,
418eb2a0ba415e93,1,1.0,0,1.0,1.0,0.982886040439237,104,0,0,-1,,,
f04d33e677745e8e,1,1.0,0,1.0,1.0,1.0,293,0,0,-1,,,
160d02b02f4d5f77,1,1.0,0,1.0,1.0,1.0,297,0,0,-1,,,
d961ad586b625f55,1,1.0,0,1.0,1.0,1.0,295,0,0,-1,,,
2b3b9bb9f6525589,1,1.0,0,1.0,1.0,1.0,174,0,0,-1,,,
d3a7653499875f98,1,1.0,0,1.0,1.0,1.0,181,0,0,-1,,,
f25881a0f78f5aa9,1,1.0,0,1.0,1.0,1.0,193,0,0,-1,,,
d8d27319eb585277,1,1.0,0,1.0,1.0,0.9801179092581741,212,0,0,-1,,,
029a9572e05a5914,1,1.0,0,1.0,1.0,1.0,211,0,0,-1,,,
1bdfacbfcff75c27,1,1.0,0,1.0,1.0,0.7933053090460905,99,0,0,-1,,,
dbadf83c8bc85324,1,1.0,0,1.0,1.0,0.8028363640514807,97,0,0,-1,,,
764bbbaf51f85bd8,1,1.0,0,1.0,1.0,0.8814538904602438,101,0,0,-1,,,
607b63930d2855da,1,1.0,0,1.0,1.0,0.8838444056830896,103,0,0,-1,,,
997fb38ac5d75864,1,1.0,0,1.0,1.0,0.8954309768031493,103,0,0,-1,,,
29a13686ed375688,1,1.0,0,1.0,1.0,0.8966692861428012,97,0,0,-1,,,
f71e5dcd9df85d97,1,1.0,0,1.0,1.0,0.9304742776887124,98,0,0,-1,,,
939be40082d9515a,1,1.0,0,1.0,1.0,0.943665584165862,99,0,0,-1,,,
8ab73218fe4a539e,1,1.0,0,1.0,1.0,0.7763770487231829,235,0,0,-1,,,
4023fa59fcfd5671,1,1.0,0,1.0,1.0,0.7590267750139038,229,0,0,-1,,,
d858b7c7e6105207,1,1.0,0,1.0,1.0,0.8738114835107802,236,0,0,-1,,,
254dee7f5f1f5f17,1,1.0,0,1.0,1.0,0.848936325795233,236,0,0,-1,,,
46320fa2dc795a5a,1,1.0,0,1.0,1.0,0.8800881102306617,242,0,0,-1,,,
f6db2434c92450b8,1,1.0,0,1.0,1.0,0.9834358070132906,253,0,0,-1,,,
aaf90b3acdce5063,1,1.0,0,1.0,1.0,0.9957042798367537,324,0,0,-1,,,
f231f20bdcb55426,1,1.0,0,1.0,1.0,0.9925071690916948,319,0,0,-1,,,
d3cbad95b20b5125,1,1.0,0,1.0,1.0,0.9754358040237768,315,0,0,-1,,,
0613490d89e25d03,1,1.0,0,1.0,1.0,0.9988337847266662,301,0,0,-1,,,
9f8f670a268550e5,1,1.0,0,1.0,1.0,1.0,302,0,0,-1,,,
fb351801ac245053,1,1.0,0,1.0,1.0,0.9892939899923755,304,0,0,-1,,,
eaf3255921e35495,1,1.0,0,1.0,1.0,0.9870494835887369,315,0,0,-1,,,
4cc7fc580fe45bd1,1,1.0,0,1.0,1.0,1.0,305,0,0,-1,,,
26101d0a7f79587c,1,1.0,0,1.0,1.0,1.0,308,0,0,-1,,,
ced4cade3bea53e7,1,1.0,0,1.0,1.0,0.9784466315457263,305,0,0,-1,,,
8deec95251e95c2d,1,1.0,0,1.0,1.0,0.909456604564978,79,0,0,-1,,,
09a004a6ded55f7e,1,1.0,0,1.0,1.0,0.979048013685694,82,0,0,-1,,,
54e1372d95955eaa,1,1.0,0,1.0,1.0,1.0,82,0,0,-1,,,
b3c1a2ac292d5e3f,1,1.0,0,1.0,1.0,1.0,80,0,0,-1,,,
87100d8379c158cc,1,1.0,0,1.0,1.0,1.0,79,0,0,-1,,,
92e3a80a8f775ce2,1,1.0,0,1.0,1.0,0.8958251958206271,36,0,0,-1,,,
55644491cba35aad,1,1.0,0,1.0,1.0,0.8903071548038541,36,0,0,-1,,,
90caeda16d835f42,1,1.0,0,1.0,1.0,0.9456823609965873,35,0,0,-1,,,
75523a91f0b15884,1,1.0,0,1.0,1.0,0.9840736744610071,66,0,0,-1,,,
3bc4c087ab1a50a3,1,1.0,0,1.0,1.0,0.9131570598325416,77,0,0,-1,,,
8f9712da66485b70,1,1.0,0,1.0,1.0,0.9761153920392328,79,0,0,-1,,,
87e14b8fa1665ee2,1,1.0,0,1.0,1.0,0.972107504614137,83,0,0,-1,,,
c928d5d9ddc25082,1,1.0,0,1.0,1.0,1.0,87,0,0,-1,,,
e7116a2035205221,1,1.0,0,1.0,1.0,1.0,97,0,0,-1,,,
6e944f00e04c5f1c,1,1.0,0,1.0,1.0,0.9236721534201805,47,0,0,-1,,,
f55f99174afa5d7e,1,1.0,0,1.0,1.0,0.915937263067005,53,0,0,-1,,,
3971312f7bb55ea2,1,1.0,0,1.0,1.0,0.9195383771592797,180,0,0,-1,,,
8a6fbabba3745db9,1,1.0,0,1.0,1.0,0.9383959144560352,182,0,0,-1,,,
da668c88a6ef562c,1,1.0,0,1.0,1.0,0.9241037342836335,184,0,0,-1,,,
948099bc138855b6,1,1.0,0,1.0,1.0,0.8914364142765506,182,0,0,-1,,,
3bc729311a8a5d48,1,1.0,0,1.0,1.0,0.8764907017333122,180,0,0,-1,,,
f0297d1838cd5b1f,1,1.0,0,1.0,1.0,0.8514529318515974,180,0,0,-1,,,
8a8732cf61dd5452,1,1.0,0,1.0,1.0,0.8298003407369458,177,0,0,-1,,,
42ba77cc2fb05229,1,1.0,0,1.0,1.0,0.8010528518892239,177,0,0,-1,,,
5016bf8ca2ee554c,1,1.0,0,1.0,1.0,0.9501167597333965,98,0,0,-1,,,
a8db36bc378c599d,1,1.0,0,1.0,1.0,0.9419630565662093,97,0,0,-1,,,
9f461cae559d5e15,1,1.0,0,1.0,1.0,0.9591143604782261,100,0,0,-1,,,
e7295df63d0751d2,1,1.0,0,1.0,1.0,1.0,66,0,0,-1,,,
3379515437535154,1,1.0,0,1.0,1.0,1.0,65,0,0,-1,,,
66a924c7d02159cf,1,1.0,0,1.0,1.0,0.9009865030339238,60,0,0,-1,,,
7edc6539f71a5a79,1,1.0,0,1.0,1.0,0.9624900438107548,60,0,0,-1,,,
a60f7352182a5e93,1,1.0,0,1.0,1.0,1.0,60,0,0,-1,,,
0c0044f312655c94,1,1.0,0,1.0,1.0,0.8810450364542408,67,0,0,-1,,,
8d7c5f26b9775cce,1,1.0,0,1.0,1.0,0.8455093266502288,68,0,0,-1,,,
dd414d3d7d5452f1,1,1.0,0,1.0,1.0,0.8082905411569007,66,0,0,-1,,,
38ecbc57db7e561c,1,1.0,0,1.0,1.0,0.8934913444642776,64,0,0,-1,,,
b0bd81048c07524f,1,1.0,0,1.0,1.0,0.8976681718291477,65,0,0,-1,,,
8d8f5c8c6c29525c,1,1.0,0,1.0,1.0,0.8843912682385197,64,0,0,-1,,,
04703c86cf5b5a20,1,1.0,0,1.0,1.0,0.7538110181810104,64,0,0,-1,,,
6c578cebcf47592b,1,1.0,0,1.0,1.0,0.875952508112777,65,0,0,-1,,,
9a94341d994d5ec9,1,1.0,0,1.0,1.0,0.907620323216649,251,0,0,-1,,,
5b20163cab175e68,1,1.0,0,1.0,1.0,0.9318511699025969,253,0,0,-1,,,
3ff436e401ed5828,1,1.0,0,1.0,1.0,1.0,248,0,0,-1,,,
117372631fc4501c,1,1.0,0,1.0,1.0,1.0,243,0,0,-1,,,
090594c37ce256a3,1,1.0,0,1.0,1.0,1.0,235,0,0,-1,,,
4280b7024092550c,1,1.0,0,1.0,1.0,1.0,241,0,0,-1,,,
2aa64c0ff1f059fd,1,1.0,0,1.0,1.0,1.0,239,0,0,-1,,,
4f98b9b2f76e57be,1,1.0,0,1.0,1.0,1.0,235,0,0,-1,,,
1d2e6d44fd635391,1,1.0,0,1.0,1.0,1.0,32,0,0,-1,,,
3eaee893ba995c48,1,1.0,0,1.0,1.0,0.9984421649325134,32,0,0,-1,,,
7b4a9abdf718584b,1,1.0,0,1.0,1.0,0.9226707290157825,41,0,0,-1,,,
f3572fcbcd285f1e,1,1.0,0,1.0,1.0,0.8597616116054189,39,0,0,-1,,,
697f7ae6d60f5f2d,1,1.0,0,1.0,1.0,0.8552376074457193,44,0,0,-1,,,
5c5f0c06d7035bb7,1,1.0,0,1.0,1.0,0.8414457597074892,56,0,0,-1,,,
210fa74895dc5f52,1,1.0,0,1.0,1.0,0.9914789190962999,60,0,0,-1,,,
7427658d61b55fb8,1,1.0,0,1.0,1.0,1.0,62,0,0,-1,,,
771a9923745f59c5,1,1.0,0,1.0,1.0,0.9314237329005861,303,0,0,-1,,,
eb0a89861a32518e,1,1.0,0,1.0,1.0,0.9292956527276764,303,0,0,-1,,,
7c8cb841bdfd5c56,1,1.0,0,1.0,1.0,0.9720902358731017,296,0,0,-1,,,
b0fe3222f2905745,1,1.0,0,1.0,1.0,0.9405631510843936,300,0,0,-1,,,
d753a5379cc15b69,1,1.0,0,1.0,1.0,0.8706849792415107,257,0,0,-1,,,
ddddd9e7e4925db9,1,1.0,0,1.0,1.0,0.878634308405554,246,0,0,-1,,,
f15b772180455c2f,1,1.0,0,1.0,1.0,0.8638864719334304,234,0,0,-1,,,
9790b7cbcd1a5203,1,1.0,0,1.0,1.0,0.8506290040557479,226,0,0,-1,,,
4e3fb4e28014505e,1,1.0,0,1.0,1.0,1.0,30,0,0,-1,,,
e36f096910ed562a,1,1.0,0,1.0,1.0,1.0,30,0,0,-1,,,
8cbfcb387ec85461,1,1.0,0,1.0,1.0,1.0,30,0,0,-1,,,
2653ecf542e259fc,1,1.0,0,1.0,1.0,1.0,29,0,0,-1,,,
e69be869445455c7,1,1.0,0,1.0,1.0,0.9629051962817163,17,0,0,-1,,,
d4358e3962b758ce,1,1.0,0,1.0,1.0,0.8823045692297207,67,0,0,-1,,,
b8deacee10515f02,1,1.0,0,1.0,1.0,0.8849349311138709,62,0,0,-1,,,
9bc3ee11944a5bef,1,1.0,0,1.0,1.0,0.9524143077508201,60,0,0,-1,,,
c63599ac19bc5e9a,1,1.0,0,1.0,1.0,1.0,54,0,0,-1,,,
c9614cfb18a953ae,1,1.0,0,1.0,1.0,1.0,52,0,0,-1,,,
269e03fbbb4c5856,1,1.0,0,1.0,1.0,1.0,50,0,0,-1,,,
6bf0e7ba6477572b,1,1.0,0,1.0,1.0,1.0,49,0,0,-1,,,
8f0f0f9061b35356,1,1.0,0,1.0,1.0,1.0,46,0,0,-1,,,
fac7dc214370509e,1,1.0,0,1.0,1.0,0.9205190952883465,46,0,0,-1,,,
21560b9edc8c5b8c,1,1.0,0,1.0,1.0,0.8135668166181994,64,0,0,-1,,,
c672f1584cb75697,1,1.0,0,1.0,1.0,0.817733662050565,63,0,0,-1,,,
260f5d5245015db6,1,1.0,0,1.0,1.0,0.8164640487236478,63,0,0,-1,,,
abb9477dd3305951,1,1.0,0,1.0,1.0,1.0,68,0,0,-1,,,
2a94741039ad566d,1,1.0,0,1.0,1.0,1.0,68,0,0,-1,,,
adc1a3a3dd1c501e,1,1.0,0,1.0,1.0,1.0,70,0,0,-1,,,
b88e5601e3055bd8,1,1.0,0,1.0,1.0,1.0,73,0,0,-1,,,
c6c7e6c737cb5f4c,1,1.0,0,1.0,1.0,1.0,74,0,0,-1,,,
8b57a471e74e573f,1,1.0,0,1.0,1.0,1.0,72,0,0,-1,,,
4d48843c558b5807,1,1.0,0,1.0,1.0,1.0,74,0,0,-1,,,
3265e31c65705a5f,1,1.0,0,1.0,1.0,1.0,147,0,0,-1,,,
578b2f71b5d750a8,1,1.0,0,1.0,1.0,1.0,156,0,0,-1,,,
2eb015a011ac5fa2,1,1.0,0,1.0,1.0,1.0,58,0,0,-1,,,
622867ce25805447,1,1.0,0,1.0,0.0,0.0,57,0,0,-1,,,
cf696c3ba1995fd8,1,1.0,0,1.0,1.0,0.9604152542980321,57,0,0,-1,,,
0d74b112df715917,1,1.0,0,1.0,1.0,0.7995694609095768,57,0,0,-1,,,
667afe1f010351c5,1,1.0,0,1.0,1.0,0.7377875051362036,55,0,0,-1,,,
98c7a48dd75052ab,1,1.0,0,1.0,1.0,1.0,54,0,0,-1,,,
2eac5afe2036526c,1,1.0,0,1.0,1.0,0.9342791886392176,60,0,0,-1,,,
01329f4a29285dfe,1,1.0,0,1.0,1.0,0.9443403650876779,31,0,0,-1,,,
4201a91014c852a8,1,1.0,0,1.0,1.0,0.9086302549626776,29,0,0,-1,,,
096d823b664e5972,1,1.0,0,1.0,1.0,0.7488227880155165,28,0,0,-1,,,
d3102c58562a5689,1,1.0,0,1.0,1.0,0.9174987358569769,27,0,0,-1,,,
d754cb22172b5b75,1,1.0,0,1.0,1.0,0.701230565544043,26,0,0,-1,,,
58a74755dc6a506a,1,1.0,0,1.0,1.0,0.9050270112466737,26,0,0,-1,,,
7be1e4f2c85e50a8,1,1.0,0,1.0,1.0,0.9899212066488419,26,0,0,-1,,,
16dbc607f5f75479,1,1.0,0,1.0,1.0,0.8687065822076279,62,0,0,-1,,,
d2b3f402ba0f55c3,1,1.0,0,1.0,1.0,0.6827077716975453,64,0,0,-1,,,
1164ea5308cf5aae,1,1.0,0,1.0,1.0,1.0,66,0,0,-1,,,
5009bb0ce61b5921,1,1.0,0,1.0,1.0,0.9355285542691947,66,0,0,-1,,,
6efb5186a9e55a68,1,1.0,0,1.0,1.0,0.990215723889345,167,0,0,-1,,,
5ae9a8971a6754f1,1,1.0,0,1.0,1.0,1.0,168,0,0,-1,,,
9baf3c1d42b25070,1,1.0,0,1.0,1.0,0.9845725836167557,57,0,0,-1,,,
81f49ac925aa5781,1,1.0,0,1.0,1.0,1.0,55,0,0,-1,,,
cffc9ea8b6ea5920,1,1.0,0,1.0,1.0,0.9521065606344905,253,0,0,-1,,,
73bf16c0312158a2,1,1.0,0,1.0,1.0,0.9332007183070523,255,0,0,-1,,,
4e1b2f2152b551e2,1,1.0,0,1.0,1.0,0.9349315209968608,256,0,0,-1,,,
6389fb6f9d675e3b,1,1.0,0,1.0,1.0,0.8929214722061056,138,0,0,-1,,,
03a97a30526b5c14,1,1.0,0,1.0,1.0,0.8991854950526422,140,0,0,-1,,,
5da61ef9efda5191,1,1.0,0,1.0,1.0,0.9095307038475191,143,0,0,-1,,,
c388df5240dd5f6c,1,1.0,0,1.0,1.0,0.9063002121249997,134,0,0,-1,,,
5209e1f6a97e592a,1,1.0,0,1.0,1.0,0.8982918034636868,136,0,0,-1,,,
e15cc5e1d2f85a26,1,1.0,0,1.0,1.0,0.9590776794799102,158,0,0,-1,,,
00f925ab5406520f,1,1.0,0,1.0,1.0,0.9439428581042653,159,0,0,-1,,,
c4c1e92307c55e8a,1,1.0,0,1.0,1.0,0.9424224414795491,163,0,0,-1,,,
4e1e5dfc07e459cd,1,1.0,0,1.0,1.0,0.949065975936084,158,0,0,-1,,,
3aff98e018195468,1,1.0,0,1.0,1.0,0.9178366686856935,156,0,0,-1,,,
cd2e3c6240d55147,1,1.0,0,1.0,1.0,0.9175413041485035,150,0,0,-1,,,
0b23b3823c4d57da,1,1.0,0,1.0,1.0,0.8610619212701281,146,0,0,-1,,,
fd02cd78f5b55d6f,1,1.0,0,1.0,1.0,0.8152509616035778,145,0,0,-1,,,
0e850ac8266c552e,1,1.0,0,1.0,1.0,1.0,124,0,0,-1,,,
93a59ff864b45716,1,1.0,0,1.0,1.0,1.0,129,0,0,-1,,,
54fbe498c745542e,1,1.0,0,1.0,1.0,1.0,128,0,0,-1,,,
b17da95d765b51c4,1,1.0,0,1.0,1.0,1.0,126,0,0,-1,,,
bbf8fd8a87565e05,1,1.0,0,1.0,1.0,1.0,123,0,0,-1,,,
a916c0c016825703,1,1.0,0,1.0,1.0,1.0,130,0,0,-1,,,
9cd4479e1a9355a1,1,1.0,0,1.0,1.0,1.0,144,0,0,-1,,,
d2ce22d49c4c5166,1,1.0,0,1.0,1.0,1.0,143,0,0,-1,,,
eb890bda8eb75f6c,1,1.0,0,1.0,1.0,0.8975583664760847,230,0,0,-1,,,
ce567ba416055525,1,1.0,0,1.0,1.0,0.8968884691222577,229,0,0,-1,,,
60681597a59d5cf9,1,1.0,0,1.0,1.0,0.7609432152525656,235,0,0,-1,,,
f51357fd3f59500a,1,1.0,0,1.0,1.0,1.0,232,0,0,-1,,,
512b6941e1335e0f,1,1.0,0,1.0,1.0,1.0,228,0,0,-1,,,
075cf94c3db15021,1,1.0,0,1.0,1.0,1.0,224,0,0,-1,,,
a8a72fb28dc6592b,1,1.0,0,1.0,1.0,1.0,214,0,0,-1,,,
476c5597de1b5455,1,1.0,0,1.0,1.0,1.0,206,0,0,-1,,,
01c019a7360f5445,1,1.0,0,1.0,1.0,0.909534928189785,56,0,0,-1,,,
df240e44ad0d5c3c,1,1.0,0,1.0,1.0,0.7513776309630921,85,0,0,-1,,,
ece3a3dc01cd53d2,1,1.0,0,1.0,1.0,0.8183940621666133,94,0,0,-1,,,
d16db4733f1e5524,1,1.0,0,1.0,1.0,0.8120463991627558,100,0,0,-1,,,
f93c0db62e075508,1,1.0,0,1.0,1.0,0.7925437410469769,100,0,0,-1,,,
d15124ba09f35a70,1,1.0,0,1.0,1.0,0.7889355773585306,103,0,0,-1,,,
666573b1628a5475,1,1.0,0,1.0,1.0,0.760512831368915,100,0,0,-1,,,
045cd0254b3f5ad2,1,1.0,0,1.0,1.0,0.7214737973725961,101,0,0,-1,,,
eb72736f2edf5380,1,1.0,0,0.0,1.0,0.5784882259417753,52,0,0,-1,,,
1212ba4b68e95583,1,1.0,0,1.0,1.0,0.8446620227545333,50,0,0,-1,,,
efc8eef1e7b551d9,1,1.0,0,1.0,1.0,0.7873714421551147,38,0,0,-1,,,
17ea7a2cc29957fa,1,1.0,0,1.0,1.0,1.0,37,0,0,-1,,,
406d4391f1205862,1,1.0,0,1.0,1.0,0.91219707623741,42,0,0,-1,,,
e0b7d625d3f55cd8,1,1.0,0,1.0,1.0,0.9200632729153702,46,0,0,-1,,,
b691d77ef9ff5d5e,1,1.0,0,1.0,1.0,1.0,50,0,0,-1,,,
0802a51b0a1d512c,1,1.0,0,1.0,1.0,0.6498170679393301,65,0,0,-1,,,
37102588c8ac59ef,1,1.0,0,1.0,1.0,1.0,184,0,0,-1,,,
c9374cc3f2d45d75,1,1.0,0,1.0,1.0,1.0,178,0,0,-1,,,
d32336b185505124,1,1.0,0,1.0,1.0,0.9319495989241594,122,0,0,-1,,,
8b80580ff95254e8,1,1.0,0,1.0,1.0,0.9098877567407033,123,0,0,-1,,,
434f74e0c3e25cdd,1,1.0,0,1.0,1.0,0.9193653898417103,131,0,0,-1,,,
7d2043fe1fd75586,1,1.0,0,1.0,1.0,0.9268382630284918,137,0,0,-1,,,
2f1edc1ab2b55b05,1,1.0,0,1.0,1.0,0.9184714843274447,142,0,0,-1,,,
55237cf0b8c45ec9,1,1.0,0,1.0,1.0,0.9086267311345034,145,0,0,-1,,,
8ee20c966e7853c1,1,1.0,0,1.0,1.0,1.0,213,0,0,-1,,,
ee526f78f4ce5d75,1,1.0,0,1.0,1.0,1.0,203,0,0,-1,,,
354e4afad1eb56c2,1,1.0,0,1.0,1.0,1.0,193,0,0,-1,,,
b1e1c1a12339588a,1,1.0,0,1.0,1.0,1.0,191,0,0,-1,,,
13cfa80cabf85b80,1,1.0,0,1.0,1.0,1.0,185,0,0,-1,,,
7ceb065003f25449,1,1.0,0,1.0,1.0,1.0,185,0,0,-1,,,
15d9ac47a2e05a2b,1,1.0,0,1.0,1.0,1.0,181,0,0,-1,,,
40c9fc73f7275730,1,1.0,0,1.0,1.0,1.0,186,0,0,-1,,,
29c9d694a2a15357,1,1.0,0,1.0,1.0,1.0,140,0,0,-1,,,
b00afb2388cd5007,1,1.0,0,1.0,1.0,1.0,139,0,0,-1,,,
0d95350d8f3b516b,1,1.0,0,1.0,1.0,1.0,141,0,0,-1,,,
555ac2e13627529e,1,1.0,0,1.0,1.0,1.0,134,0,0,-1,,,
e4054a16eede5400,1,1.0,0,1.0,1.0,1.0,130,0,0,-1,,,
cdfc50d75d0c56df,1,1.0,0,1.0,1.0,1.0,126,0,0,-1,,,
a75469eea7815984,1,1.0,0,1.0,1.0,1.0,126,0,0,-1,,,
7eb910e54ef55811,1,1.0,0,1.0,1.0,1.0,127,0,0,-1,,,
41da8ea7c14754d2,1,1.0,0,1.0,1.0,1.0,72,0,0,-1,,,
d9983fb6d20e5413,1,1.0,0,1.0,1.0,1.0,69,0,0,-1,,,
3b3e36e9d816563c,1,1.0,0,1.0,1.0,1.0,69,0,0,-1,,,
e8ae48e9ca4a58fc,1,1.0,0,1.0,1.0,1.0,69,0,0,-1,,,
8867ae193b7a5ba8,1,1.0,0,1.0,1.0,0.9978937947301549,68,0,0,-1,,,
86c897328378504d,1,1.0,0,1.0,1.0,1.0,70,0,0,-1,,,
e3bfee2b093e5e35,1,1.0,0,1.0,1.0,1.0,71,0,0,-1,,,
c10ed86969435545,1,1.0,0,1.0,1.0,1.0,67,0,0,-1,,,
3dfa374651035868,1,1.0,0,1.0,1.0,1.0,66,0,0,-1,,,
d2cac33c80f45434,1,1.0,0,1.0,1.0,1.0,70,0,0,-1,,,
508209397e8f5714,1,1.0,0,1.0,1.0,0.7942043197751558,137,0,0,-1,,,
9c9944c9e8b3583e,1,1.0,0,1.0,1.0,0.7928665542610277,142,0,0,-1,,,
fb4ac387cd285171,1,1.0,0,1.0,1.0,0.8624098954003775,144,0,0,-1,,,
1e9fb68ccf2d5bcd,1,1.0,0,1.0,1.0,0.9082059983325445,142,0,0,-1,,,
6c321000d6c0527a,1,1.0,0,1.0,1.0,0.8583951937195621,144,0,0,-1,,,
616ca25e91ac5136,1,1.0,0,1.0,1.0,0.9092456971578812,145,0,0,-1,,,
31222d2fc6f95e0d,1,1.0,0,1.0,1.0,0.973203245789399,180,0,0,-1,,,
b4ec906c4dbe5735,1,1.0,0,1.0,1.0,0.9729265013351349,175,0,0,-1,,,
d4daf5d0fd355401,1,1.0,0,1.0,1.0,0.9551640686776807,180,0,0,-1,,,
6c00b2782d3b5f6e,1,1.0,0,1.0,1.0,0.9150359455901264,187,0,0,-1,,,
9c68b0b158bb5d03,1,1.0,0,1.0,1.0,1.0,256,0,0,-1,,,
84358d0871db53dc,1,1.0,0,1.0,1.0,0.9587164033601239,255,0,0,-1,,,
bbc93f086726531e,1,1.0,0,1.0,1.0,0.9732495919710532,251,0,0,-1,,,
47a83e9f70525906,1,1.0,0,1.0,1.0,0.9872310674619301,248,0,0,-1,,,
60e45802b0245195,1,1.0,0,1.0,1.0,1.0,142,0,0,-1,,,
4d2d174465585abf,1,1.0,0,1.0,1.0,1.0,133,0,0,-1,,,
de4ace24443b5b2d,1,1.0,0,1.0,1.0,0.9695242150244786,190,0,0,-1,,,
575453863ce05f35,1,1.0,0,1.0,1.0,0.9797104814109227,211,0,0,-1,,,
d546193a3a28587f,1,1.0,0,1.0,1.0,1.0,212,0,0,-1,,,
91aeae3843455c34,1,1.0,0,1.0,1.0,0.9884043309568441,211,0,0,-1,,,
c0b730b08f685ef3,1,1.0,0,1.0,1.0,0.9948638660807108,209,0,0,-1,,,
1623cbaee7295b13,1,1.0,0,1.0,1.0,1.0,210,0,0,-1,,,
f809d95714a05fad,1,1.0,0,1.0,1.0,1.0,79,0,0,-1,,,
e6095ad750805bff,1,1.0,0,1.0,1.0,1.0,78,0,0,-1,,,
2256b2a677aa5509,1,1.0,0,1.0,1.0,0.9371261336133555,136,0,0,-1,,,
8fe72476d10c552a,1,1.0,0,1.0,1.0,0.9165001618785361,135,0,0,-1,,,
d6feccacc881504a,1,1.0,0,1.0,1.0,0.9286576209196182,126,0,0,-1,,,
9bcd2d9e4c0e56b8,1,1.0,0,1.0,1.0,0.9261485060895328,121,0,0,-1,,,
1cf600346a7e5fc5,1,1.0,0,1.0,1.0,0.9121304712362693,113,0,0,-1,,,
9ba306d42ab75911,1,1.0,0,1.0,1.0,0.9285216217043937,108,0,0,-1,,,
d0dc567530ef57dd,1,1.0,0,1.0,1.0,0.9302315087887755,111,0,0,-1,,,
4e27d27410c85f81,1,1.0,0,1.0,1.0,0.9252604554660185,105,0,0,-1,,,
71220ef085f459fc,1,1.0,0,1.0,1.0,1.0,169,0,0,-1,,,
44c39701a6d65696,1,1.0,0,1.0,1.0,1.0,172,0,0,-1,,,
df7662125da1513f,1,1.0,0,1.0,1.0,1.0,174,0,0,-1,,,
0722adecc3d45ac4,1,1.0,0,1.0,1.0,0.9241427695799379,111,0,0,-1,,,
a62faaedb18d5b76,1,1.0,0,1.0,1.0,0.9276881379465723,110,0,0,-1,,,
d4e5d3e55e3751f9,1,1.0,0,1.0,1.0,0.9329743491865058,107,0,0,-1,,,
f6e9ee0b3a81575b,1,1.0,0,1.0,1.0,0.9241115849790104,108,0,0,-1,,,
549af9d2e33d5996,1,1.0,0,1.0,1.0,0.9337698368987759,110,0,0,-1,,,
59ced21f109a5320,1,1.0,0,1.0,1.0,1.0,66,0,0,-1,,,
2595e56a8af75a60,1,1.0,0,1.0,1.0,1.0,64,0,0,-1,,,
7766bcc52078528c,1,1.0,0,1.0,1.0,0.8912606059743222,63,0,0,-1,,,
1dd4683469e457c5,1,1.0,0,1.0,1.0,0.8742381368534429,60,0,0,-1,,,
c2ae8e85ce2052ff,1,1.0,0,1.0,1.0,0.8889983713325135,59,0,0,-1,,,
bbb7e4525bd05d3d,1,1.0,0,1.0,1.0,1.0,139,0,0,-1,,,
61421159b240530d,1,1.0,0,1.0,1.0,1.0,147,0,0,-1,,,
26983ee0a39e5a32,1,1.0,0,1.0,1.0,0.964604537717536,151,0,0,-1,,,
a164681774715cea,1,1.0,0,1.0,1.0,0.9088416212339508,103,0,0,-1,,,
62e7b4eb1cc954ad,1,1.0,0,1.0,1.0,0.881010392069712,99,0,0,-1,,,
55e7ff380d7e5491,1,1.0,0,1.0,1.0,1.0,96,0,0,-1,,,
7d3779771cae5d94,1,1.0,0,1.0,1.0,1.0,95,0,0,-1,,,
069dab3272205ecb,1,1.0,0,1.0,1.0,1.0,94,0,0,-1,,,
81e0ac3869b95ef4,1,1.0,0,1.0,1.0,1.0,94,0,0,-1,,,
65107c981e1c568c,1,1.0,0,1.0,1.0,1.0,91,0,0,-1,,,
7aaa1817f97e5e5e,1,1.0,0,1.0,1.0,1.0,88,0,0,-1,,,
e826fc97761759f9,1,1.0,0,1.0,1.0,1.0,154,0,0,-1,,,
b3055bb6f80d5167,1,1.0,0,1.0,1.0,1.0,156,0,0,-1,,,
4dd9f8881881500d,1,1.0,0,1.0,1.0,1.0,154,0,0,-1,,,
4899341a782f5409,1,1.0,0,1.0,1.0,1.0,152,0,0,-1,,,
e82216ae03b05bd4,1,1.0,0,1.0,1.0,1.0,150,0,0,-1,,,
32f2729bfe435c65,1,1.0,0,1.0,1.0,1.0,145,0,0,-1,,,
806b014bc8c15160,1,1.0,0,1.0,1.0,1.0,165,0,0,-1,,,
bc958ef21282524c,1,1.0,0,1.0,1.0,1.0,165,0,0,-1,,,
1e8bf2f0e05e58b0,1,1.0,0,1.0,1.0,1.0,83,0,0,-1,,,
4e52e843b10f55eb,1,1.0,0,1.0,1.0,1.0,79,0,0,-1,,,
12f96c65436e56bf,1,1.0,0,1.0,1.0,0.9018637891487566,84,0,0,-1,,,
861c55d61243570c,1,1.0,0,1.0,1.0,0.8544523173462687,86,0,0,-1,,,
17631c945bb959f6,1,1.0,0,1.0,1.0,0.9519989898141198,89,0,0,-1,,,
5f2aad4e03625d30,1,1.0,0,1.0,1.0,0.910650448900774,94,0,0,-1,,,
9f5ac897aea35174,1,1.0,0,1.0,1.0,1.0,99,0,0,-1,,,
b826ee4aedc95b0c,1,1.0,0,1.0,1.0,0.9071310370147753,325,0,0,-1,,,
896f25f6f25e52e0,1,1.0,0,1.0,1.0,0.9757608788018169,266,0,0,-1,,,
f80a6f7f4de5564d,1,1.0,0,1.0,1.0,0.9764512694796407,256,0,0,-1,,,
ab66df989bcc56aa,1,1.0,0,1.0,1.0,0.9773546132938872,249,0,0,-1,,,
f5f7d39ffe625dda,1,1.0,0,1.0,1.0,0.9574256249462909,238,0,0,-1,,,
79c024b87e175129,1,1.0,0,1.0,1.0,0.977307084543257,226,0,0,-1,,,
1558511dc7b45b86,1,1.0,0,1.0,1.0,0.9751902248449341,204,0,0,-1,,,
d0818bf765555782,1,1.0,0,1.0,1.0,0.9746131673707952,187,0,0,-1,,,
07c5114fdb395f8b,1,1.0,0,1.0,1.0,0.9662280236058923,180,0,0,-1,,,
f1f69cb418a05b54,1,1.0,0,1.0,1.0,0.9182031254271198,111,0,0,-1,,,
9aadb4c8a77d5849,1,1.0,0,1.0,1.0,0.927892597802234,118,0,0,-1,,,
f640e9a42e215992,1,1.0,0,1.0,1.0,0.9055916713009363,116,0,0,-1,,,
ad243dacb0315588,1,1.0,0,1.0,1.0,0.9135148872228068,128,0,0,-1,,,
0fc28fe43e5d5693,1,1.0,0,1.0,1.0,0.5501639533414052,246,0,0,-1,,,
081b5785002b5962,1,1.0,0,1.0,1.0,0.9853588103046462,243,0,0,-1,,,
cb163ff9424a5aee,1,1.0,0,1.0,1.0,0.985337243869061,249,0,0,-1,,,
ee835ef3f912599c,1,1.0,0,1.0,1.0,0.5493385772274717,276,0,0,-1,,,
9ee5cb5e3908569a,1,1.0,0,1.0,1.0,0.918279573318617,170,0,0,-1,,,
8c47d8fc41a55f31,1,1.0,0,1.0,1.0,0.9269680850904288,161,0,0,-1,,,
cb5ec9cf4fb556c7,1,1.0,0,1.0,1.0,0.927496954328,147,0,0,-1,,,
cd34209eec085b73,1,1.0,0,1.0,1.0,0.9346335950514814,144,0,0,-1,,,
f938c73be4165c7f,1,1.0,0,1.0,1.0,0.8999972843924248,140,0,0,-1,,,
dc2a5d567a8e5f17,1,1.0,0,1.0,1.0,0.904995265236229,136,0,0,-1,,,
7c0a753f5a2f5230,1,1.0,0,1.0,1.0,1.0,133,0,0,-1,,,
053895d2bfc754f3,1,1.0,0,1.0,1.0,0.9297921633414076,131,0,0,-1,,,
1741767a7646583a,1,1.0,0,1.0,1.0,0.9330454929678801,129,0,0,-1,,,
f20518f97cb558d4,1,1.0,0,1.0,1.0,0.9491749815789813,127,0,0,-1,,,
0f4984d978155b23,1,1.0,0,1.0,1.0,0.9417369055273997,121,0,0,-1,,,
2a79320a3e3b5239,1,1.0,0,1.0,1.0,0.9389699986833504,121,0,0,-1,,,
a87eceb632f253c7,1,1.0,0,1.0,1.0,0.9363335839838416,121,0,0,-1,,,
949a5f17807b5aac,1,1.0,0,1.0,1.0,0.896422406561134,117,0,0,-1,,,
ccdb8ab156ba5b06,1,1.0,0,1.0,1.0,0.8482943524188441,116,0,0,-1,,,
48b6d9fdf22d5a23,1,1.0,0,1.0,1.0,0.8404265478656466,115,0,0,-1,,,
e97ba617b7c059a7,1,1.0,0,1.0,1.0,1.0,326,0,0,-1,,,
4d38d745131c5de1,1,1.0,0,0.0,1.0,0.5833333333333334,337,0,0,-1,,,
ccd1908db4765e03,1,1.0,0,0.0,0.0,0.0,335,0,0,-1,,,
833545ff73da5eb5,1,1.0,0,1.0,1.0,0.9607260587858363,340,0,0,-1,,,
5c4c3448f7a1517f,1,1.0,0,1.0,1.0,0.9642160443985497,334,0,0,-1,,,
073d05efa44b5241,1,1.0,0,1.0,1.0,1.0,325,0,0,-1,,,
861984dda2c458ee,1,1.0,0,1.0,1.0,1.0,311,0,0,-1,,,
04424acda0755c93,1,1.0,0,1.0,1.0,1.0,317,0,0,-1,,,
f8e2454674f75e0f,1,1.0,0,1.0,1.0,0.9574360881460894,54,0,0,-1,,,
efd0435305f5532a,1,1.0,0,1.0,1.0,0.9855754326359567,53,0,0,-1,,,
7e8549121120596a,1,1.0,0,1.0,1.0,1.0,55,0,0,-1,,,
0bb3e400083659c7,1,1.0,0,1.0,1.0,1.0,57,0,0,-1,,,
3b6fb25a1e725f29,1,1.0,0,1.0,1.0,1.0,62,0,0,-1,,,
0bf5bbbd53fe5ea6,1,1.0,0,1.0,1.0,1.0,63,0,0,-1,,,
9f841033bc335965,1,1.0,0,1.0,1.0,1.0,66,0,0,-1,,,
b50b8f11d75a5cb0,1,1.0,0,1.0,1.0,1.0,68,0,0,-1,,,
aa1f80806fa35b9f,1,1.0,0,1.0,1.0,1.0,119,0,0,-1,,,
2e90da117016561c,1,1.0,0,1.0,1.0,1.0,103,0,0,-1,,,
615329a491785c3a,1,1.0,0,1.0,1.0,1.0,168,0,0,-1,,,
0f9e883357585ec4,1,1.0,0,1.0,1.0,1.0,190,0,0,-1,,,
876f405da0da5016,1,1.0,0,1.0,1.0,1.0,211,0,0,-1,,,
4f8d9bfa869553bb,1,1.0,0,1.0,1.0,1.0,300,0,0,-1,,,
72fe517eb6fe5e27,1,1.0,0,1.0,1.0,0.6613180443551904,295,0,0,-1,,,
625a015c1f7c5170,1,1.0,0,1.0,1.0,1.0,311,0,0,-1,,,
1081728e06ca5239,1,1.0,0,1.0,1.0,1.0,297,0,0,-1,,,
e773519a60035714,1,1.0,0,1.0,1.0,0.6035439153477934,297,0,0,-1,,,
617ceb438e0d5324,1,1.0,0,1.0,1.0,1.0,290,0,0,-1,,,
748d7e95687d5d26,1,1.0,0,1.0,1.0,1.0,289,0,0,-1,,,
0ccd35e238885817,1,1.0,0,1.0,1.0,1.0,288,0,0,-1,,,
767f7fdfb0a356e0,1,1.0,0,1.0,1.0,1.0,282,0,0,-1,,,
960b735b1eac5dab,1,1.0,0,1.0,1.0,0.9931372923118017,284,0,0,-1,,,
2f9b9537ea1c5018,1,1.0,0,1.0,1.0,0.93110450953787,139,0,0,-1,,,
e16f6f634adf50d3,1,1.0,0,1.0,1.0,1.0,73,0,0,-1,,,
6420c06f99465b53,1,1.0,0,1.0,1.0,1.0,71,0,0,-1,,,
b562ff054b765717,1,1.0,0,1.0,1.0,0.949893277490779,72,0,0,-1,,,
ac47687039a75848,1,1.0,0,1.0,1.0,0.8998901544336216,71,0,0,-1,,,
b711cfd42ac55706,1,1.0,0,1.0,1.0,0.8719206744623857,73,0,0,-1,,,
08a80ada64475443,1,1.0,0,1.0,1.0,0.8712125006075399,89,0,0,-1,,,
0c3c5692dcdd5bdc,1,1.0,0,1.0,1.0,0.8807797337872046,92,0,0,-1,,,
74d1662073cd5fc1,1,1.0,0,1.0,1.0,0.9218083752373859,98,0,0,-1,,,
1f29aa63bc64550d,1,1.0,0,1.0,1.0,0.8975130001216578,318,0,0,-1,,,
99e900e2392c5e87,1,1.0,0,1.0,1.0,0.8867537858737816,313,0,0,-1,,,
002a52b0ed5650da,1,1.0,0,1.0,1.0,0.9014263221954395,309,0,0,-1,,,
4b43cd9b3d3f576c,1,1.0,0,1.0,1.0,0.9185097488989187,313,0,0,-1,,,
a83d8c6015e85622,1,1.0,0,1.0,1.0,0.8914655058622851,314,0,0,-1,,,
a2652d512cf35d1e,1,1.0,0,1.0,1.0,0.8809948509216059,309,0,0,-1,,,
36471f2ea86a54ba,1,1.0,0,1.0,1.0,0.8732219057822593,310,0,0,-1,,,
1e921882661b5a6b,1,1.0,0,1.0,1.0,0.8777557753402849,302,0,0,-1,,,
83e71223f25a5137,1,1.0,0,1.0,1.0,0.8983448934038692,148,0,0,-1,,,
af58d13139de5d3f,1,1.0,0,1.0,1.0,0.8898015893092621,148,0,0,-1,,,
04c8cad554925432,1,1.0,0,1.0,1.0,0.900406328174984,151,0,0,-1,,,
9ffd8ba0c7f75398,1,1.0,0,1.0,1.0,0.9002696898769874,149,0,0,-1,,,
41bddf65c8155bd5,1,1.0,0,1.0,1.0,0.8850875270689467,150,0,0,-1,,,
c9902a827ade5f45,1,1.0,0,1.0,1.0,0.8759663146442307,151,0,0,-1,,,
69bc8107e82b54db,1,1.0,0,1.0,1.0,0.8633353052243641,153,0,0,-1,,,
69f50b1f6c4d5f4b,1,1.0,0,1.0,1.0,1.0,154,0,0,-1,,,
075154c90a0a5d7c,1,1.0,0,1.0,1.0,0.9269174028510712,120,0,0,-1,,,
d7c78dbb6fb25194,1,1.0,0,1.0,1.0,0.7493350505242851,118,0,0,-1,,,
91d449d737cc50fb,1,1.0,0,1.0,1.0,0.7654103319507811,116,0,0,-1,,,
52c6827af61d5b87,1,1.0,0,1.0,1.0,1.0,115,0,0,-1,,,
5d7eedc503ef575c,1,1.0,0,1.0,1.0,1.0,110,0,0,-1,,,
c988ef2f076359de,1,1.0,0,1.0,1.0,1.0,108,0,0,-1,,,
f87414e8321c5fa7,1,1.0,0,1.0,1.0,0.9620972979901717,104,0,0,-1,,,
5dbf07df40a55d2e,1,1.0,0,1.0,1.0,1.0,102,0,0,-1,,,
1e1f35531c5856bb,1,1.0,0,1.0,1.0,0.8222129220845099,55,0,0,-1,,,
63070010ae7159f2,1,1.0,0,1.0,1.0,0.9726151706002374,56,0,0,-1,,,
b1c09de2415c5b14,1,1.0,0,1.0,1.0,0.889132429173241,60,0,0,-1,,,
29518f7a31945a13,1,1.0,0,1.0,1.0,0.7978224182136276,60,0,0,-1,,,
ed4bcfb05c405bac,1,1.0,0,1.0,1.0,1.0,80,0,0,-1,,,
662d6c1f51815bad,1,1.0,0,1.0,1.0,0.9383878315237544,82,0,0,-1,,,
36cdfb296218516d,1,1.0,0,1.0,1.0,0.8153499500958762,90,0,0,-1,,,
7b8bb16c6e9b512c,1,1.0,0,1.0,1.0,0.8217283557957055,89,0,0,-1,,,
6d024ab27b8e517b,1,1.0,0,1.0,1.0,0.869097665385175,146,0,0,-1,,,
d00c78600089543a,1,1.0,0,1.0,1.0,0.8544106403982417,145,0,0,-1,,,
60a560bfff6f528b,1,1.0,0,1.0,1.0,0.8473152272709195,136,0,0,-1,,,
5a7626d57d61594b,1,1.0,0,1.0,1.0,0.8802251277880414,134,0,0,-1,,,
e4ad471729c65fc9,1,1.0,0,1.0,1.0,0.8362961368177583,137,0,0,-1,,,
7602fcbad344586a,1,1.0,0,1.0,1.0,0.8324791069044185,129,0,0,-1,,,
ac3410e696505284,1,1.0,0,1.0,1.0,0.9014830518701262,130,0,0,-1,,,
7e9101f6d01a53e0,1,1.0,0,1.0,1.0,0.6435185789993199,122,0,0,-1,,,
96bc4f4e46f752f4,1,1.0,0,1.0,1.0,1.0,135,0,0,-1,,,
7b429e3d4ad159a2,1,1.0,0,1.0,1.0,1.0,128,0,0,-1,,,
2fd50ca82a7a5df4,1,1.0,0,1.0,1.0,1.0,159,0,0,-1,,,
7f2a06cede325573,1,1.0,0,1.0,1.0,1.0,159,0,0,-1,,,
fb1c9ac223bf5bbe,1,1.0,0,1.0,1.0,1.0,159,0,0,-1,,,
0bab0d24762a596d,1,1.0,0,1.0,1.0,0.8337323986773099,156,0,0,-1,,,
d615904971e05b5a,1,1.0,0,1.0,1.0,1.0,149,0,0,-1,,,
2e393fad09985c87,1,1.0,0,1.0,1.0,1.0,149,0,0,-1,,,
86027694aed550bd,1,1.0,0,1.0,1.0,1.0,102,0,0,-1,,,
ee7be0b111a85c25,1,1.0,0,1.0,1.0,1.0,106,0,0,-1,,,
6083bfcb495d5f9a,1,1.0,0,1.0,1.0,1.0,169,0,0,-1,,,
01d3726e5bc2576b,1,1.0,0,1.0,1.0,1.0,155,0,0,-1,,,
ffd429cac51751d9,1,1.0,0,1.0,1.0,0.9722075414524576,150,0,0,-1,,,
e058b97f439c51c7,1,1.0,0,1.0,1.0,0.9088998673545237,147,0,0,-1,,,
10b19bf49b67574f,1,1.0,0,1.0,1.0,0.911136258270535,146,0,0,-1,,,
4abad0cd5fee5f43,1,1.0,0,1.0,1.0,0.8956150992775583,138,0,0,-1,,,
307f28eca5e25b39,1,1.0,0,1.0,1.0,1.0,298,0,0,-1,,,
27ba50b0cfa75e8d,1,1.0,0,1.0,1.0,1.0,288,0,0,-1,,,
7eb33ecbb32d5a60,1,1.0,0,1.0,1.0,1.0,285,0,0,-1,,,
c8b422346e1f5252,1,1.0,0,1.0,1.0,1.0,282,0,0,-1,,,
489facb8ac705f4a,1,1.0,0,1.0,1.0,1.0,279,0,0,-1,,,
971af37715285683,1,1.0,0,1.0,1.0,1.0,276,0,0,-1,,,
4860585d53665508,1,1.0,0,1.0,1.0,1.0,268,0,0,-1,,,
a1ef22ffca3a5993,1,1.0,0,1.0,1.0,1.0,250,0,0,-1,,,
69966a921d43544d,1,1.0,0,1.0,1.0,0.5490398305035521,288,0,0,-1,,,
5382d1898c5f506d,1,1.0,0,1.0,1.0,0.5496630973380653,292,0,0,-1,,,
f47f7733a11d51a1,1,1.0,0,1.0,1.0,0.5548690252026985,302,0,0,-1,,,
dfb757230bed57d8,1,1.0,0,1.0,1.0,1.0,312,0,0,-1,,,
beeb0c78917a528a,1,1.0,0,1.0,1.0,0.9960605066013581,320,0,0,-1,,,
21acd3bbf97b5cbe,1,1.0,0,1.0,1.0,1.0,316,0,0,-1,,,
11714a81e1c45a54,1,1.0,0,1.0,1.0,1.0,327,0,0,-1,,,
53f754a75b955383,1,1.0,0,1.0,1.0,1.0,324,0,0,-1,,,
7f78c5aac332551d,1,1.0,0,1.0,1.0,1.0,113,0,0,-1,,,
51c83516a5d8585a,1,1.0,0,1.0,1.0,1.0,116,0,0,-1,,,
d83c3b7416f3577e,1,1.0,0,1.0,1.0,0.9167304144470657,178,0,0,-1,,,
a12c7f84ebd25b1e,1,1.0,0,1.0,1.0,0.9191686758746972,175,0,0,-1,,,
0db36f777178525a,1,1.0,0,1.0,1.0,0.9202166234268708,170,0,0,-1,,,
18f485e808bf58da,1,1.0,0,1.0,1.0,0.9209315901899947,166,0,0,-1,,,
09978bee1b655865,1,1.0,0,1.0,1.0,0.9046377311158159,160,0,0,-1,,,
68d4846662cd53c3,1,1.0,0,1.0,1.0,0.8592031094281043,162,0,0,-1,,,
50f111c89e0958a9,1,1.0,0,1.0,1.0,1.0,321,0,0,-1,,,
179ea24426e95029,1,1.0,0,1.0,1.0,1.0,318,0,0,-1,,,
fd4c64e354f953bd,1,1.0,0,1.0,1.0,0.9561809853670457,329,0,0,-1,,,
f44600c092b959f4,1,1.0,0,1.0,1.0,0.9647825057364106,331,0,0,-1,,,
5cdca96b002d5331,1,1.0,0,1.0,1.0,0.9840618578013731,329,0,0,-1,,,
b32ef3cb010c5903,1,1.0,0,1.0,1.0,0.9815668243695338,329,0,0,-1,,,
e69f96075afb5d86,1,1.0,0,1.0,1.0,0.9527768521248534,331,0,0,-1,,,
64883fdea50b5b8c,1,1.0,0,1.0,1.0,0.9510038124270809,330,0,0,-1,,,
0ca7781c66ea5fc9,1,1.0,0,1.0,1.0,0.911127929785032,134,0,0,-1,,,
1ed9f27f63645f09,1,1.0,0,1.0,1.0,1.0,130,0,0,-1,,,
63eeb15e6e3e5504,1,1.0,0,1.0,1.0,0.897799222957531,126,0,0,-1,,,
a8afec520f035a68,1,1.0,0,1.0,1.0,0.9379083167345476,117,0,0,-1,,,
677d8d1e838b5793,1,1.0,0,1.0,1.0,0.8886150069169633,111,0,0,-1,,,
b47df4a21c515394,1,1.0,0,1.0,1.0,0.8577522201355556,109,0,0,-1,,,
d834813ce20a54e1,1,1.0,0,1.0,1.0,1.0,106,0,0,-1,,,
afd8795214205519,1,1.0,0,1.0,1.0,1.0,108,0,0,-1,,,
40c083a3c4ff5b45,1,1.0,0,1.0,1.0,0.9624378033542649,152,0,0,-1,,,
1423dcf83efa5241,1,1.0,0,1.0,1.0,0.78571532034242,147,0,0,-1,,,
5517642e588e59d0,1,1.0,0,1.0,1.0,0.7473716546119619,144,0,0,-1,,,
8959015fc1fe5791,1,1.0,0,1.0,1.0,0.7774040320505539,142,0,0,-1,,,
c40e41ba1a285e0d,1,1.0,0,1.0,1.0,1.0,142,0,0,-1,,,
5aac73b6f21a5a86,1,1.0,0,1.0,1.0,1.0,140,0,0,-1,,,
59dcc37e3f235412,1,1.0,0,1.0,1.0,1.0,141,0,0,-1,,,
03388b830f975734,1,1.0,0,1.0,1.0,1.0,139,0,0,-1,,,
4dad8cf0704c5c43,1,1.0,0,1.0,1.0,1.0,112,0,0,-1,,,
cebdeff85ac65185,1,1.0,0,1.0,1.0,1.0,109,0,0,-1,,,
c8629b9dd63e56ad,1,1.0,0,1.0,0.0,0.0,137,0,0,-1,,,
94d209006f485164,1,1.0,0,1.0,0.0,0.0,143,0,0,-1,,,
99127f15fd9b5847,1,1.0,0,1.0,0.0,0.0,141,0,0,-1,,,
963ea50b7eb2554b,1,1.0,0,1.0,0.0,0.0,141,0,0,-1,,,
648b875dc34259c2,1,1.0,0,1.0,0.0,0.0,143,0,0,-1,,,
200c447283ed50eb,1,1.0,0,1.0,0.0,0.0,139,0,0,-1,,,
d5116f0d75b4549d,1,1.0,0,1.0,1.0,1.0,168,0,0,-1,,,
e04d45a55abd5fd5,1,1.0,0,1.0,1.0,0.9979184577095466,169,0,0,-1,,,
09832085301555df,1,1.0,0,1.0,1.0,1.0,168,0,0,-1,,,
517e199220ca522b,1,1.0,0,1.0,1.0,0.9761841461211791,88,0,0,-1,,,
e4eebb1bdcdf5ae6,1,1.0,0,1.0,1.0,0.9745696560490532,90,0,0,-1,,,
3aa2f4406fc750da,1,1.0,0,1.0,1.0,0.964133732372063,91,0,0,-1,,,
47a8cb60d2275feb,1,1.0,0,1.0,1.0,0.969759805581624,98,0,0,-1,,,
976107b532bb5301,1,1.0,0,1.0,1.0,0.9718755672235629,106,0,0,-1,,,
8eeeb7c3d5b158d8,1,1.0,0,1.0,1.0,1.0,138,0,0,-1,,,
60615c7f766c5a10,1,1.0,0,1.0,1.0,1.0,142,0,0,-1,,,
4cf1c34e608158a6,1,1.0,0,1.0,1.0,1.0,145,0,0,-1,,,
0a4cf95e90d45770,1,1.0,0,1.0,1.0,1.0,146,0,0,-1,,,
9c4e60dd8e9959d8,1,1.0,0,1.0,1.0,1.0,148,0,0,-1,,,
045044cb9f21527e,1,1.0,0,1.0,1.0,1.0,146,0,0,-1,,,
5cdf559f99b859a4,1,1.0,0,1.0,1.0,1.0,146,0,0,-1,,,
0f1d91e077d05381,1,1.0,0,1.0,1.0,1.0,150,0,0,-1,,,
18d04df0d7e25316,1,1.0,0,1.0,1.0,0.8760486105716714,169,0,0,-1,,,
f7d2b771e8425c20,1,1.0,0,1.0,1.0,0.8878669864939015,171,0,0,-1,,,
a38e63debd3256ef,1,1.0,0,1.0,1.0,0.8631982775709744,166,0,0,-1,,,
79fab476b73a5d06,1,1.0,0,1.0,1.0,0.8911506034579082,162,0,0,-1,,,
263ad35a0e975eda,1,1.0,0,1.0,1.0,0.8909501319628582,153,0,0,-1,,,
c081afa672dc56a2,1,1.0,0,1.0,1.0,0.872260053514406,149,0,0,-1,,,
c4a4767fa7675875,1,1.0,0,1.0,1.0,1.0,146,0,0,-1,,,
4631b80af7fb5f2f,1,1.0,0,1.0,1.0,1.0,145,0,0,-1,,,
8390620a5e745bfa,1,1.0,0,1.0,1.0,0.8148943514599654,119,0,0,-1,,,
9e1761b29988514c,1,1.0,0,1.0,1.0,1.0,118,0,0,-1,,,
09e2eda76fde54ae,1,1.0,0,1.0,1.0,1.0,114,0,0,-1,,,
17d8604b0bc65ce5,1,1.0,0,1.0,1.0,1.0,111,0,0,-1,,,
7956fe13f69e53dc,1,1.0,0,1.0,1.0,0.9389503736483703,103,0,0,-1,,,
60826aa0bcfc5225,1,1.0,0,1.0,1.0,1.0,74,0,0,-1,,,
fa1a3ccade2e50bf,1,1.0,0,1.0,1.0,0.8245533912198969,58,0,0,-1,,,
10bb4009fdf4513b,1,1.0,0,1.0,1.0,0.8252542727867449,58,0,0,-1,,,
d422c9b6689c52bf,1,1.0,0,1.0,1.0,0.956494603926327,102,0,0,-1,,,
624f26fa47485b3d,1,1.0,0,1.0,1.0,0.8903821167250142,83,0,0,-1,,,
88e453ca4644586f,1,1.0,0,1.0,1.0,0.945448892653197,81,0,0,-1,,,
0f7e1062e04e5fb5,1,1.0,0,1.0,1.0,0.9891194519637643,74,0,0,-1,,,
534587f0abca573b,1,1.0,0,1.0,1.0,0.9850065239365188,67,0,0,-1,,,
e09425a247f752e5,1,1.0,0,1.0,1.0,0.9788762949633144,67,0,0,-1,,,
f0d6814d23245178,1,1.0,0,1.0,1.0,1.0,59,0,0,-1,,,
616439dd808d57f1,1,1.0,0,1.0,1.0,1.0,55,0,0,-1,,,
cb52442dd7165211,1,1.0,0,1.0,1.0,1.0,154,0,0,-1,,,
a7fb000f96b35f94,1,1.0,0,1.0,1.0,1.0,158,0,0,-1,,,
994db6ebee835fbd,1,1.0,0,1.0,1.0,1.0,157,0,0,-1,,,
ddc62293e7875556,1,1.0,0,1.0,1.0,1.0,160,0,0,-1,,,
ff4dceb630df54fa,1,1.0,0,1.0,1.0,1.0,154,0,0,-1,,,
e7b269e3a51c5713,1,1.0,0,1.0,1.0,1.0,152,0,0,-1,,,
16f3b92e5d56573a,1,1.0,0,1.0,1.0,1.0,154,0,0,-1,,,
5d47863332065766,1,1.0,0,1.0,1.0,0.9396013040103028,157,0,0,-1,,,
6f2f0885518356ef,1,1.0,0,1.0,1.0,0.8213885970621932,90,0,0,-1,,,
508cd663b9a85228,1,1.0,0,1.0,1.0,0.8223574195235379,90,0,0,-1,,,
112cdade50865f4e,1,1.0,0,1.0,1.0,0.8189054534182739,91,0,0,-1,,,
831a14b3c0bb5c50,1,1.0,0,1.0,1.0,0.8504333152978362,127,0,0,-1,,,
40660dbe143d52c1,1,1.0,0,1.0,1.0,0.8632595708427879,121,0,0,-1,,,
6e190fde9f8958f1,1,1.0,0,1.0,1.0,0.8627596789497765,122,0,0,-1,,,
b61a78b163d654e0,1,1.0,0,1.0,1.0,0.8353507147265007,120,0,0,-1,,,
008d6e3394a65c1f,1,1.0,0,1.0,1.0,1.0,112,0,0,-1,,,
5303407715805679,1,1.0,0,1.0,1.0,0.9744405400140658,100,0,0,-1,,,
cb70f332bc5f5bcf,1,1.0,0,1.0,1.0,1.0,110,0,0,-1,,,
169ccb03f27e589d,1,1.0,0,1.0,1.0,1.0,123,0,0,-1,,,
92d2f07fc6075f5d,1,1.0,0,1.0,1.0,1.0,126,0,0,-1,,,
205cce163e5a5b46,1,1.0,0,1.0,1.0,1.0,123,0,0,-1,,,
6b895016e28d513c,1,1.0,0,1.0,1.0,1.0,125,0,0,-1,,,
3972714235c35bcc,1,1.0,0,1.0,1.0,1.0,132,0,0,-1,,,
ee86c71bc0765fd0,1,1.0,0,1.0,1.0,1.0,135,0,0,-1,,,
152449b7967c541d,1,1.0,0,1.0,1.0,0.8613245386132681,164,0,0,-1,,,
4749b2486da65268,1,1.0,0,1.0,1.0,1.0,260,0,0,-1,,,
44894928f21d5e38,1,1.0,0,1.0,1.0,1.0,265,0,0,-1,,,
63b91b18f46a5a96,1,1.0,0,1.0,1.0,0.9612438754587496,267,0,0,-1,,,
01d061d9a66451ea,1,1.0,0,1.0,1.0,0.9767970878994836,267,0,0,-1,,,
719a6c965dd55d00,1,1.0,0,1.0,1.0,0.9641388081419414,272,0,0,-1,,,
01052f67ec24538c,1,1.0,0,1.0,1.0,0.9318722944634068,282,0,0,-1,,,
3cf9c200e3485696,1,1.0,0,1.0,1.0,0.9650481754320817,285,0,0,-1,,,
34787bf8b0d95f31,1,1.0,0,1.0,1.0,1.0,52,0,0,-1,,,
09d424ddf3a558b3,1,1.0,0,1.0,1.0,1.0,49,0,0,-1,,,
00a757f8d4e45f8c,1,1.0,0,1.0,1.0,0.8855275221959434,49,0,0,-1,,,
1a707ed0d7ba541d,1,1.0,0,1.0,1.0,0.8472788282757419,52,0,0,-1,,,
ac55c7f072c6528d,1,1.0,0,1.0,1.0,0.7186878140323997,51,0,0,-1,,,
ca8b5c5ed914507c,1,1.0,0,1.0,1.0,0.7956918505978025,51,0,0,-1,,,
859dea9ce9215b47,1,1.0,0,1.0,1.0,0.7188620522511523,50,0,0,-1,,,
0965108c193757a9,1,1.0,0,1.0,1.0,1.0,76,0,0,-1,,,
3953e2236a735999,1,1.0,0,1.0,1.0,1.0,147,0,0,-1,,,
a0b9c3ee286454cb,1,1.0,0,1.0,1.0,1.0,146,0,0,-1,,,
cb84621ac42a5df2,1,1.0,0,1.0,1.0,1.0,148,0,0,-1,,,
4f359b56679c50ff,1,1.0,0,0.0,1.0,0.5492964141073746,152,0,0,-1,,,
f48e825b763050bb,1,1.0,0,0.0,1.0,0.5571060198111014,152,0,0,-1,,,
efe1222923b65833,1,1.0,0,0.0,1.0,0.5502247218853644,154,0,0,-1,,,
9d5e6089bd0d5caf,1,1.0,0,0.0,1.0,0.5386735190939511,158,0,0,-1,,,
5fed3ec5ed1351c1,1,1.0,0,0.0,1.0,0.5576936174653693,168,0,0,-1,,,
d1abb12015175373,1,1.0,0,1.0,1.0,1.0,144,0,0,-1,,,
013456829c0050ce,1,1.0,0,1.0,1.0,1.0,150,0,0,-1,,,
876aec35f98a5280,1,1.0,0,1.0,1.0,1.0,159,0,0,-1,,,
b2e27f20100b54ba,1,1.0,0,1.0,1.0,0.9073546178516523,155,0,0,-1,,,
9c7fe79bcaed5bae,1,1.0,0,1.0,1.0,0.8982936287053178,153,0,0,-1,,,
789af91cd1755b7e,1,1.0,0,1.0,1.0,0.9008326910460275,150,0,0,-1,,,
70b8b9ad6d6f54f7,1,1.0,0,1.0,1.0,1.0,149,0,0,-1,,,
8611c130815150a7,1,1.0,0,1.0,1.0,1.0,149,0,0,-1,,,
