token,valid,ego_speed,ref_fwd,ref_dist,pred_fwd,pred_dist,ref_beyond64,ref_beyond32
ac04f9fd4233550c,1,6.9,45.27,46.78,28.76,29.56,0,1
0ebdf3a905ba522f,1,7.12,47.18,47.82,32.58,32.93,0,1
ae68b10cd5085e7c,1,7.37,48.55,48.65,34.2,34.27,0,1
c133861a233a51de,1,6.14,21.5,37.98,17.62,22.07,0,0
b38366e3befc5200,1,5.99,23.91,38.43,18.3,23.73,0,0
9f4bf4a979835749,1,6.34,44.25,45.25,27.0,27.38,0,1
e1886e081b945907,1,6.39,23.01,39.48,20.23,22.91,0,0
5930f153954b5060,1,6.23,22.3,39.93,17.53,20.08,0,0
f033f87821135704,1,0.01,17.66,17.66,10.2,10.2,0,0
f313a28be30f5bd8,1,0.06,17.81,17.85,12.23,12.23,0,0
6f44533cf2965b47,1,0.67,19.52,19.56,16.46,16.46,0,0
a3fe8c1981c45693,1,1.59,24.08,24.15,20.56,20.57,0,0
34ed4880444350af,1,6.28,44.39,44.95,33.92,34.17,0,1
542304e2baf25357,1,7.05,46.94,47.49,33.92,34.14,0,1
9f4f46e620785407,1,7.76,49.04,49.56,37.18,37.44,0,1
814c6b482fd850ab,1,8.4,50.74,51.18,36.5,36.66,0,1
671dcd0d1c86592c,1,4.01,37.24,37.73,17.09,17.32,0,1
b12f2581dde259f4,1,5.16,39.04,39.45,17.04,17.05,0,1
4ed6b1b83e0c5bbe,1,5.17,36.84,37.72,16.93,16.94,0,1
2efcd18376fb51b7,1,0.01,15.62,16.26,7.69,7.69,0,0
c3bb1d6556d95d40,1,0.02,15.75,16.44,7.7,7.7,0,0
1c2e4c20931858f2,1,0.41,15.3,16.74,11.17,11.22,0,0
17da0f4b109154d4,1,1.14,15.09,18.11,10.57,10.6,0,0
667ad9e70e1d525c,1,1.89,13.33,18.7,11.16,11.27,0,0
c83d1e0923295d5a,1,0.92,9.94,11.24,4.91,5.06,0,0
690f682660e358dc,1,1.03,11.45,13.61,6.61,7.13,0,0
f84498af5b4f55eb,1,1.45,12.67,15.25,12.88,12.94,0,0
e30d715817b7524a,1,4.08,27.5,32.76,16.5,16.71,0,0
769a27bde35050d1,1,4.54,31.46,34.22,15.22,15.27,0,0
65ae67808d1f5de5,1,6.31,26.62,26.62,17.67,17.67,0,0
fe0c83d70ca456ae,1,6.21,24.08,24.08,17.11,17.11,0,0
4127ff2cfd615955,1,6.06,21.61,21.61,15.63,15.63,0,0
f84819b5dc2a5130,1,5.97,22.4,38.27,19.51,22.19,0,0
da3dac3ca6545198,1,5.94,22.49,39.08,18.23,22.63,0,0
428532e023bc5783,1,5.97,24.15,40.17,18.34,22.79,0,0
6d5f5983c8eb5615,1,6.05,27.51,41.45,19.7,24.06,0,0
132ea05c88d355ca,1,6.16,31.47,42.69,21.86,26.33,0,0
fd20892efbe35102,1,6.31,35.55,43.92,23.64,27.46,0,1
fdd02b27e20c515e,1,6.5,39.23,45.07,24.34,26.85,0,1
74ea43025c935b2e,1,6.68,42.46,46.06,26.29,27.91,0,1
324cb0d226a45b91,1,6.07,23.3,40.45,16.19,19.09,0,0
b619e01b47775ec5,1,5.99,25.65,41.01,17.92,22.32,0,0
7ccd759aa0535b9a,1,5.96,28.26,41.5,16.59,19.49,0,0
81a473b817565cb9,1,5.92,31.58,41.03,17.18,19.83,0,0
23514d24647a52a3,1,5.93,32.7,40.4,20.98,23.33,0,1
348680e464e15fa2,1,5.97,31.94,38.77,24.29,26.22,0,0
1e60548b4c00538a,1,6.0,31.18,36.89,25.49,26.46,0,0
cdc6e3f7dcb25376,1,5.89,19.07,20.54,18.11,18.11,0,0
c98aa74c885e5b96,1,4.0,20.83,32.05,16.23,19.79,0,0
05304817b887541e,1,4.63,24.06,35.35,18.99,23.88,0,0
68559679a9bd5d3c,1,5.11,28.41,38.08,15.38,17.7,0,0
aab09057df0a515d,1,5.53,33.24,40.49,21.99,25.55,0,1
40348970451a52e3,1,5.87,37.98,42.43,24.14,26.25,0,1
a15cc20cfcc35d48,1,6.23,42.35,44.33,25.78,26.82,0,1
14ee80bbba6b587a,1,6.53,45.28,45.87,24.71,24.98,0,1
910198c6086a5a34,1,0.1,17.91,17.95,11.98,11.98,0,0
7263ccb23351549b,1,2.36,13.33,22.27,10.55,10.7,0,0
5c872773198c5689,1,2.68,12.29,23.78,9.63,9.9,0,0
7fcf6a30139b5d3e,1,5.89,24.39,24.39,17.54,17.54,0,0
2752876d0e005d74,1,5.75,22.14,22.14,17.17,17.17,0,0
3ea43d5abad05188,1,5.62,19.82,19.82,15.7,15.7,0,0
e44b06b920d35486,1,5.51,17.48,17.48,14.03,14.03,0,0
8d0a07b3cb955714,1,5.31,15.1,15.1,11.99,11.99,0,0
01fc240ee1d25c9e,1,4.9,12.83,12.83,9.97,9.97,0,0
6f31e863bab65c62,1,8.8,58.08,58.51,35.73,35.95,0,1
f15b26c87a0e557d,1,8.95,59.11,59.26,36.86,36.94,0,1
77db0b134a185494,1,9.13,59.89,59.97,36.12,36.15,0,1
5bb6cc197a7455e4,1,8.94,35.16,35.25,4.6,4.6,0,1
ae15b0488a6c5bd8,1,7.54,15.25,15.42,24.86,24.89,0,0
4e72d5b688ca564f,1,6.94,8.86,8.94,21.28,21.3,0,0
dee481365b265a2d,1,6.42,33.87,33.93,17.98,18.0,0,1
352fabb819b95d6c,1,0.11,17.86,17.86,11.88,11.91,0,0
91afe72955de5b85,1,0.04,6.97,6.97,3.31,3.31,0,0
c493172b908c5df9,1,0.2,6.76,6.77,3.15,3.15,0,0
fefc295622155532,1,0.41,6.96,6.96,3.92,3.92,0,0
bb1650a0e72e5b7d,1,1.1,3.45,3.62,1.65,1.65,0,0
fa8627edacbd5ea0,1,1.17,2.96,3.15,1.21,1.22,0,0
3febbde773f15b51,1,1.15,2.47,2.7,1.0,1.0,0,0
f3931b33198d5570,1,1.01,1.94,2.24,0.8,0.8,0,0
424cdafd92f25209,1,0.77,1.55,1.91,0.27,0.28,0,0
96587a61c6c05d71,1,4.86,38.84,39.55,21.37,21.69,0,1
65fd7014a79b5cba,1,0.08,16.19,17.14,7.11,7.12,0,0
2b641a3ecff5580e,1,0.02,16.11,17.01,5.5,5.5,0,0
b793d920bf6f53cd,1,0.09,16.23,17.17,8.99,9.01,0,0
e2acd907240850a3,1,0.71,17.11,18.62,11.87,12.2,0,0
fd391501d37752ba,1,1.6,17.91,21.67,14.59,15.95,0,0
2ccebcdb0da25be5,1,2.5,17.9,24.94,15.2,17.88,0,0
300226e9649b51fd,1,3.29,18.7,28.44,14.97,17.78,0,0
9a1a2dd68d9f5b10,1,0.0,17.59,17.59,5.83,5.84,0,0
059ca66ac38a5c28,1,0.03,17.68,17.68,9.35,9.38,0,0
80c267878c6a54fa,1,0.39,18.34,18.41,12.32,12.37,0,0
82b8033d05e355f1,1,1.1,21.44,21.75,15.8,15.89,0,0
ba8688a796b55984,1,1.95,25.18,25.72,17.46,17.56,0,0
24e453c47f635ae2,1,5.87,25.91,41.13,20.32,23.2,0,0
bdff1d80a75e5307,1,6.02,27.72,42.6,21.05,24.59,0,0
c7f3aa98380354ba,1,6.15,30.28,44.0,21.1,24.7,0,0
f5c4d4a66e13514d,1,3.82,11.65,11.86,2.2,2.2,0,0
1ed469afe6545946,1,3.32,10.44,10.64,3.14,3.14,0,0
564b7ca4f210501e,1,2.83,9.54,9.57,3.2,3.21,0,0
a61948a5dada537e,1,2.35,8.68,8.69,2.35,2.35,0,0
b83ed953a4105ddc,1,1.97,7.8,7.8,2.08,2.08,0,0
a37f67a1fe095025,1,1.69,6.33,6.33,1.74,1.74,0,0
ead9740dd25f59c3,1,1.57,5.01,5.01,1.75,1.75,0,0
d474e3bc97d253ee,1,1.48,3.88,3.89,1.41,1.41,0,0
9d213c7b9ab4550d,1,5.25,14.11,14.13,12.25,12.26,0,0
aac7679545c75aed,1,4.69,11.9,11.91,9.2,9.2,0,0
f68c27c86c235646,1,4.11,9.8,9.8,7.73,7.74,0,0
1c45a4d22fcc5b2e,1,3.54,8.15,8.15,6.13,6.13,0,0
01ace31ecf365cbb,1,3.02,6.72,6.8,3.89,3.89,0,0
b069ef19c0ba5887,1,2.56,5.43,5.53,3.35,3.35,0,0
944a55f58a59597f,1,2.17,4.31,4.31,2.26,2.26,0,0
3370b43bf64151a6,1,1.73,3.42,3.42,1.14,1.14,0,0
9089d6dfa77e5488,1,1.41,21.14,21.2,13.12,13.12,0,0
4310513b861550dc,1,1.92,23.13,23.14,17.54,17.54,0,0
68df055f82485e95,1,3.3,9.28,10.97,13.03,14.03,0,0
19611832f7595b10,1,3.17,7.97,10.03,15.11,16.9,0,0
1148c72f141c532d,1,2.27,8.37,9.04,1.06,1.06,0,0
54292820fab05539,1,2.6,8.77,9.19,2.47,2.47,0,0
76615d386ce6519e,1,2.63,10.46,10.5,2.22,2.22,0,0
310fcecd57a95e06,1,5.64,23.39,23.39,4.08,4.09,0,0
84c2b46556315af6,1,4.41,15.76,22.88,13.15,14.38,0,0
a9e8e0a755d758a1,1,4.3,15.92,22.1,11.38,12.4,0,0
b2229456008c518d,1,4.15,20.23,32.83,11.19,12.35,0,0
3e4c9c9e67545b03,1,3.95,22.01,32.74,10.57,11.71,0,0
69124bf1a9185f06,1,3.77,24.06,33.44,10.35,11.39,0,0
88c2643d470951b3,1,3.74,26.96,33.79,10.21,10.97,0,0
f4d869c13a015a28,1,3.82,29.98,34.61,11.44,12.05,0,0
e2080118123b5cc8,1,3.93,32.75,35.44,15.47,16.27,0,1
76f053cb2f8851c7,1,1.17,14.01,14.01,16.0,16.0,0,0
f2e0d7e15fa253f0,1,5.97,30.55,30.56,19.07,19.15,0,0
ed95bd64d5a555c8,1,5.92,27.4,27.42,6.75,6.79,0,0
492a64b807da5cfb,1,5.84,23.33,23.41,6.76,6.82,0,0
117b147622605d6a,1,5.7,19.95,20.06,12.86,12.86,0,0
4c5c196977b255f5,1,5.3,17.51,17.56,11.04,11.05,0,0
291ac232cc94582a,1,4.83,15.31,15.48,3.8,3.8,0,0
83e42a2487695ac5,1,4.35,13.38,13.58,3.14,3.14,0,0
8ea9276bf0ee55f5,1,5.75,19.21,19.21,13.63,13.63,0,0
d9b79e606e595700,1,5.37,16.57,16.57,11.82,11.83,0,0
d31b4eb761a15872,1,4.9,14.12,14.12,9.94,9.94,0,0
6e813b55dcb35df7,1,4.35,10.34,10.34,7.51,7.51,0,0
742119ab3b9753a7,1,3.8,8.7,8.71,6.08,6.08,0,0
54718dd05cad553a,1,3.34,7.19,7.29,4.69,4.69,0,0
f18ef27ec008527a,1,2.87,5.79,5.92,3.28,3.28,0,0
b15572e37ce95d98,1,2.31,4.59,4.59,1.85,1.85,0,0
a7a7c9782f3951a1,1,1.66,3.67,3.68,0.86,0.86,0,0
08226b91e42858de,1,1.11,3.04,3.05,0.57,0.57,0,0
e5ab81a4896751e3,1,0.66,8.69,8.8,9.31,9.31,0,0
9f4c04b7214b52a8,1,0.99,10.99,11.0,13.06,13.06,0,0
71c32c511a445d13,1,3.44,16.98,16.99,10.29,10.29,0,0
1ee0c099f86a585e,1,3.43,16.37,16.38,7.02,7.02,0,0
0165d0814e905c1c,1,3.36,14.92,14.92,6.75,6.75,0,0
cd89b212efe9585a,1,3.2,12.95,12.95,5.08,5.08,0,0
505e82147a375933,1,6.03,14.18,14.18,12.72,12.72,0,0
ab9d0f7542805d20,1,5.68,11.52,11.54,9.74,9.74,0,0
084ce89976f1505e,1,5.13,9.02,9.04,7.66,7.66,0,0
e0f8a20a76c25e20,1,4.4,6.83,6.83,5.34,5.34,0,0
c54227acd96156e1,1,3.53,5.04,5.22,3.21,3.21,0,0
bfcb040f50425141,1,2.65,3.63,3.66,2.2,2.2,0,0
18236bb0b875582d,1,1.98,2.62,2.66,1.1,1.1,0,0
cb0505ba89415347,1,1.39,1.82,1.88,0.69,0.69,0,0
cd6e2fc752755753,1,1.26,2.95,2.97,0.69,0.69,0,0
42032a0cedd95dc9,1,0.93,1.35,1.38,0.48,0.48,0,0
0698ddce973b50ba,1,0.58,1.14,1.18,0.03,0.06,0,0
4300f964edbd5ce4,1,0.48,8.44,8.44,7.09,7.09,0,0
87a4e023d9315796,1,0.67,10.37,10.37,9.09,9.09,0,0
5317b890d3e45958,1,0.87,12.3,12.3,7.1,7.1,0,0
208247acd8ca5e2c,1,1.25,13.33,13.33,6.88,6.88,0,0
38b7b1afe2bf516b,1,0.94,9.47,10.52,4.97,5.16,0,0
22642c0ae9605891,1,7.09,32.13,32.3,24.89,24.9,0,1
6cad8c31d4725496,1,7.01,29.72,30.04,25.04,25.1,0,0
9b9aa93df6b15de7,1,6.89,29.19,29.43,21.68,21.75,0,0
baeb667505f850af,1,6.79,26.73,26.98,21.39,21.48,0,0
ee42b86599ca5632,1,6.61,24.37,24.49,20.93,21.04,0,0
af34277ea53e5f77,1,6.43,21.75,21.86,20.13,20.24,0,0
611576c7588c543b,1,6.21,19.12,19.2,14.33,14.37,0,0
c8ab144242b05eba,1,5.76,16.56,16.59,13.93,13.95,0,0
99213b077bdf516b,1,1.04,21.35,21.35,7.17,7.18,0,0
22f98151a771573a,1,0.82,20.24,20.24,9.06,9.06,0,0
eaba7fd433c45e20,1,0.79,20.11,20.11,10.93,10.93,0,0
314c032aadbd5011,1,1.11,21.71,21.71,13.13,13.13,0,0
5757a661eb0f54d2,1,1.76,24.95,24.95,18.2,18.2,0,0
96164ad9ed8557a7,1,0.01,11.12,11.56,3.6,3.61,0,0
8e33b543120b53d5,1,0.0,11.92,12.56,3.75,3.76,0,0
97d06e94283a5a65,1,0.03,12.55,13.4,3.66,3.67,0,0
a77872c55f1b52a1,1,8.44,50.4,50.66,27.93,27.94,0,1
51d4ce9889525c4f,1,8.3,47.5,48.03,28.52,28.53,0,1
bd957829755e50cb,1,8.15,43.74,44.64,28.02,28.03,0,1
a19a3d9b712751f6,1,7.99,39.79,41.0,28.24,28.26,0,1
71bacc65bda2569c,1,7.83,35.99,37.29,29.69,29.77,0,1
e747d6fdc59252f3,1,7.7,31.19,32.92,23.51,23.54,0,0
0b1250020ea95539,1,7.57,27.64,28.92,23.67,23.84,0,0
d68601dbb9d45f6b,1,7.36,22.72,23.19,21.18,21.36,0,0
657ea52878935352,1,6.99,20.03,27.55,16.03,16.1,0,0
7b281124be57507a,1,6.57,16.69,27.32,15.14,15.44,0,0
0c4f97d3255155e4,1,6.13,13.7,28.39,5.99,8.82,0,0
6d4f69f0aabc5c4e,1,5.64,12.37,30.32,4.12,4.15,0,0
8b477eda939951d6,1,5.29,12.47,27.37,4.17,4.24,0,0
538ed1acbf145c8b,1,4.61,25.94,26.2,7.72,7.83,0,0
c472d369df235104,1,4.58,20.92,21.07,15.56,15.62,0,0
01167513b5b55ca1,1,1.5,14.36,20.57,7.85,8.02,0,0
10f5795252265ff3,1,8.89,51.92,52.26,38.76,38.93,0,1
27cf243155ac526c,1,0.11,17.89,17.91,9.92,9.92,0,0
ff83944cb2845479,1,0.01,17.62,17.64,9.93,9.93,0,0
f381809a5ec053f3,1,0.04,17.7,17.73,10.17,10.18,0,0
8470cdca41255e20,1,0.52,18.7,18.73,13.47,13.47,0,0
a33054c645ce5643,1,1.41,22.98,23.1,16.86,16.86,0,0
00ddbc829ecb563e,1,2.43,27.6,27.98,25.88,25.94,0,0
bcc94c5142785550,1,6.98,49.29,49.86,29.99,30.74,0,1
a924bf802fe25fa6,1,0.1,13.14,14.28,7.26,7.63,0,0
d5b21176c2e1526c,1,0.6,13.79,15.63,10.42,10.89,0,0
e45572ab63ef5deb,1,1.39,13.93,17.97,12.94,15.34,0,0
227d62f5dfd95624,1,2.19,13.3,20.8,11.23,12.95,0,0
d71f89f4f6e350b8,1,2.9,13.08,24.22,12.3,15.84,0,0
b7c6bbad8e3a579b,1,3.55,14.29,28.05,13.06,18.36,0,0
8a540001f3f0514d,1,4.13,17.49,31.82,14.59,20.52,0,0
cb02d1e1315a5e67,1,4.74,23.28,35.65,9.81,11.15,0,0
7bce82e059a05030,1,6.8,33.75,33.76,21.43,21.45,0,1
b9a8107ff09d5961,1,6.67,29.97,29.98,19.51,19.51,0,0
589c06909f1c5c27,1,6.52,26.35,26.36,19.23,19.23,0,0
6fbdacdf660253b6,1,6.4,23.21,23.21,17.37,17.37,0,0
55d6a50a401f52f7,1,6.23,18.75,18.76,15.6,15.6,0,0
330af4c06f715d2d,1,5.79,16.09,16.09,13.62,13.63,0,0
6bb854e8312e5c30,1,5.28,13.63,13.64,10.14,10.14,0,0
e54deddcc84150be,1,4.66,11.11,11.12,8.47,8.47,0,0
a681a147f3375cac,1,4.43,10.72,10.72,8.13,8.13,0,0
71057ab084a75ce6,1,3.96,8.72,8.72,6.13,6.13,0,0
6a5d6dff67a45a95,1,3.42,7.09,7.09,4.66,4.67,0,0
7048a63246a75ea4,1,2.89,5.66,5.66,3.26,3.26,0,0
93512ae1de725307,1,2.26,4.49,4.49,1.83,1.83,0,0
7a2abf5475ac59ca,1,1.62,3.6,3.6,0.98,0.98,0,0
06df6b00bdad5229,1,1.07,3.01,3.01,0.6,0.6,0,0
1a1f73871bea5afa,1,5.99,24.05,37.67,20.62,22.33,0,0
fa7555f0099f5c59,1,1.12,2.75,2.75,0.57,0.58,0,0
73b1bfef98ae5664,1,0.0,7.35,7.42,7.76,7.76,0,0
e80197fe19435d28,1,0.01,10.93,10.93,8.02,8.02,0,0
e9ed7dbcb6365ea2,1,0.04,14.72,14.73,9.97,9.97,0,0
0f6d159f5f0c52d0,1,0.36,17.1,17.1,13.65,13.65,0,0
f75d3314a8c85955,1,1.12,20.97,20.98,15.64,15.64,0,0
26e8589d8c485726,1,1.93,25.29,25.3,17.69,17.69,0,0
8a7750196bc65a14,1,7.64,41.1,41.12,23.12,23.12,0,1
e721852571e5573b,1,4.67,14.2,27.64,12.48,15.84,0,0
901b2d48b2ce5bf1,1,4.55,15.71,29.37,12.67,15.98,0,0
40ffdefe6d2f541a,1,5.17,35.04,39.68,21.96,24.27,0,1
41f3712a30b956e6,1,5.48,39.96,41.75,28.1,28.85,0,1
88f3df2443c55e59,1,7.52,41.71,41.71,23.29,23.29,0,1
eeafee3118a35987,1,7.32,43.0,43.0,21.75,21.76,0,1
d2361c07df2f51c2,1,7.13,44.57,44.57,21.44,21.44,0,1
11cad3355c7b55dd,1,4.62,9.77,9.77,10.04,10.04,0,0
fa7459e482c05911,1,1.03,11.84,15.34,7.94,8.16,0,0
c05f89f644505f4c,1,1.0,12.37,17.71,7.92,8.16,0,0
03d4ec82e7ac5804,1,1.36,13.35,20.42,8.84,9.59,0,0
ecd769043adc5346,1,2.01,15.4,23.94,8.59,9.55,0,0
68e2e4227c355dd9,1,2.63,18.79,26.43,14.27,17.89,0,0
3770407dcc67520c,1,4.61,26.79,34.59,10.81,10.81,0,0
3e53e34cb63f5d05,1,4.89,24.54,35.84,20.12,23.26,0,0
c418551cd6285092,1,5.16,24.11,37.24,18.46,22.65,0,0
bbb5018d017754d0,1,5.64,23.38,23.39,3.94,3.94,0,0
70f718ebc8b4505e,1,5.56,22.37,22.38,3.99,3.99,0,0
516c42e0454456b6,1,5.44,21.39,21.39,4.0,4.0,0,0
3f54d4297dc459c3,1,5.29,4.92,5.07,3.99,3.99,0,0
9c32ba9f42f75187,1,5.1,4.58,4.75,3.96,3.96,0,0
98ae2c97a0375eaf,1,4.64,16.64,16.65,3.98,3.98,0,0
d94860755c1f5594,1,4.33,16.02,16.04,4.0,4.0,0,0
e658c60a7b705bea,1,4.1,14.7,14.71,3.97,3.97,0,0
33947554006251e9,1,5.43,25.19,38.85,19.62,25.22,0,0
2569d386da9c54ff,1,5.63,26.96,40.33,7.01,9.55,0,0
4eb5bcde81245591,1,5.78,29.84,41.57,6.86,9.54,0,0
5d5dfc678c9759a1,1,5.84,32.93,42.38,6.85,9.41,0,1
3128b8da22c75dd0,1,5.91,36.13,43.13,20.95,23.56,0,1
9900336c08095d0f,1,6.01,39.18,43.82,23.55,25.66,0,1
28d91d7116785bf9,1,6.11,41.59,44.39,22.21,23.32,0,1
a8dacf347a605f0d,1,6.26,43.66,45.05,25.24,25.85,0,1
83d9a73b7a3650c7,1,3.6,11.86,11.86,6.68,6.68,0,0
56c64f7e47b15e0d,1,1.0,11.4,11.47,4.79,4.79,0,0
c69051fe82a95f3c,1,1.07,12.42,12.49,7.24,7.24,0,0
0573408e3cfb5130,1,6.87,31.32,31.32,20.91,20.91,0,0
2d723f3d7b9458b8,1,6.72,29.03,29.03,19.37,19.37,0,0
e68ddf5be41355dc,1,6.49,26.58,26.59,17.68,17.68,0,0
40d32b824b705cbc,1,6.04,24.54,24.54,14.63,14.63,0,0
1cb96199b6a45732,1,5.56,22.29,22.29,14.06,14.06,0,0
d651033bf05e5da3,1,0.79,15.85,16.53,13.69,13.69,0,0
307fee530f99569a,1,1.6,15.38,16.27,16.87,16.9,0,0
62eac0a6b7e05fbf,1,1.85,1.64,1.66,3.23,3.23,0,0
5cb436b6276f59ae,1,2.05,0.84,0.85,7.97,8.66,0,0
ed1ae68f8c0f5f3a,1,2.0,0.79,0.81,9.7,11.59,0,0
b8d2227c06a351e4,1,1.68,22.55,22.56,1.52,1.52,0,0
dc8554c53a2a5afc,1,1.22,20.76,20.81,1.62,1.62,0,0
3a8cbc5f12e25e1f,1,1.18,20.64,20.69,6.86,6.86,0,0
cdd00e6a0e4754e5,1,4.36,25.41,25.75,23.51,23.66,0,0
583113c5db20565d,1,6.07,52.0,52.28,31.68,31.7,0,1
a43337e3cf725ea6,1,6.54,50.95,51.42,30.1,30.15,0,1
a05ccb0dca555526,1,6.96,50.03,50.5,34.8,34.86,0,1
3e0511dc69b85b75,1,7.36,51.81,52.34,33.68,33.73,0,1
cd7575ed015c5678,1,7.74,53.53,54.08,33.6,33.65,0,1
798842f0b1c253b4,1,8.11,55.16,55.73,33.6,33.66,0,1
888913e0978f559b,1,0.0,17.63,17.63,5.3,5.3,0,0
6d846dadde695838,1,6.29,33.34,45.38,21.52,25.05,0,1
21dbc361352b5dbd,1,6.44,36.72,46.77,22.4,25.74,0,1
b022550645ac5dbf,1,6.58,40.25,47.95,23.53,26.42,0,1
92aea46cab86531b,1,6.68,27.25,29.84,25.75,27.83,0,0
baf1301534ea54d6,1,6.76,40.66,40.81,27.92,27.97,0,1
f3b3336807f8590b,1,6.56,39.77,39.86,25.77,25.81,0,1
d8d4f191f3bc5f34,1,6.4,40.06,40.1,25.72,25.74,0,1
917f7087f2665add,1,6.47,40.64,40.65,23.51,23.51,0,1
f530d03c88b652a7,1,6.83,47.83,47.91,26.56,26.56,0,1
5f09eaa4509f5997,1,4.65,12.87,26.43,12.1,13.78,0,0
8a3c6c3502035e11,1,4.44,12.93,26.47,10.92,13.5,0,0
664106f910475a53,1,3.81,19.88,25.63,6.35,6.63,0,0
3ae59f6099b65d31,1,3.62,27.14,30.83,8.59,9.1,0,0
0367791336c3533e,1,3.49,29.08,30.33,13.8,14.21,0,0
56b80cb2ca2c5983,1,4.61,19.15,32.33,14.67,15.25,0,0
73c897c7de1454af,1,4.51,18.85,31.77,13.69,14.5,0,0
582ac6cc2a1758a3,1,4.01,9.31,9.32,6.14,6.14,0,0
4b26762f1d5a509d,1,3.3,7.74,7.75,4.06,4.06,0,0
99f3a7ec61305307,1,2.65,6.41,6.43,3.56,3.56,0,0
bb89143f371a53b5,1,2.15,5.35,5.37,2.22,2.22,0,0
d2e124f077ee53cb,1,1.73,4.46,4.49,1.29,1.29,0,0
86c6c03a41a057d6,1,1.35,3.75,3.78,1.08,1.08,0,0
d01e896e6c325436,1,0.94,3.19,3.23,0.45,0.45,0,0
36383c82194a543d,1,0.15,6.93,6.95,5.69,5.69,0,0
333ba3fb0fc85da9,1,9.0,52.56,52.61,32.52,32.54,0,1
513ac26c90be51d0,1,8.93,52.4,52.47,32.58,32.6,0,1
7e87b622a4e35128,1,8.9,52.35,52.37,30.58,30.59,0,1
a760f4373fd751e4,1,8.88,52.34,52.36,32.56,32.58,0,1
262c4400163e5d8e,1,8.8,52.13,52.19,30.72,30.73,0,1
a93fa498bfbf5fb8,1,8.73,51.99,52.02,30.67,30.68,0,1
f72ccf055618500a,1,8.64,51.79,51.83,30.74,30.75,0,1
986b3349c460538b,1,8.55,51.43,51.51,27.99,28.0,0,1
3f2a3e63c3045c95,1,3.0,10.48,10.48,4.0,4.0,0,0
cda381919f5e5dca,1,4.27,19.14,32.24,16.43,22.74,0,0
48a6621d92dd5be3,1,4.72,23.6,35.46,18.29,23.26,0,0
88538f4b41cc5d4a,1,5.1,21.76,27.84,5.57,5.74,0,0
8013f74ddcf055db,1,5.95,42.11,43.32,15.81,16.11,0,1
050667565815536a,1,6.08,44.11,44.59,14.83,14.97,0,1
a992bba6c1d054f3,1,6.32,45.79,45.93,26.82,26.88,0,1
73298d57a59e5252,1,6.55,47.14,47.15,25.11,25.12,0,1
a8c4188597da52a2,1,0.86,1.33,1.4,0.14,0.16,0,0
8db638d42ddc59f2,1,0.63,1.54,1.61,0.45,0.46,0,0
7bd486db42e35b18,1,0.53,1.33,1.41,0.41,0.41,0,0
e941bb5a630f58ae,1,0.0,9.59,9.71,5.62,5.62,0,0
3e1e7bc23c515108,1,0.07,12.01,12.02,9.77,9.77,0,0
cc71f3639268516f,1,0.49,13.8,13.82,11.97,11.97,0,0
a612f42e6f9d592e,1,1.32,17.44,17.52,13.9,13.9,0,0
7d4c548895955e0d,1,4.77,14.16,25.94,13.52,16.59,0,0
96fd45b48c8b5e18,1,2.7,12.04,12.06,5.62,5.62,0,0
83d8368f99cb5470,1,2.49,10.87,10.9,4.3,4.3,0,0
0b97850e408e5a95,1,2.09,23.64,24.1,17.42,17.51,0,0
215c38293c335e25,1,6.87,27.74,27.74,21.25,21.25,0,0
6477d5ad590955ba,1,6.76,25.17,25.18,19.57,19.57,0,0
54c95aa7df955414,1,6.64,22.5,22.5,18.92,18.92,0,0
d7350c01eab55ed0,1,6.5,19.76,19.76,17.18,17.18,0,0
7fcc4151553a50e8,1,6.31,16.97,16.97,14.93,14.93,0,0
fbe0e54ef79254bb,1,2.86,10.74,10.74,4.11,4.11,0,0
7a1b61727c255889,1,2.77,9.34,9.34,4.07,4.07,0,0
20ec6765e35d5cd1,1,2.59,8.08,8.08,2.87,2.87,0,0
cf9b7b96f5a057d0,1,2.18,6.64,6.74,2.23,2.23,0,0
34f4fd0a288b5199,1,1.42,4.83,4.83,0.82,0.82,0,0
807c1ce92e235b11,1,0.92,4.63,4.63,0.42,0.42,0,0
a35847734fc65508,1,0.05,7.78,7.85,9.86,9.86,0,0
badd4b6320d05d87,1,0.38,10.79,10.79,12.18,12.18,0,0
23ca661f3d7754c7,1,7.49,37.44,37.46,22.81,22.81,0,1
000926dda92d592d,1,7.36,33.22,33.24,20.99,20.99,0,1
a815da9bf45d5b15,1,7.12,29.36,29.39,19.28,19.28,0,0
543075ac6a275db3,1,6.62,25.26,25.27,17.49,17.49,0,0
93bbe5e3e6cd5411,1,6.04,21.38,21.38,14.23,14.23,0,0
8d7e4421c3e45c99,1,5.36,18.73,18.73,10.8,10.8,0,0
c2ce362b9cf95fee,1,4.65,16.4,16.4,9.07,9.07,0,0
ef43bbb93f0d50eb,1,4.05,13.9,13.91,7.97,7.98,0,0
c5510354351d5d5e,1,3.89,14.3,14.32,3.04,3.04,0,0
3e41024d080454b5,1,3.39,13.77,13.77,4.21,4.21,0,0
440690fa94cb50d5,1,2.81,13.3,13.31,3.19,3.19,0,0
9c193ab1a07454e3,1,2.13,12.68,12.69,3.67,3.67,0,0
7e76a2b3918656f9,1,5.57,20.85,38.41,15.65,18.69,0,0
ba7553f511f653b3,1,5.27,19.93,39.01,12.48,13.9,0,0
60fe616f485b5589,1,5.41,36.86,38.22,19.02,19.53,0,1
9c63c33c198e5aa9,1,5.71,38.24,38.68,23.56,23.83,0,1
a566f9d36b5d5921,1,0.0,17.63,17.63,5.37,5.37,0,0
bc089c23e7f95250,1,0.03,17.72,17.72,5.35,5.35,0,0
15b25b99cf2d5965,1,0.13,17.96,17.96,6.8,6.8,0,0
d5fbd3df4a505559,1,0.82,20.21,20.21,9.73,9.73,0,0
dae9ebb7c5ff5c6a,1,1.75,23.36,23.84,16.48,16.49,0,0
1e4fb3a9572f5e7d,1,2.65,23.29,25.37,16.02,16.07,0,0
5e74b6a61b715f47,1,4.28,10.43,11.63,12.71,13.56,0,0
04fbbb5817255f30,1,4.07,8.32,9.47,12.8,13.47,0,0
e6077696f29b54ca,1,3.84,7.18,7.97,7.67,7.85,0,0
78beb0eba954535e,1,2.53,2.43,2.45,2.05,2.05,0,0
e5e21bbf8d665374,1,1.96,1.43,1.44,0.75,0.76,0,0
35f13a6de1575fdc,1,1.27,0.72,0.73,0.4,0.4,0,0
47b8a869ffed5965,1,0.69,0.33,0.33,0.05,0.07,0,0
26f3ef1a426f57be,1,0.03,8.09,8.18,10.11,10.11,0,0
06329b33572752d8,1,0.43,11.84,11.91,12.6,12.6,0,0
be503a7ef2805c88,1,1.13,16.26,16.26,14.55,14.55,0,0
75a1c2654839522e,1,5.16,20.07,20.07,10.68,10.68,0,0
4543b41a1fec5a97,1,4.86,17.94,17.94,8.73,8.73,0,0
ab052def6aec532e,1,4.51,15.97,15.97,7.58,7.58,0,0
6492ae3886505280,1,4.12,14.62,14.62,7.88,7.88,0,0
d044b887d646511b,1,3.71,13.37,13.37,6.76,6.76,0,0
65caa24efb4556af,1,3.3,12.96,12.97,6.45,6.45,0,0
6639fa7905a3599b,1,3.08,12.63,12.63,5.02,5.02,0,0
82521f61cf965167,1,2.96,11.83,11.88,4.06,4.06,0,0
bdad96248e575296,1,9.57,48.09,51.5,33.85,34.54,0,1
cdf234c4f4c35156,1,9.41,47.59,51.48,33.58,34.78,0,1
8362f66ef1aa51b1,1,9.29,47.68,51.53,31.03,32.76,0,1
313a7548b23b5b8f,1,9.21,47.86,51.44,30.05,33.32,0,1
8a808765078856bf,1,9.07,48.42,51.03,30.5,33.11,0,1
2dd890fcd27352c5,1,8.96,48.99,50.03,19.07,20.51,0,1
3dd0dfc88c6a5de8,1,8.85,47.58,47.6,10.0,10.13,0,1
f470121c6add5665,1,8.63,37.31,38.64,4.99,5.01,0,1
ea38508ef0de57c3,1,0.46,15.8,18.71,9.73,9.87,0,0
5503e65e815a58c7,1,0.47,15.74,18.74,9.65,9.81,0,0
b58f2b3b894a58bb,1,0.76,16.44,20.11,12.13,12.59,0,0
7aeb6cedbf4353ef,1,1.29,17.39,22.54,14.21,15.85,0,0
b867b28707205c0b,1,1.97,17.86,25.56,14.09,15.89,0,0
a67c6744e6c45edb,1,2.73,17.66,28.91,14.52,17.74,0,0
7bbb4260e163517f,1,3.53,18.35,32.83,14.55,18.86,0,0
89fcf773eb5d514e,1,4.36,21.7,37.02,16.21,22.02,0,0
5c883441084d58d7,1,5.34,18.2,21.1,10.27,11.26,0,0
8954aa7e05085876,1,7.45,47.65,48.71,35.68,36.5,0,1
71dedbc865b25faf,1,7.84,49.43,49.74,35.03,35.32,0,1
d0d94d5dca655084,1,8.18,50.53,50.67,33.02,33.16,0,1
a5725e330a565f84,1,8.4,51.16,51.2,32.39,32.43,0,1
fe5bd33f199d5a64,1,9.18,52.89,52.9,33.73,33.75,0,1
426cc213a80352f9,1,9.22,52.97,52.99,36.51,36.53,0,1
55d102de4d6150f8,1,9.28,53.07,53.08,34.25,34.27,0,1
4c24c3efe0e4519d,1,6.51,45.46,45.98,27.29,27.51,0,1
c665621fe4e455cb,1,0.01,16.52,16.79,5.46,5.51,0,0
decc2e4c0f445afc,1,0.04,16.29,16.57,7.67,7.76,0,0
95733bb0b55e5d5f,1,0.19,16.36,16.63,7.63,7.71,0,0
f2fdedb5a4ba5c4c,1,0.67,17.97,18.21,9.1,9.19,0,0
7e7480ffa3aa55a4,1,1.31,21.54,21.7,12.53,12.66,0,0
28b94453e1cd578f,1,1.95,24.43,24.51,12.51,12.58,0,0
d98a25449e205e55,1,2.53,27.13,27.15,13.73,13.81,0,0
fa919203c245502d,1,3.86,6.69,6.81,3.68,3.68,0,0
6b97412307ad5c16,1,3.07,5.13,5.3,2.6,2.6,0,0
9b7ffde4ab9c53a5,1,2.35,3.84,3.86,1.55,1.55,0,0
1dbaa3f0d0345e61,1,1.68,2.95,2.97,0.84,0.84,0,0
eed4abcb01455af9,1,0.03,8.85,8.99,12.23,12.23,0,0
db5d96563dcb5427,1,0.04,12.32,12.33,12.11,12.11,0,0
43c9ac6f2bf95da0,1,0.43,15.45,15.46,14.6,14.6,0,0
1550976459b45017,1,1.23,19.5,19.53,16.88,16.88,0,0
c844ccab55295a05,1,2.14,24.19,24.24,22.22,22.22,0,0
79e7ccb136775266,1,8.25,31.4,37.89,18.11,18.11,0,0
2aa414aa9a9057fb,1,8.12,27.29,44.86,25.23,25.46,0,0
b96dd2fae674571c,1,7.96,23.41,45.24,20.36,22.51,0,0
2462c21ce2bb5f2d,1,7.22,22.94,43.44,17.69,25.14,0,0
05987b88b7be5bea,1,7.09,13.18,14.43,19.47,27.04,0,0
9696c1f82bc05ffc,1,8.09,50.54,50.55,9.41,9.41,0,1
a8455a10df085d45,1,0.69,16.59,19.79,8.04,8.09,0,0
70e6b8db27e55b53,1,0.79,10.17,11.52,13.35,13.37,0,0
6b50fb6bf8265936,1,5.88,43.78,44.41,27.53,27.88,0,1
9630074ccab7581e,1,6.4,45.75,45.89,29.63,29.72,0,1
d3dcb57d3c385f19,1,1.23,22.29,22.33,7.12,7.13,0,0
55204d7112015beb,1,0.9,20.65,20.7,9.58,9.59,0,0
6cd97f45067e5bea,1,0.9,20.66,20.71,11.92,11.92,0,0
4d7462e08df954a1,1,1.27,22.49,22.53,16.03,16.03,0,0
d96d1690e3c05f36,1,1.99,26.06,26.11,19.51,19.52,0,0
6d088615a8c05649,1,3.03,29.2,29.21,13.77,13.83,0,0
712427ff1635596c,1,3.61,25.73,28.7,6.03,6.03,0,0
fe9e76e6cac35fba,1,3.14,23.62,27.12,3.67,3.67,0,0
6f8c03f8038757cc,1,2.64,21.78,25.51,3.71,3.71,0,0
823f87e2960853d9,1,0.71,14.79,14.98,0.54,0.54,0,0
6da3bcc544be52d3,1,0.3,15.65,16.03,3.43,3.43,0,0
a04f86a92daf50ba,1,0.11,16.09,16.59,5.1,5.1,0,0
837ce609a8ec58e9,1,0.04,15.78,16.62,9.64,9.64,0,0
465e7357a8965dcd,1,6.18,35.46,43.67,21.93,25.28,0,1
a96c1b6145ca513e,1,6.17,38.62,43.86,23.21,25.8,0,1
216b31d31f085114,1,3.3,32.19,32.58,21.03,21.15,0,1
d1408323ef2357be,1,3.67,33.67,34.29,18.08,18.22,0,1
87a12c9888c75e21,1,4.06,35.15,36.04,22.2,22.5,0,1
75f8f9a90db75078,1,4.49,37.46,37.99,22.05,22.29,0,1
e5c858ae96265d95,1,4.91,39.53,39.83,24.26,24.41,0,1
3f1152860b695e59,1,5.34,41.6,41.64,23.35,23.4,0,1
a62cc53f0187532a,1,4.08,7.96,8.05,7.43,7.43,0,0
a3c54d0e80375911,1,2.0,2.27,2.27,1.24,1.24,0,0
2f2caab982ad5739,1,1.34,1.5,1.5,0.57,0.57,0,0
0c330f8c6d6658ee,1,0.88,18.3,19.89,12.57,12.8,0,0
00f49d71f0eb507b,1,0.0,13.02,16.56,7.88,8.87,0,0
ff14af5a86c55674,1,0.04,13.53,17.48,8.12,9.18,0,0
b15b2d36b1ea51cc,1,0.11,13.89,17.95,8.25,9.38,0,0
f8bec974b86952e9,1,0.61,15.05,19.22,12.1,14.75,0,0
0d8610ae20005e45,1,5.1,27.37,40.67,16.97,21.7,0,0
bc85f0c7a2305ef5,1,5.76,34.36,43.66,20.21,23.75,0,1
932938d86cfc5d6f,1,6.39,40.34,46.06,27.03,30.72,0,1
dd6f3d80501c5026,1,6.98,44.72,47.87,13.46,13.98,0,1
50613cf56a8d5a38,1,7.5,47.98,49.23,31.91,32.63,0,1
4909b88b347c5764,1,8.0,43.45,43.65,35.14,35.27,0,1
0b046094d70257ed,1,8.42,43.93,44.02,36.7,36.74,0,1
a9fb1181686753ec,1,8.82,52.05,52.1,34.79,34.83,0,1
3f265d778b65596b,1,8.48,24.33,24.39,12.69,12.69,0,0
4fc373052fb55899,1,8.33,28.0,30.65,4.78,4.78,0,0
7c04e29efc0c5e46,1,8.13,17.28,17.41,4.91,4.91,0,0
92778c3bfcda566d,1,7.9,13.52,13.62,14.66,15.05,0,0
790a5a0973815ab3,1,5.23,36.1,39.83,23.05,24.06,0,1
f8c4bf250c1c512c,1,5.52,40.42,41.18,24.77,24.94,0,1
0d6296a5295a5835,1,7.52,46.69,46.89,27.84,27.84,0,1
40ce7057faae541e,1,7.85,47.21,47.44,30.16,30.17,0,1
84fc6d5788a95edd,1,7.31,51.2,51.25,12.09,12.45,0,1
467879c3d37054f5,1,7.78,52.5,53.26,31.22,31.23,0,1
b81d52bf71365207,1,7.91,52.18,53.85,32.36,32.62,0,1
b1c410cdd06b5bb4,1,8.05,52.13,54.52,29.18,29.64,0,1
fcb157cfb7785486,1,8.15,52.41,55.16,28.98,29.65,0,1
4826c59b43f6568a,1,8.26,53.42,55.88,34.69,35.72,0,1
f17ee11904385731,1,8.42,54.87,56.78,34.29,35.08,0,1
6b96870196f95d29,1,8.61,56.52,57.71,34.87,35.38,0,1
42629decf8ad5328,1,8.71,16.97,16.97,27.57,27.58,0,0
230ab732c0d65fb3,1,8.52,13.18,13.18,24.95,24.97,0,0
ea85208e83eb57b6,1,8.14,11.47,11.5,25.42,25.83,0,0
68513836ad24543b,1,7.46,9.68,9.72,21.18,21.46,0,0
4c5164f4b17d5581,1,6.61,7.63,7.69,19.18,20.48,0,0
1e4df42d4cea5416,1,5.64,5.59,5.68,17.06,18.45,0,0
cdab92d3f2d955db,1,0.04,8.36,9.45,4.27,4.28,0,0
1586b456d978588f,1,0.27,8.89,9.59,6.99,7.34,0,0
75bf56ae8b9d5673,1,9.12,52.58,52.66,12.88,12.88,0,1
5d3573d6da7952d3,1,10.77,54.9,55.01,8.16,8.16,0,1
c65181647b3b5092,1,10.66,54.83,54.89,8.03,8.03,0,1
a549496e4b835d1b,1,10.55,54.74,54.76,40.31,40.34,0,1
f860c4879d1c5996,1,10.48,54.67,54.68,39.97,40.0,0,1
e009079e2dc25bbf,1,10.41,54.57,54.59,40.18,40.21,0,1
ccb49e301e40523f,1,10.36,54.51,54.52,40.17,40.19,0,1
c4d87486264d508a,1,10.29,54.4,54.41,36.19,36.25,0,1
c0deb9fb709b5a64,1,5.67,29.66,40.77,4.18,4.26,0,0
b8b9e355618b58cd,1,0.02,17.65,18.12,5.64,5.65,0,0
ad7d51bd1b7055ca,1,0.06,17.77,18.24,8.63,8.64,0,0
a2839b1b4f0352e4,1,0.4,18.39,18.82,8.58,8.59,0,0
953b60711663549b,1,0.96,21.01,21.31,9.83,9.84,0,0
d7d752a4a8b95a59,1,1.56,24.1,24.26,10.01,10.02,0,0
82e6bac5509d5471,1,2.11,26.91,26.96,13.02,13.02,0,0
8799520f3ff95bfc,1,1.23,14.67,19.19,8.93,9.01,0,0
d0672a5ab71d59fb,1,0.56,9.29,9.3,7.6,7.6,0,0
aed9613a27115d52,1,1.06,11.73,11.74,10.66,10.67,0,0
7780e502545a5df7,1,4.32,22.3,22.31,11.27,11.27,0,0
17de441a1185528d,1,4.27,20.82,20.83,11.13,11.13,0,0
1fc48e89034758e7,1,4.0,18.94,18.96,8.07,8.07,0,0
1223890860725b50,1,3.66,17.06,17.08,7.94,7.94,0,0
958677976f9c5b0a,1,3.31,15.13,15.13,6.77,6.77,0,0
9963c72e34ae5101,1,2.96,13.49,13.51,5.65,5.65,0,0
c9b41d0b992158c6,1,2.75,9.41,26.05,10.58,14.48,0,0
90482225be14588c,1,3.42,11.11,29.84,10.43,16.44,0,0
3bd2edbc70605e87,1,4.05,16.18,33.51,12.36,18.33,0,0
61d71be9811b5554,1,4.69,23.39,37.02,13.02,15.88,0,0
9ab8b2e7de985004,1,5.35,31.3,40.24,10.69,11.72,0,0
1039e136e6605cfb,1,6.02,38.12,43.18,14.64,15.87,0,1
ef7fb2d0c7bf52a4,1,6.57,42.34,45.55,28.58,30.09,0,1
d45dddb7bbfe5914,1,7.04,45.56,47.45,33.24,34.31,0,1
b94c811448e75d1c,1,0.42,16.01,17.68,14.47,14.47,0,0
1175b3b9d27252ef,1,1.29,17.03,20.72,18.63,18.63,0,0
36ee69ae43b85587,1,2.28,16.72,24.01,20.0,20.0,0,0
c23c39c3fedd5bfa,1,3.24,16.7,27.98,16.16,20.34,0,0
a73ba1e90a735dad,1,4.18,18.2,32.47,18.0,23.97,0,0
cc9f9924e6f25e64,1,4.98,21.58,36.56,19.42,25.76,0,0
674ebcb39a4d528f,1,5.56,26.36,39.73,20.62,26.12,0,0
0f3edc5110485b13,1,5.95,31.1,42.03,21.62,26.88,0,0
ea3b45489faf5c70,1,0.87,12.18,17.08,7.72,7.97,0,0
abcbb3c7020550c5,1,1.11,12.81,19.07,8.86,9.61,0,0
b8e377d0f7b95014,1,1.76,14.44,22.56,8.65,9.54,0,0
be709e9a5d085f75,1,2.42,17.19,25.26,6.16,6.43,0,0
c82bebed0dac5691,1,2.9,17.63,24.47,14.38,17.73,0,0
595909c413ac56dd,1,3.72,20.05,20.78,4.49,4.52,0,0
d84b338d48335e67,1,4.31,28.08,33.26,11.37,11.37,0,0
1f7fe5fcd7965b1c,1,4.62,24.94,34.76,17.93,19.02,0,0
52f0b8a2023656cf,1,7.53,48.0,48.99,29.47,29.86,0,1
1b301e5f9ede59d7,1,7.87,49.36,49.92,32.08,32.42,0,1
9de4d5414a4a50c4,1,8.12,50.18,50.42,34.35,34.69,0,1
c40ede27ed35520b,1,8.28,50.65,50.74,34.32,34.57,0,1
e742fc9deaac5321,1,8.43,51.01,51.01,32.21,32.33,0,1
1fe885bcdf8d53de,1,8.55,51.16,51.26,9.55,9.57,0,1
985af967de8f5f3f,1,8.79,51.15,51.75,31.39,31.44,0,1
589acfd69c38539a,1,8.85,51.08,51.92,33.4,33.61,0,1
f28cb1d6c0cf568f,1,9.31,53.11,53.13,33.72,33.74,0,1
ac140df715d5573b,1,9.31,53.11,53.14,33.81,33.83,0,1
c21ec33e15b458a1,1,9.28,53.05,53.09,33.89,33.91,0,1
ee0e03f19a735d67,1,9.2,52.9,52.93,33.75,33.77,0,1
6268acf58d415ae8,1,9.05,52.43,52.5,30.59,30.61,0,1
1a775d7198a654e0,1,8.89,50.77,51.18,30.54,30.55,0,1
b60f0f172ace5051,1,8.72,46.75,47.9,27.85,27.86,0,1
055417b420d5598f,1,8.56,42.32,44.64,28.53,28.55,0,1
a4f48656cf78572a,1,2.4,25.75,25.81,12.39,12.41,0,0
51a80bf5fd575fa2,1,4.11,34.78,36.3,19.24,19.45,0,1
ffe848c5ab4e5b30,1,4.53,37.21,38.15,21.26,21.53,0,1
c099ebaef4c251d6,1,6.49,45.75,45.89,27.79,27.81,0,1
9bd3994107ba52bc,1,6.72,46.47,46.66,28.49,28.53,0,1
bf4fdfa51e215217,1,6.89,46.96,47.21,28.4,28.46,0,1
3493d0184aea5ee8,1,7.06,47.45,47.74,29.56,29.65,0,1
48e14ad3c65c5156,1,7.31,48.19,48.5,29.63,29.72,0,1
d6a60e406ebc5b01,1,9.27,42.27,42.41,27.65,27.66,0,1
39d78cc469d65bf8,1,9.12,40.4,40.53,26.7,26.72,0,1
d70c87fa9c59524a,1,8.91,38.99,39.02,24.03,24.05,0,1
667fff5344295416,1,8.59,37.1,37.11,21.68,21.69,0,1
ea1302023ad258ff,1,6.11,15.57,32.27,23.9,23.93,0,0
ca4f746c0a4f5396,1,5.97,17.78,35.78,16.25,22.28,0,0
693ca321449e5a83,1,5.86,20.44,36.81,16.61,22.34,0,0
67f7d1c129be5c4b,1,5.76,25.54,40.53,17.48,22.78,0,0
43f586c2ca4b5929,1,5.51,42.18,42.25,18.13,18.15,0,1
cdc9eb7c7ddb5b08,1,0.53,18.79,18.84,8.34,8.34,0,0
4b6430ca30c45a3c,1,0.26,18.22,18.27,10.47,10.47,0,0
873568760d365a73,1,0.33,18.32,18.37,12.39,12.4,0,0
3b2fc0d01dbc50ce,1,0.83,20.31,20.36,16.71,16.71,0,0
25b5cecdb3b75e7c,1,1.57,23.97,24.01,18.29,18.3,0,0
ec611f7d00d85b31,1,2.4,28.1,28.13,21.02,21.03,0,0
19e90f2757b25f38,1,6.55,34.43,34.44,15.85,15.85,0,1
27bcec96f13c5426,1,4.66,12.46,12.46,10.9,10.9,0,0
963d98eaf75259f6,1,4.32,10.47,10.47,8.92,8.93,0,0
4e2cc4b2c43055fe,1,1.1,10.21,19.62,5.01,5.07,0,0
89e02236312d5038,1,3.49,14.03,16.56,20.87,22.84,0,0
f9b3a9c625905d77,1,4.19,33.68,36.06,23.99,24.74,0,1
8135a67aa74e586c,1,10.09,45.87,45.89,33.99,34.0,0,1
fdf7643412e85c31,1,9.99,40.26,40.27,31.34,31.35,0,1
7e1cc7d77132505a,1,9.84,35.36,35.37,29.52,29.52,0,1
1c64f911576a502d,1,0.78,9.47,10.28,7.61,7.71,0,0
f7544894729252f5,1,0.61,13.85,17.92,7.91,8.23,0,0
85406e57732a5121,1,0.81,13.63,18.67,11.3,12.64,0,0
38aff0f1a2f357f6,1,1.43,13.03,20.89,12.33,15.1,0,0
043839beb58a5dad,1,2.24,12.37,24.38,12.18,15.25,0,0
4bb2fc18f5ee5dcb,1,3.06,12.75,28.57,12.47,16.59,0,0
d3afcd1be60851a9,1,3.88,15.19,33.06,13.19,16.82,0,0
cc3ebf79ba985643,1,4.51,19.22,34.63,10.11,10.42,0,0
b60ecc0b221751d7,1,0.5,0.09,0.1,13.26,13.45,0,0
4d8baa6e638f5cfb,1,1.38,0.41,0.41,15.68,16.23,0,0
3c114912e4cf590c,1,4.71,16.55,20.88,7.3,7.78,0,0
9fc65b945c175ebb,1,5.03,23.52,29.53,10.16,11.26,0,0
7e5925fce8df5e44,1,5.34,18.75,21.27,10.4,11.12,0,0
87d1648c9e27512b,1,5.66,37.84,41.6,22.55,24.31,0,1
a452d968db965d77,1,5.99,41.82,43.59,26.67,27.61,0,1
e6b7dddf4ae95fea,1,6.36,44.82,45.53,28.39,28.7,0,1
a7a0fe1f804c5fa5,1,9.46,31.26,31.28,26.75,26.75,0,0
80a22559c9565d0a,1,8.96,27.16,27.16,24.46,24.46,0,0
77e18238b9d55c97,1,8.37,23.42,23.42,18.9,18.9,0,0
2567ec8e92d05eb6,1,7.74,19.69,19.69,16.89,16.9,0,0
21bc638f113e5f63,1,7.08,16.64,16.65,14.34,14.34,0,0
5027a61161365407,1,6.31,13.56,13.58,11.22,11.22,0,0
1e80c5febdd25875,1,5.48,10.89,10.92,9.09,9.1,0,0
cd828def214c571e,1,4.67,8.65,8.74,5.81,5.81,0,0
8043aa566aa45878,1,5.79,41.07,43.29,24.57,25.62,0,1
923b8c36b7995ade,1,6.03,43.37,44.26,25.26,25.64,0,1
9587d6ea0a8e518f,1,6.32,45.02,45.3,27.64,27.77,0,1
cd0a001eb97a5c88,1,2.14,26.8,26.8,6.84,6.85,0,0
d9d78961c83a5acb,1,1.51,23.7,23.7,9.22,9.22,0,0
255c8b9b215458f9,1,1.17,22.03,22.03,11.4,11.4,0,0
88518b03093d5036,1,1.2,22.17,22.17,14.26,14.26,0,0
bce567be125d523e,1,1.63,24.29,24.29,18.61,18.61,0,0
f6b9867069845fd2,1,6.0,37.28,37.28,13.71,13.71,0,1
9a4e8cacd6095527,1,1.18,18.63,18.65,7.07,7.07,0,0
bef85b7ac1dc5207,1,0.73,17.78,17.79,9.62,9.62,0,0
d1fdb156118a52ae,1,0.64,18.7,18.74,9.93,9.93,0,0
9e1a8204e14e56e1,1,0.9,19.95,19.97,14.04,14.04,0,0
66c2b2bf35745563,1,1.51,22.87,22.9,15.52,15.53,0,0
a08215e27d775f96,1,4.53,32.6,32.97,22.39,22.59,0,1
33bae177e9c75992,1,5.16,33.89,34.19,22.42,22.58,0,1
572e6c81e32958f2,1,1.95,14.97,20.28,2.15,2.15,0,0
3baa70a146f055d2,1,1.65,14.41,19.43,6.91,6.91,0,0
67a6bdeb096350ec,1,1.7,13.45,19.32,11.24,11.91,0,0
0f8e3ba3d90958d1,1,2.15,12.06,20.43,16.99,16.99,0,0
4ee4ab24a93f5375,1,2.79,10.69,23.35,11.73,12.98,0,0
508511fd38a15d52,1,3.96,11.7,17.17,16.11,16.45,0,0
b5bdef8a05605164,1,5.58,41.88,42.56,28.44,28.79,0,1
c240593c969a5cfc,1,0.06,0.01,0.04,9.0,9.02,0,0
bf0441f2960b5e17,1,7.62,49.07,49.4,29.56,29.68,0,1
96c4cb076c9954e6,1,7.94,50.15,50.42,34.87,35.03,0,1
0fa0e8a25eec5e1e,1,8.23,50.79,50.99,33.68,33.81,0,1
4cdd4e33b01a52a8,1,8.47,51.37,51.44,33.47,33.56,0,1
b4f6a0719d2a5670,1,8.71,51.94,51.97,36.62,36.68,0,1
4b22a759c31a52c5,1,8.94,52.45,52.45,33.03,33.05,0,1
c28b41c8410f5465,1,9.25,53.03,53.04,34.21,34.22,0,1
29ba983123655159,1,9.27,53.05,53.07,34.29,34.3,0,1
4f50d7c22352505e,1,2.76,7.14,7.16,5.09,5.09,0,0
f72d2f080fe35910,1,2.66,5.97,5.99,3.85,3.85,0,0
09a0456056555b0a,1,2.37,4.93,4.96,2.94,2.94,0,0
2360cd7b0fd85480,1,2.04,4.11,4.14,3.0,3.0,0,0
bcdaa4a47f925ebb,1,1.68,3.45,3.49,1.54,1.54,0,0
7dc47eb4f41e523d,1,1.18,2.9,2.95,0.68,0.69,0,0
c35f0df7bfdb5140,1,0.62,1.53,1.64,0.79,0.79,0,0
1766fa78fd10576e,1,0.7,1.21,1.34,0.71,0.72,0,0
75f36091b3ec57e5,1,8.07,50.38,50.53,33.41,33.42,0,1
8562e5f582e251cf,1,8.05,50.37,50.5,28.09,28.1,0,1
69938a4507ba5419,1,6.16,24.9,24.9,18.13,18.13,0,0
06091e78878d510e,1,6.03,22.54,22.54,17.9,17.9,0,0
3e941f8f03c1512d,1,5.87,20.12,20.12,15.72,15.72,0,0
e360cb69b8a55a47,1,5.52,17.64,17.64,13.95,13.95,0,0
aace7a7aeaf75f2c,1,5.16,15.32,15.32,12.03,12.03,0,0
c65a7b2b6f8c527e,1,4.78,13.0,13.0,10.05,10.05,0,0
396a8c19c4ac58f3,1,0.65,0.88,1.05,0.48,0.48,0,0
43311faf65e25505,1,0.54,0.65,0.87,0.37,0.38,0,0
dd282698a1cf543e,1,0.04,7.36,7.38,8.04,8.04,0,0
551867c095c35991,1,0.05,8.5,8.52,10.13,10.13,0,0
0777f5a7263758be,1,0.31,10.45,10.47,10.16,10.16,0,0
81e5ddc060675e0b,1,0.62,16.37,16.39,11.53,11.53,0,0
1139adeebbbe5d34,1,0.94,19.59,19.61,10.97,10.97,0,0
6b7e5348100b5572,1,1.45,22.49,22.5,17.88,17.88,0,0
21fb4d702ea85f63,1,6.65,28.17,28.18,17.03,17.03,0,0
51e74fb3d9945768,1,6.19,25.15,25.15,15.68,15.68,0,0
ae643fddc1195062,1,5.77,11.47,11.47,14.05,14.05,0,0
9bb8633f7c0157fb,1,5.37,17.74,17.74,12.01,12.02,0,0
93eb75a6d0fc5db4,1,4.9,13.53,13.53,9.72,9.73,0,0
bd77aab92bda5261,1,4.39,10.38,10.42,7.25,7.25,0,0
e43d7861387c59f2,1,3.84,7.98,8.04,5.67,5.67,0,0
90fa31af769c5e8d,1,3.37,6.71,6.71,4.44,4.44,0,0
43458f6eab155322,1,4.36,11.04,11.04,8.3,8.3,0,0
fa545b09688957b8,1,3.89,8.9,8.9,6.22,6.22,0,0
ba8dead3eb765a14,1,3.42,7.4,7.4,4.72,4.72,0,0
c8d4707fcc465f8b,1,2.99,6.01,6.13,3.51,3.51,0,0
d1b4625f7363548e,1,2.63,4.75,4.91,3.14,3.14,0,0
54d86279a0015154,1,2.27,3.64,3.65,2.12,2.12,0,0
c5d626fc4b6c5efb,1,1.89,2.67,2.68,1.39,1.39,0,0
69b32d0447ac5c28,1,1.53,1.87,1.89,0.89,0.89,0,0
29d075e26b5156fc,1,0.95,17.67,17.67,16.69,16.69,0,0
5b1a620dcd675298,1,1.6,20.89,20.89,18.57,18.57,0,0
1290e3066cbc5397,1,3.07,28.41,28.42,21.64,21.64,0,0
784ddfd058865dcb,1,6.83,21.09,32.41,20.54,22.86,0,0
9551ef5e14315cc0,1,6.77,18.8,26.86,17.73,20.03,0,0
2b052ebbd7ec543b,1,7.02,17.23,27.09,15.44,15.61,0,0
66ccc68c8f755683,1,7.2,15.99,19.87,13.72,16.89,0,0
42a20478abeb54d5,1,7.13,12.46,12.59,4.06,4.1,0,0
baa0c0c3397d5ed5,1,9.26,53.03,53.05,36.55,36.57,0,1
5a907598a1985222,1,9.21,52.94,52.95,36.2,36.23,0,1
ee95e29e1aec53e1,1,9.12,52.78,52.8,32.85,32.89,0,1
9b2878b173fc5b04,1,9.1,52.73,52.76,36.53,36.59,0,1
efbfc794e30f528f,1,9.09,52.71,52.74,32.9,32.94,0,1
0bbfb35740e25929,1,9.16,52.83,52.86,36.55,36.59,0,1
ba9ec722d0e05e2c,1,9.25,53.0,53.03,36.7,36.74,0,1
62d4c8dfdef65bc5,1,9.3,53.09,53.11,32.59,32.61,0,1
e8e01645fcde5b8e,1,2.98,5.39,5.49,3.27,3.27,0,0
daa09f8522125950,1,2.59,4.11,4.11,2.51,2.51,0,0
a4525819e5c25936,1,2.17,3.06,3.06,1.82,1.82,0,0
73aaa82bd3bb596c,1,1.76,2.16,2.16,1.0,1.01,0,0
86018dbae1485c1c,1,1.3,1.43,1.44,0.63,0.63,0,0
50142143082f5c0e,1,0.8,0.96,0.97,0.18,0.19,0,0
85ab290d4e535060,1,0.06,10.99,10.99,10.3,10.3,0,0
51586a8c23a4569a,1,0.43,14.06,14.07,12.73,12.73,0,0
2a484ffd16785a64,1,5.46,34.57,34.76,22.91,23.01,0,1
10909749099354e6,1,3.0,31.03,31.04,4.57,4.58,0,0
7dda9e548f79596b,1,0.0,10.47,10.47,9.61,9.62,0,0
f24e615d71a155ae,1,0.02,16.38,16.38,9.85,9.85,0,0
62bae469f29c5ecb,1,0.05,17.78,17.78,9.57,9.57,0,0
8df6c22946e5526d,1,0.55,18.9,18.9,14.43,14.43,0,0
6419172479825092,1,1.41,23.21,23.21,17.81,17.82,0,0
bf2c48523de254ea,1,2.35,27.84,27.84,17.02,17.02,0,0
5f09264f730f5366,1,0.82,18.47,18.48,14.29,14.29,0,0
5233faf7f9935f97,1,1.36,20.06,20.07,13.9,13.9,0,0
01314f10793f5ad7,1,2.0,21.56,21.56,15.12,15.12,0,0
c9c7f9354f935514,1,3.39,13.92,13.92,9.86,9.86,0,0
6e0a467af0205f04,1,3.21,12.53,12.54,8.21,8.21,0,0
148188e5281e53cd,1,3.07,11.14,11.15,8.0,8.0,0,0
9dfb79c738b155b4,1,2.93,9.85,9.86,6.7,6.7,0,0
65871def84015af2,1,2.84,8.53,8.54,6.44,6.44,0,0
7aed9edff97256c0,1,7.14,43.54,47.5,30.72,32.79,0,1
e631898f3f38551c,1,7.5,46.62,48.65,31.47,32.55,0,1
a8d4a3fc503c5f83,1,7.95,48.79,49.89,34.29,35.11,0,1
bf23bdc36a8050f5,1,8.4,50.46,50.82,36.41,36.92,0,1
d870256a3b185659,1,8.75,51.49,51.57,34.94,35.14,0,1
4c9e695fc66c583a,1,8.97,51.89,51.89,34.52,34.57,0,1
78cfb731b49c5aed,1,8.97,51.64,51.78,32.08,32.08,0,1
f1bd1724d07957cc,1,8.87,31.74,31.79,33.45,33.48,0,0
c41d82a41da35d8d,1,8.74,50.77,51.41,31.33,31.39,0,1
3b36add3be02517e,1,8.59,50.36,51.13,31.09,31.24,0,1
1677503060a95d4a,1,8.48,50.08,50.9,30.76,30.96,0,1
d151cc1bccd958d3,1,8.39,50.05,50.71,30.87,31.05,0,1
15dd65ee730d54d4,1,8.33,50.15,50.61,31.35,31.49,0,1
967b41c4778d5aac,1,7.95,41.19,41.22,27.66,27.67,0,1
c672b42254b3556d,1,0.78,18.56,18.57,9.7,9.7,0,0
350a93fe67645bf1,1,0.66,18.02,18.03,9.66,9.66,0,0
36c6d1ea21015e5f,1,8.39,38.46,39.89,9.63,9.63,0,1
2d0517c112625a09,1,8.2,33.31,33.67,28.44,28.49,0,1
7af0e9b8a12056e8,1,8.07,30.67,31.8,21.46,21.64,0,0
75b6813b1f4556ce,1,7.95,24.23,24.5,19.31,19.52,0,0
d743862c9c555961,1,7.74,22.67,23.49,16.76,16.9,0,0
eb1315c4860c5189,1,4.93,21.96,21.98,6.2,8.9,0,0
a18d2b32f8415373,1,1.61,14.6,21.04,0.93,0.93,0,0
a2e0d4dc100159a5,1,0.98,13.36,17.53,7.85,8.1,0,0
bc1a3b9fa4ca5000,1,2.34,27.78,27.78,20.72,20.72,0,0
7217a95078bf52f2,1,6.04,44.03,44.36,24.19,24.24,0,1
0f78a616bdcd55ab,1,5.97,43.69,44.11,24.05,24.12,0,1
213c18fea71457d2,1,5.91,43.48,43.85,23.66,23.73,0,1
0efc84a20a7d5b07,1,5.83,43.05,43.59,6.06,8.83,0,1
082381ecf93c57d6,1,5.72,42.72,43.2,19.75,19.81,0,1
fb26a29303d1507e,1,0.0,17.61,17.83,5.47,5.54,0,0
3632fd6cd4295719,1,0.01,17.65,17.87,6.83,6.94,0,0
84a6ca68a66e536a,1,1.13,1.25,1.29,0.45,0.45,0,0
700cac410af95cc4,1,0.7,0.86,0.92,0.21,0.21,0,0
387bb49da88353dc,1,0.01,9.31,9.34,10.3,10.3,0,0
f9bd532e790f53ea,1,0.02,14.02,14.04,10.19,10.19,0,0
0b4a7c2ba59e5a8c,1,0.07,16.42,16.44,10.23,10.23,0,0
b2eba34ff4c359cc,1,0.42,14.9,14.91,12.06,12.06,0,0
e801c47d97b95978,1,0.93,14.95,14.95,13.93,13.93,0,0
d33c6db306f35ef9,1,0.88,0.2,0.44,13.65,13.65,0,0
e1e4717862d25d42,1,4.99,23.32,36.19,17.45,20.88,0,0
956bda5985a559f1,1,5.33,23.89,38.02,19.31,24.92,0,0
75ffe77189e95d43,1,5.46,25.28,39.24,19.47,25.12,0,0
fe8eddd5ec8654cd,1,5.49,27.17,40.1,19.67,25.15,0,0
50833a9c9b265db8,1,5.5,29.77,40.81,6.26,9.08,0,0
1b5a55897d2950f9,1,5.51,32.74,41.37,20.59,24.2,0,1
8239fb2f8d705dea,1,5.53,35.6,41.86,20.9,23.41,0,1
be63913f07ee5245,1,5.63,38.42,42.51,21.56,23.17,0,1
52fb49766a14554c,1,7.93,22.24,22.25,2.5,2.5,0,0
7767ce3fbd5f5f50,1,7.7,32.18,32.18,25.35,25.35,0,1
ef65f88fc1a55fdc,1,7.56,29.46,29.46,25.23,25.23,0,0
cc7afdc5a1e95b5a,1,7.43,29.93,29.93,21.05,21.06,0,0
4745746f9a555951,1,7.33,25.15,25.15,21.27,21.27,0,0
af064082155f5dc0,1,7.24,20.77,20.77,18.68,18.68,0,0
38d08753fa4651c2,1,7.14,17.63,17.63,15.1,15.11,0,0
d20a475e7b1956bf,1,6.96,13.43,13.46,13.2,13.21,0,0
562e11865ef75220,1,0.07,15.69,17.21,9.44,9.97,0,0
08b1894421c455ed,1,0.57,16.27,18.18,11.43,12.23,0,0
b1520b6af9705191,1,3.54,18.21,29.92,17.48,19.07,0,0
c6724cca6a1559a1,1,7.52,46.63,48.67,14.78,15.56,0,1
7155820d49975164,1,8.09,50.09,50.55,36.48,36.9,0,1
e85416da86d4567f,1,7.53,37.81,37.81,22.57,22.57,0,1
4668c53b54255008,1,7.36,34.73,34.73,20.93,20.93,0,1
49454db3d9ef54a1,1,7.07,31.41,31.41,18.95,18.95,0,0
fb8f21990ffb52d5,1,8.91,51.1,52.09,32.86,33.16,0,1
0df213c579225af6,1,8.98,51.49,52.32,33.61,33.89,0,1
27f3c1e778bf5748,1,9.06,51.9,52.56,36.43,36.68,0,1
4e1193a7697853ba,1,9.13,52.39,52.75,36.08,36.19,0,1
5b4cbfe57b9b524b,1,0.03,17.68,17.68,9.79,9.79,0,0
aff9661937e85b81,1,0.01,17.66,17.66,8.11,8.11,0,0
629ad0d696ed5a25,1,0.02,17.7,17.7,9.79,9.79,0,0
c9459a7641335bba,1,0.37,18.37,18.37,14.07,14.07,0,0
88454b0190ff551f,1,0.18,6.09,6.1,5.43,5.68,0,0
d58fe7e3c5575f27,1,0.64,6.71,6.71,13.86,13.86,0,0
b9d14f59883a5496,1,5.04,37.58,38.65,6.54,6.62,0,1
7777f9476f1e5bb0,1,5.22,37.45,37.84,12.3,12.46,0,1
02799c5e8bf35595,1,5.44,40.62,40.69,12.63,12.65,0,1
ee9a17a589805c85,1,5.78,42.51,42.53,12.64,12.65,0,1
ac328bbd087d5cf2,1,6.08,43.34,43.35,8.6,8.6,0,1
51e4c182629c50a7,1,4.99,29.66,30.07,13.28,13.28,0,0
f69367f756605199,1,1.12,21.78,21.78,16.31,16.31,0,0
948e3c9e26805b86,1,2.0,26.11,26.11,17.12,17.12,0,0
f6268af57ef35a2b,1,2.45,10.9,11.04,8.64,8.96,0,0
1c7bdbbc34c853bf,1,1.32,16.42,17.07,0.6,0.61,0,0
580a10ad9ad55a5d,1,0.0,14.03,14.68,0.25,0.25,0,0
bae779013dfe5537,1,0.02,14.03,14.67,0.34,0.34,0,0
63c1254fe8ef5145,1,0.05,8.84,9.17,0.52,0.52,0,0
b02bf210eda55579,1,1.69,10.45,10.52,10.32,10.41,0,0
1e6597b57a335949,1,0.67,19.49,19.52,14.0,14.0,0,0
44cc84f91c6b5bf5,1,1.57,23.95,23.98,19.9,19.92,0,0
826b4daba60a5648,1,0.0,17.74,17.99,0.46,0.47,0,0
17296f6032025ecc,1,0.02,17.8,18.04,0.52,0.52,0,0
80fb7c16b92856a3,1,0.18,18.18,18.41,0.81,0.82,0,0
7c541724eabb537a,1,0.73,19.94,20.1,6.05,8.8,0,0
bc2fe3314b345c63,1,1.48,23.75,23.79,11.28,11.36,0,0
a294ae1045875e02,1,2.22,27.39,27.4,10.8,10.88,0,0
d4d21ecb8e4058e8,1,0.04,7.03,7.05,3.14,3.14,0,0
9861c0473b505895,1,0.17,7.22,7.23,2.9,2.9,0,0
78e3ba9d36dc59a0,1,0.25,11.22,11.33,2.86,2.86,0,0
77c3cf2f4a1a5f31,1,0.27,12.97,13.82,2.92,2.92,0,0
5667135252dd528a,1,0.36,12.91,13.78,4.78,4.78,0,0
81a726148d245594,1,0.73,13.44,14.07,13.6,13.6,0,0
1ce94ab175d8507a,1,1.48,14.74,18.71,18.19,18.21,0,0
9a5799ace9455841,1,6.33,28.11,28.16,24.46,24.51,0,0
822d92ab3f13502b,1,6.65,26.03,26.04,27.18,27.21,0,0
b9aa102f4d7b5751,1,6.17,19.13,19.13,15.82,15.82,0,0
b7ec6bbfa73a52e5,1,5.81,11.04,11.04,13.89,13.89,0,0
077c80ecaed0548f,1,1.11,19.87,19.93,5.56,5.56,0,0
c4e78f6c6fbc5ebe,1,0.93,19.11,19.17,7.68,7.68,0,0
d382617fe91a5c5d,1,0.95,20.75,20.75,13.91,13.92,0,0
814e85810b7757bb,1,1.21,19.92,19.93,14.14,14.15,0,0
fe3a1294722e5e1e,1,1.83,21.63,21.79,19.43,19.53,0,0
54bf100910bc5b10,1,2.09,26.14,26.16,20.22,20.22,0,0
6451d6a270c75f58,1,6.09,36.02,38.48,17.77,17.77,0,1
353a7c23eed25597,1,5.91,32.14,35.03,14.23,14.23,0,1
578a5ef598b9521f,1,5.68,28.77,30.13,14.1,14.1,0,0
17329d8654895534,1,5.29,21.96,22.19,10.35,10.35,0,0
a2047f9cb3865b75,1,1.55,13.42,21.24,8.97,9.36,0,0
005f87dd980253a5,1,1.28,12.81,20.26,8.94,9.51,0,0
ea8ce810e307587d,1,1.18,12.35,19.93,8.81,9.53,0,0
ad898232cb525d5f,1,1.06,13.5,13.62,6.88,6.88,0,0
c7215f0ccee350f8,1,1.21,11.05,11.08,6.76,6.76,0,0
3eaf6c916382509b,1,1.33,15.07,15.34,6.65,6.65,0,0
0d77009a20f25175,1,1.45,15.85,16.65,6.7,6.7,0,0
961138ed0ca9525b,1,1.55,16.05,17.96,7.04,7.05,0,0
b8bd18a1ccf45918,1,1.64,14.45,17.74,7.18,7.19,0,0
a3d10c0a5a835300,1,0.0,15.58,17.04,5.71,5.75,0,0
5239e2cfe006568b,1,0.0,15.59,17.05,9.42,9.97,0,0
ac5bcee811565a00,1,2.19,11.65,20.76,11.28,14.82,0,0
de64687e89f25285,1,5.7,42.69,43.43,12.54,12.74,0,1
95fa228136aa55d1,1,6.03,43.96,44.15,16.17,16.25,0,1
4384cab8593f505e,1,6.33,45.24,45.25,27.35,27.38,0,1
c30bc48417bf5354,1,6.86,46.94,46.94,29.09,29.1,0,1
6b6afd7690245e14,1,7.16,47.82,47.82,28.6,28.62,0,1
f8ec4186e4f15c8f,1,0.07,3.55,3.55,5.32,5.32,0,0
820e9a9314405b62,1,0.33,3.44,3.45,8.75,8.75,0,0
c64ddb8e7b675aa3,1,0.02,17.67,17.89,5.48,5.55,0,0
50dac69523a15131,1,0.25,18.17,18.39,9.5,9.64,0,0
eefe691a7cbb55c8,1,0.93,20.8,20.97,13.24,13.39,0,0
1961d1075a085a1d,1,1.76,25.0,25.09,17.58,17.74,0,0
1e858b49f4a95ee8,1,0.18,0.04,0.04,15.89,15.92,0,0
1fe5f6af95e15489,1,0.0,17.6,17.63,3.88,3.9,0,0
6a090fe8d71a5f38,1,0.02,17.66,17.69,5.37,5.4,0,0
ee88f3dfa73a5f65,1,0.1,17.86,17.89,11.25,11.25,0,0
77919997d5c352d8,1,10.01,36.72,36.74,31.57,31.58,0,1
d57d041213c554d3,1,9.87,33.23,33.23,33.18,33.22,0,1
3c7c1b09e9625732,1,8.68,35.89,35.92,25.76,25.77,0,1
0e7f7322726f5b86,1,8.52,32.09,32.1,24.88,24.88,0,1
7686d88b5ae4513e,1,8.43,28.35,28.35,24.0,24.0,0,0
58911c0c8e3f5906,1,8.34,24.82,24.82,18.58,18.58,0,0
f2033bf66332541b,1,8.22,20.65,20.68,17.33,17.33,0,0
d925879cb467504c,1,8.07,15.85,15.86,20.33,20.43,0,0
a4717050e0c05d1e,1,0.34,11.38,15.75,7.62,8.13,0,0
74308c04628b5879,1,0.63,10.11,16.93,14.02,14.02,0,0
4417a92b5b1956b8,1,1.12,9.8,15.42,13.85,13.85,0,0
81f1c631c7325b0f,1,1.65,10.52,15.94,5.21,5.43,0,0
c1e76b8992fa5182,1,6.82,44.41,44.58,12.96,12.97,0,1
3b10bf025bd65e4b,1,8.62,31.76,31.85,33.96,33.97,0,0
a5977f7fb4fd5386,1,8.52,28.56,28.66,34.02,34.02,0,0
4bbfb5ec60205e63,1,8.39,25.21,25.31,30.26,30.26,0,0
0bf961d076bc5a15,1,6.53,12.21,12.21,9.74,9.74,0,0
247ae110b0c454cb,1,5.98,8.3,8.34,3.99,3.99,0,0
3d34ef81b357566e,1,5.28,7.72,7.72,2.42,2.42,0,0
354ac12e8832565a,1,4.45,6.2,6.2,2.25,2.26,0,0
75811dfc02ce59f7,1,3.45,5.47,5.47,2.31,2.31,0,0
f5c9c516bf7a5ce8,1,1.69,9.0,9.0,3.99,3.99,0,0
a2b2c80a9db75f5f,1,1.69,7.15,7.15,1.02,1.02,0,0
e253ff0b4fd758cc,1,1.72,5.71,5.8,1.93,1.93,0,0
595596a88cce5c9d,1,1.39,12.22,20.92,10.42,12.23,0,0
a5b24b47fef85a1b,1,1.9,12.37,23.26,11.25,14.51,0,0
bf7e92340c6454a2,1,2.51,13.11,25.89,11.24,14.6,0,0
15f703b63e545d42,1,5.91,43.75,43.82,24.37,24.4,0,1
76e0272a57f55674,1,6.19,44.83,44.86,25.35,25.36,0,1
7cdcf11e211759cf,1,0.0,17.6,17.62,8.23,8.23,0,0
21d6b11a81755b6d,1,0.07,17.79,17.8,8.27,8.27,0,0
bca16f667139563e,1,0.27,17.38,17.38,7.98,7.98,0,0
45d77984273c5205,1,1.55,3.42,3.42,0.88,0.89,0,0
2f1653c3481b50f1,1,1.04,2.06,2.06,0.48,0.49,0,0
28a4a08f11a05407,1,1.21,10.55,10.59,7.11,7.11,0,0
32e5d7e804c65214,1,1.25,14.42,15.58,7.25,7.25,0,0
a899eed59bf85d84,1,1.16,14.3,16.72,8.73,8.73,0,0
7c8dfd86366157b2,1,1.07,13.76,17.01,11.21,11.21,0,0
36037c6abc0558dc,1,1.2,13.24,17.24,13.27,13.27,0,0
1c044069a36c5d4b,1,1.62,11.76,17.84,15.09,15.09,0,0
60a317c40ae656c0,1,7.93,12.19,12.37,20.25,20.59,0,0
da03ba74198a524b,1,7.78,10.22,10.57,23.04,23.06,0,0
d3d9e16508ae5756,1,7.63,40.98,41.23,22.85,22.89,0,1
1afdce6720e45022,1,7.51,39.21,39.51,21.03,21.1,0,1
9d1d720d0e2e511e,1,6.63,26.65,26.66,19.32,19.32,0,0
e132b016eee85b16,1,6.52,24.13,24.14,17.79,17.79,0,0
3a2875c07f035d2d,1,6.41,21.51,21.51,17.39,17.39,0,0
7b13f467f23c5a2b,1,6.31,18.87,18.87,17.26,17.26,0,0
9d74f6f9b0a25c90,1,6.14,16.05,16.06,13.81,13.81,0,0
34a2cb9790ae53f3,1,5.72,13.44,13.44,10.28,10.28,0,0
134221cd9f46577f,1,5.05,11.01,11.01,8.69,8.69,0,0
84aade0568085ba5,1,4.34,8.88,8.88,5.96,5.96,0,0
efb0bd5e26305e5b,1,3.62,7.03,7.04,4.6,4.6,0,0
238955ab60075940,1,2.91,5.58,5.62,3.3,3.3,0,0
cb10eedc602a59ab,1,2.18,4.4,4.42,1.64,1.64,0,0
55b7f0c50f4a5157,1,1.61,3.54,3.56,1.07,1.07,0,0
5445d4283a475bf6,1,12.35,69.93,70.03,39.11,39.11,1,1
f99992756cbb5adb,1,11.91,63.78,63.86,39.22,39.22,0,1
809107982e485725,1,11.4,57.88,57.95,34.19,34.19,0,1
37ebe75f19b1549a,1,10.87,53.26,53.32,31.18,31.18,0,1
b094018eef175a6b,1,10.31,49.35,49.39,30.9,30.9,0,1
6d2b59f78d995d9c,1,0.09,1.69,1.71,12.21,12.21,0,0
1371cce68aa95a4e,1,0.53,1.54,1.56,12.38,12.39,0,0
dfb58c90fd2e52fa,1,1.75,24.9,24.92,15.69,15.69,0,0
3acfdef9ef305e77,1,3.96,14.16,18.26,1.73,1.76,0,0
fee60d4bd08f550a,1,4.13,16.94,22.29,5.28,5.42,0,0
f3532c4c4ad95b27,1,4.4,20.39,26.84,3.89,3.97,0,0
05d6f076bdc855d1,1,4.7,23.41,29.12,13.42,14.68,0,0
10657b4beeeb5461,1,5.01,25.9,29.95,5.62,5.8,0,0
ab4015c25a66588a,1,5.31,28.89,31.23,19.55,21.07,0,0
71031bf46f1b5cb8,1,5.59,31.32,32.19,22.81,23.48,0,0
d14f03fdfc1d5d54,1,5.8,33.12,33.24,22.88,23.01,0,1
ee53e7213c995a0b,1,0.55,17.96,17.97,12.36,12.36,0,0
dd393ea6b72059c3,1,1.11,16.98,16.98,17.65,17.68,0,0
e95b2a30d9f456e2,1,4.05,21.27,21.37,27.91,28.17,0,0
fb73ca8c7d5f5d34,1,4.83,5.84,6.22,25.08,25.29,0,0
14c000d2a271534a,1,5.38,26.47,26.71,26.75,26.94,0,0
0abc30416c5a59cd,1,0.65,10.72,11.12,3.84,3.85,0,0
5f70e91ff9d250f5,1,0.36,12.11,13.44,4.02,4.03,0,0
3c93ac00b682563d,1,0.27,12.53,15.51,7.4,7.84,0,0
7d664c7260d45737,1,7.48,54.13,54.66,34.04,34.16,0,1
16a1dfd2dcae512b,1,7.97,54.38,54.99,37.3,37.46,0,1
334c241ababf57ae,1,8.58,56.87,57.62,37.35,37.52,0,1
61530f7ee9945c70,1,9.19,59.29,60.12,39.73,39.96,0,1
b5e2d8766c6d51b2,1,9.77,61.51,62.36,42.96,43.23,0,1
2ccb0b6871c9515c,1,10.29,63.45,64.24,43.01,43.26,0,1
059912706b0758dc,1,10.77,65.22,65.84,44.68,44.88,1,1
5f2fff93dc3356d6,1,11.22,66.76,67.19,44.86,45.01,1,1
89ad209b83755848,1,11.66,68.12,68.32,45.29,45.42,1,1
9a1762340f11542c,1,12.08,69.28,69.4,46.86,46.93,1,1
5c786c10eb7f57da,1,12.39,70.14,70.18,47.13,47.2,1,1
6fee6df4d64b5d9d,1,12.64,70.72,70.73,50.8,50.82,1,1
241098fe619c5de0,1,12.83,71.13,71.14,51.08,51.09,1,1
b814c5b773165d87,1,13.66,72.5,72.69,42.73,42.74,1,1
1935e5d682ff5981,1,13.23,71.78,71.88,42.1,42.11,1,1
ea1c363c888b59c7,1,12.78,70.88,70.98,42.22,42.23,1,1
1b18327179f15a8f,1,1.4,17.68,21.19,12.8,13.09,0,0
a61b9afbe5d857b1,1,2.06,17.47,23.64,12.62,13.05,0,0
6394162caa7c5821,1,2.58,17.01,25.82,10.65,10.83,0,0
8b3bd35b8b945918,1,3.05,16.79,28.2,13.36,15.05,0,0
9147a0ae2bf751c8,1,3.45,17.28,30.56,14.41,17.6,0,0
03aa8a0576a25b63,1,3.84,19.25,32.21,13.59,16.77,0,0
2f5ae1e4cf9d59fa,1,4.23,21.89,34.82,13.94,16.97,0,0
8f1247f8436c5208,1,7.0,55.53,55.97,34.89,34.96,0,1
60b2a90a21b15e4a,1,4.92,15.05,20.1,15.56,18.98,0,0
ec574c9ae43e56a9,1,4.93,14.79,20.16,14.41,17.95,0,0
c11b8e3e58e857f6,1,4.85,14.71,20.2,14.25,17.73,0,0
f1f233f26fcf590b,1,4.99,15.36,20.23,15.57,19.1,0,0
88207b881eb5573c,1,5.04,15.52,20.2,15.63,19.05,0,0
43493f9be4735732,1,5.12,15.69,20.19,9.88,10.5,0,0
ecc5d9051f445174,1,5.22,16.14,20.39,6.51,6.67,0,0
5b14b00087b051e3,1,5.32,16.79,20.69,14.56,16.76,0,0
7bea1ee3e6bc584d,1,1.16,2.9,2.92,0.78,0.79,0,0
1ce148cba6f35d51,1,0.83,2.44,2.46,0.41,0.42,0,0
91d22882380a5e4b,1,0.28,8.47,8.49,7.46,7.46,0,0
9149c990800952c0,1,0.85,11.08,11.1,7.74,7.74,0,0
e14f1ffbe6f856e8,1,4.56,23.02,23.98,10.53,10.53,0,0
c59ff27cf18056b4,1,4.54,22.15,24.13,3.69,3.69,0,0
22af89102e0650b7,1,4.47,20.39,23.13,3.66,3.66,0,0
8f5485a8338c5278,1,4.4,18.57,22.54,2.85,2.85,0,0
365c2516e26f5502,1,10.03,45.3,45.34,27.82,27.82,0,1
8199bcc7c60a521c,1,9.55,40.9,40.94,27.7,27.7,0,1
3a76a6ab17535552,1,9.23,38.88,38.92,27.78,27.78,0,1
4b3302a602155f76,1,8.93,38.04,38.07,26.15,26.15,0,1
233cd84fc1c35f3f,1,8.51,40.38,40.41,23.34,23.34,0,1
0603ebc3a71d59f5,1,8.15,38.47,38.47,23.45,23.45,0,1
2e194d0e7a675b51,1,7.82,36.3,36.3,22.83,22.83,0,1
c55ef877ea075993,1,7.43,33.82,33.83,20.88,20.88,0,1
ba62104a517e5a9b,1,7.2,28.59,28.86,28.58,28.64,0,0
b7620d238eaf5023,1,7.04,25.9,26.25,4.27,4.27,0,0
4ae996307c6d5733,1,6.9,43.74,44.93,21.43,21.5,0,1
45224683225b5617,1,6.8,40.97,42.4,20.75,20.8,0,1
30765e467f6c5947,1,6.05,13.67,13.68,13.76,13.76,0,0
07064359a6215354,1,5.41,10.88,10.88,9.72,9.72,0,0
038e954a77a95537,1,4.68,8.67,8.67,8.6,8.6,0,0
df36523fdaeb5882,1,3.93,6.84,6.95,6.43,6.43,0,0
6162cfa976a1521f,1,8.84,25.2,25.21,4.9,4.9,0,0
06836a56443a572c,1,9.31,21.53,21.53,4.84,4.84,0,0
53d3787367c75240,1,3.05,1.65,1.88,13.27,13.56,0,0
7b7ce3374d1e51dc,1,3.52,2.16,2.27,15.09,15.29,0,0
9b0b6d3472465b35,1,4.75,11.51,12.29,16.21,17.97,0,0
54d1762cf973535b,1,4.78,15.56,20.6,16.12,18.62,0,0
9fe281ced54b55b2,1,4.81,14.95,20.45,15.89,18.73,0,0
1a3c8066b86857b5,1,4.85,14.46,20.4,15.72,18.95,0,0
e5dc48dd83585491,1,8.84,58.58,58.6,33.87,33.88,0,1
96704b3a6c235f12,1,9.08,47.67,47.71,33.65,33.66,0,1
2d151a8187f050bf,1,9.22,45.87,45.9,36.96,36.97,0,1
0a571473239f5c89,1,9.46,51.27,51.29,30.33,30.34,0,1
c12d0bb341fc59c0,1,9.5,51.19,51.2,30.58,30.59,0,1
b8de09ba44a054df,1,9.55,50.98,50.98,30.84,30.84,0,1
6ce7347fb53b5d83,1,9.58,50.78,50.78,31.54,31.54,0,1
373abe824b3052a0,1,9.72,50.43,50.46,13.77,13.78,0,1
58ba738c8dd15d55,1,4.32,16.56,22.52,2.04,2.05,0,0
44f758bf2bee53ce,1,4.24,14.84,22.08,3.25,3.25,0,0
c3907cc0d2ed5600,1,4.3,13.46,20.59,2.28,2.28,0,0
2c29f40d1a1d5b28,1,4.39,13.67,21.05,2.33,2.33,0,0
4dd9d92ade255f95,1,7.16,38.6,38.61,28.58,28.58,0,1
f93a7b7a8fe95c6f,1,7.69,39.16,39.16,26.43,26.43,0,1
ea492662cb205db2,1,7.55,36.38,36.39,10.21,10.21,0,1
bddb70b4743352ce,1,7.42,31.26,31.43,28.11,28.12,0,0
ac6d9537bf315302,1,6.96,31.94,31.94,17.64,17.65,0,0
4f85a2301691525a,1,6.52,30.06,30.06,17.19,17.19,0,0
6a5b0bbd55395628,1,6.16,27.92,27.92,14.38,14.38,0,0
bda5925fd37a5818,1,5.73,25.54,25.54,14.2,14.2,0,0
bed4ec62805f5790,1,5.37,23.18,23.18,12.64,12.64,0,0
9d18c2e4a9c35be7,1,5.01,20.28,20.29,11.0,11.0,0,0
5a1f551705995574,1,4.72,17.91,17.92,8.91,8.91,0,0
32189cc0a3bf535a,1,4.34,14.84,14.87,6.37,6.37,0,0
8e711b3a85205804,1,9.76,50.51,50.55,10.8,10.8,0,1
689ed7a2ee4b583d,1,9.77,50.79,50.85,8.05,8.11,0,1
9a95d2419f1e592a,1,9.96,51.39,51.41,8.06,8.08,0,1
5f448f3d0f8c5e95,1,10.0,51.53,51.55,17.11,17.25,0,1
7d6a50d3acb55383,1,9.98,51.72,51.75,13.85,13.88,0,1
d0a77f19bd8b5348,1,9.93,35.31,35.32,13.85,13.88,0,1
38dd6b1bb76e5301,1,9.86,30.78,30.79,18.57,18.59,0,0
e3b8bfc261ac5969,1,9.81,25.23,25.23,33.54,33.54,0,0
8b3679b7c11d5ada,1,0.61,14.56,14.56,14.04,14.04,0,0
690fef019ad25dd6,1,1.01,17.44,17.44,14.36,14.36,0,0
2fb12c4c2eec5b8d,1,1.58,20.79,20.79,17.97,17.97,0,0
8eefb96f7e5f598e,1,10.04,60.75,62.53,37.68,37.98,0,1
093362cabde15b52,1,10.16,62.01,63.29,38.38,38.59,0,1
75aa8f2b9b6250e4,1,10.27,54.09,54.88,14.59,14.65,0,1
93c82496dc8e59c5,1,10.28,42.79,42.84,37.1,37.12,0,1
59c8fb57fe4058ea,1,10.14,39.8,39.83,27.68,27.69,0,1
7582f7769dfb5d11,1,0.97,3.19,3.19,0.8,0.81,0,0
f68aaf95d7825182,1,0.04,17.72,17.73,12.32,12.32,0,0
482989b8df6550b5,1,0.43,18.41,18.43,14.79,14.8,0,0
05d0a1a763fc5334,1,1.31,22.69,22.71,18.47,18.47,0,0
a6c24c9ca7335016,1,2.33,27.76,27.77,21.95,21.95,0,0
bca4325362c35dbd,1,3.38,33.02,33.03,25.33,25.33,0,1
9d626ce291e85889,1,4.45,38.28,38.29,28.87,28.87,0,1
2930485ddc4458da,1,5.47,43.28,43.29,32.06,32.07,0,1
223a8f20abb752e9,1,0.68,15.57,18.44,10.97,11.35,0,0
eec0bc4e1b185d67,1,1.54,15.52,19.82,12.0,12.67,0,0
baff5b48a5c056ec,1,2.38,15.4,25.13,12.39,13.33,0,0
cbc47540cc665da4,1,3.1,14.47,28.68,13.06,15.22,0,0
0dfdaa7ed7445e7c,1,5.93,44.37,45.65,13.59,13.66,0,1
037698dae8d65558,1,6.14,46.24,46.57,12.35,12.37,0,1
97181536d6be5368,1,6.41,47.16,47.37,7.37,7.4,0,1
a42cc34c8a985b67,1,6.01,26.06,26.73,17.86,17.89,0,0
11356a48a75c5e31,1,5.45,17.81,21.19,18.86,20.78,0,0
89751620b3555ef8,1,7.05,23.31,23.31,28.83,29.14,0,0
7a61f0a7cbe15387,1,7.21,23.12,23.12,28.39,28.65,0,0
6d605a6595d75fa9,1,7.24,24.05,24.05,23.19,23.31,0,0
284fd1657c8659e1,1,7.24,24.14,24.22,22.77,22.87,0,0
ef89947a381a50bf,1,7.11,21.63,21.67,20.21,20.26,0,0
8ddef59113ee5c86,1,6.81,18.89,18.91,16.92,16.95,0,0
2be1cc28e5af523e,1,6.41,15.98,15.99,15.61,15.63,0,0
431840d399445a32,1,6.46,40.75,46.17,24.7,26.82,0,1
fa23f65e1638570e,1,6.61,44.17,47.56,26.95,28.35,0,1
bd6d1d10391854e0,1,6.78,46.91,48.56,27.46,27.62,0,1
ee4a2e2de70a510b,1,8.62,55.23,55.43,30.54,30.54,0,1
ba2973ad6189568b,1,8.67,55.14,55.44,33.12,33.13,0,1
54db5162fc6c563c,1,8.76,55.16,55.53,35.14,35.17,0,1
0012a35a78a151b5,1,8.83,55.16,55.52,35.02,35.07,0,1
0924309bada05ea6,1,8.9,55.15,55.45,35.74,35.78,0,1
ddd3fc0cf919567b,1,2.22,27.23,27.24,15.3,15.3,0,0
1ecea4b911675b72,1,8.97,59.31,59.32,25.68,25.68,0,1
e3ee2f8d1057557d,1,8.77,58.49,58.51,27.42,27.42,0,1
e90b4ad6e7905adf,1,8.57,57.68,57.7,27.69,27.69,0,1
b19f226d281e588a,1,8.6,57.81,57.82,25.44,25.44,0,1
e6bdb406a21e55ba,1,1.76,23.51,23.51,16.98,16.98,0,0
152679f2edce5c73,1,7.84,31.0,31.01,23.56,23.56,0,0
c1019bca7cd95123,1,8.34,28.54,28.55,4.78,4.78,0,0
702320a088cf5d53,1,6.62,32.66,32.96,2.55,2.56,0,1
c0d51ca7b8af5414,1,6.47,30.27,31.0,18.09,18.09,0,0
3ffbf8596e7655ec,1,4.89,8.79,9.06,3.77,3.78,0,0
25226305bdff5efd,1,4.48,6.49,6.69,3.59,3.59,0,0
40f09c66198258e6,1,3.85,4.27,4.47,3.16,3.16,0,0
8b7d99b5ae2a5219,1,3.2,2.93,3.16,0.84,0.84,0,0
14cb24f3f9fc51c8,1,2.57,1.88,1.89,1.82,1.82,0,0
e516528c577453a7,1,1.83,0.99,1.01,0.57,0.58,0,0
cd2a694affd65d94,1,3.05,14.23,14.24,6.72,6.72,0,0
e0307c8f17145414,1,2.81,10.99,10.99,6.36,6.36,0,0
1074509550cc5bf8,1,2.64,8.81,8.81,5.39,5.39,0,0
f5a9eba40a9055f3,1,0.38,9.4,9.4,10.05,10.05,0,0
fd11a0fc35cb52e4,1,0.66,13.6,13.6,14.27,14.27,0,0
b4561c216e6c5e21,1,1.1,17.89,17.89,16.21,16.21,0,0
3f87b5859c3c525a,1,1.73,21.87,21.87,20.12,20.12,0,0
60b5ba011ea65e68,1,10.1,49.43,49.43,27.8,27.8,0,1
aad72be88eab564c,1,8.26,37.12,37.12,23.18,23.19,0,1
c5ff0a82eabb5b05,1,7.72,33.87,33.88,21.34,21.34,0,1
bb6cf07ad4a350f6,1,7.22,30.35,30.35,19.11,19.11,0,0
22a9516d643c5e4b,1,6.57,26.66,26.67,12.64,12.64,0,0
812dd82ab5fb5742,1,5.76,23.49,23.49,12.74,12.74,0,0
1a3569d56fbf5521,1,4.88,20.86,20.86,9.15,9.15,0,0
ac0f18be77bd585c,1,4.06,18.37,18.37,8.26,8.26,0,0
3e543e1eac325854,1,3.38,16.73,16.73,7.97,7.97,0,0
54a9fe6636755234,1,5.85,6.22,6.42,22.47,22.52,0,0
28113a97a08b5ff1,1,6.26,11.25,11.26,22.33,22.36,0,0
315aedf84f9f59c3,1,6.86,7.95,8.23,18.43,18.45,0,0
961d67f58f40502f,1,6.98,34.14,34.56,29.79,30.01,0,1
cea6c267a5a05b3c,1,7.08,37.86,38.46,22.22,22.4,0,1
70da6b21101d555f,1,7.19,29.59,29.95,10.82,10.86,0,0
e7c485c237b352cd,1,7.28,40.56,40.89,4.42,4.43,0,1
0b3d3edbc52d5ddd,1,7.38,41.47,41.6,8.74,8.77,0,1
18e5845edcdb500c,1,6.7,42.26,44.62,19.81,19.82,0,1
a43d920a23d95caa,1,6.58,38.23,39.4,21.36,21.37,0,1
46e614a434b650e3,1,6.46,35.79,37.79,19.67,19.67,0,1
0e27333e64a45dfb,1,6.34,29.32,29.7,15.44,15.44,0,0
1584747ded7f5564,1,6.05,28.16,28.95,14.89,14.89,0,0
73fabf2a0bdc5af4,1,0.08,15.15,17.18,3.22,3.22,0,0
3afbbcf248dc5405,1,0.06,15.15,17.14,3.27,3.27,0,0
04daf401ec185f96,1,0.06,15.18,17.17,8.03,8.11,0,0
69df428fe853580e,1,6.11,9.71,9.73,14.28,14.67,0,0
a3dd6d539acc5c9b,1,1.45,23.39,23.4,15.01,15.03,0,0
8c67448dd4da50a3,1,2.23,26.8,26.84,14.87,14.88,0,0
c9cf4a630abf5bc7,1,5.03,24.09,26.69,19.34,21.06,0,0
d70f8a8eeeeb5e82,1,5.4,28.45,38.89,20.34,23.08,0,0
6cc1bbadf8f25f7c,1,5.77,30.8,41.11,22.19,25.2,0,0
9926034a82415038,1,6.11,33.83,43.18,22.08,25.47,0,1
9d0ff46ac79e5e0b,1,6.43,37.63,45.22,25.3,27.76,0,1
0497454a0d735bc1,1,4.73,17.51,17.51,10.51,10.52,0,0
994c2c1c459b5cc8,1,4.12,14.71,14.71,8.98,8.98,0,0
510e507046865b40,1,3.56,11.2,11.2,6.56,6.56,0,0
fe61cae0e4ae5f1a,1,3.05,9.71,9.71,5.33,5.33,0,0
71a5ed00dbe85089,1,2.54,8.38,8.38,4.27,4.27,0,0
0578756b879c55d0,1,0.5,6.59,6.67,7.74,7.74,0,0
3c93f87b0bb0561d,1,0.38,9.09,9.15,9.63,9.63,0,0
eef98aae7e42579d,1,0.42,11.73,11.73,9.99,9.99,0,0
cba63a3ef5bc51b3,1,6.99,23.59,23.59,13.89,13.89,0,0
a523d2a173855e96,1,6.15,20.38,20.38,10.11,10.11,0,0
e55ee684113c5e7d,1,5.23,17.71,17.71,6.08,6.08,0,0
c0afed32320d53ec,1,4.29,15.15,15.15,4.88,4.88,0,0
8d1d97f4b7d05914,1,3.36,12.5,12.5,3.33,3.33,0,0
85185d3ba8b35890,1,2.45,8.8,8.88,1.72,1.72,0,0
bfbc82c4f65a5208,1,1.69,7.51,7.61,1.1,1.1,0,0
0563edc821b6543d,1,1.24,5.91,5.92,1.1,1.11,0,0
ef9d931830115c03,1,0.19,8.73,8.73,10.41,10.41,0,0
e5d133c0ed5b51f6,1,0.63,12.24,12.24,14.56,14.56,0,0
9106979ff1c15ad3,1,1.32,15.7,15.71,18.08,18.08,0,0
be861669f7ff5de4,1,14.8,55.93,55.97,53.34,53.39,0,1
a1ac8820c36e51c3,1,14.81,55.79,55.83,57.54,57.61,0,1
e973ce0e5d605df5,1,15.02,68.04,68.09,56.94,56.95,1,1
7399b61d44ea592a,1,14.97,68.02,68.06,52.59,52.6,1,1
7b095ec7e3f95c4a,1,14.93,67.99,68.04,52.71,52.72,1,1
7a35be74d30b5a74,1,9.8,21.67,22.13,42.67,43.08,0,0
1509901c10495792,1,8.89,35.0,35.0,27.35,27.35,0,1
b55cc20818705801,1,8.44,31.83,31.83,25.26,25.26,0,0
98a0d06140945295,1,8.04,28.67,28.67,22.88,22.88,0,0
b83f5bd6726e5996,1,7.66,25.55,25.55,21.21,21.21,0,0
ef4e7ef102395420,1,7.19,22.45,22.45,19.1,19.1,0,0
ca68dbc018a35aa3,1,6.72,19.47,19.47,17.29,17.29,0,0
963b4781dbe558de,1,6.25,16.46,16.46,14.08,14.08,0,0
e656eb8f3cdf590c,1,8.9,26.82,27.06,28.33,28.35,0,0
da765dd341585db9,1,8.62,49.9,50.23,25.45,25.47,0,1
f069ac62d63e5e25,1,8.36,44.85,44.99,26.44,26.48,0,1
690efce01f2054a7,1,8.16,42.64,42.74,25.77,25.8,0,1
8b328af730c75e49,1,7.68,37.64,37.67,23.03,23.03,0,1
1d2710d5bcfd52a7,1,7.42,35.08,35.09,21.42,21.42,0,1
d130c508fb26575e,1,7.11,32.06,32.06,20.12,20.12,0,1
1709553afe405eb4,1,6.79,29.33,29.33,19.61,19.61,0,0
110d0ce0345d5113,1,8.93,54.97,55.2,30.81,30.83,0,1
d6b2af6a4fbd5a88,1,8.81,58.62,58.7,30.7,30.72,0,1
ad4698e8271356b3,1,8.73,58.29,58.36,32.79,32.81,0,1
e11b470ae6285663,1,8.71,58.25,58.3,33.01,33.03,0,1
1e751703427e5a3c,1,8.81,58.63,58.67,33.06,33.07,0,1
15bfed200b0d570e,1,8.71,58.27,58.29,32.91,32.91,0,1
d46b1d647640578f,1,7.93,31.84,31.84,23.44,23.44,0,0
8322121dbb82511f,1,7.78,29.0,29.0,23.36,23.36,0,0
f35274c7a16657d7,1,5.91,23.98,26.43,17.57,17.59,0,0
c9a74fd5fd9e57c8,1,5.92,46.01,46.03,24.86,24.9,0,1
257d737fc3865fd1,1,0.09,14.64,17.07,3.45,3.45,0,0
2bbff4dbce4053b8,1,0.01,14.62,16.92,3.55,3.55,0,0
0590cb08d06a5905,1,0.04,14.65,16.98,8.58,8.6,0,0
e12d472387385ef6,1,0.37,14.79,17.43,10.26,10.37,0,0
34b812e4de1a536b,1,1.2,14.96,20.08,12.18,12.71,0,0
bf1d8c493e7458d2,1,2.15,15.51,23.33,12.01,12.88,0,0
10b9d1b254f35a74,1,6.41,47.71,47.76,8.5,8.55,0,1
567469e556cf5e6b,1,5.68,45.95,46.19,24.15,24.37,0,1
0e4dac4154695627,1,5.73,44.48,44.63,26.88,27.07,0,1
d3cd01aa67de516f,1,6.36,47.61,47.68,27.92,27.94,0,1
499f1df141b05d36,1,6.54,48.4,48.51,23.53,23.55,0,1
a41a728fda515594,1,6.69,48.55,48.8,27.45,27.47,0,1
d1d19175f88e5b2e,1,6.79,47.72,48.31,21.64,21.66,0,1
8c477c76153f588e,1,6.8,45.0,46.51,21.63,21.63,0,1
4ed57aa187415e7f,1,3.02,14.75,27.41,10.48,11.55,0,0
1666152446cc5da7,1,10.17,63.83,63.83,39.46,39.46,0,1
c6f0769e0c465417,1,10.16,63.78,63.78,9.81,9.81,0,1
0cf22b3901945e24,1,10.03,63.32,63.32,9.73,9.73,0,1
8f273271b9eb537e,1,8.38,56.91,56.94,26.23,26.24,0,1
6929a902435e56b0,1,8.29,56.54,56.59,31.79,31.81,0,1
359651aff6c55fc3,1,8.24,56.27,56.36,28.89,28.93,0,1
29c3b3019c9e535a,1,8.24,56.27,56.35,4.51,4.51,0,1
6162470f2d0c5e13,1,8.38,44.96,52.11,27.79,28.0,0,1
2944ba8cf77c5ad9,1,8.25,43.19,51.86,25.35,25.66,0,1
fc0a60a9d8245aea,1,8.04,42.23,51.61,24.25,24.77,0,1
fd30fae9e4f35fa8,1,7.82,42.06,50.63,24.25,25.18,0,1
fde793c65573590a,1,7.59,42.41,50.16,23.06,24.19,0,1
020ba7462c6f52b3,1,7.38,18.09,18.46,20.32,21.29,0,0
f642f93db71f5dfb,1,7.1,15.21,15.45,17.35,18.06,0,0
6d7ca07eac51558e,1,6.67,12.46,12.57,16.79,17.45,0,0
db7dbae63ff15234,1,0.18,7.63,7.7,9.36,9.36,0,0
629f93034f995ebc,1,0.72,9.01,9.01,11.88,11.88,0,0
047b56d34f1d5aa0,1,3.46,18.44,18.44,8.58,8.58,0,0
b0cc2b2b400d5661,1,3.22,17.16,17.16,8.26,8.26,0,0
e16c585e12445a60,1,3.02,15.9,15.9,6.73,6.73,0,0
fa72fd5d5f285388,1,2.82,14.07,14.07,5.17,5.17,0,0
8cd3ad22a81c52b6,1,2.48,12.78,12.84,4.03,4.03,0,0
8062fe1c1def5111,1,2.13,11.07,11.13,3.04,3.04,0,0
73a3a880d8d8522c,1,13.11,66.36,66.39,4.9,4.9,1,1
27725219ce8a55ff,1,12.53,65.6,65.64,40.16,40.16,1,1
114f66c4cf785eab,1,13.05,66.32,66.32,42.6,42.6,1,1
ea9f070b56115301,1,12.88,66.1,66.1,43.1,43.1,1,1
be63bfa5c6445e0e,1,12.69,65.86,65.86,40.19,40.19,1,1
e5dd6a4462dd5e29,1,12.44,65.5,65.51,40.35,40.35,1,1
4e811c006997541d,1,12.01,64.83,64.83,39.94,39.94,1,1
0a50c123ca24584f,1,11.55,64.04,64.04,37.05,37.05,1,1
dd2546a068da5ffe,1,7.55,53.17,53.24,28.08,28.1,0,1
9b88dfaff2615c83,1,7.62,53.51,53.55,28.47,28.49,0,1
c20397c103e65d12,1,8.91,59.09,59.09,30.65,30.66,0,1
a8d904be723d5ab9,1,9.64,61.9,61.91,9.95,9.95,0,1
19d9dc5184675c50,1,9.71,62.18,62.19,15.82,15.82,0,1
1c542cec168557e3,1,9.78,61.78,61.85,9.83,9.83,0,1
aec02ec2aec85c06,1,1.5,12.4,18.41,13.32,13.32,0,0
6bd962139e2658da,1,1.74,11.38,17.92,9.38,11.33,0,0
c2cfb091173a5ca2,1,11.11,59.72,59.73,34.89,34.89,0,1
87554f4ef47252e4,1,10.77,49.81,49.82,31.69,31.69,0,1
c9f514edbbb55dd9,1,10.45,46.95,46.96,31.56,31.56,0,1
d0785c050c1350e7,1,10.19,43.02,43.02,27.31,27.31,0,1
8b5d8d7c95925564,1,9.77,38.88,38.88,26.84,26.84,0,1
229de058ec7b59bd,1,9.17,35.53,35.53,22.55,22.55,0,1
3f655357375b5f03,1,8.46,31.25,31.25,19.32,19.32,0,0
04f548a98d695310,1,7.74,26.94,26.94,18.81,18.81,0,0
e28e57068b0b5cf3,1,5.98,45.81,45.88,25.26,25.3,0,1
77ae9dba6f05550d,1,8.45,57.11,57.15,30.75,30.75,0,1
cca534b6970f5c8e,1,8.59,57.43,57.53,30.73,30.74,0,1
7d10959013575b2d,1,8.7,57.22,57.61,27.94,27.94,0,1
5a90354cbaa45cc2,1,8.6,55.98,56.65,27.51,27.51,0,1
3012e1628f7d5d3a,1,8.72,51.07,54.03,31.18,31.2,0,1
8683f3b4797f56e0,1,8.63,48.97,53.17,26.82,26.83,0,1
51b0141596d15905,1,8.48,46.85,52.42,28.32,28.4,0,1
30b35ae958ee5bae,1,7.94,34.03,50.33,27.64,32.6,0,1
9ce9ec5a49b1568d,1,7.88,36.86,50.43,27.62,32.07,0,1
59127196fe025553,1,7.82,16.35,16.91,28.09,32.18,0,0
0590bd1f5b2057f2,1,7.93,16.04,16.66,31.59,35.61,0,0
64a417561b53530f,1,8.18,15.9,16.96,31.94,34.88,0,0
b4d8ee8da1c153f9,1,8.46,16.73,17.94,8.58,8.64,0,0
c1cc5d15c3f554e3,1,8.83,18.21,19.47,27.56,27.8,0,0
96588474ccef5f60,1,9.32,19.81,20.88,40.82,41.87,0,0
9e1be9753cf75e57,1,3.76,11.82,11.82,5.05,5.05,0,0
1eed252c6ca25157,1,3.11,10.28,10.33,3.61,3.61,0,0
c471f8a9626d5f11,1,2.35,8.23,8.23,1.96,1.96,0,0
c38319fd82be5bf0,1,0.5,6.54,6.54,1.72,1.72,0,0
a82d8d2d870a5280,1,0.56,6.32,6.41,3.82,3.82,0,0
9858cb2db360536b,1,0.63,7.32,7.33,3.86,3.86,0,0
667140c426e45393,1,0.7,7.49,7.57,3.93,3.93,0,0
4e021aea953652b9,1,0.75,7.4,7.48,3.87,3.87,0,0
1e01550fc9d656d8,1,9.53,45.41,45.41,27.3,27.3,0,1
4102a6399acf528b,1,8.92,40.45,40.45,25.49,25.49,0,1
305634c7b587567f,1,8.33,37.24,37.24,25.4,25.4,0,1
66cd30f395c45537,1,7.75,34.06,34.06,21.07,21.07,0,1
7fd97ff49f5b5761,1,7.13,31.03,31.04,18.72,18.72,0,0
5a7633ce22365440,1,6.51,27.63,27.63,17.4,17.4,0,0
cd96f8a73c7a5d07,1,5.92,24.04,24.04,14.57,14.57,0,0
e0416692bc5251ba,1,5.33,20.46,20.46,12.88,12.88,0,0
29b6c8cc1e055352,1,2.23,21.89,24.88,17.23,17.64,0,0
239e3ed3199d5ae6,1,4.03,19.6,24.91,16.3,17.41,0,0
bd6d465e3fe95e7c,1,4.4,20.35,25.19,10.41,12.67,0,0
963324efc6715315,1,4.71,12.12,13.58,1.87,1.87,0,0
b9ddc4b10ef751a5,1,4.97,13.19,14.56,22.44,25.72,0,0
81ba62d61b225021,1,5.19,24.62,27.64,3.53,3.56,0,0
cdc8b2ccd20f5c80,1,5.44,39.03,42.24,21.76,22.72,0,1
23978c649a7e597c,1,5.75,42.65,44.33,24.87,25.77,0,1
d6aa1499d0be503a,1,6.17,45.87,46.72,25.12,25.23,0,1
a2b2f9572f3a5b05,1,6.62,48.38,48.8,29.59,29.63,0,1
6dcb6aa97a07588b,1,7.06,50.61,50.82,28.6,28.61,0,1
0208ed2202af56b2,1,7.45,52.43,52.59,33.08,33.09,0,1
189654afe9465b09,1,7.77,53.99,54.07,33.81,33.82,0,1
5e9e03ce875059ed,1,8.22,55.97,56.03,33.54,33.55,0,1
5ad705654fd3547d,1,8.38,56.64,56.7,33.82,33.83,0,1
fec68cb4b42a5b30,1,8.53,57.25,57.3,33.79,33.8,0,1
8676d43a96795310,1,5.98,14.5,14.5,11.71,11.71,0,0
c36c131b21f65a13,1,5.3,12.03,12.03,9.86,9.86,0,0
19f93eaa916d5528,1,4.6,9.82,9.82,7.33,7.33,0,0
cd701e198d595e2b,1,3.74,7.8,7.8,3.96,3.96,0,0
f2f5b666a04b53f8,1,2.88,6.39,6.47,3.57,3.57,0,0
6e6d55e69a6a5d18,1,2.16,5.24,5.33,1.76,1.76,0,0
86e394f2cb345082,1,1.6,4.38,4.38,1.23,1.23,0,0
48f00d40d416591d,1,1.09,3.74,3.74,0.53,0.53,0,0
282855be37635ecc,1,1.01,0.4,0.43,0.11,0.17,0,0
647a42b4e5075f16,1,3.11,20.21,23.05,15.13,15.13,0,0
8d5023e971cc5f4c,1,3.83,18.63,22.55,16.73,16.73,0,0
49c9a9f57deb5a8c,1,4.48,16.22,19.45,20.23,20.23,0,0
13d078252f4653f3,1,5.74,43.89,44.54,26.75,26.94,0,1
f9c0cc538bb457c8,1,6.34,29.91,30.03,20.37,20.37,0,0
eed801b1cd035275,1,6.34,7.04,7.06,4.05,4.05,0,0
a091a6a6033c559f,1,6.39,47.64,47.65,2.74,2.74,0,1
1cddfddca0bd560a,1,6.46,26.74,26.74,17.74,17.74,0,0
66f9739ef19d5742,1,6.13,23.97,23.97,16.16,16.17,0,0
30d5d8dfd52451a9,1,5.37,15.45,15.55,10.76,10.76,0,0
ae821f2ac8d55180,1,4.93,9.59,9.59,8.24,8.24,0,0
2c5ed5662dfb5ee9,1,4.43,7.41,7.42,5.79,5.79,0,0
7ed9d0ca20ac5e2c,1,3.85,5.49,5.5,3.48,3.48,0,0
864b2d366f575b14,1,3.17,3.9,3.96,2.16,2.16,0,0
797606b9788852f2,1,2.4,2.64,2.73,1.29,1.29,0,0
af6ce3c064fa5a56,1,5.63,30.51,30.75,26.89,27.08,0,0
f5d967a1fedb5e3b,1,6.54,31.57,31.57,19.46,19.46,0,0
a60e8e8afe675063,1,6.35,28.91,28.91,17.84,17.84,0,0
d9bb15db6f025acb,1,5.98,25.85,25.85,15.68,15.68,0,0
43768792861e5c7e,1,5.57,22.91,22.91,13.66,13.66,0,0
81161847b27b5bad,1,5.15,20.46,20.46,12.02,12.02,0,0
b38af8cb560c5295,1,4.72,18.11,18.11,10.22,10.22,0,0
69792eb6a5415c5f,1,4.25,15.89,15.89,8.59,8.59,0,0
f35e97504024530b,1,14.77,67.88,67.93,52.88,52.89,1,1
22e43e5928b95b7a,1,14.6,67.76,67.81,52.63,52.64,1,1
167d6bc7be735e55,1,14.46,67.65,67.7,52.79,52.8,1,1
196375ae13835990,1,14.31,67.54,67.58,52.61,52.62,1,1
0ef0e20c09865753,1,14.19,67.45,67.48,52.53,52.53,1,1
260d8dc1970256a0,1,14.1,67.37,67.4,53.79,53.8,1,1
2b34624bf9455480,1,13.98,67.27,67.29,50.56,50.57,1,1
46ee8e2727455a9f,1,13.86,67.17,67.19,50.54,50.54,1,1
226f50441ff35772,1,4.91,8.52,8.58,10.28,10.28,0,0
53c908f42e685998,1,4.42,6.48,6.55,8.64,8.65,0,0
cf081b6882d159f5,1,3.87,4.61,4.69,5.73,5.73,0,0
ba6136583b6254e2,1,5.69,24.74,25.85,3.16,3.16,0,0
14e8d439dd5a5da0,1,6.66,32.37,42.26,3.2,3.2,0,1
e7a838e8611f56b0,1,7.21,34.93,45.3,29.09,32.08,0,1
0b3a16034cc35dc0,1,7.55,31.6,46.97,28.6,32.77,0,0
629a5819ea0a55b8,1,7.82,31.92,48.72,27.59,32.52,0,0
0c136e28e54f58b6,1,1.73,1.75,1.87,0.96,0.96,0,0
048c19bd1b5954b3,1,1.05,1.16,1.33,0.4,0.41,0,0
fd1e4ae4c102553c,1,0.07,6.45,6.47,9.73,9.73,0,0
5b8d892592635d5f,1,0.59,8.11,8.26,10.56,10.57,0,0
9191f3f8644d50cb,1,3.57,18.58,18.6,16.92,16.94,0,0
0eb7dda83bbe5fb2,1,4.21,17.43,17.45,13.43,13.44,0,0
4c771d89311d548a,1,4.81,15.61,15.63,14.64,14.67,0,0
14b839d065b358d0,1,5.38,13.28,13.29,22.36,22.44,0,0
6d9063dd44bc55cc,1,8.26,56.37,56.43,4.41,4.41,0,1
25d82b3bc5bf5637,1,8.29,56.47,56.51,4.26,4.26,0,1
0969be1cc6a85a76,1,8.29,59.68,59.7,28.5,28.5,0,1
adfc4abb1c4d50b3,1,8.1,55.73,55.73,27.9,27.9,0,1
015ef5e7f5a55db8,1,8.11,55.77,55.77,23.37,23.37,0,1
20911cdf7e285a63,1,8.24,56.29,56.29,25.56,25.56,0,1
fa6480e0a896514c,1,8.18,56.07,56.07,23.31,23.31,0,1
1a46cad936c05c2b,1,8.14,55.87,55.87,19.1,19.1,0,1
07a369a8e34d541e,1,1.52,1.0,1.01,0.93,0.93,0,0
ebd940b0039e5cd1,1,1.17,0.4,0.41,0.69,0.69,0,0
04aa69f18d255c96,1,0.03,7.51,7.52,10.85,10.85,0,0
0027db600afe56ca,1,0.16,11.19,11.19,15.0,15.0,0,0
5ea6697ab5c552b6,1,0.94,15.68,15.68,17.25,17.25,0,0
74693ae387e752fa,1,10.95,51.55,51.55,34.83,34.83,0,1
14a11185124a508b,1,10.73,49.59,49.6,31.98,31.98,0,1
772a0e9ce5825b3a,1,10.5,47.87,47.9,31.55,31.55,0,1
ea4d19ff25ac52f6,1,7.76,27.63,27.63,23.33,23.33,0,0
50cf8d1fd8c250a5,1,7.53,25.54,25.54,22.03,22.03,0,0
9e2858dd989e5cc4,1,7.16,25.03,25.05,19.02,19.02,0,0
d0c86990fe0d5bc8,1,6.88,19.74,19.74,15.22,15.22,0,0
0480033cdea65921,1,6.63,16.55,16.6,14.63,14.63,0,0
7683c293a5a55dce,1,0.05,3.65,3.67,6.74,6.74,0,0
3dd9fe57e28e5c54,1,0.36,3.6,3.62,10.15,10.16,0,0
5403d4e6179a5354,1,2.87,15.76,25.58,14.23,14.9,0,0
ae124de305ca5cb1,1,3.76,13.48,13.48,6.52,6.52,0,0
190808cc16cc53af,1,9.07,40.5,40.5,27.98,27.98,0,1
ba190b181dc85a2b,1,8.8,37.26,37.26,25.82,25.82,0,1
4865eea1e54c5a8e,1,8.51,34.27,34.27,25.13,25.13,0,1
a82f1c8ad27d53cc,1,8.21,30.62,30.62,22.67,22.67,0,0
fe068f6ae8135412,1,7.88,26.81,26.81,20.59,20.59,0,0
0616f9723c60524d,1,7.44,23.01,23.01,17.05,17.05,0,0
262af71b5e0c5108,1,6.79,17.22,17.22,13.94,13.94,0,0
dd2d7e23754e58d3,1,6.25,46.95,47.15,25.99,26.13,0,1
ebb1e037f19b5c55,1,6.3,50.6,50.63,26.49,26.52,0,1
424e3df76d475635,1,7.96,55.09,55.09,28.37,28.39,0,1
078bc1027dde5d1a,1,2.75,2.87,12.99,5.6,5.67,0,0
4376d00ed2245c21,1,2.55,2.85,19.07,5.69,5.78,0,0
8fdb21d863c5504b,1,2.47,5.0,13.01,5.58,5.69,0,0
c4884a363f805a18,1,2.54,5.12,14.44,9.61,9.85,0,0
515b2946ba2457b5,1,2.69,6.93,14.9,6.01,9.05,0,0
4a9a5d2dcc045ec4,1,6.63,48.26,48.86,27.27,27.34,0,1
eb3e272209a4520f,1,6.72,48.66,49.24,27.65,27.72,0,1
0dc54a8c8203567b,1,7.49,51.86,52.6,28.9,28.98,0,1
9e522849163c53b8,1,7.45,51.55,52.43,27.42,27.53,0,1
78a98ffdcd4b558a,1,7.4,42.26,42.71,27.56,27.7,0,1
dc145331696d5400,1,7.23,34.45,34.68,27.04,27.19,0,1
b605703d3fb05725,1,7.14,25.27,25.32,25.35,25.47,0,0
54e010de01625177,1,7.04,11.05,11.06,21.92,21.99,0,0
feb90d2112ec57cf,1,2.17,5.37,5.51,2.19,2.19,0,0
ef68308faf305171,1,1.82,4.43,4.43,1.75,1.75,0,0
f3738f5be59d5d10,1,1.48,3.66,3.67,0.99,0.99,0,0
2f1d36641ecb509a,1,1.08,3.02,3.03,0.6,0.6,0,0
9833f2646439513e,1,0.04,5.44,5.44,9.39,9.39,0,0
fd89a82cf20e5632,1,0.97,19.54,20.24,13.36,13.36,0,0
d1dd156bb9b1599d,1,1.48,18.85,19.23,13.2,13.21,0,0
eb15f0d956eb5ac4,1,1.62,12.55,18.18,8.09,9.12,0,0
f64ec139a30958d0,1,4.48,27.24,34.81,15.82,17.72,0,0
93ec10a2fdc35c9a,1,4.58,29.81,35.67,18.56,20.93,0,0
d81b6324477757dd,1,4.69,32.36,36.54,19.92,21.12,0,1
7e7acb8e97a9520d,1,4.85,34.75,37.57,22.36,23.08,0,1
20162e17faf656f2,1,5.03,42.7,44.82,22.91,23.41,0,1
21cd38e3128a5285,1,5.2,41.9,43.11,22.59,22.92,0,1
fb8bef473d555fe3,1,5.36,40.45,41.2,23.94,24.05,0,1
c332bacddbfe53d9,1,5.51,39.95,40.52,23.48,23.55,0,1
94c0ff5134d45dd1,1,4.12,15.7,29.42,15.04,17.68,0,0
b50353ebaee65cbe,1,9.68,62.02,62.07,35.95,35.98,0,1
645e36c611b552ce,1,9.73,62.16,62.22,38.36,38.39,0,1
7884402f265258ff,1,9.77,62.15,62.35,35.96,35.98,0,1
66a6a72cc5145dd5,1,9.68,61.76,62.04,35.96,35.99,0,1
cc57d9b7b5e85eb3,1,9.58,61.3,61.66,35.61,35.65,0,1
76b3e192b5e45727,1,9.5,60.94,61.37,35.57,35.62,0,1
e3cd93e027285031,1,9.44,60.69,61.18,35.47,35.55,0,1
49ae6840ff7f5e91,1,9.39,37.17,37.18,30.28,30.3,0,1
d9f878bd57425c2c,1,9.21,34.09,34.1,27.91,27.92,0,1
268ed4d63bb85cae,1,9.0,30.74,30.76,24.83,24.85,0,0
81a0a6181d335250,1,8.64,27.24,27.27,24.25,24.26,0,0
bae8f15e2e5b5328,1,8.21,23.8,23.8,18.88,18.88,0,0
4cb4fba2908b5dbb,1,7.71,20.21,20.22,18.33,18.33,0,0
b937ec3b9c845118,1,7.1,16.98,16.99,15.0,15.0,0,0
70679dba8428549e,1,6.34,13.95,13.96,11.92,11.92,0,0
c4c2c95cc8a358d8,1,5.67,40.41,40.85,23.66,23.71,0,1
baf744a3114f50d5,1,5.83,40.74,41.08,24.27,24.3,0,1
b287d1e7b2965ba1,1,5.96,39.63,39.64,23.22,23.24,0,1
661278fc8a9c57d3,1,5.67,25.42,25.45,19.22,19.22,0,0
845cd9cda6335f6b,1,5.33,28.55,28.9,15.88,15.88,0,0
c67995ef5ccc58c6,1,4.94,21.28,21.29,12.89,12.89,0,0
7dacba492564549f,1,4.52,19.32,19.33,13.33,13.34,0,0
1ee7868373355838,1,4.16,18.05,18.13,10.85,10.86,0,0
a631fec170525388,1,3.55,15.1,27.89,13.72,15.05,0,0
80722f66bc3b54c0,1,4.3,15.64,32.99,13.06,17.28,0,0
b4bcd9085faf5842,1,5.13,33.91,40.44,20.94,23.58,0,1
62c0730b5f435548,1,5.48,39.39,42.57,24.04,24.83,0,1
c28f3febaf635777,1,7.06,28.96,28.96,19.28,19.28,0,0
b751857996975e6c,1,6.8,26.38,26.38,17.3,17.3,0,0
2be07b9c94db5de7,1,6.48,23.75,23.76,17.1,17.1,0,0
485b3e83878255b2,1,6.09,21.17,21.17,14.34,14.34,0,0
15f1c723f81a50b2,1,5.73,13.95,13.97,12.16,12.16,0,0
c7fe7790d2225990,1,5.17,11.54,11.57,10.27,10.27,0,0
8d0806dc9c865904,1,4.61,9.18,9.22,7.47,7.47,0,0
2f525b2a3cf35331,1,4.04,7.29,7.34,6.0,6.0,0,0
4f8fc653ac98588e,1,3.5,5.6,5.67,4.5,4.5,0,0
ff9058bacb845910,1,3.04,4.07,4.07,3.37,3.37,0,0
c0649cc8913954cd,1,2.47,2.81,2.81,2.56,2.56,0,0
796a327cace65d27,1,1.98,1.8,1.8,1.45,1.45,0,0
c1e0af56e9eb50b8,1,3.43,2.01,2.17,20.44,20.57,0,0
262333f372975eef,1,4.06,2.59,3.07,20.11,20.39,0,0
f51778edd8ea5ee5,1,4.72,39.07,39.78,25.64,26.04,0,1
2cbf505c735c5c34,1,5.36,42.54,42.88,27.58,27.83,0,1
a8159c45d59f5a5f,1,5.95,45.66,45.7,28.1,28.14,0,1
b30ee22eca0a57ef,1,8.44,57.07,57.08,36.07,36.08,0,1
7779c453de865aff,1,8.68,58.09,58.11,35.87,35.88,0,1
4cc313afb2665204,1,8.86,58.87,58.88,35.75,35.76,0,1
08977ce458945f04,1,7.63,26.06,26.07,22.81,22.81,0,0
2d6a04ea9ef55fd5,1,7.43,22.97,22.98,20.59,20.6,0,0
b22ea864484d514f,1,7.06,19.89,19.89,17.24,17.24,0,0
844da9644e225af5,1,6.51,16.79,16.8,15.09,15.09,0,0
6ce0bfddedef5981,1,5.86,14.15,14.15,12.05,12.05,0,0
991f13bf4e7f590e,1,5.19,11.66,11.68,9.76,9.76,0,0
b387a02b67e45a4b,1,4.5,9.54,9.54,7.38,7.38,0,0
d4c4bdedcfd25465,1,3.89,7.58,7.58,6.09,6.09,0,0
8eb6e6b220755d3b,1,5.51,11.3,11.33,10.05,10.05,0,0
09027c0129cd568b,1,4.71,9.16,9.19,7.23,7.24,0,0
65b19795c92c5d77,1,3.93,7.46,7.49,5.0,5.01,0,0
4ad7866306895cca,1,3.09,5.58,5.63,2.73,2.73,0,0
7786cc7e34a05294,1,2.27,4.31,4.63,1.63,1.63,0,0
e6dde7de045154c3,1,1.5,3.51,3.89,0.81,0.82,0,0
4211afd0df14524c,1,0.05,2.82,2.82,11.84,11.84,0,0
f6ee3ce42dfc56e3,1,0.61,2.7,2.7,14.26,14.27,0,0
91f7454802305af8,1,0.78,19.47,19.72,13.36,13.37,0,0
a752896c43c2526e,1,1.38,21.48,22.2,13.45,13.46,0,0
b2872eb05a455f97,1,2.07,22.72,24.56,13.54,13.56,0,0
43a4f01072795345,1,0.03,3.16,3.22,8.95,8.95,0,0
2d24100bcb1e57e2,1,0.03,3.15,3.21,8.98,8.98,0,0
eea61634eb875210,1,0.47,3.06,3.12,13.85,13.88,0,0
7bd504ce0e1950b9,1,1.07,20.31,20.94,13.61,13.66,0,0
256f41bada0e5028,1,1.69,21.44,23.04,15.43,15.61,0,0
cde748c5a6905684,1,13.75,67.05,67.08,49.2,49.2,1,1
105ca02169f45519,1,13.65,66.93,66.98,42.82,42.83,1,1
777c2c183e49504e,1,13.52,66.83,66.89,51.15,51.16,1,1
64edcbd39d2b5f08,1,13.43,66.74,66.78,49.62,49.63,1,1
93358613d3865c5c,1,13.45,66.78,66.79,42.94,42.95,1,1
33c7945f43795064,1,13.53,66.86,66.86,41.83,41.83,1,1
ddc25b8617cb5aa0,1,13.52,66.85,66.85,39.2,39.21,1,1
bf72d4d6b25f5b27,1,13.42,67.57,67.6,5.6,5.6,1,1
cc86bfa114035604,1,10.34,59.38,60.16,14.4,14.4,0,1
93c2bfeb7c885a2e,1,10.25,56.26,57.18,14.54,14.54,0,1
32c74fb957e45651,1,10.14,49.01,49.83,36.85,36.95,0,1
e00c640657fb5895,1,10.02,46.74,47.68,36.43,36.61,0,1
9b86b7cc0b41507b,1,9.79,43.52,44.51,33.89,34.04,0,1
fb2daf8a925a5ff2,1,9.34,40.08,41.12,28.04,28.25,0,1
e3aa32e033635c8d,1,8.7,36.41,37.46,23.35,23.43,0,1
6d0a7f0bb4e7584b,1,7.88,33.67,34.49,20.27,20.41,0,1
6482eb343a2b5329,1,5.6,18.71,18.71,14.05,14.05,0,0
2a3a3e232e86560b,1,5.1,16.39,16.39,12.18,12.18,0,0
ab1adeaf66035b88,1,4.62,14.22,14.23,10.19,10.19,0,0
dddf76663455527f,1,4.16,12.14,12.14,7.79,7.79,0,0
4ba033878f8b5284,1,3.6,10.28,10.28,6.29,6.29,0,0
fa9e58947ab65890,1,3.11,8.9,8.91,4.99,4.99,0,0
1bc6668f3dff5822,1,2.77,7.65,7.74,4.04,4.04,0,0
4936360c43435011,1,2.49,6.48,6.58,3.55,3.55,0,0
47f9e40a21f7510a,1,6.96,17.78,17.8,24.57,24.63,0,0
a5f411a2c379503d,1,7.07,49.51,50.56,27.5,27.56,0,1
ceb9332b03d3577b,1,7.1,49.45,50.68,27.04,27.16,0,1
283ae14565b85cc3,1,7.11,49.47,50.6,27.1,27.29,0,1
3b0c5c39455b5d00,1,7.22,49.94,51.1,27.22,27.46,0,1
ccdb6840a0445870,1,7.35,50.61,51.73,28.54,28.8,0,1
c8aeadf284a05f44,1,8.51,48.53,54.14,11.03,11.59,0,1
3b53493dfe335ea6,1,8.05,43.81,52.49,12.53,13.51,0,1
11d702a710115591,1,13.53,66.8,66.83,50.88,50.89,1,1
11118a8c74d95c5c,1,11.22,62.88,62.88,36.97,36.97,0,1
99889a4679b15509,1,11.06,38.96,39.13,34.23,34.24,0,1
aa7cf4712b635bb0,1,10.86,34.87,35.1,34.27,34.3,0,1
f211c8127aff5246,1,10.46,41.36,41.46,31.15,31.17,0,1
759441833751576b,1,9.98,30.6,30.67,29.74,29.76,0,0
12c3a7aea386584b,1,9.49,29.93,29.94,27.97,27.98,0,0
f252e2d96f805926,1,9.0,29.27,29.28,25.44,25.45,0,0
c0fb4281da785582,1,5.15,9.58,13.06,11.4,13.17,0,0
11bf2d4580ab5bc2,1,4.84,13.58,23.07,11.65,13.33,0,0
f4495a91b9fb505d,1,8.27,55.95,56.29,28.56,28.62,0,1
8d3c8a698ac65342,1,4.26,37.4,37.4,12.56,12.56,0,1
7bb715f6c245555e,1,3.94,35.85,35.85,12.87,12.87,0,1
171ac85821875613,1,3.83,35.26,35.27,18.33,18.34,0,1
3f4013b6af2d5850,1,3.99,36.07,36.08,17.59,17.6,0,1
320446eca62c59fe,1,6.62,48.33,48.82,24.91,24.96,0,1
60729ba7537a5622,1,3.34,5.93,5.94,3.82,3.82,0,0
6326d00e52115da4,1,0.31,7.98,7.99,3.67,3.67,0,0
3e96578a903d59d8,1,0.25,7.99,8.0,9.84,9.84,0,0
ba8af38306035c11,1,0.57,15.26,15.26,13.9,13.9,0,0
62108a4000e85dae,1,1.31,19.26,19.27,15.4,15.4,0,0
7cb9260c8be35c5c,1,4.55,17.15,24.44,4.11,4.12,0,0
50eebed7d9655bb5,1,4.59,12.79,14.72,1.46,1.47,0,0
72be63ed04f15f97,1,4.65,12.7,14.74,1.56,1.56,0,0
5e9e8c31277d5edc,1,4.76,19.46,21.61,17.89,19.08,0,0
d32754e8c47e5771,1,4.77,18.73,21.69,14.71,17.19,0,0
58b0a1db2a145780,1,4.87,18.57,21.9,14.72,17.22,0,0
f038fc7ffdab5bad,1,5.79,22.47,22.68,19.06,19.79,0,0
e63c18e2bcfa5526,1,5.86,22.74,22.77,22.65,22.69,0,0
23ee145aa4de582b,1,0.99,3.99,3.99,0.43,0.43,0,0
a0b3a3b623235a49,1,0.25,2.06,2.06,11.63,11.63,0,0
29be20efdac25f74,1,0.96,16.82,16.82,13.53,13.53,0,0
0562702fac645702,1,9.4,60.46,61.02,35.11,35.23,0,1
ae6eb93043f25a20,1,9.39,60.44,61.02,35.26,35.39,0,1
fd8949d5e40a54ea,1,9.41,60.46,61.09,35.25,35.39,0,1
115d3d7bdadf52f8,1,9.43,60.55,61.19,36.29,36.47,0,1
3f82940c5aae5ab1,1,9.45,60.58,61.2,36.42,36.62,0,1
b4646fcc459d51df,1,9.45,60.44,61.1,36.34,36.56,0,1
109354a9d0eb5d4c,1,9.43,60.25,60.96,33.98,34.18,0,1
e0b46b7248a75fc9,1,9.41,60.0,60.79,33.94,34.16,0,1
e63b6dfddfc855da,1,5.61,37.5,42.24,16.53,16.82,0,1
ada676e1203d5ad7,1,5.36,36.33,41.31,17.88,18.67,0,1
c5e4f3c361b252c1,1,5.27,36.57,41.19,17.75,18.7,0,1
d89c9a87852151d1,1,5.18,37.4,41.05,17.72,18.66,0,1
ea9e97a691b45397,1,5.05,38.2,40.68,17.71,18.4,0,1
fa861c2b864254dc,1,4.92,38.75,40.23,19.0,19.45,0,1
85570db66d605000,1,4.89,39.52,40.24,19.59,19.78,0,1
347dccaf607055a2,1,5.05,40.86,41.15,24.19,24.29,0,1
9ca89d773ed651ab,1,1.89,14.24,20.74,9.64,11.81,0,0
ad5284a6be715f10,1,2.29,16.34,26.4,9.45,11.79,0,0
bacbab3d771e59fd,1,3.51,28.43,33.68,17.71,19.54,0,0
3be6682bde7d5548,1,3.95,33.45,35.87,18.63,19.75,0,1
83242e2595a85111,1,4.38,37.17,37.97,25.81,26.29,0,1
594dba6254d4500b,1,6.03,50.69,51.02,28.18,28.24,0,1
eefc84cb86d45529,1,6.34,49.21,49.54,28.38,28.45,0,1
5016d5a7a87a538d,1,6.61,48.5,48.83,29.94,30.01,0,1
767995ca4ab75a14,1,3.85,16.37,16.46,9.31,9.32,0,0
967a6f50c73c5eb7,1,3.59,14.57,14.65,9.17,9.18,0,0
8367526c1c4c5bfd,1,3.35,12.9,12.97,7.93,7.93,0,0
cebdffcaf8595c9e,1,3.11,11.3,11.36,7.77,7.77,0,0
476d6788dbd2518f,1,2.9,9.98,9.98,5.3,5.3,0,0
6b521512edb15e2f,1,2.67,8.67,8.73,5.1,5.11,0,0
b6eb541d3faf53f2,1,2.44,7.53,7.59,4.75,4.75,0,0
57a85d94e9c95004,1,1.25,13.41,13.41,9.8,9.8,0,0
36419e8c59275f61,1,8.54,19.44,19.44,22.71,22.72,0,0
dd16377ecfa45fe0,1,8.04,18.47,18.47,19.45,19.45,0,0
6d7d043389ac52c5,1,7.54,23.97,25.28,16.05,16.06,0,0
d5d4f1c1a2f0589e,1,7.13,20.77,23.56,12.95,12.97,0,0
c520f76d99f359f2,1,6.75,16.91,21.76,4.14,4.14,0,0
154d0d1b363f5501,1,6.37,13.76,14.98,4.25,4.25,0,0
655c3f17ee2d5683,1,6.0,12.16,14.24,4.38,4.38,0,0
38a5d409f1095059,1,5.54,10.67,13.52,12.53,14.92,0,0
d79874fa9ba4558e,1,3.64,33.67,34.25,17.6,17.65,0,1
8e84ecdbb84c5784,1,3.91,34.99,35.58,17.85,17.93,0,1
b2bdd6d761035ca4,1,4.16,36.27,36.82,17.59,17.7,0,1
9bdda55e20a15705,1,4.3,36.97,37.3,17.36,17.54,0,1
dde59a501b7f5f15,1,4.36,37.31,37.56,19.02,19.29,0,1
6fc2a1e0a7915147,1,4.43,37.69,37.75,18.78,19.05,0,1
c3cdc9086b1a55f6,1,4.52,38.27,38.32,16.48,16.69,0,1
01518f6335d75c16,1,4.6,38.65,38.66,18.28,18.46,0,1
9d13fadd8afc5833,1,5.0,33.62,42.58,15.58,16.06,0,1
2b352a08cb3b59ea,1,4.88,31.31,40.12,14.06,14.75,0,0
9efa05c9731a51d8,1,4.73,22.36,27.68,15.84,17.89,0,0
e64d11cc39c753ba,1,4.56,22.19,27.0,15.9,17.95,0,0
db723debaec15d81,1,4.41,13.57,15.62,15.92,17.78,0,0
82c9641923725260,1,4.29,14.07,15.61,14.08,14.77,0,0
3ceb5afc67975881,1,4.26,35.14,36.8,16.85,17.32,0,1
66f664c031765c74,1,4.26,36.38,37.0,17.09,17.32,0,1
db026a1a1b6f5d3d,1,6.26,46.42,47.11,23.53,23.61,0,1
a25bc88dbb4f5f72,1,6.14,45.84,46.5,23.65,23.72,0,1
b92aaa468aa25958,1,6.5,47.54,48.32,25.71,25.82,0,1
f105b1f7e3a65303,1,6.67,48.36,49.12,27.4,27.54,0,1
81353cb7d48a5728,1,6.85,51.66,52.5,27.35,27.48,0,1
94ec2c53ddbc5dae,1,7.03,50.14,50.86,27.46,27.58,0,1
d165c65009785ef9,1,7.19,50.89,51.58,27.65,27.77,0,1
9baabb31eaac5335,1,7.35,51.66,52.31,29.66,29.81,0,1
c917da347a6e5d6d,1,3.86,32.92,34.6,19.45,19.57,0,1
edb0dbd58be650f3,1,3.89,32.7,34.74,11.69,11.76,0,1
74cf2bc3433f59dd,1,3.92,25.73,26.98,13.8,14.03,0,0
5cea066f5bc9523b,1,3.93,32.17,35.03,14.23,14.5,0,1
14c80c1211bc5df8,1,3.94,31.92,35.21,12.96,13.46,0,0
61d114c5cfb25663,1,3.95,31.8,35.42,16.19,17.06,0,0
bf68c079985650d9,1,3.96,31.97,35.65,16.19,17.15,0,0
57ec316cb2f65e46,1,3.98,32.53,35.93,12.48,13.42,0,1
37769b4b04c65713,1,7.04,49.86,50.74,24.03,24.1,0,1
2b156c54c8ce5645,1,7.03,49.77,50.69,24.15,24.23,0,1
7d71a7025fde56f3,1,7.02,49.64,50.6,21.07,21.13,0,1
829e3a1622565a63,1,6.99,49.48,50.47,24.24,24.34,0,1
e859a9e666c15716,1,6.9,49.13,50.07,24.37,24.48,0,1
7b5a966f89f35abe,1,6.78,48.64,49.53,21.41,21.49,0,1
88126672803f56a3,1,6.66,48.11,48.94,22.04,22.14,0,1
9e9baaa455b55c80,1,6.54,47.64,48.42,22.02,22.12,0,1
4e2c083182d75cc1,1,1.96,25.94,25.94,13.4,13.4,0,0
3f6b582803bd58e8,1,2.35,27.89,27.89,17.18,17.18,0,0
173ccb0e08885b66,1,3.25,35.86,36.23,13.01,13.01,0,1
561e8ca2d7395a7a,1,3.98,27.65,33.01,15.56,15.67,0,0
d032dcd4015e5cee,1,3.91,25.99,32.46,15.41,15.49,0,0
7117e9fc77fd5606,1,3.86,24.34,32.07,15.48,15.56,0,0
d6359d514f13511a,1,3.79,22.84,31.75,15.3,15.4,0,0
7ca54b5a28ae5667,1,3.27,19.45,32.12,11.96,13.92,0,0
48b3dd8be2b554b6,1,2.48,28.54,28.66,14.72,14.89,0,0
ed0c080a65445565,1,2.77,34.31,34.33,11.23,11.28,0,1
e6f0e2d8ec345ad6,1,4.32,36.9,36.92,15.02,15.04,0,1
9ebcea6ba47651f0,1,0.47,18.47,18.48,7.12,7.12,0,0
1f1a5be0eaa35282,1,0.46,18.47,18.48,9.04,9.04,0,0
8c527efc3b3b5fa0,1,0.64,19.34,19.35,11.55,11.55,0,0
006d30e1af265b1e,1,1.06,21.44,21.44,13.46,13.46,0,0
2991861b44895b0f,1,1.52,23.74,23.74,13.47,13.47,0,0
0f3c4d7aee1e572c,1,4.7,39.06,39.07,18.87,18.88,0,1
23beee726a59557a,1,4.87,38.74,38.76,19.12,19.21,0,1
4080e46653b05c94,1,4.92,38.5,38.57,19.18,19.42,0,1
24817ec41ccb5f01,1,4.95,38.1,38.32,19.07,19.35,0,1
03296a9251995268,1,4.97,37.63,38.08,19.5,19.58,0,1
87dcff4c11315e02,1,5.03,36.64,38.21,19.78,19.84,0,1
b6b5f3cc01a05f83,1,5.14,33.55,38.94,12.98,13.0,0,1
cd7e4f70ce8e539b,1,5.1,29.43,35.71,15.59,15.72,0,0
99e0c0250e6e54c5,1,3.83,34.38,35.17,15.49,15.55,0,1
884826032461520d,1,3.73,33.91,34.72,15.68,15.78,0,1
aa4ec42ec7425de0,1,3.63,33.45,34.25,14.19,14.29,0,1
4ceacfb6be565ab3,1,3.52,33.0,33.74,14.12,14.24,0,1
9a6e3e5d86dd5949,1,3.37,32.37,32.99,14.19,14.32,0,1
637b2eb74b0d5144,1,3.29,32.05,32.38,9.45,9.52,0,1
b7dc33b2e9195867,1,3.22,31.81,32.04,14.27,14.39,0,0
349b80a3d95e5f6e,1,3.37,32.68,32.7,14.02,14.13,0,1
9436b4c35a125beb,1,3.67,33.01,34.58,14.13,14.34,0,1
3304abff82cb5f6d,1,3.66,33.26,34.6,14.22,14.43,0,1
ed7d26ad16065f5a,1,3.67,33.59,34.68,14.28,14.47,0,1
c68a0ad53c105f0d,1,3.69,33.93,34.56,15.8,16.01,0,1
1da970c8d7ac55b0,1,3.7,34.2,34.64,17.22,17.44,0,1
bd76dffbe3065854,1,3.67,34.22,34.5,15.86,16.0,0,1
1cbccb79dbe058a6,1,3.64,34.2,34.35,15.71,15.8,0,1
0114734fd69b598e,1,3.59,34.05,34.1,15.65,15.7,0,1
d02fff0452445952,1,3.42,32.97,32.97,13.86,13.93,0,1
da026eb9dcf75339,1,3.48,33.15,33.21,14.7,14.72,0,1
a2f75428b992536c,1,4.16,35.98,36.63,16.45,16.6,0,1
97080182e9a455b3,1,4.19,36.4,36.85,16.39,16.52,0,1
05d010f73fab576b,1,3.85,34.11,35.27,15.74,15.82,0,1
24df13e119aa5d5d,1,3.78,33.35,34.97,14.02,14.17,0,1
691a4ca60e745bea,1,3.72,32.96,34.71,14.2,14.39,0,1
6cd6a10cb3595110,1,3.69,32.88,34.61,16.55,16.91,0,1
afcd7846a4f35622,1,8.63,51.49,51.6,29.52,29.81,0,1
52b2e626eca85976,1,8.48,58.64,58.94,16.62,16.71,0,1
82551627c2415e8e,1,8.32,53.75,54.28,16.03,16.11,0,1
82291c12e1485f32,1,8.03,51.66,52.77,15.73,15.81,0,1
6b0ff02cbbf25aa3,1,7.64,49.1,51.29,4.73,4.73,0,1
ac6b7fc70fc25a1a,1,7.16,46.15,49.25,20.0,20.0,0,1
e530e78499a75539,1,6.63,43.0,46.99,18.11,18.12,0,1
fe9a137303a9521c,1,6.09,40.04,44.31,18.8,19.0,0,1
6092bab95402500f,1,5.29,42.36,42.43,24.14,24.16,0,1
2b10974c7f7e5444,1,6.62,33.58,38.74,17.94,17.94,0,1
e63d13e083695b1f,1,7.03,53.2,53.74,27.69,27.73,0,1
ae1ac5ca165a5b5c,1,7.04,50.19,50.74,26.33,26.37,0,1
64f5ed7f37905836,1,7.05,50.16,50.8,24.41,24.45,0,1
6548b286c3365867,1,7.16,50.52,51.27,26.14,26.21,0,1
d12bf3c2e5ab5f74,1,7.12,50.31,51.12,24.35,24.42,0,1
c77d485da6ce5075,1,7.07,50.04,50.89,24.12,24.19,0,1
db36705ca2645415,1,7.51,52.41,53.03,29.48,29.59,0,1
37d89f35328e55b6,1,7.64,52.99,53.62,30.58,30.7,0,1
43d3d40d9f3b5266,1,7.78,53.59,54.23,30.59,30.7,0,1
13ff352834f25320,1,7.92,54.15,54.82,30.8,30.91,0,1
815ff18b70a75b8f,1,8.04,54.64,55.19,30.49,30.58,0,1
f5af09063e125bb2,1,8.17,55.15,55.87,32.77,32.86,0,1
8ebce152a39f5010,1,8.25,55.48,56.2,32.51,32.59,0,1
dfa06e9592e65896,1,8.29,55.66,56.39,32.36,32.44,0,1
b95ff3bc9cf45e47,1,9.72,62.22,62.24,32.03,32.04,0,1
7c62648ff8a25812,1,9.78,55.7,55.72,35.0,35.01,0,1
2f8dd3404f375ed8,1,9.77,57.06,57.1,31.75,31.76,0,1
162436ec6cca53a4,1,9.64,57.41,57.49,30.84,30.85,0,1
bc3d973c3543556c,1,9.5,57.64,57.72,27.38,27.38,0,1
9f105aba36355fe1,1,10.31,62.21,62.36,5.04,5.04,0,1
57eebf7c02c05c63,1,10.31,61.23,61.53,5.11,5.11,0,1
cc652b7870745fa5,1,10.33,60.13,60.65,16.79,16.79,0,1
4ac1bcffb2bb5010,1,6.78,17.35,17.35,14.66,14.66,0,0
0749cf83cbbd5284,1,6.17,14.54,14.54,12.48,12.48,0,0
4154c963fb4f578d,1,5.49,11.87,11.87,9.49,9.49,0,0
3acc6eea1ed15f20,1,4.76,9.53,9.53,7.2,7.2,0,0
56fe5be4b9dc5c77,1,4.01,7.52,7.52,5.41,5.41,0,0
1ebb462c6acd5b4d,1,3.23,6.13,6.22,3.14,3.14,0,0
4abc4549b6d45891,1,2.47,4.5,4.5,1.8,1.8,0,0
39752b75d70d5458,1,1.7,3.55,3.55,0.92,0.92,0,0
5a918026bb9253a5,1,3.24,20.31,32.35,12.85,16.06,0,0
1c0c94dbcd5359fc,1,3.25,21.39,32.71,12.01,15.78,0,0
57be56626c61528e,1,3.26,22.65,33.0,11.17,13.8,0,0
7727bf26f5845499,1,3.46,32.85,33.82,15.63,15.89,0,1
2f4a5f8093b25fae,1,3.56,33.1,33.92,15.45,15.69,0,1
33f9f166f07350f1,1,3.62,33.11,33.93,15.99,16.03,0,1
94f5e53f2e205285,1,3.7,33.15,34.05,15.98,16.01,0,1
a38db8b9731f50b6,1,3.76,33.17,34.24,16.31,16.33,0,1
fdc43c8424a256ce,1,4.31,37.26,37.41,16.06,16.18,0,1
097d35208fcb587c,1,2.11,26.64,26.64,10.29,10.29,0,0
2b40b4ee692d52a4,1,1.8,25.11,25.11,7.44,7.44,0,0
f23b50abdf445d29,1,1.76,24.92,24.92,10.57,10.57,0,0
ba4d9a1f0ac15364,1,2.01,26.11,26.11,10.48,10.48,0,0
7c6e9037e7dd5e8c,1,2.22,27.17,27.17,13.21,13.21,0,0
f01fa850d0455e68,1,2.44,28.28,28.28,11.6,11.6,0,0
6042c6249f31509b,1,4.2,14.32,24.16,15.19,15.37,0,0
22021c2141625fce,1,3.96,34.52,36.02,17.42,17.9,0,1
89b3b0779b8d57fa,1,3.97,35.11,36.04,14.22,14.44,0,1
701f0be254de56dc,1,3.98,35.59,35.95,15.95,16.09,0,1
86c1c1bcec395011,1,4.0,35.92,36.06,16.12,16.18,0,1
cc7707ad6d0d5346,1,4.1,35.91,36.42,15.8,15.8,0,1
4a07defcfe7f57fb,1,4.08,35.7,36.34,15.64,15.65,0,1
69bedd73861656f1,1,4.06,35.5,36.22,15.6,15.61,0,1
342f42c4b2855ffb,1,3.95,34.97,35.73,15.4,15.43,0,1
44f736cbb0365616,1,4.5,38.52,38.52,26.16,26.16,0,1
350b10a4761e5c11,1,5.22,41.99,41.99,29.17,29.17,0,1
c5f7658763815835,1,5.96,45.46,45.46,31.71,31.73,0,1
6477761567345e00,1,6.65,48.54,48.54,31.37,31.37,0,1
2d4d907377f35695,1,10.59,51.47,51.47,32.1,32.1,0,1
9e898d5e24c1537e,1,10.04,48.08,48.08,30.49,30.49,0,1
6770ba617cae540e,1,9.47,44.94,44.94,28.38,28.38,0,1
f1002f2d240c514e,1,8.89,40.8,40.8,25.82,25.82,0,1
f16753eac7825480,1,0.44,11.17,11.86,11.3,11.37,0,0
d7099c8643c95283,1,1.09,12.19,13.41,9.97,10.42,0,0
56783067f37c553f,1,1.23,19.98,22.56,8.33,8.61,0,0
3e5647cd8d1a50c2,1,1.19,20.32,22.37,7.26,7.39,0,0
bf613de6319c5473,1,1.31,21.38,23.02,10.21,10.52,0,0
4fd76f9d056d5fb3,1,1.53,22.89,24.07,10.27,10.6,0,0
21000f5c15845bf4,1,1.84,24.89,25.61,12.23,12.53,0,0
ee7a9468bd475205,1,2.17,26.81,27.17,12.46,12.7,0,0
a0ff0b74063659a2,1,3.02,24.72,29.61,13.15,13.72,0,0
c80072cd3e165a71,1,3.23,26.18,30.94,14.61,15.41,0,0
09d9a0cd32c25dee,1,3.39,28.01,31.64,14.95,15.68,0,0
f57582f9a7dc511c,1,3.56,29.79,32.76,14.99,15.56,0,0
a5db7f072b0a58d4,1,3.67,31.45,33.64,16.7,17.26,0,0
4a4a11299e125c20,1,3.76,32.82,34.56,16.92,17.34,0,1
947b3794a3275a2c,1,2.29,13.14,24.29,7.92,8.16,0,0
278885f077d65d53,1,2.18,12.43,24.25,6.47,6.71,0,0
28cd9541bc35593f,1,2.81,20.12,28.94,11.72,14.34,0,0
4cee76c8118b5609,1,2.95,23.79,29.51,5.52,5.66,0,0
b555e2488dc7531e,1,3.06,27.06,30.64,5.45,5.55,0,0
873e80bc10d156ea,1,3.2,31.57,33.53,5.18,5.26,0,0
1e0e26ffc2ae5b34,1,3.36,32.17,32.88,13.75,14.01,0,1
9ec45037796f541c,1,3.53,33.51,33.69,16.83,16.97,0,1
a9956fd52aa15f39,1,2.42,28.25,28.27,9.32,9.32,0,0
1a0605b15ce0596b,1,1.53,5.28,5.28,0.83,0.83,0,0
59d306aa441a5665,1,7.38,41.23,41.86,21.43,21.5,0,1
dde2ef92aa56546b,1,7.3,39.88,40.23,21.17,21.25,0,1
ffd68c5733d35ebc,1,7.2,38.32,38.47,21.1,21.16,0,1
d58159872a0d58b7,1,7.1,35.31,35.39,21.26,21.32,0,1
c4f590c6b7e85691,1,6.97,33.0,33.03,21.46,21.52,0,1
58863e0ecc6357c5,1,0.0,11.11,11.37,5.44,5.45,0,0
dd9143b12b155b15,1,0.03,11.57,11.91,5.51,5.51,0,0
0c625b3536f2553d,1,0.05,11.05,11.67,5.33,5.35,0,0
75b312bbd4e25c17,1,1.07,2.9,2.9,0.41,0.41,0,0
96af2f9a0f9352ab,1,0.15,6.47,6.48,9.72,9.72,0,0
d3cca8ce7e1458ad,1,0.6,9.05,9.05,12.52,12.52,0,0
56780fc1a6bc53a8,1,1.25,11.87,11.87,14.39,14.39,0,0
2a764e45008651e0,1,4.28,23.8,23.8,27.44,27.44,0,0
167063f69e8357d8,1,4.99,26.24,26.24,29.15,29.15,0,0
b27841ee318f5d92,1,13.34,66.56,66.57,49.22,49.22,1,1
2abac20522fb5014,1,13.42,66.58,66.6,49.27,49.28,1,1
15356a2c8fe1529f,1,9.4,59.73,60.64,33.73,33.99,0,1
cd3b8dce1faa577f,1,9.36,59.39,60.48,36.41,36.88,0,1
54d9604b5b265c99,1,9.29,58.93,60.17,36.67,37.14,0,1
7d74fbed5a8c534c,1,9.22,58.78,60.04,36.6,37.02,0,1
ab120237801f549a,1,9.15,58.69,59.83,33.43,33.66,0,1
637b5b88f5a2566c,1,9.05,58.37,59.25,33.15,33.46,0,1
efd6ba6db6db5f6c,1,8.91,57.83,58.2,32.69,33.03,0,1
774432c5e7b25128,1,8.76,56.98,57.07,30.77,31.06,0,1
2302da9c486d5e3b,1,6.88,49.74,50.11,33.69,33.78,0,1
8ff8246f69f75f6a,1,7.19,51.13,51.55,33.64,33.74,0,1
a61ba5902ded5c56,1,7.52,52.58,53.03,33.68,33.77,0,1
95193473b1cb5434,1,7.81,53.9,54.36,33.78,33.87,0,1
e69feea0fa7953e0,1,8.34,56.23,56.69,35.01,35.11,0,1
346a78f56b165dea,1,8.56,57.23,57.65,36.7,36.83,0,1
43cfa12f279355aa,1,8.76,58.07,58.48,35.11,35.23,0,1
9e1cdfa2d2185645,1,8.93,58.9,59.2,35.21,35.32,0,1
d444aa6b0d4a5573,1,0.71,19.69,19.69,8.83,8.84,0,0
df1a9e58ca1150cd,1,1.15,23.45,23.45,7.18,7.18,0,0
f964ec80acf557bd,1,1.47,24.35,24.35,10.14,10.14,0,0
dc168a56b2755e21,1,1.74,24.9,24.9,9.99,9.99,0,0
1ce780e012fc5d23,1,1.91,25.69,25.69,6.0,6.0,0,0
7a8c81a7cd1256e0,1,2.01,26.21,26.21,5.83,5.83,0,0
7a91cd530cac57fc,1,2.21,27.23,27.23,6.04,6.04,0,0
205143f7ff4d5b4b,1,2.42,28.25,28.26,5.88,5.88,0,0
5521dd071ee95c1a,1,6.31,41.68,41.78,28.24,28.27,0,1
20cc0fdb7e2d5c3f,1,6.58,42.15,42.19,30.34,30.38,0,1
77dce92bdc8752d4,1,6.8,42.2,42.28,28.77,28.8,0,1
a1848a01a20b5224,1,7.87,24.17,24.22,28.13,28.13,0,0
6fe17a5e4d755f59,1,7.91,20.88,20.96,28.47,28.47,0,0
21b63f3e9c025da2,1,7.96,17.29,17.38,33.01,33.03,0,0
d86683ee976e5889,1,8.0,52.69,52.83,28.2,28.22,0,1
3b3627c7892d5b5e,1,7.99,43.18,43.28,27.15,27.16,0,1
fc4982439fef5cb2,1,8.18,54.56,55.89,30.29,30.42,0,1
52761f4f68355373,1,8.08,54.06,55.48,28.48,28.62,0,1
2e34ba0896d75c28,1,7.98,53.61,55.06,28.52,28.69,0,1
7eb4ec2ae9fe5702,1,7.88,53.27,54.69,27.72,27.85,0,1
27c0f4e2b49b5c08,1,7.77,52.99,54.1,28.51,28.7,0,1
c2a93dd3494b5702,1,7.67,44.49,45.26,28.39,28.57,0,1
2d84ae5e1fa85f94,1,7.57,43.44,44.32,26.07,26.21,0,1
d903d26195085adb,1,7.45,42.34,43.09,26.18,26.32,0,1
a243657871795ce2,1,7.79,30.46,30.46,28.1,28.16,0,0
48ba976afe6a59c8,1,3.35,4.25,18.47,8.13,9.06,0,0
3d325eb7d07c587f,1,3.0,-0.5,20.83,5.06,5.28,0,0
93614dfd833d5423,1,2.71,1.35,20.89,5.06,5.54,0,0
786c64badbb15a9c,1,2.5,3.4,20.96,7.76,10.99,0,0
16069af36de45703,1,2.5,7.04,18.38,7.87,9.57,0,0
f76d76bae0365a21,1,2.57,9.28,13.21,12.55,12.63,0,0
debb1dafdd77545e,1,2.65,11.54,15.96,4.27,4.45,0,0
d02d0643d42c5d91,1,3.38,10.13,13.09,2.23,2.23,0,0
9c1f46770f2655b1,1,2.8,8.53,10.15,6.66,7.16,0,0
37c8a00c76905ffe,1,2.54,7.51,9.18,6.55,7.37,0,0
73bc5ba81812539f,1,2.32,6.72,8.26,6.38,7.43,0,0
eb86e67498595966,1,2.09,6.12,7.44,6.18,7.18,0,0
57177f12c7045c13,1,1.74,5.28,5.99,4.9,5.41,0,0
4aab1b32b1ad58aa,1,1.57,4.89,5.33,5.06,5.37,0,0
5c46c17f514b5153,1,1.45,4.52,4.72,1.43,1.46,0,0
2c8a58b94332570d,1,2.74,11.84,16.17,5.26,5.39,0,0
289a58bd2ab6512b,1,2.76,11.93,15.14,5.29,5.4,0,0
3b8bc6ec37105767,1,2.56,16.12,16.3,5.49,5.53,0,0
65a5be18fdb7508d,1,2.63,17.09,17.12,5.67,5.69,0,0
ce23b8e489255237,1,3.35,17.42,17.5,3.9,3.9,0,0
682413e506fc5bac,1,3.5,16.82,17.07,3.86,3.86,0,0
02cc0007d6755abc,1,3.58,15.86,16.38,3.86,3.86,0,0
49f205ebb9d559c2,1,3.49,12.86,13.84,2.28,2.28,0,0
9021c431095f520f,1,2.28,12.69,25.16,9.23,10.41,0,0
141d6f95ecf059c4,1,2.38,13.82,26.15,9.22,10.38,0,0
c940e807dd6b53c8,1,2.49,15.75,27.18,9.17,10.26,0,0
d242cc91d5ef57b7,1,2.62,18.36,28.24,3.59,3.68,0,0
d084fdb9e50258ba,1,2.75,21.54,29.3,5.65,5.87,0,0
f67e431f781659eb,1,2.89,24.74,30.24,12.05,12.71,0,0
3e0d470196605588,1,3.03,27.76,30.6,5.4,5.59,0,0
bd28f12ef0295020,1,3.25,38.74,38.95,15.67,15.94,0,1
613c9ac33f6951ca,1,7.89,43.01,43.11,28.63,28.65,0,1
6950076b024c51db,1,7.76,33.64,33.79,28.98,29.0,0,1
da590e67d2e6532a,1,7.67,31.16,31.28,27.29,27.31,0,0
976ec6840abe5733,1,7.61,50.13,50.17,27.26,27.27,0,1
dc39a0845cde5b42,1,7.59,49.77,49.79,28.38,28.38,0,1
4fd76c8d85845816,1,8.11,44.93,45.82,33.52,33.56,0,1
bd7154fc2b1f548b,1,8.07,40.93,41.17,31.21,31.26,0,1
f7143ad20856584c,1,7.94,38.36,38.89,31.0,31.06,0,1
9838aa01c0de5dc8,1,10.74,62.37,62.38,43.48,43.48,0,1
f84b6dbc1cd35f61,1,10.01,41.05,41.05,31.44,31.44,0,1
f750532882175c31,1,9.63,37.74,37.74,27.75,27.75,0,1
fceded25dc595e06,1,9.2,34.3,34.3,26.93,26.93,0,1
6ac603d43fbb57ef,1,8.75,30.82,30.82,24.37,24.37,0,0
f25f295b364a5f29,1,8.28,27.4,27.4,22.05,22.05,0,0
04377176d16d5a0f,1,7.81,24.0,24.0,19.97,19.97,0,0
61b108df4a5f53fb,1,7.32,20.74,20.74,17.0,17.0,0,0
5ff30edb240758c4,1,1.43,9.7,19.48,8.98,11.13,0,0
eb3c2a16d549564a,1,1.86,11.74,21.42,10.22,13.22,0,0
bdb483626cc95b2b,1,2.16,13.73,23.16,10.09,12.19,0,0
888d1fb945ed5982,1,2.38,16.95,25.14,10.38,11.33,0,0
52cb88473a965bac,1,2.63,20.69,26.9,9.48,10.67,0,0
dd8205f11d7a5918,1,2.87,24.84,28.74,14.31,15.39,0,0
6ed01f269a835519,1,3.12,28.75,30.87,13.0,13.73,0,0
21b8742127e7523c,1,3.13,16.6,26.56,13.23,15.16,0,0
83671631057f50a4,1,1.4,4.06,4.11,1.3,1.33,0,0
35c98e62401f5c7e,1,0.83,8.59,10.66,6.97,7.59,0,0
1c03788c47b75b6b,1,0.91,8.98,10.87,7.41,7.9,0,0
fdcbf84507845615,1,1.18,9.63,11.43,9.06,9.64,0,0
aa843e4d6d3b5fc3,1,1.49,10.44,12.16,9.47,10.05,0,0
fbe5169b7fc85137,1,2.02,12.51,13.61,10.18,10.56,0,0
61138bee69015264,1,2.26,19.56,22.18,9.75,10.0,0,0
6151a6ef02ee5f8e,1,2.38,23.23,27.16,11.69,12.13,0,0
a82187d6e7805fa2,1,0.09,16.56,17.23,7.21,7.22,0,0
be85b447a33b59f8,1,0.02,16.43,17.07,7.32,7.32,0,0
6c84787939055fe8,1,0.27,16.83,17.56,11.16,11.21,0,0
7b7d556d563f5ac4,1,0.83,18.26,19.44,12.01,12.14,0,0
d5a5e1b5588b56d5,1,1.4,19.91,21.96,13.04,13.24,0,0
f8682fec1c2e5c59,1,1.95,21.29,24.46,12.85,13.12,0,0
a2fe72b034765149,1,2.42,22.66,26.26,12.38,12.68,0,0
09034d77d3b15c5a,1,2.77,23.6,28.09,11.91,12.25,0,0
f5ebfa68c2315d0c,1,0.77,1.94,3.25,0.79,0.8,0,0
37c816fee82753e3,1,0.75,1.65,3.06,0.73,0.74,0,0
9cc2069263cc5e4a,1,0.68,1.34,2.88,0.34,0.36,0,0
6326e62f04625791,1,0.76,8.17,8.2,7.59,7.6,0,0
cde54c98cbec5255,1,5.46,21.63,28.29,18.24,20.05,0,0
92e7b3a7f4d054f3,1,5.48,19.18,29.72,20.79,20.93,0,0
76a07493339e5e81,1,5.53,16.13,33.17,24.74,24.76,0,0
cebd7d74024b5cce,1,5.77,22.22,39.04,17.46,20.93,0,0
098c8aa8816b5805,1,5.97,28.16,40.94,2.79,2.8,0,0
02c8da231eb15ed2,1,6.31,34.03,43.69,22.97,26.4,0,1
3739c038002f57ca,1,6.65,39.62,44.81,27.99,31.34,0,1
cc9e361d27725cb7,1,7.1,44.33,46.56,31.53,32.98,0,1
5361459e4c1b5899,1,7.56,47.22,47.9,36.64,37.11,0,1
0481cf2b75f1532f,1,11.07,27.54,27.55,31.02,31.02,0,0
3f0c448b71005686,1,11.1,22.63,22.64,5.45,5.46,0,0
56b0ed5018c25d3f,1,11.16,20.04,20.04,7.68,7.68,0,0
03ad57c205da56f2,1,6.24,44.47,47.29,25.59,26.31,0,1
fc0acfe530ba5562,1,6.32,45.01,47.47,28.35,29.15,0,1
bdb2a3cdeadc51c7,1,6.4,45.71,47.82,28.39,29.11,0,1
39215c6e71725031,1,7.09,41.92,42.72,29.2,29.5,0,1
38f5cc0699195554,1,7.19,40.38,40.95,28.85,29.18,0,1
9ed1a37904015782,1,7.29,39.21,39.75,28.89,29.24,0,1
4f08dd3299925309,1,7.37,37.89,38.32,28.79,29.1,0,1
f016e2b6ac155a30,1,5.98,24.39,24.53,18.41,18.42,0,0
27cd5e04627e5258,1,0.17,7.16,14.69,5.41,5.58,0,0
3838eb184c9d5989,1,0.17,7.24,14.69,7.13,7.75,0,0
3af9cb4d21e15e9e,1,0.54,7.36,15.26,7.62,8.49,0,0
b90086e468f05378,1,1.11,7.59,17.24,9.0,10.14,0,0
cd58499f8230591a,1,1.68,9.37,21.02,7.51,8.41,0,0
c67e9184504951c5,1,2.15,11.12,23.82,3.91,4.07,0,0
012432bd62b85f80,1,2.48,13.7,26.06,7.15,7.93,0,0
a689d4a215245104,1,2.66,16.75,27.59,2.55,2.57,0,0
22dcb62f62a15d42,1,3.39,38.03,38.04,13.5,13.57,0,1
8294a047fcda5698,1,4.22,36.66,37.36,16.66,16.73,0,1
e8edb3108f41545c,1,4.34,37.3,37.82,16.75,16.82,0,1
0c3a4023a05d507c,1,4.47,38.0,38.47,19.12,19.21,0,1
63a48cda986b569b,1,4.6,38.8,39.14,17.21,17.26,0,1
7fd8acb62ee556d0,1,4.74,39.77,39.84,19.43,19.49,0,1
13ba9275e341525b,1,0.55,18.93,18.97,5.28,5.28,0,0
5cc24961cbed5fd0,1,0.61,19.21,19.25,9.06,9.06,0,0
6f81927cafa65005,1,5.93,25.46,25.78,16.84,16.87,0,0
ea1b4fddc18d51bf,1,5.91,26.31,26.88,20.2,20.42,0,0
44c38912946e580e,1,5.92,27.61,28.47,20.16,20.47,0,0
0f7a1388a17f5654,1,5.94,28.78,29.66,19.97,20.25,0,0
7cf4a1ba9b6054f9,1,5.97,30.75,31.45,22.99,23.27,0,0
e2de3bfda0725acc,1,6.01,32.84,33.33,22.24,22.42,0,1
566cac9a7c0358ce,1,6.29,39.7,39.73,23.68,23.71,0,1
1b1f22e9af535f9f,1,7.07,36.38,43.01,20.13,20.13,0,1
4d13950871eb5917,1,4.17,24.82,34.92,13.65,15.46,0,0
6a833f3690205bac,1,4.38,28.76,36.62,15.68,17.72,0,0
3c99fcb4ef8c5382,1,4.61,32.83,38.26,18.28,20.27,0,1
b6131f42e3c05ea1,1,4.84,44.27,46.84,17.94,19.16,0,1
2943657d55dc5d65,1,5.11,44.94,45.79,21.15,21.93,0,1
66b9427f41385b55,1,6.03,43.74,45.88,22.67,22.86,0,1
80fdf1c45abd5c48,1,6.1,43.58,46.28,24.29,24.74,0,1
d94271077f7a5432,1,6.17,43.66,46.64,24.5,25.15,0,1
119bd713e2db5e25,1,8.9,58.87,59.08,35.09,35.17,0,1
684ff3674eeb54ea,1,8.73,58.27,58.34,36.58,36.63,0,1
a2737c768a335e27,1,8.75,58.44,58.46,35.67,35.69,0,1
e29b049a9bf3509c,1,0.1,17.89,17.89,12.58,12.58,0,0
0324b2d1ca2e5b6e,1,0.69,19.64,19.64,14.92,14.92,0,0
9157902936a456bf,1,1.59,24.08,24.08,21.24,21.24,0,0
e3893ed312f45501,1,3.62,34.22,34.22,27.22,27.22,0,1
252522eebf5e5dc1,1,4.64,38.73,38.74,29.17,29.18,0,1
6ef9b5c13bb952cd,1,0.68,12.47,17.83,8.33,8.82,0,0
03d1885be4355a79,1,1.41,13.55,21.34,9.34,10.39,0,0
e74ca27f40755297,1,2.97,11.05,14.28,6.53,6.89,0,0
40e774c643fc5689,1,3.24,12.01,14.63,5.17,5.4,0,0
325989552f0d5845,1,3.52,23.01,25.97,5.13,5.26,0,0
50ffc42cec865b2e,1,3.86,32.01,33.41,4.13,4.18,0,1
076f6be5815b547f,1,4.23,39.64,40.27,19.77,19.99,0,1
be9298a106f552af,1,6.02,44.4,44.43,27.93,27.95,0,1
d7cc45e58d175329,1,3.4,26.34,28.45,11.86,12.98,0,0
f0d1419c24b85651,1,3.36,27.89,28.03,15.02,15.53,0,0
65d05fc646de5ce6,1,3.56,27.67,29.62,16.03,16.23,0,0
fb8731e672c45a13,1,3.65,26.02,29.0,17.17,17.5,0,0
edf7e758c7075ce8,1,0.0,15.28,15.28,7.27,7.27,0,0
2695738230ce5ad0,1,0.0,9.1,9.11,7.26,7.26,0,0
b7f26baef02d54ea,1,0.04,11.79,11.9,8.83,8.83,0,0
569187407cd3517c,1,0.33,15.74,15.76,10.99,10.99,0,0
5856cd24d07c5b79,1,2.46,23.67,27.82,11.81,12.33,0,0
e5de42748cb65962,1,2.53,23.84,28.25,12.29,12.99,0,0
0004474e9e3f5470,1,3.04,20.62,23.82,13.44,13.6,0,0
1b10cc004b735f40,1,3.08,20.13,23.54,13.55,13.67,0,0
44de6aa3d6955912,1,3.13,14.86,15.52,10.65,10.7,0,0
b4797f8fbe08559f,1,0.05,8.77,14.63,6.66,7.51,0,0
d392c806c0605f72,1,0.26,8.84,15.0,6.72,7.59,0,0
9bb5a81e7fad549a,1,0.85,9.06,16.8,7.79,9.48,0,0
c1839a3333695317,1,11.5,55.57,55.67,46.1,46.16,0,1
b7505d7478385be9,1,11.57,55.56,55.65,46.04,46.09,0,1
017e89f6f6a85d79,1,11.64,55.64,55.7,46.5,46.55,0,1
3e1c321be4295fc7,1,11.74,55.72,55.78,46.56,46.61,0,1
30e7a7c93a225968,1,11.85,59.61,59.67,46.28,46.34,0,1
d61fe42422225edf,1,11.94,55.82,55.86,46.11,46.16,0,1
59928d37e9245bf3,1,12.02,55.83,55.86,46.19,46.22,0,1
24f29711e1a05cb5,1,12.34,55.98,55.99,40.28,40.29,0,1
bd3312be2419553c,1,2.32,8.64,8.73,3.85,3.85,0,0
30d639fe2d5057e3,1,2.0,7.7,7.73,3.14,3.14,0,0
afbde7335ad05055,1,1.32,3.93,3.94,1.49,1.49,0,0
999785384adc5afe,1,0.52,6.53,6.58,4.66,4.66,0,0
351226f263825b4b,1,0.69,7.35,7.39,5.07,5.07,0,0
ca4be8d422eb5f56,1,0.84,8.54,8.55,7.38,7.38,0,0
f86eb011b333505e,1,4.37,20.53,32.16,13.69,15.62,0,0
77398398b6c550c2,1,4.41,24.38,33.92,16.94,20.21,0,0
502fadfdde3554b2,1,2.06,20.78,21.47,2.53,2.53,0,0
9cd4b5f3bbf85357,1,1.79,20.09,20.77,4.38,4.38,0,0
cc63d140e4285f30,1,1.89,20.36,21.0,15.37,15.61,0,0
ac24fb00e61a5da2,1,7.28,32.7,32.7,21.31,21.31,0,1
1cf59919c4f15605,1,6.88,30.13,30.13,19.2,19.2,0,0
7145c064885a53c4,1,6.48,27.75,27.77,17.73,17.73,0,0
4a9901b941be5695,1,6.05,24.66,24.66,14.59,14.59,0,0
14ce4ee85a9c5471,1,5.57,22.53,22.53,13.97,13.97,0,0
80b61a3a73f55af9,1,5.62,43.83,43.83,33.26,33.27,0,1
feff7ece85635a65,1,6.56,48.1,48.11,35.95,35.96,0,1
bdef1564d4565c48,1,7.49,51.87,51.88,36.57,36.59,0,1
75b3192cd5825661,1,8.37,55.31,55.33,40.92,40.94,0,1
249dd85ebaa65b9f,1,9.11,57.8,57.82,41.15,41.19,0,1
3ba5c2d842785d59,1,9.67,59.52,59.54,41.0,41.03,0,1
42b4245406ee5ab8,1,10.16,60.9,60.94,42.04,42.06,0,1
4c46222756735317,1,10.55,61.91,61.93,43.49,43.51,0,1
6d9b7998b38a52a3,1,0.81,20.22,20.26,11.11,11.11,0,0
8ab90aef703b50cc,1,1.24,22.29,22.31,10.56,10.57,0,0
9411f5b779cb5d09,1,1.71,24.25,24.31,10.11,10.11,0,0
355e4d5dc6c15b9b,1,2.16,25.46,25.76,9.58,9.58,0,0
79c9f05d61955e2d,1,2.5,24.94,26.18,10.73,10.73,0,0
02c896df120754ba,1,0.11,12.07,16.31,3.74,3.76,0,0
f9f38dec4f2c58d7,1,0.06,12.05,16.22,6.43,6.59,0,0
3cc3567e89f95e0a,1,0.21,12.14,16.5,6.26,6.41,0,0
1dc0a266d7ea5c61,1,4.11,12.88,23.22,13.58,13.74,0,0
b2c6c9741b7b5638,1,4.04,12.54,23.52,13.34,13.75,0,0
5ca0bd6bc8e258c9,1,3.99,7.28,21.54,12.86,13.78,0,0
1b2bf4aef1465325,1,3.94,4.6,20.72,12.48,13.71,0,0
7606dcaf85735093,1,3.87,4.15,20.33,12.68,15.02,0,0
7b7a36c1491a54e2,1,3.78,4.46,20.96,12.93,15.23,0,0
e3a97e3004795b39,1,3.67,5.28,20.55,13.24,15.29,0,0
5966bd50b16558ca,1,3.55,7.05,18.77,10.26,11.28,0,0
ff66468144595101,1,12.36,55.98,55.98,40.21,40.22,0,1
ddd6640cba7e584c,1,12.4,56.0,56.0,40.5,40.51,0,1
09cd7b3746d65a79,1,11.25,55.2,55.2,40.02,40.04,0,1
645e303a25a65190,1,5.92,27.92,33.7,20.32,20.77,0,0
972fa3a96b9f5301,1,5.82,26.66,34.29,19.54,20.29,0,0
059ce0fdfc67544c,1,5.74,26.38,35.7,6.53,6.55,0,0
df140a20f6b55c9b,1,5.71,27.22,37.41,7.35,7.44,0,0
cfe730cbf7e55330,1,5.92,29.46,38.74,7.71,7.79,0,0
fe22e2c812e65096,1,6.88,34.91,42.89,17.88,17.88,0,1
59bf40c427da5eb1,1,6.45,28.25,36.49,16.01,16.02,0,0
bd3e71c7666156ee,1,5.86,19.37,25.8,12.2,12.3,0,0
17aa66edae0e5214,1,5.14,23.24,32.54,14.31,14.54,0,0
60e98c18f487568c,1,4.4,20.79,30.56,8.27,8.32,0,0
da928b52410d5da6,1,3.73,19.11,28.71,10.17,11.49,0,0
b031e4b0aea8528b,1,3.53,20.54,28.39,5.29,5.46,0,0
6bc26fb97d7f5d48,1,3.46,23.48,28.46,4.37,4.57,0,0
9326163d4c9c5d16,1,6.87,20.66,30.78,20.28,22.15,0,0
734ef653644c55b9,1,6.93,20.88,29.58,19.49,21.57,0,0
95ccb71300195f57,1,6.88,21.08,28.13,20.69,23.78,0,0
17c5c685420d5729,1,6.77,20.62,26.33,19.32,21.46,0,0
460c1bc090365d1b,1,6.69,20.06,24.29,19.52,21.56,0,0
d59310a4fd6e5fde,1,1.87,25.5,25.5,18.88,18.88,0,0
ddf632a3ce305812,1,3.19,32.1,32.1,23.74,23.74,0,1
7053e82f2f1c5364,1,3.84,35.29,35.29,23.55,23.55,0,1
9d1bd4fa169c5ebe,1,3.64,13.47,28.97,13.89,16.59,0,0
d21b22d6c0405ad7,1,4.04,14.24,30.61,13.04,16.36,0,0
3862c9ed94ab5f90,1,4.33,15.86,33.05,12.94,16.28,0,0
4ae7296f92115e83,1,5.77,43.18,44.58,28.67,29.41,0,1
96eed7e55d4c5f8b,1,6.15,46.4,46.64,28.71,28.85,0,1
0f186e17ed445c5a,1,6.57,48.68,48.69,26.54,26.56,0,1
96c8893a610b51ba,1,7.66,33.87,33.88,21.31,21.31,0,1
a924eaf3a0c35078,1,7.43,30.82,30.83,20.75,20.75,0,0
8d6afa56bbb95f18,1,0.28,18.21,18.22,10.05,10.05,0,0
3721b675d426567c,1,0.32,18.28,18.29,13.93,13.93,0,0
80dea9d7cb445906,1,0.95,20.77,20.77,17.5,17.53,0,0
3daa044b17795a85,1,1.89,25.08,25.23,19.43,19.52,0,0
cba43d02cf795a0f,1,4.94,30.5,31.0,27.31,27.67,0,0
fdde37fbe3d35bef,1,5.78,41.85,42.53,26.47,26.8,0,1
bc63d7f1ab7759ee,1,6.46,44.51,45.01,28.74,28.98,0,1
6f385b24c5a651bf,1,7.06,46.78,47.27,29.16,29.33,0,1
3a8a83bdb2c05a02,1,5.92,32.51,40.27,23.6,26.28,0,1
a1a8c4053bc7577e,1,6.05,36.66,42.59,24.63,26.73,0,1
5ab14dca42a058d9,1,6.32,41.94,46.0,25.73,27.65,0,1
60c5f18db58c54da,1,6.61,46.44,48.44,28.5,29.58,0,1
812b2b639eb759f4,1,7.02,50.02,50.68,33.08,33.45,0,1
260efd01066156ab,1,7.41,52.14,52.43,33.25,33.45,0,1
1f211666d4465388,1,8.76,58.05,58.29,27.62,27.62,0,1
21128a317e82595f,1,8.72,57.86,58.15,30.97,30.98,0,1
8984fe1857e057b3,1,1.08,19.66,19.68,8.6,8.6,0,0
c69d4cbd79ea52a0,1,1.98,24.73,24.75,4.77,4.78,0,0
da848499bd6759c9,1,5.93,43.86,43.9,26.66,26.69,0,1
ab872f589011527d,1,6.53,46.02,46.06,26.08,26.1,0,1
8bd32ab85e615190,1,7.09,47.81,47.84,10.47,10.48,0,1
f8d3738f77c05163,1,7.53,49.11,49.14,7.95,7.96,0,1
526b66c665085401,1,7.93,50.18,50.19,23.41,23.42,0,1
551afc276a1a5ab3,1,0.77,19.95,19.95,10.01,10.01,0,0
fae7a01d5d815f04,1,4.04,20.5,33.5,14.17,18.0,0,0
d35a0c5da0c55970,1,4.59,27.25,36.68,7.75,8.29,0,0
4554dbd136da53b8,1,5.21,34.4,39.89,24.38,27.06,0,1
cac5deee337257e1,1,5.83,40.51,42.9,28.6,29.63,0,1
f01212b1c5b25520,1,6.48,44.99,45.74,33.29,33.6,0,1
a34e53ca202b5fa3,1,7.15,47.74,48.02,34.62,34.73,0,1
edeaf2305fa85143,1,7.78,49.68,49.78,34.51,34.55,0,1
dd162898ecf351d4,1,0.74,2.26,3.49,0.85,0.86,0,0
717d8be0b970524e,1,1.28,17.65,17.65,15.31,15.31,0,0
6dca7faa6d145d77,1,3.9,29.89,31.16,17.27,17.46,0,0
babd01c3694d5e18,1,4.36,30.17,32.14,19.53,19.85,0,0
b1861baea30d54ef,1,4.86,29.91,32.93,22.25,22.72,0,0
1cf4270132e35206,1,5.36,28.91,33.39,22.23,22.99,0,0
3baab5739cb95408,1,5.83,27.3,33.5,23.91,24.54,0,0
4356c31443585d79,1,6.53,23.25,32.65,23.2,23.89,0,0
192e92b5db4754a6,1,6.73,21.62,31.82,20.87,22.46,0,0
9e9da0b49c475ca1,1,5.1,20.18,20.18,12.37,12.37,0,0
0059b8e52a3f55e8,1,4.62,18.61,18.61,10.61,10.61,0,0
5777bfe33e865897,1,4.15,17.01,17.02,9.37,9.37,0,0
1bf819f13d1c562f,1,3.7,15.68,15.68,8.32,8.32,0,0
584c0bd68dbb55e9,1,3.33,14.53,14.53,8.22,8.22,0,0
b28ff93f850259ee,1,3.07,13.03,13.03,6.7,6.7,0,0
ebc294355ca753b0,1,2.86,11.52,11.54,5.45,5.45,0,0
27eb0ba03f385c69,1,2.67,10.05,10.13,4.33,4.33,0,0
13310ca9a7715154,1,5.85,43.38,43.39,14.55,14.61,0,1
af0e2b61cba953de,1,5.74,41.13,41.15,16.53,16.53,0,1
6dfba05513f05909,1,5.64,41.22,41.24,16.37,16.37,0,1
60af77348f6257b6,1,5.54,41.51,41.54,16.03,16.03,0,1
0e60a3a86ce2570d,1,5.45,41.29,41.33,15.74,15.74,0,1
e9799c219eb25a48,1,5.36,41.61,41.7,15.73,15.73,0,1
fcb205c7324051ae,1,5.27,12.33,12.34,12.32,12.32,0,0
045a93a43af35fd1,1,5.09,10.0,10.0,10.01,10.01,0,0
4104c86ea5425c40,1,10.87,66.03,66.12,6.54,6.55,1,1
ffed00245f3f5d00,1,10.85,66.01,66.04,42.75,42.78,1,1
e036ba13ad4d5784,1,10.86,34.13,34.13,40.2,40.21,0,1
caa0f73288d75ba7,1,10.92,66.22,66.22,43.2,43.22,1,1
ac73220f793d522e,1,10.99,66.44,66.44,42.89,42.91,1,1
3151813685fe5b1d,1,11.05,66.6,66.61,42.95,42.97,1,1
594e39f9024a5835,1,11.12,66.81,66.81,43.13,43.16,1,1
0bdc177e43cf5df8,1,10.23,63.8,63.83,28.31,28.31,0,1
52c337a436ab5362,1,9.97,62.91,63.02,31.79,31.81,0,1
e3a04835bb6357ad,1,9.56,61.14,61.43,27.79,27.79,0,1
11d28b80cd0a56d5,1,9.12,54.52,54.88,26.98,27.0,0,1
bcf787cdb66453f0,1,8.71,31.04,31.39,27.02,27.08,0,0
d37cdaefc82d5cb2,1,8.23,30.94,31.12,24.07,24.15,0,0
2ee34c8975525f5c,1,7.74,25.89,26.02,20.96,21.01,0,0
8f0f7125a2e856b8,1,7.25,22.1,22.13,18.84,18.87,0,0
e7da21c4ef4a5e3f,1,6.78,18.83,18.84,15.77,15.78,0,0
d45f18da371a5fe5,1,9.23,52.18,52.67,36.13,36.26,0,1
761d3f2365c25886,1,9.24,52.05,52.7,35.48,35.71,0,1
71531dafe28052ac,1,9.24,52.02,52.75,34.37,34.66,0,1
f25f862298af549d,1,9.27,52.22,52.86,36.53,36.83,0,1
1028df4fc9055ed8,1,9.29,52.48,52.95,34.6,34.83,0,1
36b4b6d6e4745071,1,9.31,52.73,53.05,34.68,34.83,0,1
644d0407ee0a5337,1,9.3,52.9,53.08,39.08,39.19,0,1
beaa12171da45b46,1,9.37,53.16,53.23,39.05,39.09,0,1
0b99739b06c455bf,1,8.7,50.08,50.16,33.36,33.38,0,1
12030460794b563e,1,8.62,48.8,48.88,29.82,29.84,0,1
6a8087fb9f3e5751,1,8.54,47.83,47.91,25.76,25.77,0,1
0bcebe354a715163,1,8.41,46.79,46.86,29.6,29.62,0,1
9e24f7a402a85804,1,0.06,2.65,2.67,9.26,9.26,0,0
18ca4d6e9c0a576b,1,0.5,2.56,2.58,12.96,13.12,0,0
016d6a913efa5ff1,1,2.26,15.5,23.48,14.39,15.12,0,0
42007c7edb945956,1,3.02,14.92,25.94,13.9,15.2,0,0
c06773e2267b568e,1,9.47,52.3,53.29,12.9,13.01,0,1
e2442187de045407,1,9.39,52.61,53.21,12.77,12.87,0,1
9c62f0bf33fd542d,1,9.32,52.8,53.09,15.07,15.16,0,1
1e2e250cbb555fe6,1,9.29,52.92,52.99,34.73,34.88,0,1
063f7dfe767d55aa,1,9.25,52.85,52.85,35.11,35.17,0,1
6af6e8242e045406,1,9.23,52.68,52.73,9.76,9.77,0,1
e393bc5cafe95872,1,9.22,52.47,52.66,31.28,31.28,0,1
184c11a8cc875403,1,9.23,52.33,52.65,33.82,33.86,0,1
297a54df537c5317,1,8.56,56.79,57.58,36.86,37.05,0,1
e0c8f4849910501f,1,9.01,58.74,59.44,37.01,37.18,0,1
9b91401bbfad5a3e,1,9.42,60.49,61.07,40.88,41.05,0,1
2e6dbcea86d555f4,1,9.79,61.95,62.48,40.94,41.11,0,1
7f86145a2a8a514b,1,10.15,63.24,63.75,42.24,42.41,0,1
cecf3adea347569b,1,10.47,64.44,64.87,44.02,44.3,1,1
1abf52a927025259,1,10.81,65.6,65.86,39.36,39.53,1,1
afd632f043e35a49,1,11.04,66.41,66.6,6.58,6.59,1,1
a1adc0fae78f5a3f,1,9.44,53.35,53.37,40.55,40.57,0,1
4cac9f6cd85a5b47,1,9.12,52.79,52.81,6.91,6.91,0,1
18dd0b3ef6b75b70,1,9.25,53.02,53.04,13.93,13.94,0,1
6f525eba8afc547c,1,9.38,53.24,53.26,9.57,9.57,0,1
e0d14f6cb7df526e,1,9.48,32.97,32.98,28.46,28.46,0,1
650c7a9e7ea45062,1,10.1,54.33,54.41,39.97,39.98,0,1
93e2377357d9551e,1,10.13,54.37,54.46,39.63,39.65,0,1
2ac5f9fae5a95215,1,11.18,55.38,55.63,41.02,41.08,0,1
85482a4d20fd5eac,1,10.09,53.42,53.95,40.5,40.66,0,1
8e2d1588daa3536f,1,10.02,52.91,53.74,36.44,36.63,0,1
93ff1c769e6f5507,1,9.92,52.34,53.53,6.36,6.36,0,1
45f13336bbd35146,1,9.85,51.83,53.43,6.52,6.52,0,1
1d95772619d35606,1,9.79,51.59,53.4,15.55,15.61,0,1
3309408516525e17,1,9.73,51.63,53.4,15.2,15.29,0,1
c6e62024ca7e5959,1,9.67,51.81,53.41,19.21,19.4,0,1
0e479a9039ef5c10,1,9.57,52.03,53.36,19.07,19.26,0,1
99b52fa162c550d4,1,4.5,28.88,30.08,19.43,20.03,0,0
6ce3e4a1792651a8,1,4.54,36.71,37.84,19.79,20.23,0,1
f7f7750b2dc2548e,1,4.62,37.77,38.41,17.29,17.51,0,1
9fdd329b72e85179,1,1.04,15.39,17.65,6.98,6.98,0,0
488822d6447b5b58,1,1.39,12.81,15.62,6.93,6.94,0,0
a5b6e054384c586c,1,1.81,12.48,20.84,5.02,5.02,0,0
953b6023473258bb,1,1.86,11.6,21.02,8.19,8.32,0,0
02c173ffafdd5be5,1,1.91,10.78,21.62,9.75,11.17,0,0
3d6f193fad315d97,1,7.56,22.93,22.94,19.18,19.18,0,0
c5ff90667143574a,1,7.17,19.83,19.88,16.02,16.02,0,0
26e5d2127cf9563d,1,6.71,16.79,16.81,14.02,14.04,0,0
3d4616d64a4c5f53,1,6.13,14.01,14.03,12.37,12.4,0,0
9e3c4f7d62315b95,1,5.46,11.39,11.4,9.01,9.03,0,0
ba09d23c78b95a66,1,4.75,9.09,9.09,8.02,8.03,0,0
24593b75ebb35271,1,4.04,7.01,7.07,5.19,5.2,0,0
24db96c8c21753d5,1,3.39,5.49,5.5,3.75,3.75,0,0
2cae5f08e11a5dbd,1,6.02,43.9,44.29,28.49,28.56,0,1
470d0eceeaf75102,1,6.54,45.76,46.04,28.5,28.56,0,1
14b270ee5a395ea9,1,7.02,47.34,47.62,9.41,9.41,0,1
5d87c059eba15807,1,7.48,48.7,48.97,9.58,9.58,0,1
fdba4d15c05554e1,1,7.9,49.89,50.11,5.21,5.21,0,1
9952eefa82585b83,1,8.28,50.88,51.05,5.41,5.41,0,1
ef91e3538f775238,1,8.59,51.63,51.76,35.09,35.13,0,1
1a37d69ab5805f15,1,8.85,52.2,52.29,35.02,35.05,0,1
ab19982dd5cd57ac,1,6.29,26.37,26.38,17.83,17.84,0,0
a0da100b0dcb543c,1,6.19,22.07,22.07,14.09,14.09,0,0
e4c83b8feafe5cb4,1,5.83,16.36,16.36,12.37,12.37,0,0
3f56f99e2cf15355,1,5.31,13.36,13.36,9.84,9.84,0,0
f1d33f8016b153ef,1,4.7,8.16,8.17,7.02,7.02,0,0
5a80299213875068,1,4.05,6.24,6.25,4.76,4.76,0,0
1679f30058f75db4,1,3.37,4.54,4.55,3.12,3.12,0,0
7328fe7f857051ea,1,2.63,3.21,3.27,1.74,1.74,0,0
39a769c19105586e,1,2.01,10.29,22.49,9.33,11.76,0,0
277758d55617567b,1,2.17,10.46,23.76,8.79,11.51,0,0
beee170c9d8159ad,1,2.36,11.43,25.26,7.28,8.75,0,0
313a7a6feb1c5490,1,2.54,13.19,26.71,9.21,12.88,0,0
e1540b19efec5d97,1,2.78,16.15,28.42,9.84,13.13,0,0
55bb551a2aa85849,1,3.04,20.6,30.25,11.3,14.25,0,0
2743a2f96269577c,1,3.35,26.22,32.19,15.31,17.65,0,0
de62001a07db556c,1,3.77,31.9,34.03,16.43,17.61,0,0
b1b2eb47b045566c,1,1.35,17.52,22.31,10.66,12.52,0,0
fa7793ced9cc559e,1,1.96,20.47,25.41,13.47,15.45,0,0
85865789fb545e3c,1,4.23,36.81,37.19,24.39,24.61,0,1
d1d48a8f642b5874,1,4.85,40.26,40.28,26.73,26.78,0,1
51fd85d11ea75120,1,6.25,51.93,52.47,34.06,34.2,0,1
ef51ebb0662159d9,1,6.89,51.53,52.28,33.21,33.42,0,1
b657c9d393895b93,1,7.48,52.03,52.82,35.02,35.24,0,1
c5709bf1224a5401,1,8.04,54.49,55.31,36.66,36.9,0,1
eb0095eae628560d,1,6.79,16.1,16.1,14.51,14.51,0,0
d928098371595be7,1,6.09,13.28,13.28,11.34,11.34,0,0
330e7ebc96d05251,1,5.38,10.64,10.64,8.47,8.47,0,0
4cc1186b46d85ec4,1,4.65,8.37,8.38,6.0,6.0,0,0
69153018527e5315,1,3.96,6.39,6.39,4.47,4.47,0,0
21bd985c9d7155e5,1,3.25,4.76,4.76,3.09,3.09,0,0
11ba25cefa3b5a5e,1,2.48,3.44,3.44,1.65,1.65,0,0
718ebae5b23855f7,1,1.7,2.49,2.49,0.8,0.8,0,0
f669f89b3272514c,1,7.14,25.76,25.78,18.59,18.59,0,0
496b53024fb657ae,1,6.81,24.0,24.02,17.19,17.19,0,0
569f53e485335820,1,6.46,21.07,21.08,15.11,15.11,0,0
3c0e4d6b508d5e10,1,6.01,19.38,19.38,13.62,13.62,0,0
e97db5c7da675b13,1,5.52,13.02,13.02,10.13,10.13,0,0
f583323fe0215871,1,4.85,10.46,10.46,8.14,8.14,0,0
6004740a8a8052f8,1,4.18,8.6,8.68,6.01,6.01,0,0
2a49d54f73775909,1,0.31,2.66,2.66,9.14,9.14,0,0
c7b679fb61655f22,1,0.85,2.38,2.38,10.3,10.31,0,0
8d0d984d4e2a5363,1,1.21,12.88,13.06,11.02,11.04,0,0
a1fa084b258b5672,1,1.78,18.09,19.14,12.25,12.57,0,0
6058f9d8998e5a95,1,0.28,12.55,14.05,8.03,8.94,0,0
e26de26a56dd5d21,1,0.31,10.77,11.13,8.13,9.11,0,0
17eb5d70d9f15c7e,1,0.41,12.49,14.88,8.15,9.09,0,0
565e485cbedb506f,1,0.58,13.71,16.9,8.35,9.35,0,0
fc4bdb76d30553b0,1,0.87,15.61,19.91,8.48,9.53,0,0
cc7d3c360c345a4b,1,2.03,5.19,5.49,2.75,2.76,0,0
b3b8544db9025d6a,1,1.73,4.35,4.42,1.75,1.76,0,0
22343d7492d158bb,1,1.3,3.72,3.8,0.82,0.82,0,0
efbd7ea4d97c5cb9,1,0.0,7.32,7.53,3.22,3.23,0,0
dd443a8a8d805e57,1,0.03,7.4,7.61,5.31,5.31,0,0
4757ef31c4975240,1,0.1,15.79,15.9,9.16,9.16,0,0
f1849aa89eed53d1,1,0.76,19.11,19.21,13.38,13.38,0,0
d94a8579682651b4,1,1.72,23.57,23.67,17.24,17.24,0,0
48bbe3acc93450aa,1,6.32,45.27,45.32,12.76,12.77,0,1
82e1485de4fa5b71,1,6.53,46.01,46.04,8.66,8.66,0,1
05afd4630a525f78,1,6.6,46.26,46.27,8.75,8.75,0,1
dd54db98a83b5714,1,6.56,46.13,46.14,12.23,12.23,0,1
037b976caae85af5,1,6.13,44.63,44.64,15.53,15.8,0,1
f2655b7cd5d15a20,1,6.08,41.58,41.59,1.83,1.83,0,1
9a15d775514e5018,1,6.02,40.95,40.96,16.44,16.52,0,1
d01fec804cd45644,1,5.95,43.25,43.27,16.53,16.61,0,1
91fbe6fb1a3d5717,1,1.88,2.21,2.28,0.92,0.93,0,0
5fadffd02da256e5,1,4.09,35.08,36.01,20.28,20.49,0,1
efca142f8d93518b,1,4.49,36.91,37.85,20.34,20.54,0,1
b8cf57333fc65efe,1,4.86,38.52,39.52,12.8,12.88,0,1
f289e368449b517b,1,4.5,28.17,30.26,15.58,15.82,0,0
eda3453c6d5355e0,1,4.38,27.07,28.94,15.67,16.0,0,0
a26ee25cd4995271,1,4.36,27.35,29.18,15.66,16.03,0,0
5a3613f60fb454d4,1,4.45,28.09,29.66,17.12,17.72,0,0
dd71dee142f05d7d,1,9.07,52.65,52.72,10.15,10.15,0,1
36a229f658875a2e,1,9.24,52.98,53.04,10.14,10.14,0,1
5325126716b45ac4,1,9.42,53.3,53.35,10.26,10.26,0,1
1e9a42ef8f4057a6,1,9.63,53.61,53.67,7.77,7.77,0,1
80fc476837d9530d,1,9.84,53.87,53.96,5.91,5.91,0,1
e3ddabf456b155a9,1,10.0,53.98,54.12,8.14,8.14,0,1
484bac10bd295459,1,10.06,53.92,54.13,8.34,8.34,0,1
1682c020a94054fa,1,10.11,53.75,54.09,40.52,40.6,0,1
7d32ec3f13b9525b,1,0.56,13.95,13.95,15.15,15.16,0,0
0879b546c3cb5615,1,1.47,18.04,18.04,18.3,18.3,0,0
d2dd81d9f7665fde,1,9.41,38.01,38.01,30.19,30.19,0,1
07419a24b8e05171,1,9.28,33.34,33.34,27.97,27.97,0,1
9d02128f653455a3,1,9.04,29.87,29.87,25.68,25.68,0,0
411af42484ea5bb5,1,8.61,26.28,26.28,22.39,22.39,0,0
98b99d5d44c05a5b,1,8.09,22.76,22.76,19.01,19.01,0,0
c5727dc4f8665554,1,7.47,19.14,19.14,16.92,16.92,0,0
653ebb370df45ca5,1,8.45,42.73,42.73,28.04,28.04,0,1
1661876892b952e5,1,8.47,41.83,41.83,25.24,25.24,0,1
cdf8b694cdb75ac7,1,8.39,39.78,39.79,22.93,22.93,0,1
03af0c992a5a5ffc,1,8.27,36.7,36.7,23.09,23.09,0,1
602c93fe201356c2,1,8.1,32.47,32.47,22.59,22.59,0,1
78c1a7b545cf5592,1,7.63,28.77,28.77,17.27,17.27,0,0
a2cbf7c347a45c6e,1,6.85,24.94,24.95,14.21,14.21,0,0
e993f3cb1dd051df,1,6.05,21.18,21.18,10.32,10.32,0,0
e9f927ace9f4542d,1,11.07,55.19,55.51,42.52,42.6,0,1
54220704df92547d,1,10.97,55.03,55.41,42.44,42.53,0,1
b4afab5329e95368,1,10.89,54.91,55.32,42.01,42.14,0,1
090a482cb7335520,1,10.8,54.74,55.22,41.76,41.9,0,1
08a135d9245b50c2,1,10.7,54.58,55.12,41.57,41.76,0,1
4f663e3f821e5c85,1,10.61,54.46,55.04,41.41,41.59,0,1
ce09ed938df353d1,1,0.16,7.05,7.11,7.51,7.51,0,0
f7b40e0f94c25b3b,1,0.54,8.95,9.0,7.45,7.45,0,0
7f396948993153fe,1,0.84,1.88,1.93,0.31,0.31,0,0
c55b4a959c2d5b8e,1,0.57,1.57,1.64,0.18,0.2,0,0
9ab5654cfc9f5724,1,0.07,9.16,9.18,7.05,7.05,0,0
e88e44d720f65e0e,1,0.54,10.51,10.52,6.93,6.93,0,0
a2c3aa64478d533b,1,1.98,10.58,10.6,4.38,4.38,0,0
6e3cf172a2755fae,1,0.46,8.28,8.29,4.58,4.58,0,0
6410f5684be757b5,1,0.71,9.85,9.93,7.04,7.04,0,0
3fa1e0c2313358ba,1,1.38,11.61,15.09,4.18,4.18,0,0
3651c6423caa5145,1,6.27,15.78,15.78,12.19,12.2,0,0
d6eda165241a53b9,1,5.58,12.95,12.95,8.23,8.23,0,0
6fdea0636809523e,1,4.77,8.91,8.95,5.55,5.55,0,0
7f19b2fd14435b73,1,3.73,5.02,5.07,3.07,3.07,0,0
35d07990fee95985,1,2.63,3.71,3.72,1.41,1.41,0,0
e5bb04b7c6695184,1,1.76,2.74,2.76,0.76,0.76,0,0
36e98388f7a35159,1,0.98,2.31,2.34,0.28,0.28,0,0
4874da28248a5026,1,0.07,11.01,11.04,13.06,13.06,0,0
1f57ce2072e25edb,1,7.55,48.72,49.04,31.97,32.1,0,1
708d081d555a5aa7,1,7.61,26.74,28.87,21.09,21.09,0,0
59b32114d8b252c8,1,0.03,11.04,15.74,7.57,8.09,0,0
103ac69be43f55b5,1,0.01,11.13,15.71,7.62,8.14,0,0
0578fbc7c369583a,1,0.27,11.1,16.1,10.05,11.91,0,0
365c0937de9d5885,1,1.03,10.77,18.45,15.84,15.84,0,0
c6b7a8d63fc95d3a,1,1.68,10.66,16.42,9.1,10.63,0,0
131ab0263b07507c,1,3.69,9.8,10.52,3.65,3.71,0,0
114a946faf305345,1,4.19,25.11,35.6,17.12,19.99,0,0
a8da6565d00e514a,1,4.53,29.18,37.52,17.64,19.9,0,0
b17966d55b335270,1,4.65,32.67,38.32,9.57,9.84,0,1
7fa812aae88d5752,1,5.01,36.57,40.01,22.47,23.86,0,1
cbd14310b3885779,1,5.36,39.67,41.7,23.93,24.67,0,1
cc934224447a5c86,1,5.7,41.77,42.92,25.17,25.57,0,1
84a6257839b65f93,1,6.03,43.65,44.0,28.25,28.39,0,1
4b82ec1d991358e2,1,6.37,45.35,45.45,30.49,30.53,0,1
aab517c2e5e75245,1,0.08,13.57,17.36,7.91,8.32,0,0
4d9c7a900c6c5081,1,0.0,13.5,17.19,3.96,3.98,0,0
d3f00196d11c563c,1,0.07,13.61,17.34,9.42,10.08,0,0
b3aebfbff38e596f,1,0.61,14.21,18.62,11.24,12.7,0,0
ce0c8678bc8559b9,1,1.45,15.45,22.23,12.64,15.28,0,0
e0657b3fd2ac5c55,1,2.31,16.55,25.93,13.76,17.36,0,0
ff86cfb959e1545e,1,3.07,18.52,29.64,14.98,18.93,0,0
8c6c4c4b507c5eb1,1,3.71,21.49,32.95,15.62,19.3,0,0
8b6aa9462f5157b3,1,5.23,18.51,18.51,8.73,8.73,0,0
3cf6bf2e7992584c,1,4.31,15.77,15.77,6.55,6.55,0,0
ee69970ae6f85870,1,3.6,13.04,13.05,6.08,6.08,0,0
df92aab39a395584,1,3.12,10.24,10.24,4.63,4.63,0,0
cf9a762e8aaa55b4,1,2.7,7.69,7.69,3.48,3.48,0,0
5f4945f6b9b45024,1,1.09,1.44,1.85,0.34,0.34,0,0
898e245e2b0056b0,1,0.1,7.38,7.39,9.72,9.72,0,0
e05f3bbcb266504c,1,0.43,10.79,10.8,9.72,9.72,0,0
687da3cabde458b5,1,5.83,24.48,24.48,18.34,18.35,0,0
77a891db719c5273,1,5.72,22.25,22.25,6.1,6.1,0,0
42d2414f92c651bf,1,4.87,4.09,4.35,13.56,13.57,0,0
c2156c6760fd55b5,1,4.72,16.23,16.5,13.45,13.47,0,0
6781255a85605dd5,1,4.17,16.64,16.69,16.04,16.05,0,0
52cad7d83eb65e75,1,6.24,33.65,33.66,18.36,18.37,0,1
178d9a3c6c6852a4,1,6.22,31.48,31.49,22.43,22.47,0,0
384def2e3f9657f6,1,6.28,28.62,28.63,20.4,20.42,0,0
9b10283b8df6565e,1,7.06,29.5,29.51,26.42,26.42,0,0
a28a7a914fbc5919,1,7.06,27.08,27.09,21.79,21.79,0,0
1cddf5eb97425ac1,1,6.96,24.29,24.31,21.82,21.82,0,0
299e19fc72e65ac5,1,6.97,21.39,21.39,28.06,28.1,0,0
9f839d5422315781,1,7.01,8.4,8.63,21.76,21.78,0,0
f9ff7b08b88e5365,1,6.95,8.22,8.54,16.25,16.26,0,0
e3ed22f3bc385b45,1,6.91,24.28,24.6,15.79,15.81,0,0
4ab74b20c99e5d20,1,7.15,47.89,48.05,27.93,27.94,0,1
593653db007b5826,1,2.37,15.61,15.61,7.78,7.78,0,0
ac4c20c8dd0a5e68,1,2.4,13.8,13.81,5.57,5.57,0,0
ec3a67acceec55cc,1,2.42,11.51,11.52,4.13,4.13,0,0
e0f45205e41155ed,1,2.39,9.14,9.16,3.77,3.77,0,0
25cbb9887e5d5752,1,2.33,6.99,7.02,3.37,3.37,0,0
ca5969a1b0775849,1,2.16,3.91,3.93,1.77,1.77,0,0
9048dd95941958d8,1,1.77,3.07,3.09,1.35,1.35,0,0
0e7f0228aa865b5c,1,1.31,2.34,2.38,0.73,0.73,0,0
e617fe519ab754dc,1,6.75,33.93,44.09,24.83,29.77,0,1
d2b7b43e05be5082,1,7.12,38.08,45.78,26.74,30.73,0,1
0220967816915e94,1,7.48,42.41,47.47,31.57,34.81,0,1
44230a68f8305c14,1,7.82,46.23,49.04,33.0,34.67,0,1
828cf870f41a50ed,1,8.17,49.16,50.41,39.26,40.06,0,1
ceedeccf36c35c11,1,8.54,51.09,51.55,37.36,37.61,0,1
7db2c53b0e9e5971,1,0.8,17.28,18.66,6.0,6.0,0,0
52a92230f3245182,1,0.19,15.97,16.89,6.04,6.04,0,0
bf896d504b4356c7,1,0.1,12.89,16.05,8.64,9.1,0,0
28a0cdbbc1e55291,1,0.04,12.95,15.9,8.79,9.25,0,0
23ad4e776c025531,1,0.06,13.0,16.03,9.1,9.59,0,0
0c6772102cc550ef,1,0.53,12.94,16.65,10.67,11.64,0,0
3e634fa2ea715bb1,1,1.3,12.74,19.38,16.2,16.21,0,0
c41b4666b98e5b92,1,2.13,12.64,22.98,17.64,17.65,0,0
ad0c441309de5d2e,1,2.86,13.46,27.26,12.7,16.78,0,0
06ea285b61b55a54,1,3.5,15.88,30.33,13.41,17.81,0,0
f5442665da9f554c,1,6.54,21.07,28.49,18.73,21.28,0,0
6747e9a7ad2f5643,1,6.37,19.77,28.78,16.53,19.16,0,0
ed01297783a05dba,1,6.15,19.42,29.01,16.33,19.42,0,0
6b7c5199f84e5aac,1,5.89,20.15,29.16,16.12,19.1,0,0
530df64bb4b5533f,1,5.66,19.99,26.11,2.13,2.14,0,0
18973046d1215390,1,5.54,32.31,33.66,9.53,10.1,0,1
b7648a9b27e7574e,1,5.65,34.62,35.22,10.31,10.36,0,1
0372bb63e704555a,1,5.74,34.8,34.92,9.98,9.98,0,1
0b2bdcb48c3e561a,1,7.82,52.65,53.04,29.87,29.91,0,1
86feb30b850f5ff2,1,7.9,52.83,53.29,29.5,29.57,0,1
01b78ea52da8595a,1,7.92,52.79,53.31,31.1,31.21,0,1
0b66f76610bc5f63,1,7.94,52.72,53.33,28.51,28.66,0,1
59c3714116c25a7c,1,7.94,52.62,53.31,29.84,30.07,0,1
000bf168dd5159af,1,7.94,52.53,53.24,29.8,30.06,0,1
bd9abb7104dc5408,1,7.89,52.44,52.68,29.66,29.8,0,1
11ee697033a159a9,1,7.88,52.42,52.51,29.53,29.59,0,1
f203a01d3a8055f1,1,2.86,4.01,4.01,3.05,3.05,0,0
850f844463075fb3,1,2.31,2.81,2.82,1.5,1.5,0,0
4738ed6a4f665c01,1,1.5,1.88,1.9,0.49,0.49,0,0
90551e9098aa5b12,1,0.84,1.41,1.45,0.14,0.15,0,0
771b7e7196585f07,1,0.03,7.38,7.41,7.4,7.4,0,0
6d72ae3e84185e81,1,0.06,10.19,10.22,9.3,9.3,0,0
8612b2c9d3875ac2,1,0.63,12.55,12.58,10.51,10.51,0,0
205dd2add8b357f6,1,1.37,14.81,14.83,11.2,11.2,0,0
7b73da0bb98b5e56,1,7.31,48.35,48.51,27.88,27.91,0,1
6ec2148215205936,1,1.13,21.6,21.68,10.49,10.49,0,0
71017c020a0b5a75,1,0.31,18.25,18.27,8.43,8.43,0,0
3f5c9cc5b40a5ff5,1,0.12,17.9,17.92,10.6,10.6,0,0
559e3fe66db15d66,1,0.26,18.18,18.2,14.36,14.36,0,0
4bc54773ae245d10,1,1.03,21.06,21.15,18.24,18.25,0,0
4827434c5d3659cd,1,2.04,24.87,25.79,20.26,20.27,0,0
8af8486e96a45fa4,1,6.3,30.42,41.95,21.84,25.92,0,0
3d6703caa0c951a8,1,6.9,36.87,36.88,26.84,26.84,0,1
3b6f7096a2cf5621,1,6.91,36.1,36.11,22.35,22.36,0,1
0e0e30877d725664,1,6.81,35.81,35.82,22.26,22.26,0,1
b81c602d68a25e90,1,6.92,36.16,36.18,5.32,5.32,0,1
0cd0aaeb35c95094,1,6.92,35.48,35.5,23.76,23.76,0,1
f7a9f82f17b256e2,1,6.84,35.42,35.44,16.27,16.27,0,1
abba9d81ee9054ec,1,6.83,34.77,34.79,16.36,16.36,0,1
bdb32e2af06e5bc9,1,6.77,34.04,34.04,21.98,21.98,0,1
6f2e14d0955e5e5a,1,1.09,1.85,1.86,0.22,0.23,0,0
c51da2f899b55508,1,0.04,10.24,10.24,12.07,12.07,0,0
53f1331b9dd45ffa,1,0.44,13.17,13.17,12.32,12.32,0,0
b036f9ef53cd5536,1,1.12,16.82,16.82,14.19,14.19,0,0
a60202554bf55ef1,1,2.64,24.37,24.37,16.55,16.55,0,0
987f5dced605588a,1,8.21,36.77,36.8,27.5,27.51,0,1
b1a5c303ca3f5607,1,8.07,33.4,33.41,25.69,25.71,0,1
98045d12586d50b6,1,7.84,28.8,28.8,21.12,21.14,0,0
e36e9da57e1e5e32,1,1.96,25.29,26.02,6.24,6.31,0,0
01ff2ecc002851a1,1,1.86,24.83,25.57,8.01,8.04,0,0
e6289d35e92c56b9,1,1.91,25.11,25.85,8.13,8.13,0,0
6a101cae21b1532d,1,2.09,26.08,26.74,9.84,9.85,0,0
9f03709a3c1e5725,1,2.29,27.26,27.56,9.5,9.53,0,0
b5025be9867f503e,1,2.5,28.47,28.58,11.9,12.12,0,0
536a4f2c870d5e58,1,3.81,34.59,35.41,14.1,14.51,0,1
fff1abbe76e55819,1,3.9,35.23,35.88,15.86,16.03,0,1
940ba87d553456c3,1,4.0,31.95,35.13,16.4,16.65,0,0
15d5078041dd5a4f,1,3.99,31.23,35.04,14.89,15.19,0,0
7326774073dd5f7d,1,3.98,30.85,34.61,14.83,15.33,0,0
367ead111dcb5764,1,3.97,30.24,34.5,14.79,15.44,0,0
f21d5b2f9a5e5276,1,3.96,29.81,34.34,14.52,15.24,0,0
06737d2244bd53cc,1,3.94,29.93,34.11,14.71,15.35,0,0
4f466c389dce58e4,1,3.94,29.84,34.11,14.92,15.36,0,0
3b0cda86b999528c,1,3.97,30.17,33.8,14.89,15.13,0,0
2fd327a8eff250ba,1,0.57,12.78,12.79,8.87,8.87,0,0
736e564340a8557f,1,0.79,15.79,15.79,10.34,10.34,0,0
9a38ba16ae8d57be,1,1.44,19.48,19.48,11.64,11.64,0,0
cdda15bd879d5a30,1,6.36,33.36,33.44,18.28,18.28,0,1
8eca6838e7c75493,1,6.24,28.5,28.5,17.83,17.83,0,0
340f9f95b1e459ab,1,6.06,26.27,26.27,15.97,15.97,0,0
1b3ae7a2d38d5c6c,1,5.68,23.51,23.51,14.38,14.38,0,0
daa3dbcfc784564c,1,5.27,20.51,20.52,12.35,12.35,0,0
92c920c643695ff3,1,4.85,18.02,18.02,10.62,10.62,0,0
d8af5ee176db5d89,1,4.41,16.04,16.04,9.03,9.03,0,0
f733e02fa876535a,1,3.98,14.34,14.34,7.83,7.83,0,0
542d8c3b05145bbe,1,3.53,13.45,13.45,6.91,6.91,0,0
d099441c0eb55204,1,2.18,12.78,12.79,5.71,5.71,0,0
9f1d535f158c5758,1,2.15,12.09,12.12,5.64,5.64,0,0
4e39c50ddb075303,1,2.12,10.62,10.62,4.49,4.49,0,0
7ccf4b40faff5ac4,1,2.09,9.44,9.45,3.94,3.94,0,0
f4544174530b5715,1,3.99,35.8,36.27,16.23,16.38,0,1
56464bef8d91590f,1,4.07,36.35,36.66,16.41,16.52,0,1
039cc112267b5d97,1,4.15,36.69,36.79,17.78,17.82,0,1
c2fdffb4c2915577,1,4.21,37.05,37.1,17.82,17.85,0,1
86aae04a66c45970,1,4.27,37.43,37.46,17.86,17.87,0,1
5004df3161065742,1,4.37,37.94,37.96,16.89,16.9,0,1
4257350828cf5e87,1,4.5,38.61,38.62,16.56,16.56,0,1
9389ef5de0935e29,1,4.0,32.47,35.09,15.63,15.73,0,1
30e29966db9156ee,1,1.38,11.18,15.2,6.88,6.92,0,0
eeeaf1937c015ab9,1,1.43,12.2,17.45,8.41,8.55,0,0
cb71a934523a5d4a,1,1.56,12.31,18.54,10.59,11.07,0,0
575317389c085760,1,1.95,13.0,20.58,11.15,11.96,0,0
f625dafc811b5c1f,1,2.45,13.61,21.48,11.14,12.98,0,0
367ee5f18e345a72,1,2.92,15.54,23.31,9.83,9.98,0,0
e36849f8d9e15ce8,1,4.47,30.81,35.25,19.52,20.98,0,0
6316ea076a0e597f,1,4.79,33.22,35.5,22.62,23.09,0,1
ee8a391c71ab5f5f,1,0.09,15.84,16.7,7.79,7.79,0,0
4e09d6c847dc5d3e,1,0.21,16.0,16.91,13.74,13.74,0,0
682660223761501d,1,1.13,17.83,19.89,14.68,15.4,0,0
da64267c15aa5531,1,2.22,18.65,23.72,15.83,17.69,0,0
90c51d90c33b5cef,1,3.29,18.55,27.72,17.3,21.09,0,0
501de4adcf415443,1,4.25,19.26,32.12,18.78,23.5,0,0
7f3ebea7b3415f87,1,4.91,21.23,35.73,18.46,23.09,0,0
45d416b638f95a9c,1,5.45,24.91,38.98,19.4,23.61,0,0
55a63ecf2e985abe,1,3.75,19.14,31.13,11.82,12.87,0,0
38b01bebf6df5fb8,1,3.69,19.12,31.19,13.15,14.86,0,0
68a3518b15a75c25,1,3.65,19.81,31.34,13.13,14.78,0,0
e8c4f72606fb5cb0,1,3.63,20.71,31.6,13.22,14.71,0,0
e3eaafd948b15069,1,3.6,21.67,31.84,11.6,12.6,0,0
963591d88d6a53b6,1,3.57,22.69,32.05,12.28,12.77,0,0
684dc9c8167b5189,1,3.56,23.84,32.35,11.72,12.61,0,0
025aab0da0e652b7,1,3.53,24.93,32.54,12.45,13.06,0,0
4a07aac45fc35fcf,1,0.47,16.89,17.93,11.08,11.17,0,0
450df2d719cb5c88,1,0.95,18.47,20.12,11.62,11.78,0,0
a4ab5ff4ba7259f9,1,1.38,19.65,22.06,11.59,11.81,0,0
96c003cecfbd5a91,1,1.73,20.57,23.71,11.43,11.7,0,0
03b33d7830ba522b,1,2.01,21.58,24.63,12.02,12.36,0,0
bfc7b627dfdf5f58,1,2.17,22.11,25.49,10.44,10.69,0,0
83f9ceae9dad56d9,1,2.31,22.78,26.34,11.84,12.3,0,0
a96b1d87c73555b9,1,2.45,23.66,27.2,12.04,12.54,0,0
f03963c1aacd54f4,1,0.44,8.69,8.88,3.62,3.64,0,0
1f7afb10d4cc5319,1,0.19,10.24,11.3,3.66,3.67,0,0
be0ac32b1590510e,1,0.15,12.91,16.62,3.68,3.68,0,0
18538a3ac6c45eef,1,0.24,12.45,15.39,6.95,7.14,0,0
f335a11369685b08,1,0.7,12.72,16.29,7.16,7.42,0,0
308908fd6d9a5631,1,1.24,13.35,18.46,11.8,12.9,0,0
ef97c6e9f11b59a7,1,1.78,14.09,20.79,10.46,11.42,0,0
5056ce4462ad5960,1,2.3,15.44,23.4,11.28,12.1,0,0
23b4e574c41a57bd,1,3.51,27.06,32.99,14.38,15.01,0,0
38b08f2868a75306,1,0.02,16.34,16.42,5.62,5.62,0,0
e8e49013253b5e7c,1,0.34,16.72,16.81,9.22,9.22,0,0
030c27139f7d57a4,1,0.88,18.4,18.48,11.56,11.57,0,0
fce6a1ea8fce5644,1,1.39,21.45,21.51,10.61,10.61,0,0
3361cb5b061556d0,1,1.83,26.2,26.2,13.31,13.34,0,0
bff12156468e5f16,1,2.16,26.97,26.97,11.52,11.53,0,0
0d7cf272469a5a97,1,2.41,28.21,28.21,11.33,11.35,0,0
f631a836a63855e0,1,7.76,33.73,33.73,19.28,19.29,0,1
8b8ae78cc3685216,1,7.59,31.28,31.28,15.29,15.3,0,0
1fc38f9fc93f5a29,1,7.38,28.77,28.78,13.17,13.18,0,0
1c2eb038a9ea5caa,1,7.03,26.75,26.77,9.85,9.86,0,0
9114a3a480dd5466,1,5.78,28.53,28.54,17.93,17.93,0,0
74d0c56b12f25f92,1,5.71,27.42,27.43,14.27,14.27,0,0
24429c08a8375061,1,5.6,25.61,25.61,14.23,14.23,0,0
d6981f197dd555fd,1,5.48,23.45,23.45,13.96,13.96,0,0
835d1fae4f5b5e45,1,6.03,45.49,46.11,23.24,23.31,0,1
062a9e3dd60955ce,1,6.15,46.15,46.68,23.83,23.88,0,1
570967c07a8251a2,1,6.26,46.77,47.22,26.2,26.27,0,1
01ce9c82de0d5539,1,6.37,47.38,47.77,26.08,26.14,0,1
e44a31dd99af5556,1,6.49,47.98,48.34,25.8,25.89,0,1
40884b7d89be5e0b,1,6.62,48.62,48.94,27.9,28.02,0,1
67eac979dc2b5c12,1,6.72,49.15,49.42,28.36,28.45,0,1
bf1184622f355af4,1,4.6,13.13,21.59,10.91,11.77,0,0
a92bb2331b0e5485,1,7.02,49.92,50.58,28.77,28.86,0,1
f55316b2f9655692,1,7.09,50.22,50.85,28.42,28.51,0,1
a48a9d9bb413549a,1,7.15,50.55,51.16,28.7,28.78,0,1
cbadd750cbd6581b,1,7.25,50.94,51.54,28.56,28.64,0,1
303948f28d5b52ab,1,7.34,51.36,51.92,28.53,28.61,0,1
d3193f2f5983500f,1,7.4,51.75,52.29,29.56,29.62,0,1
6322316826a2547a,1,7.49,52.13,52.68,29.68,29.74,0,1
9881bb008f61514a,1,7.57,52.6,53.17,29.48,29.53,0,1
0d93c2f3442752d9,1,5.9,29.9,41.73,22.63,26.82,0,0
dc5bfa6f51225853,1,6.18,35.06,43.65,26.45,30.58,0,1
1fa7d30105dd5ebd,1,1.5,15.8,15.84,6.69,6.72,0,0
25e2cda283355b76,1,1.54,15.11,15.14,6.48,6.49,0,0
26e5c3fb8af15012,1,1.92,25.76,25.8,4.96,4.96,0,0
80cbc88e2410561e,1,2.01,26.21,26.25,6.06,6.06,0,0
d55a7602f48e582b,1,2.07,26.53,26.56,4.96,4.96,0,0
3b910accfc12560a,1,2.22,27.27,27.3,4.77,4.78,0,0
f41cf739059453a4,1,2.38,28.04,28.06,3.17,3.17,0,0
cc65333a2182508c,1,2.47,28.5,28.52,3.14,3.14,0,0
f1041299a1a059f5,1,2.56,28.94,28.95,3.31,3.31,0,0
da0aac1f6c225eca,1,2.46,28.48,28.48,3.2,3.2,0,0
4a29aee6f5bd5073,1,2.4,28.17,28.18,3.31,3.31,0,0
121b6c8a61d85945,1,2.42,28.26,28.27,5.82,5.82,0,0
956e3aa8415b5712,1,2.54,28.84,28.84,3.04,3.04,0,0
e0a1d14a2cea5d4a,1,0.11,16.49,17.38,7.33,7.34,0,0
edcad0bfc4b15515,1,7.62,52.94,53.54,29.3,29.36,0,1
03ca1900f09b5d20,1,7.68,46.4,46.82,29.42,29.47,0,1
dac176e7b40c5671,1,7.74,50.66,50.94,29.5,29.55,0,1
d6015087928d57e8,1,7.75,52.59,52.93,29.43,29.47,0,1
19c8d441cb445d87,1,7.69,53.16,53.54,29.37,29.43,0,1
69e0bc4a585d504a,1,7.58,52.64,53.17,28.32,28.39,0,1
3bb527d97cee5163,1,7.45,52.03,52.74,28.43,28.5,0,1
48d1f3140a8c5487,1,7.33,51.44,52.18,28.6,28.68,0,1
e59da7b4970654fd,1,7.88,52.33,52.34,29.71,29.72,0,1
649c1659d8975ae3,1,7.7,47.2,50.01,23.49,23.49,0,1
e13b89a8813159df,1,7.58,44.22,48.35,23.29,23.29,0,1
f77c053616475084,1,7.43,40.87,46.6,22.86,22.88,0,1
2352aa62dbbe58d2,1,7.29,37.2,44.89,21.06,21.1,0,1
6b0d21782a3b5a22,1,7.15,33.26,43.29,20.95,21.07,0,1
ba58a70fcf8e5c64,1,6.96,29.22,41.77,20.88,21.19,0,0
a3ece675f714527b,1,6.67,25.47,40.32,19.98,20.61,0,0
2649eb9e1a445b29,1,4.95,51.04,52.02,20.38,20.44,0,1
16df188810315dc7,1,4.98,48.93,49.83,20.44,20.49,0,1
b36d274e71b3566b,1,5.1,47.15,48.0,20.4,20.45,0,1
55992af369b95456,1,5.29,45.68,46.44,22.63,22.72,0,1
1801a3d3fffc57f5,1,5.52,44.24,45.09,22.93,23.01,0,1
ab313e9e217c581b,1,5.69,43.71,44.49,23.15,23.25,0,1
6246c97eee435b98,1,5.82,44.35,45.1,23.15,23.23,0,1
045f4ecec234564b,1,5.92,44.91,45.61,23.26,23.33,0,1
f66d06ec0f355fac,1,4.48,16.0,23.34,6.95,7.64,0,0
47f29dad0bec52d2,1,4.41,22.57,33.1,6.78,7.45,0,0
36899d67473c5c91,1,4.38,27.6,37.33,10.47,11.45,0,0
599c8b2bc9b252a7,1,4.37,30.5,37.78,6.96,7.47,0,0
cbcd554895c75231,1,4.82,38.66,39.99,4.54,4.55,0,1
b8acb965678c5953,1,5.11,46.21,46.65,19.5,19.66,0,1
ba7da1b0100054f4,1,5.45,45.63,45.71,23.43,23.49,0,1
eea52ed765aa5977,1,7.73,52.41,52.72,28.3,28.32,0,1
5594163f2d8751f6,1,4.58,2.88,4.12,23.11,24.01,0,0
0eb6987fdc9b5213,1,10.03,17.28,17.3,38.09,38.24,0,0
011376b151f2526c,1,9.93,16.96,16.97,37.78,37.97,0,0
9a1d23e8ed1b5837,1,9.82,16.58,16.59,37.5,37.74,0,0
1fc2b1630a0e5c53,1,9.74,26.32,26.32,35.57,35.81,0,0
788ea82253cb559c,1,9.6,31.71,32.03,34.78,35.11,0,0
52c77cea68eb5afc,1,8.5,34.88,35.0,18.71,18.73,0,1
ab2d918fa2e2543d,1,8.27,33.85,33.89,19.19,19.19,0,1
22ec7d1614785b35,1,2.55,24.69,27.89,12.03,12.48,0,0
d7c74666773f5575,1,2.67,25.91,28.62,12.0,12.39,0,0
f2909a9ad9cb552e,1,2.77,27.08,29.26,12.01,12.29,0,0
514964ba4d115d35,1,2.84,28.15,29.77,12.13,12.32,0,0
4da3c27db2495e9e,1,2.27,27.47,27.48,3.3,3.3,0,0
3296651e2cf0547d,1,2.1,26.63,26.63,12.99,12.99,0,0
81464a4119075069,1,2.03,26.27,26.28,13.19,13.19,0,0
e0cd66542e715685,1,2.31,27.7,27.7,13.63,13.63,0,0
e045d3abc4e95f52,1,8.67,56.98,57.61,30.21,30.25,0,1
6bf9b9cf5ae25aba,1,8.72,57.01,57.84,32.56,32.65,0,1
d852a7b32d6c5448,1,8.78,57.08,58.08,32.39,32.51,0,1
0f422a003dab525e,1,8.84,57.19,58.3,32.59,32.73,0,1
4fbfc7dc71db50e2,1,8.89,57.31,58.51,32.73,32.88,0,1
14f724bc59705bb4,1,8.95,57.53,58.75,32.76,32.95,0,1
ff91d9e01e4259b1,1,9.02,57.85,59.04,32.82,32.99,0,1
24cad1842cf15f29,1,9.08,58.15,59.29,32.78,32.94,0,1
37c15bc4d99a5365,1,2.73,18.2,25.59,11.49,12.95,0,0
49a0d29c7058501c,1,3.08,21.26,28.41,14.49,15.25,0,0
8cbb22946ab55633,1,3.33,24.36,30.28,10.09,10.87,0,0
0af68cc78d085fdb,1,4.0,34.13,34.69,17.01,17.35,0,1
4bfd5690eb3d5c6e,1,4.25,36.21,36.24,20.03,20.08,0,1
67628d15c5b45860,1,5.67,42.65,43.04,23.89,23.92,0,1
4f87ef91e3425ebc,1,5.85,43.45,43.88,23.79,23.82,0,1
cf4d1288c560569f,1,6.01,44.23,44.7,26.31,26.43,0,1
3388246402ca591e,1,9.51,61.42,61.43,8.61,8.62,0,1
fc0d0363cab85e22,1,9.41,61.03,61.06,5.14,5.14,0,1
747a1e62def55db5,1,9.32,49.93,49.96,32.74,32.75,0,1
862e27b57f9d50ac,1,8.35,33.04,33.04,23.0,23.0,0,1
d8952813d8de574d,1,8.0,30.06,30.06,19.43,19.43,0,0
449ed0c45858583f,1,7.6,27.05,27.05,21.03,21.03,0,0
67e6aea894f0568f,1,7.18,24.03,24.03,15.67,15.67,0,0
4849a426de8e5d24,1,6.77,21.08,21.08,17.2,17.2,0,0
f42bdbb0a30c5854,1,0.82,13.35,13.35,10.37,10.37,0,0
ab51ae81c26b5f5e,1,1.37,16.52,16.52,11.48,11.48,0,0
09fc278e5d43564f,1,7.41,40.68,40.89,27.81,27.91,0,1
6f8a5e89c0325aa8,1,7.38,39.94,40.21,27.85,27.98,0,1
d224548a04525f2c,1,7.33,40.28,40.68,28.04,28.19,0,1
98a1233e3db75a8a,1,7.38,40.55,40.76,12.44,12.46,0,1
aef33fdade585ab3,1,8.09,36.63,36.65,4.74,4.75,0,1
cdeb1bce85c45cb2,1,8.0,35.43,35.44,3.09,3.09,0,1
f37d9bf7782d524b,1,1.04,11.23,11.23,9.21,9.21,0,0
72080a4a90a65d4b,1,7.7,39.97,39.99,29.1,29.1,0,1
39e0bf171e6d5e88,1,7.74,40.24,40.26,30.95,30.96,0,1
0fa9d28a2e58550c,1,6.55,48.03,48.08,4.57,4.57,0,1
b961186653e45dc2,1,7.08,50.2,50.26,28.98,28.99,0,1
ab88e1b94ce953bf,1,7.4,51.39,51.46,28.79,28.8,0,1
de49d859c60758e9,1,7.69,52.38,52.46,32.94,32.98,0,1
f3872682944e5d13,1,7.96,53.05,53.09,33.62,33.66,0,1
93b0ff5c4c5c507e,1,1.98,2.93,2.94,1.41,1.41,0,0
dce197f508425f2b,1,1.46,2.15,2.16,0.74,0.74,0,0
96dc22c0224255ca,1,0.96,1.62,1.64,0.27,0.28,0,0
0751ef23000050f8,1,0.58,1.28,1.3,0.06,0.1,0,0
fccef3d0f5cc5d8e,1,0.04,4.28,4.28,4.89,4.89,0,0
1d6b6b43809a50cf,1,0.12,8.7,8.78,7.45,7.45,0,0
23df9e4092425b2b,1,0.58,12.23,12.23,9.18,9.18,0,0
f750e0c7f8375bae,1,1.16,15.15,15.15,9.02,9.02,0,0
7a3e0625f3c751ce,1,9.13,58.41,59.47,32.79,32.92,0,1
caaf011808a15c9e,1,9.2,58.71,59.76,32.37,32.49,0,1
ba7d6b30a3a15384,1,9.15,58.12,59.42,32.88,33.02,0,1
6bd6995e2a275d91,1,9.17,58.1,59.47,36.23,36.42,0,1
39cf3b9137615a6b,1,9.17,58.04,59.49,36.25,36.46,0,1
37b3d87596685948,1,9.18,57.99,59.52,35.35,35.58,0,1
8659bfccd4195fb6,1,8.67,58.12,58.12,30.28,30.28,0,1
2488018e08b35c68,1,8.69,58.2,58.2,30.37,30.37,0,1
333a4f8a12dc564d,1,5.31,26.06,38.5,16.96,18.31,0,0
0e81b2ebbb30575e,1,5.35,27.83,39.41,17.68,19.31,0,0
1aa15402bceb5743,1,5.38,29.92,40.24,15.72,16.91,0,0
ca85e7b7b71559b3,1,5.39,29.29,36.69,15.82,17.05,0,0
6b580c6ff00b511f,1,5.43,34.51,41.69,20.4,21.57,0,1
8d27cb5d1d1e5ad1,1,5.5,37.03,42.53,20.82,21.87,0,1
e9505f806d8d5998,1,5.61,39.62,43.44,22.87,23.42,0,1
9170b75b8a3f527f,1,5.75,42.17,44.44,25.1,25.46,0,1
887c38b0c24d5b51,1,6.71,46.0,46.09,25.8,25.91,0,1
488dd191f7dc59a8,1,6.99,46.32,46.36,25.71,25.78,0,1
50e5a63ba7ac5d51,1,6.65,8.57,8.59,23.39,23.47,0,0
93b2aee4f638552e,1,6.61,11.01,11.01,22.27,22.66,0,0
70d79606f745562e,1,6.54,23.77,26.48,21.48,22.13,0,0
ac3411f9c2b8530e,1,6.47,21.34,24.64,4.28,4.28,0,0
57fa478b9b1e5de3,1,6.41,21.76,26.14,7.56,7.64,0,0
8b06db3e6e4355d3,1,6.73,27.31,29.07,10.86,11.37,0,0
69fab78920a55a7a,1,6.34,22.42,39.14,18.86,19.78,0,0
7b3e1c9932625243,1,5.94,22.2,37.77,17.07,18.09,0,0
73ce0b2145845c71,1,5.57,21.3,39.81,15.79,16.8,0,0
660e14c77a1c550b,1,5.29,22.3,37.47,15.67,16.77,0,0
b523d101fb0958c3,1,5.19,22.02,35.94,17.04,18.41,0,0
465d43bf893d5e66,1,5.16,22.66,36.21,15.78,16.88,0,0
7346e23546d15b29,1,5.2,23.62,36.82,17.83,19.38,0,0
6363aa6d3d715e03,1,5.27,24.77,37.7,18.74,20.6,0,0
581a74871330567f,1,6.16,23.01,26.86,23.02,24.89,0,0
20f93aa93fe05157,1,6.44,35.91,44.09,25.07,27.52,0,1
218d9b0348fe5687,1,6.7,39.7,46.5,27.22,28.75,0,1
fc8de9b657805f00,1,6.96,44.18,48.55,29.71,30.67,0,1
56af844c0e0a53ce,1,7.2,48.04,50.3,29.23,29.61,0,1
581e219460ef5789,1,7.39,51.54,52.31,32.31,32.56,0,1
62013ac84b3a57e5,1,9.08,57.06,57.23,37.21,37.3,0,1
38b3c670b2ad55c7,1,9.39,57.85,58.11,36.34,36.47,0,1
9276407219215151,1,5.35,21.23,21.23,10.27,10.27,0,0
52d6d6f0e4305a44,1,5.23,18.81,18.82,8.36,8.36,0,0
aa10437e9b425118,1,4.94,16.35,16.35,8.63,8.63,0,0
8b9afa7045785acc,1,4.35,14.44,14.44,3.88,3.88,0,0
7607a0bd144e53b0,1,3.58,12.66,12.66,4.82,4.82,0,0
09d33cf8b87c5ae3,1,2.86,10.83,10.84,3.75,3.75,0,0
2a5fea3ae25e5cdd,1,0.53,7.93,7.96,0.78,0.78,0,0
a31780d642695a21,1,0.51,10.22,10.24,5.07,5.08,0,0
75994f74c5485493,1,4.66,37.35,39.12,26.82,28.11,0,1
453be1f585b1589f,1,7.09,54.86,55.32,35.02,35.05,0,1
ab845dd1ff3c522d,1,7.65,53.76,54.28,33.94,33.98,0,1
11c5f66a6657545d,1,8.18,55.3,55.93,37.24,37.31,0,1
a89c8c3249975dc9,1,8.68,57.37,58.06,37.22,37.31,0,1
ce3a4f649e23590d,1,9.14,59.25,59.91,38.98,39.07,0,1
2f3cd5f3b7ee59cc,1,9.53,60.86,61.44,39.51,39.6,0,1
34bead43250559f7,1,9.86,62.22,62.68,39.69,39.75,0,1
c73dd42b15465858,1,7.31,37.61,43.94,24.09,24.65,0,1
5b78dd344203528e,1,7.15,38.74,46.78,24.74,25.74,0,1
0f71d72c3b415be6,1,7.06,37.79,46.54,23.71,24.83,0,1
676880c7e31252c0,1,6.89,38.1,46.98,21.52,22.53,0,1
f412a36812a55b62,1,6.69,38.88,46.82,20.34,21.44,0,1
00c489998dd4555c,1,6.5,16.7,17.02,19.83,20.95,0,0
16c1e641b6d350b1,1,6.29,14.19,14.35,17.76,18.5,0,0
e2efd574ab0b56a2,1,6.02,11.69,11.76,17.2,17.89,0,0
5b272b7aa3315c4f,1,7.05,45.47,46.84,31.47,32.28,0,1
b08965aff8165bec,1,7.46,47.81,48.28,33.22,33.4,0,1
994ab680895a55d2,1,6.7,41.9,41.92,19.85,19.88,0,1
6121050efd515252,1,6.82,33.8,33.86,25.28,25.32,0,1
dadc8dc029e15f0f,1,7.55,52.44,52.95,26.09,26.09,0,1
95c5cd4c17d9594a,1,7.81,46.15,46.65,27.18,27.2,0,1
2620b03dcfcc567b,1,7.86,45.4,45.83,27.32,27.34,0,1
ed69e15d85ab50a6,1,7.83,45.63,45.73,27.7,27.72,0,1
7d6f05aa48385ce8,1,7.39,32.36,32.37,21.73,21.73,0,1
aa4897ec11395ec8,1,7.14,30.79,30.8,21.68,21.69,0,0
ae28b46a42d051a4,1,6.74,15.79,15.79,19.71,19.71,0,0
1809a28a46465129,1,6.26,15.03,15.04,16.01,16.01,0,0
243fa5b33c1f5845,1,5.83,14.25,14.26,16.16,16.16,0,0
ae3496e6ce435e73,1,5.59,13.41,13.41,14.29,14.3,0,0
63efdfe040865222,1,5.34,22.58,22.58,14.41,14.41,0,0
8c3d43af9a905864,1,4.9,11.53,11.53,13.0,13.0,0,0
cf62911d4c7c541c,1,10.13,63.26,63.63,41.13,41.18,0,1
126dbed7a6b458ee,1,10.35,64.05,64.39,40.84,40.88,1,1
03059436fa185bf8,1,10.55,64.77,65.05,41.25,41.29,1,1
def47af8d5a35090,1,10.75,65.48,65.62,41.36,41.4,1,1
0b4617cb0ac15035,1,10.91,66.11,66.18,44.24,44.26,1,1
18d8181124185dfa,1,11.02,66.52,66.54,44.77,44.78,1,1
7e2675bbae325f36,1,11.1,66.75,66.76,41.59,41.59,1,1
704527beccac5701,1,3.83,16.24,16.24,8.83,8.83,0,0
70297f5b95955dce,1,9.68,58.49,58.8,37.75,37.76,0,1
85164858b3e55841,1,9.69,58.17,58.51,33.69,33.7,0,1
ee99fbc3e9a25112,1,9.65,57.71,58.02,37.5,37.52,0,1
749a9bb4860f5cc1,1,9.67,57.42,57.66,33.7,33.71,0,1
e87f90ab04a25be9,1,9.68,61.98,62.04,33.61,33.62,0,1
2274256d3852572f,1,9.59,61.67,61.72,33.9,33.91,0,1
61874b16298352f3,1,8.56,34.86,34.86,25.84,25.85,0,1
115c513494975ef3,1,7.94,28.86,28.86,23.13,23.13,0,0
c1686b2e1a4e5149,1,3.77,15.43,15.43,10.04,10.04,0,0
0bb13e6e40385c18,1,3.34,12.88,12.88,6.87,6.87,0,0
45441aede44b5547,1,2.93,11.52,11.53,5.7,5.7,0,0
2f67d7af0e0d51a1,1,2.71,10.33,10.34,6.82,6.82,0,0
3e8c8729205850ab,1,2.61,9.13,9.15,5.6,5.6,0,0
40d51aff75a85ab9,1,2.51,7.95,7.97,5.35,5.35,0,0
ee82b0fc7b2a5208,1,2.37,6.85,6.86,4.31,4.31,0,0
e7c778d603885f57,1,1.98,5.83,5.86,1.97,1.97,0,0
cc5e04be1f105d15,1,7.2,50.83,51.6,28.3,28.39,0,1
352ef6e0384c5938,1,7.09,50.29,51.09,25.36,25.44,0,1
02bfb6340c185b97,1,6.97,49.73,50.54,25.31,25.38,0,1
919aa2aa25a951f4,1,6.86,49.24,50.03,26.09,26.17,0,1
f994322c76145318,1,6.76,48.8,49.54,23.64,23.68,0,1
35eba76323535988,1,6.65,48.35,49.05,23.48,23.52,0,1
2a30c259f67c561d,1,6.54,47.86,48.52,23.59,23.62,0,1
95d9b54f00325665,1,6.43,47.36,48.0,23.4,23.44,0,1
e2c14ab1fbe350b1,1,4.42,14.8,33.79,12.97,17.45,0,0
607fd9c5903d5376,1,4.65,15.5,25.93,12.77,16.19,0,0
4c53b20bf0925c0c,1,5.23,40.47,41.94,24.94,25.57,0,1
4b721ff0b7025f21,1,8.45,55.98,55.98,4.65,4.65,0,1
f63a2f8e05115d52,1,8.46,56.11,56.11,25.32,25.34,0,1
dd671af93db454aa,1,8.58,56.55,56.56,18.83,18.84,0,1
20403b65d87d5e5a,1,8.15,11.36,11.55,28.1,28.1,0,0
1bee33a086b25a5f,1,8.01,11.01,11.27,27.98,27.99,0,0
977f40bd144b59e9,1,7.85,44.13,44.21,27.78,27.8,0,1
174ac6135bf65de9,1,7.83,42.53,42.58,27.91,27.92,0,1
7d51b80c3aa25109,1,7.74,52.22,52.26,25.61,25.62,0,1
1218b6a218b750d8,1,0.37,1.93,1.95,13.05,13.41,0,0
f93751942d4e5c48,1,2.04,0.82,0.87,14.02,14.87,0,0
b6765fe7ee17596e,1,2.82,1.5,1.51,13.76,15.3,0,0
75151361dbe658bb,1,3.55,2.29,2.29,13.04,16.31,0,0
30422125ddd4590b,1,4.09,13.38,31.12,12.35,16.03,0,0
c580790700c057e0,1,8.2,53.46,53.49,33.45,33.48,0,1
4c22cdcc527e5a36,1,8.41,52.2,52.25,33.86,33.89,0,1
9f62394830d05091,1,8.63,52.42,52.43,36.17,36.19,0,1
1727319cfd2b5661,1,8.81,51.15,51.18,36.26,36.27,0,1
f74148c131c15381,1,9.01,51.12,51.15,35.91,35.92,0,1
1fedc5971443588d,1,9.19,51.06,51.08,38.51,38.52,0,1
29b1f4b4868f59e3,1,9.32,51.73,51.75,35.43,35.43,0,1
878f3ddae1b7550f,1,7.55,34.36,34.37,23.6,23.6,0,1
a8377f936650561b,1,6.31,46.79,47.42,20.4,20.42,0,1
077dd2d55c17560f,1,6.2,46.25,46.73,22.93,22.98,0,1
8dae886e0ed1501c,1,6.07,45.59,46.24,22.74,22.79,0,1
01add9e74d3c5053,1,5.93,44.9,45.56,22.74,22.79,0,1
331a4a4334df5c34,1,5.75,44.06,44.73,20.18,20.22,0,1
8dfef734a010531e,1,5.49,42.78,43.43,20.37,20.4,0,1
cc0668b663b25703,1,5.32,42.0,42.66,20.08,20.11,0,1
50a5b2cbb4515594,1,5.12,41.01,41.67,18.99,19.03,0,1
354a67b9e10c562e,1,2.65,8.96,8.97,3.13,3.13,0,0
d3a9acba43a05b83,1,2.42,8.07,8.08,3.24,3.24,0,0
5a73f6b4c9855899,1,2.14,7.3,7.3,2.33,2.33,0,0
5350e5a376c259f6,1,1.87,6.67,6.67,2.39,2.4,0,0
ee492610c55b5440,1,0.91,4.32,4.34,1.68,1.68,0,0
0bc64fd1b3ff5d1a,1,0.95,4.35,4.37,1.5,1.5,0,0
83aba0a1454c59e4,1,0.84,3.85,4.1,1.49,1.5,0,0
8ff80000e9a05eca,1,0.79,3.3,3.32,0.88,0.88,0,0
a99280d8424c55b2,1,5.48,9.11,9.13,15.06,15.54,0,0
2bce4431c5da5d1f,1,4.79,6.83,6.83,12.51,12.75,0,0
982b57b1c7c7503a,1,0.07,-0.06,0.41,11.89,11.89,0,0
5c7513fea7b45963,1,0.57,0.02,0.45,13.83,13.83,0,0
e6be0f4d0dc351d0,1,1.48,0.36,0.71,16.99,16.99,0,0
755461a5329554de,1,5.11,29.64,37.05,20.86,21.86,0,0
c2f911300954542a,1,5.49,28.27,34.59,20.44,21.72,0,0
662ddec48b93598e,1,5.83,28.75,35.75,22.77,24.7,0,0
8113ea1b58245172,1,4.49,18.46,18.46,11.17,11.17,0,0
929fe68adaef5ee7,1,3.94,16.81,16.82,8.67,8.67,0,0
a0bc34982a4555ac,1,3.37,14.94,14.94,5.76,5.76,0,0
153733002b5a5d25,1,1.09,12.11,12.12,7.71,7.71,0,0
9b95066419ea5427,1,1.15,13.88,13.89,7.78,7.78,0,0
655917ea5da455c8,1,1.28,16.26,16.26,13.7,13.7,0,0
ce124b0ef61757d1,1,1.61,18.54,18.54,15.41,15.41,0,0
8317ed430d8e50c3,1,2.65,3.22,3.23,13.95,14.01,0,0
090d6a17e77d59b5,1,6.33,18.28,18.28,12.36,12.36,0,0
4b7a9aaecd8b5c5e,1,5.81,15.53,15.53,12.64,12.64,0,0
66ce3cbf239358c2,1,5.31,13.08,13.08,10.6,10.6,0,0
b7bb53ad2bb1505f,1,4.82,10.84,10.9,8.71,8.71,0,0
1351ae1e0afb5c16,1,4.27,8.67,8.74,6.18,6.18,0,0
1cb1b58a3129563c,1,3.7,6.9,6.99,4.82,4.82,0,0
c73914d4fedc513f,1,3.14,5.34,5.47,3.3,3.3,0,0
934f7ab607405431,1,2.56,3.97,3.98,2.17,2.18,0,0
32cc73faa9755edb,1,3.24,5.94,5.95,3.53,3.53,0,0
720963308f01575e,1,2.6,4.55,4.61,2.59,2.59,0,0
10214bdcdd9c5607,1,2.08,3.48,3.57,1.58,1.58,0,0
6745b762c9df5f94,1,1.56,2.64,2.75,0.89,0.89,0,0
498bf3fdec5e5506,1,0.09,8.03,8.03,10.13,10.13,0,0
e76cb8b17f8f51f3,1,0.63,10.56,10.56,11.15,11.15,0,0
67e27e4b89325f31,1,1.42,13.15,13.16,15.93,15.93,0,0
13848a5be84f5a4a,1,6.41,45.0,45.22,28.6,28.78,0,1
163c9ec0110e5384,1,7.97,52.45,52.69,27.85,27.86,0,1
092e56d3db8b5e24,1,7.99,49.93,50.77,27.32,27.33,0,1
9c0b17fc7987544e,1,7.88,44.66,44.94,22.8,22.8,0,1
0a08850db6e35ab7,1,7.74,37.42,37.48,22.12,22.12,0,1
52d3f15d6ca75701,1,2.19,14.42,22.2,7.98,8.94,0,0
b9148aabf55250e9,1,1.79,14.71,23.89,8.02,9.2,0,0
07bf0601ad425977,1,1.64,14.75,23.37,8.12,9.42,0,0
757fb1d7679c5dc2,1,1.83,15.66,24.43,9.67,11.91,0,0
17b0992157365222,1,8.2,22.89,27.8,5.23,5.24,0,0
94e4d365aeec5cec,1,7.86,34.1,39.12,2.9,2.91,0,1
2a1cb4c27a4459a7,1,7.64,39.41,42.04,4.74,4.77,0,1
550045c2be39530a,1,7.63,44.13,45.47,30.84,31.74,0,1
6771ec6dba275364,1,7.96,46.68,47.24,34.43,34.71,0,1
e9a6f39362ba53a3,1,8.51,49.73,49.91,35.55,35.68,0,1
4d098db703415f00,1,9.05,51.92,51.99,36.83,36.88,0,1
d82f1b20a55d5bcd,1,9.25,47.42,47.67,28.44,28.44,0,1
838caf9ffb875248,1,5.59,41.13,41.67,23.65,23.86,0,1
8fc671c2e6c05780,1,5.73,42.22,42.36,24.19,24.23,0,1
9bb9d42a74165cf0,1,5.88,42.85,42.91,24.07,24.09,0,1
cfb9e8d047515e4c,1,5.93,28.1,28.1,17.31,17.31,0,0
70e50d9b18305fa4,1,5.58,25.95,25.96,14.65,14.65,0,0
fc33d014431a5b1b,1,5.16,23.92,23.92,12.68,12.68,0,0
0fc626b8de655cc7,1,4.68,21.32,21.32,11.13,11.13,0,0
e0b9f01f36d75552,1,4.21,18.52,18.52,9.5,9.5,0,0
66dd7339f01b58c2,1,6.18,45.23,45.75,26.39,26.53,0,1
fe74f3d6f5ea5283,1,6.32,46.14,46.71,26.52,26.66,0,1
a58d5374dae0552a,1,6.45,46.83,47.43,26.7,26.8,0,1
0e198cad33c65494,1,6.56,47.52,48.15,28.77,28.85,0,1
736e79c663bf5310,1,6.68,48.15,48.82,28.63,28.73,0,1
7f0309b4cbb85029,1,6.77,48.63,49.32,25.63,25.71,0,1
8183cdc6ff5a5726,1,6.86,49.09,49.8,28.69,28.8,0,1
aa2b8af510775368,1,6.94,49.49,50.18,28.64,28.74,0,1
1f55063084fd593c,1,1.52,5.04,5.06,1.39,1.39,0,0
61a9157ac995542c,1,0.04,6.73,6.74,9.75,9.75,0,0
2d2a1f08e4895258,1,0.55,10.56,10.58,14.0,14.0,0,0
81aa7cde0f3f5b68,1,5.96,6.25,6.28,23.7,23.72,0,0
f6ab99e351c95b45,1,6.26,46.62,46.62,28.1,28.12,0,1
697c73f258ef5745,1,9.74,33.69,40.62,26.46,26.72,0,1
af682242313853cb,1,9.14,29.83,35.32,23.73,24.0,0,0
f559d26401125dbe,1,8.54,15.95,16.33,5.06,5.07,0,0
6f5b0bae72eb5307,1,9.09,44.87,45.04,29.65,29.67,0,1
b7bd6325ead95dd8,1,8.93,42.78,42.98,32.28,32.35,0,1
5fd68bb785b258ef,1,8.69,38.58,38.74,26.27,26.32,0,1
814a2807af5f51f7,1,8.21,23.69,23.7,22.81,22.84,0,0
49365bdfac13581d,1,7.65,21.23,21.24,20.81,20.83,0,0
a0f499d0aab45bab,1,7.11,19.76,19.77,20.65,20.67,0,0
49f0872dbe1958e6,1,5.3,21.99,21.99,14.31,14.31,0,0
bc253d8424935910,1,5.15,19.87,19.87,14.41,14.41,0,0
1559a9e324d6519d,1,8.46,39.37,39.37,4.92,4.92,0,1
21b98219003453af,1,7.25,38.14,38.14,19.78,19.78,0,1
66329b9ed3785e0e,1,7.07,37.05,37.05,19.87,19.87,0,1
5f4ad64db9ac5419,1,6.89,35.5,35.51,20.09,20.09,0,1
f28c522b8a0155cc,1,6.74,33.28,33.28,17.68,17.68,0,1
889aac2576295c91,1,6.58,30.88,30.88,16.12,16.12,0,0
76a0c83f0b6453a0,1,6.43,27.42,27.42,15.96,15.96,0,0
3cfa3f1b82885efa,1,6.19,22.87,22.87,13.6,13.6,0,0
3338ad25c2cc59d1,1,3.4,15.8,15.81,8.77,8.77,0,0
2c76300c674f5769,1,3.31,17.34,17.36,6.27,6.29,0,0
abd6e8c330ea5694,1,3.25,16.47,16.51,6.64,6.66,0,0
1a7b42fbbaf65c18,1,3.19,15.46,15.52,6.52,6.54,0,0
51467056c4f35555,1,3.13,14.39,14.46,6.57,6.6,0,0
cd177406e5b056d6,1,3.05,12.84,13.04,6.74,6.79,0,0
ea408ea92ea9549b,1,2.95,10.99,11.15,5.37,5.38,0,0
fe37acae391d507c,1,2.81,10.09,10.11,3.09,3.09,0,0
a5851164f3ee5b71,1,7.38,42.59,42.59,27.2,27.21,0,1
632a1b53a6875b22,1,7.42,41.49,41.49,21.86,21.87,0,1
02ff5ce64ad75584,1,7.3,40.11,40.13,26.28,26.28,0,1
30d60ce25f4d552e,1,6.97,30.86,30.86,21.67,21.68,0,0
6907c80d73775279,1,6.87,28.22,28.22,20.95,20.95,0,0
fab1993d5d4759da,1,6.76,25.33,25.33,18.91,18.91,0,0
bdd67f08ac585568,1,6.46,22.08,22.08,17.12,17.12,0,0
81de41d688185082,1,5.96,19.45,19.45,14.5,14.5,0,0
ce8cc7a247f651be,1,1.87,3.36,3.37,0.99,0.99,0,0
db740574ddc053f0,1,1.25,2.68,2.7,0.7,0.7,0,0
70bd598e1c305d92,1,0.83,2.21,2.23,0.54,0.54,0,0
d6bb49ff956f5b50,1,0.41,0.88,0.93,0.48,0.49,0,0
ebffacdb3be25252,1,0.07,0.45,0.53,-0.02,0.07,0,0
887e4d57da835b12,1,0.08,5.91,5.91,5.55,5.55,0,0
4d8c41cf686957d1,1,0.54,8.49,8.5,7.26,7.26,0,0
8671b777d49e5dea,1,3.74,22.42,23.51,5.87,5.92,0,0
d436fd792f365847,1,3.88,17.21,19.11,12.99,13.29,0,0
df84a00692885ec0,1,3.85,17.42,19.53,14.59,14.93,0,0
1a25d6503c075cc8,1,3.8,18.32,20.0,13.43,14.26,0,0
5bc7217fee5c5fc5,1,3.64,21.74,24.64,10.52,10.91,0,0
569670245b515d11,1,3.41,22.85,24.85,15.11,15.66,0,0
68d1f5f305cf5aae,1,3.3,22.85,24.01,13.49,13.74,0,0
50209c502bd157c8,1,3.26,26.08,27.23,13.39,13.53,0,0
efb9929eed1852f0,1,3.87,21.11,21.19,9.41,9.41,0,0
874ce413a47e5c30,1,5.51,16.09,16.12,13.71,13.71,0,0
1e1913cd8d035225,1,5.17,12.52,12.52,10.23,10.23,0,0
4fd0583319865636,1,4.75,10.31,10.35,8.38,8.38,0,0
58dcca6583f6599e,1,4.17,8.29,8.29,5.97,5.98,0,0
9ed452bde7335185,1,3.54,6.47,6.53,4.47,4.48,0,0
f19a48878cfe5bb0,1,2.77,5.06,5.13,3.47,3.47,0,0
001b34b45b2f50e4,1,2.01,4.02,4.02,1.26,1.26,0,0
2002780575295bdc,1,1.49,3.21,3.22,1.0,1.0,0,0
870da24dc798525e,1,10.96,66.37,66.37,40.22,40.23,1,1
d07fa319e6045a3d,1,4.93,39.08,40.39,23.13,23.82,0,1
5bdef7e091525742,1,5.46,42.57,43.04,28.31,28.71,0,1
d2853234152359b3,1,7.85,53.81,53.83,28.54,28.55,0,1
c2cb368d78e858c7,1,7.75,53.51,53.53,28.45,28.46,0,1
f3fd7b1cf6055ad5,1,7.64,46.87,46.87,23.65,23.65,0,1
bcdf72879fff5ab1,1,7.5,45.31,45.32,26.66,26.66,0,1
ccd74f5377b85a36,1,7.45,43.64,43.64,28.77,28.78,0,1
68ca75d95a615a5d,1,10.58,64.46,65.09,43.33,43.52,1,1
51a384b48ace570a,1,11.06,65.87,66.61,44.65,44.91,1,1
6c737af6c9a752dc,1,11.37,66.86,67.54,44.69,44.93,1,1
bd5f0b15f9a65bf1,1,11.53,67.49,68.01,44.52,44.71,1,1
5a4811a0bde955b3,1,11.63,67.94,68.21,45.11,45.32,1,1
38a75ff02ee95756,1,11.65,68.16,68.31,42.85,42.94,1,1
e0dd84d2357d5ed8,1,11.44,67.71,67.76,41.29,41.34,1,1
150d706a5add549a,1,11.19,67.04,67.06,41.12,41.14,1,1
8fccd42a7937508a,1,0.79,1.93,2.01,0.6,0.6,0,0
92e33be532965ecf,1,0.64,1.57,1.65,0.21,0.22,0,0
166d08e80654527d,1,0.32,7.32,7.35,9.44,9.44,0,0
39f81c49a1ba5f41,1,0.93,10.95,10.96,10.96,10.96,0,0
6872fa29d1345d03,1,7.98,58.53,58.87,37.45,37.5,0,1
96d7b6bf87f45e33,1,8.71,57.74,58.18,39.93,40.04,0,1
e2fe8539502a5fd1,1,9.4,60.31,60.89,41.18,41.33,0,1
9986c0e5f88f547f,1,10.01,62.5,63.16,42.78,42.97,0,1
4cdcf106cb5d5c63,1,0.57,1.0,1.08,0.6,0.61,0,0
466b634cd806541b,1,0.44,0.91,1.0,0.28,0.29,0,0
7398c63b60075187,1,0.4,7.33,7.45,2.01,2.01,0,0
1a243b05959f5787,1,0.46,8.22,8.32,5.21,5.21,0,0
cea4eb2a60da5354,1,0.63,8.58,8.61,7.06,7.06,0,0
982bd8015c9352f5,1,0.9,12.69,12.69,9.11,9.11,0,0
af2b5213e6895680,1,1.15,14.5,14.51,8.88,8.88,0,0
4203da2e7a8b518d,1,1.4,15.4,15.4,8.79,8.79,0,0
6d08dce7cfaa5035,1,1.08,10.48,10.91,5.31,5.32,0,0
535d4220196452ed,1,1.27,9.56,12.43,12.37,12.43,0,0
3d00fb1cdc87515e,1,1.94,11.45,15.51,16.13,16.33,0,0
2d7bc87644e85744,1,5.03,33.66,33.79,4.47,4.51,0,1
0bd98f90f42350a3,1,7.63,37.49,37.83,26.59,26.61,0,1
0156027594b85857,1,7.6,34.77,35.24,25.43,25.49,0,1
28e28842e3d759da,1,7.48,32.22,32.89,25.69,25.83,0,1
21e13e3ac13856b1,1,7.42,40.62,46.02,25.18,25.5,0,1
e194e033ee72504a,1,4.25,21.82,24.35,4.86,4.86,0,0
578adc6dc97d510f,1,4.6,19.82,24.38,2.99,2.99,0,0
520e72270acb562a,1,4.65,17.55,24.33,1.99,2.0,0,0
40726c708b17504a,1,4.62,15.88,24.12,1.26,1.27,0,0
a9ffe9bb174851e6,1,4.58,15.61,24.04,3.22,3.23,0,0
78e0e3e1292d5431,1,6.37,29.68,30.02,26.29,26.41,0,0
c44755b18af45385,1,6.82,30.45,30.54,26.16,26.19,0,0
c4f1593154f95224,1,8.2,38.71,38.71,4.94,4.94,0,1
6a9642ab1a745aac,1,2.24,27.2,27.24,6.08,6.08,0,0
663c00bac2e05721,1,2.27,27.31,27.34,6.08,6.08,0,0
61c5308743b35db2,1,2.38,27.75,27.79,9.03,9.03,0,0
f227c6775ba75451,1,4.88,19.92,36.57,16.47,21.67,0,0
4cfe4dc173bb5e2e,1,4.88,22.72,37.76,15.77,19.01,0,0
4e3103d8feb95170,1,4.93,26.22,38.79,2.74,2.77,0,0
86db74cc909e5437,1,5.01,30.03,39.14,2.81,2.86,0,0
0b2839db08ae5ed6,1,5.45,39.3,40.71,21.21,21.98,0,1
6907f601feee5114,1,3.83,20.04,20.09,7.86,7.87,0,0
c95f17dbae835b51,1,3.75,19.92,19.97,8.05,8.05,0,0
387504d3db1852b0,1,3.62,19.57,19.62,6.54,6.54,0,0
b7122fd86c855943,1,3.37,19.8,19.85,5.24,5.24,0,0
7ff005be930e5ad6,1,3.0,14.52,14.58,4.13,4.13,0,0
c79ab4c1abcb56fa,1,1.75,24.71,24.74,4.16,4.16,0,0
aeea0bc96b5255e9,1,1.73,24.73,24.76,7.13,7.13,0,0
69742b86e6b25ecc,1,1.93,25.72,25.75,9.18,9.18,0,0
26e7a31dd615509c,1,7.61,25.87,25.87,21.46,21.46,0,0
6dfed7a32cf45d59,1,7.28,22.72,22.72,19.48,19.48,0,0
68f10c13166b592b,1,6.86,19.72,19.73,17.24,17.24,0,0
ecb0765ba5c05fa3,1,6.36,16.73,16.74,14.96,14.97,0,0
dcb18ea8a7ea5d66,1,5.78,14.03,14.03,12.01,12.01,0,0
5603aa72d59e58b2,1,5.17,11.56,11.56,9.93,9.93,0,0
836615f5978b56e5,1,4.53,9.43,9.44,7.4,7.4,0,0
41cf41279f5459f6,1,3.92,7.5,7.54,5.84,5.84,0,0
4b875117d12e5ef6,1,0.52,13.52,13.58,6.96,6.96,0,0
2e508e23f47d5f96,1,1.18,16.82,16.87,8.03,8.03,0,0
35b84fa433f0583f,1,2.56,18.77,18.78,8.02,8.02,0,0
0e272e003af65a71,1,2.69,18.41,18.41,8.22,8.22,0,0
52f07f442baa5fe5,1,2.6,17.88,17.89,5.38,5.38,0,0
741d60ca8b7b5cb4,1,2.46,13.97,13.98,4.21,4.22,0,0
38b4ff11393c5dec,1,2.27,3.98,4.01,4.13,4.13,0,0
159b8a11bd775e91,1,2.09,2.98,3.03,4.27,4.27,0,0
5a13ac37ca725a30,1,6.85,49.54,49.57,24.77,24.78,0,1
e3c90a2ce83f5d9f,1,6.72,48.94,48.97,21.57,21.58,0,1
ccaf88fb91a25119,1,6.57,48.2,48.22,23.17,23.18,0,1
10fcb2c79add5558,1,6.4,47.42,47.43,23.09,23.1,0,1
f33a23766bcb55a6,1,6.23,46.62,46.62,18.19,18.2,0,1
564bb94f846e5fe1,1,0.0,17.6,17.6,11.99,11.99,0,0
a120ebfcfb775487,1,0.0,17.6,17.6,11.97,11.97,0,0
79ecc8e6e5fa5dd5,1,0.01,17.64,17.64,12.06,12.06,0,0
cc54b0f77c84506d,1,2.14,8.01,8.01,3.82,3.82,0,0
7caa2336614b5ad3,1,2.13,7.03,7.03,3.84,3.84,0,0
1f2f210163c358f8,1,2.12,6.07,6.07,3.68,3.68,0,0
a6e7189b4bd35946,1,2.03,5.07,5.24,3.41,3.41,0,0
f9c6e1eadcf45c37,1,1.88,4.2,4.22,1.95,1.95,0,0
c707d147a5655289,1,1.5,3.35,3.39,0.88,0.88,0,0
d243aa8117495932,1,1.17,2.77,2.82,0.94,0.94,0,0
bcf76bb937d35be9,1,0.94,2.3,2.37,0.72,0.72,0,0
b51815625ee05f75,1,2.96,8.64,8.64,3.78,3.78,0,0
86641ef36dfc5c16,1,2.39,6.38,6.38,3.59,3.59,0,0
350ef3908a9c5db6,1,1.75,3.51,3.52,1.04,1.04,0,0
9e4128df16395eb4,1,1.12,2.9,2.91,0.5,0.5,0,0
a7f5d22750b75466,1,1.01,3.2,3.21,1.67,1.67,0,0
7c42db62ed515a8c,1,1.1,2.75,2.76,1.14,1.14,0,0
239cb4818dc458fd,1,0.9,2.31,2.32,0.41,0.41,0,0
6871543e963f5bdf,1,0.01,8.17,8.18,5.68,5.68,0,0
f713c584fcfe5824,1,0.41,11.45,11.45,6.44,6.44,0,0
2a12546539045e5b,1,1.9,12.97,13.05,3.81,3.81,0,0
8d8806333d865527,1,1.94,10.07,10.17,3.48,3.48,0,0
47510e3eddd950ad,1,1.88,6.22,6.37,2.43,2.43,0,0
ce978770a87253c8,1,1.63,3.79,3.81,0.95,0.95,0,0
df8bff51c1d95e09,1,1.23,3.12,3.14,0.79,0.79,0,0
41d49aa70484596d,1,0.03,14.23,14.3,4.74,4.74,0,0
49d0c7d110f15c0e,1,0.04,14.39,14.46,6.57,6.57,0,0
69dcc80901db5a29,1,5.87,17.72,17.72,9.99,9.99,0,0
4bfd04f7517b5381,1,5.35,12.75,12.76,3.85,3.85,0,0
00c6aecefec9576c,1,4.57,8.27,8.38,3.56,3.56,0,0
53400e82ca375c5f,1,3.59,4.96,5.01,2.08,2.08,0,0
906ffee6860e524a,1,2.46,3.68,3.69,0.97,0.97,0,0
8d6583f3e3c15034,1,0.07,7.73,7.76,3.41,3.41,0,0
a87f744c67175bc4,1,0.02,9.8,9.81,5.06,5.06,0,0
f638ae3f35d25d55,1,0.05,10.74,10.75,4.82,4.82,0,0
a9359dafbcdd5af6,1,1.08,2.65,2.65,0.57,0.58,0,0
377d556af9d25dab,1,0.02,7.2,7.25,7.91,7.91,0,0
c6e9b00edaa454da,1,0.13,9.76,9.76,9.76,9.76,0,0
88466abb967954e5,1,0.64,12.41,12.41,11.73,11.73,0,0
9b3eda2685e75099,1,2.63,16.95,16.95,10.15,10.15,0,0
a0f695da4a815955,1,2.91,15.67,15.68,8.01,8.01,0,0
1bf4bffb864f5379,1,3.15,13.45,13.45,6.21,6.21,0,0
feb7748995f55bdd,1,3.11,11.45,11.45,4.94,4.94,0,0
2ad650691b5d58f0,1,7.7,20.96,24.16,10.59,10.59,0,0
8d86cfd038145f2a,1,7.02,16.57,22.27,4.06,4.06,0,0
33a4b3a5822e52db,1,6.24,13.63,14.95,4.16,4.16,0,0
1d1dde59c417522f,1,5.67,12.09,21.04,4.35,4.35,0,0
69e8fff107b05199,1,5.12,10.93,21.27,12.79,15.09,0,0
6cbc045e25c2506d,1,4.68,10.09,13.08,10.95,12.78,0,0
47c92818d9005eea,1,4.38,9.49,12.87,11.33,12.95,0,0
5012cae5e4fc57a1,1,8.66,25.52,25.52,30.74,30.76,0,0
d8699a1844cc5541,1,5.12,12.39,12.85,17.98,18.76,0,0
330fe55520e351fb,1,5.13,12.39,12.86,18.74,19.7,0,0
f19d96f947fa52d9,1,5.2,12.48,12.94,19.07,20.03,0,0
6d3db8abd9ad52eb,1,5.24,12.53,12.97,18.99,19.96,0,0
9a179eb32481553e,1,5.26,12.53,12.97,18.88,19.78,0,0
b30e51044c885122,1,5.22,12.49,12.92,17.85,18.59,0,0
ebfd1e0fff105c51,1,5.12,12.41,12.84,17.7,18.42,0,0
14d53eb06a7d582a,1,5.03,12.32,12.75,17.69,18.41,0,0
d08ae5bc8a435f97,1,11.3,38.8,39.05,37.48,37.52,0,1
352290f8ed8e572e,1,11.16,34.18,34.52,37.2,37.28,0,1
39b5d00781925b16,1,11.0,41.87,41.97,36.39,36.46,0,1
ece9650c827e569f,1,10.8,32.05,32.08,31.0,31.03,0,1
0fc778045313531b,1,10.44,31.42,31.43,27.47,27.49,0,0
1a442597212150c2,1,9.85,22.34,22.34,27.06,27.06,0,0
f37c90e977e856c8,1,9.08,20.57,20.57,19.3,19.3,0,0
51bf8103b6cd5b4c,1,8.4,24.81,26.31,12.57,12.57,0,0
e13e38532130514b,1,5.79,13.14,13.5,22.59,23.46,0,0
d88f286835b95ff3,1,5.94,13.32,13.67,24.68,25.02,0,0
0eb28cf3dad95c46,1,6.37,14.1,14.41,23.1,24.24,0,0
ad970e7cae1a5ead,1,6.41,21.35,23.04,24.43,26.28,0,0
022de8051c3f5b83,1,6.47,21.35,23.15,24.66,26.47,0,0
fa02f1587177551c,1,6.62,21.8,23.36,26.64,28.2,0,0
37d8b3ca81905645,1,6.81,22.46,23.29,27.15,28.18,0,0
90a14e5bd7cb5f47,1,7.0,23.13,23.55,30.09,30.63,0,0
786f447064055cfd,1,9.73,37.01,37.02,33.84,33.97,0,1
9d6eac20a6fb5cd9,1,9.85,44.94,45.03,36.85,36.86,0,1
26a1ceab4d455a77,1,9.73,44.91,45.1,8.07,8.22,0,1
a6b518a433065727,1,9.56,44.89,44.96,7.82,7.97,0,1
c38664c4b23853a3,1,7.6,31.08,31.08,21.32,21.32,0,0
e38dd745e363544c,1,7.25,28.53,28.53,21.41,21.41,0,0
bf80166d9d045752,1,6.85,25.84,25.84,19.15,19.15,0,0
6d3f9d5ca5e05aa2,1,6.37,23.2,23.2,17.82,17.82,0,0
1f7910e143ab5300,1,5.04,17.74,17.74,14.24,14.24,0,0
a247fa5eb7b454a4,1,4.93,15.63,15.64,12.79,12.79,0,0
9f547ab121b456e1,1,4.82,13.45,13.46,10.84,10.84,0,0
87c5cdc6c5a45ef2,1,4.68,11.22,11.23,10.07,10.08,0,0
8a843c4264a35d16,1,4.29,9.23,9.25,7.28,7.28,0,0
dc50a0853e295e88,1,3.79,7.39,7.41,5.69,5.69,0,0
cdac2937953e5398,1,3.27,5.76,5.79,3.58,3.58,0,0
f86adcbec849574a,1,2.62,4.37,4.38,2.09,2.09,0,0
97eca45f93285d17,1,0.03,9.34,9.34,5.77,5.77,0,0
b09d0393d8095685,1,0.09,10.04,10.04,5.51,5.52,0,0
9fe07284cb3f5e0a,1,0.38,11.35,11.35,6.9,6.9,0,0
48321ca34be254e5,1,0.83,12.6,12.6,7.07,7.07,0,0
959a7f2070f551e9,1,2.09,9.46,9.46,2.27,2.27,0,0
172506ac332d5af5,1,2.11,6.85,6.85,3.89,3.89,0,0
b7bcc88d87ba59ae,1,2.06,4.64,4.64,2.57,2.57,0,0
9313777d021e5255,1,1.74,3.76,3.76,1.42,1.43,0,0
70428e7a613e55cc,1,4.09,35.35,36.4,25.43,25.83,0,1
cbe5bb78a9be547e,1,5.11,40.41,41.46,27.41,27.82,0,1
973043f273bc5940,1,8.01,33.33,33.33,25.02,25.02,0,1
33baec8b94e15a39,1,7.88,30.58,30.59,22.58,22.58,0,0
f75c8c639ded5924,1,7.61,27.62,27.62,20.67,20.67,0,0
d68d495f8f605301,1,7.07,24.64,24.64,17.3,17.3,0,0
02e9f697f2d055ee,1,6.53,21.79,21.79,17.02,17.02,0,0
63ec12363eef5e89,1,6.0,19.11,19.11,14.11,14.11,0,0
7defd0c32cd8546a,1,8.39,25.11,25.13,26.25,26.27,0,0
b87e9553091a5216,1,8.01,24.52,24.59,23.64,23.69,0,0
72928620ac2a55a0,1,7.63,23.85,24.18,24.77,24.93,0,0
b24954d56c155570,1,7.31,23.22,23.61,24.21,24.51,0,0
5982df20d90a59cc,1,7.02,22.69,23.3,21.67,21.99,0,0
4d50c69f430850a0,1,6.77,22.29,23.1,20.81,21.22,0,0
a151ed0de3f35bf5,1,6.55,14.11,14.39,19.27,19.74,0,0
3a29d6bc75a557f1,1,6.44,13.95,14.25,23.38,23.91,0,0
f3aaed259ab15dcc,1,0.81,1.46,1.46,0.28,0.29,0,0
563ef3c44a5a528e,1,0.02,17.43,17.43,0.52,0.52,0,0
659373708e8e5a4f,1,0.02,17.52,17.53,3.66,3.66,0,0
019b86fe2e215b6e,1,0.4,18.27,18.27,7.05,7.05,0,0
b4176d2246d452ea,1,0.19,0.04,0.14,14.15,14.16,0,0
1b01f89fe48355b6,1,5.49,24.76,38.81,17.13,19.07,0,0
66ca1ffcef4354e9,1,7.04,50.46,50.47,21.79,21.79,0,1
0f8d3b14831a5ccc,1,6.97,50.09,50.11,21.88,21.89,0,1
8ea6783a7b195706,1,5.87,20.64,20.64,14.6,14.6,0,0
85a89a122095548d,1,5.37,18.33,18.36,12.57,12.57,0,0
70e6f01ee485510a,1,4.89,16.13,16.16,10.76,10.76,0,0
625bda810b66583a,1,4.4,14.07,14.11,9.4,9.4,0,0
6292d2ef6730548d,1,3.92,12.22,12.26,8.0,8.0,0,0
61768c493892576d,1,3.47,10.55,10.6,6.31,6.31,0,0
0c4bf4c931b05734,1,3.02,9.07,9.13,4.81,4.81,0,0
4f5d9ee9c2915058,1,0.85,14.79,18.78,10.49,11.08,0,0
ed9f00d292b55607,1,3.91,11.56,11.82,8.93,8.96,0,0
57b605b889505738,1,1.39,2.26,2.27,0.76,0.77,0,0
e6bf9ed756f95544,1,0.84,2.06,2.07,0.38,0.38,0,0
a9454c63755c549d,1,0.36,2.0,2.0,0.29,0.29,0,0
77218354c5c25657,1,3.27,1.39,2.2,14.74,14.97,0,0
3a14515e4e305499,1,3.43,11.63,11.89,13.06,13.34,0,0
76664d864c4d5595,1,3.44,11.23,11.65,12.67,13.17,0,0
f6b3ef5ef2085e46,1,3.52,10.87,11.54,13.8,14.87,0,0
a4f950bf8f9b590b,1,5.44,16.63,16.65,12.58,12.58,0,0
ad0701a39edd5c5a,1,4.83,14.37,14.38,10.36,10.36,0,0
47e005481cf0579d,1,4.29,12.25,12.27,8.78,8.78,0,0
69a3d7249bc85849,1,3.93,10.2,10.22,7.53,7.53,0,0
7e3d6e037fbc506c,1,3.62,9.56,9.66,6.34,6.34,0,0
f228a1710d2f5ccd,1,3.26,7.37,7.5,3.94,3.94,0,0
99dae52a2a6451da,1,2.78,5.65,5.66,3.34,3.34,0,0
de8957bb05ae5d5d,1,2.34,4.47,4.49,2.24,2.24,0,0
17a3e2d3cba55770,1,3.72,11.25,11.72,16.31,16.99,0,0
1ebc0b5378ab5caa,1,4.09,11.49,11.97,17.41,18.28,0,0
b72c6ad506465ebb,1,4.47,11.77,12.26,17.67,18.52,0,0
9100530861d851b0,1,4.8,12.02,12.54,17.88,18.78,0,0
0b4c7130090c5e85,1,5.01,12.21,12.76,18.01,18.91,0,0
c5388dbd766353cf,1,5.13,12.36,12.89,18.09,18.93,0,0
8bb7091fe0d959fc,1,5.15,12.43,12.91,18.93,19.84,0,0
ae73a52a1a5d54ac,1,5.15,12.44,12.89,18.91,19.8,0,0
4167ff5049555a2f,1,3.69,15.95,19.74,13.44,14.93,0,0
a786025ec8ab5a6b,1,3.9,15.46,19.83,13.35,15.28,0,0
6922b2ea23cd51a3,1,4.08,15.09,19.94,13.93,16.51,0,0
f1592141ee0157fe,1,4.21,15.12,20.02,14.06,16.76,0,0
8931b1302d7a5f61,1,4.23,15.34,20.07,13.97,16.61,0,0
5f0ef7cc5f0a5b02,1,4.26,15.53,20.07,14.07,16.76,0,0
54d3c4a139e75250,1,4.31,15.6,20.08,14.19,16.81,0,0
c0ccb2e28d8e5bfe,1,4.39,15.49,20.08,14.14,16.7,0,0
a0f56a70905c527d,1,5.18,28.42,30.27,23.18,23.94,0,0
be2d7d1ddb305428,1,5.24,22.52,22.53,16.3,16.3,0,0
7c57d68b038450cd,1,5.17,12.76,12.76,16.66,16.66,0,0
4ca0e98b86fb5377,1,5.0,12.59,12.6,16.18,16.18,0,0
35583284eac15ae5,1,4.82,12.42,12.42,16.6,16.9,0,0
769b9c472f935b0c,1,4.62,12.23,12.3,12.85,12.87,0,0
7f163959c6e05719,1,4.4,12.04,12.14,12.57,12.6,0,0
32bbb5bfdd515d19,1,4.17,11.81,11.98,10.53,10.56,0,0
5d004fb36ca95fa0,1,5.03,12.3,12.72,18.97,19.89,0,0
407bc420086a58f6,1,5.15,12.39,12.84,18.72,19.69,0,0
92e499cae59d57d4,1,5.14,12.41,12.86,17.71,19.66,0,0
58cf6aaf126b5727,1,5.3,12.6,13.01,19.55,21.24,0,0
7287189737c85540,1,5.28,12.65,13.02,19.43,21.23,0,0
ff1044970b525386,1,5.29,12.67,13.01,19.13,20.62,0,0
0ee0c8c2556c506a,1,5.38,12.75,13.09,20.2,21.41,0,0
c8dc1e0c85f75036,1,5.56,12.91,13.26,22.48,23.6,0,0
d87ac612c49152b5,1,4.4,15.36,20.04,13.22,15.07,0,0
9b4c54f9a3f757a4,1,4.39,15.2,20.02,12.94,14.87,0,0
3a79314b89305c5b,1,4.36,15.11,20.01,12.94,14.88,0,0
9d262af7c8875aa2,1,4.34,15.43,20.15,11.73,13.06,0,0
cd2f52e2012f5088,1,4.38,16.36,21.1,9.82,10.58,0,0
544d2652bcc551db,1,4.41,16.87,20.73,13.25,15.09,0,0
f976da772a435bd5,1,4.47,18.04,21.12,16.3,17.75,0,0
6535e6022ba0547c,1,5.43,22.1,22.21,15.87,15.87,0,0
9c63a8a78f3251d3,1,0.12,17.91,17.91,12.84,12.84,0,0
b14ac3255b3b520b,1,0.93,20.77,20.77,18.97,18.97,0,0
7015bc44f34252f4,1,2.12,26.66,26.66,24.2,24.2,0,0
b0902109adea5e0f,1,9.27,47.56,47.77,29.3,29.3,0,1
7a7ff4cc1f1a501e,1,9.13,45.4,45.66,28.32,28.32,0,1
f1bdf7e4e9f5534e,1,8.96,49.97,50.08,28.21,28.22,0,1
c296ded44f9a509a,1,8.79,49.34,49.46,28.03,28.04,0,1
f140d31943145068,1,8.64,39.06,39.1,27.91,27.92,0,1
0bc2eec7ad2c5599,1,1.38,3.14,3.15,1.18,1.18,0,0
8a249b6f42f35ca2,1,0.56,8.47,8.5,7.21,7.22,0,0
960d5334ae8f54a5,1,0.95,10.09,10.09,10.01,10.01,0,0
78f941ea974f5084,1,13.96,49.62,49.63,50.33,50.33,0,1
998a30325ca25437,1,13.79,45.67,45.69,42.42,42.43,0,1
3d5103c659255a72,1,13.6,42.87,42.91,50.9,50.93,0,1
1d4b518f1b175184,1,13.4,37.93,37.98,42.86,42.89,0,1
1b0f2e4276945f9a,1,13.34,36.15,36.2,48.82,48.87,0,1
9949b537feb55564,1,8.07,57.19,57.59,37.99,38.09,0,1
91416eb4bba85377,1,8.63,57.33,57.84,38.03,38.15,0,1
12fac37cef195384,1,9.16,59.41,60.02,39.63,39.79,0,1
faf80a4ecf8858fe,1,9.62,61.18,61.81,39.8,39.95,0,1
9d8312bf37795d27,1,10.01,62.62,63.23,39.71,39.85,0,1
fb00299d62585308,1,10.3,63.62,64.25,42.62,42.82,0,1
e2209d1558d75150,1,10.56,64.6,65.15,42.36,42.53,1,1
52094c2441105f4d,1,10.81,65.54,65.95,42.52,42.66,1,1
7900d1167dfe5c24,1,6.4,13.99,14.23,23.81,24.21,0,0
bedf9db2d7b15abd,1,6.55,14.49,14.49,21.65,21.69,0,0
4f47f41d84c450e8,1,6.44,14.33,14.33,21.11,21.18,0,0
cdae0433bb5d5b9e,1,6.33,14.12,14.15,17.37,17.45,0,0
b411a654aa215f1b,1,4.91,12.21,12.48,16.2,16.5,0,0
04605629ea8a50cc,1,4.36,11.72,12.02,12.23,12.35,0,0
7fded53ec049537a,1,0.76,9.69,9.9,11.03,11.13,0,0
4d55f6c3a3dc58fe,1,3.38,11.09,11.53,14.97,15.49,0,0
be7c407443f15fec,1,11.03,66.3,66.62,42.73,42.83,1,1
a99338e1112e5f65,1,11.23,67.0,67.17,45.47,45.56,1,1
f199bfb931d65f4f,1,11.44,34.1,34.13,46.28,46.34,0,1
8350f9ff4dcf5e4b,1,11.59,46.4,46.42,45.92,45.99,0,1
c6acf71b8b3b560c,1,11.7,68.45,68.46,46.46,46.47,1,1
3eef6c6972dd538f,1,8.2,34.37,34.37,23.57,23.57,0,1
5af27ca0b8135d9d,1,7.88,31.56,31.56,23.49,23.49,0,0
b154733410575500,1,7.54,28.67,28.67,21.33,21.33,0,0
d30c567171635154,1,7.18,54.23,54.51,28.28,28.38,0,1
6916caadd44a5806,1,7.14,51.19,51.38,28.19,28.27,0,1
ebd8d87ff33b5b7a,1,7.17,51.41,51.53,29.7,29.75,0,1
407ff7eab601527c,1,7.35,52.25,52.32,33.46,33.5,0,1
669bad5f20bd5256,1,7.71,53.95,53.97,32.56,32.58,0,1
1c1086a1254c5c9e,1,8.21,56.13,56.14,35.9,35.91,0,1
e0e228212a655d7f,1,8.59,57.78,57.79,36.01,36.01,0,1
8b93118c77d25b5d,1,1.68,24.11,24.69,20.12,20.23,0,0
0cf7d096e8c05fed,1,6.96,44.65,44.68,25.06,25.08,0,1
258fd15174fb5e47,1,7.08,43.66,43.68,24.71,24.72,0,1
30c52d38e4975fe7,1,7.19,42.68,42.68,25.21,25.22,0,1
afa712d7affc5fbf,1,7.26,42.35,42.37,23.19,23.2,0,1
b3c7b9fbf4655722,1,7.35,28.76,28.77,15.46,15.46,0,0
5b0d99a97ff55fa5,1,7.29,25.86,25.87,15.87,15.87,0,0
7f572219da4e5fd4,1,6.99,23.91,23.92,16.44,16.44,0,0
eb81d53204735bcc,1,6.45,23.32,23.33,14.59,14.59,0,0
a7409a64ac2b5a94,1,7.18,25.79,25.79,20.79,20.79,0,0
71357a4fc5c65199,1,6.8,22.92,22.92,18.85,18.85,0,0
860be3b6be785f37,1,6.37,20.14,20.14,15.8,15.8,0,0
13625214a30e5005,1,5.81,17.56,17.56,13.88,13.88,0,0
c84475f2d8475f9d,1,5.27,15.21,15.21,12.18,12.18,0,0
6d4a26f442705f49,1,4.87,12.91,12.91,9.91,9.91,0,0
de0726643f515304,1,4.4,10.73,10.73,7.55,7.55,0,0
fbc91394092b5dbb,1,3.85,8.86,8.9,5.88,5.88,0,0
f8f02729d1ee5c16,1,13.46,33.49,33.54,52.03,52.08,0,1
8abc81ff3045543b,1,13.51,66.78,66.87,51.76,51.8,1,1
f07e9711c5285e75,1,13.42,66.71,66.76,48.78,48.8,1,1
69d2af69b1b75698,1,12.53,54.8,54.86,27.75,27.76,0,1
1895b756b1b0539d,1,12.34,55.39,55.45,23.81,23.81,0,1
bee7eebe90dd5285,1,12.12,56.45,56.5,34.42,34.43,0,1
f18158051cc457d8,1,11.91,56.7,56.71,34.43,34.44,0,1
626b5dc253965ecb,1,11.43,53.65,53.71,37.51,37.51,0,1
7cead15dfaab593e,1,7.36,52.36,52.36,29.21,29.21,0,1
b9d45c43c2fd5165,1,5.75,44.68,44.75,24.31,24.33,0,1
02e3e6d3ecfc5240,1,7.05,49.87,49.91,20.31,20.31,0,1
f5edba52c4545fe3,1,6.88,48.32,48.32,11.58,11.59,0,1
1b65613f0242544a,1,6.75,46.5,46.55,15.81,15.98,0,1
bb22d36aec8e53df,1,6.59,40.4,40.4,16.01,16.14,0,1
e14abaa91ad3511b,1,6.44,38.87,39.17,14.3,14.35,0,1
7c33d9bd65e956e1,1,6.04,11.7,11.75,13.13,13.14,0,0
c738206669ed589c,1,2.35,3.27,3.32,1.78,1.78,0,0
b8d114f0304d5f87,1,1.66,2.38,2.44,0.69,0.69,0,0
deff279b0c815e5a,1,0.94,1.85,1.93,0.08,0.1,0,0
8d069310b22a5716,1,0.51,10.41,10.42,10.73,10.73,0,0
f05325ffb9425a4b,1,1.13,14.74,14.74,13.3,13.31,0,0
47fae9a1708b5101,1,3.77,26.72,26.96,20.13,20.13,0,0
70847cda9b3d5b07,1,6.28,46.59,46.96,29.38,29.63,0,1
516cb0d01d1f5b32,1,6.84,49.85,49.85,33.89,33.9,0,1
d93e31dfb0c25be5,1,0.93,20.81,20.83,18.3,18.31,0,0
5e8d717cc46a5988,1,1.95,25.86,25.91,20.35,20.37,0,0
25bf69b0667152fa,1,4.6,38.85,39.06,25.64,25.7,0,1
65612a858cc756b3,1,5.31,42.28,42.55,28.29,28.38,0,1
8c5518bf679458df,1,5.96,45.35,45.69,28.18,28.29,0,1
3ece2b5bbf095290,1,6.47,47.8,48.17,28.29,28.41,0,1
e9645135a4fe5739,1,6.91,49.9,50.24,30.02,30.15,0,1
2d365fc1fbd35aab,1,7.13,57.35,57.7,27.97,28.07,0,1
11568fab86df5183,1,8.42,34.98,35.01,23.17,23.18,0,1
c840eac7d70e5877,1,8.11,31.77,31.79,23.11,23.12,0,0
f2695c7680505b79,1,7.9,28.51,28.53,22.96,22.96,0,0
323747032b285187,1,7.7,25.22,25.23,20.64,20.64,0,0
a1ce49c5eeb75711,1,7.53,21.91,21.92,18.64,18.64,0,0
157c6c5b1b9d5608,1,7.27,18.41,18.42,15.46,15.46,0,0
b11d39291cd55ed7,1,6.71,15.37,15.37,13.56,13.56,0,0
13b137cecf4b57e9,1,6.03,12.51,12.51,10.08,10.08,0,0
b989e46aae3a5332,1,1.67,3.52,3.55,0.73,0.73,0,0
deb8de65573253b7,1,0.94,2.93,2.96,0.33,0.34,0,0
cf07d06219ef5cd4,1,0.07,9.3,9.31,8.79,8.8,0,0
480325e1f5085385,1,0.61,12.54,12.55,8.83,8.83,0,0
f23073987e7956e3,1,3.21,19.73,20.46,3.31,3.31,0,0
6c3bb8f40a9a533c,1,3.88,19.42,21.02,3.7,3.7,0,0
a0ce26a6f335530d,1,4.13,18.24,21.55,1.95,1.95,0,0
592f9e4317dd52e2,1,4.15,16.27,22.79,2.02,2.02,0,0
223cdeaddc525446,1,0.82,16.85,17.07,9.95,9.95,0,0
00185dab0ba153b9,1,1.56,19.07,19.92,12.1,12.14,0,0
9d7ec713a2fb5e44,1,3.84,14.86,28.35,13.7,14.43,0,0
e96c8f66dae15d60,1,8.06,32.18,32.18,21.65,21.65,0,1
4c721a83046651e4,1,7.91,29.25,29.26,18.28,18.28,0,0
bedb83878e215e4e,1,7.79,26.19,26.19,14.69,14.69,0,0
41c7edfd989451cf,1,7.65,23.05,23.05,27.65,27.72,0,0
1d6a5273610a56e6,1,7.49,19.85,19.85,12.13,12.14,0,0
72d842bc596b536b,1,1.12,15.24,15.25,18.23,18.24,0,0
fccd90b794b15d6a,1,4.09,29.64,29.64,26.66,26.67,0,0
160e6592389759c5,1,9.85,45.43,45.44,32.19,32.19,0,1
5c4f8e6a644258d3,1,10.58,44.77,44.79,35.13,35.13,0,1
4a6dd3df952b5703,1,11.25,45.34,45.37,40.49,40.49,0,1
642a177df62954ad,1,11.89,41.67,41.7,39.56,39.57,0,1
4a1f69f3821e5ac5,1,12.08,40.98,40.99,12.02,12.02,0,1
fb2ff1ed5e1b529f,1,0.1,-1.07,2.77,11.2,11.2,0,0
45c1c24ad1d35bfb,1,3.27,7.2,7.25,4.56,4.57,0,0
5a2719c85ee9570c,1,2.7,5.82,5.87,3.29,3.29,0,0
e2ae96f479935b31,1,2.12,4.7,4.7,1.45,1.46,0,0
e34c3d18bc405ace,1,1.5,3.83,3.84,0.82,0.82,0,0
ba86ae71bc105215,1,0.98,3.28,3.29,0.53,0.54,0,0
a07bb9058982503d,1,0.06,7.73,7.81,10.28,10.28,0,0
3bbe96de854e5ff3,1,0.56,15.85,15.85,14.63,14.64,0,0
42dc421e37c154e5,1,1.66,21.54,21.54,19.51,19.52,0,0
0503cc398e2656be,1,4.2,14.76,23.23,1.59,1.6,0,0
f582317803e65752,1,5.68,40.16,43.53,24.98,26.47,0,1
baf11c6f018d56f9,1,5.91,43.91,45.17,23.8,24.11,0,1
780eada83bbc57b1,1,6.15,45.85,46.24,25.94,26.11,0,1
51259bf89422548a,1,6.45,47.71,47.79,23.99,24.04,0,1
fe41706ad44652b0,1,6.74,49.49,49.51,26.73,26.75,0,1
989ce8f4205654d3,1,5.02,24.02,24.03,14.49,14.49,0,0
61876d1f48505069,1,4.69,23.1,23.11,13.01,13.02,0,0
179ca3af622e5e0d,1,5.28,9.79,9.79,8.07,8.07,0,0
e44b9b8654a15bfd,1,4.49,7.11,7.12,5.65,5.65,0,0
3984225e4458525b,1,3.54,5.3,5.3,3.23,3.23,0,0
b2f5adcdf3dd5227,1,2.56,3.96,3.97,1.81,1.81,0,0
a0e0603db4105ad9,1,1.79,2.97,2.98,1.01,1.01,0,0
f414059fffd45057,1,1.14,2.31,2.32,0.42,0.42,0,0
1486e66f72ee562f,1,0.0,10.06,10.06,7.72,7.72,0,0
04f8f8b4cf0c52e7,1,1.23,13.65,14.06,17.0,17.0,0,0
90f8fafcb5715404,1,4.44,22.1,22.1,11.24,11.24,0,0
032ae6630661521a,1,4.25,20.66,20.66,10.93,10.93,0,0
9d6f5aa2a3a25966,1,4.1,19.31,19.32,10.9,10.9,0,0
4f099d4882445433,1,3.97,17.61,17.62,8.96,8.96,0,0
eabbb4546a145980,1,3.83,15.47,15.48,7.43,7.43,0,0
b1dd380dd5425b49,1,3.65,12.48,12.49,6.06,6.06,0,0
851a15966923546b,1,3.28,9.51,9.53,3.74,3.74,0,0
2184b01d59d4550c,1,2.86,5.71,5.73,2.94,2.94,0,0
0cb51b0d4e285c55,1,5.27,25.18,25.18,6.66,6.66,0,0
38db478c95eb5079,1,8.28,11.87,11.87,25.75,25.75,0,0
01d53ccf583c5a49,1,8.09,11.32,11.32,25.81,25.81,0,0
a7705685069f5979,1,7.98,36.91,36.92,23.21,23.22,0,1
f5ac458eab7b5ba5,1,7.9,35.96,35.97,23.19,23.19,0,1
4f8e1da188be5033,1,7.59,34.17,34.17,7.09,7.14,0,1
3aa165d52c2051e1,1,7.28,33.39,33.39,19.37,19.37,0,1
291f4ffb6dc754d2,1,6.95,32.37,32.38,16.2,16.2,0,1
3c90de2a12a558b2,1,8.88,43.32,43.32,23.02,23.03,0,1
6aa26df6c6d052cb,1,8.17,39.63,39.63,21.05,21.06,0,1
84765426fd0a5a99,1,7.54,36.17,36.17,19.15,19.15,0,1
2ec759b29e0155b5,1,6.96,32.68,32.68,17.19,17.19,0,1
db07a6d7eacd57d1,1,6.39,29.47,29.48,15.83,15.83,0,0
21b0b3ef9d2e59ed,1,5.88,26.31,26.31,14.22,14.23,0,0
3047f87f67555d16,1,5.4,23.18,23.18,11.98,11.98,0,0
befdd4140e4252e5,1,4.94,20.22,20.22,10.14,10.14,0,0
70b8c89829d05f30,1,5.05,19.42,19.44,11.21,11.21,0,0
ada00fe35a595d6b,1,4.86,18.84,18.87,5.05,5.05,0,0
d637ce98fc5353be,1,4.59,19.08,19.11,5.11,5.11,0,0
87b2c0e49070537f,1,4.25,19.99,20.02,5.09,5.09,0,0
a3f2ea7187975b13,1,4.03,21.84,21.87,4.04,4.04,0,0
90c5557d1eec55a0,1,3.86,23.21,23.23,3.44,3.44,0,0
c710ccf4dffd58a7,1,4.13,24.39,24.41,12.25,12.26,0,0
91081d9b9b0452b9,1,4.64,25.03,25.03,20.73,20.75,0,0
313c37ffdeaf51ca,1,1.32,14.52,20.44,12.31,14.05,0,0
ed205afc48d150f3,1,1.97,14.29,23.12,12.72,14.79,0,0
36aef5f67c8d5e2e,1,2.66,14.68,26.42,13.86,16.96,0,0
2c71b83e25e1577d,1,3.33,15.38,25.68,14.62,18.71,0,0
4d2885661a535f9b,1,3.9,17.87,27.5,15.85,20.09,0,0
8ddb6763987051ba,1,4.37,19.63,28.16,17.67,21.11,0,0
74d72b3cd99d5ab4,1,4.72,23.16,29.27,18.56,21.2,0,0
054e4984e1b55ec9,1,4.97,26.27,29.93,21.85,23.55,0,0
728988dc8a8b502a,1,2.28,19.48,24.41,18.89,18.89,0,0
7ffe3cd6cd995118,1,3.11,14.26,14.84,22.76,22.76,0,0
06eaba80b0bf50f0,1,3.62,13.38,14.11,16.02,16.02,0,0
866fab78f1da518b,1,3.77,14.09,18.21,12.49,13.42,0,0
e0190f0059145fc6,1,3.75,13.15,17.17,9.36,9.78,0,0
96b5b1c350745a73,1,5.27,27.3,30.21,4.14,4.16,0,0
dad522fc9c405963,1,5.64,26.85,28.25,22.45,23.38,0,0
5d5cef2e5d6b5d6b,1,6.78,49.71,49.71,8.61,8.61,0,1
b2ec50201ac25ada,1,4.5,16.93,16.93,8.4,8.4,0,0
5ea2a4ecc18752fa,1,4.07,13.99,13.99,7.32,7.32,0,0
8d4601efa6b6581e,1,3.66,11.47,11.47,5.91,5.91,0,0
ab8af92e0bda5def,1,3.24,9.05,9.05,4.45,4.45,0,0
49b32cb088ae53fe,1,2.79,6.6,6.61,3.24,3.24,0,0
559c83269c035643,1,2.23,4.56,4.57,1.44,1.44,0,0
abdc7a57df4a56cd,1,1.48,3.72,3.73,0.58,0.58,0,0
e0094ac69a8955fb,1,0.31,11.18,11.18,11.8,11.8,0,0
ba40b386e9cd5e73,1,5.44,22.86,22.89,13.58,13.58,0,0
4231dc0eadd75a2d,1,5.37,21.01,21.04,11.92,11.92,0,0
4d73f8250ae750ca,1,5.08,12.78,12.8,10.1,10.11,0,0
9482aa33e08f50e6,1,4.63,10.59,10.62,8.55,8.56,0,0
bc388668c6285884,1,4.08,8.4,8.4,6.11,6.11,0,0
631ef1b9ceeb5d0d,1,3.48,6.82,6.89,4.67,4.67,0,0
8835adb14ec55b7c,1,2.87,5.17,5.17,3.41,3.41,0,0
bf204ae0ffed51d2,1,2.28,4.02,4.02,2.11,2.11,0,0
c5f6d8de44475520,1,6.91,28.52,35.62,25.39,30.12,0,0
fd78b0de42045de7,1,7.09,31.75,37.82,26.37,30.94,0,0
54acc07973fb52c8,1,7.29,36.84,43.02,28.61,32.64,0,1
1ea94b85513e5822,1,7.54,44.38,49.47,28.25,30.8,0,1
b8603fa264b25b80,1,7.8,49.36,52.45,33.1,34.77,0,1
3009df5312fa581c,1,8.18,53.27,54.69,37.4,38.16,0,1
e6a4a48400545711,1,8.64,55.9,56.36,40.08,40.38,0,1
b762ea96cfa75157,1,1.44,1.95,1.95,0.72,0.72,0,0
1ff00d6929bb5569,1,4.2,26.38,26.4,12.74,12.76,0,0
80f6c94fed0c5519,1,10.29,53.02,53.02,28.1,28.11,0,1
942df6bcc0c65bf9,1,10.21,53.04,53.05,23.28,23.29,0,1
3bf40232476b591b,1,10.14,52.61,52.62,13.91,13.93,0,1
1e4f2f231ac0540e,1,10.85,54.92,54.92,34.44,34.44,0,1
e1209ca7050c5033,1,10.45,51.88,51.88,31.73,31.73,0,1
f18efb3a137b529a,1,10.03,49.36,49.36,28.31,28.31,0,1
19d546524016560f,1,9.56,46.48,46.48,28.12,28.12,0,1
82c913dd14e05a84,1,6.74,24.0,24.0,16.11,16.11,0,0
b42b3012c31c5b03,1,6.02,19.71,19.71,14.27,14.27,0,0
206322cf0cf45186,1,5.3,15.23,15.23,9.94,9.94,0,0
a780d35138495c38,1,4.59,11.52,11.53,8.16,8.16,0,0
27c1c1822dc75f7b,1,3.88,7.9,7.9,5.82,5.82,0,0
f57f56e799be599f,1,3.18,6.39,6.4,3.63,3.64,0,0
2d88ea430674513d,1,2.55,5.08,5.09,2.12,2.12,0,0
83158ad924fc506c,1,1.83,4.1,4.11,0.97,0.97,0,0
c5ae8b49dc6b54f6,1,6.61,31.33,31.33,14.21,14.21,0,0
0f536eebc58d5ff4,1,6.21,29.58,29.58,14.54,14.54,0,0
8d068ed41e335268,1,4.69,21.84,21.85,11.12,11.12,0,0
9e970e2a22da585c,1,2.08,12.15,12.18,5.8,5.81,0,0
c2072dd6a3f85da0,1,2.04,10.65,10.68,4.49,4.49,0,0
5a5e81f1432a51a1,1,1.99,8.83,8.87,4.22,4.22,0,0
382c08ff59d5504b,1,1.91,8.28,8.33,3.89,3.89,0,0
92471a550d745af1,1,1.78,4.88,4.88,2.99,2.99,0,0
daf38cecd5045cf6,1,0.79,-0.94,2.85,1.08,1.11,0,0
bdaa773585685d09,1,2.35,9.63,12.36,10.71,12.42,0,0
367967cea49c5dda,1,2.84,11.0,13.19,1.36,1.38,0,0
33f04aa1460b5dc5,1,3.42,12.39,13.79,1.69,1.71,0,0
10db4b6fe64b5c10,1,3.79,16.72,17.66,1.35,1.4,0,0
7b3ba1d953a15802,1,3.88,19.72,19.95,10.49,10.59,0,0
463d1cf17f915536,1,7.99,46.1,46.2,4.6,4.6,0,1
8afbc18a03e2572f,1,8.14,46.9,47.03,29.1,29.12,0,1
2b201c0ffa245b8b,1,6.89,38.68,38.73,4.28,4.28,0,1
b3b9745591dd569c,1,6.79,38.13,38.16,20.17,20.18,0,1
d4187db8dc625207,1,6.84,38.64,38.66,22.01,22.01,0,1
32e38b7677e15f69,1,7.19,39.22,39.23,23.68,23.69,0,1
9a9b75516db85d76,1,7.61,40.0,40.01,23.45,23.45,0,1
60cfc7f20f825d8a,1,7.68,39.23,39.23,21.45,21.46,0,1
4ffa52567be45f39,1,7.54,35.18,35.18,19.34,19.34,0,1
5e80270349cb530c,1,7.39,32.02,32.02,19.97,19.97,0,1
5143553713f05db3,1,7.12,31.18,31.19,20.15,20.15,0,0
0da1e53d70565ba4,1,6.93,28.77,28.77,17.6,17.6,0,0
5593db2f64115fbf,1,6.78,26.36,26.38,17.6,17.61,0,0
70d9d518ad0f5382,1,6.67,26.52,26.58,3.43,3.44,0,0
decd6b1dd7f65e1e,1,6.28,28.26,28.3,3.41,3.41,0,0
82226888c99e531c,1,5.71,25.91,25.93,10.66,10.66,0,0
ead04653ed0c5545,1,5.06,22.47,22.48,3.17,3.17,0,0
bc667a4fc0f454d7,1,4.62,27.1,27.18,12.69,12.74,0,0
4d88ae43c2f55d96,1,1.71,3.13,3.13,1.31,1.31,0,0
8a4861a2a0e857fb,1,1.15,2.52,2.52,0.67,0.67,0,0
f8b4b55200585f2b,1,0.67,2.1,2.1,0.32,0.32,0,0
777cf50be27a5d4b,1,0.12,9.71,9.72,10.02,10.03,0,0
239d1b8a77e05a6e,1,0.67,13.48,13.48,13.58,13.61,0,0
83a4f915caf15aca,1,1.54,17.61,17.64,17.26,17.3,0,0
05850e3460015579,1,6.66,25.95,32.93,22.34,26.18,0,0
7fae2ae6ad895261,1,6.72,26.95,34.13,24.78,29.52,0,0
3aa2680fdc805d09,1,5.48,30.91,30.94,22.95,23.05,0,0
d1971f367cb85683,1,4.82,20.29,20.29,13.39,13.39,0,0
2cd2afde48275675,1,4.56,18.39,18.4,13.01,13.01,0,0
002e450c6cba5895,1,4.34,16.56,16.57,12.59,12.59,0,0
b17e8b3c64295431,1,4.08,14.79,14.79,9.48,9.48,0,0
34f2427ba79a587b,1,3.85,13.04,13.04,9.37,9.37,0,0
8636c755aabe5792,1,3.62,11.37,11.38,8.07,8.07,0,0
842c341a579a525e,1,3.38,9.7,9.7,6.35,6.35,0,0
6b9c0c971f9d5b9a,1,8.12,45.39,45.44,27.0,27.02,0,1
9a357640ddd453d2,1,7.94,47.23,47.24,6.56,6.56,0,1
19a79abcf14059d2,1,8.04,47.91,47.93,4.43,4.43,0,1
a64a3e4f2048576d,1,7.8,39.7,39.7,25.61,25.62,0,1
10193911d433540b,1,7.68,37.25,37.25,23.42,23.42,0,1
e89ad5d8a66250f0,1,7.54,34.37,34.37,22.81,22.81,0,1
612903ce91a2507c,1,7.39,31.47,31.47,20.86,20.86,0,0
635495c0e2295c4d,1,7.22,28.06,28.06,19.14,19.14,0,0
9678b0cccb565681,1,1.24,3.39,3.41,0.67,0.67,0,0
29213c31b5895c5f,1,0.19,9.14,9.15,9.29,9.29,0,0
b84c079a32635d34,1,0.35,11.52,11.53,9.43,9.43,0,0
2e7d8157798851f3,1,0.51,13.93,13.94,11.51,11.51,0,0
48762908e4705b55,1,0.66,15.25,15.26,9.44,9.44,0,0
e149babe2348549e,1,1.07,16.68,16.69,10.92,10.92,0,0
46c94b5d7c89561c,1,1.56,18.44,18.45,8.68,8.68,0,0
c159f0c331075464,1,0.04,2.55,2.55,9.49,9.5,0,0
23993a36d4e75a1d,1,1.52,4.16,4.16,1.11,1.12,0,0
d0910fc41d785f46,1,1.01,3.58,3.58,0.46,0.46,0,0
39b4d546300958ad,1,0.89,9.86,9.87,8.76,8.76,0,0
a32383d18e5351cc,1,1.12,12.75,12.75,13.38,13.38,0,0
e80df2a74bfd5a22,1,7.07,36.59,36.59,26.16,26.16,0,1
695beb73604159b7,1,7.32,38.75,38.75,26.03,26.03,0,1
43761f0721035214,1,7.45,39.91,39.91,23.42,23.42,0,1
0695553567185c3c,1,7.35,39.36,39.36,23.66,23.67,0,1
9a6489254d5f5577,1,0.0,16.63,16.64,9.66,9.66,0,0
610271d0c1515c8c,1,0.0,17.52,17.53,9.72,9.72,0,0
eddb4834d5e459c6,1,0.03,17.71,17.72,9.75,9.75,0,0
019eaadd84cb56f8,1,0.16,18.02,18.03,14.51,14.51,0,0
4cb70e4f5d4b5fdf,1,0.89,20.63,20.63,14.79,14.79,0,0
a1d53677e05456b3,1,1.8,25.17,25.17,21.37,21.37,0,0
ab226645ee6f54aa,1,3.94,27.62,28.16,17.78,18.01,0,0
b1bcfdce40d5572e,1,4.24,28.04,28.75,19.46,19.77,0,0
4a4316b978495bba,1,0.03,11.81,11.81,10.05,10.05,0,0
c11764f655de59fd,1,0.07,13.86,13.86,10.16,10.16,0,0
76d34ae8c95156b2,1,0.41,15.87,15.88,12.2,12.2,0,0
e4ec48f9d6f85d23,1,0.83,17.19,17.19,13.95,13.95,0,0
b50b164056715968,1,1.27,18.07,18.08,14.0,14.0,0,0
f54559dd98e75d83,1,1.76,18.66,18.68,17.63,17.63,0,0
42052560d5925f35,1,3.19,17.75,18.08,20.63,20.82,0,0
46deeff0d0495df6,1,3.7,16.6,17.05,12.35,13.72,0,0
00016f8b45c25a1d,1,5.56,31.46,39.05,22.33,23.66,0,0
9d9762d42ff5561d,1,5.75,23.59,26.7,20.37,21.49,0,0
069c47e25ca55ef5,1,6.01,23.41,26.97,23.07,24.85,0,0
9e2706d88b3f553f,1,6.41,23.65,26.67,23.82,25.55,0,0
cc4bccf7f7175ea3,1,6.59,40.52,46.56,24.78,26.17,0,1
210a2cd8efe051af,1,6.76,43.87,48.27,27.06,28.9,0,1
933141027c9e5fdc,1,6.91,49.31,51.93,28.11,29.05,0,1
2fb54b28d0c55807,1,7.05,48.77,49.69,27.64,27.89,0,1
6e79ddf19ead53f1,1,3.04,8.32,8.4,4.75,4.75,0,0
ae02e969e8595cca,1,2.69,7.05,7.15,3.84,3.84,0,0
d2a40dbaca5750e4,1,2.34,5.93,6.04,3.43,3.43,0,0
6f8043e8b0a95706,1,2.09,4.89,4.89,2.19,2.19,0,0
e89a3ed626f75032,1,1.82,4.06,4.06,1.7,1.7,0,0
acc78986a3805c7e,1,1.44,3.3,3.3,0.97,0.97,0,0
d6835050c97f528d,1,0.98,2.75,2.75,0.42,0.42,0,0
e38aa05b9c8b5e32,1,0.0,9.0,9.0,8.03,8.03,0,0
59c19d828f665a79,1,1.92,13.72,21.17,12.54,12.96,0,0
ad517de61e355d8d,1,2.37,13.04,23.31,12.19,12.81,0,0
671da9103fe05141,1,4.1,15.13,30.51,13.54,17.32,0,0
ee91209e45fe5141,1,4.38,18.58,31.7,14.33,17.84,0,0
6cc0563c1a0d5c3a,1,4.6,22.82,31.87,17.47,21.22,0,0
5806eb348e3250d9,1,4.8,26.74,31.86,8.66,9.57,0,0
8fd10a64f7255d5c,1,5.0,29.53,31.93,21.6,23.25,0,0
199a2738284e52c9,1,5.23,32.43,33.03,19.83,20.25,0,1
f78a67043d9e5477,1,3.43,7.19,7.19,6.99,6.99,0,0
551cf39c34f75b25,1,1.29,22.52,22.52,1.91,1.92,0,0
78a8c3b8447d5489,1,1.19,22.09,22.1,4.58,4.59,0,0
3b4f49412be55b80,1,1.46,23.5,23.5,3.69,3.69,0,0
a89b31979d265539,1,1.93,25.82,25.84,10.99,11.13,0,0
41d8a2d6fa6853c5,1,2.45,28.37,28.43,15.45,15.47,0,0
a9c15f8aabb65b09,1,4.97,17.15,17.18,10.26,10.26,0,0
bcc370e566845fc6,1,4.26,16.15,16.18,7.54,7.54,0,0
1f06808c28765941,1,8.52,57.42,57.46,9.28,9.28,0,1
85cdfd35b2cb5692,1,8.55,57.57,57.6,29.52,29.6,0,1
ec2d4139247f5375,1,8.57,57.66,57.67,29.42,29.51,0,1
fffe18f189075204,1,8.65,58.01,58.02,3.6,3.6,0,1
88f90b93bbf255ad,1,8.72,58.29,58.3,34.31,34.34,0,1
f969cc5d3bc95470,1,8.65,56.46,56.49,27.17,27.17,0,1
32d85d373126537e,1,0.08,0.02,0.21,8.01,8.02,0,0
a5ad1e9de54e5ad0,1,0.98,10.76,10.78,5.13,5.13,0,0
7e9f20074e1b5e68,1,5.15,26.81,27.01,7.8,7.8,0,0
447e7b334e165460,1,5.0,24.73,24.93,13.24,13.26,0,0
f39db68736425365,1,4.87,24.82,24.98,17.2,17.24,0,0
2fd7f2b6eaae5d04,1,4.77,26.09,26.14,16.95,16.97,0,0
c71161b938af5b16,1,4.76,24.84,24.87,17.39,17.4,0,0
aaa11cdbc8d35178,1,4.98,24.64,24.65,16.38,16.39,0,0
521247f86d7f57c0,1,6.01,22.78,22.94,17.75,17.76,0,0
ac7bd595b9a3544c,1,6.24,21.65,21.88,17.64,17.66,0,0
c4bacbfebba15b26,1,4.36,27.19,27.82,17.17,17.36,0,0
e5c10d26102f51e3,1,4.35,20.05,20.16,11.36,11.37,0,0
ad47566ea29a57bf,1,3.92,29.35,29.45,9.32,9.33,0,0
1ec58e13fee45a30,1,0.98,19.73,19.74,9.03,9.03,0,0
778219f3cac65d35,1,0.77,19.03,19.04,9.08,9.08,0,0
09fda519bc395630,1,0.96,19.99,20.0,13.42,13.42,0,0
2dca181fa97153a0,1,1.46,23.24,23.24,13.5,13.5,0,0
e60d3950023a5e46,1,2.07,24.72,24.72,17.05,17.05,0,0
75f5cc1f425c501d,1,6.47,22.7,22.84,21.81,21.87,0,0
8ff50d5fa36956fa,1,6.63,19.93,20.05,9.92,9.93,0,0
57dceadaafe053ef,1,6.63,17.05,17.06,15.64,15.66,0,0
5aad75c605655367,1,6.58,14.12,14.17,13.51,13.51,0,0
851ef663a5775acd,1,6.48,11.14,11.18,17.73,17.74,0,0
d719f6e5de715f5a,1,6.37,8.25,8.3,18.06,18.06,0,0
e9fd1602f4555be6,1,6.07,6.47,6.47,13.97,13.98,0,0
50aa287e430e5ab3,1,5.43,5.21,5.21,10.39,10.39,0,0
e41740b9529753af,1,7.2,38.2,38.2,21.6,21.61,0,1
6ae2bcc5c2c050e4,1,6.91,36.99,36.99,17.57,17.58,0,1
d0de8d6a350d55d9,1,6.64,35.08,35.09,6.64,6.65,0,1
0a44947ca9e85579,1,6.34,29.76,29.99,20.31,20.33,0,0
e22b4bce822a51fb,1,6.51,26.87,27.25,10.58,10.58,0,0
f55fd99d0cd65b58,1,6.67,37.78,38.02,6.35,6.36,0,1
2f421d857f32510e,1,6.8,36.74,36.86,8.86,8.88,0,1
59bb570b4290572d,1,6.92,37.66,37.74,22.02,22.05,0,1
a55fdc98ef8057e5,1,7.74,36.54,36.85,23.62,23.64,0,1
7d966991a14353b3,1,7.52,36.12,36.86,25.68,25.78,0,1
fc450a5080d458e1,1,7.33,34.63,35.6,27.74,28.07,0,1
d74dbc89af495c84,1,7.19,34.68,36.75,25.73,26.03,0,1
787484f52b4753b2,1,7.05,36.07,39.75,25.3,25.67,0,1
a71fec9cd7b65cf0,1,6.92,32.55,37.05,24.04,24.69,0,1
3265a706c55157b2,1,6.79,26.88,28.49,23.02,23.89,0,0
b7b0c0f56613553b,1,6.67,22.36,23.2,21.62,22.62,0,0
b403192d3ea45397,1,6.62,29.71,29.71,23.18,23.18,0,0
3187a6d159fb51d8,1,6.47,17.17,17.17,21.83,21.83,0,0
725b2a708c8e55f1,1,6.38,17.06,17.06,20.22,20.22,0,0
63d6fbc938bc58cb,1,6.34,12.68,12.71,19.79,19.79,0,0
70322003ab525a2e,1,6.31,12.47,12.5,19.45,19.45,0,0
a422962469ff5d27,1,6.28,6.92,6.97,19.39,19.39,0,0
6b8daf3b57175e70,1,6.27,6.89,6.94,17.67,17.67,0,0
e131caa356115811,1,4.01,20.23,20.23,11.18,11.19,0,0
767ce55e55515539,1,8.18,55.98,56.06,9.18,9.18,0,1
e6c32a1387c554cf,1,8.22,56.12,56.23,3.03,3.03,0,1
62de32eb450356e0,1,8.18,55.96,56.04,28.48,28.5,0,1
09bf6cc1f6545219,1,8.3,56.51,56.54,28.48,28.49,0,1
6648a1c53b8c5994,1,8.35,56.69,56.76,9.07,9.07,0,1
9c3e55179e8b57b9,1,8.5,57.35,57.39,4.69,4.69,0,1
0c94bd3548525c31,1,8.54,57.49,57.54,4.4,4.4,0,1
75e25b5026885256,1,8.5,57.33,57.38,4.49,4.49,0,1
e0e85d4fc9545225,1,3.56,11.25,11.25,6.11,6.11,0,0
364dd4c7c4cf55cb,1,2.96,8.78,8.78,3.7,3.7,0,0
12821eee232458b8,1,0.69,19.62,19.63,9.32,9.32,0,0
77c1bc7a68b55fb9,1,0.76,19.96,19.96,9.14,9.14,0,0
f308a472f26056a7,1,0.87,20.52,20.52,11.28,11.28,0,0
fd87474daeb05e69,1,1.24,22.33,22.34,13.94,13.94,0,0
182a718050bd598a,1,1.73,24.82,24.82,18.22,18.22,0,0
8792fb68a0b2586a,1,2.24,27.35,27.36,18.31,18.31,0,0
fbf2eaa61abb5a2f,1,8.91,51.76,52.3,36.84,37.05,0,1
f98bff8bb0675d96,1,9.23,52.42,52.94,37.21,37.43,0,1
0df6f24a95e75544,1,9.45,52.89,53.34,38.64,38.86,0,1
9c100482944751b3,1,9.66,53.38,53.71,42.97,43.15,0,1
e8bc2f6b295e5867,1,9.87,53.81,54.04,39.66,39.77,0,1
1f67195591a95027,1,9.43,53.15,53.3,36.65,36.72,0,1
aba3b771ef0054c6,1,9.33,52.96,53.11,36.58,36.65,0,1
52a632acca085891,1,9.32,52.99,53.13,36.2,36.26,0,1
0d2e670274c65f81,1,7.68,36.67,45.02,15.54,15.54,0,1
005fcf3e9a125706,1,7.24,27.03,43.53,20.63,21.35,0,0
5fde0c8c8f4b5ecb,1,7.12,25.13,43.92,22.56,24.32,0,0
66583dab627951a2,1,6.94,25.28,43.43,15.23,15.9,0,0
63980d0b4c9352c4,1,6.68,26.59,43.53,15.26,16.07,0,0
a2c2e046132e5596,1,6.49,29.09,43.81,12.88,13.68,0,0
6360aa4dd01151c3,1,6.59,32.59,45.35,12.44,13.0,0,1
9c2063a3e137542a,1,6.74,36.62,47.07,12.28,12.83,0,1
e1f58cff32225d3a,1,4.19,14.85,14.85,9.69,9.69,0,0
9d21f2742b1a5b27,1,4.0,2.76,3.21,11.33,11.33,0,0
260d0c0225eb534d,1,3.91,2.64,3.18,9.55,9.55,0,0
4bc96604c1c85606,1,3.8,2.5,3.13,9.3,9.3,0,0
dcd5dc3f53d9533f,1,3.7,2.38,3.09,7.58,7.58,0,0
7ef36a2139b45d9a,1,5.44,9.34,9.44,14.3,14.3,0,0
3b56d2b022d25026,1,0.85,19.97,20.43,13.21,13.24,0,0
d26786f5e54e53f3,1,1.75,23.46,24.59,16.74,16.98,0,0
4624907fdacb5038,1,9.81,59.12,59.34,37.97,37.98,0,1
6e738e56c7f854d0,1,9.9,59.12,59.44,33.81,33.84,0,1
566394b6f104598e,1,9.8,58.75,59.17,35.86,35.93,0,1
7f20b37cfbb7573b,1,9.67,57.97,58.36,35.83,35.9,0,1
7da6ba784b8b5ff0,1,6.54,12.49,24.23,18.62,19.47,0,0
ce28bbe99d7f5f43,1,6.29,13.6,26.96,16.57,21.89,0,0
1198cf572c315f9c,1,6.05,15.37,26.78,16.19,21.82,0,0
bc88b69c56ec5a0f,1,5.99,19.39,26.94,16.61,21.05,0,0
e7b5da2135fc5303,1,1.85,4.7,4.7,2.11,2.11,0,0
d09bb687e7e15b97,1,1.53,5.17,5.17,1.73,1.73,0,0
8c4218fc392a52be,1,1.28,5.24,5.24,1.4,1.4,0,0
ac944958cb6d5209,1,1.06,4.74,4.74,0.75,0.75,0,0
18b5995484435fbe,1,0.04,5.62,5.62,10.01,10.01,0,0
6ba5ed2f323f53e2,1,0.39,8.05,8.05,12.5,12.5,0,0
9064ebbda4425d30,1,1.03,11.25,11.25,14.0,14.0,0,0
4f6fb990b8875e5f,1,1.68,15.16,15.16,13.78,13.78,0,0
dbbe5d5671495f13,1,3.85,18.51,18.52,9.6,9.6,0,0
9c0cc184e0895e70,1,3.67,16.99,17.01,8.54,8.54,0,0
18023ea42fe95bdb,1,3.49,14.81,14.84,8.34,8.34,0,0
709f0d99dfa0567e,1,3.29,12.91,12.94,7.71,7.71,0,0
25a3a5bc491d521b,1,3.09,11.21,11.21,6.51,6.51,0,0
111191a59b9c53c2,1,2.84,9.38,9.43,5.14,5.14,0,0
78ea729667c1558b,1,2.54,6.52,6.58,4.05,4.05,0,0
a4a08c828e87562c,1,2.25,5.53,5.6,2.88,2.88,0,0
80386d2e9c215d3b,1,5.83,39.97,42.61,23.29,24.45,0,1
2e0a31d833765412,1,6.18,43.14,44.24,26.11,26.5,0,1
986ebb8642ae5b64,1,6.55,45.42,45.76,30.03,30.13,0,1
1bea55e75a9b593b,1,7.04,44.69,44.71,23.54,23.54,0,1
3748f0fadf395c8a,1,7.12,45.97,45.99,26.73,26.73,0,1
bc7ae4f9eced56c9,1,7.59,48.69,48.73,28.45,28.46,0,1
cbbf59be3a4e555d,1,7.23,33.14,33.15,10.3,10.3,0,1
bee76fa92b735b00,1,7.18,31.79,31.8,3.94,3.94,0,0
9300251ea784552f,1,7.08,29.44,29.44,4.06,4.07,0,0
ec4557ae01265fc4,1,6.85,25.2,25.2,17.83,17.83,0,0
73bc1971e0735c22,1,6.42,19.76,19.76,15.94,15.94,0,0
4d3807c5fd5d573f,1,5.93,14.44,14.44,10.34,10.34,0,0
cd72b9f6b03f5f41,1,5.38,12.0,12.01,10.49,10.5,0,0
ee6d63d4e8b35518,1,4.68,9.73,9.74,7.39,7.39,0,0
bf2a9740fda85514,1,3.98,7.61,7.62,5.08,5.09,0,0
f958234391c05be3,1,3.21,5.99,6.23,3.46,3.46,0,0
b113e988ede45a4f,1,6.95,41.05,48.88,12.9,13.68,0,1
da83e9a4e38a5d6e,1,7.15,45.49,50.48,26.11,28.2,0,1
28123c233d33567e,1,7.39,50.79,53.43,28.9,30.03,0,1
5496f69033515dd4,1,7.68,53.03,53.79,34.3,34.66,0,1
f1ceb70bd72a5048,1,0.32,18.07,18.35,3.9,3.91,0,0
d4c431871c755ba3,1,0.04,17.53,17.79,7.39,7.39,0,0
45408d0676b7570c,1,0.0,17.45,17.7,5.84,5.84,0,0
6247bc8d9df7529d,1,0.19,17.88,18.15,11.04,11.05,0,0
e0522da7328d5c9e,1,6.77,23.17,23.17,16.03,16.03,0,0
128076b6be9a5209,1,5.97,20.42,20.42,13.99,13.99,0,0
d016df0950fc5e69,1,5.32,17.88,17.88,12.21,12.21,0,0
fefe6361de855419,1,4.8,15.69,15.7,10.08,10.08,0,0
a763369e30305f95,1,4.3,13.63,13.63,8.21,8.21,0,0
6b5a3fa1663e5a8d,1,3.84,11.82,11.83,6.35,6.35,0,0
335576eae9705bfc,1,8.98,56.01,56.03,29.69,29.69,0,1
83c72c93de355a6b,1,1.93,25.39,25.4,1.96,1.96,0,0
fe789ce80d4f5b2e,1,5.62,18.45,18.46,12.99,13.0,0,0
0d50bb8976e45ea7,1,5.03,17.24,17.25,3.31,3.31,0,0
2c9ea4fc0e8e5ef2,1,4.66,19.63,19.64,4.07,4.07,0,0
810b73ca95975db9,1,4.48,20.07,20.08,13.4,13.42,0,0
0c027fc454685c14,1,4.37,20.32,20.33,11.52,11.59,0,0
f9bce7199ad8555d,1,4.3,19.9,19.91,6.47,6.5,0,0
db747c98e01c5b42,1,4.22,20.07,20.14,6.42,6.47,0,0
ef34a4f536c5598c,1,4.14,21.59,21.65,6.38,6.42,0,0
adccb045b1495f50,1,4.24,24.45,24.5,6.51,6.54,0,0
dac744da64d35664,1,4.45,29.78,29.8,6.57,6.62,0,0
20ffc5c3de7c591a,1,4.67,32.74,32.74,17.6,17.6,0,1
6012210b020c53a9,1,4.2,18.48,31.41,16.3,16.66,0,0
179a2670a5965eeb,1,4.51,19.46,35.01,15.53,21.0,0,0
ad8fec600a4c5ed7,1,4.79,24.61,36.28,17.0,23.24,0,0
dd6549a070e25b02,1,5.11,30.08,38.43,19.55,23.28,0,0
5005f44bd2135f3b,1,5.46,35.64,41.13,21.73,23.84,0,1
c4808a6f1f7f5470,1,11.46,63.79,63.83,39.95,39.97,0,1
a541237b06645d49,1,11.22,63.34,63.36,40.35,40.36,0,1
42c1346e9b585c5b,1,10.96,62.81,62.83,35.08,35.09,0,1
cdb1d43f01565d9c,1,9.92,39.84,39.84,27.37,27.37,0,1
e2d33c999ca45ea7,1,9.5,36.47,36.47,26.73,26.73,0,1
9f309ebf66645913,1,9.01,33.02,33.02,24.81,24.81,0,1
e706a9c88e625828,1,8.33,29.48,29.48,20.51,20.51,0,0
5c9f7765dd945010,1,7.53,26.22,26.22,19.2,19.2,0,0
1d0c8aa56b6350bf,1,2.46,4.72,4.77,2.08,2.08,0,0
90c6b53ec4a252bc,1,1.81,3.75,3.81,1.06,1.07,0,0
ff76d319bd9558f9,1,1.18,3.12,3.19,0.52,0.53,0,0
5a35f8abb51c5303,1,0.96,2.87,2.95,0.81,0.82,0,0
4940444d511c5594,1,0.02,12.87,13.94,8.19,8.19,0,0
f004b5e4838455f3,1,0.1,12.92,14.02,7.9,7.92,0,0
cfbf3f55398f5fc6,1,0.66,13.11,14.6,6.39,6.39,0,0
0ab7e69f15735883,1,8.09,55.64,55.69,23.76,23.77,0,1
09e4d1d929535af0,1,6.55,16.6,16.77,18.49,19.16,0,0
e051405f88c05270,1,5.02,5.59,5.6,7.66,7.71,0,0
ea3766d0f2985fc8,1,4.29,3.98,3.98,7.84,7.88,0,0
65b16bfce348521f,1,0.06,-0.01,0.11,9.76,9.76,0,0
0ac560549a495626,1,0.52,0.07,0.15,13.13,13.13,0,0
f9d772498ab656d6,1,2.11,26.41,26.42,17.08,17.1,0,0
1d198434c5f9569e,1,2.91,29.49,29.59,20.43,20.51,0,0
dbd94883f7865af6,1,3.65,31.27,31.95,19.69,19.88,0,0
8c9f50cc72685ca7,1,0.7,11.63,11.64,7.04,7.04,0,0
ef11e35afed25326,1,0.94,14.08,14.1,10.93,10.93,0,0
c3ace87d2f985eaa,1,4.89,33.68,33.69,20.48,20.49,0,1
409ed084cde5554b,1,6.93,44.18,44.19,15.88,15.88,0,1
0ae7ba2fd0f95d17,1,7.14,44.31,44.32,24.84,24.85,0,1
46c8d578ddb55784,1,7.3,39.97,39.98,24.71,24.71,0,1
d0884d449b2959fe,1,7.36,37.99,38.0,19.38,19.4,0,1
73c8918f6d995213,1,7.33,35.88,35.88,28.34,28.34,0,1
cecce24905cb5641,1,4.21,15.13,15.59,7.03,7.1,0,0
639b55d4b2b65d0a,1,4.69,26.94,27.04,11.6,11.66,0,0
85aaf087e6fe54ee,1,5.15,25.55,26.47,3.56,3.56,0,0
b3056d1269ae5df9,1,4.3,14.62,30.83,9.65,9.69,0,0
f6d575d8e0a45772,1,3.71,12.92,29.07,8.59,8.66,0,0
815565a62f775c7c,1,3.43,11.77,27.54,9.43,9.83,0,0
d14ccafb937a543a,1,3.46,12.54,28.48,15.94,15.98,0,0
173369dc059d5fe9,1,3.79,13.11,23.69,17.35,17.5,0,0
03986e48fa5e5f90,1,2.77,4.96,4.99,3.36,3.36,0,0
89de641f85f25a3b,1,0.43,6.67,6.69,5.35,5.35,0,0
eb2797d76e3b5384,1,0.53,8.24,8.25,8.94,8.94,0,0
cb3c9e9327b25cdc,1,0.7,11.08,11.09,9.22,9.22,0,0
a9c27d1fdee5599e,1,1.08,13.96,13.97,13.45,13.46,0,0
d9b577262eed5ceb,1,7.14,8.86,8.87,19.32,19.33,0,0
52a66f215e855378,1,6.69,25.05,25.05,17.86,17.86,0,0
f2d4e4b013a3579e,1,6.18,21.14,21.15,14.54,14.54,0,0
cb91b17626f85892,1,0.26,18.2,18.2,13.44,13.44,0,0
fa1f681041595461,1,1.17,21.95,22.01,17.23,17.24,0,0
4b259f30bb73511d,1,2.31,27.49,27.65,22.92,23.0,0,0
bc842040229c5e52,1,5.19,40.1,40.87,27.73,27.96,0,1
ceea7304846852b9,1,5.89,42.73,43.64,30.07,30.31,0,1
3cf11c2988d25d2b,1,6.53,45.02,45.96,30.63,30.91,0,1
00685a5276625b57,1,7.0,46.79,47.5,33.02,33.29,0,1
87124bde96ba59b1,1,7.27,47.87,48.29,32.98,33.18,0,1
c89f33e9f07d5aa8,1,1.05,16.81,20.92,7.58,8.05,0,0
4a55d9d08b7752e8,1,0.95,16.97,20.49,7.74,8.19,0,0
b2e0a5dfbb575ce1,1,0.92,17.39,20.35,4.8,4.84,0,0
12800b02eb685132,1,1.14,18.98,20.98,6.86,6.97,0,0
5d7e99b7eea65475,1,1.57,21.41,22.91,12.71,13.2,0,0
34a6eb93916e5962,1,2.07,24.08,25.0,9.98,10.19,0,0
e4673b6cec6b521a,1,4.25,18.3,18.31,15.36,15.36,0,0
3a2b28ef68385d75,1,4.22,16.54,16.55,11.58,11.58,0,0
deb455f53c805643,1,6.14,36.54,43.95,13.75,15.34,0,1
3b1e0182cb145b8d,1,6.12,36.15,39.12,9.5,10.35,0,1
25d6781d5063561a,1,6.06,38.37,39.39,4.51,4.59,0,1
7755fb23f28f5b2f,1,6.13,44.72,45.64,7.28,7.38,0,1
52a862ac6c845dbb,1,6.97,47.83,49.19,29.46,29.57,0,1
0beacadfbc4553ea,1,7.79,50.27,53.78,28.73,29.66,0,1
f985ec5a35285901,1,7.84,51.59,54.22,29.35,30.07,0,1
c3ed0328b37b586b,1,7.97,52.87,54.89,35.08,35.92,0,1
5aed461803ae5673,1,1.21,13.61,14.35,10.78,10.79,0,0
6895a6d7719f5b3e,1,2.16,14.94,18.59,12.76,12.78,0,0
d534aec3a5085c3b,1,2.77,14.61,18.99,10.6,10.7,0,0
8b8ea705c7fd5e8a,1,3.4,16.27,21.05,1.35,1.35,0,0
132307b3c1a55f97,1,3.8,17.53,21.48,3.55,3.57,0,0
8e393929643f5c97,1,5.03,28.54,29.53,18.78,19.36,0,0
a90de87b906d51e8,1,5.21,31.35,31.68,3.76,3.77,0,0
13f771febde65a66,1,5.47,33.67,33.71,24.94,24.98,0,1
7c7c063205ec5f3c,1,4.58,3.75,3.75,7.6,7.6,0,0
4b58ef9360555bac,1,3.89,2.74,2.75,7.84,7.84,0,0
1d0334886e9f535b,1,3.51,2.25,2.25,6.1,6.1,0,0
132cc1207858500c,1,3.05,8.03,8.1,3.91,3.91,0,0
314f25442fd753b4,1,2.28,6.84,6.91,1.48,1.48,0,0
19282fb074525def,1,0.59,6.28,6.34,4.43,4.43,0,0
d51cd13cfbe35a4b,1,0.63,7.51,7.55,4.72,4.72,0,0
2802831d87ba5a55,1,0.65,9.27,9.28,8.73,8.73,0,0
a13d45e804265392,1,1.06,21.04,21.49,14.92,15.01,0,0
42643a30b402538f,1,2.31,26.68,27.62,19.78,20.09,0,0
d44d886053b15b23,1,6.85,45.15,46.54,28.24,28.51,0,1
fe2270288c1d5628,1,7.18,45.95,47.81,29.81,30.41,0,1
1ed8702288c15895,1,7.54,47.38,49.1,35.69,36.63,0,1
373707159e77583c,1,7.9,48.55,50.22,34.2,34.97,0,1
f2117260382b5d83,1,8.21,49.59,51.03,35.79,36.54,0,1
398326681cd7500a,1,8.4,50.46,51.49,34.98,35.46,0,1
0d1b753fd19f55cb,1,7.27,51.95,52.05,26.93,26.93,0,1
fe0a6bd36c395735,1,7.22,51.64,51.82,27.94,27.96,0,1
41c548e7d8aa5f1a,1,7.16,51.33,51.53,27.34,27.37,0,1
1caa3a4c5d5d510e,1,7.11,51.08,51.26,27.14,27.17,0,1
d5110a9cb2b352d5,1,7.03,50.74,50.81,27.26,27.28,0,1
2721fbd6b58d558a,1,6.94,50.38,50.41,22.02,22.03,0,1
e5d2a01ab5b0562a,1,1.87,15.8,18.56,1.93,1.93,0,0
cae6cbccfd535659,1,1.7,13.5,20.75,12.13,12.37,0,0
d91edafc567a5fcc,1,4.59,22.43,26.95,17.29,18.51,0,0
95effa16c4bb5c12,1,4.73,21.53,27.08,16.63,18.1,0,0
249478c83c155093,1,4.78,22.56,33.71,16.24,17.82,0,0
276396e455bb57b5,1,4.81,23.61,37.68,15.91,17.53,0,0
ceccd4369b5f552d,1,4.87,25.56,38.5,16.71,19.13,0,0
98b3a0bf3cce5649,1,4.97,13.39,15.84,14.93,16.25,0,0
4c3547b853675e66,1,6.15,46.65,46.67,18.71,18.76,0,1
8f41958d23a65c48,1,6.51,49.23,49.26,15.36,15.42,0,1
1e0c13bae35a50b3,1,8.61,51.21,51.88,34.94,35.22,0,1
6795e4cf76f55755,1,8.85,51.93,52.3,35.71,35.87,0,1
747f309bac56509f,1,9.15,52.64,52.83,39.2,39.28,0,1
9ebf7c0f1b4f5f39,1,9.41,53.21,53.31,39.14,39.18,0,1
8379e27735535cc1,1,9.66,53.64,53.72,38.85,38.88,0,1
58c018c299d05214,1,0.61,19.19,19.19,5.97,5.97,0,0
d345cd51380a5243,1,0.11,17.9,17.91,7.84,7.84,0,0
3ca720caa0ff5082,1,0.05,17.76,17.76,9.65,9.65,0,0
97e5f17eb7235c14,1,9.34,53.03,53.16,36.39,36.44,0,1
7385c74727eb53b5,1,9.36,53.09,53.2,36.32,36.38,0,1
86dfdf03f928570a,1,9.39,53.16,53.24,36.35,36.39,0,1
8d06ea883e7853a9,1,6.43,21.14,35.3,17.97,20.69,0,0
bcf92cdb596a5fa2,1,5.91,27.08,34.29,12.47,14.0,0,0
0f206a62842b59b2,1,0.08,6.67,6.67,3.29,3.29,0,0
8781cde1032354cb,1,0.35,8.13,8.13,4.48,4.48,0,0
c49e7550cee75722,1,0.77,11.09,11.09,7.15,7.15,0,0
7f47c3fca9075a31,1,5.39,40.65,42.55,22.64,22.92,0,1
4e9b792f30975e78,1,5.68,43.61,44.21,22.88,23.05,0,1
fb5265ab37085422,1,6.81,26.21,26.21,24.53,24.59,0,0
9e12f81268d75fbb,1,6.64,23.58,23.58,17.27,17.27,0,0
f233f263a7e75621,1,6.39,20.91,20.92,17.14,17.14,0,0
adb5cfe871c55445,1,6.13,18.25,18.25,17.39,17.4,0,0
467191a24ffe57aa,1,5.59,12.98,13.05,3.98,3.98,0,0
bcf2a79dad3f56f2,1,5.35,10.5,10.65,3.99,3.99,0,0
50a5cd7410e85782,1,2.84,19.79,26.97,11.61,12.12,0,0
dadaa10f428c501e,1,3.04,19.74,27.98,12.27,13.14,0,0
9135a6d270475c7f,1,3.23,19.74,28.92,12.17,13.16,0,0
36e3e0f9a589578d,1,3.39,20.81,29.18,13.42,14.98,0,0
584a741051cd523f,1,3.53,21.47,29.9,13.45,14.97,0,0
d813c6a4706e5411,1,3.65,22.54,30.55,13.82,15.28,0,0
ffb89fa44ab351b9,1,3.76,23.99,32.06,14.32,15.68,0,0
d42d0a93b7185161,1,3.89,26.49,33.04,15.29,16.36,0,0
6a9d9f877efb51e3,1,4.01,29.11,33.92,15.74,16.48,0,0
189e9c0a20085a38,1,4.08,31.11,34.42,16.31,16.75,0,0
e7ae612e880e5d5f,1,3.24,14.32,14.68,9.66,9.94,0,0
a7d3076a7b7b58b2,1,3.13,14.61,14.72,5.34,5.41,0,0
dac5a6aa183b5e73,1,3.02,27.01,28.01,10.09,10.17,0,0
54ab49005da25b3e,1,2.91,23.79,27.01,9.27,9.29,0,0
dcff89b03b925c41,1,2.94,22.17,26.79,6.82,6.88,0,0
01e3dbb4fbcd5781,1,3.0,-10.09,10.28,10.53,10.8,0,0
2c1f43c6b93c5952,1,6.87,50.05,50.08,11.52,11.57,0,1
087e15b24dd55c90,1,7.22,51.71,51.72,11.68,11.75,0,1
e028780a88805f58,1,7.56,53.3,53.31,11.62,11.71,0,1
2e54d786ec095896,1,0.77,20.0,20.02,13.95,13.95,0,0
4024c1a4953e57a7,1,1.57,23.98,24.0,17.46,17.46,0,0
fdd599e861875d9f,1,2.39,28.08,28.1,17.56,17.57,0,0
debd166df3a85845,1,5.05,37.6,37.61,15.02,15.03,0,1
2ea6bdf1e8905fd8,1,3.28,6.3,6.33,4.8,4.8,0,0
19d7afdb02055502,1,8.18,54.36,55.89,34.27,34.82,0,1
6a5c90faa1cc5f03,1,8.42,59.27,60.04,35.38,35.74,0,1
df5915c3464e569e,1,8.6,57.58,57.85,37.03,37.2,0,1
f154d2accd365815,1,8.73,58.27,58.38,35.36,35.44,0,1
bc8d49758c6b5612,1,8.76,58.46,58.5,33.38,33.41,0,1
1b963a72d0cf5320,1,8.65,58.0,58.01,33.02,33.04,0,1
08ca490a89c4544e,1,8.54,57.54,57.55,27.99,27.99,0,1
ba13a6004a0c5f8d,1,8.07,48.22,50.36,2.64,2.64,0,1
5db9d1088a615a4b,1,3.06,-11.39,11.64,9.28,9.87,0,0
e4237030b1b75a8d,1,3.12,18.24,20.86,9.54,9.75,0,0
f790e64181a15f5a,1,3.16,17.45,19.5,9.4,9.57,0,0
570ba391cb6158c2,1,3.22,19.03,23.18,6.74,6.82,0,0
5b265648c07a54b8,1,3.26,15.01,21.89,3.66,3.67,0,0
a49be33c358b5cb4,1,3.36,14.14,20.76,3.53,3.54,0,0
729c7f95c12f5dd4,1,3.39,13.03,14.59,3.41,3.42,0,0
ae312bf769445e43,1,3.35,12.59,14.57,1.26,1.27,0,0
45ebc34cbe405c3e,1,10.66,54.17,54.85,42.2,42.66,0,1
d20be65e3dc65738,1,10.72,54.41,55.0,36.96,37.29,0,1
9c9b62965da75764,1,10.78,54.75,55.14,45.37,45.69,0,1
2783db04f9b05383,1,10.81,55.02,55.23,41.35,41.48,0,1
ba69be06341d5b2b,1,10.85,55.21,55.3,41.61,41.67,0,1
1c5aaf9e884b5ce9,1,10.91,55.34,55.36,40.92,40.95,0,1
0d40059cfdf75e7a,1,11.47,55.85,55.88,44.9,44.9,0,1
3a4e9626c9aa5fa0,1,11.37,55.78,55.8,45.01,45.02,0,1
1cb21a59cbf95e1e,1,10.3,53.61,54.2,40.96,41.12,0,1
59797b950d9e52ba,1,10.44,53.43,54.26,39.15,39.37,0,1
65676c8917335c2c,1,10.58,53.23,54.36,41.66,42.08,0,1
32a19a2ab50f563d,1,10.73,53.07,54.53,40.02,40.58,0,1
f1b0cf7d344052ba,1,10.91,53.13,54.8,41.71,42.53,0,1
72191253c85a5227,1,11.06,53.41,55.07,41.61,42.48,0,1
ac808bd1bfac5425,1,11.1,53.87,55.25,41.82,42.61,0,1
12c01b203ea85b41,1,11.04,54.36,55.32,42.15,42.77,0,1
1134d05b608b54e8,1,9.79,53.85,53.97,36.46,36.49,0,1
2d6a7d3813ef54e0,1,9.71,53.75,53.84,36.31,36.33,0,1
83cb0b794de45f7e,1,9.65,53.68,53.74,34.32,34.33,0,1
c39f042bbc0256ba,1,8.5,51.53,51.54,32.56,32.57,0,1
687fa6fce3ab5f91,1,1.12,18.67,20.51,12.81,12.94,0,0
b556cea74b125dfa,1,1.81,19.42,23.01,11.99,12.15,0,0
14b4283d229a5e3d,1,2.33,19.61,25.12,11.65,11.86,0,0
56706b5fe8b4575f,1,2.63,19.96,25.93,11.55,11.86,0,0
de354f243fa157ec,1,10.15,54.35,54.44,40.57,40.61,0,1
d063f70ffb44513e,1,10.21,54.47,54.54,40.42,40.44,0,1
471869e791085ef6,1,10.22,54.47,54.53,40.38,40.4,0,1
c038901b4a0259ab,1,10.15,54.34,54.42,40.3,40.33,0,1
8a2637d104fb5194,1,10.09,54.18,54.29,40.33,40.36,0,1
a15d7c93c85e5505,1,10.07,54.03,54.2,40.98,41.03,0,1
b69046ccdede5ae9,1,10.1,53.89,54.16,40.76,40.83,0,1
c505de060d305ef5,1,10.18,53.75,54.15,40.9,41.0,0,1
6d26431aced45f83,1,5.27,20.91,20.91,14.72,14.72,0,0
b677a8a95c395ad2,1,4.94,18.81,18.81,13.05,13.05,0,0
bf4d95ea76b75de7,1,4.6,16.77,16.77,12.59,12.59,0,0
6e6c19ea921f550d,1,4.31,14.85,14.85,11.03,11.03,0,0
e694a2cdf01e52b8,1,3.95,13.09,13.09,9.33,9.33,0,0
419ff14e34c45d7f,1,3.64,11.33,11.38,7.98,7.98,0,0
1ab2fedfbb4b5c2f,1,3.3,9.84,9.9,6.53,6.53,0,0
d4f972826d645ca8,1,2.95,8.5,8.56,5.13,5.13,0,0
cba2150084b1510a,1,10.98,54.8,55.32,40.53,40.92,0,1
31e7be6258f35c5a,1,10.94,55.11,55.27,40.97,41.14,0,1
72e48f99d8265b71,1,10.86,55.1,55.11,39.54,39.58,0,1
4a62cc0027965e10,1,10.78,54.89,54.95,40.35,40.35,0,1
a3bb30f4190a5f5d,1,10.71,54.61,54.81,40.41,40.44,0,1
a622ff338b425c28,1,10.67,54.32,54.75,40.91,41.07,0,1
d12c5ba59acf55a0,1,10.63,54.1,54.72,38.57,38.81,0,1
003a1fdca9505c09,1,10.63,54.04,54.76,38.78,39.15,0,1
d663992c13fa5438,1,2.57,7.31,7.39,3.71,3.71,0,0
6321c384f59c5265,1,2.25,6.13,6.21,3.66,3.66,0,0
7f54c08f50ef5ace,1,2.09,5.26,5.37,1.94,1.94,0,0
7fdfa29d75525f46,1,1.77,4.37,4.37,1.25,1.25,0,0
3b0d8847b4a25a92,1,1.26,3.7,3.7,0.75,0.75,0,0
a66477a84cc05f05,1,0.04,7.06,7.06,9.82,9.82,0,0
7597912d2a175b46,1,0.49,10.58,10.58,14.43,14.44,0,0
4495218e41b35f25,1,1.2,15.61,15.61,14.52,14.52,0,0
71246cbb6de459d6,1,5.68,37.52,37.74,23.38,23.43,0,1
52ed9777731d5ba8,1,5.93,37.45,37.65,26.49,26.55,0,1
3c462254687e5ef8,1,6.24,37.25,37.39,26.49,26.54,0,1
3a7fa6d4bfb65f4b,1,7.45,29.94,29.94,29.93,29.97,0,0
7fef3d49daa652cb,1,7.58,42.54,42.65,29.54,29.58,0,1
840de743ab1c50cc,1,7.63,41.23,41.35,29.37,29.4,0,1
ba2ebab05dfd523e,1,0.0,13.05,16.62,8.16,8.67,0,0
24a036d6f97d5a50,1,0.06,13.11,16.77,8.19,8.72,0,0
56c652d4f2715e43,1,1.01,16.53,20.24,8.85,9.4,0,0
5d1312c4f2aa5bbf,1,1.43,17.75,22.41,8.85,9.67,0,0
63c145828c3b5fd8,1,1.71,18.9,23.3,10.62,11.18,0,0
4d2fceb0b30f59cd,1,1.89,19.85,24.33,11.49,11.93,0,0
6e9027bc59c857a9,1,2.33,23.38,26.68,11.47,11.94,0,0
dffc6ff890745dbe,1,2.5,24.9,27.85,9.84,10.19,0,0
0e04335474bf5b6e,1,2.66,26.43,28.39,11.38,11.58,0,0
4cf608d9de4e5349,1,1.1,15.88,19.93,9.84,10.15,0,0
eb74b3c99b175bc1,1,10.41,54.34,54.79,41.08,41.21,0,1
f3e0463f3cf4505e,1,10.33,54.26,54.7,41.08,41.21,0,1
a84816a320d450a6,1,10.27,54.21,54.63,40.84,40.97,0,1
59b5e5a171965609,1,10.19,54.15,54.53,38.25,38.35,0,1
f4f1692fee475afa,1,10.1,54.09,54.41,38.38,38.47,0,1
8eac67d757755066,1,10.03,54.05,54.32,38.34,38.42,0,1
f5e28113983e54bd,1,9.95,53.99,54.21,38.78,38.85,0,1
33c1e6fe4ce650bf,1,9.87,53.92,54.09,36.47,36.51,0,1
3466b16cf2c95855,1,3.24,11.8,14.43,10.39,11.95,0,0
aa09b515e34356f4,1,0.5,9.55,11.79,5.44,5.63,0,0
fe132c4b31ff5fc7,1,0.18,9.47,11.64,5.48,5.68,0,0
9873c047e9155996,1,0.19,9.48,11.68,6.68,7.01,0,0
d33aaa347f795d0b,1,0.49,7.36,11.13,7.19,7.65,0,0
f407714273645434,1,1.21,8.18,11.71,7.32,7.91,0,0
0f3cdfd8866b5915,1,0.07,14.54,17.28,8.98,9.36,0,0
c01c5d45b97154d4,1,0.48,14.8,18.01,9.0,9.43,0,0
850551ecc7a35ebf,1,5.2,9.33,9.34,7.06,7.07,0,0
1a1aa689c53951ba,1,5.17,6.0,6.05,3.93,3.93,0,0
0dd3297ee86d56c9,1,5.17,4.6,4.73,23.16,23.88,0,0
240f44eb30c7500b,1,5.39,4.82,5.14,25.0,25.61,0,0
5dcc8367111b5fad,1,5.6,5.31,5.51,25.37,25.87,0,0
6ff86f7f95cb502a,1,5.83,22.83,23.23,28.81,29.24,0,0
190c8d0cece45af1,1,6.11,22.88,23.19,28.56,28.87,0,0
f5b613e3fa03593d,1,6.62,23.13,23.21,28.64,28.74,0,0
25c1569ea1d753f2,1,10.93,55.32,55.4,41.61,41.61,0,1
f70c8122d2a65847,1,10.91,55.28,55.38,41.46,41.47,0,1
2f4117000a605404,1,10.8,55.01,55.27,41.22,41.28,0,1
264a59ce900b5405,1,10.71,54.84,55.16,39.43,39.51,0,1
7251f2907bd952cb,1,10.63,54.69,55.06,39.48,39.57,0,1
680e24fa0952531b,1,10.56,54.58,54.99,39.63,39.75,0,1
b5674c9c6c735d57,1,10.51,54.49,54.92,41.07,41.21,0,1
433d630eed9d5f3a,1,10.47,54.41,54.86,40.99,41.13,0,1
116aacf9868e5e4e,1,9.44,53.09,53.31,34.95,35.03,0,1
7857a22b3bc85bb4,1,9.54,53.32,53.49,37.46,37.52,0,1
ef1f8e45b9f05e4f,1,9.63,53.53,53.64,40.83,40.88,0,1
536e9526257a57f2,1,9.72,53.7,53.78,39.96,40.0,0,1
c09d506d3891507c,1,9.8,53.82,53.92,39.93,39.96,0,1
04d0fb4e3ab25115,1,9.88,53.93,54.04,40.16,40.19,0,1
fb2289e9d46258f2,1,9.97,54.06,54.18,40.33,40.37,0,1
7e8979818a51520e,1,10.06,54.2,54.31,41.53,41.56,0,1
e39a79ae2ceb5829,1,2.96,21.91,28.63,12.04,13.08,0,0
c2466f5ae7a25ad8,1,3.21,24.52,30.21,14.1,15.36,0,0
63a80bcca90b5dec,1,3.46,27.04,31.19,14.62,15.71,0,0
c3976331b5e456d4,1,3.71,29.63,32.92,15.55,16.55,0,0
e0aee9e955b35c08,1,3.98,41.7,45.37,17.57,18.51,0,1
69a1f3e84f6758b0,1,4.24,39.87,41.98,17.06,17.64,0,1
e7d1a48359b65c2d,1,4.52,40.27,41.06,19.91,20.3,0,1
8187be48a9d95d91,1,5.49,37.62,37.8,23.28,23.31,0,1
dbb53601c8fb585f,1,0.26,13.08,16.71,9.6,10.44,0,0
e694febcad5b5185,1,0.74,13.52,18.02,9.78,10.69,0,0
3aa8e5d80d5d5d9b,1,1.42,14.32,20.66,10.68,11.79,0,0
8bc0584436b25488,1,2.09,16.3,22.77,10.63,11.68,0,0
62462203db6b5ba5,1,2.67,19.58,26.34,10.46,11.39,0,0
c87fe1d7a3bd57cb,1,3.1,22.24,28.79,12.49,13.77,0,0
388e7bfc1d1957b4,1,3.36,24.72,30.56,13.98,15.44,0,0
5c5d006eb7b854c3,1,3.57,25.78,30.23,14.59,15.93,0,0
74b5ee27fa1b5612,1,1.43,15.78,21.04,10.02,10.39,0,0
3f11b8c2347f5714,1,1.69,15.53,21.95,10.23,10.69,0,0
3d20913330f152ee,1,1.89,15.36,22.75,9.72,10.17,0,0
22a9f8694d425753,1,2.06,15.32,23.58,9.99,10.59,0,0
6ed328b05b54553e,1,2.21,16.28,23.74,10.36,11.12,0,0
1c3e7aa7df415acb,1,2.39,16.8,24.83,10.42,11.3,0,0
433a4b88d64350dd,1,2.58,17.9,26.03,10.3,11.17,0,0
153dfbd3d4355809,1,2.76,19.6,27.27,11.66,12.85,0,0
67bb26a522b45b5a,1,1.04,2.98,2.99,0.5,0.5,0,0
2c978eb63fec5d2a,1,9.4,53.14,53.28,34.39,34.4,0,1
8c554c3017d05e9b,1,9.26,52.82,53.04,35.31,35.34,0,1
6d92cfa21e805f31,1,9.1,52.45,52.76,32.79,32.84,0,1
a21ebf4902fa5e27,1,9.04,52.26,52.65,33.05,33.13,0,1
1819bb47db9e59ff,1,9.09,52.35,52.77,33.32,33.41,0,1
2b3383daa2175aa8,1,9.19,52.56,52.96,11.15,11.16,0,1
852255373f315fb6,1,9.31,52.79,53.17,35.0,35.09,0,1
3b185264ec565b67,1,1.13,11.61,11.61,7.39,7.39,0,0
4f21925f1a7c5983,1,1.21,12.65,12.65,7.34,7.34,0,0
6227e5b0f0d4592e,1,1.38,13.99,14.0,8.94,8.94,0,0
7bbb6cfc4f135e50,1,8.79,42.07,42.07,28.27,28.27,0,1
5798a6e25f2553e4,1,8.43,38.98,38.98,25.85,25.85,0,1
8be5c83488ff5980,1,7.99,38.13,38.14,23.39,23.39,0,1
b86152f6ab29580e,1,7.49,34.12,34.13,20.86,20.86,0,1
21747e180852591a,1,6.93,32.23,32.25,19.24,19.24,0,1
1434146a1ab75426,1,8.53,36.17,36.17,33.22,33.23,0,1
790e0f5c7fce5627,1,8.69,36.19,36.25,33.19,33.21,0,1
18e40fd61be753b9,1,8.82,44.18,44.31,35.5,35.54,0,1
a6e683b6f2a557a4,1,8.86,44.2,44.36,31.59,31.64,0,1
2f6b9bbb16cb59ba,1,8.83,44.11,44.26,35.31,35.37,0,1
1b8f0a989c8b5636,1,8.75,44.08,44.18,33.03,33.06,0,1
31cacaff4fa25b87,1,8.66,44.05,44.1,4.48,4.48,0,1
61046515c9885bf5,1,5.57,23.05,23.05,12.98,12.98,0,0
f1b802f6e9a559af,1,3.92,11.33,11.58,9.67,9.77,0,0
9b7eb62d80db55e7,1,3.87,11.3,11.58,13.04,13.31,0,0
acd37cf126fa5a59,1,3.86,11.28,11.59,16.29,16.77,0,0
e779c1cc4ae45a84,1,3.9,11.29,11.63,16.25,16.78,0,0
7a90cd45ef505058,1,3.95,11.32,11.69,16.31,16.97,0,0
8c5a5e3a57535abf,1,4.09,11.45,11.78,16.15,16.85,0,0
8e274784672a514b,1,4.27,11.6,11.91,15.99,16.63,0,0
aa58dfcb46765181,1,4.44,11.74,12.03,16.02,16.63,0,0
16d4835b75b05efb,1,8.56,40.82,40.82,25.94,25.94,0,1
4126aeb4289c593c,1,8.37,39.34,39.34,23.05,23.05,0,1
0ed2cf016ddc5f90,1,7.86,36.02,36.02,19.68,19.68,0,1
14976ab056005044,1,4.56,20.29,20.29,11.23,11.23,0,0
569da35d0f00545a,1,4.46,18.1,18.1,11.15,11.15,0,0
88b50c0011ba516b,1,4.35,16.05,16.05,8.96,8.96,0,0
61f8e636db175a83,1,4.22,14.67,14.67,9.69,9.7,0,0
5c55fbcddea45f87,1,3.88,13.79,13.79,6.79,6.79,0,0
ffac18af5cea540a,1,3.45,13.08,13.08,6.62,6.62,0,0
fdb658e4941855a3,1,1.23,4.55,4.55,1.78,1.78,0,0
eccba8e0ad6651c3,1,1.35,3.99,4.0,1.92,1.92,0,0
8b1aea091a6f5a16,1,1.18,3.36,3.37,0.64,0.65,0,0
9580cc2199c55666,1,0.04,7.43,7.47,3.3,3.3,0,0
3623049267d35a95,1,0.25,7.88,7.91,4.15,4.15,0,0
257773cfd41d59d5,1,0.51,8.57,8.6,3.98,3.98,0,0
ec097e80d5565caa,1,0.74,8.84,8.87,4.13,4.13,0,0
5cf3fc5bbafd57bf,1,4.62,11.86,12.43,16.26,16.86,0,0
ad2ceb40a046543c,1,4.78,11.98,12.58,17.35,18.16,0,0
3cc3ea967df55cf0,1,4.9,12.09,12.41,18.47,19.09,0,0
fcb45b2aa29356d9,1,4.99,12.19,12.51,17.42,18.27,0,0
06753f6c597f512b,1,5.09,12.27,12.61,17.42,18.31,0,0
7bc20084dcb15f05,1,5.16,12.33,12.68,18.7,19.22,0,0
975e6554112f5a46,1,5.25,12.42,12.76,17.55,18.39,0,0
b5823453f7875542,1,5.27,12.48,12.79,17.7,18.55,0,0
c2736d03415f515b,1,4.75,11.88,12.45,15.55,16.17,0,0
40ef82b4d5735701,1,4.7,11.86,12.44,15.95,16.65,0,0
56f5294b63df53b9,1,4.58,11.77,12.36,14.49,15.09,0,0
e1c0081536575390,1,4.48,11.73,12.3,16.07,16.87,0,0
1f248c6b5f2f5234,1,4.41,11.7,12.27,15.11,15.84,0,0
84a832f4cdbc5aef,1,4.31,11.65,12.18,15.04,15.74,0,0
b022d508550251bf,1,4.28,11.73,12.16,17.61,18.46,0,0
d91f0c28683e52da,1,5.23,11.03,11.15,10.15,10.16,0,0
23f357c023c2584f,1,3.72,27.76,31.19,14.75,15.81,0,0
ea91c9a3a75f514c,1,8.2,56.11,56.13,32.36,32.37,0,1
77071a33907c58f2,1,8.33,56.65,56.66,33.5,33.5,0,1
e83f4b6e1dd25c90,1,7.28,36.36,36.54,26.03,26.13,0,1
a92ed51516c358dc,1,7.23,36.47,36.82,26.44,26.62,0,1
b435be7b7b1b5dd4,1,7.16,36.71,37.32,28.85,29.16,0,1
7a5ad5a3fcd85c7a,1,7.08,38.11,39.09,25.49,25.77,0,1
0d391852df3f5737,1,7.04,38.8,39.91,25.4,25.72,0,1
c5e8daf69c6552a7,1,6.31,28.57,28.59,16.12,16.12,0,0
871164a7e40652b5,1,5.69,24.32,24.32,14.22,14.22,0,0
9bdf0d338d625e2a,1,5.08,21.88,21.88,10.78,10.78,0,0
7602906d3c785da3,1,4.53,19.36,19.38,10.49,10.49,0,0
43cc094e7af0518e,1,4.11,16.52,16.54,8.68,8.68,0,0
b2f320b5d94753f9,1,3.71,10.94,10.98,7.39,7.39,0,0
3789d42ea83f569d,1,3.21,9.18,9.22,4.78,4.78,0,0
2035406a3a6955be,1,2.64,8.1,8.15,3.66,3.66,0,0
0334cae9f1ef56ae,1,0.09,10.46,10.46,7.84,7.84,0,0
6ae88d39556d57ec,1,0.57,15.77,15.77,11.8,11.81,0,0
d2b6dcd76085519e,1,1.1,18.7,18.71,9.07,9.07,0,0
018ba0bc5f145074,1,1.38,19.66,19.66,10.92,10.92,0,0
391a5c7303f05c39,1,1.74,20.74,20.74,11.36,11.42,0,0
08a8fc71ab1b57c2,1,8.87,36.6,36.61,27.43,27.43,0,1
313756e5fc655c0e,1,8.74,31.87,31.87,25.04,25.04,0,0
866e7ca97d3c5548,1,8.38,26.67,26.68,21.96,21.96,0,0
bcccfa73a6845d11,1,5.22,12.48,12.75,16.11,16.8,0,0
c0475666b2a55982,1,5.18,12.47,12.71,19.17,19.7,0,0
599cd3d1986c5509,1,5.18,12.47,12.69,18.96,19.41,0,0
5098fc0bc21450f9,1,5.12,12.35,12.83,18.83,19.29,0,0
3cc02c2389685e70,1,5.04,12.27,12.77,15.35,15.86,0,0
e54d6de2e70157b0,1,4.97,12.16,12.67,15.63,16.16,0,0
da01de71bce95578,1,4.87,11.99,12.54,17.31,18.09,0,0
d65373ac727f541f,1,4.8,11.93,12.49,15.66,16.26,0,0
ead55e845b5f561d,1,0.0,8.35,8.35,7.83,7.83,0,0
322023693f1f5f55,1,0.0,10.84,10.84,7.92,7.92,0,0
523ab1ffcace56f6,1,0.0,12.43,12.43,7.74,7.74,0,0
fb3eed693c845412,1,0.04,13.8,13.8,9.68,9.68,0,0
d2f121776fd05b4b,1,0.6,15.5,15.5,18.08,18.08,0,0
2e1835a7c6445310,1,7.46,30.98,30.98,4.26,4.26,0,0
fec2bf4f1842590c,1,7.44,30.5,30.5,23.19,23.19,0,0
277c41e4b5d858f1,1,7.31,29.25,29.25,19.93,19.93,0,0
6e49c17c51db5a5c,1,2.53,9.67,9.67,4.04,4.04,0,0
6b363ffce294521f,1,2.17,8.56,8.56,3.88,3.88,0,0
76375396b08e5143,1,0.0,6.81,6.81,10.18,10.18,0,0
0b1a626ef31150b3,1,0.0,9.29,9.34,10.31,10.31,0,0
e06567ac03815716,1,0.04,12.96,12.96,10.3,10.3,0,0
a7f3d88fe5e5534e,1,0.04,14.99,14.99,10.22,10.22,0,0
05da61a9928e5ec1,1,0.4,16.61,16.61,14.59,14.59,0,0
7f0cb33eb150567e,1,1.05,19.5,19.5,17.33,17.33,0,0
2db50cd1c1ea5837,1,1.03,15.15,19.03,8.67,9.71,0,0
8e9c1bb8232c5a14,1,1.39,17.41,22.4,10.73,12.56,0,0
f9b16eaee3b956a3,1,4.22,35.69,37.51,27.88,29.1,0,1
47d7aecedea25a0b,1,7.78,56.85,57.37,37.97,38.09,0,1
d184c07f6a0a5aaf,1,8.52,56.63,57.32,37.59,37.76,0,1
c12b3554dcd655c0,1,9.21,59.32,60.16,39.57,39.8,0,1
6c903f55bc7650e1,1,9.79,61.5,62.36,42.75,43.02,0,1
003ead1914c051d7,1,10.24,63.16,63.97,43.32,43.58,0,1
9fa75f1d5863570b,1,7.74,24.09,24.1,19.48,19.48,0,0
fec541917e3f5029,1,6.87,24.19,24.19,15.78,15.78,0,0
f91ece9be7be56f6,1,5.94,21.37,21.37,12.51,12.51,0,0
c76dce931d555c6a,1,5.06,13.74,13.75,10.88,10.88,0,0
fe94da01811e53fc,1,0.0,10.66,10.67,5.52,5.53,0,0
166b654c0db95953,1,0.03,10.65,10.66,5.57,5.58,0,0
b894f0e8e2875363,1,0.04,10.58,10.59,5.47,5.47,0,0
cd4e4564d732554e,1,8.82,39.55,39.56,30.28,30.28,0,1
4c1a6bbf7aaa5228,1,1.08,12.99,12.99,7.62,7.62,0,0
f6a8d6a5c5b355d0,1,5.04,32.76,35.61,22.5,23.66,0,1
e720bb9728785a67,1,5.65,37.96,38.85,25.42,25.9,0,1
51c2558524435a31,1,7.08,31.35,31.36,19.62,19.62,0,0
c3ef435d900256c1,1,6.07,38.79,40.4,20.32,21.04,0,1
30d10a9c1f8352da,1,6.35,42.33,43.12,18.08,19.14,0,1
8118acf21ab154f7,1,6.6,44.08,44.57,7.4,7.45,0,1
1faa29a936cd5277,1,6.79,45.62,45.84,4.18,4.2,0,1
f0cdcc3967335c01,1,2.74,5.84,5.86,2.3,2.3,0,0
b76b03503cf95c02,1,2.01,2.69,2.72,0.82,0.82,0,0
6dc36068505c5de2,1,1.02,2.03,2.06,0.5,0.5,0,0
8875d7f59f045de3,1,0.0,8.08,8.09,7.11,7.11,0,0
351663288cc45157,1,0.03,8.2,8.21,7.27,7.27,0,0
69ddc43178e9572a,1,0.08,8.43,8.44,9.47,9.47,0,0
984716e6e27e59ee,1,0.62,9.46,9.47,11.35,11.35,0,0
e4fdad547c9a54a7,1,1.26,10.23,10.24,8.3,8.3,0,0
4023c5e9f11e5056,1,10.6,64.42,65.23,43.01,43.28,1,1
e76e7c89a8935276,1,10.89,65.47,66.18,42.88,43.14,1,1
2af5b66260bf5795,1,11.08,66.27,66.78,42.61,42.8,1,1
53b9b277e6305400,1,11.22,66.87,67.19,12.19,12.2,1,1
3266d9113ede5f3c,1,11.3,67.21,67.33,45.94,46.02,1,1
6486c6ab411c5baf,1,11.34,67.42,67.48,41.41,41.45,1,1
8b794f146fda58da,1,11.36,67.5,67.55,46.33,46.38,1,1
aa34b08bfad85fac,1,11.4,67.65,67.66,40.23,40.25,1,1
70a70a9054d75d9f,1,1.98,12.93,12.94,3.42,3.42,0,0
e9c2b75226b85cfe,1,3.38,18.41,18.86,2.17,2.17,0,0
17a015f4ef9b56d0,1,3.96,18.21,20.21,2.27,2.27,0,0
511741d6df93540d,1,4.33,16.93,21.54,1.98,1.98,0,0
7515bed58abd5f21,1,4.35,15.01,22.94,1.4,1.41,0,0
3be53588a286557f,1,4.42,14.83,23.62,14.54,17.55,0,0
aefd4ac2f4005309,1,5.77,39.13,40.82,24.89,25.5,0,1
eb9fd90de700597b,1,6.32,37.99,38.49,25.53,25.66,0,1
0f5de425ef3555ff,1,6.94,28.46,28.46,17.88,17.88,0,0
d56cc988cfa250c6,1,6.36,27.28,27.28,14.46,14.46,0,0
ccd6fe2d044e5309,1,5.63,25.99,25.99,11.13,11.13,0,0
4dd4ae3362325296,1,4.98,23.94,23.94,11.24,11.24,0,0
1f5144778210505c,1,4.51,20.86,20.86,11.37,11.37,0,0
6183ed1d16f05d11,1,4.21,17.07,17.08,9.49,9.49,0,0
a622f6b5e06f52d0,1,3.83,13.46,13.46,6.54,6.54,0,0
0438474da1ac593d,1,3.33,9.18,9.19,4.01,4.01,0,0
f3c6560a01e55c94,1,8.43,31.63,31.63,4.75,4.75,0,0
d777782391de54bf,1,8.24,46.07,46.08,4.62,4.62,0,1
e7756dc30c605482,1,6.54,44.15,44.16,19.9,19.92,0,1
592abdaa0cb25437,1,6.35,44.21,44.21,19.98,19.99,0,1
035db9ac34715b07,1,6.79,31.4,31.4,19.45,19.45,0,0
86b0e721370e5f56,1,6.63,31.14,31.14,19.7,19.7,0,0
cfc9186dc53b5d4a,1,6.42,25.82,25.82,18.03,18.03,0,0
0f69087034985e9e,1,6.01,22.94,22.94,17.78,17.78,0,0
23d0ae8aedf8537b,1,6.48,23.16,23.16,19.99,20.0,0,0
8cafe946e9c752fc,1,6.37,31.37,31.37,19.9,19.9,0,0
10209c0e885f5162,1,6.1,29.79,29.79,17.87,17.87,0,0
263367576c285a2a,1,5.65,27.62,27.62,14.82,14.82,0,0
3dc6b109b480502f,1,5.17,25.2,25.2,14.66,14.66,0,0
627ed4c9950753e9,1,4.8,22.52,22.52,13.08,13.09,0,0
1ebfee14fc925d6e,1,4.47,18.71,18.71,13.04,13.04,0,0
e11f2ff7ffba5b45,1,4.09,16.19,16.19,8.25,8.25,0,0
055e7b577c645e2e,1,5.53,15.83,15.87,13.19,13.19,0,0
cb53746741b25730,1,5.16,23.91,23.92,15.72,15.72,0,0
d8c6268b250e585c,1,4.8,20.06,20.06,13.08,13.08,0,0
7ef6481e00005279,1,4.65,18.13,18.13,13.15,13.15,0,0
e8d9bf10ffc95001,1,4.53,16.2,16.21,12.46,12.46,0,0
95329718628e5f7f,1,4.4,14.31,14.31,10.49,10.49,0,0
5a7acfd6f26553f9,1,4.25,12.23,12.24,8.76,8.76,0,0
071b435a4f4057e0,1,4.05,10.26,10.29,8.05,8.05,0,0
6f0e15842e1b5924,1,6.2,24.81,24.81,17.54,17.54,0,0
7e8ca7a00f83587d,1,5.76,22.32,22.32,15.93,15.93,0,0
c9e5306d839d5427,1,5.3,20.01,20.01,14.61,14.61,0,0
79e5694685065280,1,4.81,17.79,17.79,12.8,12.8,0,0
b4eb56fcd01857bb,1,4.29,15.73,15.73,9.4,9.4,0,0
4b9402651fd85547,1,3.78,13.99,13.99,8.25,8.25,0,0
868e873c94b75b38,1,3.31,12.37,12.37,6.49,6.49,0,0
4b0be4847dd45b5c,1,2.9,10.95,10.95,5.21,5.21,0,0
fde2ed45bca05510,1,7.25,24.91,24.91,15.5,15.5,0,0
cbb499611c3f53ca,1,6.55,21.92,21.93,13.64,13.64,0,0
4711d15a356a54e9,1,5.92,14.91,14.91,11.14,11.14,0,0
795b989aef8a5b42,1,5.11,11.61,11.61,8.48,8.48,0,0
785b0e9d5d505db4,1,4.25,9.47,9.48,6.0,6.0,0,0
e4174e91095b530b,1,3.41,9.56,9.57,4.61,4.61,0,0
e074c5e6917e5f1d,1,2.83,7.8,7.8,3.48,3.48,0,0
574b305b50435885,1,0.97,10.6,10.6,7.26,7.26,0,0
60b3c9715d995c1d,1,7.77,43.2,45.57,33.63,35.2,0,1
0393e11b085a5cc2,1,8.01,24.22,24.57,35.13,36.38,0,0
57e7565904e05728,1,8.31,26.29,26.61,36.56,37.4,0,0
b3b8a7989ba5519f,1,8.62,27.81,28.02,36.33,36.8,0,0
c778933c0b8f5093,1,8.91,35.58,35.76,36.91,37.18,0,1
60991b5c52d85113,1,9.24,39.37,39.45,38.99,39.12,0,1
6debfcfccc75589c,1,7.13,30.03,30.03,19.7,19.7,0,0
4ae68544ec0f502c,1,6.65,27.38,27.38,19.52,19.52,0,0
12f2dccfb88957f9,1,7.59,17.98,17.99,20.53,20.53,0,0
2be2e48e80985bee,1,6.94,14.4,14.41,17.47,17.47,0,0
649b2096884957a9,1,6.17,9.32,9.33,14.15,14.15,0,0
d7a0ac2136015985,1,3.77,3.8,4.11,5.54,5.54,0,0
bf8c5276f9a6539d,1,2.16,17.37,20.67,17.03,17.03,0,0
534942a69dea5054,1,2.79,14.63,22.24,12.92,12.93,0,0
bf1f3fe1ca935bba,1,2.95,13.86,22.86,11.74,12.76,0,0
522b72a25cbb5ef9,1,6.21,46.84,46.89,27.09,27.17,0,1
6aaf052582e35b0c,1,3.79,6.42,6.45,5.7,5.7,0,0
150c33d5cd005743,1,3.44,4.66,4.7,4.59,4.6,0,0
d6daa3b927f45168,1,2.54,4.28,4.29,2.19,2.19,0,0
b435ec4c5baa5a2c,1,1.84,3.27,3.29,0.83,0.83,0,0
1df82f9400b35ebb,1,1.05,2.64,2.66,1.76,1.76,0,0
04cdd9195f885ac6,1,0.8,8.16,8.19,8.26,9.19,0,0
bb3926e0e90c5657,1,0.86,10.27,11.32,8.77,9.63,0,0
127b9e23f1805690,1,0.94,13.1,15.66,8.89,9.8,0,0
79596c3c8ac45e5e,1,3.24,25.78,26.15,20.65,20.86,0,0
013d05a439b95210,1,7.32,24.39,25.37,26.89,28.88,0,0
358d973661955d68,1,7.23,24.73,26.12,26.7,28.52,0,0
a004456be0fd5ce0,1,7.12,31.17,33.54,24.35,25.74,0,0
360b5fec28655626,1,7.14,34.23,38.07,26.98,28.9,0,1
d08756521e64547e,1,7.24,37.36,41.16,27.47,29.18,0,1
873e300af5a95bf2,1,7.39,38.27,41.61,31.31,33.54,0,1
04715723caea505e,1,7.57,40.19,43.04,31.91,33.78,0,1
8857612d0dad5e95,1,8.93,39.68,39.7,4.79,4.79,0,1
71f883f1ec8f5e37,1,8.98,14.18,14.19,27.63,27.63,0,0
8fce05a181775f63,1,8.62,12.82,12.82,19.46,19.46,0,0
3ef30aa787de56fa,1,1.14,21.83,21.86,18.52,18.52,0,0
a0d88b07304b5398,1,2.29,27.59,27.62,20.3,20.3,0,0
631115d8e54d58fc,1,9.29,59.77,59.79,37.28,37.29,0,1
4d94decfbcd35ae6,1,10.73,62.13,62.14,34.86,34.89,0,1
483faae37fd95b91,1,10.72,61.92,61.95,39.7,39.75,0,1
d9eeceb896445e10,1,10.75,62.4,62.42,40.26,40.29,0,1
77b99279c5265bab,1,10.8,62.72,62.72,7.03,7.04,0,1
3038555c47555d08,1,10.86,63.29,63.3,35.77,35.77,0,1
75d9973be85e50f0,1,9.3,43.85,43.85,28.04,28.04,0,1
21c961133b0c52d5,1,9.17,40.84,40.84,27.79,27.79,0,1
376450d3edc951fc,1,9.01,37.17,37.18,26.97,26.97,0,1
d9953ee7b30f5ac3,1,8.64,33.76,33.76,21.94,21.94,0,1
bef3d5467aca5f04,1,7.98,29.6,29.6,18.55,18.55,0,0
6c8a49ddb7435fbf,1,7.08,20.96,25.76,21.6,24.56,0,0
748779bcdb5b5a49,1,1.74,24.87,24.87,18.62,18.62,0,0
aa5b0658c4e6529d,1,2.28,27.53,27.53,18.3,18.3,0,0
08ac82bf0eeb5661,1,10.17,40.52,40.53,41.16,41.19,0,1
1407c7f0f32a5738,1,11.51,53.95,53.96,46.07,46.09,0,1
974d5c00402f55aa,1,11.8,42.88,42.88,40.04,40.06,0,1
94693a54967757f6,1,11.79,49.29,49.3,39.99,40.02,0,1
1090e431ffef512f,1,11.64,64.11,64.17,40.08,40.1,1,1
45845be1b56d59c7,1,1.81,22.8,22.8,20.59,20.59,0,0
56da58294b3d53c5,1,8.3,42.97,42.98,26.18,26.18,0,1
30dafbb048775d29,1,8.17,40.0,40.0,26.02,26.02,0,1
17c627139c325a9c,1,8.0,36.14,36.14,23.47,23.47,0,1
1c3d4987efaf5aae,1,7.69,33.11,33.12,23.03,23.03,0,1
22f31aadcc76590b,1,7.28,29.63,29.64,19.55,19.55,0,0
a43d45f7369d5489,1,6.74,25.47,25.47,15.53,15.53,0,0
72d13a5ce3af5ca6,1,6.04,22.66,22.7,13.32,13.32,0,0
acc47057bb3d556d,1,10.08,32.98,33.03,7.1,7.11,0,1
301f483843535f89,1,10.03,24.69,24.72,32.36,32.37,0,0
4256146a0b765876,1,9.96,17.01,17.01,31.28,31.28,0,0
36c9f5ba92385cee,1,9.33,60.77,60.78,36.31,36.33,0,1
ca58b2e039305479,1,9.22,60.28,60.34,5.08,5.08,0,1
67b05cf704325e6b,1,9.43,61.04,61.14,5.12,5.12,0,1
2957826433915ff9,1,10.04,63.36,63.37,40.73,40.74,0,1
f4eec162c14e5bfa,1,0.15,0.03,0.51,12.03,12.03,0,0
781386f5659b5cdf,1,3.27,7.12,7.2,4.94,4.94,0,0
53abaebc66d4549e,1,2.93,5.68,5.77,3.73,3.73,0,0
daaa1858309c5938,1,2.58,4.39,4.39,2.73,2.73,0,0
ade00f93385b5d14,1,2.1,3.3,3.3,1.32,1.32,0,0
97f7a14f8a835f59,1,1.48,2.49,2.49,0.83,0.83,0,0
330ca2e9aa935a3a,1,0.02,6.65,6.75,10.32,10.32,0,0
d9634d08b1a85ec4,1,0.11,6.69,6.79,12.86,12.86,0,0
0a73f089868458e4,1,0.69,14.78,14.78,14.78,14.78,0,0
b337627936ea5488,1,5.61,23.07,23.07,17.71,17.72,0,0
f1042fb26da2534a,1,5.53,20.93,20.93,17.45,17.46,0,0
62a97d527fd45916,1,5.38,18.68,18.68,14.64,14.64,0,0
b1f641fdea505c99,1,5.08,16.4,16.4,12.87,12.87,0,0
9d69a0f2f73f5035,1,4.69,14.23,14.23,10.59,10.59,0,0
f304e815462d5f1f,1,4.29,12.23,12.23,8.87,8.87,0,0
5b24b678ff67555d,1,3.91,10.22,10.22,8.03,8.03,0,0
54b1735112ed5840,1,3.61,8.64,8.7,6.47,6.47,0,0
c4b85436e314515b,1,7.0,32.63,43.2,24.16,24.78,0,1
471d0206688f5e3b,1,6.79,31.1,40.12,21.29,21.81,0,0
5b3bc72c557a5a17,1,6.56,29.07,34.46,21.72,22.6,0,0
c8bf35e6c9065d83,1,6.56,27.2,31.98,21.8,22.89,0,0
80752a827b8253fe,1,6.66,25.93,32.13,20.47,21.44,0,0
60c9aabf696a5756,1,6.55,17.24,17.66,18.14,18.86,0,0
d514826bdd045d68,1,6.39,14.76,14.97,17.6,18.26,0,0
4d6e0b4cf60f5e98,1,6.18,12.29,12.35,15.31,15.66,0,0
d5cf4595a3435917,1,3.59,13.39,13.39,6.7,6.7,0,0
17ecb960d15d5b5f,1,3.09,8.16,8.17,4.13,4.13,0,0
afe269451bc757e1,1,2.56,6.93,6.93,2.95,2.95,0,0
475a45837ca75030,1,0.39,9.04,9.04,7.24,7.24,0,0
dc952092ef6a5243,1,0.63,9.99,10.0,5.08,5.08,0,0
5a06f03022ec5b67,1,0.84,10.82,10.82,5.06,5.06,0,0
db817c126780531f,1,0.97,11.0,11.0,7.31,7.31,0,0
662212c87d0d5b09,1,1.05,10.71,10.72,7.32,7.32,0,0
b432924be8c151d8,1,10.34,64.25,64.41,40.64,40.66,1,1
5d12ad55fdd858e1,1,10.48,64.76,64.81,41.07,41.09,1,1
847ac59d6cce5bc4,1,10.54,65.0,65.02,41.2,41.21,1,1
718c914ede2f5229,1,10.6,65.21,65.21,40.8,40.81,1,1
d4e058ec6a795ef1,1,10.5,64.86,64.86,39.79,39.79,1,1
ab8f5b7368a45a6d,1,10.58,65.08,65.12,7.4,7.4,1,1
7f00cbbc74695c32,1,10.33,44.8,44.86,31.84,31.86,0,1
e367d7a3c3b55302,1,10.19,39.34,39.41,12.95,12.95,0,1
4161016e65df5b37,1,2.71,11.02,25.33,7.35,8.5,0,0
f36b32268f1c5404,1,4.15,32.32,35.78,20.93,22.85,0,1
fa40f1c24ced584f,1,4.68,37.46,38.69,23.21,23.99,0,1
adccdafdfc3d5e0c,1,8.5,51.52,51.55,19.02,19.02,0,1
c3634ce5c5535b16,1,8.57,51.66,51.68,28.57,28.57,0,1
9c03b730a5725c00,1,8.31,51.08,51.11,15.42,15.42,0,1
50cc657e2283511b,1,8.46,51.41,51.44,9.29,9.29,0,1
d1e0ebfac8cb510e,1,8.67,51.88,51.89,10.67,10.67,0,1
c95348f67fa059ae,1,3.99,14.27,14.27,8.0,8.0,0,0
4355d2853ef15044,1,3.5,11.36,11.43,6.85,6.85,0,0
4339d22a9e205757,1,3.04,8.45,8.54,4.99,4.99,0,0
e3e49101a8b45645,1,2.56,6.08,6.22,3.74,3.74,0,0
6d93bbdab42255a9,1,2.1,5.0,5.01,2.14,2.14,0,0
e3194cb3328b512f,1,1.61,4.13,4.15,1.3,1.3,0,0
d0dcc4b5cf6a53ab,1,1.17,3.48,3.49,0.85,0.85,0,0
135899b9eb4f543e,1,0.91,2.99,3.01,1.51,1.51,0,0
458aff4d43725bd3,1,1.47,18.31,18.32,16.29,16.29,0,0
e84ff3e29bc05254,1,6.24,31.99,31.99,20.73,20.73,0,0
5d7fa55b96075e5c,1,6.1,29.65,29.65,20.5,20.5,0,0
e0e1551b09f15a74,1,5.94,27.37,27.37,20.38,20.38,0,0
131c7298c6745bde,1,5.7,25.01,25.01,19.76,19.76,0,0
da365ed766db5a6a,1,5.29,22.64,22.64,16.87,16.87,0,0
d10c269610375646,1,4.8,20.3,20.3,13.27,13.27,0,0
243480f0f2545b3b,1,4.34,18.15,18.15,11.19,11.19,0,0
07e885122c9b5bd1,1,5.66,36.63,41.1,13.72,14.12,0,1
c0e14f1288ca5066,1,6.68,45.38,45.48,30.87,31.0,0,1
96cb1a2412095a90,1,7.72,53.57,53.67,34.99,35.03,0,1
5ed4446679c35566,1,8.26,51.53,51.7,36.86,36.94,0,1
f1494fd9840c5014,1,8.82,51.32,51.5,39.65,39.76,0,1
c2b5ebf8ace851ea,1,9.35,52.4,52.57,39.49,39.6,0,1
ab01e3ce19875471,1,9.89,53.29,53.4,41.9,41.99,0,1
c574d461642f5deb,1,10.47,54.11,54.18,40.37,40.42,0,1
3d37ed78124057a1,1,0.01,17.65,17.65,7.8,7.8,0,0
cfc12b02334c5a15,1,0.01,17.67,17.68,7.81,7.81,0,0
d745bef1cebc52e7,1,0.12,17.94,17.94,7.76,7.76,0,0
ae09c3f715ed58c7,1,0.53,18.81,18.81,13.66,13.66,0,0
9f191d1313c95362,1,1.3,22.67,22.67,16.28,16.29,0,0
9104884bcb915c08,1,9.21,52.66,52.84,34.44,34.45,0,1
0d602f62f3ad5c65,1,9.38,52.72,53.06,36.69,36.73,0,1
5c838efd36805c92,1,9.55,52.74,53.29,36.3,36.36,0,1
64bb182ef4035065,1,0.43,17.94,18.0,11.5,11.5,0,0
ff7bf9054f4a5a4a,1,1.09,21.34,21.4,13.76,13.76,0,0
47e96fba9c115fe7,1,1.83,25.27,25.28,17.54,17.54,0,0
9839a7913075581e,1,8.73,42.63,46.06,31.31,31.37,0,1
942018830e805349,1,8.6,38.94,44.37,26.59,26.66,0,1
ace74ef421f8514f,1,8.45,36.54,44.03,28.86,29.17,0,1
b91aab23acc957c5,1,8.21,34.93,44.84,24.78,25.1,0,1
4acd373578e357d1,1,7.92,34.1,44.27,23.28,23.9,0,1
5ad18b7f7b2a52c7,1,1.29,13.69,13.69,10.68,10.68,0,0
b111bb8716b756d2,1,9.15,49.91,49.93,13.89,13.89,0,1
d7ff11915cdf538e,1,9.31,51.8,51.82,4.52,4.52,0,1
3ec484ccad125e99,1,9.53,52.64,52.66,39.76,39.77,0,1
d2789ec30aaa5d6a,1,9.92,54.41,54.43,4.6,4.6,0,1
0f3d66a03c5e500b,1,10.35,55.83,55.85,40.83,40.84,0,1
8c2e3aa977d95da5,1,10.66,56.84,56.86,40.79,40.81,0,1
0d5b8da00d505be0,1,10.91,57.91,57.92,41.38,41.39,0,1
3716402a783c5689,1,5.74,9.68,9.68,10.74,10.81,0,0
fce43d129a9154a1,1,5.0,7.17,7.21,7.56,7.59,0,0
ee9615c4b10d5ec9,1,0.17,0.01,0.97,11.13,11.15,0,0
ae07a1ea49135359,1,5.61,41.28,43.8,33.55,35.14,0,1
955af39177fe5ba1,1,10.52,64.96,64.97,5.55,5.55,1,1
6c64511810415244,1,10.97,58.48,58.49,16.36,16.36,0,1
b1b1e99705dc5afc,1,11.13,58.69,58.69,11.77,11.77,0,1
2db75185de1d5763,1,9.38,43.63,43.64,28.08,28.08,0,1
dddf14378c355c3a,1,9.72,52.84,53.54,35.9,36.0,0,1
a009893e14c75fd0,1,9.86,52.92,53.8,35.85,36.02,0,1
c823f9a693a05d93,1,9.96,53.09,54.01,35.88,36.17,0,1
b841de24ffcb5c87,1,10.02,53.29,54.14,35.72,36.13,0,1
38afc409029551e0,1,9.98,53.42,53.93,37.4,37.83,0,1
dd4e7db697465be3,1,9.85,53.49,53.76,34.72,34.98,0,1
1844ec136eb05d57,1,9.66,53.42,53.52,26.57,26.68,0,1
5a41a7f756c551ce,1,9.46,37.29,37.32,26.45,26.49,0,1
4b683f53656f5bdd,1,0.79,17.53,18.64,12.92,13.18,0,0
5ebf3103a78b5e39,1,1.45,18.2,20.88,13.03,13.28,0,0
e244b2ddf97a57d6,1,2.99,19.47,27.95,14.15,14.46,0,0
05f1a5cbc0905d8e,1,3.31,20.86,29.82,4.29,4.3,0,0
f6c6b09c85e357ee,1,3.6,15.69,19.68,4.3,4.35,0,0
7964bed69f7e597e,1,3.96,16.47,20.22,3.72,3.79,0,0
4b4a268bee4c5ab5,1,4.33,17.81,20.83,4.44,4.59,0,0
db1231d931455d2c,1,4.67,27.51,28.74,17.58,19.68,0,0
f769ef75631451c8,1,8.2,29.69,29.69,22.81,22.81,0,0
70af821c5fe95428,1,7.91,30.06,30.06,19.07,19.07,0,0
2df5fba355f65937,1,7.51,26.18,26.18,15.45,15.46,0,0
e745423278015ece,1,6.98,23.19,23.19,3.72,3.73,0,0
1eb474de58ca5d6f,1,6.41,20.88,20.9,13.87,13.87,0,0
f0c41eb61ba65434,1,5.89,14.02,14.03,10.28,10.28,0,0
4acc5a24f48858ae,1,5.44,11.83,11.86,8.77,8.77,0,0
de235386b6c65ebd,1,4.93,9.66,9.71,9.18,9.18,0,0
d232efb9cc535426,1,7.58,33.85,43.89,20.7,21.51,0,1
73fe2f6dea43577f,1,7.13,34.08,42.96,15.34,15.93,0,1
5d9e2570d7565e91,1,6.63,29.69,37.83,14.82,15.67,0,0
5d78f0d383a95860,1,6.26,23.78,30.77,14.66,15.61,0,0
eba929a6772254e4,1,6.03,25.89,30.34,14.36,15.38,0,0
6d2178f2992f5d22,1,0.15,16.71,17.13,6.07,6.08,0,0
f2508193ac0c5f27,1,0.1,16.62,17.04,6.11,6.11,0,0
3a243db0d1d15fcf,1,0.27,16.78,17.3,9.33,9.46,0,0
8b788f2715985cee,1,0.04,4.51,4.53,10.16,10.16,0,0
2335928f0e065bca,1,0.22,7.05,7.21,12.64,12.64,0,0
0a6906b694b65108,1,0.79,10.53,10.55,14.92,14.92,0,0
e133b313fabc56b4,1,8.82,57.92,57.99,33.4,33.48,0,1
96d8920289b55395,1,8.9,58.34,58.39,35.76,35.83,0,1
76d3db995c9e5946,1,8.99,58.68,58.7,35.72,35.77,0,1
3e730f46f6f055a3,1,9.06,59.06,59.06,35.11,35.13,0,1
ab74b3b32d8c5006,1,8.33,32.67,32.67,25.79,25.79,0,1
16d4141f073d52f1,1,4.92,20.86,21.67,15.02,15.5,0,0
9fc5098e21355c6e,1,4.93,22.94,22.95,16.45,16.57,0,0
9be9c9c84b625515,1,4.89,20.86,21.05,12.64,12.65,0,0
c81fe92ff9c15e8d,1,4.6,17.19,18.7,15.1,15.54,0,0
de0fd47c70d3500a,1,4.35,13.85,18.05,12.72,13.38,0,0
b07ccbd562295ef9,1,3.93,11.81,17.86,11.3,12.34,0,0
324f93888ec35bb2,1,3.39,11.11,17.11,10.01,11.56,0,0
250389f21dee5793,1,3.0,10.54,25.94,9.12,11.3,0,0
d55aac327e4451ba,1,6.98,46.29,46.71,3.28,3.28,0,1
5a064a908e64596b,1,8.19,55.06,55.1,2.77,2.78,0,1
42b065f7e76d50ed,1,8.27,43.92,43.93,3.07,3.07,0,1
5aa4b6dc8f0759b5,1,6.74,47.8,48.39,28.13,28.17,0,1
ef886d0dee3e534c,1,7.25,49.85,50.58,27.87,27.91,0,1
f07e9b76d6e0503d,1,7.61,51.6,52.02,15.8,15.8,0,1
d559cac76f5a5a7d,1,7.86,35.09,35.17,15.61,15.61,0,1
89ca9afebf9b5229,1,8.06,24.92,24.97,8.34,8.34,0,0
4a557f1bfe3b5645,1,10.8,41.66,41.79,33.93,33.98,0,1
93092fbeb57f5e9a,1,9.46,21.41,21.42,25.49,25.51,0,0
e7cfffa4e8dd53a8,1,8.99,20.36,20.44,19.16,19.16,0,0
697882c22eb65ca7,1,8.47,24.0,26.14,12.22,12.23,0,0
43162b00fe4550b8,1,7.95,19.91,23.54,4.31,4.31,0,0
e76485315c2c5028,1,4.63,12.35,14.17,19.84,21.53,0,0
b92ea560ae10562b,1,0.04,6.77,6.77,9.44,9.44,0,0
2d30620b507f5f7c,1,0.03,8.28,8.36,9.74,9.74,0,0
85936ccd1b405f4c,1,0.66,2.07,2.07,2.27,2.27,0,0
b84056c4268153fb,1,0.49,5.72,5.72,0.81,0.81,0,0
e4f34d35c8fd5fd2,1,0.5,15.03,15.03,5.07,5.09,0,0
6adef8f2b0795473,1,0.68,19.0,19.01,13.9,13.92,0,0
d961e40cb8185341,1,1.3,22.53,22.56,16.02,16.09,0,0
54fbc5743190519c,1,2.04,26.16,26.19,17.91,17.97,0,0
0eeeee655d415970,1,2.92,30.52,30.64,25.29,25.32,0,0
80a4b14aef3f5a52,1,0.6,9.34,9.34,14.84,14.84,0,0
b0aa550f818f52a0,1,9.3,40.22,40.24,27.59,27.59,0,1
184ad79fb6555bf0,1,9.13,40.31,40.44,27.8,27.85,0,1
008b419a63b75917,1,8.93,40.27,40.4,25.14,25.25,0,1
8b7722d516e553ba,1,8.58,23.66,23.76,8.23,8.23,0,0
0b232677746253a0,1,0.87,9.27,9.39,8.65,8.65,0,0
5cf43f51d45c552f,1,1.4,12.92,12.94,10.07,10.82,0,0
a6706582212458bb,1,5.25,26.22,35.82,13.67,15.71,0,0
85649e978e60550d,1,5.44,31.47,38.96,15.41,17.17,0,0
b7568427b45a57c9,1,3.44,10.12,10.13,7.74,7.74,0,0
4b7b765455d1517c,1,3.36,8.58,8.59,6.2,6.2,0,0
b97a9b788ef8540c,1,3.17,7.1,7.11,4.71,4.71,0,0
7f02ca014f7253db,1,2.79,7.25,7.26,3.74,3.74,0,0
8220631d2c6a52f4,1,1.3,3.66,3.68,0.67,0.67,0,0
09da6a53016b5333,1,0.44,5.93,5.94,5.13,5.13,0,0
31811172f43c5188,1,0.64,8.48,8.52,9.39,9.39,0,0
0192c3bca9ca5c67,1,0.9,11.63,11.66,11.78,11.78,0,0
12177b43d67d51a7,1,0.89,0.21,0.55,13.58,13.58,0,0
de9dd93857cf5ab5,1,6.38,47.64,47.81,28.33,28.45,0,1
6856c3ad77315d3c,1,7.5,42.59,42.59,23.49,23.5,0,1
238f1cddb9415996,1,7.08,36.39,36.39,21.75,21.75,0,1
998c6c28d1475e78,1,7.81,47.36,50.99,26.54,26.58,0,1
ada396669cec56ef,1,7.6,44.38,49.12,25.88,25.97,0,1
faf7e71648b65503,1,7.39,41.05,47.38,25.76,25.94,0,1
83a9fe7e03fd5755,1,7.21,37.03,45.41,24.96,25.3,0,1
111cb2c23a325817,1,0.0,17.65,17.66,5.62,5.62,0,0
cdba9f9589685289,1,0.05,17.77,17.77,5.63,5.63,0,0
295e5c491ca35642,1,0.54,18.89,18.89,13.43,13.43,0,0
385b1aa4b84c56bf,1,1.46,23.44,23.45,17.31,17.32,0,0
291a9c13b9345fd7,1,2.38,28.0,28.02,14.99,14.99,0,0
2258bd346b3f5376,1,0.02,9.11,9.13,7.97,7.97,0,0
41f275bfd30e514a,1,0.01,14.0,14.07,7.88,7.88,0,0
e54d150b34215b84,1,0.09,16.26,16.32,9.59,9.59,0,0
9d423dea34235b41,1,4.05,15.24,17.9,1.56,1.57,0,0
7d99843a72555dd3,1,4.21,16.0,19.93,3.86,3.9,0,0
16e5aafc056f5e1e,1,4.63,15.89,22.03,1.86,1.86,0,0
4e734888d8465563,1,5.02,18.73,24.69,1.85,1.85,0,0
4cf809416df6527e,1,5.17,21.95,25.25,19.98,23.68,0,0
222a07b15e165f6f,1,5.41,25.82,27.98,22.41,23.48,0,0
9d7b9273d56f5d02,1,5.82,28.11,29.08,24.42,25.23,0,0
f001f00535065622,1,6.37,44.06,44.89,28.86,29.39,0,1
70ce3fce14785ae5,1,4.42,7.38,7.38,6.52,6.52,0,0
6b4ae810d2195d79,1,3.91,5.22,5.3,3.96,3.96,0,0
2919cd502115582a,1,3.42,3.23,3.24,4.3,4.3,0,0
e05b464c21d0597d,1,2.96,1.64,1.65,4.72,4.72,0,0
7fdcd804a7a95b6c,1,2.39,20.87,20.91,6.35,6.35,0,0
fab7537b12d254bd,1,2.17,14.14,14.19,6.19,6.19,0,0
9aad3780bef85c98,1,2.08,0.85,0.86,3.4,3.4,0,0
d4ac0a1865ac5c25,1,1.83,0.68,0.69,2.16,2.16,0,0
9324eafb3ef25fdb,1,5.27,12.5,12.52,10.51,10.51,0,0
03f248caa9c35a98,1,4.59,17.18,17.19,8.71,8.71,0,0
6c9959c7421b59a0,1,4.0,13.73,13.75,7.44,7.44,0,0
082dba79a46d57b2,1,3.51,10.48,10.49,6.11,6.11,0,0
9a8acc75f4c05ace,1,3.04,7.94,8.03,3.79,3.79,0,0
d780d3a3f10d567b,1,2.5,5.39,5.52,2.68,2.68,0,0
fbe786c417ca5245,1,2.01,4.36,4.36,1.85,1.85,0,0
f7b7dcf856ce587d,1,1.52,3.59,3.59,1.12,1.13,0,0
bb6cb09beb1e5e3f,1,7.25,31.77,31.77,23.05,23.05,0,0
5ca8a2941e3f56c2,1,7.37,29.1,29.11,23.18,23.18,0,0
58b6adc2f0495506,1,7.51,26.33,26.34,21.21,21.21,0,0
000d6961709c5904,1,7.35,23.51,23.53,19.19,19.2,0,0
4c53f29ce2365ef1,1,7.23,19.86,19.89,26.0,26.07,0,0
dc096269aef55bf0,1,3.72,16.09,16.1,10.13,10.13,0,0
7fb1c845280a55aa,1,3.61,13.24,13.25,9.39,9.39,0,0
63ab092351905a60,1,3.51,11.68,11.68,8.21,8.21,0,0
f24ade1ee3ac51ce,1,6.0,38.14,38.15,32.5,32.51,0,1
c6c94bd6691c5008,1,6.72,41.08,41.1,33.54,33.55,0,1
d1065c7c84e054ae,1,13.87,63.94,63.99,49.27,49.27,0,1
58d75e229a0e52bc,1,13.91,64.17,64.22,50.23,50.25,1,1
dbfc9f81daf956a9,1,13.93,64.09,64.12,50.57,50.59,1,1
7b263d7980f55503,1,13.87,67.12,67.17,50.67,50.68,1,1
27d74807a89a5268,1,11.17,37.1,37.3,36.76,36.78,0,1
1a9a1f65b4cc5d1d,1,11.01,41.74,41.9,34.42,34.47,0,1
47ece51118f95d1d,1,9.3,41.14,41.15,34.02,34.02,0,1
5ad9f64f2d295e4b,1,9.37,38.48,38.51,35.96,36.01,0,1
7b8d8487706f501e,1,9.51,35.53,35.57,36.15,36.23,0,1
dcd3886f044a5e29,1,11.58,68.15,68.16,39.65,39.65,1,1
418f3b3a155f5655,1,11.57,68.09,68.13,34.82,34.83,1,1
ed534c3b8d86515e,1,11.54,68.0,68.03,34.63,34.65,1,1
ff137d1eea555686,1,11.55,68.05,68.06,39.9,39.91,1,1
c169cf799b165800,1,0.0,17.64,17.64,5.62,5.62,0,0
3f31d5d096f957c9,1,1.81,4.48,20.39,3.93,4.01,0,0
01876d7aa6f55554,1,1.69,6.52,21.22,2.3,2.41,0,0
5c4d8dfcb0aa5541,1,1.79,9.22,22.69,8.47,9.23,0,0
5041cdf76ecb5ee7,1,1.92,13.11,23.28,1.31,1.34,0,0
26de9e2da40c5b0c,1,2.07,16.78,23.6,10.79,13.95,0,0
3ebe88aecd0c5d20,1,2.31,20.09,24.14,9.7,10.74,0,0
cbf41000a2105ca1,1,2.56,22.19,23.85,12.93,13.67,0,0
be43454e5a4f5a2a,1,2.82,23.27,23.72,15.87,16.35,0,0
b1906c6b8b8f5f56,1,11.03,54.83,54.85,46.01,46.03,0,1
909655c780e152ac,1,13.33,57.12,57.12,49.4,49.4,0,1
12d426c6727d507a,1,2.62,12.35,12.35,5.55,5.55,0,0
5d5d1442b83d5c5c,1,2.47,11.24,11.25,4.06,4.06,0,0
6b0a15391789599e,1,0.58,12.01,12.02,10.56,10.57,0,0
ac6472ee06855dd3,1,1.04,14.26,14.26,10.77,10.77,0,0
3d8f52b9bae25a90,1,3.51,16.04,16.07,6.27,6.27,0,0
dbcee699816e524c,1,3.42,14.31,14.35,4.89,4.9,0,0
6215ad2b225e5b1a,1,6.87,45.73,46.08,28.43,28.54,0,1
ec3c0587b1775b7c,1,7.08,46.73,47.02,30.31,30.43,0,1
f7341516d74658fc,1,7.2,47.5,47.9,29.76,29.87,0,1
193ee69c47495e07,1,7.21,48.17,48.55,27.94,28.03,0,1
61c675d850d75cd1,1,7.23,48.85,49.17,29.94,30.04,0,1
641e208507255987,1,7.32,54.42,54.62,30.19,30.27,0,1
33e4d8b62def5fbc,1,7.45,52.68,52.92,30.15,30.22,0,1
e1e8aae3165c5652,1,7.5,51.47,51.62,29.81,29.87,0,1
1bd8492a6487562f,1,7.08,17.47,17.47,16.76,16.76,0,0
291e2af79c2258d5,1,6.52,14.49,14.49,12.9,12.9,0,0
3e77b33549485e34,1,5.84,11.69,11.69,9.56,9.56,0,0
8a5809217c605979,1,5.16,9.1,9.1,7.8,7.8,0,0
bb73caa6692856bf,1,4.5,6.86,6.86,5.69,5.69,0,0
f34af4dbbbd35a23,1,3.86,4.89,5.0,3.39,3.39,0,0
a4778444628f5c49,1,3.12,3.22,3.22,3.12,3.12,0,0
ef90f66b5d465ebf,1,2.37,1.93,1.93,1.7,1.7,0,0
27967352b2a95cbe,1,0.02,12.11,12.11,3.41,3.41,0,0
e99744bcd703522c,1,0.03,12.01,12.02,3.38,3.38,0,0
8937c2f7a7ac5507,1,0.25,11.78,11.78,6.44,6.44,0,0
24b68863c230509c,1,0.87,11.19,11.19,6.36,6.36,0,0
ec64154dcf525edb,1,0.84,4.09,4.16,2.27,2.28,0,0
a305b24487775cfc,1,0.76,4.88,5.03,2.54,2.54,0,0
72cccfbb9c6f5e9e,1,6.31,43.97,44.17,30.48,30.54,0,1
36f96e28725c5f5e,1,6.62,45.44,45.72,28.61,28.68,0,1
57a77b8c90465bc4,1,6.71,48.11,48.98,15.51,15.57,0,1
86bc41537b2e5bb5,1,6.75,47.85,49.02,7.26,7.35,0,1
bed7a2c445315bb7,1,6.79,47.47,48.98,7.25,7.33,0,1
a489c23d292e56fa,1,7.29,49.99,51.33,15.34,15.4,0,1
111174636b57539b,1,7.19,49.09,50.71,15.3,15.36,0,1
ffbe4e0250f45a3a,1,7.07,48.07,50.05,15.54,15.6,0,1
015593741e7050f7,1,7.86,54.4,54.42,28.67,28.67,0,1
5bb280e3aebe5a67,1,6.79,49.73,50.1,22.97,23.0,0,1
fe5247f772d15ec0,1,7.58,52.16,52.24,29.86,29.91,0,1
540098f126795a8c,1,7.74,53.01,53.06,29.62,29.65,0,1
09df1da0af885ddd,1,7.95,53.94,53.96,33.03,33.06,0,1
2591ee089f6e5dba,1,8.04,54.41,54.42,30.08,30.09,0,1
1947a9758e045ce9,1,5.36,22.1,22.13,14.9,14.93,0,0
63a10444501d5ead,1,5.31,21.68,21.98,14.64,14.71,0,0
de1662269d685ce0,1,5.44,16.05,16.05,24.33,24.34,0,0
303d7a8f1262569e,1,5.83,21.91,21.91,21.23,21.23,0,0
9c5d0ef404c65196,1,8.08,35.08,35.08,4.38,4.38,0,1
6c84b52f0d155cac,1,7.97,34.49,34.49,4.43,4.43,0,1
b63793ec1e0350e6,1,7.81,34.19,34.2,4.42,4.42,0,1
918a76140b9a5f92,1,7.64,33.48,33.48,5.56,5.56,0,1
55a241ed2c5a553b,1,7.47,32.53,32.53,4.42,4.42,0,1
35e457e286ab5db5,1,7.28,31.0,31.0,4.38,4.38,0,0
6f7c844cb6c0587a,1,7.08,28.84,28.84,4.32,4.32,0,0
cdd097ea065a5ff7,1,6.7,26.37,26.37,16.27,16.27,0,0
cbd04a396e145288,1,0.4,2.49,2.49,13.72,13.72,0,0
2e8c4827d8c757a3,1,1.15,17.32,17.32,13.7,13.7,0,0
3ba8b6918fc45634,1,6.69,24.37,33.67,21.2,22.83,0,0
18b76ccc45d25f5c,1,6.71,22.68,32.69,22.62,24.09,0,0
f465e74f13e652ce,1,6.88,21.45,31.74,22.28,24.56,0,0
e96035d0292956f1,1,6.86,20.92,30.52,20.06,21.94,0,0
af3ca613840a5058,1,6.79,22.18,29.23,19.61,21.77,0,0
12d283af921a5f09,1,6.86,21.77,27.63,21.46,24.51,0,0
c86c1d9c6e9c58aa,1,5.05,40.89,40.97,20.33,20.33,0,1
f49e8b1837cd5b23,1,5.92,41.22,41.87,21.55,21.66,0,1
67debdeae60b5fa4,1,6.06,45.14,46.37,24.23,24.42,0,1
a460a03aab635f35,1,6.32,48.21,49.34,25.43,25.64,0,1
ab51ce190cca5673,1,6.5,46.9,47.8,22.37,22.53,0,1
75c7777c6f415535,1,6.63,47.77,48.53,22.33,22.48,0,1
e6dc564e1a3a588e,1,7.13,51.1,51.27,27.12,27.16,0,1
934c8ac938ad5dca,1,8.56,56.33,57.22,33.51,33.61,0,1
bd09fe587b1a59e3,1,0.36,8.36,8.44,12.28,12.28,0,0
b667e90bf3055cea,1,1.11,15.84,15.84,16.5,16.5,0,0
a6d4b1f4870852a4,1,3.32,25.83,26.09,22.64,22.76,0,0
6f11adda2af357ff,1,8.49,38.67,46.89,29.94,33.79,0,1
f8fd766eb013577f,1,8.65,39.55,48.04,30.31,34.17,0,1
206ccbdfb1e25bf2,1,8.85,40.78,49.49,31.0,34.84,0,1
a9343b1abc5957ab,1,9.01,41.53,53.23,32.72,37.41,0,1
2ba3f7adca335912,1,9.1,44.11,54.48,33.85,38.34,0,1
95448c5ace9e5a22,1,1.66,1.0,1.0,0.78,0.78,0,0
fdfad1317cd75455,1,1.0,0.42,0.42,0.27,0.27,0,0
741ee8b9ea3059a5,1,0.01,9.21,9.21,12.97,12.97,0,0
4064f2ec7a2f56ef,1,0.2,13.06,13.06,15.18,15.18,0,0
e5abdd8b726e5a2f,1,0.91,16.44,16.44,17.47,17.47,0,0
0727a3cccad352d7,1,1.82,20.52,20.52,21.27,21.27,0,0
54c208abe15c56e5,1,4.47,31.49,31.49,29.4,29.4,0,0
2d060a1354d4545e,1,5.25,34.97,34.98,29.08,29.08,0,1
63b69a3c54e95277,1,9.59,56.4,57.28,27.97,27.97,0,1
ab9a263dea175465,1,9.3,44.66,44.7,27.65,27.65,0,1
db29291cd4ee5499,1,8.77,43.53,43.73,25.1,25.1,0,1
59c6eefd08af59b9,1,8.16,30.96,30.97,20.7,20.7,0,0
84e16f3286255759,1,7.46,30.43,30.44,17.13,17.13,0,0
f0e0408bae9b5037,1,6.72,36.67,38.3,14.99,14.99,0,1
5b3f41f636aa5136,1,5.91,34.85,36.86,12.27,12.27,0,1
ad8f9de7692d5f59,1,5.13,12.81,12.81,9.98,9.98,0,0
62b0d1b0d5b35c44,1,7.28,12.7,12.77,4.42,4.43,0,0
4f6abcc897955dfd,1,6.99,8.44,8.52,28.52,28.54,0,0
ab1fd108d5885b58,1,6.87,8.13,8.26,23.61,23.63,0,0
e7daf964463c530b,1,6.77,7.77,8.23,23.53,23.55,0,0
1a31ffd5dc39532f,1,6.69,29.88,30.05,23.57,23.59,0,0
b1649a41e6155dd2,1,5.36,32.24,33.42,6.65,6.76,0,1
f5f173ece87c5c11,1,5.48,28.62,30.72,12.63,12.88,0,0
12b32c24d2cf5309,1,4.03,7.55,12.54,12.92,12.95,0,0
c9ab8a82cfa054ff,1,4.37,10.45,10.45,7.12,7.12,0,0
cc9afc95afab5758,1,3.64,8.77,8.77,4.88,4.88,0,0
25cb9b6179435488,1,3.1,7.4,7.48,3.86,3.86,0,0
31a522ae1ee151bf,1,2.66,6.1,6.19,3.61,3.61,0,0
6f045b164624549f,1,2.25,4.85,4.85,2.05,2.05,0,0
6ea317e632e850f5,1,0.29,1.44,1.44,8.75,8.75,0,0
3d86e3fc3499578f,1,0.69,7.23,7.23,8.29,9.0,0,0
5825e60bec9f59fb,1,0.62,8.52,8.56,8.17,8.94,0,0
3c58a86242fe5671,1,1.13,12.71,12.71,18.65,18.65,0,0
b133316a0e795993,1,10.62,47.35,47.37,31.58,31.58,0,1
3f38262eb4d55376,1,10.11,39.44,39.44,27.92,27.92,0,1
535e19c081ec5c28,1,9.56,35.56,35.56,27.33,27.33,0,1
fd9b227cec3d5c3f,1,8.99,31.65,31.65,25.42,25.42,0,0
6f7a20c618a9573e,1,8.4,27.95,27.95,22.85,22.85,0,0
07fb7a73409e53cf,1,7.93,24.42,24.42,22.24,22.24,0,0
29b49b3e2c0f5ec2,1,7.57,20.98,20.98,18.5,18.5,0,0
67c138fc9ac459b5,1,9.74,62.0,62.33,40.77,40.89,0,1
d7ba299450ae53e2,1,9.79,62.25,62.41,40.91,41.0,0,1
54a706251c0558d2,1,9.81,62.41,62.52,41.05,41.11,0,1
e49e37e5fed25c9a,1,9.8,62.46,62.51,40.96,41.01,0,1
e76c53ede9205ba9,1,9.67,62.0,62.03,34.06,34.08,0,1
4eab329460d853f6,1,9.41,61.05,61.07,32.66,32.67,0,1
c6c1dab6af9858f9,1,9.13,59.97,59.97,32.78,32.78,0,1
312c0f2f981d51c3,1,8.86,58.9,58.9,34.59,34.61,0,1
d2fbab8bed795b5a,1,0.71,14.51,14.53,11.61,11.61,0,0
9af711dfa6eb5952,1,1.33,16.98,17.0,10.8,10.8,0,0
112db94505025ec5,1,10.4,53.51,53.53,14.0,14.0,0,1
3cfcca572cdc5b75,1,10.47,52.71,52.75,5.03,5.03,0,1
89e9fbdf25415d68,1,10.45,52.47,52.53,5.05,5.05,0,1
973f0873af40574e,1,10.34,52.35,52.45,5.23,5.23,0,1
706cc8e44dbd557d,1,10.21,52.16,52.38,10.09,10.09,0,1
f08f205e15975d97,1,10.09,50.59,50.96,10.03,10.03,0,1
4be4c3659ea0575c,1,1.08,15.22,15.26,14.36,14.36,0,0
8d21608fa8c354f1,1,3.62,14.18,14.18,7.11,7.11,0,0
819d4bdcb0855118,1,4.29,12.44,12.45,11.23,11.23,0,0
919ee41f5fa65358,1,4.33,7.49,7.67,11.38,11.38,0,0
fc7b8441f81b5296,1,4.21,8.35,8.37,11.35,11.36,0,0
4d31d76919495557,1,3.8,6.48,6.52,7.13,7.13,0,0
2b04c510144e5545,1,3.13,4.86,4.91,5.99,5.99,0,0
6bd234c45e885cb2,1,2.4,3.57,3.65,6.82,6.82,0,0
94e8a92d53635c38,1,0.59,9.88,10.04,8.03,8.72,0,0
fb8df4568d585efa,1,0.57,10.39,10.64,8.13,8.85,0,0
be0ea3126c955eae,1,0.63,11.47,11.93,8.3,9.05,0,0
22f1319717ec58f0,1,0.73,12.35,13.71,8.37,9.11,0,0
fd513762a5ea5dd4,1,0.89,11.13,11.57,8.34,9.17,0,0
c5099436d08c5e1f,1,1.27,11.12,12.74,10.06,12.13,0,0
c0a12f1497045322,1,6.5,55.2,55.63,34.2,34.27,0,1
5f88affe449253a9,1,7.14,54.64,55.18,34.42,34.54,0,1
a62a20e735805039,1,1.4,17.45,17.47,10.72,10.72,0,0
1be3fd906c435f85,1,5.7,28.9,28.9,3.28,3.29,0,0
f70c1fa8bbfc5d77,1,5.81,28.91,28.92,2.68,2.68,0,0
f1ae86b9b6a75893,1,5.72,28.17,28.17,14.78,14.78,0,0
b86c171d4a9d51e3,1,5.57,26.64,26.65,14.45,14.45,0,0
11d4b52fb458559f,1,5.38,23.68,23.69,10.44,10.44,0,0
8aa8e3e16c035d5e,1,5.18,20.88,20.89,5.04,5.04,0,0
e82fe0d7d02054b8,1,4.93,16.82,16.83,3.91,3.91,0,0
a4d55f73b8ad51b9,1,2.73,7.5,7.58,3.48,3.48,0,0
c0941949acdb5ebc,1,1.6,5.59,5.6,1.07,1.07,0,0
2f191795b29f52b2,1,1.07,3.38,3.39,0.57,0.57,0,0
7be8784c329456b4,1,0.94,3.07,3.08,0.68,0.68,0,0
a1f35d4460345de8,1,0.44,6.57,6.71,9.63,9.63,0,0
f36969fd00f15050,1,0.74,9.45,9.55,9.46,9.46,0,0
0b3774b9729455e1,1,0.99,11.7,11.7,12.04,12.04,0,0
8b0d50e645eb5ac7,1,1.21,14.91,14.91,11.95,11.95,0,0
fefad5f7d3405512,1,4.8,13.43,13.44,12.91,12.91,0,0
bc551b5cc30b5ef5,1,0.08,0.07,0.35,11.33,11.34,0,0
3123935b28265c80,1,0.78,0.16,0.38,16.23,16.23,0,0
9abf3af825a35a9e,1,1.81,25.22,25.24,19.43,19.43,0,0
59b4bb47cf6656cf,1,8.22,51.84,51.88,8.73,8.73,0,1
a4cd60ef102957cb,1,8.26,51.1,51.2,4.53,4.53,0,1
5379d354b9b95048,1,8.54,57.55,57.59,33.14,33.27,0,1
47cdeda07aeb5b19,1,8.72,58.33,58.34,36.67,36.78,0,1
f40172a8fb1a54ee,1,0.63,1.74,1.78,0.28,0.28,0,0
555226e5142f50ed,1,0.03,9.12,9.13,12.32,12.32,0,0
58788ce811c755b5,1,0.23,11.93,11.94,14.77,14.77,0,0
af052c91de0f5295,1,1.03,15.29,15.29,16.65,16.65,0,0
507a3844cf3051de,1,6.75,49.32,49.49,24.98,24.98,0,1
e36edd3aedf05e30,1,6.76,49.18,49.48,7.25,7.38,0,1
d83802157d9858d5,1,6.76,48.97,49.42,7.22,7.32,0,1
15208e349fb854b4,1,6.74,48.58,49.23,11.49,11.6,0,1
798f1981bb285b09,1,4.98,38.05,38.96,17.02,17.29,0,1
f40843145ae35cd8,1,4.81,37.23,38.03,16.43,16.98,0,1
1537a74401845849,1,4.64,33.67,34.5,15.31,16.08,0,1
8bebc6662b36505f,1,4.47,26.17,27.23,14.0,14.65,0,0
e22c42694be05703,1,4.39,26.28,26.51,14.67,14.96,0,0
20728d3e677b593d,1,4.34,34.81,35.21,12.76,12.84,0,1
6919975cab1c5345,1,4.36,33.75,35.43,4.05,4.09,0,1
0ae4ce0255695d31,1,4.43,32.51,36.07,13.2,13.21,0,1
11b9e3f204815f4a,1,9.21,46.82,55.67,34.26,38.41,0,1
be9423a8f0e75d33,1,9.38,49.17,56.08,38.92,42.71,0,1
63266bfd8e1f5f15,1,9.74,52.05,57.21,39.89,42.81,0,1
6507522e38405857,1,10.19,55.55,59.01,44.54,46.7,0,1
317f5b44a4615e30,1,10.45,58.33,59.89,43.0,43.94,0,1
16a40c5db95c5467,1,11.44,62.8,62.8,47.15,47.16,0,1
8e9f743d92c05d10,1,4.02,22.22,22.22,11.04,11.04,0,0
108fd8b55b1952af,1,3.96,20.09,20.09,10.47,10.47,0,0
9464277f29025ad8,1,4.42,36.8,37.88,20.37,20.73,0,1
0ef7ecd9c0035467,1,8.11,54.45,55.38,33.37,33.51,0,1
1a6043a86e7056a8,1,8.22,54.81,55.84,33.37,33.52,0,1
a27fe5d9685c5795,1,8.33,55.15,56.26,33.38,33.54,0,1
97628f2e9ee55826,1,8.42,55.48,56.65,33.25,33.43,0,1
ac2e86e04c0a5287,1,8.5,55.8,56.98,33.36,33.53,0,1
906587437cf95447,1,8.58,56.17,57.35,33.43,33.61,0,1
94cabec7888a5bb3,1,8.67,56.54,57.75,33.27,33.47,0,1
d2777b7b71325a67,1,9.91,49.93,50.53,8.28,8.3,0,1
dd79f9aa92105761,1,9.69,46.88,47.54,9.75,9.76,0,1
643b177aa4235fe7,1,9.38,28.84,28.9,24.43,24.46,0,0
1f1c016bd3715dc2,1,8.85,30.2,30.36,4.59,4.59,0,0
fe4b2cf4e9ad5b37,1,8.17,25.75,25.87,17.48,17.49,0,0
80767d5d26ef52bf,1,7.48,21.67,21.89,17.49,17.5,0,0
af0e1a3043ba51c6,1,4.5,24.85,25.39,17.57,17.68,0,0
fb188ed7e53552c5,1,4.73,27.09,27.52,22.42,22.72,0,0
55d3d0c71390575b,1,8.89,57.39,58.57,35.38,35.62,0,1
fc14b78a566f5620,1,8.84,57.19,58.37,35.29,35.54,0,1
bb2645c10ec25a6b,1,8.81,57.06,58.26,35.03,35.27,0,1
e453e4cb030955c7,1,8.83,57.08,58.29,33.45,33.66,0,1
cf7d3181a516574a,1,8.84,57.1,58.13,36.47,36.77,0,1
0f83bb5cecbe56df,1,8.88,57.35,58.36,35.24,35.51,0,1
298fff3a2ae95293,1,8.91,57.53,58.52,34.76,35.02,0,1
e9adc94d4e9c5fbb,1,8.96,57.82,58.79,36.13,36.43,0,1
e6dae41a69575555,1,7.73,53.48,53.5,28.4,28.4,0,1
d5039871a3fb5b04,1,7.71,53.43,53.45,28.07,28.08,0,1
daea2a5f018858f6,1,5.02,17.16,17.16,10.71,10.73,0,0
56e1329f01d95164,1,4.59,14.75,14.76,9.16,9.17,0,0
c06d7badaabb5a9f,1,4.19,12.79,12.8,8.97,8.98,0,0
abe1ac610c3d5b82,1,3.8,11.17,11.19,6.63,6.63,0,0
e8dd949cee3c5f30,1,3.43,10.17,10.2,6.31,6.31,0,0
0dd9b379a2e3595f,1,3.09,8.77,8.83,4.87,4.87,0,0
c3d78ec633fa57be,1,1.69,4.83,4.83,1.07,1.07,0,0
4f5e535c78385629,1,1.13,4.2,4.2,0.67,0.67,0,0
89ae8d041c145f8f,1,0.0,7.44,7.5,8.0,8.01,0,0
9940f912e66a5918,1,0.03,10.98,10.98,8.35,8.35,0,0
3a5278b27c87565f,1,0.04,13.54,13.54,10.07,10.07,0,0
2cd54836815b5fb0,1,0.33,15.75,15.75,12.24,12.24,0,0
46cd5885206b5c6d,1,0.91,18.5,18.5,14.16,14.16,0,0
c9520de7084f5868,1,1.68,22.16,22.16,15.73,15.73,0,0
50708f973eec5e38,1,4.55,12.6,12.62,6.18,6.19,0,0
631712394f5b5d72,1,3.93,9.17,9.2,4.95,4.95,0,0
f9720f622fd4511b,1,3.29,7.38,7.42,3.76,3.76,0,0
fe810492129f57a8,1,2.61,7.7,7.74,3.01,3.01,0,0
2942d4fb604d5b5f,1,0.89,11.08,11.1,4.72,4.72,0,0
3d6cbc2a95885eef,1,0.96,11.64,11.65,4.63,4.63,0,0
4e12d62c42575ac3,1,0.41,9.77,9.77,5.73,5.73,0,0
0c931f9db55e5fcc,1,0.57,12.91,12.91,7.2,7.2,0,0
024d89a3e1e752dc,1,8.67,50.19,50.19,4.88,4.88,0,1
ea60e66a13335f6e,1,8.54,54.96,54.96,23.19,23.19,0,1
668835640c6057e0,1,8.41,55.36,55.37,23.27,23.28,0,1
85028441255156b3,1,8.37,43.3,43.3,27.37,27.37,0,1
30187e714d065b0b,1,8.25,41.37,41.37,23.14,23.14,0,1
54b1308d42085066,1,8.15,39.27,39.27,23.05,23.06,0,1
af7ef7050e425cb9,1,8.03,37.02,37.02,19.09,19.1,0,1
f38ecbfea0075cca,1,7.8,32.03,32.04,10.15,10.15,0,1
fe4bac0ae9bc5639,1,4.45,34.46,39.48,13.39,13.41,0,1
5e5a77fb1990565b,1,4.39,31.99,38.16,13.61,13.77,0,0
e5f2eb158bc65167,1,4.33,30.08,36.29,11.77,12.01,0,0
bf0e7609184e533b,1,4.23,29.87,35.98,12.53,13.16,0,0
e5e0c85236f95d91,1,4.11,30.36,35.69,12.56,13.27,0,0
834a7c22e2c55c71,1,4.0,31.07,35.98,12.76,13.46,0,0
1f9d4228103950f8,1,4.0,32.31,36.13,14.05,14.63,0,1
3a3297d21e905b02,1,4.08,33.78,36.61,15.46,16.1,0,1
4af64a41372d564f,1,7.08,44.22,50.09,12.22,13.48,0,1
2125a58a235f5e11,1,7.3,49.91,53.71,26.75,28.31,0,1
3d580ffc3de95e49,1,7.52,51.26,52.95,28.57,29.43,0,1
4291f388556f5837,1,7.7,53.37,53.86,10.61,11.21,0,1
83472e2adb545cd5,1,0.03,9.13,9.14,6.0,6.01,0,0
a4bc6340456351af,1,0.06,13.06,13.1,12.61,12.64,0,0
315673fa4e595935,1,0.68,16.71,16.76,14.91,14.95,0,0
f49f94b388d8561d,1,1.55,21.16,21.22,18.76,18.81,0,0
891fe2fc30c95109,1,1.47,2.66,2.78,5.52,8.5,0,0
87b468bcdad158c2,1,0.56,2.2,2.34,4.56,4.57,0,0
77424ed925b45c77,1,5.94,20.14,36.24,10.48,10.56,0,0
789eca1c50f85cb4,1,5.61,18.93,35.47,15.57,16.38,0,0
65fed1ea595559ba,1,5.25,18.49,34.67,15.18,16.21,0,0
d5a0b92fbf8b51df,1,2.4,12.06,12.51,9.21,9.52,0,0
11e7fdeb883b5381,1,0.42,15.48,17.49,7.78,7.97,0,0
190e931f7a7a52dc,1,0.26,15.48,17.47,10.2,10.54,0,0
6a4e62fc55535e82,1,6.72,22.46,22.46,17.52,17.52,0,0
4ac7a80ebf915458,1,6.26,19.74,19.74,15.62,15.62,0,0
d6fb4629926d57db,1,5.87,17.13,17.13,15.22,15.22,0,0
1a585b7022ed54df,1,5.44,14.58,14.58,11.79,11.79,0,0
7cbf7bab041151e1,1,4.83,12.28,12.28,9.94,9.94,0,0
f91647b196dd5180,1,4.36,10.02,10.02,7.6,7.6,0,0
f0135d40a8f05feb,1,3.69,8.28,8.28,4.54,4.54,0,0
3402ab10c02a5e25,1,2.91,6.85,6.85,3.63,3.63,0,0
49c2b08936335901,1,9.64,61.73,61.88,27.25,27.26,0,1
1c078ca2e3625bb0,1,9.58,61.47,61.64,31.59,31.6,0,1
90831b78d185503a,1,9.5,61.23,61.32,31.51,31.54,0,1
3b8cbe3ce6465e62,1,9.44,15.29,15.32,18.35,18.35,0,0
5474ade2411457f3,1,9.36,15.09,15.09,13.47,13.47,0,0
b5d5d15093af5638,1,7.57,30.76,30.76,22.95,22.95,0,0
26ca54769df65193,1,7.37,28.08,28.08,21.36,21.36,0,0
e87ffda7f5655c3c,1,7.02,25.25,25.25,19.12,19.12,0,0
4cc916aa782854a6,1,0.32,15.65,17.66,10.16,10.53,0,0
b4b31520fc1c5ef7,1,0.63,16.43,18.68,11.77,12.41,0,0
34336b5c8ad1562e,1,1.23,18.79,21.65,13.02,13.84,0,0
75cfb9c37e425214,1,1.89,21.78,24.48,14.64,15.71,0,0
6f07313e88ab56fd,1,2.53,25.06,27.79,15.35,16.35,0,0
a67f68a6c9e85668,1,3.13,28.18,30.49,17.76,18.91,0,0
d9435ec2640f586f,1,3.68,24.8,26.06,18.58,19.45,0,0
3f80c1a045a056e4,1,4.18,35.56,36.52,19.88,20.4,0,1
42a04da3bc0351e1,1,4.84,20.33,20.34,10.93,10.93,0,0
9b5772aa3a955db1,1,4.42,18.59,18.59,9.06,9.06,0,0
cf533c1e7f6852e5,1,4.0,16.65,16.65,8.74,8.74,0,0
0370ac4af44a5bfc,1,3.57,15.04,15.05,6.68,6.68,0,0
5138bac9ac59508f,1,3.14,14.12,14.13,6.51,6.51,0,0
41c18772e7ac5696,1,2.82,12.96,12.97,5.65,5.65,0,0
4c5501833dfd5bb4,1,2.57,11.3,11.31,5.45,5.45,0,0
69f27d25f8a45de1,1,2.38,10.12,10.13,4.29,4.29,0,0
faf6d9be89f0538c,1,0.11,16.15,17.51,10.73,11.01,0,0
a8a743157c605bfe,1,0.66,17.25,19.08,12.69,13.22,0,0
a984f0459c1055d5,1,1.33,19.53,22.41,14.91,15.26,0,0
6b72426a8dd155bb,1,1.97,21.74,24.97,12.78,13.55,0,0
3f4cedf4897a568e,1,2.57,24.11,28.04,15.16,16.23,0,0
1f6d3d52a6685c15,1,3.08,26.12,29.82,15.37,16.33,0,0
b9f4efacc7695435,1,3.54,30.13,32.67,19.57,20.37,0,0
f597ea9aeb7f512d,1,3.99,33.6,35.59,17.54,18.16,0,1
099ba96d3bca51c3,1,4.24,28.93,31.4,15.49,15.59,0,0
94683fc69ce4599c,1,4.13,29.35,32.1,13.09,13.19,0,0
7d59e0ea1e0d524b,1,4.03,29.86,32.72,13.46,13.59,0,0
e9a71ddab0055f99,1,3.9,30.15,32.94,13.34,13.53,0,0
667ea4f79faf5baa,1,3.77,30.3,32.88,11.86,12.07,0,0
abb2ccc5501c58f3,1,3.67,30.41,32.28,11.6,11.83,0,0
4e19d097005e55b5,1,0.0,15.88,17.14,7.75,7.81,0,0
aafbe79abf625492,1,0.04,16.01,17.31,9.58,9.78,0,0
dc482250cdb35c9e,1,9.03,58.23,59.14,36.4,36.73,0,1
2dfc1e8df2ef5da1,1,9.12,58.77,59.58,36.18,36.49,0,1
bd0dd422fbc152e5,1,9.22,59.42,60.07,34.25,34.5,0,1
0c81f22d5e0658de,1,9.32,60.02,60.63,34.36,34.56,0,1
05c3b54be1cc52d0,1,9.4,60.55,60.97,34.54,34.7,0,1
5e02e80df7fe5f5b,1,8.0,54.02,54.15,27.86,27.86,0,1
dec31dc25db65e6c,1,7.86,52.63,52.91,28.02,28.04,0,1
cfaa12a747e45fb4,1,7.73,51.03,51.64,28.17,28.2,0,1
d532c0b3a43a52dc,1,5.36,18.82,18.84,14.7,14.71,0,0
f561d19a11375418,1,5.23,16.59,16.6,14.15,14.15,0,0
40c5ce24f85a5540,1,4.98,14.36,14.37,11.97,11.97,0,0
e736f6ed766658fb,1,4.63,12.24,12.25,10.05,10.05,0,0
cf8f42e252855b82,1,4.19,10.07,10.08,7.56,7.56,0,0
a8fd739baf0a5935,1,3.66,8.44,8.55,5.93,5.93,0,0
23742ff81ee85c96,1,3.21,6.97,7.09,4.76,4.76,0,0
2bd04a0902095129,1,5.95,20.25,26.13,17.93,20.04,0,0
1c064ec24fa15900,1,2.55,13.96,25.16,10.15,11.72,0,0
7140077d03e25c2c,1,2.89,13.78,28.11,11.37,14.03,0,0
4885d99d4c3959b8,1,3.22,17.5,29.89,12.92,15.6,0,0
2da6f8c86c135473,1,3.56,21.82,31.57,14.46,16.69,0,0
2ef80fbe7233514a,1,3.91,26.32,33.0,17.88,19.58,0,0
3afb7780247f51bb,1,4.26,30.38,33.67,17.84,18.94,0,0
34b8a3355a255f29,1,4.63,33.26,34.43,22.71,23.56,0,1
01e4bff700f15523,1,4.96,34.8,35.3,22.74,23.17,0,1
66e75a9c2da75db6,1,5.58,35.58,35.88,24.02,24.05,0,1
ecf0448cf58a54fb,1,5.87,35.28,35.57,24.11,24.14,0,1
e849e6a954285f60,1,6.12,34.57,34.86,26.57,26.62,0,1
6ffc117437175255,1,6.32,47.29,47.48,24.0,24.04,0,1
402f952c89ae550c,1,6.51,48.13,48.2,25.5,25.55,0,1
ad781cbf672a5485,1,6.68,48.44,48.46,25.6,25.64,0,1
f9592039b6aa5165,1,6.77,47.7,47.91,25.26,25.28,0,1
430589fe41235469,1,4.63,20.33,32.66,13.6,15.42,0,0
6578cf959d7f52a7,1,2.17,7.84,7.86,3.94,3.94,0,0
14d36ea6b2d858a0,1,1.92,5.6,5.78,3.01,3.01,0,0
5be85314d55654f1,1,1.66,4.81,4.83,1.83,1.83,0,0
e8d7197f07635cfb,1,1.28,4.08,4.11,0.88,0.88,0,0
ce6eb4e00dac5ae3,1,0.0,7.3,7.32,3.53,3.53,0,0
4fabf8c780005e4f,1,0.0,8.84,8.86,3.81,3.81,0,0
3d1c445859d85d51,1,0.03,11.03,11.05,5.35,5.35,0,0
0a5780be84565110,1,0.15,12.5,12.51,7.32,7.32,0,0
5ab5923ac60c5e8a,1,4.61,24.05,34.58,16.76,20.18,0,0
ef1c8f5af4525791,1,4.65,27.01,35.39,15.64,17.65,0,0
f91b769af7815ea5,1,4.72,29.92,36.26,18.34,20.68,0,0
d3d7a91aff375fc5,1,4.8,32.55,37.01,17.35,18.72,0,1
4413dc9f17ab56b0,1,4.89,34.9,37.7,20.48,21.49,0,1
f71f0d4ca6db5d40,1,5.01,42.55,44.82,22.84,23.33,0,1
5802564fbfb558f8,1,5.2,42.25,43.29,22.55,22.96,0,1
bb783ab5850c5ee2,1,5.43,41.01,41.64,23.02,23.39,0,1
ae97dc76df0952f2,1,7.72,53.71,54.26,34.34,34.46,0,1
582a4716d1bd55bc,1,8.24,55.66,56.22,37.36,37.5,0,1
520f3dc854275784,1,8.67,57.47,58.05,37.35,37.48,0,1
e5d91842b228552a,1,8.97,58.69,59.29,37.34,37.48,0,1
43e7125800a6532c,1,9.21,59.64,60.24,37.25,37.39,0,1
d7f2f0a77e3e5b4d,1,9.4,60.42,61.02,36.98,37.13,0,1
a52bce0753d8563e,1,9.55,61.05,61.59,36.89,37.03,0,1
e18ac69f49cf582f,1,9.66,61.58,62.04,36.79,36.91,0,1
8abfcd61303b52df,1,8.17,50.26,53.38,31.54,31.74,0,1
7a64a496ba815aa8,1,8.19,49.05,53.78,31.16,31.41,0,1
b11eb5c328075b94,1,8.16,46.26,52.06,29.74,30.14,0,1
c61d55c28f3b538d,1,8.05,43.59,51.13,28.89,29.65,0,1
24c278846879520f,1,7.93,40.77,50.32,28.49,29.74,0,1
91d37a0aabe95056,1,7.8,38.14,49.62,11.73,12.56,0,1
31ac916bb888562a,1,7.68,36.05,49.09,11.41,12.15,0,1
645f5f6b94345fc3,1,7.55,34.77,48.67,13.92,15.13,0,1
14f29b916f44585a,1,4.21,35.28,37.03,17.26,17.74,0,1
0839e30e439d511f,1,4.31,36.2,37.49,18.58,18.84,0,1
15ae8f60881b52ae,1,4.42,36.77,37.78,18.79,18.94,0,1
434aa60fb0165165,1,4.44,36.49,37.67,15.65,15.71,0,1
73e3a1a2ed275417,1,4.44,36.01,37.28,17.44,17.48,0,1
c841c36b56fb53f2,1,4.56,33.43,35.64,17.41,17.47,0,1
8ac66bedd6d057d2,1,4.48,30.39,32.35,17.5,17.58,0,0
4c59eeddd50e5866,1,4.35,28.76,30.8,15.92,16.0,0,0
295b050f45615ad6,1,6.82,33.83,35.74,13.59,14.18,0,1
bdf4ea0b653c5677,1,6.76,33.44,35.17,19.19,19.54,0,1
58ad6156b5895541,1,6.91,32.8,45.04,27.13,27.69,0,1
fd4b31afd0915f92,1,6.72,31.5,44.15,24.73,25.49,0,0
b874be1fb9885c0e,1,6.56,31.56,44.34,15.91,16.79,0,0
bfb583c3969950ba,1,6.54,33.36,45.19,11.89,12.46,0,1
fcbc81e3caa75186,1,6.7,36.7,46.83,10.93,11.52,0,1
a0801105ad8b5ad3,1,6.89,40.44,48.53,7.37,7.65,0,1
b3e8baac7b4d5e4a,1,7.61,29.28,29.28,9.96,9.96,0,0
7ed4005bb9385a16,1,7.26,26.38,26.38,17.61,17.61,0,0
4c629e2da77a50c7,1,6.82,22.79,22.8,16.17,16.18,0,0
51b855943c3a54ee,1,6.3,20.75,20.76,12.45,12.46,0,0
1ec7ff5bb8cf5477,1,5.79,18.19,18.2,3.91,3.91,0,0
e317ddda18f25545,1,5.31,15.72,15.73,8.54,8.54,0,0
2647308c0cbe519c,1,4.79,13.44,13.44,3.8,3.8,0,0
ee9ddfe6625b5969,1,4.25,11.1,11.11,3.81,3.81,0,0
6fcec1c4552351ed,1,4.49,30.33,36.91,16.53,17.47,0,0
982671de6e755ca0,1,4.59,31.39,37.73,17.79,19.09,0,0
990d981b1366595b,1,4.67,32.53,38.47,17.62,18.93,0,1
f51a75fadd695f06,1,4.7,34.01,38.93,17.5,18.63,0,1
60f8e416f5f457b3,1,4.7,35.47,39.14,18.42,19.36,0,1
40ee16c17fc05cfb,1,4.68,36.78,39.25,20.84,21.66,0,1
cd284af1ade75426,1,4.79,38.56,39.91,20.63,21.04,0,1
0fa603b5789956f1,1,0.84,16.59,19.51,11.23,11.65,0,0
f102658ad87c561f,1,1.09,21.63,21.63,4.63,4.63,0,0
9248ce20618c5513,1,1.15,21.92,21.92,13.18,13.18,0,0
b61a73309da75ac3,1,1.62,24.24,24.24,18.01,18.01,0,0
472472b9f03a5b8f,1,2.23,27.3,27.3,19.92,19.92,0,0
4b3d6fc60b815701,1,6.05,46.06,46.25,23.98,24.0,0,1
a514e82818cb55da,1,6.1,46.26,46.49,24.6,24.64,0,1
8e501ed74f025c52,1,6.17,46.6,46.85,24.46,24.5,0,1
a7ca0cd746e7551e,1,6.24,46.9,47.14,24.48,24.52,0,1
782f0fff66145718,1,6.12,42.36,42.4,27.82,27.84,0,1
2ba94c9278825a74,1,6.72,45.46,45.52,4.19,4.19,0,1
cbbc4cdfaf2e5106,1,9.76,62.34,62.34,28.45,28.46,0,1
d5eca47b1fc25d20,1,9.64,61.89,61.89,21.19,21.25,0,1
a7ce8d99f16150ac,1,9.56,61.58,61.59,18.35,18.51,0,1
346e3a62c61e50df,1,9.51,61.4,61.41,35.12,35.12,0,1
0b714952ea0b5017,1,9.49,61.3,61.31,31.62,31.62,0,1
6012a63b7a3b52c7,1,9.69,61.96,62.06,27.84,27.84,0,1
0c91824ce1e65b6e,1,7.58,48.99,50.17,28.41,28.42,0,1
68b64b027ed2512a,1,7.45,47.79,50.93,23.65,23.65,0,1
7b2f3235b4cb5374,1,7.34,43.8,47.3,23.73,23.73,0,1
75857e1f177b5af4,1,7.21,40.59,45.81,21.17,21.19,0,1
0ad9939a6b875bf8,1,6.96,36.2,44.21,19.74,19.79,0,1
b53158c719675897,1,6.57,33.01,42.48,17.44,17.52,0,1
06067b68f2655a55,1,6.19,30.16,40.97,18.43,18.74,0,0
69e8a01f073d5080,1,5.85,28.63,39.35,18.94,19.74,0,0
a97ceb2edd0251f9,1,5.91,19.67,26.23,17.49,19.72,0,0
d8f68111f5145cc9,1,5.83,21.89,29.44,15.29,16.84,0,0
6d66b095f93750f7,1,5.8,20.45,25.17,15.53,17.1,0,0
e3ee34ba4c0c59fd,1,6.29,15.89,15.89,26.0,26.03,0,0
e699fb1c75b95e57,1,6.13,29.17,29.18,17.56,17.56,0,0
f8b1bb7447c257dc,1,5.87,27.14,27.14,15.75,15.75,0,0
9dcc18a23f4d57d8,1,5.57,24.89,24.89,14.36,14.36,0,0
b8314864431a5665,1,5.25,22.46,22.46,12.8,12.8,0,0
aeeba19e19c35ccb,1,8.01,48.67,54.89,28.61,30.87,0,1
49074bfb7c9e5c26,1,8.12,51.17,55.68,28.82,30.61,0,1
346f28fb35365c73,1,8.23,53.44,56.3,32.75,34.11,0,1
9284ea4dbd0c52ff,1,8.33,55.34,56.58,31.28,31.87,0,1
e536fdecd7ba54a5,1,8.45,56.75,57.16,34.11,34.32,0,1
3276f87a152651f0,1,8.57,57.64,57.73,34.38,34.43,0,1
ffe92084016a5795,1,7.31,22.5,45.63,19.77,19.77,0,0
83a4e663032f5c9a,1,6.44,19.75,43.29,14.62,14.62,0,0
69ce68dff3ff566d,1,5.61,26.85,38.57,17.05,17.89,0,0
7f5f77992cd859ef,1,5.31,26.03,37.76,15.35,16.13,0,0
c46b2546f3565375,1,5.03,26.4,37.98,14.5,15.19,0,0
9a0b762c08af59f8,1,4.76,26.68,36.32,14.53,15.21,0,0
1bfbaec4ef9b556c,1,4.5,27.15,35.57,14.79,15.48,0,0
ddaf241c401e560a,1,4.29,27.64,34.96,12.92,13.34,0,0
50702dbe2f785ae5,1,4.29,28.37,35.24,16.9,17.75,0,0
ee741b93dca35dd4,1,4.39,29.35,36.06,16.35,17.17,0,0
88e6d9d5dd715516,1,5.37,35.36,39.21,16.51,16.51,0,1
3137903199f35224,1,5.43,33.51,39.66,19.14,19.5,0,1
cb8b1f36617c50d4,1,5.43,23.39,27.3,15.98,16.29,0,0
931c9ec2bfa55d47,1,5.36,33.69,43.84,15.51,16.14,0,1
b999dd3826b058a7,1,5.24,32.17,40.54,14.13,15.54,0,1
e247c988c28957fc,1,5.06,23.21,27.64,17.39,19.29,0,0
e34d17f003a052f5,1,4.87,13.97,15.68,14.04,14.84,0,0
396c599d06e65f68,1,4.73,25.68,27.77,14.06,14.67,0,0
7758c231f45d51de,1,7.73,43.3,52.87,25.95,28.03,0,1
0e6a9b4fe9ec5443,1,7.77,46.01,53.54,27.49,29.81,0,1
7eaba7fa332d55cd,1,7.84,48.51,54.12,28.56,30.46,0,1
a38cf6735cfc5f54,1,7.9,50.44,54.44,28.52,29.8,0,1
774006a654915196,1,7.96,51.81,54.6,28.82,29.63,0,1
ed8384b107d95d89,1,8.01,52.38,54.51,29.59,29.97,0,1
334ddbed40095e07,1,8.07,52.3,54.3,33.52,33.77,0,1
76df9fb807c9580a,1,8.13,51.58,53.93,33.67,33.92,0,1
505f4ccbd00d5e99,1,1.57,17.21,22.28,12.21,12.9,0,0
1647fbd477655958,1,2.23,17.33,24.9,12.27,13.18,0,0
93494257467c5e97,1,2.72,18.45,26.46,12.29,13.24,0,0
58366177d30259f5,1,3.17,19.59,28.73,13.82,15.3,0,0
cbc996c2f68c541c,1,3.58,21.59,31.0,14.02,15.46,0,0
6f61120208385a02,1,3.94,24.16,33.24,15.26,17.11,0,0
6832568ebd835696,1,4.28,27.31,35.4,17.27,19.54,0,0
f3282fb9352c5c9c,1,4.62,30.85,37.56,15.87,17.25,0,0
1d359a03436458f0,1,3.06,23.91,24.02,14.33,14.45,0,0
cd0b91f235e25b76,1,4.76,39.48,39.62,13.15,13.15,0,1
c20a7d6f7c9e5379,1,4.77,39.45,39.77,16.26,16.29,0,1
1da6196444e35b0f,1,4.92,40.56,40.67,19.64,19.66,0,1
ce3d0bc0b2d55876,1,4.96,40.84,40.88,19.14,19.14,0,1
6239cdb801bc51c2,1,4.95,40.8,40.83,16.72,16.72,0,1
9cdaa8f652bf5a27,1,4.96,40.87,40.89,20.02,20.03,0,1
0d9243e74a1a501a,1,1.34,22.85,22.85,1.68,1.68,0,0
9b7be67193ae5772,1,4.94,34.52,39.6,4.25,4.3,0,1
c4fad4d040a75b90,1,5.28,38.2,41.67,22.42,23.54,0,1
03269d4ad9e45809,1,5.59,46.68,49.14,23.24,24.02,0,1
96f6cde1205e5865,1,8.2,51.84,53.85,26.6,26.61,0,1
bcea19eeb57f5cfa,1,8.16,49.91,53.0,27.99,28.04,0,1
c93a302d2fb2508f,1,8.1,47.61,52.1,27.61,27.71,0,1
f3509f572c4f5bbb,1,8.03,44.92,51.18,29.08,29.47,0,1
6688db9c3a425bb6,1,7.93,42.05,50.32,25.62,26.07,0,1
f5eb7105d1d358c5,1,8.88,58.98,58.99,33.4,33.42,0,1
23803695a4c1547c,1,9.45,15.35,15.35,31.47,31.47,0,0
223d02be29c65e81,1,8.41,48.35,48.35,28.37,28.37,0,1
c6fc9d4d4dec5609,1,8.59,49.01,49.02,28.37,28.37,0,1
024fd1e792395805,1,8.79,49.48,49.49,28.06,28.06,0,1
e27870f87c3656b1,1,8.99,49.64,49.65,27.62,27.62,0,1
65d2b64fb7375094,1,8.79,48.51,48.51,25.69,25.69,0,1
d6396ef1c0c55d33,1,8.67,52.6,52.6,10.68,10.68,0,1
61be266ee38a5891,1,5.66,40.64,41.07,24.31,24.35,0,1
3a54e9d3717d5760,1,5.87,41.22,41.56,23.19,23.21,0,1
0dff39153a005f4f,1,6.06,41.55,41.85,23.22,23.24,0,1
79ea7fb311c4574a,1,6.04,29.69,29.86,20.02,20.03,0,0
b20e8629283e540c,1,5.93,45.4,45.53,21.23,21.24,0,1
49b8cbfbe63e5c09,1,5.8,44.72,44.78,17.69,17.71,0,1
0bd89ca329cd55f9,1,5.5,46.27,46.28,15.58,15.6,0,1
6350e3b4ec0a59dc,1,0.78,20.02,20.09,13.4,13.41,0,0
2c0f41d407295efa,1,5.58,18.51,40.71,12.9,12.91,0,0
07dc9de3dd855653,1,4.92,19.29,38.79,10.96,11.54,0,0
305eb53245715f7e,1,4.61,22.57,38.21,12.85,17.39,0,0
1a6595a6c7cb5531,1,4.39,26.7,37.66,14.12,17.7,0,0
2a359c1d62ed5843,1,4.26,30.73,36.69,15.5,17.64,0,0
60216ba3ee9557d9,1,4.24,34.06,37.01,14.27,15.1,0,1
0d0972c70bd955cc,1,4.51,37.44,38.63,22.81,23.44,0,1
0386351e2a11529e,1,4.87,39.94,40.4,23.9,24.11,0,1
6cec94a1d70c5cf4,1,5.84,44.14,44.94,26.48,26.77,0,1
05f9443de2185b91,1,6.12,46.09,46.38,25.39,25.46,0,1
7d22e4c9e8605ed2,1,6.4,47.77,47.84,27.45,27.47,0,1
8551466c8066505e,1,9.27,50.48,50.77,32.18,32.25,0,1
7229dee5d2685deb,1,7.67,48.32,49.53,22.19,22.2,0,1
66a0abcb3eac57df,1,7.5,45.02,47.06,22.47,22.48,0,1
9a3778686fd058d2,1,5.4,43.05,43.46,24.58,24.7,0,1
e072351fbbfd5765,1,4.62,15.77,22.15,12.27,13.73,0,0
88d3ee1e3b435a28,1,8.76,56.88,58.1,34.33,34.58,0,1
3458fad66b245ac3,1,8.82,57.13,58.37,34.32,34.56,0,1
0972cf3a4c5d5a39,1,8.89,57.33,58.84,34.49,34.77,0,1
8be5583b37785664,1,8.92,57.44,58.97,34.13,34.39,0,1
12ace39c31df5dd8,1,8.92,57.43,58.73,34.22,34.49,0,1
e49e9763e6ea5ffb,1,8.94,57.56,58.81,34.61,34.89,0,1
79d3720b23b6533e,1,8.93,57.55,58.77,34.63,34.87,0,1
c617243cb58658eb,1,8.92,57.53,58.7,34.95,35.19,0,1
f039cb3455f356ac,1,6.32,47.3,47.43,25.65,25.69,0,1
15715849d362599e,1,6.41,47.83,47.93,22.27,22.3,0,1
e83a3108893753f0,1,6.49,51.17,51.22,21.99,22.01,0,1
20ae5de0a8725d9d,1,6.56,48.61,48.62,24.78,24.79,0,1
0f24ec666e145cab,1,1.28,13.97,14.08,12.67,13.05,0,0
fc0a5277292352d9,1,4.89,28.09,28.63,23.05,23.5,0,0
517530489c455086,1,5.52,23.11,23.16,19.2,19.23,0,0
4900cab7493059e2,1,5.47,21.0,21.02,18.63,18.64,0,0
ccc2b2377fea5191,1,3.88,17.74,17.74,8.73,8.73,0,0
6a3518e83ad751f6,1,3.79,14.4,14.4,7.47,7.47,0,0
68188bae28595f7c,1,3.62,11.41,11.41,5.95,5.95,0,0
ee545028f8a85e6f,1,3.22,7.18,7.19,4.62,4.62,0,0
84aa4100e3cc59c4,1,2.7,5.88,5.88,3.28,3.28,0,0
f7b170baa6bd5b95,1,2.08,4.78,4.78,1.27,1.27,0,0
cf7045e0db215eea,1,1.46,3.96,3.97,0.76,0.76,0,0
e6db7be94a175aec,1,9.9,62.72,62.77,41.35,41.38,0,1
ba86b1fc40075e26,1,5.27,40.45,40.52,26.55,26.65,0,1
ea32cdfc9478501d,1,7.12,51.18,51.34,26.42,26.42,0,1
99e4c28a82735b10,1,0.2,13.91,16.75,6.88,6.89,0,0
6201f6d1b5f65431,1,0.48,13.79,16.99,9.0,9.18,0,0
fd9b66480e895706,1,0.92,13.22,18.14,9.52,9.94,0,0
60dfaa1afc395c5d,1,1.37,12.56,19.58,9.56,10.15,0,0
8aec77f33ddb5ac8,1,1.85,12.2,21.5,9.43,10.47,0,0
b958e6967993560f,1,2.23,12.63,23.34,9.97,11.71,0,0
d9422fc7065e5b62,1,6.84,44.25,47.89,19.64,19.65,0,1
196cb93444b35dd7,1,6.36,41.3,45.93,17.79,17.86,0,1
abbfc957d5545f53,1,6.01,39.09,44.12,19.21,19.59,0,1
d6b5646287065fa8,1,5.87,37.96,43.75,19.95,20.92,0,1
4a7fd1bd37ed5463,1,5.81,37.9,43.82,18.76,20.0,0,1
fc5d32be7f785570,1,5.75,38.96,43.89,18.58,19.87,0,1
cda41068b4b65ae0,1,5.63,40.37,43.61,19.08,20.08,0,1
e0cbc7ab694157a5,1,5.66,42.13,43.89,20.89,21.48,0,1
25d56d0a299a50fb,1,7.46,34.2,48.49,15.5,17.0,0,1
9ba21cb552c35238,1,7.41,34.24,48.63,20.1,22.62,0,1
3328705b7cf0517a,1,7.39,35.0,49.05,20.11,22.61,0,1
662cb541b8db54a1,1,7.42,36.58,49.75,20.22,22.75,0,1
c9ecfe02b17a5c40,1,7.49,38.8,50.68,21.21,23.26,0,1
72779ff1ead25f44,1,7.63,41.23,51.83,25.92,28.99,0,1
ff4125f507e35f9b,1,7.76,43.69,52.96,26.17,29.07,0,1
881f60d0faa35c17,1,7.88,46.12,53.94,25.95,28.09,0,1
87d3c1135ac85583,1,3.71,9.52,9.52,4.91,4.91,0,0
ff0ad146b37756e3,1,2.79,6.69,6.69,3.38,3.38,0,0
8b2a7b6817795ae7,1,2.31,5.47,5.47,2.17,2.17,0,0
c16d0c6076ab5a85,1,1.86,4.54,4.55,1.35,1.35,0,0
bff155acea525206,1,1.49,3.81,3.81,1.1,1.1,0,0
6f4f660648e15c84,1,1.29,3.11,3.12,1.04,1.04,0,0
a19a97133a285e39,1,1.09,2.59,2.61,0.8,0.8,0,0
e3d3be1bc77e517e,1,0.88,2.1,2.13,0.6,0.6,0,0
67dbad26dd165f16,1,4.65,38.56,38.78,19.08,19.29,0,1
76dceae4c9c353b5,1,4.67,38.76,38.89,18.77,18.97,0,1
40c06c252a275c50,1,4.69,38.95,38.99,18.29,18.43,0,1
08b8808b5cf351c3,1,4.73,39.1,39.11,19.31,19.37,0,1
02b68b9cc51f506a,1,4.94,38.9,38.9,18.8,18.93,0,1
9e2a2f6ba6705d0a,1,5.03,38.79,38.8,19.33,19.6,0,1
dec6932758755596,1,5.1,38.39,38.68,19.12,19.35,0,1
80ae852346955098,1,5.16,34.98,35.53,19.64,19.75,0,1
87b32a1aeeb85613,1,9.52,61.32,61.46,38.7,38.74,0,1
c932b69d2fed5f3c,1,9.78,62.28,62.42,39.01,39.08,0,1
bc2314763cfc545d,1,10.03,76.16,76.23,40.76,40.82,1,1
f79931e74df250f7,1,10.23,71.97,72.0,40.89,40.93,1,1
efeac78f0da05463,1,10.58,65.01,65.17,41.9,41.92,1,1
13f7b495f8065eec,1,10.53,64.73,64.96,39.99,40.01,1,1
43fd9868f2ed549f,1,10.44,64.34,64.67,38.6,38.63,1,1
c7a1cded8d4652e2,1,10.33,63.91,64.32,38.48,38.53,0,1
95a4b51d1d865ba0,1,3.32,6.98,18.18,10.24,11.27,0,0
008844070af456e3,1,0.49,6.41,14.14,6.81,7.49,0,0
05d6d7d83b97547c,1,0.68,6.42,14.79,7.2,7.99,0,0
33a43f22312c570d,1,1.04,6.61,15.88,7.56,8.52,0,0
ccd53fdd1b6e51b8,1,1.4,7.15,16.95,7.45,8.35,0,0
ec5e157a5222534d,1,1.73,8.22,17.84,4.06,4.24,0,0
9dd982b0637453c2,1,2.02,9.67,18.52,7.39,8.13,0,0
8f82805b2edb5a25,1,2.26,11.29,18.92,5.86,6.02,0,0
b9400f20792f5936,1,5.38,13.87,13.87,10.15,10.15,0,0
49e3bfda06d45f7e,1,4.75,10.79,10.79,8.46,8.46,0,0
41785a426b555ab9,1,4.19,8.72,8.72,6.16,6.16,0,0
fc09376fd45c509a,1,3.6,6.93,7.01,4.66,4.66,0,0
c8b9b19008605f76,1,3.04,5.39,5.49,3.38,3.38,0,0
22a3a112a0485c4c,1,2.47,4.19,4.19,2.09,2.09,0,0
9337165de94b5a40,1,1.9,3.18,3.18,1.16,1.16,0,0
5a7f3e30fe075a16,1,1.35,2.46,2.46,0.69,0.69,0,0
2f233e4005e05c1e,1,10.2,63.44,63.91,38.27,38.35,0,1
2a2308354f4c5aa2,1,10.03,62.8,63.34,38.08,38.2,0,1
d2a2e2498d505b76,1,9.83,62.07,62.65,37.9,38.07,0,1
3978c2d5fb6e5f5a,1,9.66,61.4,62.0,35.18,35.32,0,1
47bfcc64021a518d,1,9.5,60.81,61.41,36.12,36.28,0,1
c2ed826b31065c66,1,9.37,60.31,60.88,33.86,34.01,0,1
82f70d5f3a11576d,1,9.21,59.61,60.19,33.7,33.85,0,1
5d68b0c80cab59c4,1,9.06,58.91,59.52,33.36,33.53,0,1
dd951db716735c82,1,1.32,22.07,22.24,13.31,13.32,0,0
ac2da3da332b5a04,1,1.75,21.77,22.18,13.34,13.37,0,0
69dec5959d7d53a9,1,0.09,11.63,17.11,8.19,8.46,0,0
099ded1754bb5d98,1,0.14,11.63,17.23,19.84,19.84,0,0
801f4878074a5a59,1,0.34,11.63,17.52,8.66,8.9,0,0
c43a415dd7d2585d,1,0.84,11.92,19.3,10.5,11.0,0,0
777328bf3a3d5e15,1,1.51,13.25,21.56,12.35,13.95,0,0
c78f87b2bd4151d4,1,9.3,60.51,60.62,39.08,39.11,0,1
e095e7e21ab65691,1,7.85,39.33,49.64,27.92,29.24,0,1
aacc2ed7ba2859c5,1,7.79,36.94,49.23,26.36,28.03,0,1
de2c2bde3a615d75,1,7.74,35.39,49.19,14.06,15.21,0,1
ef41e9c7f99d5d85,1,7.7,34.87,49.49,14.05,15.29,0,1
67339e7fe4135722,1,7.68,35.36,50.0,20.46,23.06,0,1
b4f362c0d9015d07,1,7.67,36.68,50.65,20.4,22.88,0,1
7db790f4d8965df8,1,7.68,38.54,51.4,20.65,23.12,0,1
14f07c5159ac566b,1,7.7,40.77,52.13,21.39,23.54,0,1
ea34282dc63d5a9a,1,2.46,13.54,18.79,9.04,10.24,0,0
27ff47ea8aea59cf,1,2.63,15.42,18.57,2.5,2.52,0,0
483bb60b0a0451e6,1,2.76,16.36,18.28,5.6,5.71,0,0
9d4e4e721d77503e,1,2.88,17.4,18.42,5.32,5.42,0,0
eaf08861a02351a5,1,3.02,16.73,17.13,13.74,14.02,0,0
d1e6f085af9b5199,1,3.16,15.77,15.9,14.07,14.25,0,0
de664d2cb249576d,1,3.28,14.63,14.67,14.21,14.33,0,0
0c437f9a102c57f4,1,9.16,37.89,37.89,30.27,30.27,0,1
c195a8cb7ccb59fd,1,1.95,7.73,24.84,6.96,8.2,0,0
2391f12d7e6a5e7f,1,2.3,8.66,27.03,6.58,7.67,0,0
24108688ab4856ab,1,2.95,30.5,30.89,15.0,15.2,0,0
8fe203611a555812,1,2.91,32.66,32.78,11.28,11.33,0,1
ea23b2bb8e5756b8,1,4.06,35.55,36.15,17.58,17.62,0,1
3260b9e0a6ac5b8b,1,4.23,36.36,36.99,17.51,17.6,0,1
e1ca840974745c96,1,4.43,37.42,37.84,19.46,19.61,0,1
da5ac44917dd5ca4,1,4.58,38.18,38.52,19.21,19.39,0,1
1eb0e6e749975996,1,5.95,37.69,41.61,17.12,17.37,0,1
ad568870afa55435,1,6.33,42.48,43.57,30.79,31.6,0,1
3c4e1784d9295821,1,7.4,35.7,35.7,21.46,21.46,0,1
7b4ba1d02376503b,1,7.24,32.71,32.71,21.4,21.4,0,1
7b6749c7b2795906,1,7.1,30.08,30.08,19.42,19.42,0,0
a06eec37a0f058b2,1,6.93,26.44,26.44,18.68,18.68,0,0
4d5c4013a6db5819,1,6.57,22.63,22.63,15.33,15.33,0,0
94625815a7b351b5,1,6.01,18.38,18.38,13.4,13.4,0,0
e443a0e9bbc75c69,1,8.14,54.7,55.48,29.47,29.76,0,1
d1ba8c31750e5cbd,1,8.03,54.29,54.54,29.61,29.89,0,1
5b1954a42c2455e7,1,7.95,52.06,52.19,29.73,30.0,0,1
ff44394af7265df3,1,7.89,57.83,57.93,29.44,29.69,0,1
bb4f37403cea5b0e,1,7.82,53.66,54.0,21.77,21.9,0,1
744f8d8edaf859fe,1,7.78,51.06,51.81,21.71,21.82,0,1
00137a5ce92d591c,1,7.62,49.51,50.99,16.03,16.08,0,1
dcb6ca8a732551eb,1,7.28,47.07,49.74,17.81,17.83,0,1
98107116251650a6,1,1.09,21.58,21.58,13.62,13.63,0,0
2458f368da645ef5,1,1.58,24.04,24.05,13.35,13.36,0,0
4145cfd5d9b659fa,1,2.03,26.27,26.28,17.06,17.07,0,0
2c58e549903354fc,1,2.44,28.32,28.32,13.21,13.22,0,0
3b4031def0f45d96,1,0.35,9.11,16.96,7.86,8.6,0,0
978a5c11fbff5589,1,0.6,8.8,17.78,8.07,9.04,0,0
4efe0ad78b655ecd,1,1.06,8.24,20.02,7.59,8.54,0,0
2a7b12a784c351c3,1,1.54,7.75,22.51,7.26,8.38,0,0
2072f71b7e8f5ece,1,2.29,27.23,27.23,11.46,11.46,0,0
1f54430427975391,1,4.04,18.21,25.24,15.2,15.35,0,0
0f7854f951905e69,1,3.93,15.34,23.77,13.54,13.67,0,0
91b143f42de55e14,1,3.84,12.41,22.35,13.18,13.49,0,0
8ff8a3cf55355131,1,3.75,9.71,21.05,11.95,12.39,0,0
77fa15ffcefb580e,1,3.66,7.41,19.96,11.58,12.35,0,0
f33405d075755825,1,3.57,8.18,20.53,11.09,11.98,0,0
b12faa3892185d8f,1,3.46,7.09,19.78,10.26,11.23,0,0
3d1bf2cf5ad151c7,1,8.91,58.19,58.86,33.19,33.41,0,1
6c6a6b002f715d03,1,8.77,57.48,58.21,33.11,33.39,0,1
9bfae11fe1af5b67,1,8.62,56.75,57.56,33.2,33.5,0,1
1de80c2e4aca5f33,1,8.51,56.13,57.06,33.29,33.62,0,1
8d1b3ba5749b5a76,1,8.42,55.56,56.69,31.43,31.89,0,1
76476276b198570d,1,8.36,55.22,56.52,31.16,31.77,0,1
ec78d882433a50ca,1,8.3,55.06,56.39,30.76,30.97,0,1
c9628d0526bb58c5,1,8.22,54.88,56.03,29.56,29.81,0,1
9eb02188c5505fe1,1,4.68,36.5,38.48,17.5,18.17,0,1
2972c31a52275dc1,1,4.69,37.83,38.79,18.93,19.31,0,1
069c6a5e408653ab,1,4.7,38.74,39.07,19.28,19.44,0,1
38c390af2fac51e0,1,4.71,39.11,39.16,17.59,17.63,0,1
6a064f6f4529550a,1,1.95,25.61,25.61,10.51,10.52,0,0
906ad81ffb6953a5,1,1.99,25.8,25.8,13.15,13.15,0,0
ba3cdbcd0c3f5e49,1,2.09,26.31,26.31,13.12,13.12,0,0
b6589175626f5510,1,2.15,26.59,26.59,10.7,10.7,0,0
f2d7208949535747,1,3.66,14.84,22.63,9.19,10.7,0,0
da56fca2caff52e4,1,3.43,16.08,22.75,8.92,10.52,0,0
58d69daf413c5d5a,1,3.26,17.53,24.3,6.66,7.51,0,0
28ef9307f6035143,1,3.11,19.88,25.22,7.18,7.93,0,0
9a00d37375a95d7e,1,2.81,29.14,29.19,13.39,13.41,0,0
971d199e8b9b5e71,1,0.18,18.05,18.05,11.37,11.37,0,0
b318cf82212f5443,1,0.26,18.21,18.21,11.33,11.33,0,0
451b114eef365ee0,1,0.6,19.15,19.16,13.72,13.72,0,0
1f13bc7f674b5ebe,1,0.87,1.96,1.96,0.55,0.55,0,0
6a87e3be62aa5b5b,1,0.6,1.61,1.61,0.36,0.36,0,0
18c781197c445d64,1,0.58,8.87,8.87,14.63,14.63,0,0
3e7bec3b1c4359b6,1,5.6,21.7,21.71,3.36,3.36,0,0
c6ad08c8eca55275,1,5.49,19.5,19.51,3.38,3.38,0,0
38f555fbc07f5185,1,5.31,17.22,17.23,10.86,10.86,0,0
df7e2f19b3cc5ba6,1,5.02,14.96,14.97,11.21,11.21,0,0
7d74c894066f5b2c,1,4.66,12.8,12.81,11.0,11.0,0,0
77cf9dfc36c35df7,1,5.67,42.81,42.91,14.17,14.19,0,1
389bfba2e25f581b,1,2.89,30.63,30.63,14.34,14.38,0,0
6a947d290fe257ce,1,4.88,38.94,39.68,23.67,24.01,0,1
baff37ac37675490,1,5.37,41.2,41.72,25.4,25.72,0,1
afbbcee34f1850fd,1,2.34,27.8,27.81,7.55,7.56,0,0
18f8562c9bb55561,1,1.91,25.65,25.66,13.31,13.31,0,0
952dbeff58945400,1,1.84,25.31,25.32,16.35,16.35,0,0
02379e524f105926,1,2.31,27.66,27.67,19.85,19.86,0,0
310d65ad9aee5366,1,5.97,16.8,16.8,8.45,8.45,0,0
6f0538a6ba9c5b7f,1,4.95,13.12,13.12,6.24,6.24,0,0
1e91e4b9af695706,1,4.01,9.49,9.49,3.9,3.9,0,0
43fe2321124251d3,1,3.08,5.64,5.64,2.71,2.71,0,0
6bcfc8d05b4c5d96,1,2.27,3.21,3.21,1.48,1.48,0,0
fd676fd01e475e33,1,1.58,2.28,2.28,0.8,0.81,0,0
6ea198f259b85e49,1,0.99,1.76,1.77,0.29,0.29,0,0
beecbff2fd37592e,1,0.65,7.23,7.23,7.22,7.22,0,0
7f9f4661a4875959,1,2.61,13.46,25.08,11.81,14.16,0,0
34ac200e359653b5,1,3.02,13.79,22.3,11.76,14.91,0,0
7fc551e4e0375d00,1,3.44,15.1,29.45,11.39,14.77,0,0
7335659408525112,1,3.8,18.34,32.08,8.55,10.13,0,0
c65ad538a2275dd8,1,4.08,23.24,34.25,4.86,5.01,0,0
3068d16e627b5e69,1,4.37,28.71,36.33,4.66,4.74,0,0
635faea61539589a,1,4.69,33.99,38.31,21.31,23.38,0,1
3c31377fc8f65160,1,5.12,38.72,40.29,26.83,27.95,0,1
3495be9149e0537d,1,2.3,8.84,8.85,3.1,3.11,0,0
ba69db6d6eb15ceb,1,1.91,7.94,7.95,2.17,2.17,0,0
4d4e4d899fd95487,1,0.77,8.09,8.11,5.16,5.17,0,0
b7c371d55ca65cf8,1,1.21,6.1,6.14,1.52,1.53,0,0
ae46065dc9ce55b1,1,1.15,5.19,5.19,1.62,1.62,0,0
6ac3f5626d2b555b,1,1.1,4.35,4.36,1.51,1.51,0,0
d9880e5e2cff5787,1,1.03,2.86,2.87,0.87,0.87,0,0
fab7cc2db66f5e63,1,0.88,2.44,2.46,0.67,0.68,0,0
29c5f96fb4e95d3a,1,3.65,15.29,19.63,11.62,12.84,0,0
a31e932f22d35521,1,3.74,15.22,19.67,12.75,14.43,0,0
e03d76c4983954eb,1,3.85,15.15,19.73,12.8,14.55,0,0
0b177a1d821055ea,1,3.92,15.13,19.77,12.74,14.5,0,0
19f3e77fcd3353c5,1,3.91,15.33,19.87,9.78,10.52,0,0
0c267e7911165e9f,1,3.88,16.23,21.06,9.83,10.58,0,0
85b2b3fc929a5800,1,3.86,16.36,20.26,9.87,10.61,0,0
cb9992677d95539f,1,3.83,17.08,20.53,13.23,14.77,0,0
53f8bc4012fe5f29,1,2.45,15.98,24.83,7.19,7.19,0,0
52f7393aa83854f6,1,1.78,15.14,22.46,11.03,11.41,0,0
36a10b24956c5db7,1,1.58,14.44,21.78,9.55,9.85,0,0
435298980d7e5fb1,1,1.78,13.76,22.65,12.04,13.21,0,0
2e6e8eebd05f5da2,1,2.33,13.17,25.17,12.54,15.12,0,0
f38d4f3f7e425c91,1,2.92,13.22,28.22,12.59,16.3,0,0
e5ec53f2b9875433,1,3.51,14.61,26.02,12.73,15.72,0,0
d94aa4b0e05e5be9,1,4.0,13.72,21.24,13.64,16.84,0,0
51552f78760d5a11,1,5.52,13.19,28.01,14.29,18.03,0,0
43c3a96bede25b1c,1,5.25,16.01,36.6,13.88,19.28,0,0
4379fb75ac085d26,1,5.04,18.73,38.17,15.41,20.41,0,0
6dd8c9210247547d,1,5.05,23.68,39.17,17.22,22.79,0,0
bdda68728bf157dd,1,5.28,29.88,40.17,19.63,22.91,0,0
175fc3cad7805262,1,5.57,36.08,41.73,21.28,23.41,0,1
dcc3b1a2a6da565a,1,5.87,41.01,43.51,25.8,26.94,0,1
2189449ddbf65bff,1,6.15,43.88,44.69,27.57,27.87,0,1
efb7ddb02e9f59f1,1,8.9,44.19,44.21,28.37,28.37,0,1
10f15e844ab15831,1,8.67,42.49,42.49,26.0,26.0,0,1
758cc7a721c2546d,1,8.49,40.6,40.6,26.19,26.19,0,1
d4b29b90b8af5f81,1,8.32,38.1,38.1,23.37,23.37,0,1
bc12361c48f15f75,1,8.2,34.66,34.66,22.39,22.39,0,1
bb5b44d240945ed0,1,8.09,30.48,30.48,18.75,18.75,0,0
529d2e20dc615c3b,1,7.68,25.88,25.88,15.04,15.04,0,0
4fbe9cf1d64d58ef,1,6.93,21.17,21.17,10.1,10.1,0,0
01226863089b5e1d,1,3.83,6.37,6.44,4.59,4.59,0,0
bdb0f78978cd5307,1,3.15,4.79,4.88,3.07,3.07,0,0
31ffaa640cf85134,1,2.39,3.6,3.6,1.65,1.65,0,0
601eee0a0e2d52a3,1,1.66,2.74,2.74,0.87,0.87,0,0
a09e4156f577568a,1,0.62,6.78,6.84,3.36,3.36,0,0
d1ef1e42fa15573d,1,2.75,15.7,24.04,4.93,4.94,0,0
5655270788dc5fa3,1,2.44,14.62,23.01,10.2,10.94,0,0
b96ea08d168f5a3d,1,2.33,13.76,22.79,10.19,11.19,0,0
eeab709ca6e05d14,1,8.95,27.49,27.49,22.18,22.18,0,0
eb92f4cdb4fa54dd,1,8.52,23.83,23.83,22.1,22.1,0,0
f16fe36eef2b5157,1,8.01,20.09,20.11,18.61,18.61,0,0
ec921ad4a3d05806,1,6.78,13.43,13.48,14.95,14.95,0,0
a15ed2f3e39c5c0d,1,6.09,10.53,10.59,12.96,12.96,0,0
0da520f851415d75,1,5.4,7.9,7.99,9.84,9.84,0,0
c26281cfd29f5c15,1,4.74,5.53,5.66,7.15,7.15,0,0
d01b6e67a995589c,1,5.67,31.13,40.05,22.76,26.19,0,0
29d3a233b1915c1a,1,4.22,12.54,12.55,7.78,7.78,0,0
f12f96257dce5e91,1,3.72,11.94,11.95,6.47,6.47,0,0
d112a49d72925b06,1,3.33,12.11,12.12,6.56,6.57,0,0
c95d7e81eec75f65,1,3.14,11.85,11.86,6.53,6.53,0,0
f55c530f3875533f,1,3.01,11.66,11.67,5.2,5.2,0,0
ea57966419605846,1,2.91,11.91,11.92,5.36,5.36,0,0
2e037aeeebce56df,1,2.76,10.79,10.81,4.19,4.19,0,0
1dc437ce152e55fa,1,2.58,10.06,10.07,4.25,4.25,0,0
d68c7a7e02265029,1,4.68,21.49,27.11,18.6,20.8,0,0
5d7c7edca69d5e73,1,5.29,21.82,27.77,12.65,13.39,0,0
1981a85eb4ba5001,1,5.83,22.47,28.44,4.48,4.51,0,0
73939fc4dcdf57c4,1,6.32,19.87,23.14,4.8,4.85,0,0
7084e524e59c50ab,1,9.98,63.88,63.9,41.49,41.49,0,1
b04bbf1d4ecf5f56,1,10.44,65.6,65.62,45.02,45.03,1,1
f3512ae175b45844,1,0.04,0.84,0.84,7.98,7.98,0,0
e5e00457df055e1a,1,0.21,0.81,0.81,12.66,12.66,0,0
3d4f0c1ecad55944,1,6.29,31.22,31.22,4.09,4.1,0,0
dcdacf7509ed5062,1,6.19,29.27,29.28,16.27,16.27,0,0
a1493423e0d1521c,1,6.13,26.91,26.91,16.14,16.14,0,0
1288b2d19d695376,1,6.0,24.32,24.32,15.68,15.68,0,0
6104f0887cc25767,1,5.73,21.69,21.69,12.42,12.42,0,0
32f53a8cb63f55db,1,5.39,18.62,18.62,10.46,10.46,0,0
254290b4b4a35869,1,4.95,14.43,14.43,8.63,8.63,0,0
ac2bc045e07151a3,1,4.42,10.97,10.97,7.23,7.23,0,0
6a66294fe97f54db,1,3.8,17.96,20.83,14.04,14.92,0,0
825269c866465320,1,3.77,18.92,21.1,14.27,15.1,0,0
3ce72ef7e80855e2,1,3.74,19.91,20.97,4.1,4.15,0,0
a3d1310fbc3f50a5,1,3.69,20.75,21.13,6.52,6.64,0,0
42c7526fc6845005,1,3.7,20.55,21.38,12.24,12.34,0,0
8704f4971e305ed3,1,4.56,21.95,21.96,18.68,18.88,0,0
e4b6a49b32545d95,1,4.73,23.69,23.75,17.3,17.32,0,0
55368b53e7ba5dda,1,4.75,22.18,22.24,16.61,16.64,0,0
5cffd130ff2c510a,1,3.6,14.95,19.59,11.63,12.91,0,0
e2116f0f33b25eb5,1,3.63,14.99,19.64,13.02,14.89,0,0
9da553c408fb54ea,1,3.65,15.03,19.65,12.99,14.92,0,0
25aab48e050659be,1,3.66,15.18,19.7,13.1,15.06,0,0
34cc387cf0335f28,1,3.67,15.34,19.74,13.23,15.18,0,0
fe4e5fdf88195cfa,1,3.68,15.44,19.74,13.23,15.08,0,0
28345af8c4505291,1,3.7,15.45,19.74,12.06,13.37,0,0
97529137af275136,1,3.69,15.4,19.69,11.82,13.09,0,0
02f1ad081f41550e,1,1.03,9.88,14.53,10.32,12.62,0,0
ca000fa91efb560c,1,1.71,9.5,15.26,10.85,14.63,0,0
a00a4902bd105b99,1,6.19,37.3,37.6,16.14,16.22,0,1
8d64d2c9f19c57c5,1,6.56,37.91,37.97,16.48,16.51,0,1
952c1875f64057b9,1,6.69,38.0,38.02,16.24,16.25,0,1
407c0f671669566d,1,6.63,37.03,37.04,12.39,12.39,0,1
10779d3fd7815d2f,1,6.52,35.19,35.19,16.12,16.12,0,1
763bab6e8b6b5826,1,6.41,33.41,33.42,4.09,4.09,0,1
b87b792b9a025344,1,2.44,9.03,9.11,5.52,5.52,0,0
cf12097663665430,1,2.27,8.96,9.07,5.35,5.36,0,0
dfb437fd895b5e96,1,1.47,2.26,2.27,1.28,1.29,0,0
ab807bda4fdd5274,1,2.16,1.79,2.27,9.63,9.78,0,0
795696bd00095944,1,2.4,1.76,2.58,11.35,11.42,0,0
b648072650cc5932,1,3.52,11.46,11.77,14.25,14.69,0,0
562019740aeb5d7e,1,3.59,11.18,11.66,12.68,13.14,0,0
83dd1484eb265a3c,1,3.61,10.89,11.54,12.33,12.98,0,0
dc97241b7037592b,1,4.9,16.35,16.36,11.15,11.15,0,0
5868a706ae7b5003,1,4.63,15.51,15.53,11.19,11.19,0,0
14618f22bb605676,1,4.32,14.56,14.58,10.89,10.89,0,0
08c2b3b529de59d4,1,3.97,14.48,14.5,7.59,7.59,0,0
13fe271547945a97,1,3.59,14.83,14.88,7.28,7.28,0,0
abb5501b10e65b19,1,3.19,14.12,14.18,6.26,6.26,0,0
df020b6bdc1b59c0,1,2.99,11.8,11.86,5.07,5.07,0,0
2f8e10ba1a8f5672,1,0.06,10.23,10.41,4.44,4.44,0,0
faba362f85a95b6c,1,4.82,21.0,29.68,16.94,20.5,0,0
5ec473ffad5c55ba,1,4.99,24.13,30.56,18.58,21.63,0,0
0d150320916f5b2d,1,5.2,27.16,31.33,19.87,21.59,0,0
15bd04021cc75727,1,5.42,29.7,31.94,23.79,25.29,0,0
1f12591bdae05306,1,5.62,31.49,32.37,24.84,25.34,0,0
f42258b638fc5b64,1,2.95,11.29,11.34,8.51,8.51,0,0
989a085ea31e50ba,1,2.78,11.23,11.3,8.31,8.32,0,0
ce01babf6dfb598e,1,2.61,11.19,11.2,7.05,7.05,0,0
27b5c3ce868856a2,1,9.16,49.15,50.37,31.89,32.05,0,1
706a6c85e65858c8,1,9.1,48.56,50.0,31.95,32.24,0,1
a2ef4eeb9dd45505,1,9.12,47.04,48.57,35.28,35.78,0,1
ccffd575a3fb5958,1,9.24,46.5,47.85,34.99,35.51,0,1
e6a5ca65ce135d1c,1,9.42,45.86,46.7,30.88,31.2,0,1
7e97cc0349b4590b,1,9.45,45.94,46.34,30.78,31.02,0,1
9b4e0723f48755fb,1,9.3,45.64,45.91,27.32,27.37,0,1
e9f68a55225a536c,1,9.11,45.18,45.28,28.01,28.03,0,1
7f9c22da74d35642,1,8.83,34.77,34.77,25.71,25.71,0,1
b641f849bdd55fd7,1,8.34,31.53,31.53,23.37,23.37,0,0
d4bbe6333e6356b5,1,7.81,28.33,28.33,21.16,21.16,0,0
0033fc4b187a5f1f,1,7.25,25.23,25.23,19.03,19.03,0,0
d957b8de88d154cb,1,6.67,22.27,22.27,17.45,17.45,0,0
b50cf2a689a55433,1,6.11,19.47,19.47,15.85,15.85,0,0
e1e4395724c05092,1,5.55,16.9,16.9,12.47,12.47,0,0
fa70c2e191965353,1,4.99,14.51,14.51,10.56,10.56,0,0
7ef3374d49a45a86,1,6.12,46.28,46.52,23.62,23.64,0,1
b9db0f40e33853b3,1,6.24,46.89,47.12,23.7,23.72,0,1
804236dcfffa523e,1,6.37,47.54,47.74,23.58,23.59,0,1
ff9d7c14934b541e,1,6.48,48.1,48.27,23.58,23.59,0,1
e66b1160e38f5483,1,6.59,48.71,48.78,23.53,23.54,0,1
ad8e3279524854c3,1,6.71,42.98,43.03,28.8,28.81,0,1
f9505a84a7745537,1,6.83,49.86,49.9,28.94,28.95,0,1
6c996448c2e45ca1,1,6.95,50.45,50.47,28.99,29.0,0,1
fe0a33d7599a59b3,1,4.86,37.65,38.89,24.98,25.61,0,1
90b8f3760e535ef6,1,5.67,41.07,42.24,4.73,4.74,0,1
9fb619b502495ffc,1,6.45,44.5,45.48,28.52,28.99,0,1
78e6dbb9ee735559,1,7.18,47.47,47.98,21.73,21.89,0,1
a3c4e4bf10d65ddb,1,0.01,7.26,7.77,3.89,3.94,0,0
16a2c04634ab5112,1,0.03,8.47,9.33,6.99,7.37,0,0
75f91ced021c543e,1,0.02,10.63,11.18,8.76,9.12,0,0
ff1a4e51e3f558ce,1,0.4,10.15,12.84,8.85,9.92,0,0
9644977ff3b15622,1,1.0,0.53,0.53,25.44,25.49,0,0
ab8d6b4c8b20564b,1,3.36,28.72,30.59,21.31,22.76,0,0
157ad2289b20545e,1,7.25,27.61,35.35,26.48,31.69,0,0
a425dd8a1b5552db,1,9.84,52.13,54.03,10.25,10.35,0,1
7db6a3bd77405292,1,10.3,57.59,57.79,40.21,40.32,0,1
108b8b1ea5fd57ff,1,10.7,55.09,55.13,41.97,41.99,0,1
af8dc1b01446555a,1,4.27,7.55,7.6,6.17,6.17,0,0
35119c815b1b59ef,1,3.6,5.77,5.84,3.8,3.8,0,0
e23fdb8f34b35d20,1,7.05,50.93,50.94,28.97,28.97,0,1
6062e3ace278511a,1,7.14,51.35,51.36,26.55,26.55,0,1
74707039ce5550d1,1,7.26,51.89,51.89,28.34,28.35,0,1
c93008394b945625,1,8.88,58.62,58.89,33.42,33.42,0,1
a7aa2b49e81b5d4f,1,8.73,58.01,58.31,34.11,34.13,0,1
0d3dd11b84c8518e,1,8.54,57.18,57.5,33.84,33.87,0,1
f9d9a2a2e2d25a8c,1,8.33,56.42,56.64,33.46,33.49,0,1
943c308c85d25ee5,1,8.1,47.12,47.22,30.97,31.02,0,1
b0ec3fbe5d07514d,1,2.21,12.29,24.45,9.07,12.09,0,0
6cd23fffac65568b,1,2.41,14.79,26.03,10.46,12.48,0,0
4646c3058d13526c,1,2.61,18.03,27.53,10.5,12.34,0,0
5d68790fd55c5e41,1,2.82,21.8,29.09,12.86,14.76,0,0
b5991c2d51f65715,1,3.03,25.72,30.59,13.6,15.26,0,0
29fea23055595de3,1,5.32,42.53,42.65,23.32,23.36,0,1
4b000a2bc6fe5305,1,5.6,43.88,44.0,23.12,23.18,0,1
e7dc959cb4745b66,1,5.81,44.9,44.96,22.99,23.06,0,1
c52f491ebd5b521a,1,4.57,18.15,18.28,11.2,11.21,0,0
af07e6e213f2582e,1,4.13,13.95,14.16,12.03,12.08,0,0
315ac5cd44ad5d1e,1,3.79,15.51,15.71,10.27,10.32,0,0
6cd0498ce2d857f3,1,3.45,12.42,12.74,10.13,10.21,0,0
6387e5c4dd2f5e2a,1,3.14,12.8,13.22,8.42,8.48,0,0
9b4a82c95856552f,1,2.86,14.01,14.16,8.83,8.93,0,0
64d046ec9cee51d4,1,2.61,14.98,15.27,7.41,7.49,0,0
de56fef875ac5a5e,1,2.34,15.22,15.92,7.61,7.72,0,0
4e3f39fa6dfc5d12,1,0.68,18.35,18.4,8.12,8.12,0,0
5c934edce20758e5,1,0.48,18.11,18.17,10.16,10.16,0,0
06db90857b4e575d,1,0.49,18.37,18.42,10.09,10.1,0,0
96f19d920d5558e9,1,0.67,19.38,19.4,12.2,12.21,0,0
1c62222c7c0b522f,1,1.14,21.55,21.59,13.98,14.0,0,0
687dc7e79cf65570,1,1.74,23.96,24.26,17.34,17.4,0,0
3043c8dc13aa548b,1,2.42,27.28,27.91,19.47,19.61,0,0
c3a9557ccfb5517c,1,4.02,34.19,35.16,22.63,23.07,0,1
69f1c6885a4859c9,1,7.9,45.38,45.58,27.96,28.01,0,1
6e59104beb995339,1,7.71,43.73,43.93,28.08,28.14,0,1
a79297e78d8857b4,1,7.54,42.4,42.57,27.82,27.88,0,1
3ef16d00a16b5c94,1,7.35,41.04,41.19,25.06,25.1,0,1
749a8604cf285389,1,7.14,39.35,39.48,25.31,25.35,0,1
aca9ba55e052575b,1,6.92,37.47,37.58,25.13,25.16,0,1
14b25ce243865457,1,6.7,35.68,35.76,23.95,23.97,0,1
fbf9670a3e82519c,1,5.02,15.16,15.23,14.59,14.6,0,0
865dfd5f72fa599b,1,9.56,60.55,61.3,35.85,35.97,0,1
a1065191d3525bb1,1,9.61,60.76,61.5,36.36,36.5,0,1
c63b3d251ef85a13,1,9.66,60.95,61.7,36.38,36.52,0,1
01fa845276f857c5,1,9.72,61.16,61.91,36.67,36.81,0,1
fbb8f13bd26a5eee,1,9.76,61.37,62.08,36.77,36.9,0,1
9a2894f199095f96,1,10.16,62.76,63.41,37.85,37.95,0,1
926ea834d8f256d5,1,10.15,62.65,63.36,37.94,38.05,0,1
4999981a1cac596e,1,10.15,62.55,63.33,38.01,38.14,0,1
93a208914ea85781,1,3.49,21.59,27.36,10.48,10.84,0,0
c5b4ff1be8bb5113,1,3.61,22.29,27.67,13.57,14.42,0,0
236914bd075052ca,1,3.89,23.37,28.33,13.56,14.44,0,0
3b5ea54bfd575d68,1,4.17,24.48,28.77,16.34,17.76,0,0
2a06b778a64b545e,1,4.44,25.52,28.95,17.81,19.19,0,0
ed896606c8d658fc,1,4.65,26.21,28.73,18.47,19.61,0,0
839206ee819e582f,1,4.81,26.69,27.99,21.01,21.88,0,0
d025c5fb0df05ef7,1,4.94,26.44,27.14,21.06,21.62,0,0
b98d8c3330625df2,1,0.02,7.61,7.66,3.63,3.63,0,0
46a90143da335a9a,1,0.19,7.92,7.96,3.29,3.29,0,0
bf1fbbbc7f5d5c5d,1,0.61,7.88,7.92,4.42,4.42,0,0
5102468ad3745c60,1,0.89,9.56,9.6,4.7,4.7,0,0
3e1daba01cbe5973,1,0.93,9.97,10.02,4.72,4.72,0,0
8bdf510cc78751f1,1,0.27,10.16,10.16,2.23,2.23,0,0
5795e118157f528f,1,0.5,9.58,9.62,4.57,4.57,0,0
a4f91ed474295f00,1,0.88,9.24,9.32,4.15,4.15,0,0
d37afaf062ea5835,1,5.96,45.35,45.35,23.09,23.16,0,1
e45023fbb46857d6,1,6.08,45.3,45.38,22.94,22.98,0,1
b890de4c4ff65ddb,1,6.16,44.71,45.11,23.82,23.84,0,1
b39c69db9eb45416,1,6.28,41.18,45.13,18.48,18.48,0,1
ff60af032dbd5caa,1,6.2,37.21,42.07,12.95,12.99,0,1
779852a1160f56f9,1,6.07,28.25,28.79,16.9,16.9,0,0
e052a41759445a28,1,5.79,30.34,35.39,16.59,16.6,0,0
d1e4600c80ab519a,1,5.46,27.66,33.75,14.36,14.39,0,0
e97cd418ab4c5691,1,5.06,25.65,25.98,20.16,20.43,0,0
985e562ded345da4,1,5.19,24.44,24.59,20.31,20.45,0,0
d20dc707981f56e7,1,5.3,23.68,23.78,19.97,20.07,0,0
d5b18d6105c25004,1,5.43,21.14,21.2,20.32,20.32,0,0
f53ee13c32ac5bec,1,5.58,18.59,18.64,23.95,23.95,0,0
d978a6878e7b5e8b,1,5.73,16.1,16.17,23.77,23.77,0,0
12f5053055935463,1,5.87,13.52,13.61,23.68,23.69,0,0
ba72861df9725061,1,5.99,10.72,10.82,23.81,23.82,0,0
4750f239602d5627,1,10.13,62.48,63.26,38.13,38.26,0,1
6c8d2b130c4d5288,1,10.09,62.39,63.12,38.1,38.23,0,1
0c3f741051575a36,1,10.02,62.22,62.9,38.09,38.21,0,1
ae01be6a753e5f98,1,9.96,62.02,62.67,38.03,38.13,0,1
59baf497f88254c8,1,9.91,61.89,62.51,38.24,38.35,0,1
8794578fbb0e57f4,1,9.87,61.8,62.4,38.36,38.51,0,1
78754f4862d65445,1,9.86,61.85,62.41,38.4,38.55,0,1
5e4f0ddf24da5f97,1,9.85,61.89,62.42,36.39,36.53,0,1
09ce454826895686,1,9.84,61.86,62.37,36.28,36.4,0,1
ff4f691f82915561,1,9.84,61.92,62.4,38.12,38.24,0,1
e4b8bdb842ae567e,1,7.56,37.66,37.69,22.76,22.78,0,1
56a5e83ad14c558a,1,7.26,35.53,35.56,21.38,21.39,0,1
a35a1d0c099151cc,1,6.09,26.64,26.66,14.56,14.56,0,0
515fefed28a65a88,1,5.8,24.39,24.43,14.7,14.7,0,0
a5ddad9bbb505316,1,5.45,22.22,22.29,14.96,14.96,0,0
dd32aebcb8e6550e,1,5.04,19.65,19.86,13.39,13.39,0,0
1f2b81cc64b45658,1,4.77,20.42,20.47,16.3,16.33,0,0
6a0cdff04e6b596e,1,4.83,18.73,18.76,14.53,14.56,0,0
d22135cc2a13514f,1,4.85,16.08,16.1,14.3,14.33,0,0
7f93aad83fb15871,1,1.69,3.37,3.39,0.95,0.95,0,0
9aea5cdc656458a0,1,1.13,2.85,2.87,0.45,0.45,0,0
2d1f929350f65cdc,1,0.57,9.72,9.72,11.33,11.33,0,0
3d8c71ff899f50e6,1,1.01,12.96,12.97,14.04,14.04,0,0
cbf53151339658cb,1,9.19,49.51,50.48,32.57,32.65,0,1
a998a0d0131f5208,1,5.89,45.69,47.4,19.34,19.5,0,1
e25ab8d2df785bf3,1,5.68,42.65,44.18,21.03,21.21,0,1
b04064e074f55bb0,1,5.53,42.17,43.48,21.26,21.42,0,1
e6e4e254f1c55405,1,5.4,37.66,38.58,21.75,21.91,0,1
0451b850addd591c,1,5.29,41.37,42.12,19.94,20.08,0,1
fedeb108feed57c0,1,5.21,41.21,42.0,19.88,19.97,0,1
64a52073ea395752,1,5.24,41.53,42.2,24.22,24.36,0,1
0a672fa6dbb95d68,1,5.41,42.49,42.91,24.32,24.45,0,1
0cf908f72d885124,1,14.4,67.56,67.64,53.13,53.17,1,1
32454d817bcb5305,1,14.27,67.49,67.54,52.57,52.6,1,1
6f7355de329659f2,1,12.1,63.33,63.34,39.98,40.0,0,1
8a91af177fee5522,1,11.93,62.2,62.21,40.11,40.12,0,1
e5fba7e447ff5a61,1,11.77,64.37,64.41,39.88,39.9,1,1
218b80dbcd8551b8,1,11.61,64.08,64.11,34.83,34.84,1,1
8b8466eb334f5957,1,11.43,63.75,63.79,34.72,34.73,0,1
580004d79c9b53b8,1,11.25,63.39,63.43,34.48,34.49,0,1
0b7ee9446b7f541e,1,0.92,20.26,20.26,14.45,14.45,0,0
085f9a1ec71b50c2,1,1.65,22.32,22.32,17.94,17.94,0,0
2556a5c923c95128,1,5.68,38.27,38.35,23.53,23.58,0,1
53ed75baf8ef5022,1,5.72,38.29,38.47,4.05,4.05,0,1
10ae805f0be95c1f,1,5.88,23.82,23.82,17.8,17.8,0,0
f064ef8fafcf5528,1,5.75,21.29,21.3,14.77,14.77,0,0
3bf1265b7ab65fc2,1,5.5,19.17,19.18,14.7,14.7,0,0
a55fa060a119508b,1,5.18,17.73,17.74,13.27,13.27,0,0
7fc46d2957805648,1,0.92,12.04,12.77,10.44,10.94,0,0
64f47c2f2c7754cb,1,2.76,6.48,19.12,12.7,12.7,0,0
9147938e42675685,1,2.96,5.19,22.44,14.35,14.36,0,0
88c0bfe353235280,1,3.08,6.97,24.7,12.85,12.86,0,0
f9cfac7b9f30506d,1,3.18,10.05,27.04,4.78,5.22,0,0
b74b5977823b527a,1,5.41,38.95,39.28,9.48,9.58,0,1
883b090e1bca577a,1,6.16,41.95,42.01,29.44,29.5,0,1
e03da8beb33a5e06,1,6.89,44.45,44.48,30.33,30.35,0,1
9f521d00c3ef55b7,1,9.99,54.14,54.17,40.6,40.6,0,1
1fc3acd944ba540e,1,8.8,51.88,52.1,33.06,33.08,0,1
52a4ade5aede53d9,1,8.86,51.93,52.23,32.89,32.92,0,1
e62e904da0695956,1,8.9,52.04,52.32,33.16,33.21,0,1
fbd06f49da055ea8,1,8.96,52.23,52.47,37.37,37.44,0,1
1b88b298d405518e,1,10.05,54.16,54.22,5.64,5.64,0,1
8f5b6181d28e5d4a,1,9.88,53.9,54.1,13.58,13.71,0,1
c28c7b29e80059d2,1,9.78,53.73,53.88,5.82,5.82,0,1
7ba76233a35553c2,1,1.23,18.55,18.55,16.55,16.55,0,0
56af8eae4788597f,1,1.85,21.97,21.97,18.64,18.64,0,0
1a1fbb255ec55813,1,3.89,31.59,31.59,25.62,25.62,0,0
2e883a72b2895d7c,1,4.62,34.96,34.96,26.77,26.77,0,1
981ceb0924575bc3,1,9.34,50.56,50.57,37.09,37.09,0,1
73eda22129255831,1,9.67,50.65,50.65,34.29,34.29,0,1
aa22b810e3395182,1,9.75,50.48,50.48,31.56,31.56,0,1
ca4686a3d8a55f9f,1,9.67,52.09,52.09,31.58,31.58,0,1
d49b986924cd5bed,1,0.48,13.16,14.18,6.57,6.57,0,0
40843dcbac9d5c2e,1,0.29,11.86,14.48,6.45,6.6,0,0
8d8f238bb7315004,1,0.64,12.43,14.87,6.7,6.85,0,0
1586603a5a6353e6,1,0.97,10.44,17.85,6.58,6.79,0,0
11182f26946650bd,1,1.27,9.93,19.32,9.05,10.15,0,0
d767dfeed9965477,1,1.54,10.47,21.27,8.56,9.66,0,0
f9c41d66eb3c5d86,1,1.72,10.41,21.67,8.51,10.04,0,0
5b4f392698d35a5f,1,1.98,10.87,22.78,9.07,11.96,0,0
2836705e16ba5691,1,7.67,49.43,49.49,15.66,15.66,0,1
8fc0b7212263588f,1,8.11,50.59,50.62,15.68,15.68,0,1
1a8da8e47d235dbe,1,8.54,51.61,51.62,13.91,13.91,0,1
171e0bea742d52d0,1,8.95,52.47,52.48,9.69,9.69,0,1
ed2466a660ba5661,1,9.35,53.21,53.21,9.82,9.82,0,1
10d9d6d0ad405b9d,1,10.27,54.5,54.54,16.23,16.23,0,1
d12fdbd7f3265051,1,10.3,54.54,54.58,39.99,40.0,0,1
a0eb6fa78dc2558f,1,10.22,54.44,54.47,40.73,40.74,0,1
5259a5b9d00d54a7,1,4.98,10.06,10.06,7.63,7.63,0,0
eb5989e21dc35a47,1,4.19,7.96,7.96,5.66,5.66,0,0
8dee25a9bcb35544,1,3.25,6.26,6.26,3.23,3.23,0,0
3dcc0fdcb0395855,1,2.43,1.15,1.67,2.03,2.03,0,0
69bcdc8c577252f4,1,1.73,4.08,4.09,0.94,0.94,0,0
08e2e519ac1e5226,1,1.15,3.45,3.45,0.51,0.51,0,0
21b36975c4f75e9a,1,0.0,7.47,7.47,5.8,5.8,0,0
826112ca75e750af,1,0.02,10.48,10.48,8.12,8.12,0,0
402b6ac9448a58d7,1,0.0,9.71,9.75,7.83,7.83,0,0
792d9ff087745f33,1,0.01,11.23,11.23,9.76,9.76,0,0
d9d22fcc4d395fc9,1,0.02,12.81,12.81,10.0,10.0,0,0
67286bba873e56f1,1,0.24,14.52,14.52,11.94,11.94,0,0
1c7a7a95bc3354b8,1,0.79,16.92,16.92,13.82,13.82,0,0
1d811c0428d255cd,1,1.5,20.02,20.02,15.62,15.62,0,0
7900996a42f35f67,1,0.27,1.07,1.08,9.14,9.14,0,0
862ca192b71f5d93,1,1.11,0.75,0.75,10.63,10.64,0,0
6743ebcc6f5259b8,1,8.22,53.93,55.12,27.58,27.65,0,1
fb311858e737556d,1,7.99,52.62,54.11,7.67,7.76,0,1
680c8d90658556da,1,7.68,50.93,53.06,7.45,7.51,0,1
e46762b07ca45b74,1,7.35,49.11,51.63,20.72,20.81,0,1
e62a5092735359ee,1,7.0,47.2,50.11,20.61,20.78,0,1
fcdcb2e456bf5360,1,6.68,45.89,48.68,22.01,22.32,0,1
b86df9a9f50e525a,1,6.41,45.04,47.46,19.24,19.43,0,1
d9560f4ad686510f,1,6.14,44.13,46.23,19.53,19.7,0,1
b8434dfe0fbf56f0,1,2.1,17.02,18.9,6.2,6.29,0,0
53a7531622255064,1,1.96,13.11,13.91,10.49,10.78,0,0
388391c4b8d45c36,1,1.99,13.07,13.92,10.77,11.09,0,0
ca2552a32a0058bc,1,1.97,20.97,24.05,10.99,11.34,0,0
d945bc5c595d518d,1,1.93,21.02,24.07,11.23,11.62,0,0
f6483f2f9126533f,1,1.93,21.23,24.28,11.51,11.92,0,0
f65f43d44343500b,1,2.07,21.99,25.18,12.96,13.5,0,0
44a4f1048fcc57ea,1,2.34,23.24,26.63,13.0,13.54,0,0
b5e3abde704b54c8,1,5.05,25.15,32.29,13.08,13.16,0,0
6e344e75ca4e543e,1,4.64,22.88,30.34,14.29,14.6,0,0
32399e644e53534a,1,4.25,21.98,29.55,12.37,12.7,0,0
d5a79b89fb985129,1,3.95,20.68,28.63,11.9,12.44,0,0
b52b4358ca335eb9,1,3.81,20.25,28.2,11.8,12.46,0,0
3b34e3fd5b9e5767,1,3.69,20.55,27.88,11.33,11.95,0,0
acfe9f2fe77c5b79,1,3.62,22.51,29.91,11.96,12.54,0,0
7fcd06d455d55572,1,3.56,21.82,28.69,12.84,13.54,0,0
812a8e70ad07507d,1,0.03,13.24,13.24,10.17,10.17,0,0
8a2df3fb1632552a,1,0.39,15.78,15.78,12.62,12.62,0,0
8436ac812af859df,1,0.88,18.65,18.65,14.85,14.85,0,0
fc39a399fd24554b,1,1.51,21.94,21.94,18.15,18.15,0,0
ddc7d737df1957cb,1,2.14,25.1,25.1,20.33,20.33,0,0
0eae7eacff765533,1,12.4,65.4,65.4,46.5,46.51,1,1
214bd73e71715f2c,1,13.25,66.53,66.53,50.72,50.73,1,1
ee88e21932e6564f,1,13.39,66.68,66.69,54.13,54.14,1,1
964c8941cfe558bb,1,2.72,24.98,28.6,15.42,16.21,0,0
ca62812a55ce5f0b,1,7.35,48.56,48.68,26.47,26.5,0,1
2e5e4be9579d568d,1,7.52,43.4,43.54,26.32,26.34,0,1
3d744662757d5ca2,1,7.66,42.58,42.8,28.22,28.24,0,1
1b54d7f77eca559b,1,7.79,42.44,42.69,30.31,30.33,0,1
f674a05cc42b5d4a,1,7.91,42.95,43.22,30.01,30.04,0,1
1252d1484b33558c,1,8.0,46.67,46.99,29.9,29.93,0,1
63bd566666b75e4a,1,8.07,49.66,50.01,27.91,27.93,0,1
7505cca154d95d60,1,7.52,20.21,20.21,17.05,17.05,0,0
1f53a73b41095041,1,6.87,17.09,17.09,15.19,15.19,0,0
6891e8163e4d5e58,1,6.13,14.07,14.07,12.1,12.1,0,0
342953cadb9f57b2,1,5.35,11.51,11.51,9.74,9.74,0,0
324b5f24fb0c5f3f,1,4.48,9.3,9.3,6.09,6.09,0,0
74abadad5fd65d44,1,3.48,7.46,7.52,3.85,3.85,0,0
8c7e28b482935cd8,1,1.67,5.25,5.25,1.16,1.16,0,0
9ad434ec99685d35,1,0.0,7.45,7.46,5.95,5.96,0,0
3a7b323176855920,1,5.59,43.56,43.87,24.33,24.44,0,1
938ceea80dd85b62,1,5.8,44.68,44.9,24.18,24.24,0,1
5862cc032cf45893,1,6.01,45.74,45.91,23.31,23.35,0,1
f424ee234e385b95,1,4.82,39.03,39.28,23.28,23.38,0,1
56587c89d25856b7,1,6.03,43.93,44.14,2.29,2.29,0,1
76cf7bb2e9625482,1,6.5,45.5,45.9,15.08,15.08,0,1
29af925fc44b5380,1,6.89,46.85,47.24,9.17,9.17,0,1
efc87f8726645319,1,7.27,48.23,48.35,15.74,15.75,0,1
3dc04b54c3515f56,1,9.5,36.32,36.32,27.69,27.69,0,1
9ac3f47635bd5fe1,1,8.79,32.81,32.81,24.95,24.95,0,1
de51843c0c1a51d4,1,8.09,29.92,29.92,21.31,21.31,0,0
89321ac9caaf505a,1,7.41,27.1,27.1,19.19,19.19,0,0
94a3b8d43f515d6e,1,2.55,15.73,25.04,14.51,17.1,0,0
dcf6caabbee354f7,1,3.38,15.99,29.07,15.08,18.79,0,0
3d04f4c65587562b,1,4.06,16.05,26.85,15.24,19.96,0,0
bb7aca330b2c5ac2,1,4.56,17.97,28.49,16.13,21.7,0,0
c6851e9ed6b95ab0,1,4.44,10.44,10.44,3.83,3.83,0,0
0ddc4576607e561e,1,3.98,8.82,8.85,3.89,3.89,0,0
c943799f7b8c5f7f,1,3.4,7.23,7.26,4.06,4.06,0,0
98fd4ae8de6450b2,1,2.71,5.58,5.59,2.9,2.9,0,0
e820310f7d0b5016,1,1.98,0.78,1.08,1.24,1.25,0,0
8f4e4b81b2b15283,1,1.39,0.42,0.89,1.15,1.15,0,0
d781ee7dce4a5351,1,0.05,17.49,17.5,7.04,7.05,0,0
7f0cd8a968f45cf9,1,0.41,18.1,18.1,11.94,11.94,0,0
556283de632c5226,1,7.33,44.03,44.05,12.23,12.23,0,1
4a66983ed3545869,1,7.64,44.07,44.1,23.41,23.42,0,1
33c84d1650d45e15,1,7.61,43.39,43.41,23.09,23.1,0,1
33197ac2a7445bd7,1,6.02,24.11,24.11,14.51,14.51,0,0
1b5606e475d554f7,1,5.76,21.73,21.73,12.81,12.81,0,0
b5be2c625dcf54e2,1,5.49,19.4,19.4,12.77,12.77,0,0
bbc1735031c25ff7,1,5.0,28.58,28.58,10.77,10.77,0,0
578fc7fcef215f0f,1,4.75,12.73,12.73,3.88,3.88,0,0
74277113f82c56f3,1,7.66,46.87,46.89,33.39,33.4,0,1
39147f08f4645365,1,8.38,48.34,48.35,36.07,36.08,0,1
c10c52fd674f5277,1,9.13,45.43,46.46,15.4,15.43,0,1
19227b35432f567e,1,9.01,41.65,43.54,14.27,14.39,0,1
e9cb16355c1f5d9b,1,8.86,37.43,40.6,8.24,8.26,0,1
f99a74d444e651d3,1,8.72,32.21,36.17,12.75,12.76,0,1
d68ae36caae15586,1,8.46,28.2,34.47,15.1,15.26,0,0
37b96c1d86665204,1,8.06,24.64,34.69,12.71,12.81,0,0
e3608421b9825fbd,1,4.83,13.18,13.27,13.09,13.16,0,0
5dca8b6e3d2a5c2d,1,4.61,11.25,11.35,12.4,12.64,0,0
f558dbb8523f552f,1,4.35,9.21,9.33,11.91,12.38,0,0
fa80f505766d50fa,1,3.92,7.53,7.67,9.26,9.63,0,0
4b499c985f02545f,1,1.12,21.71,21.75,13.54,13.55,0,0
e92c94f8bdcc54c6,1,1.97,25.96,26.0,17.09,17.12,0,0
263f5537c4f85b38,1,9.34,59.77,60.45,36.34,36.49,0,1
c400f7664ba35555,1,9.47,60.23,61.12,36.48,36.62,0,1
2a2cb941f34b5bc4,1,12.46,64.49,64.54,49.18,49.19,1,1
6157148c5fa25838,1,12.49,65.53,65.6,45.57,45.6,1,1
c65cb00fba005ab1,1,12.49,65.53,65.6,45.73,45.76,1,1
cd78333fa2c45328,1,12.53,65.6,65.64,46.17,46.19,1,1
840f4e28181e53d9,1,12.68,65.82,65.83,49.33,49.35,1,1
84ed0a5827f656d8,1,11.47,48.28,48.28,30.92,30.92,0,1
570a5855539b5c7e,1,10.86,44.1,44.1,30.76,30.76,0,1
2576105926375ce7,1,10.19,40.26,40.26,27.9,27.9,0,1
58d40da0cce05d8c,1,0.57,10.11,10.25,5.63,5.64,0,0
b0546b8af0f95c05,1,0.5,13.71,13.73,9.5,9.5,0,0
9dc5a17094e0569d,1,0.93,15.82,15.83,10.89,10.89,0,0
afbf26b6d3bb5bee,1,4.95,18.15,27.94,4.16,4.17,0,0
dfa220d6e64f5d84,1,4.87,4.39,4.73,8.63,9.09,0,0
d58c4ad27c525465,1,4.82,19.24,25.38,9.35,10.26,0,0
6e575fd36c4d5de3,1,5.63,39.59,39.8,26.05,26.06,0,1
1e527ab20dd55310,1,6.91,43.51,43.54,26.74,26.74,0,1
3e429827093e538d,1,7.2,43.62,43.63,23.36,23.36,0,1
fd3606c29f3f57fb,1,7.38,34.93,34.93,24.98,24.98,0,1
3d11d1a35e8f500d,1,7.32,31.71,31.71,21.11,21.11,0,0
a90317c305c3505a,1,7.2,28.19,28.19,21.1,21.1,0,0
c75331b9d30957a1,1,7.04,24.04,24.04,18.8,18.8,0,0
ba8f7c5757365a36,1,6.76,19.38,19.38,15.49,15.49,0,0
1295e8271e37569f,1,6.29,15.2,15.2,13.61,13.61,0,0
b9e84e372b3958ac,1,5.7,12.42,12.42,10.07,10.07,0,0
0f8b3b73fda650e4,1,4.41,12.39,12.39,8.54,8.54,0,0
4b6b5bac92ae5f56,1,3.86,10.53,10.53,7.24,7.24,0,0
f5cb61c359ce574b,1,3.39,8.69,8.69,5.73,5.73,0,0
a29d602c497c532d,1,2.85,7.33,7.33,3.58,3.58,0,0
e6c8f0c4aaea52d7,1,1.61,5.3,5.3,1.06,1.06,0,0
d14f40d60d165b25,1,0.11,9.1,9.1,7.4,7.4,0,0
4196ab00e95e532d,1,0.39,11.82,11.82,9.41,9.41,0,0
8b90b26a4deb5019,1,0.71,15.31,15.31,14.41,14.41,0,0
ae90dd8267ce57a0,1,2.67,8.88,9.34,5.15,5.21,0,0
e344674ba93250b5,1,2.52,6.82,7.13,5.03,5.09,0,0
89e8716cd98f54a0,1,2.38,5.96,6.01,3.01,3.03,0,0
28871fc023c85fe6,1,2.25,5.17,5.19,2.83,2.84,0,0
a75ca6ddabc1541b,1,1.95,2.55,2.55,1.76,1.77,0,0
a1592a3b82bb5060,1,1.63,2.38,2.38,1.26,1.26,0,0
229e86f19e7d5ced,1,1.24,2.19,2.19,0.66,0.67,0,0
d85c679f79b552ae,1,0.8,1.98,1.98,0.3,0.31,0,0
8a1eb240e9355b45,1,9.7,53.69,53.78,13.26,13.26,0,1
a76f3192f58250c2,1,9.64,53.66,53.7,40.69,40.7,0,1
a30baeb5294658b3,1,9.59,53.61,53.63,27.96,27.96,0,1
4d267b88562f52da,1,9.53,53.49,53.49,13.32,13.32,0,1
cfa1a5ff80355988,1,0.01,10.59,11.04,5.75,5.76,0,0
eb3dc7204bd55d17,1,0.02,9.99,10.34,5.7,5.7,0,0
cc7a2b953265554a,1,0.11,10.31,10.72,5.67,5.67,0,0
402ec186b8ea545e,1,0.47,10.86,11.48,8.91,9.02,0,0
bd06d301fe645a28,1,7.57,21.93,34.15,18.59,21.29,0,0
02d9591fc6de53c8,1,6.98,21.22,32.86,17.47,20.06,0,0
60021a9f6c585c16,1,6.56,21.36,33.14,16.86,19.83,0,0
1a4d88c3ccc6586d,1,6.24,22.78,32.68,17.22,20.09,0,0
98867b3fc7a95c24,1,4.77,22.35,22.37,13.25,13.25,0,0
2243d4e976fb5b77,1,4.56,12.19,12.2,13.02,13.02,0,0
9bbf6e2211fb56d9,1,4.33,12.01,12.02,13.73,13.74,0,0
f1b8c54a906f525e,1,4.11,11.86,11.87,13.44,13.46,0,0
ced5e9f4d448524e,1,4.31,15.87,20.65,14.73,16.25,0,0
26ba80ad72205a03,1,4.53,15.81,20.12,14.56,16.71,0,0
a03c5e53159f54c3,1,4.59,15.23,20.08,14.28,16.66,0,0
326760711b775740,1,4.57,14.78,20.09,14.03,16.68,0,0
db1f0ea31f525bdb,1,4.51,14.65,20.15,14.24,17.77,0,0
ec60244b07ad5466,1,4.45,14.71,20.2,14.12,17.6,0,0
39fd7cb73aa259db,1,4.44,14.79,20.25,13.8,16.68,0,0
d655411faf595661,1,4.44,14.9,20.26,14.08,17.52,0,0
9fc116e61c8e50e8,1,3.93,11.73,11.83,12.09,12.11,0,0
7ff27f83a8995932,1,3.75,11.61,11.73,9.62,9.63,0,0
0d472b2f14735fd1,1,3.57,11.48,11.65,8.26,8.27,0,0
52bffad1e6895ff1,1,3.4,11.34,11.58,8.09,8.11,0,0
c7440ee97f0b5e75,1,3.24,11.21,11.54,9.38,9.45,0,0
8872d388cf435f07,1,3.08,11.06,11.51,11.12,11.86,0,0
ae05160436d45a62,1,2.94,10.93,11.53,8.58,8.72,0,0
14fe69db03425780,1,2.81,8.96,9.45,6.13,6.19,0,0
c29fb70bf1d056ca,1,4.51,15.02,20.31,14.21,17.72,0,0
835d02f9df8d5117,1,4.58,15.16,20.34,12.91,14.97,0,0
fb4908bfeaf75ab1,1,4.68,15.29,20.37,12.89,14.89,0,0
d443368fa4615242,1,4.79,15.48,20.45,15.42,18.96,0,0
1bddf6b0b25e5de4,1,4.96,15.97,20.74,15.95,19.1,0,0
e610e8c900a75a0b,1,4.95,16.76,21.06,14.35,16.76,0,0
3f2cec87b5ad5d96,1,4.92,17.88,21.44,13.25,14.98,0,0
98cf54a70d5e5da9,1,4.87,19.25,21.31,16.69,17.91,0,0
cf50ffa22c81555d,1,8.8,57.44,58.39,33.21,33.29,0,1
d142ab856b7653df,1,8.91,57.85,58.92,35.96,36.15,0,1
8d04552a13985dc6,1,9.08,58.55,59.68,35.84,36.07,0,1
8a6de2af60965cd0,1,9.23,59.34,60.36,35.94,36.2,0,1
001d444661b45635,1,9.23,59.46,60.36,37.03,37.28,0,1
553c80b72cdc5c04,1,9.44,60.48,61.21,35.17,35.36,0,1
68e8dda3806f5b88,1,9.52,61.04,61.41,35.15,35.27,0,1
df3d0104b7665474,1,9.65,61.66,61.92,4.99,4.99,0,1
1ff5f3528c36501f,1,7.42,50.95,51.07,30.48,30.49,0,1
87339a4d32305504,1,6.25,29.99,41.17,22.62,24.42,0,0
9f1b6ff3a4865c8a,1,6.29,22.89,27.0,23.57,25.19,0,0
cace9e6345445eee,1,6.94,44.18,47.49,24.49,25.33,0,1
afd9edcb6d94521f,1,7.12,48.47,50.04,29.73,30.16,0,1
c773514392cc56ba,1,7.41,50.48,51.22,35.13,35.35,0,1
b11992c2f91d5188,1,7.82,52.44,52.89,33.81,33.93,0,1
be0064dac5f85957,1,9.62,57.81,57.97,30.8,30.8,0,1
a754894e5e355c0f,1,4.83,20.56,21.65,18.62,19.09,0,0
bcb48691833d5afe,1,4.75,20.52,21.65,13.62,13.67,0,0
be382c6340e75946,1,4.74,19.16,20.63,15.0,15.34,0,0
a454e18ca33d5cb7,1,3.75,17.11,17.12,5.05,5.06,0,0
f79397c87fbf5965,1,3.52,17.01,17.02,4.99,5.0,0,0
0cbeffce57295a2b,1,3.24,15.36,15.4,4.89,4.89,0,0
2b006c0fae365892,1,2.95,12.75,12.79,3.83,3.83,0,0
24a09c3c8a985e8e,1,2.66,11.32,11.38,3.66,3.66,0,0
5a3ac99dc74c57ea,1,9.43,56.75,56.98,33.03,33.04,0,1
9e2fa21e8eac5c11,1,9.34,56.0,56.25,34.02,34.03,0,1
518221a430885093,1,9.2,55.09,55.31,30.87,30.88,0,1
f0a338ae8f3a56bd,1,9.02,54.03,54.22,33.06,33.07,0,1
4299796c2c845718,1,8.82,52.87,53.04,30.8,30.81,0,1
a911eef9f873522a,1,8.66,51.8,51.93,30.52,30.52,0,1
8e785a7a6df95636,1,8.5,53.27,53.29,30.59,30.6,0,1
b8554777b68750e7,1,8.34,49.94,49.94,27.75,27.76,0,1
2cc526803c3250c9,1,5.63,14.17,14.18,12.41,12.42,0,0
ed97bf4877fa5bb0,1,5.09,11.85,11.86,10.3,10.31,0,0
d1e46ac6cbe15c1e,1,4.53,9.53,9.54,7.64,7.65,0,0
df4bbe0b4f6d5312,1,3.98,7.42,7.44,6.44,6.44,0,0
6fa0a76b37b558bd,1,3.4,5.65,5.68,4.07,4.07,0,0
b31e39a660f1535f,1,2.84,4.2,4.22,3.61,3.61,0,0
b7e7604c72e051da,1,2.26,3.07,3.1,1.98,1.98,0,0
2a6936d84bda531f,1,1.73,2.19,2.21,0.93,0.94,0,0
1dfce400c1ba574c,1,11.1,63.09,63.12,34.56,34.58,0,1
cf9af12edb535bc0,1,10.96,62.79,62.81,34.5,34.51,0,1
f4da0138413c595a,1,9.92,40.67,40.67,29.38,29.38,0,1
afe18a576559502d,1,9.67,37.44,37.44,29.26,29.26,0,1
7bfd8ff8489158cc,1,9.32,34.07,34.07,24.94,24.94,0,1
8060b1342b775188,1,8.93,30.59,30.59,22.6,22.6,0,0
ce82b44e8dfd5e1d,1,8.54,27.13,27.13,22.48,22.48,0,0
6fb8d5597c8c5881,1,8.08,23.65,23.65,20.29,20.29,0,0
1b5521472b795718,1,3.84,2.9,3.08,24.68,24.87,0,0
e9bb1dab462252e9,1,7.0,32.45,32.45,21.35,21.35,0,1
1975d15fde2955ff,1,6.07,18.79,38.8,16.3,22.28,0,0
a1e689b17ca65053,1,5.92,21.36,39.49,16.45,22.6,0,0
586c5b66ad8158ee,1,5.83,20.78,32.69,17.27,23.12,0,0
d792515ce4b257a4,1,5.91,20.68,28.41,2.75,2.79,0,0
57730912486a5853,1,6.0,22.25,28.19,19.36,22.63,0,0
7444ae8aea51554e,1,5.93,14.04,15.57,20.64,23.24,0,0
4b3c6a95987c552d,1,7.41,35.55,35.56,25.86,25.86,0,1
79a151c333745253,1,7.87,43.61,43.61,15.29,15.3,0,1
d218ff87bdc25c55,1,7.02,36.21,36.23,21.11,21.2,0,1
acb57a529dae5da1,1,6.7,33.61,33.62,21.51,21.55,0,1
7569116c33145d2a,1,6.58,30.32,30.33,19.69,19.7,0,0
828b1011212253c6,1,6.46,26.84,26.86,17.52,17.52,0,0
d3322747793a5dda,1,6.26,23.79,23.83,15.24,15.24,0,0
28c74da2ea1d5629,1,5.94,18.97,19.02,13.04,13.05,0,0
197f39226d0856ce,1,8.17,47.44,47.44,27.52,27.52,0,1
9e04987475e85dd5,1,8.03,45.43,45.43,27.82,27.82,0,1
a7fa8bccce9253cb,1,5.86,28.06,38.59,23.76,23.81,0,0
d577027e9c295bde,1,5.66,20.73,27.47,9.53,10.14,0,0
259c9d9aac5457fc,1,5.53,28.21,28.72,18.66,18.68,0,0
8e5ce0a119585d3b,1,5.79,38.06,43.34,22.22,22.68,0,1
28d8f3699547568b,1,6.06,33.27,37.86,23.59,24.48,0,1
bb85e87e90ae52ec,1,6.34,26.53,28.85,21.35,22.2,0,0
ce3ff067f10b526b,1,5.83,15.05,15.85,21.74,23.46,0,0
9164913b818a58b1,1,5.77,36.12,37.81,21.62,22.39,0,1
69616d6f715256dc,1,5.73,41.51,42.26,25.03,25.37,0,1
e0bb2b04e9455fa6,1,5.79,46.75,46.95,24.84,24.91,0,1
a4f2f32aa59f53b9,1,5.24,13.87,13.88,10.71,10.74,0,0
b7ee1af184835990,1,4.77,11.71,11.71,8.82,8.83,0,0
82e565141eb55f88,1,4.17,9.57,9.57,6.34,6.34,0,0
b27bfe84cc545daa,1,3.62,7.82,7.82,4.96,4.96,0,0
5e48f684248053bd,1,1.15,1.54,1.57,0.5,0.5,0,0
ce9ee9a68a4c5e93,1,0.6,1.15,1.2,0.12,0.13,0,0
9ddee0363c1f530a,1,0.04,3.43,3.44,2.36,2.36,0,0
4c8d222d98115a86,1,0.08,4.8,4.81,2.57,2.57,0,0
34eb9be2f88a5234,1,0.38,7.19,7.22,5.09,5.09,0,0
dece3a034000579e,1,0.69,8.9,8.93,7.39,7.39,0,0
4b04d67c77455726,1,1.03,10.94,10.97,7.33,7.33,0,0
fdee882945885aa7,1,2.49,16.5,16.51,8.08,8.08,0,0
ae07b0ef14e25e47,1,0.37,8.94,8.94,4.64,4.64,0,0
210e056a17d1522d,1,0.59,9.83,9.83,6.59,6.59,0,0
e57f09cee57d5ee1,1,0.77,10.47,10.47,6.89,6.89,0,0
5997813b7cc55036,1,1.09,11.32,11.32,7.95,7.95,0,0
34f30283d3bd53ec,1,8.92,42.3,42.3,27.73,27.73,0,1
868b74972b4c59fd,1,8.71,40.38,40.38,25.91,25.91,0,1
412e722526585e4a,1,8.34,37.79,37.8,23.55,23.55,0,1
cddadd26002959f4,1,7.94,35.25,35.25,23.28,23.28,0,1
0dfcc232f8445d3f,1,6.34,32.48,32.5,20.03,20.04,0,1
038c0a3e665c51d2,1,6.22,33.46,33.47,19.99,20.0,0,1
e0865304e2b95eaa,1,5.93,13.89,13.89,18.3,18.3,0,0
b3509fd31f495cfb,1,5.83,23.88,27.44,14.69,14.69,0,0
599e006109385ae5,1,5.7,20.85,25.11,14.98,15.01,0,0
5ee1455d53695e5b,1,5.55,18.62,22.28,10.93,10.95,0,0
64b99da814205341,1,5.32,15.51,20.79,7.96,7.98,0,0
7e3ae733f7ef5c8f,1,5.01,12.93,19.98,5.23,5.24,0,0
40a69dc4d1f854a8,1,10.93,48.02,48.03,31.02,31.03,0,1
210a1c9ce3725a53,1,10.11,43.86,43.86,30.9,30.9,0,1
8615a4df3a525ccc,1,9.5,42.93,42.93,25.52,25.52,0,1
b60b509ee8ba5197,1,6.61,39.32,39.76,26.42,26.44,0,1
0490beca807c5e9f,1,6.67,34.2,34.81,22.83,22.85,0,1
b66f066aad62515e,1,6.62,34.43,34.47,21.51,21.52,0,1
e12cd09a8f515c73,1,6.55,33.17,33.26,21.82,21.84,0,1
812d49975bf357fc,1,6.46,32.76,32.78,21.67,21.68,0,1
bba5d587cab25dfa,1,3.15,14.2,22.36,11.28,11.58,0,0
aa5f2769e03f5a8b,1,3.73,18.54,26.93,8.65,8.67,0,0
9a95f91ea98652ca,1,4.35,25.2,31.85,14.27,15.42,0,0
703aa650ece25a02,1,5.01,31.45,35.7,24.81,26.9,0,0
458fa5236b795941,1,5.57,37.3,39.29,26.07,27.03,0,1
44137cf5578956d1,1,6.09,41.91,42.57,28.54,28.77,0,1
df78364de73e581b,1,6.57,46.8,47.02,30.63,30.66,0,1
5498f9f2cfc55668,1,7.03,48.66,48.84,32.64,32.66,0,1
875d89dc1f225205,1,5.8,44.39,45.1,23.86,24.02,0,1
16ac515a3ba45d76,1,5.92,50.97,51.7,25.71,25.87,0,1
8840042ede42578a,1,6.04,48.82,49.4,25.74,25.88,0,1
030706565b1f552d,1,6.15,46.58,47.04,25.57,25.7,0,1
b3edadc19d8a5812,1,6.28,46.88,47.37,25.57,25.68,0,1
71ae69a9499e559c,1,6.38,46.87,47.36,25.43,25.54,0,1
37a2f90109f85bff,1,6.45,45.18,46.06,25.2,25.3,0,1
0e2f2cb6712550b7,1,6.54,29.93,30.1,11.22,11.31,0,0
81102abfeaa25562,1,7.34,51.56,51.98,29.64,29.74,0,1
842d40cd41cf56e8,1,7.61,53.09,53.22,29.59,29.61,0,1
a98e0fd4eee7534a,1,7.72,31.18,31.19,25.87,25.87,0,0
114feecba2285649,1,7.64,28.44,28.45,23.45,23.45,0,0
da9ae73013715f70,1,7.55,25.48,25.49,21.59,21.59,0,0
a152c8cad6625d6a,1,7.21,22.41,22.41,17.55,17.55,0,0
3c7319cc63ab58c9,1,6.7,19.4,19.4,17.09,17.09,0,0
cd7e9823f2b15e0f,1,6.15,16.64,16.65,14.43,14.44,0,0
c65c265780365bb1,1,9.92,62.77,62.94,4.9,4.91,0,1
fb21dbec77535015,1,9.89,62.72,62.84,9.86,9.87,0,1
0278f1a2ae3b5ae5,1,9.81,62.46,62.54,13.89,13.9,0,1
cf1ba57897845189,1,9.79,62.44,62.49,14.47,14.66,0,1
c020f63dbf0d59a6,1,9.82,62.57,62.59,14.2,14.21,0,1
d2937fdb8d605a73,1,9.74,62.26,62.28,10.63,10.63,0,1
bdf6ce6385325a58,1,9.78,62.43,62.44,14.83,14.84,0,1
e0545b6d2b755ea9,1,9.84,62.64,62.65,9.86,9.86,0,1
e22fe7366ecd5c70,1,5.57,14.61,14.64,9.71,9.72,0,0
dcf89e4b93ba5fbe,1,5.1,10.59,10.61,7.06,7.06,0,0
e7aded473b7e5183,1,4.47,7.39,7.41,4.69,4.69,0,0
2631b349e0ce5b83,1,3.77,5.38,5.4,3.38,3.39,0,0
baef20f6b33e594e,1,2.97,3.87,3.92,2.2,2.2,0,0
750b8c926ffd5895,1,2.22,2.71,2.78,1.19,1.19,0,0
985240456390586f,1,1.54,1.92,2.0,0.64,0.64,0,0
4bf95781578b59ec,1,0.89,1.37,1.49,0.1,0.1,0,0
b845e97a49a75cd0,1,3.55,23.56,31.68,15.51,17.67,0,0
866f7eb093ac5244,1,4.83,35.44,39.62,4.33,4.35,0,1
dbd898b3533f5ac5,1,5.01,37.73,40.66,3.8,3.81,0,1
c3e80fd14bce51a0,1,5.17,39.63,41.8,22.51,23.31,0,1
824cd4fff1e25cb4,1,5.32,41.31,42.59,23.07,23.54,0,1
93574a28917b5395,1,5.45,42.38,43.24,23.51,23.78,0,1
81b86d3bfe9758ac,1,5.56,43.08,43.79,23.78,23.97,0,1
50628427853659fc,1,5.68,43.72,44.33,22.78,22.92,0,1
007845701f635565,1,8.09,42.91,43.12,28.3,28.31,0,1
f618df9b13b75f68,1,8.12,42.86,43.15,32.51,32.55,0,1
61a7d33a4c3b5977,1,8.18,43.69,43.8,32.54,32.6,0,1
8894cb9c1f385198,1,8.27,43.81,43.89,33.11,33.15,0,1
8b177f84759e56e0,1,8.4,43.98,44.01,33.04,33.06,0,1
d88a725f8b125d74,1,8.46,44.06,44.08,31.1,31.11,0,1
b197862351735b60,1,8.33,43.94,43.94,32.86,32.86,0,1
5b61b9072cad5dbc,1,4.69,20.91,21.29,17.79,17.91,0,0
4c83b81ddcc757b1,1,8.29,27.19,27.19,21.37,21.37,0,0
30d90432ffb357cf,1,7.75,22.68,22.68,16.83,16.83,0,0
b4c5bd35a81f517e,1,7.1,18.2,18.2,14.46,14.46,0,0
ed7a09d2f93d5e90,1,6.34,14.83,14.83,11.59,11.59,0,0
b4aa2f58df795a92,1,5.47,12.01,12.01,9.21,9.21,0,0
92135b7bae0b5259,1,4.62,8.57,8.57,6.05,6.05,0,0
fc8f087133c55220,1,3.76,6.68,6.78,3.89,3.89,0,0
87da3996575459a8,1,2.93,5.27,5.39,3.27,3.27,0,0
7c4757c2c9675f2b,1,6.55,44.28,47.02,22.14,22.23,0,1
77412f2abf325814,1,6.62,44.02,47.33,24.61,24.86,0,1
924f7c86a30b55c7,1,6.62,43.77,47.43,21.77,21.98,0,1
d497c1998ba75bb9,1,6.6,43.74,47.49,19.93,20.13,0,1
19f8a93df08452b5,1,6.59,44.03,47.6,24.17,24.62,0,1
3e44ba1b6a675c54,1,6.57,44.45,47.72,23.92,24.35,0,1
650ed02359615f58,1,6.56,45.0,47.85,23.89,24.28,0,1
5d2ee89308f958be,1,6.53,45.53,47.93,24.15,24.6,0,1
635eb3ecbf415418,1,7.83,40.79,49.96,31.2,34.61,0,1
6097ef5cbbfd5dd9,1,8.04,42.64,48.79,33.28,35.84,0,1
e377a0a97c895d9c,1,8.33,47.49,51.41,34.34,35.8,0,1
5bd8cf3fa67a524f,1,8.69,51.25,53.63,39.04,40.21,0,1
cd3b1de5d5d759e7,1,9.14,54.38,56.12,40.11,40.92,0,1
d63949c1e1a25eab,1,10.08,58.86,59.59,42.51,42.81,0,1
378d79a6bf715912,1,8.58,34.93,34.93,25.36,25.36,0,1
5a454b4d1c535366,1,8.12,31.68,31.68,22.36,22.36,0,0
d2d63c8eb7545fc1,1,2.64,8.95,9.0,4.16,4.16,0,0
0d145fab90475c8f,1,2.37,4.89,4.98,3.4,3.4,0,0
0af3e039185d57f3,1,2.05,3.85,3.85,2.01,2.01,0,0
315ade412d0f5304,1,1.74,2.96,2.96,1.08,1.08,0,0
93d4ab80a0cf5f01,1,1.34,2.22,2.22,0.75,0.75,0,0
75a8be89195651aa,1,0.9,1.7,1.7,0.3,0.3,0,0
1bf45a481f1d52e3,1,0.07,8.23,8.28,10.31,10.31,0,0
859b85899c105afc,1,0.42,11.54,11.54,12.74,12.74,0,0
722ad5b3698c52c6,1,4.19,14.17,14.23,7.44,7.44,0,0
85005d733df9577f,1,3.51,11.67,11.73,4.63,4.63,0,0
8f7ea84594aa5d75,1,3.03,9.42,9.43,4.58,4.58,0,0
8bacfc35148b5dad,1,2.62,7.13,7.13,3.36,3.36,0,0
8a9ecc24c4f25c3c,1,2.13,5.03,5.03,1.82,1.83,0,0
ed1a1174e6aa5270,1,1.56,4.21,4.22,0.85,0.85,0,0
184e4aef7e095f7a,1,1.01,3.62,3.62,0.48,0.48,0,0
be7331d3f05e5d16,1,0.45,5.99,6.04,9.41,9.41,0,0
21cef59c18245d4c,1,2.28,10.2,10.29,2.92,2.93,0,0
8551111013245067,1,1.93,6.19,6.24,2.09,2.1,0,0
7288ac3781fd51a8,1,1.64,4.4,4.47,1.43,1.44,0,0
bdc6855188a351ca,1,1.33,1.83,2.02,0.82,0.82,0,0
1a1b315baec45bc3,1,1.05,1.24,1.51,0.69,0.7,0,0
db601036b2fb58d7,1,0.76,0.85,1.2,0.27,0.28,0,0
3623f8c74e7a5d1d,1,0.46,0.59,1.03,-0.0,0.09,0,0
c77d96b1b7d65d8a,1,0.05,7.9,7.97,9.61,9.61,0,0
13fcbcdacbe35755,1,8.72,30.93,30.93,24.58,24.58,0,0
ec7125e961205a2d,1,8.32,27.49,27.5,21.8,21.8,0,0
0fb815b347a359ca,1,7.78,24.07,24.07,18.63,18.63,0,0
87a70998eed25e32,1,7.22,20.85,20.85,16.96,16.96,0,0
dbcb1f2c3979500d,1,6.65,19.19,19.19,14.83,14.83,0,0
81d6a870aab05080,1,6.08,17.25,17.25,13.05,13.05,0,0
f11cf1d1b58454d8,1,5.51,16.11,16.11,11.46,11.46,0,0
16125101defb5b51,1,4.87,15.61,15.66,8.43,8.43,0,0
58dd10abb9ba5388,1,4.68,11.37,18.6,4.29,4.3,0,0
dbb26055ea9351dc,1,4.37,11.02,20.84,9.99,10.75,0,0
fc1785d55b675c6c,1,4.07,11.0,22.44,10.0,11.28,0,0
6e738f032ad75169,1,3.78,11.38,20.05,9.21,10.82,0,0
62c59eb9ece45d86,1,3.51,14.35,24.6,8.71,9.53,0,0
d9c4acb18e675789,1,4.15,26.77,28.89,23.59,24.43,0,0
0fc0217e2dd05256,1,4.67,28.42,29.32,23.36,24.03,0,0
704fafc3d8fd5258,1,5.16,28.58,29.06,23.68,23.78,0,0
e0dbf07da5c55877,1,4.73,34.16,34.99,20.58,20.9,0,1
d496c44726c35e33,1,6.65,18.07,18.14,25.28,25.28,0,0
d2440edd19d954b5,1,6.74,15.17,15.25,25.21,25.22,0,0
a0707360c69459d4,1,6.85,12.08,12.18,28.12,28.15,0,0
1cac49b248b05705,1,6.95,46.37,46.53,28.22,28.25,0,1
37430d1c47995fdd,1,7.06,46.38,46.51,28.02,28.04,0,1
dfb6fbca92bb5183,1,7.16,46.32,46.42,28.12,28.14,0,1
7ae0a03be0c357d2,1,4.27,21.65,33.26,13.45,15.05,0,0
c70cfaf737215fca,1,6.41,28.74,29.19,20.42,20.42,0,0
a5a1e608305d53a8,1,6.21,25.84,26.97,18.57,18.57,0,0
5e4da70ec09f5282,1,3.45,5.87,27.9,12.55,12.55,0,0
669972d5c4c55872,1,3.21,5.4,27.88,10.65,10.65,0,0
3502b30911d75ed8,1,2.99,6.47,27.9,5.29,5.43,0,0
98e3abe2a38c5156,1,2.84,8.37,28.08,2.4,2.43,0,0
63fd66d1098f5c53,1,2.78,11.57,28.66,1.3,1.32,0,0
5992423b009757f2,1,3.96,39.12,39.15,21.56,21.64,0,1
8b369f66349d550a,1,0.57,13.13,13.13,16.76,16.77,0,0
11936935515f5daa,1,1.38,17.05,17.05,18.77,18.77,0,0
fda70850d06c51a1,1,4.01,28.61,28.61,26.91,26.91,0,0
ca009ab283bc5484,1,4.79,31.9,31.9,26.68,26.68,0,0
c9395d7ca7f75410,1,5.5,35.03,35.03,31.92,31.92,0,1
15454d7562d45fe6,1,10.91,51.83,51.88,34.75,34.75,0,1
bd377bbe5b695df0,1,10.61,49.19,49.23,31.95,31.95,0,1
e0164d976037592c,1,10.15,46.69,46.71,31.21,31.21,0,1
f587b097f5f65db6,1,4.75,30.74,30.75,13.13,13.13,0,0
534431abbbd75d4f,1,4.47,28.35,28.36,13.48,13.48,0,0
3e5bb75bed1d58ad,1,4.29,25.98,25.98,13.5,13.5,0,0
ab2b84d310be5bed,1,3.99,19.0,19.0,12.19,12.19,0,0
901722c88ebf50ea,1,3.71,17.88,17.88,9.76,9.76,0,0
0b5b1309df2f5627,1,3.34,16.33,16.33,7.88,7.88,0,0
5ee6f86b7dec5484,1,2.96,15.03,15.08,5.43,5.43,0,0
23d70775af9754e8,1,2.61,13.99,14.04,5.08,5.08,0,0
82e84851ea985ba8,1,3.78,8.33,8.36,7.21,7.21,0,0
1108eba0b4415340,1,3.4,6.71,6.75,5.01,5.01,0,0
396eba48b9c5529d,1,2.96,5.24,5.29,3.82,3.82,0,0
92c7b16cbf5a5d8c,1,2.44,3.92,3.93,2.29,2.29,0,0
3b88ba584a4a5d7e,1,1.89,2.9,2.92,1.23,1.23,0,0
282d1f01eef856f5,1,1.33,2.15,2.17,0.74,0.74,0,0
83f2ecc101925a5d,1,0.03,7.22,7.33,12.62,12.62,0,0
4a0ba18cefc05c63,1,0.06,10.47,10.47,12.9,12.9,0,0
9b0a5826d2d357d8,1,6.51,46.06,48.0,24.22,24.63,0,1
2a9a3fe02d46551c,1,6.51,46.6,48.1,24.28,24.65,0,1
91fc00df56ae5aca,1,6.51,47.12,48.2,21.74,21.94,0,1
f8f1d3aa1a30553d,1,6.52,47.62,48.29,22.13,22.27,0,1
da751fd130625cce,1,0.01,14.08,16.46,7.41,7.55,0,0
e69e63297ed85a68,1,0.1,14.16,16.63,9.52,9.83,0,0
1fc5ab19306f5a47,1,0.61,14.61,17.7,11.18,11.75,0,0
96c3433ef79a5478,1,1.25,15.65,20.36,12.16,13.02,0,0
efcc43b333075098,1,7.66,28.4,28.4,21.16,21.16,0,0
2cde4f39412a556d,1,7.15,25.31,25.33,18.8,18.8,0,0
3d523a73f2815ea4,1,6.62,22.34,22.36,18.06,18.06,0,0
8299207e310b595e,1,6.11,19.53,19.54,16.1,16.1,0,0
c3c6442b2f525269,1,5.61,16.91,16.93,14.45,14.45,0,0
5b1acae08f2e5d76,1,5.1,14.44,14.46,12.96,12.96,0,0
4dd817ed8b515ab1,1,4.63,12.27,12.29,11.17,11.17,0,0
00b2afbb751b59c6,1,4.17,9.99,10.02,9.01,9.01,0,0
a48870c447ef5fe5,1,1.85,17.02,22.26,11.99,12.91,0,0
bd218550d4d35e5c,1,2.33,17.99,24.5,10.68,11.39,0,0
accb5d206fd05911,1,2.78,19.5,26.66,10.45,11.17,0,0
f5c6f00966f152ec,1,3.17,21.9,27.97,14.46,15.62,0,0
f8b8b8ee49205def,1,3.5,24.41,29.66,14.35,16.0,0,0
b42d7dc2a3975573,1,3.81,27.15,31.24,14.95,15.93,0,0
1b7b7697be9c5dc5,1,4.12,29.68,33.03,17.33,18.51,0,0
2cdba8acff3454a7,1,4.42,32.17,34.11,16.84,17.46,0,1
d80488b4e04c5e47,1,1.41,20.96,22.53,9.5,9.5,0,0
b29689efa40f54e0,1,1.88,21.84,24.48,9.28,9.29,0,0
6d72d039fb9a551b,1,2.25,22.23,26.1,9.02,9.03,0,0
0045af58281456a0,1,2.53,22.26,27.4,7.43,7.44,0,0
4763f30d505c5ea6,1,2.78,22.21,28.66,8.33,8.34,0,0
4d6456183bd056bc,1,2.96,22.12,29.73,5.31,5.32,0,0
ca18572aeb9755ba,1,3.15,22.4,30.8,5.28,5.32,0,0
579942d331b9571d,1,3.34,22.79,31.4,13.97,14.09,0,0
440364f63ee95043,1,1.11,11.58,11.58,7.32,7.32,0,0
7135ce0e5eea5907,1,1.1,14.79,14.79,7.29,7.3,0,0
713c5a168c2452dc,1,1.36,17.74,17.74,10.6,10.6,0,0
8a8bf2275db85432,1,1.82,20.64,20.64,15.56,15.56,0,0
ae5377e5ebf65f45,1,11.56,64.03,64.05,40.11,40.11,1,1
7186e23637965344,1,11.37,63.67,63.68,37.03,37.04,0,1
6d593ca981fd56b8,1,11.16,50.74,50.78,36.78,36.78,0,1
0928c39f05db52c5,1,10.02,40.91,40.94,27.68,27.68,0,1
08e8092f5e66571f,1,5.22,35.13,35.25,20.2,20.22,0,1
d9fdaff6c17659bc,1,5.29,35.2,35.31,21.86,21.9,0,1
4020785f2bf55d0b,1,5.44,35.55,35.64,21.91,21.94,0,1
d6fc32608ecc581c,1,5.59,35.48,35.56,21.98,22.01,0,1
5f2c3f928abe5f5b,1,5.67,36.27,36.33,22.13,22.15,0,1
014369205e025f0c,1,5.7,36.6,36.63,22.24,22.25,0,1
1f0f883695f05e6c,1,5.65,36.94,36.96,21.99,22.0,0,1
24567f5ad57455c4,1,4.93,32.48,32.48,16.14,16.14,0,1
20a276a12f2150c5,1,5.08,11.36,11.37,9.53,9.53,0,0
e02f26d0eb0152e3,1,4.51,9.36,9.37,7.27,7.27,0,0
8d3ac506e17050ba,1,0.0,14.04,16.22,7.73,7.81,0,0
48a547f135595df8,1,0.02,13.93,16.01,7.71,7.8,0,0
73f2ce543024548e,1,0.05,13.73,15.66,9.28,9.45,0,0
c7ce79ec4bf956c4,1,0.55,14.57,16.2,12.08,12.7,0,0
2774b2c338a3500c,1,1.94,16.74,23.21,13.03,14.34,0,0
f641cb06f2175d36,1,2.54,18.45,25.08,13.61,15.96,0,0
2352a994954555ba,1,0.29,11.98,12.05,12.05,12.05,0,0
620f272061ea5f3a,1,1.01,16.23,16.26,14.03,14.03,0,0
aa1b434771cb52d0,1,3.63,26.32,26.36,20.51,20.53,0,0
d1861adbe9ff5581,1,4.44,28.57,28.62,20.48,20.51,0,0
33bfb486ff965e4b,1,5.16,29.95,29.99,22.68,22.73,0,0
e4d88f52d2b45609,1,7.48,31.26,40.51,27.12,31.95,0,0
43c8e05e697f5abe,1,7.56,32.98,42.01,27.89,32.86,0,1
1cb3b57dac2d5435,1,7.69,37.03,48.79,29.19,33.39,0,1
63c33ef5af265f74,1,4.22,22.68,33.81,16.79,17.0,0,0
84b69613f5e6551c,1,4.23,24.88,34.56,15.97,17.72,0,0
bf0a29ccead65750,1,4.62,36.62,38.41,17.15,17.76,0,1
5e279bb4bb105df9,1,4.8,42.62,43.78,17.56,17.84,0,1
8c9e3fd944c051e3,1,3.31,11.1,14.1,11.29,14.27,0,0
09436f14d3185748,1,3.45,10.83,13.93,10.29,12.08,0,0
3a7818b46809570a,1,3.82,34.06,35.45,18.72,19.25,0,1
8601b9cf8c6852f3,1,5.34,42.59,42.77,22.01,22.01,0,1
7819725bfb845e82,1,2.13,4.19,4.19,1.33,1.33,0,0
c756ce81365d5a3b,1,1.38,3.53,3.53,0.65,0.65,0,0
4bc793d4a9ef5860,1,0.04,8.7,8.7,6.32,6.32,0,0
09a859498436512e,1,0.37,10.73,10.73,6.75,6.75,0,0
33aa90792d5855a7,1,1.05,13.85,13.86,14.11,14.11,0,0
abe4fa26de85552d,1,10.89,53.18,53.34,27.3,27.31,0,1
3ea2b59016145c63,1,10.79,50.6,50.7,35.21,35.23,0,1
bbd85b27fa465894,1,10.85,49.33,49.38,31.45,31.46,0,1
0ceeda78f4745942,1,6.41,27.45,28.07,17.98,17.98,0,0
6a383816e5c1568b,1,0.09,10.96,16.06,7.6,8.1,0,0
aa74d194063c5d0b,1,0.2,11.01,16.27,7.64,8.13,0,0
ea21c4b17b865a4d,1,0.72,12.14,16.97,9.39,10.36,0,0
6801df96fcdd5bd9,1,1.35,13.04,19.76,6.31,6.58,0,0
b628faa4178d5eaf,1,1.26,20.06,21.51,10.34,10.34,0,0
247490a783f25c47,1,1.78,20.74,23.38,8.63,8.64,0,0
f2b83fb414eb5cf0,1,2.2,20.65,24.81,16.79,16.84,0,0
a197927702b850f4,1,4.92,12.65,12.65,10.0,10.0,0,0
484b6d9a28f350bd,1,4.3,10.22,10.22,7.4,7.4,0,0
7d923c664b7b5dae,1,3.67,8.58,8.58,5.1,5.1,0,0
74831c9ae5a15f99,1,2.95,7.11,7.11,3.75,3.75,0,0
059009aa4252526c,1,1.57,5.09,5.09,1.14,1.14,0,0
fc2a5f9f60965ab9,1,0.87,13.32,13.32,18.79,18.8,0,0
169528411ca85ba4,1,9.36,37.52,37.52,27.46,27.46,0,1
81997d01d8f65c19,1,9.07,34.25,34.26,26.93,26.93,0,1
8f67b84df6b75bd1,1,3.04,20.19,27.71,14.11,16.31,0,0
681dc1d77f125936,1,3.48,22.72,30.3,16.19,18.24,0,0
27244c34c9e355c2,1,4.22,29.12,34.76,14.15,15.08,0,0
e7c691d409295501,1,4.43,32.31,36.73,14.17,14.9,0,1
c0f364f8ed645542,1,4.57,34.77,37.81,16.75,17.52,0,1
22e04303d53f54f5,1,4.71,36.85,38.8,18.88,19.49,0,1
507c91dd2444555e,1,4.86,38.55,39.95,21.22,21.61,0,1
44f6f13541dd526e,1,5.06,40.33,41.04,22.99,23.26,0,1
3d400bec249a5f88,1,5.69,44.24,44.47,23.52,23.53,0,1
dde50b95cefd5ecd,1,6.02,45.81,46.09,23.62,23.63,0,1
62735179d4f258ea,1,6.32,47.21,47.51,28.25,28.27,0,1
e24e2c91fb5759dc,1,6.61,48.54,48.88,27.68,27.7,0,1
bde1cb24aeb45289,1,6.88,49.71,50.13,27.48,27.51,0,1
af2f022a0d685312,1,7.11,50.67,51.2,8.97,8.97,0,1
1c25de3a1c805da1,1,7.29,51.43,52.03,8.85,8.85,0,1
fc0a59dcf9d75219,1,7.35,51.7,52.32,8.8,8.81,0,1
72b0f2dcaf1f59a1,1,4.57,20.53,21.04,11.64,11.68,0,0
a2336870ff485514,1,4.39,11.94,12.22,15.67,15.82,0,0
48f72313812d5f53,1,4.24,11.7,11.86,14.02,14.16,0,0
580b253c853c5ef9,1,4.34,11.7,11.94,13.77,13.91,0,0
9726171368175cc6,1,4.25,11.63,11.91,13.63,13.8,0,0
97b9989fa3675cab,1,4.18,11.64,11.89,13.69,13.83,0,0
603d4a913f315a41,1,4.08,11.65,11.85,13.58,13.72,0,0
df4dfd432ba25781,1,3.56,11.53,11.54,13.18,13.19,0,0
c9aa2159bc3a50a0,1,10.18,56.34,56.39,36.49,36.51,0,1
5b7d7e1a42c95cd7,1,4.65,35.27,39.38,17.95,19.46,0,1
b8a1d133723f5897,1,4.64,37.04,39.28,18.62,19.59,0,1
4bfb085c53cc522f,1,4.63,38.19,39.25,19.0,19.53,0,1
0599b72c60335651,1,4.64,38.74,39.26,19.48,19.81,0,1
da6d3b6810995466,1,6.31,44.39,46.67,7.39,7.46,0,1
82ee38a271b15bb1,1,6.43,44.25,47.11,7.42,7.5,0,1
d81c4398a40b52b9,1,6.65,29.07,29.19,23.23,23.25,0,0
4b347fca93c65596,1,7.25,51.25,51.86,8.76,8.77,0,1
45c6be97d810541f,1,7.09,50.58,51.15,8.77,8.77,0,1
75570ebf4f3551c1,1,6.9,49.79,50.28,8.68,8.69,0,1
0f49301527005b0e,1,6.72,49.03,49.38,16.14,16.15,0,1
9a2c4c75f3785517,1,6.51,48.05,48.26,16.26,16.27,0,1
cfd45b3514125d2e,1,6.32,47.0,47.09,20.82,20.84,0,1
0994517bde3c5188,1,6.13,45.81,45.83,17.47,17.5,0,1
331882a4388559b6,1,5.57,14.04,14.05,11.85,11.85,0,0
1db88198fce854da,1,5.67,25.66,25.66,14.29,14.29,0,0
cb7ce9515c495674,1,5.33,23.74,23.74,12.5,12.5,0,0
748a5531d6415e0c,1,4.98,21.76,21.76,10.68,10.68,0,0
54169f6efe825b79,1,4.6,19.76,19.76,10.27,10.27,0,0
04a8b092cd525260,1,4.18,17.78,17.78,8.53,8.53,0,0
0a177b48593d521c,1,3.77,15.93,15.93,6.44,6.44,0,0
e817f131c7815d82,1,3.35,13.83,13.83,6.33,6.33,0,0
e77360b1bf605f87,1,2.94,11.13,11.17,5.33,5.33,0,0
6370add5182e51b7,1,2.36,13.09,13.15,5.07,5.07,0,0
135ae32b6edc55c5,1,2.15,11.89,11.96,4.24,4.24,0,0
974a70027f8f593c,1,1.96,10.5,10.58,3.87,3.87,0,0
ed98a4566ea95092,1,1.71,8.32,8.41,2.88,2.89,0,0
a371624958cb52ea,1,1.2,4.12,4.12,1.4,1.4,0,0
cfb755b8d37458ac,1,1.12,11.2,17.31,11.44,12.38,0,0
9e7ae0e0f04255fa,1,2.14,8.39,20.24,18.99,18.99,0,0
8f5cefce0c0259d9,1,3.69,7.84,20.99,11.14,15.17,0,0
7c7ce7ea08b15930,1,9.66,44.02,44.03,27.99,28.0,0,1
563cd0d9beb7563a,1,9.09,41.61,41.62,25.99,25.99,0,1
4e7cd1f8ab6353ff,1,8.45,39.23,39.24,23.51,23.52,0,1
d1ac97f2f57553d0,1,7.85,36.93,36.94,21.66,21.66,0,1
35fa5481e4de5703,1,7.29,34.65,34.66,19.73,19.73,0,1
61720db8cab2508a,1,6.79,32.15,32.16,19.26,19.26,0,1
556118fe6e455038,1,6.39,29.9,29.91,17.65,17.65,0,0
9bfe6fa481105f43,1,6.02,27.87,27.87,15.88,15.88,0,0
88862af321ce5c8f,1,3.46,11.48,11.5,12.96,12.97,0,0
4b6b3a81cc235dbf,1,3.47,11.48,11.52,15.3,15.35,0,0
805158120d1c552e,1,3.59,11.52,11.57,16.48,16.61,0,0
274fcb576b3b59a8,1,3.72,11.55,11.63,14.75,14.86,0,0
1029003770aa5e2e,1,4.1,11.65,11.84,16.24,16.6,0,0
8d90099a801d5682,1,4.28,11.68,11.95,9.27,9.59,0,0
082ea12d7b2355cb,1,4.41,11.72,12.07,9.16,9.48,0,0
c20652fc6a78529b,1,0.87,19.34,20.17,7.98,7.98,0,0
2640335fd6565b4f,1,13.57,66.86,66.87,54.46,54.48,1,1
11811a7320ab58db,1,13.69,66.96,66.98,53.18,53.21,1,1
ebfa82f4906755d4,1,13.76,67.03,67.05,53.38,53.41,1,1
c4cb19209497505a,1,13.84,67.1,67.12,53.13,53.15,1,1
116a7c91c85d5b5d,1,13.98,67.24,67.28,53.19,53.22,1,1
0185fc1c73c759a7,1,14.12,67.37,67.41,53.33,53.36,1,1
6123057c78785150,1,14.23,67.45,67.5,53.23,53.26,1,1
e3f62a1acf9d565e,1,14.27,67.48,67.53,52.94,52.96,1,1
d861e8c8589e5433,1,2.54,20.41,26.16,16.69,16.75,0,0
131f0303c9e9582a,1,2.82,20.23,27.51,12.8,12.87,0,0
31f2d9d9334d5a06,1,3.05,20.7,28.09,13.15,13.84,0,0
17607267e8155496,1,3.22,20.81,29.19,12.74,13.57,0,0
01f3a4a21dc2582f,1,3.34,21.37,30.23,13.97,15.22,0,0
144116b6c1e35d3e,1,3.47,23.1,30.66,14.12,15.38,0,0
d607d27b421a562b,1,3.68,23.76,30.93,13.9,15.71,0,0
c33832506a165cd3,1,3.87,26.02,31.49,14.31,15.46,0,0
24d02c4c2a325f01,1,12.35,65.28,65.32,46.01,46.02,1,1
93c36f72811852d3,1,12.35,65.27,65.31,49.81,49.83,1,1
f10d0ad9103c5495,1,12.41,65.38,65.41,49.89,49.9,1,1
b9c8a72571a85792,1,12.6,65.65,65.68,49.72,49.73,1,1
52de85cf514f5afd,1,12.97,66.08,66.11,49.76,49.77,1,1
6884907db45c5cad,1,13.25,66.41,66.44,49.61,49.62,1,1
45e8b10f95925c47,1,13.44,66.62,66.64,54.36,54.37,1,1
6280a12d79b4518a,1,13.57,66.7,66.71,53.35,53.35,1,1
0092e40a13ea52f4,1,14.3,67.49,67.54,52.71,52.73,1,1
6abe0ed266f258d9,1,14.32,67.48,67.55,52.58,52.6,1,1
5e119121956f52be,1,14.32,67.46,67.54,52.52,52.54,1,1
6ddd79643130526d,1,14.31,66.92,67.01,52.6,52.63,1,1
ca3e9faa3258522b,1,14.32,67.44,67.49,52.79,52.83,1,1
0e15e43a4c725f49,1,14.35,67.46,67.52,53.1,53.16,1,1
9b20027801905b4c,1,14.38,67.5,67.6,53.02,53.07,1,1
15a50c88ab0255ca,1,14.39,67.53,67.62,53.12,53.17,1,1
2908ea54e9955267,1,4.05,28.23,32.49,4.15,4.2,0,0
315e61d0629c54d6,1,4.22,30.5,33.35,4.13,4.19,0,0
21d65485fa3c55e7,1,4.39,32.63,34.05,12.99,13.46,0,1
9fe3ed9455355edb,1,0.02,10.12,10.13,7.8,7.8,0,0
6618e0dc30c95169,1,0.1,7.84,7.92,11.49,11.49,0,0
d93832e29afa5f8b,1,5.81,41.39,41.5,26.56,26.57,0,1
1d372d9debb155cb,1,6.17,42.7,42.86,26.3,26.32,0,1
a317560bc1215a39,1,6.46,44.41,44.62,29.32,29.36,0,1
1d7fd5ffc1e3571c,1,1.44,12.28,12.29,11.05,11.05,0,0
221199c4bcef5e62,1,1.9,15.06,15.07,15.37,15.37,0,0
c9b12b21fa7c57fd,1,4.01,22.61,22.61,11.07,11.07,0,0
e805310ff3055efa,1,3.96,20.87,20.88,10.76,10.76,0,0
5a4709a2348f58a7,1,3.89,18.74,18.74,9.11,9.11,0,0
a25711b4fdcc50df,1,3.77,16.4,16.4,7.97,7.97,0,0
6894aab92b0058dd,1,3.45,12.92,12.92,6.64,6.64,0,0
453bdd4f77af5c90,1,3.08,9.23,9.23,5.09,5.09,0,0
55dab3d9ebd95046,1,2.65,13.75,24.78,9.44,10.21,0,0
cbc1c1f392825ad6,1,2.75,14.42,25.56,9.71,10.48,0,0
28c89352b09b55d4,1,2.94,15.54,26.85,9.79,10.58,0,0
54a295777c3a5d46,1,3.2,17.21,28.64,5.24,5.36,0,0
3f85ed22ffdf5683,1,3.43,16.72,24.01,6.64,6.86,0,0
802ea08c7ae1530a,1,3.59,12.16,13.92,6.6,6.78,0,0
2389414c94075d6a,1,3.92,32.32,34.82,16.44,17.07,0,1
a9af1e73c9575428,1,4.01,34.45,35.91,16.97,17.44,0,1
9972c06c954b5770,1,6.25,26.45,28.7,21.05,21.77,0,0
baf0c6e99bec57db,1,7.56,51.96,52.46,29.84,30.02,0,1
05c6edc5f05c5932,1,7.89,53.86,54.0,29.45,29.49,0,1
1e037812f8d7530d,1,7.97,54.42,54.5,29.23,29.24,0,1
87a5fd24e88d5e0a,1,8.15,55.13,55.15,30.08,30.09,0,1
76a494d09cd75446,1,8.22,55.66,55.71,25.67,25.67,0,1
794b439e9922527b,1,8.08,37.18,37.18,23.63,23.64,0,1
74c77891a7d45a15,1,7.79,33.73,33.73,23.51,23.52,0,1
06f604b0d4835371,1,7.45,50.64,51.37,31.22,31.4,0,1
8993f8b000855b17,1,8.65,52.05,52.18,33.22,33.22,0,1
49d00c5507175e01,1,8.67,51.28,51.48,30.92,30.92,0,1
8e9d920cd8595185,1,8.72,49.78,50.01,30.39,30.4,0,1
9c1e4098a32a5432,1,8.78,47.45,47.67,30.21,30.23,0,1
8a92561fdd0750ad,1,8.66,44.76,44.95,30.33,30.34,0,1
6e10835f184d5921,1,8.52,41.63,41.78,27.7,27.71,0,1
91e06c22962d53bb,1,8.37,39.44,39.56,27.51,27.51,0,1
be6f90f06bc35be3,1,1.0,17.66,19.32,7.2,7.2,0,0
8651cc01649b5d5b,1,1.33,17.37,21.12,6.78,6.8,0,0
3af98cdf0bc35f44,1,1.7,16.79,22.62,9.37,9.53,0,0
abcb112aeb3458cf,1,2.01,16.99,23.36,11.12,11.58,0,0
1834f4fb0ca15b93,1,2.27,16.8,24.34,10.99,11.49,0,0
8172f888cc1f5c0f,1,2.45,17.14,25.03,9.44,10.52,0,0
3b6e03834b255849,1,2.59,16.72,25.85,11.22,12.42,0,0
1113bc93478c56fe,1,2.68,17.98,26.14,11.97,12.76,0,0
9f528c7bfca6509b,1,4.37,35.44,37.68,18.69,19.26,0,1
1ed850327b905ebd,1,4.64,37.91,39.08,20.39,20.66,0,1
4eaf35cea96d5dd9,1,1.53,23.76,23.89,14.96,14.99,0,0
fcb6bd60c8905c79,1,2.31,27.63,27.78,16.85,16.88,0,0
0d7f280bf979592b,1,4.23,24.53,33.78,14.83,14.83,0,0
52fae9c4f2025dc3,1,3.98,23.69,33.05,13.7,14.73,0,0
0a649534cf715ba2,1,3.78,24.11,32.44,12.43,13.2,0,0
e89a30bba6345ada,1,3.6,25.42,31.36,12.33,13.02,0,0
08dad3e5005658df,1,2.72,19.58,26.33,12.31,12.74,0,0
150505a546335d5d,1,2.79,21.21,27.17,12.14,12.31,0,0
d894554636eb52f4,1,3.24,20.29,29.15,11.38,11.69,0,0
00c893a01244562c,1,3.3,20.11,29.09,11.98,12.66,0,0
bc1489ef42185fa1,1,3.29,19.58,29.5,11.03,12.01,0,0
6af09cbf5d405f49,1,3.21,19.44,29.71,10.91,11.53,0,0
c473976e5a2f5111,1,3.14,20.35,29.96,10.97,12.48,0,0
ee80a7cf312253e2,1,3.13,22.19,30.39,11.01,12.63,0,0
6bacccc5dd3652c3,1,1.96,5.85,11.62,5.65,6.16,0,0
213870b088245664,1,1.91,5.38,11.66,5.09,5.57,0,0
9e9e33077f375062,1,1.86,5.28,11.82,4.9,5.52,0,0
e8daa33268685b31,1,1.8,5.52,12.04,4.9,5.53,0,0
3346340e1c275766,1,1.75,6.16,12.23,5.23,5.93,0,0
f9c8ec6aefc05be4,1,2.13,25.46,26.51,9.72,9.94,0,0
7d5f417c01fb5a87,1,2.22,26.45,26.87,9.55,9.68,0,0
c67262b6c33b5b0f,1,2.32,27.3,27.5,12.11,12.19,0,0
e5fb0daef05956f0,1,9.61,37.39,37.41,29.36,29.36,0,1
b1ce459acfb95179,1,9.14,33.82,33.85,25.14,25.14,0,1
38736da1e9dc51c8,1,8.52,30.23,30.26,22.28,22.28,0,0
ddc904ff3be05595,1,7.87,26.8,26.83,20.59,20.59,0,0
6740833c5f9d571a,1,7.19,23.55,23.55,17.31,17.31,0,0
d90d4f05ebde5bed,1,6.66,20.56,20.56,15.59,15.59,0,0
e3418fb50fa55320,1,6.14,17.68,17.68,13.91,13.91,0,0
ba82b67601605dd3,1,5.55,14.99,14.99,12.0,12.0,0,0
91defa409f0254d5,1,2.72,6.32,6.32,3.98,3.98,0,0
2a8b9c88615450a8,1,2.31,5.08,5.08,2.82,2.82,0,0
260c9a75f6e05785,1,1.84,4.05,4.05,1.31,1.31,0,0
2087ff145dae502d,1,1.32,3.26,3.26,0.74,0.74,0,0
dc2d59ce7b1258cf,1,0.04,8.06,8.06,7.63,7.63,0,0
2e21fba9a22851ae,1,0.35,10.36,10.36,11.25,11.25,0,0
473a047c10f45ef3,1,0.92,12.85,12.86,10.77,10.77,0,0
83fd1c194c0c5441,1,5.23,35.35,35.47,20.18,20.2,0,1
da0d775d13c956be,1,5.05,37.7,38.65,19.31,19.32,0,1
c95f789949355567,1,4.33,23.28,34.67,14.18,15.2,0,0
53a22c2f65fd57d5,1,4.28,23.88,34.25,12.48,13.47,0,0
5a3a4277dc785511,1,4.26,25.05,34.74,15.95,17.78,0,0
442b2cf63c6f570a,1,4.22,26.95,35.13,16.39,18.04,0,0
18492b6ce9905b13,1,4.15,29.02,35.31,14.42,15.94,0,0
312d2bf03023521a,1,4.1,30.93,35.44,15.85,17.1,0,0
41f86f5fb97d505c,1,4.19,33.11,36.66,17.96,18.95,0,1
cbdda157b6705786,1,3.12,28.73,30.74,13.24,13.76,0,0
16d3bf2e9bf75eb4,1,3.34,30.48,32.03,14.9,15.41,0,0
78c26c7e63c3534c,1,3.26,12.36,25.07,9.94,10.46,0,0
81286af2aa9c5e17,1,3.11,11.82,24.73,9.75,10.36,0,0
63768cbe8b2d5c65,1,2.96,11.95,24.51,9.6,10.29,0,0
ed166d61f7435477,1,2.85,12.32,24.4,9.49,10.2,0,0
4ccdd6c153335a2b,1,2.76,12.8,24.43,9.31,10.04,0,0
8bb0f6034d505f75,1,2.68,13.27,24.52,9.32,10.08,0,0
8439357bbb005600,1,4.72,39.5,39.72,20.21,20.25,0,1
7595830169065d37,1,4.94,40.62,40.84,19.54,19.58,0,1
216d5205e9745145,1,5.18,41.78,42.0,19.17,19.38,0,1
85dd82b1048e5509,1,5.38,42.83,42.95,10.23,10.57,0,1
61573a0820cc553a,1,5.5,43.45,43.53,9.46,9.63,0,1
c2f56a56716f55e3,1,7.1,50.64,50.76,25.06,25.07,0,1
86d5685d21d15ee9,1,7.05,50.4,50.52,26.42,26.44,0,1
35e9a9cf7fb85962,1,7.0,50.12,50.18,25.56,25.57,0,1
85da27c3381e5e63,1,6.17,36.33,36.81,27.25,27.43,0,1
cd8713b912495b6d,1,6.45,34.9,34.98,27.67,27.68,0,1
4de72cf1449b51c8,1,6.8,27.22,27.22,21.38,21.39,0,0
c968e1d258265a2b,1,6.61,24.69,24.69,19.49,19.49,0,0
efe7a294e40e5508,1,6.39,22.11,22.11,17.48,17.49,0,0
7580af9b56085218,1,6.17,19.51,19.51,15.6,15.61,0,0
3c303aa231e65a53,1,5.93,16.74,16.74,13.61,13.61,0,0
dc472958283b57cc,1,5.64,14.35,14.36,11.41,11.41,0,0
58c61cbce5825c91,1,6.92,49.45,49.46,23.4,23.4,0,1
65e41bd322a25dd1,1,6.03,36.33,41.54,18.38,18.39,0,1
98b414a515bb5b99,1,5.73,34.22,40.41,19.36,19.46,0,1
9483fae2cfc352eb,1,5.28,31.76,38.69,13.08,13.1,0,0
65451b2015ec58c7,1,4.82,27.67,34.05,3.73,3.73,0,0
5bdeb71025415ed9,1,4.38,27.56,34.58,13.28,13.44,0,0
b54d370ffcf653ed,1,4.0,25.89,33.16,9.65,9.8,0,0
b662afef6f935725,1,3.78,25.24,32.44,9.77,10.05,0,0
155c340aae355cd4,1,1.05,13.03,13.04,14.33,14.36,0,0
a567ea679ba056ce,1,3.42,24.58,24.58,13.36,13.4,0,0
b72ed3ae0ad551a8,1,3.44,12.95,12.98,12.95,12.98,0,0
a075b9f46b7b5831,1,3.37,11.79,11.79,11.08,11.09,0,0
7f2934ac111854f5,1,3.25,21.27,21.41,14.32,14.45,0,0
a8a34f54618050f6,1,3.82,10.78,14.21,13.01,16.25,0,0
480f8beca45f53cd,1,4.21,10.87,13.99,14.04,15.49,0,0
5c1b8e332d105b79,1,5.83,20.34,20.93,25.4,25.95,0,0
2ead0bb5e6705b4a,1,3.92,7.44,7.47,4.71,4.71,0,0
5aae47691f185a21,1,3.39,5.8,5.83,3.58,3.58,0,0
92106b8512315c03,1,2.87,4.33,4.34,2.43,2.43,0,0
f6ce545dcc975501,1,2.35,3.14,3.15,1.7,1.7,0,0
36077daf1cda5d05,1,1.66,2.2,2.22,0.7,0.7,0,0
991972800a895109,1,0.97,1.65,1.68,0.14,0.15,0,0
5dea796da1ce5b02,1,0.86,15.07,17.9,8.48,8.65,0,0
f7cef72b285555af,1,1.08,15.02,18.85,8.47,8.67,0,0
1bc892186af15042,1,2.24,12.89,14.68,9.56,9.77,0,0
25000ee050145f13,1,2.34,12.88,14.68,9.32,9.47,0,0
72781f1cbd405769,1,1.14,18.2,20.58,4.86,4.86,0,0
c4e83619721455b0,1,1.31,18.43,21.52,7.18,7.18,0,0
ea7d8f38a0a05149,1,1.53,18.94,22.12,7.98,8.06,0,0
da9ee145e2b05480,1,1.8,19.48,23.48,7.76,7.9,0,0
b868adf3ec2e56a5,1,2.03,19.95,24.66,7.51,7.7,0,0
79e582695923514a,1,2.18,20.17,25.09,9.1,9.58,0,0
08fcb3344bea538d,1,2.33,21.29,25.54,9.23,9.74,0,0
5085749584aa5377,1,2.48,21.42,26.43,9.37,9.87,0,0
d7b1349fb4775cc1,1,0.2,14.18,17.02,9.45,9.76,0,0
8628470b20555c1d,1,0.21,14.18,17.06,9.43,9.76,0,0
5c3080b50d365629,1,0.37,14.19,17.24,9.4,9.74,0,0
dbba0a418817539e,1,0.78,14.53,18.61,10.83,11.45,0,0
25e5bbbced86504c,1,1.37,15.22,21.23,10.71,11.4,0,0
8c384d60912b5f73,1,1.96,16.59,23.36,10.64,11.44,0,0
3ad6a3f7a0f155f8,1,3.52,27.1,30.54,14.18,15.23,0,0
21990e031d705957,1,3.53,28.75,30.99,13.25,13.64,0,0
2731fa425acf52f4,1,2.7,8.96,13.09,1.07,1.08,0,0
ddc1271ea57154bc,1,1.81,15.68,16.31,10.4,10.47,0,0
d0bf0c6c025c5c8c,1,1.95,6.93,16.79,8.51,8.68,0,0
d09ecc45a5685873,1,2.04,8.42,12.73,8.22,8.4,0,0
39fde97003dd540e,1,2.06,7.55,12.08,6.85,7.17,0,0
57fc7e48f73a5218,1,2.01,6.63,11.76,6.74,7.45,0,0
0735d8974394552b,1,5.22,11.89,11.91,9.61,9.61,0,0
5ddaadb992ef5c1f,1,4.72,9.63,9.66,7.12,7.12,0,0
0dd6fe46c94055ec,1,4.17,7.55,7.59,5.65,5.65,0,0
8848228852a65400,1,1.12,12.54,12.54,9.41,9.41,0,0
b0a73894d5a75e59,1,0.95,14.37,14.37,9.37,9.37,0,0
4cfa7ad13dc952b3,1,1.13,16.81,16.81,13.69,13.69,0,0
879d4e4e0d2b5386,1,1.63,19.57,19.57,13.62,13.62,0,0
fe4459e9f02052d3,1,6.47,28.98,36.63,25.61,27.79,0,0
d6ec2a0b9fe25a58,1,0.96,15.33,15.33,14.76,14.76,0,0
e67729beeaa95c34,1,1.59,18.78,18.78,18.73,18.73,0,0
7a146021c3485224,1,3.71,30.29,30.3,25.81,25.81,0,0
e9d7cc484394548f,1,4.39,33.79,33.8,27.28,27.28,0,1
dc0c3446973f56b3,1,5.05,37.1,37.11,28.86,28.86,0,1
58e19769184c5f43,1,5.67,40.12,40.13,32.08,32.08,0,1
431ae29947e95c26,1,0.03,7.4,7.4,4.51,4.51,0,0
4606b66d9fe75354,1,0.12,7.45,7.52,5.87,5.87,0,0
5bfd2094e1ed528c,1,8.21,41.26,41.26,25.46,25.46,0,1
f158576757e95c31,1,8.05,38.33,38.34,23.58,23.58,0,1
bd4adf326a205d51,1,7.73,34.68,34.69,23.1,23.1,0,1
578d2af2c3625ace,1,7.31,30.96,30.97,21.3,21.31,0,0
9695a17335715894,1,6.84,27.39,27.41,18.96,18.96,0,0
bb57439423df56c7,1,6.33,23.99,24.0,17.02,17.03,0,0
de22e3d2143f51f7,1,5.83,20.68,20.69,14.16,14.16,0,0
7f2cd560a3c3528a,1,5.36,16.95,16.97,12.32,12.32,0,0
651f88b4c46e50a2,1,8.43,24.52,24.53,21.9,21.9,0,0
d4f989ee320e52e9,1,6.53,15.3,15.31,13.25,13.25,0,0
332ac89545ed5822,1,5.78,11.7,11.77,9.92,9.92,0,0
64ee149f402a5601,1,5.01,9.31,9.34,7.21,7.21,0,0
72c898c5c6a45939,1,4.31,7.05,7.08,4.71,4.71,0,0
7f1f382094685881,1,3.82,5.17,5.21,3.59,3.59,0,0
846863e9cd7059c5,1,3.26,3.5,3.52,3.22,3.22,0,0
6d8767e46d975896,1,2.45,2.15,2.19,1.25,1.25,0,0
fff973197a795e6a,1,7.5,30.31,30.31,23.52,23.53,0,0
78f8d55c59105b7b,1,7.21,41.35,41.53,21.67,21.68,0,1
f1992f61c13e5998,1,6.96,22.5,22.5,17.75,17.76,0,0
454446c80b625c47,1,6.63,19.62,19.63,16.23,16.23,0,0
6d540c863075575c,1,6.21,16.72,16.73,14.2,14.21,0,0
e8858099d9b652f2,1,5.72,14.14,14.15,10.32,10.33,0,0
b60cd9b5f9a75b57,1,5.16,11.67,11.68,8.43,8.43,0,0
16cd404f3eaa5cd0,1,4.55,9.43,9.45,7.12,7.13,0,0
ff60c00aba8b554e,1,2.46,17.64,25.97,10.44,11.35,0,0
65bed9b54a335206,1,2.83,19.07,28.17,10.2,11.16,0,0
3216cf4d7e975148,1,3.14,21.54,29.44,16.83,20.31,0,0
13c555e68671524f,1,3.42,24.15,31.33,6.73,6.97,0,0
253ec4fb977d52d6,1,3.6,27.22,32.73,13.85,15.71,0,0
acd0bceedc6852c2,1,3.66,30.01,33.47,15.03,15.82,0,0
c70300305bb9547e,1,3.74,32.55,34.57,15.38,16.03,0,1
1d3a143cf41f5d16,1,4.99,38.75,39.22,20.54,20.55,0,1
2e6e9e72249a5980,1,2.13,24.15,25.86,8.53,8.53,0,0
3ea7ba225643556d,1,2.12,24.02,26.04,10.19,10.21,0,0
6666f491ef505a49,1,2.24,24.28,26.22,12.67,12.79,0,0
8181a3050dfa51b4,1,2.39,24.68,27.06,12.23,12.4,0,0
15faa071a7145ad6,1,2.51,24.93,27.73,11.58,11.83,0,0
6cdf58d03f8e5493,1,2.63,25.32,28.41,11.46,11.84,0,0
3e68b96c1d745820,1,2.74,26.05,28.61,11.83,12.36,0,0
39168e35ed085e11,1,2.92,27.2,29.59,13.02,13.66,0,0
d31d38e1a2305147,1,9.45,61.2,61.2,36.74,36.75,0,1
8371ac42ba585d35,1,9.54,61.56,61.57,37.2,37.21,0,1
8413eaf2b8e45e3b,1,9.66,61.98,61.98,37.27,37.27,0,1
93080b4cb0435e4a,1,9.75,62.31,62.31,32.11,32.11,0,1
237739df15ff58cb,1,9.36,38.1,38.1,27.77,27.77,0,1
8fb6a2364e0c53f9,1,9.21,34.99,35.0,28.06,28.06,0,1
fa0f2e54ad7259b0,1,9.06,31.66,31.66,27.47,27.47,0,0
b7922416f6935fc4,1,8.85,28.13,28.13,24.95,24.95,0,0
c66027dcfef35daf,1,3.9,7.07,7.08,3.81,3.81,0,0
08dfae1bbef35bdc,1,3.13,5.45,5.47,3.2,3.2,0,0
82ef8b099fb55f0c,1,2.43,1.13,1.94,2.03,2.03,0,0
b821203c112455cb,1,1.84,2.65,2.71,1.0,1.01,0,0
6bc3bf1ef6a85616,1,1.27,2.36,2.42,0.62,0.62,0,0
234a85adedc75216,1,0.79,1.95,2.02,0.19,0.2,0,0
7c30e0debf0c532b,1,0.1,7.25,7.27,10.15,10.16,0,0
b91f8a685d7457c4,1,0.52,10.03,10.05,12.36,12.38,0,0
dc26fde28bc65ef6,1,3.16,24.72,30.97,11.07,12.36,0,0
7682ed33c75a5116,1,3.23,27.38,31.58,12.03,13.01,0,0
6d83f0adc26e5ee5,1,3.31,29.79,32.2,12.24,12.85,0,0
8fa565e2239853e3,1,3.4,31.63,32.83,12.6,12.89,0,0
b9c124bdb19956b7,1,1.04,12.91,18.82,10.11,10.62,0,0
b4d40a7532c05cd0,1,1.69,12.06,20.97,11.12,11.89,0,0
825663ce94fe5df1,1,2.08,12.7,21.94,9.42,10.06,0,0
ae33fa122ac45a10,1,2.09,12.52,22.26,9.55,10.26,0,0
2541de938ff15eee,1,7.63,30.8,30.8,22.91,22.92,0,0
660451aead9653b7,1,7.46,27.19,27.19,21.19,21.19,0,0
7c150adbe5225f20,1,7.23,23.8,23.8,19.11,19.12,0,0
38fb216f0cc35ecc,1,6.95,19.76,19.77,17.07,17.07,0,0
1f90968aaeb55128,1,6.59,16.68,16.68,14.85,14.85,0,0
3c584e53042d5157,1,6.08,13.98,13.98,11.89,11.89,0,0
19b1cc462216591a,1,5.44,11.4,11.41,8.36,8.36,0,0
611145a947d95451,1,4.68,9.12,9.13,6.07,6.07,0,0
633df956d5645243,1,6.68,43.12,43.12,35.34,35.34,0,1
67077701cdd85c9d,1,0.08,9.73,15.36,7.38,8.04,0,0
2c9ad43fb0cd5394,1,0.17,9.79,15.5,7.42,8.09,0,0
b11b571fd6a35e9e,1,0.59,10.94,16.52,8.76,9.84,0,0
a20beaedf66b59f3,1,1.08,10.94,15.73,8.79,9.82,0,0
f9ed38d9ddfa531e,1,3.0,14.75,14.93,5.47,5.56,0,0
265a62af0b2954a5,1,2.68,19.57,24.74,9.79,9.96,0,0
52e0d1590e0e529d,1,2.62,18.53,23.63,5.85,5.87,0,0
dc3b040ef45c5094,1,6.7,45.85,46.09,29.13,29.17,0,1
9a22009eaa1250fe,1,6.85,52.62,52.91,28.75,28.8,0,1
7df1cd3745675ca9,1,6.68,46.0,46.16,25.62,25.64,0,1
60e8f2447c205324,1,6.71,45.4,45.49,29.13,29.15,0,1
1d3dfbbe8a0a54f6,1,6.84,46.72,46.77,29.04,29.05,0,1
2f1f5a4351e15458,1,7.08,47.77,47.81,34.68,34.68,0,1
d61ff1ca160557e8,1,7.4,51.46,51.49,35.11,35.11,0,1
b7598f311c365e95,1,7.76,33.97,33.97,23.29,23.29,0,1
e463ad284c0d595c,1,1.29,14.92,19.78,11.96,12.61,0,0
3ae3cf56296b5861,1,2.53,16.54,24.84,12.93,14.73,0,0
7316c116f05d57a5,1,3.21,16.08,22.41,12.72,15.18,0,0
2a08c81705d755c7,1,5.2,41.42,42.04,24.33,24.65,0,1
6e983b745cb9535b,1,8.98,19.25,19.25,36.86,36.87,0,0
8686e685b08a5c3e,1,8.94,45.02,45.02,2.95,2.95,0,1
45935e0787fd5a31,1,8.83,55.18,55.18,13.64,13.64,0,1
85adece1f9d55cc6,1,8.72,58.26,58.26,8.1,8.1,0,1
90797642e4065c3c,1,2.11,12.62,22.21,9.98,10.75,0,0
8693307093e0553b,1,2.27,13.02,23.24,9.94,10.65,0,0
92c6df44cf055882,1,2.48,13.85,24.88,10.71,12.13,0,0
a589b9ccbe3e5d1c,1,2.73,15.27,26.86,10.82,12.5,0,0
7c2c92e3afdd555f,1,3.02,17.86,28.06,11.14,12.9,0,0
b1cb5523e43b594a,1,3.29,20.46,30.04,14.09,16.84,0,0
2d8b8e77af38568f,1,3.52,23.53,31.78,14.69,17.26,0,0
fc8a40e606a25836,1,3.71,27.12,33.28,15.22,17.56,0,0
5282504f73a759b9,1,13.34,66.18,66.21,12.76,12.76,1,1
654f6079561e5cdb,1,13.39,66.24,66.25,12.92,12.92,1,1
7c2df54ec2df5a6e,1,13.28,66.16,66.16,50.01,50.02,1,1
09c56525e8e853a8,1,10.59,48.06,48.06,31.68,31.68,0,1
a82ce9edf79d56a6,1,10.19,44.77,44.77,27.77,27.77,0,1
c15774bfb6655d18,1,9.77,41.05,41.05,27.08,27.08,0,1
b425ed76adfb5351,1,9.33,36.99,36.99,24.79,24.79,0,1
e166284508e554fa,1,8.84,32.19,32.19,22.32,22.32,0,1
4b5fc0f1425c5288,1,0.05,9.22,9.24,12.47,12.47,0,0
b9013028b5d45eee,1,0.57,11.8,11.81,14.96,14.96,0,0
c2915f2ac7f55f97,1,5.29,42.05,42.07,2.8,2.8,0,1
6d9c2a30a6435937,1,6.08,45.74,45.75,2.99,2.99,0,1
4768080b04d5530e,1,6.84,49.09,49.1,31.28,31.29,0,1
cb50b764d69557b9,1,9.69,33.4,33.41,27.76,27.76,0,1
01da0653d99c5903,1,9.22,29.68,29.68,25.05,25.05,0,0
87ecb477e85b5a58,1,8.56,25.95,25.95,22.73,22.74,0,0
5396af8f09455852,1,3.63,25.4,32.04,13.06,13.81,0,0
f082cf21642c5cbc,1,0.09,6.24,9.61,7.06,7.76,0,0
53414ba6577d5923,1,0.02,6.27,9.55,6.95,7.6,0,0
420d59a27cb053ae,1,0.02,6.3,9.56,6.88,7.52,0,0
ab0c43fd9f2c5481,1,0.22,6.3,9.69,6.99,7.93,0,0
26b5e3878f2250ac,1,0.74,7.4,9.7,7.26,8.97,0,0
0b0a419d29cf5e9a,1,2.89,21.67,27.12,12.5,14.0,0,0
695990349fc551a7,1,3.13,26.34,30.38,15.44,16.65,0,0
726a691895a75bfc,1,7.93,22.47,22.48,18.76,18.76,0,0
8dda399c53aa5be8,1,7.27,19.0,19.0,15.99,16.0,0,0
451f66014a765bce,1,6.57,16.01,16.01,14.05,14.05,0,0
df0122d3b7d35eb9,1,5.83,13.29,13.29,11.52,11.52,0,0
5f3da1e584905c8e,1,5.03,10.85,10.87,8.86,8.86,0,0
08684d8a5d675f4a,1,4.29,8.66,8.66,6.51,6.52,0,0
72cb0bed47ab5464,1,7.0,42.24,42.3,27.85,27.88,0,1
62c5045db3c159aa,1,4.11,19.87,20.43,18.82,19.07,0,0
29a576f5351a5162,1,3.9,30.74,34.67,15.41,16.63,0,0
0f2ee0e7661d5ccf,1,4.07,39.81,42.29,18.11,18.93,0,1
13b9787d163b5072,1,4.74,25.96,36.3,14.83,14.83,0,0
8712b89ee20152e4,1,4.33,24.1,34.92,12.45,13.27,0,0
f620e6d6c13b53b7,1,3.97,23.35,33.75,11.77,12.89,0,0
dc05b41a768b5015,1,3.16,29.21,31.43,11.96,12.65,0,0
11182a0af9c95c8c,1,3.04,30.59,31.08,12.08,12.28,0,0
aef8ab04144650cd,1,3.07,35.19,35.2,16.98,17.01,0,1
e8f5c2714bfe5213,1,13.58,66.7,66.72,49.58,49.59,1,1
4b594a8e80915943,1,6.26,30.76,30.79,22.15,22.15,0,0
812464919a4f5362,1,6.36,28.77,28.78,19.89,19.89,0,0
ff5e13b14d735e52,1,6.35,26.18,26.19,17.9,17.9,0,0
2c67391395c65d6a,1,6.25,23.74,23.75,15.71,15.71,0,0
f6195258cc20552f,1,5.92,20.91,20.92,13.59,13.59,0,0
ac0fb7997f4e5106,1,5.53,17.34,17.34,10.61,10.61,0,0
35f226ec4cac52fc,1,5.0,13.35,13.43,8.62,8.62,0,0
b219a12536715748,1,4.85,13.44,13.46,10.2,10.2,0,0
6dcd43697e01597d,1,4.32,11.15,11.18,8.71,8.71,0,0
c81f2105e14758ea,1,3.82,9.54,9.57,7.14,7.14,0,0
583e9cc4115258e4,1,5.06,19.8,26.07,20.44,20.72,0,0
742456f4f1c65425,1,4.96,13.34,15.82,12.67,12.96,0,0
e758a9ddb8a85469,1,5.34,28.21,28.53,24.64,24.78,0,0
79d36fbd8d115f06,1,5.61,38.27,42.79,23.85,24.19,0,1
f5e6e24328fd5e7c,1,5.92,33.38,37.52,23.97,24.82,0,1
31cda9ad4b8257b9,1,7.54,31.9,31.9,18.74,18.74,0,0
808e5edcddce51c3,1,7.11,28.51,28.51,15.13,15.13,0,0
f2280f25f98852c0,1,6.63,25.69,25.69,13.49,13.49,0,0
0c318d7923d15b78,1,8.95,40.18,40.18,28.03,28.03,0,1
c48cfa7c240d5808,1,8.83,37.93,37.93,27.6,27.6,0,1
5d3e45ad38ef5b9c,1,12.4,65.36,65.39,49.76,49.77,1,1
661cdcf44ebe5c68,1,12.39,65.34,65.37,49.59,49.6,1,1
80ae73dfb4c45e8d,1,12.39,65.33,65.37,46.52,46.54,1,1
e14711ef4d2f5000,1,2.44,8.88,23.16,9.62,13.15,0,0
94ac0f71d5615e4c,1,3.48,31.23,32.9,18.6,19.46,0,0
a8c2268684c35a80,1,7.07,48.69,50.26,27.42,27.56,0,1
4f37ec7f0ac75960,1,7.21,49.19,50.93,27.45,27.62,0,1
6c28c001109f5718,1,7.35,49.88,51.63,27.04,27.23,0,1
cf45427178d25b3d,1,7.48,50.59,52.29,27.0,27.23,0,1
b805c900794c53f5,1,7.62,51.44,53.05,29.16,29.51,0,1
a7ad6a154d2051bd,1,0.0,17.06,17.06,8.27,8.27,0,0
435eadb0f1fe5b49,1,4.34,8.2,8.32,6.14,6.15,0,0
91ae20bf459859fe,1,3.63,6.28,6.44,3.76,3.76,0,0
e96f254899095cf1,1,2.88,4.87,5.07,2.74,2.74,0,0
d5407856a57357ce,1,2.12,3.73,3.75,1.42,1.42,0,0
e917a198bd9757a4,1,1.46,2.9,2.92,0.77,0.77,0,0
14d171fcb9295596,1,0.61,4.9,4.92,5.24,5.24,0,0
fe703fbf263151f2,1,0.86,7.61,7.63,7.6,7.6,0,0
1e241714a35658ff,1,1.05,9.75,9.77,9.12,9.12,0,0
513a97511d135ebd,1,7.3,40.64,40.92,28.82,28.94,0,1
5be861ae85a75b45,1,7.27,40.7,40.87,16.19,16.21,0,1
dbfcc3b5aa945597,1,7.23,40.69,40.81,16.27,16.29,0,1
ba84537a483f508a,1,4.68,24.62,24.63,13.1,13.1,0,0
60e35d8a323b5b5f,1,4.36,22.03,22.04,13.25,13.25,0,0
aff2f948de815a32,1,4.04,19.04,19.04,12.01,12.01,0,0
d5085a26c5915a49,1,3.74,16.33,16.34,8.59,8.59,0,0
3f67051b121a5e43,1,3.48,13.1,13.11,8.5,8.5,0,0
d07c624bab3d5a61,1,7.91,32.68,32.72,22.77,22.79,0,1
7b48c1c9cf995c36,1,7.43,31.14,31.18,21.24,21.25,0,0
f7c57baf089e561b,1,6.93,29.01,29.01,16.22,16.27,0,0
2b9bb7ffb9cf5da8,1,6.56,26.64,26.66,18.08,18.1,0,0
bd1e37aab1c7530f,1,6.23,24.41,24.52,16.14,16.14,0,0
b87c15c9f6cf54eb,1,5.74,22.09,22.19,10.62,10.62,0,0
7e6d49b500545236,1,5.23,18.99,19.13,3.17,3.17,0,0
7b4fca2db9255996,1,4.69,15.84,15.87,3.14,3.15,0,0
97bbc33ac7d4586d,1,9.82,30.38,30.41,27.8,27.81,0,0
cf1b346426bd5fce,1,9.38,21.24,21.24,27.06,27.06,0,0
759af2e479de5bbb,1,8.87,29.32,36.91,22.59,22.59,0,0
7a735f01957d5f72,1,8.3,26.36,27.16,19.52,19.53,0,0
fb524406adde5e78,1,7.74,23.47,25.43,16.05,16.07,0,0
559c4c23eb5d565a,1,7.21,19.6,23.4,10.65,10.66,0,0
47af60921ec65144,1,6.66,15.63,21.91,4.13,4.13,0,0
4d5a01dea92b5867,1,6.15,13.28,14.77,4.24,4.24,0,0
d9c700e9e21b50ba,1,4.18,29.65,29.66,20.36,20.36,0,0
3b8d6a01f5705389,1,8.25,53.87,53.88,28.49,28.5,0,1
06392ff957445576,1,8.27,53.94,53.96,33.28,33.3,0,1
a85f6afede71548f,1,8.42,54.26,54.28,33.7,33.74,0,1
83291306454c5e84,1,8.58,55.13,55.15,35.51,35.56,0,1
922b13fe723c505a,1,8.75,55.66,55.68,35.04,35.09,0,1
f2dd261c41755967,1,8.9,56.08,56.09,35.3,35.34,0,1
8580d0bf545b5261,1,8.83,56.15,56.15,19.23,19.24,0,1
f4fc2446b41e55ba,1,4.93,19.76,20.28,11.62,11.64,0,0
d6f66c51d98a5db6,1,4.49,18.59,18.79,9.71,9.73,0,0
94689128d3bb5ac8,1,4.08,16.71,16.93,9.8,9.84,0,0
b18f4a30eea65702,1,3.7,15.44,15.66,8.9,8.95,0,0
f39952caeb2b5014,1,3.45,11.24,11.69,9.0,9.07,0,0
7bb27993dd475c3d,1,3.26,11.14,11.37,8.96,9.03,0,0
824944b52b98552b,1,3.11,11.08,11.32,7.16,7.2,0,0
16b6a51da6515191,1,3.02,11.07,11.3,7.03,7.07,0,0
cf1c7170df175256,1,8.76,35.33,35.33,24.33,24.33,0,1
072471bece365f16,1,8.35,32.27,32.27,22.15,22.16,0,1
55de917b2f545939,1,7.84,29.11,29.11,18.66,18.66,0,0
8c2841e7cecf5047,1,7.29,26.12,26.12,18.87,18.87,0,0
7021139b47cf5370,1,6.74,23.16,23.16,17.11,17.11,0,0
ce19d75d9b55589d,1,6.18,20.5,20.5,15.46,15.46,0,0
a9f07bb60bd75461,1,5.62,17.86,17.86,12.5,12.5,0,0
c0e6ee59f6455107,1,5.09,13.93,13.93,10.82,10.82,0,0
0e5653822a7a56b3,1,4.24,14.81,21.42,5.17,5.18,0,0
483042d5dc175e99,1,4.21,13.54,19.58,5.37,5.38,0,0
e26d9a5288165f2a,1,4.26,13.14,19.48,4.43,4.44,0,0
a51ed55eaa9c54c9,1,4.17,11.29,24.94,10.16,10.8,0,0
d6f52d0bbaf5523c,1,4.15,11.77,27.1,10.1,11.15,0,0
4a46ef99ddf55b8d,1,4.22,10.03,12.8,10.62,11.84,0,0
4291f43bae455b98,1,5.71,22.0,22.25,14.9,14.91,0,0
d3fe95784a34578f,1,5.38,21.14,21.53,13.54,13.55,0,0
eed926191448591a,1,4.97,22.66,23.89,2.88,2.88,0,0
03817943eb905452,1,5.62,27.03,28.93,21.96,22.57,0,0
d318551a8ce150e5,1,5.97,28.76,31.73,25.19,26.07,0,0
614cdeb09cc25923,1,6.8,29.22,39.8,31.31,34.88,0,0
edbd8b34cdc65008,1,7.12,32.78,41.5,27.24,32.11,0,1
44a82a16cdbc5813,1,7.46,34.84,43.88,27.51,32.09,0,1
7beae7492ff45866,1,7.81,37.37,46.03,28.44,32.95,0,1
e0cc59c7dc8c50bd,1,8.2,44.26,53.1,31.76,36.39,0,1
c423fa3a18fa5187,1,4.6,7.75,7.75,9.02,9.02,0,0
563aa14962ba55f4,1,4.1,11.39,11.42,7.64,7.64,0,0
120e412f13585a21,1,3.73,9.53,9.56,7.28,7.28,0,0
dee9cc93aed75630,1,3.41,7.97,8.01,4.91,4.91,0,0
75b0adddd02558ba,1,2.97,6.5,6.54,3.66,3.66,0,0
cd5af222f868534b,1,2.58,5.22,5.28,3.19,3.19,0,0
c7979a062bff5710,1,2.16,4.17,4.18,1.94,1.94,0,0
199bda2914215d57,1,1.75,3.26,3.27,1.14,1.14,0,0
82531fc4fe8f5a26,1,4.18,13.47,13.47,3.96,3.97,0,0
3fa4c6924d3c55ab,1,3.51,10.71,10.71,4.26,4.28,0,0
58b96e6ca9a95ff4,1,2.66,9.06,9.08,2.23,2.24,0,0
5fe06174763b5c36,1,4.61,24.2,24.92,15.87,15.88,0,0
443099f672655d56,1,4.52,23.05,24.23,13.87,13.88,0,0
cf3b2b1199045e08,1,4.43,21.32,22.82,11.93,11.94,0,0
5a37ffc78c1e5782,1,4.3,19.73,21.93,13.95,14.03,0,0
e1d83d0f913a5263,1,4.25,17.74,21.47,8.21,8.22,0,0
2113dcf1e88b598e,1,5.12,12.51,12.69,17.84,19.18,0,0
a5ed322a79205030,1,5.07,12.5,12.6,18.04,19.19,0,0
64a1d44d73015a60,1,5.15,12.59,12.64,20.32,21.28,0,0
130e977c13995170,1,5.34,12.77,12.78,20.77,21.37,0,0
c38fcc20f071501a,1,5.57,12.94,12.95,23.23,23.38,0,0
02145ce72fd95a85,1,6.2,13.88,13.94,19.38,19.52,0,0
7404939e443458cc,1,6.19,13.84,13.95,19.32,19.43,0,0
0be1a98f7d1f5fce,1,6.13,13.78,13.94,21.95,23.61,0,0
3d29e22a03a15391,1,1.32,2.59,2.6,0.76,0.76,0,0
5a0af6d9e7a45c95,1,1.0,2.03,2.05,0.62,0.62,0,0
82cd87ad4f1d5969,1,0.66,1.64,1.67,0.12,0.12,0,0
b0c4bad4c4fa5060,1,0.06,7.46,7.49,9.92,9.92,0,0
6b258d7ddf7d53f3,1,0.39,11.33,11.36,14.3,14.3,0,0
eb3531cddadb57e9,1,1.21,16.01,16.01,15.78,15.78,0,0
0b9a48e2b0d351b9,1,2.75,22.78,22.79,16.17,16.17,0,0
f1cc8f05115d5db6,1,3.46,26.26,26.27,22.26,22.26,0,0
d89b0ef5c58b5621,1,1.81,2.67,2.72,2.81,2.81,0,0
766a723ba30f574c,1,1.65,2.55,2.58,1.71,1.71,0,0
a6862e7424815856,1,1.31,2.34,2.36,1.15,1.15,0,0
111485c5e6f458a9,1,0.95,2.15,2.16,0.51,0.51,0,0
330166def5a35f4d,1,3.53,11.22,11.54,12.82,13.09,0,0
8b5dd405c14c5249,1,3.97,11.51,11.79,12.25,12.42,0,0
250be1db1d67582c,1,3.87,11.43,11.74,8.8,8.86,0,0
f3f9f7a6f8f15f49,1,3.76,9.5,9.73,8.66,8.73,0,0
8a2c1d34f9df5213,1,3.84,11.42,11.8,17.65,18.45,0,0
314e2f70ce905b5e,1,4.35,11.8,12.14,18.11,18.87,0,0
2e6b78be8c9e5e0c,1,4.77,12.18,12.49,19.64,20.47,0,0
189b5f98f6e6549c,1,5.09,12.44,12.76,19.6,20.41,0,0
690cbb033f3750c7,1,5.17,12.48,12.81,19.24,20.04,0,0
7e8b3ed18d295d9c,1,5.2,12.47,12.84,19.09,19.95,0,0
597fd00be3675d16,1,5.13,12.37,12.78,17.57,18.27,0,0
8208f7794645559d,1,5.03,12.27,12.68,17.63,18.34,0,0
4332fab190e05b95,1,0.01,8.88,8.88,10.29,10.29,0,0
92838ad73bf95b3a,1,0.03,12.32,12.32,10.38,10.38,0,0
76031bb4f8f7566d,1,0.23,15.53,15.53,14.51,14.52,0,0
1e09c94f9cfb5fc9,1,0.98,19.26,19.26,17.03,17.03,0,0
d35af9a0d57656d4,1,1.89,23.94,23.94,20.53,20.53,0,0
13d2650251d25e83,1,3.86,33.84,33.84,27.12,27.12,0,1
4a6ab6e35934543a,1,4.84,38.61,38.61,28.75,28.75,0,1
e53fc4a1bbe0568b,1,5.79,42.03,42.03,31.75,31.75,0,1
c62b532b8f355b16,1,7.21,30.14,30.14,19.2,19.2,0,0
46a9bf6f100c5e0a,1,6.87,27.11,27.11,17.39,17.39,0,0
ad2bbc4542205912,1,6.55,24.18,24.18,16.2,16.2,0,0
68c666c7045f5609,1,6.02,21.74,21.74,13.87,13.87,0,0
561ac555b4a85edc,1,5.59,19.19,19.19,12.14,12.14,0,0
ac40749eddb45a13,1,5.1,16.63,16.63,9.97,9.97,0,0
e3caf69e02f857ba,1,4.62,14.29,14.29,7.63,7.63,0,0
9666a4125db25507,1,4.06,12.67,12.67,6.29,6.29,0,0
09babda49aa659a1,1,3.6,8.53,8.54,4.81,4.81,0,0
45e6bebee4305fb6,1,2.86,5.82,5.86,3.22,3.22,0,0
55ba1ce72f1b5160,1,2.26,4.73,4.73,2.21,2.21,0,0
ebb383e16f7c5121,1,1.68,3.83,3.84,1.01,1.01,0,0
b0b25b314843551d,1,1.14,3.2,3.21,0.54,0.54,0,0
ef3dd8a6f4995678,1,0.04,8.52,8.57,4.75,4.75,0,0
f66694a622cf5c99,1,0.09,8.83,8.88,4.8,4.8,0,0
3c3cc389d4ee512b,1,0.37,10.02,10.02,4.81,4.81,0,0
7d24bd01f77c5d87,1,5.69,11.83,21.21,4.3,4.3,0,0
29e7ffa0ba1f589b,1,5.22,10.61,13.36,12.45,14.95,0,0
95005e9d60b05d1d,1,8.59,48.13,48.15,24.93,24.93,0,1
0c8e3fd67ae45324,1,8.51,45.46,45.48,25.02,25.02,0,1
e1c80a4e90a1501d,1,8.43,42.91,42.92,24.89,24.89,0,1
9fb8affb5c295640,1,8.36,40.56,40.57,25.17,25.17,0,1
b962399e13f35965,1,6.69,27.96,27.96,19.29,19.29,0,0
a0ff6ccbf156551f,1,6.59,26.11,26.12,19.03,19.03,0,0
78c9157a55905d81,1,8.62,47.98,55.84,33.12,36.96,0,1
3fe8df1737825eb3,1,9.0,52.13,57.56,35.29,37.87,0,1
4889752cac5f5e59,1,9.36,56.17,58.36,38.03,39.51,0,1
1ed78a92956f5c5c,1,9.69,59.01,59.64,44.52,45.02,0,1
f24b703a3f14583f,1,8.44,40.1,40.1,25.44,25.44,0,1
e27b4628314951bb,1,8.16,37.22,37.22,24.94,24.94,0,1
d01ce29c2b1951a2,1,7.81,34.43,34.43,20.93,20.93,0,1
a83a32870332554f,1,7.39,31.23,31.23,19.07,19.07,0,0
c8fa1980b26e5f46,1,7.5,35.74,35.74,21.14,21.14,0,1
6b3d5914f92b54d9,1,7.04,33.6,33.6,19.45,19.45,0,1
a78e1f18f3b255d8,1,6.6,31.18,31.18,17.45,17.45,0,0
d33a0db0dd335837,1,6.17,28.55,28.55,15.88,15.88,0,0
f863be1a4d1d5e96,1,5.8,26.04,26.04,14.07,14.07,0,0
cd0fd62195e552da,1,5.44,23.89,23.89,12.0,12.0,0,0
ac07a96cae965e88,1,4.1,22.42,22.42,25.42,25.42,0,0
0179d579d30e588c,1,4.71,25.21,25.21,23.08,23.08,0,0
b0070f55eda95848,1,3.29,11.57,11.58,8.32,8.32,0,0
35bc469fdde35a17,1,3.17,10.17,10.18,7.72,7.72,0,0
dbff1141343a5736,1,3.01,9.39,9.49,6.31,6.31,0,0
07952d3dbf4550de,1,2.78,7.45,7.48,4.08,4.08,0,0
0a0d98c22d765e1e,1,2.48,6.57,6.72,3.5,3.5,0,0
29051d7805db50d0,1,2.17,5.15,5.33,1.9,1.9,0,0
6154b9589f9553fa,1,1.66,4.24,4.26,1.01,1.01,0,0
d56e3d307eb8525a,1,1.18,3.63,3.65,0.68,0.68,0,0
adfdcd3c5a9a5fb9,1,4.94,12.16,12.57,17.68,18.37,0,0
b8b3f457e7ac5382,1,4.83,12.09,12.48,17.65,18.36,0,0
c62dafe55b9d538d,1,4.75,12.07,12.42,17.85,18.53,0,0
0a99133136835ee9,1,4.72,12.08,12.4,18.19,18.87,0,0
d69b6aacdd0459e3,1,4.79,12.16,12.45,18.44,19.09,0,0
93a4b61a25b0509f,1,4.9,12.24,12.51,19.66,20.51,0,0
4566a3d9b5e95d9b,1,4.92,12.23,12.54,16.83,17.39,0,0
86fbb46276605d14,1,5.01,12.29,12.63,19.32,20.26,0,0
f860a73be2cd5fe5,1,3.02,31.23,31.23,22.02,22.02,0,0
5883b0e7c7215e80,1,7.86,45.62,45.62,28.27,28.27,0,1
1cff7a7ece6851c4,1,7.72,44.94,45.09,23.58,23.6,0,1
ca7e845b9c19597c,1,7.62,50.4,50.59,20.73,20.78,0,1
4986d2307c895bdb,1,7.54,51.75,51.76,20.7,20.79,0,1
7b2758fa57ef54b7,1,7.45,50.08,50.11,10.9,10.93,0,1
71e2924dcf525bc7,1,7.34,48.18,48.87,19.89,19.97,0,1
d7708962e5cc554f,1,6.38,12.87,12.87,13.49,13.5,0,0
d8bbb945380d5d78,1,5.23,27.37,27.37,24.75,24.75,0,0
94652fa0c64d5846,1,7.17,46.84,47.13,28.51,28.52,0,1
60f9200ffade5c53,1,7.89,48.5,48.98,32.23,32.3,0,1
ec7ec2875d5f5fe9,1,8.43,49.35,49.85,25.44,25.47,0,1
16e645697d7559b3,1,8.46,40.55,40.55,25.45,25.48,0,1
1e80afcdb0b65cc4,1,8.44,39.0,39.04,30.19,30.23,0,1
202d3d3e3b9356a3,1,8.31,35.97,36.04,23.08,23.09,0,1
aa4272ed1b785b94,1,8.15,34.21,34.3,7.97,7.97,0,1
e9bfb4821bfd5801,1,6.16,13.83,13.98,24.6,26.69,0,0
18b121dcc082591e,1,6.34,22.14,22.78,24.92,26.6,0,0
460110d5a345522d,1,6.41,22.5,22.81,25.4,26.32,0,0
26ca3d6741065921,1,6.6,22.85,22.94,27.96,28.46,0,0
b2f336de7d295a8b,1,7.14,40.52,40.61,22.07,22.08,0,1
14d53f85ccc65f23,1,7.12,32.99,33.12,28.77,28.89,0,1
bcd38d9246695d74,1,7.21,40.32,40.72,29.3,29.49,0,1
d24706485f0452eb,1,7.29,40.47,40.88,29.36,29.57,0,1
0c4bafb20cea5e44,1,0.66,1.42,1.45,0.12,0.12,0,0
0436604d25145231,1,0.06,7.22,7.26,4.76,4.76,0,0
80bc2d8487e552f1,1,0.47,7.54,7.58,10.44,10.44,0,0
dd83ce8b0dec51d2,1,1.29,21.79,22.23,13.12,13.12,0,0
15cd405711fa54f8,1,2.14,23.89,25.36,14.95,14.95,0,0
69a4cff1f35655ff,1,2.9,20.09,26.76,5.31,5.31,0,0
4f2041f942aa5630,1,2.81,18.77,26.43,12.77,13.27,0,0
6782b9c3686f58f3,1,3.09,16.56,28.0,12.79,13.77,0,0
d47d27f1cfb65061,1,6.92,27.14,27.14,17.64,17.64,0,0
fa4e4826f5585647,1,6.42,23.16,23.16,15.73,15.73,0,0
d9cf5623b4f85cad,1,5.89,18.05,18.05,14.02,14.02,0,0
3889b6ba58845785,1,5.29,15.59,15.59,11.91,11.91,0,0
969198fbd19d59b1,1,4.69,13.35,13.35,9.89,9.89,0,0
e91f2da06b8e517f,1,4.08,11.42,11.42,7.51,7.51,0,0
86536c24d4805ac7,1,3.46,9.51,9.51,4.73,4.73,0,0
3545234b609d5f4a,1,2.83,8.22,8.22,3.68,3.68,0,0
e64d993cb8a75338,1,2.54,9.05,9.08,5.94,5.94,0,0
65130561cbfb567a,1,2.45,9.03,9.06,5.84,5.84,0,0
1814002af9f253c6,1,2.39,6.9,6.94,4.63,4.63,0,0
b0b850e74a1e5bc7,1,2.3,6.03,6.03,3.18,3.18,0,0
c284f9a1803f585f,1,2.05,1.75,2.24,3.24,3.24,0,0
303d9d8e1bbf5053,1,1.99,0.85,1.68,4.42,4.42,0,0
ac7167da1d1a5342,1,1.95,10.72,10.86,4.09,4.09,0,0
c80bc7cdeb5e50f0,1,1.9,5.34,5.42,2.97,2.97,0,0
f8f7f1ebe2fc5bda,1,5.0,12.29,12.62,17.98,18.72,0,0
294335a3e5e45496,1,5.05,12.3,12.64,19.02,19.96,0,0
5816a23cfee25d4e,1,5.11,12.36,12.69,19.65,21.42,0,0
30638699ab8e575c,1,5.17,12.43,12.75,19.4,20.32,0,0
16e4bd114af157a4,1,5.2,12.48,12.78,19.46,20.5,0,0
077031ef7dcb5ab4,1,5.22,12.53,12.82,17.85,18.76,0,0
3fb1b622b5e155cc,1,5.29,12.59,12.86,18.45,20.11,0,0
1c5ca85e734859c4,1,5.17,12.53,12.76,17.9,19.32,0,0
49119e0bd9335681,1,3.56,10.66,10.66,5.95,5.95,0,0
3c448f4385bf58e1,1,3.14,9.27,9.28,3.86,3.86,0,0
2c439b29049252a7,1,2.66,7.52,7.63,3.5,3.51,0,0
2318ebb3b64554fc,1,2.22,5.64,5.78,2.16,2.16,0,0
876278ea40b25284,1,1.83,3.44,3.45,1.69,1.69,0,0
a98bfcdd7d6c5683,1,1.36,2.75,2.76,0.72,0.73,0,0
012dc5d8043555ef,1,0.8,2.27,2.29,0.17,0.19,0,0
854521fe3b945040,1,0.03,7.71,7.82,10.41,10.41,0,0
08e025b8ab6253bc,1,6.75,49.51,49.53,28.66,28.7,0,1
3e11d77a9aca5bb7,1,6.78,50.68,50.7,24.92,24.95,0,1
aee61beda170540c,1,6.88,50.13,50.15,25.19,25.21,0,1
e4b5a2693d2d5a31,1,6.97,50.54,50.55,26.06,26.07,0,1
62667ead92a35fbd,1,0.17,18.05,18.05,11.66,11.66,0,0
5f8eb8f944eb596c,1,0.82,20.23,20.23,13.83,13.83,0,0
1835975eaaf65843,1,1.58,24.05,24.07,17.87,17.87,0,0
893455c02e16508b,1,2.33,27.8,27.8,20.56,20.56,0,0
42e65d558a9c5813,1,3.65,8.55,8.55,6.42,6.42,0,0
b4d19eea031f50ac,1,3.2,7.03,7.04,4.27,4.28,0,0
96f15b834684542e,1,2.75,5.69,5.69,3.95,3.95,0,0
360670b878f45284,1,2.27,4.51,4.52,2.22,2.22,0,0
304be364cb4050ce,1,1.81,3.62,3.63,2.0,2.0,0,0
3b7933b82dc65348,1,1.42,2.88,2.9,1.09,1.09,0,0
5576401890e55a6e,1,1.19,2.26,2.28,1.0,1.0,0,0
95de48bebbb35484,1,0.96,1.75,1.78,0.47,0.47,0,0
a7f7be23b6185470,1,0.0,17.56,17.56,10.43,10.43,0,0
f8de050af1de5ced,1,0.03,17.72,17.72,12.72,12.72,0,0
c576010dd74157a5,1,0.18,18.07,18.07,15.31,15.31,0,0
166dac05bf555e13,1,0.91,20.71,20.72,19.52,19.52,0,0
e1fe1575a4275d3c,1,1.87,25.5,25.5,22.13,22.14,0,0
f4059b9c69d5509c,1,3.86,35.37,35.38,27.56,27.56,0,1
27f94d9f461852c4,1,4.82,40.1,40.1,32.67,32.67,0,1
b1c08eae66d35f5d,1,5.79,44.69,44.69,35.84,35.84,0,1
526a568a22795441,1,4.23,20.93,21.55,16.71,16.91,0,0
38cce6a01e6753ea,1,4.76,31.16,31.53,22.05,22.17,0,0
f2a8ed3f01f15ef3,1,4.86,25.52,25.52,14.79,14.79,0,0
bf5be5d94ffa52f8,1,4.68,23.57,23.57,13.3,13.3,0,0
063794d8842b5683,1,4.49,21.13,21.13,11.13,11.13,0,0
e0a645315de658bc,1,4.35,17.21,17.25,11.02,11.02,0,0
7276ff87d3c2557c,1,4.19,7.2,7.21,10.75,10.75,0,0
345fc96fdf4c572b,1,3.98,11.69,11.71,7.96,7.96,0,0
7cdcc814be255d9f,1,13.43,66.67,66.75,53.04,53.08,1,1
840d3a1a7a935536,1,13.34,66.17,66.23,51.18,51.21,1,1
1636385aa7ce5995,1,13.3,65.68,65.69,53.25,53.26,1,1
d8c6aedcb54a56fb,1,9.86,46.89,46.89,27.6,27.6,0,1
bdfc5ac88bce56ed,1,9.29,43.62,43.62,25.56,25.56,0,1
9edd49210af95749,1,8.64,40.07,40.07,22.89,22.89,0,1
e49a1ec4a5af596b,1,8.06,36.78,36.78,22.3,22.3,0,1
03660e332def5cfa,1,7.57,33.17,33.17,20.9,20.9,0,1
020dee65dab453bb,1,3.63,7.56,7.75,8.31,8.37,0,0
66225fc71bd35554,1,3.39,5.54,5.7,6.11,6.15,0,0
94d74f87c8435b61,1,0.0,8.97,9.25,3.76,3.77,0,0
7f2edc964c6d5323,1,0.0,8.97,9.25,3.78,3.79,0,0
3103614e29e25cd4,1,0.0,8.97,9.25,3.76,3.77,0,0
e7d6dc36775b52cc,1,0.06,9.02,9.31,8.25,8.33,0,0
e343f38ae86a57fd,1,0.49,9.29,9.59,10.88,11.06,0,0
7ac633604a3c572d,1,3.26,11.13,11.52,14.99,15.5,0,0
013ec5b715635a66,1,8.93,40.18,40.18,30.81,30.81,0,1
84b38cdaa93e5dcd,1,8.74,58.21,58.31,26.41,26.41,0,1
67fee242b1a35834,1,8.62,57.69,57.8,32.92,32.93,0,1
b4899f9464d058f2,1,8.62,57.7,57.82,33.35,33.36,0,1
73ba0e501a005971,1,8.66,57.84,57.98,33.53,33.55,0,1
484acea96ad3506a,1,8.7,57.99,58.15,33.51,33.54,0,1
8625ec015e075c02,1,8.73,57.97,58.07,33.13,33.17,0,1
03c50783a77551a2,1,8.73,57.54,57.55,30.81,30.85,0,1
15975dc336e75ba2,1,1.95,5.71,5.84,1.68,1.68,0,0
ce1f8997a8ce502b,1,1.51,5.27,5.28,1.23,1.23,0,0
eff5b15eb0935b33,1,1.19,4.65,4.65,1.28,1.29,0,0
ea141bd5c40259de,1,0.18,7.32,7.32,10.58,10.58,0,0
07930113a85651b0,1,0.79,10.3,10.3,15.15,15.15,0,0
8cd3d83dd4825865,1,8.68,41.19,41.19,25.8,25.8,0,1
10d172af1ba359a2,1,8.49,39.82,39.82,23.21,23.21,0,1
a175a8b7f4c55cf6,1,8.04,37.91,37.91,22.89,22.89,0,1
3ff5c9a5bd155bb2,1,8.99,44.1,46.49,37.62,39.69,0,1
f79916e26eef5b74,1,9.27,48.69,50.23,39.92,41.18,0,1
f53ece8c1cb9562c,1,10.39,51.33,51.33,32.02,32.02,0,1
b24575ef9d575fb4,1,6.15,32.41,32.41,20.0,20.0,0,1
ecbe3bf1006155c7,1,6.27,29.44,29.44,19.54,19.54,0,0
bf1370df23cf5118,1,6.24,26.4,26.4,19.77,19.77,0,0
1e92a7ac3d645cdd,1,6.11,22.81,22.81,17.55,17.55,0,0
c3d6016d73645955,1,5.84,18.94,18.97,14.3,14.3,0,0
dce2c9983a00588e,1,4.55,18.08,18.09,10.69,10.69,0,0
391cdfaec8fc5088,1,4.24,15.94,15.94,10.35,10.35,0,0
d0c18f1bd62950d5,1,3.95,13.97,13.97,8.85,8.85,0,0
21e4dfb3741d529f,1,3.67,11.64,11.65,7.48,7.48,0,0
82b52ede639d544d,1,11.2,39.02,39.17,34.6,34.6,0,1
c8dd0a6b741e58b0,1,10.9,34.86,35.05,34.28,34.29,0,1
1d0dfd09b8185201,1,10.57,41.24,41.27,31.3,31.32,0,1
de205067b0165547,1,10.22,31.01,31.05,31.1,31.13,0,0
47f76d2da48f57ba,1,8.71,56.3,56.38,30.58,30.62,0,1
a93fe1ec53155bf7,1,8.69,54.28,54.74,30.48,30.53,0,1
e241e150a9c157b8,1,8.63,51.83,53.01,30.45,30.49,0,1
2e67ddf209365112,1,8.53,49.2,51.47,30.68,30.72,0,1
4aa06b58da9a56f8,1,8.31,46.6,49.7,27.86,27.89,0,1
404a7bf372cb5eac,1,7.99,43.04,48.14,24.93,24.94,0,1
87efb8cf52135247,1,4.4,23.83,34.36,12.62,13.43,0,0
b7784f3cdf6b5991,1,4.16,23.75,33.86,12.45,13.54,0,0
b80d3fb49fc858d1,1,4.22,42.86,44.91,18.73,19.31,0,1
b7215e8a4eb6552a,1,4.5,43.42,44.26,20.53,20.8,0,1
5c5a8066ceae51bc,1,8.04,53.73,53.98,30.28,30.29,0,1
ddf3383ec8965d9b,1,8.13,53.98,54.28,33.8,33.82,0,1
c052667192cb5ade,1,8.23,55.92,56.15,33.42,33.45,0,1
0e2ed241aa315929,1,8.33,56.31,56.58,33.45,33.5,0,1
3e5b0593a3e75d29,1,8.4,56.62,56.92,33.59,33.65,0,1
1ebc11a17d925215,1,8.5,57.01,57.31,33.49,33.56,0,1
b56a66ac853c56e9,1,3.13,7.86,7.86,4.98,4.98,0,0
006e2728d7115fa7,1,2.58,6.64,6.7,3.65,3.65,0,0
bdb0947d0c835022,1,0.49,7.07,7.12,8.97,8.97,0,0
f1940c1eca9857cb,1,0.7,8.77,8.81,11.22,11.22,0,0
83d3fda04c1f57bd,1,0.99,10.48,10.49,11.81,11.81,0,0
e6eeac307f6d507d,1,6.29,22.91,23.01,9.96,10.1,0,0
cdc9d2e591cc552c,1,6.57,23.2,23.31,9.28,9.3,0,0
dded75c35039515f,1,6.77,23.31,23.49,11.71,11.82,0,0
d05f1fb1af98505d,1,4.04,24.72,33.9,14.09,15.3,0,0
918b6721bcf75d38,1,3.97,26.48,34.03,14.09,15.83,0,0
40688677dc5e5d16,1,3.91,28.47,34.21,14.45,15.92,0,0
a0be9e4c6cc15ec7,1,3.85,30.16,34.24,14.77,15.88,0,0
d5bf13024f755ee4,1,3.78,31.53,34.63,13.41,13.96,0,0
13c76ba40a5e5987,1,3.8,33.02,34.86,17.07,17.53,0,1
863e343b2fe45cc1,1,4.15,16.99,16.99,11.01,11.01,0,0
c6aec764d6d059e9,1,3.9,15.34,15.34,11.7,11.71,0,0
6a13232f3c97575a,1,8.6,57.46,57.74,33.69,33.75,0,1
b5d72ce63e11581b,1,8.7,57.91,58.16,33.74,33.79,0,1
8df9b515d98e5c38,1,8.79,58.34,58.55,33.7,33.75,0,1
3eb063189dd15649,1,8.82,58.53,58.7,33.47,33.51,0,1
11aef9f936f45518,1,8.88,58.79,58.87,33.73,33.76,0,1
be851166b6665891,1,8.97,59.19,59.25,33.84,33.86,0,1
869ee63671f65126,1,9.04,59.48,59.53,35.51,35.52,0,1
d67eda0cf1305a71,1,9.14,59.86,59.91,35.15,35.17,0,1
d6deeba48d2c5dfe,1,0.67,11.35,11.35,6.78,6.78,0,0
955098957a615194,1,0.9,12.44,12.48,6.84,6.84,0,0
94d21a3c26c65363,1,1.09,13.8,13.8,7.29,7.29,0,0
fffbe416ae85553b,1,1.25,15.03,15.03,7.26,7.26,0,0
abda798b87535e07,1,1.36,16.28,16.28,7.37,7.37,0,0
0498b27fee425645,1,1.46,17.63,17.63,7.35,7.35,0,0
f60b8b3796c45845,1,1.55,18.93,18.93,8.45,8.45,0,0
390cb416304c5d2a,1,1.64,17.68,17.68,10.45,10.45,0,0
b60afdbc7cc65971,1,6.81,23.21,23.3,11.47,11.59,0,0
32dd24533788546c,1,6.68,24.36,24.44,6.92,6.99,0,0
ff412420037b524a,1,6.42,23.08,23.13,15.02,15.07,0,0
b658c12176c05fc5,1,5.94,21.74,21.76,14.15,14.16,0,0
c08100986326547c,1,5.39,17.34,17.35,13.89,13.89,0,0
c39af88ae1be534a,1,5.15,15.73,15.74,12.69,12.69,0,0
c32ae6a1954651ec,1,4.91,14.51,14.52,10.76,10.76,0,0
4bdff78fdccd5f6d,1,0.09,9.8,9.82,7.4,7.4,0,0
36650ce9087150de,1,0.92,11.21,11.25,4.48,4.48,0,0
8f741adb793f51c9,1,0.68,7.35,8.87,2.41,2.46,0,0
b389efc36b545908,1,0.76,7.2,8.57,4.75,4.94,0,0
f75560fb13f25476,1,0.76,6.96,7.56,0.84,0.86,0,0
c3987ea376cb5a69,1,0.74,6.57,8.28,4.83,5.0,0,0
2d6d2dd79ad75ea5,1,0.87,8.8,9.7,13.79,13.84,0,0
c7c9121707745be3,1,3.1,19.48,21.64,13.58,13.91,0,0
0b81fee06b6156d5,1,3.66,20.35,21.18,13.01,13.05,0,0
80ad06a7a2975213,1,0.26,7.82,7.84,12.09,12.09,0,0
0c38a8ace1f5548e,1,7.58,33.61,39.71,27.7,30.23,0,1
ccf8ef537aa65a7a,1,7.76,33.52,39.48,27.64,30.15,0,1
5e2b839cccb95921,1,7.98,33.5,39.38,30.52,34.14,0,1
3bb3a8f506bf5980,1,8.18,34.93,40.35,30.65,34.18,0,1
9b09b277214d5623,1,8.35,36.61,41.3,31.66,35.14,0,1
77e9812a54d05caf,1,8.51,38.47,42.51,31.67,34.7,0,1
a0c45624aa5251db,1,8.69,40.96,44.17,34.44,36.9,0,1
ec75cc0ff5825fb9,1,1.24,17.52,17.52,9.2,9.2,0,0
f4aca518cfa05850,1,1.29,17.66,17.66,11.22,11.22,0,0
f5a6d648a71e5d47,1,1.33,19.39,19.42,11.33,11.33,0,0
f3fc5020ecbd537f,1,1.23,18.53,18.55,13.39,13.39,0,0
4bbc76cff4355b53,1,1.38,18.22,18.25,13.55,13.56,0,0
f3047391e1f25aad,1,5.41,22.53,22.58,6.88,6.96,0,0
bb4ca2b147d35b62,1,5.55,22.57,22.69,19.18,19.19,0,0
7d6c25f47aa658e8,1,5.59,22.54,22.7,19.12,19.15,0,0
9b4cfcda4a755b05,1,3.89,8.53,8.53,6.71,6.71,0,0
6a8a6b3a7d5f55cd,1,3.29,6.8,6.8,5.24,5.24,0,0
dc7dda8b400157ef,1,2.57,5.56,5.62,3.21,3.21,0,0
128e9fbd01125cc7,1,1.85,4.17,4.18,1.81,1.81,0,0
76e72a3b44205ec0,1,1.29,3.7,3.71,1.3,1.3,0,0
76b708c365e45536,1,0.9,9.16,9.23,6.82,6.82,0,0
3fb360a01b775e07,1,0.02,14.84,14.84,9.31,9.31,0,0
2e8d3c1cd8b15c97,1,0.01,14.86,14.86,9.26,9.26,0,0
8051c60f20705909,1,6.16,31.14,31.14,20.21,20.21,0,0
e1950bc54da65383,1,6.19,17.87,17.96,19.66,19.66,0,0
dccee2a69ee5501d,1,6.06,13.01,13.27,20.0,20.0,0,0
f5f55c1132d75fa7,1,5.99,24.44,24.72,19.98,19.99,0,0
6a8571daa3445923,1,5.74,22.11,22.16,16.06,16.07,0,0
22c1a51ffc1f5022,1,5.4,18.29,18.5,10.49,10.5,0,0
c13f0e8db9b15c69,1,4.86,23.65,23.66,8.69,8.7,0,0
f3c165d6e31f524d,1,4.25,12.41,12.48,7.16,7.16,0,0
2638cdfa752b5d7c,1,0.39,11.62,11.63,7.2,7.2,0,0
bf1db71f1cc35b98,1,0.79,16.87,17.08,11.3,11.31,0,0
490f4995542058fc,1,1.21,19.24,19.68,10.28,10.29,0,0
7dac1567fa8d574c,1,1.56,21.39,22.33,10.29,10.3,0,0
880d9918a2635d59,1,1.89,22.5,24.12,14.45,14.49,0,0
c68108211dfa57e0,1,2.18,22.84,25.28,14.53,14.56,0,0
48183678cb965e68,1,2.44,22.71,26.23,11.07,11.08,0,0
cacf768cc27e5574,1,2.7,22.1,26.88,12.72,12.74,0,0
42559fd839fa54b2,1,2.15,17.99,24.23,10.57,11.3,0,0
2dd2bd50fcc458d7,1,2.19,18.69,24.67,10.49,11.2,0,0
e5224fa3a0f95b04,1,2.44,20.15,26.15,12.03,13.13,0,0
3d43337c0e6b5910,1,2.75,22.19,27.94,12.13,13.15,0,0
9e787f2f65a85f08,1,3.06,24.54,29.83,14.02,15.34,0,0
cd59c2696d01521a,1,3.37,26.98,31.69,14.72,15.96,0,0
731f133ce3055d30,1,3.66,29.64,33.49,15.68,16.82,0,0
0d63314a528159c9,1,3.94,32.44,35.17,17.98,18.98,0,1
476c37463b4f580e,1,5.57,22.46,22.53,19.01,19.04,0,0
df2ed02abeba57fe,1,5.47,23.67,23.73,18.66,18.69,0,0
fa16987e17c25356,1,5.32,22.52,22.56,18.33,18.35,0,0
253dba7510ca56b8,1,5.17,22.48,22.51,13.18,13.18,0,0
63f4362f90ef55a1,1,5.05,22.22,22.24,13.11,13.12,0,0
6b4cf0c1208155f5,1,4.9,17.3,17.31,12.77,12.77,0,0
7c94fd89afb95a88,1,4.75,12.62,12.63,12.15,12.15,0,0
283f93bc73b2571b,1,4.39,10.48,10.49,9.18,9.18,0,0
9406203fdb815e58,1,7.6,32.74,32.74,21.14,21.14,0,1
d926deb799a65bea,1,7.15,29.27,29.27,17.55,17.55,0,0
6914bcabdeec5e0f,1,6.57,26.37,26.37,16.01,16.01,0,0
b43de4c16b8d5e99,1,5.99,22.9,22.9,13.92,13.92,0,0
217307a367fd551a,1,5.39,20.09,20.09,12.17,12.17,0,0
4e52fd2c46fa5a3f,1,4.8,17.74,17.74,10.1,10.1,0,0
ed76cdcd1c6c5078,1,4.23,15.01,15.01,7.65,7.65,0,0
fe6db2d0c7025b8a,1,3.65,13.37,13.4,6.45,6.45,0,0
32c0c70837d05c47,1,0.17,10.54,10.55,13.04,13.04,0,0
8719c1b8087d5590,1,0.89,14.0,14.0,16.72,16.72,0,0
bc949c2045ca5537,1,8.45,35.38,35.39,25.02,25.02,0,1
71fefe3bc0f0591e,1,7.92,32.4,32.4,22.73,22.73,0,1
729b53c777da522e,1,7.39,29.52,29.52,21.07,21.07,0,0
1faa10d7c34553d2,1,6.84,26.72,26.72,17.78,17.78,0,0
639c2678cce95d68,1,6.36,24.04,24.04,18.01,18.01,0,0
64859d25f1b555dd,1,5.89,21.52,21.53,14.66,14.66,0,0
6b68c09f87b85dc8,1,5.53,13.19,13.21,16.79,16.8,0,0
a7fa674076175448,1,0.79,14.94,15.66,9.06,9.16,0,0
125a155883e55be7,1,1.1,16.4,17.86,9.13,9.24,0,0
8e9e20dde3ed5f0d,1,1.36,17.12,19.62,8.94,9.08,0,0
4e60581353585fdc,1,1.92,16.45,23.19,10.03,10.47,0,0
6347504b632c5be1,1,1.98,16.44,23.61,10.09,10.62,0,0
b090f02ef43f5d41,1,2.03,17.14,23.28,10.35,10.99,0,0
06b2df49f0455bd0,1,2.09,17.44,23.74,10.48,11.21,0,0
e0ae2ba5807f558a,1,3.63,13.68,13.68,9.93,9.93,0,0
c77dbdd287825d1a,1,3.33,12.3,12.3,8.33,8.33,0,0
7f890846214d583a,1,3.06,10.93,10.93,6.77,6.77,0,0
c2ddfc9b18815c97,1,2.8,9.53,9.54,5.54,5.55,0,0
e52f4dccf26f55a8,1,2.51,8.24,8.26,4.52,4.52,0,0
92729339932751f6,1,2.21,7.31,7.34,4.36,4.36,0,0
a5cde0f1dace5561,1,1.48,5.42,5.42,1.58,1.58,0,0
85c0017516e95fdc,1,0.07,9.28,9.29,5.61,5.61,0,0
5f548f26b9a7572f,1,5.79,24.21,24.21,12.15,12.15,0,0
53928c06f3005536,1,5.23,22.03,22.03,10.15,10.15,0,0
98042465f30c589d,1,4.68,19.77,19.77,8.74,8.74,0,0
a8d02b285a5451a0,1,4.14,17.73,17.73,7.68,7.68,0,0
a28aff9148b55b3b,1,3.69,15.63,15.63,7.43,7.43,0,0
b14d21a164615e3e,1,3.39,13.53,13.53,5.93,5.94,0,0
1ded576bc1325cae,1,2.99,10.84,10.84,3.78,3.78,0,0
ccf5fed938d95a04,1,2.39,8.28,8.28,2.62,2.62,0,0
1ef49bbbadd55818,1,5.4,18.85,18.86,12.98,12.98,0,0
18d63cca5ad554d2,1,5.02,16.62,16.62,12.34,12.34,0,0
a1d5046565c75d87,1,4.61,14.5,14.5,10.92,10.92,0,0
2ad04beca6e65771,1,4.2,12.52,12.53,9.09,9.09,0,0
7ebca95e877a557b,1,3.76,10.52,10.52,7.7,7.7,0,0
bdf99b84030a5a0f,1,3.33,9.05,9.06,5.39,5.39,0,0
91795d835c905882,1,2.93,7.68,7.68,5.1,5.1,0,0
61b6aabef76153af,1,0.9,12.33,12.33,9.23,9.23,0,0
07dd30b182de5fa5,1,2.9,21.41,27.48,12.48,12.5,0,0
4faa4706a50958e2,1,3.25,20.13,28.65,12.19,12.19,0,0
c18b1648f6045467,1,3.28,19.84,29.1,12.17,12.19,0,0
a572393e361e5b6c,1,3.36,20.1,29.84,12.01,12.89,0,0
f3462625913a59c2,1,3.48,20.89,30.88,12.15,13.19,0,0
5ebe40763ac05b5c,1,3.6,22.52,31.26,13.89,14.99,0,0
dc2279179bb25d08,1,3.7,24.48,32.28,13.73,15.42,0,0
5b707d3c85dd5ff0,1,3.78,26.81,33.11,13.95,15.39,0,0
b2b801ee99c95758,1,0.9,15.52,15.52,7.06,7.06,0,0
6c4bebeaa24a53ce,1,1.07,16.2,16.2,7.18,7.18,0,0
a8aba52e8a6151bf,1,1.24,17.31,17.31,10.1,10.1,0,0
e6e40103bfcb539e,1,1.52,18.64,18.64,10.34,10.34,0,0
2e405d459d8b5d9c,1,1.83,20.09,20.09,10.27,10.27,0,0
986cc16cb2295630,1,0.0,11.47,11.54,7.59,7.6,0,0
b0e6764ee8a35223,1,0.04,15.3,15.37,7.64,7.65,0,0
0e08da5fbc735956,1,0.19,16.47,16.54,9.44,9.44,0,0
e1398b3ecf3f520d,1,6.5,24.06,24.07,17.04,17.04,0,0
ecf10edba55e5595,1,6.29,21.7,21.71,15.22,15.22,0,0
33cdc99603ed57b9,1,5.84,19.43,19.43,13.76,13.76,0,0
b5cb26f114e3558e,1,5.26,17.59,17.59,10.2,10.2,0,0
09be81c492625fd5,1,4.63,15.65,15.66,8.94,8.94,0,0
1c3c37eeacd15c92,1,4.15,13.98,13.98,7.96,7.96,0,0
e36762528cdb5e37,1,0.44,13.83,13.84,6.73,6.73,0,0
3f11ac11755857c2,1,0.69,14.76,14.76,8.71,8.71,0,0
81c70798936b5140,1,3.26,19.01,20.77,20.6,21.8,0,0
e71bd2560b255f76,1,3.92,21.29,21.72,22.16,22.73,0,0
5abe25231fd05639,1,6.13,22.8,22.93,18.16,18.16,0,0
b1457b7279f75735,1,6.13,22.76,22.94,19.24,19.24,0,0
96a252e16d1553e1,1,6.1,22.71,22.93,14.02,14.02,0,0
53259c7d4d8952eb,1,6.03,22.79,22.88,22.5,22.54,0,0
9e8403c32a50530b,1,5.71,22.63,22.71,14.0,14.01,0,0
a39ec7322394565f,1,5.14,22.42,22.5,10.72,10.73,0,0
24e06c38547d5976,1,9.34,44.44,44.54,36.23,36.3,0,1
03e24d87e7315809,1,9.57,51.38,51.5,36.17,36.28,0,1
8dac96b2393f5de9,1,9.79,53.02,53.17,38.91,39.04,0,1
46adda2ea05a50a4,1,9.97,54.13,54.33,38.81,38.97,0,1
bc23c66181b15e25,1,10.08,55.84,56.08,41.08,41.26,0,1
134699ce1ce455c4,1,10.17,57.99,58.26,41.23,41.41,0,1
a66018d8ad8f594d,1,10.27,59.68,59.95,43.36,43.57,0,1
9b16e4fea2c25446,1,10.36,61.14,61.4,41.57,41.74,0,1
3921f38b62d55f1a,1,5.48,14.63,14.63,11.55,11.55,0,0
3808a6ba716d5da1,1,5.01,10.85,10.85,8.58,8.58,0,0
7ae00644dbef537f,1,4.44,8.68,8.68,6.98,6.98,0,0
14743d928b9257a1,1,3.73,6.77,6.77,4.52,4.52,0,0
0df7b61597705cf2,1,2.86,5.27,5.27,2.27,2.27,0,0
ef0b044d86855ffe,1,1.99,4.23,4.23,1.31,1.31,0,0
e970702e97ea50b2,1,1.33,3.48,3.48,0.79,0.79,0,0
a38bd3c8068d5ebb,1,0.87,2.99,2.99,0.55,0.55,0,0
2381f042c0855f20,1,0.05,14.96,14.96,9.24,9.25,0,0
039e37993d565b25,1,0.23,15.21,15.21,11.52,11.52,0,0
95528bd014555540,1,1.16,17.34,17.34,20.0,20.0,0,0
2115a02d06035ce0,1,0.78,9.4,9.96,4.76,4.77,0,0
84876bb274165ade,1,0.78,9.33,9.96,4.67,4.69,0,0
fb0a26a28ec359ce,1,0.79,9.34,9.67,4.7,4.71,0,0
1c9f36db867b50bf,1,0.82,9.28,9.69,7.29,7.55,0,0
c093d999a01c5e92,1,0.87,9.24,9.74,7.31,7.62,0,0
5971a8d84ff45bfa,1,6.1,22.54,22.54,14.93,14.93,0,0
885aa5c90eb9554c,1,5.84,20.76,20.76,11.85,11.85,0,0
018690bcb255590d,1,5.31,16.26,16.26,9.71,9.71,0,0
906d7e590245576a,1,1.75,18.71,18.71,13.07,13.07,0,0
46ce401b30ac56e9,1,5.83,22.24,22.36,15.99,16.02,0,0
74df22cda10a5cf9,1,5.67,19.6,19.69,14.25,14.26,0,0
5628a405141e5e29,1,5.5,15.32,15.39,12.41,12.42,0,0
d4f5976a6d615330,1,5.24,13.9,13.96,10.25,10.25,0,0
41598eaa4cef5f77,1,3.7,10.56,11.06,14.34,14.84,0,0
c810620e645e53b8,1,3.57,10.72,11.18,12.83,13.09,0,0
bb0e1af8651d525b,1,3.47,10.97,11.18,13.3,13.53,0,0
1e3b603ccda457c5,1,3.55,11.27,11.49,13.36,13.57,0,0
df30f32cd2ee5633,1,3.67,11.16,11.58,14.27,14.71,0,0
dd30198e0e6b5bd8,1,3.84,11.27,11.69,14.39,14.81,0,0
1511499da17054b0,1,4.04,12.67,13.33,16.06,16.34,0,0
2d4b17f8d7585219,1,4.17,11.72,11.96,16.12,16.42,0,0
b3de35a12e36586c,1,1.29,3.84,3.84,0.64,0.65,0,0
5c34deba76605c7b,1,0.2,9.71,9.76,10.12,10.12,0,0
02e1537a43d55ab2,1,0.57,11.79,11.79,12.61,12.61,0,0
5c8f6ebe705d5013,1,1.05,15.03,15.03,14.6,14.6,0,0
d44d7aacab755892,1,9.49,44.9,44.91,28.04,28.05,0,1
54fc99ad3c555e09,1,9.1,42.05,42.05,22.79,22.79,0,1
3fac271cd0795af0,1,8.56,39.15,39.15,23.16,23.16,0,1
aee5c527d8e85667,1,8.01,35.67,35.67,22.75,22.75,0,1
a669b18e5ecd575d,1,5.32,32.3,41.44,20.91,23.45,0,1
115e8a71aafc5d3d,1,5.5,34.36,42.72,19.58,21.51,0,1
4d4ef3ee372d5afc,1,5.67,36.66,43.89,21.49,23.57,0,1
fd38927a12a152fa,1,5.83,39.19,44.98,24.2,26.21,0,1
b77b106f469055bd,1,6.01,41.94,46.03,25.4,27.14,0,1
6a2adb1da8dd53f3,1,6.22,44.62,47.14,26.2,27.34,0,1
eac61acb69665f21,1,9.93,62.45,62.9,36.22,36.26,0,1
6c3a055d6ac15aa9,1,9.75,59.2,59.4,38.25,38.28,0,1
9482776d16a6551d,1,3.11,15.92,28.58,11.51,13.1,0,0
14128c4b87b15777,1,3.19,16.07,29.49,13.21,16.81,0,0
d0d1b5bd3b83551d,1,3.32,16.96,30.59,13.01,15.47,0,0
c73482934be65cec,1,3.45,18.73,31.73,13.93,17.17,0,0
a616a9583c735698,1,3.61,21.38,32.97,7.08,7.12,0,0
29949ff80141506e,1,5.15,38.81,39.42,23.43,23.76,0,1
277cdfc9479e52c4,1,5.37,41.29,41.42,20.36,20.44,0,1
247ba5f9646c5528,1,4.85,31.15,31.15,29.93,29.98,0,0
30f959771e1e588d,1,9.74,58.67,58.86,36.09,36.12,0,1
b023b7bcbab05bcb,1,9.76,61.12,61.54,33.97,34.0,0,1
fc4811f1f2745645,1,9.8,61.85,62.24,35.95,36.0,0,1
4a7156af749e54fc,1,9.85,62.14,62.5,33.47,33.52,0,1
fd525d3c25b15c97,1,9.91,61.89,62.11,37.63,37.7,0,1
0bee5ed0a0a957fd,1,9.97,62.86,62.96,37.96,38.01,0,1
912bc19c43a15d8d,1,10.06,63.37,63.39,40.05,40.07,0,1
6632c49f6f675b7b,1,8.85,20.94,20.95,30.61,30.7,0,0
b541b6d67bad546d,1,0.91,9.18,9.79,7.27,7.63,0,0
29d3fc42d08d57d2,1,2.84,10.07,11.31,10.54,12.07,0,0
448808123f695637,1,3.15,10.33,11.33,10.92,12.36,0,0
c9a4d6a0295f5142,1,3.18,10.45,11.21,11.02,12.12,0,0
6347553d03555ffa,1,3.27,10.52,11.12,13.45,14.93,0,0
d5ec09025a1e5a0d,1,3.47,10.52,11.04,13.69,15.11,0,0
6239683a6e0d556d,1,3.61,10.44,10.96,14.0,15.06,0,0
64185eb977005752,1,3.72,10.47,10.98,15.46,16.3,0,0
0e016d945ce25090,1,8.6,40.76,40.96,25.18,25.23,0,1
dafc83b1558053e9,1,8.32,26.75,26.75,22.82,22.86,0,0
2de3f6af0a69509d,1,8.01,33.86,33.97,22.95,22.98,0,1
131a036a111e54f3,1,0.06,1.94,1.94,9.45,9.45,0,0
eeba0804c2645281,1,0.56,1.81,1.81,13.52,13.54,0,0
cdd72f4a568a55a0,1,1.25,1.35,1.35,13.54,13.56,0,0
2b52c607f324583e,1,1.93,25.7,25.84,17.44,17.49,0,0
1c047acccbcb548f,1,2.57,26.39,26.55,15.2,15.22,0,0
2a5a7c87bce352a7,1,10.44,63.78,64.03,41.32,41.51,0,1
0145102e6c2f5803,1,10.51,62.78,63.05,43.22,43.41,0,1
3e42abec9c495419,1,14.01,72.04,72.08,54.2,54.2,1,1
7631ace833c857ba,1,13.9,72.22,72.24,53.57,53.57,1,1
8ba84ea2cc4a5ead,1,13.65,72.25,72.25,8.02,8.02,1,1
3f5d3b68c1a156ed,1,13.5,72.08,72.08,7.7,7.7,1,1
79bb6b3243f151a6,1,0.0,16.22,17.62,7.73,7.75,0,0
3bae0e44f3095a9c,1,0.04,16.3,17.72,9.5,9.57,0,0
0d09772186295ff0,1,4.88,10.39,10.4,7.82,7.83,0,0
c9903c96ff4153fe,1,4.23,8.37,8.38,5.68,5.68,0,0
e98f83538a315982,1,3.59,6.61,6.63,3.67,3.67,0,0
7e862e783690532d,1,2.93,5.19,5.22,5.32,8.12,0,0
1a9928bcc34451aa,1,2.32,4.04,4.06,1.93,1.93,0,0
9410f817dff058c2,1,1.78,3.22,3.24,1.04,1.04,0,0
3e6526b2f7755050,1,1.26,2.69,2.71,0.64,0.64,0,0
17cac31ef9135faf,1,0.0,10.49,10.5,3.64,3.64,0,0
752255614d7f569a,1,7.82,52.32,54.02,28.17,28.32,0,1
1e98fee7a7cc5254,1,7.72,51.64,53.55,26.04,26.19,0,1
61d8eb4fd2395520,1,7.62,51.13,53.17,25.5,25.67,0,1
54229e2cb94b5adb,1,7.53,50.77,52.79,15.43,15.46,0,1
20c16675ba295725,1,7.43,50.4,52.34,25.92,26.09,0,1
b1e0acd51fbf5895,1,7.34,50.1,51.97,24.77,24.92,0,1
df11795878cb5419,1,7.22,49.68,51.2,24.55,24.71,0,1
b5f57f5a6b5b5244,1,7.1,49.31,50.72,26.05,26.24,0,1
7a140c5865295d91,1,0.05,16.32,17.75,9.5,9.58,0,0
f6df3f934bdb598d,1,0.5,17.01,18.61,13.18,13.52,0,0
7643b4b3f33d5910,1,1.19,19.39,21.9,15.22,15.78,0,0
152a3fbb37155fa0,1,1.88,21.14,24.97,16.52,17.4,0,0
0f31cc38f9f55c9a,1,2.54,22.4,27.76,17.03,17.79,0,0
866edd106b555de6,1,3.14,23.62,30.33,16.87,17.51,0,0
c5af9333bf63510d,1,4.55,29.87,36.85,20.89,22.55,0,0
e6e2b0d2f0495557,1,4.88,32.31,38.15,18.85,19.82,0,1
fdc126183c355692,1,3.52,11.35,11.58,12.36,12.82,0,0
a709a9bbafe555e1,1,3.51,11.25,11.52,12.15,12.59,0,0
57139af318a45873,1,3.51,11.1,11.4,12.37,12.86,0,0
95f42de7bd075f88,1,3.5,10.98,11.31,12.4,12.92,0,0
297fa313126a5f02,1,3.49,10.86,11.25,12.26,12.81,0,0
c962887d22e95f88,1,3.47,10.77,11.2,11.96,12.53,0,0
08e5f4c2c0965b15,1,3.49,10.73,11.19,11.72,12.25,0,0
701eca801b6f5ba9,1,3.51,10.74,11.22,11.39,11.85,0,0
95472243c6245fec,1,8.71,34.55,34.56,25.82,25.82,0,1
397c45f99a265c17,1,8.17,31.36,31.36,23.27,23.27,0,0
8c731225bf685391,1,7.62,28.27,28.28,21.31,21.31,0,0
b5b422189a075a27,1,7.05,27.17,27.17,18.88,18.89,0,0
22a0b00bb8ed5ed5,1,6.47,24.96,24.96,17.05,17.05,0,0
de83f2c537565ca8,1,5.93,22.95,22.96,14.13,14.13,0,0
2076a8bdb6da5fe3,1,5.43,21.38,21.39,13.95,13.95,0,0
06d7515412d45507,1,4.94,19.75,19.75,12.41,12.41,0,0
ba8e8393326d5652,1,6.69,43.35,43.43,30.33,30.39,0,1
d89a663c15da5ce2,1,7.08,46.54,46.59,29.85,29.91,0,1
3ba2c46a8d445efd,1,7.44,49.42,49.5,34.19,34.24,0,1
62ebe5d1697f5b73,1,7.8,30.54,30.54,34.67,34.72,0,0
4e2f593274aa5417,1,8.16,30.86,30.86,34.87,34.92,0,0
3c943ff450265afe,1,8.49,41.31,41.32,36.81,36.85,0,1
574aa2eca31057d5,1,8.8,41.76,41.78,36.26,36.3,0,1
6b977574e52a5f1b,1,9.09,42.81,42.83,36.06,36.13,0,1
67958aa8e9015aaf,1,0.02,11.73,11.73,5.13,5.13,0,0
366c7e46b0415253,1,0.01,13.38,13.39,3.66,3.66,0,0
e4ae770961c15455,1,0.24,14.13,14.14,6.77,6.77,0,0
fd75eff84fb15543,1,0.77,15.12,15.12,6.79,6.79,0,0
d8346b35ed785e1d,1,1.31,16.63,16.64,9.88,9.88,0,0
fb1d534ccf82583f,1,4.55,27.94,35.86,22.0,22.87,0,0
5ee6495d99475e62,1,4.76,28.6,37.3,22.13,23.03,0,0
c04902b5c32056e0,1,4.97,29.57,38.85,19.69,21.38,0,0
248288deae795ad8,1,3.14,31.2,31.31,18.37,18.41,0,0
689b619dfd3652c3,1,3.66,31.96,32.08,3.61,3.62,0,0
a99b2322093b5c13,1,4.13,26.95,27.01,3.78,3.78,0,0
af6aff5482395ecf,1,4.61,27.26,27.4,22.97,23.01,0,0
ee9a7d622e33569a,1,5.06,33.7,33.81,24.58,24.64,0,1
81917c1e1a9b5cdc,1,5.49,34.83,34.92,4.36,4.36,0,1
3fe4d3672285579c,1,5.9,37.02,37.11,4.49,4.49,0,1
36a7254be1af5120,1,6.29,40.43,40.51,29.56,29.63,0,1
75e0217f16f459c4,1,0.95,15.77,15.77,11.61,11.61,0,0
b657fb1afb7c54f3,1,1.19,18.55,18.55,13.54,13.55,0,0
d2c9ae71df055417,1,1.54,21.13,21.13,13.47,13.47,0,0
aaf9003e92855b6c,1,1.99,23.33,23.33,15.2,15.2,0,0
9ee3c3a666d35a5c,1,7.05,24.28,24.29,18.81,18.86,0,0
21f64c6cfe835cbe,1,6.61,20.73,20.73,15.35,15.38,0,0
f7a5f237abcd5b04,1,6.1,17.26,17.26,13.37,13.39,0,0
482601c870805c11,1,5.51,14.02,14.02,9.6,9.61,0,0
fe55e4c568a753a9,1,4.05,15.44,19.99,9.75,10.46,0,0
ec7ca545f4055a2b,1,4.09,15.96,20.27,12.94,14.93,0,0
4e0667aa6ead5e7d,1,4.11,16.75,20.66,13.14,14.96,0,0
927222aceeaa52bb,1,4.07,17.8,21.04,13.59,15.3,0,0
dbf083df3f5c55d7,1,4.71,21.95,21.96,18.97,19.12,0,0
4dba0d7ebbf95639,1,6.17,25.91,25.91,18.05,18.05,0,0
bb249c2d0c8a568c,1,5.97,23.57,23.57,17.52,17.52,0,0
cb61b4237ad25a7c,1,5.73,21.2,21.21,15.89,15.89,0,0
87eae54f57ea5690,1,5.13,34.49,39.76,14.71,14.93,0,1
a59bd481d324594a,1,5.33,36.66,41.08,19.14,20.13,0,1
eadc0f19b54352ae,1,5.53,39.01,42.42,8.89,8.93,0,1
c9ddc670b1195efd,1,5.71,41.25,43.61,24.5,25.31,0,1
2f6ef141a25657e5,1,5.88,43.49,45.02,19.59,20.07,0,1
10d0706cdc655c9f,1,6.09,45.49,46.18,23.91,24.24,0,1
07846b829b3a575e,1,8.03,53.77,54.95,27.3,27.32,0,1
dd43c6087aca5206,1,7.92,53.01,54.45,26.31,26.37,0,1
8e8b2b62eff65719,1,4.94,12.52,12.53,16.61,16.9,0,0
8b10128072e6539f,1,4.72,12.32,12.33,12.74,12.75,0,0
375d03a139615179,1,4.52,12.12,12.23,11.0,11.02,0,0
c5408aef4f3a538b,1,4.32,11.93,12.09,13.67,13.85,0,0
8898650e43665faf,1,0.0,8.92,9.1,3.87,3.95,0,0
4e00bf86cd1e5a14,1,0.03,8.94,9.12,7.69,7.97,0,0
55a8886514eb5c1b,1,0.03,8.95,9.13,7.53,7.83,0,0
2d357ffc1fdd5c89,1,0.34,9.1,9.58,8.91,9.27,0,0
5d003b19e1a25253,1,8.25,55.56,56.29,33.55,33.71,0,1
4f2ac10c0fc1566a,1,8.29,55.72,56.48,33.49,33.66,0,1
981ab4a5d11b5090,1,8.33,55.86,56.65,33.66,33.84,0,1
d8d39177bd96593d,1,8.39,56.13,56.93,33.7,33.88,0,1
9d22457757985690,1,8.46,56.43,57.23,33.58,33.75,0,1
dfd27e2c5d7f50fb,1,8.52,56.69,57.49,33.2,33.37,0,1
0cdeb48fac9d5292,1,8.59,56.98,57.78,33.1,33.28,0,1
1854229ce0305578,1,8.65,57.21,58.02,33.43,33.63,0,1
2daa400892ce5a95,1,6.9,48.55,49.82,26.24,26.44,0,1
2b4fee42169a54a8,1,6.5,46.85,48.03,19.97,20.07,0,1
6050bcf9baab54f6,1,5.96,44.42,45.52,19.56,19.67,0,1
b8ca1857a0f75fb4,1,5.32,41.48,42.47,13.34,13.39,0,1
3284cc6a78b05b9e,1,4.82,33.7,34.56,16.7,16.79,0,1
f94d84bd174d59ce,1,4.52,12.27,12.33,12.93,12.98,0,0
a08ed58ddc6d53b3,1,4.21,12.41,12.47,12.97,13.02,0,0
e194cef299cf5264,1,4.13,12.75,12.82,16.55,16.63,0,0
07d45fff78625de2,1,4.2,11.76,12.01,15.86,16.25,0,0
efe0cf18491855e6,1,3.19,7.8,7.9,5.07,5.11,0,0
16aa734bed8a5f81,1,2.88,7.13,7.18,5.25,5.27,0,0
6d585a6698f55c8b,1,2.64,5.8,5.99,3.81,3.82,0,0
11d091d0bd985e5e,1,2.39,4.66,4.84,3.26,3.26,0,0
f3f9b7c1f6e95b82,1,1.87,2.51,2.52,0.96,0.96,0,0
03c0cf33d2105598,1,1.2,2.21,2.22,0.41,0.41,0,0
575a40958ae65abd,1,3.65,11.6,11.69,13.79,13.88,0,0
2150cda2905d51ca,1,3.53,10.75,11.29,11.34,11.76,0,0
4afad5f528f45dfe,1,3.57,10.86,11.4,6.51,6.58,0,0
be1ef67efd445f45,1,3.59,11.14,11.41,5.37,8.49,0,0
fb92846550d15dc1,1,3.58,11.26,11.45,6.52,6.59,0,0
4755336a0e225d97,1,3.55,11.36,11.48,7.7,7.75,0,0
d9d93568b27e5649,1,3.33,11.33,11.42,6.54,6.57,0,0
f636a93caad2585f,1,3.11,11.35,11.36,7.71,7.74,0,0
5022f5d01ba85e74,1,2.99,11.29,11.29,6.28,6.3,0,0
aa2c4edb15d45c84,1,2.85,11.17,11.19,3.97,3.98,0,0
629368f516d85124,1,2.66,10.93,11.02,2.76,2.76,0,0
e9d8c81a844c5c95,1,0.0,8.6,8.7,5.56,5.56,0,0
62e8d8891ff45c7b,1,0.01,8.61,8.71,5.59,5.6,0,0
2376e90f1bf85c50,1,0.03,8.63,8.73,5.5,5.5,0,0
d5ebca598bce566e,1,0.06,8.64,8.74,5.47,5.48,0,0
979fc47b4f245a9c,1,0.5,8.8,8.96,7.34,7.4,0,0
b65dbda85d085330,1,2.46,11.79,17.46,9.46,11.66,0,0
80d8679b8c215769,1,0.9,9.65,10.19,8.95,9.3,0,0
3af1019a97d959fa,1,2.39,10.4,11.01,11.61,12.05,0,0
1c7ccdd40a3f505a,1,2.81,10.38,10.92,12.46,13.06,0,0
66fff80a93805b34,1,3.9,15.36,16.35,14.17,15.07,0,0
619d1afc63c35621,1,3.92,12.36,12.8,14.01,14.83,0,0
f8331125139c53d2,1,4.0,15.39,19.74,13.11,14.76,0,0
13da814cde3a525b,1,4.01,15.24,19.7,13.07,14.77,0,0
49d613966f25569b,1,4.04,15.18,19.77,12.87,14.66,0,0
e40b2bf57fa5576f,1,7.76,53.57,54.23,12.18,12.29,0,1
0af18cfd826c5086,1,7.83,53.89,54.51,32.43,32.57,0,1
993d17cce2685b9a,1,7.89,54.17,54.77,32.18,32.32,0,1
3882f317a3f55e29,1,7.94,54.39,54.98,32.27,32.4,0,1
b9e254f3d4a75454,1,7.98,54.53,55.13,32.44,32.57,0,1
0a954cc695e751ab,1,8.02,54.69,55.31,33.56,33.71,0,1
96dd879c7e365dc9,1,8.08,54.95,55.6,33.57,33.71,0,1
6fe1f4f8dbcd57b5,1,8.17,55.26,55.95,33.5,33.65,0,1
0fedf81df2db5b96,1,6.92,49.72,50.37,25.97,26.31,0,1
ac2f5c84d6fc5cdf,1,7.07,50.4,51.08,10.1,10.26,0,1
a756084987b256e5,1,7.22,51.06,51.76,15.46,15.52,0,1
02ecdf935f895a86,1,7.33,51.59,52.29,11.95,12.03,0,1
2754e05ff9d35719,1,7.45,52.1,52.8,7.54,7.63,0,1
3a161e0999b15823,1,7.55,52.56,53.27,25.65,26.01,0,1
92fe6ff13c005ee3,1,7.64,52.96,53.67,7.69,7.8,0,1
c65fbb9cff2a59e5,1,7.7,53.26,53.94,12.18,12.28,0,1
a4ba9521736a59f9,1,4.08,18.36,20.59,15.43,16.71,0,0
44e882ff27ec5566,1,4.16,17.45,20.54,14.33,15.11,0,0
820636c082c1539b,1,4.14,16.7,20.36,14.02,15.01,0,0
55e018d3bd3d5abc,1,4.15,16.63,19.93,13.83,15.19,0,0
35b108769e3c5d33,1,4.16,15.94,19.77,13.29,14.71,0,0
57960c0eaa6b554b,1,4.18,15.43,19.7,13.08,14.68,0,0
239d0568fc2250df,1,4.21,15.08,19.71,12.88,14.71,0,0
446dbb38653a51a8,1,4.25,14.82,19.73,12.89,14.84,0,0
45d6c16000b75270,1,6.74,14.78,14.79,19.84,19.86,0,0
40df19739f215995,1,0.0,8.74,9.27,3.93,4.0,0,0
e704fb7745a75fd7,1,0.0,8.74,9.27,3.92,3.99,0,0
9e76a394983a59b6,1,0.03,8.76,9.3,3.9,3.97,0,0
f8ded55c8f855116,1,0.07,8.8,9.34,9.61,10.2,0,0
6c7142e6f9435ab6,1,0.64,9.15,9.78,9.61,10.06,0,0
0774f845fe6b5de3,1,2.18,9.88,10.92,13.12,14.73,0,0
c6d6faaea8915ef2,1,3.78,17.39,20.24,15.93,18.27,0,0
bc93e095f13c54b2,1,5.68,33.89,33.92,28.16,28.19,0,1
290a914d4ef15443,1,8.69,40.89,40.89,24.93,24.93,0,1
b7c8677392845e18,1,8.39,39.22,39.22,23.04,23.04,0,1
de2379f94fc85652,1,7.91,37.17,37.17,19.36,19.36,0,1
5b6e0702773c5bdb,1,7.5,34.9,34.9,18.83,18.83,0,1
2738dcd449ef567f,1,7.11,32.16,32.16,17.29,17.3,0,1
96540ed00a785607,1,6.83,29.75,29.75,17.14,17.15,0,0
d060c613969b5092,1,6.42,26.83,26.83,14.1,14.1,0,0
6ecc4586af155c50,1,4.25,13.59,13.65,16.66,16.73,0,0
1d3cf448005f56c1,1,4.47,14.08,14.14,13.37,13.41,0,0
24b9908a6761529b,1,4.77,14.92,14.96,17.24,17.28,0,0
eaa64f296ff85b61,1,5.08,16.59,16.62,18.36,18.39,0,0
5bdbe484641a55fa,1,5.33,15.43,15.45,18.23,18.24,0,0
c5bec7e4a75f5ca1,1,5.49,15.51,15.53,4.05,4.05,0,0
76cd37d3370f5d04,1,5.63,15.45,15.46,18.03,18.04,0,0
1484455d33b85a75,1,5.77,9.08,9.19,16.13,16.14,0,0
5b7700fa99d95a94,1,0.79,12.04,18.45,10.23,11.53,0,0
d51f75f9ae88529a,1,1.43,13.46,20.56,10.39,11.5,0,0
613181e5c29d526a,1,3.3,21.03,29.64,14.22,17.36,0,0
d54eba5510dc5469,1,3.8,25.35,32.64,15.33,18.1,0,0
a9c1456b9deb5184,1,6.04,45.97,46.21,24.37,24.38,0,1
0a2a71c0b34c5f10,1,6.29,47.01,47.4,27.0,27.03,0,1
86f148317f03504b,1,6.53,48.03,48.52,11.76,11.86,0,1
8b5e10656ccb5269,1,6.74,48.93,49.51,25.93,26.24,0,1
abdf3c37dc03596c,1,8.71,57.5,58.3,33.51,33.7,0,1
5624b4732b135079,1,8.75,57.63,58.47,35.82,36.06,0,1
cdf704c535245f57,1,8.79,57.75,58.61,35.7,35.93,0,1
28926b7190705b82,1,8.8,57.83,58.68,35.59,35.82,0,1
db86c1d1516f557d,1,8.82,57.89,58.75,35.69,35.9,0,1
c4284fce4a2f5213,1,8.74,57.63,58.42,29.43,29.55,0,1
5422a7cee0d35e47,1,8.55,56.94,57.65,29.35,29.45,0,1
c332770f3439515e,1,8.33,56.07,56.7,29.28,29.37,0,1
7f3a478c21ce55f9,1,8.25,55.59,56.32,33.48,33.65,0,1
9b8fa6b5b4505d22,1,8.27,55.69,56.41,33.41,33.6,0,1
d37242b32b51586b,1,8.31,55.89,56.58,33.71,33.89,0,1
1f381d3a242b54f0,1,8.35,56.15,56.76,33.37,33.52,0,1
cc9a87182a05533d,1,8.42,56.5,57.03,33.25,33.36,0,1
56d552d6bb425954,1,8.5,56.89,57.37,31.09,31.16,0,1
49a747ca28cd5d5f,1,8.59,57.18,57.73,30.98,31.05,0,1
0a3da14f3cba564a,1,8.62,57.23,57.85,30.73,30.8,0,1
19d3dfdf0d2d5b6f,1,3.58,29.22,29.22,26.58,26.58,0,0
47e3bbbd82b2583b,1,10.44,31.9,31.91,34.98,34.98,0,0
548b6b9700f25610,1,10.33,46.14,46.14,31.83,31.84,0,1
56886aeb0f685bea,1,11.39,58.77,58.82,43.0,43.0,0,1
db1794b15b1a54b4,1,11.35,63.65,63.68,44.2,44.21,0,1
2c90fc5cc8905562,1,11.26,63.47,63.51,42.75,42.77,0,1
945dafbf488554b7,1,11.16,63.25,63.29,42.95,42.98,0,1
ff32fea658445802,1,11.05,63.02,63.05,42.99,43.01,0,1
fad5349c0f7c501a,1,8.11,55.15,55.74,29.11,29.19,0,1
0bd3bce35ed159be,1,7.87,54.15,54.72,29.05,29.13,0,1
735587b14e39568c,1,7.64,53.14,53.7,27.76,27.84,0,1
21ce6f815188587a,1,7.43,52.2,52.76,27.53,27.61,0,1
33fcb42a03535525,1,7.24,51.3,51.87,25.13,25.21,0,1
cdf6bdc01f055c77,1,7.12,50.76,51.34,27.96,28.08,0,1
a20a0a34d5e859ed,1,7.09,50.63,51.22,25.18,25.28,0,1
2adba5d32c3a560f,1,7.11,50.7,51.3,25.57,25.8,0,1
631249cc108f5e1e,1,8.54,56.86,57.55,30.57,30.65,0,1
50fef67a5a9a5a4b,1,8.41,56.24,57.0,30.49,30.59,0,1
cbe7b4e464235ca6,1,8.26,55.61,56.36,28.89,28.99,0,1
db36572d530a5ed3,1,8.09,55.0,55.63,28.77,28.88,0,1
430f1f445caf5b3e,1,7.94,54.38,54.8,29.08,29.2,0,1
72a43a590e3758f8,1,7.76,53.43,53.64,28.8,28.95,0,1
6e49f2f1c4e456f1,1,7.6,52.06,52.07,24.39,24.48,0,1
5167871fd80b575d,1,7.36,50.04,50.09,23.74,23.82,0,1
ca8a417f32d859ba,1,2.62,11.09,11.59,9.48,10.01,0,0
2e586c7da7c55eb3,1,2.68,10.19,10.55,8.72,9.11,0,0
7ac6ec682a515136,1,2.65,9.21,9.47,5.54,5.66,0,0
06279fdb46815c6c,1,2.55,8.13,8.32,5.62,5.72,0,0
61984566807c5b11,1,2.54,7.92,8.48,11.19,11.45,0,0
a9c368a110585b1a,1,2.61,6.89,7.38,11.21,11.43,0,0
07c46d77aba054ec,1,2.7,5.81,6.26,9.68,9.82,0,0
ed98d12e4c99536d,1,2.81,1.34,1.6,11.55,11.74,0,0
ad0beea498f15978,1,7.13,50.84,51.42,27.84,27.99,0,1
bf1064685f045d97,1,7.17,51.01,51.57,25.44,25.74,0,1
0992d669b9a25a25,1,7.21,51.25,51.78,24.35,24.44,0,1
73c6bf15d3cc58e4,1,7.27,51.54,52.04,27.53,27.62,0,1
e1db7cf1ba505f99,1,7.34,51.85,52.3,27.38,27.44,0,1
db62e3168cd051aa,1,8.11,55.03,55.7,27.35,27.4,0,1
ade66429cb58544c,1,8.2,55.38,56.09,34.23,34.42,0,1
bc2532765f5a5262,1,8.23,55.5,56.23,32.44,32.6,0,1
281798a7d40559bb,1,5.92,44.76,45.2,10.7,10.96,0,1
64a7186ab49b5cdc,1,8.86,58.8,58.81,33.35,33.35,0,1
2d0c8a7a065e5995,1,8.76,58.35,58.38,33.42,33.42,0,1
ae50b115259f5a24,1,11.74,56.07,56.09,49.54,49.58,0,1
facc11b0d1075018,1,11.86,56.12,56.2,49.57,49.63,0,1
5b39d0cccc8e55f2,1,11.98,56.17,56.28,49.65,49.72,0,1
f1def9ef86125c39,1,12.1,56.18,56.35,49.4,49.51,0,1
bdbf1319d21c5cab,1,12.39,56.08,56.52,43.88,44.07,0,1
ef0b98c7837e5e4a,1,10.92,62.75,62.77,44.62,44.63,0,1
2a4db0773ca95ce5,1,10.74,62.35,62.37,33.77,33.77,0,1
3d2adf8b0bb65492,1,10.66,62.15,62.17,39.77,39.78,0,1
d57dda19866556c3,1,10.54,61.87,61.89,37.56,37.57,0,1
a6b457a7eb6a5cde,1,10.42,61.58,61.6,39.72,39.73,0,1
a28e921b642a5936,1,10.3,61.28,61.29,39.77,39.78,0,1
cc853dd8697f51b3,1,4.14,18.85,31.5,14.57,16.87,0,0
253c33ffe10a5aa7,1,4.15,15.25,25.21,14.65,17.09,0,0
20d3a5f5b9e6549f,1,5.3,20.99,30.01,16.96,20.33,0,0
cbda46701b0d57b8,1,5.23,23.84,30.62,21.65,25.54,0,0
2d264d513abb5a7d,1,5.37,26.84,31.34,19.7,21.44,0,0
fd99b81c7f2b5ed7,1,5.54,29.56,31.96,21.76,23.1,0,0
df2257e552655d84,1,5.85,31.47,32.55,25.71,26.57,0,0
34d782c068c855be,1,7.49,24.07,24.07,23.21,23.21,0,0
8dc4430d96355057,1,7.26,23.83,23.83,21.74,21.75,0,0
bf0fa6fe20b5587f,1,6.99,23.54,23.6,20.07,20.07,0,0
78a50eb4d40e5ffa,1,0.36,12.41,13.59,7.82,8.11,0,0
462ba3dea9fb590b,1,0.74,12.27,14.19,8.87,9.31,0,0
1d7ff3e8eed15ced,1,1.09,12.47,14.6,8.79,9.27,0,0
2818ed317df9550a,1,1.39,12.51,14.79,10.73,11.59,0,0
64cdae0a751357ee,1,1.66,13.13,14.95,10.63,11.46,0,0
3761f5d0d74d55eb,1,2.23,13.04,14.11,9.88,10.49,0,0
4de864abe4f255bd,1,2.38,12.49,13.33,9.84,10.4,0,0
7aaa5ff3f0d255ef,1,2.51,11.89,12.56,9.89,10.44,0,0
b2abc819ebf45c11,1,0.54,17.7,17.77,11.68,11.68,0,0
9ef1d618435d5e53,1,1.01,19.96,20.03,13.79,13.8,0,0
ec1dd3d02f035d78,1,1.45,22.05,22.12,13.91,13.92,0,0
53e360156fe05050,1,1.8,23.74,23.81,13.66,13.66,0,0
c1133aca1539575e,1,1.92,24.42,24.5,13.79,13.8,0,0
1270261ff182534f,1,1.99,24.84,24.92,13.87,13.87,0,0
47b1e103c4f1584a,1,2.02,25.02,25.09,13.79,13.79,0,0
f606d0e6eda7549a,1,2.31,25.95,25.96,19.91,19.92,0,0
93b93c0235375b93,1,12.43,55.96,56.38,46.19,46.42,0,1
2380261642d25251,1,12.29,56.03,56.35,46.57,46.78,0,1
cb1d400e9da85f43,1,12.25,56.15,56.37,46.81,46.96,0,1
92c38e520e515a8a,1,12.26,56.3,56.42,47.26,47.35,0,1
7a6d3719323a5188,1,12.32,56.43,56.48,46.98,47.02,0,1
695cc61845975896,1,12.36,56.48,56.48,40.25,40.26,0,1
5691c7c24fdd5e16,1,12.39,56.43,56.45,43.62,43.62,0,1
3704fc999582536e,1,12.48,56.35,56.44,43.65,43.68,0,1
0663f1541eeb58b6,1,2.91,3.5,3.97,12.01,12.17,0,0
60abcfb4e1c756d8,1,3.01,2.26,2.87,12.44,12.56,0,0
1526b1720d35559e,1,3.1,1.46,2.31,12.38,12.46,0,0
1678ddd4a18b5fd8,1,3.19,1.61,2.56,13.2,13.24,0,0
9a50c3fce9d75d95,1,3.24,1.75,2.74,14.47,14.48,0,0
d551f73a1e4251aa,1,4.07,36.33,36.49,15.92,15.93,0,1
489bb0ed93455b69,1,4.36,37.68,37.9,21.57,21.62,0,1
b1e10e4f03155c70,1,4.69,39.31,39.54,21.63,21.69,0,1
3296619ed0855e31,1,5.15,6.84,7.0,17.26,17.27,0,0
b462af5600bf5f88,1,4.87,8.72,8.74,17.64,17.65,0,0
4f61c0897822586c,1,4.6,7.19,7.21,11.48,11.49,0,0
c08cd52346155301,1,4.35,11.87,11.88,11.47,11.48,0,0
98b148d419725caa,1,4.11,36.7,36.7,11.33,11.33,0,1
cb2db72bfca85119,1,3.84,35.36,35.36,8.6,8.6,0,1
fddb0bdd1d7f53e0,1,3.56,33.94,33.94,13.79,13.84,0,1
c1e612a123d059d7,1,3.54,33.84,33.84,13.82,13.88,0,1
c39df8b835525d97,1,4.99,40.96,41.06,21.95,22.01,0,1
ca6a8cc7012a5fac,1,5.3,42.48,42.56,19.56,19.6,0,1
2070f12707d95924,1,5.59,43.9,43.96,23.46,23.72,0,1
d5b37b79dde85eb1,1,5.87,45.26,45.32,11.37,11.43,0,1
b227439005885966,1,6.22,47.02,47.04,27.8,27.81,0,1
b1ae78ae6e005119,1,5.95,15.59,15.6,2.77,2.78,0,0
847432a116d35db0,1,5.74,31.5,31.53,17.72,17.73,0,0
7feaf6410f1854a8,1,5.48,26.33,26.36,2.36,2.37,0,0
2cce988d410654e2,1,0.44,13.16,13.16,17.63,17.66,0,0
83be5aa78f7652de,1,0.95,16.72,16.9,13.57,13.58,0,0
925e046dba2f525f,1,1.57,18.71,20.58,15.04,15.08,0,0
be527ba55a8a548b,1,2.21,18.1,21.98,11.55,11.56,0,0
15b0967d1dab53f8,1,4.45,21.57,21.95,19.35,19.79,0,0
e905f33735985cfe,1,6.68,23.32,23.32,19.49,19.49,0,0
af194a8f1af65eb7,1,6.51,23.18,23.19,19.1,19.1,0,0
b4a85f85ef7e532d,1,6.31,23.02,23.02,15.93,15.94,0,0
ddc5aacc5d785804,1,11.96,55.69,56.16,41.06,41.35,0,1
0613d88c01b453c9,1,11.78,55.53,56.18,41.01,41.31,0,1
ecaca52a9b295117,1,11.71,55.59,56.16,46.42,46.85,0,1
4dd1ab3a667b5074,1,13.37,57.15,57.15,49.45,49.47,0,1
38f4eed7d2cb5cc0,1,13.36,57.13,57.14,54.54,54.56,0,1
fba8aa5a1cb8583e,1,13.34,57.12,57.13,54.51,54.53,0,1
4ed3817e66d85c10,1,13.35,57.13,57.14,49.31,49.33,0,1
566bd5e6d09153e0,1,13.32,57.11,57.12,49.29,49.31,0,1
4b85f48b7172519f,1,1.42,9.63,18.45,8.84,16.48,0,0
679c8386480d5023,1,2.43,9.34,22.52,10.64,17.72,0,0
ab7d0c4a928e5ec9,1,3.4,9.86,27.15,11.17,18.87,0,0
07b814bfc2fb565d,1,4.26,13.03,32.34,12.8,22.51,0,0
90dbd48d165958cc,1,5.02,18.91,37.58,15.26,23.26,0,0
3756dc24f9e65fd7,1,5.7,27.14,42.31,19.92,26.48,0,0
aea962fd9c025957,1,6.33,36.1,46.08,12.67,12.93,0,1
38878741cbee5e88,1,6.87,43.93,48.95,30.97,34.13,0,1
e62eeef3ef7055b9,1,7.09,47.56,47.87,20.78,20.84,0,1
87df22d07dcb567c,1,6.83,44.84,45.61,20.52,20.59,0,1
73e4db7c9a4d5076,1,6.53,41.88,43.29,20.58,20.64,0,1
2428ecd565d05b50,1,6.23,38.81,41.0,21.67,21.71,0,1
1b3ed6f1e9b8574d,1,5.93,35.73,38.44,18.91,18.93,0,1
d04049c3978354f0,1,5.63,32.76,36.48,18.72,18.74,0,1
e8850900bade58f6,1,0.15,-0.07,1.14,6.91,7.03,0,0
7c49f7aca6c05e2a,1,0.06,12.13,13.21,7.78,8.13,0,0
33008a3b27ab59a1,1,5.42,19.11,19.11,14.56,14.56,0,0
dd182f5d47495d7f,1,4.99,16.87,16.87,12.84,12.84,0,0
e6025eb182885adb,1,4.53,14.76,14.77,10.67,10.67,0,0
70ac542a408b5b93,1,4.05,12.87,12.87,9.37,9.37,0,0
8b608a6353a95bce,1,3.6,11.17,11.2,7.93,7.93,0,0
0e70c369a99157c3,1,3.18,9.64,9.67,6.25,6.25,0,0
9d4e8eb54f555166,1,2.8,8.19,8.23,4.91,4.91,0,0
f32e1b068c3351eb,1,2.39,7.09,7.13,3.84,3.84,0,0
a93fa981f60d50af,1,3.68,8.27,8.28,6.76,6.76,0,0
6fd56fa51891517e,1,3.19,6.81,6.82,4.4,4.4,0,0
ebe1b48a47f356a4,1,2.68,5.63,5.67,3.12,3.12,0,0
84d10a502c1b5a74,1,2.19,4.51,4.52,2.31,2.31,0,0
5cd75b90a44e5a65,1,1.83,3.6,3.61,2.1,2.1,0,0
03c2e332abb25034,1,1.47,2.84,2.85,1.36,1.36,0,0
e56f85ee56395a99,1,1.08,2.24,2.25,0.64,0.64,0,0
2b2484954fc85b54,1,0.69,1.85,1.87,0.27,0.27,0,0
8d4dc358499159c9,1,3.18,16.6,16.6,6.68,6.68,0,0
33c321ae43da54c6,1,2.15,8.53,8.6,4.48,4.48,0,0
c8c9563dbe59572a,1,2.06,7.68,7.75,4.38,4.39,0,0
5252cad32bf358b2,1,1.96,6.87,6.95,3.97,3.97,0,0
12c9ecb5687f572b,1,1.65,5.14,5.14,1.2,1.2,0,0
dad96574decb5a68,1,0.01,11.65,16.47,7.19,7.48,0,0
1972837deb725c63,1,0.04,11.69,16.59,7.72,8.16,0,0
f191de4360a35ad8,1,0.24,11.77,16.92,9.2,9.88,0,0
fd16b1d0d41352ee,1,7.43,49.81,51.61,35.58,36.71,0,1
4cdef6ce55a7542b,1,8.03,53.49,54.2,36.66,36.99,0,1
32a73ed06daa5b0e,1,8.64,56.34,56.65,37.57,37.77,0,1
0202782270ab5a62,1,9.17,58.52,58.67,43.61,43.69,0,1
a04a20407bf95386,1,9.45,59.48,59.54,41.41,41.45,0,1
5487bbfde69354cb,1,9.58,59.85,59.88,39.55,39.57,0,1
39cbed62434a528b,1,0.63,1.98,2.65,0.74,0.75,0,0
2db824526e9458f2,1,0.73,1.53,2.39,0.56,0.56,0,0
ffde3cc525b75021,1,0.04,0.14,0.23,7.5,7.5,0,0
d8faa48b75625ac0,1,0.23,0.1,0.21,9.36,9.37,0,0
134c369c82f05262,1,2.11,21.28,25.19,18.05,18.32,0,0
3a0e2f53c9585e94,1,4.72,21.54,33.23,12.75,12.95,0,0
d38090818a0b5bed,1,5.25,23.54,37.8,18.81,24.12,0,0
4b55193d36c35e4a,1,5.6,20.09,25.63,14.58,15.71,0,0
cf31c5ada8c353bc,1,9.22,60.71,60.86,39.94,40.04,0,1
7fa02fbd7287526f,1,9.84,63.32,63.35,41.08,41.11,0,1
0027991369e05ab2,1,3.31,13.73,29.56,13.68,17.92,0,0
380ae43ebd795e88,1,3.89,16.39,32.92,14.63,20.13,0,0
f205efb84def5cc8,1,4.49,21.25,36.35,18.12,25.11,0,0
4a25aaca58b85ea5,1,5.03,27.66,39.36,20.32,24.96,0,0
b669576d14655afc,1,5.56,34.57,41.97,24.89,28.77,0,1
1424caab55de5db7,1,6.09,40.68,44.25,28.67,30.61,0,1
864977c14b9754eb,1,6.63,44.57,46.04,31.13,31.93,0,1
9690846adfb751cc,1,7.13,47.33,47.93,32.96,33.19,0,1
3f1682073dd950a3,1,13.28,57.09,57.1,49.37,49.39,0,1
bc8aad9d72385289,1,13.26,57.07,57.08,49.29,49.32,0,1
3e8e85cf14c65da8,1,13.63,57.29,57.31,49.65,49.66,0,1
0ce170237acd51c2,1,13.45,57.04,57.1,49.46,49.48,0,1
2030d3a5ed675084,1,13.25,56.75,56.89,43.17,43.19,0,1
8cee2a96b57d58ba,1,13.04,56.46,56.7,45.26,45.34,0,1
302803d07e7059dc,1,12.85,56.2,56.57,41.87,41.97,0,1
086e4501de295946,1,12.64,56.03,56.46,45.99,46.22,0,1
7e647d942b9f57ed,1,0.97,14.72,14.73,13.91,13.91,0,0
dc39ce9c251551bb,1,1.64,17.93,17.93,15.55,15.55,0,0
d90cd23a434f5c55,1,3.58,25.76,25.76,21.1,21.1,0,0
95bb1e65b61b5e04,1,5.81,26.72,26.72,17.84,17.84,0,0
02328c7410405c5a,1,5.89,24.51,24.51,16.2,16.2,0,0
dfe53c7f74e5554c,1,5.9,21.62,21.62,14.23,14.23,0,0
0472df00162f5fc5,1,5.63,13.72,13.79,10.3,10.3,0,0
b9e5b11ac3745f8c,1,5.01,17.19,17.24,8.81,8.81,0,0
8396adcdedb55337,1,3.0,11.24,11.25,4.51,4.52,0,0
bbde51f27b4455c2,1,2.45,7.55,7.57,3.15,3.15,0,0
88ac42d0eaca5c57,1,1.27,8.74,8.76,3.84,3.84,0,0
39640455f50c544c,1,1.34,6.72,6.73,3.35,3.35,0,0
371672ed85805daf,1,1.04,5.1,5.11,0.8,0.81,0,0
b4c9294d8e3952b8,1,0.04,7.95,7.96,7.96,7.96,0,0
20fd202ba2e1572a,1,0.06,9.91,9.92,9.82,9.82,0,0
8635c0dd984c51f3,1,0.36,12.19,12.19,12.1,12.11,0,0
20a6e330d8f1571b,1,12.2,55.88,56.32,41.26,41.51,0,1
d763dadacfd55928,1,12.07,55.79,56.23,43.31,43.59,0,1
83c7a6c3c0b15b36,1,11.94,55.73,56.15,42.83,43.09,0,1
ba02d873678c5cf9,1,11.81,55.7,56.07,41.28,41.52,0,1
0e713cce7ce35df0,1,11.7,55.7,56.01,46.62,46.93,0,1
b2def33d6adc50fc,1,11.62,55.72,55.96,44.07,44.3,0,1
ae33eb2afd655f7d,1,8.73,44.29,44.34,27.56,27.57,0,1
2497a4b846f25d99,1,8.3,40.63,40.69,27.66,27.67,0,1
84136b2623ef5618,1,8.87,51.91,51.91,27.33,27.43,0,1
07d1a751018a526f,1,9.64,52.47,53.25,35.53,35.73,0,1
34ab6d35dfef5366,1,9.55,52.23,53.17,37.77,38.04,0,1
f2d64d93a1915c8b,1,9.44,52.14,53.05,33.32,33.64,0,1
cd9e6c1924c35b85,1,9.35,52.37,52.99,36.33,36.62,0,1
e5599a8884235d93,1,0.8,20.17,20.17,7.97,7.97,0,0
0116de776d6b5d1b,1,0.21,18.12,18.12,8.08,8.08,0,0
1ad237fbbbcf51ab,1,0.07,17.81,17.81,9.86,9.86,0,0
e9d869eb2d255788,1,7.42,35.74,35.74,22.65,22.65,0,1
c20bcc28c238595c,1,7.17,32.86,32.86,19.57,19.57,0,1
af67221644ad5bd3,1,6.73,29.63,29.63,17.54,17.54,0,0
910ce583575e5f8d,1,6.21,26.56,26.56,15.82,15.82,0,0
c2f27daee5bd5a3e,1,5.58,23.79,23.79,14.04,14.04,0,0
ac36d9e5cb0752d2,1,4.93,21.75,21.75,10.94,10.94,0,0
69acf2f6a20454a0,1,4.28,19.96,19.96,9.34,9.34,0,0
32af8f1654f057d7,1,3.69,18.11,18.11,8.14,8.14,0,0
6e7339e7dc70532a,1,1.28,22.58,22.63,18.64,18.71,0,0
bc68d211a62d5c19,1,2.32,27.75,27.75,23.52,23.54,0,0
d0fccf42f606569a,1,1.93,15.91,22.43,7.41,7.42,0,0
c9150b81da695ae9,1,1.21,15.25,20.01,8.58,8.63,0,0
2a799223058c5ed7,1,0.99,14.79,19.23,9.23,9.56,0,0
563fd35940785c61,1,1.31,14.29,20.3,11.53,12.69,0,0
54511f27d12e5a58,1,1.95,13.57,22.81,13.19,15.9,0,0
54ed7e46291c5fcf,1,2.64,13.07,26.04,13.09,15.97,0,0
2c120899a8d05979,1,4.38,17.34,25.98,14.73,17.03,0,0
646244aaa99d5c9c,1,4.62,21.4,28.85,15.01,17.12,0,0
08ebfd6fbc145517,1,4.86,24.04,29.87,15.3,16.98,0,0
33c848df67305ec1,1,5.14,26.85,30.83,19.4,21.03,0,0
7f92403d0c6e5b5d,1,5.42,26.87,29.42,24.96,26.26,0,0
abf403b697c457ad,1,5.72,28.48,29.77,24.7,25.21,0,0
35ceec8930305499,1,5.39,22.57,22.58,16.11,16.11,0,0
d75b5c57a3c45583,1,5.17,12.75,12.75,16.18,16.18,0,0
96a228d4d055523a,1,8.47,45.99,50.56,10.81,11.29,0,1
84ad97e1c9c85d4e,1,8.24,46.23,50.26,13.79,14.61,0,1
0a7ed373b7de5037,1,8.01,42.98,45.93,13.64,14.47,0,1
932f0bf1d23b5ba7,1,6.95,14.95,15.16,18.84,19.3,0,0
82b3e6e3bfa15ecf,1,6.74,44.29,44.41,18.46,18.56,0,1
c5fb72e3a0855c1b,1,6.52,43.64,43.65,18.41,18.49,0,1
ffcbf5f098625d83,1,6.33,42.3,42.41,19.51,19.52,0,1
a2cc6aa1e3c252a7,1,6.16,32.64,32.64,17.8,17.8,0,1
a0024513b78656f1,1,0.67,1.24,2.23,0.72,0.72,0,0
c013f92386ab5921,1,0.54,0.93,2.08,0.32,0.32,0,0
ec3969afeb945ddb,1,1.32,21.72,22.87,7.49,7.5,0,0
81b89c24f6a5579f,1,1.6,22.69,24.33,6.81,6.87,0,0
1a5351601d8f52da,1,1.94,23.77,25.97,5.92,5.98,0,0
d7fdaa2d555c5272,1,2.43,26.03,28.31,16.12,17.26,0,0
19a52017c000548c,1,3.06,29.71,31.34,18.57,19.56,0,0
72a9c8aa9d1a580c,1,3.77,33.98,34.71,22.36,22.9,0,1
9ac86ade68505597,1,4.18,17.8,17.8,11.33,11.34,0,0
4f61422adb195d3c,1,3.9,16.48,16.49,8.78,8.78,0,0
4e8e687d6fd55093,1,3.6,15.19,15.19,8.72,8.72,0,0
75abd414138d5a4e,1,3.28,13.58,13.58,7.2,7.2,0,0
1c6e6f287c2354f1,1,2.96,12.37,12.37,5.75,5.76,0,0
cf039efb320e55ec,1,2.64,10.85,10.85,5.55,5.55,0,0
77519294678a5fed,1,2.36,10.21,10.22,4.35,4.36,0,0
53feb52497035b3e,1,0.8,9.62,9.63,9.36,9.36,0,0
8cc8fe63227d5c07,1,0.03,5.9,6.18,11.98,12.02,0,0
0363f17229aa5b57,1,0.04,9.38,9.91,9.39,9.52,0,0
b4175792b94a5cf2,1,0.5,11.13,12.28,14.15,14.18,0,0
202d0026e8ff5a3c,1,1.35,13.59,17.14,14.93,15.87,0,0
4cd806a126f85b23,1,2.28,12.69,25.24,14.51,17.11,0,0
67abcf0964415891,1,4.91,29.3,37.98,14.12,14.15,0,0
00fcad6d092c5e8e,1,5.75,37.05,41.81,16.99,17.16,0,1
3380ae828ea75d1e,1,6.59,42.26,45.75,8.11,8.3,0,1
9b7108902e7158d6,1,8.05,11.16,11.21,14.37,14.38,0,0
61d7fbf592275c75,1,7.7,31.47,42.08,27.44,27.53,0,0
6a5ed1c72b9a5d47,1,7.38,28.98,41.97,27.34,27.47,0,0
0747dcc3a9b7501f,1,6.89,26.95,41.58,22.38,22.56,0,0
6b8b72c830b85a62,1,6.38,26.66,40.98,15.09,16.41,0,0
e09bc42b58285147,1,7.28,48.16,48.34,33.16,33.27,0,1
be3551ae467a579e,1,7.86,49.59,49.77,32.24,32.45,0,1
875f14a6967d5192,1,8.38,50.86,50.95,32.16,32.38,0,1
39a2b9bc296c5b76,1,11.35,55.49,55.5,45.01,45.03,0,1
1d63ddad646b5496,1,8.26,35.21,35.21,27.73,27.74,0,1
69575edb6db5507f,1,8.01,33.58,33.58,25.99,26.0,0,1
e6c5a792f2f058f3,1,7.69,32.56,32.56,23.66,23.67,0,1
398010cdaac05adc,1,7.3,31.03,31.04,23.29,23.3,0,0
365808b195f35dff,1,4.46,20.37,20.38,13.47,13.47,0,0
702351f9d23159ad,1,4.49,19.42,19.42,13.45,13.45,0,0
2ae2e400efe35400,1,4.41,18.31,18.32,11.49,11.5,0,0
67c2aef1f35a523e,1,0.03,7.21,7.21,10.01,10.01,0,0
a9152eadc70058ba,1,0.04,8.3,8.3,10.47,10.47,0,0
a354ac8030d55e5e,1,0.44,10.31,10.31,14.15,14.15,0,0
4b892b0f3efa5255,1,1.06,12.2,12.2,14.1,14.1,0,0
ae878998fecb50a5,1,0.84,10.84,14.51,10.55,18.08,0,0
3c24bf88e9b150dd,1,0.34,9.65,13.88,7.23,8.17,0,0
04f5b9e8203c5a92,1,0.22,9.59,13.82,7.32,8.28,0,0
75bb2e7612425d57,1,0.55,10.56,13.87,9.38,11.21,0,0
dd23e66ff660575e,1,5.69,32.01,42.22,9.71,10.26,0,1
1c8ca8c10d1a5757,1,5.82,37.67,43.19,5.86,6.04,0,1
6cb33358dfbc5a84,1,5.98,41.79,43.99,7.21,7.47,0,1
ebd299a3953a50ad,1,6.14,43.91,44.49,23.66,24.05,0,1
132d1ec43fc058e1,1,11.71,55.71,55.81,40.31,40.31,0,1
7eab8efaacef55bb,1,11.6,46.08,46.14,35.13,35.13,0,1
f0b6499b393152be,1,8.93,45.53,51.07,13.65,14.44,0,1
9839d83635495727,1,8.7,45.85,50.83,14.81,15.64,0,1
79bdb6b499245d65,1,12.57,56.19,56.43,43.69,43.79,0,1
a36cdc9ebe595113,1,12.47,55.87,56.32,43.5,43.71,0,1
11c529f1623b5034,1,12.27,55.57,56.19,40.8,41.08,0,1
1a928640315c5332,1,12.05,55.36,56.06,40.37,40.72,0,1
ef703bb40b9a516c,1,11.83,55.24,55.93,41.48,41.88,0,1
2d9d3d15e7f25716,1,11.54,55.08,55.75,11.46,11.48,0,1
e001c497823c5154,1,11.28,54.95,55.57,6.76,6.76,0,1
9c8bbeb504c05892,1,11.16,55.03,55.51,42.27,42.58,0,1
1cffb22700735548,1,4.21,15.54,15.6,8.6,8.6,0,0
c5ee24aa8f5059d6,1,3.38,14.35,14.42,8.14,8.14,0,0
a0b67d1ac0c35d26,1,2.61,12.4,12.41,5.14,5.14,0,0
0eb2056214155957,1,2.19,10.09,10.09,5.11,5.11,0,0
4ba0a7c883e85b4f,1,1.95,8.12,8.24,4.12,4.12,0,0
1c8804a52fc0553c,1,0.04,9.44,9.45,10.48,10.48,0,0
b2cc98272c505ed6,1,0.26,12.95,12.96,12.87,12.87,0,0
b5cc4dfa26465b62,1,1.01,16.36,16.36,18.8,18.8,0,0
79551644e9715069,1,7.99,28.48,28.48,23.42,23.42,0,0
ad3d0b30c78355d4,1,7.53,25.18,25.18,21.2,21.21,0,0
7fbe5b01c5a9525c,1,6.97,22.19,22.19,17.59,17.59,0,0
cea55cd8ec6f5185,1,6.34,19.35,19.36,15.73,15.73,0,0
193b39b2ec4f53af,1,5.68,16.95,16.96,13.86,13.87,0,0
ac2046c2652451fc,1,5.01,14.15,14.16,10.69,10.69,0,0
c848c9ccc6e55adf,1,4.35,12.0,12.02,9.21,9.21,0,0
b85f00b0919a5180,1,3.98,10.25,10.26,8.0,8.0,0,0
9e4febcde4875181,1,0.0,8.48,8.53,5.79,5.79,0,0
7abf60c1594953cf,1,0.02,8.52,8.56,5.92,5.92,0,0
68b2ef4a0f9d505e,1,0.05,8.56,8.56,5.52,5.52,0,0
4a839f2910c150c6,1,0.31,8.6,8.6,7.36,7.36,0,0
92427e4a55475ba6,1,4.81,14.67,30.65,25.49,25.5,0,0
0fa4d1e0739659b4,1,5.27,15.66,37.25,12.61,15.44,0,0
24a1c2301c6853f7,1,5.46,18.65,36.18,15.35,21.6,0,0
35fb7e0858ae5bc8,1,5.56,25.57,40.92,12.78,15.68,0,0
fb2402a506065225,1,2.08,20.37,24.6,2.05,2.05,0,0
82ba424ca77e5a4a,1,1.37,18.58,21.75,9.06,9.08,0,0
5e89299dadf05ad1,1,1.18,17.86,20.97,10.96,11.04,0,0
97b98a9d8e935607,1,1.47,17.96,22.11,14.34,15.07,0,0
6f790c3c333058b2,1,2.19,18.7,25.27,15.37,17.07,0,0
621a9591a97758b8,1,3.05,19.72,29.39,22.7,22.7,0,0
78a46fe48bf15051,1,3.75,21.79,31.48,14.73,17.76,0,0
0d857e82084e56be,1,4.14,23.41,33.87,14.7,18.28,0,0
f47841466d835000,1,11.15,55.19,55.53,45.61,45.88,0,1
6b52f2b62f215cb4,1,11.2,55.32,55.58,41.24,41.38,0,1
113d448b6ea8555c,1,11.33,55.43,55.68,41.12,41.26,0,1
c460ec097ed958a2,1,11.5,55.54,55.82,5.98,5.98,0,1
410171a43ce453c2,1,11.69,55.64,55.96,43.95,44.11,0,1
70b89bff643e5ef0,1,11.9,55.74,56.11,43.84,44.04,0,1
71674e79275f5abb,1,12.1,55.84,56.26,43.8,44.04,0,1
5ee074d138be53d4,1,12.28,55.94,56.37,45.28,45.6,0,1
955916fd66da5657,1,0.76,15.57,17.27,4.96,4.96,0,0
c719960a45715a9c,1,1.16,15.99,18.36,12.43,13.41,0,0
d60ec6837413567c,1,1.77,16.14,19.72,12.36,14.37,0,0
93dab1bad99e58f7,1,3.07,15.16,29.28,13.0,17.0,0,0
071d69045acb5971,1,3.64,18.21,32.63,15.09,20.47,0,0
fa5edfd430ba550d,1,4.22,23.27,36.08,18.36,25.29,0,0
970cfee3bc7d5e3d,1,4.81,27.66,36.41,13.99,15.7,0,0
5f2d040ee3bf5c6e,1,5.46,33.66,38.78,10.05,10.19,0,1
d74329969d1155bf,1,7.35,45.6,47.95,32.09,33.69,0,1
d395fa715d3e58c7,1,9.33,62.49,62.65,40.21,40.29,0,1
35ae50756b8952b9,1,9.78,58.93,58.95,40.51,40.53,0,1
3ae2ab1099d65c2a,1,10.21,54.91,54.93,40.0,40.01,0,1
56a45baf2fb55951,1,10.63,54.85,54.86,39.88,39.89,0,1
2f9c4ea0c97450c6,1,10.9,55.14,55.16,44.9,44.92,0,1
4674e35da8425113,1,11.09,55.32,55.35,44.7,44.72,0,1
511ba067a1835f86,1,11.23,55.39,55.41,44.93,44.95,0,1
73872fdc28995ad6,1,4.29,25.02,33.3,13.92,16.68,0,0
c16f84d1251552af,1,4.28,27.94,33.81,13.2,14.48,0,0
692bea45f3de5fd0,1,4.26,32.15,35.93,17.75,19.25,0,1
789c2205e7865e94,1,4.46,36.71,37.63,22.35,22.69,0,1
5fffee1a19495dc6,1,0.0,17.64,17.72,5.8,5.83,0,0
2f6263adaf4f54c5,1,0.0,17.65,17.73,5.81,5.84,0,0
d78ce77ffdf75554,1,0.03,17.74,17.82,9.33,9.4,0,0
34048f1ce51452d0,1,0.37,18.38,18.46,12.15,12.24,0,0
e3ef42c62ba2595b,1,0.08,17.85,17.85,12.39,12.39,0,0
da924c882e6e52d0,1,0.73,19.82,19.82,16.8,16.8,0,0
b0325428be095810,1,1.77,24.95,24.95,19.79,19.8,0,0
3d776c43acfd5327,1,7.33,48.92,48.93,26.62,26.62,0,1
5671f9e107965dc3,1,7.6,50.77,50.77,26.77,26.77,0,1
6eac35cd4c6e53b0,1,0.04,12.23,13.02,4.73,4.73,0,0
15959d7a3d3a53f5,1,0.41,14.06,15.94,4.36,4.36,0,0
06a1f481118057b2,1,0.66,14.64,17.68,4.68,4.68,0,0
c9f0c60627ba5237,1,0.94,11.75,11.75,7.9,7.9,0,0
9157afe90f035621,1,1.35,15.37,15.38,12.24,12.25,0,0
1457dddd3ea65845,1,4.11,28.13,28.13,25.16,25.18,0,0
fcdc1e7c917e5283,1,8.02,49.39,49.4,4.62,4.62,0,1
60a62673dd78534c,1,8.11,48.4,48.48,4.62,4.62,0,1
e45aa663bd0756d9,1,8.16,46.1,46.63,4.7,4.7,0,1
a2978bba82bd5751,1,8.14,18.75,18.79,9.3,9.3,0,0
97c09fe94495563a,1,8.11,14.61,14.62,14.69,14.73,0,0
0a0d91d55b0757f8,1,12.32,64.93,64.96,42.96,42.96,1,1
2963ac11563356d9,1,12.2,65.0,65.04,44.16,44.18,1,1
63f6c401c24557e1,1,12.08,64.81,64.95,43.95,43.98,1,1
86e62e65d9095907,1,11.96,64.6,64.74,39.66,39.69,1,1
614c50b897445f89,1,11.8,64.43,64.49,37.05,37.08,1,1
9cb247f1ef445fb9,1,11.7,64.25,64.29,36.99,37.01,1,1
ad8912b904665e0f,1,11.58,64.05,64.06,39.86,39.88,1,1
77155a60b2ae5e75,1,5.39,18.39,29.32,15.47,19.15,0,0
1370cea130165b51,1,4.55,21.98,21.99,18.82,18.9,0,0
c1e1661e600c570e,1,1.47,21.71,22.09,17.41,17.48,0,0
02e8fd3cc3c3556f,1,6.61,32.08,45.3,25.54,29.81,0,1
a73467a2eede50e9,1,6.84,34.13,46.96,25.56,29.7,0,1
213494be2acb5c68,1,7.01,36.43,48.37,25.8,29.56,0,1
078f05d9e9c05230,1,7.1,38.89,49.41,26.7,29.52,0,1
47f3a90709ad56ed,1,7.27,41.18,50.7,26.77,29.22,0,1
2959d5dbe8235765,1,7.45,43.67,51.9,27.12,29.44,0,1
9ab7d16dd4a6551f,1,3.98,9.29,9.29,6.39,6.39,0,0
8067c4f48fe45421,1,3.48,7.67,7.67,5.22,5.22,0,0
ccb2ae93b23b5826,1,3.0,6.23,6.23,3.76,3.76,0,0
71c1fef0966d5df4,1,2.49,4.95,5.06,2.71,2.71,0,0
40c362dd278b5280,1,1.98,3.87,3.87,1.76,1.76,0,0
8a02c25b58bb5a2b,1,1.51,3.09,3.09,1.0,1.0,0,0
6ebf87c3da335680,1,1.04,2.51,2.51,0.58,0.58,0,0
f8e036dd79a954d6,1,0.66,2.13,2.13,0.24,0.25,0,0
666e41a5d36c50cc,1,6.08,38.18,40.19,15.46,15.65,0,1
a5d23e7aa6265f80,1,6.62,47.85,48.71,29.42,29.88,0,1
56a1470952cb57a0,1,7.12,51.11,51.27,35.16,35.27,0,1
653d8cea5acd5614,1,7.54,53.14,53.21,33.48,33.54,0,1
175f0101f12750b1,1,6.94,36.4,36.4,20.15,20.15,0,1
947518978dcd5005,1,6.79,34.34,34.34,17.71,17.71,0,1
7bf4d5a2cad05f50,1,6.65,31.1,31.1,17.64,17.64,0,0
280321506e7c5f52,1,6.5,28.05,28.05,15.66,15.66,0,0
2b760b8260af515c,1,7.88,36.85,36.91,25.53,25.54,0,1
00eb3a4e0f8052e9,1,7.49,32.76,32.82,21.25,21.26,0,1
77daa055e4ed5ae2,1,7.08,28.21,28.27,18.97,18.98,0,0
77b5e5af1c1057fc,1,6.61,23.89,23.9,17.19,17.19,0,0
fab1fef0e2dc57cd,1,6.11,18.65,18.65,14.28,14.28,0,0
6e0bd197608f5bc5,1,5.61,15.95,15.95,13.58,13.58,0,0
892f8a0d37dd5af3,1,5.11,13.62,13.62,10.2,10.2,0,0
30827c8c62c55b46,1,4.55,11.43,11.43,8.39,8.39,0,0
ebfb953d479d5982,1,2.8,6.04,6.12,13.03,13.13,0,0
e9a26f1753a85a88,1,3.17,3.67,3.68,14.61,14.97,0,0
5975a1af11e25fe4,1,3.32,11.35,11.78,12.46,12.87,0,0
402c9312982a5488,1,3.4,16.89,19.84,11.9,12.49,0,0
963a72ef9c615033,1,3.46,14.45,17.21,11.76,12.58,0,0
fb643a2514195bfa,1,3.49,5.56,5.78,11.63,12.57,0,0
c79b2a28285f5e11,1,3.17,14.87,18.7,9.71,10.23,0,0
0a51eebaccc95c36,1,3.32,15.01,19.08,9.87,10.42,0,0
a5de46cebb7d5260,1,3.81,28.85,33.56,14.42,15.66,0,0
0868436794795421,1,5.62,27.27,27.28,14.43,14.44,0,0
065ec41ed01d59ca,1,5.48,25.7,25.71,13.8,13.81,0,0
31134bc6685c57ae,1,5.14,23.38,23.39,12.41,12.41,0,0
8b279a20979950d6,1,4.74,20.99,20.99,11.21,11.21,0,0
765dacfed4925185,1,4.38,18.25,18.25,10.67,10.67,0,0
a8c150e293ac5bd3,1,3.97,15.39,15.39,7.73,7.74,0,0
326a8c0625d856cc,1,3.51,13.95,13.96,6.39,6.4,0,0
85c5f81a8dec5628,1,3.92,16.63,20.26,13.34,15.02,0,0
cd8518ca186155f9,1,4.0,17.58,20.66,13.7,15.28,0,0
30f09e001cf55013,1,4.08,18.62,21.06,9.12,9.49,0,0
9e10e31698a650a1,1,4.16,19.73,21.03,16.23,16.81,0,0
98527843384f5f43,1,4.21,21.07,21.69,17.38,17.53,0,0
fbc9981c30745684,1,4.2,19.93,21.56,14.36,14.68,0,0
bb9c441a4c2b5791,1,4.19,18.96,21.56,14.04,15.44,0,0
5dae1d43c2e55113,1,4.19,18.53,21.56,13.9,15.37,0,0
469dfe790903577a,1,3.49,15.69,19.4,13.62,14.72,0,0
ff1a305b2c1752af,1,3.62,15.39,19.22,13.71,14.7,0,0
5c2c553d990d5a17,1,3.59,15.16,19.26,9.73,10.34,0,0
0456452c8a13546c,1,3.56,14.91,19.32,9.7,10.38,0,0
19efcf474dd85579,1,3.54,14.8,19.37,9.72,10.47,0,0
2dbaea2c3ad8531f,1,3.57,14.94,19.44,9.79,10.56,0,0
076e4afb95d057cf,1,3.69,15.28,19.64,9.84,10.57,0,0
064018bfafb05f56,1,3.8,16.18,20.6,9.88,10.6,0,0
42545a072b1a5820,1,7.62,46.55,52.16,29.56,31.71,0,1
8733d5cc8ae956df,1,7.74,49.13,52.98,31.82,33.53,0,1
d06d8235012b56fe,1,7.86,51.5,53.61,35.58,36.52,0,1
b528a0aa02695437,1,8.02,53.39,54.18,36.45,36.76,0,1
cecd27d3ba0e54fd,1,8.45,49.54,49.55,28.21,28.22,0,1
44cd06a315635c09,1,8.25,47.63,47.65,28.14,28.15,0,1
bf478a1422445c12,1,8.08,45.86,45.87,28.13,28.14,0,1
3154180ecf9a5e67,1,7.59,38.57,38.57,23.25,23.26,0,1
cc063cc1396551a6,1,3.85,13.24,13.31,8.9,8.9,0,0
2c6d90e9889e56c2,1,3.49,11.64,11.72,6.77,6.77,0,0
7231c4ecc0395010,1,3.12,10.14,10.24,5.35,5.35,0,0
80a81ca168f454b9,1,2.78,8.81,8.93,5.18,5.18,0,0
c8d1d4dd7889577b,1,2.56,7.58,7.73,4.8,4.8,0,0
5146509d64145fcc,1,2.28,6.49,6.66,3.63,3.63,0,0
1b3de6f75c0559d8,1,2.0,5.5,5.7,2.66,2.66,0,0
77f45b5536f854bf,1,1.76,4.58,4.61,1.89,1.89,0,0
0687eed0cf265533,1,8.3,55.7,56.73,33.19,33.33,0,1
7b7cac50a37a5c24,1,8.27,55.81,56.62,33.67,33.78,0,1
fe8efa6c8dc4573e,1,8.26,48.74,49.15,33.71,33.81,0,1
3486294123695bed,1,8.27,53.44,53.77,4.71,4.71,0,1
c2331abea9b5551f,1,8.28,56.22,56.45,4.72,4.72,0,1
49bdbf5ee25c5024,1,8.27,56.31,56.45,4.67,4.68,0,1
4dca385d371c57fb,1,8.27,59.32,59.4,4.8,4.8,0,1
d782b032259d5cc0,1,8.29,56.51,56.53,33.09,33.09,0,1
a6fd750fe57d5bb9,1,4.15,18.61,21.52,13.87,15.19,0,0
77f0818999145e8f,1,4.06,15.78,17.57,13.79,15.12,0,0
0ee1f95f55d95f7e,1,3.49,14.53,14.88,5.61,5.64,0,0
1d3700dc6c9950e0,1,3.17,13.64,13.71,5.81,5.84,0,0
dc8fc926ef0451f1,1,0.0,6.56,6.79,3.45,3.45,0,0
d77a9c90baf35d87,1,0.05,7.44,7.64,4.43,4.44,0,0
b23f49937a48507e,1,0.09,8.25,8.42,4.45,4.46,0,0
3debd3d86b5850dd,1,0.53,10.35,10.46,6.77,6.77,0,0
3a4b7b872e3452ac,1,6.25,25.39,25.4,14.01,14.01,0,0
cf34e1f8d98f56ee,1,5.94,22.56,22.57,12.44,12.44,0,0
b2b73ef16f0a5a9f,1,5.58,20.48,20.49,10.37,10.37,0,0
7d70562315ff5bc1,1,5.14,17.54,17.54,8.82,8.82,0,0
92bbb17b853a5aa2,1,4.63,13.97,13.97,7.67,7.67,0,0
c1ea7d700faa5fee,1,4.11,11.17,11.17,6.31,6.31,0,0
5ce3b2260be35a1e,1,3.57,9.03,9.06,3.9,3.9,0,0
3251e54ebe415e5c,1,2.96,7.23,7.27,3.95,3.95,0,0
87dc5db673bd5b2b,1,4.82,13.02,13.02,5.92,5.92,0,0
66d152defe7b59e2,1,4.17,9.14,9.14,4.66,4.66,0,0
794584aa724a55f4,1,3.53,6.53,6.53,3.6,3.6,0,0
a6c229d05cdb5016,1,2.83,3.91,3.91,2.13,2.13,0,0
177abd8780ad5476,1,2.06,2.03,2.03,0.85,0.85,0,0
86ecfd85bd095b7f,1,1.3,1.26,1.26,0.39,0.39,0,0
9b25bbac0aac5357,1,0.65,0.97,0.97,0.23,0.23,0,0
fe6105aa925d5621,1,3.01,1.68,1.69,25.94,25.97,0,0
9bd12765d98b514f,1,2.98,4.97,4.98,3.96,3.96,0,0
75128a99a5765e31,1,2.51,3.76,3.77,2.38,2.39,0,0
a1e8639c17ac5089,1,1.89,2.7,2.72,1.2,1.21,0,0
028d10ed5c105755,1,1.27,2.0,2.03,0.66,0.66,0,0
7736a52445b1522d,1,0.75,1.54,1.58,0.31,0.32,0,0
21b54e6d58985ae3,1,0.02,7.83,7.92,7.75,7.75,0,0
c4fd814210875a8e,1,0.05,7.81,7.85,9.36,9.36,0,0
65b76ee44ba5521c,1,0.53,7.81,7.85,10.54,10.54,0,0
45c3a52706c555df,1,7.65,35.39,35.4,9.91,9.91,0,1
d2d30ecb18db52f9,1,7.23,32.85,32.86,9.89,9.89,0,1
690e07e19bf55c7c,1,6.77,30.32,30.34,17.65,17.65,0,0
0ac3823481f15815,1,6.27,27.87,27.89,17.26,17.26,0,0
3c46be05cd7a5cdf,1,5.76,25.53,25.56,14.45,14.45,0,0
0eaa844dc2605267,1,5.24,23.34,23.37,12.46,12.46,0,0
fac35c75801751bd,1,4.71,21.3,21.34,10.46,10.46,0,0
9c941c942f955a5a,1,4.19,15.01,15.07,9.06,9.06,0,0
39dba8a42eaa5ea0,1,7.5,16.0,16.02,19.41,19.41,0,0
3adebc0f04ed5311,1,6.89,14.64,14.64,17.18,17.18,0,0
355dadd64723531e,1,6.35,19.64,19.64,15.77,15.77,0,0
06d348162e80510a,1,5.86,19.5,19.51,14.23,14.23,0,0
4007544abfa3548f,1,5.56,21.3,21.3,14.09,14.09,0,0
a2d7be8710535e33,1,5.2,18.72,18.72,11.0,11.0,0,0
71405d414236553c,1,4.57,15.56,15.56,7.94,7.94,0,0
bca2f135ebf4542c,1,3.87,14.05,14.05,6.8,6.8,0,0
ed90bab84c475e4f,1,4.63,30.78,30.78,22.04,22.04,0,0
f879fd3edf21506a,1,7.67,37.47,37.47,23.84,23.84,0,1
f9f97f2e6d435822,1,7.54,36.39,36.39,23.64,23.65,0,1
31091c3173c6596a,1,7.39,34.21,34.21,21.54,21.54,0,1
72d6e0ab829553ed,1,7.22,31.49,31.49,21.34,21.34,0,0
b31417a335cf5955,1,7.0,14.44,14.44,17.52,17.52,0,0
d9fac9fdd2bd5036,1,6.59,13.45,13.45,13.63,13.63,0,0
245bcbae35595474,1,5.48,17.33,17.33,8.55,8.55,0,0
ef0914834c445c21,1,5.61,29.77,30.26,23.44,23.91,0,0
8fe49f5c68d65801,1,10.57,48.75,48.75,8.11,8.11,0,1
b7f1861bff9c514e,1,10.49,47.38,47.38,34.61,34.61,0,1
7f002eadb0845994,1,10.29,44.94,44.94,31.71,31.71,0,1
6b9ddb691b38551a,1,9.92,42.14,42.14,28.43,28.43,0,1
c0be0cb86f2c5cf1,1,9.41,39.26,39.26,27.42,27.42,0,1
89ab22734ce45927,1,8.8,36.17,36.17,23.16,23.16,0,1
a6186e0af3a55d93,1,8.13,33.31,33.31,23.3,23.3,0,1
f3a61425920f57a7,1,5.27,22.66,28.56,2.14,2.15,0,0
77bff1fe494e52dd,1,5.65,22.42,26.0,22.36,27.1,0,0
1633456bc3ec569d,1,6.65,33.38,34.43,25.27,25.78,0,1
f727c5fa1e735d2d,1,6.96,35.82,36.4,29.03,29.28,0,1
770c714d82535180,1,7.1,37.68,37.88,27.28,27.39,0,1
9f8764247caa5e71,1,7.18,39.45,39.54,27.67,27.73,0,1
68d46e380acc5f56,1,7.33,41.99,42.04,27.77,27.8,0,1
a9e622747fc45a0a,1,7.49,41.98,41.99,29.59,29.6,0,1
b1a1b2a18fa4504f,1,1.63,10.76,14.11,13.19,13.19,0,0
ef72c411731f5e79,1,1.74,9.17,14.39,4.17,4.17,0,0
61766a0be9165cb7,1,1.55,8.73,14.96,2.57,2.57,0,0
0577532eba755552,1,1.31,9.52,15.85,7.0,7.6,0,0
62974364debd5463,1,1.01,9.28,16.6,7.27,8.08,0,0
cedd32ec31e45cd9,1,8.24,55.11,56.2,33.55,33.63,0,1
6289749098c55328,1,8.28,55.26,56.48,32.95,33.07,0,1
86f80cbf4c6b5e50,1,8.32,55.55,56.73,33.13,33.27,0,1
995f8bcf61f95fad,1,1.03,11.58,11.62,8.78,8.78,0,0
77761cd0edf15867,1,3.97,26.27,26.27,18.12,18.12,0,0
a8fb178e35d25d73,1,5.64,14.36,27.4,15.5,19.19,0,0
761985c4330555f2,1,5.46,18.7,25.85,14.32,16.13,0,0
de18caace4a351b6,1,5.3,18.59,28.95,16.32,19.97,0,0
983d04f21f6953f6,1,5.23,21.97,27.33,18.63,21.11,0,0
e61adc75d7da50c3,1,5.2,24.78,28.03,18.24,19.98,0,0
e8d654d610fa547f,1,5.36,27.38,28.86,22.0,23.31,0,0
8ca0e93beaa056de,1,9.48,51.32,51.34,34.23,34.23,0,1
33423262feb656a3,1,9.56,54.34,54.36,30.5,30.5,0,1
70ee383e3b335c16,1,5.68,42.26,42.78,23.74,24.0,0,1
6250b1bc5d735d1a,1,0.01,15.66,15.66,7.43,7.44,0,0
625804443c0555ac,1,0.0,15.67,15.67,7.51,7.52,0,0
26eeb11cbcd9593b,1,0.02,15.71,15.71,9.47,9.47,0,0
e6a94b91b19f5315,1,0.09,15.83,15.83,12.13,12.13,0,0
c6e19ffa3c34551c,1,0.8,17.32,17.32,15.63,15.63,0,0
3a36b098acee53b9,1,2.11,8.87,8.96,2.78,2.78,0,0
48271cdeceb35236,1,1.84,7.18,7.3,2.65,2.65,0,0
8560e670c7865e3f,1,1.62,4.66,4.67,1.1,1.1,0,0
c4b1d4fabd315035,1,1.23,2.69,2.7,0.67,0.68,0,0
008d66a74c275479,1,0.74,2.26,2.27,0.08,0.1,0,0
c2790319345a58cf,1,0.04,2.63,2.63,9.38,9.38,0,0
b6e039ab90075f16,1,0.4,2.58,2.58,18.38,18.4,0,0
4e496bfdb6b95697,1,8.04,33.37,33.37,33.41,33.52,0,1
b2f8e3b0a7a1565e,1,8.86,47.46,47.8,25.15,25.15,0,1
a479822714c6558b,1,8.63,46.2,46.64,25.48,25.5,0,1
774aad2507f75660,1,8.44,44.92,45.39,25.07,25.1,0,1
43066c8c8e325fcf,1,8.25,24.91,25.01,22.32,22.36,0,0
b2dd5bf723d55469,1,7.9,21.43,21.52,19.07,19.1,0,0
cf0aec572cdd543e,1,7.38,18.13,18.15,15.68,15.7,0,0
177b58cd935356f2,1,6.72,14.99,15.06,13.44,13.45,0,0
059ce9cd10135396,1,6.01,12.16,12.17,9.99,9.99,0,0
e309a82b568d5669,1,1.31,20.37,20.4,11.53,11.53,0,0
f7a474593242588b,1,2.22,25.91,25.91,13.15,13.15,0,0
ff5c0e17d20351ca,1,2.88,29.99,30.0,10.14,10.14,0,0
13e6cd945bf95a1f,1,0.02,17.67,17.89,5.4,5.41,0,0
dd2b5010e1d25d72,1,0.01,17.64,17.87,5.39,5.39,0,0
775df8f025845f5f,1,0.21,18.11,18.32,9.93,10.28,0,0
1d612d6783845a87,1,0.87,20.53,20.68,6.93,6.93,0,0
35aa38c73e9251a7,1,1.65,24.5,24.55,15.12,15.15,0,0
bde076eb186a52d5,1,1.54,3.79,3.83,1.35,1.36,0,0
08fc5ba619bc535c,1,1.31,3.14,3.19,1.06,1.06,0,0
84cd08b147745635,1,1.07,2.59,2.65,0.74,0.74,0,0
e727c1d090125d64,1,0.81,2.17,2.23,0.42,0.43,0,0
026bb114391d5b81,1,0.15,6.56,6.73,7.17,7.17,0,0
dfaaa711e0a557ba,1,0.66,15.8,15.86,8.67,8.67,0,0
bde15534dcdc5933,1,1.4,18.85,18.9,13.16,13.16,0,0
d2098ab3fc1953b3,1,9.41,61.03,61.1,3.5,3.5,0,1
fe746b45992f5a69,1,3.81,1.51,1.53,27.29,27.32,0,0
eb9827bfdf925815,1,4.72,-0.6,0.65,29.22,29.27,0,0
8b31009bc5115cb5,1,5.65,42.78,42.84,32.72,32.78,0,1
ff6f020133855f6a,1,6.59,46.23,46.37,35.2,35.27,0,1
23f10a2b432555b9,1,8.43,51.35,51.52,44.68,44.8,0,1
c2a01dd3d1d45258,1,9.26,53.0,53.17,44.74,44.87,0,1
742ac4ddb9d7557d,1,10.04,54.26,54.41,44.81,44.91,0,1
153ae46b6ba65721,1,10.76,61.25,61.39,44.52,44.61,0,1
c8bf5f09438e5507,1,4.76,14.71,14.71,8.56,8.56,0,0
844760894a04505a,1,4.2,10.56,10.63,6.01,6.01,0,0
a332b717471c5704,1,3.62,6.38,6.38,4.34,4.34,0,0
553d5ef6d98e5728,1,2.95,4.89,4.9,3.07,3.07,0,0
491dce963f7f5b57,1,2.27,3.73,3.74,1.56,1.56,0,0
f40f57ad82885f04,1,1.64,2.87,2.87,0.84,0.84,0,0
70b9e5ded0b057d7,1,0.19,7.95,7.95,4.72,4.72,0,0
962deb8ccdaf50e3,1,0.44,8.88,8.88,4.86,4.86,0,0
aee53565120f533b,1,9.69,42.83,42.83,27.63,27.63,0,1
52dac3f651ae5950,1,9.11,39.23,39.23,25.5,25.51,0,1
5c0a94addace52e2,1,8.53,35.74,35.74,23.43,23.43,0,1
e22c4b8440c759b7,1,7.93,32.21,32.21,21.2,21.2,0,1
4d8b083f00675de2,1,7.3,28.71,28.71,18.91,18.91,0,0
24acfb08c5ef55f5,1,6.66,25.33,25.33,15.9,15.9,0,0
13336a542595599f,1,6.01,21.99,21.99,13.6,13.6,0,0
31c26928703053d2,1,5.36,18.41,18.41,10.1,10.1,0,0
7edfabe116e25844,1,5.09,38.52,39.12,24.59,24.89,0,1
80c159e90ae755f3,1,5.82,41.52,42.01,28.87,29.2,0,1
1b203e7299655c9c,1,6.51,44.27,44.74,32.8,33.05,0,1
16ee6602bb5c5e99,1,0.1,9.41,9.45,5.72,5.83,0,0
47bf6a2499af5368,1,0.43,9.41,9.67,11.17,11.17,0,0
ccd3ef26274b5b13,1,0.96,10.02,10.18,13.15,13.15,0,0
fb3ec8fa431c5d83,1,2.32,8.94,13.28,1.26,1.28,0,0
159972aee8265c33,1,2.75,8.35,10.69,1.37,1.4,0,0
3b6865082c225fe8,1,8.1,24.26,24.35,28.36,28.36,0,0
a1bfecf3560e5aa3,1,8.24,20.6,20.93,27.48,27.49,0,0
1b00de050fdd5214,1,8.47,17.0,17.22,25.39,25.4,0,0
b3899f957ebe5684,1,8.71,49.24,49.47,24.28,24.29,0,1
cfd47fe44d355d32,1,8.93,53.99,54.2,35.2,35.27,0,1
71729b03a1e95896,1,11.2,64.84,66.13,7.98,7.99,1,1
d70f77951917593a,1,11.07,64.57,65.86,38.29,38.43,1,1
0f23b65ea5a6556e,1,10.93,64.39,65.42,36.38,36.63,1,1
e1b645135dae5fe9,1,2.33,5.65,5.7,2.24,2.24,0,0
d26771df718251d1,1,1.81,2.32,2.44,1.13,1.13,0,0
81b16700f22d5688,1,1.24,1.72,1.87,0.45,0.45,0,0
fc844eb140035b27,1,0.32,7.37,7.38,9.79,9.79,0,0
d789efd527395984,1,0.89,10.88,10.89,10.92,10.92,0,0
dda361f4db52537a,1,4.05,19.24,23.03,14.57,17.29,0,0
55016fc4cd15505d,1,4.33,18.34,23.89,14.55,17.45,0,0
a37ac5585e74546d,1,4.89,20.52,27.31,17.85,23.58,0,0
71ed3e4fcadc5322,1,4.46,19.09,19.09,9.44,9.44,0,0
3d17efc5625f5c4f,1,4.1,17.34,17.35,8.97,8.97,0,0
eb430bd4f0095c28,1,3.76,16.11,16.11,8.01,8.01,0,0
197f2dea642850e7,1,3.4,14.83,14.83,6.6,6.6,0,0
e1f6c044f4235462,1,3.07,13.64,13.64,5.56,5.56,0,0
b191eb9b8de25005,1,2.8,13.09,13.16,5.39,5.39,0,0
c4d424c8f74e5b70,1,2.65,11.22,11.23,4.92,4.92,0,0
a6da1090aa335503,1,2.48,11.23,11.3,3.7,3.7,0,0
198b7ec55c3b5a5c,1,4.58,29.04,29.98,17.79,18.47,0,0
4907817195ff5d6f,1,4.5,30.09,30.55,13.78,14.0,0,0
0c77bbb199f3589f,1,5.76,22.74,22.74,17.85,17.85,0,0
5066b57b01cb56ec,1,5.67,13.32,13.32,18.01,18.01,0,0
5368a45f74ed5f66,1,5.56,13.19,13.19,16.5,16.5,0,0
1b736bfe747b5987,1,1.79,2.41,2.43,0.67,0.67,0,0
455fdf27af915de2,1,0.91,2.03,2.05,0.27,0.27,0,0
e5b0b2c83a395163,1,0.09,1.87,1.88,2.05,2.05,0,0
0feb5eb464bc52b0,1,5.93,34.56,34.59,12.86,12.87,0,1
2829df17720c501f,1,6.37,33.14,33.14,23.84,23.84,0,1
c1c3bb73344c593a,1,6.32,30.64,30.65,25.18,25.18,0,0
6c5d84e81aca5755,1,6.28,28.92,28.93,20.41,20.41,0,0
3fa9c77540225eae,1,6.13,26.21,26.22,18.56,18.56,0,0
31aa58748e2c5495,1,5.76,22.39,22.39,17.79,17.79,0,0
8ff412b66d24593c,1,5.31,19.46,19.47,11.28,11.28,0,0
151436bbacb858b5,1,4.77,17.13,17.13,9.42,9.42,0,0
6af296d59322504d,1,1.01,11.04,11.05,8.94,8.94,0,0
5f402207dd7d5977,1,4.22,15.84,29.99,9.44,9.44,0,0
66dca10d8f315889,1,4.18,14.08,31.23,4.1,4.1,0,0
ec372e5b0ad7504f,1,4.12,12.57,32.33,1.3,1.31,0,0
2c337eb368fb54ca,1,4.0,12.68,33.19,1.58,1.62,0,0
fb3e4b836ab758db,1,3.87,33.18,35.01,21.6,22.67,0,1
29647b1293bf52b0,1,4.48,37.36,37.77,24.88,25.2,0,1
8d39d3f85647574c,1,9.05,48.6,48.81,33.64,33.77,0,1
46b79218b0195050,1,1.79,21.09,21.18,17.64,17.65,0,0
e7a7c61c543e5b88,1,4.89,24.2,24.28,16.15,16.16,0,0
dd1ab5d48c6358ef,1,5.03,22.57,22.63,15.18,15.19,0,0
7e2dc290d51f5137,1,4.92,20.67,20.71,12.81,12.82,0,0
26c48df074d151c6,1,4.74,18.72,18.74,10.93,10.93,0,0
cd1234d5b4b2570d,1,4.43,16.78,16.8,8.44,8.44,0,0
8b54e86cb8b05114,1,3.92,14.92,14.95,6.4,6.4,0,0
626859d4351b5ffe,1,3.41,6.43,6.44,4.05,4.05,0,0
77dd24d1d09c5e50,1,10.73,56.88,56.95,34.87,34.87,0,1
60f76df7b8a95157,1,10.61,56.58,56.66,41.18,41.19,0,1
d11ecb84b9b1511c,1,10.49,56.48,56.56,39.64,39.65,0,1
de4facce62b05f57,1,10.37,56.19,56.22,37.2,37.2,0,1
f6855b72b0aa57e2,1,10.26,55.87,55.89,37.09,37.1,0,1
ff8fade989aa5bb8,1,10.16,55.73,55.75,31.85,31.85,0,1
b1f17d9960f35562,1,10.04,55.47,55.47,30.92,30.92,0,1
6e67504ab65f5314,1,8.73,41.99,41.99,25.41,25.41,0,1
e0b92501aa5051b1,1,0.68,9.88,9.88,4.87,4.87,0,0
65dbd10f84db5a53,1,0.88,10.46,10.46,4.79,4.79,0,0
37837c3f78625095,1,1.05,10.6,10.6,4.47,4.47,0,0
23bd3a02e2855a28,1,1.44,7.65,7.65,3.58,3.58,0,0
1fd8eed8897a5667,1,1.54,4.59,4.59,3.22,3.22,0,0
bd646d9caaef57d8,1,1.57,3.82,3.82,1.86,1.86,0,0
93a5e1de2d185374,1,1.39,3.12,3.12,0.93,0.93,0,0
b4aeb4bbd9035964,1,1.11,2.52,2.52,0.7,0.7,0,0
06faec49379750a5,1,5.25,9.66,9.73,8.02,8.02,0,0
f23d4a49b1c753bc,1,4.41,7.41,7.48,5.86,5.86,0,0
a28af989d6ea5fe8,1,3.47,5.53,5.62,3.56,3.56,0,0
8c75e07d70c558df,1,2.55,4.17,4.17,1.99,1.99,0,0
0d49407b94b259e8,1,1.74,3.26,3.26,1.07,1.07,0,0
e63d12285d215a4f,1,1.11,2.79,2.8,0.49,0.49,0,0
9d7030a6966b54cd,1,0.03,7.42,7.49,5.79,5.79,0,0
5322f39a6130560c,1,0.33,9.23,9.23,7.58,7.58,0,0
418c618fc266506b,1,4.13,13.99,14.0,7.79,7.79,0,0
3a43a45778b85666,1,3.59,11.74,11.75,5.41,5.41,0,0
7dd7ec944ff15821,1,3.12,9.9,9.91,3.9,3.9,0,0
c42697d5870e5dee,1,2.71,4.67,4.7,2.62,2.62,0,0
9e28afceaa155cf4,1,2.3,3.4,3.43,2.01,2.02,0,0
540ec2943ea050c9,1,1.74,2.7,2.74,0.91,0.91,0,0
bcbe67b78b825aec,1,1.15,1.94,1.99,0.4,0.4,0,0
47c8c3903f245f96,1,0.21,10.1,10.21,9.16,9.16,0,0
26cc0e92707756f2,1,1.19,13.99,14.07,12.67,12.67,0,0
2313aa310e16503d,1,8.76,28.69,34.73,29.53,35.17,0,0
5c9c6666d0725c64,1,9.0,29.81,36.29,22.26,22.35,0,0
ea90773e4a7c5723,1,9.31,30.25,37.66,31.6,36.61,0,0
a76311c957b05f8c,1,9.63,32.53,39.06,35.53,40.3,0,1
143420292ce554f6,1,9.98,34.73,38.86,39.02,42.95,0,1
6b8554204c935ab0,1,10.34,39.21,42.51,41.12,43.81,0,1
bc42935ebf1854f6,1,10.67,49.87,52.35,43.52,45.21,0,1
c46978b319c7533d,1,10.58,63.4,64.3,34.01,34.18,0,1
4db7ecab510656e1,1,8.35,43.6,43.62,33.03,33.04,0,1
deb16bb9771a582a,1,8.32,43.13,43.15,28.63,28.63,0,1
0e9044c5aec15041,1,8.28,42.04,42.05,28.59,28.6,0,1
0530c20c3c71533a,1,8.22,40.03,40.04,28.2,28.2,0,1
e10fd359f695575f,1,11.04,52.44,52.44,34.1,34.1,0,1
29c5b3febc2f5704,1,10.66,49.28,49.28,31.52,31.52,0,1
d192ad1c7fa95445,1,10.23,46.15,46.15,31.27,31.27,0,1
0e6cae45fdd5536b,1,2.39,28.16,28.17,18.22,18.22,0,0
6de13c6c9af05cac,1,5.03,39.86,40.36,23.38,23.54,0,1
d54047580ffb5dba,1,5.41,41.61,41.93,23.51,23.64,0,1
2a34f4d0aefc5039,1,1.18,14.1,19.83,9.26,9.63,0,0
4b09402394995325,1,0.98,14.68,18.9,9.26,9.71,0,0
d8c1754607175755,1,1.2,14.23,19.57,11.34,12.58,0,0
d3719519c1f95276,1,4.86,39.44,39.67,11.0,11.04,0,1
b5b8d20688385790,1,0.04,9.1,9.57,-0.06,0.11,0,0
907f2c5fde6f5db8,1,3.68,13.78,23.4,10.31,13.29,0,0
150bfebecc525d57,1,4.14,16.76,23.54,11.3,14.1,0,0
1508ee5a37ef5588,1,5.09,37.85,39.79,23.06,23.96,0,1
9b5c31b36c5b5aa9,1,5.57,41.9,42.41,24.26,24.48,0,1
5ddfd1fe80af5ceb,1,0.0,17.63,17.63,3.71,3.71,0,0
650d84864184549e,1,0.0,17.63,17.63,3.74,3.74,0,0
dd2bc3e6bb8353b8,1,0.03,17.72,17.73,5.0,5.0,0,0
1e04c6a2644f5c2b,1,0.22,18.14,18.14,6.84,6.84,0,0
e6fd7389cbfb5943,1,0.31,1.02,2.0,0.02,0.1,0,0
9502cdbb06dd516f,1,0.58,1.47,2.27,0.01,0.09,0,0
771c4e378bef58e4,1,0.68,1.77,2.47,0.07,0.13,0,0
afbf82af256b5711,1,2.11,24.62,24.7,7.75,7.75,0,0
51e7c560a43d5a25,1,1.8,24.07,24.16,13.59,13.6,0,0
b7e9b4a46b9a5533,1,1.67,23.73,23.83,13.75,13.77,0,0
b4f05c1e42ea5aec,1,2.03,23.9,24.16,17.51,17.58,0,0
c126718a51d85fbd,1,4.3,35.12,35.89,24.87,25.22,0,1
135b319cf4b1584c,1,10.52,57.54,57.57,34.82,34.83,0,1
e0c6e5c235ed5b7b,1,10.39,56.74,56.75,33.48,33.49,0,1
088b38f5e629514b,1,10.27,59.47,59.48,33.19,33.19,0,1
2cd1545c4c835ead,1,8.73,42.12,42.12,28.16,28.16,0,1
5876e4def8615813,1,8.61,38.88,38.88,25.86,25.86,0,1
456ef599efa85659,1,8.47,35.24,35.24,24.55,24.55,0,1
7c75567759e15900,1,8.27,30.91,30.91,22.04,22.04,0,0
c42677f7e56f5c3f,1,7.86,17.0,17.0,18.6,18.6,0,0
05929f9dc5d152a7,1,0.18,9.51,9.51,7.18,7.18,0,0
3bcb5a54eca95746,1,0.57,10.15,10.15,7.09,7.09,0,0
19488eb3301f5d26,1,4.76,15.48,25.07,14.36,17.0,0,0
2649dcc8a1725fb2,1,4.78,15.81,21.49,14.23,16.64,0,0
d6641a8596f25d47,1,4.78,17.53,21.88,14.77,16.99,0,0
43ebecce459052f2,1,4.66,21.69,25.57,15.19,17.15,0,0
d3e99c65bb2a5d79,1,4.56,24.47,27.47,15.36,16.83,0,0
dc95b5731cc359f3,1,4.57,27.01,28.89,17.47,18.54,0,0
024d012881be5995,1,3.92,15.5,15.5,7.71,7.71,0,0
c51ec68aa4fe5f05,1,3.41,13.79,13.79,6.28,6.28,0,0
178e844e8bd155ca,1,2.97,12.08,12.08,5.01,5.01,0,0
7e082b46989356a4,1,2.58,10.63,10.63,4.05,4.05,0,0
611ff428aa8a5e86,1,2.17,8.77,8.77,4.03,4.03,0,0
13fcb47bb63951e7,1,1.83,7.45,7.45,3.08,3.08,0,0
e717645716555e33,1,1.53,4.73,4.74,3.2,3.2,0,0
984c4c329ba05bd2,1,1.29,4.1,4.1,1.41,1.41,0,0
43c74ea303715baf,1,0.4,18.36,18.37,3.86,3.87,0,0
714a2012b2a75d4f,1,0.29,18.24,18.24,9.48,9.48,0,0
9468f5ec72415a29,1,0.44,18.4,18.4,11.12,11.12,0,0
3256f37c21915104,1,1.19,22.07,22.07,20.33,20.33,0,0
12ca80cc0d575578,1,2.3,27.51,27.52,22.01,22.01,0,0
1ca03ed089925396,1,8.34,50.78,50.84,33.23,33.24,0,1
7730f64417df5d47,1,8.68,51.53,51.59,31.28,31.29,0,1
f3c9dcda27ba51a7,1,9.02,52.18,52.25,5.78,5.78,0,1
2b5d551f5466530e,1,8.75,38.63,38.64,26.06,26.06,0,1
0442b2728b8058fd,1,8.26,35.96,35.96,23.53,23.53,0,1
c96b4de8d3d55287,1,7.77,32.99,32.99,21.41,21.41,0,1
242d17bd2af15992,1,7.2,30.83,30.84,17.74,17.74,0,0
2c0e25d51b0b5e31,1,6.59,27.92,27.92,16.43,16.43,0,0
3968f1bc11085a70,1,5.95,25.55,25.55,14.66,14.66,0,0
21146ac996365854,1,5.39,23.0,23.0,14.54,14.54,0,0
75f9d978b4d757a2,1,4.92,20.99,20.99,11.19,11.19,0,0
db951dbc3e595c29,1,0.38,17.0,17.16,9.48,9.52,0,0
614a0b6a482455af,1,0.99,19.62,19.74,11.43,11.47,0,0
048eb7efa08354e3,1,1.73,22.59,22.64,13.04,13.09,0,0
8128635441b358c4,1,1.46,15.43,15.43,7.24,7.24,0,0
9a675656c3c85f4c,1,0.37,8.84,8.85,0.56,0.56,0,0
c7ef706bfbef5f7c,1,0.09,9.03,9.03,3.84,3.84,0,0
83d03e995ce55e9b,1,0.0,9.13,9.13,5.2,5.22,0,0
ac5327106349541c,1,0.01,9.81,9.82,3.72,3.72,0,0
c308037e34c45bed,1,9.29,52.64,52.7,10.68,10.68,0,1
cbe2fffee4105dbf,1,9.4,51.7,51.73,10.63,10.63,0,1
9f5172e4a2cb5304,1,9.38,47.88,48.36,30.01,30.02,0,1
7dae0a8be0545755,1,0.41,11.02,13.39,5.91,5.91,0,0
21d4990a6b4f597a,1,0.28,10.91,13.3,5.88,5.88,0,0
ad601a0f5b8350dd,1,0.34,12.8,14.91,8.94,8.95,0,0
b27212debb885706,1,0.86,12.47,13.95,15.51,15.51,0,0
3c3991ec8d7a5507,1,3.47,10.82,23.48,6.8,8.02,0,0
6136d15f12905f36,1,0.75,2.11,2.11,0.24,0.24,0,0
70becaf36f845b1d,1,0.06,7.24,7.24,7.56,7.56,0,0
6498149e85ef5b8d,1,0.56,9.08,9.08,11.93,11.93,0,0
e6ff81ab83355450,1,9.96,48.7,48.7,30.95,30.95,0,1
bbb2fd3f27635227,1,9.83,48.11,48.12,31.59,31.6,0,1
a41bdf91223654f7,1,9.72,47.92,47.92,31.39,31.39,0,1
87fa0c79b31c563a,1,9.6,32.25,32.26,4.8,4.8,0,1
9a524d13e6795a95,1,10.84,57.01,57.07,34.86,34.86,0,1
48f70b92d6895a39,1,0.87,16.3,18.3,15.44,15.68,0,0
84409129e8075bca,1,1.61,15.36,20.71,17.42,17.57,0,0
c9fb5f51480b5ff8,1,3.46,14.29,27.73,16.52,17.19,0,0
bffb3b45a1c55080,1,5.21,21.87,21.89,12.18,12.26,0,0
16a738813dbe5496,1,5.35,20.57,20.9,19.23,19.24,0,0
74c8385c2d845cde,1,5.28,17.87,19.33,15.64,15.73,0,0
8a6717a888fe55f9,1,5.13,13.89,18.42,12.43,12.63,0,0
1d33935825d8539f,1,4.93,12.23,17.95,11.75,12.03,0,0
2c3e04a929b85f30,1,5.39,41.8,41.8,28.68,28.69,0,1
a9609780217c5831,1,0.01,17.67,17.68,6.11,6.11,0,0
8d293b5028e555a3,1,0.01,8.86,8.86,6.06,6.06,0,0
017514eaeeef5716,1,0.15,6.46,6.47,9.68,9.68,0,0
d5d0d0797e4a5d5b,1,0.76,4.4,4.46,16.43,16.43,0,0
80957a180a325353,1,2.59,29.04,29.04,23.89,23.91,0,0
f3e32c06633756e9,1,8.98,50.07,52.02,33.29,33.29,0,1
981dc3169f655892,1,8.85,44.93,47.53,30.9,30.91,0,1
3dcb4ddd8afe598d,1,7.03,47.52,47.58,33.42,33.45,0,1
33ecaddeb5735faf,1,7.43,48.62,48.72,28.5,28.51,0,1
fd2de60bf6745e9a,1,7.79,49.61,49.71,28.21,28.22,0,1
754bdad5455f53ad,1,8.11,50.43,50.51,28.16,28.17,0,1
feb4ce395d4d54fb,1,8.37,51.02,51.1,32.68,32.69,0,1
fbd963d6b7e750a6,1,8.45,51.22,51.24,28.04,28.05,0,1
96d9a24139ca5ad4,1,8.08,50.34,50.36,27.22,27.22,0,1
b27e6e6bf91d59be,1,0.74,19.8,19.8,7.41,7.41,0,0
57d9e7f9125751e2,1,0.01,17.65,17.67,5.38,5.4,0,0
255caf4a6fb2584a,1,0.03,17.7,17.71,5.57,5.59,0,0
b27bb0eced055858,1,0.13,17.94,17.96,5.5,5.52,0,0
e4553dc9b5725cb7,1,0.53,18.8,18.81,14.09,14.09,0,0
cff46947b17c5415,1,1.28,22.54,22.56,20.84,20.85,0,0
e61e8cbd0df957f0,1,2.21,27.16,27.18,24.31,24.31,0,0
e40bf2ac511950c4,1,3.93,35.45,35.45,26.88,26.9,0,1
89ec780cbf965fba,1,4.71,38.95,38.95,26.45,26.47,0,1
1b95b6689ee75fab,1,4.16,16.78,31.88,14.04,18.22,0,0
d5f845d28a5e513f,1,4.54,20.16,32.67,14.9,18.7,0,0
b8104b69b2d9509b,1,4.92,26.38,37.63,16.99,21.3,0,0
a6e08764c0245823,1,5.09,31.58,39.34,17.76,20.18,0,0
03503ef42eeb5573,1,5.91,43.17,43.84,22.77,22.91,0,1
6c76134176255a21,1,0.0,10.82,11.08,0.56,0.57,0,0
e6a27e83c6025b68,1,0.03,13.55,13.75,5.72,5.75,0,0
e511376fdf3250e5,1,0.04,15.74,15.93,8.04,8.09,0,0
1c5c2e372dc954cd,1,11.4,56.51,56.59,49.39,49.46,0,1
65271f4c14985330,1,11.94,56.18,56.22,49.07,49.11,0,1
c687799dac8d5aa2,1,0.73,15.96,16.62,11.24,11.44,0,0
14fb2a9aad8850d2,1,2.1,11.11,20.9,11.67,12.39,0,0
7a754395c711541c,1,2.58,10.08,22.88,11.66,14.5,0,0
ed2a869a8d1c5eb7,1,2.95,9.95,24.6,11.81,15.02,0,0
d37e71f395695c6f,1,3.29,11.86,25.95,12.41,16.35,0,0
f1ca8dd77f205599,1,3.65,13.67,28.48,12.83,16.91,0,0
e08a526c85475c4b,1,4.15,36.81,36.81,28.98,28.98,0,1
562f38636f975be4,1,5.02,41.05,41.05,28.73,28.73,0,1
a0e9cbedca0a56b7,1,10.39,51.49,51.65,39.69,39.7,0,1
6df712116b7353cc,1,10.56,52.15,52.34,42.64,42.68,0,1
359f62a656b9586d,1,10.72,60.36,60.48,40.49,40.52,0,1
e9c2ed7aa8275015,1,10.81,60.14,60.24,40.75,40.79,0,1
9116e9726a6f59cb,1,10.75,59.47,59.55,40.33,40.36,0,1
feff00cef4985d6b,1,10.64,58.45,58.5,34.92,34.94,0,1
71af26e14ba65545,1,5.17,9.16,17.98,6.65,7.57,0,0
8e7906efc10a5e42,1,3.63,29.27,29.55,10.92,11.59,0,0
237b75204e495145,1,3.79,26.89,27.02,16.44,16.9,0,0
4302a0a4b9f05b61,1,0.03,11.76,14.78,9.63,10.29,0,0
a6f3c89c3d745a5b,1,0.01,13.41,16.65,9.62,10.28,0,0
d9f67f2d224a5aaf,1,0.16,13.49,16.92,11.32,12.8,0,0
7dbe342f2b1c57c5,1,0.86,13.59,18.67,11.53,13.19,0,0
81935f2cb7d45945,1,1.83,13.33,22.35,12.88,16.07,0,0
4abb45d9ee1a5c5c,1,4.04,19.28,25.04,13.19,13.73,0,0
8ba3e54303a352c8,1,4.27,21.1,23.91,8.4,8.51,0,0
0ffcae2811b257ee,1,4.33,18.23,19.92,7.53,7.55,0,0
2c7e5f987d5752c7,1,4.24,16.96,24.0,3.66,3.66,0,0
407b876e623a5c51,1,0.82,10.95,16.81,0.43,0.43,0,0
2b482f615de15efb,1,0.23,4.22,4.24,4.91,4.91,0,0
6fa01275a4525b26,1,0.0,10.07,10.34,0.39,0.39,0,0
c1553b5b161e5db1,1,0.0,10.95,11.86,0.49,0.49,0,0
d929120b36a95db5,1,1.83,3.95,3.97,1.75,1.76,0,0
4a71a24c376f5388,1,1.39,3.2,3.22,0.84,0.84,0,0
1c5019f2bc6052d6,1,0.9,2.67,2.69,0.34,0.35,0,0
2eb7c4dc6ec65123,1,0.66,7.83,7.84,12.31,12.31,0,0
d3badb5f8c125e12,1,10.92,52.71,52.72,35.31,35.32,0,1
0b57b00279885fd4,1,9.89,44.98,44.98,31.7,31.7,0,1
1b9e4e6c5e91568d,1,9.64,42.78,42.78,28.57,28.57,0,1
2055bd0e7a885e4a,1,9.22,40.86,40.86,28.09,28.09,0,1
611a1729dd145afb,1,5.15,9.58,9.58,5.92,5.92,0,0
22878e2b2f6e5ab2,1,4.07,5.79,5.9,3.37,3.37,0,0
170ea72e455e5e57,1,2.95,4.3,4.3,1.85,1.85,0,0
0f337f2c23215a9e,1,1.86,3.36,3.36,0.74,0.74,0,0
0da11f45cc1b51ac,1,0.02,7.79,7.79,5.11,5.11,0,0
3b5422b60c4f5c4b,1,0.24,10.36,10.36,6.92,6.92,0,0
883bb02a4f7c5f0a,1,0.8,12.71,12.71,11.66,11.66,0,0
b3a00387265a5cdc,1,1.39,16.0,16.0,10.84,10.84,0,0
97b8b4204a2a5484,1,0.01,7.45,7.52,7.75,7.75,0,0
94839be4b8c95789,1,0.13,7.77,7.77,11.17,11.17,0,0
6a5a73243cbe5f1d,1,0.86,20.48,20.48,15.65,15.65,0,0
fe520672ef8f5770,1,1.78,25.0,25.01,4.1,4.1,0,0
caa3170f8c3b5cfe,1,0.02,12.64,16.3,7.4,7.44,0,0
04e105927ad451ab,1,0.19,12.63,16.55,11.08,11.08,0,0
c1f91d06e8285351,1,0.73,12.25,17.52,12.94,12.95,0,0
7cee421600545b00,1,1.38,10.6,19.1,14.89,14.89,0,0
81e7354de4e35a97,1,8.73,40.83,45.11,31.15,31.23,0,1
50433807834059b1,1,8.6,37.67,44.11,26.37,26.46,0,1
089e8e85fb9b5f6c,1,8.35,35.59,43.99,25.08,25.29,0,1
52bc37cb7789510b,1,7.91,33.87,44.41,23.97,24.4,0,1
4d0df74bfb035f8a,1,7.35,32.45,43.01,20.58,21.13,0,1
624b5f7f1f4a503e,1,6.99,32.24,42.47,18.39,19.21,0,1
1968ed26cc315d75,1,6.68,32.84,41.76,15.23,15.95,0,1
bd70654aee0f54a6,1,0.29,6.99,7.01,10.96,11.08,0,0
f740386a50c45238,1,2.81,13.47,27.06,13.31,17.65,0,0
029585f0509d52b0,1,4.2,17.9,34.49,2.91,2.96,0,0
303e7dd5717f54cd,1,4.67,15.1,21.37,2.99,3.04,0,0
ffef12d9476e557b,1,5.41,35.58,41.56,12.39,12.94,0,1
a85c442c31bc557f,1,5.77,40.64,42.72,26.03,27.32,0,1
278518f5fd0354b3,1,6.18,43.93,44.53,24.98,25.3,0,1
393eaed8070a5d2c,1,6.59,46.12,46.2,29.94,30.01,0,1
fde7abb615895be2,1,0.71,15.41,15.81,5.9,5.9,0,0
b8f2f60346035cb0,1,0.02,17.41,17.46,7.99,7.99,0,0
aa7d4f9537495b1f,1,0.05,16.77,16.82,10.12,10.12,0,0
e55fc5c3ee36528b,1,0.5,18.27,18.29,14.44,14.44,0,0
8cbe3bf8cf9c5718,1,1.23,21.97,21.98,14.1,14.68,0,0
087df0996ade50d3,1,1.96,25.54,25.54,18.08,18.08,0,0
a067e1b873c8534d,1,0.03,11.86,15.79,5.44,5.45,0,0
e2e2578cd6b6505f,1,0.01,11.89,15.82,5.33,5.34,0,0
756ce42a326f5033,1,0.01,11.9,15.81,5.35,5.36,0,0
e14d9a1990535a29,1,0.12,11.01,12.13,10.25,10.96,0,0
8f5610a77c3257f9,1,0.85,11.92,13.37,10.28,11.2,0,0
9b0f5a2f65e45867,1,1.7,10.71,15.05,10.47,11.73,0,0
9b1bea0cc0d75583,1,8.76,39.03,39.88,27.14,27.14,0,1
980db9371e6b52de,1,8.65,33.72,33.82,22.73,22.73,0,1
faa12c2adc7c521f,1,6.85,14.33,18.63,23.59,23.6,0,0
e2ae05340dba502d,1,6.26,19.54,36.54,20.0,20.01,0,0
87c6ef5053865368,1,5.63,10.4,17.38,16.83,16.83,0,0
b0a6370d836a59ed,1,0.34,9.84,9.85,6.69,6.75,0,0
b44d5d0d2d1b531e,1,4.95,12.44,12.55,6.51,6.52,0,0
80ea2a91b1845071,1,5.48,15.05,15.16,23.66,23.75,0,0
5e5b6eaacd3f5bdd,1,5.98,43.98,44.09,28.3,28.37,0,1
e05cdac678ea503c,1,6.37,45.44,45.49,25.55,25.58,0,1
d93d307c5aeb5338,1,6.66,46.44,46.46,26.97,26.99,0,1
10ee9a1679d759e4,1,7.41,48.37,48.39,28.15,28.16,0,1
277c6ebd67da5320,1,7.44,46.76,46.77,28.08,28.09,0,1
2a3ab48ae28f5e90,1,0.37,11.78,16.24,13.26,13.26,0,0
4a40d0564325502c,1,1.15,11.22,18.73,15.32,15.32,0,0
9311d9a2409c5224,1,2.06,10.89,22.68,19.42,19.42,0,0
85b599a5e238576a,1,3.37,14.32,29.77,5.34,5.57,0,0
c0a14b9e841a5aee,1,3.82,13.66,19.97,5.12,5.33,0,0
c98ef0c5c89c51d6,1,5.91,42.38,43.68,26.09,26.66,0,1
905ab0794c235f69,1,6.26,44.57,44.97,27.62,27.73,0,1
c41c11cf85b751e2,1,6.61,46.05,46.2,27.73,27.77,0,1
ded4ce0e91b4596a,1,5.07,22.92,22.93,14.45,14.45,0,0
94ae12c4703950be,1,4.94,20.95,20.96,14.41,14.41,0,0
92da1e3c12fa54b6,1,4.75,18.93,18.94,13.29,13.29,0,0
7ce6c5c094c55055,1,4.54,18.74,18.74,12.93,12.93,0,0
dc47dc70547551f6,1,4.33,16.14,16.2,10.47,10.47,0,0
cb0905651ea35122,1,4.13,13.77,13.84,8.77,8.77,0,0
055dff3e32835333,1,3.84,11.18,11.27,7.18,7.18,0,0
948e6a45c7cd5837,1,3.38,8.09,8.21,4.89,4.89,0,0
74deabca4e1259f5,1,4.8,21.28,21.28,10.44,10.44,0,0
2eb2bc9d3b35584f,1,4.39,19.4,19.4,9.09,9.09,0,0
c81b474102d75351,1,3.94,17.6,17.6,8.03,8.03,0,0
2b4e72f733d35e89,1,3.47,15.77,15.77,6.45,6.45,0,0
aba1622c877f51bb,1,3.11,14.06,14.06,5.08,5.08,0,0
daf715295e7d576b,1,2.83,12.17,12.17,3.85,3.85,0,0
8db7275969855f22,1,2.55,9.26,9.26,3.62,3.62,0,0
fe71d216396c5ab3,1,2.22,6.59,6.73,2.3,2.3,0,0
a1d7b6056b4b5566,1,6.37,37.92,38.11,29.04,29.2,0,1
337a46b592e654da,1,6.75,37.63,37.71,25.83,25.89,0,1
584d2d7503175ef5,1,6.84,27.26,27.27,19.37,19.37,0,0
3336f42a7e175d0b,1,6.55,24.68,24.68,17.7,17.7,0,0
ac6e1ca0ebe75e15,1,6.23,22.09,22.09,17.16,17.16,0,0
26565788812b5fde,1,5.89,19.6,19.6,15.58,15.58,0,0
1c2140b2eac55906,1,5.72,17.11,17.11,14.36,14.36,0,0
de9f2e538b69576c,1,5.4,14.48,14.48,12.78,12.78,0,0
458e833803315b4f,1,0.02,12.53,15.35,7.89,7.89,0,0
79cfc07ef4645c81,1,0.02,11.49,14.27,7.89,7.9,0,0
a728ab8233415a86,1,0.25,11.58,15.99,9.28,9.76,0,0
aaf949be7f2150df,1,0.91,11.4,17.95,15.85,15.85,0,0
77ebf0edb75c5b69,1,1.68,10.94,20.87,15.09,15.1,0,0
2b7bf25209dd5705,1,2.15,10.41,22.0,13.33,13.33,0,0
7077e840fef95b8f,1,2.59,11.86,25.47,17.13,17.22,0,0
b0b461ce7bd959ec,1,3.17,14.04,28.9,15.77,16.09,0,0
40d24af6505f50c9,1,2.84,6.81,6.96,3.51,3.51,0,0
2dd8a04bcb735c5e,1,1.42,4.86,4.88,0.73,0.74,0,0
a6b34e50b7995664,1,1.06,3.14,3.18,1.91,1.91,0,0
356738fb8224508b,1,1.4,2.41,2.46,1.21,1.21,0,0
cf43204828af5513,1,1.4,1.71,1.8,0.68,0.68,0,0
b04c892043a352d3,1,0.9,1.23,1.34,0.36,0.36,0,0
bb870b710b7a53e8,1,0.54,0.98,1.11,0.38,0.38,0,0
df65991258ba5334,1,0.02,8.45,8.58,7.53,7.53,0,0
3f188244418552d9,1,1.9,9.19,20.85,9.83,12.34,0,0
bc692afe313d50ee,1,2.11,8.73,21.91,9.39,12.14,0,0
2073f76964735ff7,1,2.32,8.81,23.36,9.56,12.54,0,0
c9f8032d2d725257,1,6.64,35.85,35.98,25.02,25.2,0,1
d01d51c26594547c,1,7.13,35.11,35.11,29.75,29.78,0,1
c887e4bc08f85aa5,1,8.31,24.7,24.92,28.76,29.04,0,0
9bbdfa78ebc85eec,1,7.96,49.38,50.09,25.21,25.44,0,1
a08bb182c3d558da,1,0.01,13.04,15.27,7.78,7.78,0,0
dd8ac2f25ac75478,1,0.29,14.7,15.02,5.8,5.81,0,0
9a03bf441e615cd6,1,0.17,16.67,17.42,9.19,9.19,0,0
4511645a5e9a5bcd,1,0.53,17.08,18.03,10.13,10.14,0,0
8ffb4bbf7d845255,1,1.31,18.44,20.84,8.61,8.62,0,0
f33eaf7a7ddc5891,1,2.19,18.07,23.5,10.31,10.42,0,0
1ea152f7056659a9,1,4.6,22.68,35.59,13.39,18.28,0,0
9e76720cbd565595,1,5.46,22.02,22.06,11.98,12.06,0,0
6e0bfaa448c5587d,1,0.07,10.25,15.16,8.89,9.21,0,0
8de2e76340335ed9,1,0.05,11.66,11.72,9.22,9.22,0,0
2f03781e3fd05c28,1,0.56,15.64,15.77,11.16,11.19,0,0
aa072830a2d15d9f,1,1.26,17.42,18.23,12.28,12.45,0,0
1ea920764abe5dcb,1,1.85,16.28,19.87,10.1,10.1,0,0
99e3b8d3211f53d7,1,2.1,15.07,20.56,9.76,9.76,0,0
e31131deed6656ea,1,3.34,12.88,23.68,12.14,16.49,0,0
17bc4c71fc425620,1,4.48,13.6,20.06,14.97,20.36,0,0
8f60912c624e5f5f,1,4.94,15.79,20.21,17.38,21.46,0,0
a4ed82240b64533a,1,8.41,38.86,38.86,25.15,25.15,0,1
9bb9ee9f03525ac0,1,7.99,35.95,35.95,22.81,22.81,0,1
ba0dffc45509514e,1,7.53,32.33,32.33,20.7,20.71,0,1
06ce8610ceea51f4,1,7.01,29.07,29.07,17.52,17.52,0,0
a3399fc1f78b55f2,1,6.38,26.51,26.51,14.25,14.25,0,0
9056de7dce5a50d3,1,5.78,23.47,23.47,12.68,12.69,0,0
dca6a613dc2c5051,1,5.14,20.59,20.59,10.68,10.68,0,0
864e62539b8c58f9,1,4.51,18.07,18.07,8.37,8.37,0,0
e10a3a8d627e5700,1,11.0,59.57,60.72,46.6,47.19,0,1
54e1cb577c0a5f7e,1,9.15,42.8,42.8,27.29,27.29,0,1
4a4ce3ba90ad5614,1,6.73,33.03,33.03,19.93,19.93,0,1
77868241ec115a11,1,6.53,31.49,31.5,18.17,18.17,0,0
3e8b81f8eb205311,1,6.3,29.47,29.48,17.71,17.71,0,0
db180d0c665454aa,1,5.97,27.17,27.17,14.19,14.19,0,0
ab6e020759565f9f,1,5.55,25.28,25.28,12.73,12.73,0,0
e59fd69b1be85258,1,5.17,23.3,23.3,12.49,12.49,0,0
0a6e90cccbb15213,1,4.61,10.92,17.59,10.72,12.12,0,0
48e9a54281845595,1,4.14,9.35,17.9,9.32,11.54,0,0
8bb939128dfd5f7d,1,4.51,36.25,37.75,22.85,23.77,0,1
02015675e4585611,1,4.29,9.42,17.72,8.13,9.02,0,0
88ff8f6ad0ab5a77,1,3.14,27.84,31.27,17.0,18.76,0,0
7da9641127dd514b,1,3.46,32.17,33.1,16.17,16.64,0,1
59402b7bd60b5da7,1,0.5,10.85,10.89,0.49,0.5,0,0
57af94e8290254bb,1,0.08,9.38,9.43,7.93,7.93,0,0
9cf612ff6e4f5bd5,1,5.4,25.4,30.44,23.02,26.78,0,0
669b4ffc8b8a5f21,1,7.89,36.98,36.99,25.81,25.82,0,1
cd9db9ad41d35989,1,7.92,33.95,33.95,22.85,22.85,0,1
fda0145d54065b7c,1,7.87,29.84,29.84,21.92,21.92,0,0
a2701552b0f95f7b,1,7.74,25.54,25.54,18.02,18.03,0,0
885f450f0b875861,1,7.39,21.25,21.25,14.51,14.51,0,0
cbe3a6c80bfb5327,1,6.8,17.11,17.11,11.63,11.63,0,0
b87ed2985e545397,1,6.03,13.01,13.01,9.25,9.25,0,0
81f6d1d0bc835cb3,1,1.02,21.27,21.27,9.51,9.51,0,0
927aa2c8ef7d5b5c,1,3.89,6.16,6.16,3.82,3.82,0,0
1b4499d988b052ce,1,4.45,4.14,4.14,3.84,3.84,0,0
bc73190196b358f6,1,4.53,3.67,3.68,3.2,3.2,0,0
45c4158a235e514a,1,4.29,3.3,3.32,2.17,2.17,0,0
2833a305300f5394,1,3.69,2.48,2.49,3.97,3.97,0,0
1b1a37c517e45fbd,1,3.0,1.67,1.7,4.28,4.28,0,0
70f3a3d098bf5381,1,2.25,0.97,1.03,2.28,2.28,0,0
f1dabe118a6955d6,1,7.36,15.74,15.74,15.62,15.62,0,0
12af1e0adcb65df9,1,6.67,14.15,14.15,12.12,12.12,0,0
cdf51b82bae55641,1,5.78,13.62,13.65,9.66,9.66,0,0
39e708ddd82155ea,1,4.83,10.0,10.01,6.2,6.2,0,0
52c1d14554bb51f5,1,3.88,6.43,6.43,3.9,3.9,0,0
58857855de47556e,1,2.94,4.79,4.87,2.35,2.35,0,0
2d4d48a048615f9a,1,2.05,3.71,3.72,3.52,3.52,0,0
85b1968fa2fd5552,1,0.03,8.47,8.48,5.24,5.24,0,0
18176fbd46ba5000,1,1.08,3.61,3.61,1.24,1.24,0,0
01c4dab17c975e13,1,0.89,3.17,3.18,1.28,1.28,0,0
ada62613f2ce5a33,1,0.24,8.51,8.51,7.68,7.68,0,0
ed5b36731bad5a32,1,0.48,10.89,10.89,9.29,9.29,0,0
f2644280215250cd,1,0.69,13.97,13.97,11.7,11.7,0,0
24dd5bba8f2f5c53,1,0.92,16.63,16.63,13.89,13.89,0,0
b7205dc330035bf4,1,1.3,19.25,19.25,14.08,14.08,0,0
b27f68fe02b059ca,1,1.76,22.09,22.09,15.36,15.36,0,0
f1e870d5d8275cac,1,5.8,23.21,23.21,14.69,14.69,0,0
b6968f154bfb5a5d,1,0.0,17.64,17.64,10.43,10.43,0,0
fb0297e3fc9b573e,1,0.05,17.76,17.76,12.66,12.66,0,0
7ffaa3cf8bf45474,1,0.12,17.95,17.95,13.05,13.06,0,0
899ed9ca42d750c6,1,0.7,19.69,19.69,17.15,17.15,0,0
449f88cb93fe53d8,1,1.45,23.43,23.44,20.91,20.91,0,0
1ceec301ab6552b1,1,2.34,27.84,27.84,24.07,24.07,0,0
ea8b66a838c75042,1,3.24,32.3,32.3,26.21,26.21,0,1
86db4cfb30b55a5e,1,4.97,12.25,12.26,10.6,10.61,0,0
8cba6cacb16d5acc,1,4.46,12.38,12.38,8.87,8.87,0,0
019667e138b95ff0,1,3.93,12.85,12.85,7.72,7.72,0,0
0769a262b53b589e,1,3.41,13.39,13.39,8.36,8.36,0,0
936037f7683c50e8,1,3.18,14.17,14.17,8.47,8.47,0,0
71e87d45fe895277,1,3.02,14.83,14.83,10.8,10.8,0,0
b930ed8abf2b5e8d,1,2.92,13.76,13.76,8.61,8.61,0,0
e3d7979e2cfb5441,1,2.83,11.96,11.97,8.58,8.58,0,0
1d538fa6a8825de1,1,4.46,31.78,31.82,25.35,25.43,0,0
542bec9a7d6e5c52,1,5.06,36.07,36.11,25.34,25.4,0,1
c7d7e1aa241a56a7,1,5.62,38.35,38.38,23.66,23.66,0,1
06fbdeb141965cca,1,7.25,10.09,10.15,21.65,21.66,0,0
8ead980b5c845769,1,6.8,8.08,8.08,22.24,22.4,0,0
9c2602db70435500,1,6.29,18.7,33.0,14.34,14.34,0,0
c543bad7f8ff5eae,1,5.72,16.66,33.06,19.39,19.81,0,0
472899393e8f55e1,1,5.19,15.79,28.05,14.62,17.78,0,0
9ecb100495a5584e,1,0.87,1.41,1.46,0.77,0.77,0,0
7d80c95c24645b06,1,0.05,8.69,8.74,8.17,8.17,0,0
4dde36d102a4526b,1,0.48,10.9,10.9,11.12,11.12,0,0
da137494751e500f,1,9.52,42.49,42.5,31.49,31.49,0,1
fa7f471f19aa5806,1,9.02,52.68,52.69,33.72,33.73,0,1
c054f473288d5515,1,8.11,39.84,40.17,27.46,27.47,0,1
48b2f85cc68c5a0a,1,7.94,35.81,36.26,19.38,19.4,0,1
2fa0f34bd2da5b39,1,7.8,27.15,27.31,15.42,15.44,0,0
a5d356da90d05835,1,4.91,15.85,27.73,13.81,16.98,0,0
447a983c9fc45077,1,4.74,3.92,3.96,14.12,18.05,0,0
490f13844af5590d,1,4.59,3.57,3.65,14.29,17.96,0,0
afe3f2650ff85a95,1,4.51,20.39,27.08,15.12,18.4,0,0
715d1ae75d215269,1,4.67,27.61,34.16,18.89,22.13,0,0
19768d49bbd45f08,1,5.08,33.85,37.44,24.28,26.68,0,1
8c12150f849b5b10,1,5.54,38.37,39.68,26.62,27.62,0,1
725cc9599c3455ad,1,5.98,26.99,27.23,28.12,28.42,0,0
966e42e47cc85a5c,1,0.01,10.32,15.04,8.69,8.99,0,0
255be1c4910b506e,1,0.34,10.26,15.52,10.2,10.97,0,0
861805c4ff585f84,1,1.21,9.73,18.67,11.8,14.33,0,0
613c91adcbe55cd5,1,2.56,9.25,24.65,8.62,10.41,0,0
7956c9ed4b855859,1,3.63,28.23,33.22,16.06,18.15,0,0
61b15ca533845a97,1,4.27,34.73,36.46,23.17,24.3,0,1
638b83e65dd259f8,1,0.92,2.3,2.33,1.5,1.5,0,0
2f7190c1da685537,1,0.96,1.79,1.84,1.25,1.26,0,0
7a7e8074ee5c5389,1,2.9,9.58,9.58,5.28,5.28,0,0
26cae32c50095246,1,2.84,6.38,6.39,4.1,4.1,0,0
c24424805c075539,1,2.44,4.58,4.58,1.75,1.75,0,0
f9349f5d723b5421,1,0.0,8.04,8.13,7.67,7.68,0,0
48f6a3bdc0bf5d64,1,0.02,10.42,10.49,7.96,7.96,0,0
607298120f23583c,1,0.15,13.42,13.48,12.25,12.25,0,0
e6e189b1aaa85d41,1,0.78,19.04,19.09,14.42,14.42,0,0
2dd7293bcb445815,1,1.74,24.41,24.46,20.25,20.25,0,0
ab4175e25b6c5d76,1,0.01,13.07,15.31,7.81,7.81,0,0
b172a207771456f1,1,0.14,13.09,15.51,11.76,11.76,0,0
118fa9fa499e5670,1,0.79,11.89,17.01,16.28,16.28,0,0
9c42f5a9d56c5ebf,1,1.6,11.41,20.24,18.01,18.01,0,0
657274955033592a,1,2.33,11.05,23.79,19.56,19.56,0,0
cb5022a3bef557e3,1,2.79,12.98,24.39,11.29,14.62,0,0
f409dfb714ed539c,1,3.16,13.46,23.07,11.23,14.55,0,0
230a57eaa1a25864,1,5.44,41.36,41.9,24.81,25.09,0,1
73471e4908bc5708,1,5.44,23.46,40.05,12.88,15.87,0,0
095042ae1f985c39,1,5.21,27.1,40.85,16.96,20.37,0,0
490463fd7e9e5769,1,5.01,31.52,40.52,17.07,19.99,0,0
01e6276eff385ea8,1,4.83,35.08,39.56,16.99,18.5,0,1
24ae3c9d96485b98,1,4.73,37.68,39.42,17.46,18.15,0,1
1ca75f05f31d51cc,1,0.03,14.67,16.84,9.45,9.46,0,0
bf6e5d04e0d7576e,1,0.06,14.69,16.91,9.43,9.45,0,0
65cf19209dc55631,1,0.53,14.54,16.8,11.24,11.31,0,0
3fb200a0fddb5c8e,1,2.87,2.28,2.29,3.22,3.22,0,0
02f75336f9f55e4f,1,6.26,14.19,17.5,14.05,14.1,0,0
9820fb92380b522b,1,5.41,12.56,15.48,3.57,3.6,0,0
b62d1a9194025d38,1,0.0,7.91,8.06,3.86,3.87,0,0
585a681f4ad95682,1,0.01,7.88,8.02,5.02,5.04,0,0
082988f40658562c,1,0.04,7.79,7.93,5.03,5.07,0,0
d8320bd0be9a50b3,1,0.36,7.45,7.8,5.24,5.29,0,0
92beafb962d457db,1,1.52,6.38,6.51,3.98,4.0,0,0
7e21aeb3afc2592b,1,0.62,16.24,18.83,12.13,12.5,0,0
7fb88e704c1a5cca,1,6.32,24.98,24.98,18.67,18.68,0,0
da4d89151b245e0c,1,6.21,46.06,46.1,18.61,18.63,0,1
807f6b90b60d5685,1,6.11,46.47,46.5,4.09,4.09,0,1
efb87bb3ff675f08,1,6.68,48.99,49.19,29.36,29.52,0,1
2bc38f766c8851fa,1,6.9,36.97,37.08,25.31,25.42,0,1
89766121ee605be0,1,7.1,33.54,33.57,29.02,29.08,0,1
e668948b1c0f5b82,1,7.33,24.79,24.8,23.47,23.48,0,0
3420dd4340635018,1,1.67,5.46,5.54,2.4,2.4,0,0
3e09a3c33726545c,1,1.74,4.76,4.82,2.4,2.4,0,0
182fe7c6dd5b5e44,1,1.61,3.96,4.02,2.06,2.07,0,0
55eed45c895852b9,1,1.26,3.42,3.47,0.89,0.89,0,0
bd0f9349cc1053a3,1,0.96,2.81,2.86,1.81,1.81,0,0
443b9c514efc5829,1,5.88,27.17,27.36,24.1,24.17,0,0
35dbc03efb3c5f00,1,6.06,25.43,25.64,21.3,21.39,0,0
143234de18d5587f,1,6.1,23.05,23.12,21.22,21.29,0,0
cc2587bf27c75cc2,1,7.38,18.29,18.33,28.16,28.2,0,0
32a9021303f65743,1,7.35,10.06,10.06,28.36,28.41,0,0
ef9b600e65ac5391,1,7.25,51.77,51.86,25.0,25.03,0,1
342982275eb15441,1,7.1,51.14,51.19,24.77,24.79,0,1
0670d0c81a5550c4,1,7.09,51.09,51.11,26.84,26.84,0,1
0a8c2aac609d5a04,1,8.31,56.6,56.6,13.78,13.78,0,1
537935a8e7b653f2,1,5.2,18.22,36.77,14.36,14.36,0,0
e814805effdb5b56,1,4.96,17.69,36.72,14.52,16.92,0,0
680f4753a59c5a24,1,7.61,23.99,24.12,15.35,15.38,0,0
14b6e7ce317d531f,1,7.27,20.9,20.93,15.64,15.65,0,0
93d5e0dd29bc5e7c,1,6.8,17.64,17.65,11.98,11.99,0,0
ffcbea07e13e540d,1,6.26,14.68,14.68,13.07,13.07,0,0
5ea36cebd2575b16,1,5.66,9.92,9.92,8.41,8.41,0,0
5e4dd8c91b8453bf,1,4.97,7.59,7.59,7.26,7.26,0,0
a7cf529d15425b63,1,4.26,5.5,5.5,4.83,4.83,0,0
ec68073cb7a15741,1,3.55,3.73,3.73,3.65,3.65,0,0
86d70bab6f1b598c,1,1.23,14.14,18.22,10.52,10.58,0,0
11cadec88a8e547d,1,1.97,13.25,19.03,11.03,11.18,0,0
989aefa473b75a2a,1,2.54,13.03,23.14,10.44,10.64,0,0
0ddc071278375700,1,2.98,12.78,24.46,11.25,12.24,0,0
8a492ff6a81054a7,1,3.55,14.84,27.94,11.23,15.89,0,0
0855e09733fe5445,1,3.74,18.9,29.82,13.45,17.63,0,0
7bcc91de36385afe,1,3.93,23.27,31.01,8.43,9.57,0,0
94b9b31c975a5796,1,4.13,27.52,32.02,17.68,19.67,0,0
ba83a36f96af5ceb,1,4.32,30.15,32.06,19.59,20.34,0,0
b1bb3b767e405b79,1,4.59,34.25,34.88,19.71,19.93,0,1
04fafb805d465314,1,5.75,24.18,24.2,17.76,17.77,0,0
9e20b3d7da855668,1,5.58,22.04,22.06,14.54,14.56,0,0
1862fb50f5b0518a,1,5.44,19.84,19.86,14.81,14.83,0,0
93bc5a4ab6a95986,1,5.28,17.62,17.64,13.29,13.31,0,0
d46f1077421c5c75,1,5.18,15.34,15.35,13.01,13.03,0,0
2ca1cea5e7bf5219,1,5.08,13.1,13.1,10.68,10.68,0,0
44699d8556a1519e,1,6.04,46.1,46.18,22.73,22.77,0,1
150f1c76c75352cf,1,6.27,47.25,47.26,25.73,25.74,0,1
d50b69bed8f2570c,1,6.44,26.18,34.07,21.33,21.65,0,0
580dac44fa305877,1,6.35,24.0,39.33,19.07,19.74,0,0
1fbea664b0805a19,1,6.27,21.53,39.9,18.09,19.08,0,0
5d8677f177185a61,1,6.16,17.75,25.85,15.15,16.08,0,0
8647866881f3587e,1,5.97,18.93,34.77,13.63,15.12,0,0
406f8b299de35ce2,1,5.65,19.27,35.09,14.78,19.02,0,0
9696a32e868259e3,1,6.08,20.78,20.78,17.7,17.73,0,0
7df960d73e50560b,1,6.04,18.32,18.33,14.01,14.02,0,0
b5b57305df6f5b99,1,5.96,15.62,15.64,4.01,4.01,0,0
a02d58c7e9ee50f5,1,5.82,13.5,13.51,10.66,10.84,0,0
f8b10bcaa98a53e8,1,5.57,10.53,10.53,3.83,3.83,0,0
673a88a4037f5b6b,1,0.4,16.04,18.24,0.56,0.56,0,0
03143ef8f2f65a2f,1,0.07,15.82,17.81,7.08,7.08,0,0
349606982fb252ae,1,0.06,15.84,17.79,8.86,8.86,0,0
ec8eced041bb5ad5,1,2.24,4.15,4.17,2.07,2.07,0,0
7d930b1f5365521f,1,1.72,3.25,3.28,0.99,0.99,0,0
f9de30ccbddd50dc,1,1.15,2.6,2.65,0.47,0.47,0,0
c8507cfbe8575463,1,0.45,10.18,10.19,4.92,4.92,0,0
f1106b0f8f745eae,1,0.68,9.43,9.44,4.87,4.87,0,0
69ad18166f085da8,1,1.35,4.62,4.64,2.14,2.14,0,0
c0b8f52197ac558c,1,1.38,3.99,4.02,2.06,2.06,0,0
25cdf7dee0d25a66,1,1.41,3.35,3.37,1.82,1.82,0,0
87bf38cb3c39548d,1,4.72,10.85,10.87,9.66,9.66,0,0
7d423cc4c7b9541a,1,4.2,8.8,8.83,6.93,6.93,0,0
0d161d05f98354dc,1,3.69,7.18,7.28,4.77,4.77,0,0
dd149fc9cb395631,1,3.18,5.62,5.76,3.4,3.4,0,0
0e3f26bc3e1056ba,1,2.62,4.19,4.21,2.33,2.34,0,0
a988872adfe45a71,1,2.09,3.14,3.17,1.87,1.87,0,0
aa84169dd1f3538d,1,1.73,2.31,2.35,1.29,1.29,0,0
8777c80c80ad53e8,1,1.3,1.59,1.64,0.68,0.68,0,0
ac28e0768c6a5821,1,6.56,14.52,14.67,25.54,26.48,0,0
87a7a9f8aa325467,1,6.62,14.49,14.82,26.84,28.49,0,0
88fb8b083a2d56c7,1,6.63,21.64,23.23,26.15,27.88,0,0
3f3d9b32f2fa53ef,1,6.62,21.78,23.27,26.8,28.46,0,0
95ba88fe9c385123,1,6.7,22.23,23.4,27.01,28.1,0,0
302d9a7758625a37,1,6.83,22.76,23.28,30.32,31.08,0,0
26b80207f01e593f,1,7.08,23.38,23.59,31.28,31.62,0,0
1693d395bec753ae,1,0.04,1.6,1.6,10.11,10.11,0,0
9b58f5bd4e995a93,1,5.86,22.54,22.64,21.95,22.01,0,0
f980b34746d45868,1,5.7,22.2,22.62,20.58,20.68,0,0
6bea22b0ee0e5929,1,5.64,21.91,22.36,22.16,22.45,0,0
1316af62e13e5dd5,1,5.6,21.69,22.31,19.55,19.86,0,0
b4914b3d729357d1,1,5.52,21.63,22.29,18.7,18.98,0,0
6e5a14ce293c5ae8,1,5.34,12.69,12.81,18.65,18.91,0,0
35b810aad36b553a,1,5.26,12.6,12.73,20.28,20.58,0,0
ec2200402d965ced,1,5.27,12.65,12.77,20.36,20.5,0,0
f07e680e53135311,1,6.13,25.21,25.21,15.66,15.66,0,0
b9ef517f054450b7,1,5.86,22.45,22.45,13.36,13.36,0,0
7752ef9225b65783,1,5.39,19.93,19.93,10.66,10.66,0,0
8b2b4c67ddcf5c36,1,4.76,16.89,16.89,8.85,8.85,0,0
0715626fc800527e,1,4.2,13.71,13.73,7.5,7.5,0,0
60fbe2351f325132,1,3.77,10.55,10.57,6.16,6.16,0,0
07667a86040c5332,1,3.3,7.66,7.68,3.79,3.79,0,0
dce06ee8c9fc572f,1,2.75,5.26,5.29,3.2,3.2,0,0
22ff5ba619a250b0,1,5.3,12.73,12.84,19.26,19.42,0,0
0fde069313a35062,1,5.52,13.14,13.14,18.3,18.3,0,0
c9ca538cb3235e43,1,5.48,13.1,13.12,19.57,19.66,0,0
a4f4a240e54e56b2,1,5.39,12.94,13.03,19.61,19.88,0,0
9bbaed3bac735053,1,5.27,12.72,12.9,20.17,20.74,0,0
5a2e2da8e6b75138,1,5.12,12.49,12.77,4.97,8.99,0,0
c72c3c003bc95aab,1,4.69,12.0,12.36,12.17,12.6,0,0
05f1c7e44f74538c,1,4.6,11.89,12.25,12.03,12.48,0,0
f4d95a784b725915,1,4.39,11.6,12.03,11.8,11.96,0,0
e55bd804e572502a,1,4.19,11.19,11.8,8.68,8.76,0,0
613770d7f39051be,1,3.89,9.27,9.74,6.02,6.05,0,0
04f569ff8cb3504d,1,3.51,7.27,7.63,5.67,5.7,0,0
d73cabbfed045bf2,1,3.09,6.95,6.96,4.38,4.39,0,0
b614d476ea185810,1,1.84,2.44,2.49,1.22,1.23,0,0
cbec1eda814e5065,1,1.12,2.14,2.2,0.47,0.48,0,0
4d4ed59397825822,1,1.75,6.49,6.53,5.36,5.38,0,0
27b8eae78cf05c1e,1,4.76,19.66,36.82,14.72,18.38,0,0
d9150469e9885120,1,4.66,23.23,37.05,3.96,3.98,0,0
cd41ee390afb5da7,1,4.81,28.01,38.34,5.31,5.42,0,0
9483bda6b31259bd,1,5.02,32.4,39.86,16.22,18.79,0,1
652e91c4f9b1505a,1,5.24,36.55,41.33,19.13,20.75,0,1
2ad9640eb724590d,1,5.45,40.12,42.74,20.35,21.11,0,1
283f39e817575b93,1,5.64,42.69,43.98,22.85,23.24,0,1
94a5491ee69d5e27,1,5.82,47.17,47.55,24.07,24.21,0,1
13ca5b247813585a,1,5.5,12.69,13.08,19.06,20.01,0,0
7c7dc37236745d94,1,5.54,12.73,13.15,19.05,20.02,0,0
de16c26b38425a6b,1,5.6,12.8,13.24,19.32,20.39,0,0
8c867708395f5374,1,5.7,12.91,13.37,19.57,20.7,0,0
d987180f18155985,1,5.78,13.0,13.46,19.1,20.13,0,0
9db7131f4c8d57dd,1,5.84,13.11,13.57,21.05,22.51,0,0
f755005e289d5ccd,1,5.96,13.27,13.73,22.55,26.47,0,0
7ccfef5040b359df,1,5.96,13.25,13.71,19.97,22.76,0,0
d66904f908405550,1,5.95,13.23,13.7,22.19,25.3,0,0
af4a7d40819b5870,1,6.03,13.34,13.8,20.25,21.99,0,0
b9182baaae3b5ab2,1,5.83,13.12,13.55,16.08,16.93,0,0
fac5b39e58445a31,1,5.77,13.09,13.5,19.99,22.66,0,0
3166dd05c45f59e8,1,5.96,13.34,13.74,21.01,22.57,0,0
185dd0f2003e5d35,1,6.18,13.62,14.0,24.79,26.2,0,0
2248832a822755d9,1,6.36,13.86,14.22,24.52,25.51,0,0
d1e9fac71909545f,1,6.41,13.95,14.25,26.85,27.13,0,0
7b29ee091c295f7a,1,0.86,1.15,1.22,0.23,0.23,0,0
6c8305cdaa0653ca,1,0.04,7.87,7.97,9.94,9.94,0,0
8cd8d1a23e4351f8,1,0.15,11.35,11.35,12.57,12.57,0,0
41892d06df125856,1,0.79,15.15,15.15,14.59,14.59,0,0
04b80ae53fc5549e,1,1.7,19.36,19.36,19.56,19.56,0,0
3ca2e3e846e75813,1,6.46,32.25,32.25,19.64,19.64,0,1
60fa28b4cd8a57fb,1,6.32,29.95,29.95,17.95,17.95,0,0
af98af49fda35a8c,1,6.23,27.68,27.68,17.63,17.63,0,0
026ee9bc920b5180,1,1.4,2.7,2.73,1.28,1.28,0,0
39c08e30ff9255ef,1,1.26,2.07,2.11,0.9,0.9,0,0
62b620262e1b5b25,1,1.01,1.59,1.64,0.33,0.34,0,0
1b471d7f756a5c7f,1,0.37,9.02,9.04,12.25,12.25,0,0
f2a54a0461005d6c,1,1.06,12.52,12.54,14.08,14.08,0,0
4109b79d84ea5053,1,6.06,23.22,27.58,21.76,22.64,0,0
6b19d4325f075ad0,1,6.13,22.0,31.44,19.74,20.92,0,0
6df89719fce05527,1,6.12,22.02,31.54,18.13,20.04,0,0
ce27f725951058f3,1,8.52,19.3,19.32,23.42,23.42,0,0
ef7089ecfb0c5028,1,8.12,18.32,18.34,23.19,23.22,0,0
5feede5c5a3c5116,1,7.77,19.97,34.67,16.11,16.12,0,0
77ee60147e0e55b7,1,7.42,22.2,24.75,10.64,10.64,0,0
2cc421e9b3fd5c17,1,7.18,18.05,22.89,4.17,4.17,0,0
bd4be260be50516f,1,6.81,14.44,15.74,4.34,4.35,0,0
9090d50c08b05715,1,6.4,12.78,14.97,4.39,4.39,0,0
9568c56631be548e,1,5.82,11.32,14.14,9.99,10.76,0,0
4f7b03242ab05a2d,1,5.48,38.1,38.72,25.43,25.87,0,1
c87001c4251e559a,1,5.78,22.47,22.59,22.79,22.89,0,0
01b9125ad835592f,1,5.66,22.12,22.6,22.21,22.4,0,0
8072e0c324205e72,1,5.62,21.83,22.35,19.5,19.72,0,0
6ccc026f6fc55bb0,1,5.52,21.54,22.3,18.63,18.96,0,0
4d1e72e6a45853c3,1,5.29,21.37,22.26,18.29,18.74,0,0
5d058c203f765173,1,5.1,12.4,12.61,15.32,15.54,0,0
71629f355b5e5b19,1,4.95,12.25,12.47,16.71,16.98,0,0
10d18b323ff35a1f,1,2.07,3.3,3.3,1.53,1.53,0,0
8c7db74b9aef5a9e,1,1.33,2.5,2.51,0.59,0.59,0,0
6ec94adda61e5483,1,0.7,2.11,2.11,0.31,0.31,0,0
b0a7f01e57205fb4,1,0.12,7.24,7.29,4.27,4.27,0,0
9c45919236c051c0,1,0.38,7.09,7.15,4.09,4.09,0,0
80199eddf2cc590f,1,0.63,6.9,6.96,4.12,4.12,0,0
e3082eaad29750fd,1,0.0,7.92,7.99,8.48,8.48,0,0
cb8822d19cc45d85,1,0.0,11.36,11.36,10.47,10.47,0,0
7d635921b94555f6,1,6.88,29.21,29.22,17.68,17.68,0,0
42d1bc19fbc35965,1,6.57,25.51,25.51,16.16,16.16,0,0
381a23cb547c53fd,1,6.03,14.68,14.7,10.61,10.61,0,0
4fdf85786f785a83,1,5.2,13.28,13.3,9.25,9.25,0,0
8d63ae7a5eec54da,1,4.37,14.34,14.36,7.75,7.75,0,0
6545ddda66325e39,1,3.63,11.61,11.61,5.37,5.37,0,0
74a397722f465751,1,3.03,9.06,9.07,4.12,4.12,0,0
d54e58ba5e575ac0,1,2.53,7.36,7.37,3.29,3.29,0,0
31602c26eedc5f7e,1,13.81,66.91,66.96,50.61,50.62,1,1
ec398c5c12055eed,1,13.6,66.71,66.73,50.72,50.73,1,1
9b3a284d78f458f3,1,11.48,59.81,59.89,36.41,36.42,0,1
4e5e09ac14395d70,1,11.29,58.67,58.78,34.12,34.16,0,1
5218653349a6502a,1,10.9,55.18,55.37,33.93,34.08,0,1
b39df49b8b565ac3,1,10.4,51.36,51.42,29.39,29.5,0,1
3fd20b372fd15206,1,9.97,40.28,40.37,29.57,29.64,0,1
3ffea9df17af502b,1,9.02,30.37,30.39,25.72,25.72,0,0
27e100e5fd605194,1,7.11,29.92,29.95,19.43,19.43,0,0
d1dcd412f339598a,1,6.74,27.51,27.55,17.67,17.67,0,0
0a8ba5b315e555ab,1,6.29,24.88,24.92,16.09,16.09,0,0
209069959e1d5531,1,5.83,22.4,22.45,14.28,14.29,0,0
d25b6512a43f5e54,1,5.41,20.01,20.05,12.45,12.45,0,0
cf05c9f4f6e55af3,1,5.08,17.77,17.81,10.65,10.65,0,0
b770bd5be66d5339,1,4.76,15.64,15.69,10.59,10.59,0,0
1979ed31b57b59ea,1,4.34,13.61,13.66,7.76,7.76,0,0
b7bbef1569ca526e,1,1.86,8.21,8.22,2.77,2.77,0,0
dedf2d5568c758ae,1,1.54,5.5,5.51,1.42,1.42,0,0
10c9b6cd8a2e55f8,1,1.28,3.47,3.48,0.96,0.96,0,0
2861c47f508652e8,1,0.93,2.97,2.98,0.38,0.38,0,0
d99103d5b5025654,1,0.57,11.72,11.72,4.81,4.81,0,0
742ec95b24ee529c,1,0.82,11.92,11.92,4.8,4.8,0,0
fa8c164985255698,1,1.01,12.13,12.13,4.63,4.63,0,0
bd2b1a4530a1538b,1,1.17,11.87,11.88,4.38,4.38,0,0
59c00a21c1315d9b,1,2.06,10.88,11.03,6.73,6.77,0,0
305d73038ef35efe,1,2.35,10.98,11.13,6.81,6.85,0,0
05ee09cb75205555,1,2.49,11.01,11.16,7.16,7.21,0,0
84204f2655e4500b,1,2.77,11.06,11.21,11.15,11.29,0,0
582d1109ddf75e76,1,3.03,11.14,11.28,11.19,11.34,0,0
d9b28b3ee70e57f2,1,3.02,11.14,11.26,11.12,11.24,0,0
6fc4fc2702305dfa,1,3.92,11.47,11.66,12.59,12.7,0,0
06e62670ddb152d9,1,4.34,11.72,12.13,16.2,16.82,0,0
5eef9aece027548e,1,4.52,11.87,12.25,17.95,18.78,0,0
eb5ef679c80959fe,1,4.72,12.09,12.42,19.47,20.36,0,0
f35c6a6f6a1157b3,1,4.92,12.29,12.57,19.55,20.37,0,0
ab505f8775065375,1,5.09,12.46,12.71,19.56,20.34,0,0
9f3da1c3d8b85947,1,5.18,12.51,12.77,19.42,20.16,0,0
d81e608168615b51,1,5.27,12.57,12.86,19.3,20.13,0,0
5155241fdbbf57b3,1,5.36,12.65,12.96,19.32,20.19,0,0
833189ada8fa5ba2,1,5.45,12.69,13.04,19.18,20.09,0,0
7be2f6436ce95042,1,4.18,11.71,11.71,14.85,15.24,0,0
8ce2cf49a1955788,1,4.37,11.99,12.39,16.49,16.94,0,0
50b72b9404da516c,1,4.63,12.0,12.53,17.93,18.16,0,0
6f2baa8c8c8e5942,1,4.78,11.91,12.68,16.83,17.16,0,0
97ade9e6fa5e5646,1,4.76,11.66,12.7,16.52,16.95,0,0
d4849a52aaa55a9f,1,4.77,11.85,12.16,17.26,18.09,0,0
7cc4cef34e635c5a,1,4.82,11.77,12.21,17.28,18.3,0,0
2601ffe0d2a056be,1,4.88,11.84,12.32,17.22,18.26,0,0
5380625bddba59a2,1,0.02,7.58,7.71,3.58,3.58,0,0
18a85f2812b45525,1,0.13,10.94,10.95,7.2,7.2,0,0
aa2918eb684351bd,1,0.46,13.56,13.57,11.28,11.28,0,0
eb6c8a396bb75a89,1,1.0,16.84,16.84,14.07,14.07,0,0
a7c6cc3a1840584f,1,1.59,19.58,19.58,18.19,18.2,0,0
c37a081992495a0e,1,14.37,67.53,67.53,53.2,53.2,1,1
c497ee89b6205eb8,1,14.19,67.16,67.18,53.13,53.14,1,1
7eff17574e8d53d2,1,14.02,67.09,67.16,50.69,50.7,1,1
8c9cbf03c46b5ddc,1,2.03,4.78,4.79,1.29,1.29,0,0
5fe40d882c3b545f,1,1.28,2.94,2.95,0.53,0.54,0,0
6717940e53d45558,1,0.07,9.28,9.29,5.42,5.42,0,0
647c05f9fa725528,1,0.33,9.67,9.67,5.16,5.16,0,0
712475eda7975c99,1,0.61,9.96,9.96,5.06,5.06,0,0
602213f964f651c1,1,0.85,10.3,10.3,6.6,6.6,0,0
1ec907a74cbb54cd,1,1.03,10.65,10.65,6.32,6.32,0,0
1a5f614c9b815e92,1,1.85,9.5,9.5,3.88,3.88,0,0
79322494f7975811,1,12.17,56.05,56.24,45.52,45.59,0,1
5971485918d155dd,1,12.14,55.92,56.21,45.26,45.37,0,1
062255c18e275666,1,12.12,55.82,56.19,46.17,46.36,0,1
ffe87d190cd358c8,1,12.05,55.77,56.17,45.92,46.14,0,1
e9597ce7a5a7589b,1,11.95,55.79,56.12,45.96,46.16,0,1
cde38b08b4a157f5,1,11.86,55.84,56.09,46.05,46.21,0,1
6d3bb2ecca3e54b4,1,11.9,56.01,56.16,46.77,46.87,0,1
1a0f27ced7e056f6,1,12.05,56.23,56.29,46.58,46.63,0,1
639ed89313465584,1,12.53,56.61,56.62,49.87,49.89,0,1
eabdad9a669b5739,1,12.53,56.6,56.61,46.23,46.25,0,1
e7f8a61d807f5914,1,12.5,56.59,56.6,49.3,49.33,0,1
99ebd32df2f453f8,1,12.36,56.51,56.53,40.56,40.58,0,1
f0b762b8c08b5ff0,1,12.5,56.58,56.59,46.61,46.61,0,1
1a2027db44a350ff,1,12.5,56.54,56.57,43.4,43.41,0,1
c7e06d79e58454ae,1,12.41,56.42,56.48,43.23,43.24,0,1
ce2f1ac423965b7a,1,12.25,56.22,56.34,45.71,45.74,0,1
d68dba02509b50a3,1,7.98,44.6,51.53,31.34,34.6,0,1
6c81fef5b490580a,1,8.21,47.33,53.69,32.5,35.78,0,1
77072386dfbb5af8,1,8.39,49.43,54.67,33.81,36.62,0,1
19a595ad0fe35941,1,8.47,51.35,55.67,32.79,34.81,0,1
869f688594fc58c1,1,8.65,53.55,56.44,38.57,40.34,0,1
33c05d622bbe59a8,1,8.87,55.67,57.24,39.86,40.82,0,1
44cedd469129548d,1,7.6,34.35,34.38,23.06,23.06,0,1
434a1b5995365a33,1,7.41,32.18,32.21,21.37,21.37,0,1
bf8fcd79b7fa532d,1,8.89,37.05,38.92,27.65,27.66,0,1
b504737fcab3545b,1,8.62,32.67,33.24,5.21,5.21,0,1
8de5173c05ee56f5,1,8.22,28.93,30.52,19.37,19.37,0,0
661ce644db6d5546,1,7.84,23.75,24.14,22.07,22.18,0,0
b9f3b69b160e5ad0,1,7.44,21.44,22.62,18.72,18.81,0,0
63ec67c4a58a5e5b,1,7.05,17.42,26.6,15.52,15.79,0,0
a8245437ee3d5dd7,1,6.65,14.11,27.04,6.98,9.44,0,0
3b225aa246f35197,1,6.25,18.86,38.4,4.42,4.43,0,0
b5d0bfdf09375423,1,4.65,19.83,19.83,11.18,11.18,0,0
d7c017783af2520b,1,4.11,18.0,18.0,8.5,8.5,0,0
873a21c038f45eef,1,3.62,16.46,16.47,8.41,8.41,0,0
7dfae2f3b33a5d6e,1,3.23,13.72,13.73,6.66,6.66,0,0
b043b68462d7540c,1,2.77,12.42,12.43,4.07,4.07,0,0
6cfeeb3aab5b5681,1,2.25,11.14,11.14,3.11,3.11,0,0
34e7c93be2465f25,1,1.84,8.98,8.99,3.08,3.08,0,0
5bd2bc00e2d358e0,1,0.02,6.93,7.08,3.5,3.5,0,0
720c4f312c0f529e,1,5.57,13.04,13.13,23.72,23.77,0,0
066c0c3f45915cba,1,6.13,13.81,13.84,25.7,27.56,0,0
ccce59bb3b3a5c29,1,6.24,13.87,13.91,22.7,24.03,0,0
1541f285d1525ca0,1,6.32,22.0,22.43,24.97,26.39,0,0
2fec62bc2f325559,1,6.39,22.61,23.65,25.93,26.89,0,0
ee8e4ad158ef5a8d,1,6.5,22.91,23.55,27.73,28.33,0,0
96a0bbef8c335c3e,1,6.71,23.2,23.57,29.6,29.91,0,0
cce49307530e5b60,1,8.88,36.25,36.31,36.36,36.39,0,1
76dd2e9ad6f753b8,1,1.38,7.98,7.98,3.66,3.66,0,0
50e871f60296566b,1,1.27,6.65,6.71,1.81,1.82,0,0
2251b1d81d0051c1,1,1.1,5.19,5.19,1.59,1.59,0,0
b1e78f926612520e,1,0.02,7.87,7.87,4.76,4.76,0,0
1db38f4b73ac5b62,1,0.12,9.16,9.16,5.02,5.02,0,0
683e518fbfa650d5,1,0.56,11.52,11.52,11.27,11.27,0,0
7fad5a0c8cdd5fc4,1,1.17,14.03,14.03,13.69,13.69,0,0
105e820419e05224,1,8.06,37.19,37.19,28.11,28.11,0,1
4501554f824e59fc,1,4.87,21.7,21.7,5.78,8.53,0,0
40280e58e4d45fde,1,4.71,20.55,20.82,11.9,11.97,0,0
47d82a7c046d57bc,1,0.66,11.73,14.43,7.82,8.11,0,0
6b61ec04ecb25221,1,0.26,11.65,14.65,7.63,7.92,0,0
cee52329bc8855af,1,0.24,11.69,15.0,7.6,7.86,0,0
d97244a589ca587f,1,0.5,11.11,16.03,8.75,9.38,0,0
8af2a66435ea565a,1,1.03,11.97,18.78,8.43,9.19,0,0
37e2bc0cb5a053a5,1,1.75,14.07,22.56,8.43,9.53,0,0
5d3fbc3605fb5bb9,1,11.39,55.71,55.82,40.54,40.55,0,1
11f0b99dbce15be4,1,11.32,55.64,55.76,41.91,41.92,0,1
92ec09fc760c5c4d,1,11.22,55.55,55.67,40.34,40.35,0,1
8c156f5b675b5657,1,11.2,55.52,55.67,40.22,40.23,0,1
eaee116f6fae5472,1,11.21,55.08,55.16,40.48,40.49,0,1
b696510357665996,1,11.25,55.59,55.66,40.57,40.58,0,1
6dd2d5f52cc55546,1,11.33,55.68,55.75,40.47,40.48,0,1
f1ef98a6ff94525c,1,11.24,55.63,55.66,44.86,44.88,0,1
a6be7050ff205933,1,2.44,18.01,25.34,14.27,17.93,0,0
6704953640e55b83,1,2.97,14.44,18.65,14.78,17.0,0,0
616fa9b07f5653ef,1,5.33,28.18,36.83,20.2,21.21,0,0
5ff5c54200fe53fb,1,5.63,25.91,37.83,20.42,23.58,0,0
66a897321eb45503,1,5.82,25.05,39.1,18.52,22.87,0,0
afc395b46c2c5d7b,1,5.98,26.83,40.44,7.26,9.75,0,0
834cf95826ec5c73,1,6.09,29.43,41.6,20.89,25.82,0,0
06c9339fdc3e5404,1,6.23,32.62,42.71,21.89,26.46,0,1
b393ab92c8ac5e77,1,4.36,20.78,35.2,15.06,21.04,0,0
b156e8110afb5efd,1,6.62,45.3,46.21,28.89,29.36,0,1
ed2103838dae5993,1,6.93,46.87,47.24,28.95,29.13,0,1
d113b39be843564f,1,7.22,48.01,48.15,29.8,29.89,0,1
13ae6351239c5343,1,10.22,54.32,54.36,37.42,37.44,0,1
43440ae761cd5a8e,1,9.93,53.88,53.93,33.98,34.0,0,1
775e5b7f1b235e12,1,9.28,45.86,47.32,28.38,28.4,0,1
23fb1660b6985e05,1,9.1,41.58,42.32,27.99,28.0,0,1
19c4aecbe4b65ef4,1,5.08,27.13,27.16,17.43,17.43,0,0
155c42ad43525252,1,4.79,26.3,26.32,13.71,13.71,0,0
25c3b9fa44c058a6,1,4.54,25.99,26.01,17.57,17.57,0,0
a06715f1cb8358c0,1,11.35,48.82,48.83,36.87,36.87,0,1
19cee80b71525f86,1,10.86,46.8,46.81,31.5,31.5,0,1
c07f609f83b85dd6,1,10.28,44.1,44.1,31.25,31.25,0,1
4131dd1f0fd5571b,1,9.68,41.99,42.0,27.8,27.81,0,1
ce2de8af70e05a57,1,9.15,40.09,40.1,25.84,25.85,0,1
4ef621a8318b5085,1,10.62,54.62,55.01,41.22,41.49,0,1
4dd55e4b78955eca,1,10.56,54.66,54.96,43.46,43.74,0,1
8a4a0c6823cd5e33,1,10.86,55.28,55.32,41.09,41.09,0,1
c53328cc0fb15f17,1,10.86,55.26,55.31,41.69,41.69,0,1
8be90fab0cf45555,1,10.92,55.3,55.37,41.52,41.53,0,1
e6d59439935a5309,1,10.99,55.35,55.44,41.72,41.73,0,1
00f20c2762515d09,1,11.12,55.45,55.57,40.09,40.11,0,1
3099475cc5365074,1,11.27,55.58,55.72,40.34,40.36,0,1
b6a62a2356885962,1,0.32,7.29,7.29,4.6,4.6,0,0
c5c7922b844d592f,1,0.51,9.95,9.95,6.91,6.91,0,0
2692d8b89688506f,1,0.78,11.96,11.97,7.24,7.24,0,0
f4991b521fa15f17,1,3.01,22.62,22.62,19.6,19.6,0,0
0ba42ee3c2555502,1,5.77,32.59,32.59,18.74,18.74,0,1
7498dbe0e2b65539,1,5.72,30.58,30.58,18.61,18.61,0,0
df284ad97ad55a31,1,5.56,29.07,29.1,16.74,16.74,0,0
397a31d685fc5af7,1,5.29,27.93,27.96,16.8,16.8,0,0
e54bb40453165fac,1,11.4,55.7,55.84,40.15,40.16,0,1
60b09bc0e48c5d97,1,11.48,55.78,55.92,40.33,40.35,0,1
44f75400f3a15c14,1,11.42,55.75,55.87,40.33,40.34,0,1
ddfadfe2f0385b3b,1,11.33,55.69,55.79,40.11,40.12,0,1
9c26c2cea984590f,1,11.23,55.61,55.69,42.73,42.75,0,1
5590042a1aaa5f92,1,11.18,55.56,55.63,44.57,44.59,0,1
fd63045289ac5df7,1,11.22,55.61,55.68,44.92,44.93,0,1
6fe374eabe7b5dea,1,11.33,55.68,55.77,43.39,43.4,0,1
cc4a4dc2afc75aed,1,4.82,12.2,12.37,16.73,16.96,0,0
ab94d64d31ea5435,1,4.7,12.16,12.29,16.56,16.75,0,0
819d34b59e6159ad,1,4.28,11.97,11.98,13.5,13.5,0,0
55bd10ac74585a12,1,4.18,11.91,11.94,13.34,13.35,0,0
0df6533b550c58c1,1,4.07,11.83,11.87,13.05,13.07,0,0
7fc1ce68acb7562c,1,0.0,9.04,9.18,6.73,6.74,0,0
b5efcbfe3c6f5888,1,0.0,9.04,9.18,6.73,6.75,0,0
684ac2e9651d5e63,1,0.0,9.04,9.18,6.72,6.73,0,0
878665ca715b53d3,1,11.29,55.34,55.63,41.47,41.6,0,1
48b503ec9c5a5d7a,1,11.1,55.13,55.44,41.35,41.53,0,1
6c130d90781359d4,1,10.89,54.89,55.23,41.24,41.44,0,1
eb85aecce15f5e63,1,10.75,54.7,55.09,38.83,39.03,0,1
30271c81460b556d,1,10.76,54.66,55.1,39.05,39.28,0,1
e92a637d847e516c,1,10.84,54.68,55.18,42.82,43.15,0,1
4edc56ca4aac5896,1,10.78,54.62,55.14,42.18,42.47,0,1
2c43056133655292,1,10.7,54.61,55.08,42.83,43.17,0,1
3d2f4a8fb8b55572,1,8.46,39.47,39.47,23.39,23.39,0,1
0c54c8dfbe56567f,1,7.92,35.57,35.57,23.23,23.23,0,1
b49e63992eee56b1,1,5.8,26.06,26.08,18.17,18.17,0,0
bed45577041051b8,1,5.51,24.24,24.24,14.66,14.66,0,0
27209d511a785510,1,5.18,23.13,23.13,14.59,14.59,0,0
62d339c4086d51ba,1,4.86,21.95,21.98,13.26,13.26,0,0
26e6818bd14d52a5,1,4.56,20.84,20.87,13.23,13.23,0,0
06bdef9a9bbc5aaf,1,4.18,18.62,18.62,12.64,12.64,0,0
aecf8e9ea11c5a06,1,9.0,34.86,34.96,35.19,35.31,0,1
099ff4835ee45eb6,1,9.12,44.17,44.54,35.29,35.5,0,1
137f854539c45fe1,1,9.21,44.37,44.7,35.8,35.97,0,1
a366d90f10ca5866,1,9.19,44.5,44.69,15.86,15.89,0,1
598d8ce13c2e5452,1,9.15,44.58,44.66,13.98,13.99,0,1
937ca624cc2658a6,1,9.07,44.57,44.61,9.54,9.56,0,1
e3ce6f2ef9765b9a,1,8.97,44.51,44.53,9.27,9.28,0,1
d484aff53cd1589f,1,0.08,0.81,0.81,14.57,14.62,0,0
dc9bf97cb9e151ad,1,0.04,9.07,9.22,6.45,6.46,0,0
79984c4826f653fd,1,0.25,9.23,9.38,10.41,10.46,0,0
14769a8e472350cc,1,3.74,7.73,7.86,12.08,12.76,0,0
385e44b3382350f1,1,3.79,6.01,6.08,14.38,15.41,0,0
0536ffc8d9555b0f,1,3.96,4.26,4.26,14.69,15.37,0,0
f4e2ec6e37535056,1,3.98,11.67,11.7,14.2,14.62,0,0
52cb0688ae7c5bed,1,4.06,11.69,11.7,14.63,15.05,0,0
465d879f0b205c8f,1,4.13,11.7,11.71,16.09,16.58,0,0
54b907a5a03b51ef,1,7.94,35.17,35.17,25.92,25.92,0,1
ae145d614988581c,1,7.74,33.63,33.64,23.63,23.63,0,1
5aafc350fc705533,1,7.25,31.5,31.5,20.26,20.26,0,0
87ab048362385059,1,6.67,30.18,30.18,20.16,20.16,0,0
bdffdc5fc2fa542b,1,6.2,27.64,27.64,18.55,18.55,0,0
e52c457d50455d0c,1,5.88,26.78,26.78,17.95,17.95,0,0
b39406677030585e,1,5.59,23.51,23.51,14.95,14.95,0,0
b547cd052795562c,1,5.2,21.5,21.5,13.25,13.25,0,0
533c27383d335f4f,1,12.23,56.42,56.42,46.72,46.73,0,1
0809e84efac053e6,1,12.33,56.45,56.47,46.55,46.55,0,1
f4814e7eb01252b6,1,12.32,56.36,56.42,43.45,43.46,0,1
fbe67126a4285628,1,12.25,56.18,56.33,43.46,43.52,0,1
9edf148b1ed05a22,1,12.19,55.95,56.24,43.81,43.96,0,1
8d62f19202505230,1,12.12,55.71,56.15,43.26,43.5,0,1
f8b524a4e8925503,1,12.03,55.56,56.08,40.74,40.97,0,1
8237f47b224952b4,1,11.92,55.46,56.0,40.58,40.85,0,1
ad8ac16631a15da5,1,7.19,25.24,25.37,15.8,15.8,0,0
3968adecd59c551e,1,6.5,18.29,18.33,13.63,13.63,0,0
9fc437191831579a,1,5.76,16.35,16.41,5.11,5.11,0,0
82ab50d6b3ef5a43,1,5.06,15.42,15.5,10.08,10.08,0,0
f92ecd09fdf45404,1,7.7,36.84,36.84,23.83,23.83,0,1
66d5ea23c45c51c4,1,7.58,35.36,35.36,23.71,23.71,0,1
37d818085d0f56e8,1,7.4,33.69,33.69,21.78,21.79,0,1
5ca7353cbe4a5cf7,1,7.15,31.67,31.67,19.95,19.95,0,0
455037cfe9a95796,1,5.44,12.67,13.0,18.94,19.91,0,0
c4e94b7583555176,1,5.52,13.76,14.2,18.91,20.05,0,0
69976d75e3a5521e,1,5.56,12.79,13.17,18.7,20.09,0,0
efd90f7518445bef,1,5.56,12.78,13.17,21.54,24.52,0,0
6e5ae240ac8a5862,1,5.49,12.73,13.12,18.9,20.32,0,0
2bc2525a4ee95ef4,1,5.45,12.74,13.09,19.07,20.72,0,0
dcfc13ba3a4150a6,1,5.48,12.81,13.1,18.97,20.56,0,0
685e5e9083185108,1,5.51,12.91,13.1,19.57,20.8,0,0
5c162b0d30f35b55,1,11.05,55.44,55.5,41.88,41.89,0,1
1b25edea36205814,1,0.0,17.68,18.03,0.36,0.38,0,0
4f5b00e0de115593,1,0.03,17.76,18.11,0.55,0.57,0,0
f7d40806c7045d54,1,0.06,17.86,18.2,9.7,9.82,0,0
68b83d28894e5bc1,1,0.54,18.95,19.24,5.83,5.86,0,0
c678ab21b707538f,1,4.56,37.51,38.09,23.74,24.02,0,1
2158d459f8b259c3,1,5.02,39.73,40.1,24.16,24.36,0,1
47e0ff3bc36a5f69,1,0.0,7.97,8.02,3.53,3.53,0,0
ec044ac1af1655be,1,11.79,55.36,55.92,40.36,40.67,0,1
3a31f6e6819d5ab2,1,11.61,55.29,55.81,41.96,42.31,0,1
d70e995b6ec6546a,1,11.48,55.25,55.74,42.34,42.65,0,1
6840e07af4275492,1,11.41,55.26,55.72,42.67,42.97,0,1
2422d2b260235078,1,11.39,55.36,55.74,45.92,46.22,0,1
f42c66a9b7a456f7,1,11.4,55.45,55.76,5.99,5.99,0,1
dadfddb20a29587d,1,11.44,55.51,55.78,41.16,41.31,0,1
5c5e0e2c9d225b98,1,11.45,55.51,55.77,41.28,41.4,0,1
65729e98f81a526e,1,5.06,12.11,12.53,17.37,18.36,0,0
03ec8e118cb0541d,1,5.2,12.3,12.71,18.45,19.55,0,0
3136969223325aa5,1,5.26,12.43,12.8,19.26,20.33,0,0
b72042b4093250c8,1,5.3,12.53,12.88,19.43,20.45,0,0
0e681d3870795a3a,1,5.33,12.61,12.92,19.52,20.43,0,0
59cc5d51c60d5a1d,1,5.37,12.68,12.96,19.67,20.5,0,0
c2cf2b10f7e953c4,1,5.39,12.65,12.95,19.33,20.14,0,0
7bacd3cec5df553f,1,5.34,12.57,12.89,19.37,20.24,0,0
4bda94d100d65f0d,1,0.78,0.62,0.62,16.69,16.81,0,0
cf7876c4ad0752b5,1,1.69,23.53,24.22,18.68,18.9,0,0
4d0c174b077e5603,1,3.54,29.65,31.04,22.15,22.74,0,0
40508dfbe0f35d8e,1,8.06,40.55,49.86,29.11,31.8,0,1
9bfa838de21f5d25,1,8.06,39.31,50.71,29.12,31.93,0,1
0088dd94bbb85394,1,8.0,40.13,50.97,29.51,32.49,0,1
ee380d59f0f450c6,1,7.99,40.74,51.95,30.59,34.16,0,1
05769097cb6c5b91,1,8.1,42.82,52.34,30.87,34.43,0,1
3ce3c32cb4655d3d,1,0.03,6.41,6.43,5.15,5.15,0,0
e6c36a6be3c75127,1,4.76,13.94,19.71,14.3,18.04,0,0
dc207d97e04f5ce1,1,5.21,15.42,18.79,13.22,16.48,0,0
491a9b7a44225a75,1,5.53,15.18,16.99,9.87,10.64,0,0
14576a845ffc521a,1,6.81,27.98,27.98,20.43,20.43,0,0
191dc35423a85d10,1,6.74,25.5,25.51,20.56,20.56,0,0
c091585789c859db,1,6.63,22.84,22.85,16.2,16.2,0,0
45e9a0bc222452bf,1,6.53,20.13,20.14,10.38,10.38,0,0
230f2d1902125696,1,1.68,2.28,2.29,0.88,0.89,0,0
81e0cc64152b5264,1,1.06,1.64,1.66,0.25,0.26,0,0
f79b805ec2435c98,1,0.0,8.97,8.97,7.95,7.95,0,0
81410acd84c0516a,1,0.06,11.69,11.69,9.81,9.81,0,0
0f78ffea52a85031,1,0.52,13.9,13.9,10.48,10.48,0,0
b934233d0ea6536b,1,1.3,16.7,16.71,12.84,12.84,0,0
8227648b1da95adb,1,0.98,14.43,16.63,6.0,6.0,0,0
14f16328a6c0551e,1,0.74,14.06,16.08,7.66,7.66,0,0
961cd53fde9a5c3d,1,0.37,16.6,16.67,14.67,14.72,0,0
9ed85925d375504b,1,1.15,18.32,18.36,16.65,16.75,0,0
f9df92352a5f53f2,1,2.06,21.7,21.89,18.62,18.82,0,0
34c872c16eb0577c,1,3.0,24.88,25.49,22.15,22.67,0,0
110bec4c6d2153d7,1,7.34,37.2,46.93,27.29,29.8,0,1
e67c2879271350c1,1,7.37,38.11,47.48,27.84,30.51,0,1
862378e4a52553be,1,7.56,39.14,48.07,3.33,3.34,0,1
784c48e2a44c5036,1,7.75,40.84,48.49,30.93,34.43,0,1
04676f5bccee5447,1,0.45,13.85,16.94,7.55,7.96,0,0
0a51eb8adf8e5391,1,0.35,13.73,16.87,8.76,9.47,0,0
6d7754fdda3a50a6,1,0.61,13.63,17.42,10.34,11.75,0,0
6f393be3019c508a,1,1.27,13.19,19.61,10.51,11.96,0,0
be33fb4e1b435f1d,1,2.03,12.55,22.73,11.32,13.98,0,0
f62e6cb228dc50e1,1,2.73,12.17,26.02,11.47,14.32,0,0
9360bfdb65d153cd,1,3.34,13.02,29.27,11.97,16.07,0,0
f1ae4feebfda5b75,1,3.85,15.98,32.24,12.95,18.42,0,0
228dbe4bb59c537b,1,0.03,14.22,14.22,12.52,12.52,0,0
639352b63c715c1f,1,0.12,16.02,16.02,12.96,12.96,0,0
bbd5fbbe6cbb5a6f,1,0.73,18.57,18.57,17.37,17.37,0,0
4800c57e89db5eae,1,1.66,23.28,23.28,21.47,21.47,0,0
0aa8c67f04b75a41,1,8.93,37.16,37.16,27.7,27.7,0,1
614d5297c1a05a46,1,8.6,34.1,34.1,25.62,25.62,0,1
551ce60633b65fd0,1,8.14,30.91,30.91,22.89,22.89,0,0
4175cdc49ec759f5,1,7.64,27.77,27.77,20.97,20.97,0,0
4e252b23d8935563,1,6.3,17.31,17.33,10.16,10.16,0,0
b0d77b56b10d5861,1,5.89,14.62,14.63,10.43,10.43,0,0
ae6787095e5e545a,1,5.4,12.09,12.11,10.57,10.57,0,0
c7c04f1581855ac4,1,4.84,9.76,9.79,8.61,8.61,0,0
76473ec469ed5a65,1,4.24,7.72,7.76,6.13,6.13,0,0
e648d5c380455667,1,3.68,5.91,5.96,3.7,3.7,0,0
eff5e373dade52e7,1,3.04,4.36,4.43,3.24,3.24,0,0
6561633171e75bb6,1,2.34,3.17,3.17,1.72,1.73,0,0
e683a9a072485098,1,4.31,9.96,9.96,7.27,7.27,0,0
8569121235665be9,1,3.79,8.25,8.26,5.7,5.7,0,0
4b98bb0bbbc75b1f,1,3.32,6.71,6.71,3.65,3.65,0,0
ea789512f1be5a47,1,2.04,4.21,4.21,1.1,1.1,0,0
09779eb483435cab,1,1.38,3.46,3.46,0.71,0.71,0,0
d32f8367252b53b1,1,0.07,6.34,6.34,12.28,12.28,0,0
29143e2319415eec,1,0.55,9.57,9.57,14.74,14.74,0,0
ff89c9bf77dc58ce,1,12.48,56.58,56.59,49.96,49.97,0,1
45b4f09799295069,1,0.73,13.79,16.03,8.96,9.02,0,0
0388cd6f1af65029,1,1.1,13.5,16.55,10.55,11.27,0,0
7291b74b016d5672,1,1.74,12.06,15.71,18.1,18.16,0,0
0371700bf65b51e0,1,2.45,13.95,22.61,17.88,18.06,0,0
c2eecf5cfe46536f,1,3.58,13.13,17.34,12.19,15.03,0,0
134cbee5a9635cd7,1,3.98,14.89,18.04,9.68,10.81,0,0
bb8497b5cf575e3a,1,4.34,16.73,19.43,6.84,7.04,0,0
a071167fdae35f84,1,4.69,30.54,34.88,17.75,19.42,0,0
93bdcee4c814567c,1,7.58,48.93,49.07,27.35,27.41,0,1
a810e698e69e5e70,1,7.57,48.8,48.83,27.14,27.18,0,1
a96abad3a09753c5,1,0.32,17.42,17.42,3.57,3.57,0,0
cbf0e5deee8956a9,1,0.1,17.35,17.35,7.62,7.63,0,0
326bf8cbf6375f03,1,0.05,17.48,17.48,9.72,9.72,0,0
cccd69e7a6ff5be3,1,0.47,18.41,18.43,13.36,13.36,0,0
4925a678992c5726,1,1.23,22.1,22.1,15.66,15.66,0,0
df2b37f4a1b85a4e,1,2.06,26.2,26.2,19.78,19.79,0,0
87f7b4b94e2b5264,1,2.42,24.23,27.05,20.43,20.46,0,0
8f828599b2285a97,1,5.52,29.24,40.33,22.0,26.76,0,0
aba7212ffa3458b6,1,5.85,32.76,41.47,21.43,24.93,0,1
f376ed0415235e20,1,6.06,35.86,42.74,20.93,23.06,0,1
01f2481a8cfc5803,1,6.23,32.73,36.65,21.61,23.37,0,1
3d324bda0cec57ab,1,6.43,33.43,36.3,21.92,23.35,0,1
f9a9b5ee707e501e,1,6.68,33.65,35.67,25.1,26.47,0,1
b8de9baf9a155a1b,1,7.48,48.91,49.2,29.73,29.87,0,1
1825640c9ed75a4b,1,5.08,37.67,40.05,22.62,23.65,0,1
c801a9f6c4e05919,1,5.53,41.47,42.45,25.07,25.56,0,1
5a12337425265ea1,1,5.98,43.65,44.12,26.89,27.13,0,1
b5155b952c645ce0,1,0.01,14.03,14.03,7.23,7.23,0,0
5ac5a4a182b859f7,1,0.02,14.93,15.0,7.37,7.37,0,0
26ffff4876f75eed,1,0.07,15.12,15.2,7.15,7.16,0,0
566ee79ab35c5b14,1,0.59,17.58,18.02,13.64,13.64,0,0
79e011726ebe5aa0,1,1.46,17.37,17.86,17.24,17.25,0,0
4e54c991bd0259cb,1,7.15,24.69,24.69,17.34,17.34,0,0
be1a32191a715329,1,6.61,21.74,21.74,17.16,17.16,0,0
6be41ab63cf05b6e,1,13.62,66.83,66.92,51.17,51.21,1,1
b27e2139fbb959fa,1,13.35,66.59,66.63,49.71,49.72,1,1
7684ff2627555f4e,1,13.31,66.55,66.59,49.43,49.44,1,1
e50483d19a4b5489,1,13.36,66.61,66.64,54.12,54.13,1,1
b281c2ccb36359e3,1,13.48,66.74,66.77,49.32,49.33,1,1
f2e2e64000445230,1,13.61,66.92,66.95,53.6,53.62,1,1
9e0633fbdeac55bb,1,8.23,45.13,52.84,30.27,33.23,0,1
eeb4b973450f50e9,1,8.38,25.79,27.2,33.85,37.05,0,0
f3521da962a75e3d,1,8.66,32.23,34.15,34.38,37.03,0,1
436da44562c95ac0,1,8.96,33.82,35.46,36.74,39.06,0,1
0c8b9f08bfa25dc2,1,9.26,43.49,45.12,39.99,41.66,0,1
bdfdf52ac60755a9,1,9.63,46.54,47.38,42.96,43.83,0,1
6b678e4f19c05dea,1,10.08,52.22,52.5,43.49,43.75,0,1
a4c23fa815945fe3,1,9.51,38.68,38.68,27.84,27.84,0,1
c90d3a1a568a59d3,1,1.33,3.04,3.04,15.14,15.14,0,0
2575048779565f0b,1,5.8,32.22,39.7,21.64,22.09,0,1
8f8ccbd6ffcb54b9,1,5.9,28.6,35.83,21.1,22.2,0,0
f2a41314d1575761,1,5.93,22.55,26.96,20.8,22.02,0,0
03ffae8f89f65f90,1,5.93,22.39,26.65,20.73,22.65,0,0
49a53d11de6d5b1d,1,5.95,22.59,26.92,19.22,20.86,0,0
52d4fbbe8bd551dc,1,6.1,34.64,42.97,22.53,25.84,0,1
be027cd33b835419,1,6.48,39.08,45.8,26.84,28.67,0,1
b1899626476e5293,1,9.05,35.43,35.43,25.62,25.62,0,1
59159c92e5d9571d,1,8.53,32.2,32.2,24.86,24.86,0,1
715cff26bcee5d6a,1,8.04,28.98,28.98,22.42,22.42,0,0
9ecb516bac035ce4,1,7.59,25.88,25.88,21.0,21.0,0,0
b1464f6c01dc545f,1,6.56,19.86,19.86,15.98,15.98,0,0
6469176632cf52a0,1,5.97,17.11,17.12,13.98,13.98,0,0
cab75d9e74eb52a1,1,5.36,14.52,14.52,11.65,11.65,0,0
93e2f4fc13a35269,1,4.82,12.27,12.27,9.64,9.64,0,0
3ef7a107ecc75162,1,6.94,44.71,48.85,29.06,30.97,0,1
32648fe3eaa45ed1,1,7.4,49.4,51.24,35.89,36.86,0,1
9243ca15a76e552f,1,7.82,53.16,53.75,34.73,34.9,0,1
9e4c1639be465a8a,1,10.09,60.3,60.48,37.78,37.79,0,1
6c8af7c93b5751c4,1,10.14,60.09,60.34,37.55,37.57,0,1
2ee2b26e0f20509d,1,10.03,59.33,59.66,37.4,37.45,0,1
b94fd2088a4f5688,1,9.87,58.42,58.8,36.18,36.24,0,1
1b6ca45027e3531c,1,9.69,57.48,57.82,35.91,35.97,0,1
5350c9f947cb5482,1,1.69,18.53,18.53,7.09,7.09,0,0
c66c7433e8855d01,1,1.45,18.02,18.02,7.46,7.46,0,0
c1255801436851c4,1,1.46,18.07,18.07,7.37,7.37,0,0
3e2a45dbe6fa50aa,1,1.55,18.27,18.27,12.92,12.92,0,0
de03efda68e65021,1,3.39,10.81,10.83,6.61,6.63,0,0
05965158ab845b47,1,2.92,8.43,8.57,6.6,6.62,0,0
75c91bd683535274,1,2.47,7.94,7.96,3.05,3.05,0,0
2751f9eb641455c9,1,2.02,7.78,7.8,0.97,0.98,0,0
2e9c19d0168c58ac,1,0.79,20.06,20.06,18.09,18.09,0,0
2218fd73bd8d54da,1,1.83,25.28,25.28,19.95,19.95,0,0
815153cb27f95a7c,1,0.87,14.15,18.67,10.59,11.25,0,0
51754449a4dd5f27,1,6.69,19.31,19.43,29.46,29.65,0,0
afa37504b1da59bf,1,7.23,40.16,40.2,34.08,34.12,0,1
0b4dfcb47cb85e89,1,9.03,59.55,59.56,30.97,30.98,0,1
6762c1ac11a15adf,1,9.14,59.98,59.98,5.01,5.01,0,1
a23ebe50e290544b,1,9.27,60.49,60.49,40.86,40.87,0,1
143989e6ed115458,1,9.4,60.98,60.99,40.34,40.34,0,1
918d03455301591b,1,7.56,53.16,53.17,15.41,15.41,0,1
eeae24d38eb15e0a,1,7.19,51.61,51.62,18.86,18.86,0,1
1f095494fe755244,1,8.27,45.83,45.83,33.32,33.32,0,1
9320c42b53b052f0,1,8.52,45.63,45.64,32.85,32.86,0,1
ab8034dd8873524b,1,8.71,45.86,45.87,32.75,32.76,0,1
83b935eff1815935,1,8.82,45.64,45.66,32.74,32.75,0,1
29770ed8cd49511e,1,8.92,45.98,46.0,32.75,32.76,0,1
0aee34efc8445718,1,8.69,33.57,33.57,26.0,26.0,0,1
8a1fa33cd5d45d48,1,8.55,30.91,30.94,23.09,23.09,0,0
c404e4b4b7a455d3,1,8.2,28.59,28.62,19.29,19.29,0,0
f2e1685f07675799,1,7.42,26.16,26.19,16.35,16.35,0,0
f3c7dc93e3bc57c1,1,6.48,23.79,23.83,14.69,14.69,0,0
f590f07cbcc15388,1,5.66,20.96,21.0,13.43,13.43,0,0
c09cdf83367d5d3f,1,4.95,19.06,19.11,11.46,11.46,0,0
3aa9d1c9ceb35906,1,4.29,18.74,18.79,11.02,11.02,0,0
9897a102ee075dee,1,0.88,9.25,11.41,12.28,12.28,0,0
d99e2e84c46f577d,1,0.85,9.96,14.51,11.08,11.08,0,0
69baa41122b45e43,1,6.35,47.54,47.66,28.21,28.3,0,1
c8deb087395357c3,1,8.07,39.69,40.24,23.72,23.72,0,1
31960634eefb5d47,1,7.85,38.2,39.18,23.85,23.89,0,1
a5be642219735a49,1,7.62,36.21,37.73,4.54,4.54,0,1
8d27ff75eeb1559e,1,7.4,33.91,36.1,4.64,4.64,0,1
cd008a1ed571512f,1,7.05,30.67,32.98,19.38,19.51,0,0
b5be372c45f05a96,1,8.94,59.2,59.2,4.35,4.36,0,1
32013abf6afd5d2e,1,9.62,61.83,61.84,36.31,36.33,0,1
2d2b781181f156dc,1,9.04,42.2,42.23,15.14,15.15,0,1
39e13f76e8b55320,1,9.1,40.98,40.99,9.47,9.47,0,1
fc58a8b4d619577d,1,9.05,40.15,40.18,4.73,4.73,0,1
9f44032dfc315223,1,8.99,39.08,39.1,4.75,4.75,0,1
bf2bd235d7225732,1,9.01,38.38,38.4,13.54,13.55,0,1
cec165c3246d5529,1,9.02,37.91,37.93,13.52,13.53,0,1
edf7281f49b9573d,1,11.72,56.04,56.09,46.31,46.32,0,1
fa9a6007ed205fe7,1,11.95,56.25,56.26,40.56,40.56,0,1
e9b43b140b1d54bf,1,13.36,56.86,56.95,43.4,43.43,0,1
089e3eac4f7e5c5c,1,10.67,46.99,52.92,16.74,17.45,0,1
def5763ef93655ae,1,10.61,49.11,56.71,16.49,17.16,0,1
2c1c564733075187,1,10.56,46.59,52.94,16.86,17.59,0,1
2834297c33cd5d50,1,10.49,46.73,53.06,16.66,17.39,0,1
24ce107c0e75533a,1,8.1,45.76,47.04,8.01,8.07,0,1
b7c35b12755c5d44,1,7.18,14.04,14.05,11.27,11.37,0,0
c38eb1a738745b1e,1,1.64,20.22,23.37,16.93,17.58,0,0
e9cfc98fdc09590a,1,2.82,21.26,27.89,18.9,20.37,0,0
35cf51dd13d559c0,1,4.95,22.66,34.89,20.6,26.87,0,0
2d578825c3a8565f,1,5.82,25.17,40.44,21.24,27.57,0,0
5583c1447acd5f31,1,6.55,13.92,14.6,20.37,25.18,0,0
2c14c850f6645147,1,7.06,21.6,27.29,8.53,10.69,0,0
0a06f8a3204d5e11,1,9.35,61.25,61.38,42.45,42.52,0,1
83ec4461559c5388,1,0.52,9.71,9.72,11.94,11.94,0,0
24179dca21ec5427,1,1.19,11.78,11.79,11.05,11.05,0,0
2ff39958d9f35279,1,8.81,52.1,52.24,33.2,33.23,0,1
803addaf65355261,1,8.67,51.81,51.88,32.54,32.58,0,1
16d3b353ffe650de,1,8.54,51.52,51.6,30.57,30.62,0,1
c64f55518a18575b,1,8.27,29.56,29.56,22.36,22.36,0,0
944eece37ff15fa1,1,7.76,24.0,24.0,20.38,20.38,0,0
5469a6a592ef55d0,1,7.14,20.85,20.85,17.33,17.33,0,0
afa8102c20685ec5,1,2.27,26.2,26.27,10.59,10.59,0,0
70633315e71a5979,1,2.14,26.85,26.86,18.24,18.24,0,0
a572d70690f75ad4,1,9.98,47.66,47.66,31.26,31.26,0,1
fd8299e81b435b94,1,9.78,43.78,43.78,27.73,27.73,0,1
dfeb840d983e55ca,1,9.33,40.26,40.28,26.84,26.84,0,1
20472dd2ff805948,1,8.85,35.44,35.46,24.42,24.42,0,1
06cfef4de99d5ead,1,8.36,30.0,30.02,21.77,21.77,0,0
4a681a6497d35e68,1,7.83,26.07,26.1,18.59,18.59,0,0
67094a5dcc8c5ff6,1,8.65,36.93,36.94,23.62,23.71,0,1
8f976b493bbc59b4,1,8.51,36.65,36.65,13.39,13.4,0,1
f665cf888bbd5595,1,7.51,34.15,34.15,8.87,8.87,0,1
63573ea2fdb85b0e,1,7.59,38.98,38.99,8.95,8.95,0,1
fa937665dc4a5d08,1,7.53,21.78,21.79,4.3,4.3,0,0
c02bb4d7993e5bbb,1,7.41,33.03,33.04,13.12,13.13,0,1
d8acd89d5cc95e9a,1,7.29,29.63,29.64,15.08,15.08,0,0
00abc794f8ce5195,1,7.1,26.37,26.38,15.65,15.65,0,0
e6056b57c0515735,1,1.26,14.33,14.33,9.45,9.46,0,0
82b1cb7113515dfb,1,1.23,15.48,15.5,9.57,9.57,0,0
d983f3c9756357b2,1,1.42,17.7,17.7,11.33,11.34,0,0
d7d57d8fb3b6589a,1,6.75,28.82,42.44,17.19,17.19,0,0
c7a44a2e52bc5e22,1,7.15,33.72,44.88,15.47,15.62,0,1
d64b2da8ffb65c16,1,7.52,38.87,47.06,29.58,34.04,0,1
4ceb0bc19e0f57d5,1,9.44,52.91,53.37,13.95,13.98,0,1
805fed6cba8c5fd3,1,9.81,60.08,60.2,41.51,41.53,0,1
da6bafca1d9f5b58,1,0.13,15.08,15.08,5.89,5.89,0,0
ec8a3deaeb1a53ac,1,0.01,14.86,14.86,7.89,7.89,0,0
68ece717ce6553e7,1,0.07,14.98,14.98,11.65,11.65,0,0
6b5b038496cb56ba,1,0.38,15.34,15.34,11.7,11.7,0,0
0317b218061b5c4d,1,1.09,17.16,17.16,16.06,16.07,0,0
bca002ce93bd5997,1,6.11,22.92,22.92,12.72,12.73,0,0
3866b4b85a135f66,1,5.97,22.85,22.85,12.71,12.73,0,0
8e04fd5e1613597a,1,5.81,22.65,22.65,10.94,11.03,0,0
f73281d701fd56a6,1,6.42,17.83,17.83,14.26,14.26,0,0
ec90dfde532d5633,1,5.63,14.97,14.97,12.35,12.35,0,0
9bd57127fa3b5d8d,1,4.85,12.79,12.79,8.91,8.91,0,0
95e6e7c4cfe15b91,1,4.05,10.85,10.85,6.81,6.81,0,0
ad54eadf72625631,1,3.25,9.19,9.19,5.31,5.31,0,0
1b96821ba3425e3b,1,2.75,28.66,29.75,10.87,10.99,0,0
a5b2403d85fc511d,1,0.06,0.01,0.08,8.92,8.94,0,0
555af87f71415a3d,1,0.52,0.09,0.13,11.07,11.46,0,0
5cfbf7afa66458c3,1,12.74,56.66,56.68,49.38,49.39,0,1
5fd5fdcf5c1552b9,1,12.76,56.68,56.7,49.4,49.41,0,1
727ed49214315cd6,1,10.36,27.95,28.05,34.84,34.88,0,0
28c5e10661025e5f,1,10.05,43.24,43.4,32.31,32.46,0,1
3a2203251ab65b53,1,9.67,17.29,17.29,20.55,20.56,0,0
d64abcb201245b5a,1,9.21,16.11,16.16,17.48,17.49,0,0
bb30019d8f645e62,1,7.23,48.09,48.23,32.87,32.91,0,1
f24730f3bb525e73,1,7.82,49.64,49.69,33.43,33.5,0,1
d697dea3ebba5047,1,5.61,21.83,21.83,10.85,10.94,0,0
7e134ea5ffa259f2,1,5.16,18.18,18.18,6.14,6.19,0,0
1ac0023fd2655313,1,4.59,15.08,15.08,6.11,6.15,0,0
ca41dc3231965d47,1,4.12,13.78,13.79,6.15,6.18,0,0
534e6a7d7e8c528b,1,3.75,11.85,11.86,6.17,6.2,0,0
a3af72210c7553c4,1,3.47,10.93,10.93,6.27,6.3,0,0
47359dd210e254ea,1,3.63,10.43,11.56,11.44,12.23,0,0
36f34c9e02a15801,1,3.89,10.3,11.6,10.85,11.88,0,0
2e1c1db92800578d,1,3.84,12.58,12.77,9.66,9.81,0,0
1edf90bb34fc5d3f,1,3.48,11.14,11.24,9.49,9.64,0,0
022cc20c8dd45bc5,1,2.71,7.15,7.16,4.37,4.38,0,0
4eff4682a7795fe1,1,2.37,4.52,4.53,2.02,2.02,0,0
038948dd9db85d2a,1,1.66,1.84,1.84,0.69,0.7,0,0
c2f9c48979255481,1,0.94,1.3,1.31,0.2,0.2,0,0
e726c3ae361058c1,1,0.13,3.51,3.51,2.49,2.49,0,0
f322d71f14a35cfa,1,0.59,3.43,3.43,7.35,7.37,0,0
72c1d1069773561d,1,4.9,10.39,19.76,4.16,4.24,0,0
c6be203c41a155e4,1,4.66,28.16,28.17,8.04,8.24,0,0
0a4752bc6c8b5174,1,4.87,22.14,22.15,15.93,16.01,0,0
cfb7ecec39485237,1,2.0,15.25,23.36,7.78,8.02,0,0
7a18ceb376d859c1,1,1.61,13.56,21.71,7.2,7.45,0,0
8a880b6ff1dd59ab,1,1.58,13.02,21.87,7.99,8.57,0,0
f68fcc74e570541d,1,2.03,14.38,23.51,10.99,14.33,0,0
c5ec810bb3625418,1,2.54,14.64,23.58,11.35,16.31,0,0
7461c860b4d25bf2,1,12.47,56.48,56.62,43.14,43.14,0,1
fbf241ca4b6758d8,1,12.28,56.32,56.51,40.18,40.18,0,1
a5c89cf130d858a4,1,12.06,56.15,56.38,45.89,45.92,0,1
4b4c7883539d5eb9,1,11.9,56.01,56.27,45.98,46.02,0,1
eb2304df049d5ce3,1,11.85,55.91,56.22,44.43,44.47,0,1
5955c4ef15c75350,1,11.84,55.85,56.2,45.93,45.99,0,1
a4213d4e327c5b6e,1,11.86,55.81,56.21,46.0,46.07,0,1
e8d6682562335254,1,11.9,55.75,56.21,44.62,44.69,0,1
c239a3efe5df5739,1,6.46,23.84,24.99,19.29,19.79,0,0
a3b663577f605feb,1,5.93,22.44,23.48,19.45,20.18,0,0
0d1800f960bf5d51,1,5.57,21.57,22.52,19.48,20.36,0,0
608913faecb959b4,1,5.28,19.92,20.9,17.35,18.16,0,0
eb4bbe69b80d5f12,1,5.05,18.5,19.5,17.06,18.03,0,0
84ec7e450e205d8f,1,4.84,17.07,17.84,13.85,14.38,0,0
dc6df220730c599a,1,4.63,15.58,16.11,13.48,13.92,0,0
9f699a1331785e57,1,4.3,14.08,14.43,13.26,13.69,0,0
2472d00839f65c25,1,4.36,28.56,28.97,11.52,11.53,0,0
20c8f9038443596e,1,4.63,28.77,29.08,11.28,11.31,0,0
9387d5660fcf5d98,1,4.71,28.37,28.63,15.64,15.74,0,0
d66634cbe1b65b95,1,4.74,27.54,27.69,15.52,15.59,0,0
41470fb14dab5d99,1,4.75,25.58,25.65,13.54,13.56,0,0
1a0ce53e0a4755e5,1,4.78,22.94,22.95,14.68,14.69,0,0
3f269e7b5ced51fa,1,12.73,56.7,56.73,42.86,42.86,0,1
9d32436291335261,1,12.67,56.64,56.69,43.13,43.13,0,1
b8cc094c43575a31,1,9.49,56.55,56.76,33.68,33.71,0,1
8be468b729aa5f1e,1,9.31,45.46,45.48,33.29,33.3,0,1
e429babc45b05f4e,1,9.14,43.13,43.15,30.88,30.89,0,1
30d3af9350045c29,1,8.96,40.65,40.66,30.48,30.48,0,1
1b4af0da5a485c17,1,8.79,38.04,38.05,30.5,30.5,0,1
b6b0722747565854,1,8.64,35.25,35.27,27.63,27.64,0,1
618e368153135092,1,8.48,32.31,32.32,27.07,27.08,0,1
18d232e64db55ba9,1,8.33,29.2,29.21,24.58,24.59,0,0
ed5defe615515789,1,8.31,50.78,50.79,32.79,32.85,0,1
b99d20a078a958b9,1,8.68,51.53,51.55,34.52,34.54,0,1
1e1878076a0b52d6,1,8.98,51.97,52.16,30.52,30.52,0,1
7a3e5ab8218e550f,1,9.19,43.03,43.22,35.88,36.03,0,1
43b78800618758d9,1,9.29,51.95,52.79,34.07,34.34,0,1
93b50a6df30b5453,1,9.22,51.75,52.72,33.18,33.53,0,1
c2116c7a0b15556d,1,9.1,51.66,52.56,32.89,33.28,0,1
218ebafd6210550e,1,9.01,51.76,52.44,33.44,33.76,0,1
531415bb29245095,1,11.99,55.76,56.27,45.94,46.05,0,1
0cc24c1449cd54f9,1,12.13,55.83,56.37,45.76,45.89,0,1
ce9f5160229b5755,1,12.22,55.91,56.45,45.47,45.59,0,1
1ebcf2ddce325598,1,12.28,56.01,56.51,46.02,46.14,0,1
e024bd23594b5a13,1,12.25,56.1,56.51,45.92,46.02,0,1
8164612a623156ae,1,12.13,56.12,56.44,46.51,46.57,0,1
84d0b82110465b43,1,12.0,56.13,56.28,46.0,46.04,0,1
86cad912457d5115,1,11.86,56.1,56.18,40.28,40.29,0,1
6496c4adf0f65e78,1,9.01,45.93,45.94,32.89,32.9,0,1
618902d469b5516e,1,10.66,65.42,65.42,35.47,35.47,1,1
bbc8e4799fe85548,1,9.42,61.08,61.19,28.37,28.4,0,1
016d8cf09d875f57,1,9.56,61.63,61.73,12.61,12.61,0,1
41890b20b92953b4,1,9.79,32.66,32.67,12.97,12.98,0,1
0d2ff90baf395430,1,9.92,23.37,23.39,4.94,4.95,0,0
c84db99f6a4f51ae,1,9.23,60.36,60.37,31.3,31.3,0,1
f3f0ebe8d9185b69,1,9.02,59.54,59.55,30.56,30.57,0,1
13cd1cf21a4f5acb,1,4.01,25.62,32.02,20.14,21.13,0,0
35234d714b5d5da9,1,4.46,22.7,34.07,19.12,21.26,0,0
0acd819b9eae51f7,1,4.87,21.88,35.49,17.24,20.86,0,0
66129006472354e7,1,5.24,22.93,37.53,19.19,24.74,0,0
b031a0b55ab951f8,1,6.02,36.62,43.83,7.0,9.45,0,1
94c6fd3f9ec85914,1,6.13,40.04,44.55,22.1,23.65,0,1
1c31e37ce65b52d9,1,6.28,42.92,45.22,25.57,26.48,0,1
1d58f582aa95543b,1,6.5,45.23,45.98,27.71,27.93,0,1
b683672d37cc5001,1,5.47,41.83,42.1,19.38,19.38,0,1
4421e25bf73a553b,1,5.28,40.77,41.36,16.53,16.56,0,1
86c5b7af4b47513d,1,0.0,15.06,15.24,7.5,7.74,0,0
d471c0c48cb05f04,1,0.01,16.14,16.31,7.43,7.62,0,0
4c9a89b8cd2853d6,1,0.04,16.67,16.84,9.08,9.33,0,0
89652dfe12165def,1,0.4,17.41,17.56,11.79,12.03,0,0
33c738c5f199510e,1,1.16,20.5,20.56,13.44,13.56,0,0
3fd7c487c29f53bc,1,1.98,23.62,23.62,10.63,10.74,0,0
1db7c81f96855ce9,1,0.0,17.59,17.74,5.67,5.71,0,0
aee1ca352fdd55f1,1,0.03,17.68,17.83,7.33,7.38,0,0
c856f2dbe8715b80,1,0.1,17.85,17.99,9.16,9.2,0,0
3c379ee75e765c6e,1,0.63,19.31,19.42,11.88,11.93,0,0
2835dec909575f74,1,1.29,22.65,22.71,11.86,11.91,0,0
719eb7fea14c5b94,1,1.9,25.67,25.68,15.28,15.3,0,0
d9e93eae3b4a5235,1,2.47,28.51,28.51,20.23,20.24,0,0
b5b0ab149f9055db,1,1.75,17.2,22.06,9.13,9.13,0,0
7dd9388d605c50a1,1,9.03,52.12,52.54,36.75,37.01,0,1
72720a5350e75184,1,9.14,52.58,52.8,36.89,37.03,0,1
0d8754f6d53d5968,1,2.03,26.27,26.27,9.3,9.3,0,0
ec02f065af405039,1,1.53,23.81,23.81,11.33,11.33,0,0
5b3db54a43ca52ed,1,1.38,23.04,23.04,11.58,11.58,0,0
c6cef2558e365e85,1,1.65,24.39,24.39,15.72,15.72,0,0
3b3f3faf6778593f,1,2.31,27.64,27.65,19.04,19.05,0,0
bf00c76f25185b83,1,1.4,19.83,19.89,9.58,9.59,0,0
498c6f15e5c856bb,1,7.43,43.11,43.11,22.46,22.46,0,1
580524859b485a1b,1,7.32,42.23,42.23,20.59,20.59,0,1
81b8a8b98a655f0f,1,5.73,40.89,40.89,9.29,9.29,0,1
a806a92596d6570b,1,4.82,38.44,38.45,5.92,5.93,0,1
3bf2974c80c55503,1,0.64,18.27,18.29,0.24,0.24,0,0
caee3d86c00351e6,1,0.16,17.78,17.81,10.01,10.01,0,0
7d40448fd04e5e28,1,0.04,17.65,17.67,10.06,10.06,0,0
2cc43d98cfa55ab6,1,0.05,17.73,17.73,12.43,12.43,0,0
351f4333f34258b6,1,7.85,33.23,33.51,23.14,23.14,0,1
78e8eab14d8e5d65,1,7.7,30.87,31.83,23.38,23.38,0,0
3741be84f7c15b5a,1,7.55,28.1,29.78,22.84,22.87,0,0
49f37d1d50ef5873,1,7.37,22.82,23.41,19.12,19.15,0,0
5c084920ee285003,1,7.06,19.65,26.7,17.32,17.46,0,0
f2592c08589e5398,1,6.63,16.25,26.59,14.97,15.31,0,0
7e052b9f5ca25531,1,6.11,13.15,27.03,4.15,4.15,0,0
2ad17379a25d55d9,1,5.53,11.25,19.28,4.13,4.16,0,0
128ea9f2561d53d1,1,8.0,11.08,11.11,21.05,21.05,0,0
cd67b6a868ed5745,1,7.49,16.37,16.38,18.77,18.77,0,0
d68e0b255e055d35,1,6.88,10.62,10.65,16.76,16.76,0,0
7d1fdeb7e341522d,1,6.21,6.89,6.93,13.95,13.95,0,0
f264f464b21753de,1,5.44,14.89,14.89,10.5,10.5,0,0
68bbcb5f42845480,1,4.59,12.08,12.08,7.99,7.99,0,0
29b743b5bdd1527e,1,3.66,9.88,9.88,5.46,5.46,0,0
7d368be282b85528,1,2.95,8.27,8.27,4.46,4.46,0,0
dc2675fb11d6540d,1,7.19,47.91,48.15,28.07,28.13,0,1
f742c7490c2d5b98,1,7.5,48.97,49.07,27.65,27.67,0,1
597d1cf34bcc5e53,1,7.73,49.62,49.69,32.67,32.69,0,1
3380d56c05ba594b,1,9.06,52.66,52.71,33.4,33.4,0,1
8dc7d00ce175549d,1,8.98,41.6,41.61,33.31,33.31,0,1
e1cb9d3c53135bfa,1,8.84,47.19,47.21,33.34,33.34,0,1
ef16f9855fe95fda,1,8.18,43.27,44.63,25.63,25.63,0,1
d66a4334c9625c4a,1,8.03,38.4,39.64,25.28,25.28,0,1
b42ed6a1fecd5e91,1,13.69,67.0,67.04,50.0,50.01,1,1
9e991901a49a55ea,1,13.65,49.09,49.09,50.13,50.14,0,1
198bc5f3280e52cd,1,13.56,45.77,45.79,42.23,42.24,0,1
5230f4ecc5e054f5,1,13.16,46.57,46.58,39.22,39.24,0,1
388181311ef25756,1,12.47,49.5,49.51,18.81,18.82,0,1
0854af027e06530a,1,9.02,41.68,41.9,27.96,27.96,0,1
ab40048b88b257c3,1,8.86,36.08,36.22,28.13,28.13,0,1
61a236d173ef5055,1,8.77,34.64,34.65,28.31,28.32,0,1
4104fd0bb7845b56,1,1.72,19.77,20.14,9.8,9.81,0,0
9bb20085732d5f8d,1,3.17,20.82,21.7,17.01,17.56,0,0
92ebb72e83325bb1,1,3.65,18.11,18.39,19.55,20.01,0,0
18649e595e7b51ab,1,4.11,16.08,16.25,21.77,21.95,0,0
75a76122cf43569e,1,6.53,45.82,45.99,23.62,23.63,0,1
353988b87d995f68,1,6.63,46.17,46.37,26.14,26.16,0,1
c484b85e7b07535c,1,6.78,46.62,46.84,28.03,28.09,0,1
3bdecfdccc335eda,1,6.99,47.3,47.53,29.84,29.91,0,1
795d49f6b8ec5f69,1,2.56,7.08,7.09,4.47,4.47,0,0
08c1c8fbe5435208,1,2.36,6.06,6.07,3.73,3.73,0,0
a8df71513975500b,1,2.28,5.0,5.0,3.35,3.35,0,0
55bc862799d350f9,1,2.05,1.97,2.1,1.6,1.6,0,0
911993e744795177,1,1.58,1.12,1.34,1.0,1.01,0,0
b5b7e0338624532b,1,1.23,0.49,0.88,1.03,1.04,0,0
86877e183c4e5864,1,0.84,0.19,0.75,0.16,0.18,0,0
e2fe44045eac5b89,1,0.07,7.93,7.93,9.41,9.41,0,0
cdb932bd30715a52,1,2.0,5.26,5.33,3.37,3.38,0,0
af5f095a4d815525,1,1.86,2.51,2.51,1.41,1.41,0,0
7daa0ad6ca5356fc,1,1.44,2.29,2.29,0.97,0.97,0,0
3c542be991515ccd,1,7.41,47.59,50.89,29.23,29.75,0,1
e1b3e5e086a05ff9,1,7.64,39.95,41.72,25.06,25.38,0,1
deb63152bd9453e0,1,7.67,51.07,53.31,25.67,26.29,0,1
c766d336f81858c5,1,7.61,18.47,18.69,25.92,26.37,0,0
1b439c269a83590c,1,7.72,30.25,30.57,29.72,30.02,0,0
fc0fc7649a335d27,1,6.71,16.33,16.34,17.19,17.19,0,0
b470096ee3425c5a,1,6.28,13.31,13.37,13.76,13.76,0,0
a8ee480d197e56dd,1,5.67,10.63,10.7,11.58,11.59,0,0
aab44cff9f3552b1,1,4.98,8.12,8.21,8.47,8.47,0,0
84431cd14c765efc,1,4.3,6.04,6.16,7.21,7.21,0,0
557fe4dc6b2a5c76,1,3.68,4.21,4.37,5.9,5.9,0,0
03eef9b11774564f,1,2.43,1.31,1.32,2.0,2.0,0,0
0a21cbc65e5b514f,1,8.04,45.35,45.35,27.94,27.95,0,1
566f63e4108c5d48,1,7.23,36.36,36.4,19.44,19.44,0,1
4c684da98f405857,1,7.25,33.48,33.49,21.38,21.42,0,1
8b1193abd0b75de0,1,7.18,31.86,31.87,21.97,22.01,0,0
7022b42a3743507a,1,6.78,26.1,26.23,16.28,16.28,0,0
43ce8a5ddf8f5541,1,6.63,23.55,23.72,12.37,12.37,0,0
4d718caa6ebc5b37,1,6.46,38.72,38.81,3.94,3.94,0,1
1615cf8bd43759c2,1,6.27,37.27,37.37,8.57,8.57,0,1
c6281b21b9015448,1,0.0,17.63,17.63,11.88,11.88,0,0
a584a676d2b859c7,1,3.91,10.3,11.5,3.46,3.51,0,0
b42af31e8e9b596d,1,3.75,10.29,11.3,3.36,3.4,0,0
778dc72ff2ec5e94,1,3.57,10.36,11.16,3.39,3.43,0,0
604f30d83d8652ae,1,3.63,10.48,11.06,13.72,15.95,0,0
ffb972d89b065422,1,3.76,10.57,10.94,15.09,16.64,0,0
013fbdcd9db35b43,1,3.87,10.64,10.86,15.44,16.21,0,0
13bae3f5ab31581d,1,3.84,10.72,10.86,13.9,14.97,0,0
0c86ab0f851559e8,1,3.76,11.11,12.04,12.83,12.96,0,0
467a4f14137a5910,1,4.75,23.83,37.85,16.69,22.44,0,0
1b613bcca44b5b29,1,5.06,28.81,39.82,17.17,21.23,0,0
bf929b24f13b5c37,1,5.18,33.28,40.78,11.49,12.54,0,1
7320f05fb6675c76,1,5.26,37.22,41.32,6.64,6.85,0,1
0000548db87959c2,1,5.43,41.57,41.93,23.82,23.97,0,1
bf4c97f6024b5029,1,0.0,13.12,13.3,5.67,5.69,0,0
7cc683dca0155801,1,0.03,16.25,16.4,9.21,9.24,0,0
290091fca02b5939,1,0.03,17.65,17.79,9.24,9.26,0,0
308e246a1d995edd,1,6.4,28.57,33.89,21.95,25.3,0,0
1eade5af9ee65696,1,6.68,36.7,37.71,27.79,28.59,0,1
66908680155c550a,1,6.78,38.27,38.56,27.43,27.64,0,1
ff94ab2c81a25745,1,10.78,58.1,58.1,34.28,34.28,0,1
7240e214b6bc5b44,1,10.63,57.25,57.25,34.32,34.32,0,1
bd4dcb8371d85f1d,1,10.48,54.39,54.41,31.89,31.89,0,1
e1d5cb7ac38f5038,1,10.25,47.73,47.74,31.71,31.71,0,1
8486dcafaee75d76,1,9.96,44.56,44.57,31.51,31.51,0,1
17c882b28a195c3d,1,2.42,11.85,24.33,11.76,15.1,0,0
a4fb656f624e5458,1,2.99,12.47,27.52,11.55,15.16,0,0
a547f498303e5b17,1,3.49,14.52,30.61,11.47,16.27,0,0
22dde440a0c35d31,1,3.85,18.38,33.15,11.94,16.43,0,0
134b10cfe7e753e6,1,4.14,23.49,35.23,7.5,8.34,0,0
c772799eaf1f5ad1,1,4.35,28.89,36.78,18.7,22.09,0,0
a9f639a57ac75fa5,1,4.53,33.6,37.49,20.95,22.74,0,1
92079b2eb4675c0d,1,4.73,37.01,38.7,22.82,23.66,0,1
bfcbb192c11b5736,1,0.44,18.41,18.53,11.94,11.98,0,0
dce07c446c7955aa,1,1.33,22.81,22.86,18.56,18.6,0,0
fb43d35afc375bb2,1,2.31,27.7,27.7,23.73,23.74,0,0
f820630d5f0a50ed,1,7.79,38.88,38.89,26.16,26.17,0,1
7fa739c174a55eaa,1,7.61,33.77,33.78,23.5,23.5,0,1
7984326209765d68,1,7.44,29.33,29.33,21.57,21.57,0,0
b8873bb7c3f35d15,1,7.29,24.26,24.27,20.65,20.66,0,0
b0a3bbfe213a507b,1,6.98,21.33,21.33,17.5,17.5,0,0
a3882e6ae8635832,1,1.3,16.44,20.55,8.87,8.87,0,0
4bc95052d6d8547e,1,1.22,15.87,20.21,11.55,11.55,0,0
107e89e927fa571a,1,1.6,15.29,21.44,15.86,15.86,0,0
43a759f57b1d51e4,1,2.16,14.49,23.59,18.05,18.05,0,0
a4581d8af5f755a9,1,2.77,13.93,26.42,13.38,17.08,0,0
695d7450eb3958c1,1,3.33,14.4,29.35,13.21,17.1,0,0
e17906596dab5e6c,1,3.83,16.43,32.26,14.14,19.66,0,0
c87dc623a8b3564d,1,4.3,19.36,35.12,15.04,19.94,0,0
99c561c0507851d8,1,6.51,18.38,18.39,15.58,15.58,0,0
dd9750d89740502d,1,6.06,15.4,15.41,13.85,13.85,0,0
8c36f77fe7215dd7,1,5.63,13.09,13.09,11.56,11.56,0,0
79bba6381fb85a36,1,5.09,10.62,10.62,8.65,8.65,0,0
f534c8da0962552c,1,4.47,8.47,8.47,6.3,6.3,0,0
6c62867b6d7a51fa,1,3.84,6.55,6.62,4.97,4.97,0,0
4e5b53cea7145f00,1,3.14,4.93,5.02,3.49,3.49,0,0
9d72593884a757a3,1,0.5,6.93,7.01,5.47,5.47,0,0
0dc3dee5c8815a90,1,1.0,15.55,15.55,10.8,10.8,0,0
f6f14df95f6c52af,1,5.83,20.28,32.02,19.12,19.14,0,0
4581d95a873c5679,1,6.05,22.82,31.44,14.93,16.49,0,0
2223b290d60556d5,1,6.1,24.49,31.68,11.94,12.25,0,0
a25c025ea58d5409,1,6.83,36.8,36.97,22.09,22.12,0,1
1c77ba7488d35c52,1,7.09,37.86,38.11,9.32,9.39,0,1
522894525b4e5168,1,7.14,37.66,37.79,16.02,16.04,0,1
df3b1f0f39625162,1,7.18,37.06,37.14,21.54,21.56,0,1
e10bd715492150e3,1,3.31,8.85,26.26,14.17,14.19,0,0
2497e961a13e50f8,1,3.52,10.51,23.92,14.9,15.35,0,0
b77b4b6eb149553f,1,4.45,23.18,24.36,17.51,18.09,0,0
f5af188b17e85ef0,1,4.87,20.34,20.73,21.9,22.22,0,0
6aa2d225dc0d5b6e,1,5.3,9.56,9.83,24.88,25.08,0,0
6b8774b008675f8d,1,5.68,42.81,42.93,27.03,27.12,0,1
dee99345e2015845,1,3.76,16.01,30.58,15.97,21.41,0,0
ee4ca385da5d5778,1,4.3,16.78,33.54,15.66,21.2,0,0
8fb11d5808355072,1,9.53,41.03,41.04,26.98,26.98,0,1
495a149c042a5636,1,8.91,36.23,36.23,22.46,22.46,0,1
a708f8c8db805496,1,8.09,30.13,30.15,18.07,18.07,0,0
f512480c969a5eab,1,7.22,23.89,23.91,13.4,13.4,0,0
76b4369e21a15a7a,1,6.28,18.45,18.48,10.35,10.35,0,0
0c5365f52bac5785,1,5.22,14.73,14.75,6.17,6.17,0,0
9a89dccc70835d69,1,4.27,11.67,11.7,4.98,4.98,0,0
609d74e2399c53ad,1,3.51,9.76,9.8,3.86,3.86,0,0
1ad3e9d726b35d0e,1,3.85,11.63,11.73,14.28,14.71,0,0
980f649f5cef5434,1,3.95,11.61,11.73,14.47,15.01,0,0
b5b46d4db32a5d8c,1,3.98,12.65,12.92,12.68,12.91,0,0
f51f9c282b9a54aa,1,4.03,11.75,11.8,14.73,14.78,0,0
4334739a7f4e554e,1,4.03,11.73,11.78,14.28,14.34,0,0
4314c162a57f568e,1,2.12,8.98,8.98,5.41,5.41,0,0
740f68663d3255e1,1,2.08,6.82,6.82,5.08,5.09,0,0
4c111cf640f258b4,1,2.05,6.21,6.28,3.52,3.52,0,0
23d647e77f2d515e,1,1.73,24.06,24.77,7.38,7.42,0,0
ac019d81388056be,1,1.49,22.97,23.58,11.32,11.43,0,0
64b6d412bf15576e,1,1.57,23.63,24.01,13.22,13.41,0,0
2f7f6af0b98354be,1,2.11,26.29,26.67,14.9,15.09,0,0
b474c79361415cb0,1,2.89,15.08,25.01,6.89,6.89,0,0
68ba851239655c3a,1,2.06,13.82,21.69,10.15,10.8,0,0
fd7c51a15e5b54a6,1,1.79,12.96,21.02,16.2,16.21,0,0
b441db826d515eb7,1,1.92,12.3,21.8,11.87,14.19,0,0
450d66ced3175d35,1,8.11,30.88,30.89,23.3,23.3,0,0
9a24a904a324581d,1,7.92,27.92,27.94,22.79,22.79,0,0
9195f25b12bd56d9,1,6.55,27.39,27.43,17.79,17.82,0,0
5b834475a09a531c,1,6.4,25.02,25.04,17.78,17.8,0,0
1b056ac7f7995a8a,1,6.19,22.54,22.55,15.81,15.82,0,0
c8f1cf1b119f5afe,1,5.81,20.06,20.06,14.4,14.4,0,0
8673d97f94ae5700,1,5.37,17.67,17.67,12.71,12.71,0,0
e99ca54f8f4d585f,1,4.94,15.44,15.44,10.74,10.74,0,0
2d0334f7e7d75853,1,0.51,5.71,5.79,4.74,4.74,0,0
77f11643ced5562a,1,0.75,8.61,8.62,2.19,2.19,0,0
cd1304eac1a25f00,1,0.76,11.73,11.74,4.97,4.97,0,0
4749d401a5a95254,1,0.81,17.3,17.54,9.2,9.2,0,0
a75e220cee925c10,1,1.05,18.18,18.71,13.68,13.7,0,0
868e70f831cb551c,1,1.53,19.98,20.63,13.29,13.37,0,0
5a0b3bf9218f56a2,1,2.3,10.12,10.13,11.29,11.3,0,0
d4af857a65825fc1,1,4.19,14.37,27.06,12.98,19.08,0,0
a1d40a879acc5165,1,2.58,4.9,4.9,3.02,3.02,0,0
aefbf6f8b9fe5824,1,2.23,3.72,3.72,1.98,1.98,0,0
bc8d053770cf5449,1,1.8,2.56,2.56,0.91,0.91,0,0
bd2591ae189c5a38,1,1.22,1.85,1.85,0.47,0.47,0,0
b664ff6d2c185e31,1,0.64,1.47,1.47,0.07,0.09,0,0
65fc12f7836f58ed,1,0.01,9.26,9.26,8.04,8.04,0,0
c84b4ca798ca563a,1,0.03,11.73,11.73,9.98,9.98,0,0
9bafc41b5ee0547c,1,0.3,13.48,13.48,12.09,12.09,0,0
ecdc079932755e4e,1,5.75,19.32,19.32,17.07,17.07,0,0
938b4978b8da5a08,1,5.59,15.18,15.21,14.15,14.15,0,0
7178178922315ef7,1,5.38,8.88,8.88,13.2,13.2,0,0
ed105c47e38b55e4,1,5.17,9.26,9.26,11.42,11.42,0,0
a44bb178ec7d5c6a,1,4.83,11.28,11.28,8.8,8.81,0,0
e2e83df1a791542b,1,4.27,9.07,9.07,7.3,7.3,0,0
1d7a96e116735b6c,1,3.65,7.63,7.63,5.01,5.01,0,0
04e3f71d6bc15d1e,1,3.03,6.31,6.31,3.65,3.65,0,0
33f9db8342475213,1,4.67,19.18,35.9,16.56,22.89,0,0
39108eefc8e95e0e,1,4.98,22.83,38.01,17.07,23.01,0,0
c9c4bcd94e755b0f,1,5.32,28.11,40.12,19.7,24.5,0,0
ed9a6ef4e38b58ec,1,5.69,33.62,42.11,22.72,26.52,0,1
7e238e859ebb5720,1,6.08,38.53,43.99,25.42,27.97,0,1
87929fb304eb5bcc,1,6.5,42.69,45.34,28.66,30.07,0,1
6828c3caaaca56e1,1,6.95,45.96,47.16,31.56,32.15,0,1
aaf1c9da44cb567b,1,8.31,33.74,33.74,25.53,25.53,0,1
6e778c30490d5f50,1,0.0,12.1,13.14,5.57,5.64,0,0
e11091e5742d545b,1,0.0,14.15,15.45,5.59,5.67,0,0
f6c528f78bdf593c,1,0.03,15.19,17.13,5.63,5.72,0,0
53834451cfa75fd0,1,0.04,14.75,16.11,8.36,8.57,0,0
159ec1accaf55d3f,1,0.49,15.93,16.85,11.27,11.55,0,0
69e3344606a55c73,1,1.19,18.24,19.3,13.23,13.5,0,0
f5d8dc03a0555cdc,1,2.01,20.23,20.62,17.22,17.51,0,0
2dad1998a320527d,1,5.87,22.82,22.85,17.13,17.13,0,0
b7e61e7b15265bb9,1,7.91,44.39,44.39,27.83,27.83,0,1
f874757c4b46591b,1,7.78,26.89,26.91,26.06,26.06,0,0
3a2616c871335ef4,1,7.64,25.71,25.71,25.5,25.51,0,0
6f1be4d182475bc8,1,4.77,9.67,9.67,18.22,18.29,0,0
e5e1dbb69578517b,1,4.92,15.92,27.64,15.99,16.0,0,0
737920796b595b0f,1,4.99,14.21,30.44,14.37,16.04,0,0
e51779c52d7956bd,1,4.86,12.42,14.49,12.74,17.11,0,0
230b5f3fb3f157fe,1,4.56,12.19,14.27,11.44,14.5,0,0
87a1c55863135418,1,0.49,12.45,12.55,10.01,10.01,0,0
47da19c4edbe5b95,1,1.86,14.27,20.11,6.87,6.87,0,0
b1b21ee9179a5fd8,1,1.49,13.92,19.06,6.71,6.72,0,0
c227b95266d75371,1,1.34,13.38,18.55,6.72,6.76,0,0
436728a1202a5ae6,1,1.44,12.55,18.63,13.11,13.11,0,0
378f82a326bd5875,1,1.9,11.04,19.94,15.22,15.24,0,0
ad34e2d0d3865530,1,2.43,9.29,22.05,16.95,16.98,0,0
6c9e40634f705f56,1,2.94,8.64,21.68,14.71,14.73,0,0
8926a4661fd05f7e,1,4.53,15.95,30.23,14.52,20.16,0,0
1f7588f60e8d5ff2,1,4.78,19.68,32.65,16.0,21.03,0,0
f1b71a95642b5da2,1,4.98,25.38,36.68,19.41,24.06,0,0
bd35995b3dcb53e8,1,5.19,31.06,38.36,20.79,24.76,0,0
bb0d850edd125bbe,1,5.35,36.5,40.18,20.41,22.24,0,1
4dbe96a8a7be58dc,1,5.36,39.16,40.53,21.28,21.93,0,1
8153e70fc0545d5a,1,5.34,40.04,40.44,22.12,22.29,0,1
a44db880afe95be7,1,2.13,25.92,26.76,7.25,7.28,0,0
a159a54ad01d5f4f,1,4.51,13.36,13.36,10.14,10.14,0,0
1c2170ed2977545e,1,4.09,11.42,11.42,7.65,7.65,0,0
51ed8d0e57055ed3,1,3.6,9.68,9.68,6.42,6.42,0,0
094846d2fa755e29,1,3.09,7.95,7.95,5.23,5.23,0,0
656d501570ce5e54,1,2.54,6.77,6.82,3.96,3.96,0,0
432dcd9a21c25043,1,1.97,5.83,5.83,1.85,1.86,0,0
d61ed977dd8a5197,1,1.5,5.05,5.05,1.57,1.57,0,0
1753feeb7c0e552c,1,1.19,4.38,4.38,1.49,1.49,0,0
8a88b869e2ca552d,1,1.46,17.17,17.18,13.65,13.65,0,0
d398c8ceafe050be,1,12.47,65.07,65.13,49.19,49.2,1,1
616382bea2ff5853,1,12.66,66.22,66.27,49.25,49.26,1,1
85159c024a355d8d,1,12.73,67.18,67.19,42.74,42.74,1,1
947829285f5d5526,1,12.95,68.03,68.04,49.12,49.12,1,1
d39ff27c54d55ef1,1,13.18,68.78,68.78,49.11,49.11,1,1
1719439969a55cc6,1,13.37,69.95,69.95,49.23,49.23,1,1
a0c719046be7530e,1,13.36,70.32,70.32,49.18,49.18,1,1
52ab5e0a4e075cad,1,8.08,55.52,55.62,35.93,36.0,0,1
8b83388ca9005cf1,1,8.25,56.28,56.37,36.1,36.17,0,1
444d8e18dcce5e49,1,8.39,56.9,56.98,36.03,36.1,0,1
773005dea0fc53ab,1,8.49,57.36,57.48,35.94,36.0,0,1
91c7e207e3395557,1,8.58,57.74,57.85,36.11,36.17,0,1
6074e965781b510e,1,8.64,31.38,31.41,35.97,36.03,0,0
82bebb2c1ca55736,1,8.68,44.54,44.59,35.97,36.0,0,1
f205c912572b559e,1,8.7,58.27,58.3,33.51,33.52,0,1
3efebf87894a552e,1,0.01,17.67,17.68,7.75,7.75,0,0
afe2240435575a92,1,0.06,17.79,17.79,12.0,12.0,0,0
604bdac2bba05309,1,0.47,18.5,18.5,12.04,12.04,0,0
ef81756601bc569f,1,1.16,21.95,21.96,10.84,10.84,0,0
bc91cb648d525c6c,1,1.88,25.53,25.54,14.01,14.01,0,0
103c3ee1db23521d,1,2.54,28.87,28.88,13.78,13.78,0,0
ae06592110305073,1,3.15,31.9,31.91,20.61,20.63,0,0
0a746c037a905da7,1,3.69,34.6,34.61,20.16,20.17,0,1
97c8e9ca10ba5a69,1,2.98,9.11,9.15,3.42,3.42,0,0
a161122c95815233,1,2.43,7.93,7.98,2.98,2.98,0,0
df044fb9c65c5d52,1,1.31,7.39,7.48,1.31,1.31,0,0
bc427a4503535af2,1,0.03,7.54,7.59,3.42,3.42,0,0
eb822e0610545fd6,1,0.16,8.08,8.12,3.27,3.27,0,0
54e57dfcbf295398,1,0.49,7.81,7.86,4.36,4.36,0,0
71adcc94aa6856a6,1,0.75,7.8,7.84,4.11,4.11,0,0
608f33b279a15cfc,1,1.3,14.4,14.4,11.22,11.22,0,0
a3df0f8925b251e0,1,0.85,9.89,9.92,9.72,9.72,0,0
0fcb8c19983c51b6,1,6.14,46.58,46.64,27.82,27.83,0,1
6c1a4bb1d99b52a3,1,6.52,48.41,48.49,26.91,26.93,0,1
a45b1d5e36b35909,1,6.87,50.01,50.12,32.93,32.96,0,1
02e3c13aa3975b02,1,7.19,51.47,51.6,32.93,32.98,0,1
1f174dcc44335ad6,1,7.44,52.6,52.76,33.08,33.14,0,1
d74f4eda6af854c4,1,7.66,53.61,53.76,32.91,32.98,0,1
cc2ab80d336a56e0,1,7.88,54.62,54.75,32.95,33.02,0,1
028613e11f415422,1,4.26,9.05,9.07,6.08,6.08,0,0
173b456bbf29598f,1,3.55,7.38,7.41,3.87,3.87,0,0
0cb87152ed5e5ca1,1,2.88,5.84,5.88,3.33,3.33,0,0
2ca33fd04f805478,1,2.32,1.03,1.09,2.1,2.1,0,0
0eb72de48c875897,1,1.85,0.69,0.78,1.15,1.16,0,0
db4f9f954c2e597f,1,1.43,0.43,0.59,0.88,0.89,0,0
36e1ce5794595e73,1,1.02,0.25,0.49,0.42,0.43,0,0
225eb6e22af55972,1,0.44,6.6,6.63,4.74,4.74,0,0
e7b780eed68e5ce3,1,0.89,9.15,9.6,10.04,10.87,0,0
eee59dd716c05e1b,1,2.97,12.09,18.86,9.16,11.36,0,0
4014296da6f75079,1,3.41,20.25,21.11,19.39,19.84,0,0
50a0fd7b031e5ca6,1,1.31,17.71,17.71,4.62,4.62,0,0
fc0d202904585a6a,1,1.28,17.65,17.65,7.06,7.06,0,0
6cf6aa937d7c5c71,1,1.31,17.72,17.72,5.02,5.02,0,0
a0e088521cf1547d,1,1.49,18.16,18.16,8.64,8.64,0,0
87614ec5f3da5f4a,1,1.6,18.41,18.41,7.36,7.36,0,0
ae2c1faedb3356f9,1,4.65,32.02,37.99,16.03,17.43,0,1
af94f29d37e55b02,1,4.74,34.55,38.77,21.98,22.77,0,1
a65896c3c7be51ca,1,4.9,37.16,39.71,13.0,13.39,0,1
ccfe1da323ed53a9,1,4.42,33.15,36.64,16.23,16.94,0,1
9baf79c0513b5228,1,4.46,34.14,37.19,16.33,17.03,0,1
6361bbead79c5ac2,1,4.56,35.54,38.05,16.62,17.24,0,1
39bbb12794ca56a3,1,4.76,46.4,49.08,19.47,20.14,0,1
043524c9126f5893,1,4.97,46.31,47.85,22.64,23.18,0,1
da2fb85306b2560c,1,7.85,53.77,54.39,26.05,26.12,0,1
b2fb8aee62dc5b09,1,7.72,50.52,51.06,24.47,24.55,0,1
3c8a95ec33f45af6,1,7.21,42.42,46.0,26.03,26.04,0,1
2371a65f76025bfd,1,7.13,40.35,47.36,23.04,23.06,0,1
4ddab8ee947255d9,1,6.99,35.85,44.05,21.25,21.29,0,1
25e9d76574075cee,1,6.82,31.12,41.56,20.5,20.6,0,0
8cec7d21f7dc540b,1,6.64,27.44,40.52,19.03,19.24,0,0
1ebd95c73644569f,1,6.46,24.28,39.81,18.74,19.16,0,0
1665bb5ab9d55dca,1,6.25,22.01,39.41,15.93,16.36,0,0
0614c017a1f65b80,1,6.04,20.59,39.29,15.09,15.79,0,0
7b4383b378035cb7,1,5.83,20.42,34.97,14.67,15.73,0,0
5f859ab2a2205477,1,5.58,21.89,41.08,16.99,19.04,0,0
b41e61d24f915d6f,1,5.31,19.9,27.67,16.81,19.03,0,0
afb6f330e8665731,1,5.03,24.29,38.43,6.19,6.34,0,0
409711b03072566a,1,4.62,27.63,37.59,16.23,17.31,0,0
33cef4cafef9503b,1,4.61,29.57,37.99,17.05,18.89,0,0
432598c0bda65445,1,4.2,37.13,37.14,20.0,20.01,0,1
0ba54149d1575f95,1,2.28,27.55,27.56,19.9,19.91,0,0
af5ebe3ccf8f50ed,1,7.27,45.75,45.76,17.33,17.33,0,1
8a17d8a06b425d2d,1,6.75,43.84,43.84,17.4,17.4,0,1
c5b7c7d45f1d5ac1,1,6.17,12.98,13.01,13.5,13.5,0,0
c3d5c730ba905b86,1,2.64,1.06,1.32,11.99,12.48,0,0
d4e9c2fa89c55897,1,2.94,0.94,1.81,12.01,12.52,0,0
0d2403a8031f540c,1,3.22,0.98,2.48,12.07,12.52,0,0
0a2b9bb1214f5e2f,1,8.72,58.39,58.41,33.35,33.35,0,1
42eef0001e6c5498,1,8.85,58.37,58.59,30.31,30.31,0,1
3ec3d2ab34f756e6,1,8.71,57.69,57.99,30.27,30.27,0,1
b7c1448b395e56c6,1,8.57,57.0,57.38,27.56,27.57,0,1
37a8f4466b8b5110,1,8.45,56.36,56.85,25.78,25.79,0,1
9d7108a109a2571f,1,8.31,55.64,56.25,23.12,23.13,0,1
d5fc95fa66025d7a,1,8.15,54.93,55.59,28.46,28.5,0,1
8ec53979117552c7,1,7.98,54.29,54.91,26.58,26.62,0,1
6225b347244658c1,1,0.54,11.53,15.54,7.25,8.12,0,0
61e3a4acbdf55ffe,1,0.64,11.58,15.81,7.24,8.2,0,0
0dc4e0a3f0195741,1,0.75,11.64,16.11,7.41,8.62,0,0
6881586931a25031,1,1.04,11.86,16.85,7.52,8.93,0,0
eb19160d56255b73,1,1.42,12.26,17.7,8.47,10.88,0,0
ffb2d865d42e57c0,1,1.81,12.89,18.56,9.77,13.17,0,0
d44241b93dc95d36,1,2.25,13.86,19.45,10.0,13.41,0,0
14c2bb3737ab519c,1,4.27,21.53,21.53,9.2,9.2,0,0
7fcd3691c57b5f49,1,11.86,62.64,62.81,39.92,39.94,0,1
e18ca78f3c5f5a04,1,11.9,48.9,48.99,39.92,39.94,0,1
e7d1f889fc4d5309,1,11.8,48.16,48.24,44.66,44.69,0,1
97fcdcd35af7563b,1,11.66,47.72,47.79,40.09,40.11,0,1
61232ab3e2085282,1,11.46,47.44,47.45,38.12,38.14,0,1
e83be8437b0c5862,1,9.12,37.06,37.34,27.9,27.92,0,1
785a51e5263b5bec,1,9.0,48.82,49.01,27.46,27.51,0,1
f962927ff5dc518c,1,8.85,46.82,46.93,27.12,27.18,0,1
c0ccba48004c5eba,1,0.01,8.92,8.97,5.2,5.21,0,0
74da64c81fe1552e,1,0.04,9.23,9.28,6.57,6.57,0,0
8127022f9d745e8c,1,0.35,9.41,9.41,10.75,10.76,0,0
48f9e483baaf58a0,1,0.1,8.68,8.94,3.81,3.81,0,0
eea2ca9965e35b7a,1,0.01,8.62,8.86,3.8,3.8,0,0
a1ff2db262ab5db7,1,0.01,8.63,8.87,3.86,3.86,0,0
de85008572b15018,1,0.02,8.65,8.9,7.57,7.64,0,0
bae48b8677205cad,1,0.15,8.72,8.98,9.86,10.38,0,0
274fc7077c1b55d4,1,5.5,22.04,22.39,24.73,25.14,0,0
fe800ded24045b44,1,7.42,36.93,37.09,28.23,28.26,0,1
642ba15d21c05f4e,1,7.56,36.32,36.55,25.51,25.6,0,1
9d87610ffed85509,1,7.62,36.16,36.39,25.17,25.25,0,1
b204289cd95c59b5,1,7.5,35.97,36.11,16.09,16.1,0,1
2aa9dce62cd75fce,1,7.3,35.34,35.4,12.54,12.55,0,1
33b379cc74255b15,1,7.13,35.19,35.22,4.18,4.18,0,1
368cb65e8fef57b7,1,4.22,22.63,22.63,11.38,11.38,0,0
5395d42cc65e5c06,1,13.31,70.75,70.75,48.99,49.0,1,1
fa3c2377e39c52e3,1,13.16,70.53,70.53,49.48,49.48,1,1
68ba9a9b2d6f572d,1,10.66,65.11,65.14,34.23,34.23,1,1
7d399fe8e4335fc3,1,10.49,61.9,61.99,34.93,34.94,0,1
8728071969cc5091,1,10.32,57.6,57.81,34.62,34.65,0,1
8c8694effde754e6,1,10.16,51.25,51.32,31.44,31.47,0,1
31cdd1b336305b1a,1,9.88,43.14,43.16,29.73,29.76,0,1
25f4a620bd5f51cc,1,9.34,43.26,44.25,27.11,27.13,0,1
067d731005885300,1,3.4,11.22,11.7,13.12,13.42,0,0
ed02d0df47ca55e7,1,3.46,11.27,11.74,13.13,13.42,0,0
673cfe7af7db5911,1,3.4,11.25,11.71,13.12,13.42,0,0
8b3423345f3657b0,1,3.56,11.39,11.73,12.95,13.18,0,0
5ae3a0ab54a950d7,1,3.6,11.4,11.74,12.81,13.02,0,0
8e0ecc2622425ef0,1,3.08,11.09,11.46,11.62,11.83,0,0
c50b9b8950ba5347,1,3.29,11.15,11.55,13.21,13.52,0,0
3e1dd9067b365a42,1,3.31,11.18,11.56,13.07,13.37,0,0
33b5a72931215b30,1,4.59,12.08,12.36,18.12,19.1,0,0
de28290571ec523a,1,4.72,12.23,12.45,17.97,18.92,0,0
10ffaee1fe81544d,1,4.79,12.3,12.45,18.95,19.42,0,0
74df9f9decc45b84,1,4.78,12.31,12.39,18.37,19.28,0,0
644b16fd65f956b8,1,5.53,21.3,22.5,22.4,23.38,0,0
fca1702dec8a50c6,1,5.53,21.25,22.49,21.85,22.77,0,0
59a1d448fbdf53f6,1,5.49,21.42,22.52,22.07,22.88,0,0
5b21d7acaa545a46,1,5.45,21.71,22.28,22.46,23.1,0,0
4b5f475a2afc5ed0,1,3.49,11.23,11.59,13.27,13.67,0,0
6303f880d5c05166,1,3.9,11.53,11.72,14.63,15.06,0,0
7dfe5f8b766b5893,1,3.9,11.2,11.72,13.98,14.79,0,0
33ee6f1f594d50ca,1,3.85,10.64,11.72,12.16,12.95,0,0
11482e143a4e5dec,1,1.81,10.76,10.81,10.11,10.15,0,0
2882be3ae16b50e3,1,2.34,11.03,11.04,11.57,11.59,0,0
46e5a6cf37de5493,1,2.49,10.93,11.0,8.85,8.86,0,0
aff4d44c562f5eef,1,1.94,2.59,2.63,1.61,1.61,0,0
aa2962e446b45e1f,1,1.74,18.72,18.72,13.45,13.45,0,0
a9853ab9c01c53d2,1,1.05,17.07,17.1,8.93,8.93,0,0
0561ac957ffc5c4f,1,0.85,16.52,16.55,9.32,9.32,0,0
0ffe6d569128598a,1,0.58,15.74,15.76,9.33,9.33,0,0
5cb9850a89b6578e,1,0.74,16.21,16.24,9.27,9.27,0,0
944fda18b9205994,1,1.1,17.19,17.22,16.06,16.08,0,0
fd3b8f88745c5c2d,1,7.84,21.14,21.14,22.79,22.79,0,0
02325da26296565c,1,7.86,24.48,24.48,22.57,22.57,0,0
96bf2644106456f6,1,7.24,23.09,23.09,16.73,16.73,0,0
9215555823945665,1,6.55,19.99,19.99,13.61,13.61,0,0
bcd26bf1bf055164,1,5.88,17.18,17.18,11.33,11.33,0,0
e5caf6d750415ee7,1,5.21,14.59,14.59,9.23,9.23,0,0
a59aff81f75759ff,1,4.57,12.35,12.35,7.18,7.18,0,0
3f664a7d5f5e5bba,1,3.95,9.63,9.64,5.56,5.56,0,0
b354451e4f8859f9,1,3.32,6.33,6.33,3.31,3.31,0,0
de31419c6502517b,1,2.68,4.98,4.98,2.23,2.23,0,0
a1665c3aeb8f551f,1,5.1,15.78,16.18,23.16,23.33,0,0
51d961409a285653,1,5.67,13.11,13.7,23.02,23.16,0,0
2d305230053e5e19,1,6.12,31.99,32.34,23.11,23.23,0,0
41d7b533797c5209,1,5.37,22.42,22.42,18.23,18.23,0,0
59e4fc5b37f55556,1,5.27,22.38,22.38,16.56,16.56,0,0
c4f21fef5b86535b,1,5.14,22.33,22.35,16.62,16.62,0,0
ac45c0d29f1e5d76,1,5.02,22.24,22.24,16.35,16.35,0,0
a41f538fa8e25be0,1,4.33,21.41,21.68,15.01,15.03,0,0
dcb8fbfc6c1d5fd6,1,4.32,12.03,12.04,11.51,11.52,0,0
a3a47ea11a5e5939,1,3.11,10.95,11.46,13.07,13.1,0,0
82cd122751085a80,1,3.3,10.68,11.58,14.89,15.25,0,0
d715fbc6ea0551f8,1,3.51,10.35,11.74,13.16,13.49,0,0
4a919f7ea2f65200,1,3.7,10.07,11.95,12.65,13.31,0,0
cc6022c226c15d80,1,3.69,9.98,12.09,12.33,12.92,0,0
9a23e7bc52e657c3,1,3.61,10.3,11.86,3.92,3.94,0,0
090af86f693c507b,1,0.01,8.38,8.55,3.09,3.09,0,0
e9d16ba0eb935220,1,2.57,7.27,7.27,3.79,3.79,0,0
597f506bb5fd5a83,1,1.5,5.37,5.37,1.17,1.17,0,0
9184d994aedd50b1,1,0.02,7.13,7.19,3.31,3.31,0,0
6afbce15383553d7,1,0.2,7.48,7.54,3.18,3.18,0,0
8a43e10749585b21,1,0.48,8.08,8.13,4.13,4.13,0,0
8b9aa871306555d0,1,0.72,9.63,9.67,4.45,4.45,0,0
e61cc4ac32d7538a,1,0.88,9.97,10.02,4.41,4.41,0,0
18375bbfe4c85ae3,1,0.0,8.5,9.51,3.12,3.13,0,0
8aaf40c869ca574f,1,8.69,43.53,43.56,25.27,25.31,0,1
e0388cc13b635cd7,1,8.51,39.28,39.28,22.84,22.86,0,1
14d112b14e9a5d5c,1,8.18,34.37,34.38,19.27,19.27,0,1
1b35b775c4a95647,1,7.82,27.25,27.25,19.2,19.21,0,0
33c925ac7b905e8f,1,7.51,17.5,17.5,17.44,17.44,0,0
2115792748a75f88,1,6.92,16.55,16.56,15.75,15.75,0,0
fae990c38c515aa9,1,6.19,24.21,25.32,12.65,12.65,0,0
026e7b1e0e335625,1,5.61,14.65,14.65,14.88,14.91,0,0
3e7237c8a7815648,1,2.01,10.09,11.74,6.19,6.32,0,0
77f9c895af8b59f3,1,1.53,9.83,11.41,1.76,1.77,0,0
3e09adf2d7055216,1,0.94,6.88,8.08,0.49,0.5,0,0
046cdc424d515ee1,1,0.03,8.46,9.88,5.01,5.07,0,0
dff44219172a5f99,1,0.07,8.5,9.93,7.57,7.74,0,0
43ef28a235035eac,1,0.38,8.71,10.12,8.81,9.04,0,0
58169843acb45a62,1,0.77,9.23,10.11,8.91,9.09,0,0
1ad96f74e72750db,1,1.12,9.75,10.56,10.71,10.97,0,0
6761ba552b3759fa,1,3.75,20.98,21.5,15.13,15.25,0,0
66f8bdd077ff5fc3,1,3.88,20.98,21.62,14.6,14.75,0,0
774ebe12eab151b6,1,3.93,21.06,21.72,14.44,14.65,0,0
722ed88251d25420,1,3.95,21.16,21.58,12.73,12.95,0,0
63873e2afca95e70,1,3.94,21.33,21.62,12.7,12.89,0,0
2aade0b3987d5366,1,4.28,21.18,21.63,12.91,12.92,0,0
25b719c231d85e56,1,4.49,21.5,23.24,16.07,18.43,0,0
23d71fb39b0456f5,1,4.57,19.28,21.67,17.65,18.84,0,0
8eae3eab30c95228,1,0.03,8.36,9.9,3.09,3.1,0,0
f2495a0cce605703,1,0.04,8.55,9.55,3.11,3.12,0,0
3bf245d895b25ec0,1,0.29,8.75,9.73,4.69,4.72,0,0
620a34ec02795768,1,0.75,9.12,10.6,6.08,6.18,0,0
3bd0bc4b1100504c,1,2.11,10.08,11.85,4.25,4.26,0,0
b5271c19eef859ed,1,2.37,9.99,11.98,4.06,4.08,0,0
50d6986491d3510a,1,2.4,10.09,11.61,3.01,3.02,0,0
1e78181bb1c150e4,1,2.26,10.03,11.72,10.67,11.31,0,0
b2c0a19be09f5b76,1,4.12,20.62,20.62,11.01,11.01,0,0
08b29b05bc4650f8,1,3.98,19.39,19.39,10.84,10.84,0,0
2025f4a272e15733,1,3.79,17.89,17.89,9.49,9.49,0,0
0f97d412a94255ac,1,3.55,16.11,16.11,8.0,8.0,0,0
571bb034360052d9,1,3.3,14.22,14.22,6.66,6.66,0,0
a8a10f07becb5a55,1,3.05,11.8,11.85,6.05,6.05,0,0
76ec850d346b5ca7,1,2.78,9.52,9.59,3.96,3.97,0,0
3a84cbdfcbf554a6,1,2.45,6.61,6.61,3.61,3.61,0,0
0d5496cc08dc50fe,1,2.04,4.58,4.58,2.23,2.23,0,0
8d83f07bed9d5f6a,1,1.6,3.74,3.75,1.0,1.01,0,0
c236972435215288,1,0.21,7.57,7.57,10.04,10.05,0,0
0af464147919575d,1,0.68,10.97,10.97,12.27,12.28,0,0
73e0459194ce577f,1,1.3,14.44,14.44,15.55,15.55,0,0
08b6a130aaa35629,1,3.6,24.43,24.45,24.9,24.96,0,0
6e821a856fe45177,1,4.36,26.45,26.5,25.89,25.99,0,0
8c1e2438ad5f514a,1,8.2,33.55,40.26,30.03,33.52,0,1
749ac04eaa475981,1,7.77,24.37,24.37,22.02,22.02,0,0
6732b99133eb5d36,1,7.54,20.73,20.73,18.82,18.82,0,0
fd9ae566c34f5acd,1,7.19,17.03,17.03,16.9,16.9,0,0
7d296a6ef0955155,1,6.69,15.79,15.79,14.55,14.55,0,0
f7c495f7030a5ac1,1,6.09,12.98,12.98,11.75,11.75,0,0
b38a9c035ce15dd5,1,5.37,10.2,10.2,9.5,9.5,0,0
d1af94a471135add,1,4.56,8.66,8.69,6.06,6.06,0,0
d31c6e5e85b95aea,1,3.63,6.65,6.65,3.6,3.6,0,0
8224a14715c2577b,1,9.18,58.61,58.8,21.63,21.74,0,1
a70f950103b558b9,1,9.04,57.53,57.85,30.45,30.52,0,1
ef35eef8e3ae56ef,1,8.87,42.4,43.54,22.54,22.74,0,1
8354786ba35c5440,1,8.55,42.01,43.31,15.59,15.78,0,1
7b22018666ac5b0e,1,8.15,29.0,30.22,17.53,19.31,0,0
7da863f64a5f5e90,1,7.82,29.98,30.87,16.45,21.87,0,0
602e1bc4f8575d4e,1,7.6,29.76,29.81,10.4,10.45,0,0
923e4fcf3daa57f8,1,7.45,18.15,18.15,12.33,12.33,0,0
94f5959417f75349,1,9.7,59.82,61.56,35.92,36.44,0,1
b20a2f0ea9135457,1,9.76,60.51,61.91,38.28,38.8,0,1
914113b241ca5e51,1,9.84,61.27,62.29,38.32,38.72,0,1
9e77d9cf35e05d55,1,9.93,62.03,62.72,38.81,39.09,0,1
62515ff6d52a5e89,1,10.06,62.87,63.27,38.65,38.82,0,1
c7cb2e43b2d053b7,1,4.77,33.88,38.54,21.45,23.91,0,1
28ecbec6051d5527,1,5.14,38.06,40.34,22.53,23.7,0,1
2034e8ae11cc594e,1,5.63,41.61,42.51,24.75,25.19,0,1
463c7c8c669d57cf,1,12.92,61.7,61.7,39.15,39.15,0,1
ef7822ee7fa35042,1,12.32,58.96,58.96,36.49,36.49,0,1
4b5fd21bc8bd5a8b,1,11.69,54.72,54.72,34.18,34.18,0,1
4543fc207fbb553e,1,11.03,50.92,50.92,31.71,31.71,0,1
9f97b9c20ffc50b5,1,10.31,46.99,46.99,28.09,28.09,0,1
552fd48bfce35a20,1,9.55,42.72,42.72,27.3,27.3,0,1
2b5dabfa534156c0,1,8.77,30.25,30.25,22.72,22.72,0,0
865033089cfd5288,1,7.99,26.64,26.64,18.67,18.67,0,0
7e5bb23808a850ca,1,3.58,11.29,11.67,12.57,13.1,0,0
c86e7d3c0dfb57bd,1,3.6,11.3,11.68,12.57,13.11,0,0
4655358777d95867,1,3.65,11.28,11.69,14.48,15.59,0,0
d45773d48e4f5fb7,1,3.71,11.29,11.72,14.44,15.58,0,0
81d893bd99de519b,1,3.76,11.32,11.76,14.33,15.51,0,0
153af25086535f35,1,3.83,11.37,11.82,14.39,15.55,0,0
dd9b1479609c5c59,1,4.33,11.79,12.17,5.27,8.82,0,0
4b563d8a22145ed6,1,4.47,11.95,12.29,17.94,18.98,0,0
2928cfbed3d15000,1,2.08,3.88,3.88,1.24,1.24,0,0
c5dfe79ae983556a,1,1.56,3.06,3.07,0.89,0.89,0,0
c8df3a922f9d5550,1,1.05,2.42,2.43,0.25,0.26,0,0
e16ed6e841ee58cd,1,0.03,7.38,7.38,10.46,10.46,0,0
d44e6abed19b5ba5,1,0.06,10.09,10.09,10.5,10.5,0,0
29efe3c61a4a580f,1,0.53,12.97,12.97,14.53,14.53,0,0
cf3b00d5d2b953d3,1,1.26,16.56,16.56,19.07,19.07,0,0
98017c16248a5f54,1,11.48,63.02,63.2,45.85,45.87,0,1
5491f2f619e25dfb,1,9.28,52.93,52.95,34.04,34.08,0,1
e8a004bfab7d5034,1,9.27,52.93,52.94,34.89,34.97,0,1
76f952632729540f,1,8.75,51.86,51.93,33.08,33.11,0,1
12d4637822bb5f19,1,8.59,51.49,51.71,19.8,19.89,0,1
68505dcbf4fb5f32,1,8.43,51.1,51.45,13.07,13.07,0,1
179bc3ae5b9f56b0,1,8.28,50.56,50.86,9.45,9.46,0,1
90ed944de9405835,1,8.23,50.39,50.79,9.64,9.65,0,1
2fb759c52be35681,1,8.34,50.78,51.06,9.81,9.82,0,1
1df1903e5bcd5036,1,5.22,17.96,18.96,11.27,11.29,0,0
6fed9368351f54d5,1,4.99,15.71,16.89,3.96,3.96,0,0
78b4153a6d3e5b33,1,3.07,15.02,19.67,12.45,14.33,0,0
45878940b52550ea,1,3.22,16.87,20.92,14.98,16.4,0,0
88642e4f16be55bd,1,3.43,18.59,21.24,13.85,14.95,0,0
fbe55fdc31135ad5,1,3.69,19.32,20.59,19.51,20.04,0,0
5f3fbfc334c0579c,1,4.02,18.95,19.53,17.53,17.92,0,0
69610203b8c35c96,1,4.5,17.71,18.11,20.18,20.32,0,0
8209b6700b535e8e,1,7.54,29.35,30.17,6.86,6.88,0,0
74cc0056b2c05248,1,7.67,29.25,30.61,4.8,4.8,0,0
d1bae9e7d9785598,1,7.78,19.0,19.48,4.83,4.83,0,0
49ee466685265a80,1,8.14,42.76,44.54,28.51,29.35,0,1
7c7e92d50f92564b,1,8.39,55.13,56.91,28.0,28.6,0,1
6659724ab0a8566c,1,9.66,59.67,61.17,37.88,38.13,0,1
ec68f8027f415301,1,9.74,59.72,61.54,36.73,37.1,0,1
cadeb92fe01652e3,1,9.64,59.39,61.23,38.24,38.84,0,1
4158d702c66351d4,1,3.35,11.22,11.58,13.15,13.46,0,0
7fb4ab2c7e8c527f,1,3.39,11.24,11.58,13.18,13.46,0,0
55a584a116ec5e6d,1,3.45,11.27,11.6,13.2,13.49,0,0
f0455664b24358a7,1,3.52,11.3,11.63,14.52,14.89,0,0
20f825e0d33a5160,1,3.58,11.3,11.65,13.32,13.61,0,0
fda9b858e7e4588f,1,3.6,11.32,11.68,13.34,13.63,0,0
454e63f98e365a3a,1,3.59,11.31,11.68,13.38,13.69,0,0
f7103dfe59a959be,1,3.58,11.3,11.68,13.34,13.64,0,0
a19dd8ff9c4e5fc7,1,6.16,44.38,44.59,27.48,27.57,0,1
834a23e3dd25542c,1,9.32,52.92,53.08,36.95,37.0,0,1
71c47324c7eb5657,1,9.29,52.88,53.02,35.62,35.73,0,1
8cac1b4a21585010,1,9.21,52.77,52.83,35.45,35.56,0,1
8ed81a3cabde5dcf,1,9.01,52.33,52.45,3.49,3.49,0,1
ab4401719a355a62,1,8.98,52.32,52.56,26.95,27.0,0,1
cd9d029138325c2c,1,8.96,52.2,52.51,14.15,14.19,0,1
9bb4006483955eb9,1,8.92,52.22,52.38,9.77,9.77,0,1
008144fe47ac5f74,1,3.2,8.28,8.34,5.24,5.24,0,0
5fe951e403f25012,1,2.84,6.82,6.89,5.06,5.06,0,0
1b818742aecc51d0,1,2.53,5.83,5.92,3.93,3.93,0,0
eb872b2d7e7c52bf,1,1.15,4.32,4.32,0.85,0.85,0,0
d5ece6235301571f,1,0.5,7.93,8.0,9.67,9.67,0,0
980e0f0b4d975c23,1,0.74,11.13,11.19,11.24,11.24,0,0
27861c4d747751ba,1,1.04,14.22,14.22,14.02,14.02,0,0
0093ff0188ea5b90,1,1.56,17.14,17.14,15.92,15.93,0,0
975c802f6f175888,1,8.88,52.24,52.32,10.16,10.16,0,1
52248a6939af5fd6,1,8.84,52.15,52.19,31.97,31.97,0,1
85dba97943515cbd,1,8.18,50.61,50.67,33.3,33.3,0,1
69f80a41cbaa5c1b,1,8.0,50.18,50.22,28.39,28.39,0,1
67e538558b0b5f93,1,7.8,49.67,49.7,27.28,27.29,0,1
8c5a6a5b602859b2,1,7.52,48.93,48.96,27.12,27.13,0,1
054054d63ad85fa3,1,7.22,48.05,48.07,27.77,27.79,0,1
2bae2509df025832,1,7.02,47.46,47.46,27.16,27.18,0,1
c2aa6f44aad45549,1,4.57,18.44,21.79,15.14,17.63,0,0
00ff8eeb53cc598b,1,4.52,18.26,21.94,15.93,18.86,0,0
2807cd605f1156da,1,4.61,18.0,18.12,9.8,10.16,0,0
85ee18c706cf5966,1,4.51,18.04,18.1,12.75,12.93,0,0
c53ae2fe6cc751e7,1,4.36,15.19,15.21,11.3,11.3,0,0
c6ef6a6fcd2c5466,1,4.16,13.48,13.48,10.78,10.78,0,0
2d9d1d9aa6d25bd9,1,3.95,11.69,11.69,9.03,9.03,0,0
571c1c28470e5dcc,1,3.7,9.96,10.0,7.64,7.64,0,0
768ae2e06b1e5d90,1,7.21,23.9,23.9,18.92,18.92,0,0
679b181821395966,1,6.48,20.98,20.98,16.07,16.07,0,0
60e9369e91da5d9c,1,5.72,18.31,18.31,14.07,14.07,0,0
c768a604b14e5956,1,4.97,15.94,15.94,10.99,10.99,0,0
b48c29fc1bd15ca0,1,4.56,13.86,13.86,10.88,10.88,0,0
a8ca647927f25ae9,1,4.21,11.88,11.88,8.78,8.78,0,0
dccd7bde9a0b5bfe,1,3.63,9.93,9.93,6.24,6.24,0,0
dd9efbb06b495921,1,3.01,8.5,8.5,4.84,4.84,0,0
6de8e1962fc4559a,1,9.32,52.92,53.0,3.94,3.94,0,1
850fd96a46b25445,1,9.24,52.79,52.99,36.25,36.27,0,1
3d726e71b9925965,1,9.15,52.58,52.84,21.29,21.31,0,1
30a0f5cf9ab95eee,1,9.08,52.6,52.72,34.83,34.86,0,1
43e42cf1a2175b88,1,9.09,52.67,52.72,18.87,18.87,0,1
ef6e61a4a7ed550a,1,9.15,52.63,52.68,18.89,18.89,0,1
c6bd79f439c254a0,1,9.26,52.79,52.89,28.59,28.59,0,1
90314b74c92954d6,1,9.28,52.83,52.92,36.55,36.56,0,1
bc60aa8501245df7,1,4.01,8.87,8.87,6.3,6.3,0,0
c43312ea64bc5d28,1,3.53,7.21,7.22,5.77,5.78,0,0
051b3ee34e3b59ec,1,3.04,5.73,5.74,3.56,3.56,0,0
2914f532ca9e56ce,1,2.6,4.46,4.46,3.06,3.06,0,0
48109ecc22f65d58,1,2.14,3.37,3.37,1.76,1.76,0,0
e775640dbaf45c91,1,1.66,2.51,2.51,0.86,0.86,0,0
1309e3cfb6f25c6e,1,1.12,1.84,1.85,0.39,0.41,0,0
068a26b124475a4a,1,0.58,1.53,1.54,-0.04,0.11,0,0
a5d3eca1660f5855,1,8.49,42.64,55.3,30.8,36.26,0,1
a4e50a4546d0513e,1,8.74,47.11,57.22,34.25,37.75,0,1
ef300f8a9cf254bc,1,10.97,45.6,45.6,30.92,30.92,0,1
eb8fd3a2b08e5e52,1,10.44,42.0,42.0,27.59,27.59,0,1
0a91b3a6e4ae56fe,1,9.85,38.32,38.32,27.79,27.79,0,1
9c768fba2b4c5d19,1,9.21,34.7,34.7,25.56,25.56,0,1
92a263b537fd5b72,1,8.54,30.29,30.29,22.97,22.97,0,0
8912a46529c059a1,1,7.89,27.06,27.06,20.75,20.75,0,0
908f696abf7c5a26,1,9.21,52.72,52.81,18.97,18.97,0,1
ec1fc260f1c15d42,1,9.07,52.47,52.55,28.6,28.61,0,1
8451437af5ba59ea,1,8.89,52.15,52.2,14.02,14.02,0,1
57076e49ca7c5570,1,8.68,51.74,51.76,32.96,32.97,0,1
a27875deccc151e0,1,7.82,49.46,49.73,28.44,28.59,0,1
de80647014f35dbb,1,7.59,48.96,49.22,25.71,25.85,0,1
4f67484c73e2503a,1,8.28,50.91,51.0,2.89,2.89,0,1
d38070017e4e53c3,1,8.39,51.16,51.27,33.21,33.22,0,1
a9bdcf08c1ce5f5a,1,8.48,51.22,51.4,9.85,9.85,0,1
167fd80fa8635037,1,8.62,51.6,51.7,34.68,34.7,0,1
90e387c7930d56de,1,8.75,51.89,51.97,34.38,34.4,0,1
c1f712e1aed35216,1,8.85,52.12,52.17,19.09,19.09,0,1
8e2fece463df5dcb,1,8.85,52.13,52.15,19.03,19.03,0,1
dfd5770faffa5ba7,1,8.78,51.96,51.96,32.63,32.63,0,1
b23be6b0d9765878,1,7.47,48.6,48.84,29.42,29.55,0,1
4946bc8012cb5e83,1,7.65,49.1,49.34,29.3,29.44,0,1
026e84581e0f5044,1,6.79,23.66,38.85,7.48,7.66,0,0
38f1e14586bd51e3,1,6.48,24.78,38.8,10.7,11.82,0,0
2a04d84433e6576f,1,6.26,24.56,34.89,16.3,18.16,0,0
c354c8cf3c975581,1,6.8,45.62,46.89,31.1,31.95,0,1
8e511022e0e95a13,1,7.7,49.54,49.58,32.22,32.28,0,1
5865085ba43752de,1,10.38,54.66,54.75,39.95,39.97,0,1
342ae335113257f6,1,10.55,54.86,54.96,41.05,41.07,0,1
c763328b4b3855b6,1,10.75,55.12,55.26,35.55,35.56,0,1
6fdde744b66451da,1,4.84,39.29,39.4,27.59,27.7,0,1
4972962184a75fa7,1,9.62,45.63,47.87,28.15,28.15,0,1
78adf1b8ed315c4f,1,9.46,40.45,41.81,14.81,14.93,0,1
f5cf721a02df5ba1,1,9.24,36.36,39.35,8.55,8.57,0,1
c8649af783035c0f,1,8.89,31.15,42.24,16.25,16.31,0,0
541d2d0ac174524b,1,8.39,27.25,41.56,12.6,12.64,0,0
89df824d0cfd525e,1,7.83,24.98,40.5,21.45,24.11,0,0
66ba432a760c586c,1,7.22,23.84,39.16,18.59,21.25,0,0
dd25fc02c23c537b,1,0.14,7.28,7.28,8.08,8.08,0,0
cb3bbfd7864d53f5,1,0.43,11.14,11.14,12.49,12.49,0,0
f5d9b1df3fef57ec,1,0.95,15.26,15.26,14.59,14.6,0,0
3c26d6bf58555468,1,1.6,18.91,18.91,17.73,17.73,0,0
a46bfe77eed85821,1,7.81,54.39,54.4,19.49,19.5,0,1
f3493d3b23cd55c2,1,8.05,55.45,55.46,4.38,4.38,0,1
a9c6cd5519815308,1,10.51,24.54,24.66,35.17,35.17,0,0
d20659149c14557c,1,10.57,19.95,20.12,30.93,30.93,0,0
00b838c358175255,1,10.05,54.3,54.31,38.13,38.15,0,1
83e895f722575452,1,4.02,13.12,28.12,8.21,8.22,0,0
476ad53b78325ef2,1,3.79,11.06,27.93,10.3,10.41,0,0
f377405106115a34,1,3.71,9.02,28.51,14.78,15.27,0,0
7c8900e0a2ef5024,1,3.86,7.92,25.15,15.29,15.29,0,0
2a48beb84af65349,1,4.07,7.01,29.77,14.96,14.97,0,0
8b7212ba11ec5f3b,1,4.06,7.81,19.56,13.59,13.6,0,0
1d16c78634695b4a,1,3.89,8.69,20.32,4.56,4.93,0,0
cf693fb497155dee,1,10.35,62.52,63.63,36.85,36.93,0,1
5250ee99c1f05d97,1,10.28,62.39,63.4,36.63,36.77,0,1
68aac08d307653e5,1,10.15,62.08,63.02,34.76,34.85,0,1
ed19f6a36af757b7,1,9.99,61.61,62.04,32.33,32.6,0,1
d7928caf300452e2,1,9.82,60.96,61.07,35.85,36.18,0,1
355835bced0c591f,1,9.63,60.27,60.3,35.76,36.12,0,1
e797167404675bfa,1,9.47,59.71,59.71,35.37,35.61,0,1
a2d180a344d15054,1,9.32,59.28,59.33,28.98,29.11,0,1
14f10a29b9235b38,1,8.55,51.55,51.65,33.37,33.38,0,1
13d1fc5b0ccd5abb,1,8.72,51.95,52.02,36.02,36.02,0,1
ed77d7ff214f53aa,1,8.91,52.37,52.41,19.12,19.12,0,1
92d21bb7692b5664,1,9.13,52.81,52.84,19.17,19.17,0,1
8179a26d74615228,1,10.53,54.8,54.86,11.61,11.62,0,1
f6e64f5e788b5101,1,10.53,54.81,54.87,5.84,5.84,0,1
0a887c5364a457cd,1,10.45,54.73,54.78,13.47,13.47,0,1
e209822e11365182,1,10.34,54.6,54.64,5.94,5.94,0,1
1c4544c0876f5a08,1,7.05,29.39,29.39,20.64,20.64,0,0
2133a31c391f5108,1,6.9,26.54,26.54,19.33,19.33,0,0
2403645ef4fe5b10,1,6.72,23.68,23.68,17.11,17.11,0,0
7fbe895b20a45dfb,1,6.44,20.78,20.81,15.37,15.38,0,0
8e35889ee2cb559d,1,6.02,17.95,17.95,13.78,13.78,0,0
fe9ad4d0e8d355e2,1,5.56,15.37,15.37,11.82,11.82,0,0
236c1e1f86ec5e98,1,5.03,13.04,13.05,9.88,9.88,0,0
f5dccbabc2f95bbd,1,4.53,10.91,10.91,8.28,8.28,0,0
bfdf115b602357a0,1,10.45,18.44,18.86,18.34,18.34,0,0
e698c7da1faf53f5,1,10.17,62.42,62.65,36.29,36.34,0,1
b7453f77be5b53df,1,9.9,61.84,61.98,38.89,38.95,0,1
a5ee1632a31556a1,1,10.16,63.56,63.65,9.49,9.49,0,1
757c23c6819c589c,1,10.16,62.73,63.14,5.24,5.24,0,1
b26b54b014205d5c,1,10.26,62.53,63.22,14.3,14.31,0,1
1fe2f21f53c05378,1,10.39,62.69,63.61,14.53,14.54,0,1
616ead76f75f5b62,1,10.42,62.69,63.75,14.58,14.59,0,1
0a77356a8ee85133,1,8.48,51.2,51.42,32.85,32.86,0,1
36610114f460541b,1,8.47,51.1,51.4,28.39,28.41,0,1
f6a5c2b1f50d5afc,1,8.47,51.1,51.41,32.73,32.79,0,1
b431359c21975fe6,1,8.53,51.34,51.58,33.61,33.67,0,1
6a6362156db75390,1,10.23,54.43,54.56,40.66,40.68,0,1
ba392de83daf5bf3,1,10.18,54.33,54.52,18.4,18.53,0,1
0ebb578555b25ab2,1,10.14,54.29,54.41,12.13,12.13,0,1
2d7a04e2df2d5bd3,1,10.1,54.34,54.38,40.38,40.39,0,1
816c515aa3dc5462,1,11.01,55.39,55.51,37.5,37.5,0,1
7a9225f5c4355f92,1,10.89,55.23,55.38,39.85,39.86,0,1
5659c2c128ec5db7,1,10.86,55.16,55.34,38.02,38.03,0,1
5abd4abd73db5739,1,10.98,55.29,55.48,44.69,44.72,0,1
f9f4354a1d12565d,1,11.22,55.6,55.72,44.67,44.68,0,1
0937290700b851a0,1,11.24,55.64,55.73,44.71,44.72,0,1
40d43586b1195366,1,9.0,37.55,37.55,27.79,27.79,0,1
b46f5915049e52a5,1,8.66,33.85,33.85,25.27,25.27,0,1
4bc122716deb519f,1,0.47,0.08,0.37,17.31,17.31,0,0
e67e31370c185b83,1,1.27,0.36,0.52,21.12,21.12,0,0
a6b9a83019915658,1,2.19,27.11,27.11,23.97,23.97,0,0
ead391b66ff253c1,1,4.14,36.78,36.78,29.63,29.63,0,1
63d80f7499fc5784,1,9.73,39.64,39.64,27.45,27.45,0,1
d306c671b1ce531c,1,9.45,36.36,36.36,26.75,26.75,0,1
7b37b72faaa25b5d,1,9.08,32.91,32.91,24.97,24.97,0,1
48ef77409741520d,1,8.71,29.43,29.43,22.36,22.36,0,0
c35e290a671a5084,1,5.06,9.58,9.58,3.93,3.93,0,0
427ee2e0d1c05699,1,4.67,5.83,5.91,17.29,17.29,0,0
cfdeb32366475b04,1,4.57,3.62,3.78,15.53,15.53,0,0
26710ebfab6d528c,1,4.54,3.55,3.8,17.44,17.46,0,0
2615f45588965f4c,1,4.48,3.46,3.77,11.62,11.62,0,0
f4458a9c09795afa,1,4.38,3.34,3.71,11.55,11.55,0,0
40e9f6044a485b14,1,4.21,3.08,4.15,11.38,11.38,0,0
d89e9c599cf5571b,1,3.08,21.39,21.63,14.05,14.17,0,0
1893fb783df95146,1,8.48,34.98,41.83,30.81,34.32,0,1
73b4c0560bd85b5e,1,8.78,36.63,43.65,31.31,35.04,0,1
583f7d0d8b27513c,1,9.09,38.31,45.14,33.45,37.7,0,1
61e0ce212ed75a50,1,9.41,40.53,46.91,34.96,39.12,0,1
9933a1df50ff5919,1,9.76,43.49,49.02,38.64,42.21,0,1
44062179c5b350bc,1,10.14,46.06,50.46,39.29,42.18,0,1
74a8e53c9a6f50a3,1,10.5,49.28,51.96,43.1,45.23,0,1
87751a071a7e50a4,1,10.85,56.36,58.61,43.89,45.5,0,1
4fb652e8a58f5623,1,0.04,10.83,10.83,12.71,12.71,0,0
f4af3907bb665bf7,1,0.35,13.44,13.45,14.61,14.62,0,0
83b2e42ed5eb568f,1,1.1,17.13,17.14,18.79,18.8,0,0
b5668089b793502b,1,6.91,22.08,22.1,11.38,11.49,0,0
eae658a09ef152a9,1,6.69,19.08,19.11,6.85,6.91,0,0
fc1b6762387f5209,1,6.2,16.91,16.94,6.54,6.6,0,0
534efc35151f543d,1,5.61,13.66,13.66,6.32,6.39,0,0
b7d52a0a64825b14,1,4.95,4.34,4.35,9.46,9.46,0,0
6011fd3aa3a85fa1,1,8.22,30.52,30.52,22.44,22.44,0,0
913212df2a415e44,1,7.71,27.23,27.23,20.32,20.32,0,0
fa16fc0f1e9851a3,1,7.14,24.25,24.25,18.46,18.46,0,0
2bf94996d2325e20,1,6.52,21.4,21.4,15.64,15.64,0,0
74f87045b75156f4,1,5.88,18.69,18.69,13.41,13.41,0,0
df2ff4c2c9785df6,1,5.2,16.06,16.06,10.45,10.45,0,0
ea93b5b81d425814,1,4.53,13.91,13.91,8.71,8.71,0,0
c1b38e62a97d590d,1,3.89,11.68,11.68,7.34,7.34,0,0
42160b555f2a5aa0,1,4.31,33.51,33.52,11.27,11.27,0,1
b7c9a2a8db7d5b48,1,4.65,32.96,32.96,20.73,20.75,0,1
31042b6e5c455b82,1,4.89,32.73,32.73,22.41,22.46,0,1
25dbdd29ce325538,1,5.14,32.26,32.26,22.58,22.63,0,1
dcf3da6b34935bc8,1,6.63,45.28,45.28,21.43,21.55,0,1
b53b172e95895a12,1,5.89,26.21,40.65,19.02,20.28,0,0
7af7ff61308e5e5c,1,5.8,27.23,38.09,18.13,20.02,0,0
9020d65504e554b3,1,5.69,28.95,38.17,19.6,21.96,0,0
f02b15cc225b5d9a,1,11.8,60.68,60.72,40.63,40.63,0,1
e41f13ed67485c54,1,12.0,61.22,61.28,40.31,40.31,0,1
45102df6530d59e8,1,12.2,61.72,61.79,14.09,14.09,0,1
29d982d97d135311,1,12.26,62.06,62.14,42.37,42.39,0,1
9c1e8e69c7cd537b,1,12.33,62.26,62.3,45.39,45.41,0,1
d08c7fa247395729,1,12.36,62.66,62.69,45.29,45.31,0,1
0f65bd2bac90534a,1,12.4,62.89,62.91,45.48,45.5,0,1
4c775cb227b0519d,1,13.47,63.53,63.53,42.39,42.39,0,1
025b657634505df3,1,11.08,58.22,59.37,43.09,43.86,0,1
4ccc9e33aa795ef1,1,1.08,21.56,21.56,16.95,16.95,0,0
1bb7bab27d1552f5,1,1.75,24.91,24.91,20.8,20.8,0,0
6fbe0e06902e5304,1,8.51,32.84,32.84,25.1,25.1,0,1
1eff566e627f56b9,1,8.12,29.69,29.69,22.48,22.48,0,0
1983aff496265a16,1,7.71,26.5,26.5,20.33,20.33,0,0
490475b585895e0e,1,7.18,23.34,23.34,17.19,17.19,0,0
47bc25abb0705dc9,1,6.59,20.33,20.33,14.13,14.13,0,0
cc1862b24d0157bb,1,7.23,18.22,18.22,23.47,23.48,0,0
eb7ed87b4ef65273,1,7.08,22.38,22.39,23.26,23.26,0,0
61d847c3a95f5032,1,6.92,35.76,35.77,25.02,25.02,0,1
fc9b5914f47e58fe,1,6.75,42.3,42.31,24.97,24.97,0,1
2805fe41d7d9543a,1,6.57,40.55,40.57,23.25,23.26,0,1
700237dffc2d5be7,1,3.29,12.33,12.33,8.27,8.27,0,0
ad6af1cce80c5983,1,4.03,18.8,19.0,8.36,8.38,0,0
271bd521cc6c50ae,1,4.93,20.33,20.34,13.53,13.53,0,0
6404a27bddb85488,1,1.11,1.46,1.48,1.32,1.33,0,0
8e00c08f68af5357,1,6.25,26.94,26.95,16.42,16.43,0,0
e91c1fdb29a858f3,1,6.08,24.59,24.59,16.48,16.49,0,0
2ec48f094e475d85,1,5.89,21.27,21.28,16.42,16.43,0,0
3befac537db85c6c,1,5.67,19.25,19.25,16.45,16.45,0,0
fb2a6578f15d5ff5,1,5.49,16.5,16.52,3.79,3.79,0,0
f6b2a416f38d5609,1,5.36,14.6,14.6,14.6,14.6,0,0
624602ce65455c07,1,5.21,12.06,12.06,12.68,12.68,0,0
776069d80826529d,1,3.35,10.06,10.06,5.88,5.88,0,0
2fbf549d6aac59b9,1,2.96,8.52,8.53,4.58,4.58,0,0
d58a453c3f155916,1,2.59,7.34,7.43,3.5,3.5,0,0
41b4a4440a3e59fc,1,1.58,5.37,5.37,0.95,0.95,0,0
d0fc0e92a9e4552f,1,0.39,7.21,7.22,6.61,6.61,0,0
bdbb9d4559ec5bd1,1,0.49,7.59,7.59,4.0,4.0,0,0
2ee8d10b988c58b2,1,0.62,9.47,9.47,8.9,8.9,0,0
69486575fad551b7,1,0.79,13.17,13.18,9.65,9.65,0,0
6b2cda5004dc5df9,1,5.77,16.84,16.91,19.31,19.95,0,0
c5b585ddf50d5f1f,1,5.71,16.73,16.97,18.61,19.41,0,0
87b8587f94c5549a,1,5.64,16.58,17.1,19.77,21.27,0,0
20024f7ea9635ed8,1,5.55,17.83,18.83,19.45,20.87,0,0
c06c4ffcf72653a5,1,5.43,19.09,19.95,19.16,20.23,0,0
288ea364ec115f46,1,5.32,20.34,20.76,17.25,17.84,0,0
015011d2b73158b7,1,5.18,20.92,21.31,14.76,14.76,0,0
23f0187033d658d9,1,5.02,20.3,21.4,13.2,13.22,0,0
a8ef1b08315752f3,1,2.25,7.58,7.73,3.24,3.24,0,0
0cf1a04807e1505b,1,1.86,3.64,3.66,2.29,2.29,0,0
44cbdb68f39f579d,1,1.6,3.06,3.08,1.7,1.7,0,0
6376b9b848385361,1,1.33,2.16,2.2,0.84,0.84,0,0
429cd9dc9d2154a4,1,0.98,1.78,1.83,0.41,0.42,0,0
4b3a1e85619e557f,1,0.03,9.03,9.06,5.69,5.69,0,0
d5f582e6945d5bc3,1,0.15,10.73,10.85,5.63,5.63,0,0
5237b49651b35ffb,1,0.6,12.25,12.27,7.52,7.52,0,0
dbb9c9811b275fd8,1,2.01,14.0,22.79,6.8,6.83,0,0
d0afb786443a5659,1,2.12,13.04,23.43,14.69,20.02,0,0
ae472d675a965aca,1,2.55,12.0,25.77,7.25,7.44,0,0
f14e7ed78b5d55b4,1,3.02,11.51,28.39,7.06,7.36,0,0
c61fe0459c4451ef,1,3.47,12.42,26.6,12.57,19.2,0,0
fd001bff97c155b3,1,3.88,15.13,28.17,5.45,5.73,0,0
c370f836e3275da4,1,6.8,46.2,46.75,9.3,9.31,0,1
dfa4c26313d45198,1,7.31,48.08,48.34,4.51,4.51,0,1
6eac1c0e2bbd57bb,1,4.38,8.11,17.33,6.96,8.03,0,0
54ae4b189e79541b,1,4.03,8.2,18.14,6.68,8.02,0,0
392a50db492b536e,1,8.29,42.77,44.7,22.82,22.82,0,1
afa0bb26045b5981,1,7.89,37.73,39.29,20.51,20.51,0,1
fd30ed65f94d51b2,1,7.38,35.05,37.24,15.37,15.37,0,1
aa41c7c6037e5950,1,6.81,30.06,31.24,14.94,14.94,0,0
40dcc0a979075ffd,1,6.23,27.31,29.59,12.95,12.95,0,0
8e7cc5d34d415b43,1,2.22,14.97,23.45,5.95,5.95,0,0
214abdb588465704,1,5.87,39.61,39.63,18.15,18.15,0,1
c66aeafedcbd5140,1,5.81,39.19,39.2,17.99,17.99,0,1
b7febc4ae909501b,1,5.71,38.79,38.8,18.37,18.38,0,1
b5ee0c4a00765073,1,5.87,37.22,37.24,18.01,18.01,0,1
7272f8ee7e64591e,1,4.99,21.75,21.75,14.36,14.36,0,0
aadb2479ded750e4,1,4.89,20.11,20.11,13.89,13.89,0,0
0182731334355e48,1,4.76,18.22,18.22,12.16,12.16,0,0
814b5e08c20e57af,1,3.93,33.21,33.24,19.88,19.9,0,1
dea63e35e7545f27,1,5.94,35.62,39.15,22.99,23.91,0,1
bd9af5e4299b5fb6,1,5.98,37.42,39.03,12.64,12.74,0,1
c7cd4edb7b455e9f,1,6.01,38.91,39.33,19.61,19.64,0,1
2193ada652c557c3,1,6.44,37.53,37.53,19.86,19.86,0,1
47e64379df6b55b2,1,3.82,7.18,7.2,5.04,5.04,0,0
431869f33ace51a0,1,3.3,5.55,5.56,3.91,3.91,0,0
411ce5449bda5b1d,1,2.71,4.18,4.2,2.81,2.81,0,0
1082d34008e05df4,1,2.04,3.08,3.1,1.41,1.41,0,0
64f56e62619850b2,1,4.8,19.73,21.14,16.37,16.7,0,0
88b49de4eea35896,1,4.71,19.25,21.33,18.44,19.1,0,0
d88fdf29aeed58f5,1,4.64,19.39,21.27,16.84,17.4,0,0
2696e377ac3e579b,1,4.61,19.66,21.52,17.6,18.51,0,0
26af85cbc2d15e05,1,4.57,19.93,21.72,17.54,18.59,0,0
5177cf8521f05855,1,4.53,20.0,22.13,17.29,18.26,0,0
5a468d5e9d955993,1,4.5,20.1,22.1,16.97,17.99,0,0
f0f77f6f5cb4562c,1,3.89,14.62,14.75,14.02,14.51,0,0
8d9d0d3caa9b5905,1,1.8,4.28,4.28,1.77,1.77,0,0
aa4430320c3151e3,1,1.45,3.52,3.52,1.03,1.04,0,0
218adf8c450058eb,1,0.14,7.85,7.85,7.7,7.7,0,0
70d3c6183c525745,1,0.46,10.15,10.15,9.47,9.47,0,0
d8effdc24c235d3f,1,0.73,12.78,12.78,9.74,9.74,0,0
616812339ccb533e,1,1.08,15.97,15.97,14.41,14.41,0,0
ad702ac65d8754bb,1,1.58,18.5,18.5,18.3,18.3,0,0
d2c77b46ecee58f9,1,0.04,0.01,0.36,12.74,12.74,0,0
943cbb2398a150b4,1,0.24,11.92,11.93,5.23,5.23,0,0
e966ed2a366b5bcb,1,0.57,11.97,11.97,7.15,7.15,0,0
81ac4c9af9ea5562,1,1.02,12.14,12.15,7.12,7.12,0,0
134a3394c9b756d9,1,1.58,6.1,6.28,3.22,3.22,0,0
91496ec9ca5f5d5f,1,1.58,5.36,5.56,2.88,2.88,0,0
d42e15faa6375e18,1,1.49,4.62,4.64,1.79,1.8,0,0
fd9dc6fb2e145ef4,1,1.35,3.97,4.0,1.31,1.31,0,0
59f118e966905d1e,1,1.21,3.37,3.41,1.15,1.15,0,0
bebbdf5c01b85cf1,1,7.57,37.73,37.74,21.21,21.22,0,1
c0c3f6eb7f445755,1,7.42,35.64,35.64,15.61,15.61,0,1
22b526a96ad65c88,1,7.23,33.38,33.39,4.1,4.1,0,1
61e104b6c5d35dc6,1,6.96,30.99,31.0,16.21,16.21,0,0
98c050c637ca5909,1,6.55,28.49,28.49,16.26,16.26,0,0
4588d3bc87cd5a49,1,6.12,26.09,26.09,15.9,15.9,0,0
a1eab14904fc5807,1,5.66,24.11,24.11,14.65,14.65,0,0
9e290b24dff55dff,1,5.21,21.71,21.71,10.99,10.99,0,0
2d55129330045d3f,1,1.41,2.33,2.35,0.72,0.72,0,0
c538fa98187053d8,1,0.92,1.8,1.82,0.77,0.77,0,0
f94a9ce36b8e5516,1,0.04,9.8,9.8,7.87,7.87,0,0
36f71d88df925b39,1,0.28,13.83,13.83,11.97,11.97,0,0
5785ba7017515a65,1,0.97,17.59,17.6,13.75,13.75,0,0
3ec88bf115c95f69,1,1.81,22.45,22.46,18.03,18.03,0,0
1cd73301d5745314,1,3.36,30.73,30.76,21.55,21.55,0,0
f4cc7553b85f5fb0,1,4.05,34.27,34.29,25.29,25.29,0,1
140a3ea8607f528f,1,2.67,5.33,5.38,1.89,1.89,0,0
1517632ca5a8577b,1,1.83,4.02,4.03,1.09,1.1,0,0
2469647d2d055825,1,1.09,3.53,3.54,0.4,0.41,0,0
3af3b3a7a8635164,1,0.73,15.22,15.22,18.85,18.85,0,0
a04628cdd3f25947,1,8.53,33.19,46.49,29.86,32.4,0,1
b9238f564f875dfc,1,8.48,33.0,49.05,28.57,32.72,0,1
87423b239de058c9,1,8.4,36.69,49.76,25.61,29.49,0,1
ecaafd3b7f635e0d,1,8.41,39.83,51.62,29.21,34.61,0,1
fa39ec6686705dac,1,0.95,17.05,17.05,11.83,11.83,0,0
60ae22c26d59572e,1,1.09,18.85,18.85,13.63,13.63,0,0
120ef06f3e0b5990,1,1.44,21.26,21.27,16.27,16.27,0,0
02902d180b405100,1,1.95,24.03,24.03,18.26,18.26,0,0
46aea2dcb1485353,1,1.13,21.34,21.34,10.43,10.43,0,0
a2ed8d7503b85e2d,1,1.92,24.74,24.83,13.3,13.3,0,0
b07f7a319de35f9a,1,1.25,17.56,17.56,11.14,11.14,0,0
c90097f9ce775eab,1,1.32,17.74,17.74,11.24,11.24,0,0
054743e97abd5b9c,1,5.95,17.56,17.56,13.98,13.98,0,0
3a8a3a691f4450b5,1,5.29,14.98,15.02,11.91,11.91,0,0
892904870078578a,1,4.64,12.71,12.71,8.82,8.82,0,0
cdec001a2536542c,1,4.01,10.76,10.81,7.42,7.43,0,0
71217bf1294b5c4b,1,3.45,8.89,8.94,4.95,4.95,0,0
bff29edb43425586,1,2.96,7.51,7.57,4.58,4.58,0,0
11094634534c53fd,1,2.5,6.26,6.34,3.73,3.73,0,0
8ee3467219fc5c8a,1,2.11,5.2,5.29,2.8,2.81,0,0
601c3cce2a215275,1,9.35,52.74,53.14,33.02,33.08,0,1
e66d21ee45e65dac,1,8.9,51.69,52.22,32.75,32.83,0,1
134651c94f73576f,1,8.3,50.3,50.93,27.38,27.43,0,1
86c622a3ec1255ee,1,7.61,48.56,49.22,21.9,21.93,0,1
1fb997ffe1de58f8,1,7.34,47.86,48.47,15.64,15.65,0,1
8d5ac1ce6fb75faf,1,7.07,47.15,47.67,4.17,4.18,0,1
6157537c48ab553d,1,7.0,47.02,47.47,9.05,9.05,0,1
8364af67153a5193,1,7.21,47.74,48.12,9.39,9.39,0,1
aabb4c5a82d65945,1,4.88,18.39,18.39,13.41,13.41,0,0
c9e050ae7be45001,1,4.8,16.33,16.33,13.55,13.55,0,0
d25a0ab96d165b78,1,4.62,14.23,14.23,11.17,11.17,0,0
24edcd5e5b7f546a,1,4.41,12.24,12.24,9.53,9.53,0,0
2f05406bcdd55a21,1,4.14,16.53,16.59,7.91,7.91,0,0
3b2f051d7b9553e9,1,3.73,8.43,8.43,7.02,7.02,0,0
c022ad6a9b6f5367,1,3.23,11.27,11.36,5.6,5.6,0,0
3cdaaa2bcfd55b68,1,2.76,9.79,9.91,4.34,4.34,0,0
85229d62b0965482,1,4.68,37.54,37.55,26.87,26.87,0,1
94500c64b0e457bb,1,5.26,40.45,40.45,24.84,24.84,0,1
73864df7d2d25214,1,5.81,43.21,43.21,26.07,26.07,0,1
89a0561418585e07,1,6.32,45.72,45.72,26.61,26.61,0,1
8d5d769b1f1e5802,1,7.75,32.31,32.32,19.39,19.39,0,1
4143d1c692f95b56,1,7.38,29.47,29.47,19.5,19.51,0,0
36adada77e2f54ba,1,7.0,26.73,26.73,17.55,17.56,0,0
de7b87d6624754cf,1,6.61,23.99,23.99,17.33,17.33,0,0
edd24f4c0a295030,1,8.28,25.9,25.9,22.05,22.05,0,0
1542482ff0ad537e,1,7.75,22.45,22.45,18.36,18.36,0,0
32837dd54e375ca0,1,7.13,19.11,19.11,15.49,15.49,0,0
df57cf24b8025365,1,6.44,15.92,15.93,13.31,13.31,0,0
f096ff143e815978,1,5.64,13.3,13.3,3.95,3.95,0,0
690d5fcd5dd056dc,1,4.97,10.9,10.9,8.17,8.17,0,0
557a287c11cc5960,1,1.69,18.58,18.58,13.64,13.64,0,0
fcb4f430c99050b3,1,1.83,21.27,21.27,15.68,15.68,0,0
d1cf48dea57f5d2a,1,11.96,55.67,55.93,40.66,40.74,0,1
c344575de7545bbe,1,11.97,55.46,55.93,40.96,41.17,0,1
9bebc9f8507c5cf4,1,11.93,55.22,55.94,40.96,41.4,0,1
21e98ee0ac165e2c,1,11.87,55.17,55.95,44.8,45.49,0,1
910c4dd3f1ec51b1,1,11.78,55.3,55.97,44.96,45.56,0,1
beb963305ad75bb3,1,11.72,55.57,56.01,7.68,7.69,0,1
0defa8939c9851ea,1,11.63,55.75,55.99,45.58,45.84,0,1
f14a3d3672035597,1,11.62,55.92,56.01,44.09,44.2,0,1
5f42f18776195578,1,6.25,21.35,21.35,15.69,15.69,0,0
0a3caedd4a7c5394,1,5.91,18.75,18.75,14.01,14.01,0,0
c820630081b056f7,1,5.51,16.3,16.3,12.28,12.28,0,0
c74dd20cc31755b0,1,5.06,13.97,13.97,10.33,10.33,0,0
7762b47b2ed156a9,1,4.58,11.76,11.76,8.84,8.84,0,0
fd8d10736c675232,1,4.1,9.66,9.66,7.52,7.52,0,0
d0ae9b081c1857cf,1,3.6,8.07,8.07,6.1,6.1,0,0
04a6f384cd2056c1,1,3.12,6.55,6.62,4.67,4.67,0,0
44b1999e4b2551b8,1,1.39,17.91,17.91,11.27,11.27,0,0
09bfb9a8f83b5079,1,1.29,17.65,17.66,11.56,11.56,0,0
7648e7b33ecf55d5,1,1.42,17.99,17.99,11.61,11.62,0,0
20f1de62f5795dab,1,1.66,18.54,18.54,15.67,15.67,0,0
649ee93e67cc58bb,1,6.14,22.94,22.94,18.02,18.02,0,0
612827ed516257e8,1,6.06,22.9,22.9,17.86,17.86,0,0
3b0d2b5f50f752c7,1,6.0,19.01,19.01,17.34,17.34,0,0
4952a782e55057b7,1,5.88,18.91,18.91,15.39,15.39,0,0
59ea5c8c067e57e7,1,10.35,54.54,54.55,5.5,5.51,0,1
d618ac9cc53c573c,1,10.13,54.21,54.34,36.31,36.37,0,1
094551eaba7351f5,1,10.01,53.98,54.29,30.15,30.22,0,1
61c31afab34d5e94,1,9.89,53.76,53.97,9.91,9.91,0,1
36be99da12575896,1,9.87,53.92,54.06,13.1,13.1,0,1
2fdb40cf92e75107,1,9.95,54.12,54.18,40.47,40.48,0,1
97e2daddecd557a4,1,10.13,54.42,54.44,40.35,40.35,0,1
b8d4a8d9b16859d4,1,10.36,54.73,54.73,13.3,13.3,0,1
ef27f4eeb34e5b83,1,2.61,5.15,5.24,3.46,3.46,0,0
a9fc9ff67fef5b5c,1,2.06,4.16,4.16,1.8,1.8,0,0
ef23fc3dea3551b5,1,1.48,3.37,3.37,0.86,0.86,0,0
54a48973672c5352,1,0.96,2.78,2.78,0.48,0.48,0,0
dd72153f54fa59e7,1,0.03,9.81,9.81,7.96,7.96,0,0
a807cfefb041572b,1,0.21,13.85,13.85,12.09,12.1,0,0
0d35a8e6a98a5759,1,0.83,17.53,17.53,10.97,10.97,0,0
5328fe5eba6e5d30,1,1.65,21.51,21.51,15.5,15.5,0,0
fb54b190735e579f,1,4.82,15.39,16.56,4.04,4.08,0,0
bd5e1c226cca5d3e,1,5.24,40.02,42.8,21.33,22.31,0,1
8b8b41a9d00e5e32,1,5.61,42.8,44.14,25.63,26.13,0,1
d1c5fed75ec951fa,1,6.01,45.57,46.06,28.13,28.29,0,1
69d75ac905035187,1,6.39,47.58,47.83,28.46,28.52,0,1
6edc8f2bcb3054be,1,6.79,49.67,49.76,33.57,33.61,0,1
702cb8df08c15df6,1,7.15,51.4,51.44,30.08,30.1,0,1
597a23643be958dc,1,7.5,59.67,59.68,33.03,33.04,0,1
2c5cbab120595d79,1,7.53,48.75,49.04,4.86,4.86,0,1
af335d636f4c516e,1,7.89,49.8,49.98,5.07,5.07,0,1
458ab847ffa957e8,1,8.25,50.78,50.85,5.1,5.1,0,1
5e092c66c1bf5f3b,1,8.69,51.82,51.83,5.34,5.35,0,1
dd07f89bea6f5147,1,9.02,52.4,52.44,39.36,39.41,0,1
ba63a9cd4e3f5129,1,9.52,53.01,53.39,38.8,39.01,0,1
fc1800501fa157a7,1,9.73,53.27,53.66,38.81,39.01,0,1
f754138d3e3e5fd5,1,9.31,52.98,53.11,34.5,34.52,0,1
eda5fa80573953b8,1,9.12,52.62,52.89,25.76,25.82,0,1
cde9cee2c4f55145,1,8.97,52.24,52.41,9.36,9.36,0,1
05741acd510e52f7,1,8.94,52.36,52.46,5.08,5.09,0,1
a03faf9254a55468,1,9.13,52.76,52.82,9.62,9.62,0,1
57f2781030b25387,1,9.35,53.03,53.11,5.29,5.29,0,1
fb62cea889d654ec,1,9.62,53.36,53.55,13.0,13.0,0,1
c1d95d8a3260541c,1,9.87,53.8,53.95,7.63,7.63,0,1
f29d6171f46b551d,1,9.92,53.9,54.03,10.05,10.05,0,1
f6082f18c392582f,1,3.29,15.21,19.97,17.23,18.98,0,0
4c3718ea056c5656,1,3.86,16.47,21.0,15.62,17.49,0,0
dd157f14e18f5a1a,1,4.31,17.53,21.66,19.3,21.13,0,0
ed7a0f74484d58a8,1,4.72,15.81,18.13,20.77,22.03,0,0
8869a2f03bbd5570,1,5.09,13.78,15.13,22.65,23.4,0,0
7868ce187ae55819,1,5.43,22.26,22.62,24.5,24.87,0,0
6e3c7a34388e5ae3,1,5.86,22.32,22.41,22.52,22.76,0,0
a9c9765a005351b9,1,5.83,16.69,16.76,21.31,21.8,0,0
da36c99454f65715,1,8.52,51.35,51.5,35.99,36.02,0,1
e000d4f7fdfb5f6b,1,9.06,52.49,52.63,40.46,40.49,0,1
2a68e10c7d305af4,1,9.42,53.18,53.3,40.59,40.62,0,1
4ccda56c15a55d57,1,9.62,53.52,53.64,40.59,40.61,0,1
919fcdbcf46f58d1,1,9.8,53.8,53.92,40.63,40.65,0,1
97b1ea53fad65625,1,10.07,54.21,54.33,13.72,13.72,0,1
6fb754e903985d44,1,10.38,54.65,54.75,13.89,13.89,0,1
59db265fc4cf5a41,1,10.73,55.03,55.15,12.4,12.4,0,1
a51fda3f10da5432,1,10.94,55.21,55.33,12.56,12.56,0,1
55790fb5a5e853d0,1,11.02,55.16,55.34,12.76,12.76,0,1
da1a3756e4465c03,1,11.05,54.96,55.28,12.93,12.93,0,1
d360ce59cdc15efc,1,11.06,54.66,55.18,9.36,9.36,0,1
93e2a76b34b559fc,1,11.03,54.25,55.04,9.63,9.63,0,1
13fa82d6564e5bac,1,10.96,53.83,54.88,9.88,9.88,0,1
01fea9c4f9f45634,1,10.89,53.43,54.76,36.21,36.5,0,1
1fdff45f05055069,1,10.81,53.15,54.7,39.91,40.47,0,1
0558c7a64ef157b1,1,10.87,53.12,54.83,41.6,42.44,0,1
11650e6f32715f8f,1,11.02,53.49,55.11,41.95,42.84,0,1
93ed1cf3d95a5dab,1,11.12,54.11,55.32,41.95,42.64,0,1
212c67511de75043,1,11.16,54.69,55.46,40.81,41.27,0,1
fb42b4cbf6b95b6c,1,11.22,55.18,55.55,41.69,41.98,0,1
2dbf2462b447576f,1,11.4,55.59,55.69,46.49,46.6,0,1
7d9515c88f0254f4,1,11.62,55.8,55.8,38.3,38.31,0,1
c7b030a4025a5066,1,11.83,55.79,55.89,43.73,43.75,0,1
43c65ce08ad6564e,1,9.31,40.27,41.78,4.82,4.83,0,1
7ea67f197fe25ba7,1,8.65,37.92,40.34,5.06,5.07,0,1
52d9d533ca4e5980,1,2.52,21.52,26.18,4.81,4.82,0,0
635d0bb58aa95282,1,2.16,19.9,24.7,5.03,5.03,0,0
70f72122f1605fa1,1,2.19,19.29,24.95,13.79,15.12,0,0
c77bcde9378b551c,1,2.68,19.94,27.32,4.62,4.64,0,0
fcbe2ed045225b79,1,3.28,21.83,30.36,4.46,4.51,0,0
8de4253bc36f54df,1,3.93,25.35,33.68,3.76,3.82,0,0
8d6e4249496b504c,1,6.09,45.57,45.57,27.64,27.65,0,1
135337bf847b5726,1,7.33,45.01,45.04,21.27,21.28,0,1
f34d9948bdc257ab,1,0.08,0.01,0.17,12.13,12.13,0,0
25b846255c715c69,1,0.64,0.12,0.21,13.84,13.84,0,0
49f69d3d75b65659,1,1.46,22.23,22.25,15.12,15.12,0,0
0c9105d8ad6a5f52,1,4.51,31.59,31.62,26.64,26.66,0,0
086e0f2ff2c45bb3,1,6.35,25.42,25.44,24.2,24.21,0,0
5a03ac06c53d5b19,1,6.68,23.02,23.03,26.62,26.64,0,0
a7b8ffecd36e5dbc,1,7.78,49.52,49.65,15.56,15.56,0,1
a627522c77eb526c,1,8.23,50.69,50.79,15.72,15.72,0,1
0221ed2a1c495f23,1,8.66,51.67,51.74,15.9,15.9,0,1
a2e2a360029f508f,1,8.85,52.1,52.14,9.27,9.27,0,1
46369836a9b654ee,1,8.85,52.08,52.08,13.93,13.94,0,1
345f39f8de925db9,1,10.36,54.53,54.56,41.46,41.55,0,1
62053f814af95fce,1,10.35,54.53,54.55,32.22,32.29,0,1
f1f463892f3d5bb7,1,10.3,54.48,54.49,26.15,26.23,0,1
cd5c67041095597b,1,1.05,2.88,2.92,0.83,0.83,0,0
192220ae5c0a54a6,1,0.03,8.6,8.6,9.96,9.96,0,0
d4374a032e28535e,1,0.51,10.98,10.98,12.26,12.26,0,0
0bcae698fd905226,1,1.18,14.31,14.36,13.87,13.87,0,0
2a10522631ab5a56,1,1.08,8.94,11.24,13.19,13.25,0,0
131c6cc5af9c58b6,1,1.92,12.55,24.15,11.27,13.74,0,0
3f64ff364b585a3b,1,2.51,14.2,27.92,11.55,15.8,0,0
58a10d0c924050cf,1,4.34,24.29,28.34,20.36,22.56,0,0
f4511c17c15a531f,1,10.46,54.74,54.76,13.08,13.08,0,1
c45fc2b353c655af,1,10.41,54.66,54.69,13.11,13.12,0,1
09a81436114951ab,1,10.34,54.57,54.62,13.25,13.25,0,1
1803fa678ee652fa,1,10.27,54.45,54.51,7.65,7.65,0,1
4b5846fcc3725b95,1,10.19,53.84,54.04,7.69,7.69,0,1
0146e76ccdba5d9d,1,10.08,52.18,52.8,11.56,11.56,0,1
b639f9aef8055d40,1,9.95,49.47,50.89,7.66,7.66,0,1
e77441c822075f1b,1,9.72,46.69,49.22,5.99,5.99,0,1
689abfdd66235378,1,10.09,54.09,54.22,5.44,5.45,0,1
a312f24a197d530c,1,10.01,53.99,54.29,40.74,40.8,0,1
b899b71cf6c95ff2,1,9.92,53.83,54.19,5.69,5.69,0,1
3fca9a087e505470,1,9.84,53.67,54.0,5.7,5.71,0,1
85f25c14e0125133,1,9.76,53.57,53.86,5.4,5.4,0,1
bd4dac2ccde55c08,1,9.69,53.46,53.74,21.58,21.58,0,1
056c6ca971b355b4,1,9.61,53.35,53.63,35.95,35.99,0,1
3e9b399280e250fc,1,9.53,53.22,53.51,35.44,35.49,0,1
fc529b3abdc65998,1,11.86,56.18,56.2,46.4,46.44,0,1
d08754ee7c5c5949,1,12.22,56.41,56.43,39.74,39.74,0,1
c5972dc8ab5c5f70,1,12.17,56.37,56.4,43.41,43.41,0,1
2f260b8b9dee5b0c,1,12.1,56.31,56.36,46.09,46.1,0,1
8eda03e314a456a4,1,0.03,0.01,0.05,10.08,10.11,0,0
1cbb42e800785a61,1,1.62,22.77,23.9,18.65,19.05,0,0
33c58e00f5805824,1,2.33,25.18,27.02,18.56,19.06,0,0
8e958f3833835138,1,2.99,26.97,29.71,20.69,21.63,0,0
2e5997dafce45eb2,1,6.66,21.47,22.19,15.75,15.76,0,0
592f536375e755b6,1,2.51,14.21,20.75,2.2,2.21,0,0
d34d0398de585e6c,1,2.02,13.17,19.57,3.86,3.86,0,0
667360ba7d595e46,1,1.89,12.42,21.11,7.92,8.06,0,0
2ee44628526e524c,1,2.28,12.4,19.9,8.77,9.4,0,0
0f6aef2cc48d5621,1,2.8,11.48,21.63,12.28,15.33,0,0
3fdefe546f3159fd,1,3.2,10.38,17.32,9.16,11.68,0,0
afe83cb6c0ae5f67,1,7.81,49.68,49.8,36.37,36.39,0,1
ed7e9a246a01525d,1,3.8,13.06,13.1,14.02,14.5,0,0
80793d56acc15d48,1,3.83,11.42,11.43,14.27,14.74,0,0
6a85f61bdde35d74,1,4.08,20.21,21.62,14.34,14.67,0,0
94c7ef641e1c5dd7,1,4.06,20.11,21.57,13.99,14.28,0,0
dd4483f390725319,1,2.84,5.85,6.11,3.94,3.95,0,0
ed3e5181549254bc,1,2.58,4.8,4.83,3.84,3.85,0,0
88152114a47d5175,1,2.14,2.28,2.32,2.86,2.87,0,0
1e15c5256da5549a,1,1.55,1.74,1.77,1.28,1.28,0,0
e26d616b5c4b5642,1,1.19,12.68,12.7,10.66,10.66,0,0
e90d6c211deb5f05,1,3.59,9.21,9.23,11.36,11.36,0,0
c056dcf1096258a4,1,3.7,7.49,7.52,9.59,9.59,0,0
936c2cf5b8345663,1,3.71,5.69,5.74,11.24,11.24,0,0
59504d2ffda35a72,1,3.9,3.86,3.95,15.57,15.61,0,0
a28e9a19b6a05733,1,4.09,2.95,3.12,11.08,11.09,0,0
0ee2bbd11d4451c3,1,3.99,2.75,3.05,9.28,9.31,0,0
455f894b6e3b58ab,1,3.85,1.58,2.19,8.49,8.55,0,0
84e5eb12cb6e54a6,1,4.59,30.31,36.93,5.73,5.98,0,0
e6ff5e16c5f25533,1,5.19,35.4,39.76,24.39,26.49,0,1
f6038d685a4d55b4,1,5.79,29.98,31.72,25.29,26.48,0,0
f419cea88ed9500b,1,6.94,47.82,48.45,26.79,26.95,0,1
988cf241460c557e,1,7.42,48.17,48.23,27.41,27.47,0,1
608c6909618b5642,1,7.83,45.95,46.27,32.49,32.52,0,1
d258d4d9b2235df6,1,7.91,29.79,30.75,15.27,15.27,0,0
b3f47592bf415aa3,1,7.4,23.63,23.72,15.59,15.6,0,0
1baf6c7677a95a6a,1,0.01,6.82,6.86,3.35,3.35,0,0
9369b11c1f5857e8,1,0.15,6.78,6.83,4.45,4.45,0,0
f776577c7428592b,1,0.33,7.89,7.93,4.68,4.68,0,0
449baff4aece5ab3,1,0.51,8.62,8.66,6.92,6.92,0,0
3461796610c15a0e,1,0.67,9.67,9.67,7.28,7.28,0,0
d5ff634ca2dd5801,1,0.78,10.73,10.73,9.33,9.33,0,0
36d7d1e453cf5158,1,0.93,12.21,12.21,11.3,11.3,0,0
1d037ee2ffda5d69,1,1.32,14.23,14.23,13.21,13.21,0,0
2135b76284735f17,1,9.87,53.83,53.95,10.13,10.13,0,1
0da8a13fb4855214,1,9.68,53.57,53.67,9.84,9.84,0,1
77160cf8a6b8581d,1,9.35,53.02,53.11,9.88,9.88,0,1
bfdb40b3dded57fd,1,8.87,52.15,52.22,8.91,8.91,0,1
5568ad08c60d510f,1,8.29,50.93,50.97,4.66,4.66,0,1
38f3b89b93ba5032,1,7.67,49.33,49.33,3.87,3.87,0,1
d849d3813e3052d0,1,7.43,48.64,48.68,15.93,16.21,0,1
44324a7aa04f5501,1,7.06,47.38,47.7,32.99,33.18,0,1
3067f3d3d5a75989,1,3.7,14.55,18.04,11.32,12.26,0,0
277f191c94b952f3,1,3.8,15.48,20.79,11.08,12.12,0,0
b66db24cee7957a2,1,3.89,16.47,22.39,9.16,10.18,0,0
f4da372227475285,1,4.66,28.14,28.53,19.72,19.92,0,0
f93bfd9479fd52ee,1,5.51,37.31,37.34,18.3,18.31,0,1
95bd905e3f685a28,1,5.55,37.58,37.61,18.34,18.35,0,1
c440ceb9353f50b6,1,5.69,38.7,38.72,18.27,18.28,0,1
64b35b9f9f84585a,1,5.83,39.96,39.98,18.2,18.21,0,1
750d0f9df6ef55a2,1,0.04,2.98,2.98,7.8,7.8,0,0
cdc030cdbc9153ae,1,0.09,3.8,3.8,9.85,9.85,0,0
95165bfbaadf5a64,1,0.39,7.3,7.35,10.27,10.27,0,0
f2722839a7ed50fe,1,0.83,11.9,11.9,14.72,14.72,0,0
cdc469758f7c502b,1,3.98,21.61,21.61,20.44,20.44,0,0
6233d1b3e62a5772,1,0.05,3.98,3.99,8.76,8.76,0,0
cf2e8812889754b1,1,0.26,8.74,8.74,7.11,7.11,0,0
9c13995a8a285f90,1,0.98,11.48,11.49,10.48,10.48,0,0
42c8571d47305166,1,5.6,15.51,15.52,13.45,13.45,0,0
3931a353a1f6520d,1,5.17,13.23,13.23,11.49,11.49,0,0
6545ea70cb285327,1,4.68,10.99,10.99,8.7,8.7,0,0
d655ae3476c9530c,1,4.16,9.01,9.05,6.89,6.89,0,0
ecc6f4f3dd735feb,1,3.66,7.22,7.26,5.7,5.7,0,0
a73f7d7149c45478,1,3.03,5.61,5.67,3.32,3.32,0,0
9577987ee2e85304,1,2.29,4.04,4.05,1.71,1.71,0,0
774160714b7e5ca4,1,1.51,3.35,3.36,0.62,0.62,0,0
f52211f2dec85537,1,9.53,44.09,44.31,27.5,27.54,0,1
8430e9ba6d395dd2,1,9.29,46.18,46.21,27.14,27.19,0,1
2fd95381df705415,1,8.82,44.59,44.64,22.75,22.78,0,1
dc4b44d8961e538a,1,8.25,42.13,42.58,22.66,22.69,0,1
eeee7091fa995250,1,7.32,34.12,34.83,19.92,19.92,0,1
a259460cd13f55c2,1,6.94,26.66,26.73,20.23,20.23,0,0
4bf65e0c75f05509,1,6.6,15.34,15.34,18.45,18.47,0,0
c262c31769935486,1,6.33,23.32,24.66,16.59,16.62,0,0
303d452ddd2d58d1,1,10.15,45.74,45.74,31.26,31.26,0,1
aea14d7408d255bb,1,9.78,42.22,42.23,27.91,27.91,0,1
15e6ef7a85b35d10,1,9.33,38.82,38.83,25.4,25.4,0,1
0b12ac5676875ade,1,8.76,34.61,34.61,22.63,22.63,0,1
6c62956221e4511e,1,8.11,31.42,31.42,20.6,20.6,0,0
47f8cc513134512b,1,7.43,25.14,25.14,18.81,18.81,0,0
071f7885a37e591f,1,6.8,16.35,16.35,16.82,16.82,0,0
be87511d69ba58e7,1,6.23,21.66,21.66,15.16,15.16,0,0
fe469d42385259e2,1,3.66,29.78,32.72,20.45,21.44,0,0
002672a228395a16,1,4.28,23.77,24.51,21.07,22.22,0,0
da53dac7558e563d,1,7.2,34.56,40.45,29.53,32.7,0,1
6f2459c4df665173,1,7.55,36.29,41.74,29.53,32.62,0,1
a3f82403e6945aa7,1,7.83,37.55,42.63,31.01,34.4,0,1
b5e7acb62778580b,1,8.13,40.43,45.18,33.61,36.83,0,1
e8d869b5752751a6,1,8.33,43.16,48.14,32.44,34.61,0,1
3580cf9f59395963,1,8.53,46.37,50.09,36.35,38.64,0,1
df4bfb41bc3b5ded,1,5.22,21.65,22.24,18.86,19.1,0,0
c9b3ce1062455ad6,1,5.11,21.35,22.22,18.3,18.66,0,0
35e4b04bab1058d5,1,4.98,21.19,22.24,15.3,15.55,0,0
cefc63c820c45c3b,1,4.85,12.09,12.68,16.46,16.91,0,0
3d84e6189fdd51bb,1,4.71,11.94,12.32,14.98,15.24,0,0
cb2a52e9af3a5e0a,1,4.45,11.75,12.14,12.85,13.04,0,0
db98c374c7e65602,1,4.08,11.58,11.9,12.84,13.01,0,0
cb22383a26cf594e,1,3.7,11.44,11.67,9.01,9.1,0,0
e6206364da5b51f3,1,5.41,36.47,36.48,32.56,32.56,0,1
ef4cd07fc8245457,1,6.42,40.76,40.76,36.2,36.2,0,1
e375b42cd83a5bf3,1,7.21,37.06,37.06,37.14,37.14,0,1
fc6dc98b89a95817,1,12.17,63.86,63.87,40.26,40.26,0,1
dabc9043dbb9560b,1,11.93,62.89,62.9,40.21,40.21,0,1
88d08f76270d5e37,1,11.69,61.03,61.04,36.53,36.53,0,1
60f2c00b9ced513f,1,11.35,58.66,58.68,34.12,34.12,0,1
841f506a559f534f,1,10.94,41.05,41.05,31.47,31.47,0,1
a5a4a6add0d05113,1,5.87,21.53,22.31,23.7,24.45,0,0
36716a89eb9c5ef9,1,5.94,21.35,22.38,23.96,24.87,0,0
11482ead31545f3a,1,6.03,21.48,22.55,24.14,25.02,0,0
2c79b7300d3a5219,1,6.16,21.84,22.76,26.01,26.91,0,0
9d55692d15dc5155,1,6.28,22.29,22.97,27.78,28.41,0,0
9a594a58c8125976,1,9.03,44.45,44.49,33.8,33.95,0,1
0ae1539816f55b5f,1,8.97,44.33,44.54,31.77,31.84,0,1
5dc491914c6a595f,1,8.88,44.24,44.47,31.69,31.78,0,1
20ae5f5df50a5865,1,8.76,44.07,44.23,27.98,28.03,0,1
0a2f44ba3be05531,1,8.68,43.99,44.09,9.44,9.45,0,1
f253fd0891d3562a,1,1.26,13.28,13.28,11.91,11.91,0,0
57b2cc25579a5885,1,1.44,16.95,16.95,14.22,14.22,0,0
70645140f08352ca,1,1.69,20.02,20.02,14.19,14.19,0,0
073b782b57115061,1,1.95,22.13,22.13,16.17,16.17,0,0
e56891a5170256f1,1,2.2,24.51,24.51,17.96,17.96,0,0
927b73fea33f5218,1,7.6,36.02,43.92,27.66,28.34,0,1
b4507882ebac5f7a,1,1.67,8.7,8.72,5.73,5.76,0,0
95612e81595b568f,1,1.91,10.11,10.11,4.61,4.62,0,0
fce752b25ce55380,1,1.97,9.32,9.36,4.59,4.6,0,0
8a46ac0d50d4505e,1,1.97,9.89,9.95,4.55,4.57,0,0
5e96a7620956567a,1,1.97,10.4,10.49,4.67,4.69,0,0
dc0152c1caca5d94,1,1.94,10.45,10.53,5.66,5.69,0,0
557690c1c31357b1,1,1.89,10.26,10.53,5.95,5.99,0,0
4342cb36fbba580b,1,1.9,10.22,10.52,6.17,6.21,0,0
b04b5637f4e05625,1,8.69,49.29,51.78,35.08,36.57,0,1
e35a803202875fa0,1,8.85,52.59,54.31,39.81,41.12,0,1
0c3c4cd553475d3a,1,9.0,56.02,57.11,40.3,41.07,0,1
ed8294474bc35b6c,1,0.06,16.56,16.58,12.6,12.61,0,0
3a61d7ced3ca590d,1,0.3,16.41,16.41,14.8,14.83,0,0
1a099ccfccfa567f,1,1.17,16.32,16.32,17.9,17.96,0,0
51e697d3f5255ac3,1,3.52,12.31,12.33,21.5,21.77,0,0
40bdfb00872f5bc4,1,4.68,13.34,13.35,22.56,23.21,0,0
83212ddd15375812,1,5.69,14.54,14.54,23.15,24.17,0,0
39bcaa3072bc5198,1,6.4,23.56,24.56,24.01,25.42,0,0
8f41a318d1a45310,1,6.87,21.24,22.06,26.13,28.51,0,0
7e35bd1fea5b50da,1,7.47,23.52,24.94,26.21,30.97,0,0
070b688b49225760,1,7.59,26.59,29.72,26.33,31.05,0,0
cc8b8b4ae726592a,1,7.72,28.12,31.44,29.2,31.69,0,0
f897914e6f0c52e5,1,7.94,31.18,36.17,28.65,33.27,0,0
19a718729d3a5e37,1,8.2,34.21,38.95,31.71,36.07,0,1
deae4b3cac52513c,1,3.25,11.38,11.39,8.19,8.22,0,0
d26170a35d1c5e33,1,3.02,11.31,11.31,5.58,5.58,0,0
64a8b055818c5bef,1,2.68,11.23,11.23,5.53,5.53,0,0
7383ddb2fac255cb,1,2.36,11.15,11.15,4.72,4.72,0,0
cd9330daeec55224,1,2.06,11.03,11.03,4.62,4.62,0,0
59c00098b95d53b8,1,0.84,9.08,9.09,4.66,4.66,0,0
9f3b77fe8cd3541c,1,1.28,10.17,10.33,6.25,6.28,0,0
eccb91aff29c5415,1,1.41,9.8,9.83,5.95,5.98,0,0
51ab6f367130574d,1,5.78,21.95,21.95,13.86,13.86,0,0
54580876ee835959,1,5.25,19.55,19.55,10.63,10.63,0,0
2b65a8a29c455d00,1,4.73,17.16,17.16,10.22,10.22,0,0
803569f800575929,1,4.24,15.03,15.03,7.9,7.9,0,0
3257b4f1ac7e5b62,1,3.71,12.98,12.98,6.09,6.09,0,0
58b6d3046d18508e,1,3.31,11.34,11.34,4.94,4.94,0,0
a227effbc53d5fda,1,3.01,10.02,10.02,4.67,4.67,0,0
701c95bcdaa65c14,1,2.67,8.21,8.21,3.53,3.53,0,0
fc48d9805c955217,1,0.01,6.85,6.86,10.45,10.45,0,0
aed7c50719f959a1,1,0.08,11.94,11.95,14.67,14.67,0,0
8ce3ec49327d572e,1,0.56,14.93,14.93,16.72,16.72,0,0
415b05ca44da5fbb,1,1.42,19.08,19.09,18.98,18.99,0,0
4c7c3a0a401d5f38,1,7.48,35.28,35.28,21.51,21.51,0,1
1fd4a838b258571f,1,10.59,58.83,58.84,37.93,37.95,0,1
f0a6222ab3e55174,1,1.99,12.35,17.71,11.93,14.65,0,0
530176929c015182,1,2.68,13.93,18.63,14.94,17.95,0,0
b6247a5245a5554f,1,3.95,7.84,8.07,16.13,17.62,0,0
d64a3964875f5b41,1,4.01,11.5,11.92,16.33,17.92,0,0
7effab69ce785772,1,4.13,11.63,12.0,17.97,19.19,0,0
b13f0b445e605951,1,4.31,11.79,12.11,18.02,19.41,0,0
2c21ad85949653a6,1,4.51,11.99,12.25,18.19,19.33,0,0
eed30293a86e5feb,1,4.71,12.17,12.37,19.05,19.6,0,0
0e9d524cb7ab5e2a,1,4.9,12.32,12.49,20.82,21.05,0,0
8fc41f783d475448,1,5.04,12.44,12.6,23.09,23.34,0,0
a6229e66c0e656d8,1,6.11,20.75,23.3,15.46,15.6,0,0
9adad5bdab6b52fa,1,5.85,15.74,23.99,4.05,4.06,0,0
f0fb575adb8a5171,1,5.46,14.47,20.45,4.2,4.2,0,0
cff12b59b73c537e,1,5.16,12.38,13.82,4.39,4.39,0,0
e56402797d665711,1,4.9,11.34,22.39,4.49,4.49,0,0
76b1b05efba353fe,1,4.59,11.05,21.85,11.25,13.03,0,0
129c4e6b058a5f6d,1,4.32,10.98,19.79,10.77,13.43,0,0
e61699cda2f15e01,1,5.33,21.96,22.32,19.76,19.93,0,0
c30e5bb7e0595851,1,2.79,6.62,6.62,3.2,3.21,0,0
7eb19d771c975618,1,2.22,5.5,5.5,1.85,1.85,0,0
46f4d9ea67c75a76,1,1.72,4.6,4.61,0.94,0.94,0,0
26459a22067d556e,1,1.24,3.95,3.95,0.77,0.77,0,0
253adcf13a3f5c15,1,0.09,6.79,6.79,10.36,10.36,0,0
38c2e9619e425ab8,1,0.5,10.87,10.87,14.45,14.45,0,0
2f23d31a3ddf5de9,1,1.31,15.92,15.92,18.72,18.72,0,0
3b84c23dd4ee5af8,1,4.38,32.07,32.07,29.34,29.35,0,1
3813108829ab54c2,1,4.08,13.68,13.68,8.04,8.04,0,0
8166c5e0f62a5a19,1,3.63,10.59,10.59,7.35,7.35,0,0
2d741bb457ed5434,1,3.29,8.94,8.94,6.03,6.03,0,0
0c5feb2794e9579c,1,2.97,7.59,7.65,4.55,4.55,0,0
9e032298e808528a,1,2.51,6.39,6.47,3.63,3.63,0,0
ddfeb4814eba5cf8,1,1.5,4.55,4.55,1.12,1.12,0,0
0dd23f4ea286544f,1,0.04,7.84,7.84,5.83,5.83,0,0
02e3c48291855ae8,1,0.26,9.02,9.02,7.73,7.73,0,0
f2291b8766215c41,1,0.88,9.42,9.44,4.56,4.57,0,0
4386a0ba98f95bb3,1,1.5,8.24,8.26,3.4,3.41,0,0
c648574640a65934,1,1.53,8.19,8.21,3.55,3.56,0,0
b0598da891205aa3,1,1.55,9.43,9.47,3.43,3.44,0,0
674e6f0f529a51f7,1,1.59,9.22,9.26,3.24,3.25,0,0
e456e929ecb85b07,1,1.57,9.54,9.59,3.32,3.33,0,0
611bde5a2b585c9d,1,0.48,9.34,9.36,4.45,4.45,0,0
371d154a89425165,1,0.72,9.68,9.71,4.49,4.5,0,0
84a763e08d2c5ac6,1,3.94,11.43,11.78,14.91,15.37,0,0
50202ba4b1b55f6b,1,3.96,11.47,11.8,14.92,15.39,0,0
82ab6983691a5599,1,3.96,11.49,11.8,15.03,15.48,0,0
9b94fe18b9ea5b73,1,3.93,11.48,11.78,14.87,15.26,0,0
f32d809c7175588c,1,3.9,11.7,12.0,14.84,15.2,0,0
65858c2fe6b5501f,1,3.87,11.49,11.76,14.9,15.27,0,0
5444d6dfc06559c3,1,3.84,11.47,11.73,15.04,15.42,0,0
bc1b30ec654c5d78,1,3.84,11.45,11.73,14.86,15.23,0,0
5593d7326b9c59aa,1,3.55,11.41,11.71,13.11,13.34,0,0
524695a4857859fe,1,3.49,11.41,11.65,14.87,15.13,0,0
52b428b6ff135845,1,3.44,11.41,11.6,14.9,15.14,0,0
8429a35187bb5c08,1,3.48,11.28,11.5,14.86,15.14,0,0
9540f5a8db575a50,1,3.73,11.34,11.62,14.84,15.26,0,0
8084b4b0d97b5d93,1,3.87,11.4,11.71,14.89,15.3,0,0
270768ccd1df5e0d,1,3.95,11.41,11.75,15.18,15.64,0,0
a7ce5a625a525b45,1,3.97,11.42,11.77,15.04,15.5,0,0
b6a5d96d702a5ffd,1,3.85,11.44,11.73,13.15,13.4,0,0
b5ca533bca505ceb,1,3.86,11.41,11.73,14.72,15.08,0,0
def10158059d5eb1,1,3.89,11.38,11.75,16.1,16.7,0,0
db73bde6710e50ca,1,3.92,11.38,11.77,14.5,15.6,0,0
74a8af10863e5455,1,3.96,11.4,11.8,14.48,15.57,0,0
29560d02d4615d4c,1,3.98,12.22,12.7,14.49,15.58,0,0
1a66019703c45296,1,3.97,11.45,11.87,14.37,15.41,0,0
4509bc830bbc5fbd,1,3.92,9.57,9.88,14.56,15.56,0,0
ec04801554fb518f,1,1.95,10.05,10.57,5.7,5.72,0,0
0ea5bbb7337d5a56,1,2.07,10.0,10.68,5.6,5.62,0,0
f03f53f19c6254b8,1,2.11,10.03,10.88,4.71,4.72,0,0
a3e0421d08d25e5b,1,2.11,9.93,10.92,4.53,4.54,0,0
2322850f71fa5c4d,1,2.05,9.86,10.97,3.08,3.09,0,0
2e1d4bde0a16514b,1,1.92,9.82,10.99,3.14,3.15,0,0
c6319bbc03fb57d0,1,0.83,9.04,9.05,2.13,2.13,0,0
520c2defbbc958a0,1,0.82,9.19,9.2,2.18,2.18,0,0
a1ecc6a16c2f5b5e,1,10.49,46.84,46.86,31.62,31.63,0,1
1c295a44b8d856d0,1,9.89,45.19,45.21,28.07,28.07,0,1
93141bb128bd5a34,1,9.3,41.65,41.66,27.96,27.96,0,1
b53db7bbc74956ed,1,8.7,37.68,37.68,25.24,25.24,0,1
1aabc43f2a7453f1,1,8.16,36.04,36.08,22.56,22.56,0,1
facbbc93a1925184,1,7.56,32.99,33.02,19.18,19.19,0,1
8470627d628e55f6,1,6.96,28.14,28.14,17.07,17.07,0,0
b5c2d13e8d5c517a,1,6.35,24.56,24.56,14.21,14.22,0,0
34bdecafedff5fdf,1,7.71,36.95,45.12,27.81,30.39,0,1
2ef107f7be2351a5,1,7.86,37.49,45.17,27.78,30.3,0,1
e81d82f764c853c0,1,7.98,39.13,46.62,27.14,28.97,0,1
b3de01e79b725ae4,1,8.08,40.84,47.61,31.24,33.8,0,1
4f12e3acfb125088,1,8.2,43.09,49.12,31.7,34.05,0,1
5fb039973cf85b11,1,8.36,45.12,50.26,31.64,33.6,0,1
b5754d53017b5d49,1,8.59,46.67,50.8,32.74,34.54,0,1
9dff2b84ff305fff,1,8.79,47.9,50.92,39.09,40.71,0,1
8b1ba99df5d05f8b,1,10.59,54.61,54.64,41.51,41.53,0,1
4fbdc88ce3f75540,1,10.47,53.1,53.12,37.59,37.61,0,1
3cb9b99bc4185d33,1,10.36,51.64,51.66,37.73,37.75,0,1
e4d27e2ed6ac513e,1,10.24,50.64,50.66,37.54,37.56,0,1
e776468d9bf65a8a,1,4.16,36.39,36.39,6.56,6.56,0,1
c0d4412fa9f15f5b,1,10.99,62.76,62.77,35.01,35.01,0,1
14476e3c036f5ec8,1,10.94,63.03,63.04,39.73,39.74,0,1
a7f15e4638b352c4,1,10.86,62.48,62.49,40.59,40.6,0,1
c0ee4f794af35185,1,8.46,32.72,36.84,32.59,35.74,0,1
bc9bc971088c5df6,1,8.69,36.68,39.62,34.96,36.99,0,1
c052a8877f7f5d37,1,8.9,50.52,52.55,40.7,41.78,0,1
1013821ba47c55b3,1,9.18,57.43,58.22,40.82,41.11,0,1
5099c20d468f5cf4,1,9.02,36.07,36.07,25.92,25.92,0,1
15b400ceaa505015,1,8.58,32.87,32.88,25.1,25.1,0,1
b4dbd03935ce53fa,1,8.08,29.71,29.71,20.95,20.95,0,0
eab63019e1825aea,1,7.53,16.04,16.04,20.55,20.55,0,0
763821f100605f76,1,11.89,63.72,63.74,46.27,46.29,0,1
182688f3d2c25fc8,1,11.77,63.48,63.51,45.88,45.89,0,1
3e053f89d1c55a7e,1,11.65,63.07,63.09,40.13,40.14,0,1
fdd71ab4630a5fb8,1,11.53,62.68,62.72,45.89,45.9,0,1
485b59c15a7d5e8f,1,11.39,61.95,61.99,42.84,42.86,0,1
a5f724194aaa55f7,1,11.23,60.99,61.03,42.72,42.74,0,1
5f8d8f88750f57b7,1,11.1,60.08,60.12,41.4,41.41,0,1
390d9e3b03a15695,1,10.97,58.64,58.69,40.45,40.47,0,1
9f0193389f8a520c,1,2.32,7.23,7.23,2.72,2.72,0,0
c9968e9ec0135b9d,1,1.62,4.34,4.44,1.11,1.11,0,0
8723bbb08b8e5cc8,1,1.28,1.17,1.61,1.01,1.01,0,0
4ac092ec1bee5e7a,1,0.99,0.27,1.14,0.7,0.7,0,0
d2c7bb24957c56ad,1,0.73,9.54,9.54,12.44,12.44,0,0
61b99cf0e08d559a,1,1.21,12.97,12.97,14.54,14.54,0,0
f36dbc258c8b5e17,1,14.71,67.77,67.78,57.61,57.64,1,1
1379782dce4751e4,1,14.73,67.79,67.8,57.8,57.82,1,1
2114e7e213c45fc0,1,14.8,67.83,67.84,57.97,57.99,1,1
7b00e131a2885ecf,1,14.9,67.81,67.84,58.16,58.18,1,1
1dae5903323e5214,1,14.98,48.26,48.26,58.08,58.09,0,1
bb25cbb49f9157ae,1,15.04,48.65,48.65,58.19,58.21,0,1
a978cd72e68155b1,1,15.09,48.66,48.66,58.01,58.03,0,1
a067cd2e442c5a4a,1,15.15,65.89,66.0,57.51,57.53,1,1
10ddf2c0942a5704,1,15.19,64.57,64.69,57.3,57.34,1,1
c0ea178930145138,1,15.23,63.9,64.04,57.63,57.69,0,1
67dff3c1993f57a5,1,6.09,25.44,40.45,20.02,20.79,0,0
ee461de4700c5148,1,5.95,25.81,41.88,19.67,20.64,0,0
47fdf7c04b155eac,1,5.8,25.52,42.06,18.71,19.81,0,0
e59b32f05f5e54f0,1,5.79,26.79,42.85,17.6,18.68,0,0
50676507e4e2554f,1,5.66,28.65,42.35,15.37,16.16,0,0
26840e3a5da45589,1,5.63,30.08,42.9,15.38,16.26,0,0
b966c10ea361593f,1,5.53,31.55,43.05,12.01,12.38,0,0
7ffee2481b68517c,1,5.46,18.1,22.08,11.77,12.22,0,0
b9633d9afd4356a8,1,5.14,27.46,31.05,21.24,23.48,0,0
2a4ee10b521258a2,1,5.21,29.29,31.19,19.54,20.57,0,0
fdaf1d60259d5466,1,5.3,31.68,32.42,22.21,22.68,0,0
4b9627827aff5013,1,4.21,16.05,16.06,12.92,12.94,0,0
7d51dcbc514953ea,1,4.24,11.97,11.97,12.86,12.88,0,0
581b5ae61b1c569d,1,4.26,11.96,11.97,11.02,11.03,0,0
6e395976280452e1,1,4.27,10.08,10.1,9.1,9.11,0,0
36ea923bc32b5181,1,4.17,8.12,8.17,6.1,6.1,0,0
13cbee7dbb4853ec,1,3.67,10.5,11.18,1.12,1.12,0,0
5ae0b5e6a95f5335,1,3.7,10.16,11.06,6.73,6.81,0,0
1cff6bb966075bc7,1,3.61,9.85,10.98,6.72,6.82,0,0
38d4aa43f5f25eeb,1,3.46,9.68,10.96,9.56,10.17,0,0
da888593e9a0518c,1,3.32,12.79,16.99,9.41,10.11,0,0
2b610cc56f635751,1,3.19,12.88,17.18,9.51,10.24,0,0
28f3ee6207ae50d6,1,3.13,13.14,17.81,9.51,10.28,0,0
8b53a14edf305638,1,3.22,13.32,18.15,11.43,12.85,0,0
ae7fdaafe2c250e6,1,2.99,10.98,11.54,12.82,13.16,0,0
2564ab331db05cb9,1,3.23,11.11,11.64,14.31,14.79,0,0
e102672eb1975e6f,1,3.45,11.24,11.74,14.29,14.74,0,0
4a096077f8165879,1,3.54,11.32,11.78,3.9,3.91,0,0
04674da1553352ad,1,3.59,11.36,11.8,13.08,13.4,0,0
9016f4b84afb5913,1,3.61,11.4,11.8,12.96,13.27,0,0
3fbc15dbb18756ba,1,3.61,11.41,11.78,13.27,13.57,0,0
250e6e2e6a9d5ee8,1,3.6,11.41,11.75,13.1,13.36,0,0
8b1d45137881582a,1,0.93,11.88,11.88,4.98,4.98,0,0
1987c158de8a5120,1,1.05,13.61,13.65,4.76,4.76,0,0
ab548d52e69b5ed4,1,1.16,13.06,13.11,4.57,4.57,0,0
c282872767cb5199,1,1.49,4.84,4.84,1.76,1.77,0,0
f099b753f4345fb5,1,1.23,4.18,4.18,1.17,1.18,0,0
684a977a365b5e73,1,0.02,7.65,7.65,6.17,6.17,0,0
e024d36bdd205a12,1,0.21,8.98,8.98,10.23,10.24,0,0
32a409f974555830,1,0.68,10.15,10.15,12.01,12.01,0,0
5bbd26efb97658ec,1,6.49,24.27,32.84,20.63,21.01,0,0
f3a327d6e0e45d9a,1,6.36,6.54,7.32,19.74,20.62,0,0
9b5cb743a4a4590b,1,6.18,5.9,7.14,15.75,16.49,0,0
b8baf3c807cd50b4,1,5.96,16.97,23.51,17.85,18.38,0,0
9fd28a8f6fd85254,1,5.75,20.14,28.51,14.73,14.84,0,0
c84e6787935b5483,1,5.57,20.03,27.34,13.12,13.25,0,0
ca59ecba5722534c,1,5.32,19.47,24.74,12.14,12.65,0,0
ade979d99d51517f,1,0.02,7.41,7.46,10.53,10.53,0,0
21f55c28bb945892,1,5.12,21.56,21.56,10.9,10.9,0,0
7ec8d2521964548f,1,4.42,19.48,19.48,9.27,9.27,0,0
bc281591c2165d73,1,3.82,17.23,17.23,8.14,8.14,0,0
68643a176fcb5c7c,1,0.21,9.12,9.12,6.47,6.47,0,0
6829197915d25514,1,0.52,10.49,10.49,9.63,9.63,0,0
a698a93fec1e57fa,1,0.79,12.2,12.2,12.28,12.28,0,0
0f42590c7ad65eb4,1,1.05,14.38,14.38,14.17,14.17,0,0
4742cf16ab0f515b,1,1.47,16.79,16.79,15.83,15.83,0,0
bf8b8714f63d5642,1,7.46,26.38,26.41,4.19,4.19,0,0
11ef3e2ec35051d8,1,6.74,24.35,24.35,13.83,13.83,0,0
c2735759fe9957a5,1,6.01,15.05,15.05,10.19,10.19,0,0
0e74f7b5b7c45c1b,1,5.34,19.91,19.91,8.54,8.55,0,0
0f622aef14545f59,1,4.71,18.07,18.07,7.5,7.51,0,0
088cebb101bf5ed6,1,4.21,11.83,11.86,6.27,6.28,0,0
e2e6c22bce7f59fc,1,10.28,48.38,48.46,27.5,27.5,0,1
ef5dcc2415915678,1,9.82,38.21,38.5,28.18,28.2,0,1
0bced38a12a352c4,1,15.1,47.53,47.54,57.49,57.55,0,1
895513fa202c506f,1,14.98,47.86,47.87,57.88,57.93,0,1
8feb2ae5cc2451c3,1,14.87,67.9,67.94,57.38,57.39,1,1
b64b160540265465,1,14.54,67.71,67.77,52.63,52.64,1,1
7c68734f0453501c,1,14.46,67.66,67.71,52.72,52.72,1,1
a5c9bcab52165145,1,14.3,67.53,67.58,52.8,52.81,1,1
fb44fa6567a65ad0,1,14.13,67.39,67.43,52.93,52.94,1,1
0166f867762a56e1,1,13.97,67.23,67.28,52.83,52.85,1,1
1e73524ff61b5a70,1,8.19,52.09,52.64,36.43,36.72,0,1
d4278d63cd605813,1,7.37,38.08,38.1,23.06,23.06,0,1
0de3f9728fc651a6,1,7.23,35.39,35.4,22.78,22.78,0,1
d11fc492a41e5279,1,7.05,32.67,32.67,19.34,19.34,0,1
6a934e9ad62352ee,1,6.72,29.43,29.43,17.68,17.68,0,0
9e79198b9fd559a1,1,6.28,26.04,26.04,15.68,15.68,0,0
21ef33c75fee5561,1,5.83,22.21,22.21,13.8,13.8,0,0
d5489fba77675698,1,5.26,18.93,18.93,10.25,10.25,0,0
fb4a03d7f9395b9a,1,4.19,11.04,11.05,7.59,7.59,0,0
b02be1e28abb59f1,1,3.48,9.13,9.14,5.44,5.44,0,0
622dde55dc125052,1,2.87,7.8,7.81,4.4,4.4,0,0
7238724f2bff58f0,1,2.33,6.67,6.68,3.24,3.24,0,0
cc8a7b88b06b56c2,1,0.02,7.83,7.83,6.14,6.14,0,0
95c73c4a8d775324,1,0.03,8.68,8.71,7.93,7.93,0,0
310ef687176e5160,1,0.28,10.3,10.3,7.79,7.79,0,0
123bc88af914514c,1,0.79,12.73,12.75,10.99,10.99,0,0
32e457e686675618,1,6.94,23.65,23.65,17.44,17.44,0,0
abf38de966305279,1,6.36,20.81,20.81,15.66,15.67,0,0
3010009fcb295507,1,5.83,18.18,18.18,14.03,14.03,0,0
17a6a4a6137553cd,1,5.31,15.75,15.75,12.07,12.07,0,0
f6eec3b743985122,1,4.75,13.49,13.49,9.94,9.94,0,0
ecce119989c25ae9,1,4.28,11.45,11.45,8.22,8.22,0,0
752b0c820740589e,1,3.8,9.36,9.36,5.85,5.85,0,0
e46bb2932c0452b2,1,3.28,7.94,7.94,4.46,4.46,0,0
6892e067e25257f8,1,8.23,38.87,38.87,25.07,25.07,0,1
ced087f9c2915f2a,1,7.89,35.83,35.83,21.46,21.46,0,1
ffcc0535b4fa5628,1,7.42,33.0,33.0,19.86,19.86,0,1
670f9d50643c5874,1,6.93,30.23,30.23,18.81,18.81,0,0
b637b5849b475a18,1,6.41,26.81,26.81,17.7,17.7,0,0
126fd1a0d1675f57,1,5.84,23.75,23.75,14.56,14.56,0,0
d798fc24805d5f19,1,5.24,20.64,20.64,12.58,12.58,0,0
6e8b9e53215c58a3,1,4.65,17.04,17.04,10.41,10.41,0,0
1dcac8bb6872533b,1,10.74,62.23,62.24,42.65,42.71,0,1
0774f6d8e3185794,1,11.77,64.2,64.22,46.01,46.02,1,1
bf8a9586c59551f2,1,11.69,63.85,63.87,45.9,45.91,0,1
6bb2c2106e435a57,1,11.59,63.34,63.34,45.85,45.85,0,1
0b0a92d14c3c508e,1,11.49,60.46,60.46,40.34,40.34,0,1
36e789a0e4035ad7,1,11.37,53.7,53.72,40.01,40.02,0,1
f952ad55ab565465,1,11.08,48.19,48.2,34.48,34.49,0,1
2a49de57fddb59bc,1,10.6,44.18,44.19,31.67,31.68,0,1
3c3dfd5b93dc5f54,1,4.62,14.9,14.9,8.45,8.45,0,0
4d7fd20d02ae5ed4,1,3.95,12.32,12.32,6.11,6.11,0,0
fd6c8bf8f80f5f53,1,3.26,10.23,10.23,3.8,3.8,0,0
0748764d9de454ea,1,0.8,8.53,8.53,4.52,4.53,0,0
ab2ac765df3154b7,1,0.67,9.76,9.77,4.25,4.25,0,0
f748ff8ee5be533a,1,0.62,11.1,11.1,4.51,4.51,0,0
7af63267db5c5415,1,0.67,12.29,12.29,4.75,4.76,0,0
702b40dba11550ae,1,0.75,13.63,13.63,6.68,6.68,0,0
b4d9c8edfbda58dc,1,10.05,39.81,39.82,27.12,27.12,0,1
d76955208924513a,1,9.38,35.1,35.11,24.28,24.28,0,1
360d4a6ec45d53a3,1,8.63,30.25,30.26,21.87,21.87,0,0
c2ebbcddd45457f8,1,7.86,25.95,25.95,18.66,18.67,0,0
82fd7dab2b6b5101,1,7.08,20.96,20.96,15.08,15.08,0,0
40f6df731aed5f6f,1,6.33,18.11,18.11,13.29,13.29,0,0
c04b59204ebe55f9,1,5.63,15.36,15.37,10.1,10.1,0,0
d24604c7af87524f,1,4.89,13.1,13.11,8.96,8.96,0,0
546c6d1bfc455f77,1,7.43,26.93,27.06,4.32,4.32,0,0
f9532e6ad0b05fbb,1,6.98,24.25,24.33,13.6,13.62,0,0
c5a2a467d5e25058,1,6.32,22.68,22.71,12.47,12.48,0,0
e933d70dd378598f,1,4.49,14.82,25.27,14.85,18.09,0,0
e2a0ac6a977b5c70,1,4.58,17.05,26.46,15.38,19.62,0,0
62aefe5efb00563f,1,4.75,18.91,27.72,14.86,17.99,0,0
58f3f43098985e77,1,4.9,21.46,28.97,18.07,21.43,0,0
9a4575e2dfd75ffb,1,5.03,24.17,30.05,18.72,21.63,0,0
f8191af1aab95906,1,4.02,6.14,6.24,3.89,3.89,0,0
b5a8b9b436b05bad,1,3.82,3.83,4.41,3.77,3.77,0,0
6ad6e6d54e845206,1,3.36,3.5,3.83,3.71,3.71,0,0
cf1ad202aadb5ee6,1,2.78,3.26,3.37,2.31,2.31,0,0
fb7d83b69f38539f,1,2.06,2.37,2.47,1.09,1.09,0,0
7f62e2a838405444,1,1.29,1.67,1.8,0.4,0.4,0,0
053d94cd59495804,1,3.03,10.48,10.88,10.92,11.22,0,0
4e50c7903a8c5303,1,3.38,10.56,11.07,3.16,3.16,0,0
502fc2f7b9415e11,1,3.69,14.69,18.93,11.62,12.65,0,0
a65539b18da350df,1,3.65,14.86,19.29,11.87,12.89,0,0
659d1e0ce6cd5c97,1,3.73,15.53,19.08,4.04,4.09,0,0
de41a196a12e56d0,1,3.92,15.57,19.34,4.07,4.12,0,0
4d6f4dbf01c2567c,1,4.12,16.17,20.36,4.08,4.13,0,0
816a869e91ae5d17,1,4.31,16.47,20.29,4.1,4.16,0,0
14297ef551f652d3,1,4.51,17.7,20.94,3.42,3.47,0,0
5a8855c7c104596c,1,6.16,22.7,22.72,22.18,22.32,0,0
882a63bc231e5987,1,6.23,22.6,22.71,19.43,19.46,0,0
a2c15720170d5507,1,6.24,19.14,19.26,19.13,19.14,0,0
518661c5f7625f5b,1,6.23,16.52,16.72,17.34,17.35,0,0
3d0c780c0aba552e,1,6.22,13.3,13.32,15.86,15.86,0,0
c60be3c852c55da2,1,6.13,10.81,10.81,14.19,14.2,0,0
c25c6a709afc5552,1,5.97,18.32,18.35,14.52,14.53,0,0
125839faad9a5f7d,1,5.7,16.34,16.38,14.82,14.83,0,0
10c1bbbe7d805eba,1,7.37,28.86,40.58,23.81,26.49,0,0
27f481628fff5c70,1,0.55,10.47,10.47,9.33,9.33,0,0
d6353a288d0b545d,1,0.78,12.11,12.11,9.37,9.37,0,0
85a5db2b47125f31,1,1.05,13.84,13.84,11.02,11.02,0,0
df534bbfbbba5b0c,1,1.46,15.69,15.69,13.85,13.85,0,0
8aae579b8090538a,1,9.31,55.03,55.25,25.05,25.08,0,1
f025b78e77b25fba,1,8.67,53.15,53.67,24.97,24.97,0,1
dac84d4f931e54ab,1,8.13,51.1,51.95,19.38,19.38,0,1
65f236a74a3d53a4,1,7.71,29.64,29.78,4.34,4.35,0,0
db3833e656c256dd,1,3.39,13.35,17.85,11.62,13.11,0,0
f50843b06ec259f2,1,3.55,13.5,18.17,11.6,13.01,0,0
268ab283b4a95126,1,3.53,13.64,18.17,11.57,12.96,0,0
cde6be1eb8f85b3c,1,3.5,13.82,18.37,11.65,13.02,0,0
d3e3c4998ad25800,1,3.63,13.98,18.41,13.45,15.58,0,0
e073c9ed32975c17,1,3.78,14.13,18.4,13.31,15.3,0,0
0057ce5b81c35a81,1,3.77,14.24,18.36,11.78,13.03,0,0
81c5dc6459f75000,1,3.74,14.4,18.46,11.66,12.79,0,0
3f19f97d980754f7,1,1.04,14.84,14.84,7.04,7.04,0,0
8fbca2950de45a7c,1,1.4,16.25,16.25,7.96,7.96,0,0
e6e99834855a5f10,1,0.0,7.19,7.19,5.91,5.91,0,0
b75644dcc9ca58fe,1,0.02,8.83,8.83,7.92,7.92,0,0
e02db4e2c5ed5b76,1,0.02,11.0,11.0,8.48,8.48,0,0
6f6d4e85ebdb5013,1,0.16,12.57,12.57,10.54,10.54,0,0
200bc08880505a6e,1,0.6,14.71,14.71,14.07,14.07,0,0
2d1b94bfdcd35217,1,1.13,17.6,17.6,14.42,14.42,0,0
7f08b90f7a44554b,1,10.84,60.33,60.38,31.41,31.41,0,1
120ae6f1d60a5613,1,10.68,58.93,58.98,31.76,31.76,0,1
c16d549602375cc0,1,10.54,57.15,57.19,31.56,31.56,0,1
311302972dd15a8b,1,9.97,43.99,44.0,30.97,30.97,0,1
2fc619c5acbe54b8,1,9.55,40.39,40.39,27.85,27.85,0,1
5f78b2fcada85eef,1,9.06,37.7,37.7,25.21,25.21,0,1
0db4879927b35dc0,1,8.56,34.81,34.82,23.01,23.01,0,1
c680cd635f095d1c,1,8.17,32.71,32.71,23.09,23.09,0,1
a2b7733806b355ac,1,6.32,14.02,14.05,24.25,24.83,0,0
ca7c752bcdfa5e4d,1,6.43,21.75,22.54,25.41,26.28,0,0
aab1c6b4ac3d57a4,1,6.49,21.71,22.68,25.16,26.08,0,0
3afcfc58857f5790,1,6.58,21.96,22.93,26.98,28.0,0,0
a862b4e7cbc05869,1,6.71,22.39,23.21,28.54,29.43,0,0
4bb645483bf4594a,1,6.84,22.97,23.34,28.15,28.67,0,0
5cbb02f3e0e253e5,1,8.85,36.35,36.36,30.39,30.39,0,1
3ce814811e5252dc,1,8.98,44.33,44.45,30.78,30.8,0,1
605ac5873f015baf,1,12.13,64.63,64.71,40.24,40.25,1,1
712bbcdd69af5f26,1,11.99,64.38,64.42,40.29,40.3,1,1
8c6aed532f8555cd,1,11.83,64.08,64.12,40.15,40.16,1,1
2f482e2df2565b82,1,11.65,63.63,63.68,39.88,39.89,0,1
be0e8eae708f5d4b,1,11.48,63.27,63.31,34.91,34.92,0,1
50ab222cd07b5bcd,1,11.33,62.73,62.76,31.64,31.65,0,1
1f2bbc5cb66b523a,1,11.15,62.07,62.13,34.67,34.68,0,1
5b891b54880f5fab,1,10.98,61.34,61.4,31.63,31.63,0,1
3ae409424da65443,1,1.96,2.48,2.5,0.84,0.84,0,0
a4bf921a024f551e,1,0.0,9.07,9.22,3.55,3.56,0,0
35f448c5566658be,1,0.0,9.08,9.22,3.54,3.55,0,0
2de709220e34507e,1,0.0,9.07,9.22,3.49,3.5,0,0
5c665c5453cc54a0,1,0.07,9.14,9.29,14.68,14.86,0,0
04e3e7c9b4bf5ddf,1,0.48,9.38,9.53,9.06,9.12,0,0
6544f1c9668c58c3,1,2.3,10.94,11.18,11.24,11.37,0,0
de3ea1d3c1e0588a,1,2.95,11.07,11.36,11.34,11.5,0,0
e4007492f3d55374,1,0.71,9.26,9.26,7.19,7.19,0,0
5ab779b8a0995778,1,0.97,10.18,10.19,7.37,7.37,0,0
d11b9fcd004e5270,1,6.04,30.91,30.91,20.55,20.55,0,0
447650d1d57c58b7,1,5.93,30.25,30.25,20.05,20.05,0,0
0fb88262272f5110,1,5.82,28.68,28.68,18.34,18.34,0,0
74cdabf6dd8e5052,1,5.7,27.12,27.12,17.95,17.95,0,0
f2acd82c43fd5490,1,5.58,25.2,25.2,14.63,14.63,0,0
26a78d23b1075252,1,5.28,22.42,22.42,12.6,12.6,0,0
4d6afade8dd35690,1,1.72,20.29,20.29,17.81,17.82,0,0
cb61f2ea159355a0,1,3.85,29.42,29.42,23.31,23.31,0,0
68ea9d09300c5886,1,4.58,32.09,32.09,26.42,26.42,0,1
1712f51cf5df564a,1,11.18,60.05,60.07,45.1,45.11,0,1
a6b4447359075e54,1,11.25,60.15,60.17,44.94,44.95,0,1
15165972946050eb,1,12.16,64.8,64.83,46.11,46.12,1,1
dadda73214d15baf,1,12.17,64.8,64.83,40.13,40.14,1,1
a7eeec2ad80b58a1,1,12.17,64.71,64.78,40.12,40.12,1,1
d7b1d984a0ff5791,1,8.97,44.35,44.52,31.61,31.65,0,1
249c1b68ba355e43,1,8.91,44.19,44.37,31.66,31.72,0,1
94c3ef5a3168570a,1,8.75,44.28,44.39,9.28,9.29,0,1
83873a51bef051ac,1,9.68,45.0,45.0,27.21,27.21,0,1
d5ea47f2ec1550b2,1,9.33,34.5,34.51,25.45,25.45,0,1
b0b98b1a4d1552c7,1,8.87,31.66,31.66,24.83,24.83,0,0
45b494315ca85268,1,8.29,28.54,28.55,22.31,22.31,0,0
7ed454741a7f54d5,1,7.62,25.44,25.44,20.82,20.82,0,0
0b6912dfdcf450c1,1,4.9,12.17,12.56,19.2,21.08,0,0
29163817326a5eab,1,4.92,12.21,12.58,19.61,21.45,0,0
940becbbb9d05594,1,4.93,12.27,12.63,18.26,20.31,0,0
b2b49c0ddec25abc,1,4.98,12.32,12.66,19.96,21.22,0,0
ee5975ff12275983,1,5.07,12.42,12.73,20.07,21.15,0,0
bb74197177cb51b0,1,5.2,12.53,12.83,22.11,22.61,0,0
72808a9b1e7f5f15,1,5.36,12.71,12.99,21.92,22.27,0,0
0d7d0361dc665d25,1,5.51,12.85,13.12,23.74,23.83,0,0
fd765c984c93597f,1,4.78,19.02,19.02,9.02,9.02,0,0
406564d5dc7358f6,1,4.21,15.61,15.65,7.21,7.21,0,0
f722930665045683,1,3.62,11.25,11.29,4.51,4.51,0,0
39f91a002193578a,1,2.82,7.87,7.92,2.17,2.17,0,0
48ee746b1bfb5e7a,1,1.22,4.23,4.23,0.5,0.5,0,0
43fccd5d69235617,1,0.01,8.91,8.91,4.52,4.52,0,0
fd9dc4abc0d357a1,1,0.02,9.55,9.55,5.36,5.36,0,0
831e535bf528567d,1,0.04,9.76,9.76,5.65,5.65,0,0
457acf87bc885550,1,4.1,21.42,21.42,11.01,11.01,0,0
051d26c01f3653ba,1,3.98,19.73,19.73,10.68,10.68,0,0
4fbca0f4292355cb,1,3.86,17.97,17.97,10.51,10.51,0,0
d18b4bcf67b05c57,1,3.73,15.98,15.98,8.74,8.74,0,0
ba9d1824bc8c5e7d,1,3.5,13.94,13.94,7.35,7.35,0,0
79ea5e55d0385928,1,3.16,12.06,12.06,4.92,4.92,0,0
d97108bcdab25c24,1,2.8,10.09,10.09,4.57,4.57,0,0
e404f3b25f405019,1,2.45,6.68,6.68,3.57,3.58,0,0
cd7568df56095ff2,1,4.69,12.01,12.37,16.53,17.11,0,0
6bd5888420e851a1,1,4.65,11.97,12.34,16.34,16.91,0,0
c653006470bf521f,1,4.7,12.01,12.38,16.32,16.88,0,0
5c9063357a725208,1,4.81,12.08,12.47,17.72,19.68,0,0
3f6732f66f695405,1,4.89,12.12,12.53,17.94,19.78,0,0
95ee5b14fb3a5ce0,1,4.94,12.17,12.59,18.24,20.25,0,0
fad0701870e750a5,1,4.98,12.22,12.64,18.4,20.39,0,0
4434242a192c58b4,1,4.92,12.18,12.59,19.76,21.3,0,0
70bf5f0d100d580f,1,3.2,11.14,11.44,8.87,8.95,0,0
cbc6f9e782c950ad,1,3.51,11.28,11.46,14.76,15.03,0,0
dc87013816e059f5,1,3.83,11.3,11.63,15.01,15.54,0,0
974041ac230056eb,1,4.12,11.37,11.83,17.02,18.01,0,0
8790ecedb8ac580e,1,4.88,12.09,12.51,17.89,18.75,0,0
c35a248a5941531d,1,4.98,12.25,12.62,18.0,18.78,0,0
d1225aaedc8a5d48,1,5.01,12.3,12.64,18.01,18.74,0,0
6c08755130155f96,1,5.01,12.32,12.65,18.19,18.85,0,0
9707c6cbc83556f6,1,4.98,12.27,12.61,17.8,18.49,0,0
41bf372d03d95267,1,4.96,12.21,12.59,17.66,18.4,0,0
11de8888bf235231,1,4.88,12.1,12.49,17.51,18.23,0,0
a861711ff302554b,1,4.79,12.03,12.43,17.52,18.27,0,0
49bd1e2dd88457e3,1,4.75,12.01,12.42,17.48,18.25,0,0
4a35a95ee57f5572,1,4.73,12.02,12.4,17.58,18.34,0,0
d151becf4b395f13,1,4.74,12.04,12.41,17.69,18.43,0,0
f3e09f0670d25426,1,4.75,12.05,12.41,17.56,18.27,0,0
d7f6204c325d53fe,1,5.11,12.3,12.67,14.06,14.93,0,0
a1325310017c5057,1,5.01,12.19,12.57,14.11,15.01,0,0
c91c301500e95244,1,4.47,11.72,12.13,8.71,8.79,0,0
e59a5171c33c5af9,1,4.37,9.88,10.22,8.34,8.43,0,0
67d74f48ba2a548e,1,4.2,8.01,8.27,5.37,5.4,0,0
eff63ffe642d5409,1,3.83,6.56,6.76,3.56,3.58,0,0
15bc35249e5656b6,1,3.35,4.85,4.98,3.42,3.44,0,0
184f5d3c75275c6e,1,2.78,3.11,3.11,2.08,2.09,0,0
66e559e29cca52e0,1,3.18,27.61,27.61,20.97,20.97,0,0
6021973f81a75e0b,1,3.13,16.31,16.31,8.59,8.59,0,0
d409347e88455122,1,3.03,14.4,14.4,8.14,8.14,0,0
e485bc6cdd285588,1,2.91,13.06,13.06,6.63,6.63,0,0
569a63e20e845d44,1,2.68,11.78,11.78,5.56,5.56,0,0
e9fcec80707952c3,1,0.74,9.29,9.29,4.83,4.83,0,0
815422a6d14358fc,1,0.73,10.22,10.22,5.0,5.0,0,0
b93262812f855475,1,0.82,10.85,10.85,5.07,5.07,0,0
5e81fdb02c275b17,1,2.04,5.8,5.8,2.08,2.08,0,0
bfb373d958725fc8,1,1.62,4.98,4.98,1.05,1.05,0,0
7508fad57cde547d,1,0.02,7.85,7.85,7.8,7.8,0,0
92aee2a7b815565f,1,0.01,9.53,9.53,7.95,7.95,0,0
9b79840e85be5c10,1,0.24,11.71,11.71,12.03,12.03,0,0
5abef8058afa529f,1,0.81,13.58,13.58,13.84,13.84,0,0
7bbacd116bd75f85,1,8.05,51.2,51.25,36.74,36.75,0,1
d24a3d77682d55b6,1,8.53,53.01,53.07,35.93,35.95,0,1
1d2e6d44fd635391,1,1.22,18.51,18.52,13.47,13.47,0,0
3eaee893ba995c48,1,1.46,18.36,18.38,13.41,13.41,0,0
7b4a9abdf718584b,1,5.52,22.62,22.7,14.8,14.81,0,0
f3572fcbcd285f1e,1,5.67,22.59,22.76,11.33,11.44,0,0
697f7ae6d60f5f2d,1,5.77,22.52,22.62,11.23,11.35,0,0
5c5f0c06d7035bb7,1,5.76,24.4,24.5,9.46,9.59,0,0
210fa74895dc5f52,1,5.69,22.65,22.71,18.44,18.53,0,0
7427658d61b55fb8,1,5.62,22.64,22.67,19.02,19.04,0,0
c2cf3991e2e65486,1,5.88,13.25,13.52,19.41,19.8,0,0
2ee0fbae6edc5e0d,1,5.91,13.37,13.6,22.48,22.73,0,0
5be54baed8b35bd7,1,5.86,13.55,13.55,18.58,18.58,0,0
8f224f01713a5376,1,5.82,13.5,13.51,17.99,18.0,0,0
6de81a38cd7655dd,1,5.71,13.34,13.36,20.77,20.93,0,0
4cca4c982f9855c5,1,5.57,13.1,13.18,19.38,19.65,0,0
82b415fbbc725562,1,5.41,12.82,12.98,16.66,16.98,0,0
94817f3d96fe5072,1,5.25,12.52,12.8,16.18,16.65,0,0
3190b058710b520b,1,6.94,22.39,22.4,17.47,17.47,0,0
936bb410fa70545b,1,6.27,19.61,19.61,15.77,15.77,0,0
20f0988b6050572a,1,5.67,17.01,17.01,13.48,13.48,0,0
5e25570a2f725a17,1,5.12,14.61,14.61,11.68,11.68,0,0
ba3833aabbb85e7b,1,4.54,12.24,12.24,8.84,8.84,0,0
16c38196f44751bd,1,4.01,10.5,10.5,7.43,7.43,0,0
91c479d90ccb521a,1,3.42,8.88,8.93,4.78,4.78,0,0
9ca9d2ce60a35d66,1,2.83,7.53,7.6,3.74,3.74,0,0
27a8d6913e5b557b,1,8.98,49.99,51.93,36.2,37.04,0,1
80df9e4f79c65d4d,1,8.82,42.76,42.76,28.2,28.2,0,1
d7bf550698b55562,1,8.64,40.41,40.41,25.68,25.68,0,1
9a1b2cdfbe7d56c0,1,8.31,37.29,37.29,25.0,25.0,0,1
9cab6ab13a3059de,1,7.83,34.03,34.03,21.19,21.19,0,1
09dc77e888295011,1,7.24,30.82,30.82,18.81,18.81,0,0
9017962112f85d62,1,6.55,27.47,27.47,15.91,15.91,0,0
9204b6df37ec56ba,1,5.84,23.76,23.76,13.96,13.96,0,0
1347c91c511a5918,1,13.54,61.42,61.45,42.67,42.67,0,1
122a6e620fcb5c80,1,12.93,60.24,60.28,39.39,39.4,0,1
e565610cd7b15784,1,12.3,42.32,42.62,33.7,33.74,0,1
07bc26f4b1735347,1,11.77,54.65,54.73,33.65,33.72,0,1
0691c520f834559d,1,11.27,49.78,50.32,30.64,30.7,0,1
5c9d51dc830453c5,1,10.62,44.18,44.82,27.19,27.22,0,1
4db50b60ca1f57f1,1,9.87,38.12,38.5,25.12,25.13,0,1
9d9aced6d8da5f28,1,9.08,20.57,20.57,22.82,22.82,0,0
14d9640a8b9d5d7d,1,4.36,11.15,20.02,10.77,13.54,0,0
5a8a6c9d92935076,1,4.2,9.09,12.83,11.45,14.78,0,0
806b0f2b2ade5454,1,6.26,22.74,23.0,20.71,20.76,0,0
90ed1fb3861c56d7,1,6.09,22.37,22.85,22.2,22.39,0,0
0122ce98b2735558,1,5.99,22.04,22.57,21.87,22.19,0,0
a19d3096f2625fdb,1,5.89,21.71,22.5,19.57,19.99,0,0
0a8612e9d0df52f1,1,5.82,21.61,22.52,19.41,19.93,0,0
53ab46d6ca9d5b68,1,5.82,13.16,13.42,19.35,19.84,0,0
04582784acfe5725,1,8.31,18.99,18.99,19.63,19.63,0,0
a41e9aff2ee457c2,1,7.77,24.73,25.87,17.87,17.9,0,0
f749ff64838c5664,1,7.27,21.64,24.06,14.36,14.39,0,0
3cbb6c030b1e5d19,1,6.63,17.93,22.09,3.96,3.96,0,0
773ae953dba953b4,1,6.04,14.35,20.62,4.07,4.07,0,0
55c604d608af594f,1,5.41,12.34,13.99,11.79,13.18,0,0
9d864c15bf7d5414,1,4.98,11.07,21.95,11.36,13.24,0,0
db4bcafb6d775b4f,1,4.65,11.04,20.95,11.15,13.08,0,0
6efbee464bcd5780,1,8.97,54.7,54.77,36.67,36.7,0,1
870886385ca15345,1,9.32,56.01,56.03,36.85,36.87,0,1
055c41d3c8e75bdc,1,9.5,56.71,56.74,36.89,36.9,0,1
e1ea05ca230f5c42,1,8.3,39.95,39.95,25.44,25.44,0,1
d53ab6056bc85085,1,8.1,37.06,37.06,22.87,22.87,0,1
3f03e086a6d6571d,1,7.74,33.85,33.85,20.77,20.77,0,1
d3b390ffae355616,1,7.32,30.78,30.78,18.97,18.97,0,0
d53c6de1a159537b,1,6.88,27.83,27.83,16.88,16.88,0,0
de310b1492245dab,1,7.48,30.19,42.87,24.72,29.91,0,0
3cd95c48caa05aaa,1,7.43,32.8,44.03,26.04,31.9,0,1
b4d64308573f5bdf,1,7.34,16.27,16.66,25.37,29.84,0,0
e7b0fe1f4b13597c,1,7.3,13.55,14.5,28.06,32.35,0,0
a0b0528663735dbd,1,7.35,16.17,16.56,29.59,33.14,0,0
524ca5715b155976,1,7.54,16.48,16.86,29.7,32.12,0,0
c4a50f520ab75da6,1,7.74,16.93,17.06,32.0,33.62,0,0
3de31c78c86c52b7,1,7.95,49.51,50.62,36.51,37.4,0,1
0ee0eabadd125c7b,1,13.76,67.02,67.09,52.74,52.75,1,1
ce516bdfc6e45d5b,1,13.55,66.83,66.9,49.71,49.72,1,1
0225c61734025867,1,13.36,66.65,66.71,49.76,49.77,1,1
cce0795c7ff05129,1,9.44,44.47,44.48,30.9,30.9,0,1
75c40d79f7135ea0,1,9.16,38.55,38.56,27.88,27.88,0,1
d72d183a16e05cf3,1,9.0,35.02,35.04,25.85,25.85,0,1
685911b9ba8b554f,1,8.62,31.54,31.55,22.51,22.51,0,0
4cbe138f73975e82,1,8.07,28.77,28.8,19.61,19.61,0,0
d6e4774d5cc65309,1,1.75,5.33,5.33,1.21,1.21,0,0
08e03654c0ca5151,1,0.0,8.71,8.76,8.06,8.06,0,0
01a58976a2e45a3d,1,0.06,8.77,8.82,10.28,10.28,0,0
4a2f87a2fd42549e,1,0.37,14.47,14.47,14.54,14.54,0,0
0038810163a05e09,1,1.22,18.41,18.42,16.22,16.22,0,0
0706e8bf25805e91,1,3.95,28.58,29.05,22.9,23.1,0,0
d3484ba53e775a66,1,7.65,29.62,32.6,27.92,30.7,0,0
342596d95a475bed,1,7.77,35.94,38.84,29.59,32.54,0,1
75523a91f0b15884,1,5.53,22.62,22.63,18.07,18.07,0,0
3bc4c087ab1a50a3,1,0.05,14.95,14.95,7.8,7.8,0,0
8f9712da66485b70,1,0.01,14.89,14.89,9.58,9.58,0,0
87e14b8fa1665ee2,1,0.05,14.95,14.95,9.67,9.67,0,0
c928d5d9ddc25082,1,0.36,15.33,15.33,11.6,11.6,0,0
e7116a2035205221,1,1.04,17.02,17.02,13.96,13.96,0,0
6e944f00e04c5f1c,1,8.47,56.14,57.28,34.43,34.88,0,1
f55f99174afa5d7e,1,8.62,57.2,57.9,34.27,34.53,0,1
d9bbf36a9fca56a9,1,10.46,60.68,60.75,42.2,42.23,0,1
55194edb46265f3d,1,10.65,61.2,61.27,40.99,41.02,0,1
4e1da51967095494,1,10.82,61.67,61.72,42.34,42.36,0,1
8564551c362e5f26,1,12.23,64.73,64.78,48.95,48.97,1,1
5111244533fb5d1f,1,12.44,65.08,65.14,49.03,49.06,1,1
a5f5f03bc998578d,1,12.61,65.37,65.43,48.98,49.01,1,1
8f105ffb008c5801,1,12.79,65.62,65.67,52.17,52.2,1,1
9ba2570d6743526a,1,12.98,65.92,65.94,52.23,52.24,1,1
01c019a7360f5445,1,8.8,63.47,63.76,35.13,35.26,0,1
df240e44ad0d5c3c,1,5.23,17.56,17.77,3.8,3.81,0,0
ece3a3dc01cd53d2,1,0.89,9.69,14.18,6.91,6.92,0,0
d16db4733f1e5524,1,0.99,9.3,14.15,6.78,6.78,0,0
f93c0db62e075508,1,1.04,8.71,14.74,6.54,6.54,0,0
d15124ba09f35a70,1,1.11,8.11,15.27,6.96,6.96,0,0
666573b1628a5475,1,1.24,7.23,16.44,7.33,7.33,0,0
045cd0254b3f5ad2,1,1.55,6.01,18.29,9.81,10.19,0,0
1bdfacbfcff75c27,1,2.03,4.71,20.99,11.55,11.74,0,0
dbadf83c8bc85324,1,2.6,4.28,24.49,10.18,11.42,0,0
764bbbaf51f85bd8,1,3.14,5.66,28.22,8.9,14.79,0,0
607b63930d2855da,1,3.68,9.25,32.03,10.71,16.88,0,0
997fb38ac5d75864,1,4.16,14.73,35.55,12.18,19.13,0,0
29a13686ed375688,1,4.61,21.87,38.67,14.73,20.62,0,0
f71e5dcd9df85d97,1,5.04,30.02,41.38,19.38,24.32,0,0
939be40082d9515a,1,5.47,37.78,43.69,23.91,26.93,0,1
c4ba306cfe4f59f6,1,0.25,10.76,10.76,7.43,7.43,0,0
88904a762b5f5793,1,0.5,11.96,11.96,9.0,9.0,0,0
ebc5a6ec11205f0c,1,0.9,13.76,13.76,13.5,13.5,0,0
0aa18dd2372d5e11,1,1.47,15.85,15.85,13.84,13.84,0,0
3078139bae8e592d,1,12.42,60.46,60.46,42.61,42.61,0,1
fb259f736cd55252,1,12.29,58.68,58.68,39.62,39.62,0,1
0a6021edcc74538a,1,12.02,55.69,55.69,36.57,36.57,0,1
04352eb4cb195fde,1,11.61,51.67,51.67,34.44,34.44,0,1
9215943615c45afd,1,3.95,13.39,13.39,7.45,7.45,0,0
6532afe679315809,1,3.45,11.75,11.75,6.12,6.12,0,0
a22de94be8935752,1,2.93,10.29,10.29,4.93,4.93,0,0
0fd48798118057f7,1,2.42,9.08,9.08,4.04,4.04,0,0
4f68cdad89a65c7a,1,2.14,8.05,8.14,3.65,3.65,0,0
56acc09e62b45e21,1,1.9,7.12,7.22,1.96,1.96,0,0
239705f6ca945846,1,1.61,6.29,6.41,1.77,1.77,0,0
400a99ae89275e4d,1,0.18,8.09,8.16,10.03,10.03,0,0
5016bf8ca2ee554c,1,5.96,43.98,46.14,28.37,29.4,0,1
a8db36bc378c599d,1,6.48,47.74,48.24,30.37,30.61,0,1
9f461cae559d5e15,1,7.02,50.67,50.76,34.28,34.33,0,1
e7295df63d0751d2,1,5.85,44.88,44.89,10.24,10.24,0,1
3379515437535154,1,4.76,39.65,39.66,6.74,6.74,0,1
66a924c7d02159cf,1,0.0,17.44,17.5,7.97,7.97,0,0
7edc6539f71a5a79,1,0.02,17.6,17.66,10.0,10.0,0,0
a60f7352182a5e93,1,0.05,17.69,17.75,11.98,11.98,0,0
23ee5a5b9a1a550c,1,7.89,35.63,38.41,29.61,32.81,0,1
cd16888f31015b81,1,8.05,36.42,39.41,30.5,34.24,0,1
ade646d3c19b5bb0,1,8.23,33.37,36.21,31.23,34.88,0,1
4d1a4e9606075497,1,8.44,31.98,35.15,32.06,35.6,0,0
be7004554c8750bc,1,8.7,32.78,35.69,33.7,36.94,0,1
c0e6947e2b455ff7,1,8.95,33.73,36.16,35.32,37.94,0,1
ad84af7b33615884,1,9.14,34.0,35.62,38.46,40.56,0,1
1ecaacbc53a754e7,1,9.31,33.38,34.41,41.09,42.25,0,1
c63599ac19bc5e9a,1,5.45,13.06,13.06,16.2,16.21,0,0
c9614cfb18a953ae,1,5.49,13.12,13.18,14.53,14.54,0,0
269e03fbbb4c5856,1,5.41,12.99,13.09,14.11,14.13,0,0
6bf0e7ba6477572b,1,5.26,12.74,12.93,12.75,12.79,0,0
8f0f0f9061b35356,1,5.07,12.42,12.75,11.88,11.96,0,0
fac7dc214370509e,1,4.73,12.01,12.47,8.31,8.35,0,0
21560b9edc8c5b8c,1,0.0,8.83,9.25,3.49,3.5,0,0
c672f1584cb75697,1,0.0,8.83,9.25,3.54,3.55,0,0
2eac5afe2036526c,1,4.63,35.06,38.22,22.51,23.72,0,1
01329f4a29285dfe,1,8.43,43.95,44.05,29.86,29.95,0,1
4201a91014c852a8,1,8.31,38.06,38.18,24.6,24.61,0,1
096d823b664e5972,1,8.16,50.47,50.77,13.46,13.46,0,1
d3102c58562a5689,1,7.92,40.09,40.41,25.75,25.82,0,1
d754cb22172b5b75,1,7.56,38.03,38.31,4.34,4.34,0,1
58a74755dc6a506a,1,7.12,35.84,36.1,22.07,22.26,0,1
7be1e4f2c85e50a8,1,1.77,15.07,16.07,12.27,12.81,0,0
8deec95251e95c2d,1,0.0,14.87,14.87,7.66,7.66,0,0
09a004a6ded55f7e,1,0.03,14.91,14.92,9.58,9.58,0,0
54e1372d95955eaa,1,0.09,15.02,15.02,11.97,11.97,0,0
b3c1a2ac292d5e3f,1,0.67,16.0,16.01,13.98,13.98,0,0
87100d8379c158cc,1,1.44,18.03,18.03,18.05,18.05,0,0
92e3a80a8f775ce2,1,1.0,16.92,16.92,9.05,9.05,0,0
55644491cba35aad,1,1.13,17.25,17.25,9.1,9.1,0,0
90caeda16d835f42,1,1.26,19.2,19.21,11.17,11.17,0,0
260f5d5245015db6,1,0.01,8.85,9.27,3.54,3.56,0,0
abb9477dd3305951,1,0.06,8.89,9.31,7.92,8.06,0,0
2a94741039ad566d,1,0.58,9.25,9.71,9.92,10.18,0,0
adc1a3a3dd1c501e,1,1.39,10.09,10.66,11.31,11.74,0,0
b88e5601e3055bd8,1,2.24,10.51,11.19,13.55,14.42,0,0
c6c7e6c737cb5f4c,1,3.0,10.63,11.4,13.66,14.8,0,0
8b57a471e74e573f,1,3.61,10.8,11.64,13.48,14.77,0,0
4d48843c558b5807,1,4.05,10.91,11.87,14.52,16.57,0,0
3971312f7bb55ea2,1,5.82,21.2,21.2,14.44,14.44,0,0
8a6fbabba3745db9,1,5.16,16.74,16.74,12.46,12.46,0,0
da668c88a6ef562c,1,4.59,14.62,14.62,10.45,10.45,0,0
948099bc138855b6,1,4.05,12.66,12.67,8.04,8.04,0,0
3bc729311a8a5d48,1,3.53,10.95,10.95,6.56,6.56,0,0
f0297d1838cd5b1f,1,3.08,9.46,9.46,5.08,5.08,0,0
8a8732cf61dd5452,1,2.65,8.14,8.14,3.92,3.92,0,0
42ba77cc2fb05229,1,2.21,7.05,7.06,2.82,2.82,0,0
16dbc607f5f75479,1,10.46,18.78,18.82,8.03,8.03,0,0
d2b3f402ba0f55c3,1,10.25,18.08,18.11,5.89,5.89,0,0
1164ea5308cf5aae,1,10.04,17.26,17.33,35.3,35.74,0,0
5009bb0ce61b5921,1,9.82,46.89,47.99,30.86,31.24,0,1
6efb5186a9e55a68,1,0.85,20.39,20.39,13.64,13.64,0,0
5ae9a8971a6754f1,1,1.68,24.53,24.53,17.48,17.48,0,0
9baf3c1d42b25070,1,5.21,22.53,22.53,17.9,17.9,0,0
81f49ac925aa5781,1,5.37,12.96,12.98,16.0,16.0,0,0
eb72736f2edf5380,1,4.58,21.81,22.3,17.34,17.63,0,0
1212ba4b68e95583,1,4.53,37.76,38.11,16.95,17.05,0,1
efc8eef1e7b551d9,1,0.93,20.81,21.01,6.29,9.13,0,0
17ea7a2cc29957fa,1,4.06,34.94,36.08,19.84,20.16,0,1
406d4391f1205862,1,4.63,37.86,38.64,21.94,22.32,0,1
e0b7d625d3f55cd8,1,5.2,40.55,41.04,24.32,24.61,0,1
b691d77ef9ff5d5e,1,5.51,42.24,42.25,22.9,22.92,0,1
0802a51b0a1d512c,1,2.19,13.45,22.57,2.03,2.03,0,0
3265e31c65705a5f,1,3.97,27.92,27.92,26.83,26.83,0,0
578b2f71b5d750a8,1,4.87,31.45,31.45,28.46,28.46,0,0
2eb015a011ac5fa2,1,1.05,13.22,13.85,13.65,13.65,0,0
622867ce25805447,1,2.08,11.48,21.68,17.99,18.0,0,0
cf696c3ba1995fd8,1,2.61,12.31,23.57,10.56,14.3,0,0
0d74b112df715917,1,4.48,17.43,19.72,5.39,5.53,0,0
667afe1f010351c5,1,4.64,27.11,30.06,5.45,5.54,0,0
98c7a48dd75052ab,1,4.63,21.19,22.2,18.21,19.0,0,0
0c0044f312655c94,1,1.68,12.6,20.69,10.1,10.89,0,0
8d7c5f26b9775cce,1,1.66,11.91,20.73,15.33,15.34,0,0
dd414d3d7d5452f1,1,2.18,11.29,24.23,17.45,17.46,0,0
38ecbc57db7e561c,1,2.81,11.16,26.67,11.24,14.74,0,0
b0bd81048c07524f,1,3.38,12.93,30.07,11.34,16.14,0,0
8d8f5c8c6c29525c,1,3.74,17.03,32.62,11.9,16.43,0,0
04703c86cf5b5a20,1,4.01,23.02,34.61,7.53,8.39,0,0
6c578cebcf47592b,1,4.27,29.44,36.33,15.97,18.1,0,0
4a4bf6e11a875f33,1,8.6,55.45,56.54,36.71,37.08,0,1
db94e239ea1a5468,1,7.32,30.56,30.56,21.15,21.16,0,0
e952dd35343958d8,1,6.77,27.87,27.88,18.09,18.09,0,0
8cf86f67f10f574a,1,6.14,25.29,25.29,16.27,16.27,0,0
c447b75808ee5ea6,1,1.42,14.79,14.79,7.15,7.15,0,0
cfb1ab3fe0185b20,1,1.45,16.59,16.59,11.18,11.18,0,0
953aea8a2a085404,1,1.49,18.42,18.42,16.48,16.48,0,0
418eb2a0ba415e93,1,1.58,20.17,20.17,14.04,14.04,0,0
28ecaf0359ee5029,1,1.95,22.5,22.5,17.94,17.94,0,0
7d5618d384ac5071,1,10.56,44.33,44.33,30.91,30.91,0,1
31013d67978e5284,1,9.98,40.68,40.68,27.08,27.08,0,1
cbb9f6ff18285688,1,9.32,37.06,37.06,25.18,25.18,0,1
c05d72324d015584,1,8.64,33.51,33.51,22.52,22.53,0,1
bf3ea6a284d85269,1,7.94,30.19,30.19,20.99,20.99,0,0
f518d10b147c5398,1,7.24,27.08,27.08,19.05,19.05,0,0
fff690c93ca15495,1,6.53,24.12,24.12,15.91,15.91,0,0
f04d33e677745e8e,1,0.53,9.72,9.72,10.28,10.28,0,0
160d02b02f4d5f77,1,0.8,12.23,12.24,13.81,13.81,0,0
d961ad586b625f55,1,1.3,14.69,14.7,15.99,15.99,0,0
2b3b9bb9f6525589,1,0.06,0.09,0.49,9.46,9.47,0,0
d3a7653499875f98,1,0.26,0.06,0.48,11.72,11.72,0,0
f25881a0f78f5aa9,1,1.74,22.81,23.16,17.23,17.31,0,0
d8d27319eb585277,1,3.54,26.94,28.19,21.23,21.48,0,0
029a9572e05a5914,1,6.37,29.31,35.37,24.8,27.5,0,0
63930f7b3b0e5872,1,6.56,25.18,25.18,15.46,15.46,0,0
1ff55a9fd29a5bf5,1,6.34,21.66,21.66,13.23,13.23,0,0
cf0b2ecc4f4d5ee7,1,5.81,18.63,18.63,11.38,11.38,0,0
c4fbbd685a1953c5,1,5.14,16.32,16.32,9.47,9.47,0,0
93ca181d363358eb,1,4.4,14.46,14.46,7.28,7.28,0,0
8d0697930b5e5df0,1,3.59,13.02,13.06,5.73,5.73,0,0
eb527d130d8d5e33,1,0.25,7.51,7.51,4.96,4.96,0,0
a208267045685266,1,0.51,8.42,8.42,4.79,4.79,0,0
3dfa374651035868,1,0.52,18.64,18.7,14.3,14.3,0,0
d2cac33c80f45434,1,1.41,22.4,22.4,18.01,18.01,0,0
508209397e8f5714,1,0.0,8.79,8.83,3.36,3.37,0,0
9c9944c9e8b3583e,1,0.0,8.87,8.91,3.36,3.37,0,0
fb4ac387cd285171,1,0.03,9.03,9.08,4.64,4.64,0,0
1e9fb68ccf2d5bcd,1,0.05,10.64,10.64,6.29,6.29,0,0
6c321000d6c0527a,1,0.51,12.8,12.8,6.52,6.52,0,0
616ca25e91ac5136,1,1.12,15.91,15.91,9.5,9.5,0,0
9de91fbb8b275885,1,6.41,31.17,38.31,24.81,27.4,0,0
83280d03b9995f85,1,6.54,33.84,41.59,25.15,27.71,0,1
f714eb04f5495273,1,6.74,37.28,44.97,27.22,29.96,0,1
699a6c3e2fc4597e,1,6.99,40.94,47.76,27.72,29.97,0,1
661d0a5bf2735f03,1,7.27,44.6,49.87,30.73,32.8,0,1
bef748e412f85c64,1,7.55,47.83,51.5,32.52,33.98,0,1
422a764bf2dc593c,1,7.89,50.63,53.23,35.47,36.6,0,1
b58a12e346235cd0,1,8.25,52.99,54.85,37.37,38.14,0,1
29c9d694a2a15357,1,8.27,41.01,41.02,23.62,23.62,0,1
b00afb2388cd5007,1,7.81,37.87,37.88,23.28,23.28,0,1
0d95350d8f3b516b,1,7.4,34.18,34.18,19.85,19.85,0,1
555ac2e13627529e,1,6.83,30.2,30.2,17.83,17.83,0,0
e4054a16eede5400,1,6.25,26.55,26.55,14.42,14.42,0,0
cdfc50d75d0c56df,1,5.64,22.84,22.84,8.9,8.9,0,0
a75469eea7815984,1,4.93,19.43,19.43,8.89,8.89,0,0
7eb910e54ef55811,1,4.15,16.59,16.6,7.41,7.41,0,0
4e3fb4e28014505e,1,4.01,9.9,9.91,10.36,10.37,0,0
e36f096910ed562a,1,3.94,7.87,7.94,8.5,8.5,0,0
8cbfcb387ec85461,1,3.81,6.08,6.2,7.33,7.33,0,0
2653ecf542e259fc,1,3.66,4.34,4.53,7.27,7.27,0,0
e69be869445455c7,1,5.67,35.59,35.61,25.27,25.51,0,1
d4358e3962b758ce,1,10.88,53.79,54.41,30.62,30.63,0,1
b8deacee10515f02,1,10.8,53.12,54.04,30.81,30.81,0,1
9bc3ee11944a5bef,1,10.64,52.42,53.58,37.49,37.69,0,1
f8e2454674f75e0f,1,2.7,19.75,20.48,14.32,14.38,0,0
efd0435305f5532a,1,3.17,21.41,21.41,16.24,16.33,0,0
7e8549121120596a,1,3.82,21.85,21.86,21.27,21.41,0,0
0bb3e400083659c7,1,6.11,22.69,22.7,27.02,27.02,0,0
3b6fb25a1e725f29,1,6.83,23.3,23.42,28.48,28.49,0,0
0bf5bbbd53fe5ea6,1,7.53,24.06,24.13,32.83,32.88,0,0
9f841033bc335965,1,8.22,24.66,24.88,30.45,30.52,0,0
b50b8f11d75a5cb0,1,8.83,28.71,28.82,29.3,29.35,0,0
398b056b300955e1,1,1.4,5.35,5.36,1.08,1.08,0,0
6e163d828a555eee,1,0.02,7.04,7.05,10.25,10.25,0,0
8fe72ff0763b5ba9,1,0.07,10.27,10.28,12.74,12.74,0,0
6919cfa3396a52ff,1,0.61,13.48,13.48,15.07,15.08,0,0
ea8e1b52032857e1,1,1.42,17.53,17.53,19.06,19.06,0,0
69c991e96f74541f,1,9.35,46.68,46.68,28.59,28.59,0,1
d1d1cb2c2a5b5a29,1,9.17,43.91,43.93,28.5,28.5,0,1
90693e0d94f05e85,1,8.9,41.11,41.14,26.16,26.16,0,1
9334f5a33c07587a,1,8.2,40.06,40.06,23.34,23.34,0,1
a81fbf9466e05120,1,7.7,36.67,36.67,20.83,20.83,0,1
2e2cc58c9aa450e7,1,7.2,33.27,33.27,18.96,18.96,0,1
86cb3350b50b570b,1,6.7,29.7,29.7,17.36,17.37,0,0
1039f028cca95109,1,6.18,25.87,25.87,15.7,15.7,0,0
f7e52770089e5230,1,5.64,22.32,22.32,13.99,13.99,0,0
291d82d04ec359e0,1,5.08,18.78,18.78,12.11,12.11,0,0
bcac47f590d854a7,1,4.51,15.25,15.25,10.4,10.4,0,0
0e850ac8266c552e,1,3.52,12.92,12.92,6.53,6.53,0,0
93a59ff864b45716,1,3.07,11.1,11.17,4.78,4.78,0,0
54fbe498c745542e,1,2.68,8.63,8.72,3.53,3.53,0,0
b17da95d765b51c4,1,2.1,4.44,4.45,1.28,1.28,0,0
bbf8fd8a87565e05,1,1.42,3.69,3.69,0.73,0.73,0,0
a916c0c016825703,1,0.24,9.3,9.31,12.79,12.79,0,0
9cd4479e1a9355a1,1,1.04,14.02,14.03,18.06,18.06,0,0
d2ce22d49c4c5166,1,2.01,19.24,19.24,20.04,20.04,0,0
e15cc5e1d2f85a26,1,6.84,21.07,21.07,16.83,16.91,0,0
00f925ab5406520f,1,6.52,17.9,17.93,13.7,13.8,0,0
c4c1e92307c55e8a,1,5.9,15.08,15.09,11.65,11.71,0,0
4e1e5dfc07e459cd,1,5.18,12.55,12.56,10.15,10.18,0,0
3aff98e018195468,1,4.57,10.45,10.47,7.62,7.63,0,0
cd2e3c6240d55147,1,4.02,8.35,8.42,6.21,6.21,0,0
0b23b3823c4d57da,1,3.41,6.72,6.8,3.8,3.8,0,0
fd02cd78f5b55d6f,1,2.62,5.16,5.27,2.21,2.21,0,0
248a920cf01751f1,1,0.6,11.03,11.03,14.14,14.14,0,0
33e37f9d760a56b1,1,6.88,32.73,32.73,19.27,19.27,0,1
34a92bb4ef51562b,1,6.77,31.14,31.14,18.82,18.82,0,0
e24d893472bf5ce0,1,6.65,29.22,29.22,17.37,17.37,0,0
817f460a4ad7577a,1,6.48,27.28,27.28,15.19,15.19,0,0
a417154cf84a5426,1,6.15,24.94,24.94,15.84,15.84,0,0
a7d3e71b8ca456a9,1,5.76,22.1,22.1,12.18,12.18,0,0
d796c1764d575153,1,5.28,18.18,18.18,9.85,9.85,0,0
771a9923745f59c5,1,11.88,62.34,62.39,40.4,40.43,0,1
eb0a89861a32518e,1,12.04,62.6,62.66,40.33,40.36,0,1
7c8cb841bdfd5c56,1,12.17,62.87,62.93,46.04,46.08,0,1
b0fe3222f2905745,1,12.31,63.07,63.14,42.39,42.42,0,1
d753a5379cc15b69,1,10.19,63.55,63.56,33.26,33.27,0,1
ddddd9e7e4925db9,1,10.03,61.13,61.24,33.8,33.82,0,1
f15b772180455c2f,1,9.86,56.65,57.41,31.68,31.72,0,1
9790b7cbcd1a5203,1,9.62,51.64,52.35,27.66,27.69,0,1
9a94341d994d5ec9,1,8.52,37.37,37.4,23.54,23.54,0,1
5b20163cab175e68,1,8.11,33.79,33.79,23.18,23.18,0,1
3ff436e401ed5828,1,7.64,29.97,29.97,19.35,19.35,0,0
117372631fc4501c,1,7.06,26.5,26.51,17.77,17.77,0,0
090594c37ce256a3,1,6.41,23.12,23.12,14.21,14.21,0,0
4280b7024092550c,1,5.68,20.06,20.06,11.74,11.74,0,0
2aa64c0ff1f059fd,1,4.9,16.93,16.93,8.47,8.47,0,0
4f98b9b2f76e57be,1,4.1,14.44,14.44,6.23,6.23,0,0
41da8ea7c14754d2,1,4.42,10.97,12.08,14.54,16.7,0,0
d9983fb6d20e5413,1,4.54,10.81,12.09,14.07,16.41,0,0
3b3e36e9d816563c,1,4.51,10.65,12.04,14.37,17.49,0,0
e8ae48e9ca4a58fc,1,4.46,15.1,20.17,14.43,17.59,0,0
8867ae193b7a5ba8,1,4.44,15.21,20.02,13.86,16.45,0,0
86c897328378504d,1,4.57,14.38,20.46,15.48,18.72,0,0
e3bfee2b093e5e35,1,4.85,15.34,20.26,15.62,19.08,0,0
c10ed86969435545,1,5.07,15.37,20.4,15.62,19.14,0,0
896f25f6f25e52e0,1,13.28,66.54,66.59,49.63,49.64,1,1
f80a6f7f4de5564d,1,13.12,66.39,66.42,49.58,49.59,1,1
ab66df989bcc56aa,1,12.95,66.18,66.21,49.56,49.57,1,1
f5f7d39ffe625dda,1,12.81,65.97,66.02,46.35,46.35,1,1
79c024b87e175129,1,12.9,66.07,66.13,49.53,49.54,1,1
1558511dc7b45b86,1,12.97,66.14,66.22,49.29,49.31,1,1
d0818bf765555782,1,12.97,66.14,66.23,49.23,49.24,1,1
07c5114fdb395f8b,1,12.99,66.15,66.25,48.06,48.07,1,1
59ced21f109a5320,1,5.09,15.33,20.43,14.42,17.94,0,0
2595e56a8af75a60,1,5.07,15.28,20.43,15.27,18.94,0,0
7766bcc52078528c,1,5.54,15.7,20.43,9.75,10.6,0,0
1dd4683469e457c5,1,5.64,16.07,20.72,9.95,10.71,0,0
c2ae8e85ce2052ff,1,5.6,16.82,21.1,9.69,10.61,0,0
bbb7e4525bd05d3d,1,6.72,23.06,23.07,24.64,24.8,0,0
61421159b240530d,1,6.89,23.12,23.16,20.87,20.94,0,0
26983ee0a39e5a32,1,6.92,23.52,23.52,19.23,19.3,0,0
a164681774715cea,1,7.61,31.15,31.16,19.61,19.61,0,0
62e7b4eb1cc954ad,1,6.91,28.2,28.21,16.07,16.07,0,0
55e7ff380d7e5491,1,6.18,25.25,25.26,13.95,13.95,0,0
7d3779771cae5d94,1,5.47,22.74,22.74,12.04,12.04,0,0
069dab3272205ecb,1,4.87,20.33,20.34,9.78,9.78,0,0
81e0ac3869b95ef4,1,4.3,17.72,17.78,7.47,7.47,0,0
65107c981e1c568c,1,3.76,15.38,15.39,6.55,6.55,0,0
7aaa1817f97e5e5e,1,3.28,12.94,12.95,5.04,5.04,0,0
2256b2a677aa5509,1,12.95,57.6,57.6,38.52,38.52,0,1
8fe72476d10c552a,1,12.46,54.54,54.55,34.24,34.24,0,1
d6feccacc881504a,1,11.87,51.41,51.41,33.82,33.82,0,1
9bcd2d9e4c0e56b8,1,11.16,48.45,48.45,31.68,31.68,0,1
1cf600346a7e5fc5,1,10.39,45.28,45.28,28.19,28.19,0,1
9ba306d42ab75911,1,9.65,42.22,42.22,27.87,27.87,0,1
d0dc567530ef57dd,1,8.92,38.77,38.77,25.76,25.76,0,1
4e27d27410c85f81,1,8.26,35.3,35.31,23.08,23.08,0,1
cffc9ea8b6ea5920,1,6.55,47.75,47.78,31.73,31.75,0,1
73bf16c0312158a2,1,7.13,48.91,48.94,31.44,31.45,0,1
4e1b2f2152b551e2,1,8.64,56.25,56.27,36.08,36.1,0,1
6389fb6f9d675e3b,1,10.5,59.5,59.51,33.67,33.67,0,1
03a97a30526b5c14,1,10.1,55.33,55.34,32.12,32.12,0,1
5da61ef9efda5191,1,9.64,51.37,51.38,30.74,30.74,0,1
c388df5240dd5f6c,1,9.25,47.42,47.42,28.51,28.51,0,1
5209e1f6a97e592a,1,8.78,44.23,44.24,25.76,25.76,0,1
60e45802b0245195,1,1.84,4.26,4.26,1.13,1.14,0,0
4d2d174465585abf,1,1.18,3.63,3.63,0.5,0.5,0,0
de4ace24443b5b2d,1,2.69,19.93,19.94,15.1,15.1,0,0
575453863ce05f35,1,5.21,27.66,28.62,21.48,21.71,0,0
d546193a3a28587f,1,5.68,14.73,14.93,22.24,22.84,0,0
91aeae3843455c34,1,6.09,28.2,31.98,24.16,25.12,0,0
c0b730b08f685ef3,1,6.42,29.78,33.12,24.06,25.45,0,0
1623cbaee7295b13,1,6.72,29.77,33.97,25.21,27.4,0,0
fb6e02b5752e5754,1,4.64,12.8,12.8,5.93,5.93,0,0
79efd3e82ef059b6,1,3.86,8.35,8.35,3.46,3.46,0,0
7d66b9b9d4df5fe8,1,2.98,4.76,4.87,2.19,2.19,0,0
62fc6bfdfba650ed,1,2.1,3.59,3.59,1.04,1.04,0,0
8ca47b84db7053a8,1,1.31,2.86,2.86,0.52,0.52,0,0
012ca60989175c54,1,0.73,2.47,2.47,0.14,0.15,0,0
1786ef7edac65502,1,0.58,7.5,7.57,2.26,2.26,0,0
9a1b945bf0125d1d,1,0.26,7.6,7.6,10.21,10.21,0,0
8ee20c966e7853c1,1,7.02,27.43,35.91,25.93,29.14,0,0
ee526f78f4ce5d75,1,7.39,29.12,35.21,27.17,32.4,0,0
354e4afad1eb56c2,1,7.75,29.23,36.43,26.86,32.26,0,0
b1e1c1a12339588a,1,7.97,29.71,37.12,25.85,30.71,0,0
13cfa80cabf85b80,1,8.09,31.07,38.14,26.13,30.72,0,0
7ceb065003f25449,1,8.07,35.13,42.17,28.23,32.76,0,1
15d9ac47a2e05a2b,1,8.02,37.36,42.67,29.62,33.13,0,1
40c9fc73f7275730,1,8.08,37.23,39.58,30.29,32.39,0,1
b1e09de4af085129,1,11.04,47.66,47.66,31.85,31.85,0,1
69ed5efe731251d0,1,10.38,43.06,43.06,30.9,30.9,0,1
f24100a519ef5940,1,9.67,37.66,37.66,25.72,25.72,0,1
6b183b48b7175f38,1,8.85,33.17,33.17,22.47,22.47,0,1
92389245b55d579b,1,7.96,28.92,28.92,19.21,19.21,0,0
926d8c9ced715a42,1,7.03,16.13,16.13,17.42,17.42,0,0
d8338aefbb73570f,1,10.27,60.07,60.11,32.25,32.26,0,1
07a6f60eb9795462,1,10.34,60.35,60.41,32.1,32.11,0,1
4dad8cf0704c5c43,1,2.05,4.71,4.73,1.22,1.23,0,0
cebdeff85ac65185,1,1.28,3.96,3.98,0.58,0.59,0,0
c8629b9dd63e56ad,1,10.83,55.87,55.89,43.74,43.74,0,1
94d209006f485164,1,11.16,57.32,57.34,46.62,46.62,0,1
99127f15fd9b5847,1,11.53,58.69,58.72,50.64,50.64,0,1
963ea50b7eb2554b,1,11.9,59.98,60.01,46.56,46.56,0,1
648b875dc34259c2,1,12.28,60.97,61.01,49.56,49.56,0,1
200c447283ed50eb,1,12.62,62.14,62.18,43.15,43.15,0,1
37102588c8ac59ef,1,8.34,39.97,41.27,33.5,34.84,0,1
c9374cc3f2d45d75,1,8.64,42.99,43.45,35.36,35.86,0,1
d32336b185505124,1,10.5,45.3,45.3,30.32,30.32,0,1
8b80580ff95254e8,1,10.35,43.91,43.91,27.26,27.27,0,1
434f74e0c3e25cdd,1,10.0,42.8,42.8,27.27,27.28,0,1
7d2043fe1fd75586,1,9.61,41.29,41.3,27.09,27.09,0,1
2f1edc1ab2b55b05,1,9.15,39.53,39.53,25.0,25.0,0,1
55237cf0b8c45ec9,1,8.62,37.68,37.69,22.97,22.97,0,1
f809d95714a05fad,1,7.99,24.54,24.57,23.48,23.5,0,0
e6095ad750805bff,1,7.65,23.96,24.08,25.06,25.18,0,0
1e8bf2f0e05e58b0,1,2.8,9.95,9.97,3.73,3.73,0,0
4e52e843b10f55eb,1,1.58,5.18,5.21,0.84,0.84,0,0
12f96c65436e56bf,1,0.33,6.84,6.86,4.35,4.35,0,0
861c55d61243570c,1,0.58,8.68,8.7,4.51,4.51,0,0
17631c945bb959f6,1,0.79,10.17,10.18,7.03,7.03,0,0
5f2aad4e03625d30,1,0.99,12.51,12.52,7.47,7.47,0,0
9f5ac897aea35174,1,1.26,14.6,14.61,13.59,13.59,0,0
b826ee4aedc95b0c,1,9.63,45.89,45.9,28.01,28.01,0,1
e16f6f634adf50d3,1,8.86,25.83,25.84,25.16,25.18,0,0
6420c06f99465b53,1,8.75,25.66,25.67,24.04,24.05,0,0
b562ff054b765717,1,8.43,25.21,25.21,18.41,18.41,0,0
ac47687039a75848,1,7.84,24.45,24.45,14.95,14.95,0,0
b711cfd42ac55706,1,7.06,23.64,23.64,12.83,12.83,0,0
08a80ada64475443,1,0.13,15.07,15.07,7.11,7.11,0,0
0c3c5692dcdd5bdc,1,0.04,14.94,14.94,7.24,7.24,0,0
74d1662073cd5fc1,1,0.19,15.15,15.15,8.88,8.88,0,0
9ee5cb5e3908569a,1,13.87,63.54,63.63,41.93,41.93,0,1
8c47d8fc41a55f31,1,13.39,56.95,57.03,38.76,38.76,0,1
cb5ec9cf4fb556c7,1,12.78,53.02,53.09,36.23,36.23,0,1
cd34209eec085b73,1,12.06,47.87,47.95,33.22,33.22,0,1
f938c73be4165c7f,1,11.33,48.95,49.03,30.2,30.2,0,1
dc2a5d567a8e5f17,1,10.52,41.71,41.78,27.26,27.26,0,1
7c0a753f5a2f5230,1,9.66,37.2,37.28,25.12,25.12,0,1
053895d2bfc754f3,1,8.78,31.28,31.3,21.75,21.75,0,0
1741767a7646583a,1,7.84,26.37,26.39,18.92,18.92,0,0
f20518f97cb558d4,1,7.25,21.99,22.0,17.0,17.0,0,0
0f4984d978155b23,1,6.56,17.7,17.71,13.51,13.51,0,0
2a79320a3e3b5239,1,5.82,15.02,15.04,11.32,11.32,0,0
a87eceb632f253c7,1,5.17,11.19,11.2,8.51,8.51,0,0
949a5f17807b5aac,1,4.48,9.0,9.02,5.8,5.8,0,0
ccdb8ab156ba5b06,1,3.7,7.18,7.2,3.68,3.68,0,0
48b6d9fdf22d5a23,1,2.84,5.73,5.91,2.62,2.62,0,0
71220ef085f459fc,1,0.03,11.01,11.02,10.34,10.34,0,0
44c39701a6d65696,1,0.28,13.57,13.58,12.81,12.81,0,0
df7662125da1513f,1,1.0,16.76,16.77,14.65,14.65,0,0
0722adecc3d45ac4,1,11.81,58.22,58.22,36.93,36.93,0,1
a62faaedb18d5b76,1,11.61,57.01,57.05,36.69,36.69,0,1
d4e5d3e55e3751f9,1,11.42,55.65,55.7,36.64,36.64,0,1
f6e9ee0b3a81575b,1,11.22,53.94,54.0,34.56,34.57,0,1
549af9d2e33d5996,1,11.02,52.02,52.09,34.55,34.56,0,1
31222d2fc6f95e0d,1,13.02,66.2,66.3,49.07,49.09,1,1
b4ec906c4dbe5735,1,13.3,66.58,66.6,49.2,49.21,1,1
d4daf5d0fd355401,1,13.0,66.24,66.26,46.17,46.18,1,1
6c00b2782d3b5f6e,1,12.45,65.49,65.51,40.24,40.25,1,1
9c68b0b158bb5d03,1,3.61,33.01,33.01,27.15,27.16,0,1
84358d0871db53dc,1,4.52,37.37,37.37,24.92,24.93,0,1
bbc93f086726531e,1,5.26,41.37,41.38,28.74,28.74,0,1
47a83e9f70525906,1,5.96,44.8,44.82,32.42,32.43,0,1
86027694aed550bd,1,0.91,16.68,16.68,13.24,13.24,0,0
ee7be0b111a85c25,1,1.56,18.31,18.31,15.61,15.61,0,0
6083bfcb495d5f9a,1,7.0,23.59,23.59,21.76,21.76,0,0
01d3726e5bc2576b,1,6.86,23.47,23.47,21.29,21.29,0,0
ffd429cac51751d9,1,6.55,23.22,23.22,17.96,17.96,0,0
e058b97f439c51c7,1,6.13,22.93,22.93,14.4,14.4,0,0
10b19bf49b67574f,1,5.67,22.56,22.57,14.19,14.19,0,0
4abad0cd5fee5f43,1,5.17,21.63,21.63,12.61,12.61,0,0
eb890bda8eb75f6c,1,9.26,44.82,44.95,27.22,27.25,0,1
ce567ba416055525,1,8.91,43.12,44.04,27.13,27.14,0,1
60681597a59d5cf9,1,5.36,16.27,36.58,14.09,14.24,0,0
f51357fd3f59500a,1,4.56,21.24,22.32,20.79,21.64,0,0
512b6941e1335e0f,1,4.84,21.82,22.17,22.42,22.84,0,0
075cf94c3db15021,1,5.13,22.25,22.41,24.51,24.78,0,0
a8a72fb28dc6592b,1,5.44,22.55,22.6,23.25,23.34,0,0
476c5597de1b5455,1,5.77,22.73,22.74,26.74,26.77,0,0
075154c90a0a5d7c,1,0.31,7.32,7.49,4.82,4.82,0,0
d7c78dbb6fb25194,1,0.72,7.56,7.77,2.24,2.24,0,0
91d449d737cc50fb,1,0.74,7.03,7.26,2.51,2.51,0,0
52c6827af61d5b87,1,1.16,7.97,8.64,2.84,2.85,0,0
5d7eedc503ef575c,1,1.19,6.99,7.03,2.54,2.54,0,0
c988ef2f076359de,1,1.02,2.46,2.48,0.5,0.5,0,0
f87414e8321c5fa7,1,0.05,8.63,8.78,5.56,5.58,0,0
5dbf07df40a55d2e,1,0.36,9.07,9.54,8.41,8.48,0,0
f1f69cb418a05b54,1,10.82,49.92,49.94,31.76,31.77,0,1
9aadb4c8a77d5849,1,10.57,47.86,47.88,31.59,31.6,0,1
f640e9a42e215992,1,10.25,45.92,45.93,28.05,28.05,0,1
ad243dacb0315588,1,9.85,44.29,44.3,27.85,27.85,0,1
0fc28fe43e5d5693,1,13.35,64.48,64.51,5.53,5.53,1,1
081b5785002b5962,1,13.52,64.62,64.66,49.52,49.53,1,1
cb163ff9424a5aee,1,13.57,64.82,64.86,49.5,49.5,1,1
ee835ef3f912599c,1,13.04,64.98,64.98,6.57,6.57,1,1
d422c9b6689c52bf,1,12.67,65.78,65.8,46.14,46.15,1,1
624f26fa47485b3d,1,10.05,60.24,60.34,33.85,33.85,0,1
88e453ca4644586f,1,9.74,52.09,52.35,35.47,35.53,0,1
0f7e1062e04e5fb5,1,9.55,40.61,40.91,32.22,32.33,0,1
534587f0abca573b,1,9.37,40.51,40.68,31.76,31.86,0,1
e09425a247f752e5,1,9.23,40.6,40.66,31.18,31.23,0,1
f0d6814d23245178,1,9.08,29.36,29.38,27.99,28.01,0,0
616439dd808d57f1,1,8.91,29.85,29.85,27.81,27.81,0,0
8ab73218fe4a539e,1,3.29,12.51,12.55,4.01,4.01,0,0
4023fa59fcfd5671,1,2.5,10.47,10.52,2.99,2.99,0,0
d858b7c7e6105207,1,0.65,6.82,6.89,3.92,3.92,0,0
254dee7f5f1f5f17,1,0.65,7.56,7.56,3.88,3.88,0,0
46320fa2dc795a5a,1,0.72,8.5,8.5,4.88,4.88,0,0
f6db2434c92450b8,1,0.9,9.52,9.52,7.27,7.27,0,0
aaf90b3acdce5063,1,11.37,55.79,55.8,45.38,45.4,0,1
f231f20bdcb55426,1,11.52,56.29,56.31,45.26,45.28,0,1
1081728e06ca5239,1,13.96,40.87,40.89,43.13,43.14,0,1
e773519a60035714,1,13.8,42.09,42.1,8.37,8.38,0,1
617ceb438e0d5324,1,13.65,40.66,40.66,50.95,50.97,0,1
748d7e95687d5d26,1,13.52,39.45,39.45,43.15,43.17,0,1
0ccd35e238885817,1,13.37,39.98,39.98,43.31,43.33,0,1
767f7fdfb0a356e0,1,13.34,41.38,41.39,48.64,48.66,0,1
960b735b1eac5dab,1,13.4,66.26,66.29,51.91,51.92,1,1
2f9b9537ea1c5018,1,13.35,59.7,59.7,39.08,39.08,0,1
8390620a5e745bfa,1,0.38,9.15,9.29,3.54,3.55,0,0
9e1761b29988514c,1,0.13,9.02,9.15,7.35,7.35,0,0
09e2eda76fde54ae,1,0.04,8.96,9.09,7.45,7.45,0,0
17d8604b0bc65ce5,1,0.44,9.14,9.3,9.05,9.09,0,0
7956fe13f69e53dc,1,2.36,12.76,17.76,10.03,11.99,0,0
60826aa0bcfc5225,1,4.01,20.88,21.64,25.73,26.5,0,0
fa1a3ccade2e50bf,1,1.2,17.46,17.46,7.11,7.11,0,0
10bb4009fdf4513b,1,1.41,17.95,17.96,7.32,7.32,0,0
1e1f35531c5856bb,1,1.52,18.23,18.23,7.34,7.34,0,0
63070010ae7159f2,1,1.54,18.27,18.27,12.89,12.89,0,0
b1c09de2415c5b14,1,1.65,18.53,18.53,10.07,10.07,0,0
29518f7a31945a13,1,1.71,18.65,18.66,6.8,6.8,0,0
ed4bcfb05c405bac,1,5.74,21.95,22.0,18.31,18.32,0,0
662d6c1f51815bad,1,5.61,21.9,21.9,14.94,14.95,0,0
36cdfb296218516d,1,1.33,17.76,17.76,6.98,6.98,0,0
7b8bb16c6e9b512c,1,1.39,17.91,17.91,7.27,7.27,0,0
69966a921d43544d,1,12.94,65.05,65.06,6.56,6.56,1,1
5382d1898c5f506d,1,13.07,65.27,65.28,6.55,6.55,1,1
f47f7733a11d51a1,1,13.42,65.73,65.74,7.06,7.06,1,1
dfb757230bed57d8,1,13.81,66.16,66.17,57.38,57.4,1,1
beeb0c78917a528a,1,14.08,66.54,66.6,52.7,52.71,1,1
21acd3bbf97b5cbe,1,14.34,66.98,67.08,57.08,57.1,1,1
11714a81e1c45a54,1,14.67,67.27,67.4,56.98,57.0,1,1
53f754a75b955383,1,14.89,67.27,67.39,57.34,57.36,1,1
96bc4f4e46f752f4,1,1.15,1.62,1.95,0.64,0.64,0,0
7b429e3d4ad159a2,1,0.73,1.12,1.65,0.11,0.14,0,0
2fd50ca82a7a5df4,1,2.93,10.88,11.24,12.84,13.45,0,0
7f2a06cede325573,1,3.36,10.92,11.31,12.81,13.34,0,0
fb1c9ac223bf5bbe,1,3.83,11.01,11.47,14.15,14.92,0,0
0bab0d24762a596d,1,4.27,11.12,11.7,5.1,5.14,0,0
d615904971e05b5a,1,4.39,11.18,11.83,11.67,12.12,0,0
2e393fad09985c87,1,4.44,11.33,11.97,11.32,11.74,0,0
34787bf8b0d95f31,1,8.72,19.79,19.79,23.23,23.23,0,0
09d424ddf3a558b3,1,8.34,19.04,19.04,19.72,19.73,0,0
00a757f8d4e45f8c,1,7.84,24.52,26.01,16.08,16.09,0,0
1a707ed0d7ba541d,1,7.25,21.14,24.19,12.93,12.95,0,0
ac55c7f072c6528d,1,6.64,17.0,22.34,3.99,3.99,0,0
ca8b5c5ed914507c,1,6.07,13.68,14.84,4.2,4.2,0,0
859dea9ce9215b47,1,5.55,12.39,21.06,4.29,4.3,0,0
0965108c193757a9,1,8.09,24.74,24.75,28.43,28.45,0,0
e826fc97761759f9,1,4.52,19.49,19.49,8.67,8.67,0,0
b3055bb6f80d5167,1,3.96,17.76,17.77,7.69,7.69,0,0
4dd9f8881881500d,1,3.45,15.53,15.54,6.29,6.29,0,0
4899341a782f5409,1,2.93,13.56,13.56,3.99,3.99,0,0
e82216ae03b05bd4,1,2.4,12.13,12.15,2.84,2.84,0,0
32f2729bfe435c65,1,1.95,10.14,10.15,1.98,1.98,0,0
806b014bc8c15160,1,0.0,7.13,7.14,8.31,8.31,0,0
bc958ef21282524c,1,0.01,9.12,9.13,10.27,10.27,0,0
aa1f80806fa35b9f,1,0.97,2.74,2.74,0.81,0.81,0,0
2e90da117016561c,1,0.78,2.51,2.51,0.67,0.67,0,0
615329a491785c3a,1,0.21,8.01,8.02,10.4,10.4,0,0
0f9e883357585ec4,1,0.45,10.45,10.45,12.72,12.72,0,0
876f405da0da5016,1,0.89,12.37,12.37,14.46,14.46,0,0
4f8d9bfa869553bb,1,10.33,28.39,28.42,31.43,31.44,0,0
72fe517eb6fe5e27,1,10.29,22.38,22.83,4.27,4.27,0,0
625a015c1f7c5170,1,9.77,20.08,21.51,30.52,30.54,0,0
d3cbad95b20b5125,1,11.5,56.82,56.84,43.43,43.44,0,1
0613490d89e25d03,1,11.47,55.94,55.96,45.34,45.35,0,1
9f8f670a268550e5,1,11.43,55.85,55.87,45.31,45.32,0,1
fb351801ac245053,1,11.4,55.41,55.44,43.43,43.44,0,1
eaf3255921e35495,1,11.39,55.52,55.56,43.27,43.28,0,1
4cc7fc580fe45bd1,1,11.45,42.36,42.36,43.1,43.11,0,1
26101d0a7f79587c,1,11.56,41.25,41.27,43.2,43.22,0,1
ced4cade3bea53e7,1,11.72,58.56,58.6,44.67,44.7,0,1
0ca7781c66ea5fc9,1,4.87,18.92,18.93,11.63,11.63,0,0
1ed9f27f63645f09,1,4.43,15.17,15.17,8.71,8.71,0,0
63eeb15e6e3e5504,1,3.98,12.15,12.17,7.79,7.8,0,0
a8afec520f035a68,1,3.53,8.2,8.24,6.46,6.46,0,0
677d8d1e838b5793,1,3.02,6.63,6.69,4.31,4.31,0,0
b47df4a21c515394,1,2.4,5.52,5.59,3.04,3.04,0,0
d834813ce20a54e1,1,1.81,4.19,4.19,1.89,1.89,0,0
afd8795214205519,1,1.44,3.69,3.69,1.49,1.49,0,0
5303407715805679,1,0.8,9.47,10.06,7.19,7.24,0,0
cb70f332bc5f5bcf,1,2.2,9.04,11.51,10.32,13.97,0,0
169ccb03f27e589d,1,2.75,9.72,11.69,11.37,14.84,0,0
92d2f07fc6075f5d,1,3.31,10.27,11.81,12.02,15.41,0,0
205cce163e5a5b46,1,3.83,10.8,11.89,13.4,16.58,0,0
6b895016e28d513c,1,4.14,11.22,11.87,14.49,17.01,0,0
3972714235c35bcc,1,4.35,11.31,11.73,14.36,15.54,0,0
ee86c71bc0765fd0,1,4.39,11.07,11.48,14.4,15.54,0,0
d1abb12015175373,1,3.2,11.46,11.52,6.24,6.24,0,0
013456829c0050ce,1,1.67,5.07,5.08,1.23,1.23,0,0
876aec35f98a5280,1,0.14,5.0,5.0,3.08,3.08,0,0
b2e27f20100b54ba,1,0.52,6.15,6.16,4.09,4.09,0,0
9c7fe79bcaed5bae,1,0.6,6.82,6.82,4.26,4.26,0,0
789af91cd1755b7e,1,0.62,7.5,7.5,4.61,4.61,0,0
70b8b9ad6d6f54f7,1,0.69,8.51,8.51,8.7,8.7,0,0
8611c130815150a7,1,0.79,9.64,9.64,8.73,8.73,0,0
83e71223f25a5137,1,8.07,35.96,35.97,21.04,21.04,0,1
af58d13139de5d3f,1,7.55,33.66,33.67,19.14,19.14,0,1
04c8cad554925432,1,7.08,32.14,32.14,19.03,19.03,0,1
9ffd8ba0c7f75398,1,6.66,29.95,29.95,17.74,17.74,0,0
41bddf65c8155bd5,1,6.21,27.77,27.77,15.65,15.65,0,0
c9902a827ade5f45,1,5.88,25.34,25.34,13.79,13.79,0,0
69bc8107e82b54db,1,5.48,23.22,23.22,12.03,12.04,0,0
69f50b1f6c4d5f4b,1,5.03,21.3,21.3,10.49,10.49,0,0
307f28eca5e25b39,1,5.48,24.64,24.64,14.29,14.29,0,0
27ba50b0cfa75e8d,1,5.19,22.24,22.24,12.6,12.6,0,0
7eb33ecbb32d5a60,1,4.81,20.27,20.28,10.37,10.37,0,0
c8b422346e1f5252,1,4.28,17.98,17.98,8.09,8.09,0,0
489facb8ac705f4a,1,3.73,15.11,15.11,6.44,6.45,0,0
971af37715285683,1,3.2,12.53,12.54,5.04,5.04,0,0
4860585d53665508,1,2.72,9.86,9.86,3.81,3.81,0,0
a1ef22ffca3a5993,1,1.66,4.89,4.9,1.0,1.0,0,0
cb52442dd7165211,1,2.77,12.04,12.06,11.34,11.57,0,0
a7fb000f96b35f94,1,2.71,11.24,11.24,9.82,10.0,0,0
994db6ebee835fbd,1,2.71,11.23,11.23,11.06,11.31,0,0
ddc62293e7875556,1,2.72,10.8,10.99,9.97,10.23,0,0
ff4dceb630df54fa,1,2.76,10.7,10.92,9.82,10.13,0,0
e7b269e3a51c5713,1,2.79,10.6,10.85,9.6,9.78,0,0
16f3b92e5d56573a,1,2.83,10.52,10.82,9.35,9.49,0,0
5d47863332065766,1,3.96,11.71,11.76,8.26,8.28,0,0
8eeeb7c3d5b158d8,1,4.25,11.59,12.07,14.43,15.27,0,0
60615c7f766c5a10,1,4.11,12.23,12.66,14.04,14.61,0,0
4cf1c34e608158a6,1,3.94,11.08,11.3,12.83,13.16,0,0
0a4cf95e90d45770,1,3.75,11.28,11.4,14.35,14.72,0,0
9c4e60dd8e9959d8,1,3.57,11.44,11.51,11.19,11.37,0,0
045044cb9f21527e,1,3.38,11.81,11.88,11.35,11.51,0,0
5cdf559f99b859a4,1,3.17,11.43,11.5,11.27,11.45,0,0
0f1d91e077d05381,1,2.91,12.87,13.05,11.3,11.5,0,0
6f2f0885518356ef,1,1.46,18.08,18.08,7.35,7.35,0,0
508cd663b9a85228,1,1.4,17.93,17.93,7.29,7.29,0,0
112cdade50865f4e,1,1.51,18.18,18.18,7.32,7.32,0,0
831a14b3c0bb5c50,1,2.13,8.0,8.01,4.4,4.4,0,0
40660dbe143d52c1,1,2.09,7.03,7.04,4.09,4.09,0,0
6e190fde9f8958f1,1,2.04,6.0,6.01,3.56,3.56,0,0
b61a78b163d654e0,1,1.96,5.12,5.16,2.59,2.59,0,0
008d6e3394a65c1f,1,1.67,3.97,4.02,1.22,1.22,0,0
18d04df0d7e25316,1,6.19,33.16,33.16,18.25,18.25,0,1
f7d2b771e8425c20,1,5.95,30.44,30.44,17.78,17.78,0,0
a38e63debd3256ef,1,5.69,27.8,27.8,14.74,14.74,0,0
79fab476b73a5d06,1,5.41,24.24,24.26,14.54,14.54,0,0
263ad35a0e975eda,1,5.11,21.08,21.08,12.68,12.68,0,0
c081afa672dc56a2,1,4.75,17.88,17.89,10.09,10.09,0,0
c4a4767fa7675875,1,4.26,16.0,16.05,7.68,7.68,0,0
4631b80af7fb5f2f,1,3.69,13.18,13.18,6.47,6.47,0,0
6d024ab27b8e517b,1,4.34,11.53,11.82,5.19,8.09,0,0
d00c78600089543a,1,4.09,11.55,11.76,6.14,6.18,0,0
60a560bfff6f528b,1,3.65,11.25,11.27,5.38,5.41,0,0
5a7626d57d61594b,1,3.1,10.17,10.17,5.5,5.52,0,0
e4ad471729c65fc9,1,2.38,8.42,8.61,3.23,3.23,0,0
7602fcbad344586a,1,1.65,8.77,8.97,3.68,3.69,0,0
ac3410e696505284,1,1.43,9.55,9.77,5.55,5.56,0,0
7e9101f6d01a53e0,1,0.91,9.75,9.9,0.61,0.62,0,0
3953e2236a735999,1,0.9,10.48,10.48,9.03,9.03,0,0
a0b9c3ee286454cb,1,1.05,11.61,11.61,11.53,11.53,0,0
cb84621ac42a5df2,1,4.05,27.73,27.73,24.68,24.68,0,0
4f359b56679c50ff,1,4.49,30.14,30.16,21.48,21.48,0,0
f48e825b763050bb,1,4.95,31.47,31.47,22.95,22.95,0,0
efe1222923b65833,1,5.41,33.38,33.39,23.98,23.98,0,1
9d5e6089bd0d5caf,1,5.82,34.46,34.46,24.01,24.01,0,1
5fed3ec5ed1351c1,1,6.21,35.54,35.54,26.18,26.18,0,1
1f29aa63bc64550d,1,9.21,43.75,43.75,25.75,25.75,0,1
99e900e2392c5e87,1,8.76,41.64,41.64,23.42,23.42,0,1
002a52b0ed5650da,1,8.36,39.16,39.16,23.35,23.35,0,1
4b43cd9b3d3f576c,1,7.93,37.1,37.1,23.62,23.62,0,1
a83d8c6015e85622,1,7.47,34.51,34.51,19.84,19.84,0,1
a2652d512cf35d1e,1,6.99,32.55,32.55,17.97,17.97,0,1
36471f2ea86a54ba,1,6.4,29.77,29.77,15.98,15.98,0,0
1e921882661b5a6b,1,5.86,27.0,27.01,14.82,14.82,0,0
40c083a3c4ff5b45,1,3.27,11.37,11.43,8.44,8.53,0,0
1423dcf83efa5241,1,2.78,10.98,11.25,4.1,4.13,0,0
5517642e588e59d0,1,2.33,10.44,11.15,3.17,3.17,0,0
8959015fc1fe5791,1,1.99,7.51,9.06,3.18,3.18,0,0
c40e41ba1a285e0d,1,1.8,3.76,4.72,3.11,3.13,0,0
5aac73b6f21a5a86,1,1.69,2.99,3.07,2.09,2.1,0,0
59dcc37e3f235412,1,1.58,2.73,2.81,1.73,1.75,0,0
03388b830f975734,1,1.43,2.27,2.43,1.12,1.13,0,0
d5116f0d75b4549d,1,6.54,37.09,37.09,32.01,32.01,0,1
e04d45a55abd5fd5,1,6.86,39.3,39.3,30.76,30.76,0,1
09832085301555df,1,7.15,41.32,41.32,33.41,33.42,0,1
517e199220ca522b,1,13.07,66.26,66.26,49.35,49.35,1,1
e4eebb1bdcdf5ae6,1,13.08,66.18,66.23,48.93,48.95,1,1
3aa2f4406fc750da,1,13.01,66.13,66.25,47.77,47.81,1,1
47a8cb60d2275feb,1,12.89,65.98,66.08,48.4,48.44,1,1
976107b532bb5301,1,12.78,65.87,65.94,48.57,48.6,1,1
7f78c5aac332551d,1,1.34,3.53,3.59,1.22,1.22,0,0
51c83516a5d8585a,1,1.23,3.1,3.17,1.32,1.32,0,0
d83c3b7416f3577e,1,11.76,64.37,64.41,39.92,39.93,1,1
a12c7f84ebd25b1e,1,11.61,64.09,64.12,40.05,40.07,1,1
0db36f777178525a,1,11.43,63.76,63.79,40.0,40.01,0,1
18f485e808bf58da,1,11.26,63.42,63.45,39.91,39.92,0,1
09978bee1b655865,1,11.07,63.04,63.06,37.38,37.39,0,1
68d4846662cd53c3,1,10.89,62.67,62.68,31.3,31.3,0,1
152449b7967c541d,1,10.69,62.22,62.23,31.32,31.33,0,1
4749b2486da65268,1,9.75,40.42,40.42,40.88,40.89,0,1
44894928f21d5e38,1,10.03,49.1,49.12,42.81,42.82,0,1
63b91b18f46a5a96,1,10.34,48.06,48.09,35.88,35.89,0,1
01d061d9a66451ea,1,10.65,52.22,52.29,41.14,41.17,0,1
719a6c965dd55d00,1,10.95,53.53,53.58,40.35,40.37,0,1
01052f67ec24538c,1,11.21,60.48,60.51,40.8,40.81,0,1
3cf9c200e3485696,1,11.49,63.59,63.6,45.53,45.53,0,1
e97ba617b7c059a7,1,9.44,19.22,21.04,30.29,30.32,0,0
4d38d745131c5de1,1,8.99,17.5,20.12,24.39,24.5,0,0
ccd1908db4765e03,1,8.84,16.66,19.59,23.91,24.02,0,0
833545ff73da5eb5,1,8.71,16.82,18.54,15.51,15.89,0,0
5c4c3448f7a1517f,1,8.6,17.24,18.76,15.33,15.58,0,0
073d05efa44b5241,1,8.45,19.03,21.35,26.14,28.54,0,0
861984dda2c458ee,1,8.36,23.82,25.4,22.25,22.66,0,0
04424acda0755c93,1,8.58,28.47,30.98,27.47,27.75,0,0
50f111c89e0958a9,1,9.02,33.38,34.95,40.86,42.18,0,1
179ea24426e95029,1,9.5,39.96,40.71,45.55,46.04,0,1
fd4c64e354f953bd,1,14.52,75.73,76.13,53.23,53.26,1,1
f44600c092b959f4,1,14.63,75.84,76.29,54.86,54.94,1,1
5cdca96b002d5331,1,14.6,75.92,76.26,58.2,58.25,1,1
b32ef3cb010c5903,1,14.61,76.01,76.26,57.89,57.92,1,1
e69f96075afb5d86,1,14.66,76.17,76.33,52.92,52.94,1,1
64883fdea50b5b8c,1,14.71,76.3,76.39,52.66,52.67,1,1
