token,valid,oracle,near_ref,rank_ref,dist_ref,near_pred,rank_pred,dist_pred
5b14b00087b051e3,1,0.9534,0.8235,7,0.81,0.8382,6,0.91
2d357ffc1fdd5c89,1,0.8478,0.7186,21,0.89,0.7417,16,0.31
5bb280e3aebe5a67,1,0.9702,0.0,171,1.1,0.8178,25,0.6
9bcd2d9e4c0e56b8,1,1.0,0.534,97,0.62,0.8728,33,0.49
00f20c2762515d09,1,1.0,0.9668,2,0.75,0.0,236,0.64
b5c2d13e8d5c517a,1,1.0,0.5111,53,0.56,0.8031,23,0.41
e360cb69b8a55a47,1,1.0,0.7529,16,0.64,0.7096,30,0.27
4d7462e08df954a1,1,1.0,0.5916,26,1.14,0.5927,22,0.15
e166284508e554fa,1,1.0,0.4561,72,0.56,0.8224,24,0.32
60f76df7b8a95157,1,1.0,0.9168,5,0.8,0.0,248,0.52
ddaf241c401e560a,1,1.0,0.8642,6,1.33,0.7609,15,0.51
d37cdaefc82d5cb2,1,1.0,0.0,161,0.96,0.501,23,0.32
f2655b7cd5d15a20,1,0.9078,0.0,167,0.83,0.6485,50,0.65
eeeaf1937c015ab9,1,0.9441,0.8062,22,0.49,0.7608,42,0.45
e24e2c91fb5759dc,1,0.9538,0.8913,5,1.58,0.0,92,0.51
69a4cff1f35655ff,1,1.0,0.8363,20,1.46,0.666,149,0.22
15a50c88ab0255ca,1,1.0,1.0,0,0.83,1.0,0,0.61
59db265fc4cf5a41,1,1.0,1.0,0,0.74,0.0,132,0.89
834cf95826ec5c73,1,1.0,1.0,0,0.89,0.9721,2,0.59
a66018d8ad8f594d,1,1.0,0.0,104,1.49,1.0,0,0.9
c7a1cded8d4652e2,1,1.0,1.0,0,1.91,0.9527,3,0.49
e377a0a97c895d9c,1,1.0,0.951,4,0.6,0.9368,5,0.76
ffde3cc525b75021,1,0.8333,0.0,178,0.25,0.6891,46,0.14
5a35f8abb51c5303,1,1.0,1.0,2,0.75,1.0,1,0.48
ad54eadf72625631,1,0.8601,0.0,236,0.42,0.6793,23,0.13
ecdc079932755e4e,1,0.9312,0.5457,39,0.63,0.8982,6,0.3
f4495a91b9fb505d,1,1.0,0.925,4,1.45,0.8711,12,0.54
a9ffe9bb174851e6,1,1.0,0.9194,8,1.06,0.0,44,0.44
f35c6a6f6a1157b3,1,1.0,0.7427,30,0.8,0.8422,13,0.46
52e0d1590e0e529d,1,0.9538,0.9175,3,0.94,0.0,90,0.31
2591ee089f6e5dba,1,0.9509,0.8982,5,1.08,0.8364,17,0.4
48bbe3acc93450aa,1,0.9363,0.0,165,1.0,0.7253,34,0.61
ff4125f507e35f9b,1,1.0,0.0,242,3.2,0.9636,1,0.23
a3af72210c7553c4,1,0.9306,0.8049,8,0.4,0.7108,21,0.34
10c9b6cd8a2e55f8,1,0.8161,0.7992,2,0.33,0.714,4,0.57
b2f8e3b0a7a1565e,1,0.9984,0.9312,1,1.22,0.8387,26,0.23
d94271077f7a5432,1,1.0,0.9833,1,1.32,0.0,121,0.51
da9ee145e2b05480,1,0.8702,0.8073,8,0.88,0.6934,31,0.4
ab4175e25b6c5d76,1,0.867,0.7438,27,0.82,0.7163,33,0.31
8e9e20dde3ed5f0d,1,0.921,0.8377,15,0.64,0.0,186,0.44
0bd89ca329cd55f9,1,0.9544,0.8858,8,0.96,0.7474,31,0.38
667ea4f79faf5baa,1,1.0,0.8956,8,1.13,0.7599,20,0.48
74df9f9decc45b84,1,0.9665,0.732,51,0.58,0.8114,28,0.4
d64b2da8ffb65c16,1,0.9521,0.5777,49,1.21,0.5606,50,0.89
8bebc6662b36505f,1,1.0,0.0,186,1.0,0.7622,10,0.58
7c8cb841bdfd5c56,1,1.0,0.0,121,1.06,0.0,121,0.73
bc7ae4f9eced56c9,1,0.9113,0.0,251,0.88,0.0,156,0.37
f4d95a784b725915,1,0.9192,0.9192,0,0.51,0.525,5,0.72
94ac0f71d5615e4c,1,0.8333,0.0,62,1.6,0.0,62,0.68
ef89947a381a50bf,1,0.9547,0.407,58,0.6,0.8294,16,0.6
eeab709ca6e05d14,1,0.9838,0.81,38,0.3,0.7896,48,0.45
7fa02fbd7287526f,1,0.9672,0.9288,9,1.56,0.9157,12,0.26
67958aa8e9015aaf,1,0.8131,0.7034,37,0.68,0.6539,72,0.09
642a177df62954ad,1,1.0,0.1512,56,1.08,0.0,233,0.42
4bbfb5ec60205e63,1,1.0,0.9621,23,0.89,1.0,12,0.33
659d1e0ce6cd5c97,1,0.9666,0.823,8,0.65,0.6847,25,0.84
578fc7fcef215f0f,1,0.9353,0.7096,44,0.38,0.663,56,0.77
c9ab8a82cfa054ff,1,0.7602,0.3751,15,0.29,0.7393,5,0.29
e9a26f1753a85a88,1,1.0,0.6861,17,0.77,0.4254,26,0.56
f84b6dbc1cd35f61,1,0.9465,0.9134,7,0.46,0.8587,28,0.22
f252e2d96f805926,1,1.0,0.9194,32,0.61,0.9209,31,0.61
0388cd6f1af65029,1,0.8333,0.5902,71,1.37,0.5908,64,0.57
d68601dbb9d45f6b,1,1.0,0.8931,9,1.1,0.8947,8,0.52
5c9c6666d0725c64,1,1.0,0.9241,8,1.6,0.3815,127,1.83
4413dc9f17ab56b0,1,0.9621,0.8389,6,1.72,0.0,181,0.7
14ce4ee85a9c5471,1,0.9349,0.4454,55,0.34,0.772,22,0.29
517530489c455086,1,0.8976,0.4445,68,0.69,0.8127,17,0.51
77db0b134a185494,1,0.9798,0.9391,3,1.08,0.9049,6,0.3
865dfd5f72fa599b,1,1.0,0.9728,1,1.17,0.9275,4,0.53
4023fa59fcfd5671,1,0.8727,0.0,121,0.7,0.7129,11,0.39
fd8299e81b435b94,1,1.0,0.5088,78,0.68,0.8439,27,0.29
50628427853659fc,1,1.0,0.9409,2,1.22,0.0,176,0.43
a627522c77eb526c,1,1.0,0.9266,3,1.2,0.7741,21,0.99
0a77356a8ee85133,1,0.9796,0.9048,5,1.07,0.0,209,0.62
d025c5fb0df05ef7,1,0.9839,0.0,86,1.26,0.0,235,0.65
55644491cba35aad,1,0.8333,0.7093,34,0.6,0.6779,51,0.35
de4facce62b05f57,1,1.0,0.9163,5,0.84,0.0,158,0.43
6d024ab27b8e517b,1,0.9426,0.8783,5,0.76,0.0,231,1.43
a06715f1cb8358c0,1,1.0,0.5334,93,0.42,0.5007,101,0.15
b219a12536715748,1,0.9691,0.0,152,0.81,0.8703,8,0.22
7606dcaf85735093,1,1.0,0.9747,1,1.07,0.8866,8,0.16
1c5019f2bc6052d6,1,1.0,1.0,1,0.49,1.0,0,0.18
37d818085d0f56e8,1,1.0,0.506,50,0.46,0.8631,10,0.42
26b5e3878f2250ac,1,1.0,0.7815,12,0.85,0.7815,12,1.03
8ea6783a7b195706,1,0.9365,0.401,65,0.54,0.743,36,0.35
3d11d1a35e8f500d,1,0.944,0.5705,51,0.53,0.8897,11,0.2
ec64154dcf525edb,1,0.8184,0.2834,34,0.43,0.234,40,0.37
0c0044f312655c94,1,1.0,0.8377,14,0.86,0.7783,47,0.57
ee86c71bc0765fd0,1,0.9759,0.7023,24,0.6,0.0,60,0.62
d2c9ae71df055417,1,0.8179,0.7311,29,0.28,0.7311,29,0.31
749a9bb4860f5cc1,1,0.98,0.9468,2,1.55,0.1559,60,0.26
45878940b52550ea,1,0.8333,0.0,190,0.95,0.5957,26,0.79
747a1e62def55db5,1,0.9711,0.8934,7,1.03,0.0,209,0.51
51a384b48ace570a,1,0.9923,0.0,111,1.43,0.0,111,0.8
0ccd35e238885817,1,1.0,0.8802,26,0.92,0.9095,14,0.67
71f883f1ec8f5e37,1,0.9254,0.7348,82,0.99,0.807,34,0.29
c1cc5d15c3f554e3,1,1.0,0.8001,23,1.91,0.0,253,1.49
059ce9cd10135396,1,0.9232,0.0,167,0.32,0.7741,13,0.61
92135b7bae0b5259,1,0.9007,0.7642,8,0.23,0.7276,12,0.29
3f269e7b5ced51fa,1,1.0,0.9326,7,0.67,0.9087,13,0.1
90314b74c92954d6,1,1.0,0.9436,3,1.07,0.0,160,0.38
8683f3b4797f56e0,1,0.9185,0.532,55,1.64,0.8653,8,0.43
ff5c0e17d20351ca,1,0.8333,0.767,26,0.3,0.2673,152,0.31
0c4f97d3255155e4,1,1.0,0.0,45,1.46,0.0,230,2.52
b156e8110afb5efd,1,0.9034,0.9034,0,1.17,0.4698,15,0.7
3187a6d159fb51d8,1,0.9812,0.7578,18,0.37,0.0,76,0.44
61a7d33a4c3b5977,1,1.0,0.8943,8,0.91,0.8943,8,0.28
7cee421600545b00,1,1.0,0.5931,87,1.25,0.5927,89,0.35
108b8b1ea5fd57ff,1,1.0,0.9171,4,0.68,0.0,248,0.57
f40f57ad82885f04,1,1.0,1.0,2,0.33,1.0,1,0.58
d08756521e64547e,1,1.0,0.9306,4,1.1,0.8939,7,0.39
ef51ebb0662159d9,1,0.9719,0.9254,5,1.07,0.8976,9,0.82
0751ef23000050f8,1,1.0,0.0,213,0.6,1.0,1,0.2
1424caab55de5db7,1,0.9784,0.8968,6,1.58,0.8968,6,1.03
a807cfefb041572b,1,0.8236,0.6934,28,0.14,0.7187,23,0.28
29a576f5351a5162,1,0.9354,0.832,6,1.33,0.0,230,0.6
9d0ff46ac79e5e0b,1,0.9698,0.9228,2,1.62,0.8933,4,0.89
4f21925f1a7c5983,1,0.9702,0.8059,13,0.51,0.7463,19,0.3
a02d58c7e9ee50f5,1,0.9637,0.3213,25,0.6,0.7204,6,0.9
87f7b4b94e2b5264,1,0.8527,0.0,197,1.11,0.8093,10,0.5
5d9e2570d7565e91,1,1.0,0.0,78,1.92,0.8347,10,0.73
94817f3d96fe5072,1,0.9184,0.0,105,0.76,0.0,230,0.57
6f4f660648e15c84,1,1.0,0.0,251,0.31,1.0,1,0.5
8733d5cc8ae956df,1,1.0,0.9472,4,1.33,0.9178,6,0.57
0324b2d1ca2e5b6e,1,0.8333,0.2803,123,0.18,0.2919,122,0.4
d5b18d6105c25004,1,0.9814,0.77,17,1.03,0.0,138,0.42
fc0d202904585a6a,1,0.8333,0.7108,36,0.33,0.6441,72,0.32
f1ae86b9b6a75893,1,0.936,0.0,152,0.24,0.7744,40,0.44
fd99b81c7f2b5ed7,1,0.9457,0.8882,5,0.78,0.8579,9,0.69
4f2041f942aa5630,1,1.0,0.8585,9,1.46,0.7754,55,0.41
d12fdbd7f3265051,1,1.0,0.9162,7,0.6,0.0,81,0.35
ec7ec2875d5f5fe9,1,0.9751,0.5296,45,1.34,0.0,127,0.79
a8ca647927f25ae9,1,0.8874,0.698,51,0.59,0.6861,58,0.29
87554f4ef47252e4,1,1.0,0.9657,3,0.84,0.872,34,0.4
0bb3e400083659c7,1,0.9287,0.7871,34,0.72,0.0,231,0.38
1ac0023fd2655313,1,1.0,0.0,154,0.4,0.7253,25,0.48
8be5583b37785664,1,1.0,0.986,1,1.26,0.9357,6,0.37
7444ae8aea51554e,1,0.9193,0.8345,6,0.74,0.0,50,0.61
fd9b66480e895706,1,1.0,0.755,25,1.11,0.755,25,0.54
418eb2a0ba415e93,1,0.8225,0.7339,42,0.26,0.7339,42,0.33
0c5365f52bac5785,1,0.9777,0.0,50,0.91,0.8363,8,0.46
0dc3dee5c8815a90,1,0.8016,0.7149,11,0.25,0.6771,19,0.53
d0d1b5bd3b83551d,1,1.0,0.9252,2,1.15,0.8343,7,0.64
c2ae8e85ce2052ff,1,0.9293,0.8216,6,0.54,0.0,69,0.82
454446c80b625c47,1,0.8905,0.4516,42,0.78,0.8121,8,0.43
a6706582212458bb,1,1.0,0.9173,2,0.92,0.0,196,0.47
46aea2dcb1485353,1,0.8333,0.5987,26,0.51,0.5933,34,0.39
ecaca52a9b295117,1,1.0,0.9737,2,1.82,0.9737,2,0.7
695cc61845975896,1,1.0,0.0,215,0.83,0.0,205,0.81
2ee8d10b988c58b2,1,0.8481,0.7257,34,0.43,0.7257,34,0.22
8d27cb5d1d1e5ad1,1,1.0,0.0,119,1.3,0.0,232,0.7
3efebf87894a552e,1,0.8333,0.6691,20,0.46,0.6508,26,0.28
bc63d7f1ab7759ee,1,0.9302,0.0,193,1.87,0.8733,4,0.66
6e0bfaa448c5587d,1,0.9318,0.83,7,0.75,0.7965,14,0.62
d15124ba09f35a70,1,1.0,0.8121,23,0.5,0.7042,73,0.34
0480033cdea65921,1,1.0,0.9066,20,1.06,0.8642,30,0.22
08684d8a5d675f4a,1,0.9564,0.7619,38,0.28,0.7267,40,0.32
9c4e60dd8e9959d8,1,0.8328,0.7143,17,0.55,0.7492,9,0.53
29143e2319415eec,1,0.8333,0.7006,38,0.46,0.741,21,0.35
7c75567759e15900,1,1.0,0.0,217,0.48,0.8083,7,0.2
816c515aa3dc5462,1,1.0,0.9245,6,0.78,0.8749,19,0.29
0670d0c81a5550c4,1,0.9167,0.0,228,0.71,0.0,222,0.36
8060b1342b775188,1,0.9291,0.9196,3,0.53,0.8766,7,0.41
ba8dead3eb765a14,1,0.6945,0.0,213,0.46,0.6521,5,0.28
a984f0459c1055d5,1,0.8333,0.0,249,1.17,0.0,70,0.93
8cee2a96b57d58ba,1,0.9527,0.0,214,0.68,0.0,131,0.92
ccb2ae93b23b5826,1,0.9933,0.9888,1,0.39,0.9446,3,0.21
ab9d0f7542805d20,1,0.948,0.0,141,0.86,0.7888,14,0.53
dd2bc3e6bb8353b8,1,0.8333,0.6696,36,0.38,0.6341,50,0.11
17cac31ef9135faf,1,0.8509,0.6857,49,0.69,0.63,76,0.2
47af60921ec65144,1,1.0,0.9278,6,0.83,0.7412,15,0.86
f105b1f7e3a65303,1,1.0,0.0,87,1.34,0.8815,5,0.44
cdac2937953e5398,1,0.9936,0.9893,1,0.72,0.9468,3,0.38
ec3a67acceec55cc,1,0.7422,0.0,157,0.72,0.6609,9,0.22
87751a071a7e50a4,1,1.0,1.0,0,1.14,1.0,0,0.29
0a3caedd4a7c5394,1,0.9298,0.9298,0,0.37,0.8678,7,0.24
42545a072b1a5820,1,1.0,0.9419,4,1.4,0.9235,7,0.56
a78e1f18f3b255d8,1,0.9484,0.5627,48,0.53,0.8484,20,0.07
b5d72ce63e11581b,1,1.0,0.9527,3,1.78,0.9143,7,0.43
ae07a1ea49135359,1,0.9321,0.9291,1,0.99,0.7789,14,1.06
2352aa62dbbe58d2,1,1.0,0.0,135,1.59,0.0,54,0.56
ebffacdb3be25252,1,1.0,0.0,244,0.32,0.0,244,0.31
b5823453f7875542,1,0.9778,0.7104,35,0.76,0.8304,8,0.52
e805310ff3055efa,1,1.0,0.0,108,0.61,0.7344,19,0.4
e8e49013253b5e7c,1,0.8333,0.0,118,1.01,0.6729,40,0.3
93bdcee4c814567c,1,1.0,0.9066,5,1.35,0.8515,9,0.41
0c931f9db55e5fcc,1,0.9411,0.7711,14,0.7,0.7165,22,0.42
2f6ef141a25657e5,1,0.9738,0.9117,3,1.34,0.8566,8,0.94
c2156c6760fd55b5,1,0.909,0.0,235,1.34,0.7122,39,0.49
44f75400f3a15c14,1,0.9747,0.9488,1,0.75,0.0,204,0.56
090d6a17e77d59b5,1,0.883,0.3994,30,0.37,0.7754,6,0.47
3265e31c65705a5f,1,0.8547,0.7997,17,0.21,0.837,1,0.39
782f0fff66145718,1,0.8945,0.8557,6,0.95,0.394,124,0.6
624f26fa47485b3d,1,1.0,0.9662,4,1.42,0.8892,20,0.49
bc667a4fc0f454d7,1,0.9352,0.0,82,0.44,0.0,133,0.86
fec68cb4b42a5b30,1,0.9516,0.8995,8,1.23,0.0,185,0.44
a76311c957b05f8c,1,1.0,0.9294,7,1.08,1.0,0,0.92
7c57d68b038450cd,1,0.9345,0.778,27,0.42,0.8311,12,0.12
9170b75b8a3f527f,1,0.9713,0.0,77,1.3,0.8376,13,0.64
ced5e9f4d448524e,1,1.0,0.8972,8,0.48,0.8368,15,0.59
1786ef7edac65502,1,0.9447,0.0,28,0.92,0.6788,11,0.21
557fe4dc6b2a5c76,1,0.8653,0.6986,26,1.24,0.7123,23,0.21
5667135252dd528a,1,0.9003,0.7567,26,0.55,0.6455,83,0.47
81161847b27b5bad,1,1.0,0.5131,31,0.53,0.8279,13,0.19
d84b338d48335e67,1,0.98,0.0,84,1.51,0.7104,24,0.67
49bdbf5ee25c5024,1,1.0,0.9254,4,1.52,0.0,208,0.7
eb2304df049d5ce3,1,1.0,0.9694,2,1.03,0.0,188,0.61
69b32d0447ac5c28,1,1.0,1.0,0,0.32,1.0,0,0.59
5624b4732b135079,1,1.0,0.9328,1,2.45,0.9328,1,0.33
ee8a391c71ab5f5f,1,0.8547,0.732,39,0.62,0.7026,59,0.26
27725219ce8a55ff,1,1.0,0.9552,4,1.01,0.8907,20,0.26
8b7212ba11ec5f3b,1,1.0,0.0,135,1.08,0.855,16,0.48
2b2484954fc85b54,1,1.0,1.0,0,0.4,1.0,1,0.13
53834451cfa75fd0,1,0.7634,0.0,210,0.88,0.6805,12,0.46
a120ebfcfb775487,1,0.8333,0.6688,37,0.39,0.6893,27,0.47
5a2e2da8e6b75138,1,0.9378,0.7832,8,0.99,0.0,229,1.41
86536c24d4805ac7,1,0.9006,0.4204,33,0.42,0.7316,15,0.25
491a9b7a44225a75,1,0.9454,0.0,51,1.13,0.0,66,0.87
6f07313e88ab56fd,1,0.8333,0.0,68,0.96,0.0,68,0.93
bc692afe313d50ee,1,1.0,0.5974,82,1.09,0.5937,91,0.5
1542482ff0ad537e,1,0.9597,0.8732,2,0.53,0.8248,10,0.33
433d630eed9d5f3a,1,1.0,0.9729,2,0.95,0.9631,3,0.71
1b5521472b795718,1,0.734,0.6714,5,1.13,0.4717,10,0.72
300226e9649b51fd,1,1.0,0.9106,8,1.3,0.8756,12,0.46
c67262b6c33b5b0f,1,0.919,0.0,62,1.06,0.0,215,0.62
0defa8939c9851ea,1,1.0,0.0,192,1.0,0.0,223,0.51
9f1d535f158c5758,1,0.7973,0.0,216,0.98,0.6688,15,0.29
825663ce94fe5df1,1,1.0,0.8814,7,1.2,0.7902,50,0.49
9972c06c954b5770,1,1.0,0.446,18,0.59,0.446,18,0.76
284fd1657c8659e1,1,0.9182,0.8349,15,0.78,0.8373,13,0.52
8f105ffb008c5801,1,1.0,0.0,123,1.06,0.9691,2,0.38
6b97412307ad5c16,1,0.9932,0.0,15,0.92,0.971,2,0.65
066c0c3f45915cba,1,1.0,0.7448,69,0.36,0.9396,8,0.77
c0a14b9e841a5aee,1,1.0,0.0,242,0.5,0.6984,12,1.13
1b18327179f15a8f,1,0.886,0.8166,14,0.79,0.8166,14,0.47
be382c6340e75946,1,1.0,0.4166,24,0.7,0.4166,24,0.5
9a1b2cdfbe7d56c0,1,1.0,0.4602,144,0.37,0.8277,49,0.51
6bea22b0ee0e5929,1,0.9707,0.0,115,0.6,0.0,186,0.59
d81b6324477757dd,1,0.9565,0.8375,7,1.71,0.8375,7,0.67
8a8bf2275db85432,1,0.845,0.7495,29,0.65,0.7701,20,0.48
0f42590c7ad65eb4,1,0.8333,0.7335,29,0.34,0.7486,20,0.2
e699fb1c75b95e57,1,0.9479,0.8173,13,0.46,0.7615,33,0.16
2d2a1f08e4895258,1,0.8607,0.7336,18,0.74,0.7854,5,0.14
31c26928703053d2,1,0.9625,0.0,222,0.29,0.9172,1,0.3
59402b7bd60b5da7,1,0.8333,0.6725,65,1.14,0.5926,113,0.21
a08bb182c3d558da,1,0.9119,0.7439,28,0.82,0.7164,34,0.3
70b8b9ad6d6f54f7,1,1.0,0.7603,19,0.5,0.8748,8,0.26
95fa228136aa55d1,1,1.0,0.9051,4,1.43,0.0,21,1.02
87b2c0e49070537f,1,1.0,0.0,216,0.61,0.6909,16,0.44
83cb0b794de45f7e,1,0.9864,0.9149,6,0.84,0.4369,69,0.44
0f536eebc58d5ff4,1,1.0,0.0,70,0.58,0.7837,31,0.49
71ed3e4fcadc5322,1,0.8929,0.4027,48,0.38,0.7219,29,0.43
bdffdc5fc2fa542b,1,1.0,0.5309,73,0.48,0.8648,21,0.38
fe469d42385259e2,1,0.9017,0.8136,27,1.47,0.8136,27,0.72
3f664a7d5f5e5bba,1,0.85,0.3023,32,0.4,0.6913,9,0.2
4356c31443585d79,1,0.9763,0.9763,0,0.96,0.4463,53,0.48
ee9a17a589805c85,1,0.8734,0.0,136,0.91,0.702,36,0.46
f5af188b17e85ef0,1,0.9565,0.0,53,0.89,0.0,14,0.7
a0e9cbedca0a56b7,1,1.0,0.9357,5,0.85,0.0,127,0.54
49d613966f25569b,1,1.0,0.857,6,0.71,0.8235,9,0.31
cc65333a2182508c,1,0.8553,0.7728,13,0.61,0.6374,56,0.44
c9150b81da695ae9,1,1.0,0.7929,32,0.89,0.7348,64,0.42
9c45919236c051c0,1,0.7313,0.0,149,0.91,0.6293,21,0.4
0e9d524cb7ab5e2a,1,0.9437,0.6943,74,0.75,0.822,23,0.52
afa8102c20685ec5,1,0.8116,0.7259,38,1.15,0.6735,84,0.4
2a48beb84af65349,1,1.0,0.0,247,1.5,0.7888,25,0.36
4fbe9cf1d64d58ef,1,0.8516,0.0,81,0.36,0.7291,17,0.74
eed4abcb01455af9,1,0.8414,0.0,179,1.4,0.7498,24,0.29
db3833e656c256dd,1,1.0,0.93,4,0.89,0.8747,9,0.48
b27e6e6bf91d59be,1,0.8333,0.7048,29,0.2,0.6631,50,0.17
8a843c4264a35d16,1,0.9571,0.0,145,0.88,0.9507,1,0.35
3b3e36e9d816563c,1,1.0,0.0,71,0.92,0.9024,9,0.31
97b8b4204a2a5484,1,0.8333,0.6484,50,0.82,0.6523,49,0.27
3ef30aa787de56fa,1,0.8333,0.7122,24,0.51,0.736,15,0.45
a152c8cad6625d6a,1,1.0,0.3838,51,0.67,0.7713,15,0.55
7c150adbe5225f20,1,0.8968,0.4169,50,0.7,0.821,5,0.36
8840042ede42578a,1,1.0,1.0,0,1.42,0.9176,5,0.39
496b53024fb657ae,1,0.9332,0.0,176,0.94,0.9018,5,0.35
4b5846fcc3725b95,1,1.0,0.9406,4,0.7,0.7168,31,0.99
1753feeb7c0e552c,1,0.771,0.757,2,0.45,0.6869,4,0.45
8b6aa9462f5157b3,1,0.7977,0.0,91,0.51,0.7773,4,0.43
eff5b15eb0935b33,1,1.0,1.0,5,0.48,1.0,4,0.48
043839beb58a5dad,1,0.9709,0.9268,1,1.61,0.8426,8,0.63
a0707360c69459d4,1,0.9698,0.7277,29,1.27,0.0,90,0.41
442b2cf63c6f570a,1,1.0,0.8795,6,1.36,0.8251,10,0.7
1fc5ab19306f5a47,1,0.8504,0.0,235,0.85,0.7905,6,0.4
13848a5be84f5a4a,1,0.9844,0.9844,0,1.02,0.9324,3,0.64
2aa64c0ff1f059fd,1,0.821,0.0,214,0.43,0.7054,13,0.3
674e6f0f529a51f7,1,0.7408,0.14,32,0.55,0.7293,2,0.4
e82216ae03b05bd4,1,0.878,0.0,67,0.78,0.7827,6,0.46
b83ed953a4105ddc,1,1.0,1.0,3,0.7,1.0,4,0.3
786c64badbb15a9c,1,1.0,0.6317,18,1.26,0.9641,8,0.95
de41a196a12e56d0,1,1.0,0.8185,9,0.6,0.6841,23,0.87
e22c42694be05703,1,1.0,0.0,82,1.31,0.8145,4,0.45
6a947d290fe257ce,1,0.8966,0.8354,7,1.34,0.8372,6,0.52
f11cf1d1b58454d8,1,0.8581,0.8397,1,0.52,0.8265,3,0.33
132307b3c1a55f97,1,0.9467,0.0,242,0.68,0.7037,8,0.53
d6641a8596f25d47,1,1.0,0.6158,22,0.9,0.6158,22,0.45
26ca54769df65193,1,0.9226,0.5161,52,0.41,0.0,130,0.36
e59fd69b1be85258,1,0.9159,0.8249,8,0.69,0.7532,26,0.15
e1886e081b945907,1,1.0,0.0,223,1.96,0.9469,4,0.56
9d626ce291e85889,1,0.856,0.8106,7,1.08,0.8278,2,0.35
42dc421e37c154e5,1,0.7937,0.72,18,0.45,0.7658,4,0.26
ce2de8af70e05a57,1,1.0,0.902,8,0.53,0.8302,43,0.44
d98a25449e205e55,1,0.8333,0.7725,7,1.69,0.7066,19,0.83
5ea36cebd2575b16,1,0.9436,0.9113,2,0.43,0.9113,2,0.6
da36c99454f65715,1,1.0,0.0,91,1.05,0.0,203,0.43
93ff1c769e6f5507,1,1.0,0.0,38,1.2,0.5667,9,0.72
4bc96604c1c85606,1,0.963,0.6835,29,1.93,0.716,24,0.38
b4797f8fbe08559f,1,0.9003,0.751,13,0.77,0.751,13,0.29
36037c6abc0558dc,1,0.8957,0.7851,17,0.26,0.7697,21,0.17
b1e1c1a12339588a,1,1.0,0.9098,11,0.84,0.9531,4,0.95
a09e4156f577568a,1,0.952,0.6739,27,1.04,0.6327,30,0.44
9b09b277214d5623,1,0.9867,0.9285,6,0.72,0.948,4,0.3
ab872f589011527d,1,0.912,0.0,168,1.23,0.8138,10,0.57
a65539b18da350df,1,0.9652,0.8462,7,0.76,0.8199,11,0.51
75ffe77189e95d43,1,1.0,0.9703,2,1.05,0.0,249,0.74
0dd9b379a2e3595f,1,0.8565,0.789,2,0.99,0.71,7,0.23
aff2f948de815a32,1,0.968,0.4052,54,0.55,0.7777,20,0.47
c2cf2b10f7e953c4,1,1.0,0.0,223,0.81,0.8404,14,0.43
83b935eff1815935,1,0.9664,0.4595,44,0.7,0.1519,82,0.41
3f188244418552d9,1,1.0,0.5958,86,1.01,0.5935,96,0.55
ad2bbc4542205912,1,1.0,0.8443,3,0.52,0.7926,12,0.33
a728ab8233415a86,1,0.8964,0.7947,12,0.89,0.7309,31,0.36
ae06592110305073,1,0.8333,0.0,74,0.73,0.0,132,0.41
e76cb8b17f8f51f3,1,0.8366,0.7214,14,0.44,0.7512,6,0.53
648b875dc34259c2,1,1.0,0.0,132,0.96,0.0,174,0.25
16e645697d7559b3,1,0.9964,0.0,174,0.87,0.0,119,0.84
c64f55518a18575b,1,1.0,0.8275,20,0.56,0.805,26,0.12
63573ea2fdb85b0e,1,1.0,0.8691,9,0.72,0.7187,40,0.8
5c4c3448f7a1517f,1,1.0,0.8082,22,1.61,0.0,99,1.08
5603aa72d59e58b2,1,1.0,0.5347,15,0.57,0.9067,3,0.15
56464bef8d91590f,1,0.9327,0.8369,15,1.16,0.7658,34,0.48
f42bdbb0a30c5854,1,0.8588,0.7661,15,0.54,0.7661,15,0.54
c65ad538a2275dd8,1,0.8923,0.8923,0,1.03,0.7013,11,0.8
8b5d8d7c95925564,1,1.0,0.0,224,0.34,0.8443,22,0.26
09779eb483435cab,1,1.0,1.0,1,0.18,1.0,4,0.47
fb43d35afc375bb2,1,0.8333,0.7434,25,1.25,0.7789,10,0.62
59159c92e5d9571d,1,1.0,0.4612,124,0.48,0.829,32,0.41
a9f07bb60bd75461,1,0.9283,0.8975,1,0.7,0.8269,10,0.26
6cbc045e25c2506d,1,1.0,0.7575,14,0.36,0.8004,12,0.41
bfbc82c4f65a5208,1,0.7036,0.0,36,0.93,0.6546,4,0.54
757fb1d7679c5dc2,1,1.0,0.8793,6,1.51,0.7729,30,0.55
953aea8a2a085404,1,0.8333,0.7367,47,0.19,0.7651,27,0.22
3bcb5a54eca95746,1,0.6105,0.598,8,0.36,0.5923,15,0.36
e69be869445455c7,1,0.914,0.827,12,1.12,0.8278,11,0.76
6c8af7c93b5751c4,1,0.9745,0.9481,1,1.1,0.1641,74,0.32
1f54430427975391,1,1.0,0.0,166,1.28,0.9289,6,0.22
77218354c5c25657,1,0.9096,0.6441,25,1.66,0.0,224,0.56
87b32a1aeeb85613,1,1.0,0.9629,2,1.69,0.9407,4,0.21
9bfe6fa481105f43,1,0.9325,0.5439,47,0.44,0.8388,14,0.41
18d8181124185dfa,1,1.0,0.954,3,1.25,0.0,210,0.24
63768cbe8b2d5c65,1,1.0,0.8942,3,1.26,0.7703,9,0.5
748a5531d6415e0c,1,0.9467,0.5833,22,0.47,0.8405,9,0.27
c5d626fc4b6c5efb,1,1.0,0.0,250,0.45,1.0,0,0.34
a259460cd13f55c2,1,0.9762,0.574,44,0.42,0.937,2,0.37
6561633171e75bb6,1,1.0,0.0,250,0.35,1.0,0,0.34
8d21608fa8c354f1,1,1.0,0.0,156,0.59,0.8609,11,0.27
8b1193abd0b75de0,1,1.0,0.5373,49,0.33,0.8911,11,0.71
33c84d1650d45e15,1,0.9504,0.0,78,0.7,0.7723,24,0.33
86c6c03a41a057d6,1,1.0,1.0,2,0.47,1.0,4,0.57
06bdef9a9bbc5aaf,1,0.9689,0.8349,9,0.21,0.8057,18,0.38
193b39b2ec4f53af,1,0.9692,0.335,58,0.65,0.7205,31,0.3
ca7c752bcdfa5e4d,1,0.9723,0.8083,24,0.87,0.8664,10,0.72
562f38636f975be4,1,0.8733,0.8248,9,0.82,0.8248,9,0.19
4d4ef3ee372d5afc,1,1.0,1.0,0,0.76,0.9072,8,0.32
54ed7e46291c5fcf,1,1.0,0.929,3,0.99,0.8864,8,0.54
189e9c0a20085a38,1,1.0,0.0,191,1.2,0.6538,40,0.51
7683c293a5a55dce,1,0.935,0.0,207,0.65,0.7475,37,0.16
39e0bf171e6d5e88,1,1.0,0.8689,23,0.58,0.8702,22,0.24
906ad81ffb6953a5,1,0.8333,0.7331,26,0.47,0.7165,31,0.37
c648574640a65934,1,0.9749,0.4024,12,0.5,0.7343,5,0.36
f6ce545dcc975501,1,0.7075,0.0,248,0.43,0.7075,0,0.34
a7c6cc3a1840584f,1,0.8235,0.749,33,0.4,0.7788,14,0.36
87339a4d32305504,1,0.9416,0.9182,1,2.29,0.4743,107,0.82
2cd2afde48275675,1,0.9591,0.376,62,0.46,0.7292,31,0.43
f414059fffd45057,1,1.0,1.0,0,0.25,1.0,1,0.24
f4544174530b5715,1,0.9309,0.8357,15,1.24,0.7645,32,0.44
77424ed925b45c77,1,1.0,0.9662,1,1.58,0.7454,20,0.96
00f925ab5406520f,1,0.8731,0.4343,46,0.49,0.8046,13,0.92
c5510354351d5d5e,1,0.8387,0.4285,16,0.44,0.7226,12,0.5
bee7eebe90dd5285,1,1.0,0.9246,8,0.78,0.8601,26,0.75
7eaba7fa332d55cd,1,1.0,1.0,0,2.67,0.9606,3,0.76
5b3bc72c557a5a17,1,0.9972,0.9972,0,1.16,0.901,6,0.77
5487bbfde69354cb,1,0.9713,0.915,4,1.06,0.8947,6,0.51
f53ece8c1cb9562c,1,0.9913,0.0,234,0.42,0.8854,26,0.47
02e9f697f2d055ee,1,1.0,0.8666,7,0.5,0.8406,15,0.14
7be2f6436ce95042,1,0.9582,0.0,154,0.84,0.7664,22,0.35
53a7531622255064,1,0.8541,0.0,102,0.42,0.0,36,0.48
be7004554c8750bc,1,1.0,0.9424,5,1.18,0.9662,2,0.6
78e8eab14d8e5d65,1,1.0,0.9354,9,0.89,0.0,96,0.31
b1a1b2a18fa4504f,1,1.0,0.8928,9,1.01,0.856,25,0.41
85da27c3381e5e63,1,0.9724,0.8844,3,0.53,0.8638,4,0.44
f952ad55ab565465,1,1.0,0.0,103,0.73,0.8571,10,0.46
7015bc44f34252f4,1,0.8333,0.7435,17,0.51,0.6117,70,0.71
971d199e8b9b5e71,1,0.8333,0.6726,33,0.55,0.6935,26,0.4
a780d35138495c38,1,0.8172,0.0,236,0.35,0.8172,0,0.23
fdcbf84507845615,1,0.8867,0.7271,8,1.0,0.731,7,0.58
7ffaa3cf8bf45474,1,0.8333,0.6711,53,0.42,0.6915,36,0.44
d1e4600c80ab519a,1,1.0,0.0,165,0.99,0.0,220,0.54
be63913f07ee5245,1,1.0,1.0,0,1.42,0.9368,2,0.62
a43d45f7369d5489,1,0.9615,0.0,79,0.26,0.7656,20,0.16
57b605b889505738,1,0.0,0.0,187,0.43,0.0,244,0.44
03aa8a0576a25b63,1,0.9914,0.9534,2,1.09,0.8831,6,0.24
e6289d35e92c56b9,1,0.8333,0.0,140,1.08,0.669,63,0.19
edf7281f49b9573d,1,1.0,0.5076,66,0.97,0.0,158,0.36
b3c7b9fbf4655722,1,1.0,0.898,7,0.64,0.7852,34,0.64
35e4b04bab1058d5,1,0.9472,0.4774,26,0.57,0.0,110,0.54
d64a3964875f5b41,1,0.9539,0.7387,18,0.61,0.8191,9,0.86
b0b461ce7bd959ec,1,1.0,0.8783,3,0.87,0.6884,29,0.6
41c18772e7ac5696,1,0.9405,0.3774,27,0.51,0.6971,16,0.19
75151361dbe658bb,1,1.0,0.2536,49,0.62,0.8965,6,0.6
b80d3fb49fc858d1,1,0.8645,0.0,129,2.5,0.0,65,0.6
8723bbb08b8e5cc8,1,1.0,1.0,1,1.13,1.0,4,0.54
0691c520f834559d,1,1.0,0.0,121,0.66,0.0,131,1.2
ad898232cb525d5f,1,0.9139,0.8491,7,0.69,0.7164,101,0.29
9e79198b9fd559a1,1,1.0,0.0,94,0.54,0.7905,13,0.33
150d706a5add549a,1,1.0,0.954,3,1.18,0.0,245,0.68
1835975eaaf65843,1,0.8333,0.7264,17,0.88,0.7423,12,0.33
7fd8acb62ee556d0,1,0.9249,0.0,255,1.21,0.7794,30,0.52
d392c806c0605f72,1,0.9482,0.797,10,0.76,0.7534,14,0.43
a547f498303e5b17,1,1.0,0.8882,4,0.84,0.8569,7,0.4
803569f800575929,1,0.9883,0.0,157,0.41,0.7599,17,0.33
a08ed58ddc6d53b3,1,0.9293,0.0,29,0.57,0.0,152,0.69
774160714b7e5ca4,1,1.0,1.0,2,0.44,1.0,1,0.39
6012a63b7a3b52c7,1,0.9715,0.9214,4,1.24,0.81,30,0.47
be3551ae467a579e,1,1.0,0.9636,1,1.23,0.934,3,0.6
e3ddabf456b155a9,1,1.0,1.0,0,0.47,0.7487,14,0.93
742ac4ddb9d7557d,1,0.9638,0.9454,1,1.25,0.9638,0,0.79
a0d88b07304b5398,1,0.8333,0.7435,18,0.57,0.7627,13,0.44
bc8d053770cf5449,1,1.0,1.0,0,0.37,1.0,0,0.59
ab1adeaf66035b88,1,0.9559,0.0,216,0.68,0.8687,9,0.19
7727bf26f5845499,1,0.9696,0.0,161,1.77,0.0,146,0.68
963ea50b7eb2554b,1,1.0,0.0,213,0.87,0.0,116,0.1
1fe2f21f53c05378,1,1.0,0.0,29,1.49,0.7949,7,0.72
2f191795b29f52b2,1,0.7679,0.7534,2,0.36,0.6644,5,0.28
825269c866465320,1,0.8571,0.0,233,0.78,0.0,212,0.57
639b55d4b2b65d0a,1,0.9698,0.9159,10,0.75,0.0,195,0.83
0af464147919575d,1,0.8544,0.7303,53,0.34,0.7623,32,0.52
f3f9b7c1f6e95b82,1,0.6953,0.6506,3,0.36,0.6506,3,0.57
a96abad3a09753c5,1,0.8333,0.6714,70,0.52,0.6141,114,0.22
878f3ddae1b7550f,1,1.0,0.8444,16,0.45,0.8029,25,0.43
e1398b3ecf3f520d,1,0.9624,0.9325,4,0.53,0.9007,8,0.27
c9395d7ca7f75410,1,0.8749,0.8121,15,0.32,0.8541,1,0.23
489bb0ed93455b69,1,0.9103,0.8347,6,1.05,0.8216,10,0.66
071d69045acb5971,1,0.9846,0.9846,0,1.09,0.9117,4,0.64
4256146a0b765876,1,0.9865,0.7509,32,0.72,0.0,100,0.44
0438474da1ac593d,1,0.9936,0.0,214,0.5,0.9471,2,0.31
5f8d8f88750f57b7,1,0.9839,0.9712,1,0.99,0.0,234,0.57
8d3c8a698ac65342,1,0.9071,0.0,130,0.59,0.7308,30,0.34
597fd00be3675d16,1,1.0,0.7439,22,0.91,0.8222,12,0.59
ae878998fecb50a5,1,0.9772,0.7738,46,1.52,0.9772,0,0.73
253dba7510ca56b8,1,0.9377,0.0,103,0.35,0.0,148,0.52
8dfef734a010531e,1,0.9275,0.0,177,1.16,0.0,198,0.46
23d71fb39b0456f5,1,0.9226,0.0,93,0.61,0.8074,14,0.49
12d426c6727d507a,1,0.941,0.4967,20,0.65,0.7599,10,0.31
0855e09733fe5445,1,1.0,0.0,123,1.0,0.0,168,0.57
6ea198f259b85e49,1,1.0,1.0,0,0.25,1.0,1,0.19
73872fdc28995ad6,1,0.9171,0.8892,1,1.25,0.8166,7,0.24
2d060a1354d4545e,1,0.8742,0.8111,16,0.35,0.8261,8,0.49
d7a0ac2136015985,1,0.9948,0.0,73,1.62,0.0,110,0.3
d5fbd3df4a505559,1,0.8523,0.7616,36,0.36,0.7097,80,0.25
e9fcec80707952c3,1,1.0,0.7421,13,0.48,0.6753,21,0.46
0b66f76610bc5f63,1,1.0,0.9318,3,1.4,0.8683,13,0.49
0a8c2aac609d5a04,1,0.9512,0.8989,5,0.94,0.7315,51,0.74
abb5501b10e65b19,1,0.8939,0.0,148,1.05,0.7487,8,0.24
367967cea49c5dda,1,1.0,0.4244,10,2.77,0.656,6,0.52
33bae177e9c75992,1,0.9122,0.4366,45,1.56,0.8257,10,0.44
ddc1271ea57154bc,1,1.0,0.0,15,1.93,0.0,22,0.79
f7143ad20856584c,1,1.0,0.6717,7,0.72,0.6656,10,0.45
d12c5ba59acf55a0,1,1.0,0.0,26,1.22,0.0,112,1.04
97e2daddecd557a4,1,0.9866,0.9159,6,0.57,0.0,113,0.3
fc2a5f9f60965ab9,1,0.8333,0.7209,31,0.46,0.7635,13,0.66
7e6d49b500545236,1,0.8325,0.0,217,0.56,0.7677,4,0.58
19282fb074525def,1,0.8422,0.7163,37,0.98,0.6451,60,0.45
1ed8702288c15895,1,0.9724,0.9367,1,1.57,0.9367,1,0.52
29c3b3019c9e535a,1,1.0,0.0,58,1.46,0.6953,29,0.75
4d88ae43c2f55d96,1,1.0,0.5833,2,0.24,1.0,0,0.42
a41a728fda515594,1,0.9597,0.0,163,1.31,0.8476,11,0.42
e16f6f634adf50d3,1,1.0,0.0,66,0.54,0.0,82,0.54
08e5f4c2c0965b15,1,1.0,0.0,156,0.67,0.0,99,0.47
97bbc33ac7d4586d,1,1.0,0.9142,30,0.68,0.9155,28,0.59
7053e82f2f1c5364,1,0.848,0.7864,20,0.47,0.8027,12,0.56
95d9b54f00325665,1,0.9144,0.9144,0,1.11,0.0,83,0.47
1ad3e9d726b35d0e,1,1.0,0.7545,32,0.71,0.8277,14,0.22
b6a62a2356885962,1,1.0,0.7877,11,0.54,0.7379,15,0.43
ebd940b0039e5cd1,1,1.0,1.0,0,0.2,1.0,0,0.37
2f05406bcdd55a21,1,0.9132,0.5833,13,0.9,0.8738,5,0.3
1afdce6720e45022,1,0.9838,0.0,85,0.81,0.4359,31,0.73
a5ee1632a31556a1,1,1.0,0.0,241,1.38,0.7415,48,0.93
bd6d1d10391854e0,1,0.9721,0.8944,4,1.1,0.8568,7,0.69
c2f9c48979255481,1,1.0,1.0,0,0.56,1.0,1,0.15
6745b762c9df5f94,1,1.0,1.0,2,0.83,1.0,4,0.59
e074c5e6917e5f1d,1,0.9537,0.8818,9,0.49,0.7554,21,0.2
6c28c001109f5718,1,1.0,0.0,92,1.39,0.8618,7,0.47
83f9ceae9dad56d9,1,0.88,0.0,105,0.78,0.7394,18,0.34
a3c54d0e80375911,1,0.8671,0.6596,17,0.25,0.6596,17,0.45
9551ef5e14315cc0,1,1.0,0.0,209,1.21,0.0,209,1.07
20fd202ba2e1572a,1,0.8444,0.0,102,0.6,0.7193,13,0.26
d443368fa4615242,1,1.0,0.869,5,0.38,0.9229,2,0.7
36c9f5ba92385cee,1,0.9668,0.0,73,1.29,0.0,186,0.46
fe94da01811e53fc,1,0.8026,0.6918,12,0.54,0.6466,32,0.26
54511f27d12e5a58,1,1.0,0.8446,11,0.97,0.8446,11,0.78
93a4b61a25b0509f,1,1.0,0.7405,19,0.78,0.8388,9,0.46
61421159b240530d,1,1.0,0.8398,22,0.94,0.8669,16,0.62
986b3349c460538b,1,1.0,0.0,64,0.71,0.0,150,0.5
135337bf847b5726,1,0.9818,0.8884,7,1.15,0.7896,19,0.27
1309e3cfb6f25c6e,1,1.0,1.0,0,0.28,1.0,1,0.32
5777bfe33e865897,1,0.9708,0.4601,36,0.35,0.7528,20,0.41
1dbaa3f0d0345e61,1,1.0,1.0,1,0.46,1.0,0,0.52
e5d133c0ed5b51f6,1,0.8413,0.7232,34,0.27,0.7714,19,0.37
51bf8103b6cd5b4c,1,1.0,0.0,172,1.01,0.5946,38,0.68
1ed850327b905ebd,1,0.9315,0.8298,10,1.27,0.8107,13,0.44
def5763ef93655ae,1,1.0,0.0,33,4.79,0.0,54,1.01
60615c7f766c5a10,1,0.8819,0.6996,17,0.89,0.7819,6,0.44
063f7dfe767d55aa,1,1.0,0.0,209,0.99,0.0,244,0.59
e14d9a1990535a29,1,0.9587,0.8663,3,0.44,0.0,204,0.75
a2fe72b034765149,1,0.8678,0.0,106,1.28,0.7575,15,0.35
5ebe40763ac05b5c,1,1.0,0.8914,5,1.31,0.8149,10,0.49
0ebdf3a905ba522f,1,1.0,0.909,5,1.3,0.909,5,0.47
402c9312982a5488,1,0.9608,0.4144,23,0.77,0.3818,26,0.54
81aa7cde0f3f5b68,1,0.8936,0.6641,53,1.05,0.3667,69,0.41
4d098db703415f00,1,0.9525,0.4843,23,1.05,0.8829,2,0.4
3cbb6c030b1e5d19,1,1.0,0.9746,1,1.08,0.7532,14,0.91
8ff8246f69f75f6a,1,0.9928,0.9069,14,1.54,0.8922,17,0.59
30765e467f6c5947,1,0.8808,0.0,218,0.36,0.0,218,0.29
667afe1f010351c5,1,0.8278,0.5833,5,1.02,0.0,39,0.84
81d893bd99de519b,1,0.9512,0.7427,16,0.66,0.7852,11,0.66
a92bb2331b0e5485,1,0.93,0.9159,1,1.24,0.8736,4,0.21
bdff1d80a75e5307,1,1.0,0.976,1,1.32,0.9179,6,0.66
82c9641923725260,1,1.0,0.0,76,1.04,0.8129,4,0.64
cbf41000a2105ca1,1,1.0,0.0,65,0.52,0.791,13,0.6
eb8fd3a2b08e5e52,1,0.9902,0.9225,12,0.51,0.8404,59,0.5
092e56d3db8b5e24,1,1.0,0.0,97,1.37,0.0,148,0.45
9dd982b0637453c2,1,0.904,0.8062,6,0.9,0.6902,10,0.62
bb5b44d240945ed0,1,1.0,0.0,136,0.43,0.7893,19,0.25
f750e0c7f8375bae,1,0.884,0.7695,20,0.44,0.6944,39,0.43
4d0df74bfb035f8a,1,1.0,1.0,0,2.16,0.875,3,0.76
5250ee99c1f05d97,1,1.0,0.9958,1,1.61,0.9418,4,0.73
7e9f20074e1b5e68,1,1.0,0.8768,8,0.63,0.0,223,0.57
dd951db716735c82,1,0.8435,0.7672,35,0.69,0.7672,35,0.21
e658c60a7b705bea,1,0.8566,0.8472,1,0.54,0.7401,13,0.65
5ce3b2260be35a1e,1,0.7815,0.0,144,0.95,0.76,3,0.45
c20652fc6a78529b,1,0.8333,0.754,23,1.31,0.6848,84,0.39
795d49f6b8ec5f69,1,0.9327,0.0,213,0.45,0.7629,7,0.25
a8da6565d00e514a,1,1.0,0.8987,4,1.04,0.8615,8,0.54
a8ee480d197e56dd,1,0.8917,0.7281,12,1.05,0.7176,16,0.25
01c019a7360f5445,1,1.0,1.0,0,1.76,0.9017,6,0.35
6062e3ace278511a,1,0.9161,0.0,228,0.73,0.0,223,0.38
88ac42d0eaca5c57,1,0.7258,0.0,37,0.77,0.7158,2,0.15
a96c1b6145ca513e,1,1.0,0.5295,19,1.45,0.4871,20,0.76
03ffae8f89f65f90,1,1.0,0.8399,7,1.39,0.8683,6,0.4
7b73da0bb98b5e56,1,0.97,0.0,252,1.11,0.0,124,0.56
2403645ef4fe5b10,1,0.8871,0.8871,0,0.67,0.8408,10,0.38
58857855de47556e,1,1.0,0.9884,2,0.92,0.8627,5,0.57
fb7d83b69f38539f,1,1.0,1.0,0,0.95,1.0,0,0.55
f2e0d7e15fa253f0,1,0.9295,0.0,255,0.8,0.0,146,0.55
5143553713f05db3,1,0.9457,0.5367,30,0.39,0.8903,9,0.44
178e844e8bd155ca,1,0.9581,0.0,235,0.17,0.8298,6,0.09
4a9a5d2dcc045ec4,1,0.9709,0.0,134,1.34,0.8489,8,0.42
d60ec6837413567c,1,0.9944,0.7832,18,1.12,0.8255,13,0.82
607fd9c5903d5376,1,1.0,0.9425,2,0.61,0.8873,6,0.44
cd5af222f868534b,1,0.9928,0.988,1,0.71,0.9404,3,0.36
cd9e6c1924c35b85,1,1.0,0.0,75,1.72,0.9341,1,0.26
fda70850d06c51a1,1,0.8711,0.7885,27,0.42,0.8239,5,0.49
f65f43d44343500b,1,0.8333,0.0,99,0.61,0.7388,17,0.54
371d154a89425165,1,0.7774,0.658,10,0.72,0.6272,19,0.39
90551e9098aa5b12,1,1.0,1.0,0,0.62,1.0,1,0.19
25cbb9887e5d5752,1,0.8137,0.8137,0,0.68,0.7702,4,0.29
8d8806333d865527,1,0.8742,0.0,66,0.99,0.7297,7,0.32
1faa10d7c34553d2,1,0.9426,0.5336,56,0.5,0.845,15,0.2
178d9a3c6c6852a4,1,0.9497,0.559,42,0.4,0.531,46,0.51
3bf2974c80c55503,1,0.8333,0.6924,44,1.04,0.5945,101,0.19
120ef06f3e0b5990,1,0.8087,0.7254,18,0.23,0.7435,13,0.22
66583dab627951a2,1,1.0,0.0,148,2.62,0.8201,27,0.95
c77d485da6ce5075,1,1.0,0.0,89,1.38,0.8921,7,0.3
bfdf115b602357a0,1,1.0,0.0,238,2.33,0.7783,30,1.28
6801df96fcdd5bd9,1,0.8862,0.8079,5,0.76,0.7087,20,0.83
da928b52410d5da6,1,1.0,0.0,51,1.0,0.0,97,0.41
f897914e6f0c52e5,1,1.0,0.9232,6,1.31,0.9535,4,0.81
83d8368f99cb5470,1,0.9312,0.5106,18,0.75,0.749,11,0.14
32837dd54e375ca0,1,0.8555,0.8555,0,0.48,0.8029,8,0.28
bb7aca330b2c5ac2,1,1.0,0.6279,16,0.7,0.6242,18,0.7
cf1c7170df175256,1,0.9397,0.8999,8,0.68,0.856,22,0.39
737920796b595b0f,1,1.0,1.0,0,1.52,0.8172,11,0.66
6a5d6dff67a45a95,1,0.808,0.8047,1,0.41,0.8025,2,0.31
dcdacf7509ed5062,1,1.0,0.0,255,0.63,0.7884,15,0.37
d49b986924cd5bed,1,0.9053,0.0,165,1.17,0.7205,53,0.26
0eb7dda83bbe5fb2,1,0.8808,0.3488,40,0.79,0.7214,19,0.6
1f06808c28765941,1,1.0,0.0,84,1.18,0.0,143,0.87
60a62673dd78534c,1,1.0,0.0,156,1.25,0.6982,20,0.73
c60be3c852c55da2,1,1.0,0.3032,67,0.76,0.7601,43,0.52
cffc9ea8b6ea5920,1,0.8775,0.8571,5,0.74,0.8321,10,0.69
91defa409f0254d5,1,0.8341,0.7231,4,0.42,0.7072,6,0.13
426cc213a80352f9,1,0.9667,0.9008,5,0.74,0.8825,9,0.42
43ef28a235035eac,1,0.833,0.6916,18,2.04,0.7115,15,0.33
14297ef551f652d3,1,1.0,0.8561,5,0.64,0.6808,24,0.66
586c5b66ad8158ee,1,1.0,0.9498,1,1.03,0.9498,1,0.69
043524c9126f5893,1,0.9213,0.9213,0,2.15,0.7924,10,0.55
50a0fd7b031e5ca6,1,0.8333,0.7095,40,0.3,0.6196,96,0.31
8875d7f59f045de3,1,0.9115,0.7792,7,0.52,0.7792,7,0.19
2c6d90e9889e56c2,1,0.8535,0.7347,4,0.98,0.6645,14,0.33
14618f22bb605676,1,0.875,0.4769,27,0.85,0.7984,11,0.37
1d0334886e9f535b,1,1.0,0.6924,29,0.6,0.7341,25,0.13
afbf26b6d3bb5bee,1,1.0,0.9449,3,0.91,0.7252,48,0.74
4c3547b853675e66,1,0.9352,0.0,153,0.87,0.0,122,0.65
d719f6e5de715f5a,1,1.0,0.7535,20,0.95,0.8473,4,0.42
7238724f2bff58f0,1,0.8372,0.3293,29,0.56,0.6804,13,0.32
bf0a29ccead65750,1,0.912,0.0,79,1.54,0.0,47,0.56
75c7777c6f415535,1,1.0,0.9315,1,1.69,0.0,76,0.68
1ce780e012fc5d23,1,0.8333,0.7358,19,0.29,0.6307,69,0.37
8aae579b8090538a,1,1.0,0.5365,37,1.48,0.8302,25,0.85
aee53565120f533b,1,1.0,0.5415,66,0.43,0.8711,17,0.17
3265a706c55157b2,1,1.0,0.0,58,1.61,0.0,45,0.82
650ed02359615f58,1,1.0,0.8946,2,1.27,0.8428,6,0.55
9d22457757985690,1,1.0,0.9324,1,2.08,0.909,3,0.2
dc952092ef6a5243,1,0.9347,0.8554,4,0.38,0.6787,22,0.48
5e279bb4bb105df9,1,0.9258,0.0,236,0.98,0.0,232,0.77
f4511c17c15a531f,1,1.0,0.0,248,0.63,0.735,44,0.83
16ee6602bb5c5e99,1,0.9914,0.7737,53,0.95,0.7307,73,0.34
e88e44d720f65e0e,1,0.8342,0.3388,46,0.68,0.6877,21,0.33
5e02e80df7fe5f5b,1,1.0,0.0,130,1.39,0.0,223,0.15
7b6749c7b2795906,1,0.9598,0.4563,74,0.42,0.8115,28,0.22
eb74b3c99b175bc1,1,1.0,0.9729,2,0.99,0.9631,3,0.67
0cf22b3901945e24,1,0.9866,0.929,6,1.47,0.7152,37,0.98
973043f273bc5940,1,0.9665,0.9169,3,0.54,0.8609,22,0.43
19768d49bbd45f08,1,0.9432,0.9432,0,1.96,0.5378,16,0.7
cebdeff85ac65185,1,0.7066,0.6867,3,0.5,0.6348,6,0.32
21b0b3ef9d2e59ed,1,0.9331,0.0,130,0.29,0.8675,7,0.25
5757a661eb0f54d2,1,0.8333,0.7373,23,0.3,0.7446,20,0.28
970cfee3bc7d5e3d,1,0.9169,0.9169,0,0.82,0.7949,10,0.7
ffb972d89b065422,1,0.9754,0.0,162,0.58,0.8365,8,0.37
9d7ec713a2fb5e44,1,1.0,0.5531,109,1.24,0.8393,37,0.84
e85416da86d4567f,1,1.0,0.4867,98,0.55,0.8021,47,0.29
4afad5f528f45dfe,1,0.9685,0.8077,8,0.44,0.0,210,0.66
3380ae828ea75d1e,1,0.9789,0.0,184,1.06,0.7086,9,0.77
e90b4ad6e7905adf,1,1.0,0.0,100,1.28,0.0,182,0.48
8615a4df3a525ccc,1,1.0,0.901,5,0.46,0.8322,20,0.58
e14711ef4d2f5000,1,1.0,0.8989,3,1.29,0.8989,3,0.3
2115792748a75f88,1,0.9783,0.8644,12,0.58,0.897,8,0.3
18f485e808bf58da,1,1.0,0.9541,3,1.16,0.4716,107,0.53
ea8b66a838c75042,1,0.8333,0.7684,27,0.56,0.8001,7,0.47
5a4709a2348f58a7,1,0.9172,0.0,212,0.29,0.7179,20,0.34
008b419a63b75917,1,1.0,0.8966,6,0.71,0.0,32,0.89
d607d27b421a562b,1,1.0,0.8574,7,1.1,0.7885,15,0.38
70f718ebc8b4505e,1,0.9419,0.9088,6,0.16,0.7363,30,0.78
153dfbd3d4355809,1,1.0,0.852,6,1.35,0.7908,13,0.3
03c50783a77551a2,1,1.0,0.9529,3,1.89,0.8868,9,0.38
9d9762d42ff5561d,1,0.9762,0.8403,12,1.31,0.8403,12,0.51
62ebe5d1697f5b73,1,0.9308,0.3771,45,0.93,0.8582,12,0.55
29af925fc44b5380,1,1.0,0.9311,3,1.15,0.0,143,0.78
e1cb9d3c53135bfa,1,0.9669,0.8579,15,0.63,0.8579,15,0.25
2fd7f2b6eaae5d04,1,1.0,0.8751,8,0.74,0.0,107,0.41
ee95e29e1aec53e1,1,0.971,0.9004,6,0.66,0.8557,14,0.5
e6eeac307f6d507d,1,0.928,0.7892,28,0.71,0.7031,57,0.72
d0884d449b2959fe,1,0.8967,0.0,67,0.7,0.0,137,0.52
a25711b4fdcc50df,1,1.0,0.0,165,0.26,0.7462,16,0.26
f9d9a2a2e2d25a8c,1,1.0,0.9746,2,1.45,0.9334,5,0.19
d94aa4b0e05e5be9,1,1.0,0.9204,2,1.12,0.4809,66,0.54
7956fe13f69e53dc,1,1.0,0.8352,10,1.08,0.8394,9,0.52
a1f35d4460345de8,1,0.8965,0.0,93,1.27,0.7735,9,0.15
87c5cdc6c5a45ef2,1,0.9399,0.9395,1,0.87,0.9395,1,0.15
4e811c006997541d,1,0.9922,0.5748,85,0.94,0.9274,11,0.09
41470fb14dab5d99,1,1.0,0.0,45,0.71,0.0,148,0.68
435298980d7e5fb1,1,1.0,0.8326,11,1.61,0.7744,33,0.81
1d538fa6a8825de1,1,0.9122,0.8005,25,0.83,0.8166,17,0.63
c0d4412fa9f15f5b,1,1.0,0.9364,6,1.2,0.857,21,0.24
d05f1fb1af98505d,1,1.0,0.8935,6,1.28,0.8152,19,0.5
4080e46653b05c94,1,1.0,0.0,255,1.49,0.6118,16,0.54
97eca45f93285d17,1,0.8249,0.771,8,0.46,0.7232,12,0.18
c51ec68aa4fe5f05,1,0.9186,0.0,117,0.3,0.8118,7,0.28
8239fb2f8d705dea,1,1.0,0.933,1,1.01,0.8837,3,0.7
9410f817dff058c2,1,0.7021,0.6944,2,0.37,0.6548,4,0.53
5167871fd80b575d,1,1.0,0.922,2,1.46,0.8402,12,0.51
1ca03ed089925396,1,0.9515,0.8808,7,1.07,0.0,209,0.42
332ac89545ed5822,1,0.8427,0.7469,7,1.25,0.7178,12,0.34
1cac49b248b05705,1,0.9698,0.0,165,1.29,0.0,90,0.43
40e9f6044a485b14,1,0.9192,0.0,83,2.47,0.7691,18,0.48
44699d8556a1519e,1,0.9357,0.0,166,1.01,0.8292,8,0.54
3296619ed0855e31,1,0.995,0.0,148,1.33,0.0,76,0.4
3be53588a286557f,1,1.0,0.8911,7,0.9,0.922,5,0.65
db07a6d7eacd57d1,1,0.958,0.5811,28,0.35,0.8618,11,0.31
2cc526803c3250c9,1,1.0,0.8453,2,0.67,0.8319,3,0.29
3931a353a1f6520d,1,0.9591,0.9393,1,0.44,0.9393,1,0.33
9f4bf4a979835749,1,0.9735,0.8951,6,1.44,0.858,8,0.4
451f66014a765bce,1,1.0,0.7562,27,0.48,0.7454,31,0.4
ee69970ae6f85870,1,0.9533,0.0,235,0.42,0.8695,3,0.22
84d0b82110465b43,1,1.0,0.9729,1,0.76,0.0,152,0.71
2f7f6af0b98354be,1,0.8333,0.3595,47,1.11,0.7643,3,0.68
be2d7d1ddb305428,1,0.9316,0.8323,17,0.39,0.8131,21,0.16
f304e815462d5f1f,1,0.8365,0.0,164,0.6,0.693,23,0.31
98e3abe2a38c5156,1,1.0,0.0,91,1.87,0.8607,20,0.72
a1325310017c5057,1,0.9564,0.7717,7,0.73,0.8216,5,0.56
e317ddda18f25545,1,0.9758,0.5804,20,0.71,0.8632,7,0.63
04703c86cf5b5a20,1,1.0,0.893,2,0.81,0.7505,13,0.89
819d4bdcb0855118,1,1.0,1.0,0,0.59,0.9469,4,0.49
b4f6a0719d2a5670,1,0.9795,0.0,51,0.7,0.9039,5,0.18
253c33ffe10a5aa7,1,1.0,0.0,151,0.82,0.8508,12,0.57
6a0cdff04e6b596e,1,0.9302,0.0,142,0.49,0.3129,59,0.64
63ec12363eef5e89,1,0.9675,0.8652,9,0.49,0.8148,21,0.23
e8d7197f07635cfb,1,0.776,0.762,2,0.47,0.6745,5,0.5
84358d0871db53dc,1,0.8333,0.8059,9,0.47,0.8075,8,0.37
5876e4def8615813,1,1.0,0.4854,59,0.42,0.8295,15,0.37
01518f6335d75c16,1,1.0,0.616,4,1.1,0.6107,10,0.64
d3e3c4998ad25800,1,1.0,0.0,249,0.72,0.8687,8,0.46
0feb5eb464bc52b0,1,0.9489,0.8479,6,0.91,0.7339,16,0.49
f750532882175c31,1,0.9791,0.9095,10,0.5,0.8566,31,0.25
115e8a71aafc5d3d,1,1.0,1.0,0,1.04,0.9071,7,0.88
ca000fa91efb560c,1,1.0,0.8279,4,0.77,0.9057,3,0.47
9b4a82c95856552f,1,1.0,0.0,106,0.76,0.0,153,0.68
241098fe619c5de0,1,1.0,0.9691,3,1.2,0.9691,3,0.34
b7e7604c72e051da,1,1.0,0.0,250,0.45,1.0,0,0.34
b76b03503cf95c02,1,1.0,0.0,250,0.57,1.0,1,0.59
b0070f55eda95848,1,1.0,0.3983,27,0.76,0.7277,15,0.28
f79931e74df250f7,1,0.9625,0.8333,11,2.14,0.8891,4,0.4
5a3ac99dc74c57ea,1,0.9937,0.9655,1,1.24,0.1611,75,0.33
cf7045e0db215eea,1,0.7201,0.0,249,0.34,0.6501,4,0.48
da6d3b6810995466,1,1.0,0.0,251,1.18,0.0,45,0.72
25d56d0a299a50fb,1,1.0,0.96,2,3.02,0.8482,11,1.07
3ce814811e5252dc,1,1.0,0.9146,7,1.04,0.0,134,0.43
33008a3b27ab59a1,1,0.9314,0.0,134,0.57,0.8641,9,0.42
74308c04628b5879,1,1.0,0.8588,8,1.11,0.8297,13,0.44
8183cdc6ff5a5726,1,0.9299,0.9156,1,1.15,0.8732,4,0.21
44c39701a6d65696,1,0.8333,0.6959,30,0.39,0.7215,24,0.46
1dcac8bb6872533b,1,1.0,0.93,7,1.16,0.9219,8,0.9
37102588c8ac59ef,1,1.0,0.8996,11,1.47,0.9194,8,0.94
0e6a9b4fe9ec5443,1,1.0,0.0,241,3.1,0.9662,2,0.44
92079b2eb4675c0d,1,0.972,0.8986,5,1.18,0.8505,13,0.59
1e04c6a2644f5c2b,1,0.809,0.6725,19,0.49,0.0,193,0.35
1c047acccbcb548f,1,0.8333,0.0,101,1.33,0.7359,20,0.55
fd9b227cec3d5c3f,1,0.925,0.9208,1,0.6,0.874,13,0.22
489facb8ac705f4a,1,0.9422,0.0,113,0.54,0.8312,5,0.18
127b9e23f1805690,1,0.8801,0.1163,112,1.23,0.7136,26,0.57
23d647e77f2d515e,1,0.9112,0.7959,6,0.47,0.676,24,0.43
9dc5a17094e0569d,1,0.9071,0.7994,19,0.55,0.7368,38,0.52
47e0ff3bc36a5f69,1,0.869,0.7504,34,0.45,0.6427,92,0.19
1c8ca8c10d1a5757,1,0.9336,0.9336,0,1.35,0.0,210,1.14
de03efda68e65021,1,0.8824,0.3636,10,0.6,0.0,210,0.43
c4f21fef5b86535b,1,0.9816,0.7932,26,1.02,0.7769,30,0.22
72d842bc596b536b,1,0.8333,0.7385,15,0.36,0.7853,5,0.37
eefe691a7cbb55c8,1,0.8333,0.7038,16,2.09,0.7127,12,0.64
2a30c259f67c561d,1,0.9146,0.9146,0,1.11,0.0,74,0.49
5bdbe484641a55fa,1,0.8869,0.0,112,0.49,0.0,68,0.57
76d3db995c9e5946,1,1.0,0.9389,6,1.78,0.9183,8,0.28
1f7910e143ab5300,1,0.9322,0.9322,0,0.43,0.8653,7,0.4
73298d57a59e5252,1,0.9143,0.0,168,0.74,0.7997,21,0.38
3756dc24f9e65fd7,1,1.0,1.0,0,1.7,1.0,0,1.1
866fab78f1da518b,1,0.9692,0.8958,3,1.01,0.801,36,0.51
8cc8fe63227d5c07,1,0.8687,0.0,154,0.47,0.7751,36,0.5
4020785f2bf55d0b,1,0.9196,0.0,255,1.04,0.0,138,0.55
0367791336c3533e,1,0.9382,0.8498,3,1.04,0.0,67,0.75
4e3f39fa6dfc5d12,1,0.8918,0.7224,52,1.33,0.7043,63,0.31
9360bfdb65d153cd,1,1.0,1.0,0,0.78,0.9159,4,0.66
3e77b33549485e34,1,0.861,0.861,0,0.36,0.8288,2,0.39
276396e455bb57b5,1,0.856,0.0,86,1.27,0.149,51,0.81
86d70bab6f1b598c,1,0.9694,0.8821,11,1.36,0.796,33,0.56
6de81a38cd7655dd,1,0.9356,0.7098,10,0.63,0.7994,5,0.61
20472dd2ff805948,1,1.0,0.0,153,0.8,0.8298,11,0.54
032ae6630661521a,1,0.9614,0.0,74,0.66,0.8455,8,0.35
86d5685d21d15ee9,1,0.9698,0.0,253,1.1,0.0,221,0.52
6b50fb6bf8265936,1,0.8203,0.575,42,1.63,0.5964,5,0.51
b1906c6b8b8f5f56,1,1.0,0.9203,3,0.69,0.9412,2,0.34
7c7dc37236745d94,1,1.0,0.764,15,0.97,0.842,7,0.37
98017c16248a5f54,1,0.9806,0.9737,1,1.43,0.0,131,0.42
ab807bda4fdd5274,1,0.8469,0.6282,10,1.28,0.0,102,0.43
d4849a52aaa55a9f,1,1.0,0.7311,26,0.77,0.824,11,0.42
5e9e8c31277d5edc,1,1.0,0.8099,11,0.63,0.8099,11,0.58
fb8731e672c45a13,1,1.0,0.9208,4,1.06,0.8399,13,0.53
d165c65009785ef9,1,1.0,0.0,123,1.5,0.8716,6,0.38
3ae2ab1099d65c2a,1,0.9866,0.9159,7,0.68,0.9021,9,0.38
542d8c3b05145bbe,1,0.9456,0.7656,11,0.33,0.6732,34,0.32
fa80f505766d50fa,1,0.9637,0.0,61,1.15,0.0,117,0.6
819d34b59e6159ad,1,0.7537,0.6814,17,0.51,0.7433,2,0.44
ee91209e45fe5141,1,0.897,0.5464,61,1.26,0.8332,9,0.39
6d088615a8c05649,1,0.8333,0.7697,10,1.68,0.0,160,0.74
2a79320a3e3b5239,1,0.9146,0.4207,34,0.6,0.8246,8,0.35
36f34c9e02a15801,1,1.0,0.7832,15,0.75,0.824,9,0.65
ba3cdbcd0c3f5e49,1,0.8333,0.7406,25,0.56,0.7171,33,0.4
66908680155c550a,1,0.9736,0.8669,7,0.88,0.8669,7,0.55
dc2a5d567a8e5f17,1,0.969,0.5519,98,1.17,0.8653,16,0.39
0d63314a528159c9,1,0.9164,0.0,183,1.33,0.7895,10,0.48
7730f64417df5d47,1,0.9518,0.8814,7,1.18,0.8316,18,0.45
45f13336bbd35146,1,1.0,0.0,64,0.97,0.0,211,0.79
f583323fe0215871,1,0.9569,0.8116,10,0.43,0.7592,18,0.28
f749ff64838c5664,1,1.0,0.0,219,1.03,0.0,42,0.6
17bc4c71fc425620,1,0.9068,0.8253,5,0.45,0.8797,2,0.35
de235386b6c65ebd,1,0.8455,0.7471,16,0.58,0.7461,17,0.54
0f622aef14545f59,1,0.9399,0.8404,6,0.27,0.7336,30,0.46
6a85f61bdde35d74,1,0.9468,0.1459,35,0.7,0.8338,3,0.2
a48870c447ef5fe5,1,0.9103,0.8252,5,0.96,0.7697,23,0.73
fedeb108feed57c0,1,0.9706,0.0,184,1.24,0.0,88,0.56
4acc5a24f48858ae,1,0.8894,0.0,128,0.81,0.7394,16,0.58
c159f0c331075464,1,0.8215,0.5956,101,0.34,0.6772,49,0.22
e7d1f889fc4d5309,1,1.0,0.9259,5,0.5,0.0,213,0.71
77bff1fe494e52dd,1,0.9205,0.4902,63,0.86,0.5548,57,0.53
17a015f4ef9b56d0,1,0.9559,0.847,4,0.62,0.7164,14,0.76
c18b1648f6045467,1,1.0,0.9558,2,1.27,0.7888,70,0.41
1d0dfd09b8185201,1,1.0,0.0,108,0.96,0.0,123,0.49
83d3fda04c1f57bd,1,0.9864,0.3537,64,0.5,0.8311,13,0.34
7251f2907bd952cb,1,1.0,0.9727,2,0.83,0.9424,4,0.54
2bc38f766c8851fa,1,0.9739,0.9374,1,0.71,0.8516,6,0.51
57076e49ca7c5570,1,1.0,0.9199,4,1.11,0.8897,6,0.5
4c59eeddd50e5866,1,1.0,0.0,159,1.36,0.8283,6,0.37
fa5edfd430ba550d,1,0.9716,0.9491,1,0.67,0.9716,0,0.52
49074bfb7c9e5c26,1,1.0,0.0,243,2.94,0.9707,1,1.0
3d17efc5625f5c4f,1,0.916,0.4033,39,0.4,0.7292,23,0.3
dcf3da6b34935bc8,1,0.9586,0.1629,99,1.05,0.7864,33,0.64
eadc0f19b54352ae,1,1.0,0.9493,2,1.58,0.7345,19,0.86
baef20f6b33e594e,1,1.0,0.0,56,0.58,1.0,0,0.55
0f9e883357585ec4,1,0.8333,0.7159,47,0.93,0.7457,31,0.35
eb3e272209a4520f,1,0.9715,0.0,92,1.38,0.8502,7,0.27
d7fdaa2d555c5272,1,0.8827,0.8274,3,1.07,0.8274,3,0.61
0bd98f90f42350a3,1,0.9213,0.493,72,1.11,0.8342,19,0.55
3e96578a903d59d8,1,0.8537,0.6909,45,0.58,0.7263,32,0.22
9b91401bbfad5a3e,1,1.0,0.983,2,1.38,0.0,127,0.74
72fe517eb6fe5e27,1,0.9659,0.8424,45,1.85,0.5557,95,0.32
e87f90ab04a25be9,1,0.9713,0.9152,5,1.48,0.1509,68,0.16
6e49f2f1c4e456f1,1,1.0,0.9321,1,1.58,0.838,12,0.2
4d6f4dbf01c2567c,1,1.0,0.8528,9,0.61,0.6852,24,0.89
a38e63debd3256ef,1,1.0,0.4691,54,0.49,0.7735,19,0.44
ceb9332b03d3577b,1,1.0,0.0,102,1.46,0.9124,4,0.21
4de864abe4f255bd,1,1.0,0.0,201,0.95,0.7585,4,0.26
dc39a0845cde5b42,1,0.9111,0.0,253,0.71,0.0,148,0.47
f7a9f82f17b256e2,1,1.0,0.8699,6,0.73,0.0,69,0.47
04f548a98d695310,1,1.0,0.0,141,0.5,0.7745,27,0.44
7686d88b5ae4513e,1,1.0,0.4125,87,0.31,0.4125,87,0.43
0cf7d096e8c05fed,1,0.9619,0.0,195,0.9,0.8274,11,0.39
27ff47ea8aea59cf,1,0.9359,0.0,228,1.19,0.0,246,0.67
5d1312c4f2aa5bbf,1,0.8771,0.7656,12,0.8,0.0,212,0.31
48b2f85cc68c5a0a,1,0.9226,0.0,238,1.22,0.0,100,0.56
1d63ddad646b5496,1,1.0,0.8681,12,0.33,0.8531,17,0.39
b4a85f85ef7e532d,1,1.0,0.836,14,0.52,0.789,23,0.34
5aed461803ae5673,1,0.9284,0.3264,118,0.98,0.346,113,0.45
541d2d0ac174524b,1,1.0,0.0,246,2.79,0.0,192,0.68
28113a97a08b5ff1,1,0.9312,0.3425,35,0.56,0.423,22,0.57
63ab092351905a60,1,0.9606,0.5581,21,0.64,0.8296,11,0.3
585a681f4ad95682,1,0.9412,0.4589,28,0.57,0.8063,12,0.49
575317389c085760,1,0.9943,0.8602,8,0.68,0.7721,30,0.76
4a07defcfe7f57fb,1,0.9295,0.8459,8,1.16,0.0,225,0.17
1cff7a7ece6851c4,1,1.0,0.9504,3,1.34,0.826,10,0.47
01b9125ad835592f,1,0.8627,0.0,254,0.77,0.4273,59,0.45
1370cea130165b51,1,0.9347,0.7738,40,0.68,0.7718,42,0.52
2fb12c4c2eec5b8d,1,0.8184,0.7267,25,0.23,0.7526,14,0.36
7cc683dca0155801,1,0.8333,0.6481,39,1.77,0.0,246,0.35
fc0a60a9d8245aea,1,0.9587,0.0,153,2.34,0.9183,1,0.48
9d72593884a757a3,1,0.8727,0.7083,72,1.09,0.684,87,0.11
c42697d5870e5dee,1,0.993,0.9419,2,0.69,0.5547,6,0.65
875f14a6967d5192,1,1.0,0.965,1,1.1,0.9349,3,0.77
44324a7aa04f5501,1,0.9778,0.9385,3,0.9,0.9385,3,0.29
bcea19eeb57f5cfa,1,1.0,0.9505,2,1.8,0.0,180,0.37
409711b03072566a,1,1.0,0.0,250,1.1,0.0,51,0.44
3aa165d52c2051e1,1,1.0,0.8855,12,0.32,0.8218,30,0.41
a9e8e0a755d758a1,1,0.9632,0.8909,5,1.15,0.8005,11,0.64
60216ba3ee9557d9,1,1.0,0.9029,6,1.31,0.7831,18,0.9
6303f880d5c05166,1,1.0,0.7529,33,0.66,0.8012,17,0.35
b11eb5c328075b94,1,1.0,0.9715,1,1.84,0.8875,8,0.75
1c03788c47b75b6b,1,0.9596,0.7733,12,0.81,0.7733,12,0.36
6f6d4e85ebdb5013,1,0.8483,0.7223,26,0.28,0.7223,26,0.39
b805c900794c53f5,1,1.0,0.9369,2,1.31,0.8895,5,0.39
820e9a9314405b62,1,0.8928,0.0,192,0.44,0.7664,63,0.25
77dd24d1d09c5e50,1,1.0,0.9169,6,1.01,0.856,15,0.2
607b63930d2855da,1,1.0,1.0,0,2.27,0.9497,1,0.81
d79874fa9ba4558e,1,0.9106,0.8502,4,1.09,0.0,108,0.55
173ccb0e08885b66,1,0.8905,0.7995,23,1.23,0.7073,76,0.27
bc60aa8501245df7,1,0.9556,0.9496,1,0.35,0.8758,3,0.29
c2331abea9b5551f,1,1.0,0.0,146,1.61,0.0,209,0.7
27eb0ba03f385c69,1,0.9709,0.8825,1,0.81,0.7754,8,0.18
517e199220ca522b,1,1.0,0.9694,3,1.08,0.0,136,0.42
701eca801b6f5ba9,1,0.9865,0.7877,14,0.66,0.0,99,0.53
8d64d2c9f19c57c5,1,0.9297,0.8691,4,0.88,0.0,27,0.67
e9b43b140b1d54bf,1,1.0,0.9809,2,0.54,0.9493,8,0.87
96164ad9ed8557a7,1,0.943,0.7318,29,0.7,0.6411,44,0.23
4624907fdacb5038,1,1.0,0.9477,3,0.94,0.4896,35,0.29
473a047c10f45ef3,1,0.854,0.7637,10,0.48,0.7112,22,0.51
3a4e9626c9aa5fa0,1,1.0,0.0,158,0.84,0.9307,7,0.22
847432a116d35db0,1,1.0,0.0,181,0.67,0.819,10,0.46
c07f609f83b85dd6,1,1.0,0.9258,10,0.53,0.8693,33,0.28
52c337a436ab5362,1,1.0,0.9629,1,1.76,0.8696,17,0.77
719eb7fea14c5b94,1,0.8333,0.7334,30,1.59,0.7334,30,0.51
c013f92386ab5921,1,1.0,1.0,1,1.9,1.0,1,0.15
3ec3d2ab34f756e6,1,0.9532,0.4846,66,1.22,0.8332,5,0.38
90c51d90c33b5cef,1,0.9292,0.8271,14,1.59,0.8629,6,0.92
fb2daf8a925a5ff2,1,1.0,0.9684,2,1.11,0.8986,9,0.62
a28af989d6ea5fe8,1,0.7954,0.3891,15,0.7,0.7716,2,0.29
fbe786c417ca5245,1,0.7547,0.7175,4,0.23,0.6818,5,0.21
0839e30e439d511f,1,0.9269,0.8461,5,1.2,0.8161,7,0.33
7b4fca2db9255996,1,0.8678,0.0,101,0.81,0.0,55,0.57
2aade0b3987d5366,1,1.0,0.0,126,0.8,0.7601,39,0.68
655c3f17ee2d5683,1,1.0,0.0,66,0.83,0.0,90,0.78
c38319fd82be5bf0,1,0.9066,0.5404,16,0.54,0.6641,11,0.42
593653db007b5826,1,0.9156,0.0,201,0.73,0.7076,8,0.34
08a80ada64475443,1,0.8333,0.6724,45,0.39,0.6538,60,0.14
9b95066419ea5427,1,0.9402,0.7844,24,0.47,0.6876,50,0.45
889aac2576295c91,1,0.9517,0.0,66,0.49,0.9506,1,0.38
fe789ce80d4f5b2e,1,1.0,0.0,222,0.43,0.0,164,0.37
3b3627c7892d5b5e,1,1.0,0.8937,4,0.77,0.8529,7,0.7
5cfbf7afa66458c3,1,0.9933,0.9217,8,0.83,0.957,2,0.42
50142143082f5c0e,1,1.0,0.5833,1,0.46,0.5833,1,0.15
27b5c3ce868856a2,1,1.0,0.9255,8,1.13,0.4784,124,0.6
f05325ffb9425a4b,1,0.8753,0.7796,16,0.57,0.799,10,0.36
2a359c1d62ed5843,1,1.0,0.8902,4,1.1,0.8142,10,0.64
f582317803e65752,1,0.9711,0.9313,2,1.47,0.8885,5,0.52
42e65d558a9c5813,1,0.814,0.677,7,0.41,0.6572,9,0.2
baff37ac37675490,1,0.9123,0.8771,3,0.99,0.8366,9,0.63
09832085301555df,1,0.9183,0.8637,21,0.34,0.8604,23,0.44
1cddfddca0bd560a,1,1.0,0.0,45,0.52,0.8163,5,0.26
331a4a4334df5c34,1,0.9277,0.0,177,1.24,0.8015,11,0.42
9184d994aedd50b1,1,0.7665,0.6835,28,0.87,0.6292,47,0.13
27bcec96f13c5426,1,0.971,0.7989,22,0.57,0.7343,35,0.32
afbde7335ad05055,1,1.0,1.0,2,0.35,1.0,4,0.39
20403b65d87d5e5a,1,1.0,0.0,139,1.94,0.0,154,0.16
d7d57d8fb3b6589a,1,1.0,1.0,0,1.73,0.7801,44,1.0
6bd962139e2658da,1,0.953,0.8964,2,0.62,0.824,6,0.28
ccd53fdd1b6e51b8,1,1.0,0.811,5,1.38,0.7287,7,0.78
1175b3b9d27252ef,1,0.879,0.7866,18,1.11,0.7938,15,0.49
1ec58e13fee45a30,1,0.8333,0.0,155,0.57,0.6754,32,0.24
cc9afc95afab5758,1,1.0,0.9472,4,0.35,0.867,7,0.32
5da61ef9efda5191,1,0.9708,0.9389,4,0.86,0.8725,25,0.36
e63b6dfddfc855da,1,1.0,0.9304,2,1.43,0.8303,4,0.65
a247fa5eb7b454a4,1,0.9631,0.568,22,0.55,0.8899,4,0.28
76ec850d346b5ca7,1,0.8807,0.0,144,0.9,0.7793,6,0.25
0c8e3fd67ae45324,1,0.9693,0.0,243,0.78,0.8196,7,0.18
cf05c9f4f6e55af3,1,0.9704,0.0,111,1.12,0.706,32,0.34
88904a762b5f5793,1,0.9006,0.7532,23,0.19,0.7532,23,0.14
8b2a7b6817795ae7,1,0.9924,0.9872,1,0.18,0.849,3,0.4
e3d7979e2cfb5441,1,0.7398,0.0,235,0.37,0.7061,7,0.41
4e021aea953652b9,1,0.9458,0.0,137,0.99,0.7672,7,0.25
5445d4283a475bf6,1,1.0,0.0,199,1.75,0.0,180,0.44
fc0d0363cab85e22,1,0.9711,0.9144,6,1.38,0.6883,58,0.6
68b2ef4a0f9d505e,1,0.7665,0.675,23,0.57,0.6376,40,0.24
05929f9dc5d152a7,1,0.6061,0.5971,7,0.52,0.5943,10,0.09
91795d835c905882,1,0.9914,0.8749,10,0.6,0.8048,13,0.07
8043aa566aa45878,1,1.0,0.8878,5,1.29,0.8782,6,0.71
01f3a4a21dc2582f,1,1.0,0.0,205,1.23,0.8166,26,0.58
a07bb9058982503d,1,0.8333,0.6679,43,0.91,0.6969,31,0.36
32af8f1654f057d7,1,1.0,0.4017,39,0.27,0.7135,27,0.17
e8f5c2714bfe5213,1,1.0,0.9694,2,0.71,0.9694,2,0.48
3e4c9c9e67545b03,1,0.9425,0.9425,0,1.64,0.7784,12,0.71
16069af36de45703,1,1.0,0.642,14,0.76,0.6236,16,0.59
b36d274e71b3566b,1,1.0,1.0,0,1.57,0.0,138,0.47
da751fd130625cce,1,0.8477,0.7528,15,0.69,0.7093,39,0.43
bde1cb24aeb45289,1,1.0,0.9161,5,1.49,0.8702,11,0.45
1f53a73b41095041,1,0.9482,0.5793,21,0.32,0.9482,0,0.14
a70f950103b558b9,1,1.0,0.0,139,2.43,0.0,134,0.58
0145102e6c2f5803,1,1.0,0.0,183,1.61,1.0,0,0.79
09a004a6ded55f7e,1,0.8333,0.6699,47,0.3,0.6699,47,0.29
6762c1ac11a15adf,1,0.9667,0.914,4,1.1,0.6866,78,0.62
92d21bb7692b5664,1,0.9667,0.9008,6,0.97,0.7472,46,1.02
b32ef3cb010c5903,1,1.0,1.0,0,2.15,1.0,0,0.61
eb822e0610545fd6,1,0.9384,0.4644,23,0.79,0.7256,14,0.25
656d501570ce5e54,1,0.8901,0.0,213,0.9,0.7373,7,0.24
067d731005885300,1,0.8983,0.7269,23,0.98,0.7464,17,0.39
2133a31c391f5108,1,0.9168,0.4582,64,0.64,0.8105,12,0.32
5795e118157f528f,1,0.8355,0.7648,12,0.89,0.6681,23,0.41
5a12337425265ea1,1,0.9279,0.4625,48,1.51,0.4625,48,0.74
053d94cd59495804,1,0.9619,0.8394,8,0.9,0.8602,5,0.63
37837c3f78625095,1,0.9664,0.4858,15,0.49,0.7534,9,0.35
65b16bfce348521f,1,0.8333,0.0,182,0.27,0.6714,46,0.24
cd177406e5b056d6,1,0.9525,0.9298,1,0.82,0.0,209,0.65
1537a74401845849,1,1.0,0.0,103,1.41,0.7661,8,0.38
bef85b7ac1dc5207,1,0.8492,0.7441,26,0.88,0.7149,49,0.26
9313777d021e5255,1,0.8829,0.8575,3,0.44,0.7609,5,0.29
38aff0f1a2f357f6,1,0.9725,0.8336,6,1.63,0.8336,6,0.69
885f450f0b875861,1,0.9403,0.0,126,0.58,0.77,16,0.43
4d50c69f430850a0,1,1.0,0.0,63,0.74,0.8149,8,0.85
9483bda6b31259bd,1,1.0,0.9623,2,1.35,0.9209,4,0.83
e45023fbb46857d6,1,0.9665,0.0,166,1.31,0.8413,23,0.49
5d47863332065766,1,0.9666,0.7,35,0.63,0.6756,44,0.3
f6e9ee0b3a81575b,1,1.0,0.9461,4,1.01,0.4814,58,0.48
ea3b45489faf5c70,1,0.9376,0.0,206,0.88,0.7404,19,0.71
025aab0da0e652b7,1,0.9757,0.8418,12,1.07,0.7408,76,0.57
4196ab00e95e532d,1,0.8389,0.7192,27,0.2,0.7192,27,0.11
37c15bc4d99a5365,1,0.9819,0.0,241,0.92,0.7913,27,0.37
402ec186b8ea545e,1,0.9174,0.0,174,1.01,0.8002,21,0.41
eeafee3118a35987,1,1.0,0.4802,67,0.63,0.7929,24,0.37
a4bc6340456351af,1,0.8333,0.688,44,0.32,0.7124,34,0.48
55204d7112015beb,1,1.0,0.5898,46,1.02,0.5892,50,0.11
2e194d0e7a675b51,1,1.0,0.4631,80,0.46,0.8133,30,0.28
cdc6e3f7dcb25376,1,0.9952,0.0,173,0.75,0.8989,37,0.41
5798a6e25f2553e4,1,1.0,0.519,78,0.37,0.8546,23,0.3
eb9827bfdf925815,1,1.0,1.0,6,0.87,1.0,21,0.72
67e27e4b89325f31,1,0.8519,0.7155,35,0.47,0.8083,5,0.31
59ced21f109a5320,1,1.0,0.8795,5,0.46,0.9036,4,0.72
fc9b5914f47e58fe,1,0.9093,0.0,166,0.79,0.0,101,0.38
a8c2268684c35a80,1,1.0,0.0,103,1.52,0.9136,5,0.24
eb92f4cdb4fa54dd,1,0.9862,0.7968,43,0.31,0.7968,43,0.23
78a98ffdcd4b558a,1,1.0,0.0,170,0.94,0.0,140,0.37
4abc4549b6d45891,1,0.9925,0.9372,2,0.21,0.8509,3,0.31
728988dc8a8b502a,1,0.9183,0.9071,2,0.74,0.8895,7,0.37
b23f49937a48507e,1,0.8333,0.6805,41,1.11,0.6607,52,0.24
559c4c23eb5d565a,1,0.6012,0.0,68,1.13,0.0,195,0.82
2a06b778a64b545e,1,0.956,0.8377,6,0.75,0.8053,10,0.48
1da970c8d7ac55b0,1,0.9074,0.8477,5,0.99,0.7853,12,0.6
11936935515f5daa,1,0.8333,0.7382,29,0.62,0.7665,14,0.51
8cba6cacb16d5acc,1,0.9261,0.7002,20,0.53,0.6883,25,0.29
6aa26df6c6d052cb,1,0.9393,0.5544,41,0.49,0.8706,13,0.53
daf38cecd5045cf6,1,0.9157,0.0,237,2.94,0.0,202,0.59
b7ec6bbfa73a52e5,1,1.0,0.7765,29,0.4,0.813,24,0.21
ba83a36f96af5ceb,1,0.9425,0.8465,7,1.03,0.8465,7,0.96
0a177b48593d521c,1,0.934,0.0,153,0.37,0.8272,7,0.21
59c19d828f665a79,1,0.9302,0.8649,7,0.8,0.8493,13,0.46
cddadd26002959f4,1,0.9856,0.5194,62,0.47,0.8572,25,0.31
1f6d3d52a6685c15,1,0.8797,0.0,230,1.37,0.7603,15,0.87
0e08da5fbc735956,1,0.8133,0.7221,6,0.97,0.7221,6,0.16
5593d7326b9c59aa,1,0.9261,0.719,13,0.68,0.7379,11,0.42
57fc7e48f73a5218,1,1.0,0.0,175,0.6,1.0,0,0.47
ab226645ee6f54aa,1,0.9375,0.8725,3,1.01,0.0,69,0.6
2cde4f39412a556d,1,0.9382,0.0,169,0.75,0.8821,8,0.33
c4fd814210875a8e,1,0.777,0.6632,44,0.83,0.6844,31,0.13
9502cdbb06dd516f,1,1.0,0.0,214,1.77,1.0,0,0.49
3f87b5859c3c525a,1,0.8172,0.7164,28,0.57,0.7613,11,0.36
1e15c5256da5549a,1,0.7735,0.6939,4,0.53,0.6939,4,0.46
09dc77e888295011,1,1.0,0.4249,132,0.48,0.7849,63,0.35
d5ff634ca2dd5801,1,0.9543,0.7843,20,0.52,0.7843,20,0.11
f4e2ec6e37535056,1,0.957,0.0,153,0.39,0.7638,16,0.26
17a3e2d3cba55770,1,0.9312,0.7279,28,0.65,0.7856,21,0.56
e76c53ede9205ba9,1,1.0,0.9394,4,1.4,0.0,95,0.44
f7341516d74658fc,1,1.0,0.9163,4,1.44,0.8897,8,0.37
24b9908a6761529b,1,0.8553,0.0,104,0.56,0.0,69,0.55
afd632f043e35a49,1,1.0,1.0,0,1.12,0.0,47,0.9
0c318d7923d15b78,1,1.0,0.9035,11,0.4,0.8421,33,0.37
f41cf739059453a4,1,0.8416,0.7628,15,0.56,0.6334,56,0.47
7feaf6410f1854a8,1,1.0,0.0,112,0.76,0.6868,32,0.77
06eaba80b0bf50f0,1,0.9414,0.3769,107,0.81,0.3745,108,0.23
d4e5d3e55e3751f9,1,1.0,0.9492,3,0.88,0.0,99,0.56
e849e6a954285f60,1,0.9487,0.878,10,0.69,0.8643,13,0.42
dfe53c7f74e5554c,1,0.9653,0.5683,24,0.64,0.9127,4,0.38
4d3807c5fd5d573f,1,1.0,0.8467,1,0.52,0.805,6,0.62
55b7f0c50f4a5157,1,1.0,0.5833,5,0.51,1.0,2,0.56
054054d63ad85fa3,1,0.9499,0.0,253,0.95,0.8132,11,0.55
8a2637d104fb5194,1,1.0,1.0,0,0.4,1.0,0,0.57
b7c9a2a8db7d5b48,1,0.8717,0.8057,16,0.44,0.0,243,0.45
d6e4774d5cc65309,1,0.9038,0.0,131,0.27,0.7015,7,0.44
50f111c89e0958a9,1,1.0,0.88,13,1.49,0.9734,3,0.96
01d53ccf583c5a49,1,1.0,0.7433,52,1.0,0.827,13,0.45
1b88b298d405518e,1,0.9716,0.916,5,0.51,0.5255,64,0.59
f68fcc74e570541d,1,1.0,0.8174,10,1.2,0.0,245,0.54
f1ae4feebfda5b75,1,1.0,1.0,0,1.02,0.9216,3,0.76
650c7a9e7ea45062,1,0.9865,0.916,8,0.8,0.0,141,0.36
c09cdf83367d5d3f,1,0.978,0.8354,18,0.78,0.7795,34,0.4
72928620ac2a55a0,1,1.0,0.0,95,1.19,0.5372,51,0.34
4f2ac10c0fc1566a,1,1.0,0.9321,1,1.84,0.9086,3,0.34
7d10959013575b2d,1,0.9616,0.9388,2,1.75,0.8411,18,0.46
2721fbd6b58d558a,1,0.9429,0.0,229,0.83,0.0,89,0.52
d484aff53cd1589f,1,0.8333,0.0,138,0.27,0.7297,43,0.78
f29d6171f46b551d,1,1.0,0.0,140,0.8,0.7475,31,1.05
99f3a7ec61305307,1,0.8982,0.0,214,0.69,0.8534,4,0.28
e76e7c89a8935276,1,1.0,0.0,150,1.58,0.0,219,0.69
6b3d5914f92b54d9,1,0.9446,0.9296,2,0.54,0.8559,18,0.18
c5af9333bf63510d,1,1.0,0.9412,3,1.33,0.9256,4,0.68
5e8d717cc46a5988,1,0.8333,0.7614,7,0.42,0.794,2,0.37
7f62e2a838405444,1,1.0,1.0,0,0.91,1.0,1,0.23
dde50b95cefd5ecd,1,0.9528,0.0,166,1.47,0.0,49,0.4
f03963c1aacd54f4,1,0.9618,0.7603,43,0.81,0.6573,90,0.21
8ff8a3cf55355131,1,1.0,0.9388,2,1.21,0.7925,14,0.54
22b526a96ad65c88,1,1.0,0.8675,13,0.75,0.6861,59,0.87
982bd8015c9352f5,1,0.8469,0.0,110,0.52,0.7513,13,0.41
dded75c35039515f,1,1.0,0.8326,16,0.73,0.0,169,0.85
2fdb40cf92e75107,1,1.0,0.9644,2,0.37,0.0,109,0.49
a75e220cee925c10,1,0.9197,0.7343,29,0.93,0.7614,19,0.18
9b9aa93df6b15de7,1,0.9379,0.9379,0,0.87,0.0,60,0.67
f424ee234e385b95,1,0.9125,0.8378,4,1.25,0.8378,4,0.41
2802831d87ba5a55,1,0.8794,0.7641,21,0.41,0.7641,21,0.21
4d31d76919495557,1,1.0,0.0,211,0.73,0.0,211,0.32
d232efb9cc535426,1,1.0,0.0,121,2.65,0.954,1,0.94
e26de26a56dd5d21,1,0.8333,0.6993,17,0.97,0.7064,14,0.4
901b2d48b2ce5bf1,1,1.0,0.0,247,0.95,0.886,7,0.39
dbd94883f7865af6,1,0.9523,0.7996,27,1.11,0.7918,30,0.54
9ab7d16dd4a6551f,1,0.7599,0.7571,1,0.38,0.7219,3,0.22
4eff4682a7795fe1,1,1.0,0.0,250,0.35,1.0,0,0.35
d3f00196d11c563c,1,0.851,0.7559,17,0.92,0.7449,22,0.52
6c737af6c9a752dc,1,1.0,0.0,149,1.78,0.0,149,0.79
134651c94f73576f,1,1.0,0.9462,3,1.17,0.8738,11,0.37
0687eed0cf265533,1,1.0,1.0,0,1.32,0.0,102,0.36
a9e622747fc45a0a,1,0.9753,0.0,86,0.7,0.8525,15,0.45
81b89c24f6a5579f,1,0.8787,0.3952,39,1.45,0.6795,23,0.43
1cbccb79dbe058a6,1,0.9076,0.8163,10,0.99,0.7493,19,0.39
cfc9186dc53b5d4a,1,0.8505,0.3653,63,0.24,0.7372,16,0.27
8227648b1da95adb,1,1.0,0.5903,87,1.19,0.5873,124,0.26
89fcf773eb5d514e,1,1.0,1.0,0,2.15,0.9413,2,0.59
48ba976afe6a59c8,1,0.9737,0.6299,22,1.31,0.0,107,0.66
28d91d7116785bf9,1,1.0,0.0,59,1.33,0.8812,3,0.68
9e0633fbdeac55bb,1,0.9887,0.9689,1,1.07,0.9296,7,0.71
b87ed2985e545397,1,0.929,0.0,164,0.38,0.0,148,0.47
bc427a4503535af2,1,0.9207,0.0,34,0.87,0.7196,10,0.2
30271c81460b556d,1,1.0,0.9658,2,1.26,0.9472,3,1.24
d50b69bed8f2570c,1,0.9583,0.5833,49,1.42,0.9018,11,0.55
7ebca95e877a557b,1,0.8785,0.8503,2,0.37,0.7801,11,0.1
ef7089ecfb0c5028,1,1.0,0.4345,93,0.89,0.5117,79,0.44
c67995ef5ccc58c6,1,0.9732,0.0,223,0.9,0.7228,42,0.33
8ec53979117552c7,1,0.9972,0.9222,5,1.55,0.8527,9,0.54
980db9371e6b52de,1,0.9971,0.9146,18,0.26,0.8641,32,0.51
4a6dd3df952b5703,1,0.944,0.4914,36,0.83,0.0,238,0.4
b197862351735b60,1,0.9511,0.8812,7,0.53,0.0,86,0.43
a7f3d88fe5e5534e,1,0.8333,0.6921,31,0.18,0.6921,31,0.46
b65dbda85d085330,1,1.0,0.8348,9,1.11,0.8348,9,0.37
edbd8b34cdc65008,1,1.0,0.9373,6,0.95,0.9725,3,0.74
695990349fc551a7,1,1.0,0.0,56,1.62,0.8372,13,0.85
6f0538a6ba9c5b7f,1,0.8523,0.0,145,0.5,0.7466,7,0.37
a49be33c358b5cb4,1,1.0,0.9523,3,0.84,0.6927,18,0.31
39f81c49a1ba5f41,1,0.9063,0.7029,38,0.79,0.7298,34,0.56
e77441c822075f1b,1,1.0,1.0,0,1.13,0.5567,19,0.59
8b177f84759e56e0,1,1.0,0.0,228,0.72,0.895,8,0.44
c33832506a165cd3,1,0.9936,0.8535,8,1.21,0.0,218,0.61
6eac1c0e2bbd57bb,1,1.0,0.0,168,1.01,0.818,3,1.02
af67221644ad5bd3,1,0.928,0.4329,67,0.33,0.773,25,0.21
7498dbe0e2b65539,1,1.0,0.0,255,0.59,0.8156,26,0.48
5d68790fd55c5e41,1,0.9466,0.0,244,1.26,0.7871,20,0.6
53feb52497035b3e,1,0.9334,0.6906,52,0.47,0.7584,31,0.29
e02db4e2c5ed5b76,1,0.8815,0.7379,26,0.46,0.705,33,0.43
b5b0ab149f9055db,1,1.0,0.8279,34,0.85,0.7339,87,0.25
358d973661955d68,1,1.0,0.8345,21,0.47,0.9027,9,0.41
bffb3b45a1c55080,1,1.0,0.9367,10,0.46,0.0,134,0.87
0dc4e0a3f0195741,1,0.8333,0.0,243,1.5,0.5893,70,0.48
1e60548b4c00538a,1,0.9819,0.9325,4,1.36,0.929,5,0.36
744f8d8edaf859fe,1,1.0,0.0,191,1.74,0.8869,12,1.08
664106f910475a53,1,0.9152,0.8242,4,0.75,0.6887,14,0.94
60c9aabf696a5756,1,0.9718,0.4139,41,1.22,0.8753,6,0.91
36a10b24956c5db7,1,1.0,0.8229,19,1.67,0.7514,52,0.24
2d24100bcb1e57e2,1,0.8123,0.0,240,0.79,0.6943,28,0.28
c081afa672dc56a2,1,0.8696,0.0,118,0.48,0.7462,18,0.16
315e61d0629c54d6,1,0.9162,0.818,7,1.22,0.66,30,0.91
a9fb1181686753ec,1,1.0,0.0,111,0.62,0.0,204,0.74
c844ccab55295a05,1,0.8333,0.7359,21,0.6,0.7612,14,0.61
806b014bc8c15160,1,0.9029,0.7133,26,0.55,0.7133,26,0.43
42032a0cedd95dc9,1,1.0,1.0,0,0.6,1.0,1,0.32
703aa650ece25a02,1,1.0,0.9803,1,1.09,0.0,121,0.67
54e010de01625177,1,0.8009,0.0,140,0.78,0.3833,5,0.64
ac04f9fd4233550c,1,0.9593,0.8957,3,1.23,0.8744,4,0.83
2218fd73bd8d54da,1,0.8333,0.7339,21,0.2,0.7621,13,0.16
ffcbea07e13e540d,1,1.0,0.0,131,0.28,0.0,131,0.3
9bebc9f8507c5cf4,1,1.0,0.0,222,1.14,0.0,222,1.35
83e42a2487695ac5,1,0.9153,0.5833,2,0.75,0.0,55,0.51
7e2675bbae325f36,1,1.0,0.0,152,1.38,0.0,244,0.42
f9b16eaee3b956a3,1,0.9232,0.0,168,1.46,0.8964,1,0.9
4fd76c8d85845816,1,0.8333,0.0,117,1.39,0.6729,7,0.18
9ed1a37904015782,1,0.9602,0.9602,0,0.79,0.0,191,0.77
2243d4e976fb5b77,1,1.0,0.7396,28,0.61,0.7361,31,0.49
2389414c94075d6a,1,0.9251,0.8067,8,1.75,0.7556,15,0.67
a294ae1045875e02,1,0.8184,0.744,19,1.86,0.275,106,0.57
81997d01d8f65c19,1,1.0,0.901,6,0.52,0.8691,15,0.35
6856c3ad77315d3c,1,0.9361,0.4474,64,0.91,0.7749,22,0.56
936c2cf5b8345663,1,1.0,0.9416,27,0.79,1.0,21,0.49
40ef82b4d5735701,1,0.9511,0.7448,18,0.79,0.7885,12,0.46
5f78b2fcada85eef,1,0.9238,0.4618,80,0.69,0.8137,23,0.37
c8bf35e6c9065d83,1,0.9938,0.9572,2,1.21,0.9016,7,0.42
449ed0c45858583f,1,1.0,0.4264,57,0.62,0.0,157,0.32
c056dcf1096258a4,1,1.0,0.9465,31,0.81,0.9531,30,0.45
4a681a6497d35e68,1,0.9721,0.0,157,0.8,0.8707,15,0.41
d2fbab8bed795b5a,1,0.8625,0.7681,17,0.66,0.7681,17,0.42
6370add5182e51b7,1,0.8324,0.0,105,0.91,0.7414,6,0.17
e08a526c85475c4b,1,0.8493,0.8044,10,0.49,0.8214,3,0.64
d7708962e5cc554f,1,0.9689,0.7641,30,0.5,0.7732,28,0.5
a41e9aff2ee457c2,1,0.599,0.0,179,0.88,0.0,124,0.75
d903d26195085adb,1,1.0,0.9102,5,1.57,0.0,120,0.42
63f4362f90ef55a1,1,0.938,0.0,102,0.38,0.0,148,0.45
7d24bd01f77c5d87,1,1.0,0.886,7,1.07,0.0,90,0.81
0efc84a20a7d5b07,1,0.9734,0.8929,8,2.36,0.0,230,2.4
8719c1b8087d5590,1,0.8517,0.7625,13,0.48,0.8067,3,0.36
10fcb2c79add5558,1,0.9392,0.0,159,1.04,0.0,67,0.29
70bf5f0d100d580f,1,0.7738,0.3104,28,0.66,0.6896,6,0.62
5806eb348e3250d9,1,1.0,0.5563,40,0.89,0.787,20,0.68
26101d0a7f79587c,1,1.0,0.8595,16,0.44,0.0,186,0.67
c2116c7a0b15556d,1,1.0,0.9339,1,1.57,0.9102,3,0.8
53d3787367c75240,1,0.9046,0.2247,26,0.88,0.7568,16,0.37
d2937fdb8d605a73,1,0.9714,0.915,4,1.52,0.7261,28,1.0
dc3b040ef45c5094,1,0.97,0.0,166,0.95,0.8665,4,0.58
2bf94996d2325e20,1,0.9747,0.7953,34,0.38,0.7532,60,0.19
1434146a1ab75426,1,1.0,0.8804,16,0.9,0.0,247,0.36
f33a23766bcb55a6,1,0.8935,0.0,193,0.9,0.0,58,0.43
170ea72e455e5e57,1,0.8533,0.8221,2,0.2,0.7682,3,0.35
a763369e30305f95,1,0.9097,0.7652,21,0.56,0.7252,31,0.33
6916caadd44a5806,1,0.9699,0.0,227,1.25,0.85,4,0.36
e5fba7e447ff5a61,1,1.0,0.9546,3,0.8,0.8894,6,0.45
5099c20d468f5cf4,1,0.9595,0.9001,8,0.57,0.8305,33,0.46
e565610cd7b15784,1,1.0,0.9993,5,1.68,0.0,109,0.87
81935f2cb7d45945,1,0.9301,0.8459,3,0.94,0.8845,2,0.63
f4991b521fa15f17,1,0.8562,0.7899,14,0.39,0.8158,10,0.45
1e80afcdb0b65cc4,1,1.0,0.874,9,0.63,0.8652,12,0.42
87df22d07dcb567c,1,1.0,0.9395,3,0.95,0.8123,17,0.54
a0da100b0dcb543c,1,0.9206,0.0,47,0.5,0.8748,2,0.52
e051405f88c05270,1,0.9297,0.0,206,0.5,0.7125,16,0.65
b5025be9867f503e,1,0.8333,0.7465,29,0.54,0.6989,57,0.2
67dbad26dd165f16,1,1.0,0.9211,8,1.18,0.8679,14,0.69
b1cb5523e43b594a,1,1.0,0.8682,6,1.36,0.0,245,0.52
f91ece9be7be56f6,1,0.8725,0.7767,5,0.69,0.7193,34,0.17
1eb0e6e749975996,1,0.9889,0.8882,9,1.37,0.8325,14,1.34
8c12150f849b5b10,1,0.9315,0.4774,29,1.13,0.9015,2,0.43
3921f38b62d55f1a,1,0.9871,0.3331,42,0.47,0.7412,16,0.26
1290e3066cbc5397,1,0.8333,0.7569,37,0.84,0.7769,26,0.38
9b5c31b36c5b5aa9,1,0.9272,0.0,181,1.0,0.0,63,0.46
d5cf4595a3435917,1,0.9416,0.0,111,0.33,0.8296,4,0.29
74d72b3cd99d5ab4,1,1.0,0.931,5,0.52,0.8855,8,0.55
96b5b1c350745a73,1,0.961,0.4876,19,1.1,0.0,60,0.47
905ab0794c235f69,1,0.9733,0.8857,4,1.35,0.8622,6,0.61
10b9d1b254f35a74,1,0.8973,0.0,167,0.83,0.7015,28,0.86
ec8eced041bb5ad5,1,0.7836,0.7558,2,0.44,0.7124,3,0.33
68d4846662cd53c3,1,1.0,0.93,6,1.19,0.8354,32,0.5
e4ad471729c65fc9,1,1.0,0.0,223,1.28,0.0,251,0.34
58863e0ecc6357c5,1,0.9084,0.6795,57,1.45,0.6769,58,0.21
542bec9a7d6e5c52,1,0.8976,0.8081,18,1.1,0.8081,18,0.5
8be468b729aa5f1e,1,0.9522,0.9008,4,0.64,0.4423,67,0.52
8562e5f582e251cf,1,0.9828,0.0,179,1.3,0.4248,60,0.28
9873c047e9155996,1,1.0,0.9469,7,0.59,0.9469,7,0.53
991f13bf4e7f590e,1,0.9831,0.0,247,0.87,0.9159,6,0.18
b4175792b94a5cf2,1,0.8718,0.7069,82,0.93,0.765,29,0.53
610271d0c1515c8c,1,0.8333,0.6687,45,0.63,0.6687,45,0.42
1ea920764abe5dcb,1,0.9282,0.8546,12,0.65,0.7491,52,0.25
a26ee25cd4995271,1,1.0,0.0,216,1.68,0.8259,13,0.38
b605703d3fb05725,1,0.5833,0.0,104,0.78,0.0,238,0.47
dd9750d89740502d,1,1.0,0.7874,8,0.52,0.7874,8,0.3
6bd234c45e885cb2,1,1.0,0.0,56,0.92,0.0,35,0.16
a67c6744e6c45edb,1,1.0,0.0,222,1.8,0.862,6,0.71
9ab8b2e7de985004,1,1.0,1.0,0,1.02,0.8291,5,0.66
029a9572e05a5914,1,1.0,0.8669,16,1.19,0.8981,13,0.46
6247bc8d9df7529d,1,0.8333,0.7352,17,1.22,0.7352,17,0.4
6507522e38405857,1,1.0,0.0,188,1.46,1.0,0,0.72
0d2ff90baf395430,1,0.9865,0.7508,33,1.14,0.5246,51,0.68
6d4a26f442705f49,1,0.95,0.95,0,0.28,0.9046,1,0.11
fe37acae391d507c,1,0.9732,0.0,44,0.63,0.7741,4,0.46
60a560bfff6f528b,1,0.967,0.0,153,0.75,0.0,90,0.45
22a9516d643c5e4b,1,1.0,0.4194,69,0.29,0.743,42,0.42
50676507e4e2554f,1,1.0,0.9672,3,0.94,0.7941,20,0.81
7f396948993153fe,1,1.0,1.0,0,0.53,1.0,1,0.2
f1cc8f05115d5db6,1,0.853,0.7986,19,0.42,0.8144,7,0.25
2ae2e400efe35400,1,0.9278,0.5115,28,0.18,0.8234,11,0.49
971af37715285683,1,0.9513,0.0,235,0.38,0.8608,4,0.15
eba929a6772254e4,1,1.0,0.874,5,0.91,0.7557,17,0.97
bbd5fbbe6cbb5a6f,1,0.8333,0.6974,40,0.1,0.7259,25,0.53
9ebf7c0f1b4f5f39,1,0.9669,0.895,6,0.93,0.895,6,0.48
e5de42748cb65962,1,0.952,0.4176,19,1.32,0.0,230,0.62
3739c038002f57ca,1,1.0,0.9434,6,1.49,0.9167,8,0.86
1584747ded7f5564,1,1.0,0.9468,9,1.16,0.8088,29,0.41
9adad5bdab6b52fa,1,1.0,0.9732,1,1.01,0.746,13,0.8
c4284fce4a2f5213,1,1.0,0.9325,1,2.44,0.8855,6,0.69
2b9bb7ffb9cf5da8,1,0.8907,0.0,119,0.81,0.8035,8,0.71
0ddc4576607e561e,1,0.8937,0.0,153,0.74,0.6481,35,0.62
a8db36bc378c599d,1,1.0,0.0,79,1.3,0.907,4,0.59
11ba25cefa3b5a5e,1,1.0,0.0,250,0.41,1.0,0,0.32
1a1f73871bea5afa,1,0.9896,0.9253,5,1.55,0.0,163,0.57
6350e3b4ec0a59dc,1,0.8333,0.7428,42,0.63,0.7591,28,0.32
49d0c7d110f15c0e,1,0.9009,0.7086,19,1.3,0.714,18,0.24
18236bb0b875582d,1,1.0,1.0,0,0.63,1.0,0,0.48
3d726e71b9925965,1,1.0,0.9546,2,1.04,0.0,130,0.63
d032dcd4015e5cee,1,1.0,0.8882,10,1.11,0.7925,29,0.35
7758c231f45d51de,1,1.0,0.0,242,3.43,0.9634,1,0.71
9b7eb62d80db55e7,1,0.9773,0.0,134,0.65,0.7577,14,0.31
92beafb962d457db,1,1.0,0.0,20,0.68,0.84,3,0.35
25e5bbbced86504c,1,0.8878,0.0,249,0.96,0.0,249,0.58
b2def33d6adc50fc,1,0.9848,0.9514,2,0.68,0.0,185,0.82
2595e56a8af75a60,1,1.0,0.8793,5,0.47,0.932,2,0.71
f8ded55c8f855116,1,0.8333,0.7197,17,0.79,0.7413,13,0.59
3d325eb7d07c587f,1,1.0,0.6339,19,1.47,0.5988,22,0.88
f0d6814d23245178,1,1.0,0.0,121,0.72,0.0,205,0.62
5dcc8367111b5fad,1,0.9747,0.6919,42,1.42,0.8718,7,0.55
10909749099354e6,1,0.8662,0.0,127,0.38,0.2179,31,0.16
6b0d21782a3b5a22,1,1.0,0.0,125,1.44,1.0,0,0.36
7e238e859ebb5720,1,0.9645,0.8984,7,1.33,0.8731,10,0.82
6162cfa976a1521f,1,0.9432,0.8328,5,0.81,0.7023,23,0.6
d06d8235012b56fe,1,1.0,0.9592,4,1.57,0.9374,6,0.53
8e711b3a85205804,1,0.9714,0.4849,37,0.49,0.3092,62,1.08
23742ff81ee85c96,1,0.915,0.0,42,1.12,0.7756,13,0.34
5a06f03022ec5b67,1,0.8527,0.7931,6,0.48,0.6604,23,0.44
ec90dfde532d5633,1,0.9772,0.0,212,0.47,0.7274,25,0.07
61b99cf0e08d559a,1,0.8525,0.7644,21,0.52,0.7822,17,0.36
4e1da51967095494,1,1.0,0.9407,5,1.15,0.5076,32,0.73
03d1885be4355a79,1,0.8966,0.8099,5,0.96,0.0,246,0.61
38f555fbc07f5185,1,0.9599,0.8059,12,0.77,0.7225,28,0.52
e53fc4a1bbe0568b,1,0.8758,0.8282,17,0.92,0.8551,3,0.17
2f3cd5f3b7ee59cc,1,1.0,0.9826,2,1.27,0.9507,6,0.3
e98f83538a315982,1,0.7679,0.6829,4,0.68,0.6721,7,0.42
eed926191448591a,1,0.992,0.8299,24,0.86,0.6715,58,0.54
ab548d52e69b5ed4,1,0.9434,0.0,207,1.16,0.7308,14,0.37
33a43f22312c570d,1,1.0,0.8118,5,1.23,0.7788,8,0.67
2cd1545c4c835ead,1,1.0,0.4832,78,0.5,0.8408,23,0.37
d926deb799a65bea,1,1.0,0.5016,37,0.3,0.8235,10,0.47
812464919a4f5362,1,0.9687,0.4196,98,0.51,0.7812,26,0.13
e095e7e21ab65691,1,1.0,0.0,146,1.92,0.9581,3,0.59
bfdb40b3dded57fd,1,1.0,0.0,67,1.26,0.0,143,1.04
ad7d51bd1b7055ca,1,0.8018,0.6662,28,3.01,0.6951,16,0.32
39d78cc469d65bf8,1,1.0,0.9034,5,0.83,0.8358,27,0.72
2a12546539045e5b,1,0.9033,0.8839,1,1.09,0.7286,10,0.2
c10ed86969435545,1,1.0,0.8789,5,0.43,0.9317,2,0.66
575a40958ae65abd,1,0.9687,0.7202,39,0.96,0.3359,73,0.51
b7205dc330035bf4,1,0.8333,0.7365,14,0.37,0.7365,14,0.35
82e84851ea985ba8,1,0.9617,0.9151,4,0.84,0.9151,4,0.19
bc91cb648d525c6c,1,0.8333,0.7336,8,0.31,0.6948,16,0.59
f7a5f237abcd5b04,1,0.9534,0.3591,52,0.56,0.7415,26,0.46
92c7b16cbf5a5d8c,1,0.9926,0.938,3,0.32,0.8526,4,0.48
9a8acc75f4c05ace,1,0.8526,0.7093,14,1.06,0.6887,19,0.23
0202782270ab5a62,1,1.0,0.9634,2,1.13,0.9713,1,0.71
13b137cecf4b57e9,1,0.9685,0.0,133,0.37,0.9685,0,0.54
d1408323ef2357be,1,0.9054,0.8453,6,1.15,0.0,101,0.77
863e343b2fe45cc1,1,0.8936,0.8936,0,0.84,0.7845,15,0.49
78a8c3b8447d5489,1,0.8333,0.7103,32,0.85,0.6201,74,0.34
a18d2b32f8415373,1,1.0,0.8975,3,0.96,0.644,51,0.43
a3fe8c1981c45693,1,0.8333,0.7307,24,0.96,0.7678,8,0.38
277758d55617567b,1,0.9056,0.8478,5,1.1,0.751,12,0.5
9e1a8204e14e56e1,1,0.8022,0.7162,21,0.97,0.7432,9,0.22
6cb33358dfbc5a84,1,0.7996,0.4562,27,1.49,0.7329,6,1.1
bca2f135ebf4542c,1,1.0,0.9645,2,0.31,0.776,18,0.31
b4c5bd35a81f517e,1,0.9515,0.7563,16,0.51,0.7563,16,0.33
45c6be97d810541f,1,1.0,0.908,6,1.54,0.0,144,0.8
01fc240ee1d25c9e,1,0.9805,0.95,1,0.24,0.9046,2,0.1
e9a6f39362ba53a3,1,1.0,0.9093,4,1.06,0.9093,4,0.51
80a22559c9565d0a,1,1.0,0.4892,48,0.3,0.4892,48,0.54
2c67391395c65d6a,1,1.0,0.0,77,0.55,0.7624,20,0.21
93e2377357d9551e,1,0.9865,0.9162,8,0.87,0.0,90,0.45
47359dd210e254ea,1,1.0,0.7776,20,0.71,0.7876,18,0.64
84a763e08d2c5ac6,1,1.0,0.7332,21,0.43,0.7785,15,0.16
43768792861e5c7e,1,1.0,0.5531,33,0.29,0.8449,15,0.21
79c024b87e175129,1,1.0,0.9691,3,1.16,0.0,147,0.54
a861711ff302554b,1,1.0,0.7408,20,0.64,0.8209,11,0.42
b8434dfe0fbf56f0,1,0.9154,0.7554,12,1.03,0.0,134,0.53
ada62613f2ce5a33,1,0.6035,0.5917,22,0.41,0.5917,22,0.18
a7d3e71b8ca456a9,1,0.8767,0.0,117,0.59,0.4981,17,0.34
4b09402394995325,1,0.9183,0.7958,19,0.59,0.7517,40,0.23
e90d6c211deb5f05,1,1.0,0.8998,29,0.65,0.9371,26,0.53
d9422fc7065e5b62,1,1.0,0.0,85,1.49,0.0,117,0.27
e64d993cb8a75338,1,0.9125,0.9117,1,0.57,0.7955,8,0.32
1d3700dc6c9950e0,1,0.9191,0.0,105,0.92,0.0,89,0.44
21cd38e3128a5285,1,0.9295,0.8837,3,0.94,0.8125,8,0.38
f9592039b6aa5165,1,0.9616,0.0,180,1.19,0.0,159,0.48
67abcf0964415891,1,1.0,0.0,242,1.15,0.7605,17,1.2
b7c1448b395e56c6,1,0.9162,0.0,121,1.15,0.4034,69,0.5
7d5f417c01fb5a87,1,0.9244,0.8118,5,0.89,0.0,203,0.56
fc4982439fef5cb2,1,1.0,1.0,0,1.37,0.9073,6,0.27
5016d5a7a87a538d,1,0.9618,0.8906,10,1.65,0.8661,15,0.43
de16c26b38425a6b,1,1.0,0.7647,16,0.97,0.8424,8,0.33
4a4ce3ba90ad5614,1,0.9495,0.8373,15,0.4,0.7826,40,0.21
40ee16c17fc05cfb,1,0.9305,0.0,138,1.5,0.0,235,0.56
e3a97e3004795b39,1,1.0,0.936,6,1.6,0.894,11,0.38
7c541724eabb537a,1,0.7914,0.7079,5,2.53,0.0,57,1.57
1d612d6783845a87,1,0.7923,0.7122,14,2.06,0.6654,28,0.41
29c5f96fb4e95d3a,1,1.0,0.8884,7,0.68,0.8582,11,0.44
a7f7be23b6185470,1,0.8333,0.6689,58,0.33,0.6689,58,0.58
10ddf2c0942a5704,1,1.0,0.9744,2,0.87,1.0,0,0.39
e34d17f003a052f5,1,1.0,0.0,78,0.81,0.7843,4,0.86
3cc3567e89f95e0a,1,0.9084,0.0,213,0.8,0.7547,25,0.48
cd1234d5b4b2570d,1,0.9478,0.0,232,1.2,0.6943,12,0.23
8d83f07bed9d5f6a,1,1.0,1.0,2,0.25,1.0,4,0.56
f3a327d6e0e45d9a,1,0.9399,0.7962,39,2.2,0.8661,12,0.65
df36523fdaeb5882,1,0.8939,0.0,72,1.11,0.7275,31,0.23
584a741051cd523f,1,1.0,0.6602,12,1.37,0.6404,15,0.29
16a1dfd2dcae512b,1,0.9826,0.9227,6,1.53,0.0,158,0.58
fdb658e4941855a3,1,0.7657,0.7352,3,0.45,0.6876,4,0.12
e3ee34ba4c0c59fd,1,1.0,0.1308,78,0.57,0.1681,42,0.49
5975a1af11e25fe4,1,0.8014,0.0,76,0.68,0.792,1,0.38
b4bcd9085faf5842,1,1.0,0.9539,2,1.04,0.9331,4,0.43
fec541917e3f5029,1,1.0,0.0,110,0.74,0.7428,35,0.25
6a8571daa3445923,1,1.0,0.0,47,1.16,0.5821,26,0.24
1fc38f9fc93f5a29,1,0.9236,0.8766,14,0.21,0.785,41,0.76
717d8be0b970524e,1,0.8121,0.7295,29,0.33,0.7485,21,0.29
d8952813d8de574d,1,0.8933,0.8516,4,0.61,0.764,25,0.45
a4581d8af5f755a9,1,1.0,0.8864,8,1.02,0.8864,8,0.49
3b2fc0d01dbc50ce,1,0.8333,0.6871,38,1.14,0.7263,15,0.39
85dba97943515cbd,1,0.9792,0.9049,5,1.15,0.0,161,0.22
c2ebbcddd45457f8,1,1.0,0.0,178,0.61,0.7885,11,0.51
e6dc564e1a3a588e,1,0.911,0.0,197,1.04,0.0,125,0.23
6bc26fb97d7f5d48,1,1.0,0.0,108,1.09,0.0,86,1.07
834a7c22e2c55c71,1,1.0,0.93,2,0.79,0.779,8,0.48
720c4f312c0f529e,1,0.9455,0.693,80,0.48,0.826,24,0.51
be709e9a5d085f75,1,0.8719,0.7852,6,1.55,0.6767,15,0.53
0bcae698fd905226,1,0.849,0.2851,95,1.3,0.7796,19,0.25
26a1ceab4d455a77,1,1.0,0.913,3,0.87,0.7302,27,0.95
9e9da0b49c475ca1,1,0.9696,0.4659,47,0.57,0.7944,19,0.19
c02bb4d7993e5bbb,1,0.9125,0.8371,9,0.61,0.7373,34,0.43
ebc294355ca753b0,1,0.8725,0.0,235,0.88,0.7379,9,0.3
0fb815b347a359ca,1,0.945,0.9108,3,0.39,0.8515,14,0.41
578a5ef598b9521f,1,0.9671,0.0,200,0.71,0.7689,44,0.25
fb92846550d15dc1,1,1.0,0.0,153,0.64,0.0,210,0.6
9baabb31eaac5335,1,1.0,0.0,124,1.49,0.8906,6,0.51
7b7ce3374d1e51dc,1,0.9271,0.6508,44,0.82,0.8353,14,0.53
f631a836a63855e0,1,0.9324,0.8659,13,0.39,0.7785,42,0.49
af3ca613840a5058,1,1.0,0.9351,2,1.34,0.8619,12,0.51
424cdafd92f25209,1,1.0,1.0,0,1.2,1.0,1,0.17
f44600c092b959f4,1,1.0,0.0,199,2.5,0.0,121,0.72
4e19d097005e55b5,1,0.8333,0.0,84,0.93,0.6738,26,0.37
ffcbf5f098625d83,1,0.9242,0.0,163,0.93,0.0,120,0.35
fe5bd33f199d5a64,1,0.9667,0.9007,6,0.7,0.8523,17,0.48
bb1650a0e72e5b7d,1,1.0,1.0,1,1.14,1.0,3,0.18
53400e82ca375c5f,1,0.9955,0.8319,9,0.75,0.7829,10,0.66
0e850ac8266c552e,1,0.8856,0.0,236,0.48,0.7276,7,0.28
d8699a1844cc5541,1,1.0,0.7427,26,1.04,0.8221,16,0.6
f94a9ce36b8e5516,1,0.8367,0.6876,31,0.45,0.6876,31,0.29
a1eab14904fc5807,1,1.0,0.398,76,0.8,0.7436,32,0.41
6227e5b0f0d4592e,1,0.8607,0.7153,28,0.54,0.6936,32,0.57
2f67d7af0e0d51a1,1,0.9094,0.4249,38,0.56,0.7238,25,0.48
c505de060d305ef5,1,1.0,0.0,74,0.48,0.0,74,0.49
cd34209eec085b73,1,0.9437,0.5554,113,1.28,0.8984,12,0.52
8fbca2950de45a7c,1,0.9392,0.8444,8,0.54,0.7269,33,0.24
b8a1d133723f5897,1,1.0,0.6059,6,1.09,0.601,10,0.74
80957a180a325353,1,0.8333,0.7665,13,0.61,0.7803,8,0.51
1e241714a35658ff,1,0.9176,0.2729,65,0.65,0.2878,62,0.59
a9f639a57ac75fa5,1,0.9886,0.9216,6,1.0,0.8927,8,0.72
a82f1c8ad27d53cc,1,1.0,0.4367,80,0.47,0.8054,25,0.21
2e5e4be9579d568d,1,0.9474,0.8802,14,0.88,0.3922,103,0.52
66a0abcb3eac57df,1,0.9639,0.0,191,1.09,0.0,156,0.48
e38dd745e363544c,1,1.0,0.8602,11,0.51,0.8113,28,0.2
831e535bf528567d,1,0.939,0.797,11,0.46,0.709,24,0.18
330af4c06f715d2d,1,0.7772,0.3885,27,0.57,0.7645,3,0.12
956e3aa8415b5712,1,0.8333,0.7471,20,0.5,0.6305,74,0.48
e8dd949cee3c5f30,1,0.9437,0.7811,7,0.9,0.7101,12,0.28
4bb645483bf4594a,1,0.9583,0.8086,22,0.85,0.8826,7,0.57
f755005e289d5ccd,1,1.0,0.7669,17,0.85,0.9053,6,0.56
83aba0a1454c59e4,1,1.0,1.0,0,1.5,1.0,0,0.46
83d03e995ce55e9b,1,0.9258,0.7237,31,1.52,0.7205,34,0.21
36be99da12575896,1,1.0,0.0,103,0.71,0.0,131,0.88
f2280f25f98852c0,1,0.9631,0.8481,12,0.5,0.7537,28,0.41
9c32ba9f42f75187,1,0.9838,0.0,47,1.1,0.7799,20,0.8
5a907598a1985222,1,0.9711,0.9007,7,0.71,0.8824,11,0.35
76e0272a57f55674,1,0.9111,0.0,166,0.77,0.8118,7,0.47
70d9d518ad0f5382,1,0.9056,0.8852,1,0.99,0.0,68,0.58
609d74e2399c53ad,1,0.953,0.0,65,0.93,0.8376,6,0.39
e1540b19efec5d97,1,0.9223,0.8738,4,1.05,0.7867,14,0.71
bf1d8c493e7458d2,1,0.9723,0.9723,0,0.99,0.0,190,0.7
7beae7492ff45866,1,1.0,0.9741,1,0.95,0.953,4,0.65
3f67051b121a5e43,1,0.9519,0.3725,44,0.75,0.7123,26,0.32
73939fc4dcdf57c4,1,1.0,0.0,183,0.89,0.7207,4,0.84
f2722839a7ed50fe,1,0.7931,0.6982,19,0.45,0.7369,8,0.34
d2098ab3fc1953b3,1,1.0,0.9393,3,1.33,0.523,66,0.72
771a9923745f59c5,1,1.0,0.0,150,1.1,0.0,237,0.74
19a718729d3a5e37,1,1.0,0.9613,2,1.52,0.9714,1,0.4
73c8918f6d995213,1,0.8966,0.0,173,0.6,0.8263,7,0.4
c64ddb8e7b675aa3,1,0.8333,0.6717,26,2.14,0.6482,36,0.3
1968ed26cc315d75,1,0.9981,0.0,159,2.17,0.4669,19,0.8
d7c74666773f5575,1,0.8523,0.0,69,1.27,0.7327,15,0.4
5930f153954b5060,1,1.0,1.0,0,2.08,0.8776,4,1.08
cbe3a6c80bfb5327,1,0.9144,0.0,68,0.48,0.3455,44,0.63
7fcf6a30139b5d3e,1,0.9145,0.4049,62,0.5,0.7668,24,0.26
46a90143da335a9a,1,0.8508,0.0,28,0.7,0.6738,12,0.38
17607267e8155496,1,1.0,0.0,233,1.41,0.7859,64,0.69
2c43056133655292,1,1.0,0.9755,1,1.5,0.9755,1,1.33
ff137d1eea555686,1,1.0,0.9534,4,1.2,0.0,182,0.5
0f6d159f5f0c52d0,1,0.8333,0.6737,22,0.45,0.7057,10,0.38
c3d78ec633fa57be,1,1.0,0.0,36,0.38,1.0,3,0.51
f606d0e6eda7549a,1,0.7969,0.7433,12,0.37,0.7643,6,0.21
fe5247f772d15ec0,1,1.0,0.0,229,1.0,0.8693,8,0.34
52de85cf514f5afd,1,1.0,0.9633,2,0.96,0.9691,1,0.55
322023693f1f5f55,1,0.8748,0.7342,18,0.5,0.702,31,0.35
e54deddcc84150be,1,0.8949,0.5319,16,0.63,0.8637,4,0.28
179ea24426e95029,1,1.0,0.924,10,1.28,0.9823,2,1.05
6e10835f184d5921,1,0.9451,0.8873,4,0.92,0.1463,67,0.49
99e4c28a82735b10,1,0.9146,0.7052,30,0.87,0.6815,45,0.16
3b5ea54bfd575d68,1,0.9738,0.0,194,0.97,0.7841,11,0.75
16aa734bed8a5f81,1,0.8035,0.0,221,0.46,0.7004,5,0.41
411af42484ea5bb5,1,0.9393,0.5202,43,0.56,0.9047,3,0.28
73ce0b2145845c71,1,1.0,0.0,183,2.4,0.0,49,0.64
c2735759fe9957a5,1,0.9497,0.765,29,0.56,0.765,29,0.49
a9af1e73c9575428,1,0.8879,0.0,232,1.43,0.7638,14,0.49
88454b0190ff551f,1,0.9977,0.7209,58,1.15,0.7209,58,0.49
79322494f7975811,1,1.0,0.0,132,0.79,0.0,130,0.65
625bda810b66583a,1,0.9857,0.8022,14,0.86,0.7163,33,0.38
8237f47b224952b4,1,1.0,0.0,222,0.78,0.0,222,0.94
d532c0b3a43a52dc,1,0.9751,0.8906,5,0.51,0.8113,18,0.5
91f7454802305af8,1,0.859,0.779,29,0.28,0.7966,14,0.21
6fee6df4d64b5d9d,1,1.0,0.9689,3,1.11,0.9689,3,0.5
e16ed6e841ee58cd,1,0.9084,0.7164,32,0.39,0.7521,23,0.51
750b8c926ffd5895,1,1.0,0.0,250,0.66,1.0,0,0.46
7fcd06d455d55572,1,1.0,0.9086,3,0.76,0.0,95,0.61
9a1762340f11542c,1,1.0,0.0,81,1.54,0.0,74,0.79
d7bf550698b55562,1,1.0,0.4829,155,0.55,0.8295,58,0.25
d1c5fed75ec951fa,1,0.9729,0.8849,5,1.29,0.8643,7,0.66
29949ff80141506e,1,0.9484,0.0,71,1.23,0.8543,2,0.32
81b8a8b98a655f0f,1,0.8333,0.0,77,0.63,0.685,32,0.34
b48c29fc1bd15ca0,1,0.9493,0.7191,51,0.54,0.7019,64,0.33
ec68073cb7a15741,1,0.9938,0.0,57,0.26,0.0,57,0.37
e6f0e2d8ec345ad6,1,0.849,0.0,149,1.36,0.7323,19,0.54
9e28afceaa155cf4,1,1.0,0.0,250,0.48,1.0,0,0.31
ed2a869a8d1c5eb7,1,1.0,0.9495,2,0.98,0.9495,2,0.58
601eee0a0e2d52a3,1,1.0,1.0,0,0.35,1.0,4,0.55
3fbc15dbb18756ba,1,0.9256,0.7216,11,0.77,0.7395,9,0.4
dc8554c53a2a5afc,1,0.7806,0.7041,41,1.1,0.6034,118,0.47
e4ae770961c15455,1,0.7937,0.6911,53,0.65,0.6471,95,0.4
a924eaf3a0c35078,1,0.8606,0.0,152,0.81,0.8187,9,0.29
9276407219215151,1,0.8957,0.4045,31,0.54,0.7434,12,0.49
8c75e07d70c558df,1,0.8015,0.8015,0,0.23,0.7486,1,0.25
5cb436b6276f59ae,1,0.9134,0.0,241,0.57,0.7347,8,0.71
2b34624bf9455480,1,1.0,0.9696,4,0.72,0.9627,5,0.56
c6e19ffa3c34551c,1,0.8333,0.7198,12,0.43,0.7538,7,0.18
c9459a7641335bba,1,0.8333,0.6938,26,0.62,0.7056,23,0.42
7aed9edff97256c0,1,1.0,1.0,0,1.01,1.0,0,0.36
1a3c8066b86857b5,1,1.0,0.9039,4,0.56,0.9089,3,0.73
48109ecc22f65d58,1,1.0,0.0,250,0.33,1.0,0,0.32
7f47c3fca9075a31,1,0.9723,0.901,2,1.09,0.0,156,0.56
7d40448fd04e5e28,1,0.8333,0.6695,42,1.07,0.6695,42,0.33
aabb4c5a82d65945,1,1.0,0.5528,31,0.76,0.8357,12,0.44
488dd191f7dc59a8,1,0.9406,0.0,179,0.92,0.4095,52,0.45
cbf0e5deee8956a9,1,0.8333,0.671,55,0.4,0.6525,75,0.24
c41c11cf85b751e2,1,0.9692,0.0,101,1.56,0.8479,10,0.53
ea8e1b52032857e1,1,0.8333,0.7388,22,0.58,0.767,11,0.57
bbde51f27b4455c2,1,0.8447,0.7578,7,0.67,0.6888,16,0.44
41890b20b92953b4,1,1.0,0.0,136,0.42,0.3261,24,0.46
9c13995a8a285f90,1,0.8491,0.7303,26,0.61,0.7096,35,0.42
bcdaa4a47f925ebb,1,1.0,0.5833,5,0.51,1.0,3,0.32
4bb2fc18f5ee5dcb,1,1.0,1.0,0,1.13,0.9078,3,0.64
33fcb42a03535525,1,1.0,0.9162,2,1.75,0.8357,12,0.23
2376e90f1bf85c50,1,0.9141,0.7647,30,0.66,0.7626,31,0.2
8959015fc1fe5791,1,0.6959,0.0,10,2.28,0.0,249,0.41
49a53d11de6d5b1d,1,1.0,0.8707,7,1.44,0.8398,10,0.65
56fe5be4b9dc5c77,1,0.9943,0.0,45,0.19,0.9943,0,0.29
0563edc821b6543d,1,0.7191,0.0,67,0.52,0.6587,4,0.56
abdf3c37dc03596c,1,1.0,0.9327,1,2.39,0.9096,3,0.18
e9c2ed7aa8275015,1,1.0,0.0,214,1.37,0.9648,2,0.7
6dca7faa6d145d77,1,0.9411,0.8098,36,0.98,0.7664,66,0.58
250389f21dee5793,1,1.0,0.9276,5,1.27,0.8043,9,0.59
c21ec33e15b458a1,1,1.0,0.0,64,0.88,0.0,74,0.51
def10158059d5eb1,1,0.9825,0.7263,28,0.47,0.0,231,0.53
c53ae2fe6cc751e7,1,0.9367,0.0,155,0.58,0.0,147,0.49
d97244a589ca587f,1,0.8333,0.7037,6,0.7,0.7037,6,0.61
e6c8f0c4aaea52d7,1,0.8695,0.5833,7,0.33,0.7464,5,0.54
11811a7320ab58db,1,1.0,0.0,205,0.97,0.9736,2,0.19
963324efc6715315,1,1.0,0.3826,26,0.65,0.6646,22,0.56
3128b8da22c75dd0,1,1.0,0.934,1,1.2,0.8856,3,0.91
200c447283ed50eb,1,1.0,0.9555,4,0.7,0.0,138,0.25
e6206364da5b51f3,1,0.8806,0.8165,17,0.56,0.8593,1,0.3
a00a4902bd105b99,1,0.8459,0.0,180,0.7,0.0,17,1.07
b1f641fdea505c99,1,0.9296,0.3496,57,0.41,0.7234,26,0.3
f57f56e799be599f,1,0.8054,0.8054,0,0.5,0.7796,3,0.3
075cf94c3db15021,1,1.0,0.0,103,0.7,0.8892,3,0.49
5e48f684248053bd,1,1.0,1.0,0,0.49,1.0,1,0.29
ba7da1b0100054f4,1,0.9237,0.8728,6,0.99,0.8209,19,0.29
d90d4f05ebde5bed,1,0.9359,0.5507,32,0.28,0.8917,6,0.1
792d9ff087745f33,1,0.8439,0.7187,17,0.38,0.7187,17,0.33
f096ff143e815978,1,0.9873,0.8929,11,0.4,0.7852,22,0.87
be851166b6665891,1,1.0,0.9396,5,1.56,0.903,8,0.49
85005d733df9577f,1,0.9528,0.0,109,0.83,0.865,4,0.31
66d5ea23c45c51c4,1,0.9376,0.4806,58,0.25,0.8264,15,0.42
97628f2e9ee55826,1,1.0,0.0,110,1.31,0.9191,5,0.43
cd96f8a73c7a5d07,1,0.9265,0.0,137,0.36,0.7352,15,0.32
95528bd014555540,1,0.6239,0.6134,3,0.54,0.6239,0,0.26
b66db24cee7957a2,1,1.0,0.9006,3,0.61,0.7895,8,0.53
78a46fe48bf15051,1,0.8908,0.8434,4,1.47,0.8233,7,0.6
3afb7780247f51bb,1,1.0,0.9303,7,0.95,0.8647,14,0.53
45e6bebee4305fb6,1,0.9931,0.0,15,0.67,0.9424,3,0.36
0992d669b9a25a25,1,1.0,0.9293,1,1.89,0.8358,11,0.33
f1b8c54a906f525e,1,0.9566,0.7082,13,0.6,0.0,156,0.36
ab19982dd5cd57ac,1,0.94,0.0,62,0.56,0.8867,2,0.45
17b0992157365222,1,0.9592,0.0,122,1.29,0.7291,9,0.63
5e092c66c1bf5f3b,1,1.0,0.0,144,1.35,0.0,211,0.56
6363aa6d3d715e03,1,1.0,0.0,163,1.33,0.0,180,0.32
b8bd18a1ccf45918,1,0.9572,0.8747,17,0.64,0.7435,134,0.33
20d3a5f5b9e6549f,1,1.0,0.6306,10,0.82,0.6237,14,0.72
e0b7d625d3f55cd8,1,0.9118,0.8603,5,1.22,0.4194,47,0.39
9a94341d994d5ec9,1,0.9761,0.8737,12,0.65,0.8055,39,0.52
3251e54ebe415e5c,1,0.7859,0.0,16,0.7,0.7859,0,0.11
cff12b59b73c537e,1,1.0,0.0,113,0.58,0.0,94,0.69
72b0f2dcaf1f59a1,1,0.9389,0.8715,4,0.37,0.7748,16,0.64
dce2c9983a00588e,1,0.9588,0.5754,28,0.52,0.8317,14,0.25
2e9c19d0168c58ac,1,0.8333,0.6981,30,0.25,0.7339,16,0.55
6322316826a2547a,1,1.0,0.0,193,1.64,0.0,247,0.4
8b90b26a4deb5019,1,0.8191,0.7361,23,0.35,0.7519,17,0.38
56af8eae4788597f,1,0.8072,0.7561,13,0.35,0.7643,9,0.37
facc11b0d1075018,1,1.0,0.9506,4,1.06,0.9846,1,0.49
8f41958d23a65c48,1,0.9358,0.9022,2,0.87,0.0,34,0.8
f2fdedb5a4ba5c4c,1,0.8333,0.2718,59,2.24,0.6801,11,0.44
77398398b6c550c2,1,1.0,0.9154,4,1.5,0.8943,5,0.62
39147f08f4645365,1,0.938,0.0,240,0.72,0.8777,6,0.54
d0785c050c1350e7,1,1.0,0.0,182,0.43,0.846,29,0.43
7779c453de865aff,1,0.9517,0.8999,5,1.15,0.876,9,0.33
20ffc5c3de7c591a,1,1.0,0.8989,8,1.05,0.8389,15,0.45
e247c988c28957fc,1,1.0,0.9773,1,0.97,0.4696,9,0.75
a0bc34982a4555ac,1,0.9061,0.3748,37,0.45,0.6826,26,0.22
27e100e5fd605194,1,1.0,0.8493,20,0.89,0.7845,45,0.29
55368b53e7ba5dda,1,0.9703,0.806,23,0.59,0.3838,58,0.47
f8e036dd79a954d6,1,1.0,1.0,0,0.18,1.0,1,0.17
39fde97003dd540e,1,1.0,0.0,244,0.62,0.846,1,0.57
7c30e0debf0c532b,1,0.9691,0.7428,19,0.68,0.7849,13,0.35
1e751703427e5a3c,1,0.9664,0.9136,4,1.19,0.1519,74,0.42
54d3c4a139e75250,1,1.0,0.9353,4,0.55,0.9353,4,0.49
80c267878c6a54fa,1,0.8333,0.6836,51,1.02,0.7059,37,0.57
e0d14f6cb7df526e,1,0.9711,0.8158,38,0.69,0.8096,41,0.44
32a9021303f65743,1,1.0,0.0,138,0.99,0.8682,13,0.39
9dff2b84ff305fff,1,1.0,0.949,6,1.06,0.973,3,0.85
dfa06e9592e65896,1,0.9801,0.0,71,1.45,0.8786,7,0.24
d781ee7dce4a5351,1,0.8333,0.6717,22,0.4,0.6531,34,0.16
c617243cb58658eb,1,1.0,0.0,162,1.36,0.9132,5,0.26
984c4c329ba05bd2,1,0.593,0.5923,2,0.33,0.5888,4,0.32
e40bf2ac511950c4,1,0.8483,0.7869,12,0.79,0.8047,5,0.67
3971312f7bb55ea2,1,1.0,0.4357,46,0.57,0.7661,20,0.34
dddf14378c355c3a,1,1.0,1.0,0,1.34,0.0,153,0.52
be0ac32b1590510e,1,0.8731,0.7437,25,0.67,0.6406,77,0.27
64edcbd39d2b5f08,1,1.0,0.9694,3,0.96,0.5403,21,0.63
2a764e45008651e0,1,0.9116,0.3599,94,0.46,0.8583,6,0.49
28d8f3699547568b,1,1.0,0.486,25,0.85,0.0,99,0.68
0d50bb8976e45ea7,1,1.0,0.0,217,0.45,0.6977,8,0.49
6907f601feee5114,1,0.8776,0.7968,6,0.8,0.6826,36,0.4
5491f2f619e25dfb,1,0.9665,0.8975,13,1.07,0.8794,19,0.52
fe4e5fdf88195cfa,1,1.0,0.8879,7,0.68,0.8879,7,0.23
96f19d920d5558e9,1,0.7957,0.7103,17,1.28,0.7227,13,0.4
fd38927a12a152fa,1,1.0,1.0,0,0.88,0.9397,7,0.38
b619e01b47775ec5,1,1.0,1.0,0,1.57,0.8671,4,0.68
43fd9868f2ed549f,1,1.0,0.9865,1,2.01,0.9421,4,0.68
b504737fcab3545b,1,1.0,0.9377,6,0.65,0.7297,29,0.61
45b494315ca85268,1,0.9871,0.8905,11,0.43,0.862,21,0.3
d01d51c26594547c,1,0.9141,0.8317,15,0.56,0.8317,15,0.44
e10fd359f695575f,1,0.9431,0.9379,1,0.4,0.877,20,0.38
9048dd95941958d8,1,0.8158,0.0,250,0.56,0.8158,0,0.32
05769097cb6c5b91,1,1.0,0.9766,1,1.33,0.9603,4,0.3
b648072650cc5932,1,0.9723,0.0,129,0.66,0.8251,16,0.41
c0a12f1497045322,1,0.9454,0.7984,16,2.16,0.0,228,0.79
3fac271cd0795af0,1,0.9715,0.5512,60,0.43,0.8524,21,0.45
b3c1a2ac292d5e3f,1,0.8333,0.6991,33,0.16,0.7111,28,0.27
a5db7f072b0a58d4,1,0.9156,0.8035,9,1.62,0.7698,13,0.64
f5ebfa68c2315d0c,1,1.0,1.0,0,2.72,1.0,2,0.43
85ee18c706cf5966,1,0.8661,0.7874,7,0.48,0.7874,7,0.48
ed166d61f7435477,1,1.0,0.8951,4,1.23,0.7692,10,0.43
0b2839db08ae5ed6,1,1.0,0.0,133,1.31,0.873,5,0.56
e814805effdb5b56,1,1.0,0.0,228,1.15,0.0,177,0.67
3e68b96c1d745820,1,0.8642,0.0,72,1.46,0.7314,15,0.47
8647866881f3587e,1,0.9937,0.0,82,1.81,0.8842,6,0.86
ec1dd3d02f035d78,1,0.8048,0.7563,3,1.02,0.0,57,0.33
0cbeffce57295a2b,1,0.8462,0.0,234,0.36,0.7416,10,0.34
dd4483f390725319,1,0.9317,0.5152,2,0.97,0.1413,14,0.41
8612b2c9d3875ac2,1,0.7938,0.7302,6,0.66,0.7088,9,0.52
7c94fd89afb95a88,1,0.9184,0.0,138,0.65,0.0,138,0.29
3fa1e0c2313358ba,1,0.9194,0.7916,25,0.8,0.6546,96,0.17
77ae9dba6f05550d,1,0.9827,0.5172,76,1.24,0.858,11,0.31
c5709bf1224a5401,1,1.0,0.961,5,1.53,0.9263,9,0.56
4b3302a602155f76,1,1.0,0.9158,3,0.77,0.8413,26,0.39
41f86f5fb97d505c,1,0.9251,0.0,182,1.17,0.7909,10,0.34
17ea7a2cc29957fa,1,0.9294,0.0,73,1.18,0.8656,3,0.73
c87001c4251e559a,1,0.9919,0.8747,11,0.32,0.9408,2,0.41
a164681774715cea,1,0.9693,0.4262,53,0.62,0.7867,15,0.3
3fd20b372fd15206,1,1.0,0.9168,15,0.45,0.9168,15,0.97
8551111013245067,1,1.0,0.5833,3,0.48,1.0,0,0.34
0dfdaa7ed7445e7c,1,0.8924,0.8924,0,1.32,0.0,218,1.08
018ba0bc5f145074,1,0.936,0.0,43,0.4,0.7412,10,0.52
8564551c362e5f26,1,1.0,0.9553,3,0.92,0.9553,3,0.41
3968adecd59c551e,1,0.9527,0.0,115,1.0,0.8412,14,0.15
1559a9e324d6519d,1,0.9598,0.0,231,0.37,0.7019,45,0.63
eb81d53204735bcc,1,0.9597,0.8472,11,0.73,0.7656,30,0.61
86e62e65d9095907,1,0.661,0.0,61,1.27,0.0,202,0.77
64b6d412bf15576e,1,0.8066,0.7599,3,0.97,0.0,214,0.5
bd0dd422fbc152e5,1,1.0,0.9715,1,1.51,0.911,5,0.48
697f7ae6d60f5f2d,1,1.0,0.0,104,0.57,0.0,165,0.87
3eaee893ba995c48,1,0.8333,0.7123,34,0.36,0.7123,34,0.19
e797167404675bfa,1,1.0,0.9762,1,2.65,0.9706,2,0.46
c810620e645e53b8,1,0.9257,0.741,27,0.8,0.7601,23,0.28
e668948b1c0f5b82,1,0.9724,0.0,124,0.91,0.0,91,0.46
898e245e2b0056b0,1,0.9282,0.7256,26,0.45,0.7634,18,0.26
f3572fcbcd285f1e,1,0.9309,0.8017,17,0.71,0.0,170,0.74
63bd566666b75e4a,1,0.9512,0.867,7,1.02,0.8161,23,0.6
179ca3af622e5e0d,1,0.9159,0.5713,8,0.24,0.5713,8,0.48
4501554f824e59fc,1,1.0,0.0,232,0.4,0.0,229,1.8
ebb1e037f19b5c55,1,0.9324,0.909,1,0.79,0.8468,8,0.48
afe18a576559502d,1,0.9437,0.9217,3,0.54,0.8978,8,0.42
dbadf83c8bc85324,1,1.0,0.9911,1,1.39,0.8481,8,0.58
96bf2644106456f6,1,1.0,0.0,95,0.67,0.7793,35,0.38
6a3518e83ad751f6,1,0.8376,0.0,166,0.51,0.6811,36,0.27
589c06909f1c5c27,1,0.9688,0.4027,58,0.63,0.7823,18,0.18
0613d88c01b453c9,1,1.0,0.9896,1,1.74,0.9664,4,1.26
1893fb783df95146,1,1.0,0.9531,5,1.36,0.9609,4,0.23
6cec94a1d70c5cf4,1,0.933,0.8635,3,1.53,0.8635,3,0.57
beaa12171da45b46,1,1.0,0.9403,2,0.93,0.9403,2,0.23
680f4753a59c5a24,1,0.838,0.0,240,1.0,0.0,19,0.8
9d6eac20a6fb5cd9,1,1.0,0.9211,6,0.83,0.0,223,0.54
ada00fe35a595d6b,1,1.0,0.0,217,0.49,0.7074,14,0.46
ee4a2e2de70a510b,1,0.9517,0.8935,4,1.31,0.8306,16,0.32
a12c7f84ebd25b1e,1,1.0,0.9544,4,0.86,0.889,11,0.47
3f64ff364b585a3b,1,0.9542,0.9542,0,1.45,0.873,6,0.72
54718dd05cad553a,1,0.8882,0.8882,0,1.2,0.7718,4,0.29
85649e978e60550d,1,1.0,0.9726,2,0.89,0.8632,6,1.18
5a41a7f756c551ce,1,0.8957,0.5833,7,0.68,0.0,120,0.84
8c2841e7cecf5047,1,0.9214,0.5127,52,0.71,0.8562,8,0.35
4509bc830bbc5fbd,1,1.0,0.7329,26,1.11,0.7789,17,0.68
69e3344606a55c73,1,0.7596,0.7232,5,0.57,0.7187,6,0.65
fb3e4b836ab758db,1,1.0,0.9023,5,0.9,0.9023,5,0.53
f0fb575adb8a5171,1,1.0,0.9286,6,0.78,0.7336,14,0.73
9d423dea34235b41,1,1.0,0.7887,16,1.21,0.6739,49,0.48
0777f5a7263758be,1,0.8745,0.0,44,0.59,0.7373,12,0.29
abd6e8c330ea5694,1,0.9013,0.0,152,0.6,0.7429,9,0.4
8848228852a65400,1,0.9655,0.7952,22,0.53,0.7579,32,0.11
04582784acfe5725,1,0.9961,0.8544,6,0.36,0.8745,4,0.46
0f49301527005b0e,1,0.9794,0.892,6,1.4,0.0,111,0.51
4745746f9a555951,1,0.8439,0.7956,6,0.52,0.7918,8,0.41
f5a6d648a71e5d47,1,0.8333,0.6862,49,0.64,0.6974,42,0.31
9d5e6089bd0d5caf,1,0.9101,0.8247,26,0.36,0.3773,90,0.26
758cc7a721c2546d,1,1.0,0.4848,78,0.34,0.8287,21,0.4
ad8f9de7692d5f59,1,0.827,0.827,0,0.28,0.7972,2,0.09
f958234391c05be3,1,0.9935,0.0,15,0.98,0.9455,3,0.33
862ca192b71f5d93,1,0.8333,0.0,218,0.35,0.2819,130,0.48
fd3b8f88745c5c2d,1,0.9972,0.7873,39,0.6,0.8504,24,0.2
d64abcb201245b5a,1,1.0,0.0,103,1.44,0.0,103,0.78
88f90b93bbf255ad,1,0.9662,0.8996,4,1.25,0.0,208,0.65
07d45fff78625de2,1,0.9018,0.7773,11,0.86,0.8541,2,0.3
4b9402651fd85547,1,0.8797,0.4548,26,0.34,0.7549,13,0.19
6e7339e7dc70532a,1,0.8333,0.6869,43,1.62,0.7374,18,0.54
8cf86f67f10f574a,1,0.9927,0.9225,8,0.4,0.8419,22,0.34
2184b01d59d4550c,1,1.0,0.0,86,0.47,1.0,0,0.42
e7d6dc36775b52cc,1,0.8067,0.6812,24,0.65,0.6988,20,0.47
cdab92d3f2d955db,1,0.934,0.7868,20,0.67,0.663,98,0.37
73e0459194ce577f,1,0.8418,0.7578,36,0.48,0.7995,17,0.32
0774f845fe6b5de3,1,0.9327,0.7546,14,0.88,0.8196,8,0.5
f9720f622fd4511b,1,0.9802,0.0,24,0.96,0.7734,13,0.27
69f1c6885a4859c9,1,1.0,0.9079,8,1.05,0.8766,10,0.54
b0cc2b2b400d5661,1,0.8958,0.4189,29,0.54,0.7392,15,0.26
61138bee69015264,1,0.9525,0.3629,27,1.4,0.3341,29,0.52
ec78d882433a50ca,1,1.0,0.9653,2,1.95,0.0,183,0.58
6347504b632c5be1,1,0.9667,0.8307,8,1.07,0.747,28,0.41
de80647014f35dbb,1,1.0,0.9065,7,1.38,0.8365,13,0.59
d2440edd19d954b5,1,0.9697,0.0,233,1.14,0.0,103,0.24
c9628d0526bb58c5,1,1.0,0.9755,1,1.89,0.896,10,0.56
e7daf964463c530b,1,0.9694,0.0,99,2.2,0.0,69,0.59
a7aa2b49e81b5d4f,1,1.0,0.9399,4,1.75,0.9027,7,0.37
6666f491ef505a49,1,0.8134,0.0,83,0.83,0.0,201,0.46
963a72ef9c615033,1,0.8899,0.0,211,0.65,0.8196,1,0.49
e656eb8f3cdf590c,1,0.9466,0.0,124,1.02,0.8228,23,0.51
f1041299a1a059f5,1,0.8333,0.7466,21,0.54,0.6298,78,0.43
3328705b7cf0517a,1,1.0,1.0,0,3.03,0.9119,3,1.12
8bdf510cc78751f1,1,0.9131,0.4203,35,0.32,0.6233,25,0.36
e24d893472bf5ce0,1,1.0,0.0,81,0.29,0.8209,10,0.3
44cc84f91c6b5bf5,1,0.8333,0.7156,26,0.74,0.7591,13,0.38
cd7568df56095ff2,1,1.0,0.7391,18,0.63,0.0,231,0.43
adfc4abb1c4d50b3,1,0.9264,0.8989,2,1.01,0.817,19,0.37
850f844463075fb3,1,1.0,0.0,250,0.52,1.0,0,0.35
f0a6222ab3e55174,1,1.0,0.0,240,0.57,0.5995,17,0.83
ed95bd64d5a555c8,1,0.9361,0.5624,37,0.9,0.7684,26,0.64
ad47566ea29a57bf,1,0.8957,0.0,129,0.84,0.7091,6,0.32
0bb13e6e40385c18,1,0.901,0.4661,43,0.49,0.7282,29,0.38
1484455d33b85a75,1,0.9248,0.7036,7,1.41,0.0,46,0.46
c35f0df7bfdb5140,1,1.0,1.0,0,0.76,1.0,1,0.4
352290f8ed8e572e,1,1.0,0.9993,2,2.09,0.0,130,0.89
0c4bf4c931b05734,1,0.9728,0.7233,11,0.62,0.6868,17,0.16
8db638d42ddc59f2,1,1.0,1.0,0,0.67,1.0,1,0.25
62fc6bfdfba650ed,1,1.0,0.5833,3,0.39,1.0,0,0.52
cbcd554895c75231,1,1.0,0.0,81,0.91,0.0,88,0.66
44de6aa3d6955912,1,0.9435,0.0,112,1.58,0.4045,27,0.49
f2d4e4b013a3579e,1,0.9573,0.0,76,0.47,0.0,219,0.44
260d8dc1970256a0,1,1.0,0.9698,4,0.81,0.5653,19,0.36
24cad1842cf15f29,1,1.0,0.0,215,1.64,0.9817,1,0.57
e00c640657fb5895,1,1.0,0.9472,2,1.63,0.9445,3,0.87
348680e464e15fa2,1,0.9793,0.9543,2,0.99,0.9104,5,0.34
93e2f4fc13a35269,1,0.8151,0.7313,1,0.47,0.7128,6,0.27
581b5ae61b1c569d,1,0.8823,0.8009,15,0.57,0.8291,8,0.5
f4458a9c09795afa,1,0.9859,0.0,72,1.6,0.7831,14,0.51
d3102c58562a5689,1,1.0,0.9115,7,1.7,0.8696,11,0.51
ba8f7c5757365a36,1,0.9519,0.5522,30,0.61,0.9242,1,0.18
b84c079a32635d34,1,0.9395,0.7978,11,0.45,0.7978,11,0.1
409ed084cde5554b,1,0.8637,0.0,163,0.79,0.7235,29,0.54
c738206669ed589c,1,1.0,1.0,0,0.71,1.0,0,0.32
1d811c0428d255cd,1,0.8333,0.7384,17,0.16,0.7581,10,0.23
afe83cb6c0ae5f67,1,1.0,0.0,202,1.16,0.0,202,0.36
d6353a288d0b545d,1,0.9636,0.7736,16,0.4,0.7736,16,0.3
d9cf5623b4f85cad,1,0.9062,0.8161,6,0.38,0.7744,15,0.19
b5d0bfdf09375423,1,1.0,0.5234,34,0.55,0.8179,19,0.38
4900cab7493059e2,1,0.894,0.4342,64,0.62,0.8273,9,0.4
824944b52b98552b,1,0.9655,0.0,206,0.49,0.7241,16,0.57
ec8a3deaeb1a53ac,1,0.7744,0.6764,41,0.37,0.6564,55,0.37
baa0c0c3397d5ed5,1,0.9711,0.9008,5,0.76,0.8825,8,0.4
69ad18166f085da8,1,0.7416,0.7129,4,0.57,0.6734,5,0.21
b8b9e355618b58cd,1,0.8017,0.6658,27,3.03,0.6487,31,0.25
6fe374eabe7b5dea,1,1.0,0.9246,5,0.85,0.0,114,0.55
190c8d0cece45af1,1,0.9333,0.8051,17,0.74,0.8801,5,0.48
a7cf529d15425b63,1,1.0,0.9908,2,0.37,0.9908,2,0.49
6b678e4f19c05dea,1,0.9719,0.9244,11,0.84,0.9244,11,0.61
8d63ae7a5eec54da,1,1.0,0.0,247,0.7,0.9509,2,0.18
4e1193a7697853ba,1,1.0,0.9406,4,1.51,0.9195,5,0.67
8777c80c80ad53e8,1,1.0,1.0,0,0.52,0.5833,1,0.43
177b58cd935356f2,1,1.0,0.8115,14,0.86,0.8146,13,0.55
69bedd73861656f1,1,0.9308,0.8478,8,1.12,0.0,214,0.26
6828c3caaaca56e1,1,0.9723,0.8947,7,1.22,0.8947,7,0.67
dfb757230bed57d8,1,1.0,0.9696,3,0.64,1.0,0,0.21
77072386dfbb5af8,1,1.0,0.9772,1,1.0,0.966,3,0.57
42629decf8ad5328,1,1.0,0.7878,61,0.76,0.8529,39,0.4
b9e84e372b3958ac,1,0.9438,0.5746,16,0.25,0.9438,0,0.38
7e862e783690532d,1,0.7806,0.7016,3,0.65,0.0,230,1.59
69d75ac905035187,1,0.9514,0.8896,4,1.49,0.8475,9,0.56
a1fa084b258b5672,1,0.9335,0.8136,27,0.83,0.8113,28,0.25
0c8b9f08bfa25dc2,1,1.0,0.9736,3,0.98,0.9736,3,1.17
0ee0c8c2556c506a,1,0.9524,0.7395,46,1.09,0.7997,28,0.46
ae643fddc1195062,1,0.8666,0.7384,28,0.41,0.7677,19,0.19
12177b43d67d51a7,1,0.8664,0.0,168,0.53,0.7935,15,0.28
8a3c6c3502035e11,1,0.9145,0.8741,2,1.37,0.7946,8,0.6
f18ef27ec008527a,1,0.8334,0.8306,1,1.29,0.8029,3,0.29
fb54b190735e579f,1,0.7958,0.3659,41,1.25,0.6753,11,0.69
aecf8e9ea11c5a06,1,1.0,0.8872,6,1.27,0.0,194,0.47
4379fb75ac085d26,1,1.0,0.9841,1,2.09,0.922,4,0.54
e7cfffa4e8dd53a8,1,1.0,0.0,156,1.62,0.5964,38,0.69
068a26b124475a4a,1,1.0,1.0,0,0.53,1.0,1,0.23
9b0a5826d2d357d8,1,0.9717,0.8941,4,1.21,0.8424,7,0.44
e485bc6cdd285588,1,1.0,0.8428,5,0.4,0.7265,17,0.41
7cdcf11e211759cf,1,0.8333,0.688,24,0.59,0.6652,37,0.49
048eb7efa08354e3,1,0.8288,0.0,89,1.91,0.0,249,0.65
dcff89b03b925c41,1,1.0,0.0,61,1.12,0.7058,8,0.61
f84498af5b4f55eb,1,0.9468,0.7434,35,0.81,0.7725,25,0.65
d8d39177bd96593d,1,1.0,0.9323,1,1.99,0.9089,3,0.24
5fe40d882c3b545f,1,1.0,1.0,2,0.37,1.0,1,0.26
71adcc94aa6856a6,1,0.9967,0.0,29,0.84,0.7262,19,0.24
365c0937de9d5885,1,0.9543,0.8268,4,1.12,0.7958,11,0.14
04377176d16d5a0f,1,0.9816,0.8693,6,0.36,0.8643,9,0.47
45b4f09799295069,1,0.8333,0.5902,67,1.1,0.5893,73,0.49
4940444d511c5594,1,0.9337,0.0,188,1.38,0.8124,15,0.35
e8a004bfab7d5034,1,0.9878,0.8972,15,1.0,0.879,21,0.52
b9d14f59883a5496,1,1.0,0.0,70,1.35,0.0,211,0.75
f49e8b1837cd5b23,1,1.0,0.0,227,1.33,0.0,84,0.45
4763f30d505c5ea6,1,0.9304,0.8121,18,1.33,0.6794,101,0.36
1f381d3a242b54f0,1,1.0,0.9319,1,1.86,0.9088,3,0.35
c2a93dd3494b5702,1,1.0,0.9363,2,1.15,0.0,137,0.65
e59da7b4970654fd,1,0.9367,0.0,178,1.29,0.8396,14,0.27
119bd713e2db5e25,1,1.0,0.9537,4,1.54,0.9098,10,0.59
fd6c8bf8f80f5f53,1,0.8386,0.8091,2,0.35,0.6946,16,0.22
df30f32cd2ee5633,1,0.8861,0.7435,22,0.6,0.7937,12,0.23
f641cb06f2175d36,1,1.0,0.8575,19,1.37,0.8602,18,0.58
1bd8492a6487562f,1,0.9158,0.8548,6,0.43,0.8899,1,0.33
f0297d1838cd5b1f,1,0.8578,0.7088,10,0.54,0.6774,15,0.13
f8b8b8ee49205def,1,0.9475,0.8576,5,1.68,0.0,218,0.52
d66a4334c9625c4a,1,1.0,0.9478,6,0.73,0.0,135,0.37
aa34b08bfad85fac,1,1.0,0.9807,2,1.16,0.0,212,0.65
eb7ed87b4ef65273,1,0.9099,0.7154,32,0.85,0.0,51,0.5
a25c025ea58d5409,1,0.9831,0.0,190,0.76,0.8359,12,0.79
cd9d029138325c2c,1,1.0,0.9545,2,0.94,0.0,26,0.88
4c22cdcc527e5a36,1,0.9714,0.8868,14,1.08,0.8724,15,0.33
f34af4dbbbd35a23,1,0.9941,0.0,15,0.86,0.9513,3,0.53
0a8612e9d0df52f1,1,0.9715,0.821,7,0.54,0.0,64,0.79
c77dbdd287825d1a,1,0.9551,0.5527,23,0.85,0.8239,12,0.31
4175cdc49ec759f5,1,0.9653,0.9551,1,0.49,0.8902,12,0.2
955916fd66da5657,1,0.9547,0.7697,19,0.84,0.6394,72,0.41
5396af8f09455852,1,1.0,0.8855,5,1.5,0.7728,11,0.65
7ac633604a3c572d,1,0.9103,0.7235,21,0.72,0.7671,13,0.23
49454db3d9ef54a1,1,0.9491,0.4245,80,0.43,0.7844,31,0.29
0fc626b8de655cc7,1,0.7931,0.0,64,0.55,0.7044,32,0.37
81f1c631c7325b0f,1,1.0,0.8264,4,0.75,0.7079,44,0.77
4907817195ff5d6f,1,0.9331,0.8214,17,1.02,0.7363,33,0.6
bf6e5d04e0d7576e,1,0.9342,0.0,237,1.31,0.8078,29,0.3
2cdba8acff3454a7,1,0.9123,0.0,184,1.28,0.0,65,0.55
6b61ec04ecb25221,1,0.8911,0.7614,14,0.9,0.7349,22,0.52
c48cfa7c240d5808,1,1.0,0.8791,16,0.24,0.8414,33,0.4
7b4383b378035cb7,1,1.0,1.0,0,1.03,0.0,50,0.72
6ffc117437175255,1,0.9493,0.9151,4,1.01,0.0,91,0.59
05d6d7d83b97547c,1,1.0,0.8401,4,1.29,0.8024,7,0.38
f938c73be4165c7f,1,0.9332,0.5558,104,1.11,0.8725,17,0.42
d8c6aedcb54a56fb,1,0.9525,0.5339,99,0.57,0.8449,35,0.15
258fd15174fb5e47,1,0.9618,0.0,170,1.0,0.8281,10,0.52
c1686b2e1a4e5149,1,0.7357,0.3192,49,0.5,0.7065,11,0.34
8220631d2c6a52f4,1,1.0,1.0,2,0.46,1.0,1,0.38
26a78d23b1075252,1,0.8888,0.0,98,0.62,0.8123,11,0.14
ff412420037b524a,1,1.0,0.8308,10,0.58,0.0,32,0.68
adccb045b1495f50,1,0.8226,0.0,243,0.92,0.666,16,0.44
90ed1fb3861c56d7,1,1.0,0.0,229,0.83,0.4289,59,0.48
e7b269e3a51c5713,1,0.7076,0.0,163,0.58,0.3446,22,0.48
d44d886053b15b23,1,0.9721,0.8929,4,2.06,0.8497,7,0.68
fe2270288c1d5628,1,1.0,0.9219,3,2.1,0.8756,7,0.47
619d1afc63c35621,1,1.0,0.7625,12,1.36,0.4124,37,0.46
f820630d5f0a50ed,1,0.9828,0.86,4,0.65,0.8306,14,0.37
0abc30416c5a59cd,1,1.0,0.722,94,0.91,0.6727,113,0.29
3038555c47555d08,1,1.0,0.9404,4,1.09,0.0,225,0.66
fc4bdb76d30553b0,1,0.857,0.7158,11,1.22,0.7135,12,0.69
f37c90e977e856c8,1,1.0,0.5964,38,0.74,0.5964,38,0.66
03c2e332abb25034,1,0.7084,0.0,250,0.39,0.7084,0,0.4
aca9ba55e052575b,1,0.9852,0.8526,12,1.24,0.8255,14,0.51
433a4b88d64350dd,1,1.0,0.8274,9,1.35,0.7523,21,0.64
e56402797d665711,1,1.0,0.868,8,0.91,0.0,90,0.68
97181536d6be5368,1,0.915,0.0,171,0.93,0.6966,38,0.55
bdb0f78978cd5307,1,0.8481,0.0,15,0.9,0.8481,0,0.41
d51cd13cfbe35a4b,1,0.8752,0.7166,42,0.89,0.6457,65,0.49
08e03654c0ca5151,1,0.8582,0.6904,61,0.98,0.6954,55,0.36
2b006c0fae365892,1,0.9195,0.0,152,0.35,0.7439,7,0.29
62eac0a6b7e05fbf,1,0.8764,0.0,194,0.48,0.0,194,0.34
ffbe4e0250f45a3a,1,1.0,0.0,160,1.44,0.0,30,0.89
c7c04f1581855ac4,1,0.7739,0.7739,0,0.66,0.7739,0,0.45
23f357c023c2584f,1,0.9112,0.8002,10,1.68,0.0,224,0.65
6b5a3fa1663e5a8d,1,0.9494,0.8217,5,0.61,0.7036,29,0.23
68c666c7045f5609,1,0.8842,0.0,43,0.44,0.8306,6,0.14
861984dda2c458ee,1,1.0,0.8634,17,1.16,0.0,89,0.9
18a85f2812b45525,1,0.8733,0.7349,34,0.57,0.7032,59,0.08
e5599a8884235d93,1,0.8333,0.6935,47,0.41,0.6552,74,0.32
15e6ef7a85b35d10,1,1.0,0.8975,11,0.89,0.8327,25,0.47
4cdef6ce55a7542b,1,0.9742,0.5205,38,1.36,0.9393,1,0.64
229de058ec7b59bd,1,0.9718,0.0,154,0.42,0.8089,31,0.47
63c33ef5af265f74,1,1.0,0.8914,6,1.56,0.7299,61,0.67
4d55f6c3a3dc58fe,1,0.9131,0.7246,31,0.68,0.7688,20,0.22
0b714952ea0b5017,1,0.9779,0.0,202,1.52,0.0,135,0.5
367ee5f18e345a72,1,1.0,0.8409,7,0.82,0.7266,44,0.71
6e67504ab65f5314,1,0.9558,0.5484,57,0.42,0.8808,14,0.38
62e8d8891ff45c7b,1,0.9109,0.7628,28,0.65,0.7595,31,0.25
cd67b6a868ed5745,1,1.0,0.7836,14,0.93,0.8455,5,0.42
d318551a8ce150e5,1,1.0,0.8939,13,0.86,0.856,26,0.65
ea38508ef0de57c3,1,0.8751,0.7335,45,1.72,0.7231,51,0.51
66329b9ed3785e0e,1,0.9436,0.5704,41,0.48,0.8732,10,0.41
4f5e535c78385629,1,1.0,0.0,251,0.36,1.0,1,0.34
e61699cda2f15e01,1,1.0,0.8367,7,0.58,0.8492,5,0.51
76cd37d3370f5d04,1,0.9505,0.0,155,0.57,0.0,49,0.43
cd2e3c6240d55147,1,0.9982,0.8956,3,0.69,0.8249,8,0.27
e6b7dddf4ae95fea,1,0.9287,0.8999,3,0.88,0.8806,4,0.62
4ad7866306895cca,1,0.7563,0.7544,1,0.67,0.747,2,0.62
dcd3886f044a5e29,1,1.0,0.9545,3,1.27,0.8892,11,0.25
26e5c3fb8af15012,1,0.8329,0.7594,12,0.74,0.6306,58,0.33
e1c0081536575390,1,0.9323,0.7474,20,0.79,0.7929,14,0.49
0a4752bc6c8b5174,1,1.0,0.9061,11,0.84,0.0,239,0.73
6e821a856fe45177,1,0.9228,0.8216,30,1.1,0.8385,16,0.67
fa919203c245502d,1,0.9085,0.0,19,1.12,0.8744,3,0.46
00fcad6d092c5e8e,1,0.9587,0.8932,2,1.2,0.0,123,1.25
9f309ebf66645913,1,0.9341,0.8924,7,0.63,0.8496,22,0.29
55e018d3bd3d5abc,1,1.0,0.8348,8,0.97,0.0,209,0.69
77fa15ffcefb580e,1,1.0,0.0,43,0.95,0.7815,16,0.48
8de5173c05ee56f5,1,1.0,0.9957,1,0.82,0.8494,19,0.45
492a64b807da5cfb,1,0.9276,0.0,217,1.24,0.8011,17,0.65
2ccebcdb0da25be5,1,0.9861,0.8361,13,0.95,0.8628,10,0.69
fb643a2514195bfa,1,0.8214,0.6829,20,0.96,0.8214,0,0.37
0d40059cfdf75e7a,1,1.0,0.9191,8,0.88,0.9309,6,0.28
5b891b54880f5fab,1,1.0,0.9476,4,1.23,0.0,105,0.63
09fda519bc395630,1,0.8333,0.0,173,0.59,0.7098,13,0.17
c7b030a4025a5066,1,1.0,0.0,142,0.7,0.0,253,0.62
189b5f98f6e6549c,1,1.0,0.7445,22,0.92,0.8434,11,0.38
910ce583575e5f8d,1,1.0,0.4636,57,0.49,0.782,27,0.42
ab94d64d31ea5435,1,0.936,0.0,193,0.42,0.0,59,0.62
d14f03fdfc1d5d54,1,0.9731,0.8381,13,0.76,0.8381,13,0.6
91c479d90ccb521a,1,0.851,0.4079,21,0.93,0.7317,12,0.26
eb0095eae628560d,1,1.0,0.9606,1,0.35,0.9606,1,0.35
73b1bfef98ae5664,1,0.8333,0.6827,29,1.16,0.6827,29,0.28
cfa1a5ff80355988,1,0.9952,0.0,147,1.2,0.7704,26,0.27
c0ccba48004c5eba,1,0.9265,0.7379,76,1.14,0.7066,99,0.15
bfcb040f50425141,1,1.0,0.0,56,0.6,1.0,0,0.48
7b2f3235b4cb5374,1,1.0,0.0,252,1.22,0.0,116,0.48
555af87f71415a3d,1,0.8899,0.0,179,0.18,0.814,10,0.21
4d0c174b077e5603,1,0.8761,0.8003,27,1.36,0.8133,16,0.87
0c86ab0f851559e8,1,0.9417,0.7558,26,1.05,0.7748,23,0.51
5865085ba43752de,1,1.0,0.9587,3,0.56,0.0,149,0.51
50d6986491d3510a,1,0.8238,0.1319,28,1.55,0.2438,25,0.58
82b52ede639d544d,1,1.0,0.938,15,1.17,0.9077,26,0.28
c9374cc3f2d45d75,1,1.0,0.9027,13,1.31,0.93,9,0.66
1ed78a92956f5c5c,1,1.0,0.9721,2,1.67,0.0,200,1.05
5bfd2094e1ed528c,1,0.9078,0.1626,69,0.72,0.1443,80,0.42
876f405da0da5016,1,0.8333,0.7282,34,1.0,0.7431,25,0.28
59c8fb57fe4058ea,1,1.0,0.9289,4,0.91,0.8455,27,0.67
4c8d222d98115a86,1,0.8738,0.6559,27,0.53,0.6665,23,0.37
b9ef517f054450b7,1,1.0,0.0,226,0.4,0.748,16,0.07
86fbb46276605d14,1,1.0,0.7426,19,0.81,0.8396,11,0.48
e073c9ed32975c17,1,1.0,0.0,250,0.69,0.8683,7,0.32
c8deb087395357c3,1,0.929,0.9212,2,0.9,0.8451,22,0.47
294335a3e5e45496,1,0.9851,0.7368,27,0.84,0.8301,15,0.47
48f6a3bdc0bf5d64,1,0.8014,0.666,61,0.86,0.6704,56,0.28
3ea7ba225643556d,1,0.92,0.0,73,1.04,0.7359,22,0.25
553c80b72cdc5c04,1,1.0,0.9753,1,1.67,0.9413,2,0.57
8e33b543120b53d5,1,0.9017,0.7338,29,0.72,0.6424,43,0.24
0d49407b94b259e8,1,0.815,0.4234,5,0.28,0.7471,1,0.56
c2ce362b9cf95fee,1,0.9438,0.5406,26,0.52,0.0,223,0.34
1081728e06ca5239,1,1.0,0.8819,34,0.73,0.9107,20,0.76
8d8f5c8c6c29525c,1,1.0,0.9109,2,0.71,0.8551,7,0.37
4889752cac5f5e59,1,1.0,0.9742,2,1.49,0.0,83,1.05
1090e431ffef512f,1,1.0,0.9546,3,0.81,0.8891,12,0.68
91e06c22962d53bb,1,0.9392,0.8948,3,1.32,0.1507,61,0.36
08b1894421c455ed,1,0.8216,0.3205,128,0.82,0.7744,10,0.44
c04902b5c32056e0,1,0.9714,0.9347,1,0.95,0.8745,12,0.64
6360aa4dd01151c3,1,1.0,0.0,60,2.1,0.8142,13,0.64
5f859ab2a2205477,1,1.0,1.0,0,1.93,0.8944,5,0.66
e1db7cf1ba505f99,1,0.989,0.9199,5,1.86,0.866,14,0.39
3154180ecf9a5e67,1,1.0,0.4719,84,0.53,0.8125,30,0.4
5a73f6b4c9855899,1,0.9978,0.0,213,0.36,0.7702,8,0.46
0b5b1309df2f5627,1,0.9529,0.5833,17,0.33,0.8419,10,0.24
b61a78b163d654e0,1,0.8001,0.6997,7,0.72,0.7109,6,0.46
8abfcd61303b52df,1,1.0,0.9531,2,1.81,0.8998,7,0.59
3cf9c200e3485696,1,1.0,0.9373,9,1.1,0.9312,10,0.46
c9aa2159bc3a50a0,1,1.0,0.9185,5,1.11,0.8881,7,0.61
dd6549a070e25b02,1,1.0,0.9323,1,1.35,0.8841,3,0.46
f92ecd09fdf45404,1,1.0,0.481,72,0.48,0.827,24,0.42
ab7d0c4a928e5ec9,1,1.0,0.9551,1,1.42,1.0,0,0.92
bf1fbbbc7f5d5c5d,1,0.8562,0.0,29,0.7,0.6741,16,0.41
c59ff27cf18056b4,1,0.9344,0.8841,2,0.76,0.7142,19,0.78
48f00d40d416591d,1,0.8203,0.7738,3,0.19,0.6736,6,0.23
d5a79b89fb985129,1,1.0,0.9284,2,1.0,0.0,94,0.33
1b6ca45027e3531c,1,1.0,0.9546,2,1.72,0.9276,4,0.4
8118acf21ab154f7,1,1.0,0.0,231,1.26,0.7138,49,0.67
23993a36d4e75a1d,1,1.0,1.0,5,0.41,1.0,4,0.48
e6e4e254f1c55405,1,0.9332,0.8616,3,1.07,0.8234,5,0.32
84431cd14c765efc,1,0.7416,0.6595,24,1.24,0.678,22,0.27
5fe951e403f25012,1,0.8849,0.8176,3,0.8,0.805,6,0.16
7eb910e54ef55811,1,0.9442,0.0,156,0.36,0.749,10,0.16
70e6f01ee485510a,1,0.9853,0.803,15,1.09,0.7347,32,0.32
50a5b2cbb4515594,1,0.9268,0.0,178,1.3,0.7819,12,0.42
526b66c665085401,1,0.9436,0.8792,6,1.23,0.7748,29,0.61
6e3c7a34388e5ae3,1,0.9445,0.0,65,0.67,0.8389,9,0.49
81b16700f22d5688,1,1.0,1.0,0,0.77,1.0,1,0.26
dadaa10f428c501e,1,1.0,0.648,9,1.21,0.0,140,0.58
64d046ec9cee51d4,1,0.9572,0.0,109,0.87,0.0,213,0.5
bb22d36aec8e53df,1,0.9883,0.9197,4,0.93,0.0,44,1.18
52fb49766a14554c,1,0.9421,0.0,67,0.45,0.2708,16,0.77
efbfc794e30f528f,1,0.971,0.0,140,0.69,0.8558,10,0.45
6c321000d6c0527a,1,0.9012,0.7545,27,0.25,0.687,60,0.25
4291f388556f5837,1,1.0,0.9308,4,1.45,0.0,101,0.79
c7f3aa98380354ba,1,1.0,1.0,0,1.36,0.0,174,0.67
d016df0950fc5e69,1,0.916,0.8058,12,0.68,0.7543,30,0.1
569187407cd3517c,1,0.8333,0.6882,22,0.44,0.7118,11,0.32
51e4c182629c50a7,1,0.9755,0.9155,13,0.35,0.7525,42,0.43
0d95350d8f3b516b,1,0.9163,0.0,231,0.44,0.7859,18,0.33
b38a9c035ce15dd5,1,0.9666,0.926,3,0.53,0.9666,0,0.25
cc7707ad6d0d5346,1,0.9409,0.8442,10,1.19,0.0,213,0.21
c133861a233a51de,1,0.8333,0.0,141,2.23,0.0,235,0.74
ce978770a87253c8,1,0.7899,0.7574,3,0.43,0.6938,5,0.54
ae50b115259f5a24,1,0.9632,0.5048,103,0.64,0.9488,1,0.49
e36edd3aedf05e30,1,0.9776,0.9377,3,1.12,0.0,183,0.76
fb4ac387cd285171,1,0.9026,0.0,184,0.9,0.6957,47,0.25
97529137af275136,1,0.9569,0.8738,5,0.7,0.8451,9,0.49
6151a6ef02ee5f8e,1,1.0,0.8333,6,1.22,0.3622,23,0.42
264a59ce900b5405,1,0.9956,0.9686,1,0.77,0.9387,5,0.64
ab8f5b7368a45a6d,1,0.9353,0.9353,0,1.37,0.7109,58,1.01
95612e81595b568f,1,0.9599,0.0,8,1.34,0.0,58,0.38
0fa4d1e0739659b4,1,1.0,0.0,221,1.67,0.0,241,1.05
3c303aa231e65a53,1,1.0,0.786,14,0.57,0.7495,23,0.3
c95d7e81eec75f65,1,0.9703,0.7816,4,0.59,0.695,15,0.29
7048a63246a75ea4,1,0.9931,0.9885,1,0.21,0.9428,2,0.34
173369dc059d5fe9,1,1.0,0.8529,4,0.87,0.6968,79,0.84
19c4aecbe4b65ef4,1,1.0,0.8869,10,0.85,0.8314,13,0.25
6a6362156db75390,1,1.0,0.9642,2,0.58,0.0,116,0.48
6376b9b848385361,1,1.0,1.0,0,0.38,1.0,1,0.56
277f191c94b952f3,1,1.0,0.8915,5,0.65,0.8555,7,0.8
315673fa4e595935,1,0.8333,0.7001,34,0.41,0.7121,29,0.61
74abadad5fd65d44,1,0.8948,0.0,213,1.0,0.8551,4,0.24
e27b4628314951bb,1,0.959,0.4842,114,0.42,0.8273,31,0.5
994c2c1c459b5cc8,1,0.8651,0.0,156,0.41,0.7521,15,0.35
30d639fe2d5057e3,1,0.8949,0.0,214,0.77,0.87,3,0.3
7f2edc964c6d5323,1,0.8045,0.6788,26,0.66,0.6225,39,0.28
1e527ab20dd55310,1,0.9167,0.0,187,0.67,0.3889,61,0.28
b81d52bf71365207,1,1.0,0.9229,5,1.71,0.0,123,0.74
ad8ac16631a15da5,1,1.0,0.0,207,1.21,0.8629,17,0.29
81353cb7d48a5728,1,1.0,0.9597,1,1.04,0.8786,6,0.4
59797b950d9e52ba,1,1.0,0.0,223,0.85,0.0,224,0.7
196375ae13835990,1,1.0,0.9738,3,0.8,0.9738,3,0.4
42d1bc19fbc35965,1,1.0,0.0,91,0.45,0.8519,3,0.31
a978cd72e68155b1,1,1.0,0.8964,12,1.42,1.0,0,0.39
6a833f3690205bac,1,0.9935,0.0,111,1.46,0.8258,14,0.55
088cebb101bf5ed6,1,0.8843,0.0,118,1.07,0.7,30,0.31
58a10d0c924050cf,1,0.825,0.0,224,0.99,0.0,224,0.8
680c8d90658556da,1,1.0,0.0,77,1.24,0.7381,62,0.88
77155a60b2ae5e75,1,0.9928,0.6296,19,0.71,0.6183,27,0.89
48b3dd8be2b554b6,1,0.8516,0.0,199,0.95,0.7656,13,0.6
f863be1a4d1d5e96,1,0.9901,0.5574,51,0.33,0.8297,25,0.24
1bb7bab27d1552f5,1,0.8333,0.7328,25,0.28,0.7612,14,0.49
9ba306d42ab75911,1,0.9707,0.485,77,0.58,0.8435,20,0.16
42160b555f2a5aa0,1,0.8706,0.3874,61,0.56,0.6777,47,0.42
3d5103c659255a72,1,0.9735,0.9099,10,1.6,0.9695,1,0.4
5aac73b6f21a5a86,1,1.0,1.0,0,1.3,1.0,0,0.32
dd4e7db697465be3,1,1.0,1.0,0,0.99,0.0,109,0.56
9a179eb32481553e,1,1.0,0.7431,21,1.12,0.8394,10,0.56
21e4dfb3741d529f,1,0.9201,0.9047,1,0.71,0.7864,18,0.11
cdf6bdc01f055c77,1,1.0,0.9162,2,1.67,0.8739,7,0.2
2c9ad43fb0cd5394,1,1.0,0.5892,22,0.82,0.588,29,0.26
decc2e4c0f445afc,1,0.8333,0.2463,65,2.23,0.6578,17,0.46
0393e11b085a5cc2,1,1.0,0.389,39,0.84,0.9373,5,0.55
af064082155f5dc0,1,0.9074,0.8455,5,0.47,0.8125,13,0.46
616439dd808d57f1,1,1.0,0.8729,22,0.42,0.915,12,0.29
522b72a25cbb5ef9,1,0.935,0.0,162,0.99,0.8532,9,0.41
b5f57f5a6b5b5244,1,0.9839,0.8959,4,1.33,0.8564,7,0.65
069c6a5e408653ab,1,0.9688,0.8909,4,1.17,0.8223,9,0.76
2d9d3d15e7f25716,1,1.0,0.0,239,1.28,0.0,162,0.79
49f37d1d50ef5873,1,1.0,0.8968,9,0.92,0.0,100,0.57
ce9f5160229b5755,1,1.0,0.974,2,1.31,1.0,0,1.0
6f1be4d182475bc8,1,0.9537,0.0,157,0.75,0.447,57,0.43
7b29ee091c295f7a,1,1.0,0.5833,1,0.71,0.5833,1,0.18
bf1f3fe1ca935bba,1,0.8928,0.0,238,0.87,0.8593,3,0.42
a29d602c497c532d,1,0.9488,0.0,213,0.41,0.8228,6,0.18
d2dd81d9f7665fde,1,0.9738,0.9294,4,0.52,0.8973,10,0.39
56886aeb0f685bea,1,1.0,0.0,245,0.97,0.0,156,0.39
ddc62293e7875556,1,0.7981,0.3209,34,0.41,0.7595,4,0.41
b462af5600bf5f88,1,0.9674,0.7049,14,0.75,0.0,87,0.29
6d8767e46d975896,1,1.0,0.7711,7,0.45,0.7711,7,0.48
3b53493dfe335ea6,1,1.0,0.0,144,2.04,0.7981,14,0.65
d82f1b20a55d5bcd,1,1.0,0.9424,3,0.78,0.8562,24,0.39
7f163959c6e05719,1,0.9069,0.7285,10,0.86,0.0,149,0.64
5e4f0ddf24da5f97,1,1.0,0.9724,1,1.27,0.9276,4,0.62
243480f0f2545b3b,1,0.8848,0.0,218,0.32,0.6982,21,0.4
3010009fcb295507,1,0.9304,0.8152,5,0.38,0.7733,12,0.22
67d74f48ba2a548e,1,0.9202,0.2004,13,1.18,0.9202,0,0.62
7d59e0ea1e0d524b,1,1.0,0.0,165,1.31,0.7862,10,0.28
00b2afbb751b59c6,1,0.959,0.0,112,0.87,0.8753,6,0.28
6cdf58d03f8e5493,1,0.8657,0.0,70,1.0,0.7393,12,0.28
179bc3ae5b9f56b0,1,1.0,0.0,143,1.15,0.0,139,0.94
0185fc1c73c759a7,1,1.0,0.9699,2,0.57,0.9738,1,0.47
572e6c81e32958f2,1,1.0,0.8373,34,0.94,0.6337,115,0.24
8e2fece463df5dcb,1,1.0,0.9408,3,1.11,0.0,104,0.77
bf2a9740fda85514,1,0.8156,0.4546,10,0.5,0.8102,2,0.45
08a135d9245b50c2,1,1.0,0.9732,2,1.01,0.9732,2,0.49
ab40048b88b257c3,1,0.987,0.5102,72,0.74,0.9049,16,0.42
7a5ad5a3fcd85c7a,1,0.9302,0.8732,5,0.93,0.0,55,0.71
7e76a2b3918656f9,1,1.0,0.0,179,1.42,0.9169,6,0.37
94cabec7888a5bb3,1,1.0,0.0,108,1.23,0.9197,5,0.6
82521f61cf965167,1,0.8192,0.0,206,0.97,0.7226,9,0.33
434f74e0c3e25cdd,1,1.0,0.9252,15,0.56,0.8635,41,0.28
b17e8b3c64295431,1,0.8778,0.3442,46,0.47,0.6859,29,0.35
e99744bcd703522c,1,0.8962,0.7335,39,0.98,0.6543,59,0.19
c2f56a56716f55e3,1,1.0,0.0,228,1.0,0.8375,19,0.38
346f28fb35365c73,1,1.0,0.0,142,2.4,1.0,0,0.34
09a0456056555b0a,1,0.9925,0.9379,3,0.6,0.969,2,0.47
ea85208e83eb57b6,1,0.9853,0.7488,52,1.39,0.4295,86,0.85
c6fc9d4d4dec5609,1,0.9334,0.8758,4,0.78,0.0,209,0.41
253ec4fb977d52d6,1,1.0,0.8552,7,1.25,0.0,209,0.5
98cf54a70d5e5da9,1,0.8728,0.7922,5,1.03,0.8365,2,0.88
2dd8a04bcb735c5e,1,0.779,0.0,67,0.65,0.6744,6,0.38
2f233e4005e05c1e,1,1.0,1.0,0,1.8,0.9523,3,0.34
0616f9723c60524d,1,0.9627,0.4104,57,0.28,0.7946,12,0.55
49d00c5507175e01,1,0.9936,0.0,96,1.23,0.1533,82,0.25
926d8c9ced715a42,1,0.9329,0.7423,56,0.41,0.7746,50,0.15
fd3606c29f3f57fb,1,0.928,0.5268,69,0.65,0.8914,9,0.52
13fa82d6564e5bac,1,1.0,0.0,39,0.58,0.0,142,0.85
09978bee1b655865,1,1.0,0.5197,103,1.2,0.8748,17,0.21
0f23b65ea5a6556e,1,1.0,1.0,0,1.77,0.9456,3,1.29
29fea23055595de3,1,0.9267,0.8612,11,1.28,0.826,21,0.24
a4717050e0c05d1e,1,0.9555,0.7948,20,0.52,0.7713,26,0.26
1f211666d4465388,1,0.9662,0.9052,7,1.45,0.818,38,0.44
86dfdf03f928570a,1,0.9712,0.8946,9,0.96,0.8831,13,0.34
19efcf474dd85579,1,1.0,0.8711,8,0.65,0.8427,11,0.81
11482e143a4e5dec,1,1.0,0.9547,2,0.87,0.0,235,0.69
8a2c1d34f9df5213,1,0.8918,0.7276,21,0.57,0.8066,8,0.41
4b43cd9b3d3f576c,1,0.9509,0.549,64,0.32,0.8731,16,0.4
ee8e4ad158ef5a8d,1,0.9611,0.8081,21,1.12,0.883,7,0.43
355835bced0c591f,1,1.0,1.0,0,2.42,0.9845,1,0.35
40726c708b17504a,1,0.9514,0.9154,2,0.91,0.0,188,0.63
4cdcf106cb5d5c63,1,1.0,1.0,1,0.61,1.0,1,0.13
01f2481a8cfc5803,1,0.8933,0.8933,0,0.8,0.8457,3,0.36
f04d33e677745e8e,1,0.8495,0.7257,27,0.38,0.7257,27,0.26
2076a8bdb6da5fe3,1,0.9322,0.5474,34,0.54,0.8401,12,0.35
ea32cdfc9478501d,1,0.9846,0.9044,6,1.42,0.8424,17,0.18
51259bf89422548a,1,0.9361,0.901,7,0.96,0.8243,16,0.82
9ee5cb5e3908569a,1,0.9925,0.9736,1,1.65,0.0,240,0.72
98a1233e3db75a8a,1,0.9538,0.9171,3,0.83,0.7451,24,0.71
4b892b0f3efa5255,1,0.8484,0.7608,13,0.53,0.7785,10,0.12
6fc4fc2702305dfa,1,0.9321,0.0,125,0.62,0.7445,12,0.62
34bead43250559f7,1,1.0,0.9851,2,1.28,0.9534,6,0.46
8dda399c53aa5be8,1,1.0,0.7841,25,0.29,0.7613,33,0.45
01e4bff700f15523,1,0.9318,0.837,15,1.01,0.8233,21,0.48
3388246402ca591e,1,0.9712,0.0,168,1.44,0.7121,52,0.8
8790ecedb8ac580e,1,1.0,0.7427,9,0.67,0.822,4,0.44
a067e1b873c8534d,1,0.9751,0.7483,26,1.02,0.6758,75,0.24
bb3926e0e90c5657,1,0.8901,0.7174,27,0.98,0.7123,28,0.39
efc8eef1e7b551d9,1,0.7905,0.7509,5,2.36,0.0,70,1.54
e36f096910ed562a,1,0.8323,0.7362,28,1.03,0.736,29,0.34
8bacfc35148b5dad,1,0.9929,0.0,214,0.47,0.9407,3,0.27
e0ae2ba5807f558a,1,0.9782,0.5566,25,0.83,0.898,3,0.36
c52f491ebd5b521a,1,1.0,0.0,130,0.61,0.0,143,0.45
90fa31af769c5e8d,1,0.9043,0.0,213,0.42,0.8963,2,0.33
19f93eaa916d5528,1,0.8735,0.7668,4,0.53,0.7641,5,0.33
05965158ab845b47,1,0.846,0.0,50,1.29,0.0,89,0.55
da01de71bce95578,1,0.9343,0.7565,16,0.74,0.8422,6,0.32
6d7ca07eac51558e,1,0.9243,0.0,171,1.12,0.7922,25,0.82
6420c06f99465b53,1,1.0,0.0,73,0.51,0.8419,22,0.51
cbe2fffee4105dbf,1,0.9823,0.9126,6,0.78,0.729,41,0.97
355e4d5dc6c15b9b,1,0.9412,0.8591,11,0.5,0.7415,65,0.36
0e04335474bf5b6e,1,0.8546,0.8014,10,0.86,0.0,253,0.39
13e6cd945bf95a1f,1,0.8333,0.679,20,2.15,0.6537,28,0.2
9147938e42675685,1,1.0,0.0,166,1.92,0.8225,28,0.42
557690c1c31357b1,1,0.9282,0.5427,6,0.72,0.0,37,0.43
60f8e416f5f457b3,1,0.9627,0.0,129,1.44,0.793,10,0.29
780eada83bbc57b1,1,0.9241,0.9142,1,1.35,0.4473,28,0.56
09df1da0af885ddd,1,0.9509,0.156,74,1.26,0.8524,8,0.56
ddc7d737df1957cb,1,0.8188,0.7385,20,0.49,0.7673,8,0.15
93eb75a6d0fc5db4,1,0.9988,0.906,7,0.43,0.866,10,0.25
94625815a7b351b5,1,1.0,0.0,118,0.57,0.7981,15,0.05
66fff80a93805b34,1,1.0,0.8796,8,1.23,0.9079,6,0.6
9d32436291335261,1,1.0,0.0,244,0.79,0.0,252,0.19
8b0d50e645eb5ac7,1,0.8456,0.7459,15,0.59,0.7459,15,0.48
28ef9307f6035143,1,0.9456,0.5481,32,1.39,0.7459,17,0.78
67e538558b0b5f93,1,0.9505,0.0,251,1.21,0.0,220,0.32
629ad0d696ed5a25,1,0.8333,0.6694,42,0.6,0.6694,42,0.33
3346340e1c275766,1,1.0,0.0,174,0.98,0.0,4,0.35
c80072cd3e165a71,1,0.9166,0.7984,11,1.58,0.7617,17,0.63
72779ff1ead25f44,1,1.0,0.0,242,3.22,0.9616,2,0.38
de664d2cb249576d,1,1.0,0.0,156,0.64,0.8817,10,0.52
7b8bb16c6e9b512c,1,0.8333,0.7456,17,0.33,0.6615,59,0.28
95e6e7c4cfe15b91,1,0.8408,0.7165,18,0.44,0.6765,26,0.24
14a11185124a508b,1,0.96,0.9266,3,0.55,0.8534,31,0.55
7dda9e548f79596b,1,0.819,0.6391,47,0.32,0.6789,30,0.39
cc9a87182a05533d,1,1.0,0.9318,2,1.92,0.9089,4,0.37
c418551cd6285092,1,1.0,0.97,1,1.13,0.9187,4,0.52
d01e896e6c325436,1,1.0,1.0,2,0.51,1.0,1,0.2
736e79c663bf5310,1,0.9296,0.9152,1,1.04,0.8726,5,0.31
7ca54b5a28ae5667,1,1.0,0.0,251,1.76,0.8225,12,0.54
f49f94b388d8561d,1,0.8333,0.7154,31,0.44,0.7409,21,0.52
7c8dfd86366157b2,1,1.0,0.8481,19,0.38,0.8158,28,0.31
cb2a52e9af3a5e0a,1,0.8926,0.723,5,0.6,0.7825,3,0.33
15975dc336e75ba2,1,0.8728,0.8492,3,1.28,0.7591,5,0.22
094846d2fa755e29,1,0.7218,0.2609,20,0.36,0.6456,8,0.1
684dc9c8167b5189,1,1.0,0.8607,15,1.12,0.7663,66,0.43
23d70775af9754e8,1,0.8733,0.57,13,0.98,0.7696,8,0.17
43ebecce459052f2,1,1.0,0.8398,13,1.52,0.8365,14,0.46
94689128d3bb5ac8,1,0.9789,0.0,160,0.67,0.8394,7,0.68
01052f67ec24538c,1,1.0,0.0,153,1.24,0.0,179,0.68
f6038d685a4d55b4,1,0.9228,0.4299,19,0.97,0.4504,18,0.43
689abfdd66235378,1,1.0,0.9641,2,0.63,0.5423,39,0.65
18dd0b3ef6b75b70,1,0.9665,0.0,100,0.98,0.7397,19,0.8
4543fc207fbb553e,1,1.0,0.5338,108,0.34,0.8724,34,0.41
76f053cb2f8851c7,1,0.8614,0.7705,11,0.41,0.0,218,0.13
8164612a623156ae,1,1.0,0.9732,1,1.21,0.0,151,0.97
ad243dacb0315588,1,0.97,0.0,240,0.49,0.8344,28,0.46
a44bb178ec7d5c6a,1,1.0,0.9064,1,0.47,0.8745,6,0.4
382c08ff59d5504b,1,0.8754,0.0,213,0.84,0.8285,4,0.32
df0122d3b7d35eb9,1,1.0,0.7409,30,0.51,0.7409,30,0.33
cebdffcaf8595c9e,1,0.84,0.7741,6,0.82,0.7083,18,0.36
177abd8780ad5476,1,1.0,1.0,0,0.11,0.5833,1,0.6
3a161e0999b15823,1,1.0,0.9307,1,1.65,0.0,72,0.81
beeb0c78917a528a,1,1.0,0.9698,2,1.06,0.9738,1,0.38
e15cc5e1d2f85a26,1,0.8464,0.8311,2,1.2,0.8097,8,0.94
bc8aad9d72385289,1,1.0,0.9433,4,0.6,0.0,54,0.6
50eebed7d9655bb5,1,0.97,0.8118,9,0.58,0.695,53,0.53
16d4835b75b05efb,1,1.0,0.4853,97,0.3,0.8291,35,0.25
e69e63297ed85a68,1,0.8485,0.7549,10,0.69,0.7549,10,0.3
fab1fef0e2dc57cd,1,0.9079,0.8179,3,0.38,0.7764,9,0.36
3e11d77a9aca5bb7,1,0.9595,0.0,237,0.79,0.8245,13,0.49
8c4218fc392a52be,1,1.0,1.0,5,0.49,1.0,4,0.31
bbc1735031c25ff7,1,0.9096,0.7857,27,0.46,0.6869,55,0.35
008144fe47ac5f74,1,0.8486,0.7771,6,0.9,0.7275,12,0.17
9f1b6ff3a4865c8a,1,1.0,0.8457,8,1.32,0.1616,91,0.73
f6e64f5e788b5101,1,1.0,0.9171,6,0.73,0.528,71,0.61
cd5c67041095597b,1,0.8058,0.7887,2,0.59,0.6843,5,0.52
9114a3a480dd5466,1,0.9509,0.9438,1,0.66,0.8606,12,0.32
4b594a8e80915943,1,0.948,0.0,140,0.5,0.8181,17,0.34
f748ff8ee5be533a,1,0.9195,0.7902,15,0.3,0.6546,40,0.45
49f69d3d75b65659,1,0.7745,0.7173,13,0.79,0.7342,7,0.43
b641f849bdd55fd7,1,1.0,0.8821,9,0.53,0.8292,23,0.38
fd30fae9e4f35fa8,1,1.0,0.0,243,2.71,0.9182,4,0.69
fa7793ced9cc559e,1,0.8852,0.7885,7,1.31,0.7713,8,1.02
78c26c7e63c3534c,1,1.0,0.9652,1,1.24,0.8084,16,0.62
c01c5d45b97154d4,1,0.8333,0.0,212,1.02,0.7225,16,0.2
1fd4a838b258571f,1,1.0,0.5011,116,1.04,0.8737,23,0.5
37c816fee82753e3,1,1.0,1.0,0,2.67,1.0,1,0.4
32c0c70837d05c47,1,0.8132,0.7048,15,0.51,0.7327,5,0.47
c6281b21b9015448,1,0.8333,0.6687,21,0.45,0.0,151,0.46
f75560fb13f25476,1,0.9369,0.798,27,0.77,0.6149,111,0.26
23fb1660b6985e05,1,1.0,0.942,5,0.84,0.8618,14,0.46
df4dfd432ba25781,1,0.9413,0.7344,17,0.65,0.0,114,0.35
a312f24a197d530c,1,1.0,0.9719,1,1.2,0.0,106,0.43
8b608a6353a95bce,1,0.9569,0.0,120,0.99,0.8641,6,0.15
76615d386ce6519e,1,0.7935,0.0,215,0.43,0.7935,0,0.64
f228a1710d2f5ccd,1,0.8256,0.0,65,1.21,0.7945,4,0.31
b28ff93f850259ee,1,1.0,0.4278,23,0.44,0.7293,13,0.36
7a18ceb376d859c1,1,0.8692,0.0,254,0.87,0.6602,33,0.56
5d7e99b7eea65475,1,0.8531,0.7931,4,0.91,0.7504,9,0.59
fddb0bdd1d7f53e0,1,0.9115,0.0,152,0.78,0.0,149,0.53
d655411faf595661,1,1.0,0.877,5,0.46,0.9018,4,0.36
aaf90b3acdce5063,1,1.0,0.9309,6,0.67,0.9309,6,0.49
1517632ca5a8577b,1,1.0,1.0,2,0.31,1.0,4,0.52
33e37f9d760a56b1,1,0.9689,0.4227,63,0.42,0.7847,19,0.21
f19d96f947fa52d9,1,1.0,0.7441,22,1.1,0.84,10,0.47
fc0acfe530ba5562,1,1.0,0.9551,2,1.7,0.0,176,0.72
bcf76bb937d35be9,1,1.0,1.0,0,0.51,1.0,1,0.45
c3d6016d73645955,1,1.0,0.0,119,1.06,0.7583,18,0.31
5a3613f60fb454d4,1,0.9438,0.0,217,1.57,0.8178,9,0.65
1b95b6689ee75fab,1,1.0,0.9252,1,1.81,0.0,249,0.86
c32ae6a1954651ec,1,0.9186,0.0,155,0.56,0.7299,11,0.4
1e4df42d4cea5416,1,1.0,0.6981,51,1.11,0.4325,61,0.52
089e8e85fb9b5f6c,1,1.0,0.0,149,1.78,0.9598,2,0.76
38d4aa43f5f25eeb,1,1.0,0.86,7,0.83,0.8247,10,0.76
a1065191d3525bb1,1,1.0,0.9728,1,1.16,0.9276,4,0.6
83c7a6c3c0b15b36,1,1.0,0.9669,1,0.87,0.0,184,0.97
cdda15bd879d5a30,1,0.9835,0.0,209,1.2,0.7955,23,0.46
64cdae0a751357ee,1,0.9068,0.7945,5,0.75,0.7945,5,0.41
15d5078041dd5a4f,1,0.9354,0.8177,6,1.33,0.7651,11,0.41
f6ab99e351c95b45,1,0.8948,0.0,242,0.62,0.0,118,0.5
959a7f2070f551e9,1,0.9999,0.0,153,0.38,0.7544,9,0.57
8d04552a13985dc6,1,1.0,0.9735,1,1.34,0.9392,3,0.63
4bda94d100d65f0d,1,0.8333,0.0,245,0.23,0.757,30,0.52
0088dd94bbb85394,1,1.0,0.9758,2,1.2,0.9384,6,0.62
d4f5976a6d615330,1,1.0,0.6007,27,0.62,0.597,38,0.3
fb26a29303d1507e,1,0.8333,0.6713,26,2.14,0.6477,36,0.35
ac3410e696505284,1,0.9655,0.7893,41,1.05,0.0,220,0.27
9bb5a81e7fad549a,1,1.0,0.7979,8,0.73,0.7979,8,0.55
cb84621ac42a5df2,1,0.9121,0.8175,21,0.28,0.8561,8,0.21
d2f121776fd05b4b,1,0.7918,0.7317,11,0.5,0.7784,1,0.55
afbbcee34f1850fd,1,0.8363,0.7397,43,0.71,0.6503,132,0.35
10ee9a1679d759e4,1,0.9107,0.4624,77,0.83,0.8266,10,0.46
bf5be5d94ffa52f8,1,1.0,0.0,157,0.52,0.7421,12,0.41
37a8f4466b8b5110,1,0.9276,0.0,119,1.22,0.3886,62,0.48
6021973f81a75e0b,1,0.9247,0.4357,30,0.51,0.7393,17,0.35
5fde0c8c8f4b5ecb,1,1.0,1.0,0,2.57,0.9189,8,0.98
20ae5de0a8725d9d,1,0.9161,0.0,168,0.94,0.7966,21,0.41
2c0e25d51b0b5e31,1,0.9777,0.5119,60,0.56,0.8163,31,0.33
6f8043e8b0a95706,1,0.7452,0.7224,3,0.42,0.6868,4,0.41
7d930b1f5365521f,1,0.7894,0.395,4,0.46,0.729,1,0.56
fccd90b794b15d6a,1,0.8267,0.7926,8,0.49,0.8106,3,0.34
62c0730b5f435548,1,0.9711,0.8863,7,1.38,0.9009,5,0.85
0f3edc5110485b13,1,1.0,0.9541,1,1.08,0.9304,4,0.23
548b6b9700f25610,1,0.9803,0.0,136,0.74,0.8652,12,0.26
b1c410cdd06b5bb4,1,1.0,0.9385,2,1.58,0.8802,5,0.57
a998a0d0131f5208,1,1.0,0.9129,2,0.86,0.0,100,0.35
6e6c19ea921f550d,1,0.9614,0.5696,22,0.41,0.8458,9,0.39
bc23c66181b15e25,1,0.903,0.5061,8,1.24,0.0,92,1.06
602e1bc4f8575d4e,1,1.0,0.0,56,1.82,0.8109,34,1.44
9369b11c1f5857e8,1,0.9478,0.0,35,0.74,0.7481,15,0.31
2cc421e9b3fd5c17,1,0.5996,0.5986,1,0.85,0.5903,42,0.85
bf8c5276f9a6539d,1,0.957,0.8938,16,1.36,0.8734,20,0.26
0536ffc8d9555b0f,1,0.8006,0.0,57,0.35,0.7655,1,0.56
5b0d99a97ff55fa5,1,1.0,0.0,73,0.68,0.8101,28,0.67
7fbe5b01c5a9525c,1,1.0,0.3707,72,0.66,0.7595,31,0.35
e7756dc30c605482,1,0.9686,0.4842,71,0.87,0.782,38,0.51
08c1c8fbe5435208,1,0.829,0.8218,2,0.44,0.7929,4,0.17
7d6c25f47aa658e8,1,1.0,0.8444,14,0.68,0.8259,16,0.52
e9d8c81a844c5c95,1,0.9107,0.7622,29,0.65,0.7587,32,0.27
14fb2a9aad8850d2,1,0.9352,0.8389,11,0.93,0.7847,33,0.62
2e6e8eebd05f5da2,1,0.971,0.9279,1,1.59,0.841,9,0.55
af4a7d40819b5870,1,1.0,0.7662,16,0.82,0.8585,8,0.63
0f69087034985e9e,1,0.8633,0.3631,56,0.27,0.7346,14,0.35
ef0b044d86855ffe,1,0.8414,0.8029,3,0.26,0.7427,4,0.4
5ac5a4a182b859f7,1,0.8333,0.6945,48,0.49,0.6711,69,0.23
38fb216f0cc35ecc,1,0.9414,0.5021,30,0.53,0.8888,1,0.44
c11b8e3e58e857f6,1,1.0,0.8805,5,0.55,0.9048,3,0.54
85aaf087e6fe54ee,1,0.9803,0.9179,15,0.57,0.7169,90,0.87
7fdfa29d75525f46,1,1.0,1.0,5,0.31,1.0,4,0.39
6ff86f7f95cb502a,1,0.9352,0.8042,12,0.86,0.8801,3,0.26
21000f5c15845bf4,1,0.8944,0.821,6,0.8,0.7713,15,0.37
533c27383d335f4f,1,1.0,0.0,146,0.69,0.9496,3,0.42
7d664c7260d45737,1,0.9805,0.9201,7,1.14,0.8922,11,0.54
4a46ef99ddf55b8d,1,1.0,0.7531,18,0.3,0.7983,16,0.79
db747c98e01c5b42,1,0.8333,0.0,201,1.01,0.0,210,0.45
f033f87821135704,1,0.8333,0.6726,66,0.38,0.6726,66,0.44
c62b532b8f355b16,1,1.0,0.5023,48,0.42,0.848,12,0.3
fda9b858e7e4588f,1,0.9235,0.7292,12,0.66,0.7483,10,0.45
4e60581353585fdc,1,0.9406,0.8529,5,0.97,0.76,37,0.4
04c8cad554925432,1,1.0,0.5023,69,0.4,0.8474,21,0.24
17d8604b0bc65ce5,1,0.9533,0.0,209,0.81,0.782,36,0.65
0ef7ecd9c0035467,1,1.0,0.9248,4,1.54,0.8957,6,0.35
208247acd8ca5e2c,1,1.0,0.8155,14,0.55,0.7548,21,0.31
2834297c33cd5d50,1,1.0,0.0,32,2.2,0.0,55,1.01
6d585a6698f55c8b,1,0.7779,0.3686,24,1.36,0.6917,3,0.33
b15572e37ce95d98,1,0.9923,0.9355,3,0.4,0.8469,4,0.27
0e60a3a86ce2570d,1,0.8916,0.0,91,0.79,0.7326,15,0.33
7d6a50d3acb55383,1,1.0,0.9408,4,0.83,0.0,220,0.68
13da814cde3a525b,1,1.0,0.9348,4,0.77,0.8914,7,0.28
dfd27e2c5d7f50fb,1,1.0,0.9325,1,2.16,0.9092,3,0.22
ad517de61e355d8d,1,1.0,0.8445,10,1.04,0.8009,21,0.68
c0be0cb86f2c5cf1,1,0.9588,0.5787,50,0.51,0.9171,11,0.24
447e7b334e165460,1,1.0,0.8762,8,0.47,0.0,167,0.52
160e6592389759c5,1,0.9671,0.8995,6,1.02,0.8602,13,0.49
618902d469b5516e,1,0.9869,0.9362,2,1.61,0.8563,14,0.37
14b4283d229a5e3d,1,0.9489,0.0,161,0.88,0.8118,36,0.22
257d737fc3865fd1,1,0.9401,0.0,197,1.56,0.6533,95,0.22
b3b8544db9025d6a,1,0.8128,0.7775,3,0.81,0.7224,4,0.21
de7b87d6624754cf,1,0.9899,0.523,41,0.43,0.8563,9,0.25
29647b1293bf52b0,1,0.8738,0.8362,6,1.2,0.8362,6,0.59
ad34e2d0d3865530,1,0.9667,0.8697,4,1.28,0.7875,30,0.44
bdf99b84030a5a0f,1,0.851,0.7737,11,0.48,0.7303,14,0.27
51c83516a5d8585a,1,0.8549,0.7205,5,0.72,0.7205,5,0.32
a7409a64ac2b5a94,1,0.9385,0.5462,44,0.57,0.8984,6,0.21
ff4f691f82915561,1,1.0,0.9672,2,1.22,0.9369,5,0.48
e9fd1602f4555be6,1,0.9889,0.7467,19,0.83,0.7982,9,0.24
a7fa8bccce9253cb,1,1.0,1.0,0,1.19,0.8037,22,0.36
8e7906efc10a5e42,1,0.9485,0.9019,2,1.21,0.7728,10,0.71
7602fcbad344586a,1,1.0,0.8044,28,1.05,0.0,251,0.2
d69b6aacdd0459e3,1,1.0,0.7416,20,0.71,0.0,102,0.53
b1e0acd51fbf5895,1,1.0,0.9221,4,1.22,0.0,235,0.56
c6cef2558e365e85,1,0.8333,0.7315,27,0.65,0.7315,27,0.29
6ce7347fb53b5d83,1,0.978,0.0,171,0.52,0.8358,17,0.5
140a3ea8607f528f,1,0.9926,0.0,36,0.85,0.8539,4,0.3
4386a0ba98f95bb3,1,1.0,0.4173,15,0.54,0.7436,9,0.35
3d8c71ff899f50e6,1,0.8333,0.6939,48,0.56,0.7447,13,0.14
eefc84cb86d45529,1,0.9609,0.9034,7,1.09,0.8455,15,0.57
31ac916bb888562a,1,1.0,0.0,243,2.68,0.7969,15,0.71
b930ed8abf2b5e8d,1,0.8055,0.0,230,0.35,0.6939,13,0.4
26ffff4876f75eed,1,0.8333,0.6957,46,0.54,0.6724,63,0.08
acb57a529dae5da1,1,0.9541,0.0,111,0.7,0.7893,8,0.7
3f265d778b65596b,1,0.8098,0.0,104,0.61,0.0,127,0.88
19a595ad0fe35941,1,1.0,0.9651,2,1.05,0.9216,4,0.81
d14f40d60d165b25,1,0.8733,0.703,33,0.46,0.703,33,0.23
b7bcc88d87ba59ae,1,0.9825,0.8312,6,0.39,0.8545,5,0.51
4566a3d9b5e95d9b,1,1.0,0.7408,20,0.77,0.7983,14,0.56
150c33d5cd005743,1,0.9153,0.9071,2,0.72,0.9071,2,0.38
22af89102e0650b7,1,1.0,0.9412,4,0.75,0.7418,20,0.76
c5b585ddf50d5f1f,1,1.0,0.0,155,0.84,0.8418,7,0.73
ae3496e6ce435e73,1,0.9656,0.8209,19,0.52,0.8662,13,0.32
97f7a14f8a835f59,1,1.0,1.0,0,0.26,1.0,3,0.53
c1553b5b161e5db1,1,0.9908,0.8158,17,0.32,0.6076,51,0.14
13fcb47bb63951e7,1,0.7956,0.0,214,0.41,0.7781,3,0.32
613c91adcbe55cd5,1,1.0,0.9492,2,1.01,0.8093,8,0.5
23b4e574c41a57bd,1,0.965,0.8325,14,1.03,0.761,47,0.49
3866b4b85a135f66,1,1.0,0.8541,15,0.36,0.7888,29,0.53
f07e9b76d6e0503d,1,1.0,0.0,130,1.65,0.7805,25,0.78
b3de01e79b725ae4,1,1.0,0.9495,5,1.17,0.9315,7,0.77
e0cc59c7dc8c50bd,1,1.0,0.5546,35,1.27,0.5546,35,0.49
994db6ebee835fbd,1,0.7902,0.7225,8,0.28,0.7651,3,0.37
618e368153135092,1,1.0,0.4605,64,0.64,0.4368,69,0.44
3e09adf2d7055216,1,0.7737,0.694,5,2.2,0.6025,7,0.16
9ce9ec5a49b1568d,1,1.0,0.9816,1,1.62,0.9554,4,0.56
77919997d5c352d8,1,1.0,0.4786,87,1.04,0.8697,15,0.32
47ece51118f95d1d,1,0.9797,0.4826,82,0.6,0.4562,88,0.26
bdbf1319d21c5cab,1,1.0,0.0,179,1.08,0.0,179,0.79
4c5501833dfd5bb4,1,0.8897,0.0,236,0.58,0.7124,12,0.14
40660dbe143d52c1,1,0.8237,0.3564,26,0.49,0.6865,16,0.14
52ed9777731d5ba8,1,0.9467,0.8698,7,1.0,0.8629,8,0.3
a7ce5a625a525b45,1,1.0,0.7338,22,0.43,0.7789,16,0.26
0bcebe354a715163,1,0.9513,0.8652,21,1.01,0.8351,28,0.49
3dc6b109b480502f,1,0.9379,0.0,61,0.34,0.8716,6,0.47
88466abb967954e5,1,0.8904,0.8121,6,0.33,0.8615,2,0.53
81e5ddc060675e0b,1,0.797,0.692,18,0.6,0.716,11,0.12
3debd3d86b5850dd,1,0.8146,0.2612,105,0.99,0.661,47,0.27
41da8ea7c14754d2,1,1.0,0.7799,14,0.89,0.8784,7,0.47
1b203e7299655c9c,1,0.9299,0.9159,2,1.49,0.9159,2,0.39
b762ea96cfa75157,1,0.6984,0.6168,1,0.1,0.612,2,0.41
6a9d9f877efb51e3,1,1.0,0.6708,22,1.02,0.6469,29,0.52
4b3a1e85619e557f,1,0.9357,0.7501,25,0.55,0.7078,32,0.15
47fdf7c04b155eac,1,0.9789,0.5718,87,1.12,0.8477,13,0.42
1139adeebbbe5d34,1,0.8276,0.7087,26,0.59,0.7087,26,0.57
268ab283b4a95126,1,1.0,0.0,250,0.79,0.8562,10,0.36
597d1cf34bcc5e53,1,0.9444,0.8802,5,1.19,0.0,111,0.51
eae658a09ef152a9,1,0.7724,0.0,111,1.1,0.1408,26,0.87
126dbed7a6b458ee,1,1.0,1.0,0,1.0,0.0,122,0.5
612827ed516257e8,1,0.9231,0.8904,7,0.46,0.8667,11,0.28
0ac3823481f15815,1,0.9688,0.8291,10,0.89,0.7623,25,0.21
ed7a09d2f93d5e90,1,0.9318,0.3443,38,0.29,0.7523,16,0.46
05850e3460015579,1,1.0,0.938,6,1.4,0.9116,7,0.43
816a869e91ae5d17,1,0.9271,0.786,8,0.71,0.6729,23,0.9
d4d21ecb8e4058e8,1,0.9521,0.0,145,1.02,0.6881,24,0.09
ea93b5b81d425814,1,0.8539,0.7262,37,0.55,0.6952,56,0.27
b133316a0e795993,1,0.9285,0.9205,3,1.02,0.8529,26,0.38
56da58294b3d53c5,1,1.0,0.5276,74,0.45,0.8398,32,0.27
150505a546335d5d,1,0.9644,0.0,222,1.09,0.8006,38,0.35
eb2797d76e3b5384,1,0.9538,0.7027,28,0.69,0.7818,17,0.2
9f03709a3c1e5725,1,0.8333,0.7641,18,0.8,0.6868,56,0.48
f985ec5a35285901,1,1.0,0.9376,3,1.32,0.8988,5,0.7
dd43c6087aca5206,1,1.0,0.937,4,1.59,0.8639,15,0.53
ee545028f8a85e6f,1,0.8443,0.0,211,0.54,0.6999,12,0.3
2a34f4d0aefc5039,1,1.0,0.7955,25,1.02,0.7521,46,0.13
5be861ae85a75b45,1,1.0,0.8654,11,1.16,0.0,51,0.8
742ec95b24ee529c,1,1.0,0.0,101,0.51,0.6793,19,0.41
ec097e80d5565caa,1,0.7903,0.7094,12,0.92,0.6434,25,0.26
2c0f41d407295efa,1,1.0,1.0,0,1.57,0.7151,119,0.23
b425ed76adfb5351,1,1.0,0.5051,77,0.57,0.8482,26,0.49
1218b6a218b750d8,1,0.8645,0.0,133,0.47,0.8101,4,0.7
aa1f80806fa35b9f,1,0.818,0.7353,1,0.34,0.711,2,0.46
32e5d7e804c65214,1,1.0,0.787,32,0.47,0.7017,53,0.34
bd4dac2ccde55c08,1,1.0,0.0,106,1.2,0.0,130,0.53
e194cef299cf5264,1,0.9007,0.0,22,0.64,0.0,232,0.71
ef23fc3dea3551b5,1,1.0,0.5833,5,0.18,1.0,1,0.56
db951dbc3e595c29,1,0.8101,0.0,212,1.84,0.0,90,0.54
ee5975ff12275983,1,0.9519,0.7164,41,0.91,0.798,24,0.36
75523a91f0b15884,1,0.9338,0.7734,27,0.26,0.0,51,0.49
562019740aeb5d7e,1,0.9596,0.7836,19,0.59,0.7992,17,0.28
f4059b9c69d5509c,1,0.8483,0.7866,16,0.53,0.8046,10,0.77
b090f02ef43f5d41,1,0.9665,0.8294,8,0.8,0.7474,28,0.46
80386d2e9c215d3b,1,0.9786,0.4734,32,1.12,0.4123,37,0.92
12d4637822bb5f19,1,1.0,0.9257,3,1.21,0.0,102,0.7
a7ad6a154d2051bd,1,0.8333,0.6689,60,0.24,0.6506,76,0.47
26983ee0a39e5a32,1,0.9609,0.4548,71,1.45,0.8412,9,0.52
49f0872dbe1958e6,1,0.9304,0.9304,0,0.39,0.8173,15,0.34
9164913b818a58b1,1,0.9459,0.0,69,1.19,0.0,233,0.76
51d4ce9889525c4f,1,1.0,0.0,203,0.99,0.0,150,0.62
56a5e83ad14c558a,1,1.0,0.8989,8,0.59,0.8162,24,0.27
7b13f467f23c5a2b,1,0.9417,0.9417,0,0.65,0.9417,0,0.08
c6ad08c8eca55275,1,0.964,0.0,68,0.59,0.6723,41,0.49
c2915f2ac7f55f97,1,0.8741,0.8253,7,0.84,0.6541,71,0.54
888d1fb945ed5982,1,1.0,0.0,213,1.11,0.788,8,0.67
ac944958cb6d5209,1,1.0,1.0,2,0.32,1.0,1,0.41
14743d928b9257a1,1,0.8292,0.8215,1,0.37,0.8192,2,0.35
5bc7217fee5c5fc5,1,0.939,0.8188,13,0.8,0.7358,25,0.77
6881586931a25031,1,1.0,0.5917,43,1.35,0.5895,64,0.92
9c9b62965da75764,1,1.0,0.0,239,1.51,0.0,223,0.63
9c63c33c198e5aa9,1,0.9275,0.8619,5,1.08,0.0,63,0.35
dea63e35e7545f27,1,0.953,0.0,126,1.2,0.0,221,0.9
420d59a27cb053ae,1,1.0,0.7806,13,0.41,0.7806,13,0.51
dfb437fd895b5e96,1,0.8767,0.7486,5,0.43,0.7486,5,0.46
148188e5281e53cd,1,0.9523,0.9384,1,0.65,0.8398,10,0.29
94c6fd3f9ec85914,1,1.0,0.0,114,1.39,0.0,223,0.49
644d0407ee0a5337,1,1.0,0.9753,1,1.01,0.9753,1,0.54
95ccb71300195f57,1,1.0,0.9613,1,1.77,0.9025,5,0.67
0bee5ed0a0a957fd,1,1.0,0.9717,1,1.78,0.9416,5,0.44
e6fd7389cbfb5943,1,1.0,1.0,0,1.75,1.0,0,0.42
04fafb805d465314,1,0.923,0.4912,54,0.5,0.8271,15,0.44
19227b35432f567e,1,1.0,0.9831,1,0.81,0.8045,27,0.91
5d004fb36ca95fa0,1,1.0,0.7425,16,0.91,0.8396,9,0.58
7326774073dd5f7d,1,0.9339,0.8209,8,1.4,0.7676,13,0.19
1d3cf448005f56c1,1,0.9011,0.0,234,0.69,0.0,131,0.69
de9dd93857cf5ab5,1,0.9511,0.0,192,1.51,0.0,124,0.71
3d37ed78124057a1,1,0.8089,0.6689,35,0.41,0.6507,45,0.3
60fa28b4cd8a57fb,1,0.9685,0.4193,74,0.48,0.7626,36,0.37
b4f362c0d9015d07,1,1.0,0.96,2,3.45,0.9131,4,1.33
b0b850e74a1e5bc7,1,1.0,0.0,66,0.52,0.8153,6,0.53
e727c1d090125d64,1,1.0,1.0,0,0.58,1.0,1,0.24
92106b8512315c03,1,0.7456,0.7456,0,0.33,0.3418,25,0.69
ffac18af5cea540a,1,0.8803,0.3766,40,0.18,0.7033,20,0.28
4cdd4e33b01a52a8,1,1.0,0.9259,4,1.01,0.8953,7,0.3
44230a68f8305c14,1,1.0,0.9207,8,1.28,0.9207,8,0.45
a7fa674076175448,1,0.875,0.0,187,0.58,0.0,187,0.32
0c3c5692dcdd5bdc,1,0.8333,0.6717,43,0.35,0.6531,57,0.13
1727319cfd2b5661,1,0.9536,0.0,90,1.1,0.0,90,0.45
8857612d0dad5e95,1,0.9266,0.4413,132,0.5,0.6851,97,0.69
bf2bd235d7225732,1,0.9923,0.8909,5,0.62,0.0,221,0.51
14128c4b87b15777,1,1.0,0.9257,3,1.17,0.8851,6,0.29
2d741bb457ed5434,1,0.9597,0.0,153,0.41,0.839,6,0.2
dac176e7b40c5671,1,1.0,0.0,232,1.12,0.8834,7,0.38
eb9fd90de700597b,1,0.9195,0.0,244,1.28,0.8257,19,0.63
e56f85ee56395a99,1,1.0,1.0,0,0.28,1.0,1,0.31
939be40082d9515a,1,1.0,0.0,206,1.8,0.0,164,1.03
4f8d9bfa869553bb,1,0.9658,0.403,92,0.86,0.8757,35,0.56
0d145fab90475c8f,1,0.9926,0.9876,1,1.03,0.9384,3,0.3
ac2e86e04c0a5287,1,1.0,0.0,110,1.28,0.9186,5,0.47
c8c9563dbe59572a,1,0.9366,0.0,17,1.02,0.7744,7,0.19
3ad6a3f7a0f155f8,1,0.9479,0.8146,14,1.69,0.0,207,0.56
0b23b3823c4d57da,1,0.9148,0.0,213,1.11,0.7879,6,0.3
8cec7d21f7dc540b,1,1.0,0.0,60,1.41,1.0,0,0.61
4874da28248a5026,1,0.809,0.0,200,0.81,0.7294,22,0.5
95c73c4a8d775324,1,0.8001,0.0,90,0.67,0.6722,18,0.26
57a85d94e9c95004,1,0.86,0.7064,63,0.53,0.7064,63,0.38
62b620262e1b5b25,1,1.0,1.0,0,0.55,1.0,1,0.25
fb73ca8c7d5f5d34,1,0.912,0.0,47,2.07,0.8407,7,0.49
f7c57baf089e561b,1,1.0,0.0,185,0.78,0.7895,20,0.8
2f9c4ea0c97450c6,1,1.0,0.9171,7,0.82,0.0,210,0.47
f9f4354a1d12565d,1,1.0,0.9486,4,0.74,0.0,186,0.27
40ce7057faae541e,1,0.9691,0.4669,47,1.45,0.0,98,0.2
0a6e90cccbb15213,1,1.0,0.0,204,0.96,0.0,230,0.84
984716e6e27e59ee,1,0.9531,0.7865,13,0.6,0.8309,4,0.38
84b69613f5e6551c,1,1.0,0.8937,6,1.53,0.8547,8,0.68
bcc370e566845fc6,1,1.0,0.7496,16,1.03,0.7106,22,0.21
ddddd9e7e4925db9,1,1.0,1.0,0,1.41,0.0,130,0.61
93d5e0dd29bc5e7c,1,0.877,0.0,32,0.58,0.0,192,0.66
171ac85821875613,1,0.8617,0.0,200,0.72,0.7638,15,0.37
15715849d362599e,1,0.9692,0.0,197,1.01,0.7951,25,0.53
d59310a4fd6e5fde,1,0.8333,0.7335,25,0.2,0.7406,22,0.44
f1592141ee0157fe,1,1.0,0.8751,5,0.4,0.9002,4,0.52
91496ec9ca5f5d5f,1,0.8559,0.7262,4,1.13,0.7062,8,0.35
02328c7410405c5a,1,0.9337,0.5833,26,0.45,0.8883,7,0.34
fe6db2d0c7025b8a,1,0.8928,0.0,121,0.84,0.7965,5,0.21
797606b9788852f2,1,1.0,0.0,250,0.77,1.0,0,0.45
7508fad57cde547d,1,0.9204,0.7761,11,0.38,0.7761,11,0.31
53c908f42e685998,1,0.9188,0.6594,72,0.91,0.2621,120,0.36
015593741e7050f7,1,0.9501,0.0,104,1.31,0.8203,18,0.34
c93a302d2fb2508f,1,1.0,0.0,158,1.73,0.0,153,0.59
f69367f756605199,1,0.8333,0.712,23,0.53,0.7288,18,0.29
df044fb9c65c5d52,1,0.7204,0.0,137,1.12,0.6599,4,0.48
78f8d55c59105b7b,1,0.9413,0.0,85,0.85,0.8499,11,0.35
b523d101fb0958c3,1,1.0,1.0,0,1.22,0.0,49,0.56
526a568a22795441,1,0.8878,0.8155,4,1.0,0.7791,8,0.55
d65373ac727f541f,1,0.9755,0.7557,16,0.73,0.8021,10,0.46
06392ff957445576,1,0.9861,0.0,102,1.31,0.9013,6,0.17
f1f69cb418a05b54,1,1.0,0.0,83,0.58,0.456,68,0.69
3b3f3faf6778593f,1,0.8333,0.7436,23,0.54,0.7646,14,0.26
a6da1090aa335503,1,0.7905,0.0,207,1.08,0.7605,4,0.17
ffef12d9476e557b,1,1.0,0.0,208,1.16,0.8828,2,1.3
2a2cb941f34b5bc4,1,1.0,0.9548,3,1.52,0.0,132,0.47
3b34e3fd5b9e5767,1,1.0,0.9285,2,0.96,0.0,86,0.56
eee59dd716c05e1b,1,0.9191,0.0,251,0.91,0.7836,10,0.47
baff5b48a5c056ec,1,1.0,0.8845,6,1.31,0.797,10,0.76
d4278d63cd605813,1,0.9382,0.4855,71,0.55,0.8006,30,0.42
dc47dc70547551f6,1,0.9454,0.8356,5,1.17,0.7607,19,0.23
9064ebbda4425d30,1,0.9647,0.7965,13,0.52,0.8666,4,0.15
d957b8de88d154cb,1,1.0,0.8589,8,0.48,0.8209,15,0.16
88862af321ce5c8f,1,0.8922,0.7302,9,0.65,0.0,118,0.27
36f96e28725c5f5e,1,1.0,0.0,165,1.23,0.8691,4,0.55
e7c778d603885f57,1,0.9429,0.7181,10,0.7,0.6686,13,0.18
132d1ec43fc058e1,1,1.0,0.0,148,0.49,0.9798,1,0.29
7b263d7980f55503,1,1.0,0.9696,3,0.73,0.9696,3,0.53
74a8e53c9a6f50a3,1,1.0,0.974,3,1.35,1.0,0,0.76
4a29aee6f5bd5073,1,0.8333,0.7459,21,0.39,0.6288,76,0.47
88e453ca4644586f,1,0.9827,0.9413,7,0.93,0.9278,9,0.59
4b6b5bac92ae5f56,1,1.0,0.8288,2,0.58,0.7986,6,0.16
aa072830a2d15d9f,1,0.9334,0.774,32,0.75,0.8235,16,0.52
14b839d065b358d0,1,0.9483,0.1247,95,0.75,0.8627,1,0.62
3a54e9d3717d5760,1,0.9452,0.8436,10,1.34,0.825,14,0.55
9e1be9753cf75e57,1,0.8917,0.0,237,0.26,0.7946,6,0.33
b09d0393d8095685,1,0.8894,0.4689,31,0.5,0.7617,10,0.15
ff1a305b2c1752af,1,1.0,0.8747,7,0.8,0.8747,7,0.54
189654afe9465b09,1,0.9448,0.8795,6,1.37,0.0,210,0.5
abbfc957d5545f53,1,1.0,0.9181,1,1.16,0.8156,4,0.45
abcb112aeb3458cf,1,0.9255,0.8344,7,1.34,0.0,201,0.51
00a757f8d4e45f8c,1,1.0,0.0,162,1.0,0.1704,47,0.7
5f0ef7cc5f0a5b02,1,1.0,0.9144,5,0.5,0.9144,5,0.46
64a7186ab49b5cdc,1,0.9664,0.0,113,1.39,0.0,238,0.26
ad970e7cae1a5ead,1,1.0,0.8485,18,0.95,0.944,5,0.81
d2c77b46ecee58f9,1,0.8333,0.0,186,0.44,0.6904,40,0.47
6892e067e25257f8,1,1.0,0.5187,69,0.36,0.854,21,0.39
dac84d4f931e54ab,1,1.0,0.0,234,2.42,0.0,107,0.5
fb351801ac245053,1,1.0,0.9307,6,0.54,0.5022,82,0.5
c2072dd6a3f85da0,1,0.954,0.0,153,0.86,0.7836,8,0.22
8470cdca41255e20,1,0.7982,0.714,31,0.38,0.7275,21,0.21
56af844c0e0a53ce,1,1.0,0.0,113,1.35,0.8754,4,0.74
a4bf921a024f551e,1,0.7639,0.6943,11,0.57,0.6298,22,0.22
6929a902435e56b0,1,0.9793,0.0,116,1.23,0.0,89,0.61
ff66468144595101,1,1.0,0.5042,50,0.5,0.891,8,0.61
cdd72f4a568a55a0,1,0.8333,0.0,230,0.47,0.3006,46,0.37
89ad209b83755848,1,1.0,0.0,66,1.52,1.0,0,0.84
013d05a439b95210,1,1.0,0.3932,132,1.09,0.9032,11,0.56
214abdb588465704,1,0.9075,0.0,88,0.8,0.7345,11,0.41
4dd4ae3362325296,1,0.9879,0.0,92,0.51,0.8801,6,0.38
35fb7e0858ae5bc8,1,1.0,1.0,0,1.7,0.8948,4,1.16
4143d1c692f95b56,1,0.9308,0.9215,1,0.44,0.8481,15,0.43
5e89299dadf05ad1,1,0.8861,0.7767,30,1.18,0.7661,39,0.52
2135b76284735f17,1,1.0,0.0,136,1.0,0.7474,28,1.04
8eca6838e7c75493,1,0.8897,0.8178,8,0.42,0.7623,22,0.32
81a0a6181d335250,1,1.0,0.8681,13,0.87,0.8406,18,0.52
ba4d9a1f0ac15364,1,0.8333,0.7332,26,0.52,0.6727,53,0.29
b172a207771456f1,1,0.8709,0.7393,23,0.88,0.7627,16,0.18
540098f126795a8c,1,0.9926,0.1674,58,1.15,0.8647,8,0.37
ac2046c2652451fc,1,0.9514,0.7059,23,0.72,0.6908,29,0.21
8a6fbabba3745db9,1,0.8918,0.3863,45,0.36,0.7514,15,0.25
42b4245406ee5ab8,1,0.9804,0.9292,12,1.35,0.9123,16,0.6
fbc91394092b5dbb,1,0.9547,0.0,145,0.56,0.8732,3,0.04
c4fad4d040a75b90,1,0.9628,0.0,112,1.34,0.8325,12,0.99
65f236a74a3d53a4,1,0.945,0.8969,3,0.53,0.0,210,0.8
ed02d0df47ca55e7,1,1.0,0.7271,21,0.96,0.7466,17,0.42
fefc295622155532,1,0.8942,0.0,67,0.48,0.7229,6,0.32
98b3a0bf3cce5649,1,1.0,0.0,247,1.34,0.1371,23,0.63
13ba9275e341525b,1,0.8554,0.747,37,0.79,0.6647,73,0.21
9157902936a456bf,1,0.8333,0.3156,122,0.52,0.7607,11,0.44
b669576d14655afc,1,1.0,0.9165,6,1.19,0.9272,5,0.58
70bd598e1c305d92,1,1.0,1.0,0,0.33,1.0,1,0.31
6782b9c3686f58f3,1,1.0,0.8915,7,1.04,0.7758,51,0.76
ca8a417f32d859ba,1,0.8897,0.0,201,0.93,0.748,5,0.26
f6855b72b0aa57e2,1,1.0,0.916,6,0.72,0.0,158,0.4
1c7bdbbc34c853bf,1,1.0,0.0,224,0.8,0.6593,9,0.33
d782b032259d5cc0,1,0.9512,0.0,93,1.16,0.0,67,0.56
9ef1d618435d5e53,1,0.771,0.3105,36,1.15,0.0,50,0.21
511741d6df93540d,1,1.0,0.9417,2,0.48,0.6963,15,0.84
e83be8437b0c5862,1,0.94,0.4601,49,0.52,0.0,208,0.36
8560e670c7865e3f,1,1.0,0.5833,5,0.46,1.0,2,0.47
d813c6a4706e5411,1,1.0,0.6622,15,1.2,0.0,206,0.32
be0ea3126c955eae,1,0.9798,0.7512,34,1.13,0.7619,29,0.23
59ea5c8c067e57e7,1,1.0,0.0,244,1.12,0.5255,81,0.62
0749cf83cbbd5284,1,0.8316,0.8316,0,0.25,0.8316,0,0.34
14976ab056005044,1,0.888,0.7773,8,0.31,0.7015,40,0.42
63b91b18f46a5a96,1,0.9916,0.0,89,0.66,0.8554,16,0.55
cd284af1ade75426,1,0.9318,0.821,10,1.44,0.8027,14,0.46
dae9ebb7c5ff5c6a,1,0.8964,0.0,153,0.89,0.8468,3,0.27
a709a9bbafe555e1,1,0.9204,0.7578,21,0.64,0.7756,19,0.4
fc0a5277292352d9,1,0.8977,0.4453,15,0.7,0.8494,1,0.51
8299207e310b595e,1,0.9378,0.0,123,0.95,0.8657,9,0.42
2882be3ae16b50e3,1,0.9253,0.0,214,0.76,0.0,103,0.64
fa6480e0a896514c,1,0.951,0.8986,5,0.98,0.3585,60,0.41
5883b0e7c7215e80,1,0.9449,0.8916,5,0.89,0.8246,21,0.57
798842f0b1c253b4,1,1.0,0.0,117,1.63,0.9177,5,0.45
6688db9c3a425bb6,1,1.0,0.0,147,1.59,0.9076,8,0.91
fa8627edacbd5ea0,1,1.0,0.5833,5,1.18,1.0,1,0.38
03ad57c205da56f2,1,1.0,1.0,0,1.59,0.9034,7,0.79
04a6f384cd2056c1,1,1.0,0.9935,1,1.05,0.9891,2,0.2
0ce170237acd51c2,1,1.0,0.0,215,0.45,0.0,107,0.59
8c9e3fd944c051e3,1,0.8821,0.7416,8,0.86,0.7909,6,0.55
fe9e76e6cac35fba,1,1.0,0.0,114,1.25,0.6462,45,0.29
73e3a1a2ed275417,1,0.966,0.887,5,1.42,0.8142,11,0.39
777328bf3a3d5e15,1,0.8813,0.7851,11,0.9,0.7749,14,0.46
a208267045685266,1,0.9592,0.7402,22,0.45,0.6724,30,0.45
8fce05a181775f63,1,0.8691,0.7302,80,0.96,0.741,75,0.39
8f5b6181d28e5d4a,1,1.0,0.0,114,1.16,0.0,40,0.91
cc4a4dc2afc75aed,1,0.9231,0.0,152,0.43,0.0,119,0.66
ff4dceb630df54fa,1,0.7782,0.3209,30,0.5,0.7611,2,0.41
fdf7643412e85c31,1,0.9784,0.9564,2,1.13,0.8836,18,0.39
cb8b1f36617c50d4,1,1.0,0.0,179,1.24,0.897,4,0.81
bdb483626cc95b2b,1,1.0,0.8579,5,0.89,0.7951,7,0.78
61984566807c5b11,1,0.8333,0.0,87,3.52,0.0,200,0.38
daf715295e7d576b,1,0.8848,0.0,236,0.5,0.7418,9,0.24
6d3db8abd9ad52eb,1,1.0,0.7436,21,1.12,0.839,10,0.52
4154c963fb4f578d,1,0.9451,0.5772,12,0.38,0.9451,0,0.3
9de4d5414a4a50c4,1,1.0,0.9428,2,1.11,0.9392,3,0.66
cd16888f31015b81,1,1.0,0.0,146,2.24,0.962,3,0.39
b8873bb7c3f35d15,1,1.0,0.4325,52,0.68,0.8206,14,0.18
b77b4b6eb149553f,1,0.9783,0.0,192,1.7,0.0,56,0.73
6f2459c4df665173,1,1.0,0.9594,3,0.75,0.521,48,0.65
660e14c77a1c550b,1,1.0,0.0,113,1.34,0.0,51,0.55
2dca181fa97153a0,1,0.8333,0.7136,16,0.46,0.7136,16,0.34
7f2934ac111854f5,1,0.9793,0.0,102,0.91,0.8323,11,0.6
ae09c3f715ed58c7,1,0.8093,0.6953,16,0.32,0.707,15,0.33
5ca7353cbe4a5cf7,1,1.0,0.0,149,0.3,0.8478,7,0.41
4cca4c982f9855c5,1,0.9696,0.7017,17,0.58,0.8025,9,0.2
cb5022a3bef557e3,1,0.915,0.8078,14,1.89,0.797,16,0.71
4e2c083182d75cc1,1,0.8333,0.749,31,0.64,0.7307,41,0.48
b13f0b445e605951,1,0.925,0.7195,48,0.55,0.7928,30,0.44
6104f0887cc25767,1,1.0,0.0,54,0.47,0.8336,9,0.39
639ed89313465584,1,1.0,0.0,148,0.64,0.0,151,0.48
95c5cd4c17d9594a,1,1.0,0.9175,7,0.95,0.0,159,0.53
a0e0603db4105ad9,1,1.0,0.0,250,0.36,1.0,0,0.55
aa09b515e34356f4,1,1.0,0.9483,8,0.65,0.8045,30,0.42
dd157f14e18f5a1a,1,1.0,0.0,64,0.78,0.8606,8,0.57
6771ec6dba275364,1,1.0,0.0,123,0.8,0.5315,12,0.64
66ce3cbf239358c2,1,0.8291,0.8291,0,0.37,0.7998,1,0.44
9e8403c32a50530b,1,0.9382,0.7732,27,0.6,0.7263,33,0.4
4af64a41372d564f,1,1.0,0.9757,1,2.23,0.8071,12,0.54
e31131deed6656ea,1,1.0,0.8672,6,0.79,0.844,8,0.51
046cdc424d515ee1,1,0.787,0.6866,14,2.0,0.0,242,0.25
e683a9a072485098,1,0.7206,0.0,236,0.46,0.7046,5,0.38
13ae6351239c5343,1,1.0,0.9161,9,0.48,0.8852,15,0.51
9efa05c9731a51d8,1,0.9158,0.9158,0,0.85,0.8543,2,0.52
3cdaaa2bcfd55b68,1,0.833,0.5833,7,0.98,0.7981,4,0.1
5422a7cee0d35e47,1,1.0,0.9321,1,2.18,0.885,5,0.65
8127022f9d745e8c,1,0.9276,0.7162,87,0.56,0.8487,6,0.33
a0b67d1ac0c35d26,1,0.7168,0.0,153,0.58,0.6693,6,0.31
5517642e588e59d0,1,0.6629,0.33,24,0.84,0.6554,3,0.46
fe8eddd5ec8654cd,1,1.0,0.9706,2,1.06,0.9417,3,0.67
2dfc1e8df2ef5da1,1,1.0,1.0,0,1.68,0.9504,4,0.14
b1b1e99705dc5afc,1,1.0,0.9306,7,0.84,0.7388,60,1.06
6d4f69f0aabc5c4e,1,1.0,0.0,192,1.49,0.7199,21,0.89
8a540001f3f0514d,1,1.0,0.9284,1,1.15,0.9284,1,0.51
5ab5923ac60c5e8a,1,1.0,0.9148,3,1.5,0.8941,5,0.67
c66027dcfef35daf,1,0.9942,0.9942,0,0.54,0.9516,3,0.51
e6c5a792f2f058f3,1,0.9317,0.8614,13,0.39,0.8192,25,0.55
33cdc99603ed57b9,1,0.9718,0.0,111,0.57,0.8715,12,0.17
6aa2d225dc0d5b6e,1,0.8938,0.0,145,1.07,0.8938,0,0.62
5d12ad55fdd858e1,1,1.0,1.0,0,1.34,0.9649,2,0.52
ac73220f793d522e,1,1.0,0.9848,1,1.4,0.0,136,0.82
ab8034dd8873524b,1,0.9518,0.4594,46,0.67,0.1519,86,0.35
524695a4857859fe,1,0.95,0.7174,18,0.64,0.7624,12,0.55
20f1de62f5795dab,1,0.8171,0.715,37,0.4,0.7316,28,0.18
67077701cdd85c9d,1,1.0,0.5891,22,0.86,0.5879,29,0.23
5c786c10eb7f57da,1,1.0,0.0,81,1.18,1.0,0,0.75
cba43d02cf795a0f,1,0.9679,0.4592,42,0.95,0.5025,41,0.84
5eef9aece027548e,1,0.9595,0.7325,29,0.6,0.81,17,0.31
881f60d0faa35c17,1,1.0,0.0,241,3.17,0.9658,1,0.54
66a6a72cc5145dd5,1,1.0,0.9633,2,1.87,0.9202,5,0.51
6d66b095f93750f7,1,0.9723,0.9002,4,1.13,0.0,143,1.03
cb91b17626f85892,1,0.8333,0.69,43,0.51,0.7281,20,0.39
9a357640ddd453d2,1,0.937,0.0,248,0.79,0.6963,41,1.06
e97db5c7da675b13,1,0.9468,0.8071,9,0.41,0.7808,12,0.38
10d9d6d0ad405b9d,1,0.9866,0.9164,5,0.64,0.7524,54,0.84
0706e8bf25805e91,1,0.851,0.8199,13,0.57,0.811,16,0.74
f0455664b24358a7,1,1.0,0.728,16,0.66,0.7748,10,0.39
49f205ebb9d559c2,1,0.9192,0.0,247,0.56,0.7513,7,0.76
38afc409029551e0,1,1.0,0.978,1,1.09,0.0,111,0.97
e10a3a8d627e5700,1,0.9892,0.9892,0,1.47,0.9817,1,1.5
ca6a8cc7012a5fac,1,0.927,0.0,91,0.98,0.0,142,0.53
7288ac3781fd51a8,1,1.0,0.0,250,0.84,1.0,0,0.32
5380625bddba59a2,1,0.9117,0.0,149,1.36,0.6414,71,0.18
33c925ac7b905e8f,1,0.9501,0.8452,13,0.44,0.896,7,0.65
f8d3738f77c05163,1,0.9172,0.0,253,1.17,0.6924,40,0.59
b14d21a164615e3e,1,0.8571,0.0,237,0.45,0.7942,3,0.17
b845e97a49a75cd0,1,0.9354,0.8436,14,1.26,0.7934,35,0.75
7e5bb23808a850ca,1,0.9035,0.7289,14,0.66,0.7485,13,0.38
5b7700fa99d95a94,1,0.8868,0.0,210,1.01,0.8042,6,0.3
078f05d9e9c05230,1,1.0,0.9699,2,0.82,0.9183,7,0.66
167063f69e8357d8,1,0.939,0.8216,36,0.56,0.8795,8,0.32
ce8cc7a247f651be,1,1.0,0.5833,3,0.43,1.0,0,0.53
e1b645135dae5fe9,1,1.0,0.5833,2,0.76,1.0,0,0.44
1347c91c511a5918,1,0.9736,0.9483,5,0.82,0.91,16,0.54
fdde37fbe3d35bef,1,0.9034,0.8709,2,1.82,0.8641,3,0.77
ff89c9bf77dc58ce,1,1.0,0.9213,9,0.58,0.0,162,0.45
259c9d9aac5457fc,1,0.9312,0.0,140,0.58,0.0,89,0.64
001b34b45b2f50e4,1,1.0,1.0,2,0.4,1.0,1,0.43
8439357bbb005600,1,0.9292,0.419,50,1.29,0.0,223,0.44
4b5fc0f1425c5288,1,0.7894,0.6945,23,0.77,0.7568,3,0.3
d31d38e1a2305147,1,0.9779,0.9172,9,1.42,0.8862,14,0.24
64a417561b53530f,1,1.0,0.7827,23,1.22,0.5249,39,0.4
ef886d0dee3e534c,1,1.0,0.528,63,2.19,0.866,9,0.53
22dde440a0c35d31,1,1.0,0.911,2,0.66,0.8557,7,0.42
3d2adf8b0bb65492,1,1.0,0.9298,7,1.16,0.0,86,0.64
d655ae3476c9530c,1,0.9563,0.9563,0,0.73,0.9503,1,0.35
8b10128072e6539f,1,0.9604,0.0,232,0.52,0.0,167,0.39
7e8979818a51520e,1,1.0,1.0,0,0.47,1.0,0,0.29
a2f75428b992536c,1,0.9293,0.816,14,1.33,0.7701,28,0.51
a612f42e6f9d592e,1,0.8508,0.7484,20,1.29,0.7814,10,0.39
4b259f30bb73511d,1,0.8333,0.776,14,0.93,0.8143,2,0.63
455f894b6e3b58ab,1,1.0,1.0,2,1.56,1.0,8,0.43
b2dd5bf723d55469,1,1.0,0.8425,12,0.88,0.8069,19,0.74
bd6d465e3fe95e7c,1,0.9572,0.0,55,1.55,0.0,92,0.73
3cc3ea967df55cf0,1,1.0,0.0,132,0.71,0.8357,12,0.57
7d966991a14353b3,1,0.9273,0.0,255,0.69,0.8894,4,0.52
ab66df989bcc56aa,1,1.0,0.9691,3,0.94,0.9565,4,0.43
e2a0ac6a977b5c70,1,1.0,0.6221,53,0.68,0.6192,55,0.58
ea8ce810e307587d,1,0.9712,0.7836,28,1.12,0.758,38,0.42
0b9a48e2b0d351b9,1,0.8492,0.784,25,0.32,0.7495,46,0.41
260d0c0225eb534d,1,0.9861,0.689,28,1.82,0.7225,23,0.41
d08754ee7c5c5949,1,1.0,0.0,126,0.71,0.8903,13,0.28
2f23d31a3ddf5de9,1,0.8333,0.3014,108,0.51,0.7579,12,0.45
d9bb15db6f025acb,1,0.9903,0.5751,45,0.36,0.8596,15,0.4
919aa2aa25a951f4,1,0.9297,0.9154,1,1.37,0.8661,5,0.52
17c5c685420d5729,1,1.0,0.9273,4,1.86,0.8526,11,0.61
91afe72955de5b85,1,0.8272,0.0,71,0.39,0.6744,8,0.19
59c3714116c25a7c,1,1.0,0.973,2,1.54,0.9019,8,0.51
820636c082c1539b,1,1.0,0.0,232,0.72,0.8514,9,0.55
6498149e85ef5b8d,1,0.9542,0.7054,48,0.46,0.8277,9,0.36
92e33be532965ecf,1,1.0,1.0,0,0.68,1.0,1,0.22
eaee116f6fae5472,1,1.0,0.0,246,0.98,0.0,203,0.58
eeba0804c2645281,1,0.8333,0.0,233,0.38,0.7118,18,0.41
e9d7cc484394548f,1,0.8501,0.8054,9,0.58,0.807,8,0.44
8d0d984d4e2a5363,1,0.8769,0.0,240,1.06,0.7747,21,0.4
fc5d32be7f785570,1,1.0,0.0,120,1.29,0.0,125,0.35
1844ec136eb05d57,1,0.9346,0.5833,11,1.12,0.0,122,1.06
228dbe4bb59c537b,1,0.8219,0.6839,70,0.14,0.7079,47,0.45
708d081d555a5aa7,1,1.0,0.9109,28,0.96,0.8778,45,0.27
f962927ff5dc518c,1,0.9648,0.9648,0,0.86,0.0,210,0.93
cb1d400e9da85f43,1,1.0,0.0,42,0.87,1.0,0,0.89
10d18b323ff35a1f,1,0.7945,0.0,244,0.37,0.6269,8,0.29
453bdd4f77af5c90,1,0.8141,0.0,161,0.45,0.7068,7,0.18
bb89143f371a53b5,1,0.9922,0.9868,1,0.6,0.8447,4,0.36
fff973197a795e6a,1,0.9119,0.439,63,0.98,0.806,17,0.53
a6e08764c0245823,1,1.0,0.0,24,1.33,0.0,191,0.53
650d84864184549e,1,0.8333,0.6687,45,0.36,0.0,222,0.24
919ee41f5fa65358,1,1.0,0.0,65,1.23,0.0,141,0.47
948e6a45c7cd5837,1,0.8798,0.8072,2,1.31,0.7219,9,0.3
748779bcdb5b5a49,1,0.8333,0.7324,26,0.24,0.7394,23,0.44
ef41e9c7f99d5d85,1,1.0,0.9599,2,3.21,0.7928,15,0.82
62de32eb450356e0,1,0.9793,0.9027,5,1.41,0.8522,9,0.68
6074e965781b510e,1,1.0,0.8434,13,0.67,0.9322,4,0.26
c86e7d3c0dfb57bd,1,0.9496,0.7523,17,0.66,0.7727,16,0.35
0a7ed373b7de5037,1,1.0,1.0,0,0.95,0.3787,5,0.61
d9d93568b27e5649,1,0.9904,0.0,151,0.52,0.0,209,0.46
afd8795214205519,1,0.8646,0.7309,5,0.4,0.7309,5,0.26
1baf6c7677a95a6a,1,0.947,0.0,36,0.75,0.6856,19,0.11
31091c3173c6596a,1,1.0,0.0,124,0.48,0.825,28,0.3
afe269451bc757e1,1,0.9835,0.0,213,0.37,0.862,5,0.49
3b0d2b5f50f752c7,1,0.931,0.9016,3,0.39,0.8985,5,0.1
acc47057bb3d556d,1,1.0,0.0,122,1.21,0.7231,12,1.02
a6e683b6f2a557a4,1,1.0,0.9111,7,1.01,0.0,108,0.64
ca8b5c5ed914507c,1,1.0,0.8396,9,0.91,0.0,97,0.82
8fc41f783d475448,1,0.8605,0.6729,82,0.62,0.7824,24,0.42
ed19f6a36af757b7,1,1.0,0.0,236,2.32,0.9457,4,0.88
fd9dc6fb2e145ef4,1,0.7763,0.7625,2,0.53,0.694,4,0.38
77868241ec115a11,1,0.9422,0.8503,13,0.79,0.7778,42,0.42
eeee7091fa995250,1,1.0,0.0,109,0.47,0.8803,14,0.45
330166def5a35f4d,1,0.891,0.7536,8,0.53,0.7752,5,0.31
ca3e9faa3258522b,1,0.982,0.0,107,1.04,0.5833,58,0.4
8e9f743d92c05d10,1,0.9028,0.3579,84,0.43,0.6974,64,0.42
b7122fd86c855943,1,0.9291,0.9291,0,0.67,0.7041,19,0.29
a681a147f3375cac,1,1.0,0.9017,2,0.28,0.8694,4,0.28
5e74b6a61b715f47,1,0.9547,0.7605,22,1.49,0.7848,16,0.27
ec2200402d965ced,1,1.0,0.7502,18,0.62,0.874,9,0.67
1a46cad936c05c2b,1,0.951,0.8985,8,1.01,0.7411,44,0.44
b664ff6d2c185e31,1,1.0,1.0,0,0.52,1.0,1,0.2
5ddfd1fe80af5ceb,1,0.8333,0.6687,47,0.36,0.612,81,0.23
d20dc707981f56e7,1,0.9106,0.0,111,2.33,0.0,43,0.43
58b96e6ca9a95ff4,1,1.0,0.0,50,0.94,0.7605,11,0.38
bedf9db2d7b15abd,1,0.9662,0.7548,23,0.52,0.0,60,0.63
22ec7d1614785b35,1,0.8788,0.0,67,1.08,0.7396,17,0.39
7bfd8ff8489158cc,1,0.9401,0.9299,2,0.49,0.8824,11,0.47
74c77891a7d45a15,1,0.9753,0.8519,5,0.91,0.7916,28,0.43
b8104b69b2d9509b,1,1.0,0.0,178,1.2,0.9767,1,0.4
c9b12b21fa7c57fd,1,0.9437,0.4644,39,0.56,0.7609,19,0.45
14c80c1211bc5df8,1,1.0,0.9275,4,1.24,0.8005,11,0.43
19488eb3301f5d26,1,1.0,0.9129,4,1.04,0.8537,10,0.63
26e7a31dd615509c,1,0.9289,0.8655,6,0.63,0.8605,10,0.41
1eb474de58ca5d6f,1,0.9438,0.8791,5,0.9,0.8074,20,0.41
ca85e7b7b71559b3,1,1.0,0.9096,2,1.18,0.0,49,0.67
535e19c081ec5c28,1,0.9402,0.9262,2,0.63,0.8704,19,0.19
9116e9726a6f59cb,1,1.0,0.972,1,1.17,0.9649,2,0.64
2695738230ce5ad0,1,0.9544,0.7752,25,0.68,0.7342,36,0.27
3e5b0593a3e75d29,1,1.0,0.9518,3,1.61,0.9131,7,0.25
bd1e37aab1c7530f,1,0.8895,0.0,120,0.72,0.7993,9,0.43
a417154cf84a5426,1,1.0,0.0,36,0.46,0.8477,2,0.35
f86adcbec849574a,1,0.9385,0.9385,0,0.39,0.8541,1,0.38
83fd1c194c0c5441,1,0.9012,0.0,255,1.28,0.0,224,0.39
3e2a45dbe6fa50aa,1,0.8333,0.7157,29,0.35,0.7157,29,0.4
359651aff6c55fc3,1,1.0,0.0,56,1.44,0.8715,8,0.58
29051d7805db50d0,1,0.9921,0.0,15,1.18,0.8441,4,0.24
63eeb15e6e3e5504,1,0.8651,0.8475,2,0.85,0.7902,9,0.17
cdba9f9589685289,1,0.7666,0.6701,36,0.63,0.6347,59,0.28
c6b7a8d63fc95d3a,1,1.0,0.8256,6,1.09,0.808,16,0.53
bf4d95ea76b75de7,1,0.9358,0.5517,28,0.42,0.8516,8,0.38
57b2cc25579a5885,1,0.8286,0.737,23,0.46,0.737,23,0.22
9ba21cb552c35238,1,1.0,1.0,0,3.05,0.912,4,1.16
c5f6d8de44475520,1,1.0,0.9369,5,1.14,0.9507,4,0.56
0c6772102cc550ef,1,0.8564,0.773,11,1.13,0.7698,13,0.76
0b0a419d29cf5e9a,1,1.0,0.0,205,1.91,0.0,86,0.68
a0be9e4c6cc15ec7,1,0.911,0.8325,7,1.31,0.0,207,0.63
a58d5374dae0552a,1,0.9587,0.9147,3,1.07,0.865,9,0.28
c9ca538cb3235e43,1,0.9053,0.7136,12,0.81,0.8303,5,0.52
689ed7a2ee4b583d,1,0.9715,0.0,114,0.6,0.7056,30,0.88
096d823b664e5972,1,1.0,0.941,4,1.84,0.0,63,0.83
f1ca8dd77f205599,1,1.0,0.9249,2,1.79,0.9249,2,0.69
72781f1cbd405769,1,0.8333,0.0,46,0.9,0.6362,36,0.39
b9148aabf55250e9,1,0.9152,0.8161,8,1.55,0.7259,59,0.67
1c25de3a1c805da1,1,1.0,0.9221,5,1.52,0.0,145,0.81
cd0fd62195e552da,1,1.0,0.9288,4,0.35,0.8043,28,0.1
df7e2f19b3cc5ba6,1,1.0,0.7652,16,0.72,0.7345,21,0.46
30d60ce25f4d552e,1,1.0,0.8411,5,0.73,0.7951,23,0.34
f530d03c88b652a7,1,0.9325,0.894,5,1.04,0.0,220,0.34
8084b4b0d97b5d93,1,1.0,0.7331,27,0.45,0.7772,16,0.19
d4c4bdedcfd25465,1,0.9672,0.8671,9,0.52,0.8089,11,0.09
7ff005be930e5ad6,1,0.9579,0.4287,25,0.78,0.6952,17,0.29
1615cf8bd43759c2,1,0.9691,0.8642,5,0.95,0.0,143,0.74
f154d2accd365815,1,1.0,0.0,115,1.39,0.9094,6,0.51
3c7319cc63ab58c9,1,0.8431,0.3755,37,0.74,0.7732,6,0.28
fd9dc4abc0d357a1,1,0.9909,0.7759,16,0.48,0.7266,22,0.19
418c618fc266506b,1,0.9626,0.0,111,0.68,0.9171,3,0.15
3d6f193fad315d97,1,0.9661,0.4334,45,0.89,0.805,13,0.51
6c62867b6d7a51fa,1,0.8773,0.7874,5,0.92,0.7854,6,0.37
7140077d03e25c2c,1,0.9153,0.8792,3,0.9,0.7817,15,0.59
afcd7846a4f35622,1,1.0,0.0,252,3.96,0.8909,8,0.83
75b312bbd4e25c17,1,1.0,0.5833,4,0.35,1.0,0,0.28
4f87ef91e3425ebc,1,0.9273,0.0,50,1.32,0.0,81,0.47
50a5cd7410e85782,1,1.0,0.0,200,1.37,0.6293,42,0.54
e92a637d847e516c,1,1.0,0.944,5,1.34,0.944,5,1.18
2930485ddc4458da,1,0.8806,0.8318,7,1.23,0.8594,1,0.35
f39db68736425365,1,1.0,0.8756,7,0.55,0.0,107,0.52
aab44cff9f3552b1,1,0.8028,0.7268,16,1.07,0.7046,22,0.38
3f54d4297dc459c3,1,0.9508,0.0,69,1.12,0.7659,25,0.78
dce07c446c7955aa,1,0.8333,0.687,46,1.7,0.7375,20,0.56
98c7a48dd75052ab,1,0.769,0.3785,14,0.62,0.0,52,0.31
6058f9d8998e5a95,1,0.8569,0.6787,32,0.63,0.7055,19,0.46
47f9e40a21f7510a,1,0.8912,0.0,220,0.41,0.8325,4,0.2
1f1a5be0eaa35282,1,0.8333,0.6965,43,0.87,0.6758,55,0.18
6e738f032ad75169,1,0.9147,0.8317,11,0.67,0.7469,18,0.4
a9454c63755c549d,1,1.0,0.0,214,0.41,1.0,0,0.18
bc1a3b9fa4ca5000,1,0.8333,0.7439,25,0.39,0.7648,15,0.4
350a93fe67645bf1,1,0.8333,0.7159,19,0.48,0.6918,27,0.16
a5f5f03bc998578d,1,0.9556,0.9556,0,0.97,0.9556,0,0.61
c284f9a1803f585f,1,0.9282,0.7227,8,1.3,0.7898,6,0.46
8c6aed532f8555cd,1,0.9547,0.9547,0,0.76,0.0,246,0.43
0498b27fee425645,1,0.8608,0.757,20,0.33,0.6674,56,0.32
4376d00ed2245c21,1,0.9581,0.0,215,1.47,0.7763,95,0.48
111cb2c23a325817,1,0.7664,0.6689,40,0.61,0.6334,63,0.18
bf2c48523de254ea,1,0.8333,0.7691,20,0.39,0.7691,20,0.33
7bf4d5a2cad05f50,1,0.9689,0.4204,60,0.55,0.7642,34,0.41
d6ec2a0b9fe25a58,1,0.8333,0.7207,19,0.27,0.7345,16,0.3
e1d5cb7ac38f5038,1,1.0,0.9399,5,1.08,0.8709,15,0.36
761d3f2365c25886,1,1.0,0.0,113,1.22,0.0,152,0.7
cc63d140e4285f30,1,0.8567,0.7509,23,1.27,0.8043,6,0.32
da924c882e6e52d0,1,0.8333,0.6974,26,0.38,0.726,18,0.37
9cab6ab13a3059de,1,1.0,0.4344,140,0.47,0.7988,59,0.29
0e0e30877d725664,1,0.9572,0.0,98,0.6,0.0,97,0.43
198b7ec55c3b5a5c,1,0.971,0.847,12,1.24,0.3768,51,0.69
61876d1f48505069,1,0.9289,0.0,93,0.53,0.8438,11,0.44
88c0bfe353235280,1,1.0,0.0,95,1.55,0.844,18,0.39
75aa8f2b9b6250e4,1,1.0,0.0,169,1.86,0.7681,49,1.05
6ba5ed2f323f53e2,1,0.9411,0.7599,13,0.46,0.8528,3,0.51
f1dabe118a6955d6,1,0.7765,0.7652,1,0.26,0.7765,0,0.48
3461796610c15a0e,1,0.9465,0.8051,13,0.48,0.7618,20,0.5
789eca1c50f85cb4,1,1.0,0.9727,1,1.37,0.8368,4,0.6
342982275eb15441,1,0.9696,0.0,226,0.82,0.8326,19,0.45
812dd82ab5fb5742,1,0.94,0.3928,62,0.39,0.7286,35,0.21
ee7be0b111a85c25,1,1.0,0.6138,14,0.25,0.6176,9,0.34
1c542cec168557e3,1,0.9865,0.9286,7,1.55,0.7137,48,1.01
4b82ec1d991358e2,1,0.9606,0.0,167,0.97,0.8653,10,0.61
c8507cfbe8575463,1,0.7789,0.0,249,0.64,0.638,17,0.49
9838aa01c0de5dc8,1,1.0,0.93,15,1.15,0.5015,20,0.41
44062179c5b350bc,1,1.0,0.958,5,1.02,0.9893,1,0.74
92d2f07fc6075f5d,1,0.9992,0.806,11,1.14,0.8855,6,0.56
16125101defb5b51,1,0.9498,0.0,153,0.9,0.8728,5,0.4
49ae6840ff7f5e91,1,1.0,0.9018,13,0.54,0.8722,26,0.58
2f6b9bbb16cb59ba,1,1.0,0.9114,5,0.65,0.9316,3,0.32
60e98c18f487568c,1,1.0,0.9102,2,1.37,0.2936,37,0.55
ddfeb4814eba5cf8,1,1.0,1.0,5,0.37,1.0,4,0.51
de28290571ec523a,1,0.9989,0.7388,29,0.81,0.8214,21,0.29
6632c49f6f675b7b,1,0.9967,0.7949,51,0.74,0.9025,13,0.31
f289e368449b517b,1,1.0,0.0,215,1.22,0.8045,11,0.33
412e722526585e4a,1,0.9697,0.5311,68,0.4,0.8589,30,0.49
14b270ee5a395ea9,1,1.0,0.916,3,1.35,0.7252,33,0.72
1edf90bb34fc5d3f,1,0.9134,0.7253,11,0.66,0.7032,17,0.43
007845701f635565,1,1.0,0.0,99,0.73,0.0,153,0.42
c44755b18af45385,1,0.9544,0.8195,19,0.45,0.8217,18,0.57
b1b21ee9179a5fd8,1,0.9224,0.7936,31,0.77,0.6966,83,0.21
af682242313853cb,1,0.9556,0.0,205,1.96,0.0,151,1.43
3304abff82cb5f6d,1,0.9473,0.8609,5,1.31,0.7599,14,0.54
54c95aa7df955414,1,0.9754,0.8079,17,0.62,0.7963,21,0.27
a52bce0753d8563e,1,1.0,0.9849,2,1.49,0.0,253,0.69
2dbf2462b447576f,1,1.0,0.0,38,0.47,1.0,0,0.52
dd07f89bea6f5147,1,1.0,0.0,80,0.8,0.0,104,0.53
4495218e41b35f25,1,0.8333,0.7286,40,0.4,0.7429,34,0.45
e6ff5e16c5f25533,1,0.8905,0.8905,0,1.26,0.8905,0,0.79
6e79ddf19ead53f1,1,0.8838,0.8082,3,0.89,0.7183,10,0.19
a99280d8424c55b2,1,1.0,0.6892,51,0.77,0.7857,33,0.82
3458fad66b245ac3,1,1.0,0.0,108,1.23,0.9238,5,0.34
ac55c7f072c6528d,1,1.0,0.9751,1,0.69,0.7552,27,0.92
260c9a75f6e05785,1,0.7412,0.7173,2,0.39,0.6798,3,0.41
0ee0eabadd125c7b,1,1.0,0.9696,3,1.03,0.9736,2,0.18
9d9aced6d8da5f28,1,1.0,0.8558,14,0.75,0.9123,6,0.52
097d35208fcb587c,1,0.8333,0.7398,26,0.54,0.672,59,0.4
4ac092ec1bee5e7a,1,1.0,1.0,1,1.12,1.0,1,0.4
4c83b81ddcc757b1,1,1.0,0.0,211,0.62,0.4035,69,0.42
fffe18f189075204,1,0.9515,0.8998,3,1.19,0.0,61,0.6
c9ddc670b1195efd,1,0.9724,0.9025,3,1.7,0.9025,3,0.65
00c893a01244562c,1,1.0,0.8755,5,1.63,0.7672,53,0.66
eb4bbe69b80d5f12,1,1.0,0.4678,24,0.62,0.4867,20,0.45
e9adc94d4e9c5fbb,1,1.0,0.9661,1,1.75,0.9508,2,0.25
b5be372c45f05a96,1,0.9665,0.9137,6,1.31,0.6849,85,0.82
8dac96b2393f5de9,1,0.9632,0.0,179,1.51,0.8984,4,0.69
b9f3b69b160e5ad0,1,1.0,0.9266,3,0.98,0.0,97,0.8
2469647d2d055825,1,1.0,1.0,4,0.44,1.0,1,0.17
71057ab084a75ce6,1,0.9802,0.859,2,0.3,0.8033,4,0.24
529d2e20dc615c3b,1,0.9768,0.0,83,0.29,0.3445,52,0.46
a7eeec2ad80b58a1,1,1.0,0.955,4,1.07,0.8904,12,0.52
7d4c548895955e0d,1,1.0,0.9141,4,1.31,0.8956,6,0.68
019667e138b95ff0,1,0.8331,0.3206,43,0.42,0.6813,19,0.08
172506ac332d5af5,1,0.9455,0.5833,9,0.45,0.8112,6,0.18
52bc37cb7789510b,1,1.0,0.0,243,2.47,0.957,1,0.6
ba9ec722d0e05e2c,1,0.9667,0.0,67,0.81,0.8827,6,0.3
0e016d945ce25090,1,1.0,0.9294,6,1.2,0.8544,22,0.65
302d9a7758625a37,1,1.0,0.8333,18,0.68,0.9365,4,0.56
b958e6967993560f,1,1.0,0.8725,9,1.08,0.8615,10,0.57
d9d78961c83a5acb,1,0.8333,0.7109,72,0.44,0.6795,108,0.21
fb3eed693c845412,1,0.8155,0.7046,25,0.24,0.7046,25,0.17
6ac3f5626d2b555b,1,1.0,1.0,2,0.33,1.0,4,0.31
df57cf24b8025365,1,0.8676,0.8658,1,0.36,0.8157,9,0.15
0bf5bbbd53fe5ea6,1,0.9512,0.7979,24,0.57,0.0,95,0.3
1633456bc3ec569d,1,0.9359,0.0,137,0.69,0.8436,2,0.42
32399e644e53534a,1,1.0,0.9373,1,1.1,0.8087,8,0.22
06279fdb46815c6c,1,0.8758,0.0,47,0.96,0.0,88,0.66
655917ea5da455c8,1,0.8949,0.7601,20,0.58,0.7776,16,0.2
f19a48878cfe5bb0,1,0.9929,0.0,15,0.77,0.9405,3,0.47
e530e78499a75539,1,1.0,0.0,239,1.62,0.9249,4,0.44
05f9443de2185b91,1,0.9353,0.0,230,1.53,0.829,9,0.39
01da0653d99c5903,1,1.0,0.8439,18,0.57,0.8333,23,0.26
4511645a5e9a5bcd,1,0.8708,0.7934,30,0.72,0.7343,71,0.48
4885d99d4c3959b8,1,0.9239,0.9063,1,1.0,0.8087,14,0.46
488822d6447b5b58,1,0.9729,0.8948,4,1.24,0.7491,39,0.29
ba86ae71bc105215,1,1.0,1.0,2,0.33,1.0,1,0.24
2488018e08b35c68,1,0.9529,0.8997,8,1.14,0.8315,25,0.14
631712394f5b5d72,1,0.9685,0.4467,20,0.65,0.7995,13,0.37
6c84787939055fe8,1,0.9061,0.8231,5,0.81,0.8231,5,0.34
8c7db74b9aef5a9e,1,0.7063,0.6138,7,0.3,0.6092,8,0.34
b04bbf1d4ecf5f56,1,0.9807,0.9299,11,1.49,0.9299,11,0.43
bd76dffbe3065854,1,0.9554,0.8674,7,0.92,0.7856,14,0.42
e91c1fdb29a858f3,1,0.9747,0.4427,81,0.65,0.7681,35,0.44
7fded53ec049537a,1,0.8333,0.6893,26,0.73,0.732,11,0.41
82cd87ad4f1d5969,1,1.0,1.0,0,0.54,1.0,1,0.16
a4f4a240e54e56b2,1,0.9009,0.7195,10,0.86,0.8385,3,0.34
e009079e2dc25bbf,1,1.0,0.9161,7,0.5,0.9161,7,0.61
8b279a20979950d6,1,0.8256,0.3485,44,0.58,0.7045,22,0.36
5022f5d01ba85e74,1,0.9915,0.0,151,0.59,0.0,208,0.42
4952a782e55057b7,1,0.9404,0.5273,29,0.39,0.8969,4,0.29
6c62956221e4511e,1,1.0,0.8458,4,0.61,0.8008,16,0.4
1bea55e75a9b593b,1,0.9107,0.8578,10,0.76,0.7696,37,0.53
cf7d3181a516574a,1,1.0,0.966,1,1.71,0.9507,2,0.31
fd9ae566c34f5acd,1,0.8863,0.7819,7,0.36,0.8213,2,0.54
bcccfa73a6845d11,1,1.0,0.7114,30,0.76,0.7933,12,0.65
c0941949acdb5ebc,1,0.7841,0.0,67,0.43,0.7009,4,0.54
b4dbd03935ce53fa,1,0.988,0.4561,83,0.57,0.8167,32,0.5
6639fa7905a3599b,1,0.9722,0.5409,16,0.31,0.7909,9,0.25
b337627936ea5488,1,0.9006,0.3943,90,0.46,0.758,40,0.46
