token,valid,ref_self,oracle,mean256,n_above_90,near_ref,rank_ref,dist_ref,near_pred,rank_pred,dist_pred,best_fwd
a627522c77eb526c,1,1.0,1.0,0.1408,9,0.968,3,1.2,0.7971,21,0.99,43.02
0a77356a8ee85133,1,1.0,1.0,0.2184,11,0.9641,5,1.07,0.0,209,0.62,43.02
d025c5fb0df05ef7,1,1.0,1.0,0.0791,8,0.0,86,1.26,0.0,235,0.65,26.66
55644491cba35aad,1,1.0,1.0,0.3696,21,1.0,13,0.6,0.9174,20,0.35,17.37
e166284508e554fa,1,0.5833,1.0,0.2555,33,0.5833,70,0.56,0.9326,24,0.32,44.22
60f76df7b8a95157,1,1.0,1.0,0.1766,10,0.9836,5,0.8,0.0,248,0.52,57.53
ddaf241c401e560a,1,1.0,1.0,0.0683,8,0.9213,6,1.33,0.797,15,0.51,28.59
d37cdaefc82d5cb2,1,0.0,1.0,0.0882,15,0.0,161,0.96,0.5833,23,0.32,28.05
dd2bc3e6bb8353b8,1,1.0,1.0,0.3629,14,0.9269,13,0.38,0.7855,86,0.11,17.37
17cac31ef9135faf,1,1.0,1.0,0.3605,36,0.9544,33,0.69,0.7527,93,0.2,17.37
47af60921ec65144,1,1.0,1.0,0.068,9,0.967,6,0.83,0.7592,15,0.86,17.71
f105b1f7e3a65303,1,1.0,1.0,0.1081,5,0.0,87,1.34,0.8938,5,0.44,39.9
5b14b00087b051e3,1,1.0,1.0,0.1021,15,1.0,2,0.81,1.0,0,0.91,22.3
2d357ffc1fdd5c89,1,1.0,1.0,0.1093,12,1.0,1,0.89,1.0,11,0.31,15.21
5bb280e3aebe5a67,1,1.0,1.0,0.2226,16,0.0,171,1.1,0.8567,24,0.6,43.02
9bcd2d9e4c0e56b8,1,0.5833,1.0,0.3397,41,0.5833,89,0.62,0.9229,33,0.49,39.88
454446c80b625c47,1,1.0,1.0,0.1386,14,0.5833,29,0.78,0.9424,8,0.43,21.05
a6706582212458bb,1,1.0,1.0,0.161,4,0.9386,2,0.92,0.0,196,0.47,22.69
46aea2dcb1485353,1,1.0,1.0,0.3765,12,0.981,7,0.51,0.8424,15,0.39,17.37
ecaca52a9b295117,1,1.0,1.0,0.2889,26,1.0,2,1.82,1.0,2,0.7,48.36
00f20c2762515d09,1,1.0,1.0,0.1574,8,0.9961,2,0.75,0.0,236,0.64,46.82
b5c2d13e8d5c517a,1,0.5833,1.0,0.1764,18,0.5833,45,0.56,0.8693,23,0.41,28.05
e360cb69b8a55a47,1,1.0,1.0,0.2091,35,1.0,6,0.64,0.9326,29,0.27,26.66
4d7462e08df954a1,1,1.0,1.0,0.5807,34,0.963,24,1.14,1.0,8,0.15,17.37
865dfd5f72fa599b,1,1.0,0.9882,0.2276,9,0.9618,1,1.17,0.9178,4,0.53,46.82
4023fa59fcfd5671,1,1.0,1.0,0.0893,8,0.0,121,0.7,0.8157,11,0.39,12.2
fd8299e81b435b94,1,0.5833,1.0,0.2538,28,0.5833,65,0.68,0.9075,27,0.29,36.83
50628427853659fc,1,1.0,1.0,0.061,4,0.9456,2,1.22,0.0,176,0.43,35.84
f252e2d96f805926,1,1.0,1.0,0.3823,66,1.0,13,0.61,1.0,16,0.61,44.22
0388cd6f1af65029,1,1.0,1.0,0.4708,29,0.9149,26,1.37,0.9417,19,0.57,14.37
d68601dbb9d45f6b,1,1.0,1.0,0.0935,19,1.0,8,1.1,1.0,3,0.52,24.15
5c9c6666d0725c64,1,1.0,1.0,0.4198,22,1.0,1,1.6,0.4358,127,1.83,31.26
a984f0459c1055d5,1,1.0,0.9638,0.1467,3,0.0,249,1.17,0.0,71,0.93,16.46
8cee2a96b57d58ba,1,1.0,0.8379,0.0785,0,0.0,214,0.68,0.0,131,0.92,22.37
ccb2ae93b23b5826,1,1.0,0.9608,0.0234,4,0.9567,1,0.39,0.9159,3,0.21,5.95
ab9d0f7542805d20,1,1.0,1.0,0.1279,19,0.0,141,0.86,0.9934,14,0.53,15.21
d94271077f7a5432,1,1.0,0.9662,0.1555,7,0.9508,1,1.32,0.0,121,0.51,31.94
da9ee145e2b05480,1,1.0,1.0,0.1509,9,0.9698,5,0.88,0.7733,32,0.4,19.73
ab4175e25b6c5d76,1,1.0,1.0,0.5213,22,0.9024,21,0.82,0.8477,24,0.31,17.37
8e9e20dde3ed5f0d,1,1.0,1.0,0.5468,28,0.9484,15,0.64,0.0,194,0.44,22.58
67958aa8e9015aaf,1,1.0,1.0,0.4605,32,1.0,18,0.68,0.8466,34,0.09,17.37
642a177df62954ad,1,1.0,1.0,0.1466,14,0.1827,56,1.08,0.0,233,0.42,33.22
4bbfb5ec60205e63,1,1.0,1.0,0.2379,45,1.0,4,0.89,1.0,26,0.33,30.35
659d1e0ce6cd5c97,1,1.0,1.0,0.1108,15,0.9754,8,0.65,0.7492,25,0.84,17.76
c67262b6c33b5b0f,1,1.0,1.0,0.0934,11,0.0,62,1.06,0.0,215,0.62,23.84
0defa8939c9851ea,1,1.0,0.9311,0.0195,1,0.0,192,1.0,0.0,223,0.51,32.82
9f1d535f158c5758,1,0.0,1.0,0.1117,20,0.0,216,0.98,1.0,12,0.29,2.01
825663ce94fe5df1,1,1.0,1.0,0.4913,9,0.919,7,1.2,0.8163,50,0.49,17.21
ee86c71bc0765fd0,1,1.0,1.0,0.1501,25,0.9065,24,0.6,0.0,60,0.62,18.54
d2c9ae71df055417,1,1.0,1.0,0.4093,20,0.974,13,0.28,0.974,13,0.31,17.37
749a9bb4860f5cc1,1,1.0,1.0,0.1448,10,0.9798,2,1.55,0.1625,61,0.26,46.82
45878940b52550ea,1,1.0,1.0,0.3948,42,0.0,183,0.95,0.9671,25,0.79,26.65
c1cc5d15c3f554e3,1,1.0,1.0,0.1896,39,1.0,1,1.91,0.0,253,1.49,44.22
059ce9cd10135396,1,0.5833,1.0,0.1153,18,0.0,167,0.32,0.9812,13,0.61,14.37
92135b7bae0b5259,1,1.0,1.0,0.0995,15,1.0,8,0.23,0.9318,12,0.29,8.17
3f269e7b5ced51fa,1,1.0,1.0,0.3151,36,1.0,2,0.67,0.9728,13,0.1,57.53
d84b338d48335e67,1,1.0,1.0,0.1153,9,0.0,84,1.51,0.7495,24,0.67,28.59
49bdbf5ee25c5024,1,1.0,1.0,0.0929,9,0.9411,4,1.52,0.0,208,0.7,46.82
eb2304df049d5ce3,1,1.0,1.0,0.278,25,0.9952,2,1.03,0.0,188,0.61,46.82
69b32d0447ac5c28,1,1.0,1.0,0.0078,2,1.0,0,0.32,1.0,0,0.59,2.01
9972c06c954b5770,1,1.0,1.0,0.078,11,0.5833,17,0.59,0.5833,17,0.76,31.26
284fd1657c8659e1,1,1.0,1.0,0.2546,36,1.0,9,0.78,1.0,16,0.52,26.65
8f105ffb008c5801,1,1.0,1.0,0.1466,19,0.0,123,1.06,0.9944,2,0.38,57.53
6b97412307ad5c16,1,1.0,1.0,0.0247,4,0.0,15,0.92,1.0,1,0.65,3.74
90314b74c92954d6,1,1.0,1.0,0.202,9,0.9741,3,1.07,0.0,160,0.38,43.02
8683f3b4797f56e0,1,1.0,0.9077,0.1952,1,0.5202,56,1.64,0.8562,8,0.43,33.22
ff5c0e17d20351ca,1,1.0,1.0,0.5167,41,0.9802,17,0.3,0.3842,159,0.31,26.65
0c4f97d3255155e4,1,1.0,1.0,0.0487,6,0.0,45,1.46,0.0,230,2.52,15.32
2b2484954fc85b54,1,1.0,1.0,0.0101,2,1.0,0,0.4,1.0,1,0.13,2.01
53834451cfa75fd0,1,1.0,1.0,0.1459,6,0.0,210,0.88,0.8776,7,0.46,10.64
a120ebfcfb775487,1,1.0,1.0,0.3173,9,0.9284,8,0.39,1.0,3,0.47,17.37
5a2e2da8e6b75138,1,1.0,1.0,0.0482,10,1.0,0,0.99,0.0,229,1.41,19.99
59402b7bd60b5da7,1,1.0,1.0,0.4648,58,1.0,16,1.14,0.6292,120,0.21,17.37
a08bb182c3d558da,1,1.0,1.0,0.5253,23,0.9027,22,0.82,0.848,25,0.3,17.37
70b8b9ad6d6f54f7,1,1.0,1.0,0.1186,20,0.9403,17,0.5,1.0,6,0.26,7.06
95fa228136aa55d1,1,1.0,1.0,0.0418,6,0.9439,4,1.43,0.0,21,1.02,39.9
0c5365f52bac5785,1,0.0,1.0,0.0638,14,0.0,50,0.91,1.0,8,0.46,2.01
0dc3dee5c8815a90,1,1.0,1.0,0.2793,16,1.0,2,0.25,0.9018,14,0.53,17.37
d0d1b5bd3b83551d,1,1.0,1.0,0.2332,4,0.9348,2,1.15,0.8414,7,0.64,15.32
c2ae8e85ce2052ff,1,1.0,1.0,0.0771,11,1.0,0,0.54,0.0,69,0.82,22.3
0f42590c7ad65eb4,1,1.0,1.0,0.319,20,1.0,1,0.34,1.0,8,0.2,17.37
e699fb1c75b95e57,1,1.0,1.0,0.2608,29,0.983,12,0.46,0.8877,32,0.16,26.66
2d2a1f08e4895258,1,1.0,1.0,0.1897,13,1.0,4,0.74,1.0,6,0.14,17.37
31c26928703053d2,1,0.0,1.0,0.07,15,0.0,222,0.29,1.0,1,0.3,2.01
5624b4732b135079,1,1.0,0.9889,0.0734,4,0.9236,1,2.45,0.9236,1,0.33,45.2
ee8a391c71ab5f5f,1,1.0,1.0,0.5661,24,0.9222,19,0.62,0.8552,30,0.26,17.37
27725219ce8a55ff,1,1.0,1.0,0.2151,26,0.9792,4,1.01,0.9106,20,0.26,57.53
8b7212ba11ec5f3b,1,1.0,0.8873,0.1898,0,0.0,135,1.08,0.7815,16,0.48,14.37
0324b2d1ca2e5b6e,1,0.5833,1.0,0.4323,8,0.5545,123,0.18,0.5833,121,0.4,17.37
d5b18d6105c25004,1,1.0,1.0,0.145,22,0.9719,16,1.03,0.0,138,0.42,17.37
fc0d202904585a6a,1,1.0,1.0,0.3799,22,1.0,4,0.33,0.7914,103,0.32,17.37
f1ae86b9b6a75893,1,0.0,1.0,0.3281,77,0.0,152,0.24,1.0,12,0.44,7.06
108b8b1ea5fd57ff,1,1.0,1.0,0.1224,13,0.9894,4,0.68,0.0,248,0.57,57.53
f40f57ad82885f04,1,1.0,1.0,0.0273,7,1.0,2,0.33,1.0,1,0.58,2.01
d08756521e64547e,1,1.0,1.0,0.1784,11,0.9895,4,1.1,0.9466,7,0.39,31.26
ef51ebb0662159d9,1,1.0,1.0,0.1712,15,0.9695,5,1.07,0.9381,9,0.82,39.88
bc63d7f1ab7759ee,1,1.0,0.993,0.1644,7,0.0,193,1.87,0.9258,4,0.66,35.84
6e0bfaa448c5587d,1,1.0,1.0,0.2075,9,0.9159,5,0.75,0.8708,11,0.62,11.73
d15124ba09f35a70,1,1.0,1.0,0.6139,32,0.9313,23,0.5,0.7671,129,0.34,19.73
0480033cdea65921,1,1.0,1.0,0.2021,44,1.0,2,1.06,0.9887,30,0.22,17.37
0751ef23000050f8,1,1.0,1.0,0.0078,2,0.0,213,0.6,1.0,1,0.2,2.01
1424caab55de5db7,1,1.0,1.0,0.1309,11,0.9525,6,1.58,0.9525,6,1.03,35.14
a807cfefb041572b,1,1.0,1.0,0.2396,10,0.9912,6,0.14,1.0,1,0.28,17.37
29a576f5351a5162,1,1.0,1.0,0.1001,8,0.9264,5,1.33,0.0,230,0.6,30.89
816c515aa3dc5462,1,1.0,1.0,0.3114,29,0.9963,6,0.78,0.9363,19,0.29,57.53
0670d0c81a5550c4,1,1.0,1.0,0.1976,12,0.0,228,0.71,0.0,222,0.36,43.02
8060b1342b775188,1,1.0,1.0,0.1592,12,0.9928,3,0.53,0.9404,7,0.41,26.35
ba8dead3eb765a14,1,1.0,1.0,0.0586,7,0.0,213,0.46,0.9161,5,0.28,8.17
8bebc6662b36505f,1,1.0,1.0,0.1419,9,0.0,186,1.0,0.8854,10,0.58,28.05
7c8cb841bdfd5c56,1,0.5833,1.0,0.2049,10,0.0,121,1.06,0.0,121,0.73,57.53
bc7ae4f9eced56c9,1,1.0,1.0,0.2414,14,0.0,251,0.88,0.0,156,0.37,41.77
f4d95a784b725915,1,1.0,1.0,0.0213,2,1.0,0,0.51,0.5833,5,0.72,7.15
f35c6a6f6a1157b3,1,1.0,1.0,0.1941,43,1.0,1,0.8,1.0,4,0.46,31.26
52e0d1590e0e529d,1,1.0,0.9708,0.0504,4,0.9329,3,0.94,0.0,90,0.31,17.82
2591ee089f6e5dba,1,1.0,1.0,0.2775,17,0.9755,5,1.08,0.8986,17,0.4,44.93
48bbe3acc93450aa,1,1.0,1.0,0.1537,9,0.0,165,1.0,0.759,34,0.61,36.83
8be5583b37785664,1,1.0,0.9695,0.2002,7,0.9566,1,1.26,0.9099,6,0.37,43.02
7444ae8aea51554e,1,1.0,1.0,0.042,9,1.0,1,0.74,0.0,50,0.61,15.21
fd9b66480e895706,1,1.0,1.0,0.3192,21,0.8787,25,1.11,0.8787,25,0.54,11.76
418eb2a0ba415e93,1,1.0,1.0,0.5192,33,0.9829,19,0.26,0.9829,19,0.33,19.73
94ac0f71d5615e4c,1,1.0,0.9791,0.0941,4,0.0,62,1.6,0.0,62,0.68,24.79
ef89947a381a50bf,1,1.0,1.0,0.2173,29,0.5828,58,0.6,1.0,13,0.6,26.65
eeab709ca6e05d14,1,1.0,1.0,0.3761,59,1.0,18,0.3,0.9708,45,0.45,30.35
7fa02fbd7287526f,1,1.0,1.0,0.3295,23,0.9613,9,1.56,0.9469,12,0.26,51.63
86536c24d4805ac7,1,1.0,1.0,0.1115,13,0.5833,24,0.42,0.8638,15,0.25,12.89
491a9b7a44225a75,1,1.0,1.0,0.0362,6,0.0,51,1.13,0.0,66,0.87,15.21
6f07313e88ab56fd,1,1.0,1.0,0.1259,6,0.0,66,0.96,0.0,66,0.93,22.4
bc692afe313d50ee,1,1.0,1.0,0.563,25,0.9482,22,1.09,0.8522,31,0.5,22.82
f2655b7cd5d15a20,1,1.0,1.0,0.1761,9,0.0,167,0.83,0.6813,50,0.65,35.46
eeeaf1937c015ab9,1,1.0,1.0,0.4305,37,0.9574,22,0.49,0.8812,41,0.45,19.73
e24e2c91fb5759dc,1,1.0,1.0,0.1468,10,0.9463,5,1.58,0.0,92,0.51,39.9
69a4cff1f35655ff,1,1.0,1.0,0.538,34,0.9314,20,1.46,0.697,153,0.22,18.54
ad54eadf72625631,1,1.0,1.0,0.1358,21,0.0,236,0.42,0.8701,23,0.13,19.73
ecdc079932755e4e,1,1.0,1.0,0.1408,15,0.5833,36,0.63,0.978,6,0.3,18.37
f4495a91b9fb505d,1,1.0,1.0,0.2103,9,0.9411,4,1.45,0.8847,12,0.54,46.82
a9ffe9bb174851e6,1,1.0,1.0,0.1018,11,0.9443,8,1.06,0.0,44,0.44,17.71
747a1e62def55db5,1,1.0,1.0,0.2012,23,0.985,7,1.03,0.0,209,0.51,52.77
51a384b48ace570a,1,1.0,0.948,0.1643,3,0.0,111,1.43,0.0,111,0.8,43.88
0ccd35e238885817,1,1.0,1.0,0.3586,48,1.0,3,0.92,1.0,15,0.67,57.53
71f883f1ec8f5e37,1,1.0,1.0,0.4719,97,1.0,1,0.99,1.0,18,0.29,30.35
ff4125f507e35f9b,1,1.0,0.9228,0.0695,1,0.0,242,3.2,0.8931,1,0.23,26.81
a3af72210c7553c4,1,1.0,1.0,0.1152,19,1.0,11,0.4,0.8555,21,0.34,7.06
10c9b6cd8a2e55f8,1,1.0,1.0,0.0326,6,1.0,1,0.33,1.0,2,0.57,2.01
b2f8e3b0a7a1565e,1,1.0,1.0,0.2882,16,0.9755,1,1.22,0.8712,26,0.23,45.2
066c0c3f45915cba,1,1.0,1.0,0.3297,78,0.967,69,0.36,1.0,49,0.77,28.05
c0a14b9e841a5aee,1,1.0,1.0,0.0706,5,0.0,242,0.5,0.741,12,1.13,15.32
1b18327179f15a8f,1,1.0,1.0,0.4363,17,0.9118,14,0.79,0.9118,14,0.47,16.15
be382c6340e75946,1,1.0,1.0,0.0827,13,0.5833,22,0.7,0.5833,22,0.5,23.33
c2156c6760fd55b5,1,1.0,1.0,0.2144,43,0.0,235,1.34,0.9869,36,0.49,26.65
44f75400f3a15c14,1,1.0,1.0,0.1538,8,0.9953,1,0.75,0.0,204,0.56,46.82
090d6a17e77d59b5,1,1.0,1.0,0.1011,11,0.5833,29,0.37,0.9346,6,0.47,17.78
3265e31c65705a5f,1,1.0,1.0,0.3303,18,0.9935,11,0.21,1.0,0,0.39,26.65
695cc61845975896,1,1.0,1.0,0.0842,4,0.0,215,0.83,0.0,205,0.81,51.63
2ee8d10b988c58b2,1,1.0,1.0,0.2678,20,1.0,7,0.43,1.0,7,0.22,7.06
8d27cb5d1d1e5ad1,1,1.0,1.0,0.0269,2,0.0,119,1.3,0.0,232,0.7,31.26
3efebf87894a552e,1,1.0,1.0,0.1838,5,0.9275,4,0.46,0.8543,7,0.28,15.51
578fc7fcef215f0f,1,1.0,1.0,0.2547,44,0.9983,35,0.38,0.8451,46,0.77,26.66
c9ab8a82cfa054ff,1,1.0,0.985,0.0581,6,0.5833,13,0.29,0.9377,5,0.29,7.83
e9a26f1753a85a88,1,1.0,1.0,0.1128,21,1.0,8,0.77,0.5833,25,0.56,7.06
f84b6dbc1cd35f61,1,1.0,1.0,0.3283,46,1.0,0,0.46,0.9495,28,0.22,35.79
e8e49013253b5e7c,1,1.0,1.0,0.346,10,0.0,149,1.01,0.9328,9,0.3,17.37
93bdcee4c814567c,1,1.0,1.0,0.1642,9,0.9574,5,1.35,0.8936,9,0.41,43.02
0c931f9db55e5fcc,1,1.0,1.0,0.1364,13,0.9937,9,0.7,0.8742,14,0.42,17.37
2f6ef141a25657e5,1,1.0,1.0,0.1408,5,0.9399,3,1.34,0.88,8,0.94,35.12
87b2c0e49070537f,1,1.0,1.0,0.071,13,0.0,216,0.61,0.7723,16,0.44,26.66
83cb0b794de45f7e,1,1.0,1.0,0.2305,16,0.9943,6,0.84,0.5016,69,0.44,52.77
0f536eebc58d5ff4,1,1.0,1.0,0.1787,23,0.0,71,0.58,0.8394,31,0.49,24.15
71ed3e4fcadc5322,1,0.5833,1.0,0.1663,19,0.5833,46,0.38,0.8301,29,0.43,18.66
08684d8a5d675f4a,1,1.0,1.0,0.2196,42,0.9871,38,0.28,0.9076,40,0.32,7.06
9c4e60dd8e9959d8,1,1.0,1.0,0.1892,26,1.0,12,0.55,1.0,5,0.53,7.06
29143e2319415eec,1,1.0,1.0,0.3534,21,1.0,1,0.46,1.0,7,0.35,7.06
7c75567759e15900,1,0.0,1.0,0.179,29,0.0,212,0.48,1.0,22,0.2,12.2
de4facce62b05f57,1,1.0,1.0,0.1279,7,0.9854,5,0.84,0.0,158,0.43,57.53
6d024ab27b8e517b,1,1.0,1.0,0.0296,7,1.0,0,0.76,0.0,231,1.43,10.64
a06715f1cb8358c0,1,0.5833,1.0,0.3181,34,0.5833,84,0.42,0.5563,99,0.15,48.36
b219a12536715748,1,1.0,1.0,0.082,12,0.0,152,0.81,0.9321,8,0.22,9.39
cdac2937953e5398,1,1.0,0.9955,0.0243,4,0.9911,1,0.72,0.9485,3,0.38,5.95
ec3a67acceec55cc,1,0.0,1.0,0.0804,12,0.0,157,0.72,1.0,2,0.22,2.01
87751a071a7e50a4,1,1.0,1.0,0.1592,13,1.0,0,1.14,1.0,0,0.29,44.22
0a3caedd4a7c5394,1,1.0,0.9954,0.1035,11,0.9954,0,0.37,0.9217,7,0.24,17.34
fd99b81c7f2b5ed7,1,1.0,1.0,0.1434,16,1.0,4,0.78,0.9637,9,0.69,27.0
4f2041f942aa5630,1,1.0,1.0,0.5314,29,0.9465,9,1.46,0.8368,55,0.41,18.54
d12fdbd7f3265051,1,1.0,1.0,0.218,16,0.9908,7,0.6,0.0,81,0.35,57.53
ec7ec2875d5f5fe9,1,1.0,1.0,0.1507,10,0.557,44,1.34,0.0,127,0.79,39.9
0bd89ca329cd55f9,1,1.0,1.0,0.1853,16,0.9785,8,0.96,0.7977,31,0.38,36.83
667ea4f79faf5baa,1,1.0,1.0,0.097,12,0.9538,8,1.13,0.7928,20,0.48,23.33
74df9f9decc45b84,1,1.0,1.0,0.2786,60,1.0,5,0.58,1.0,20,0.4,30.89
d64b2da8ffb65c16,1,1.0,0.9358,0.1551,3,0.5596,49,1.21,0.5431,50,0.89,26.04
a76311c957b05f8c,1,1.0,1.0,0.2306,25,1.0,0,1.08,1.0,3,0.92,31.26
7c57d68b038450cd,1,1.0,1.0,0.1873,39,1.0,5,0.42,1.0,21,0.12,7.06
9170b75b8a3f527f,1,1.0,1.0,0.2179,14,0.0,77,1.3,0.9018,13,0.64,39.88
ced5e9f4d448524e,1,1.0,1.0,0.198,18,1.0,5,0.48,0.9264,15,0.59,22.3
8ea6783a7b195706,1,1.0,1.0,0.2382,36,0.5833,61,0.54,0.8963,36,0.35,26.65
3d11d1a35e8f500d,1,0.5833,0.9797,0.2067,15,0.5833,57,0.53,0.9201,11,0.2,27.41
ec64154dcf525edb,1,1.0,1.0,0.1243,18,0.5833,25,0.43,0.5833,37,0.37,7.06
0c0044f312655c94,1,1.0,1.0,0.4808,24,0.931,14,0.86,0.8499,47,0.57,17.71
9d0ff46ac79e5e0b,1,1.0,0.9977,0.0928,5,0.9473,2,1.62,0.9157,4,0.89,30.86
4f21925f1a7c5983,1,1.0,1.0,0.1335,14,0.951,12,0.51,0.8526,17,0.3,11.79
a02d58c7e9ee50f5,1,0.5833,1.0,0.0896,12,0.5833,20,0.6,0.9531,6,0.9,29.32
87f7b4b94e2b5264,1,1.0,1.0,0.5591,16,0.0,206,1.11,0.9469,7,0.5,19.73
5d9e2570d7565e91,1,1.0,0.9048,0.0619,1,0.0,78,1.92,0.7772,10,0.73,17.71
94817f3d96fe5072,1,1.0,1.0,0.0695,14,0.0,105,0.76,0.0,230,0.57,19.73
6f4f660648e15c84,1,1.0,1.0,0.0163,3,0.0,251,0.31,1.0,1,0.5,2.01
8733d5cc8ae956df,1,1.0,1.0,0.1714,10,0.9744,4,1.33,0.9428,6,0.57,44.22
1786ef7edac65502,1,1.0,1.0,0.0467,6,0.0,28,0.92,0.7048,11,0.21,10.24
557fe4dc6b2a5c76,1,1.0,1.0,0.147,29,1.0,18,1.24,1.0,15,0.21,7.06
5667135252dd528a,1,1.0,1.0,0.3869,23,0.9621,16,0.55,0.7192,93,0.47,17.37
81161847b27b5bad,1,0.5833,1.0,0.112,12,0.5833,30,0.53,0.8847,13,0.19,19.24
b156e8110afb5efd,1,1.0,0.9528,0.0559,1,0.9528,0,1.17,0.5166,15,0.7,30.63
3187a6d159fb51d8,1,1.0,1.0,0.0942,23,0.9603,18,0.37,0.0,76,0.44,11.79
61a7d33a4c3b5977,1,1.0,1.0,0.157,18,0.9785,8,0.91,0.9785,8,0.28,36.83
7cee421600545b00,1,1.0,1.0,0.5143,17,0.8963,20,1.25,0.8823,22,0.35,10.1
c7a1cded8d4652e2,1,1.0,0.9607,0.1523,4,0.9607,0,1.91,0.9179,3,0.49,45.2
e377a0a97c895d9c,1,1.0,1.0,0.1629,14,0.9852,4,0.6,0.9697,5,0.76,44.22
ffde3cc525b75021,1,1.0,1.0,0.4017,22,0.0,198,0.25,1.0,0,0.14,7.06
5a35f8abb51c5303,1,1.0,1.0,0.0257,6,1.0,2,0.75,1.0,1,0.48,2.01
42545a072b1a5820,1,1.0,1.0,0.1724,12,0.9549,4,1.4,0.9357,7,0.56,39.88
a78e1f18f3b255d8,1,0.5833,0.9945,0.1975,17,0.5833,53,0.53,0.8818,20,0.07,27.41
b5d72ce63e11581b,1,1.0,0.9904,0.1032,9,0.9442,3,1.78,0.9066,7,0.43,45.2
ae07a1ea49135359,1,1.0,0.971,0.103,5,0.9677,1,0.99,0.8192,13,1.06,30.68
9a1b2cdfbe7d56c0,1,0.5833,1.0,0.5071,61,0.5802,139,0.37,0.9277,49,0.51,44.22
6bea22b0ee0e5929,1,1.0,1.0,0.1912,16,0.0,113,0.6,0.0,186,0.59,35.12
d81b6324477757dd,1,1.0,1.0,0.0893,9,0.9133,7,1.71,0.9133,7,0.67,31.26
8a8bf2275db85432,1,1.0,1.0,0.4071,27,0.9789,16,0.65,1.0,1,0.48,17.37
a8ca647927f25ae9,1,1.0,1.0,0.2927,60,0.9547,51,0.59,0.9161,58,0.29,22.3
87554f4ef47252e4,1,0.5833,1.0,0.3889,40,1.0,5,0.84,0.913,34,0.4,39.88
0bb3e400083659c7,1,1.0,1.0,0.2578,46,0.9934,32,0.72,0.0,210,0.38,26.65
1ac0023fd2655313,1,1.0,1.0,0.1194,19,0.0,154,0.4,0.8157,25,0.48,15.13
1542482ff0ad537e,1,1.0,1.0,0.129,13,1.0,2,0.53,0.9449,10,0.33,28.28
433d630eed9d5f3a,1,1.0,1.0,0.2446,13,0.998,2,0.95,0.9876,3,0.71,43.88
1b5521472b795718,1,1.0,1.0,0.056,8,1.0,3,1.13,0.5833,8,0.72,7.06
300226e9649b51fd,1,1.0,1.0,0.2555,15,0.9669,8,1.3,0.9259,12,0.46,18.54
4413dc9f17ab56b0,1,1.0,1.0,0.0928,7,0.9275,6,1.72,0.0,181,0.7,30.89
14ce4ee85a9c5471,1,1.0,1.0,0.2008,20,0.5833,50,0.34,0.8812,22,0.29,26.65
517530489c455086,1,1.0,1.0,0.2417,28,0.5833,67,0.69,0.9648,17,0.51,28.04
77db0b134a185494,1,1.0,1.0,0.1588,9,0.9617,3,1.08,0.9253,6,0.3,48.88
782f0fff66145718,1,1.0,1.0,0.4332,32,0.9968,6,0.95,0.5117,123,0.6,35.79
624f26fa47485b3d,1,1.0,0.9995,0.3159,18,0.9658,4,1.42,0.8888,20,0.49,48.88
bc667a4fc0f454d7,1,1.0,0.9623,0.0366,1,0.0,82,0.44,0.0,133,0.86,17.78
fec68cb4b42a5b30,1,1.0,1.0,0.2486,23,0.959,8,1.23,0.0,185,0.44,46.82
2352aa62dbbe58d2,1,1.0,0.8278,0.0876,0,0.0,135,1.59,0.0,54,0.56,21.05
ebffacdb3be25252,1,1.0,1.0,0.0039,1,0.0,244,0.32,0.0,244,0.31,2.01
b5823453f7875542,1,1.0,1.0,0.1772,37,0.9276,35,0.76,1.0,29,0.52,12.2
e805310ff3055efa,1,0.0,1.0,0.1903,32,0.0,118,0.61,1.0,2,0.4,7.06
7606dcaf85735093,1,1.0,0.9616,0.0785,4,0.9386,1,1.07,0.8586,8,0.16,16.61
1c5019f2bc6052d6,1,1.0,1.0,0.0247,4,1.0,1,0.49,1.0,0,0.18,2.01
37d818085d0f56e8,1,0.5833,1.0,0.1792,12,0.57,49,0.46,0.9159,10,0.42,26.65
26b5e3878f2250ac,1,1.0,1.0,0.169,15,0.9794,12,0.85,0.9794,12,1.03,11.76
15a50c88ab0255ca,1,1.0,0.993,0.2343,22,0.993,0,0.83,0.993,0,0.61,52.77
59db265fc4cf5a41,1,1.0,0.9892,0.0337,2,0.9892,0,0.74,0.0,132,0.89,41.77
834cf95826ec5c73,1,1.0,0.9675,0.0569,5,0.9675,0,0.89,0.9417,2,0.59,22.69
a66018d8ad8f594d,1,0.5833,0.9563,0.1163,5,0.0,104,1.49,0.9563,0,0.9,42.67
bdffdc5fc2fa542b,1,0.5833,1.0,0.255,25,0.5833,68,0.48,0.9093,21,0.38,28.04
fe469d42385259e2,1,1.0,1.0,0.5792,34,0.9245,24,1.47,0.9245,24,0.72,22.3
3f664a7d5f5e5bba,1,0.0,1.0,0.0996,15,0.5833,25,0.4,1.0,3,0.2,2.01
4356c31443585d79,1,1.0,1.0,0.2578,18,1.0,1,0.96,0.4811,53,0.48,28.59
97b8b4204a2a5484,1,1.0,1.0,0.428,34,1.0,14,0.82,1.0,0,0.27,7.06
3ef30aa787de56fa,1,1.0,1.0,0.4323,11,0.9716,5,0.51,1.0,1,0.45,17.37
a152c8cad6625d6a,1,1.0,1.0,0.168,21,0.5833,41,0.67,0.9557,15,0.55,24.15
7c150adbe5225f20,1,1.0,1.0,0.1568,16,0.5791,49,0.7,0.975,5,0.36,24.15
442b2cf63c6f570a,1,1.0,1.0,0.2992,10,0.9406,6,1.36,0.875,10,0.7,28.21
1fc5ab19306f5a47,1,1.0,1.0,0.3779,14,0.0,235,0.85,0.963,4,0.4,17.78
13848a5be84f5a4a,1,1.0,0.9797,0.2208,6,0.9797,0,1.02,0.9283,3,0.64,32.82
2aa64c0ff1f059fd,1,0.0,1.0,0.1348,24,0.0,214,0.43,1.0,21,0.3,2.01
8840042ede42578a,1,1.0,0.9918,0.0664,7,0.9918,0,1.42,0.9111,5,0.39,35.84
496b53024fb657ae,1,0.5833,0.9669,0.1179,10,0.0,175,0.94,0.9325,5,0.35,19.53
4b5846fcc3725b95,1,1.0,1.0,0.1515,11,0.9916,4,0.7,0.7358,31,0.99,52.77
1753feeb7c0e552c,1,1.0,1.0,0.0326,6,1.0,2,0.45,1.0,3,0.45,2.01
6cbc045e25c2506d,1,1.0,1.0,0.0619,15,0.9689,14,0.36,1.0,4,0.41,11.76
bfbc82c4f65a5208,1,0.0,1.0,0.0417,6,0.0,36,0.93,1.0,1,0.54,2.01
757fb1d7679c5dc2,1,1.0,1.0,0.3771,9,0.9568,6,1.51,0.8226,30,0.55,14.01
953aea8a2a085404,1,1.0,1.0,0.5052,43,1.0,8,0.19,1.0,23,0.22,22.82
ee9a17a589805c85,1,1.0,1.0,0.1628,8,0.0,136,0.91,0.7645,36,0.46,36.83
f5af188b17e85ef0,1,1.0,1.0,0.0363,5,0.0,53,0.89,0.0,14,0.7,28.05
a0e9cbedca0a56b7,1,1.0,1.0,0.1587,13,0.9871,5,0.85,0.0,127,0.54,43.02
49d613966f25569b,1,1.0,1.0,0.1054,13,1.0,2,0.71,0.9561,9,0.31,17.76
09779eb483435cab,1,1.0,1.0,0.0273,6,1.0,1,0.18,1.0,4,0.47,2.01
fb43d35afc375bb2,1,1.0,1.0,0.4334,14,0.9588,9,1.25,1.0,1,0.62,22.58
59159c92e5d9571d,1,1.0,1.0,0.4225,56,0.5833,118,0.48,0.9587,32,0.41,26.65
a9f07bb60bd75461,1,1.0,1.0,0.1116,12,1.0,1,0.7,0.9128,10,0.26,17.34
a09e4156f577568a,1,1.0,1.0,0.1216,18,0.8484,21,1.04,0.7279,30,0.44,7.06
9b09b277214d5623,1,1.0,1.0,0.2054,18,0.9947,6,0.72,1.0,0,0.3,31.26
ab872f589011527d,1,1.0,1.0,0.1591,7,0.0,168,1.23,0.8853,9,0.57,39.12
a65539b18da350df,1,1.0,1.0,0.0951,13,0.9648,7,0.76,0.9266,11,0.51,17.76
85da27c3381e5e63,1,1.0,1.0,0.0718,6,1.0,1,0.53,0.9738,4,0.44,29.45
f952ad55ab565465,1,1.0,1.0,0.1989,20,0.0,103,0.73,0.943,10,0.46,57.53
7015bc44f34252f4,1,1.0,1.0,0.2694,7,0.9711,2,0.51,0.8333,46,0.71,20.57
971d199e8b9b5e71,1,1.0,1.0,0.2837,10,0.9217,9,0.55,1.0,5,0.4,17.37
3bcb5a54eca95746,1,1.0,1.0,0.1433,14,1.0,4,0.36,0.8931,15,0.36,17.37
e69be869445455c7,1,1.0,1.0,0.2306,14,0.9456,11,1.12,0.9468,10,0.76,29.45
6c8af7c93b5751c4,1,1.0,0.9943,0.1667,7,0.9666,1,1.1,0.1682,74,0.32,46.82
1f54430427975391,1,1.0,0.8987,0.1044,0,0.0,166,1.28,0.8449,6,0.22,18.66
774160714b7e5ca4,1,1.0,1.0,0.0257,6,1.0,2,0.44,1.0,1,0.39,2.01
6012a63b7a3b52c7,1,1.0,1.0,0.1901,10,0.9587,4,1.24,0.8351,28,0.47,52.77
be3551ae467a579e,1,1.0,1.0,0.0724,5,0.9675,1,1.23,0.9376,3,0.6,39.9
e3ddabf456b155a9,1,1.0,0.9923,0.0844,2,0.9923,0,0.47,0.7456,14,0.93,41.77
56464bef8d91590f,1,1.0,1.0,0.2096,20,0.9294,15,1.16,0.8323,35,0.48,28.05
f42bdbb0a30c5854,1,1.0,1.0,0.2141,15,1.0,8,0.54,1.0,8,0.54,17.37
c65ad538a2275dd8,1,1.0,0.9667,0.102,4,0.9667,0,1.03,0.7297,11,0.8,16.61
8b5d8d7c95925564,1,0.0,1.0,0.3854,65,0.0,222,0.34,1.0,33,0.26,26.65
77218354c5c25657,1,0.0,1.0,0.1403,23,1.0,22,1.66,0.0,224,0.56,7.06
87b32a1aeeb85613,1,1.0,0.9874,0.1918,7,0.9514,2,1.69,0.9299,4,0.21,48.36
9bfe6fa481105f43,1,0.5833,0.9667,0.1607,10,0.5808,47,0.44,0.8638,14,0.41,20.14
18d8181124185dfa,1,1.0,1.0,0.2153,12,0.9721,3,1.25,0.0,210,0.24,57.53
de41a196a12e56d0,1,1.0,1.0,0.105,16,0.9714,9,0.6,0.7496,23,0.87,17.76
e22c42694be05703,1,1.0,1.0,0.0877,4,0.0,82,1.31,0.8858,4,0.45,20.53
6a947d290fe257ce,1,1.0,1.0,0.2003,11,0.9204,7,1.34,0.9229,6,0.52,30.68
f11cf1d1b58454d8,1,0.5833,0.9921,0.0809,8,0.9648,1,0.52,0.9451,3,0.33,15.19
e1886e081b945907,1,1.0,0.918,0.3166,2,0.0,223,1.96,0.8753,4,0.56,23.33
9d626ce291e85889,1,1.0,1.0,0.3854,20,0.9629,5,1.08,0.9915,1,0.35,32.14
42dc421e37c154e5,1,1.0,1.0,0.3063,8,0.9685,4,0.45,1.0,0,0.26,17.37
ce2de8af70e05a57,1,1.0,1.0,0.4039,53,1.0,6,0.53,0.9178,43,0.44,35.79
4bc96604c1c85606,1,1.0,1.0,0.1533,32,1.0,10,1.93,1.0,23,0.38,7.06
b4797f8fbe08559f,1,1.0,1.0,0.1425,8,0.868,10,0.77,0.868,10,0.29,12.54
36037c6abc0558dc,1,1.0,1.0,0.3553,27,0.953,16,0.26,0.9247,20,0.17,12.54
b1e1c1a12339588a,1,1.0,1.0,0.3103,19,0.9704,11,0.84,1.0,6,0.95,28.21
c64f55518a18575b,1,0.5833,1.0,0.2965,39,0.9849,20,0.56,0.9478,26,0.12,26.66
63573ea2fdb85b0e,1,1.0,1.0,0.1962,20,0.9796,9,0.72,0.771,40,0.8,36.83
5c4c3448f7a1517f,1,1.0,1.0,0.2664,35,1.0,8,1.61,0.0,98,1.08,22.3
5603aa72d59e58b2,1,1.0,1.0,0.0604,8,0.5833,15,0.57,0.9818,3,0.15,12.02
ddc1271ea57154bc,1,0.0,1.0,0.0078,2,0.0,15,1.93,0.0,22,0.79,7.15
f7143ad20856584c,1,1.0,1.0,0.1655,16,0.9805,7,0.72,0.9534,10,0.45,45.2
d12c5ba59acf55a0,1,1.0,1.0,0.0621,2,0.0,26,1.22,0.0,112,1.04,45.2
97e2daddecd557a4,1,1.0,1.0,0.0912,11,0.9914,6,0.57,0.0,113,0.3,52.77
d98a25449e205e55,1,1.0,1.0,0.1529,9,0.9716,4,1.69,0.8365,14,0.83,22.83
5ea36cebd2575b16,1,1.0,1.0,0.0454,7,0.9886,2,0.43,0.9886,2,0.6,10.24
da36c99454f65715,1,1.0,0.9641,0.0988,3,0.0,91,1.05,0.0,203,0.43,36.83
93ff1c769e6f5507,1,1.0,0.9512,0.0372,1,0.0,38,1.2,0.5492,9,0.72,36.21
cc65333a2182508c,1,1.0,1.0,0.239,15,0.9496,10,0.61,0.6879,61,0.44,22.82
c9150b81da695ae9,1,1.0,1.0,0.5649,42,0.9406,31,0.89,0.8415,62,0.42,18.54
9c45919236c051c0,1,1.0,1.0,0.1622,17,0.0,149,0.91,0.7966,24,0.4,10.24
0e9d524cb7ab5e2a,1,1.0,1.0,0.3182,71,0.9335,68,0.75,1.0,54,0.52,22.3
63768cbe8b2d5c65,1,1.0,1.0,0.0648,4,0.9313,3,1.26,0.7926,9,0.5,18.54
748a5531d6415e0c,1,0.0,1.0,0.1042,22,0.5833,26,0.47,1.0,9,0.27,7.06
c5d626fc4b6c5efb,1,1.0,1.0,0.0078,2,0.0,250,0.45,1.0,0,0.34,2.01
a259460cd13f55c2,1,0.5833,0.998,0.172,11,0.5833,41,0.42,0.9566,2,0.37,21.68
afa8102c20685ec5,1,1.0,1.0,0.4498,40,0.94,33,1.15,0.8089,105,0.4,26.65
2a48beb84af65349,1,1.0,0.8915,0.2246,0,0.0,247,1.5,0.7353,25,0.36,9.8
4fbe9cf1d64d58ef,1,0.0,1.0,0.1533,28,0.0,81,0.36,1.0,8,0.74,10.24
eed4abcb01455af9,1,1.0,1.0,0.305,20,0.0,253,1.4,1.0,5,0.29,7.06
f6ce545dcc975501,1,1.0,1.0,0.0397,2,0.0,248,0.43,1.0,0,0.34,2.01
a7c6cc3a1840584f,1,1.0,1.0,0.4939,29,0.9939,13,0.4,1.0,8,0.36,17.37
87339a4d32305504,1,0.5833,0.9663,0.3325,5,0.9414,1,2.29,0.4956,107,0.82,23.44
2cd2afde48275675,1,1.0,1.0,0.2133,28,0.5833,63,0.46,0.8896,30,0.43,26.66
132307b3c1a55f97,1,1.0,1.0,0.0795,2,0.0,242,0.68,0.7257,8,0.53,14.96
d6641a8596f25d47,1,1.0,1.0,0.1736,27,0.96,22,0.9,0.96,22,0.45,18.54
26ca54769df65193,1,1.0,1.0,0.1652,13,0.5833,39,0.41,0.0,153,0.36,24.15
e59fd69b1be85258,1,0.5833,1.0,0.1897,19,0.977,8,0.69,0.8602,26,0.15,26.66
fc2a5f9f60965ab9,1,1.0,1.0,0.3894,13,1.0,2,0.46,1.0,0,0.66,17.37
7e6d49b500545236,1,0.0,1.0,0.0387,7,0.0,217,0.56,1.0,2,0.58,2.01
19282fb074525def,1,1.0,1.0,0.2666,43,1.0,33,0.98,0.8398,46,0.45,7.06
1ed8702288c15895,1,1.0,1.0,0.1396,6,0.9841,1,1.57,0.9841,1,0.52,39.88
825269c866465320,1,1.0,1.0,0.1017,10,0.0,233,0.78,0.0,212,0.57,19.99
639b55d4b2b65d0a,1,1.0,1.0,0.1647,23,0.9799,10,0.75,0.0,195,0.83,30.89
0af464147919575d,1,1.0,1.0,0.4071,38,1.0,6,0.34,1.0,1,0.52,17.37
f3f9b7c1f6e95b82,1,1.0,1.0,0.0604,5,1.0,4,0.36,1.0,4,0.57,2.01
7683c293a5a55dce,1,0.0,1.0,0.292,22,0.0,234,0.65,1.0,0,0.16,7.06
39e0bf171e6d5e88,1,1.0,1.0,0.2632,33,0.9767,23,0.58,0.9785,22,0.24,36.83
906ad81ffb6953a5,1,1.0,1.0,0.3065,16,0.9626,10,0.47,0.9206,12,0.37,22.82
c648574640a65934,1,1.0,1.0,0.0646,2,0.5744,12,0.5,0.8444,5,0.36,9.5
5487bbfde69354cb,1,1.0,1.0,0.2245,13,0.9616,4,1.06,0.9385,6,0.51,52.77
f53ece8c1cb9562c,1,0.0,1.0,0.5072,82,0.0,152,0.42,1.0,55,0.47,30.35
02e9f697f2d055ee,1,1.0,1.0,0.2204,27,0.9938,7,0.5,0.9562,15,0.14,24.74
7be2f6436ce95042,1,1.0,1.0,0.1743,33,0.0,154,0.84,1.0,15,0.35,31.26
6561633171e75bb6,1,1.0,1.0,0.0078,2,0.0,250,0.35,1.0,0,0.34,2.01
8d21608fa8c354f1,1,1.0,1.0,0.072,8,0.0,156,0.59,0.8684,11,0.27,12.92
8b1193abd0b75de0,1,0.5833,1.0,0.1632,15,0.5833,43,0.33,0.93,11,0.71,29.71
33c84d1650d45e15,1,1.0,1.0,0.187,19,0.0,78,0.7,0.8606,22,0.33,36.83
674e6f0f529a51f7,1,1.0,0.8444,0.0552,0,0.1773,32,0.55,0.8252,2,0.4,5.95
e82216ae03b05bd4,1,0.0,1.0,0.0527,10,0.0,67,0.78,1.0,8,0.46,2.01
b83ed953a4105ddc,1,1.0,1.0,0.0257,6,1.0,3,0.7,1.0,4,0.3,2.01
786c64badbb15a9c,1,1.0,1.0,0.0832,18,0.8983,18,1.26,1.0,5,0.95,15.21
b80d3fb49fc858d1,1,1.0,1.0,0.0921,4,0.0,129,2.5,0.0,65,0.6,30.63
8723bbb08b8e5cc8,1,1.0,1.0,0.0257,6,1.0,1,1.13,1.0,4,0.54,2.01
0691c520f834559d,1,0.5833,0.9821,0.1142,12,0.0,121,0.66,0.0,131,1.2,43.88
ad898232cb525d5f,1,1.0,1.0,0.385,17,1.0,4,0.69,0.8002,105,0.29,17.37
7727bf26f5845499,1,1.0,1.0,0.0308,4,0.0,161,1.77,0.0,146,0.68,28.05
963ea50b7eb2554b,1,1.0,1.0,0.1191,12,0.0,213,0.87,0.0,116,0.1,57.53
1fe2f21f53c05378,1,1.0,0.9218,0.069,1,0.0,29,1.49,0.7552,7,0.72,40.31
2f191795b29f52b2,1,1.0,1.0,0.0335,6,1.0,3,0.36,1.0,0,0.28,2.01
253dba7510ca56b8,1,0.5833,1.0,0.0988,15,0.0,103,0.35,0.0,148,0.52,28.05
8dfef734a010531e,1,1.0,1.0,0.1221,8,0.0,177,1.16,0.0,198,0.46,35.84
23d71fb39b0456f5,1,1.0,1.0,0.1698,23,0.0,93,0.61,0.9969,14,0.49,17.71
12d426c6727d507a,1,0.5833,1.0,0.0707,5,0.5833,18,0.65,0.8096,10,0.31,12.4
742ac4ddb9d7557d,1,1.0,0.9888,0.1404,5,0.9691,1,1.25,0.9888,0,0.79,42.67
a0d88b07304b5398,1,1.0,1.0,0.5115,15,0.9594,6,0.57,1.0,0,0.44,22.58
bc8d053770cf5449,1,1.0,1.0,0.0078,2,1.0,0,0.37,1.0,0,0.59,2.01
ab1adeaf66035b88,1,1.0,1.0,0.0854,10,0.0,216,0.68,0.9125,9,0.19,15.19
f414059fffd45057,1,1.0,1.0,0.0101,2,1.0,0,0.25,1.0,1,0.24,2.01
f4544174530b5715,1,1.0,1.0,0.2302,19,0.9329,15,1.24,0.8343,29,0.44,30.35
77424ed925b45c77,1,1.0,0.9598,0.1073,2,0.9293,1,1.58,0.7298,20,0.96,26.04
00f925ab5406520f,1,1.0,1.0,0.1559,21,0.5833,40,0.49,0.9376,13,0.92,16.15
86c6c03a41a057d6,1,1.0,1.0,0.0257,6,1.0,2,0.47,1.0,4,0.57,2.01
06bdef9a9bbc5aaf,1,1.0,1.0,0.1817,28,1.0,10,0.21,0.959,18,0.38,26.66
193b39b2ec4f53af,1,1.0,1.0,0.2168,37,0.5833,58,0.65,0.9463,30,0.3,26.66
ca7c752bcdfa5e4d,1,1.0,1.0,0.2453,42,0.9862,23,0.87,1.0,17,0.72,28.05
9e79198b9fd559a1,1,0.0,1.0,0.168,32,0.0,118,0.54,1.0,15,0.33,7.06
150d706a5add549a,1,1.0,1.0,0.2005,11,0.9697,3,1.18,0.0,245,0.68,57.53
1835975eaaf65843,1,1.0,1.0,0.3564,15,0.9642,7,0.88,1.0,1,0.33,17.37
7fd8acb62ee556d0,1,1.0,1.0,0.2663,19,0.0,255,1.21,0.8478,26,0.52,33.22
8b6aa9462f5157b3,1,0.0,1.0,0.0645,13,0.0,90,0.51,1.0,0,0.43,2.01
eff5b15eb0935b33,1,1.0,1.0,0.0273,7,1.0,5,0.48,1.0,4,0.48,2.01
043839beb58a5dad,1,1.0,1.0,0.3307,9,1.0,0,1.61,0.9008,8,0.63,12.25
a0707360c69459d4,1,1.0,1.0,0.1712,39,1.0,1,1.27,0.0,90,0.41,7.06
83b935eff1815935,1,1.0,1.0,0.2021,15,0.5701,40,0.7,0.1779,82,0.41,39.12
3f188244418552d9,1,1.0,1.0,0.5535,21,0.9269,16,1.01,0.8652,26,0.55,22.82
ad2bbc4542205912,1,0.5833,1.0,0.1315,12,0.9743,3,0.52,0.8969,12,0.33,26.65
a728ab8233415a86,1,1.0,1.0,0.4062,14,0.9105,12,0.89,0.8117,69,0.36,11.73
5f8d8f88750f57b7,1,1.0,0.9992,0.1852,9,0.986,1,0.99,0.0,234,0.57,48.36
8d3c8a698ac65342,1,1.0,1.0,0.1594,13,0.0,130,0.59,0.8037,30,0.34,33.22
597fd00be3675d16,1,1.0,1.0,0.1506,31,1.0,20,0.91,1.0,13,0.59,22.3
ae878998fecb50a5,1,1.0,1.0,0.4075,55,0.923,43,1.52,1.0,5,0.73,10.1
d392c806c0605f72,1,1.0,1.0,0.1418,10,0.9356,9,0.76,0.8636,12,0.43,10.1
a547f498303e5b17,1,1.0,1.0,0.2353,9,0.952,4,0.84,0.9142,7,0.4,16.59
803569f800575929,1,0.5833,1.0,0.1106,11,0.0,157,0.41,0.8627,17,0.33,11.83
a08ed58ddc6d53b3,1,1.0,1.0,0.0415,8,0.0,28,0.57,0.0,152,0.69,26.66
489bb0ed93455b69,1,1.0,1.0,0.104,11,0.9379,6,1.05,0.9194,9,0.66,32.82
071d69045acb5971,1,1.0,0.9899,0.1087,6,0.9899,0,1.09,0.9161,4,0.64,15.32
4256146a0b765876,1,0.5833,1.0,0.1884,37,1.0,32,0.72,0.0,100,0.44,24.15
0438474da1ac593d,1,0.0,1.0,0.0241,5,0.0,214,0.5,1.0,4,0.31,2.01
d7a0ac2136015985,1,1.0,1.0,0.1964,33,0.0,63,1.62,0.0,110,0.3,22.3
d5fbd3df4a505559,1,1.0,1.0,0.4262,12,0.96,6,0.36,0.8503,16,0.25,17.37
e9fcec80707952c3,1,1.0,1.0,0.1042,16,0.9244,13,0.48,0.7809,22,0.46,7.06
0b66f76610bc5f63,1,1.0,1.0,0.1461,9,0.9477,3,1.4,0.8813,13,0.49,45.2
0855e09733fe5445,1,1.0,1.0,0.0688,3,0.0,123,1.0,0.0,168,0.57,16.61
6ea198f259b85e49,1,1.0,1.0,0.0117,2,1.0,0,0.25,1.0,1,0.19,2.01
73872fdc28995ad6,1,1.0,1.0,0.2938,5,0.9722,1,1.25,0.8799,7,0.24,21.71
2d060a1354d4545e,1,1.0,1.0,0.4604,30,0.9875,14,0.35,1.0,10,0.49,30.35
a780d35138495c38,1,0.0,1.0,0.0557,9,0.0,236,0.35,1.0,1,0.23,2.01
fdcbf84507845615,1,1.0,1.0,0.1141,10,0.9727,7,1.0,0.9834,6,0.58,14.37
7ffaa3cf8bf45474,1,1.0,1.0,0.4975,10,0.9241,9,0.42,1.0,3,0.44,17.37
d1e4600c80ab519a,1,1.0,0.8662,0.081,0,0.0,165,0.99,0.0,220,0.54,19.24
36c9f5ba92385cee,1,1.0,1.0,0.1862,9,0.0,72,1.29,0.0,191,0.46,51.63
fe94da01811e53fc,1,1.0,1.0,0.2447,23,1.0,8,0.54,0.8582,25,0.26,15.21
54511f27d12e5a58,1,1.0,1.0,0.4843,15,0.9304,11,0.97,0.9304,11,0.78,15.32
93a4b61a25b0509f,1,1.0,1.0,0.104,21,1.0,1,0.78,1.0,8,0.46,22.3
e6289d35e92c56b9,1,1.0,1.0,0.2915,21,0.0,143,1.08,0.7719,73,0.19,24.15
edf7281f49b9573d,1,1.0,1.0,0.1918,11,0.5775,58,0.97,0.0,158,0.36,57.53
b3c7b9fbf4655722,1,1.0,1.0,0.2064,30,1.0,3,0.64,0.8708,34,0.64,24.15
35e4b04bab1058d5,1,1.0,1.0,0.0935,7,0.5833,26,0.57,0.0,110,0.54,20.15
6745b762c9df5f94,1,1.0,1.0,0.0273,7,1.0,2,0.83,1.0,4,0.59,2.01
e074c5e6917e5f1d,1,1.0,1.0,0.1011,20,1.0,15,0.49,0.8649,21,0.2,7.06
6c28c001109f5718,1,1.0,1.0,0.1478,6,0.0,92,1.39,0.8797,7,0.47,43.88
83f9ceae9dad56d9,1,1.0,1.0,0.1322,9,0.0,105,0.78,0.8536,12,0.34,19.73
db3833e656c256dd,1,1.0,1.0,0.0913,11,1.0,0,0.89,0.9442,9,0.48,17.76
b27e6e6bf91d59be,1,1.0,1.0,0.2913,28,0.9666,20,0.2,0.8351,37,0.17,17.37
8a843c4264a35d16,1,1.0,0.9918,0.0373,5,0.0,145,0.88,0.9848,1,0.35,8.59
3b3e36e9d816563c,1,1.0,1.0,0.1264,21,0.0,71,0.92,1.0,1,0.31,18.54
61421159b240530d,1,1.0,1.0,0.2851,42,0.9818,22,0.94,1.0,9,0.62,28.05
986b3349c460538b,1,1.0,1.0,0.1549,12,0.0,64,0.71,0.0,150,0.5,43.02
135337bf847b5726,1,1.0,1.0,0.1484,13,0.9854,7,1.15,0.8553,18,0.27,35.79
1309e3cfb6f25c6e,1,1.0,1.0,0.0078,2,1.0,0,0.28,1.0,1,0.32,2.01
562f38636f975be4,1,1.0,1.0,0.5427,36,0.9686,8,0.82,0.9686,8,0.19,32.82
4d4ef3ee372d5afc,1,1.0,0.9712,0.2715,8,0.9712,0,0.76,0.8849,8,0.32,26.81
54ed7e46291c5fcf,1,1.0,1.0,0.369,11,0.9749,3,0.99,0.9267,8,0.54,15.32
189e9c0a20085a38,1,1.0,1.0,0.1999,35,0.0,191,1.2,0.8556,36,0.51,7.06
d64a3964875f5b41,1,1.0,1.0,0.0986,20,1.0,11,0.61,1.0,15,0.86,19.73
b0b461ce7bd959ec,1,1.0,1.0,0.217,6,0.9589,3,0.87,0.7171,29,0.6,16.59
41c18772e7ac5696,1,0.5833,1.0,0.1009,10,0.5655,27,0.51,0.7986,16,0.19,14.57
75151361dbe658bb,1,1.0,1.0,0.1615,18,0.5833,44,0.62,1.0,15,0.6,26.66
a96abad3a09753c5,1,1.0,1.0,0.4848,49,0.9266,42,0.52,0.7033,135,0.22,17.37
878f3ddae1b7550f,1,1.0,1.0,0.2315,28,0.9826,16,0.45,0.9191,25,0.43,29.32
e1398b3ecf3f520d,1,1.0,1.0,0.1253,13,0.9751,4,0.53,0.9394,8,0.27,20.14
c9395d7ca7f75410,1,1.0,1.0,0.4721,36,0.9877,12,0.32,1.0,5,0.23,30.35
75ffe77189e95d43,1,1.0,0.9779,0.0501,4,0.9497,2,1.05,0.0,249,0.74,22.69
0dd9b379a2e3595f,1,0.5833,1.0,0.0655,5,1.0,2,0.99,0.885,7,0.23,14.94
aff2f948de815a32,1,0.5833,1.0,0.1986,26,0.5833,53,0.55,0.9349,20,0.47,28.05
c2cf2b10f7e953c4,1,1.0,1.0,0.1271,30,0.0,223,0.81,1.0,23,0.43,22.3
c5510354351d5d5e,1,0.0,1.0,0.0654,15,0.5833,15,0.44,1.0,5,0.5,2.01
bee7eebe90dd5285,1,1.0,1.0,0.2861,32,0.9964,8,0.78,0.9183,26,0.75,57.53
7eaba7fa332d55cd,1,1.0,0.9229,0.0961,3,0.9229,0,2.67,0.8908,3,0.76,31.94
5b3bc72c557a5a17,1,1.0,0.9778,0.1319,6,0.9778,0,1.16,0.8861,6,0.77,26.53
ae06592110305073,1,1.0,0.9892,0.0597,3,0.0,74,0.73,0.0,132,0.41,22.58
e76cb8b17f8f51f3,1,1.0,1.0,0.2236,22,1.0,9,0.44,1.0,2,0.53,17.37
648b875dc34259c2,1,1.0,1.0,0.109,12,0.0,132,0.96,0.0,174,0.25,57.53
16e645697d7559b3,1,1.0,1.0,0.1747,17,0.0,174,0.87,0.0,119,0.84,34.68
1afdce6720e45022,1,1.0,1.0,0.0896,2,0.0,85,0.81,0.4563,31,0.73,34.68
a5ee1632a31556a1,1,1.0,0.9638,0.224,3,0.0,241,1.38,0.7278,48,0.93,45.69
bd6d1d10391854e0,1,1.0,1.0,0.1745,7,0.9431,4,1.1,0.8997,7,0.69,39.88
c2f9c48979255481,1,1.0,1.0,0.0078,2,1.0,0,0.56,1.0,1,0.15,2.01
5777bfe33e865897,1,0.5833,1.0,0.1413,14,0.5833,38,0.35,0.8407,20,0.41,15.13
1dbaa3f0d0345e61,1,1.0,1.0,0.0218,5,1.0,1,0.46,1.0,0,0.52,2.01
e5d133c0ed5b51f6,1,1.0,1.0,0.2791,13,1.0,4,0.27,1.0,2,0.37,17.37
51bf8103b6cd5b4c,1,1.0,1.0,0.2592,24,0.0,172,1.01,0.8675,38,0.68,44.22
29c3b3019c9e535a,1,1.0,1.0,0.1158,7,0.0,58,1.46,0.7006,29,0.75,46.82
4d88ae43c2f55d96,1,1.0,1.0,0.0124,2,0.5833,2,0.24,1.0,0,0.42,2.01
a41a728fda515594,1,1.0,1.0,0.1203,10,0.0,163,1.31,0.8946,11,0.42,39.9
e16f6f634adf50d3,1,1.0,1.0,0.1551,29,0.0,66,0.54,0.0,82,0.54,26.65
0a8c2aac609d5a04,1,1.0,1.0,0.2275,18,0.9627,5,0.94,0.7614,51,0.74,46.82
abb5501b10e65b19,1,0.0,1.0,0.0729,14,0.0,148,1.05,1.0,6,0.24,2.01
367967cea49c5dda,1,1.0,1.0,0.0641,6,0.4367,19,2.77,0.7711,6,0.52,15.21
33bae177e9c75992,1,1.0,1.0,0.1958,11,0.5617,45,1.56,0.9379,9,0.44,33.22
a3c54d0e80375911,1,1.0,1.0,0.138,19,1.0,2,0.25,1.0,2,0.45,2.01
9551ef5e14315cc0,1,1.0,1.0,0.3747,19,0.0,209,1.21,0.0,209,1.07,18.54
20fd202ba2e1572a,1,1.0,1.0,0.2149,15,0.0,129,0.6,1.0,4,0.26,7.06
d443368fa4615242,1,1.0,1.0,0.0751,11,1.0,0,0.38,1.0,4,0.7,18.54
53a7531622255064,1,1.0,1.0,0.0815,9,0.0,102,0.42,0.0,36,0.48,19.73
be7004554c8750bc,1,1.0,1.0,0.1141,15,1.0,0,1.18,1.0,8,0.6,31.26
78e8eab14d8e5d65,1,1.0,1.0,0.1435,18,0.9719,9,0.89,0.0,96,0.31,26.66
b1a1b2a18fa4504f,1,1.0,1.0,0.3073,29,0.9536,9,1.01,0.9096,25,0.41,14.37
be63913f07ee5245,1,1.0,0.9325,0.0386,1,0.9325,0,1.42,0.8796,2,0.62,24.06
a43d45f7369d5489,1,0.0,1.0,0.2142,41,0.0,88,0.26,1.0,31,0.16,2.01
57b605b889505738,1,1.0,0.0,0.0,0,0.0,187,0.43,0.0,244,0.44,7.06
03aa8a0576a25b63,1,1.0,0.9914,0.2792,6,0.9535,2,1.09,0.8832,6,0.24,16.61
08e5f4c2c0965b15,1,1.0,1.0,0.077,15,0.0,156,0.67,0.0,99,0.47,17.76
97bbc33ac7d4586d,1,1.0,1.0,0.3627,66,1.0,27,0.68,1.0,14,0.59,30.35
7053e82f2f1c5364,1,1.0,1.0,0.4607,30,0.9574,14,0.47,0.9875,8,0.56,28.05
95d9b54f00325665,1,1.0,0.9626,0.1341,5,0.9626,0,1.11,0.0,83,0.47,32.82
1ad3e9d726b35d0e,1,1.0,1.0,0.2291,40,1.0,3,0.71,1.0,16,0.22,12.2
b6a62a2356885962,1,1.0,1.0,0.1199,19,1.0,0,0.54,0.999,14,0.43,7.06
ebd940b0039e5cd1,1,1.0,1.0,0.0247,4,1.0,0,0.2,1.0,0,0.37,2.01
2f05406bcdd55a21,1,0.0,1.0,0.0622,13,0.5833,17,0.9,1.0,1,0.3,2.01
e14d9a1990535a29,1,1.0,1.0,0.1624,10,0.9616,3,0.44,0.0,204,0.75,11.79
a2fe72b034765149,1,1.0,1.0,0.1276,7,0.0,106,1.28,0.8579,10,0.35,19.73
5ebe40763ac05b5c,1,1.0,1.0,0.3166,6,0.9418,5,1.31,0.8528,10,0.49,22.69
0ebdf3a905ba522f,1,1.0,1.0,0.0775,9,0.9477,5,1.3,0.9477,5,0.47,39.88
1ed850327b905ebd,1,1.0,1.0,0.1601,11,0.9155,9,1.27,0.8898,11,0.44,34.98
def5763ef93655ae,1,1.0,0.909,0.0199,1,0.0,33,4.79,0.0,54,1.01,28.45
60615c7f766c5a10,1,1.0,1.0,0.1612,20,0.918,17,0.89,1.0,5,0.44,19.73
063f7dfe767d55aa,1,1.0,0.9579,0.0315,3,0.0,209,0.99,0.0,244,0.59,36.83
f2e0d7e15fa253f0,1,0.5833,0.9326,0.1752,8,0.0,255,0.8,0.0,146,0.55,20.14
5143553713f05db3,1,0.5833,0.992,0.1322,13,0.5833,26,0.39,0.9295,9,0.44,27.41
178e844e8bd155ca,1,0.0,1.0,0.0498,11,0.0,235,0.17,1.0,7,0.09,2.01
4a9a5d2dcc045ec4,1,1.0,1.0,0.1543,8,0.0,134,1.34,0.8949,8,0.42,43.02
a25711b4fdcc50df,1,0.0,1.0,0.146,24,0.0,165,0.26,1.0,16,0.26,2.01
f9d9a2a2e2d25a8c,1,1.0,0.9752,0.1625,7,0.9513,2,1.45,0.9125,5,0.19,42.67
d94aa4b0e05e5be9,1,1.0,1.0,0.2171,8,1.0,0,1.12,0.5833,65,0.54,15.32
7956fe13f69e53dc,1,1.0,1.0,0.32,12,0.9567,10,1.08,0.963,9,0.52,17.71
bf0a29ccead65750,1,1.0,1.0,0.0998,5,0.0,79,1.54,0.0,75,0.56,30.63
75c7777c6f415535,1,0.0,1.0,0.1169,20,1.0,17,1.69,0.0,113,0.68,7.06
1ce780e012fc5d23,1,1.0,1.0,0.2875,14,0.9647,8,0.29,0.7017,79,0.37,22.58
8aae579b8090538a,1,1.0,1.0,0.2002,9,0.5518,37,1.48,0.8404,25,0.85,46.82
9410f817dff058c2,1,1.0,1.0,0.0371,6,1.0,3,0.37,1.0,5,0.53,2.01
5167871fd80b575d,1,1.0,1.0,0.0852,7,0.9383,2,1.46,0.8526,12,0.51,45.2
1ca03ed089925396,1,1.0,1.0,0.2222,18,0.9678,7,1.07,0.0,209,0.42,43.02
332ac89545ed5822,1,1.0,1.0,0.1145,18,1.0,1,1.25,0.989,12,0.34,16.46
3bf2974c80c55503,1,1.0,1.0,0.3954,32,1.0,21,1.04,0.6263,109,0.19,22.82
120ef06f3e0b5990,1,1.0,1.0,0.2867,12,0.973,5,0.23,1.0,3,0.22,17.37
66583dab627951a2,1,1.0,0.9019,0.1939,1,0.0,148,2.62,0.7644,27,0.95,23.33
c77d485da6ce5075,1,1.0,0.9652,0.1212,5,0.0,89,1.38,0.8663,7,0.3,36.21
afbf26b6d3bb5bee,1,1.0,0.986,0.2156,5,0.9328,3,0.91,0.7205,48,0.74,17.71
4c3547b853675e66,1,1.0,1.0,0.1263,9,0.0,153,0.87,0.0,122,0.65,38.61
d719f6e5de715f5a,1,1.0,1.0,0.1243,27,1.0,16,0.95,1.0,1,0.42,7.06
7238724f2bff58f0,1,1.0,1.0,0.0972,14,0.5833,23,0.56,0.9015,13,0.32,15.21
b76b03503cf95c02,1,1.0,1.0,0.0094,2,0.0,250,0.57,1.0,1,0.59,2.01
b0070f55eda95848,1,1.0,1.0,0.1202,15,0.5833,29,0.76,0.8961,15,0.28,12.2
f79931e74df250f7,1,1.0,0.9899,0.1813,6,0.8333,15,2.14,0.9113,4,0.4,50.89
5a3ac99dc74c57ea,1,1.0,1.0,0.1705,7,0.9828,1,1.24,0.1646,75,0.33,46.82
1e04c6a2644f5c2b,1,1.0,1.0,0.3011,9,0.9221,8,0.49,0.0,193,0.35,17.37
1c047acccbcb548f,1,1.0,1.0,0.1738,6,0.0,107,1.33,0.8609,11,0.55,23.84
fd9b227cec3d5c3f,1,1.0,1.0,0.2465,27,1.0,6,0.6,0.9645,13,0.22,26.65
489facb8ac705f4a,1,0.0,1.0,0.0544,11,0.0,114,0.54,1.0,4,0.18,2.01
fda70850d06c51a1,1,1.0,1.0,0.4232,31,0.9851,20,0.42,1.0,0,0.49,26.65
f65f43d44343500b,1,1.0,1.0,0.0881,6,0.0,99,0.61,0.8633,8,0.54,19.73
371d154a89425165,1,1.0,1.0,0.1251,7,0.9107,5,0.72,0.7759,22,0.39,15.94
90551e9098aa5b12,1,1.0,1.0,0.0078,2,1.0,0,0.62,1.0,1,0.19,2.01
737920796b595b0f,1,1.0,0.9977,0.1529,3,0.9977,0,1.52,0.8159,11,0.66,15.32
6a5d6dff67a45a95,1,1.0,0.9442,0.0256,3,0.9389,1,0.41,0.9352,2,0.31,2.95
dcdacf7509ed5062,1,0.5833,1.0,0.143,8,0.0,255,0.63,0.8423,15,0.37,26.66
d49b986924cd5bed,1,1.0,1.0,0.3067,19,0.0,219,1.17,0.8212,75,0.26,17.37
8875d7f59f045de3,1,1.0,1.0,0.0911,14,1.0,0,0.52,1.0,0,0.19,7.06
2c6d90e9889e56c2,1,1.0,1.0,0.097,12,1.0,0,0.98,0.8319,14,0.33,12.2
14618f22bb605676,1,1.0,1.0,0.0994,12,0.5833,29,0.85,0.9165,11,0.37,12.02
1d0334886e9f535b,1,1.0,1.0,0.1846,31,1.0,6,0.6,1.0,14,0.13,2.01
402c9312982a5488,1,0.5833,1.0,0.0779,1,0.5247,23,0.77,0.4776,26,0.54,19.52
81aa7cde0f3f5b68,1,1.0,1.0,0.3079,50,1.0,24,1.05,0.5833,79,0.41,7.06
4d098db703415f00,1,1.0,1.0,0.1351,7,0.5711,20,1.05,0.9647,2,0.4,48.88
3cbb6c030b1e5d19,1,1.0,1.0,0.0716,5,1.0,0,1.08,0.7694,14,0.91,17.82
8ff8246f69f75f6a,1,1.0,1.0,0.2805,23,0.9469,14,1.54,0.9305,17,0.59,44.22
30765e467f6c5947,1,1.0,1.0,0.1506,19,0.0,218,0.36,0.0,218,0.29,16.46
667afe1f010351c5,1,1.0,0.8022,0.0252,0,0.5397,5,1.02,0.0,39,0.84,9.5
81d893bd99de519b,1,1.0,1.0,0.0931,18,1.0,4,0.66,1.0,0,0.66,22.3
25cbb9887e5d5752,1,0.0,1.0,0.0365,7,1.0,0,0.68,1.0,5,0.29,2.01
8d8806333d865527,1,0.0,1.0,0.0573,10,0.0,66,0.99,1.0,9,0.32,2.01
1faa10d7c34553d2,1,1.0,1.0,0.1957,16,0.5833,47,0.5,0.9046,15,0.2,27.41
178d9a3c6c6852a4,1,0.5833,0.972,0.151,10,0.5828,42,0.4,0.5531,46,0.51,25.34
a92bb2331b0e5485,1,1.0,0.9637,0.0828,5,0.9483,1,1.24,0.9019,4,0.21,35.84
bdff1d80a75e5307,1,1.0,0.9876,0.2021,8,0.9643,1,1.32,0.9079,6,0.66,28.21
82c9641923725260,1,1.0,1.0,0.0266,6,0.0,76,1.04,1.0,0,0.64,20.53
cbf41000a2105ca1,1,1.0,1.0,0.0818,13,0.0,65,0.52,0.8899,13,0.6,17.71
d60ec6837413567c,1,1.0,1.0,0.2666,19,0.91,17,1.12,0.979,12,0.82,19.73
607fd9c5903d5376,1,1.0,1.0,0.0491,7,0.9812,2,0.61,0.9201,6,0.44,16.61
cd5af222f868534b,1,1.0,1.0,0.0243,4,1.0,0,0.71,0.9513,3,0.36,5.95
cd9e6c1924c35b85,1,1.0,1.0,0.1604,5,0.0,75,1.72,0.9493,1,0.26,45.2
dd951db716735c82,1,1.0,1.0,0.5892,29,0.9576,17,0.69,0.9576,17,0.21,20.53
e658c60a7b705bea,1,0.5833,0.989,0.0684,7,0.975,1,0.54,0.8161,13,0.65,13.48
5ce3b2260be35a1e,1,0.0,1.0,0.0348,6,0.0,144,0.95,1.0,3,0.45,2.01
c20652fc6a78529b,1,1.0,1.0,0.4413,20,0.9464,13,1.31,0.7992,113,0.39,17.37
d3e3c4998ad25800,1,1.0,1.0,0.0534,14,0.0,249,0.72,0.9868,8,0.46,17.76
0feb5eb464bc52b0,1,1.0,1.0,0.0855,8,0.9578,6,0.91,0.7964,16,0.49,29.32
f750532882175c31,1,1.0,1.0,0.315,42,1.0,1,0.5,0.9374,31,0.25,35.79
115e8a71aafc5d3d,1,1.0,0.9774,0.2983,7,0.9774,0,1.04,0.8896,7,0.88,26.81
bfdf115b602357a0,1,0.0,1.0,0.2967,35,0.0,202,2.33,1.0,30,1.28,26.65
6801df96fcdd5bd9,1,1.0,1.0,0.1479,6,0.9246,4,0.76,0.7739,20,0.83,14.96
da928b52410d5da6,1,1.0,1.0,0.0769,4,0.0,51,1.0,0.0,97,0.41,15.32
f897914e6f0c52e5,1,0.5833,1.0,0.1216,10,1.0,1,1.31,1.0,0,0.81,31.26
83d8368f99cb5470,1,1.0,1.0,0.0614,7,0.5833,16,0.75,0.7989,11,0.14,12.2
32837dd54e375ca0,1,1.0,1.0,0.1174,13,1.0,3,0.48,0.9548,8,0.28,15.51
bb7aca330b2c5ac2,1,1.0,1.0,0.2127,25,1.0,1,0.7,0.9821,18,0.7,18.54
cf1c7170df175256,1,1.0,1.0,0.2693,32,0.9919,8,0.68,0.9352,22,0.39,30.35
14297ef551f652d3,1,1.0,1.0,0.1026,14,1.0,0,0.64,0.7384,24,0.66,19.73
586c5b66ad8158ee,1,1.0,1.0,0.1129,4,0.9644,1,1.03,0.9644,1,0.69,18.54
043524c9126f5893,1,1.0,1.0,0.1171,7,1.0,1,2.15,0.8834,7,0.55,35.89
50a0fd7b031e5ca6,1,1.0,1.0,0.3802,28,1.0,5,0.3,0.7085,109,0.31,17.37
eefe691a7cbb55c8,1,1.0,1.0,0.2347,9,0.8881,12,2.09,0.9105,8,0.64,17.78
2a30c259f67c561d,1,1.0,0.9595,0.1344,7,0.9595,0,1.11,0.0,74,0.49,32.82
5bdbe484641a55fa,1,1.0,1.0,0.0635,8,0.0,112,0.49,0.0,68,0.57,24.15
76d3db995c9e5946,1,1.0,1.0,0.3414,13,0.9426,6,1.78,0.9218,8,0.28,48.36
0cf22b3901945e24,1,1.0,1.0,0.1832,14,0.9608,6,1.47,0.7273,37,0.98,52.77
973043f273bc5940,1,1.0,1.0,0.337,39,1.0,1,0.54,0.9465,22,0.43,30.35
19768d49bbd45f08,1,1.0,0.9537,0.072,4,0.9537,0,1.96,0.5487,16,0.7,24.0
cebdeff85ac65185,1,1.0,1.0,0.041,7,1.0,1,0.5,1.0,3,0.32,2.01
a1f35d4460345de8,1,1.0,1.0,0.1831,22,0.0,96,1.27,1.0,6,0.15,7.06
87c5cdc6c5a45ef2,1,1.0,0.9722,0.0527,6,0.9717,1,0.87,0.9717,1,0.15,7.83
4e811c006997541d,1,0.0,1.0,0.3978,56,0.5833,103,0.94,1.0,49,0.09,30.35
41470fb14dab5d99,1,1.0,1.0,0.0473,7,0.0,45,0.71,0.0,148,0.68,26.65
dc952092ef6a5243,1,1.0,1.0,0.1058,11,1.0,6,0.38,0.7622,23,0.48,12.2
5e279bb4bb105df9,1,1.0,1.0,0.1537,11,0.0,236,0.98,0.0,232,0.77,34.98
f4511c17c15a531f,1,1.0,1.0,0.2079,23,0.0,248,0.63,0.7688,44,0.83,57.53
16ee6602bb5c5e99,1,1.0,1.0,0.3545,38,1.0,0,0.95,0.9358,33,0.34,7.06
cf7045e0db215eea,1,1.0,1.0,0.0547,5,0.0,249,0.34,1.0,3,0.48,2.01
da6d3b6810995466,1,0.0,1.0,0.0654,15,0.0,251,1.18,0.0,45,0.72,8.17
25d56d0a299a50fb,1,1.0,0.9269,0.0692,1,0.894,2,3.02,0.8017,11,1.07,26.81
3ce814811e5252dc,1,1.0,1.0,0.2521,17,0.9822,7,1.04,0.0,134,0.43,35.79
d607d27b421a562b,1,1.0,1.0,0.3811,10,0.9481,7,1.1,0.8563,15,0.38,22.3
70f718ebc8b4505e,1,1.0,1.0,0.1282,17,0.9996,6,0.16,0.779,30,0.78,21.11
153dfbd3d4355809,1,1.0,1.0,0.1825,8,0.9303,6,1.35,0.8512,13,0.3,22.3
03c50783a77551a2,1,1.0,0.9897,0.113,9,0.9437,3,1.89,0.8793,9,0.38,45.2
21b0b3ef9d2e59ed,1,0.0,1.0,0.1081,23,0.0,130,0.29,1.0,19,0.25,7.06
5757a661eb0f54d2,1,1.0,1.0,0.447,13,0.9744,6,0.3,0.993,5,0.28,22.58
970cfee3bc7d5e3d,1,1.0,0.9722,0.106,4,0.9722,0,0.82,0.8299,10,0.7,18.54
ffb972d89b065422,1,1.0,1.0,0.1578,25,0.0,162,0.58,1.0,11,0.37,18.54
e88e44d720f65e0e,1,1.0,1.0,0.162,14,0.5833,40,0.68,0.8887,15,0.33,15.13
5e02e80df7fe5f5b,1,1.0,1.0,0.2703,13,0.0,130,1.39,0.0,223,0.15,45.69
7b6749c7b2795906,1,0.5833,1.0,0.27,31,0.5833,67,0.42,0.9164,28,0.22,26.65
eb74b3c99b175bc1,1,1.0,1.0,0.2217,14,0.9982,2,0.99,0.9877,3,0.67,43.88
ca000fa91efb560c,1,1.0,1.0,0.3932,17,0.9644,4,0.77,1.0,1,0.47,10.1
9b4a82c95856552f,1,1.0,1.0,0.0601,10,0.0,106,0.76,0.0,153,0.68,19.73
241098fe619c5de0,1,1.0,0.9994,0.2294,13,0.9685,3,1.2,0.9685,3,0.34,57.53
b7e7604c72e051da,1,1.0,1.0,0.0078,2,0.0,250,0.45,1.0,0,0.34,2.01
f750e0c7f8375bae,1,1.0,1.0,0.212,16,1.0,9,0.44,0.8534,17,0.43,17.37
4d0df74bfb035f8a,1,1.0,0.9158,0.0808,1,0.9158,0,2.16,0.8161,3,0.76,26.53
5250ee99c1f05d97,1,1.0,0.9664,0.0534,5,0.9626,1,1.61,0.9129,4,0.73,48.36
7e9f20074e1b5e68,1,1.0,1.0,0.0793,11,0.9998,8,0.63,0.0,223,0.57,26.65
3be53588a286557f,1,1.0,1.0,0.0747,9,0.9367,7,0.9,0.9721,5,0.65,17.71
db07a6d7eacd57d1,1,0.0,1.0,0.1257,25,0.5833,29,0.35,1.0,15,0.31,7.06
2cc526803c3250c9,1,1.0,1.0,0.0746,10,1.0,0,0.67,0.9819,3,0.29,13.48
3931a353a1f6520d,1,1.0,1.0,0.0668,8,0.9859,1,0.44,0.9859,1,0.33,13.48
a1325310017c5057,1,1.0,1.0,0.0465,9,1.0,0,0.73,1.0,2,0.56,22.3
e317ddda18f25545,1,1.0,1.0,0.0814,7,0.5833,24,0.71,0.8998,7,0.63,18.03
04703c86cf5b5a20,1,1.0,1.0,0.1534,6,0.9681,2,0.81,0.791,13,0.89,25.24
819d4bdcb0855118,1,1.0,1.0,0.0558,9,1.0,0,0.59,0.9476,4,0.49,12.2
1c8ca8c10d1a5757,1,1.0,0.9369,0.0614,1,0.9369,0,1.35,0.0,210,1.14,23.44
de03efda68e65021,1,1.0,1.0,0.0365,6,0.5239,10,0.6,0.0,210,0.43,12.89
c4f21fef5b86535b,1,1.0,1.0,0.2554,42,0.994,26,1.02,0.9619,30,0.22,26.65
72d842bc596b536b,1,1.0,1.0,0.2263,8,1.0,0,0.36,1.0,4,0.37,17.37
0eb7dda83bbe5fb2,1,0.5833,1.0,0.1863,14,0.5777,39,0.79,0.8949,14,0.6,26.66
1f06808c28765941,1,1.0,1.0,0.0702,7,0.0,84,1.18,0.0,143,0.87,46.82
60a62673dd78534c,1,1.0,1.0,0.1235,13,0.0,156,1.25,0.7095,20,0.73,43.88
c60be3c852c55da2,1,0.5833,1.0,0.2486,53,0.5833,59,0.76,1.0,6,0.52,26.65
127b9e23f1805690,1,1.0,1.0,0.3388,22,0.1573,116,1.23,0.8755,25,0.57,14.37
23d647e77f2d515e,1,1.0,1.0,0.1362,10,0.9601,6,0.47,0.7476,24,0.43,23.84
9dc5a17094e0569d,1,1.0,1.0,0.2552,13,1.0,7,0.55,0.8913,14,0.52,17.37
47e0ff3bc36a5f69,1,1.0,1.0,0.4143,31,1.0,0,0.45,0.7632,107,0.19,17.37
1f7910e143ab5300,1,1.0,1.0,0.1029,11,1.0,1,0.43,0.9239,7,0.4,16.32
73298d57a59e5252,1,1.0,1.0,0.2192,14,0.0,168,0.74,0.8837,17,0.38,39.12
3756dc24f9e65fd7,1,1.0,0.9351,0.1205,2,0.9351,0,1.7,0.9351,0,1.1,18.54
866fab78f1da518b,1,1.0,1.0,0.3414,36,1.0,4,1.01,0.8994,36,0.51,17.71
cffc9ea8b6ea5920,1,0.5833,0.9915,0.2181,17,0.9632,5,0.74,0.9285,9,0.69,35.46
91defa409f0254d5,1,1.0,1.0,0.0601,7,0.9529,4,0.42,0.9109,6,0.13,7.15
426cc213a80352f9,1,1.0,1.0,0.2372,18,0.9804,5,0.74,0.9576,9,0.42,43.02
43ef28a235035eac,1,1.0,1.0,0.1328,11,1.0,7,2.04,1.0,10,0.33,15.21
9d9762d42ff5561d,1,1.0,1.0,0.1811,16,0.9862,12,1.31,0.9862,12,0.51,31.26
62ebe5d1697f5b73,1,0.5833,1.0,0.2136,18,0.5712,45,0.93,1.0,13,0.55,33.22
29af925fc44b5380,1,1.0,1.0,0.075,7,0.9515,3,1.15,0.0,143,0.78,39.9
e1cb9d3c53135bfa,1,1.0,1.0,0.2661,32,0.9696,15,0.63,0.9696,15,0.25,36.83
1cac49b248b05705,1,1.0,1.0,0.1407,10,0.0,165,1.29,0.0,90,0.43,39.12
40e9f6044a485b14,1,1.0,1.0,0.1507,31,0.0,83,2.47,1.0,18,0.48,7.06
44699d8556a1519e,1,1.0,1.0,0.1272,7,0.0,166,1.01,0.8886,7,0.54,36.83
3296619ed0855e31,1,1.0,1.0,0.1066,26,0.0,148,1.33,0.0,76,0.4,7.06
9f4bf4a979835749,1,1.0,1.0,0.1246,10,0.9593,6,1.44,0.9144,8,0.4,39.88
451f66014a765bce,1,1.0,1.0,0.223,40,0.9968,27,0.48,0.9711,31,0.4,11.79
ee69970ae6f85870,1,0.0,1.0,0.0443,9,0.0,235,0.42,1.0,2,0.22,2.01
84d0b82110465b43,1,1.0,1.0,0.2638,20,0.9947,1,0.76,0.0,152,0.71,46.82
6de81a38cd7655dd,1,1.0,1.0,0.0893,15,0.9714,10,0.63,1.0,6,0.61,16.46
20472dd2ff805948,1,0.0,1.0,0.2259,38,0.0,132,0.8,1.0,30,0.54,22.82
032ae6630661521a,1,0.0,1.0,0.0947,19,0.0,74,0.66,1.0,12,0.35,7.06
86d5685d21d15ee9,1,1.0,1.0,0.1881,12,0.0,253,1.1,0.0,221,0.52,43.02
aee53565120f533b,1,0.5833,1.0,0.237,22,0.5833,63,0.43,0.9158,17,0.17,42.67
3265a706c55157b2,1,0.0,1.0,0.1312,22,0.0,74,1.61,0.0,47,0.82,20.43
650ed02359615f58,1,1.0,1.0,0.1312,5,0.946,2,1.27,0.8856,6,0.55,44.22
9d22457757985690,1,1.0,0.996,0.0798,5,0.929,1,2.08,0.9059,3,0.2,45.2
18f485e808bf58da,1,1.0,1.0,0.342,13,0.9866,3,1.16,0.4983,107,0.53,57.53
ea8b66a838c75042,1,1.0,1.0,0.5278,27,0.9546,14,0.56,1.0,2,0.47,24.96
5a4709a2348f58a7,1,0.0,1.0,0.1787,30,0.0,212,0.29,1.0,22,0.34,7.06
008b419a63b75917,1,1.0,1.0,0.0829,12,0.9903,6,0.71,0.0,32,0.89,33.22
7b73da0bb98b5e56,1,1.0,1.0,0.2004,12,0.0,252,1.11,0.0,124,0.56,43.02
2403645ef4fe5b10,1,1.0,0.9936,0.1932,16,0.9936,0,0.67,0.931,10,0.38,22.37
58857855de47556e,1,1.0,1.0,0.0263,5,1.0,0,0.92,0.8934,5,0.57,3.74
fb7d83b69f38539f,1,1.0,1.0,0.0078,2,1.0,0,0.95,1.0,0,0.55,2.01
b4f6a0719d2a5670,1,1.0,1.0,0.1421,10,0.0,51,0.7,0.9616,5,0.18,43.02
253c33ffe10a5aa7,1,0.5833,1.0,0.3452,12,0.0,151,0.82,0.8927,12,0.57,19.26
6a0cdff04e6b596e,1,1.0,1.0,0.2052,28,0.0,144,0.49,0.4907,57,0.64,27.0
63ec12363eef5e89,1,1.0,1.0,0.204,27,0.9904,9,0.49,0.9176,21,0.23,19.73
6062e3ace278511a,1,1.0,1.0,0.1618,10,0.0,228,0.73,0.0,223,0.38,43.02
88ac42d0eaca5c57,1,0.0,1.0,0.028,6,0.0,37,0.77,1.0,1,0.15,2.01
a96c1b6145ca513e,1,1.0,1.0,0.0748,5,0.5344,19,1.45,0.4913,20,0.76,30.86
03ffae8f89f65f90,1,1.0,1.0,0.1257,10,0.9572,7,1.39,0.9986,6,0.4,22.3
795d49f6b8ec5f69,1,1.0,1.0,0.0469,6,0.0,213,0.45,0.8695,7,0.25,8.59
a8da6565d00e514a,1,1.0,1.0,0.0715,9,0.9483,4,1.04,0.9053,8,0.54,28.21
a8ee480d197e56dd,1,1.0,1.0,0.2149,29,1.0,16,1.05,1.0,2,0.25,7.06
01c019a7360f5445,1,1.0,1.0,0.151,7,1.0,0,1.76,0.9066,6,0.35,46.82
435298980d7e5fb1,1,1.0,1.0,0.505,18,0.9334,11,1.61,0.8517,33,0.81,15.32
1d538fa6a8825de1,1,1.0,1.0,0.3101,26,0.9656,22,0.83,0.9939,16,0.63,26.66
c0d4412fa9f15f5b,1,1.0,1.0,0.1994,18,0.9705,6,1.2,0.8835,21,0.24,57.53
d05f1fb1af98505d,1,1.0,1.0,0.4279,7,0.9223,6,1.28,0.8367,19,0.5,22.69
eb8fd3a2b08e5e52,1,1.0,1.0,0.5121,70,1.0,11,0.51,0.915,59,0.5,44.22
092e56d3db8b5e24,1,0.5833,1.0,0.1295,13,0.0,97,1.37,0.0,148,0.45,46.82
9dd982b0637453c2,1,1.0,1.0,0.0503,9,0.9655,6,0.9,0.7666,10,0.62,11.76
bb5b44d240945ed0,1,0.0,1.0,0.2087,38,0.0,133,0.43,1.0,24,0.25,26.66
2fd7f2b6eaae5d04,1,1.0,1.0,0.0808,11,1.0,4,0.74,0.0,107,0.41,26.65
ee95e29e1aec53e1,1,1.0,1.0,0.2227,19,0.9812,6,0.66,0.9251,14,0.5,52.77
e6eeac307f6d507d,1,1.0,1.0,0.2486,44,0.9981,27,0.71,0.8246,57,0.72,26.65
d0884d449b2959fe,1,1.0,1.0,0.1648,16,0.0,67,0.7,0.0,137,0.52,32.14
9d7ec713a2fb5e44,1,0.5833,0.9602,0.364,2,0.5162,109,1.24,0.8149,37,0.84,17.71
e85416da86d4567f,1,0.5833,1.0,0.3514,44,0.5833,96,0.55,0.8884,47,0.29,35.79
4afad5f528f45dfe,1,1.0,1.0,0.055,10,1.0,0,0.44,0.0,210,0.66,19.73
3380ae828ea75d1e,1,0.0,1.0,0.1084,23,0.0,184,1.06,1.0,19,0.77,2.01
6b50fb6bf8265936,1,1.0,1.0,0.1523,7,0.5833,42,1.63,0.9247,4,0.51,36.21
b1906c6b8b8f5f56,1,1.0,1.0,0.2166,10,0.9886,3,0.69,1.0,0,0.34,56.25
7c7dc37236745d94,1,1.0,1.0,0.1215,25,1.0,12,0.97,1.0,16,0.37,22.3
98017c16248a5f54,1,0.5833,0.9868,0.1308,12,0.9798,1,1.43,0.0,131,0.42,48.88
4080e46653b05c94,1,1.0,1.0,0.1537,12,0.0,255,1.49,0.8573,16,0.54,14.37
97eca45f93285d17,1,1.0,1.0,0.1249,14,1.0,0,0.46,0.9102,12,0.18,7.06
c51ec68aa4fe5f05,1,0.0,1.0,0.0622,13,0.0,117,0.3,1.0,7,0.28,2.01
8239fb2f8d705dea,1,1.0,1.0,0.0398,3,0.9496,1,1.01,0.898,3,0.7,28.21
33008a3b27ab59a1,1,1.0,0.9877,0.1284,10,0.0,134,0.57,0.9095,9,0.42,15.51
74308c04628b5879,1,1.0,1.0,0.4021,13,0.925,8,1.11,0.8889,13,0.44,12.54
8183cdc6ff5a5726,1,1.0,0.9683,0.1268,5,0.9525,1,1.15,0.9054,4,0.21,35.84
44c39701a6d65696,1,1.0,1.0,0.2743,14,0.9938,8,0.39,1.0,5,0.46,17.37
1dcac8bb6872533b,1,1.0,1.0,0.1608,18,0.9657,7,1.16,0.9568,8,0.9,57.53
37102588c8ac59ef,1,1.0,1.0,0.1932,21,0.9918,11,1.47,1.0,5,0.94,44.22
0e6a9b4fe9ec5443,1,1.0,0.9203,0.0796,2,0.0,241,3.1,0.893,2,0.44,26.81
92079b2eb4675c0d,1,1.0,1.0,0.1736,18,0.9702,5,1.18,0.9112,13,0.59,35.12
e8d7197f07635cfb,1,1.0,1.0,0.0319,6,1.0,4,0.47,1.0,0,0.5,2.01
84358d0871db53dc,1,1.0,0.9995,0.3053,15,0.9703,5,0.47,0.973,4,0.37,28.21
5876e4def8615813,1,0.5833,1.0,0.2228,20,0.5833,56,0.42,0.9188,15,0.37,36.83
01518f6335d75c16,1,1.0,1.0,0.0999,8,0.9286,4,1.1,0.8722,10,0.64,23.33
2f7f6af0b98354be,1,1.0,1.0,0.1669,4,0.5462,47,1.11,0.9395,2,0.68,21.88
be2d7d1ddb305428,1,1.0,1.0,0.2103,33,0.9911,17,0.39,0.9598,21,0.16,17.37
f304e815462d5f1f,1,1.0,1.0,0.1511,25,0.0,164,0.6,0.9103,23,0.31,12.2
98e3abe2a38c5156,1,0.8333,0.7286,0.0792,0,0.0,91,1.87,0.6801,20,0.72,5.86
e90b4ad6e7905adf,1,1.0,1.0,0.1198,10,0.0,100,1.28,0.0,182,0.48,48.36
8615a4df3a525ccc,1,1.0,1.0,0.1783,25,0.9956,5,0.46,0.9062,20,0.58,32.14
e14711ef4d2f5000,1,1.0,1.0,0.3667,4,0.9198,3,1.29,0.9198,3,0.3,12.25
2115792748a75f88,1,1.0,1.0,0.1167,18,0.9787,12,0.58,1.0,9,0.3,11.79
ab807bda4fdd5274,1,0.0,1.0,0.0671,11,1.0,7,1.28,0.0,102,0.43,2.01
d4849a52aaa55a9f,1,1.0,1.0,0.1638,36,0.9961,26,0.77,1.0,25,0.42,22.3
5e9e8c31277d5edc,1,1.0,1.0,0.1555,19,1.0,9,0.63,1.0,9,0.58,17.71
fb8731e672c45a13,1,1.0,1.0,0.1048,11,0.9845,4,1.06,0.8883,13,0.53,27.0
8cc8fe63227d5c07,1,0.5833,1.0,0.5078,34,0.0,191,0.47,1.0,12,0.5,7.06
4020785f2bf55d0b,1,1.0,1.0,0.1514,11,0.0,255,1.04,0.0,138,0.55,36.83
0367791336c3533e,1,0.5833,1.0,0.1131,7,0.935,3,1.04,0.0,67,0.75,27.0
4e3f39fa6dfc5d12,1,1.0,1.0,0.3347,43,0.8955,46,1.33,0.8549,53,0.31,17.37
9360bfdb65d153cd,1,1.0,0.9738,0.0578,4,0.9738,0,0.78,0.895,4,0.66,12.25
3e77b33549485e34,1,1.0,1.0,0.0707,8,1.0,0,0.36,0.9863,2,0.39,12.2
276396e455bb57b5,1,1.0,0.8489,0.1141,0,0.0,86,1.27,0.1473,51,0.81,15.21
86d70bab6f1b598c,1,1.0,1.0,0.3084,15,0.9235,11,1.36,0.8254,50,0.56,15.37
f749ff64838c5664,1,1.0,0.9739,0.0623,3,0.0,219,1.03,0.0,42,0.6,17.58
17bc4c71fc425620,1,1.0,1.0,0.1851,9,1.0,3,0.45,1.0,5,0.35,19.26
de235386b6c65ebd,1,1.0,1.0,0.1316,23,1.0,12,0.58,0.9996,17,0.54,7.06
0f622aef14545f59,1,1.0,1.0,0.1718,22,1.0,2,0.27,0.8321,30,0.46,18.66
d165c65009785ef9,1,1.0,1.0,0.1136,6,0.0,123,1.5,0.8838,6,0.38,43.02
3ae2ab1099d65c2a,1,1.0,1.0,0.2491,24,0.9921,7,0.68,0.9752,9,0.38,52.77
542d8c3b05145bbe,1,1.0,1.0,0.1758,28,1.0,17,0.33,0.8159,34,0.32,15.13
fa80f505766d50fa,1,1.0,1.0,0.1405,30,0.0,61,1.15,0.0,117,0.6,7.06
0d63314a528159c9,1,1.0,1.0,0.1048,7,0.0,183,1.33,0.8829,7,0.48,30.89
7730f64417df5d47,1,1.0,1.0,0.2183,18,0.9641,7,1.18,0.9004,17,0.45,43.02
45f13336bbd35146,1,1.0,1.0,0.0178,2,0.0,64,0.97,0.0,211,0.79,43.88
f583323fe0215871,1,1.0,1.0,0.1065,20,1.0,6,0.43,0.9529,18,0.28,7.06
36f34c9e02a15801,1,1.0,1.0,0.129,19,1.0,0,0.75,1.0,6,0.65,24.15
ba3cdbcd0c3f5e49,1,1.0,1.0,0.3057,17,0.9738,10,0.56,0.9154,14,0.4,22.82
66908680155c550a,1,1.0,1.0,0.0983,13,0.9676,7,0.88,0.9676,7,0.55,30.63
dc2a5d567a8e5f17,1,0.5833,1.0,0.3507,22,0.5833,95,1.17,0.9121,16,0.39,39.88
0bd98f90f42350a3,1,1.0,1.0,0.2602,24,0.5833,71,1.11,0.9143,19,0.55,33.22
3e96578a903d59d8,1,1.0,1.0,0.2593,29,1.0,10,0.58,1.0,5,0.22,7.06
9b91401bbfad5a3e,1,1.0,0.9801,0.1724,9,0.964,2,1.38,0.0,127,0.74,44.22
72fe517eb6fe5e27,1,1.0,1.0,0.4897,68,1.0,0,1.85,0.6666,91,0.32,49.57
04f548a98d695310,1,0.0,1.0,0.2738,53,0.0,136,0.5,1.0,31,0.44,44.22
7686d88b5ae4513e,1,1.0,1.0,0.3085,47,0.5822,85,0.31,0.5822,85,0.43,26.65
0cf7d096e8c05fed,1,1.0,1.0,0.288,9,0.0,195,0.9,0.8921,11,0.39,36.83
27ff47ea8aea59cf,1,1.0,1.0,0.0585,11,0.0,228,1.19,0.0,246,0.67,11.76
5aed461803ae5673,1,0.5833,1.0,0.4049,38,0.5571,118,0.98,0.5833,108,0.45,17.37
541d2d0ac174524b,1,1.0,0.8942,0.0498,0,0.0,246,2.79,0.0,192,0.68,25.16
28113a97a08b5ff1,1,0.2917,1.0,0.2089,15,0.5833,37,0.56,0.5833,19,0.57,24.15
63ab092351905a60,1,1.0,1.0,0.0761,11,0.5833,20,0.64,0.8991,11,0.3,12.2
819d34b59e6159ad,1,1.0,1.0,0.1085,18,0.9273,17,0.51,1.0,4,0.44,7.06
ee91209e45fe5141,1,1.0,0.9866,0.1923,10,0.5833,62,1.26,0.9045,9,0.39,16.61
6d088615a8c05649,1,1.0,1.0,0.1652,9,0.9461,6,1.68,0.0,160,0.74,24.15
2a79320a3e3b5239,1,0.5833,1.0,0.1285,14,0.5701,33,0.6,0.9665,8,0.35,15.13
44324a7aa04f5501,1,1.0,1.0,0.1807,10,0.9606,3,0.9,0.9606,3,0.29,40.31
bcea19eeb57f5cfa,1,1.0,0.9866,0.193,6,0.9387,2,1.8,0.0,180,0.37,38.82
409711b03072566a,1,1.0,1.0,0.0207,3,0.0,250,1.1,0.0,51,0.44,28.21
3aa165d52c2051e1,1,1.0,1.0,0.2131,31,0.9884,12,0.32,0.903,30,0.41,29.32
ceb9332b03d3577b,1,1.0,0.9653,0.1589,4,0.0,102,1.46,0.885,4,0.21,36.21
4de864abe4f255bd,1,1.0,1.0,0.0603,5,0.0,201,0.95,0.9343,3,0.26,23.44
dc39a0845cde5b42,1,1.0,1.0,0.1134,2,0.0,253,0.71,0.0,148,0.47,41.77
f7a9f82f17b256e2,1,1.0,1.0,0.0955,13,0.9793,6,0.73,0.0,69,0.47,29.32
6a85f61bdde35d74,1,1.0,1.0,0.0817,7,0.1757,35,0.7,0.9532,3,0.2,19.99
a48870c447ef5fe5,1,1.0,1.0,0.3274,17,0.957,4,0.96,0.8712,21,0.73,17.76
fedeb108feed57c0,1,1.0,1.0,0.0723,7,0.0,184,1.24,0.0,88,0.56,39.9
4acc5a24f48858ae,1,1.0,1.0,0.1465,23,0.0,128,0.81,0.9882,16,0.58,7.06
77dd24d1d09c5e50,1,1.0,1.0,0.217,16,0.9823,6,1.01,0.9095,15,0.2,57.53
607b63930d2855da,1,1.0,0.9253,0.1924,1,0.9253,0,2.27,0.884,1,0.81,12.25
d79874fa9ba4558e,1,1.0,1.0,0.1357,6,0.9477,4,1.09,0.0,108,0.55,28.05
173ccb0e08885b66,1,1.0,1.0,0.403,35,0.9591,21,1.23,0.7988,89,0.27,26.65
2bc38f766c8851fa,1,1.0,1.0,0.1759,8,1.0,0,0.71,0.9047,6,0.51,32.82
57076e49ca7c5570,1,1.0,1.0,0.1042,9,0.9625,4,1.11,0.9285,6,0.5,46.82
4c59eeddd50e5866,1,1.0,1.0,0.0958,4,0.0,159,1.36,0.8364,6,0.37,27.0
fa5edfd430ba550d,1,1.0,0.9841,0.1074,4,0.9608,1,0.67,0.9841,0,0.52,18.54
c159f0c331075464,1,1.0,1.0,0.4323,25,1.0,20,0.34,1.0,19,0.22,7.06
e7d1f889fc4d5309,1,1.0,1.0,0.0902,11,1.0,2,0.5,0.0,213,0.71,36.83
77bff1fe494e52dd,1,0.5833,1.0,0.2,7,0.5833,60,0.86,0.5833,59,0.53,17.21
17a015f4ef9b56d0,1,1.0,1.0,0.0885,5,0.9438,4,0.62,0.7652,14,0.76,20.43
49074bfb7c9e5c26,1,1.0,0.9062,0.0617,1,0.0,243,2.94,0.8835,1,1.0,28.45
3d17efc5625f5c4f,1,0.5833,1.0,0.1427,16,0.5833,38,0.4,0.8434,23,0.3,15.13
dcf3da6b34935bc8,1,1.0,1.0,0.2832,15,0.1827,99,1.05,0.8369,31,0.64,42.67
eadc0f19b54352ae,1,1.0,0.9907,0.1019,5,0.9411,2,1.58,0.7311,19,0.86,31.94
e87f90ab04a25be9,1,1.0,1.0,0.1561,10,0.952,5,1.48,0.1584,68,0.16,52.77
6e49f2f1c4e456f1,1,1.0,1.0,0.0843,5,0.9477,1,1.58,0.8494,12,0.2,45.2
4d6f4dbf01c2567c,1,1.0,1.0,0.1094,17,1.0,9,0.61,0.7474,24,0.89,22.3
a38e63debd3256ef,1,0.5833,1.0,0.1932,9,0.574,54,0.49,0.8395,19,0.44,26.65
0145102e6c2f5803,1,1.0,0.9425,0.164,9,0.0,183,1.61,0.9425,0,0.79,42.67
09a004a6ded55f7e,1,1.0,1.0,0.4133,14,0.9566,12,0.3,0.9566,12,0.29,17.37
6762c1ac11a15adf,1,1.0,1.0,0.2769,8,0.9613,4,1.1,0.7014,78,0.62,51.63
92d21bb7692b5664,1,1.0,1.0,0.2287,19,0.9812,6,0.97,0.7887,46,1.02,44.93
bc60aa8501245df7,1,1.0,0.9819,0.0405,3,0.9755,1,0.35,0.8965,3,0.29,8.59
c2331abea9b5551f,1,1.0,1.0,0.0693,7,0.0,146,1.61,0.0,209,0.7,46.82
27eb0ba03f385c69,1,0.5833,1.0,0.0481,4,0.9442,1,0.81,0.815,8,0.18,10.91
517e199220ca522b,1,1.0,1.0,0.2225,18,0.9924,3,1.08,0.0,136,0.42,57.53
5cfbf7afa66458c3,1,1.0,1.0,0.251,30,0.9882,8,0.83,1.0,4,0.42,49.57
50142143082f5c0e,1,1.0,1.0,0.0062,1,0.5833,1,0.46,0.5833,1,0.15,2.01
27b5c3ce868856a2,1,1.0,1.0,0.4063,32,0.9687,8,1.13,0.5177,124,0.6,44.22
f05325ffb9425a4b,1,1.0,1.0,0.2154,15,1.0,8,0.57,1.0,4,0.36,17.37
37837c3f78625095,1,0.5833,1.0,0.052,2,0.521,15,0.49,0.7721,9,0.35,10.91
65b16bfce348521f,1,0.0,1.0,0.5264,24,0.0,250,0.27,1.0,17,0.24,7.06
cd177406e5b056d6,1,1.0,1.0,0.0343,2,0.9828,1,0.82,0.0,209,0.65,13.83
1537a74401845849,1,1.0,1.0,0.1536,6,0.0,103,1.41,0.8378,8,0.38,28.05
baef20f6b33e594e,1,1.0,1.0,0.0078,2,0.0,56,0.58,1.0,0,0.55,2.01
0f9e883357585ec4,1,1.0,1.0,0.3726,30,1.0,6,0.93,1.0,1,0.35,17.37
eb3e272209a4520f,1,1.0,1.0,0.1537,7,0.0,92,1.38,0.8936,7,0.27,43.02
d7fdaa2d555c5272,1,1.0,1.0,0.1079,6,0.9257,3,1.07,0.9257,3,0.61,20.53
1c03788c47b75b6b,1,1.0,1.0,0.1105,12,0.9811,10,0.81,0.9811,10,0.36,14.37
6f6d4e85ebdb5013,1,1.0,1.0,0.2169,12,1.0,2,0.28,1.0,2,0.39,17.37
b805c900794c53f5,1,1.0,1.0,0.1376,6,0.952,2,1.31,0.9026,5,0.39,43.88
820e9a9314405b62,1,1.0,1.0,0.3639,24,0.0,235,0.44,1.0,7,0.25,7.06
55204d7112015beb,1,1.0,1.0,0.595,46,0.921,43,1.02,0.8879,47,0.11,19.73
2e194d0e7a675b51,1,0.5833,1.0,0.271,33,0.5809,76,0.46,0.9047,30,0.28,28.05
cdc6e3f7dcb25376,1,1.0,1.0,0.2855,45,0.0,173,0.75,0.9332,37,0.41,26.65
5798a6e25f2553e4,1,0.5833,1.0,0.2833,29,0.5833,68,0.37,0.9097,23,0.3,32.82
a9e8e0a755d758a1,1,1.0,1.0,0.106,11,0.9671,5,1.15,0.8543,11,0.64,17.71
60216ba3ee9557d9,1,1.0,1.0,0.1293,7,0.9203,6,1.31,0.794,18,0.9,26.81
6303f880d5c05166,1,1.0,1.0,0.2728,52,1.0,30,0.66,1.0,16,0.35,22.3
b11eb5c328075b94,1,1.0,0.9733,0.1509,5,0.9466,1,1.84,0.868,8,0.75,38.82
8b2a7b6817795ae7,1,1.0,0.9813,0.02,3,0.9763,1,0.18,0.8418,3,0.4,5.95
e3d7979e2cfb5441,1,0.0,1.0,0.0885,15,0.0,235,0.37,1.0,10,0.41,2.01
4e021aea953652b9,1,1.0,1.0,0.0436,4,0.0,137,0.99,0.8161,7,0.25,10.24
5445d4283a475bf6,1,1.0,0.9505,0.2428,5,0.0,199,1.75,0.0,180,0.44,48.36
fc0d0363cab85e22,1,1.0,1.0,0.2271,16,0.9565,6,1.38,0.7016,58,0.6,52.77
68b2ef4a0f9d505e,1,1.0,1.0,0.3389,24,1.0,17,0.57,0.9116,21,0.24,7.06
05929f9dc5d152a7,1,1.0,1.0,0.1258,15,1.0,7,0.52,1.0,0,0.09,7.06
91795d835c905882,1,1.0,1.0,0.0712,14,1.0,1,0.6,0.9027,13,0.07,7.06
01b9125ad835592f,1,1.0,1.0,0.2097,23,0.0,254,0.77,0.5833,58,0.45,23.84
1370cea130165b51,1,1.0,1.0,0.2996,51,0.9943,35,0.68,0.99,37,0.52,30.35
2fb12c4c2eec5b8d,1,1.0,1.0,0.4371,21,0.9773,10,0.23,1.0,1,0.36,20.53
7cc683dca0155801,1,1.0,1.0,0.2531,15,0.8671,17,1.77,0.0,246,0.35,15.21
701eca801b6f5ba9,1,1.0,1.0,0.0754,16,1.0,12,0.66,0.0,99,0.53,17.76
8d64d2c9f19c57c5,1,1.0,1.0,0.0624,7,0.9583,4,0.88,0.0,27,0.67,34.68
e9b43b140b1d54bf,1,1.0,1.0,0.2428,26,1.0,2,0.54,0.9726,8,0.87,49.57
96164ad9ed8557a7,1,1.0,1.0,0.2134,30,0.9911,24,0.7,0.7421,54,0.23,11.79
27bcec96f13c5426,1,1.0,1.0,0.2564,22,1.0,6,0.57,0.9472,17,0.32,36.83
afbde7335ad05055,1,1.0,1.0,0.0257,6,1.0,2,0.35,1.0,4,0.39,2.01
20403b65d87d5e5a,1,1.0,1.0,0.2382,52,0.0,138,1.94,0.0,154,0.16,12.2
d7d57d8fb3b6589a,1,1.0,0.9651,0.3255,4,0.9651,0,1.73,0.7636,44,1.0,22.69
4624907fdacb5038,1,1.0,1.0,0.1777,7,0.9722,3,0.94,0.5114,35,0.29,52.77
473a047c10f45ef3,1,1.0,1.0,0.2208,17,1.0,11,0.48,0.9503,15,0.51,17.37
3a4e9626c9aa5fa0,1,1.0,1.0,0.2871,30,0.0,158,0.84,1.0,7,0.22,57.53
847432a116d35db0,1,1.0,1.0,0.1401,7,0.0,181,0.67,0.8833,10,0.46,33.34
5d1312c4f2aa5bbf,1,1.0,1.0,0.1727,11,0.9134,8,0.8,0.0,212,0.31,19.73
48b2f85cc68c5a0a,1,0.5833,0.9494,0.0694,5,0.0,238,1.22,0.0,100,0.56,24.97
1d63ddad646b5496,1,1.0,1.0,0.249,38,1.0,6,0.33,0.989,17,0.39,30.35
b4a85f85ef7e532d,1,1.0,1.0,0.1662,25,0.9917,14,0.52,0.9158,23,0.34,17.37
8043aa566aa45878,1,1.0,1.0,0.055,7,0.9309,5,1.29,0.92,6,0.71,35.14
01f3a4a21dc2582f,1,1.0,1.0,0.5052,10,0.0,224,1.23,0.8611,26,0.58,22.3
a07bb9058982503d,1,1.0,1.0,0.283,21,1.0,12,0.91,1.0,1,0.36,7.06
32af8f1654f057d7,1,0.5833,1.0,0.1442,18,0.5833,39,0.27,0.8148,27,0.17,28.05
f6e9ee0b3a81575b,1,1.0,1.0,0.2175,18,0.9757,4,1.01,0.507,58,0.48,48.36
ea3b45489faf5c70,1,1.0,1.0,0.1614,5,0.0,206,0.88,0.8116,19,0.71,14.37
025aab0da0e652b7,1,1.0,1.0,0.3894,23,0.9367,12,1.07,0.7986,76,0.57,28.21
4196ab00e95e532d,1,1.0,1.0,0.2087,14,1.0,6,0.2,1.0,6,0.11,17.37
76ec850d346b5ca7,1,0.0,1.0,0.042,9,0.0,144,0.9,1.0,4,0.25,2.01
0c8e3fd67ae45324,1,1.0,1.0,0.1572,5,0.0,243,0.78,0.8797,7,0.18,45.69
cf05c9f4f6e55af3,1,1.0,1.0,0.2161,28,0.0,111,1.12,0.8674,31,0.34,30.89
88904a762b5f5793,1,1.0,1.0,0.1954,15,1.0,7,0.19,1.0,7,0.14,17.37
c18b1648f6045467,1,1.0,1.0,0.5122,12,0.959,2,1.27,0.7906,70,0.41,22.3
1d0dfd09b8185201,1,1.0,1.0,0.2936,29,0.0,109,0.96,0.0,123,0.49,43.88
83d3fda04c1f57bd,1,1.0,1.0,0.2224,24,0.5833,61,0.5,1.0,1,0.34,17.37
7251f2907bd952cb,1,1.0,1.0,0.2806,21,0.9977,2,0.83,0.9655,4,0.54,43.88
fbe786c417ca5245,1,1.0,1.0,0.0843,7,1.0,5,0.23,1.0,1,0.21,2.01
0839e30e439d511f,1,1.0,1.0,0.0591,6,0.9208,5,1.2,0.8823,6,0.33,30.68
7b4fca2db9255996,1,0.0,1.0,0.014,3,0.0,101,0.81,0.0,55,0.57,2.01
2aade0b3987d5366,1,1.0,1.0,0.2167,30,0.0,126,0.8,0.8649,39,0.68,27.0
9b95066419ea5427,1,1.0,1.0,0.242,26,1.0,1,0.47,0.836,29,0.45,17.37
889aac2576295c91,1,0.0,1.0,0.1074,24,0.0,66,0.49,1.0,1,0.38,7.06
fe789ce80d4f5b2e,1,1.0,1.0,0.0459,8,0.0,222,0.43,0.0,164,0.37,26.65
3b3627c7892d5b5e,1,1.0,1.0,0.0711,10,0.9807,4,0.77,0.9285,7,0.7,36.83
da751fd130625cce,1,1.0,1.0,0.4728,17,0.9341,11,0.69,0.8441,21,0.43,14.57
bde1cb24aeb45289,1,1.0,1.0,0.1249,10,0.9396,5,1.49,0.8904,11,0.45,43.02
1f53a73b41095041,1,1.0,0.9848,0.0809,7,0.5833,22,0.32,0.9848,0,0.14,15.19
a70f950103b558b9,1,1.0,0.8358,0.1264,0,0.0,139,2.43,0.0,134,0.58,25.34
2a359c1d62ed5843,1,1.0,1.0,0.1666,8,0.9451,4,1.1,0.8554,10,0.64,25.24
f582317803e65752,1,1.0,1.0,0.0699,7,0.9658,2,1.47,0.9188,5,0.52,35.12
42e65d558a9c5813,1,1.0,1.0,0.0859,9,0.9804,7,0.41,0.8967,9,0.2,16.46
baff37ac37675490,1,1.0,1.0,0.2008,10,0.9589,3,0.99,0.9072,9,0.63,32.82
3ec3d2ab34f756e6,1,1.0,1.0,0.2233,2,0.5366,61,1.22,0.8741,5,0.38,48.88
90c51d90c33b5cef,1,1.0,1.0,0.503,18,0.9183,13,1.59,0.9674,6,0.92,23.33
fb2daf8a925a5ff2,1,1.0,1.0,0.0809,15,1.0,0,1.11,0.9313,9,0.62,35.12
a28af989d6ea5fe8,1,0.5833,0.9976,0.0478,3,0.5833,7,0.7,0.951,2,0.29,5.95
585a681f4ad95682,1,1.0,1.0,0.1044,14,0.5833,26,0.57,0.9156,12,0.49,12.02
575317389c085760,1,1.0,1.0,0.361,17,0.977,8,0.68,0.8518,29,0.76,15.32
4a07defcfe7f57fb,1,1.0,1.0,0.123,11,0.9296,8,1.16,0.0,225,0.17,28.05
1cff7a7ece6851c4,1,0.5833,1.0,0.1149,6,0.9695,3,1.34,0.8386,10,0.47,42.67
cc9afc95afab5758,1,1.0,1.0,0.0416,5,0.9727,4,0.35,0.8869,7,0.32,10.24
5da61ef9efda5191,1,0.5833,1.0,0.3721,29,0.9835,4,0.86,0.9088,25,0.36,42.67
e63b6dfddfc855da,1,1.0,1.0,0.0492,3,0.932,2,1.43,0.8314,4,0.65,30.89
a247fa5eb7b454a4,1,1.0,1.0,0.0864,7,0.5833,21,0.55,0.9381,4,0.28,18.03
655c3f17ee2d5683,1,1.0,1.0,0.0621,16,0.0,66,0.83,0.0,90,0.78,19.26
c38319fd82be5bf0,1,1.0,1.0,0.0544,6,0.5833,16,0.54,0.7106,11,0.42,10.24
593653db007b5826,1,0.0,1.0,0.1198,22,0.0,201,0.73,1.0,10,0.34,2.01
08a80ada64475443,1,1.0,1.0,0.4948,20,0.9536,17,0.39,0.8764,23,0.14,17.37
bef85b7ac1dc5207,1,1.0,1.0,0.3832,38,0.9983,21,0.88,0.9229,35,0.26,17.37
9313777d021e5255,1,1.0,1.0,0.0335,7,1.0,2,0.44,1.0,0,0.29,2.01
38aff0f1a2f357f6,1,1.0,1.0,0.3068,14,0.9664,6,1.63,0.9664,6,0.69,15.21
885f450f0b875861,1,0.0,1.0,0.193,37,0.0,126,0.58,1.0,2,0.43,12.2
4d50c69f430850a0,1,1.0,1.0,0.0988,12,0.0,63,0.74,1.0,0,0.85,35.12
9483bda6b31259bd,1,1.0,0.9675,0.0586,4,0.9327,2,1.35,0.8945,4,0.83,23.44
e45023fbb46857d6,1,1.0,1.0,0.2278,18,0.0,166,1.31,0.8731,23,0.49,38.61
5d47863332065766,1,1.0,1.0,0.2544,44,1.0,14,0.63,0.9226,43,0.3,7.06
59c19d828f665a79,1,1.0,0.9794,0.3962,9,0.9048,7,0.8,0.887,13,0.46,17.82
cddadd26002959f4,1,1.0,1.0,0.2258,28,0.5833,53,0.47,0.9129,25,0.31,29.32
1f6d3d52a6685c15,1,1.0,1.0,0.1218,9,0.0,230,1.37,0.8592,11,0.87,24.74
0e08da5fbc735956,1,1.0,1.0,0.1414,5,0.9463,3,0.97,0.9463,3,0.16,15.13
2133a31c391f5108,1,1.0,1.0,0.2443,20,0.5833,60,0.64,0.9325,12,0.32,30.63
5795e118157f528f,1,1.0,1.0,0.1291,13,0.9537,10,0.89,0.7564,25,0.41,12.2
5a12337425265ea1,1,1.0,1.0,0.1794,7,0.5261,48,1.51,0.5261,48,0.74,35.84
053d94cd59495804,1,1.0,1.0,0.0555,12,1.0,5,0.9,1.0,3,0.63,19.99
fc0a60a9d8245aea,1,1.0,0.884,0.1083,0,0.0,153,2.34,0.8516,1,0.48,27.0
9d72593884a757a3,1,1.0,1.0,0.4121,42,1.0,33,1.09,1.0,8,0.11,7.06
c42697d5870e5dee,1,1.0,1.0,0.023,3,0.9767,2,0.69,0.5833,5,0.65,5.95
875f14a6967d5192,1,1.0,0.995,0.0558,5,0.9604,1,1.1,0.9307,3,0.77,39.9
1da970c8d7ac55b0,1,1.0,1.0,0.0776,8,0.9437,5,0.99,0.8587,10,0.6,28.05
11936935515f5daa,1,0.5833,1.0,0.3476,10,1.0,2,0.62,1.0,1,0.51,17.37
8cba6cacb16d5acc,1,1.0,1.0,0.1575,26,0.9528,19,0.53,0.9152,24,0.29,26.66
6aa26df6c6d052cb,1,0.5833,0.9497,0.1529,10,0.5656,40,0.49,0.8789,13,0.53,27.89
09832085301555df,1,1.0,1.0,0.3953,53,1.0,18,0.34,1.0,19,0.44,35.79
1cddfddca0bd560a,1,0.0,1.0,0.141,28,0.0,46,0.52,1.0,5,0.26,7.06
331a4a4334df5c34,1,1.0,1.0,0.1232,7,0.0,177,1.24,0.8489,10,0.42,35.84
9184d994aedd50b1,1,1.0,1.0,0.2754,36,1.0,5,0.87,0.8176,62,0.13,7.06
728988dc8a8b502a,1,1.0,0.9654,0.402,13,0.9525,2,0.74,0.9326,7,0.37,21.88
b23f49937a48507e,1,1.0,1.0,0.3187,36,1.0,5,1.11,0.9364,31,0.24,7.06
559c4c23eb5d565a,1,1.0,1.0,0.1042,7,0.0,68,1.13,0.0,195,0.82,17.82
2a06b778a64b545e,1,1.0,1.0,0.1031,11,0.9647,6,0.75,0.9162,10,0.48,31.26
c07f609f83b85dd6,1,1.0,1.0,0.3593,49,1.0,9,0.53,0.9437,33,0.28,35.79
52c337a436ab5362,1,1.0,0.9794,0.2286,5,0.9441,1,1.76,0.8554,17,0.77,48.36
719eb7fea14c5b94,1,1.0,1.0,0.4696,20,0.9676,11,1.59,0.9676,11,0.51,22.58
c013f92386ab5921,1,1.0,1.0,0.0078,2,1.0,1,1.9,1.0,1,0.15,2.01
e8f5c2714bfe5213,1,1.0,1.0,0.2507,20,0.984,2,0.71,0.984,2,0.48,56.25
3e4c9c9e67545b03,1,1.0,0.9522,0.0851,4,0.9522,0,1.64,0.7837,12,0.71,15.87
16069af36de45703,1,1.0,1.0,0.0706,16,0.977,14,0.76,0.8534,16,0.59,17.76
b36d274e71b3566b,1,1.0,1.0,0.0868,6,1.0,0,1.57,0.0,138,0.47,35.84
37c15bc4d99a5365,1,1.0,1.0,0.2616,19,0.0,241,0.92,0.8563,26,0.37,18.54
402ec186b8ea545e,1,1.0,1.0,0.3808,30,0.0,175,1.01,1.0,7,0.41,17.37
eeafee3118a35987,1,0.5833,1.0,0.2485,13,0.5833,64,0.63,0.8634,24,0.37,43.88
a4bc6340456351af,1,1.0,1.0,0.349,14,1.0,5,0.32,1.0,0,0.48,17.37
5593d7326b9c59aa,1,1.0,1.0,0.1187,15,1.0,10,0.68,1.0,12,0.42,19.73
57fc7e48f73a5218,1,1.0,0.8313,0.0233,0,0.0,175,0.6,0.8313,0,0.47,5.86
ab226645ee6f54aa,1,1.0,1.0,0.1054,8,0.9854,3,1.01,0.0,69,0.6,28.05
2cde4f39412a556d,1,1.0,1.0,0.2005,19,0.0,199,0.75,0.9531,8,0.33,23.28
b32ef3cb010c5903,1,1.0,0.9803,0.3105,12,0.9803,0,2.15,0.9803,0,0.61,57.53
eb822e0610545fd6,1,1.0,1.0,0.0835,12,0.5833,22,0.79,0.8056,14,0.25,7.06
656d501570ce5e54,1,1.0,1.0,0.0493,7,0.0,213,0.9,0.8757,7,0.24,8.59
067d731005885300,1,1.0,1.0,0.1659,34,1.0,21,0.98,1.0,25,0.39,22.3
6bd962139e2658da,1,1.0,1.0,0.3036,4,0.9831,2,0.62,0.8906,6,0.28,10.1
ccd53fdd1b6e51b8,1,1.0,1.0,0.0639,5,0.8736,5,1.38,0.7687,7,0.78,9.8
1175b3b9d27252ef,1,1.0,1.0,0.5134,20,0.9403,14,1.11,0.9528,11,0.49,15.21
1ec58e13fee45a30,1,1.0,1.0,0.2634,17,0.0,155,0.57,0.8959,17,0.24,24.15
c4fd814210875a8e,1,1.0,1.0,0.3502,23,1.0,0,0.83,1.0,13,0.13,7.06
9502cdbb06dd516f,1,1.0,1.0,0.0039,1,0.0,214,1.77,1.0,0,0.49,0.78
3f87b5859c3c525a,1,1.0,1.0,0.4137,20,0.9631,10,0.57,1.0,7,0.36,17.37
1e15c5256da5549a,1,1.0,1.0,0.028,6,1.0,3,0.53,1.0,3,0.46,2.01
eb9827bfdf925815,1,1.0,1.0,0.4108,44,1.0,6,0.87,1.0,21,0.72,7.06
67e27e4b89325f31,1,1.0,1.0,0.2317,25,0.9539,21,0.47,1.0,9,0.31,17.37
59ced21f109a5320,1,1.0,1.0,0.1324,11,1.0,0,0.46,1.0,3,0.72,18.54
fc9b5914f47e58fe,1,1.0,1.0,0.1597,14,0.0,166,0.79,0.0,101,0.38,36.83
0c318d7923d15b78,1,1.0,1.0,0.2933,43,1.0,8,0.4,0.9338,33,0.37,36.83
f41cf739059453a4,1,1.0,1.0,0.2371,15,0.9543,11,0.56,0.6868,61,0.47,22.82
7feaf6410f1854a8,1,1.0,1.0,0.1155,10,0.0,112,0.76,0.7445,32,0.77,35.79
06eaba80b0bf50f0,1,1.0,1.0,0.3929,51,0.5624,107,0.81,0.5577,108,0.23,26.65
e76c53ede9205ba9,1,1.0,1.0,0.1934,11,0.9518,4,1.4,0.0,95,0.44,52.77
f7341516d74658fc,1,1.0,1.0,0.1391,11,0.9501,4,1.44,0.9208,8,0.37,43.02
24b9908a6761529b,1,1.0,1.0,0.034,4,0.0,104,0.56,0.0,69,0.55,24.15
afd632f043e35a49,1,1.0,0.9654,0.039,1,0.9654,0,1.12,0.0,47,0.9,46.82
a8c2268684c35a80,1,1.0,0.9657,0.1648,5,0.0,103,1.52,0.8864,5,0.24,36.21
eb92f4cdb4fa54dd,1,1.0,1.0,0.3586,59,1.0,37,0.31,1.0,37,0.23,30.35
78a98ffdcd4b558a,1,0.0,1.0,0.1999,30,0.0,174,0.94,0.0,141,0.37,22.82
4abc4549b6d45891,1,1.0,1.0,0.0241,5,1.0,4,0.21,1.0,3,0.31,2.01
daf38cecd5045cf6,1,0.0,1.0,0.307,26,0.0,237,2.94,0.0,202,0.59,11.76
b7ec6bbfa73a52e5,1,1.0,1.0,0.1775,36,1.0,14,0.4,1.0,5,0.21,7.06
ba83a36f96af5ceb,1,1.0,1.0,0.0997,9,0.9479,7,1.03,0.9479,7,0.96,31.94
0a177b48593d521c,1,0.0,1.0,0.0667,13,0.0,153,0.37,1.0,7,0.21,2.01
09dc77e888295011,1,0.5833,1.0,0.4779,67,0.5833,125,0.48,0.9133,63,0.35,44.22
d5ff634ca2dd5801,1,1.0,1.0,0.1807,23,1.0,6,0.52,1.0,6,0.11,17.37
f4e2ec6e37535056,1,0.5833,1.0,0.1007,21,0.0,153,0.39,1.0,10,0.26,31.26
17a3e2d3cba55770,1,1.0,1.0,0.1836,35,1.0,24,0.65,1.0,4,0.56,22.3
d6e4774d5cc65309,1,1.0,1.0,0.0511,9,0.0,131,0.27,1.0,3,0.44,2.01
50f111c89e0958a9,1,1.0,1.0,0.1979,30,1.0,14,1.49,1.0,8,0.96,44.22
01d53ccf583c5a49,1,1.0,1.0,0.3535,81,1.0,8,1.0,1.0,71,0.45,17.37
1b88b298d405518e,1,1.0,1.0,0.2145,16,0.992,5,0.51,0.5503,64,0.59,52.77
83e42a2487695ac5,1,0.5833,0.9155,0.0091,1,0.5833,2,0.75,0.0,55,0.51,8.17
7e2675bbae325f36,1,1.0,1.0,0.2974,18,0.0,152,1.38,0.0,244,0.42,57.53
f9b16eaee3b956a3,1,1.0,1.0,0.0992,6,0.0,168,1.46,0.9892,1,0.9,28.45
4fd76c8d85845816,1,1.0,1.0,0.2002,9,0.0,117,1.39,0.9279,6,0.18,45.69
55b7f0c50f4a5157,1,1.0,1.0,0.0225,4,0.5833,5,0.51,1.0,2,0.56,2.01
054054d63ad85fa3,1,1.0,1.0,0.1557,9,0.0,253,0.95,0.896,9,0.55,46.82
8a2637d104fb5194,1,1.0,0.9918,0.0768,1,0.9918,0,0.4,0.9918,0,0.57,41.77
b7c9a2a8db7d5b48,1,1.0,1.0,0.3035,25,0.9937,12,0.44,0.0,243,0.45,29.32
d4e5d3e55e3751f9,1,1.0,1.0,0.2506,21,0.9866,3,0.88,0.0,99,0.56,48.36
e849e6a954285f60,1,1.0,1.0,0.2578,26,0.9994,10,0.69,0.98,13,0.42,33.22
dfe53c7f74e5554c,1,0.5833,0.9579,0.0875,5,0.5606,24,0.64,0.9064,4,0.38,18.03
4d3807c5fd5d573f,1,1.0,1.0,0.0738,10,0.9964,1,0.52,0.931,6,0.62,21.68
6b3d5914f92b54d9,1,0.5833,0.9992,0.2163,18,0.9818,2,0.54,0.897,18,0.18,28.04
c5af9333bf63510d,1,1.0,0.9827,0.2551,5,0.9263,3,1.33,0.9114,4,0.68,26.53
5e8d717cc46a5988,1,1.0,1.0,0.1847,9,0.9628,4,0.42,1.0,0,0.37,20.0
7f62e2a838405444,1,1.0,1.0,0.0078,2,1.0,0,0.91,1.0,1,0.23,2.01
d484aff53cd1589f,1,0.0,1.0,0.4508,14,0.0,216,0.27,1.0,10,0.78,7.06
f29d6171f46b551d,1,1.0,1.0,0.1468,7,0.0,140,0.8,0.7594,31,1.05,43.02
99f3a7ec61305307,1,1.0,0.9528,0.0292,5,0.0,214,0.69,0.9002,4,0.28,2.95
e76e7c89a8935276,1,1.0,0.9554,0.2283,6,0.0,150,1.58,0.0,219,0.69,44.22
dde50b95cefd5ecd,1,1.0,1.0,0.148,12,0.0,166,1.47,0.0,49,0.4,36.83
f03963c1aacd54f4,1,1.0,1.0,0.395,51,1.0,16,0.81,0.758,99,0.21,19.73
8ff8a3cf55355131,1,1.0,0.998,0.0926,4,0.9371,2,1.21,0.7916,14,0.54,21.71
22b526a96ad65c88,1,1.0,1.0,0.2712,29,1.0,6,0.75,0.7374,59,0.87,29.32
d232efb9cc535426,1,1.0,0.8714,0.0756,0,0.0,121,2.65,0.8397,1,0.94,21.31
e26de26a56dd5d21,1,1.0,1.0,0.3047,24,0.9886,13,0.97,1.0,7,0.4,8.08
901b2d48b2ce5bf1,1,1.0,1.0,0.1558,6,0.0,247,0.95,0.8864,7,0.39,16.61
dbd94883f7865af6,1,1.0,1.0,0.4413,33,0.9351,25,1.11,0.9224,27,0.54,22.3
72928620ac2a55a0,1,1.0,1.0,0.1964,25,0.0,95,1.19,0.5833,54,0.34,28.04
4f2ac10c0fc1566a,1,1.0,1.0,0.0861,5,0.9324,1,1.84,0.9089,3,0.34,45.2
7d10959013575b2d,1,0.5833,0.9669,0.2015,5,0.9438,2,1.75,0.8447,18,0.46,42.67
2721fbd6b58d558a,1,1.0,1.0,0.2111,13,0.0,229,0.83,0.0,89,0.52,43.02
982bd8015c9352f5,1,1.0,1.0,0.1983,19,0.0,110,0.52,1.0,8,0.41,15.13
dded75c35039515f,1,1.0,1.0,0.1284,23,0.9982,16,0.73,0.0,169,0.85,28.05
2fdb40cf92e75107,1,1.0,1.0,0.0623,8,0.9924,2,0.37,0.0,109,0.49,46.82
a75e220cee925c10,1,1.0,1.0,0.4469,29,0.9396,20,0.93,1.0,13,0.18,17.37
f68fcc74e570541d,1,1.0,1.0,0.1263,10,0.889,10,1.2,0.0,245,0.54,13.6
f1ae4feebfda5b75,1,1.0,0.9855,0.0394,4,0.9855,0,1.02,0.9099,3,0.76,15.32
650c7a9e7ea45062,1,1.0,1.0,0.3009,27,0.9917,8,0.8,0.0,151,0.36,52.77
c09cdf83367d5d3f,1,1.0,1.0,0.1908,32,0.9629,18,0.78,0.8787,34,0.4,11.79
664106f910475a53,1,1.0,1.0,0.0681,9,0.962,4,0.75,0.7489,14,0.94,17.71
60c9aabf696a5756,1,1.0,1.0,0.1452,16,0.5833,37,1.22,1.0,4,0.91,20.43
36a10b24956c5db7,1,1.0,1.0,0.5132,34,0.9476,19,1.67,0.8388,52,0.24,19.73
2d24100bcb1e57e2,1,0.0,1.0,0.4079,34,0.0,129,0.79,1.0,28,0.28,7.06
134651c94f73576f,1,1.0,1.0,0.133,10,0.9603,3,1.17,0.8851,11,0.37,43.02
0687eed0cf265533,1,0.5833,0.9708,0.1576,3,0.9708,0,1.32,0.0,102,0.36,39.9
a9e622747fc45a0a,1,1.0,1.0,0.231,21,0.0,94,0.7,0.9604,15,0.45,36.83
81b89c24f6a5579f,1,1.0,1.0,0.1408,4,0.5406,38,1.45,0.7407,24,0.43,20.53
806b014bc8c15160,1,1.0,1.0,0.2064,21,1.0,0,0.55,1.0,0,0.43,7.06
42032a0cedd95dc9,1,1.0,1.0,0.0078,2,1.0,0,0.6,1.0,1,0.32,2.01
703aa650ece25a02,1,1.0,0.9568,0.0302,3,0.9391,1,1.09,0.0,121,0.67,20.34
54e010de01625177,1,1.0,1.0,0.0181,2,0.0,140,0.78,0.5833,3,0.64,8.59
edbd8b34cdc65008,1,1.0,1.0,0.3376,12,0.966,6,0.95,1.0,3,0.74,31.26
695990349fc551a7,1,1.0,1.0,0.122,13,0.0,56,1.62,0.8985,13,0.85,23.33
6f0538a6ba9c5b7f,1,0.0,1.0,0.0736,13,0.0,145,0.5,1.0,1,0.37,2.01
a49be33c358b5cb4,1,1.0,1.0,0.0714,10,0.9875,3,0.84,0.7031,18,0.31,17.71
ef7089ecfb0c5028,1,0.5833,1.0,0.3289,62,0.5833,90,0.89,0.5833,79,0.44,22.3
c67995ef5ccc58c6,1,1.0,1.0,0.2316,33,0.0,223,0.9,0.8613,42,0.33,22.3
8ec53979117552c7,1,1.0,1.0,0.1562,7,0.9454,5,1.55,0.8712,9,0.54,46.82
980db9371e6b52de,1,1.0,1.0,0.2722,39,0.9884,18,0.26,0.9267,32,0.51,30.35
c081afa672dc56a2,1,0.5833,1.0,0.1428,16,0.0,106,0.48,0.8698,18,0.16,19.99
315e61d0629c54d6,1,1.0,1.0,0.1498,9,0.9329,6,1.22,0.6975,30,0.91,30.89
a9fb1181686753ec,1,1.0,1.0,0.0933,2,0.0,111,0.62,0.0,204,0.74,48.88
c844ccab55295a05,1,1.0,1.0,0.3734,13,0.9763,5,0.6,1.0,0,0.61,22.58
9b9aa93df6b15de7,1,1.0,1.0,0.0867,10,1.0,0,0.87,0.0,60,0.67,26.65
f424ee234e385b95,1,1.0,1.0,0.1397,8,0.9269,4,1.25,0.9269,4,0.41,32.82
2802831d87ba5a55,1,1.0,1.0,0.2829,46,1.0,18,0.41,1.0,18,0.21,7.06
4d31d76919495557,1,0.0,1.0,0.0117,3,0.0,211,0.73,0.0,211,0.32,2.01
bffb3b45a1c55080,1,1.0,1.0,0.0673,15,0.9711,10,0.46,0.0,134,0.87,31.26
0dc4e0a3f0195741,1,1.0,1.0,0.5613,36,0.0,249,1.5,0.891,37,0.48,11.76
1e60548b4c00538a,1,1.0,0.991,0.1954,10,0.9405,4,1.36,0.9369,5,0.36,35.12
744f8d8edaf859fe,1,1.0,0.8955,0.1087,0,0.0,191,1.74,0.8108,12,1.08,31.94
ec8eced041bb5ad5,1,1.0,1.0,0.0332,5,1.0,1,0.44,1.0,4,0.33,2.01
68d4846662cd53c3,1,1.0,1.0,0.3251,19,0.9638,6,1.19,0.8599,32,0.5,57.53
e4ad471729c65fc9,1,1.0,1.0,0.1081,22,0.0,223,1.28,0.0,251,0.34,15.21
58863e0ecc6357c5,1,1.0,1.0,0.3726,36,0.848,43,1.45,0.8408,44,0.21,11.76
4a6dd3df952b5703,1,1.0,1.0,0.1411,6,0.5833,30,0.83,0.0,238,0.4,45.69
b197862351735b60,1,1.0,1.0,0.2746,34,1.0,3,0.53,0.0,90,0.43,36.83
a7f3d88fe5e5534e,1,1.0,1.0,0.2638,13,0.9669,10,0.18,0.9669,10,0.46,17.37
b65dbda85d085330,1,1.0,1.0,0.1598,11,0.9521,9,1.11,0.9521,9,0.37,11.41
6916caadd44a5806,1,1.0,1.0,0.089,4,0.0,227,1.25,0.8852,4,0.36,43.02
e5fba7e447ff5a61,1,1.0,1.0,0.1993,11,0.9831,3,0.8,0.9128,6,0.45,57.53
5099c20d468f5cf4,1,1.0,1.0,0.3606,42,1.0,4,0.57,0.931,33,0.46,35.79
e565610cd7b15784,1,0.5833,1.0,0.1845,19,1.0,13,1.68,0.0,109,0.87,44.22
bc427a4503535af2,1,1.0,1.0,0.0723,9,0.0,36,0.87,0.812,10,0.2,10.24
30271c81460b556d,1,1.0,1.0,0.2319,15,0.9849,2,1.26,0.9653,3,1.24,48.36
d50b69bed8f2570c,1,1.0,0.9069,0.1624,2,0.5262,49,1.42,0.8582,11,0.55,24.25
7ebca95e877a557b,1,1.0,1.0,0.0797,12,1.0,5,0.37,0.9264,11,0.1,7.06
1cbccb79dbe058a6,1,1.0,1.0,0.1076,13,0.9449,9,0.99,0.8409,16,0.39,26.65
cfc9186dc53b5d4a,1,0.5833,1.0,0.189,13,0.5833,43,0.24,0.9088,12,0.27,30.35
8227648b1da95adb,1,1.0,1.0,0.5184,54,0.9405,46,1.19,0.7852,135,0.26,22.82
89fcf773eb5d514e,1,1.0,0.9691,0.3317,3,0.9691,0,2.15,0.9147,2,0.59,18.54
9ab7d16dd4a6551f,1,1.0,0.9671,0.0467,2,0.9609,1,0.38,0.8846,3,0.22,8.59
4eff4682a7795fe1,1,0.0,1.0,0.0078,2,0.0,250,0.35,1.0,0,0.35,2.01
d3f00196d11c563c,1,1.0,1.0,0.2897,19,0.9274,13,0.92,0.9054,18,0.52,10.1
6c737af6c9a752dc,1,1.0,0.9439,0.2053,5,0.0,149,1.78,0.0,149,0.79,43.88
48ba976afe6a59c8,1,1.0,1.0,0.1149,22,0.9588,21,1.31,0.0,115,0.66,7.06
28d91d7116785bf9,1,1.0,0.9806,0.0422,2,0.0,59,1.33,0.8674,3,0.68,30.89
9e0633fbdeac55bb,1,1.0,0.9864,0.1729,10,0.9667,1,1.07,0.9276,7,0.71,34.88
b87ed2985e545397,1,0.0,1.0,0.1074,17,0.0,164,0.38,0.0,148,0.47,19.73
4a681a6497d35e68,1,0.0,1.0,0.1602,28,0.0,156,0.8,1.0,23,0.41,22.82
d2fbab8bed795b5a,1,1.0,1.0,0.2857,16,1.0,1,0.66,1.0,1,0.42,17.37
6370add5182e51b7,1,0.0,1.0,0.0505,10,0.0,105,0.91,1.0,6,0.17,2.01
e08a526c85475c4b,1,1.0,1.0,0.5382,28,0.974,6,0.49,1.0,0,0.64,32.14
7d24bd01f77c5d87,1,1.0,1.0,0.056,13,0.9806,7,1.07,0.0,90,0.81,19.26
0efc84a20a7d5b07,1,1.0,1.0,0.1778,19,0.9696,8,2.36,0.0,230,2.4,39.88
8719c1b8087d5590,1,1.0,1.0,0.2478,15,1.0,1,0.48,1.0,0,0.36,17.37
10fcb2c79add5558,1,1.0,1.0,0.1111,11,0.0,159,1.04,0.0,67,0.29,40.31
a0da100b0dcb543c,1,0.0,1.0,0.0964,20,0.0,47,0.5,1.0,19,0.52,7.06
e051405f88c05270,1,1.0,1.0,0.1232,20,0.0,206,0.5,1.0,12,0.65,20.53
b5025be9867f503e,1,1.0,1.0,0.3926,24,0.9509,15,0.54,0.8436,31,0.2,24.15
67dbad26dd165f16,1,1.0,1.0,0.1152,14,0.9306,8,1.18,0.8759,14,0.69,31.94
81935f2cb7d45945,1,1.0,1.0,0.241,5,0.9367,3,0.94,0.9887,2,0.63,12.2
f4991b521fa15f17,1,1.0,1.0,0.2529,24,1.0,9,0.39,1.0,1,0.45,26.65
1e80afcdb0b65cc4,1,1.0,1.0,0.2849,35,0.9956,9,0.63,0.9831,12,0.42,36.83
87df22d07dcb567c,1,1.0,1.0,0.0972,9,0.9494,3,0.95,0.8186,17,0.54,45.2
53feb52497035b3e,1,1.0,1.0,0.2383,34,0.9207,31,0.47,1.0,13,0.29,7.06
e02db4e2c5ed5b76,1,1.0,1.0,0.2084,13,1.0,3,0.46,0.9638,10,0.43,17.37
b5b0ab149f9055db,1,1.0,1.0,0.5965,61,0.9755,34,0.85,0.8248,134,0.25,22.3
358d973661955d68,1,0.5833,1.0,0.4178,48,1.0,14,0.47,1.0,6,0.41,31.26
3921f38b62d55f1a,1,0.5833,1.0,0.1546,21,0.5732,41,0.47,0.969,16,0.26,31.26
1290e3066cbc5397,1,1.0,1.0,0.4536,27,0.9528,18,0.84,0.9954,12,0.38,22.82
9b5c31b36c5b5aa9,1,1.0,1.0,0.157,9,0.0,181,1.0,0.0,63,0.46,35.79
d5cf4595a3435917,1,0.0,1.0,0.0488,9,0.0,113,0.33,1.0,3,0.29,2.01
a26ee25cd4995271,1,1.0,1.0,0.131,12,0.0,216,1.68,0.891,13,0.38,27.0
b605703d3fb05725,1,0.0,0.5833,0.0114,0,0.0,104,0.78,0.0,238,0.47,24.15
dd9750d89740502d,1,1.0,1.0,0.1159,15,0.9735,8,0.52,0.9735,8,0.3,26.66
6bd234c45e885cb2,1,0.0,1.0,0.0039,1,0.0,56,0.92,0.0,35,0.16,0.78
8e711b3a85205804,1,1.0,1.0,0.1709,13,0.5811,30,0.49,0.3523,62,1.08,52.77
23742ff81ee85c96,1,1.0,1.0,0.0744,16,0.0,26,1.12,0.9371,13,0.34,7.06
5a06f03022ec5b67,1,1.0,1.0,0.1102,12,1.0,2,0.48,0.7596,25,0.44,11.79
ec90dfde532d5633,1,1.0,1.0,0.1981,34,0.0,212,0.47,0.9556,25,0.07,24.74
9ed1a37904015782,1,1.0,0.9851,0.0976,4,0.9851,0,0.79,0.0,191,0.77,30.68
2243d4e976fb5b77,1,1.0,1.0,0.207,44,1.0,7,0.61,1.0,10,0.49,7.06
2389414c94075d6a,1,1.0,1.0,0.1082,8,0.91,6,1.75,0.8352,12,0.67,30.89
a294ae1045875e02,1,1.0,1.0,0.3407,11,0.961,7,1.86,0.4213,104,0.57,22.58
60a560bfff6f528b,1,1.0,1.0,0.0358,8,0.0,153,0.75,0.0,90,0.45,10.64
22a9516d643c5e4b,1,0.5833,1.0,0.2594,35,0.5833,63,0.29,0.8563,42,0.42,26.65
50676507e4e2554f,1,1.0,0.9921,0.2309,5,0.96,3,0.94,0.7901,20,0.81,30.86
7f396948993153fe,1,1.0,1.0,0.0101,2,1.0,0,0.53,1.0,1,0.2,2.01
991f13bf4e7f590e,1,1.0,1.0,0.0672,11,0.0,247,0.87,0.974,6,0.18,7.06
b4175792b94a5cf2,1,0.5833,1.0,0.5474,26,0.9278,25,0.93,1.0,6,0.53,17.37
610271d0c1515c8c,1,1.0,1.0,0.3888,10,0.9304,9,0.63,0.9304,9,0.42,17.37
1ea920764abe5dcb,1,1.0,1.0,0.3533,21,0.9761,12,0.65,0.8233,60,0.25,20.53
ac04f9fd4233550c,1,1.0,1.0,0.1106,5,0.9485,3,1.23,0.9237,4,0.83,37.72
2218fd73bd8d54da,1,1.0,1.0,0.4183,13,0.9707,5,0.2,1.0,2,0.16,22.58
ffcbea07e13e540d,1,0.0,1.0,0.0299,6,0.0,131,0.28,0.0,131,0.3,2.01
9bebc9f8507c5cf4,1,1.0,1.0,0.0447,3,0.0,222,1.14,0.0,222,1.35,45.2
70bf5f0d100d580f,1,1.0,1.0,0.0955,8,0.5833,18,0.66,0.9199,6,0.62,14.94
5806eb348e3250d9,1,1.0,1.0,0.1378,5,0.5659,40,0.89,0.792,20,0.68,21.71
26101d0a7f79587c,1,1.0,1.0,0.2602,37,0.9989,16,0.44,0.0,186,0.67,57.53
c2116c7a0b15556d,1,1.0,1.0,0.1478,5,0.9506,1,1.57,0.9258,3,0.8,45.2
b1cb5523e43b594a,1,1.0,1.0,0.0897,7,0.9198,6,1.36,0.0,245,0.52,18.54
f91ece9be7be56f6,1,1.0,1.0,0.2512,27,0.9945,5,0.69,0.8726,34,0.17,19.73
1eb0e6e749975996,1,1.0,1.0,0.0862,11,0.9354,9,1.37,0.8711,13,1.34,31.26
8c12150f849b5b10,1,1.0,1.0,0.1298,8,0.5545,29,1.13,0.9804,2,0.43,30.68
1434146a1ab75426,1,1.0,1.0,0.3108,47,1.0,0,0.9,0.0,247,0.36,30.35
f33a23766bcb55a6,1,1.0,1.0,0.1813,16,0.0,195,0.9,0.0,60,0.43,40.31
170ea72e455e5e57,1,1.0,1.0,0.028,5,1.0,4,0.2,1.0,2,0.35,2.01
a763369e30305f95,1,1.0,1.0,0.1738,29,0.9676,21,0.56,0.883,31,0.33,16.46
53d3787367c75240,1,0.0,1.0,0.0915,17,0.5833,22,0.88,1.0,15,0.37,24.74
d2937fdb8d605a73,1,1.0,1.0,0.1228,9,0.9507,4,1.52,0.7415,28,1.0,52.77
dc3b040ef45c5094,1,1.0,1.0,0.1039,6,0.0,166,0.95,0.9303,4,0.58,39.12
2bf94996d2325e20,1,1.0,1.0,0.4,66,0.9995,34,0.38,0.9167,60,0.19,22.3
6507522e38405857,1,0.0,1.0,0.1742,29,0.0,188,1.46,1.0,22,0.72,44.22
0d2ff90baf395430,1,1.0,1.0,0.1985,37,0.9786,32,1.14,0.6715,51,0.68,37.88
6d4a26f442705f49,1,1.0,0.9984,0.0607,7,0.9984,0,0.28,0.947,1,0.11,12.2
fe37acae391d507c,1,1.0,1.0,0.0257,2,0.0,44,0.63,0.8183,4,0.46,10.91
39f81c49a1ba5f41,1,1.0,1.0,0.2049,21,1.0,15,0.79,1.0,4,0.56,7.06
e77441c822075f1b,1,1.0,0.9636,0.0723,5,0.9636,0,1.13,0.5444,19,0.59,39.12
8b177f84759e56e0,1,1.0,1.0,0.1868,18,0.0,228,0.72,0.9774,8,0.44,36.83
c33832506a165cd3,1,1.0,1.0,0.2733,11,0.945,8,1.21,0.0,218,0.61,22.3
74d72b3cd99d5ab4,1,1.0,1.0,0.1246,12,1.0,1,0.52,0.9563,8,0.55,23.33
96b5b1c350745a73,1,1.0,1.0,0.0725,6,0.5369,19,1.1,0.0,60,0.47,26.53
905ab0794c235f69,1,1.0,1.0,0.0803,7,0.94,4,1.35,0.9123,6,0.61,39.9
10b9d1b254f35a74,1,1.0,0.9866,0.1536,7,0.0,167,0.83,0.7351,28,0.86,36.83
f1cc8f05115d5db6,1,1.0,1.0,0.4574,40,1.0,9,0.42,1.0,7,0.25,26.65
2ae2e400efe35400,1,0.5833,0.9966,0.0907,9,0.5804,28,0.18,0.8714,11,0.49,18.03
971af37715285683,1,0.0,1.0,0.0443,9,0.0,235,0.38,1.0,7,0.15,2.01
eba929a6772254e4,1,1.0,1.0,0.0892,9,0.9561,5,0.91,0.8044,17,0.97,23.33
a67c6744e6c45edb,1,1.0,1.0,0.2293,8,0.0,222,1.8,0.9027,6,0.71,18.54
9ab8b2e7de985004,1,1.0,0.9485,0.0318,2,0.9485,0,1.02,0.7987,5,0.66,21.55
029a9572e05a5914,1,1.0,1.0,0.4679,27,0.9515,16,1.19,0.992,13,0.46,22.3
6247bc8d9df7529d,1,1.0,1.0,0.3916,9,0.9959,4,1.22,0.9959,4,0.4,17.37
5f78b2fcada85eef,1,1.0,1.0,0.2781,34,0.5833,75,0.69,0.9316,23,0.37,37.88
c8bf35e6c9065d83,1,1.0,1.0,0.1311,10,0.9826,2,1.21,0.9233,7,0.42,26.53
449ed0c45858583f,1,1.0,1.0,0.204,22,0.5833,49,0.62,0.0,227,0.32,24.15
c056dcf1096258a4,1,1.0,1.0,0.2242,36,1.0,3,0.81,1.0,7,0.45,7.06
d7708962e5cc554f,1,1.0,1.0,0.1772,37,1.0,24,0.5,1.0,10,0.5,26.65
a41e9aff2ee457c2,1,1.0,0.9823,0.0838,2,0.0,179,0.88,0.0,123,0.75,20.15
d903d26195085adb,1,1.0,1.0,0.0536,8,0.9749,5,1.57,0.0,120,0.42,43.88
63f4362f90ef55a1,1,0.5833,1.0,0.0991,13,0.0,102,0.38,0.0,148,0.45,28.05
81997d01d8f65c19,1,1.0,1.0,0.2306,25,1.0,2,0.52,0.9605,15,0.35,30.35
6856c3ad77315d3c,1,0.5833,1.0,0.2472,15,0.5833,59,0.91,0.872,20,0.56,35.79
936c2cf5b8345663,1,1.0,1.0,0.2103,30,0.9973,27,0.79,1.0,24,0.49,28.05
40ef82b4d5735701,1,1.0,1.0,0.1549,29,1.0,9,0.79,1.0,16,0.46,19.73
d032dcd4015e5cee,1,1.0,1.0,0.2037,18,0.9374,10,1.11,0.8262,29,0.35,23.33
7758c231f45d51de,1,1.0,0.9225,0.0631,1,0.0,242,3.43,0.8927,1,0.71,26.81
9b7eb62d80db55e7,1,1.0,1.0,0.1621,25,0.0,134,0.65,1.0,14,0.31,19.73
92beafb962d457db,1,1.0,1.0,0.0317,1,0.0,20,0.68,0.8811,3,0.35,8.17
6350e3b4ec0a59dc,1,1.0,1.0,0.5596,21,0.9628,13,0.63,1.0,3,0.32,17.37
49d0c7d110f15c0e,1,1.0,1.0,0.1951,12,0.8783,16,1.3,0.8912,15,0.24,17.37
18236bb0b875582d,1,1.0,1.0,0.0094,2,1.0,0,0.63,1.0,0,0.48,2.01
3d726e71b9925965,1,1.0,1.0,0.0703,9,0.9884,2,1.04,0.0,130,0.63,43.02
25e5bbbced86504c,1,1.0,1.0,0.5818,13,0.0,208,0.96,0.0,208,0.58,17.76
b2def33d6adc50fc,1,1.0,1.0,0.2613,16,0.9841,2,0.68,0.0,185,0.82,48.36
2595e56a8af75a60,1,1.0,1.0,0.1173,11,1.0,2,0.47,1.0,5,0.71,18.54
f8ded55c8f855116,1,1.0,1.0,0.1539,18,1.0,8,0.79,1.0,6,0.59,7.06
3d325eb7d07c587f,1,1.0,1.0,0.0962,20,0.9085,19,1.47,0.6829,22,0.88,15.32
f0d6814d23245178,1,1.0,1.0,0.2204,30,0.0,121,0.72,0.0,205,0.62,30.89
5dcc8367111b5fad,1,1.0,1.0,0.2049,47,1.0,5,1.42,1.0,17,0.55,7.06
10909749099354e6,1,0.0,1.0,0.0983,4,0.0,127,0.38,0.5833,29,0.16,2.01
bbd5fbbe6cbb5a6f,1,1.0,1.0,0.5816,14,0.9839,6,0.1,1.0,4,0.53,17.37
9ebf7c0f1b4f5f39,1,1.0,1.0,0.2381,17,0.971,6,0.93,0.971,6,0.48,43.02
e5de42748cb65962,1,1.0,1.0,0.0651,3,0.5013,19,1.32,0.0,230,0.62,23.33
3739c038002f57ca,1,1.0,1.0,0.0826,14,0.9744,6,1.49,0.9454,8,0.86,34.88
6eac1c0e2bbd57bb,1,1.0,1.0,0.1517,3,0.0,168,1.01,0.876,3,1.02,9.8
af67221644ad5bd3,1,0.5833,1.0,0.2416,24,0.5833,62,0.33,0.8885,25,0.21,26.65
7498dbe0e2b65539,1,0.5833,1.0,0.2003,23,0.0,255,0.59,0.878,26,0.48,26.65
5d68790fd55c5e41,1,1.0,1.0,0.1355,16,0.0,244,1.26,0.8719,17,0.6,22.3
812464919a4f5362,1,0.5833,1.0,0.3548,29,0.5833,96,0.51,0.9118,26,0.13,26.66
e095e7e21ab65691,1,1.0,0.914,0.0968,2,0.0,146,1.92,0.8807,3,0.59,28.45
bfdb40b3dded57fd,1,1.0,1.0,0.078,4,0.0,67,1.26,0.0,143,1.04,43.02
ad7d51bd1b7055ca,1,1.0,1.0,0.236,15,0.8472,21,3.01,0.9392,11,0.32,14.2
1584747ded7f5564,1,1.0,1.0,0.1672,23,1.0,3,1.16,0.8476,29,0.41,26.66
9adad5bdab6b52fa,1,1.0,0.9825,0.0628,4,0.9568,1,1.01,0.7391,13,0.8,21.31
c4284fce4a2f5213,1,1.0,0.9893,0.0768,4,0.9236,1,2.44,0.8778,6,0.69,45.2
2b9bb7ffb9cf5da8,1,0.0,1.0,0.1745,30,0.0,109,0.81,1.0,4,0.71,7.06
0ddc4576607e561e,1,1.0,1.0,0.1731,30,0.0,153,0.74,0.8592,33,0.62,26.66
a8db36bc378c599d,1,1.0,1.0,0.0633,6,0.0,79,1.3,0.926,4,0.59,39.9
11ba25cefa3b5a5e,1,1.0,1.0,0.0101,2,0.0,250,0.41,1.0,0,0.32,2.01
1a1f73871bea5afa,1,1.0,1.0,0.2848,8,0.9356,5,1.55,0.0,163,0.57,22.69
6b0d21782a3b5a22,1,1.0,0.8253,0.0489,0,0.0,125,1.44,0.8253,0,0.36,21.05
7e238e859ebb5720,1,1.0,1.0,0.1394,12,0.9541,7,1.33,0.9242,10,0.82,31.26
6162cfa976a1521f,1,1.0,1.0,0.1728,15,1.0,4,0.81,0.7999,23,0.6,22.82
d06d8235012b56fe,1,1.0,1.0,0.2095,12,0.9847,4,1.57,0.9613,6,0.53,44.22
39d78cc469d65bf8,1,1.0,1.0,0.3165,36,1.0,3,0.83,0.9252,27,0.72,36.83
2a12546539045e5b,1,0.0,1.0,0.0622,13,1.0,7,1.09,1.0,4,0.2,2.01
c10ed86969435545,1,1.0,1.0,0.1685,14,1.0,4,0.43,1.0,3,0.66,18.54
575a40958ae65abd,1,1.0,1.0,0.2669,53,1.0,14,0.96,0.5833,70,0.51,7.06
542bec9a7d6e5c52,1,1.0,1.0,0.3125,28,0.9559,18,1.1,0.9559,18,0.5,30.35
8be468b729aa5f1e,1,1.0,1.0,0.2503,25,1.0,3,0.64,0.5449,65,0.52,39.12
8562e5f582e251cf,1,0.0,1.0,0.2214,35,0.0,240,1.3,0.5833,61,0.28,48.36
9873c047e9155996,1,1.0,1.0,0.1741,16,0.9632,7,0.59,0.9632,7,0.53,8.08
e53fc4a1bbe0568b,1,1.0,1.0,0.5515,39,0.952,17,0.92,0.9924,3,0.17,35.12
2f3cd5f3b7ee59cc,1,1.0,0.9787,0.2671,13,0.9622,2,1.27,0.9319,6,0.3,44.22
e98f83538a315982,1,1.0,1.0,0.0925,8,0.9612,4,0.68,0.9203,7,0.42,7.15
eed926191448591a,1,1.0,1.0,0.2751,33,1.0,5,0.86,0.744,58,0.54,22.3
61b99cf0e08d559a,1,1.0,1.0,0.283,17,1.0,11,0.52,1.0,6,0.36,17.37
4e1da51967095494,1,1.0,1.0,0.1701,13,0.9743,5,1.15,0.5397,29,0.73,56.25
03d1885be4355a79,1,1.0,1.0,0.1975,5,0.9027,4,0.96,0.0,246,0.61,12.54
38f555fbc07f5185,1,1.0,1.0,0.1646,28,1.0,5,0.77,0.8782,28,0.52,24.15
10ddf2c0942a5704,1,1.0,1.0,0.2384,20,1.0,0,0.87,1.0,2,0.39,57.53
e34d17f003a052f5,1,1.0,1.0,0.0324,6,0.0,78,0.81,1.0,3,0.86,23.33
3cc3567e89f95e0a,1,1.0,1.0,0.2087,12,0.0,213,0.8,0.8229,27,0.48,10.64
cd1234d5b4b2570d,1,1.0,1.0,0.0869,9,0.0,232,1.2,0.8396,11,0.23,26.66
ab548d52e69b5ed4,1,0.5833,0.9704,0.0643,5,0.0,207,1.16,0.7418,14,0.37,13.48
33a43f22312c570d,1,1.0,1.0,0.0881,5,0.8897,5,1.23,0.8454,8,0.67,9.8
2cd1545c4c835ead,1,0.5833,1.0,0.2586,26,0.5714,74,0.5,0.9125,23,0.37,36.83
d926deb799a65bea,1,0.5833,1.0,0.1413,8,0.5833,35,0.3,0.8939,10,0.47,32.82
a3fe8c1981c45693,1,1.0,1.0,0.6324,20,0.9658,9,0.96,1.0,5,0.38,17.37
277758d55617567b,1,1.0,1.0,0.1252,7,0.9833,5,1.1,0.8369,11,0.5,13.6
9e1a8204e14e56e1,1,1.0,1.0,0.3612,24,0.9344,15,0.97,1.0,4,0.22,17.37
6cb33358dfbc5a84,1,1.0,0.8389,0.0978,0,0.5089,27,1.49,0.7601,6,1.1,17.47
d1408323ef2357be,1,1.0,1.0,0.0723,8,0.9453,6,1.15,0.0,101,0.77,28.05
863e343b2fe45cc1,1,1.0,1.0,0.1233,13,1.0,1,0.84,0.8613,15,0.49,15.51
78a8c3b8447d5489,1,1.0,1.0,0.3192,16,0.9685,11,0.85,0.6947,91,0.34,17.37
a18d2b32f8415373,1,1.0,0.9827,0.1581,3,0.8845,3,0.96,0.6415,51,0.43,17.82
de16c26b38425a6b,1,1.0,1.0,0.1107,22,1.0,17,0.97,1.0,4,0.33,22.3
4a4ce3ba90ad5614,1,0.5833,1.0,0.3175,41,0.9869,15,0.4,0.9001,40,0.21,26.65
40ee16c17fc05cfb,1,1.0,1.0,0.0904,5,0.0,138,1.5,0.0,235,0.56,35.89
e3a97e3004795b39,1,1.0,0.985,0.0882,10,0.9232,6,1.6,0.8828,11,0.38,12.67
b7205dc330035bf4,1,1.0,1.0,0.2923,16,1.0,3,0.37,1.0,3,0.35,17.37
82e84851ea985ba8,1,1.0,1.0,0.0501,8,0.9874,4,0.84,0.9874,4,0.19,10.24
bc91cb648d525c6c,1,1.0,1.0,0.1045,4,0.9673,1,0.31,0.8682,5,0.59,22.58
f7a5f237abcd5b04,1,0.5833,1.0,0.1972,31,0.5833,56,0.56,0.9504,25,0.46,26.66
e9a6f39362ba53a3,1,1.0,1.0,0.1462,8,0.9569,4,1.06,0.9569,4,0.51,43.02
80a22559c9565d0a,1,1.0,1.0,0.1636,20,0.5833,43,0.3,0.5833,43,0.54,26.65
2c67391395c65d6a,1,0.0,1.0,0.2578,57,0.0,144,0.55,1.0,20,0.21,7.06
93e2377357d9551e,1,1.0,1.0,0.2797,21,0.9916,8,0.87,0.0,90,0.45,52.77
92c7b16cbf5a5d8c,1,1.0,1.0,0.0257,6,1.0,5,0.32,1.0,4,0.48,2.01
9a8acc75f4c05ace,1,0.5833,1.0,0.1458,18,0.921,14,1.06,0.8659,19,0.23,9.39
0202782270ab5a62,1,1.0,1.0,0.1388,7,0.9676,2,1.13,0.9756,1,0.71,46.82
13b137cecf4b57e9,1,0.5833,0.9738,0.04,4,0.0,133,0.37,0.9738,0,0.54,10.24
bca2f135ebf4542c,1,1.0,1.0,0.087,12,1.0,4,0.31,0.8174,18,0.31,15.13
b4c5bd35a81f517e,1,0.5833,1.0,0.1582,21,0.9686,16,0.51,0.9686,16,0.33,30.89
45c6be97d810541f,1,1.0,1.0,0.0914,9,0.934,6,1.54,0.0,144,0.8,43.88
01fc240ee1d25c9e,1,1.0,1.0,0.0623,8,0.9977,1,0.24,0.9464,2,0.1,12.4
47359dd210e254ea,1,1.0,1.0,0.1934,33,1.0,4,0.71,1.0,19,0.64,10.1
84a763e08d2c5ac6,1,0.5833,1.0,0.1221,30,1.0,7,0.43,1.0,11,0.16,22.3
43768792861e5c7e,1,0.5833,1.0,0.1341,12,0.5833,34,0.29,0.8795,15,0.21,21.05
79c024b87e175129,1,1.0,1.0,0.2953,25,0.9922,3,1.16,0.0,147,0.54,57.53
16a1dfd2dcae512b,1,1.0,1.0,0.1979,12,0.9437,6,1.53,0.0,158,0.58,43.88
fdb658e4941855a3,1,1.0,1.0,0.041,6,1.0,2,0.45,1.0,1,0.12,2.01
e3ee34ba4c0c59fd,1,0.2917,1.0,0.1275,9,0.2782,66,0.57,0.2917,20,0.49,22.82
5975a1af11e25fe4,1,1.0,1.0,0.0911,10,0.0,76,0.68,1.0,0,0.38,12.02
a861711ff302554b,1,1.0,1.0,0.1447,31,1.0,12,0.64,1.0,10,0.42,22.3
b8434dfe0fbf56f0,1,1.0,1.0,0.0812,12,0.9439,9,1.03,0.0,134,0.53,22.3
ada62613f2ce5a33,1,1.0,1.0,0.2459,29,1.0,0,0.41,1.0,0,0.18,7.06
a7d3e71b8ca456a9,1,0.0,1.0,0.0684,14,0.0,117,0.59,0.5833,14,0.34,2.01
4b09402394995325,1,1.0,1.0,0.4619,36,0.9595,19,0.59,0.8813,40,0.23,19.73
e90d6c211deb5f05,1,1.0,1.0,0.2244,31,0.9765,29,0.65,1.0,11,0.53,7.06
d9422fc7065e5b62,1,1.0,0.819,0.1026,0,0.0,85,1.49,0.0,117,0.27,15.94
e64d993cb8a75338,1,1.0,1.0,0.0574,6,1.0,1,0.57,0.8698,8,0.32,10.24
8d83f07bed9d5f6a,1,1.0,1.0,0.0273,7,1.0,2,0.25,1.0,4,0.56,2.01
f3a327d6e0e45d9a,1,1.0,1.0,0.526,102,1.0,9,2.2,1.0,14,0.65,7.06
df36523fdaeb5882,1,1.0,1.0,0.1788,35,0.0,72,1.11,0.9592,31,0.23,7.06
584a741051cd523f,1,1.0,1.0,0.2515,14,0.9504,12,1.37,0.8556,15,0.29,22.3
b7c1448b395e56c6,1,1.0,0.973,0.1984,1,0.0,121,1.15,0.4438,68,0.5,41.77
7d5f417c01fb5a87,1,1.0,1.0,0.0476,5,0.9329,4,0.89,0.0,203,0.56,22.08
fc4982439fef5cb2,1,1.0,0.9731,0.2053,5,0.9731,0,1.37,0.8864,6,0.27,39.9
5016d5a7a87a538d,1,1.0,1.0,0.2214,17,0.9458,10,1.65,0.9169,15,0.43,39.88
1d3700dc6c9950e0,1,0.5833,1.0,0.0497,7,0.0,105,0.92,0.0,89,0.44,17.57
21cd38e3128a5285,1,1.0,1.0,0.0803,8,1.0,2,0.94,0.9043,7,0.38,35.89
f9592039b6aa5165,1,1.0,1.0,0.2375,13,0.0,180,1.19,0.0,159,0.48,42.67
67abcf0964415891,1,0.0,1.0,0.3223,63,0.0,242,1.15,1.0,36,1.2,7.06
7c541724eabb537a,1,1.0,1.0,0.1226,5,0.893,5,2.53,0.0,64,1.57,17.78
1d612d6783845a87,1,1.0,1.0,0.2043,9,0.8904,11,2.06,0.7788,41,0.41,17.78
29c5f96fb4e95d3a,1,1.0,1.0,0.067,13,0.9569,7,0.68,0.92,11,0.44,17.76
a7f7be23b6185470,1,1.0,1.0,0.5044,16,0.9296,14,0.33,0.9296,14,0.58,17.37
2c43056133655292,1,1.0,1.0,0.2292,10,0.9845,1,1.5,0.9845,1,1.33,45.2
ff137d1eea555686,1,1.0,1.0,0.1827,9,0.9649,4,1.2,0.0,182,0.5,57.53
0f6d159f5f0c52d0,1,1.0,1.0,0.2773,8,0.9354,7,0.45,1.0,4,0.38,17.37
c3d78ec633fa57be,1,1.0,1.0,0.0218,5,0.0,36,0.38,1.0,3,0.51,2.01
c505de060d305ef5,1,1.0,0.9536,0.0832,1,0.0,74,0.48,0.0,74,0.49,36.83
cd34209eec085b73,1,0.5833,1.0,0.3891,30,0.5833,113,1.28,0.9514,12,0.52,39.12
8fbca2950de45a7c,1,1.0,1.0,0.2043,19,1.0,11,0.54,0.8406,24,0.24,17.37
b8a1d133723f5897,1,1.0,1.0,0.1166,9,0.9481,6,1.09,0.8696,10,0.74,9.75
85dba97943515cbd,1,1.0,1.0,0.2228,16,0.9701,5,1.15,0.0,97,0.22,43.02
c2ebbcddd45457f8,1,0.5833,1.0,0.1815,19,0.0,204,0.61,0.956,11,0.51,43.88
e6dc564e1a3a588e,1,1.0,1.0,0.0611,5,0.0,197,1.04,0.0,125,0.23,41.77
6bc26fb97d7f5d48,1,1.0,0.8303,0.0137,0,0.0,108,1.09,0.0,86,1.07,9.19
80957a180a325353,1,1.0,1.0,0.5221,18,0.991,2,0.61,1.0,1,0.51,22.58
1e241714a35658ff,1,0.5833,1.0,0.2426,34,0.5105,63,0.65,0.559,60,0.59,7.06
a9f639a57ac75fa5,1,1.0,1.0,0.1304,10,0.945,6,1.0,0.9141,8,0.72,26.81
a82f1c8ad27d53cc,1,0.5833,1.0,0.2932,35,0.5833,81,0.47,0.9399,25,0.21,26.65
834a7c22e2c55c71,1,1.0,1.0,0.0549,4,0.9646,2,0.79,0.7986,8,0.48,26.81
720c4f312c0f529e,1,1.0,1.0,0.3391,77,0.9374,75,0.48,1.0,33,0.51,30.89
be709e9a5d085f75,1,1.0,1.0,0.1071,7,0.937,5,1.55,0.7469,15,0.53,14.01
0bcae698fd905226,1,1.0,1.0,0.317,21,0.484,89,1.3,1.0,6,0.25,17.37
f606d0e6eda7549a,1,1.0,1.0,0.3327,20,0.9733,10,0.37,1.0,1,0.21,22.82
fe5247f772d15ec0,1,1.0,1.0,0.1594,9,0.0,229,1.0,0.9025,8,0.34,43.02
52de85cf514f5afd,1,1.0,1.0,0.228,16,0.9792,2,0.96,0.9852,1,0.55,56.25
322023693f1f5f55,1,1.0,1.0,0.2405,21,1.0,4,0.5,0.9702,17,0.35,17.37
f44600c092b959f4,1,1.0,0.9542,0.2702,10,0.0,199,2.5,0.0,121,0.72,52.77
4e19d097005e55b5,1,1.0,1.0,0.1981,12,0.0,86,0.93,0.8544,16,0.37,14.57
ffcbf5f098625d83,1,1.0,1.0,0.1295,11,0.0,163,0.93,0.0,120,0.35,35.79
fe5bd33f199d5a64,1,1.0,1.0,0.2416,21,0.9808,6,0.7,0.9202,17,0.48,44.93
7b7ce3374d1e51dc,1,0.0,1.0,0.1935,42,1.0,38,0.82,1.0,18,0.53,7.06
f631a836a63855e0,1,1.0,1.0,0.2501,35,0.9892,13,0.39,0.8637,42,0.49,26.65
af3ca613840a5058,1,1.0,1.0,0.27,18,1.0,3,1.34,0.9403,12,0.51,28.21
424cdafd92f25209,1,1.0,1.0,0.0094,2,1.0,0,1.2,1.0,1,0.17,2.01
b4bcd9085faf5842,1,1.0,0.9947,0.0909,7,0.9492,2,1.04,0.9286,4,0.43,26.81
fec541917e3f5029,1,0.5833,1.0,0.2703,31,0.0,110,0.74,0.8895,35,0.25,35.89
6a8571daa3445923,1,0.0,1.0,0.1038,26,0.0,47,1.16,0.5833,26,0.24,7.06
1fc38f9fc93f5a29,1,1.0,1.0,0.2493,38,1.0,7,0.21,0.8721,41,0.76,26.65
330af4c06f715d2d,1,1.0,0.9884,0.1043,11,0.5833,31,0.57,0.962,3,0.12,15.19
956e3aa8415b5712,1,1.0,1.0,0.283,15,0.9464,11,0.5,0.688,81,0.48,22.58
e8dd949cee3c5f30,1,0.5833,1.0,0.0831,11,1.0,4,0.9,0.8627,12,0.28,16.46
4bb645483bf4594a,1,1.0,1.0,0.2243,41,1.0,9,0.85,1.0,17,0.57,26.65
bb1650a0e72e5b7d,1,1.0,1.0,0.0273,6,1.0,1,1.14,1.0,3,0.18,2.01
53400e82ca375c5f,1,1.0,1.0,0.0553,11,1.0,2,0.75,0.9198,10,0.66,5.21
0e850ac8266c552e,1,0.0,1.0,0.085,13,0.0,236,0.48,1.0,0,0.28,2.01
d8699a1844cc5541,1,1.0,1.0,0.1761,39,1.0,2,1.04,1.0,29,0.6,22.3
7beae7492ff45866,1,1.0,1.0,0.197,8,0.9872,1,0.95,0.9654,4,0.65,34.88
3f67051b121a5e43,1,1.0,1.0,0.16,23,0.5833,36,0.75,0.8697,26,0.32,12.89
73939fc4dcdf57c4,1,0.5833,1.0,0.0406,1,0.0,183,0.89,0.7597,4,0.84,23.44
f2722839a7ed50fe,1,1.0,1.0,0.2921,25,1.0,5,0.45,1.0,9,0.34,17.37
f94a9ce36b8e5516,1,1.0,1.0,0.2248,15,1.0,0,0.45,1.0,0,0.29,7.06
a1eab14904fc5807,1,1.0,1.0,0.2418,26,0.5789,76,0.8,0.8688,32,0.41,26.66
6227e5b0f0d4592e,1,1.0,1.0,0.1921,21,0.9248,19,0.54,0.8687,21,0.57,11.79
2f67d7af0e0d51a1,1,1.0,1.0,0.1377,24,0.5833,32,0.56,0.8327,25,0.48,12.2
f2280f25f98852c0,1,1.0,1.0,0.1863,25,1.0,5,0.5,0.8718,28,0.41,24.15
9c32ba9f42f75187,1,1.0,1.0,0.1096,24,0.0,70,1.1,1.0,18,0.8,7.06
5a907598a1985222,1,1.0,1.0,0.2483,24,0.9806,7,0.71,0.9576,11,0.35,52.77
76e0272a57f55674,1,1.0,1.0,0.1193,5,0.0,166,0.77,0.8902,6,0.47,36.83
f755005e289d5ccd,1,1.0,1.0,0.0804,20,1.0,15,0.85,1.0,16,0.56,22.3
83aba0a1454c59e4,1,0.0,1.0,0.0078,2,1.0,0,1.5,1.0,0,0.46,2.01
83d03e995ce55e9b,1,1.0,1.0,0.3067,31,0.8995,31,1.52,0.8922,33,0.21,17.37
36be99da12575896,1,1.0,1.0,0.0491,5,0.0,103,0.71,0.0,131,0.88,43.02
717d8be0b970524e,1,1.0,1.0,0.3742,13,1.0,3,0.33,1.0,4,0.29,17.37
d8952813d8de574d,1,1.0,1.0,0.2322,20,1.0,0,0.61,0.8749,25,0.45,29.32
a4581d8af5f755a9,1,1.0,1.0,0.5077,11,0.9284,8,1.02,0.9284,8,0.49,15.32
3b2fc0d01dbc50ce,1,1.0,1.0,0.5427,22,0.9258,16,1.14,1.0,0,0.39,17.37
e54deddcc84150be,1,1.0,0.9739,0.0634,6,0.5833,14,0.63,0.9348,4,0.28,10.24
179ea24426e95029,1,1.0,1.0,0.2647,31,1.0,1,1.28,1.0,12,1.05,44.22
6e10835f184d5921,1,1.0,1.0,0.1437,11,0.9978,4,0.92,0.1692,69,0.49,36.83
99e4c28a82735b10,1,1.0,1.0,0.3669,25,0.8947,25,0.87,0.8341,39,0.16,11.76
c53ae2fe6cc751e7,1,1.0,1.0,0.1114,11,0.0,155,0.58,0.0,147,0.49,15.13
d97244a589ca587f,1,1.0,1.0,0.1652,6,0.9143,5,0.7,0.9143,5,0.61,11.73
e6c8f0c4aaea52d7,1,1.0,1.0,0.0342,7,0.5833,7,0.33,1.0,5,0.54,2.01
11811a7320ab58db,1,0.5833,1.0,0.3177,19,0.0,205,0.97,0.9951,2,0.19,57.53
c2735759fe9957a5,1,1.0,1.0,0.2027,37,0.9431,29,0.56,0.9431,29,0.49,11.79
a9af1e73c9575428,1,1.0,1.0,0.1266,8,0.0,232,1.43,0.8562,11,0.49,29.45
88454b0190ff551f,1,0.0,1.0,0.3779,42,1.0,28,1.15,1.0,28,0.49,7.06
79322494f7975811,1,1.0,0.9871,0.0845,1,0.0,132,0.79,0.0,130,0.65,41.77
3b5ea54bfd575d68,1,1.0,1.0,0.1005,9,0.0,194,0.97,0.8623,10,0.75,28.59
16aa734bed8a5f81,1,1.0,1.0,0.0784,6,0.0,221,0.46,0.9293,5,0.41,8.59
411af42484ea5bb5,1,1.0,1.0,0.1415,13,0.5833,37,0.56,0.9816,3,0.28,22.82
73ce0b2145845c71,1,1.0,0.9045,0.0124,1,0.0,183,2.4,0.0,49,0.64,22.3
d2098ab3fc1953b3,1,0.0,1.0,0.2933,55,1.0,39,1.33,0.8333,68,0.72,30.35
771a9923745f59c5,1,0.5833,1.0,0.2292,11,0.0,150,1.1,0.0,237,0.74,57.53
19a718729d3a5e37,1,0.5833,1.0,0.0838,7,1.0,3,1.52,1.0,2,0.4,31.26
73c8918f6d995213,1,1.0,1.0,0.1856,17,0.0,173,0.6,0.9794,7,0.4,32.14
81b8a8b98a655f0f,1,0.0,1.0,0.2308,33,0.0,106,0.63,1.0,13,0.34,7.06
b48c29fc1bd15ca0,1,1.0,1.0,0.3334,65,0.9672,50,0.54,0.9185,63,0.33,22.3
ec68073cb7a15741,1,1.0,1.0,0.0179,4,0.0,57,0.26,0.0,57,0.37,2.01
e6f0e2d8ec345ad6,1,1.0,1.0,0.2225,11,0.0,149,1.36,0.8389,18,0.54,29.32
cbe3a6c80bfb5327,1,0.0,1.0,0.1589,27,0.0,68,0.48,0.5833,38,0.63,2.01
7fcf6a30139b5d3e,1,1.0,1.0,0.2021,26,0.5833,53,0.5,0.9194,22,0.26,24.15
46a90143da335a9a,1,1.0,1.0,0.0843,11,0.0,28,0.7,0.8121,14,0.38,7.06
17607267e8155496,1,1.0,1.0,0.5105,15,0.0,231,1.41,0.8128,64,0.69,22.3
9a1762340f11542c,1,1.0,0.9549,0.1585,7,0.0,81,1.54,0.0,74,0.79,46.82
d7bf550698b55562,1,0.5833,1.0,0.5284,67,0.5833,145,0.55,0.9092,58,0.25,44.22
d1c5fed75ec951fa,1,1.0,1.0,0.1025,9,0.9381,5,1.29,0.9138,7,0.66,39.9
29949ff80141506e,1,1.0,1.0,0.0601,3,0.0,71,1.23,0.9142,2,0.32,30.63
cbf0e5deee8956a9,1,1.0,1.0,0.4753,35,0.9331,27,0.4,0.8593,41,0.24,17.37
c41c11cf85b751e2,1,1.0,1.0,0.1252,11,0.0,101,1.56,0.9058,10,0.53,39.12
ea8e1b52032857e1,1,1.0,1.0,0.298,17,1.0,3,0.58,1.0,9,0.57,17.37
bbde51f27b4455c2,1,1.0,1.0,0.1211,16,1.0,5,0.67,0.8863,16,0.44,12.2
625bda810b66583a,1,1.0,1.0,0.1722,30,1.0,1,0.86,0.8782,33,0.38,28.05
8237f47b224952b4,1,1.0,0.923,0.0406,2,0.0,222,0.78,0.0,222,0.94,33.22
d532c0b3a43a52dc,1,1.0,1.0,0.1845,20,1.0,6,0.51,0.9132,18,0.5,23.84
91f7454802305af8,1,1.0,1.0,0.5027,17,0.9649,9,0.28,0.9991,5,0.21,17.37
c64ddb8e7b675aa3,1,1.0,1.0,0.2623,17,0.8623,20,2.14,0.7883,56,0.3,11.79
1968ed26cc315d75,1,0.5833,0.8333,0.0533,0,0.0,159,2.17,0.3476,19,0.8,17.57
d7c74666773f5575,1,1.0,1.0,0.1266,6,0.0,69,1.27,0.8432,10,0.4,24.74
5930f153954b5060,1,1.0,1.0,0.2722,3,1.0,0,2.08,0.8839,4,1.08,25.24
8c75e07d70c558df,1,1.0,1.0,0.0277,3,1.0,1,0.23,1.0,2,0.25,2.01
5cb436b6276f59ae,1,0.0,1.0,0.1195,18,0.0,240,0.57,1.0,14,0.71,8.08
2b34624bf9455480,1,1.0,1.0,0.1842,17,0.9896,4,0.72,0.9824,5,0.56,57.53
c6e19ffa3c34551c,1,1.0,1.0,0.295,10,0.9941,5,0.43,1.0,2,0.18,17.37
26a1ceab4d455a77,1,1.0,1.0,0.1225,12,0.9771,3,0.87,0.7587,27,0.95,35.84
9e9da0b49c475ca1,1,1.0,1.0,0.1563,17,0.5833,45,0.57,0.8851,19,0.19,23.84
c02bb4d7993e5bbb,1,1.0,1.0,0.1922,24,0.9931,9,0.61,0.832,34,0.43,29.32
ebc294355ca753b0,1,0.5833,1.0,0.0609,7,0.0,235,0.88,0.8287,9,0.3,13.83
0fb815b347a359ca,1,1.0,1.0,0.1524,17,1.0,1,0.39,0.9263,14,0.41,22.82
578a5ef598b9521f,1,0.0,1.0,0.2633,47,0.0,200,0.71,1.0,26,0.25,7.06
fb92846550d15dc1,1,1.0,1.0,0.0563,8,0.0,153,0.64,0.0,210,0.6,22.3
9baabb31eaac5335,1,1.0,1.0,0.1172,7,0.0,124,1.49,0.9002,6,0.51,43.02
33fcb42a03535525,1,1.0,1.0,0.1027,7,0.9414,2,1.75,0.8548,12,0.23,45.2
2376e90f1bf85c50,1,1.0,1.0,0.3167,29,0.9252,23,0.66,0.9213,24,0.2,7.06
8959015fc1fe5791,1,1.0,0.8422,0.0239,0,0.0,10,2.28,0.0,249,0.41,5.95
49a53d11de6d5b1d,1,1.0,1.0,0.1159,12,0.9929,7,1.44,0.9489,10,0.65,22.3
6fee6df4d64b5d9d,1,1.0,1.0,0.1986,12,0.9699,3,1.11,0.9699,3,0.5,57.53
e16ed6e841ee58cd,1,1.0,1.0,0.232,19,1.0,0,0.39,1.0,4,0.51,7.06
750b8c926ffd5895,1,1.0,1.0,0.0078,2,0.0,250,0.66,1.0,0,0.46,2.01
7fcd06d455d55572,1,1.0,1.0,0.0301,4,0.9554,3,0.76,0.0,95,0.61,23.44
2e5e4be9579d568d,1,1.0,1.0,0.3427,32,1.0,1,0.88,0.491,103,0.52,36.83
66a0abcb3eac57df,1,1.0,0.9985,0.2657,16,0.0,191,1.09,0.0,156,0.48,45.69
e38dd745e363544c,1,1.0,1.0,0.2879,37,1.0,6,0.51,0.942,28,0.2,26.65
831e535bf528567d,1,1.0,1.0,0.1413,13,1.0,5,0.46,0.8926,13,0.18,17.37
9e28afceaa155cf4,1,1.0,1.0,0.0101,2,0.0,250,0.48,1.0,0,0.31,2.01
ed2a869a8d1c5eb7,1,1.0,0.9733,0.4671,3,0.9261,2,0.98,0.9261,2,0.58,12.2
601eee0a0e2d52a3,1,1.0,1.0,0.0195,5,1.0,0,0.35,1.0,4,0.55,2.01
3fbc15dbb18756ba,1,1.0,1.0,0.1342,19,1.0,3,0.77,1.0,10,0.4,19.73
dc8554c53a2a5afc,1,1.0,1.0,0.4721,44,0.98,29,1.1,0.6493,132,0.47,22.82
e4ae770961c15455,1,1.0,1.0,0.6257,27,0.9811,16,0.65,0.8189,166,0.4,17.37
a924eaf3a0c35078,1,0.5833,0.976,0.174,12,0.0,180,0.81,0.9168,9,0.29,27.41
9276407219215151,1,0.5833,1.0,0.1109,10,0.5833,26,0.54,0.8698,12,0.49,19.24
7f47c3fca9075a31,1,1.0,1.0,0.0711,4,0.9448,2,1.09,0.0,156,0.56,35.12
7d40448fd04e5e28,1,1.0,1.0,0.3628,12,0.9292,11,1.07,0.9292,11,0.33,17.37
aabb4c5a82d65945,1,1.0,1.0,0.1253,12,0.5833,33,0.76,0.8946,12,0.44,21.68
488dd191f7dc59a8,1,1.0,1.0,0.1698,5,0.0,179,0.92,0.4598,52,0.45,40.31
41890b20b92953b4,1,1.0,1.0,0.0748,6,0.0,136,0.42,0.4412,24,0.46,36.83
9c13995a8a285f90,1,1.0,1.0,0.2772,22,1.0,6,0.61,0.984,17,0.42,17.37
bcdaa4a47f925ebb,1,1.0,1.0,0.0241,5,0.5833,5,0.51,1.0,3,0.32,2.01
4bb2fc18f5ee5dcb,1,1.0,0.9882,0.3135,3,0.9882,0,1.13,0.8986,3,0.64,12.25
56fe5be4b9dc5c77,1,1.0,0.9493,0.0233,4,0.0,45,0.19,0.9493,0,0.29,5.95
0563edc821b6543d,1,0.0,1.0,0.0326,6,0.0,67,0.52,1.0,5,0.56,2.01
abdf3c37dc03596c,1,1.0,0.9899,0.0789,4,0.9243,1,2.39,0.9017,3,0.18,45.2
e9c2ed7aa8275015,1,1.0,0.9999,0.0849,6,0.0,214,1.37,0.9647,2,0.7,46.82
70d9d518ad0f5382,1,1.0,1.0,0.0828,7,1.0,2,0.99,0.0,68,0.58,24.15
609d74e2399c53ad,1,0.5833,0.9497,0.039,2,0.0,65,0.93,0.8353,6,0.39,8.59
e1540b19efec5d97,1,1.0,1.0,0.0881,11,0.9684,4,1.05,0.8529,13,0.71,13.6
bf1d8c493e7458d2,1,1.0,0.9392,0.3128,4,0.9392,0,0.99,0.0,190,0.7,15.37
963324efc6715315,1,1.0,1.0,0.1001,15,0.5833,25,0.65,0.7679,22,0.56,22.3
3128b8da22c75dd0,1,1.0,1.0,0.0431,3,0.9415,1,1.2,0.8921,3,0.91,28.21
200c447283ed50eb,1,1.0,1.0,0.0992,13,0.9989,4,0.7,0.0,138,0.25,57.53
e6206364da5b51f3,1,1.0,1.0,0.3622,31,0.9704,15,0.56,1.0,1,0.3,32.82
c9459a7641335bba,1,1.0,1.0,0.3765,14,0.9948,6,0.62,1.0,5,0.42,17.37
7aed9edff97256c0,1,1.0,0.9603,0.0167,2,0.9603,0,1.01,0.9603,0,0.36,30.89
1a3c8066b86857b5,1,1.0,1.0,0.1212,18,1.0,0,0.56,1.0,2,0.73,18.54
48109ecc22f65d58,1,1.0,1.0,0.0101,2,0.0,250,0.33,1.0,0,0.32,2.01
a00a4902bd105b99,1,1.0,0.9163,0.0093,1,0.0,180,0.7,0.0,17,1.07,21.68
b1f641fdea505c99,1,1.0,1.0,0.2092,30,0.5833,48,0.41,0.9272,26,0.3,26.66
f57f56e799be599f,1,1.0,0.9622,0.0326,4,0.9622,0,0.5,0.9182,3,0.3,5.95
075cf94c3db15021,1,1.0,1.0,0.063,13,0.0,103,0.7,1.0,2,0.49,28.05
97628f2e9ee55826,1,1.0,0.9823,0.1894,6,0.0,110,1.31,0.9049,5,0.43,43.02
cd96f8a73c7a5d07,1,0.5833,1.0,0.1511,12,0.0,137,0.36,0.8688,15,0.32,26.65
95528bd014555540,1,1.0,1.0,0.4299,9,1.0,1,0.54,1.0,3,0.26,17.37
b66db24cee7957a2,1,1.0,1.0,0.1064,8,0.9895,3,0.61,0.8473,8,0.53,17.71
9a94341d994d5ec9,1,0.5833,1.0,0.3293,38,0.9898,12,0.65,0.8944,39,0.52,44.22
3251e54ebe415e5c,1,0.0,1.0,0.0231,3,0.0,16,0.7,1.0,2,0.11,2.01
cff12b59b73c537e,1,1.0,1.0,0.0686,16,0.0,113,0.58,0.0,94,0.69,17.71
72b0f2dcaf1f59a1,1,1.0,1.0,0.1297,10,0.9666,4,0.37,0.838,16,0.64,18.66
5e48f684248053bd,1,1.0,1.0,0.0078,2,1.0,0,0.49,1.0,1,0.29,2.01
ba7da1b0100054f4,1,1.0,1.0,0.1751,15,0.9508,6,0.99,0.8849,18,0.29,35.79
d90d4f05ebde5bed,1,1.0,0.9787,0.1091,9,0.5833,32,0.28,0.9291,6,0.1,15.51
792d9ff087745f33,1,1.0,1.0,0.1916,15,1.0,3,0.38,1.0,3,0.33,17.37
56af8eae4788597f,1,1.0,1.0,0.2851,14,1.0,1,0.35,1.0,3,0.37,17.37
facc11b0d1075018,1,1.0,1.0,0.2819,18,0.984,4,1.06,1.0,1,0.49,48.36
8f41958d23a65c48,1,1.0,1.0,0.0702,9,0.9606,2,0.87,0.0,42,0.8,38.61
f2fdedb5a4ba5c4c,1,1.0,1.0,0.1955,9,0.5118,54,2.24,0.901,8,0.44,14.45
6dca7faa6d145d77,1,1.0,1.0,0.5917,56,0.951,34,0.98,0.8806,58,0.58,22.3
250389f21dee5793,1,1.0,1.0,0.1233,7,0.9521,5,1.27,0.8201,9,0.59,13.6
c21ec33e15b458a1,1,1.0,1.0,0.143,11,0.0,64,0.88,0.0,74,0.51,52.77
def10158059d5eb1,1,1.0,1.0,0.1251,29,1.0,0,0.47,0.0,231,0.53,22.3
fe4e5fdf88195cfa,1,1.0,1.0,0.0599,12,0.9584,7,0.68,0.9584,7,0.23,17.76
96f19d920d5558e9,1,1.0,1.0,0.3529,25,0.9406,14,1.28,0.9753,11,0.4,17.37
fd38927a12a152fa,1,1.0,0.9685,0.2031,10,0.9685,0,0.88,0.9127,7,0.38,26.81
b619e01b47775ec5,1,1.0,1.0,0.153,3,1.0,0,1.57,0.8785,4,0.68,25.24
77398398b6c550c2,1,1.0,1.0,0.1866,6,0.9435,4,1.5,0.9207,5,0.62,22.69
39147f08f4645365,1,1.0,1.0,0.2237,21,0.0,231,0.72,0.9758,6,0.54,42.02
d0785c050c1350e7,1,0.0,1.0,0.4069,70,0.0,215,0.43,1.0,24,0.43,26.65
7779c453de865aff,1,1.0,1.0,0.179,12,0.9551,5,1.15,0.9271,9,0.33,46.82
f096ff143e815978,1,1.0,1.0,0.1013,20,0.995,11,0.4,0.8518,22,0.87,11.79
be851166b6665891,1,1.0,0.9995,0.1543,9,0.9392,5,1.56,0.9026,8,0.49,48.36
85005d733df9577f,1,0.0,1.0,0.0443,9,0.0,109,0.83,1.0,7,0.31,2.01
66d5ea23c45c51c4,1,0.5833,1.0,0.2009,18,0.5833,51,0.25,0.9104,15,0.42,30.35
20ffc5c3de7c591a,1,1.0,1.0,0.1607,14,0.9566,8,1.05,0.8856,15,0.45,26.65
e247c988c28957fc,1,1.0,1.0,0.0323,3,1.0,0,0.97,0.5166,9,0.75,23.33
a0bc34982a4555ac,1,1.0,1.0,0.1283,18,0.5833,31,0.45,0.7934,26,0.22,16.46
27e100e5fd605194,1,1.0,1.0,0.3525,47,1.0,9,0.89,0.9107,45,0.29,44.22
78a46fe48bf15051,1,1.0,0.9923,0.446,9,0.9292,4,1.47,0.9025,7,0.6,19.26
3afb7780247f51bb,1,1.0,1.0,0.1524,15,0.9742,7,0.95,0.9002,14,0.53,26.81
45e6bebee4305fb6,1,1.0,0.9726,0.0237,4,0.0,15,0.67,0.9244,3,0.36,5.95
0992d669b9a25a25,1,1.0,1.0,0.0761,6,0.9565,1,1.89,0.8556,11,0.33,45.2
f1b8c54a906f525e,1,1.0,1.0,0.1406,25,1.0,7,0.6,0.0,156,0.36,7.06
ab19982dd5cd57ac,1,0.0,1.0,0.1266,26,0.0,62,0.56,1.0,15,0.45,7.06
17b0992157365222,1,0.0,1.0,0.1068,13,0.0,122,1.29,1.0,1,0.63,22.3
5e092c66c1bf5f3b,1,1.0,0.9428,0.0254,2,0.0,144,1.35,0.0,211,0.56,34.68
dce2c9983a00588e,1,1.0,1.0,0.11,11,0.5833,29,0.52,0.8601,14,0.25,16.32
2e9c19d0168c58ac,1,1.0,1.0,0.3976,11,0.9639,6,0.25,1.0,2,0.55,17.37
6322316826a2547a,1,1.0,0.9969,0.145,8,0.0,193,1.64,0.0,247,0.4,42.67
8b90b26a4deb5019,1,1.0,1.0,0.2325,16,1.0,6,0.35,1.0,2,0.38,17.37
6363aa6d3d715e03,1,1.0,1.0,0.0228,2,0.0,163,1.33,0.0,180,0.32,28.21
b8bd18a1ccf45918,1,1.0,1.0,0.5773,38,0.9666,17,0.64,0.794,145,0.33,22.82
20d3a5f5b9e6549f,1,1.0,1.0,0.1442,19,1.0,3,0.82,0.944,14,0.72,19.26
e0b7d625d3f55cd8,1,1.0,1.0,0.1725,8,0.943,5,1.22,0.4949,47,0.39,32.82
c617243cb58658eb,1,1.0,0.9981,0.213,6,0.0,162,1.36,0.9116,5,0.26,46.82
984c4c329ba05bd2,1,1.0,1.0,0.028,6,1.0,1,0.33,1.0,4,0.32,2.01
e40bf2ac511950c4,1,1.0,1.0,0.3966,16,0.9548,7,0.79,0.9873,2,0.67,32.14
3971312f7bb55ea2,1,0.5833,1.0,0.1872,20,0.5833,50,0.57,0.8921,20,0.34,26.65
32a9021303f65743,1,1.0,1.0,0.1131,26,0.0,138,0.99,1.0,5,0.39,26.66
9dff2b84ff305fff,1,1.0,1.0,0.175,18,0.996,6,1.06,1.0,0,0.85,44.22
dfa06e9592e65896,1,1.0,1.0,0.1454,8,0.0,71,1.45,0.9075,7,0.24,46.82
d781ee7dce4a5351,1,1.0,1.0,0.3507,11,0.9294,10,0.4,0.8566,13,0.16,17.37
f5ebfa68c2315d0c,1,1.0,1.0,0.0133,3,1.0,0,2.72,1.0,2,0.43,2.01
85ee18c706cf5966,1,1.0,1.0,0.097,12,0.9606,7,0.48,0.9606,7,0.48,15.13
ed166d61f7435477,1,1.0,1.0,0.0471,5,0.937,4,1.23,0.7942,10,0.43,18.54
0b2839db08ae5ed6,1,1.0,1.0,0.0561,2,0.0,133,1.31,0.8763,5,0.56,30.89
0cbeffce57295a2b,1,0.0,1.0,0.0859,15,0.0,234,0.36,1.0,13,0.34,2.01
dd4483f390725319,1,1.0,1.0,0.0198,1,0.5833,1,0.97,0.1599,14,0.41,8.59
8612b2c9d3875ac2,1,1.0,1.0,0.1572,9,1.0,4,0.66,0.9572,7,0.52,14.2
7c94fd89afb95a88,1,1.0,1.0,0.0964,15,0.0,138,0.65,0.0,138,0.29,12.89
1e751703427e5a3c,1,1.0,1.0,0.1987,10,0.9681,4,1.19,0.1633,74,0.42,46.82
54d3c4a139e75250,1,1.0,1.0,0.151,11,1.0,0,0.55,1.0,0,0.49,17.76
80c267878c6a54fa,1,1.0,1.0,0.3932,12,0.8891,12,1.02,0.9569,7,0.57,17.37
e0d14f6cb7df526e,1,1.0,1.0,0.3285,59,1.0,3,0.69,0.9923,39,0.44,30.35
8c2841e7cecf5047,1,1.0,1.0,0.1792,19,0.5833,46,0.71,0.9466,8,0.35,23.84
4509bc830bbc5fbd,1,1.0,1.0,0.1178,28,1.0,0,1.11,1.0,13,0.68,22.3
69e3344606a55c73,1,1.0,1.0,0.1473,9,0.9368,5,0.57,0.9255,6,0.65,15.21
fb3e4b836ab758db,1,1.0,1.0,0.0477,6,0.9374,5,0.9,0.9374,5,0.53,28.45
8564551c362e5f26,1,1.0,1.0,0.1643,16,0.9831,3,0.92,0.9831,3,0.41,57.53
3968adecd59c551e,1,1.0,1.0,0.1284,19,0.0,115,1.0,0.9383,14,0.15,11.79
1559a9e324d6519d,1,0.5833,1.0,0.204,20,0.0,207,0.37,0.7427,45,0.63,37.88
eb81d53204735bcc,1,1.0,1.0,0.179,30,1.0,5,0.73,0.8931,30,0.61,17.37
dddf14378c355c3a,1,1.0,0.988,0.1156,7,0.988,0,1.34,0.0,153,0.52,39.9
be0ac32b1590510e,1,1.0,1.0,0.3757,19,0.9114,17,0.67,0.7005,96,0.27,15.21
64edcbd39d2b5f08,1,1.0,1.0,0.1804,16,0.9906,3,0.96,0.5608,21,0.63,57.53
2a764e45008651e0,1,0.5833,1.0,0.3209,30,0.5518,93,0.46,1.0,20,0.49,26.65
86e62e65d9095907,1,1.0,0.9757,0.1394,8,0.0,61,1.27,0.0,202,0.77,46.82
64b6d412bf15576e,1,1.0,1.0,0.1725,5,0.9719,2,0.97,0.0,214,0.5,18.66
bd0dd422fbc152e5,1,1.0,0.9961,0.169,6,0.9678,1,1.51,0.9079,5,0.48,46.82
697f7ae6d60f5f2d,1,1.0,1.0,0.0825,17,0.0,104,0.57,0.0,165,0.87,26.65
3fd20b372fd15206,1,1.0,1.0,0.2316,35,0.9858,15,0.45,0.9858,15,0.97,44.22
8551111013245067,1,0.0,1.0,0.0146,2,0.5833,3,0.48,1.0,0,0.34,2.01
0dfdaa7ed7445e7c,1,1.0,0.9627,0.1324,5,0.9627,0,1.32,0.0,218,1.08,30.63
018ba0bc5f145074,1,1.0,1.0,0.0785,6,0.0,36,0.4,0.8521,7,0.52,22.58
898e245e2b0056b0,1,1.0,1.0,0.2109,25,1.0,0,0.45,1.0,4,0.26,7.06
f3572fcbcd285f1e,1,1.0,1.0,0.1134,20,1.0,15,0.71,0.0,170,0.74,26.65
63bd566666b75e4a,1,1.0,1.0,0.2956,18,0.9627,7,1.02,0.8946,20,0.6,43.02
179ca3af622e5e0d,1,0.5833,0.911,0.0294,3,0.5652,8,0.24,0.5652,8,0.48,2.95
28d8f3699547568b,1,0.5833,1.0,0.0932,10,0.5629,25,0.85,0.0,99,0.68,31.26
0d50bb8976e45ea7,1,1.0,1.0,0.0402,8,0.0,217,0.45,0.7809,8,0.49,26.65
6907f601feee5114,1,1.0,1.0,0.1804,17,1.0,0,0.8,0.7992,36,0.4,26.66
5491f2f619e25dfb,1,1.0,1.0,0.2695,30,0.9694,13,1.07,0.9471,19,0.52,49.57
55368b53e7ba5dda,1,1.0,1.0,0.2297,32,0.9776,23,0.59,0.5511,57,0.47,26.65
f8e036dd79a954d6,1,1.0,1.0,0.0101,2,1.0,0,0.18,1.0,1,0.17,2.01
39fde97003dd540e,1,1.0,0.9764,0.0304,1,0.0,244,0.62,0.8311,1,0.57,8.08
7c30e0debf0c532b,1,1.0,1.0,0.1393,17,1.0,0,0.68,1.0,7,0.35,7.06
e814805effdb5b56,1,1.0,0.9581,0.3417,2,0.0,228,1.15,0.0,177,0.67,15.32
3e68b96c1d745820,1,1.0,1.0,0.1279,6,0.0,72,1.46,0.8435,10,0.47,24.74
8647866881f3587e,1,0.5833,0.9311,0.0806,2,0.0,82,1.81,0.8382,6,0.86,15.87
ec1dd3d02f035d78,1,1.0,1.0,0.1391,5,0.9885,3,1.02,0.0,52,0.33,18.66
4501554f824e59fc,1,1.0,1.0,0.0518,12,0.0,232,0.4,0.0,229,1.8,22.83
ebb1e037f19b5c55,1,1.0,1.0,0.1188,9,0.9792,1,0.79,0.9036,8,0.48,38.61
afe18a576559502d,1,1.0,1.0,0.2254,21,1.0,0,0.54,0.9786,8,0.42,33.54
dbadf83c8bc85324,1,1.0,0.9223,0.3863,2,0.9151,1,1.39,0.7987,8,0.58,12.2
c0a12f1497045322,1,1.0,1.0,0.1569,9,0.8333,17,2.16,0.0,228,0.79,39.9
3fac271cd0795af0,1,0.5833,1.0,0.2272,19,0.5833,52,0.43,0.8817,21,0.45,32.82
b3c1a2ac292d5e3f,1,1.0,1.0,0.4067,14,1.0,1,0.16,1.0,2,0.27,17.37
a5db7f072b0a58d4,1,1.0,1.0,0.1209,8,0.9178,7,1.62,0.8666,10,0.64,30.89
1893fb783df95146,1,1.0,1.0,0.4574,25,1.0,2,1.36,1.0,6,0.23,31.26
6cec94a1d70c5cf4,1,1.0,1.0,0.057,4,0.9193,3,1.53,0.9193,3,0.57,34.98
beaa12171da45b46,1,1.0,1.0,0.0928,6,0.9685,2,0.93,0.9685,2,0.23,48.36
680f4753a59c5a24,1,0.5833,0.8386,0.02,0,0.0,240,1.0,0.0,19,0.8,7.83
3eaee893ba995c48,1,1.0,1.0,0.3804,21,1.0,6,0.36,1.0,6,0.19,17.37
e797167404675bfa,1,1.0,0.9403,0.2219,4,0.9199,1,2.65,0.9151,2,0.46,35.14
c810620e645e53b8,1,1.0,1.0,0.2144,39,1.0,9,0.8,1.0,28,0.28,22.3
e668948b1c0f5b82,1,1.0,1.0,0.1528,22,0.0,124,0.91,0.0,91,0.46,24.15
43fd9868f2ed549f,1,1.0,0.9704,0.1775,5,0.9578,1,2.01,0.9166,4,0.68,48.36
b504737fcab3545b,1,1.0,1.0,0.1321,15,1.0,4,0.65,0.7559,29,0.61,26.66
45b494315ca85268,1,1.0,1.0,0.2769,36,0.9935,11,0.43,0.9555,21,0.3,26.65
d01d51c26594547c,1,1.0,1.0,0.2518,26,0.9957,14,0.56,0.9957,14,0.44,36.83
8848228852a65400,1,1.0,1.0,0.2649,36,1.0,10,0.53,1.0,5,0.11,17.37
04582784acfe5725,1,1.0,1.0,0.1171,12,0.9975,6,0.36,1.0,1,0.46,14.2
0f49301527005b0e,1,1.0,1.0,0.0992,10,0.9436,6,1.4,0.0,111,0.51,43.88
4745746f9a555951,1,1.0,1.0,0.162,19,0.9872,6,0.52,0.98,8,0.41,24.15
8cf86f67f10f574a,1,1.0,1.0,0.2044,26,1.0,9,0.4,0.913,22,0.34,26.65
2184b01d59d4550c,1,0.0,1.0,0.0117,3,0.0,86,0.47,1.0,1,0.42,2.01
e7d6dc36775b52cc,1,1.0,1.0,0.2142,22,1.0,10,0.65,1.0,8,0.47,7.06
cdab92d3f2d955db,1,1.0,1.0,0.4615,33,1.0,20,0.67,0.7946,114,0.37,7.06
f0fb575adb8a5171,1,1.0,1.0,0.0666,8,0.9802,6,0.78,0.756,14,0.73,17.71
9d423dea34235b41,1,1.0,1.0,0.2206,22,0.9299,16,1.21,0.7361,49,0.48,17.71
0777f5a7263758be,1,1.0,1.0,0.1457,16,0.0,56,0.59,1.0,6,0.29,17.37
abd6e8c330ea5694,1,1.0,0.9613,0.0546,3,0.0,152,0.6,0.773,9,0.4,12.89
f1041299a1a059f5,1,1.0,1.0,0.2956,16,0.945,11,0.54,0.6864,85,0.43,22.58
3328705b7cf0517a,1,1.0,0.925,0.0528,1,0.925,0,3.03,0.8528,3,1.12,26.81
8bdf510cc78751f1,1,1.0,1.0,0.1311,12,0.5833,29,0.32,0.6634,25,0.36,15.13
e24d893472bf5ce0,1,0.0,1.0,0.1667,36,0.0,82,0.29,1.0,29,0.3,7.06
73e0459194ce577f,1,1.0,1.0,0.433,33,1.0,1,0.48,1.0,11,0.32,17.37
0774f845fe6b5de3,1,1.0,1.0,0.0892,12,1.0,2,0.88,1.0,9,0.5,17.76
f9720f622fd4511b,1,1.0,1.0,0.066,13,0.0,24,0.96,0.8788,13,0.27,12.2
69f1c6885a4859c9,1,1.0,1.0,0.1415,13,0.9594,8,1.05,0.9231,10,0.54,45.2
41f86f5fb97d505c,1,1.0,1.0,0.0959,6,0.0,182,1.17,0.8743,8,0.34,30.89
17ea7a2cc29957fa,1,0.0,1.0,0.1693,33,0.0,78,1.18,1.0,21,0.73,7.06
c87001c4251e559a,1,1.0,1.0,0.2261,32,0.9883,11,0.32,1.0,7,0.41,22.82
a164681774715cea,1,0.5833,1.0,0.1887,17,0.5833,41,0.62,0.914,15,0.3,29.32
f5a6d648a71e5d47,1,1.0,1.0,0.3873,21,0.9389,18,0.64,0.9774,16,0.31,17.37
9d5e6089bd0d5caf,1,1.0,1.0,0.3395,34,0.9932,26,0.36,0.5244,86,0.26,30.35
758cc7a721c2546d,1,0.5833,1.0,0.2933,28,0.5833,72,0.34,0.9121,21,0.4,34.68
ad8f9de7692d5f59,1,1.0,1.0,0.0632,7,1.0,0,0.28,0.9505,2,0.09,12.2
e10fd359f695575f,1,1.0,1.0,0.2278,29,1.0,0,0.4,0.9288,20,0.38,42.02
9048dd95941958d8,1,1.0,1.0,0.0124,2,0.0,250,0.56,1.0,0,0.32,2.01
05769097cb6c5b91,1,1.0,0.9822,0.2344,8,0.9598,1,1.33,0.9442,4,0.3,34.88
b648072650cc5932,1,1.0,1.0,0.1868,39,0.0,129,0.66,1.0,28,0.41,22.3
ec8a3deaeb1a53ac,1,1.0,1.0,0.5147,32,0.9575,25,0.37,0.8771,34,0.37,17.37
baa0c0c3397d5ed5,1,1.0,1.0,0.2092,17,0.9802,5,0.76,0.9573,8,0.4,52.77
69ad18166f085da8,1,1.0,1.0,0.0365,7,1.0,0,0.57,1.0,5,0.21,2.01
b8b9e355618b58cd,1,1.0,1.0,0.2247,16,0.849,21,3.03,0.7937,48,0.25,14.2
3f64ff364b585a3b,1,1.0,0.9943,0.4872,7,0.9943,0,1.45,0.9043,6,0.72,12.25
54718dd05cad553a,1,1.0,1.0,0.0482,6,1.0,0,1.2,0.931,4,0.29,7.15
85649e978e60550d,1,1.0,0.9923,0.1172,5,0.9654,2,0.89,0.858,6,1.18,22.69
5a41a7f756c551ce,1,1.0,0.9121,0.0298,1,0.5833,7,0.68,0.0,120,0.84,21.68
42629decf8ad5328,1,1.0,1.0,0.4201,76,1.0,12,0.76,1.0,14,0.4,30.35
b9e84e372b3958ac,1,1.0,0.9667,0.0615,7,0.5833,16,0.25,0.9667,0,0.38,10.24
7e862e783690532d,1,1.0,1.0,0.0551,6,1.0,2,0.65,0.0,230,1.59,5.95
69d75ac905035187,1,1.0,1.0,0.141,10,0.952,4,1.49,0.9012,9,0.56,39.12
f2d4e4b013a3579e,1,1.0,1.0,0.066,9,0.0,76,0.47,0.0,219,0.44,26.65
260d8dc1970256a0,1,1.0,1.0,0.1817,16,0.9895,4,0.81,0.5833,19,0.36,57.53
24cad1842cf15f29,1,1.0,0.9095,0.1207,1,0.0,215,1.64,0.8952,1,0.57,34.68
e00c640657fb5895,1,1.0,1.0,0.0481,9,0.9731,2,1.63,0.9703,3,0.87,45.2
8db638d42ddc59f2,1,1.0,1.0,0.0117,2,1.0,0,0.67,1.0,1,0.25,2.01
62fc6bfdfba650ed,1,1.0,1.0,0.014,3,0.5833,3,0.39,1.0,0,0.52,2.01
cbcd554895c75231,1,1.0,0.9954,0.0327,2,0.0,81,0.91,0.0,88,0.66,28.45
44de6aa3d6955912,1,1.0,1.0,0.1235,10,0.0,112,1.58,0.5347,27,0.49,15.13
de80647014f35dbb,1,1.0,1.0,0.1675,11,0.94,7,1.38,0.8627,13,0.59,45.2
d2440edd19d954b5,1,0.5833,1.0,0.1718,37,0.0,233,1.14,0.0,105,0.24,17.37
c9628d0526bb58c5,1,1.0,0.9642,0.1485,6,0.9419,1,1.89,0.8692,10,0.56,38.82
e7daf964463c530b,1,0.2917,1.0,0.1515,36,0.0,99,2.2,0.0,77,0.59,7.06
a7aa2b49e81b5d4f,1,1.0,1.0,0.2032,9,0.9431,4,1.75,0.9056,7,0.37,48.36
6666f491ef505a49,1,1.0,1.0,0.1538,5,0.0,75,0.83,0.0,201,0.46,22.83
963a72ef9c615033,1,1.0,1.0,0.099,3,0.0,211,0.65,0.9732,1,0.49,15.21
e656eb8f3cdf590c,1,1.0,1.0,0.2663,42,0.0,123,1.02,1.0,8,0.51,30.35
f958234391c05be3,1,1.0,0.9797,0.0239,4,0.0,15,0.98,0.9334,3,0.33,5.95
862ca192b71f5d93,1,0.0,1.0,0.4548,34,0.0,191,0.35,0.5833,130,0.48,17.37
fd3b8f88745c5c2d,1,1.0,1.0,0.2693,45,0.9618,39,0.6,1.0,26,0.2,17.37
d64abcb201245b5a,1,0.5833,1.0,0.1084,23,0.0,103,1.44,0.0,103,0.78,26.66
3fa1e0c2313358ba,1,1.0,1.0,0.4326,47,0.9776,25,0.8,0.7182,114,0.17,15.21
77ae9dba6f05550d,1,1.0,1.0,0.2781,7,0.5428,74,1.24,0.878,11,0.31,48.36
c5709bf1224a5401,1,1.0,1.0,0.1542,15,0.9776,5,1.53,0.9414,9,0.56,44.22
4b3302a602155f76,1,1.0,1.0,0.2548,32,1.0,1,0.77,0.9248,26,0.39,33.22
c738206669ed589c,1,1.0,1.0,0.0078,2,1.0,0,0.71,1.0,0,0.32,2.01
1d811c0428d255cd,1,1.0,1.0,0.2238,12,0.9875,6,0.16,1.0,2,0.23,17.37
afe83cb6c0ae5f67,1,1.0,1.0,0.1445,4,0.0,202,1.16,0.0,202,0.36,43.02
d6353a288d0b545d,1,1.0,1.0,0.1659,17,1.0,8,0.4,1.0,8,0.3,17.37
6fe374eabe7b5dea,1,1.0,1.0,0.1686,13,0.9955,5,0.85,0.0,114,0.55,57.53
190c8d0cece45af1,1,1.0,1.0,0.1549,25,1.0,6,0.74,1.0,13,0.48,26.65
a7cf529d15425b63,1,1.0,1.0,0.0227,5,1.0,0,0.37,1.0,0,0.49,5.95
6b678e4f19c05dea,1,1.0,1.0,0.3423,29,0.9979,11,0.84,0.9979,11,0.61,44.22
88f90b93bbf255ad,1,1.0,1.0,0.1186,11,0.9541,4,1.25,0.0,208,0.65,51.63
07d45fff78625de2,1,1.0,1.0,0.1373,19,1.0,6,0.86,1.0,5,0.3,15.21
4b9402651fd85547,1,1.0,1.0,0.0922,7,0.5833,23,0.34,0.8603,13,0.19,15.13
6e7339e7dc70532a,1,1.0,1.0,0.4257,10,0.8863,12,1.62,1.0,3,0.54,17.37
96bf2644106456f6,1,0.5833,1.0,0.2736,46,0.0,95,0.67,0.9433,35,0.38,44.22
6a3518e83ad751f6,1,0.0,1.0,0.2347,44,0.0,166,0.51,1.0,30,0.27,19.73
589c06909f1c5c27,1,0.5833,1.0,0.2,25,0.5833,50,0.63,0.942,18,0.18,24.15
0613d88c01b453c9,1,1.0,1.0,0.2822,27,1.0,2,1.74,0.9821,4,1.26,48.36
f0a6222ab3e55174,1,1.0,1.0,0.2026,20,0.0,240,0.57,0.9545,16,0.83,15.32
ed95bd64d5a555c8,1,0.5833,0.9599,0.1478,7,0.5833,37,0.9,0.7808,26,0.64,22.37
ad47566ea29a57bf,1,1.0,1.0,0.0286,3,0.0,129,0.84,0.7579,6,0.32,24.15
0bb13e6e40385c18,1,1.0,1.0,0.1503,24,0.5833,35,0.49,0.8063,29,0.38,15.21
d9cf5623b4f85cad,1,1.0,1.0,0.1793,20,1.0,0,0.38,0.9316,15,0.19,22.82
b5d0bfdf09375423,1,0.0,1.0,0.1589,34,0.5833,42,0.55,1.0,14,0.38,7.06
4900cab7493059e2,1,1.0,1.0,0.2196,24,0.5833,52,0.62,0.9929,9,0.4,23.84
824944b52b98552b,1,1.0,1.0,0.085,15,0.0,206,0.49,0.8379,16,0.57,12.2
8d63ae7a5eec54da,1,0.0,1.0,0.0482,10,0.0,247,0.7,1.0,7,0.18,2.01
4e1193a7697853ba,1,1.0,1.0,0.2136,13,0.9696,4,1.51,0.9468,5,0.67,48.36
8777c80c80ad53e8,1,1.0,1.0,0.0062,1,1.0,0,0.52,0.5833,1,0.43,2.01
177b58cd935356f2,1,0.5833,1.0,0.1437,26,0.9889,14,0.86,0.9944,13,0.55,20.43
348680e464e15fa2,1,1.0,0.9893,0.1548,7,0.9638,2,0.99,0.9187,5,0.34,35.12
93e2f4fc13a35269,1,1.0,1.0,0.1307,16,1.0,0,0.47,0.9569,6,0.27,12.2
581b5ae61b1c569d,1,1.0,1.0,0.1085,16,0.9269,15,0.57,0.9716,8,0.5,7.06
f4458a9c09795afa,1,1.0,1.0,0.1068,25,0.0,76,1.6,1.0,2,0.51,7.06
1bd8492a6487562f,1,1.0,1.0,0.1121,11,0.9755,6,0.43,1.0,1,0.33,15.13
f0297d1838cd5b1f,1,1.0,1.0,0.1017,12,0.9514,10,0.54,0.8596,15,0.13,10.24
f8b8b8ee49205def,1,1.0,1.0,0.2489,11,0.9599,5,1.68,0.0,218,0.52,22.3
d66a4334c9625c4a,1,1.0,1.0,0.1811,17,0.9761,6,0.73,0.0,135,0.37,36.83
71adcc94aa6856a6,1,1.0,1.0,0.0904,14,0.0,40,0.84,0.8102,19,0.24,7.06
365c0937de9d5885,1,1.0,1.0,0.3324,10,0.9392,4,1.12,0.8938,12,0.14,12.54
04377176d16d5a0f,1,1.0,1.0,0.1833,21,1.0,5,0.36,0.996,9,0.47,26.65
45b4f09799295069,1,1.0,1.0,0.4862,29,0.9469,22,1.1,0.903,28,0.49,14.37
a1fa084b258b5672,1,1.0,1.0,0.4387,39,0.9632,26,0.83,0.9595,27,0.25,22.82
0c8b9f08bfa25dc2,1,1.0,1.0,0.1434,16,1.0,3,0.98,1.0,3,1.17,44.22
0ee0c8c2556c506a,1,1.0,1.0,0.286,64,1.0,52,1.09,1.0,19,0.46,22.3
ae643fddc1195062,1,1.0,1.0,0.2038,34,0.9991,28,0.41,1.0,18,0.19,7.06
44cc84f91c6b5bf5,1,1.0,1.0,0.3766,11,0.9426,6,0.74,1.0,0,0.38,17.37
cd7568df56095ff2,1,1.0,1.0,0.0843,20,1.0,0,0.63,0.0,231,0.43,22.3
adfc4abb1c4d50b3,1,0.0,1.0,0.2572,54,1.0,29,1.01,1.0,52,0.37,7.06
850f844463075fb3,1,1.0,1.0,0.0078,2,0.0,250,0.52,1.0,0,0.35,2.01
9d6eac20a6fb5cd9,1,1.0,1.0,0.2714,23,1.0,6,0.83,0.0,223,0.54,48.36
ada00fe35a595d6b,1,1.0,1.0,0.0637,11,0.0,217,0.49,0.7939,14,0.46,26.66
ee4a2e2de70a510b,1,1.0,1.0,0.2589,11,0.9594,4,1.31,0.8831,16,0.32,46.82
a12c7f84ebd25b1e,1,1.0,1.0,0.3596,17,0.984,4,0.86,0.9134,11,0.47,57.53
1484455d33b85a75,1,0.0,1.0,0.071,11,1.0,7,1.41,0.0,40,0.46,2.01
c35f0df7bfdb5140,1,1.0,1.0,0.0078,2,1.0,0,0.76,1.0,1,0.4,2.01
352290f8ed8e572e,1,1.0,1.0,0.1863,23,1.0,4,2.09,0.0,130,0.89,29.32
0c4bf4c931b05734,1,1.0,1.0,0.1071,14,0.9688,11,0.62,0.8681,17,0.16,7.7
119bd713e2db5e25,1,1.0,1.0,0.1578,11,0.9566,4,1.54,0.9124,10,0.59,46.82
fd6c8bf8f80f5f53,1,1.0,1.0,0.0821,12,1.0,3,0.35,0.8235,16,0.22,7.06
df30f32cd2ee5633,1,1.0,1.0,0.2048,35,1.0,7,0.6,1.0,12,0.23,12.2
f641cb06f2175d36,1,1.0,1.0,0.4412,32,0.934,19,1.37,0.9375,18,0.58,11.76
b0cc2b2b400d5661,1,0.5833,1.0,0.0963,8,0.5554,29,0.54,0.8236,15,0.26,15.13
61138bee69015264,1,1.0,1.0,0.0942,8,0.4832,26,1.4,0.4367,28,0.52,23.33
ec78d882433a50ca,1,1.0,0.9629,0.1644,7,0.9312,2,1.95,0.0,183,0.58,38.82
6347504b632c5be1,1,1.0,1.0,0.3545,8,0.9341,7,1.07,0.8153,28,0.41,17.76
d3102c58562a5689,1,1.0,1.0,0.1409,16,0.9912,7,1.7,0.9392,11,0.51,39.88
ba8f7c5757365a36,1,0.5833,0.9793,0.107,11,0.5809,30,0.61,0.9495,1,0.18,18.03
b84c079a32635d34,1,1.0,1.0,0.1849,20,1.0,3,0.45,1.0,3,0.1,17.37
409ed084cde5554b,1,1.0,0.9909,0.1577,5,0.0,163,0.79,0.7871,29,0.54,37.29
aecf8e9ea11c5a06,1,1.0,1.0,0.184,23,1.0,7,1.27,0.0,194,0.47,28.05
4379fb75ac085d26,1,1.0,0.9503,0.2095,4,0.9362,1,2.09,0.8816,4,0.54,18.54
e7cfffa4e8dd53a8,1,1.0,1.0,0.312,58,0.0,156,1.62,1.0,35,0.69,22.3
068a26b124475a4a,1,1.0,1.0,0.0101,2,1.0,0,0.53,1.0,1,0.23,2.01
d8c6aedcb54a56fb,1,1.0,1.0,0.3516,33,0.5833,92,0.57,0.8926,35,0.15,39.88
258fd15174fb5e47,1,1.0,1.0,0.1963,9,0.0,170,1.0,0.8907,10,0.52,36.83
c1686b2e1a4e5149,1,1.0,1.0,0.1594,19,0.5833,37,0.5,0.9331,11,0.34,15.21
8220631d2c6a52f4,1,1.0,1.0,0.0257,6,1.0,2,0.46,1.0,1,0.38,2.01
69bedd73861656f1,1,1.0,1.0,0.1106,11,0.9313,8,1.12,0.0,214,0.26,28.05
6828c3caaaca56e1,1,1.0,1.0,0.218,12,0.9463,7,1.22,0.9463,7,0.67,39.88
dfb757230bed57d8,1,1.0,1.0,0.3106,24,0.9955,3,0.64,1.0,1,0.21,57.53
77072386dfbb5af8,1,1.0,0.9984,0.1182,6,0.9757,1,1.0,0.9646,3,0.57,39.88
dcff89b03b925c41,1,1.0,0.9906,0.0423,2,0.0,61,1.12,0.7031,8,0.61,20.53
f84498af5b4f55eb,1,1.0,1.0,0.4216,36,0.9168,34,0.81,0.9774,24,0.65,17.37
d8d39177bd96593d,1,1.0,0.9977,0.0806,5,0.9304,1,1.99,0.9071,3,0.24,45.2
5fe40d882c3b545f,1,1.0,1.0,0.0257,6,1.0,2,0.37,1.0,1,0.26,2.01
12177b43d67d51a7,1,0.0,1.0,0.2874,23,0.0,204,0.53,1.0,19,0.28,7.06
8a3c6c3502035e11,1,1.0,1.0,0.1949,5,0.9542,2,1.37,0.8529,8,0.6,13.6
f18ef27ec008527a,1,1.0,0.9844,0.0285,4,0.9799,1,1.29,0.9355,3,0.29,5.95
fb54b190735e579f,1,0.5833,1.0,0.1654,5,0.5833,30,1.25,0.7985,11,0.69,12.54
4940444d511c5594,1,1.0,1.0,0.3001,19,0.0,249,1.38,0.9571,12,0.35,17.37
e8a004bfab7d5034,1,1.0,1.0,0.2779,32,0.9691,15,1.0,0.9467,21,0.52,49.57
b9d14f59883a5496,1,1.0,0.8933,0.005,0,0.0,70,1.35,0.0,211,0.75,20.08
f49e8b1837cd5b23,1,1.0,1.0,0.2194,9,0.0,227,1.33,0.0,84,0.45,34.68
e7b269e3a51c5713,1,1.0,0.9127,0.0987,2,0.0,163,0.58,0.5833,21,0.48,8.59
d44d886053b15b23,1,1.0,1.0,0.2672,7,0.9499,4,2.06,0.8987,7,0.68,39.88
fe2270288c1d5628,1,1.0,1.0,0.2021,8,0.9741,3,2.1,0.9206,7,0.47,44.22
619d1afc63c35621,1,1.0,1.0,0.135,18,0.9543,12,1.36,0.5833,34,0.46,12.02
08e03654c0ca5151,1,1.0,1.0,0.3263,24,1.0,9,0.98,1.0,0,0.36,7.06
2b006c0fae365892,1,0.0,1.0,0.0573,10,0.0,152,0.35,1.0,4,0.29,2.01
62eac0a6b7e05fbf,1,0.0,1.0,0.1707,25,0.0,194,0.48,0.0,194,0.34,18.54
ffbe4e0250f45a3a,1,1.0,0.9106,0.0718,1,0.0,160,1.44,0.0,30,0.89,28.05
aa34b08bfad85fac,1,1.0,0.986,0.1794,10,0.9673,2,1.16,0.0,212,0.65,52.77
eb7ed87b4ef65273,1,1.0,1.0,0.1776,32,0.9445,27,0.85,0.0,50,0.5,29.32
a25c025ea58d5409,1,1.0,1.0,0.1326,10,0.0,190,0.76,0.8969,12,0.79,36.83
cd9d029138325c2c,1,1.0,1.0,0.0579,8,0.9902,2,0.94,0.0,26,0.88,43.02
9b0a5826d2d357d8,1,1.0,1.0,0.144,7,0.9474,4,1.21,0.8869,7,0.44,39.88
e485bc6cdd285588,1,1.0,1.0,0.0824,11,0.982,5,0.4,0.8032,17,0.41,12.89
7cdcf11e211759cf,1,0.5833,1.0,0.2716,22,0.9271,19,0.59,0.8524,29,0.49,17.37
048eb7efa08354e3,1,1.0,1.0,0.1893,12,0.0,124,1.91,0.0,254,0.65,17.37
26a78d23b1075252,1,0.0,1.0,0.1377,30,0.0,98,0.62,1.0,8,0.14,2.01
ff412420037b524a,1,1.0,1.0,0.0993,17,0.997,10,0.58,0.0,32,0.68,28.05
adccb045b1495f50,1,1.0,1.0,0.1092,5,0.0,243,0.92,0.7439,16,0.44,22.82
90ed1fb3861c56d7,1,1.0,1.0,0.2076,25,0.0,229,0.83,0.5833,59,0.48,23.84
4175cdc49ec759f5,1,1.0,1.0,0.1677,18,1.0,1,0.49,0.9511,12,0.2,27.89
955916fd66da5657,1,1.0,1.0,0.3049,30,0.9729,16,0.84,0.7006,82,0.41,10.1
5396af8f09455852,1,1.0,1.0,0.0915,6,0.9378,5,1.5,0.8056,11,0.65,23.33
7ac633604a3c572d,1,1.0,1.0,0.1633,24,1.0,16,0.72,1.0,1,0.23,22.3
f820630d5f0a50ed,1,0.5833,1.0,0.2501,24,0.9812,4,0.65,0.939,13,0.37,36.83
0abc30416c5a59cd,1,1.0,1.0,0.4506,55,0.9237,51,0.91,0.8025,116,0.29,7.06
3038555c47555d08,1,1.0,1.0,0.2144,10,0.9683,4,1.09,0.0,225,0.66,56.25
fc4bdb76d30553b0,1,1.0,1.0,0.2115,7,0.8678,9,1.22,0.863,10,0.69,14.37
00fcad6d092c5e8e,1,1.0,1.0,0.1546,4,0.9429,2,1.2,0.0,123,1.25,31.26
9f309ebf66645913,1,1.0,1.0,0.3064,40,1.0,9,0.63,0.9544,22,0.29,29.32
55e018d3bd3d5abc,1,1.0,1.0,0.1436,12,0.9451,8,0.97,0.0,209,0.69,17.76
77fa15ffcefb580e,1,1.0,0.9992,0.0934,6,0.0,43,0.95,0.7811,16,0.48,16.61
bf6e5d04e0d7576e,1,1.0,1.0,0.3019,11,0.0,213,1.31,0.9097,10,0.3,17.37
2cdba8acff3454a7,1,1.0,1.0,0.088,5,0.0,184,1.28,0.0,52,0.55,30.63
6b61ec04ecb25221,1,1.0,1.0,0.1765,12,0.8974,12,0.9,0.8506,20,0.52,14.37
c48cfa7c240d5808,1,1.0,1.0,0.2895,48,1.0,16,0.24,0.9494,33,0.4,30.35
cd67b6a868ed5745,1,1.0,1.0,0.1519,23,1.0,5,0.93,1.0,12,0.42,12.2
d318551a8ce150e5,1,1.0,1.0,0.2952,39,1.0,17,0.86,0.9686,26,0.65,22.3
ea38508ef0de57c3,1,1.0,1.0,0.3923,33,0.908,31,1.72,0.8856,34,0.51,17.37
66329b9ed3785e0e,1,0.5833,0.9462,0.1532,5,0.5733,41,0.48,0.8753,10,0.41,27.41
c7c04f1581855ac4,1,1.0,0.9804,0.0417,5,0.9804,0,0.66,0.9804,0,0.45,8.59
23f357c023c2584f,1,1.0,1.0,0.1097,10,0.9031,9,1.68,0.0,224,0.65,24.74
6b5a3fa1663e5a8d,1,1.0,1.0,0.1498,28,1.0,11,0.61,0.8372,29,0.23,12.2
68c666c7045f5609,1,0.5833,0.9641,0.1012,6,0.0,43,0.44,0.8962,6,0.14,17.34
e56402797d665711,1,1.0,1.0,0.056,13,0.9616,8,0.91,0.0,90,0.68,19.26
97181536d6be5368,1,1.0,0.9899,0.1665,5,0.0,171,0.93,0.7222,38,0.55,36.83
bdb0f78978cd5307,1,1.0,0.9803,0.0199,1,0.0,15,0.9,0.9803,0,0.41,4.22
d51cd13cfbe35a4b,1,1.0,1.0,0.28,46,1.0,31,0.89,0.8084,70,0.49,7.06
0b714952ea0b5017,1,1.0,1.0,0.1464,11,0.0,202,1.52,0.0,135,0.5,50.89
367ee5f18e345a72,1,1.0,1.0,0.2997,9,0.923,7,0.82,0.7723,44,0.71,18.54
6e67504ab65f5314,1,0.5833,0.9839,0.1902,17,0.5772,56,0.42,0.9032,14,0.38,33.49
62e8d8891ff45c7b,1,1.0,1.0,0.3152,29,0.9272,23,0.65,0.9209,25,0.25,7.06
4c22cdcc527e5a36,1,1.0,1.0,0.1875,17,0.9547,14,1.08,0.9371,15,0.33,49.57
f34af4dbbbd35a23,1,1.0,1.0,0.0251,6,0.0,15,0.86,1.0,3,0.53,3.74
0a8612e9d0df52f1,1,1.0,1.0,0.1014,13,1.0,2,0.54,0.0,64,0.79,27.0
c77dbdd287825d1a,1,1.0,1.0,0.0807,8,0.5833,21,0.85,0.8812,12,0.31,13.48
4cdef6ce55a7542b,1,1.0,0.9832,0.1214,5,0.5286,38,1.36,0.9474,1,0.64,39.9
229de058ec7b59bd,1,0.0,1.0,0.361,62,0.0,155,0.42,1.0,60,0.47,26.65
63c33ef5af265f74,1,1.0,1.0,0.2785,7,0.9148,6,1.56,0.741,61,0.67,22.69
4d55f6c3a3dc58fe,1,1.0,1.0,0.1964,36,1.0,20,0.68,1.0,11,0.22,22.3
f37c90e977e856c8,1,1.0,1.0,0.3009,52,1.0,35,0.74,1.0,35,0.66,22.3
03c2e332abb25034,1,1.0,1.0,0.0146,2,0.0,250,0.39,1.0,0,0.4,2.01
aca9ba55e052575b,1,1.0,1.0,0.1691,19,0.955,12,1.24,0.9176,14,0.51,33.22
433a4b88d64350dd,1,1.0,1.0,0.2333,10,0.9039,9,1.35,0.8052,21,0.64,20.34
6a6362156db75390,1,1.0,1.0,0.1511,12,0.991,2,0.58,0.0,116,0.48,46.82
6376b9b848385361,1,1.0,1.0,0.0101,2,1.0,0,0.38,1.0,1,0.56,2.01
277f191c94b952f3,1,1.0,1.0,0.1745,8,0.9768,5,0.65,0.9308,7,0.8,17.71
315673fa4e595935,1,1.0,1.0,0.3834,10,1.0,5,0.41,1.0,1,0.61,17.37
7b4383b378035cb7,1,1.0,0.9575,0.027,3,0.9575,0,1.03,0.0,50,0.72,21.55
6ffc117437175255,1,1.0,1.0,0.2293,15,0.9669,4,1.01,0.0,91,0.59,38.61
05d6d7d83b97547c,1,1.0,1.0,0.102,5,0.9104,4,1.29,0.8623,7,0.38,9.8
f938c73be4165c7f,1,0.5833,0.9813,0.3662,22,0.5833,105,1.11,0.9122,17,0.42,37.72
4763f30d505c5ea6,1,1.0,1.0,0.4415,24,0.9299,17,1.33,0.7288,117,0.36,23.33
1f381d3a242b54f0,1,1.0,0.999,0.0806,4,0.9311,1,1.86,0.908,3,0.35,45.2
c2a93dd3494b5702,1,1.0,1.0,0.0432,7,0.9921,2,1.15,0.0,137,0.65,43.88
e59da7b4970654fd,1,1.0,1.0,0.2273,16,0.0,178,1.29,0.9042,14,0.27,45.2
0d40059cfdf75e7a,1,1.0,1.0,0.2983,33,0.9889,8,0.88,1.0,6,0.28,57.53
5b891b54880f5fab,1,1.0,1.0,0.1733,12,0.9923,4,1.23,0.0,105,0.63,57.53
09fda519bc395630,1,1.0,1.0,0.2899,8,0.0,251,0.59,0.9984,4,0.17,16.46
c7b030a4025a5066,1,1.0,0.9531,0.1525,11,0.0,142,0.7,0.0,253,0.62,39.66
c0ccba48004c5eba,1,1.0,1.0,0.4622,31,1.0,8,1.14,0.9388,27,0.15,7.06
bfcb040f50425141,1,1.0,1.0,0.0094,2,0.0,56,0.6,1.0,0,0.48,2.01
7b2f3235b4cb5374,1,1.0,0.9045,0.1774,2,0.0,252,1.22,0.0,116,0.48,38.82
555af87f71415a3d,1,0.0,1.0,0.5605,45,0.0,227,0.18,1.0,3,0.21,7.06
e1c0081536575390,1,1.0,1.0,0.1753,32,1.0,4,0.79,1.0,16,0.49,22.3
0a4752bc6c8b5174,1,1.0,1.0,0.0735,16,0.9703,11,0.84,0.0,239,0.73,26.66
6e821a856fe45177,1,1.0,1.0,0.6237,70,1.0,7,1.1,1.0,0,0.67,22.3
fa919203c245502d,1,1.0,0.9663,0.026,4,0.0,19,1.12,0.9261,3,0.46,5.95
49454db3d9ef54a1,1,0.5833,1.0,0.2829,34,0.5806,79,0.43,0.9062,31,0.29,26.65
0fc626b8de655cc7,1,0.5833,1.0,0.1801,18,0.0,64,0.55,0.8277,32,0.37,19.73
81f1c631c7325b0f,1,1.0,1.0,0.3956,15,0.9453,4,0.75,0.7688,78,0.77,9.75
4907817195ff5d6f,1,1.0,1.0,0.2163,22,0.9695,16,1.02,0.8315,33,0.6,26.65
86fbb46276605d14,1,1.0,1.0,0.0843,21,1.0,0,0.81,1.0,3,0.48,22.3
e073c9ed32975c17,1,1.0,1.0,0.0625,12,0.0,250,0.69,0.9927,7,0.32,17.76
c8deb087395357c3,1,1.0,0.9854,0.2419,21,0.9763,2,0.9,0.8878,22,0.47,30.35
294335a3e5e45496,1,1.0,1.0,0.1195,29,1.0,19,0.84,1.0,16,0.47,22.3
8de5173c05ee56f5,1,1.0,1.0,0.1299,16,1.0,1,0.82,0.8594,19,0.45,26.66
492a64b807da5cfb,1,0.5833,0.9376,0.101,3,0.0,217,1.24,0.8074,17,0.65,15.13
2ccebcdb0da25be5,1,1.0,1.0,0.3192,15,0.9314,13,0.95,0.9682,10,0.69,15.32
fb643a2514195bfa,1,1.0,1.0,0.1134,21,0.9443,20,0.96,1.0,15,0.37,7.06
4291f388556f5837,1,1.0,1.0,0.2013,9,0.9452,4,1.45,0.0,101,0.79,45.2
c7f3aa98380354ba,1,1.0,0.9607,0.1484,4,0.9607,0,1.36,0.0,174,0.67,22.69
d016df0950fc5e69,1,1.0,1.0,0.2066,32,1.0,0,0.68,0.9078,30,0.1,26.66
569187407cd3517c,1,1.0,1.0,0.3518,17,0.9789,13,0.44,1.0,3,0.32,17.37
4f5e535c78385629,1,1.0,1.0,0.0218,5,0.0,251,0.36,1.0,1,0.34,2.01
e61699cda2f15e01,1,1.0,1.0,0.2115,26,0.9803,7,0.58,0.9998,5,0.51,28.05
76cd37d3370f5d04,1,0.5833,1.0,0.0832,10,0.0,155,0.57,0.0,49,0.43,24.15
cd2e3c6240d55147,1,1.0,1.0,0.0625,10,1.0,0,0.69,0.9129,8,0.27,7.7
7eb910e54ef55811,1,0.0,1.0,0.0954,18,0.0,156,0.36,1.0,13,0.16,2.01
70e6f01ee485510a,1,1.0,1.0,0.1881,28,1.0,11,1.09,0.8867,31,0.32,28.05
50a5b2cbb4515594,1,1.0,1.0,0.123,8,0.0,178,1.3,0.8401,11,0.42,35.84
526b66c665085401,1,1.0,1.0,0.1961,17,0.9702,6,1.23,0.8336,24,0.61,43.02
f92ecd09fdf45404,1,0.5833,1.0,0.2379,25,0.5762,70,0.48,0.9008,24,0.42,35.79
ab7d0c4a928e5ec9,1,1.0,0.973,0.2277,5,0.931,1,1.42,0.973,0,0.92,12.25
bf1fbbbc7f5d5c5d,1,1.0,1.0,0.0873,12,0.0,29,0.7,0.8044,17,0.41,7.06
c59ff27cf18056b4,1,1.0,0.9895,0.1,3,0.9312,2,0.76,0.7348,19,0.78,20.15
861984dda2c458ee,1,1.0,1.0,0.194,38,1.0,2,1.16,0.0,95,0.9,22.3
18a85f2812b45525,1,1.0,1.0,0.3724,31,1.0,18,0.57,0.968,25,0.08,17.37
e5599a8884235d93,1,1.0,1.0,0.3805,36,0.96,28,0.41,0.8291,97,0.32,17.37
15e6ef7a85b35d10,1,1.0,1.0,0.269,30,1.0,11,0.89,0.9224,25,0.47,35.79
4d0c174b077e5603,1,1.0,1.0,0.6057,34,0.9322,21,1.36,0.9531,13,0.87,24.06
0c86ab0f851559e8,1,1.0,1.0,0.2086,32,1.0,25,1.05,1.0,18,0.51,19.73
5865085ba43752de,1,1.0,1.0,0.2925,23,0.9904,3,0.56,0.0,149,0.51,46.82
50d6986491d3510a,1,0.5833,1.0,0.0644,2,0.2164,28,1.55,0.3781,25,0.58,11.69
876f405da0da5016,1,1.0,1.0,0.4006,30,1.0,1,1.0,1.0,19,0.28,17.37
59c8fb57fe4058ea,1,1.0,1.0,0.2765,36,1.0,5,0.91,0.9282,27,0.67,36.83
4c8d222d98115a86,1,1.0,1.0,0.125,24,1.0,8,0.53,1.0,7,0.37,7.06
b9ef517f054450b7,1,0.0,1.0,0.1771,36,0.0,226,0.4,1.0,23,0.07,7.06
91c479d90ccb521a,1,1.0,1.0,0.0821,9,0.5833,18,0.93,0.8836,12,0.26,7.7
eb0095eae628560d,1,1.0,1.0,0.0746,8,0.9974,1,0.35,0.9974,1,0.35,15.13
73b1bfef98ae5664,1,1.0,1.0,0.217,22,1.0,0,1.16,1.0,0,0.28,7.06
cfa1a5ff80355988,1,1.0,1.0,0.1547,17,0.0,147,1.2,0.8273,31,0.27,11.79
bb22d36aec8e53df,1,1.0,1.0,0.1039,7,0.96,4,0.93,0.0,44,1.18,39.88
52fb49766a14554c,1,0.5833,1.0,0.0462,4,0.0,67,0.45,0.376,16,0.77,35.79
efbfc794e30f528f,1,1.0,1.0,0.1577,13,0.0,140,0.69,0.9254,10,0.45,52.77
6c321000d6c0527a,1,1.0,1.0,0.3337,31,1.0,13,0.25,0.8367,37,0.25,17.37
c04902b5c32056e0,1,1.0,0.9929,0.3516,11,0.9542,1,0.95,0.8907,12,0.64,26.81
6360aa4dd01151c3,1,1.0,0.9117,0.0984,1,0.0,60,2.1,0.7653,13,0.64,23.33
5f859ab2a2205477,1,1.0,0.9534,0.0334,3,0.9534,0,1.93,0.8597,5,0.66,22.69
e1db7cf1ba505f99,1,1.0,1.0,0.118,14,0.9532,5,1.86,0.8939,14,0.39,45.2
82b52ede639d544d,1,1.0,1.0,0.3944,56,1.0,4,1.17,0.999,26,0.28,44.22
c9374cc3f2d45d75,1,1.0,1.0,0.2509,25,0.9799,13,1.31,1.0,0,0.66,44.22
1ed78a92956f5c5c,1,1.0,0.997,0.1795,8,0.9693,2,1.67,0.0,200,1.05,46.82
5bfd2094e1ed528c,1,0.2917,1.0,0.2379,36,0.2895,69,0.72,0.2419,80,0.42,24.15
8abfcd61303b52df,1,1.0,0.9795,0.2136,6,0.9349,2,1.81,0.8842,7,0.59,38.82
3cf9c200e3485696,1,1.0,1.0,0.272,23,0.9682,9,1.1,0.9617,10,0.46,57.53
c9aa2159bc3a50a0,1,1.0,1.0,0.2561,16,0.9714,5,1.11,0.9362,7,0.61,48.36
dd6549a070e25b02,1,1.0,1.0,0.1194,5,0.9793,1,1.35,0.9246,3,0.46,28.21
3154180ecf9a5e67,1,1.0,1.0,0.2826,29,0.5675,82,0.53,0.8843,30,0.4,33.22
5a73f6b4c9855899,1,1.0,1.0,0.0395,5,0.0,213,0.36,0.7897,8,0.46,8.17
0b5b1309df2f5627,1,0.5833,0.9446,0.0624,5,0.5739,17,0.33,0.8361,10,0.24,13.48
b61a78b163d654e0,1,1.0,1.0,0.0597,8,0.9216,7,0.72,0.9543,6,0.46,8.08
4889752cac5f5e59,1,1.0,0.995,0.1122,5,0.9695,2,1.49,0.0,83,1.05,44.22
1090e431ffef512f,1,1.0,1.0,0.3283,18,0.9838,3,0.81,0.9132,12,0.68,57.53
91e06c22962d53bb,1,1.0,1.0,0.1339,11,0.9959,3,1.32,0.1725,63,0.36,36.83
08b1894421c455ed,1,1.0,1.0,0.4428,22,0.4952,125,0.82,0.9915,9,0.44,17.37
189b5f98f6e6549c,1,1.0,1.0,0.1356,25,1.0,15,0.92,1.0,23,0.38,31.26
910ce583575e5f8d,1,0.5833,1.0,0.2047,24,0.5833,51,0.49,0.8708,27,0.42,26.65
ab94d64d31ea5435,1,1.0,1.0,0.1541,31,0.0,194,0.42,0.0,46,0.62,7.06
d14f03fdfc1d5d54,1,1.0,1.0,0.1627,22,0.9731,13,0.76,0.9731,13,0.6,26.66
e6b7dddf4ae95fea,1,1.0,0.9916,0.1623,9,0.9575,3,0.88,0.9347,4,0.62,35.84
4ad7866306895cca,1,1.0,0.9834,0.0416,4,0.9788,1,0.67,0.9617,2,0.62,5.95
dcd3886f044a5e29,1,1.0,1.0,0.2218,10,0.9654,3,1.27,0.8982,11,0.25,57.53
26e5c3fb8af15012,1,1.0,1.0,0.2307,17,0.9615,9,0.74,0.6849,63,0.33,22.82
fb4ac387cd285171,1,1.0,1.0,0.2489,31,0.0,241,0.9,0.8975,31,0.25,7.06
97529137af275136,1,1.0,1.0,0.064,11,0.9583,5,0.7,0.9212,9,0.49,17.76
6151a6ef02ee5f8e,1,1.0,1.0,0.0805,8,0.9256,6,1.22,0.4344,22,0.42,23.33
264a59ce900b5405,1,1.0,1.0,0.284,24,0.9976,1,0.77,0.9654,5,0.64,46.82
6e3c7a34388e5ae3,1,1.0,1.0,0.2117,35,0.0,70,0.67,1.0,10,0.49,22.82
81b16700f22d5688,1,1.0,1.0,0.0078,2,1.0,0,0.77,1.0,1,0.26,2.01
dadaa10f428c501e,1,1.0,1.0,0.2991,13,0.9234,9,1.21,0.0,140,0.58,22.3
64d046ec9cee51d4,1,1.0,1.0,0.0776,13,0.0,109,0.87,0.0,213,0.5,22.3
74abadad5fd65d44,1,1.0,0.9268,0.0333,4,0.0,213,1.0,0.8831,4,0.24,2.95
e27b4628314951bb,1,0.5833,1.0,0.3936,39,0.5833,98,0.42,0.9184,31,0.5,35.79
994c2c1c459b5cc8,1,0.5833,1.0,0.0918,10,0.0,156,0.41,0.8656,15,0.35,15.13
30d639fe2d5057e3,1,0.0,1.0,0.0296,7,0.0,214,0.77,1.0,2,0.3,2.01
0d49407b94b259e8,1,1.0,1.0,0.0186,3,0.5833,3,0.28,1.0,0,0.56,2.01
c2ce362b9cf95fee,1,1.0,1.0,0.097,12,0.5833,27,0.52,0.0,223,0.34,15.13
1081728e06ca5239,1,1.0,1.0,0.4004,51,1.0,7,0.73,1.0,35,0.76,49.57
8d8f5c8c6c29525c,1,1.0,1.0,0.2293,8,0.965,2,0.71,0.9,7,0.37,16.59
1bb7bab27d1552f5,1,1.0,1.0,0.4266,14,0.9753,7,0.28,1.0,2,0.49,20.53
9ba306d42ab75911,1,0.5833,1.0,0.2777,29,0.5804,70,0.58,0.9215,20,0.16,36.83
42160b555f2a5aa0,1,1.0,1.0,0.2335,11,0.573,61,0.56,0.7571,50,0.42,29.32
3d5103c659255a72,1,1.0,1.0,0.4448,54,1.0,14,1.6,1.0,8,0.4,35.79
cdf6bdc01f055c77,1,1.0,1.0,0.1007,7,0.9443,2,1.67,0.8985,7,0.2,45.2
2c9ad43fb0cd5394,1,1.0,1.0,0.2224,22,0.9319,19,0.82,0.8592,26,0.26,11.76
decc2e4c0f445afc,1,1.0,1.0,0.2038,10,0.4568,60,2.23,0.8548,13,0.46,14.2
0393e11b085a5cc2,1,0.5833,1.0,0.1584,25,0.5833,29,0.84,1.0,10,0.55,44.22
51e4c182629c50a7,1,1.0,1.0,0.2553,14,1.0,13,0.35,0.7988,42,0.43,29.32
0d95350d8f3b516b,1,0.0,1.0,0.251,43,0.0,253,0.44,1.0,41,0.33,26.65
b38a9c035ce15dd5,1,1.0,1.0,0.0467,8,0.9873,3,0.53,1.0,1,0.25,10.24
cc7707ad6d0d5346,1,1.0,1.0,0.1372,12,0.928,10,1.19,0.0,213,0.21,28.05
81353cb7d48a5728,1,1.0,1.0,0.1106,6,0.9701,1,1.04,0.8867,6,0.4,39.9
59797b950d9e52ba,1,1.0,0.9013,0.0741,1,0.0,223,0.85,0.0,224,0.7,30.23
196375ae13835990,1,1.0,1.0,0.2125,17,0.9933,3,0.8,0.9933,3,0.4,57.53
42d1bc19fbc35965,1,0.0,1.0,0.109,21,0.0,99,0.45,1.0,9,0.31,7.06
6f1be4d182475bc8,1,1.0,1.0,0.2228,46,0.0,157,0.75,0.5833,55,0.43,7.06
7b29ee091c295f7a,1,1.0,1.0,0.0062,1,0.5833,1,0.71,0.5833,1,0.18,2.01
bf1f3fe1ca935bba,1,1.0,0.9149,0.3563,2,0.0,238,0.87,0.879,3,0.42,12.71
a29d602c497c532d,1,1.0,1.0,0.0385,5,0.0,213,0.41,0.8715,6,0.18,8.59
23993a36d4e75a1d,1,1.0,1.0,0.0257,6,1.0,5,0.41,1.0,4,0.48,2.01
e6e4e254f1c55405,1,1.0,1.0,0.059,5,0.952,3,1.07,0.9014,4,0.32,34.98
84431cd14c765efc,1,1.0,1.0,0.1291,28,1.0,8,1.24,1.0,22,0.27,7.06
5fe951e403f25012,1,1.0,1.0,0.0578,8,0.9402,3,0.8,0.921,6,0.16,8.17
c95d7e81eec75f65,1,1.0,1.0,0.0862,14,1.0,2,0.59,0.8307,15,0.29,12.2
7048a63246a75ea4,1,1.0,0.9908,0.0203,3,0.9862,1,0.21,0.9408,2,0.34,5.95
173369dc059d5fe9,1,1.0,1.0,0.4265,9,0.9701,4,0.87,0.7461,79,0.84,16.59
19c4aecbe4b65ef4,1,1.0,1.0,0.1782,18,1.0,7,0.85,0.9312,13,0.25,26.65
ab8f5b7368a45a6d,1,1.0,0.9575,0.2703,11,0.9575,0,1.37,0.719,58,1.01,45.69
95612e81595b568f,1,1.0,1.0,0.0259,4,0.0,9,1.34,0.0,58,0.38,7.15
0fa4d1e0739659b4,1,1.0,0.9345,0.3837,2,0.0,221,1.67,0.0,241,1.05,15.32
3c303aa231e65a53,1,1.0,1.0,0.1674,28,1.0,14,0.57,0.9524,23,0.3,26.66
7d59e0ea1e0d524b,1,1.0,1.0,0.0811,4,0.0,165,1.31,0.8164,10,0.28,28.45
00b2afbb751b59c6,1,1.0,1.0,0.0649,8,0.0,112,0.87,0.9525,6,0.28,12.2
6cdf58d03f8e5493,1,1.0,1.0,0.1241,5,0.0,70,1.0,0.8452,9,0.28,24.74
179bc3ae5b9f56b0,1,1.0,0.998,0.0344,4,0.0,143,1.15,0.0,139,0.94,39.9
48f00d40d416591d,1,1.0,1.0,0.0352,7,1.0,2,0.19,1.0,5,0.23,2.01
d5a79b89fb985129,1,1.0,1.0,0.0261,3,0.9591,2,1.0,0.0,94,0.33,23.44
1b6ca45027e3531c,1,1.0,1.0,0.1409,9,0.9619,2,1.72,0.9344,4,0.4,46.82
8118acf21ab154f7,1,1.0,1.0,0.189,2,0.0,231,1.26,0.7288,49,0.67,39.9
5aac73b6f21a5a86,1,1.0,1.0,0.0094,2,1.0,0,1.3,1.0,0,0.32,2.01
dd4e7db697465be3,1,1.0,0.9844,0.0506,4,0.9844,0,0.99,0.0,109,0.56,39.9
9a179eb32481553e,1,1.0,1.0,0.1543,34,1.0,22,1.12,1.0,8,0.56,22.3
21e4dfb3741d529f,1,1.0,1.0,0.122,19,1.0,4,0.71,0.9093,18,0.11,12.2
a978cd72e68155b1,1,0.0,1.0,0.2611,24,1.0,11,1.42,1.0,10,0.39,57.53
6a833f3690205bac,1,1.0,1.0,0.1115,13,0.0,111,1.46,0.8726,13,0.55,28.21
088cebb101bf5ed6,1,1.0,1.0,0.1765,28,0.0,118,1.07,0.8511,30,0.31,12.2
58a10d0c924050cf,1,1.0,0.9372,0.1907,2,0.0,224,0.99,0.0,224,0.8,13.83
c133861a233a51de,1,1.0,0.9736,0.3726,6,0.0,141,2.23,0.0,235,0.74,18.54
ce978770a87253c8,1,1.0,1.0,0.0501,7,1.0,1,0.43,1.0,2,0.54,2.01
ae50b115259f5a24,1,1.0,1.0,0.322,30,0.572,96,0.64,1.0,0,0.49,48.36
e36edd3aedf05e30,1,1.0,0.9966,0.1211,9,0.9548,3,1.12,0.0,183,0.76,40.31
af064082155f5dc0,1,1.0,1.0,0.137,19,1.0,2,0.47,0.9617,13,0.46,24.15
616439dd808d57f1,1,1.0,1.0,0.2649,36,0.9783,22,0.42,1.0,9,0.29,30.89
522b72a25cbb5ef9,1,1.0,1.0,0.092,11,0.0,162,0.99,0.9113,9,0.41,38.61
b5f57f5a6b5b5244,1,1.0,1.0,0.0595,7,0.9353,4,1.33,0.8909,7,0.65,39.88
48f6a3bdc0bf5d64,1,1.0,1.0,0.4331,26,0.9653,23,0.86,0.9858,22,0.28,17.37
3ea7ba225643556d,1,1.0,1.0,0.1496,6,0.0,73,1.04,0.7984,22,0.25,24.79
553c80b72cdc5c04,1,1.0,0.9714,0.0693,4,0.9484,1,1.67,0.9167,2,0.57,43.88
8e33b543120b53d5,1,1.0,1.0,0.2141,26,0.9681,23,0.72,0.7345,55,0.24,11.79
4cdcf106cb5d5c63,1,1.0,1.0,0.0078,2,1.0,1,0.61,1.0,1,0.13,2.01
01f2481a8cfc5803,1,1.0,0.9707,0.1619,4,0.9707,0,0.8,0.9112,3,0.36,25.49
f04d33e677745e8e,1,1.0,1.0,0.3089,46,1.0,9,0.38,1.0,9,0.26,7.06
2076a8bdb6da5fe3,1,1.0,0.9959,0.1303,11,0.5833,37,0.54,0.887,12,0.35,19.53
680c8d90658556da,1,1.0,0.9461,0.2329,5,0.0,77,1.24,0.7181,62,0.88,36.21
77155a60b2ae5e75,1,1.0,1.0,0.2312,27,1.0,9,0.71,0.9077,26,0.89,19.99
48b3dd8be2b554b6,1,1.0,1.0,0.1972,15,0.0,199,0.95,0.9191,12,0.6,22.82
f863be1a4d1d5e96,1,1.0,1.0,0.1738,21,0.5833,49,0.33,0.8573,25,0.24,24.61
7f2edc964c6d5323,1,1.0,1.0,0.2223,24,1.0,12,0.66,0.7759,53,0.28,7.06
1e527ab20dd55310,1,1.0,1.0,0.2027,13,0.0,188,0.67,0.4941,60,0.28,36.83
b81d52bf71365207,1,1.0,1.0,0.2198,9,0.9489,5,1.71,0.0,123,0.74,44.22
ad8ac16631a15da5,1,1.0,1.0,0.1373,17,0.0,206,1.21,0.896,17,0.29,22.82
5e4f0ddf24da5f97,1,1.0,0.984,0.213,6,0.9575,1,1.27,0.9144,4,0.62,46.82
243480f0f2545b3b,1,0.0,1.0,0.1764,35,0.0,218,0.32,1.0,0,0.4,2.01
3010009fcb295507,1,1.0,1.0,0.1554,17,1.0,1,0.38,0.9285,12,0.22,28.04
67d74f48ba2a548e,1,1.0,0.9322,0.033,3,0.2046,13,1.18,0.9322,0,0.62,5.95
926d8c9ced715a42,1,1.0,1.0,0.3468,65,1.0,19,0.41,1.0,29,0.15,26.65
fd3606c29f3f57fb,1,0.5833,0.9779,0.2368,18,0.579,68,0.65,0.9361,9,0.52,28.04
13fa82d6564e5bac,1,1.0,0.8998,0.0322,0,0.0,39,0.58,0.0,142,0.85,30.23
09978bee1b655865,1,1.0,1.0,0.3386,18,0.5523,95,1.2,0.9017,17,0.21,57.53
069c6a5e408653ab,1,1.0,1.0,0.0713,7,0.9285,4,1.17,0.8515,8,0.76,33.22
2d9d3d15e7f25716,1,1.0,1.0,0.0242,2,0.0,239,1.28,0.0,162,0.79,45.2
49f37d1d50ef5873,1,1.0,1.0,0.0966,19,1.0,5,0.92,0.0,100,0.57,19.99
ce9f5160229b5755,1,1.0,1.0,0.2041,13,0.9941,2,1.31,1.0,0,1.0,43.88
94cabec7888a5bb3,1,1.0,0.9764,0.1846,6,0.0,108,1.23,0.9006,5,0.6,43.02
82521f61cf965167,1,0.5833,0.9423,0.0556,4,0.0,206,0.97,0.7953,9,0.33,7.83
434f74e0c3e25cdd,1,1.0,1.0,0.3783,54,0.9973,15,0.56,0.9226,41,0.28,35.79
b17e8b3c64295431,1,1.0,1.0,0.1694,24,0.5833,45,0.47,0.8595,29,0.35,26.66
0185fc1c73c759a7,1,1.0,1.0,0.2425,18,0.9893,2,0.57,0.9935,1,0.47,57.53
572e6c81e32958f2,1,1.0,1.0,0.4456,53,0.9402,34,0.94,0.6541,117,0.24,27.0
8e2fece463df5dcb,1,1.0,1.0,0.1095,9,0.9748,3,1.11,0.0,104,0.77,43.02
bf2a9740fda85514,1,1.0,0.9372,0.0336,4,0.5833,10,0.5,0.929,2,0.45,2.95
86dfdf03f928570a,1,1.0,1.0,0.3413,32,0.9714,9,0.96,0.957,13,0.34,52.77
19efcf474dd85579,1,1.0,1.0,0.1043,12,0.9545,8,0.65,0.918,11,0.81,17.76
11482e143a4e5dec,1,0.5833,1.0,0.0179,4,0.9661,2,0.87,0.0,235,0.69,9.5
8a2c1d34f9df5213,1,1.0,1.0,0.1357,20,1.0,11,0.57,1.0,10,0.41,22.3
d2dd81d9f7665fde,1,1.0,1.0,0.2297,27,1.0,3,0.52,0.9742,10,0.39,35.79
56886aeb0f685bea,1,1.0,1.0,0.2687,24,0.0,245,0.97,0.0,156,0.39,57.53
ddc62293e7875556,1,1.0,1.0,0.1322,13,0.5833,20,0.41,1.0,3,0.41,12.2
b462af5600bf5f88,1,1.0,1.0,0.0876,18,0.993,12,0.75,0.0,85,0.29,7.06
2dd8a04bcb735c5e,1,1.0,1.0,0.0387,7,0.0,67,0.65,1.0,0,0.38,2.01
2f233e4005e05c1e,1,1.0,0.9624,0.1465,5,0.9624,0,1.8,0.919,3,0.34,45.2
0616f9723c60524d,1,0.5833,1.0,0.1999,22,0.5833,50,0.28,0.9549,12,0.55,26.65
49d00c5507175e01,1,1.0,1.0,0.1817,9,0.0,96,1.23,0.1621,82,0.25,43.02
e99744bcd703522c,1,1.0,1.0,0.2717,21,0.9141,20,0.98,0.7397,63,0.19,17.37
c2f56a56716f55e3,1,1.0,1.0,0.2054,16,0.0,228,1.0,0.8738,19,0.38,43.02
346f28fb35365c73,1,1.0,0.9171,0.0629,2,0.0,142,2.4,0.9171,0,0.34,31.94
09a0456056555b0a,1,1.0,1.0,0.0243,4,0.9533,3,0.6,0.9858,2,0.47,5.95
08a135d9245b50c2,1,1.0,1.0,0.2496,13,0.9968,2,1.01,0.9968,2,0.49,43.88
ab40048b88b257c3,1,1.0,1.0,0.2383,30,0.5686,70,0.74,0.9596,16,0.42,30.35
7a5ad5a3fcd85c7a,1,1.0,1.0,0.1104,13,0.9669,5,0.93,0.0,55,0.71,33.22
7e76a2b3918656f9,1,1.0,0.9152,0.4831,1,0.0,177,1.42,0.849,6,0.37,15.87
6d8767e46d975896,1,1.0,1.0,0.0368,9,1.0,2,0.45,1.0,2,0.48,2.01
3b53493dfe335ea6,1,1.0,0.9165,0.0597,2,0.0,144,2.04,0.755,14,0.65,31.94
d82f1b20a55d5bcd,1,0.5833,1.0,0.2642,19,0.9841,3,0.78,0.8879,24,0.39,43.88
7f163959c6e05719,1,1.0,1.0,0.0901,15,1.0,7,0.86,0.0,149,0.64,19.73
09df1da0af885ddd,1,1.0,1.0,0.2057,9,0.1744,74,1.26,0.9206,8,0.56,43.02
ddc7d737df1957cb,1,1.0,1.0,0.3475,16,0.9673,11,0.49,1.0,5,0.15,22.58
93eb75a6d0fc5db4,1,0.5833,1.0,0.1036,13,0.9764,7,0.43,0.9276,10,0.25,18.54
94625815a7b351b5,1,0.5833,1.0,0.1561,21,0.0,118,0.57,0.9353,15,0.05,15.13
cbe2fffee4105dbf,1,1.0,1.0,0.1845,15,0.982,6,0.78,0.7597,41,0.97,52.77
355e4d5dc6c15b9b,1,1.0,1.0,0.3197,18,0.9681,11,0.5,0.8039,73,0.36,22.82
0e04335474bf5b6e,1,1.0,1.0,0.2261,13,0.9351,8,0.86,0.0,253,0.39,24.79
13e6cd945bf95a1f,1,1.0,1.0,0.1965,11,0.8624,14,2.15,0.7886,43,0.2,14.2
0f23b65ea5a6556e,1,1.0,0.9531,0.0484,4,0.9531,0,1.77,0.9048,3,1.29,45.2
29fea23055595de3,1,1.0,1.0,0.2616,19,0.9359,11,1.28,0.8912,20,0.24,35.79
a4717050e0c05d1e,1,1.0,1.0,0.4141,22,0.9161,19,0.52,0.8791,25,0.26,16.46
1f211666d4465388,1,1.0,1.0,0.3368,22,0.9608,7,1.45,0.8585,37,0.44,46.82
4b892b0f3efa5255,1,1.0,1.0,0.2879,23,1.0,1,0.53,1.0,7,0.12,17.37
6fc4fc2702305dfa,1,1.0,1.0,0.1493,28,0.0,125,0.62,1.0,18,0.62,30.89
34bead43250559f7,1,1.0,0.9707,0.335,10,0.9568,2,1.28,0.9274,6,0.46,44.22
8dda399c53aa5be8,1,1.0,1.0,0.2364,40,1.0,2,0.29,0.954,33,0.45,26.66
d01e896e6c325436,1,1.0,1.0,0.0257,6,1.0,2,0.51,1.0,1,0.2,2.01
736e79c663bf5310,1,1.0,0.9744,0.1551,9,0.9582,1,1.04,0.9101,5,0.31,35.84
7ca54b5a28ae5667,1,1.0,0.9986,0.0841,5,0.0,251,1.76,0.8217,12,0.54,16.61
f49f94b388d8561d,1,1.0,1.0,0.375,13,0.9711,7,0.44,1.0,4,0.52,17.37
ea32cdfc9478501d,1,1.0,1.0,0.2235,11,0.9446,6,1.42,0.8748,17,0.18,45.2
51259bf89422548a,1,1.0,1.0,0.1306,15,0.9632,7,0.96,0.8715,15,0.82,38.61
9ee5cb5e3908569a,1,1.0,1.0,0.3968,25,0.9963,1,1.65,0.0,240,0.72,56.25
98a1233e3db75a8a,1,1.0,1.0,0.1482,15,1.0,1,0.83,0.7913,24,0.71,35.79
c6281b21b9015448,1,1.0,1.0,0.1965,6,0.928,5,0.45,0.0,151,0.46,15.51
f75560fb13f25476,1,1.0,1.0,0.423,57,1.0,1,0.77,0.6746,115,0.26,17.37
23fb1660b6985e05,1,1.0,1.0,0.1671,17,0.997,5,0.84,0.9045,14,0.46,36.83
df4dfd432ba25781,1,1.0,1.0,0.1182,24,1.0,4,0.65,0.0,114,0.35,7.06
72779ff1ead25f44,1,1.0,0.9262,0.0662,1,0.0,242,3.22,0.8946,2,0.38,26.81
de664d2cb249576d,1,1.0,1.0,0.1206,14,0.0,156,0.64,0.9848,10,0.52,26.65
7b8bb16c6e9b512c,1,1.0,1.0,0.3326,29,1.0,14,0.33,0.7908,76,0.28,20.53
95e6e7c4cfe15b91,1,1.0,1.0,0.1481,25,0.9775,18,0.44,0.8591,26,0.24,19.73
01e4bff700f15523,1,1.0,1.0,0.2552,24,0.9473,15,1.01,0.9276,20,0.48,28.05
3388246402ca591e,1,1.0,1.0,0.2216,13,0.0,167,1.44,0.7276,52,0.8,52.77
8790ecedb8ac580e,1,1.0,1.0,0.0832,11,1.0,10,0.67,1.0,7,0.44,19.73
a067e1b873c8534d,1,1.0,1.0,0.4825,27,0.923,24,1.02,0.7737,124,0.24,15.21
684dc9c8167b5189,1,1.0,1.0,0.3916,24,0.935,15,1.12,0.8154,66,0.43,28.21
23d70775af9754e8,1,0.0,1.0,0.0628,12,0.5833,12,0.98,1.0,6,0.17,2.01
43ebecce459052f2,1,1.0,1.0,0.1205,16,0.9348,13,1.52,0.9302,14,0.46,17.71
94689128d3bb5ac8,1,1.0,1.0,0.1215,12,0.0,160,0.67,0.9287,7,0.68,15.13
e0ae2ba5807f558a,1,1.0,1.0,0.0901,9,0.5833,22,0.83,0.9634,3,0.36,15.13
c52f491ebd5b521a,1,1.0,1.0,0.0473,3,0.0,130,0.61,0.0,143,0.45,21.05
90fa31af769c5e8d,1,1.0,0.9442,0.0291,4,0.0,213,0.42,0.9352,2,0.33,2.95
19f93eaa916d5528,1,1.0,1.0,0.0765,7,0.9786,4,0.53,0.9727,5,0.33,14.57
67e538558b0b5f93,1,1.0,1.0,0.1997,10,0.0,251,1.21,0.0,220,0.32,43.02
629ad0d696ed5a25,1,1.0,1.0,0.3871,15,0.9274,14,0.6,0.9274,14,0.33,17.37
3346340e1c275766,1,0.0,1.0,0.0078,2,0.0,174,0.98,0.0,4,0.35,2.01
c80072cd3e165a71,1,1.0,1.0,0.1224,10,0.9049,9,1.58,0.8501,13,0.63,24.74
4b43cd9b3d3f576c,1,0.5833,0.9854,0.2447,17,0.5833,57,0.32,0.9003,16,0.4,31.09
ee8e4ad158ef5a8d,1,1.0,1.0,0.2155,37,1.0,5,1.12,1.0,20,0.43,26.65
355835bced0c591f,1,1.0,0.9266,0.2285,3,0.9266,0,2.42,0.9138,1,0.35,38.82
40726c708b17504a,1,1.0,0.9879,0.0658,5,0.9483,2,0.91,0.0,188,0.63,15.44
bb3926e0e90c5657,1,1.0,1.0,0.3839,46,0.9996,26,0.98,0.984,27,0.39,14.37
efc8eef1e7b551d9,1,1.0,0.9597,0.1136,3,0.8877,5,2.36,0.0,70,1.54,15.21
e36f096910ed562a,1,1.0,1.0,0.1918,30,1.0,1,1.03,1.0,17,0.34,7.06
8bacfc35148b5dad,1,0.5833,0.9214,0.0224,3,0.0,214,0.47,0.8783,3,0.27,5.95
f19d96f947fa52d9,1,1.0,1.0,0.1605,35,1.0,21,1.1,1.0,16,0.47,22.3
fc0acfe530ba5562,1,1.0,0.9896,0.1279,5,0.9459,2,1.7,0.0,176,0.72,35.12
bcf76bb937d35be9,1,1.0,1.0,0.0101,2,1.0,0,0.51,1.0,1,0.45,2.01
c3d6016d73645955,1,0.5833,1.0,0.1957,24,0.0,119,1.06,0.9268,18,0.31,22.3
ea85208e83eb57b6,1,1.0,1.0,0.3637,63,1.0,29,1.39,0.5833,90,0.85,22.82
c6fc9d4d4dec5609,1,1.0,1.0,0.1623,13,0.9727,4,0.78,0.0,209,0.41,44.93
253ec4fb977d52d6,1,1.0,1.0,0.225,9,0.9363,7,1.25,0.0,209,0.5,28.21
98cf54a70d5e5da9,1,1.0,1.0,0.0835,10,0.9468,5,1.03,1.0,3,0.88,19.99
9114a3a480dd5466,1,0.5833,0.9992,0.1464,11,0.9911,1,0.66,0.897,12,0.32,25.34
4b594a8e80915943,1,0.5833,1.0,0.4022,35,0.0,180,0.5,0.9544,17,0.34,29.32
f748ff8ee5be533a,1,1.0,1.0,0.187,22,1.0,10,0.3,0.7461,42,0.45,11.79
49f69d3d75b65659,1,1.0,1.0,0.2373,10,0.9606,7,0.79,1.0,4,0.43,17.37
05965158ab845b47,1,1.0,1.0,0.0343,3,0.0,50,1.29,0.0,89,0.55,7.7
da01de71bce95578,1,1.0,1.0,0.1487,28,1.0,7,0.74,1.0,14,0.32,19.73
6d7ca07eac51558e,1,1.0,1.0,0.1914,40,0.0,171,1.12,1.0,26,0.82,28.05
6420c06f99465b53,1,1.0,1.0,0.2087,38,0.0,73,0.51,1.0,16,0.51,26.65
9147938e42675685,1,1.0,0.8904,0.2417,0,0.0,166,1.92,0.7596,28,0.42,14.01
557690c1c31357b1,1,1.0,1.0,0.0203,2,0.5833,4,0.72,0.0,37,0.43,7.15
60f8e416f5f457b3,1,1.0,1.0,0.1012,7,0.0,129,1.44,0.8619,8,0.29,30.89
780eada83bbc57b1,1,1.0,0.9841,0.1515,11,0.9725,1,1.35,0.4967,28,0.56,35.79
4543fc207fbb553e,1,0.5833,1.0,0.3709,37,0.5813,102,0.34,0.9097,34,0.41,43.88
76f053cb2f8851c7,1,1.0,1.0,0.217,14,1.0,7,0.41,0.0,228,0.13,17.37
8164612a623156ae,1,1.0,1.0,0.2319,14,0.9948,1,1.21,0.0,151,0.97,46.82
ad243dacb0315588,1,1.0,1.0,0.2836,31,0.0,240,0.49,0.9106,28,0.46,35.79
7c8dfd86366157b2,1,1.0,1.0,0.3447,32,0.968,19,0.38,0.9211,28,0.31,22.58
cb2a52e9af3a5e0a,1,1.0,1.0,0.0681,9,0.9454,5,0.6,1.0,2,0.33,15.13
15975dc336e75ba2,1,1.0,0.9236,0.0328,3,0.8958,3,1.28,0.79,5,0.22,2.95
094846d2fa755e29,1,1.0,1.0,0.0706,6,0.5833,19,0.36,0.8916,8,0.1,14.94
a312f24a197d530c,1,1.0,1.0,0.067,7,1.0,0,1.2,0.0,106,0.43,43.02
8b608a6353a95bce,1,1.0,1.0,0.0595,7,0.0,120,0.99,0.912,6,0.15,12.2
76615d386ce6519e,1,1.0,0.7638,0.008,0,0.0,215,0.43,0.7638,0,0.64,2.01
f228a1710d2f5ccd,1,1.0,0.9351,0.0397,4,0.0,65,1.21,0.89,4,0.31,2.95
5a3613f60fb454d4,1,1.0,1.0,0.1139,10,0.0,217,1.57,0.9252,8,0.65,27.0
1b95b6689ee75fab,1,1.0,0.9886,0.1951,3,0.9158,1,1.81,0.0,249,0.86,15.32
c32ae6a1954651ec,1,0.5833,1.0,0.1044,14,0.0,155,0.56,0.9239,11,0.4,12.89
1e4df42d4cea5416,1,1.0,1.0,0.2699,57,1.0,39,1.11,0.5833,59,0.52,7.06
bc8aad9d72385289,1,1.0,1.0,0.1373,12,1.0,2,0.6,0.0,54,0.6,56.25
50eebed7d9655bb5,1,1.0,1.0,0.2064,12,0.9492,9,0.58,0.7621,54,0.53,14.37
16d4835b75b05efb,1,1.0,1.0,0.322,42,0.5833,90,0.3,0.9106,35,0.25,36.83
e69e63297ed85a68,1,1.0,1.0,0.4474,9,0.9306,7,0.69,0.9306,7,0.3,14.45
a44bb178ec7d5c6a,1,1.0,1.0,0.0601,8,0.9832,1,0.47,0.9438,6,0.4,12.02
382c08ff59d5504b,1,0.0,1.0,0.0365,7,0.0,213,0.84,1.0,3,0.32,2.01
df0122d3b7d35eb9,1,1.0,1.0,0.215,42,0.9995,30,0.51,0.9995,30,0.33,11.79
cebdffcaf8595c9e,1,1.0,1.0,0.1005,19,1.0,10,0.82,0.9036,18,0.36,10.64
14a11185124a508b,1,1.0,1.0,0.2883,36,1.0,0,0.55,0.9156,31,0.55,42.67
7dda9e548f79596b,1,1.0,1.0,0.32,20,0.9647,16,0.32,1.0,1,0.39,7.06
cc9a87182a05533d,1,1.0,0.9975,0.0825,5,0.9297,2,1.92,0.9069,4,0.37,45.2
c418551cd6285092,1,1.0,0.9958,0.0508,6,0.9661,1,1.13,0.9153,4,0.52,22.69
c01c5d45b97154d4,1,1.0,1.0,0.1981,11,0.0,212,1.02,0.9085,9,0.2,15.21
1fd4a838b258571f,1,1.0,1.0,0.3894,33,0.5559,108,1.04,0.9213,23,0.5,57.53
37c816fee82753e3,1,1.0,1.0,0.0101,2,1.0,0,2.67,1.0,1,0.4,2.01
32c0c70837d05c47,1,1.0,1.0,0.2412,15,1.0,3,0.51,1.0,4,0.47,17.37
d4f5976a6d615330,1,1.0,1.0,0.206,46,1.0,11,0.62,0.9378,38,0.3,11.79
fb26a29303d1507e,1,1.0,1.0,0.2607,17,0.863,20,2.14,0.7879,56,0.35,11.79
ac3410e696505284,1,1.0,1.0,0.1952,36,1.0,3,1.05,0.0,220,0.27,19.73
9bb5a81e7fad549a,1,1.0,1.0,0.1126,8,0.8952,8,0.73,0.8952,8,0.55,10.1
d655411faf595661,1,1.0,1.0,0.1093,10,0.9975,5,0.46,1.0,2,0.36,18.54
aaf90b3acdce5063,1,1.0,1.0,0.2716,27,0.9926,6,0.67,0.9926,6,0.49,57.53
1517632ca5a8577b,1,1.0,1.0,0.0257,6,1.0,2,0.31,1.0,4,0.52,2.01
33e37f9d760a56b1,1,0.5833,1.0,0.2095,20,0.5709,62,0.42,0.9013,19,0.21,26.65
b641f849bdd55fd7,1,1.0,1.0,0.2356,30,1.0,7,0.53,0.9283,23,0.38,26.65
fd30fae9e4f35fa8,1,1.0,0.919,0.1166,2,0.0,243,2.71,0.8531,4,0.69,28.45
fa7793ced9cc559e,1,1.0,1.0,0.1566,8,0.9293,6,1.31,0.9001,7,1.02,19.26
78c26c7e63c3534c,1,1.0,0.9724,0.1348,3,0.9399,1,1.24,0.7935,16,0.62,16.48
089e8e85fb9b5f6c,1,1.0,0.8818,0.1112,0,0.0,149,1.78,0.853,2,0.76,28.04
38d4aa43f5f25eeb,1,1.0,1.0,0.0925,12,1.0,4,0.83,1.0,9,0.76,17.76
a1065191d3525bb1,1,1.0,0.9872,0.226,10,0.9609,1,1.16,0.9171,4,0.6,46.82
83c7a6c3c0b15b36,1,1.0,1.0,0.2448,22,0.9828,1,0.87,0.0,184,0.97,48.36
cb84621ac42a5df2,1,1.0,1.0,0.3088,27,0.9949,21,0.28,1.0,14,0.21,26.65
d2f121776fd05b4b,1,1.0,1.0,0.2999,9,1.0,1,0.5,1.0,3,0.55,17.37
afbbcee34f1850fd,1,1.0,1.0,0.5184,56,0.956,34,0.71,0.7429,137,0.35,30.35
10ee9a1679d759e4,1,1.0,1.0,0.2675,13,0.5666,74,0.83,0.9123,9,0.46,41.77
66fff80a93805b34,1,1.0,1.0,0.15,13,0.9729,8,1.23,1.0,6,0.6,16.46
9d32436291335261,1,1.0,1.0,0.2915,29,0.0,244,0.79,0.0,252,0.19,57.53
8b0d50e645eb5ac7,1,1.0,1.0,0.2466,24,1.0,1,0.59,1.0,1,0.48,17.37
28ef9307f6035143,1,1.0,0.9497,0.1029,2,0.5525,32,1.39,0.7477,17,0.78,11.37
20ae5de0a8725d9d,1,1.0,1.0,0.2087,13,0.0,168,0.94,0.876,18,0.41,39.12
2c0e25d51b0b5e31,1,0.5833,1.0,0.2322,28,0.5833,58,0.56,0.8709,31,0.33,26.65
6f8043e8b0a95706,1,1.0,1.0,0.0394,6,1.0,2,0.42,1.0,1,0.41,2.01
7d930b1f5365521f,1,1.0,1.0,0.0163,3,0.5833,3,0.46,1.0,0,0.56,2.01
959a7f2070f551e9,1,0.5833,0.9923,0.0413,4,0.0,153,0.38,0.7512,9,0.57,10.24
8d04552a13985dc6,1,1.0,0.9803,0.1863,5,0.955,1,1.34,0.9223,3,0.63,43.88
4bda94d100d65f0d,1,0.0,1.0,0.4326,11,0.0,212,0.23,1.0,7,0.52,17.37
0088dd94bbb85394,1,1.0,0.9832,0.3713,11,0.96,2,1.2,0.9241,6,0.62,34.88
b28ff93f850259ee,1,0.5833,1.0,0.0833,7,0.5753,23,0.44,0.8118,13,0.36,12.89
7a18ceb376d859c1,1,1.0,1.0,0.1762,11,0.0,254,0.87,0.7402,33,0.56,17.71
5d7e99b7eea65475,1,1.0,1.0,0.1468,6,0.9768,3,0.91,0.8967,6,0.59,20.53
fddb0bdd1d7f53e0,1,1.0,1.0,0.0556,5,0.0,152,0.78,0.0,149,0.53,26.65
602e1bc4f8575d4e,1,1.0,1.0,0.1649,8,0.0,56,1.82,0.8334,34,1.44,24.15
9369b11c1f5857e8,1,1.0,1.0,0.1103,17,0.0,42,0.74,0.9877,12,0.31,7.06
2cc421e9b3fd5c17,1,1.0,1.0,0.1985,4,0.9916,1,0.85,0.7699,42,0.85,21.31
bf8c5276f9a6539d,1,1.0,1.0,0.5327,26,0.9437,16,1.36,0.92,20,0.26,17.82
fab1fef0e2dc57cd,1,1.0,1.0,0.1234,13,0.9996,3,0.38,0.9259,9,0.36,21.05
3e11d77a9aca5bb7,1,1.0,1.0,0.1526,10,0.0,237,0.79,0.8625,12,0.49,42.67
8c4218fc392a52be,1,1.0,1.0,0.0257,6,1.0,5,0.49,1.0,4,0.31,2.01
bbc1735031c25ff7,1,1.0,1.0,0.2653,33,0.9836,27,0.46,0.7882,56,0.35,26.66
177abd8780ad5476,1,1.0,1.0,0.0062,1,1.0,0,0.11,0.5833,1,0.6,2.01
3a161e0999b15823,1,1.0,1.0,0.0816,5,0.9484,1,1.65,0.0,72,0.81,45.2
beeb0c78917a528a,1,1.0,1.0,0.2965,14,0.994,2,1.06,0.9982,1,0.38,57.53
e15cc5e1d2f85a26,1,1.0,1.0,0.1859,18,1.0,1,1.2,0.9688,8,0.94,20.43
01052f67ec24538c,1,1.0,1.0,0.2268,15,0.0,153,1.24,0.0,179,0.68,57.53
f6038d685a4d55b4,1,1.0,1.0,0.064,4,0.5591,19,0.97,0.5833,17,0.43,30.89
689abfdd66235378,1,1.0,1.0,0.1298,8,0.9918,2,0.63,0.5514,39,0.65,46.82
18dd0b3ef6b75b70,1,1.0,1.0,0.1114,4,0.0,100,0.98,0.7751,19,0.8,48.36
008144fe47ac5f74,1,1.0,1.0,0.0869,10,0.9926,6,0.9,0.8878,12,0.17,9.39
9f1b6ff3a4865c8a,1,1.0,1.0,0.284,16,0.9593,8,1.32,0.1954,91,0.73,22.3
f6e64f5e788b5101,1,1.0,1.0,0.2393,19,0.9904,6,0.73,0.5524,72,0.61,57.53
cd5c67041095597b,1,1.0,1.0,0.0319,6,1.0,0,0.59,1.0,3,0.52,2.01
6d585a6698f55c8b,1,1.0,1.0,0.0721,4,0.5833,19,1.36,0.9083,3,0.33,9.19
b15572e37ce95d98,1,1.0,1.0,0.0257,6,1.0,5,0.4,1.0,4,0.27,2.01
0e60a3a86ce2570d,1,1.0,1.0,0.1093,10,0.0,91,0.79,0.8183,17,0.33,36.83
7d6a50d3acb55383,1,1.0,1.0,0.0708,12,0.9796,4,0.83,0.0,220,0.68,48.36
bf5be5d94ffa52f8,1,0.0,1.0,0.153,31,0.0,157,0.52,1.0,26,0.41,7.06
37a8f4466b8b5110,1,1.0,0.9748,0.1714,1,0.0,115,1.22,0.4191,60,0.48,41.77
6021973f81a75e0b,1,0.5833,1.0,0.1053,10,0.5833,30,0.51,0.8279,17,0.35,15.13
5fde0c8c8f4b5ecb,1,1.0,0.8927,0.211,0,0.8927,0,2.57,0.8325,8,0.98,26.53
b1c410cdd06b5bb4,1,1.0,1.0,0.1466,5,0.9582,2,1.58,0.8967,5,0.57,44.22
a998a0d0131f5208,1,1.0,1.0,0.0583,5,0.967,2,0.86,0.0,100,0.35,39.88
6e6c19ea921f550d,1,1.0,1.0,0.088,8,0.5833,27,0.41,0.8955,9,0.39,18.03
bc23c66181b15e25,1,0.5833,0.9518,0.0975,5,0.5579,8,1.24,0.0,92,1.06,38.61
7d664c7260d45737,1,1.0,1.0,0.2044,14,0.9542,7,1.14,0.9235,11,0.54,39.88
4a46ef99ddf55b8d,1,1.0,1.0,0.0776,19,0.9748,18,0.3,1.0,12,0.79,23.33
db747c98e01c5b42,1,1.0,1.0,0.0471,3,0.0,201,1.01,0.0,210,0.45,22.82
f033f87821135704,1,1.0,1.0,0.6473,24,0.9277,21,0.38,0.9277,21,0.44,17.37
257d737fc3865fd1,1,1.0,1.0,0.423,25,0.0,235,1.56,0.6972,108,0.22,17.37
b3b8544db9025d6a,1,1.0,1.0,0.0303,6,1.0,5,0.81,1.0,3,0.21,2.01
de7b87d6624754cf,1,1.0,1.0,0.1419,14,0.5833,37,0.43,0.9303,9,0.25,26.65
29647b1293bf52b0,1,1.0,0.9895,0.1399,13,0.9369,6,1.2,0.9369,6,0.59,28.05
5ac5a4a182b859f7,1,1.0,1.0,0.5592,22,0.9275,19,0.49,0.855,27,0.23,17.37
38fb216f0cc35ecc,1,1.0,1.0,0.1108,11,0.5833,26,0.53,0.9906,1,0.44,17.78
c11b8e3e58e857f6,1,1.0,1.0,0.1366,10,0.996,5,0.55,1.0,4,0.54,18.54
85aaf087e6fe54ee,1,1.0,1.0,0.3343,43,0.9712,15,0.57,0.7381,90,0.87,29.32
08c1c8fbe5435208,1,1.0,0.9593,0.0316,5,0.9481,2,0.44,0.904,4,0.17,2.95
7d6c25f47aa658e8,1,1.0,1.0,0.1423,23,1.0,1,0.68,0.9986,16,0.52,28.05
e9d8c81a844c5c95,1,1.0,1.0,0.3159,30,0.9272,24,0.65,0.9205,26,0.27,7.06
14fb2a9aad8850d2,1,1.0,1.0,0.4734,14,0.9233,11,0.93,0.8513,33,0.62,19.52
ad34e2d0d3865530,1,1.0,1.0,0.4202,9,0.9217,4,1.28,0.8246,30,0.44,11.76
bdf99b84030a5a0f,1,1.0,1.0,0.0785,12,0.9593,11,0.48,0.8735,14,0.27,7.06
51c83516a5d8585a,1,1.0,1.0,0.0342,7,1.0,4,0.72,1.0,4,0.32,2.01
a7409a64ac2b5a94,1,1.0,1.0,0.1671,17,0.5833,43,0.57,0.9687,6,0.21,25.34
7fdfa29d75525f46,1,1.0,1.0,0.0257,6,1.0,5,0.31,1.0,4,0.39,2.01
6ff86f7f95cb502a,1,1.0,1.0,0.1524,20,1.0,2,0.86,1.0,13,0.26,26.65
21000f5c15845bf4,1,1.0,1.0,0.139,11,0.9557,6,0.8,0.8778,11,0.37,20.53
533c27383d335f4f,1,1.0,1.0,0.1809,16,0.0,146,0.69,1.0,0,0.42,52.77
cdda15bd879d5a30,1,0.5833,1.0,0.2006,17,0.0,209,1.2,0.8561,23,0.46,29.32
64cdae0a751357ee,1,1.0,1.0,0.148,11,0.9951,4,0.75,0.9951,4,0.41,17.76
15d5078041dd5a4f,1,1.0,1.0,0.1006,7,0.9113,5,1.33,0.8377,9,0.41,30.89
f6ab99e351c95b45,1,1.0,1.0,0.232,8,0.0,242,0.62,0.0,118,0.5,39.21
fccd90b794b15d6a,1,1.0,1.0,0.2618,14,1.0,4,0.49,1.0,0,0.34,22.58
62c0730b5f435548,1,1.0,1.0,0.1449,9,0.925,7,1.38,0.9414,5,0.85,35.12
0f3edc5110485b13,1,1.0,1.0,0.0772,7,0.9632,1,1.08,0.9389,4,0.23,28.21
548b6b9700f25610,1,1.0,1.0,0.239,14,0.0,136,0.74,0.9171,12,0.26,44.93
0536ffc8d9555b0f,1,0.0,1.0,0.0612,7,0.0,57,0.35,1.0,5,0.56,14.57
5b0d99a97ff55fa5,1,1.0,1.0,0.2014,33,0.0,71,0.68,0.935,28,0.67,24.15
7fbe5b01c5a9525c,1,1.0,1.0,0.246,40,0.5833,62,0.66,0.9557,31,0.35,26.66
e7756dc30c605482,1,0.0,1.0,0.3125,69,0.5833,86,0.87,1.0,44,0.51,7.06
17d8604b0bc65ce5,1,1.0,1.0,0.392,27,0.0,141,0.81,0.9624,18,0.65,7.06
0ef7ecd9c0035467,1,1.0,1.0,0.2093,9,0.9414,4,1.54,0.9109,6,0.35,46.82
208247acd8ca5e2c,1,1.0,1.0,0.1441,16,0.9453,14,0.55,0.8507,20,0.31,15.13
2834297c33cd5d50,1,1.0,0.9186,0.0186,1,0.0,32,2.2,0.0,55,1.01,28.45
2e6e8eebd05f5da2,1,1.0,1.0,0.4927,9,0.9974,1,1.59,0.893,9,0.55,12.25
af4a7d40819b5870,1,1.0,1.0,0.098,21,1.0,17,0.82,1.0,18,0.63,22.3
0f69087034985e9e,1,1.0,1.0,0.1779,17,0.5833,42,0.27,0.9268,13,0.35,30.35
ef0b044d86855ffe,1,1.0,1.0,0.0326,6,1.0,5,0.26,1.0,3,0.4,2.01
b7bcc88d87ba59ae,1,1.0,1.0,0.0397,9,1.0,4,0.39,1.0,1,0.51,2.01
4566a3d9b5e95d9b,1,1.0,1.0,0.0922,22,1.0,1,0.77,1.0,15,0.56,22.3
150c33d5cd005743,1,1.0,1.0,0.0289,6,1.0,3,0.72,1.0,3,0.38,3.74
22af89102e0650b7,1,1.0,0.9887,0.0857,6,0.9315,4,0.75,0.7375,20,0.76,17.58
447e7b334e165460,1,1.0,1.0,0.0752,12,1.0,1,0.47,0.0,167,0.52,26.65
160e6592389759c5,1,1.0,1.0,0.2136,23,1.0,3,1.02,0.9497,13,0.49,49.57
618902d469b5516e,1,1.0,1.0,0.1355,9,0.9583,2,1.61,0.8734,14,0.37,55.28
14b4283d229a5e3d,1,1.0,1.0,0.3584,21,0.0,161,0.88,0.8554,34,0.22,20.65
ff4f691f82915561,1,1.0,0.9894,0.2312,10,0.9574,2,1.22,0.9279,5,0.48,48.88
e9fd1602f4555be6,1,1.0,1.0,0.1217,26,1.0,15,0.83,1.0,20,0.24,7.06
a7fa8bccce9253cb,1,0.5833,0.9785,0.2441,3,0.9785,0,1.19,0.7923,22,0.36,21.71
8e7906efc10a5e42,1,0.5833,0.9643,0.0587,4,0.9157,2,1.21,0.781,10,0.71,20.53
eefc84cb86d45529,1,1.0,1.0,0.1957,16,0.9702,7,1.09,0.9003,15,0.57,39.88
31ac916bb888562a,1,1.0,0.9299,0.0753,1,0.0,243,2.68,0.761,15,0.71,26.81
b930ed8abf2b5e8d,1,0.0,1.0,0.1152,21,0.0,230,0.35,1.0,17,0.4,2.01
26ffff4876f75eed,1,1.0,1.0,0.5628,19,0.9243,16,0.54,0.8536,23,0.08,17.37
13fcb47bb63951e7,1,0.5833,0.8895,0.032,0,0.0,214,0.41,0.8643,3,0.32,2.95
613c91adcbe55cd5,1,1.0,1.0,0.1089,6,0.9562,2,1.01,0.8137,8,0.5,11.37
23b4e574c41a57bd,1,1.0,1.0,0.3521,19,0.9385,13,1.03,0.8365,43,0.49,22.3
3866b4b85a135f66,1,1.0,1.0,0.1956,29,0.9915,15,0.36,0.8932,29,0.53,28.05
c62b532b8f355b16,1,0.5833,1.0,0.1817,14,0.5833,43,0.42,0.9179,12,0.3,26.65
fda9b858e7e4588f,1,1.0,1.0,0.0753,14,1.0,0,0.66,1.0,1,0.45,22.3
4e60581353585fdc,1,1.0,1.0,0.4506,12,0.9431,5,0.97,0.8192,38,0.4,19.73
04c8cad554925432,1,0.5833,1.0,0.2427,23,0.5819,68,0.4,0.9101,21,0.24,26.65
c5b585ddf50d5f1f,1,1.0,1.0,0.1506,27,0.0,155,0.84,1.0,13,0.73,27.0
ae3496e6ce435e73,1,1.0,1.0,0.1275,25,0.9649,19,0.52,1.0,7,0.32,12.2
97f7a14f8a835f59,1,1.0,1.0,0.0173,4,1.0,0,0.26,1.0,3,0.53,2.01
c1553b5b161e5db1,1,1.0,1.0,0.1844,25,0.9512,16,0.32,0.6217,51,0.14,11.79
13da814cde3a525b,1,1.0,1.0,0.0977,11,1.0,2,0.77,0.9575,7,0.28,17.76
dfd27e2c5d7f50fb,1,1.0,0.9945,0.0778,5,0.9279,1,2.16,0.9049,3,0.22,45.2
ad517de61e355d8d,1,1.0,1.0,0.3959,13,0.9036,10,1.04,0.8502,21,0.68,17.71
c0be0cb86f2c5cf1,1,0.5833,0.9872,0.2184,20,0.5833,54,0.51,0.9424,11,0.24,30.35
7602fcbad344586a,1,1.0,1.0,0.1468,31,1.0,9,1.05,0.0,251,0.2,15.21
d69b6aacdd0459e3,1,1.0,1.0,0.1125,23,1.0,4,0.71,0.0,102,0.53,22.3
b1e0acd51fbf5895,1,1.0,1.0,0.0499,8,0.9562,4,1.22,0.0,235,0.56,44.22
c6cef2558e365e85,1,1.0,1.0,0.3846,19,0.9821,9,0.65,0.9821,9,0.29,17.37
ed7a09d2f93d5e90,1,0.5833,1.0,0.138,23,0.5772,38,0.29,0.9739,16,0.46,30.89
05850e3460015579,1,1.0,1.0,0.4463,23,1.0,0,1.4,1.0,7,0.43,22.3
816a869e91ae5d17,1,1.0,1.0,0.1056,12,0.9596,8,0.71,0.7497,23,0.9,22.3
d4d21ecb8e4058e8,1,1.0,1.0,0.1328,21,0.0,145,1.02,0.7929,26,0.09,7.06
ea93b5b81d425814,1,1.0,1.0,0.2885,53,0.9653,37,0.55,0.8823,56,0.27,22.3
b133316a0e795993,1,1.0,1.0,0.3508,30,0.9912,3,1.02,0.9094,26,0.38,42.78
56da58294b3d53c5,1,0.5833,1.0,0.2795,32,0.5833,71,0.45,0.8908,32,0.27,36.83
150505a546335d5d,1,1.0,1.0,0.3082,23,0.0,222,1.09,0.8407,37,0.35,24.74
6ce7347fb53b5d83,1,1.0,1.0,0.2693,18,0.0,166,0.52,0.9052,17,0.5,49.57
140a3ea8607f528f,1,1.0,0.9802,0.0237,4,0.0,36,0.85,0.8457,4,0.3,5.95
4386a0ba98f95bb3,1,1.0,1.0,0.0669,6,0.5715,15,0.54,0.8422,9,0.35,7.15
3d8c71ff899f50e6,1,1.0,1.0,0.4417,37,0.9747,27,0.56,1.0,15,0.14,17.37
0bee5ed0a0a957fd,1,1.0,0.9821,0.1459,10,0.955,1,1.78,0.9263,5,0.44,46.82
e6fd7389cbfb5943,1,1.0,1.0,0.0039,1,1.0,0,1.75,1.0,0,0.42,0.78
04fafb805d465314,1,1.0,1.0,0.1781,19,0.5833,56,0.5,0.9198,15,0.44,27.41
19227b35432f567e,1,1.0,0.9801,0.1422,10,0.964,1,0.81,0.7939,27,0.91,35.79
47fdf7c04b155eac,1,1.0,0.9435,0.315,2,0.5356,87,1.12,0.8241,13,0.42,28.59
1139adeebbbe5d34,1,0.5833,1.0,0.263,11,0.9742,7,0.59,0.9742,7,0.57,17.37
268ab283b4a95126,1,1.0,1.0,0.068,12,0.0,250,0.79,0.9428,10,0.36,17.76
597d1cf34bcc5e53,1,1.0,1.0,0.2235,18,0.9747,5,1.19,0.0,111,0.51,43.02
aa1f80806fa35b9f,1,1.0,1.0,0.0254,3,1.0,2,0.34,1.0,1,0.46,2.01
32e5d7e804c65214,1,1.0,1.0,0.3323,45,1.0,14,0.47,0.8254,76,0.34,17.37
bd4dac2ccde55c08,1,1.0,1.0,0.0722,8,0.0,106,1.2,0.0,130,0.53,43.02
e194cef299cf5264,1,1.0,1.0,0.0424,8,0.0,29,0.64,0.0,232,0.71,26.66
618e368153135092,1,1.0,1.0,0.2309,27,0.5833,64,0.64,0.5788,67,0.44,29.32
3e09adf2d7055216,1,1.0,1.0,0.0604,6,1.0,2,2.2,1.0,3,0.16,2.01
9ce9ec5a49b1568d,1,1.0,0.9762,0.1885,8,0.9589,1,1.62,0.9342,4,0.56,34.88
77919997d5c352d8,1,1.0,1.0,0.2908,38,0.5833,85,1.04,0.9835,15,0.32,36.83
eae658a09ef152a9,1,0.5833,0.8029,0.0273,0,0.0,111,1.1,0.1501,26,0.87,3.74
126dbed7a6b458ee,1,1.0,0.9756,0.2477,7,0.9756,0,1.0,0.0,123,0.5,46.82
612827ed516257e8,1,1.0,1.0,0.164,18,0.9916,7,0.46,0.9602,11,0.28,17.37
0ac3823481f15815,1,0.5833,1.0,0.193,22,1.0,9,0.89,0.8909,24,0.21,24.15
acb57a529dae5da1,1,0.5833,1.0,0.1765,8,0.0,111,0.7,0.9017,7,0.7,36.83
3f265d778b65596b,1,0.0,0.8333,0.0088,0,0.0,104,0.61,0.0,127,0.88,0.78
19a595ad0fe35941,1,1.0,1.0,0.1101,6,0.9738,2,1.05,0.9293,4,0.81,44.22
d14f40d60d165b25,1,1.0,1.0,0.1974,16,1.0,0,0.46,1.0,0,0.23,7.06
52ed9777731d5ba8,1,1.0,1.0,0.1611,14,0.9706,7,1.0,0.9611,8,0.3,33.22
a7ce5a625a525b45,1,1.0,1.0,0.1506,34,1.0,24,0.43,1.0,2,0.26,22.3
0bcebe354a715163,1,1.0,1.0,0.329,36,0.9715,21,1.01,0.9302,28,0.49,39.88
3dc6b109b480502f,1,0.0,1.0,0.1159,25,0.0,61,0.34,1.0,19,0.47,7.06
1b203e7299655c9c,1,1.0,0.9959,0.25,9,0.9792,2,1.49,0.9792,2,0.39,35.84
b762ea96cfa75157,1,1.0,1.0,0.0376,3,1.0,0,0.1,1.0,2,0.41,2.01
6a9d9f877efb51e3,1,1.0,1.0,0.1504,21,0.9308,18,1.02,0.8358,25,0.52,7.06
4b3a1e85619e557f,1,1.0,1.0,0.1917,17,1.0,0,0.55,0.9288,14,0.15,7.06
ee545028f8a85e6f,1,1.0,1.0,0.1067,13,0.0,211,0.54,0.9232,12,0.3,15.21
2a34f4d0aefc5039,1,1.0,1.0,0.458,33,0.9336,25,1.02,0.8619,46,0.13,19.73
5be861ae85a75b45,1,1.0,1.0,0.1443,18,0.947,11,1.16,0.0,51,0.8,33.22
742ec95b24ee529c,1,1.0,1.0,0.1022,8,0.0,101,0.51,0.7438,21,0.41,12.89
47ece51118f95d1d,1,1.0,1.0,0.3237,36,0.5833,72,0.6,0.5627,85,0.26,36.83
bdbf1319d21c5cab,1,1.0,1.0,0.2932,31,0.0,179,1.08,0.0,179,0.79,48.36
4c5501833dfd5bb4,1,0.5833,1.0,0.0853,9,0.0,236,0.58,0.8168,12,0.14,14.57
40660dbe143d52c1,1,1.0,1.0,0.0905,14,0.5833,26,0.49,0.8563,16,0.14,8.08
c6ad08c8eca55275,1,1.0,1.0,0.178,27,0.0,67,0.59,0.7698,41,0.49,24.15
c2915f2ac7f55f97,1,1.0,1.0,0.3711,17,0.9616,6,0.84,0.6941,72,0.54,32.14
888d1fb945ed5982,1,1.0,1.0,0.044,6,0.0,213,1.11,0.8406,8,0.67,18.54
ac944958cb6d5209,1,1.0,1.0,0.0257,6,1.0,2,0.32,1.0,1,0.41,2.01
12d4637822bb5f19,1,1.0,1.0,0.1011,9,0.9626,3,1.21,0.0,102,0.7,43.02
a7ad6a154d2051bd,1,1.0,1.0,0.5665,17,0.9416,14,0.24,0.8651,19,0.47,17.37
26983ee0a39e5a32,1,1.0,1.0,0.2347,26,0.5833,61,1.45,0.9885,9,0.52,20.53
49f0872dbe1958e6,1,1.0,1.0,0.1353,13,1.0,0,0.39,0.8748,15,0.34,20.14
5d004fb36ca95fa0,1,1.0,1.0,0.0878,18,1.0,6,0.91,1.0,13,0.58,22.3
7326774073dd5f7d,1,1.0,1.0,0.1017,7,0.9123,6,1.4,0.8385,9,0.19,30.89
1d3cf448005f56c1,1,1.0,1.0,0.0408,6,0.0,234,0.69,0.0,131,0.69,29.45
de9dd93857cf5ab5,1,1.0,1.0,0.063,5,0.0,192,1.51,0.0,124,0.71,39.9
ef23fc3dea3551b5,1,1.0,1.0,0.0241,5,0.5833,5,0.18,1.0,1,0.56,2.01
db951dbc3e595c29,1,1.0,1.0,0.1631,9,0.0,212,1.84,0.0,80,0.54,14.2
ee5975ff12275983,1,1.0,1.0,0.2488,51,1.0,16,0.91,1.0,12,0.36,22.3
75523a91f0b15884,1,1.0,1.0,0.1743,26,0.9914,23,0.26,0.0,52,0.49,26.65
f07e9b76d6e0503d,1,0.5833,1.0,0.1799,7,0.0,130,1.65,0.7916,25,0.78,43.88
b3de01e79b725ae4,1,1.0,1.0,0.1895,17,0.9858,5,1.17,0.966,7,0.77,39.88
e0cc59c7dc8c50bd,1,1.0,0.9816,0.1291,4,0.5375,35,1.27,0.5375,35,0.49,34.88
994db6ebee835fbd,1,0.5833,1.0,0.1285,13,1.0,7,0.28,1.0,0,0.37,9.41
eb2797d76e3b5384,1,1.0,1.0,0.1415,17,0.9308,15,0.69,1.0,5,0.2,7.06
9f03709a3c1e5725,1,1.0,1.0,0.2907,20,0.9596,12,0.8,0.7987,67,0.48,24.15
f985ec5a35285901,1,1.0,1.0,0.0779,6,0.9583,3,1.32,0.9173,5,0.7,44.22
dd43c6087aca5206,1,1.0,1.0,0.2192,12,0.9452,4,1.59,0.8704,15,0.53,43.88
148188e5281e53cd,1,1.0,1.0,0.0698,10,1.0,1,0.65,0.8997,10,0.29,12.2
94c6fd3f9ec85914,1,1.0,0.8305,0.0184,0,0.0,114,1.39,0.0,223,0.49,15.21
644d0407ee0a5337,1,1.0,0.9931,0.0443,4,0.9688,1,1.01,0.9688,1,0.54,42.67
95ccb71300195f57,1,1.0,1.0,0.1486,17,1.0,5,1.77,1.0,2,0.67,22.3
fe6db2d0c7025b8a,1,0.0,1.0,0.0612,11,0.0,123,0.84,1.0,9,0.21,2.01
797606b9788852f2,1,1.0,1.0,0.0062,1,0.0,250,0.77,1.0,0,0.45,2.01
7508fad57cde547d,1,1.0,1.0,0.1217,15,1.0,0,0.38,1.0,0,0.31,7.06
53c908f42e685998,1,1.0,1.0,0.3824,51,0.9859,47,0.91,0.5833,99,0.36,7.06
3d37ed78124057a1,1,1.0,1.0,0.3527,12,0.9277,10,0.41,0.8543,15,0.3,17.37
60fa28b4cd8a57fb,1,0.5833,1.0,0.2725,31,0.577,74,0.48,0.8745,35,0.37,26.65
b4f362c0d9015d07,1,1.0,0.921,0.0625,1,0.8886,2,3.45,0.8506,4,1.33,26.81
b0b850e74a1e5bc7,1,1.0,1.0,0.0345,6,0.0,66,0.52,0.8923,6,0.53,7.83
ddddd9e7e4925db9,1,1.0,0.9791,0.3009,15,0.9791,0,1.41,0.0,130,0.61,46.82
93d5e0dd29bc5e7c,1,0.0,1.0,0.0244,4,0.0,32,0.58,0.0,192,0.66,2.01
171ac85821875613,1,1.0,1.0,0.1429,8,0.0,198,0.72,0.8664,10,0.37,28.28
15715849d362599e,1,1.0,1.0,0.1477,15,0.0,197,1.01,0.8376,23,0.53,39.12
88466abb967954e5,1,1.0,1.0,0.1326,10,1.0,1,0.33,1.0,3,0.53,11.79
81e5ddc060675e0b,1,0.5833,1.0,0.1936,14,0.965,10,0.6,1.0,8,0.12,17.37
3debd3d86b5850dd,1,1.0,1.0,0.3447,26,0.5374,96,0.99,0.8876,27,0.27,17.37
41da8ea7c14754d2,1,1.0,1.0,0.106,17,1.0,14,0.89,1.0,12,0.47,19.73
14743d928b9257a1,1,1.0,0.9653,0.0362,5,0.9533,1,0.37,0.9497,2,0.35,5.86
5bc7217fee5c5fc5,1,1.0,1.0,0.152,19,0.9776,13,0.8,0.8387,25,0.77,22.3
6881586931a25031,1,1.0,1.0,0.5383,31,0.9858,15,1.35,0.8798,36,0.92,11.76
9c9b62965da75764,1,1.0,0.9317,0.0252,2,0.0,239,1.51,0.0,223,0.63,32.82
44230a68f8305c14,1,1.0,1.0,0.189,14,0.9598,8,1.28,0.9598,8,0.45,44.22
a7fa674076175448,1,1.0,1.0,0.5507,28,0.0,180,0.58,0.0,180,0.32,17.37
0c3c5692dcdd5bdc,1,1.0,1.0,0.5027,17,0.9562,15,0.35,0.8776,20,0.13,17.37
1727319cfd2b5661,1,1.0,1.0,0.1879,16,0.0,90,1.1,0.0,90,0.45,49.57
95c73c4a8d775324,1,1.0,1.0,0.217,18,0.0,97,0.67,1.0,0,0.26,7.06
57a85d94e9c95004,1,1.0,1.0,0.3553,35,0.9433,30,0.53,0.9433,30,0.38,17.37
62b620262e1b5b25,1,1.0,1.0,0.0078,2,1.0,0,0.55,1.0,1,0.25,2.01
fb73ca8c7d5f5d34,1,0.0,1.0,0.1097,21,0.0,49,2.07,1.0,4,0.49,7.06
dac176e7b40c5671,1,1.0,1.0,0.1531,10,0.0,232,1.12,0.9147,7,0.38,45.2
eb9fd90de700597b,1,1.0,1.0,0.2011,18,0.0,244,1.28,0.8967,18,0.63,35.79
e56f85ee56395a99,1,1.0,1.0,0.0101,2,1.0,0,0.28,1.0,1,0.31,2.01
939be40082d9515a,1,1.0,0.8899,0.0239,0,0.0,206,1.8,0.0,164,1.03,19.52
e727c1d090125d64,1,1.0,1.0,0.0101,2,1.0,0,0.58,1.0,1,0.24,2.01
92106b8512315c03,1,1.0,1.0,0.0641,3,1.0,2,0.33,0.5833,6,0.69,2.01
ffac18af5cea540a,1,1.0,1.0,0.1355,17,0.5833,30,0.18,0.823,20,0.28,14.57
4cdd4e33b01a52a8,1,1.0,1.0,0.1568,10,0.964,4,1.01,0.93,7,0.3,43.02
4f8d9bfa869553bb,1,1.0,1.0,0.3432,59,0.5807,92,0.86,1.0,43,0.56,30.35
0d145fab90475c8f,1,1.0,1.0,0.0244,4,1.0,0,1.03,0.9611,3,0.3,5.95
ac2e86e04c0a5287,1,1.0,0.981,0.1892,6,0.0,110,1.28,0.9033,5,0.47,43.02
c8c9563dbe59572a,1,1.0,1.0,0.0436,3,0.0,18,1.02,0.8348,7,0.19,10.24
9164913b818a58b1,1,1.0,0.8418,0.0287,0,0.0,69,1.19,0.0,233,0.76,14.57
51d4ce9889525c4f,1,1.0,1.0,0.1438,11,0.0,203,0.99,0.0,150,0.62,43.02
56a5e83ad14c558a,1,1.0,1.0,0.2159,21,0.9982,8,0.59,0.8895,24,0.27,33.22
7b13f467f23c5a2b,1,1.0,0.9982,0.1003,10,0.9982,0,0.65,0.9982,0,0.08,17.34
9c63c33c198e5aa9,1,1.0,1.0,0.1408,11,0.9516,5,1.08,0.0,63,0.35,33.22
dea63e35e7545f27,1,1.0,1.0,0.0686,2,0.0,126,1.2,0.0,221,0.9,30.89
420d59a27cb053ae,1,1.0,1.0,0.1933,17,0.9724,13,0.41,0.9724,13,0.51,11.76
dfb437fd895b5e96,1,1.0,1.0,0.0296,7,1.0,3,0.43,1.0,3,0.46,2.01
562019740aeb5d7e,1,1.0,1.0,0.1857,38,1.0,7,0.59,1.0,15,0.28,17.76
f4059b9c69d5509c,1,1.0,1.0,0.5005,23,0.9565,10,0.53,0.9896,6,0.77,28.05
b090f02ef43f5d41,1,1.0,1.0,0.3368,9,0.9444,7,0.8,0.824,28,0.46,17.76
80386d2e9c215d3b,1,1.0,1.0,0.1102,3,0.5427,32,1.12,0.4677,36,0.92,32.48
015593741e7050f7,1,1.0,1.0,0.1714,10,0.0,110,1.31,0.8715,17,0.34,45.69
c93a302d2fb2508f,1,1.0,0.9827,0.1645,4,0.0,158,1.73,0.0,153,0.59,38.82
f69367f756605199,1,1.0,1.0,0.3697,12,0.9732,4,0.53,1.0,0,0.29,17.37
df044fb9c65c5d52,1,0.0,1.0,0.0326,6,0.0,137,1.12,1.0,5,0.48,2.01
06392ff957445576,1,1.0,1.0,0.1322,8,0.0,102,1.31,0.9263,6,0.17,45.69
f1f69cb418a05b54,1,1.0,1.0,0.211,17,0.0,83,0.58,0.4968,68,0.69,48.36
3b3f3faf6778593f,1,1.0,1.0,0.3833,14,0.9594,8,0.54,1.0,1,0.26,22.58
a6da1090aa335503,1,0.0,1.0,0.0404,7,0.0,206,1.08,1.0,2,0.17,2.01
8857612d0dad5e95,1,1.0,1.0,0.4331,52,0.5833,119,0.5,0.7432,97,0.69,44.22
bf2bd235d7225732,1,1.0,1.0,0.0802,13,1.0,3,0.62,0.0,221,0.51,36.83
14128c4b87b15777,1,1.0,1.0,0.329,7,0.9453,3,1.17,0.9023,6,0.29,15.32
2d741bb457ed5434,1,1.0,1.0,0.0489,5,0.0,153,0.41,0.8773,6,0.2,10.24
baff5b48a5c056ec,1,1.0,1.0,0.1268,8,0.9679,6,1.31,0.8561,10,0.76,18.54
d4278d63cd605813,1,0.5833,1.0,0.2658,28,0.5833,72,0.55,0.8865,30,0.42,35.79
dc47dc70547551f6,1,0.5833,1.0,0.1379,18,1.0,5,1.17,0.8841,19,0.23,16.46
9064ebbda4425d30,1,1.0,1.0,0.108,16,1.0,6,0.52,1.0,3,0.15,17.37
d59310a4fd6e5fde,1,1.0,1.0,0.3187,13,0.9677,7,0.2,0.9858,6,0.44,22.58
f1592141ee0157fe,1,1.0,1.0,0.1142,17,1.0,3,0.4,1.0,0,0.52,18.54
91496ec9ca5f5d5f,1,1.0,1.0,0.0632,9,0.9836,4,1.13,0.9277,8,0.35,8.67
02328c7410405c5a,1,0.5833,0.9424,0.1097,7,0.5833,28,0.45,0.8958,7,0.34,15.51
d957b8de88d154cb,1,1.0,1.0,0.164,22,1.0,4,0.48,0.9514,15,0.16,26.65
88862af321ce5c8f,1,1.0,1.0,0.0867,17,1.0,5,0.65,0.0,118,0.27,7.06
36f96e28725c5f5e,1,1.0,1.0,0.101,5,0.0,165,1.23,0.9137,4,0.55,43.02
e7c778d603885f57,1,1.0,1.0,0.0785,12,0.9419,10,0.7,0.8101,13,0.18,15.21
f7c57baf089e561b,1,0.0,1.0,0.1979,34,0.0,185,0.78,1.0,20,0.8,26.66
2f9c4ea0c97450c6,1,1.0,1.0,0.1842,19,0.9898,7,0.82,0.0,210,0.47,57.53
f9f4354a1d12565d,1,1.0,1.0,0.3115,30,0.9956,4,0.74,0.0,186,0.27,52.77
40ce7057faae541e,1,0.0,1.0,0.2135,41,0.5833,54,1.45,0.0,124,0.2,7.06
ba4d9a1f0ac15364,1,1.0,1.0,0.303,16,0.9596,10,0.52,0.8077,73,0.29,22.82
b172a207771456f1,1,1.0,1.0,0.5269,16,0.8994,16,0.88,0.9468,11,0.18,17.37
540098f126795a8c,1,1.0,1.0,0.1823,8,0.1777,58,1.15,0.8989,8,0.37,43.02
ac2046c2652451fc,1,1.0,1.0,0.1846,27,0.9646,20,0.72,0.9175,26,0.21,26.66
ec097e80d5565caa,1,1.0,1.0,0.1576,22,1.0,3,0.92,0.7878,26,0.26,15.21
2c0f41d407295efa,1,1.0,0.9933,0.443,3,0.9933,0,1.57,0.713,119,0.23,16.59
b425ed76adfb5351,1,0.5833,1.0,0.2924,38,0.5833,72,0.57,0.9322,26,0.49,44.22
1218b6a218b750d8,1,0.0,1.0,0.3535,14,0.0,129,0.47,1.0,8,0.7,17.37
8a6fbabba3745db9,1,1.0,1.0,0.1598,19,0.5833,46,0.36,0.9225,15,0.25,15.13
42b4245406ee5ab8,1,1.0,1.0,0.2153,21,0.9709,12,1.35,0.9519,16,0.6,52.77
fbc91394092b5dbb,1,1.0,0.9845,0.0369,3,0.0,145,0.56,0.8965,3,0.04,8.59
c4fad4d040a75b90,1,1.0,1.0,0.1628,12,0.0,112,1.34,0.9059,11,0.99,30.89
132d1ec43fc058e1,1,1.0,0.9711,0.1945,16,0.0,148,0.49,0.9523,1,0.29,39.21
7b263d7980f55503,1,1.0,1.0,0.2925,20,0.9899,3,0.73,0.9899,3,0.53,57.53
74a8e53c9a6f50a3,1,1.0,1.0,0.1397,15,1.0,3,1.35,1.0,1,0.76,44.22
4a29aee6f5bd5073,1,1.0,1.0,0.29,16,0.9531,11,0.39,0.6868,83,0.47,22.82
0a6e90cccbb15213,1,1.0,1.0,0.1408,8,0.0,204,0.96,0.0,230,0.84,11.76
984716e6e27e59ee,1,1.0,1.0,0.1287,15,1.0,4,0.6,1.0,6,0.38,7.06
84b69613f5e6551c,1,1.0,1.0,0.2316,7,0.916,6,1.53,0.8742,8,0.68,22.69
bcc370e566845fc6,1,0.5833,1.0,0.1304,19,0.9656,16,1.03,0.8759,22,0.21,30.35
88e453ca4644586f,1,1.0,1.0,0.2333,19,0.9789,7,0.93,0.964,9,0.59,44.22
4b6b5bac92ae5f56,1,1.0,1.0,0.0583,7,0.9842,2,0.58,0.9349,6,0.16,15.14
aa072830a2d15d9f,1,1.0,1.0,0.3825,26,0.9052,25,0.75,0.9887,14,0.52,17.37
14b839d065b358d0,1,0.5833,1.0,0.1927,13,0.193,102,0.75,1.0,3,0.62,24.15
5e89299dadf05ad1,1,1.0,1.0,0.5888,30,0.9165,26,1.18,0.8984,30,0.52,20.53
2135b76284735f17,1,1.0,1.0,0.1394,8,0.0,136,1.0,0.7597,28,1.04,43.02
8eca6838e7c75493,1,0.5833,1.0,0.1968,20,0.9904,8,0.42,0.894,22,0.32,24.15
81a0a6181d335250,1,1.0,1.0,0.2951,46,1.0,2,0.87,1.0,8,0.52,22.82
3ad6a3f7a0f155f8,1,1.0,1.0,0.1531,12,0.9077,11,1.69,0.0,207,0.56,30.89
0b23b3823c4d57da,1,1.0,1.0,0.0437,7,0.0,213,1.11,0.9027,6,0.3,9.39
8cec7d21f7dc540b,1,1.0,0.8238,0.0465,0,0.0,60,1.41,0.8238,0,0.61,19.24
4874da28248a5026,1,1.0,1.0,0.3376,14,0.0,220,0.81,1.0,4,0.5,17.37
3a54e9d3717d5760,1,1.0,1.0,0.1629,14,0.9355,10,1.34,0.9104,12,0.55,36.83
9e1be9753cf75e57,1,0.5833,0.9666,0.0521,4,0.0,237,0.26,0.8458,6,0.33,10.24
b09d0393d8095685,1,1.0,1.0,0.119,10,0.5833,26,0.5,0.8902,10,0.15,9.41
ff1a305b2c1752af,1,1.0,1.0,0.1243,14,0.9662,7,0.8,0.9662,7,0.54,17.76
ffef12d9476e557b,1,1.0,0.899,0.0221,0,0.0,208,1.16,0.8101,2,1.3,19.52
2a2cb941f34b5bc4,1,1.0,1.0,0.1693,15,0.9864,3,1.52,0.0,132,0.47,57.53
3b34e3fd5b9e5767,1,1.0,1.0,0.023,3,0.9675,2,0.96,0.0,86,0.56,23.44
eee59dd716c05e1b,1,1.0,1.0,0.2595,11,0.0,251,0.91,0.9361,9,0.47,11.76
78f8d55c59105b7b,1,0.0,1.0,0.1986,39,0.0,85,0.85,1.0,25,0.35,7.06
b523d101fb0958c3,1,1.0,0.9388,0.0188,1,0.9388,0,1.22,0.0,49,0.56,22.3
526a568a22795441,1,1.0,1.0,0.1238,9,1.0,5,1.0,0.9645,7,0.55,26.66
d65373ac727f541f,1,1.0,1.0,0.1555,28,1.0,8,0.73,1.0,18,0.46,19.73
189654afe9465b09,1,1.0,1.0,0.227,13,0.9533,6,1.37,0.0,210,0.5,43.02
abbfc957d5545f53,1,1.0,1.0,0.0464,3,0.9485,1,1.16,0.8367,4,0.45,35.14
abcb112aeb3458cf,1,1.0,1.0,0.1073,9,0.9433,7,1.34,0.0,201,0.51,17.76
00a757f8d4e45f8c,1,1.0,0.9711,0.1383,11,0.0,162,1.0,0.1643,47,0.7,20.15
d782b032259d5cc0,1,1.0,1.0,0.1247,10,0.0,93,1.16,0.0,67,0.56,46.82
9ef1d618435d5e53,1,1.0,1.0,0.1266,4,0.542,34,1.15,0.0,50,0.21,18.66
511741d6df93540d,1,1.0,1.0,0.0678,5,0.9994,2,0.48,0.7145,15,0.84,17.82
e83be8437b0c5862,1,0.5833,1.0,0.1586,14,0.5833,43,0.52,0.0,208,0.36,29.32
6892e067e25257f8,1,0.5833,1.0,0.2355,27,0.5833,67,0.36,0.9157,21,0.39,33.22
dac84d4f931e54ab,1,0.5833,1.0,0.0932,3,0.0,234,2.42,0.0,107,0.5,43.88
fb351801ac245053,1,1.0,1.0,0.2691,26,1.0,1,0.54,0.571,76,0.5,57.53
c2072dd6a3f85da0,1,0.5833,0.955,0.0421,3,0.0,153,0.86,0.7841,8,0.22,10.24
2882be3ae16b50e3,1,0.0,1.0,0.042,9,0.0,214,0.76,0.0,103,0.64,2.01
fa6480e0a896514c,1,0.0,1.0,0.2386,47,1.0,41,0.98,0.5833,60,0.41,12.2
5883b0e7c7215e80,1,1.0,1.0,0.2433,21,0.999,5,0.89,0.9087,19,0.57,44.93
798842f0b1c253b4,1,1.0,0.9921,0.1177,6,0.0,117,1.63,0.9114,5,0.45,43.02
5f0ef7cc5f0a5b02,1,1.0,1.0,0.1629,12,1.0,0,0.5,1.0,0,0.46,17.76
64a7186ab49b5cdc,1,1.0,1.0,0.129,9,0.0,113,1.39,0.0,238,0.26,48.36
ad970e7cae1a5ead,1,1.0,1.0,0.231,37,0.9925,18,0.95,1.0,12,0.81,27.0
d2c77b46ecee58f9,1,1.0,1.0,0.5677,27,0.0,203,0.44,1.0,3,0.47,7.06
ff66468144595101,1,1.0,1.0,0.182,21,0.575,45,0.5,0.9556,8,0.61,57.53
cdd72f4a568a55a0,1,0.0,1.0,0.1956,9,0.0,250,0.47,0.5833,46,0.37,12.2
89ad209b83755848,1,1.0,0.9589,0.1859,7,0.0,66,1.52,0.9589,0,0.84,46.82
013d05a439b95210,1,0.5833,1.0,0.4933,67,0.5565,132,1.09,1.0,31,0.56,31.26
0749cf83cbbd5284,1,1.0,0.9938,0.0767,7,0.9938,0,0.25,0.9938,0,0.34,13.48
14976ab056005044,1,1.0,1.0,0.2206,26,1.0,5,0.31,0.8447,40,0.42,30.63
63b91b18f46a5a96,1,0.5833,1.0,0.2225,29,0.0,89,0.66,0.9427,16,0.55,56.25
cd284af1ade75426,1,1.0,1.0,0.1372,10,0.9105,9,1.44,0.8853,11,0.46,35.89
8470cdca41255e20,1,1.0,1.0,0.41,12,0.9869,5,0.38,1.0,1,0.21,17.37
56af844c0e0a53ce,1,1.0,1.0,0.129,5,0.0,113,1.35,0.9112,4,0.74,44.22
a4bf921a024f551e,1,1.0,1.0,0.1596,16,1.0,5,0.57,0.7775,26,0.22,7.06
6929a902435e56b0,1,1.0,1.0,0.1836,7,0.0,116,1.23,0.0,89,0.61,46.82
777328bf3a3d5e15,1,1.0,1.0,0.5953,15,0.932,10,0.9,0.9144,13,0.46,14.9
a208267045685266,1,1.0,1.0,0.1264,22,0.9378,19,0.45,0.7845,31,0.45,7.06
8fce05a181775f63,1,1.0,1.0,0.4969,90,1.0,33,0.96,1.0,36,0.39,30.35
8f5b6181d28e5d4a,1,1.0,1.0,0.1097,11,0.0,114,1.16,0.0,40,0.91,43.02
4154c963fb4f578d,1,1.0,0.9772,0.0515,4,0.5833,12,0.38,0.9772,0,0.3,10.24
9de4d5414a4a50c4,1,1.0,1.0,0.0761,6,0.9644,2,1.11,0.9606,3,0.66,43.88
cd16888f31015b81,1,0.5833,1.0,0.2308,17,0.0,146,2.24,1.0,3,0.39,31.26
b8873bb7c3f35d15,1,1.0,1.0,0.19,26,0.5833,47,0.68,0.9882,14,0.18,24.15
dae9ebb7c5ff5c6a,1,1.0,1.0,0.4135,13,0.0,139,0.89,0.9907,3,0.27,22.58
a709a9bbafe555e1,1,1.0,1.0,0.2081,35,1.0,21,0.64,1.0,26,0.4,12.2
fc0a5277292352d9,1,1.0,1.0,0.0617,4,0.5833,14,0.7,0.9995,1,0.51,26.26
8299207e310b595e,1,1.0,1.0,0.1285,13,0.0,123,0.95,0.9372,9,0.42,19.53
4af64a41372d564f,1,1.0,0.9245,0.1253,2,0.9046,1,2.23,0.7665,12,0.54,28.45
e31131deed6656ea,1,1.0,1.0,0.2731,14,0.9877,6,0.79,0.9547,8,0.51,16.59
046cdc424d515ee1,1,1.0,1.0,0.1302,11,1.0,5,2.0,0.0,242,0.25,15.21
e683a9a072485098,1,1.0,0.9986,0.0806,7,0.0,236,0.46,0.95,5,0.38,10.24
0ce170237acd51c2,1,1.0,0.9717,0.1665,12,0.0,215,0.45,0.0,107,0.59,39.21
8c9e3fd944c051e3,1,1.0,1.0,0.25,14,0.9681,8,0.86,1.0,1,0.55,11.76
fe9e76e6cac35fba,1,0.0,1.0,0.2497,29,0.0,123,1.25,1.0,18,0.29,22.3
73e3a1a2ed275417,1,1.0,1.0,0.1039,9,0.9295,5,1.42,0.8465,10,0.39,33.22
13ba9275e341525b,1,1.0,1.0,0.3169,14,0.983,10,0.79,0.7819,82,0.21,17.37
9157902936a456bf,1,0.5833,1.0,0.4507,6,0.5698,122,0.52,1.0,1,0.44,20.57
b669576d14655afc,1,1.0,1.0,0.1078,10,0.9383,6,1.19,0.9496,5,0.58,28.21
70bd598e1c305d92,1,1.0,1.0,0.0101,2,1.0,0,0.33,1.0,1,0.31,2.01
6782b9c3686f58f3,1,1.0,1.0,0.4628,11,0.9362,7,1.04,0.8038,51,0.76,18.54
ca8a417f32d859ba,1,1.0,1.0,0.0475,6,0.0,201,0.93,0.979,4,0.26,19.73
f6855b72b0aa57e2,1,1.0,1.0,0.1562,13,0.9869,6,0.72,0.0,158,0.4,57.53
1c7bdbbc34c853bf,1,0.0,1.0,0.0391,10,0.0,224,0.8,1.0,1,0.33,2.01
214abdb588465704,1,1.0,1.0,0.1137,2,0.0,88,0.8,0.8242,11,0.41,41.77
4dd4ae3362325296,1,0.0,1.0,0.0938,17,0.0,92,0.51,1.0,10,0.38,2.01
35fb7e0858ae5bc8,1,1.0,0.9405,0.1236,1,0.9405,0,1.7,0.8503,4,1.16,18.54
4143d1c692f95b56,1,1.0,1.0,0.1822,17,1.0,0,0.44,0.9159,15,0.43,27.89
dd157f14e18f5a1a,1,1.0,1.0,0.144,19,0.0,64,0.78,1.0,9,0.57,20.43
6771ec6dba275364,1,0.5833,1.0,0.0704,4,0.0,123,0.8,0.5558,12,0.64,39.9
66ce3cbf239358c2,1,1.0,0.998,0.0586,7,0.998,0,0.37,0.9485,1,0.44,12.2
9e8403c32a50530b,1,1.0,1.0,0.1768,31,0.9903,25,0.6,0.8896,31,0.4,26.65
8560e670c7865e3f,1,0.5833,1.0,0.0225,4,0.5833,5,0.46,1.0,2,0.47,2.01
d813c6a4706e5411,1,1.0,1.0,0.2122,15,0.9453,14,1.2,0.0,206,0.32,19.73
be0ea3126c955eae,1,1.0,1.0,0.417,38,0.9346,33,1.13,0.9569,28,0.23,14.37
59ea5c8c067e57e7,1,1.0,1.0,0.2817,36,0.0,244,1.12,0.5499,81,0.62,49.57
bdb483626cc95b2b,1,1.0,1.0,0.0515,7,0.9271,5,0.89,0.8485,7,0.78,15.32
61984566807c5b11,1,1.0,1.0,0.0267,6,0.0,87,3.52,0.0,200,0.38,2.01
daf715295e7d576b,1,0.0,1.0,0.0651,12,0.0,236,0.5,1.0,3,0.24,2.01
6d3db8abd9ad52eb,1,1.0,1.0,0.1501,30,1.0,20,1.12,1.0,12,0.52,22.3
cb5022a3bef557e3,1,1.0,1.0,0.3808,15,0.9117,13,1.89,0.8959,15,0.71,13.6
4e2c083182d75cc1,1,1.0,1.0,0.4455,27,0.9618,15,0.64,0.9202,20,0.48,22.82
b13f0b445e605951,1,1.0,1.0,0.2009,44,1.0,42,0.55,1.0,30,0.44,22.3
6104f0887cc25767,1,0.0,1.0,0.1097,24,0.0,63,0.47,1.0,9,0.39,7.06
6688db9c3a425bb6,1,1.0,0.927,0.105,2,0.0,147,1.59,0.8507,8,0.91,31.94
fa8627edacbd5ea0,1,1.0,1.0,0.0241,4,0.5833,5,1.18,1.0,1,0.38,2.01
03ad57c205da56f2,1,1.0,0.9637,0.1342,7,0.9637,0,1.59,0.8756,7,0.79,31.94
04a6f384cd2056c1,1,1.0,0.9602,0.0249,5,0.9543,1,1.05,0.9503,2,0.2,2.95
8127022f9d745e8c,1,1.0,1.0,0.4433,26,0.9178,24,0.56,1.0,4,0.33,7.06
a0b67d1ac0c35d26,1,0.0,1.0,0.047,9,0.0,153,0.58,1.0,1,0.31,2.01
5517642e588e59d0,1,1.0,0.8184,0.0723,0,0.5833,20,0.84,0.7964,3,0.46,2.95
fe8eddd5ec8654cd,1,1.0,0.9759,0.051,6,0.9482,2,1.06,0.9209,3,0.67,22.69
b845e97a49a75cd0,1,1.0,1.0,0.35,28,0.943,14,1.26,0.8735,34,0.75,23.33
7e5bb23808a850ca,1,1.0,1.0,0.0762,16,1.0,2,0.66,1.0,14,0.38,22.3
5b7700fa99d95a94,1,1.0,1.0,0.2412,9,0.0,210,1.01,0.9435,5,0.3,15.21
078f05d9e9c05230,1,1.0,0.9996,0.2635,9,0.9695,2,0.82,0.918,7,0.66,34.88
3cc3ea967df55cf0,1,1.0,1.0,0.2113,47,0.0,132,0.71,1.0,3,0.57,31.26
7d966991a14353b3,1,1.0,0.9924,0.1066,7,0.0,255,0.69,0.9474,4,0.52,28.04
ab66df989bcc56aa,1,1.0,1.0,0.3034,26,0.992,3,0.94,0.9787,4,0.43,57.53
e2a0ac6a977b5c70,1,1.0,1.0,0.3614,59,0.9896,51,0.68,0.9597,53,0.58,22.3
13ae6351239c5343,1,1.0,1.0,0.2698,29,0.9923,9,0.48,0.9544,15,0.51,57.53
9efa05c9731a51d8,1,1.0,0.9812,0.0407,3,0.9812,0,0.85,0.9076,2,0.52,17.77
3cdaaa2bcfd55b68,1,0.0,1.0,0.0296,7,0.5833,7,0.98,1.0,6,0.1,2.01
5422a7cee0d35e47,1,1.0,0.9939,0.075,4,0.927,1,2.18,0.8806,5,0.65,45.2
2dfc1e8df2ef5da1,1,1.0,0.9694,0.1672,6,0.9694,0,1.68,0.9235,4,0.14,43.02
b1b1e99705dc5afc,1,1.0,1.0,0.3221,26,0.9856,7,0.84,0.7634,60,1.06,57.53
6d4f69f0aabc5c4e,1,1.0,0.9726,0.075,3,0.0,192,1.49,0.7109,21,0.89,12.25
8a540001f3f0514d,1,0.5833,0.9968,0.0356,3,0.9258,1,1.15,0.9258,1,0.51,15.32
6d66b095f93750f7,1,1.0,1.0,0.136,8,1.0,4,1.13,0.0,143,1.03,22.3
cb91b17626f85892,1,1.0,1.0,0.5545,13,0.9215,10,0.51,1.0,2,0.39,17.37
9a357640ddd453d2,1,1.0,1.0,0.1772,7,0.0,206,0.79,0.7361,41,1.06,45.69
e97db5c7da675b13,1,1.0,1.0,0.095,18,1.0,7,0.41,0.953,12,0.38,12.2
8439357bbb005600,1,1.0,1.0,0.1671,11,0.5083,50,1.29,0.0,223,0.44,35.12
4b5fc0f1425c5288,1,1.0,1.0,0.2582,23,0.9972,19,0.77,1.0,10,0.3,11.79
d31d38e1a2305147,1,1.0,1.0,0.3781,18,0.9517,9,1.42,0.9175,14,0.24,50.89
64a417561b53530f,1,1.0,1.0,0.158,37,1.0,17,1.22,0.5833,40,0.4,22.3
639ed89313465584,1,1.0,1.0,0.1985,14,0.0,148,0.64,0.0,151,0.48,57.53
95c5cd4c17d9594a,1,1.0,1.0,0.1817,17,0.9816,7,0.95,0.0,159,0.53,43.88
a0e0603db4105ad9,1,1.0,1.0,0.0101,2,0.0,250,0.36,1.0,0,0.55,2.01
aa09b515e34356f4,1,1.0,1.0,0.1749,19,0.9595,8,0.65,0.8113,34,0.42,8.08
6aa2d225dc0d5b6e,1,1.0,1.0,0.0378,5,0.0,145,1.07,1.0,3,0.62,15.13
5d12ad55fdd858e1,1,1.0,0.9731,0.2595,6,0.9731,0,1.34,0.9402,2,0.52,46.82
ac73220f793d522e,1,1.0,0.987,0.1263,9,0.9722,1,1.4,0.0,136,0.82,51.63
ab8034dd8873524b,1,1.0,1.0,0.2106,17,0.5684,42,0.67,0.1775,86,0.35,39.12
b77b4b6eb149553f,1,1.0,1.0,0.0553,1,0.0,192,1.7,0.0,56,0.73,28.45
6f2459c4df665173,1,1.0,1.0,0.261,13,1.0,2,0.75,0.5598,48,0.65,31.26
660e14c77a1c550b,1,1.0,0.931,0.0128,1,0.0,113,1.34,0.0,51,0.55,22.3
2dca181fa97153a0,1,1.0,1.0,0.2932,13,0.9527,9,0.46,0.9527,9,0.34,17.37
524695a4857859fe,1,1.0,1.0,0.119,20,1.0,18,0.64,1.0,10,0.55,30.89
20f1de62f5795dab,1,1.0,1.0,0.5124,31,1.0,4,0.4,1.0,2,0.18,20.53
67077701cdd85c9d,1,1.0,1.0,0.2226,22,0.9352,19,0.86,0.8605,26,0.23,11.76
5c786c10eb7f57da,1,1.0,0.9582,0.1638,8,0.0,81,1.18,0.9582,0,0.75,48.88
167063f69e8357d8,1,0.5833,1.0,0.3407,40,1.0,0,0.56,1.0,25,0.32,30.35
ce8cc7a247f651be,1,1.0,1.0,0.014,3,0.5833,3,0.43,1.0,0,0.53,2.01
e1b645135dae5fe9,1,0.0,1.0,0.0101,2,0.5833,2,0.76,1.0,0,0.44,2.01
1347c91c511a5918,1,1.0,1.0,0.2776,38,0.9979,5,0.82,0.9545,16,0.54,49.57
10d9d6d0ad405b9d,1,1.0,1.0,0.2484,20,0.9912,5,0.64,0.7903,54,0.84,52.77
0706e8bf25805e91,1,1.0,1.0,0.5302,32,0.9838,11,0.57,0.9688,12,0.74,26.66
f0455664b24358a7,1,1.0,1.0,0.1044,20,1.0,13,0.66,1.0,5,0.39,22.3
49f205ebb9d559c2,1,0.5833,0.9941,0.0383,3,0.0,247,0.56,0.7888,7,0.76,9.1
cc4a4dc2afc75aed,1,1.0,1.0,0.1234,22,0.0,152,0.43,0.0,119,0.66,22.82
ff4dceb630df54fa,1,1.0,1.0,0.1167,8,0.5791,29,0.5,1.0,2,0.41,7.15
fdf7643412e85c31,1,1.0,1.0,0.2417,27,1.0,2,1.13,0.9433,18,0.39,35.79
cb8b1f36617c50d4,1,1.0,1.0,0.076,5,0.0,179,1.24,0.9085,4,0.81,21.31
7f2934ac111854f5,1,0.0,1.0,0.0954,20,0.0,102,0.91,1.0,5,0.6,28.05
ae09c3f715ed58c7,1,1.0,1.0,0.3271,11,0.986,5,0.32,1.0,2,0.33,17.37
5ca7353cbe4a5cf7,1,0.0,1.0,0.1787,38,0.0,149,0.3,1.0,22,0.41,7.06
4cca4c982f9855c5,1,1.0,1.0,0.1041,18,0.9385,17,0.58,1.0,0,0.2,30.89
5ab5923ac60c5e8a,1,1.0,1.0,0.2027,6,0.9348,3,1.5,0.9127,5,0.67,22.69
c66027dcfef35daf,1,1.0,0.9523,0.0234,4,0.9523,0,0.54,0.9141,3,0.51,5.95
e6c5a792f2f058f3,1,1.0,1.0,0.2227,33,0.9973,13,0.39,0.9345,25,0.55,30.35
33cdc99603ed57b9,1,1.0,1.0,0.104,16,0.0,111,0.57,0.9238,12,0.17,15.51
8b10128072e6539f,1,1.0,1.0,0.1545,26,0.0,232,0.52,0.0,167,0.39,31.26
7e8979818a51520e,1,1.0,0.9917,0.0361,3,0.9917,0,0.47,0.9917,0,0.29,41.77
a2f75428b992536c,1,1.0,1.0,0.2336,17,0.9185,13,1.33,0.8525,25,0.51,29.45
a612f42e6f9d592e,1,1.0,1.0,0.2726,18,0.9574,13,1.29,1.0,3,0.39,17.37
cba43d02cf795a0f,1,1.0,1.0,0.1673,13,0.5483,42,0.95,0.5833,41,0.84,28.05
5eef9aece027548e,1,1.0,1.0,0.1909,40,1.0,4,0.6,1.0,31,0.31,22.3
881f60d0faa35c17,1,1.0,0.9188,0.0759,1,0.0,241,3.17,0.8912,1,0.54,26.81
66a6a72cc5145dd5,1,1.0,0.9835,0.1892,6,0.9483,2,1.87,0.9068,5,0.51,48.36
453bdd4f77af5c90,1,0.5833,1.0,0.0831,5,0.0,161,0.45,0.8705,7,0.18,10.64
bb89143f371a53b5,1,1.0,0.982,0.0237,4,0.9768,1,0.6,0.8382,4,0.36,5.95
fff973197a795e6a,1,1.0,1.0,0.2086,23,0.5833,57,0.98,0.9295,16,0.53,29.32
a6e08764c0245823,1,1.0,0.9253,0.0162,1,0.0,24,1.33,0.0,191,0.53,20.34
65f236a74a3d53a4,1,1.0,1.0,0.0665,8,1.0,3,0.53,0.0,210,0.8,24.15
ed02d0df47ca55e7,1,1.0,1.0,0.1633,33,1.0,18,0.96,1.0,24,0.42,22.3
fefc295622155532,1,0.5833,1.0,0.0489,3,0.0,67,0.48,0.8138,6,0.32,9.19
98b3a0bf3cce5649,1,1.0,1.0,0.0759,9,0.0,247,1.34,0.1925,23,0.63,15.21
fdde37fbe3d35bef,1,0.5833,0.9817,0.1584,6,0.9412,2,1.82,0.9328,3,0.77,33.22
ff89c9bf77dc58ce,1,1.0,1.0,0.2573,23,0.9882,9,0.58,0.0,162,0.45,57.53
259c9d9aac5457fc,1,0.5833,1.0,0.1494,8,0.0,140,0.58,0.0,89,0.64,30.89
001b34b45b2f50e4,1,1.0,1.0,0.0208,3,1.0,2,0.4,1.0,1,0.43,2.01
5380625bddba59a2,1,1.0,1.0,0.3306,32,0.0,250,1.36,0.8092,79,0.18,7.06
33c925ac7b905e8f,1,1.0,1.0,0.137,22,0.9893,13,0.44,1.0,8,0.65,11.79
f8d3738f77c05163,1,1.0,1.0,0.1679,9,0.0,253,1.17,0.7286,40,0.59,43.02
b14d21a164615e3e,1,0.0,1.0,0.0602,9,0.0,237,0.45,1.0,4,0.17,2.01
a6e683b6f2a557a4,1,1.0,1.0,0.2251,16,0.9784,7,1.01,0.0,108,0.64,35.79
ca8b5c5ed914507c,1,1.0,1.0,0.1026,13,1.0,7,0.91,0.0,97,0.82,17.71
8fc41f783d475448,1,1.0,1.0,0.3456,73,0.9339,70,0.62,1.0,62,0.42,19.73
ed19f6a36af757b7,1,1.0,0.9314,0.1781,3,0.0,236,2.32,0.8861,4,0.88,38.82
fd9dc6fb2e145ef4,1,1.0,1.0,0.0405,6,1.0,3,0.53,1.0,0,0.38,2.01
77868241ec115a11,1,0.5833,1.0,0.3032,38,0.9904,13,0.79,0.8799,42,0.42,26.65
eeee7091fa995250,1,0.5833,0.9971,0.2251,9,0.0,109,0.47,0.8783,14,0.45,34.68
330166def5a35f4d,1,1.0,1.0,0.129,21,1.0,3,0.53,1.0,1,0.31,12.2
ef886d0dee3e534c,1,1.0,1.0,0.209,8,0.5602,63,2.19,0.8912,9,0.53,43.88
22dde440a0c35d31,1,1.0,1.0,0.1765,6,0.9595,2,0.66,0.8959,7,0.42,16.59
3d2adf8b0bb65492,1,1.0,1.0,0.2297,18,0.9658,7,1.16,0.0,86,0.64,57.53
d655ae3476c9530c,1,1.0,0.9854,0.0405,4,0.9854,0,0.73,0.9789,1,0.35,8.59
92e33be532965ecf,1,1.0,1.0,0.0078,2,1.0,0,0.68,1.0,1,0.22,2.01
eaee116f6fae5472,1,1.0,1.0,0.1202,5,0.0,246,0.98,0.0,203,0.58,57.53
eeba0804c2645281,1,0.0,1.0,0.2301,13,0.0,253,0.38,1.0,2,0.41,7.06
e9d7cc484394548f,1,1.0,1.0,0.3018,13,0.9957,5,0.58,0.9987,4,0.44,32.14
2f23d31a3ddf5de9,1,1.0,1.0,0.3851,9,0.5833,107,0.51,1.0,1,0.45,17.37
d9bb15db6f025acb,1,0.5833,1.0,0.1594,14,0.5833,43,0.36,0.8765,15,0.4,21.68
919aa2aa25a951f4,1,1.0,0.9661,0.1082,5,0.9503,1,1.37,0.8958,5,0.52,35.84
17c5c685420d5729,1,1.0,1.0,0.1264,19,1.0,2,1.86,0.976,11,0.61,22.3
ef41e9c7f99d5d85,1,1.0,0.9228,0.0691,1,0.8901,2,3.21,0.754,15,0.82,26.81
62de32eb450356e0,1,1.0,1.0,0.109,8,0.9432,5,1.41,0.8863,9,0.68,46.82
6074e965781b510e,1,1.0,1.0,0.0933,16,0.9928,13,0.67,1.0,4,0.26,26.65
c86e7d3c0dfb57bd,1,1.0,1.0,0.0856,19,1.0,16,0.66,1.0,14,0.35,22.3
4b259f30bb73511d,1,1.0,1.0,0.5346,21,0.9623,8,0.93,1.0,1,0.63,22.58
455f894b6e3b58ab,1,1.0,1.0,0.2632,29,1.0,2,1.56,1.0,8,0.43,22.82
b2dd5bf723d55469,1,1.0,1.0,0.188,28,1.0,12,0.88,0.9569,19,0.74,28.05
bd6d465e3fe95e7c,1,1.0,1.0,0.1293,11,0.0,55,1.55,0.0,92,0.73,22.3
708d081d555a5aa7,1,1.0,1.0,0.336,49,0.9571,28,0.96,0.9192,45,0.27,26.66
f962927ff5dc518c,1,1.0,0.9837,0.0839,5,0.9837,0,0.86,0.0,210,0.93,34.68
cb1d400e9da85f43,1,1.0,1.0,0.0528,5,0.0,42,0.87,1.0,0,0.89,46.82
10d18b323ff35a1f,1,1.0,1.0,0.1191,10,0.0,244,0.37,1.0,4,0.29,2.01
ea8ce810e307587d,1,1.0,1.0,0.5468,24,0.8898,28,1.12,0.8506,38,0.42,10.1
0b9a48e2b0d351b9,1,1.0,1.0,0.4338,31,1.0,16,0.32,0.9384,27,0.41,22.82
260d0c0225eb534d,1,1.0,1.0,0.167,32,1.0,13,1.82,1.0,23,0.41,7.06
d08754ee7c5c5949,1,1.0,1.0,0.2368,27,0.0,126,0.71,0.9521,13,0.28,57.53
0a7ed373b7de5037,1,1.0,0.9733,0.0223,4,0.9733,0,0.95,0.3651,5,0.61,31.94
d9d93568b27e5649,1,1.0,1.0,0.0736,11,0.0,151,0.52,0.0,209,0.46,26.66
afd8795214205519,1,1.0,1.0,0.0319,7,1.0,2,0.4,1.0,2,0.26,2.01
1baf6c7677a95a6a,1,1.0,1.0,0.1005,13,0.0,36,0.75,0.8148,20,0.11,7.06
38afc409029551e0,1,1.0,1.0,0.0616,7,0.9861,1,1.09,0.0,111,0.97,43.88
e10a3a8d627e5700,1,1.0,0.9858,0.2183,11,0.9858,0,1.47,0.9784,1,1.5,44.22
ca6a8cc7012a5fac,1,1.0,1.0,0.1324,17,0.0,91,0.98,0.0,142,0.53,35.79
7288ac3781fd51a8,1,0.0,1.0,0.0078,2,0.0,250,0.84,1.0,0,0.32,2.01
8d0d984d4e2a5363,1,1.0,1.0,0.4624,26,0.0,222,1.06,1.0,1,0.4,19.73
fc5d32be7f785570,1,1.0,0.9321,0.0282,1,0.0,120,1.29,0.0,125,0.35,25.49
1844ec136eb05d57,1,1.0,0.9197,0.0419,2,0.5657,11,1.12,0.0,122,1.06,31.99
228dbe4bb59c537b,1,1.0,1.0,0.5757,21,0.9824,15,0.14,1.0,2,0.45,17.37
31091c3173c6596a,1,0.0,1.0,0.3037,67,0.0,123,0.48,1.0,7,0.3,26.65
afe269451bc757e1,1,1.0,1.0,0.0371,6,0.0,213,0.37,0.9001,5,0.49,8.59
3b0d2b5f50f752c7,1,1.0,1.0,0.1363,17,1.0,2,0.39,1.0,5,0.1,11.79
acc47057bb3d556d,1,1.0,1.0,0.0837,7,0.0,122,1.21,0.8045,12,1.02,29.32
91afe72955de5b85,1,0.5833,1.0,0.0727,8,0.0,71,0.39,0.8283,8,0.19,8.67
59c3714116c25a7c,1,1.0,0.9734,0.1304,6,0.9481,2,1.54,0.8816,8,0.51,38.82
820636c082c1539b,1,1.0,1.0,0.1518,12,0.0,232,0.72,0.9349,9,0.55,22.3
6498149e85ef5b8d,1,1.0,1.0,0.2498,33,0.9294,29,0.46,1.0,5,0.36,7.06
2695738230ce5ad0,1,1.0,1.0,0.2631,28,1.0,12,0.68,0.9844,24,0.27,17.37
3e5b0593a3e75d29,1,1.0,0.9978,0.119,9,0.9498,3,1.61,0.9113,7,0.25,45.2
bd1e37aab1c7530f,1,0.0,1.0,0.1536,30,0.0,93,0.72,1.0,13,0.43,7.06
a417154cf84a5426,1,0.0,1.0,0.0996,22,0.0,39,0.46,1.0,6,0.35,7.06
1eb474de58ca5d6f,1,1.0,1.0,0.1633,21,1.0,7,0.9,0.9077,20,0.41,22.82
ca85e7b7b71559b3,1,1.0,1.0,0.0264,4,0.9554,2,1.18,0.0,49,0.67,28.21
535e19c081ec5c28,1,1.0,1.0,0.2912,31,1.0,1,0.63,0.9484,19,0.19,30.35
9116e9726a6f59cb,1,1.0,1.0,0.0677,5,0.9757,1,1.17,0.9685,2,0.64,46.82
ca3e9faa3258522b,1,0.0,1.0,0.2819,25,0.0,110,1.04,0.5833,77,0.4,36.83
8e9f743d92c05d10,1,0.0,1.0,0.3431,73,0.5833,81,0.43,1.0,10,0.42,7.06
b7122fd86c855943,1,0.5833,1.0,0.1027,1,1.0,0,0.67,0.7444,19,0.29,17.78
a681a147f3375cac,1,1.0,1.0,0.0539,6,0.9912,2,0.28,0.9498,4,0.28,12.02
df7e2f19b3cc5ba6,1,1.0,1.0,0.1512,23,0.9732,16,0.72,0.9075,21,0.46,24.15
30d60ce25f4d552e,1,1.0,1.0,0.2165,27,0.9968,5,0.73,0.9231,23,0.34,34.68
f530d03c88b652a7,1,1.0,1.0,0.2845,22,0.9856,5,1.04,0.0,220,0.34,39.12
8084b4b0d97b5d93,1,1.0,1.0,0.1765,39,1.0,2,0.45,1.0,19,0.19,22.3
0c6772102cc550ef,1,1.0,1.0,0.4686,14,0.9248,10,1.13,0.919,11,0.76,11.73
0b0a419d29cf5e9a,1,1.0,1.0,0.0991,12,0.0,205,1.91,0.0,86,0.68,23.33
a0be9e4c6cc15ec7,1,1.0,1.0,0.1566,9,0.9308,6,1.31,0.0,207,0.63,27.37
a58d5374dae0552a,1,1.0,1.0,0.1845,11,0.9669,3,1.07,0.9094,9,0.28,38.82
650d84864184549e,1,1.0,1.0,0.3936,15,0.9278,14,0.36,0.0,194,0.24,17.37
919ee41f5fa65358,1,1.0,1.0,0.0406,9,0.0,65,1.23,0.0,141,0.47,5.21
948e6a45c7cd5837,1,1.0,1.0,0.0805,8,1.0,2,1.31,0.8961,9,0.3,8.17
748779bcdb5b5a49,1,1.0,1.0,0.4439,15,0.9758,7,0.24,0.9944,6,0.44,22.58
22ec7d1614785b35,1,1.0,1.0,0.1314,8,0.0,67,1.08,0.8453,12,0.39,24.74
7bfd8ff8489158cc,1,1.0,1.0,0.1917,19,1.0,1,0.49,0.9475,11,0.47,30.35
74c77891a7d45a15,1,1.0,1.0,0.247,29,1.0,1,0.91,0.9074,25,0.43,29.32
b8104b69b2d9509b,1,1.0,0.9119,0.0362,1,0.0,178,1.2,0.8936,1,0.4,17.21
5ddfd1fe80af5ceb,1,1.0,1.0,0.438,15,0.9279,14,0.36,0.6989,117,0.23,17.37
d20dc707981f56e7,1,1.0,1.0,0.1462,20,0.0,111,2.33,0.0,43,0.43,29.32
58b96e6ca9a95ff4,1,1.0,1.0,0.046,6,0.0,50,0.94,0.7763,11,0.38,10.24
bedf9db2d7b15abd,1,1.0,1.0,0.1585,32,1.0,24,0.52,0.0,60,0.63,26.66
61876d1f48505069,1,0.5833,0.9452,0.1063,7,0.0,93,0.53,0.8561,11,0.44,15.51
88c0bfe353235280,1,1.0,0.8367,0.1848,0,0.0,95,1.55,0.7418,18,0.39,14.37
75aa8f2b9b6250e4,1,1.0,1.0,0.2791,11,0.0,169,1.86,0.7775,49,1.05,48.36
6ba5ed2f323f53e2,1,1.0,1.0,0.1111,16,1.0,0,0.46,1.0,1,0.51,7.06
c9b12b21fa7c57fd,1,0.0,1.0,0.1976,32,0.5833,49,0.56,1.0,3,0.45,7.06
14c80c1211bc5df8,1,1.0,1.0,0.0654,7,0.9401,4,1.24,0.8084,11,0.43,26.53
19488eb3301f5d26,1,1.0,1.0,0.3542,10,0.9606,4,1.04,0.8929,10,0.63,16.61
26e7a31dd615509c,1,1.0,1.0,0.1665,21,0.9783,6,0.63,0.9714,10,0.41,24.15
98c7a48dd75052ab,1,1.0,0.9035,0.0433,1,0.532,14,0.62,0.0,52,0.31,12.4
6058f9d8998e5a95,1,1.0,1.0,0.3008,27,0.8949,27,0.63,0.9823,15,0.46,14.37
47f9e40a21f7510a,1,1.0,1.0,0.1046,10,0.0,220,0.41,1.0,0,0.2,24.15
1f1a5be0eaa35282,1,1.0,1.0,0.4436,19,0.993,13,0.87,0.9179,18,0.18,17.37
5e74b6a61b715f47,1,1.0,1.0,0.2823,23,0.9242,22,1.49,0.971,16,0.27,17.71
ec2200402d965ced,1,1.0,1.0,0.1312,28,1.0,3,0.62,1.0,15,0.67,26.65
1a46cad936c05c2b,1,0.0,1.0,0.252,53,1.0,45,1.01,1.0,30,0.44,12.2
b664ff6d2c185e31,1,1.0,1.0,0.0101,2,1.0,0,0.52,1.0,1,0.2,2.01
412e722526585e4a,1,0.5833,1.0,0.243,30,0.5825,65,0.4,0.8978,30,0.49,30.63
14b270ee5a395ea9,1,1.0,1.0,0.1405,7,0.9488,3,1.35,0.7392,33,0.72,43.02
1edf90bb34fc5d3f,1,0.0,1.0,0.1348,29,1.0,7,0.66,1.0,2,0.43,7.06
007845701f635565,1,1.0,1.0,0.1902,15,0.0,99,0.73,0.0,153,0.42,36.83
bf4d95ea76b75de7,1,1.0,1.0,0.1033,10,0.5833,30,0.42,0.9134,8,0.38,17.34
57b2cc25579a5885,1,1.0,1.0,0.4323,35,1.0,11,0.46,1.0,11,0.22,17.37
9ba21cb552c35238,1,1.0,0.9256,0.0564,1,0.9256,0,3.05,0.8533,4,1.16,26.81
c5f6d8de44475520,1,1.0,1.0,0.2751,15,1.0,1,1.14,1.0,6,0.56,28.21
72781f1cbd405769,1,1.0,1.0,0.1396,5,0.0,45,0.9,0.6943,40,0.39,19.24
b9148aabf55250e9,1,1.0,1.0,0.4568,16,0.9547,7,1.55,0.8108,59,0.67,13.6
1c25de3a1c805da1,1,1.0,1.0,0.0975,10,0.9442,5,1.52,0.0,145,0.81,43.88
cd0fd62195e552da,1,1.0,1.0,0.1764,24,1.0,6,0.35,0.8569,28,0.1,27.0
d6ec2a0b9fe25a58,1,1.0,1.0,0.3251,12,1.0,6,0.27,1.0,2,0.3,17.37
e1d5cb7ac38f5038,1,0.0,1.0,0.2793,45,1.0,33,1.08,1.0,30,0.36,26.65
761d3f2365c25886,1,1.0,1.0,0.0684,4,0.0,113,1.22,0.0,152,0.7,45.2
cc63d140e4285f30,1,1.0,1.0,0.2289,21,0.9012,20,1.27,1.0,0,0.32,20.53
16125101defb5b51,1,0.0,1.0,0.0684,14,0.0,153,0.9,1.0,0,0.4,2.01
49ae6840ff7f5e91,1,1.0,1.0,0.3662,50,1.0,10,0.54,0.9805,26,0.58,36.83
2f6b9bbb16cb59ba,1,1.0,1.0,0.177,14,0.9785,5,0.65,1.0,3,0.32,35.79
60e98c18f487568c,1,1.0,1.0,0.1122,5,0.936,2,1.37,0.3036,37,0.55,18.54
f1dabe118a6955d6,1,1.0,1.0,0.0832,10,1.0,0,0.26,1.0,1,0.48,13.48
3461796610c15a0e,1,1.0,1.0,0.1591,20,1.0,3,0.48,1.0,0,0.5,7.06
789eca1c50f85cb4,1,1.0,0.9519,0.0702,2,0.9277,1,1.37,0.8075,4,0.6,23.44
342982275eb15441,1,1.0,1.0,0.1279,12,0.0,226,0.82,0.8662,18,0.45,43.02
f39db68736425365,1,1.0,1.0,0.0851,13,1.0,6,0.55,0.0,107,0.52,26.65
aab44cff9f3552b1,1,1.0,1.0,0.162,29,1.0,2,1.07,1.0,17,0.38,7.06
3f54d4297dc459c3,1,1.0,1.0,0.1269,29,0.0,69,1.12,1.0,19,0.78,7.06
dce07c446c7955aa,1,1.0,1.0,0.4246,12,0.884,14,1.7,1.0,1,0.56,17.37
29051d7805db50d0,1,1.0,0.977,0.0236,4,0.0,15,1.18,0.8344,4,0.24,5.95
63eeb15e6e3e5504,1,0.5833,1.0,0.0873,10,0.9937,2,0.85,0.9048,9,0.17,12.36
cdba9f9589685289,1,1.0,1.0,0.4374,13,0.9263,11,0.63,0.7863,110,0.28,17.37
c6b7a8d63fc95d3a,1,1.0,1.0,0.425,22,0.9387,6,1.09,0.913,16,0.53,12.54
4f87ef91e3425ebc,1,1.0,1.0,0.1514,9,0.0,50,1.32,0.0,81,0.47,35.84
50a5cd7410e85782,1,1.0,1.0,0.2989,16,0.0,200,1.37,0.8378,42,0.54,22.3
e92a637d847e516c,1,1.0,1.0,0.2362,18,0.9844,5,1.34,0.9844,5,1.18,48.36
2930485ddc4458da,1,1.0,1.0,0.3719,19,0.9536,6,1.23,0.9948,1,0.35,35.46
4376d00ed2245c21,1,1.0,0.7729,0.2975,0,0.0,215,1.47,0.681,57,0.48,32.14
111cb2c23a325817,1,1.0,1.0,0.4435,15,0.9275,13,0.61,0.7847,111,0.18,17.37
bf2c48523de254ea,1,1.0,1.0,0.2616,13,0.957,9,0.39,0.957,9,0.33,22.58
7bf4d5a2cad05f50,1,0.5833,1.0,0.2409,29,0.5833,58,0.55,0.8816,33,0.41,26.66
9d9aced6d8da5f28,1,1.0,1.0,0.1548,19,1.0,11,0.75,1.0,13,0.52,14.2
097d35208fcb587c,1,1.0,1.0,0.3007,17,0.9704,11,0.54,0.8029,74,0.4,22.58
4ac092ec1bee5e7a,1,1.0,1.0,0.028,6,1.0,1,1.12,1.0,1,0.4,2.01
4c83b81ddcc757b1,1,0.5833,1.0,0.2277,32,0.0,212,0.62,0.5587,69,0.42,44.22
f86adcbec849574a,1,1.0,1.0,0.0208,3,1.0,2,0.39,1.0,1,0.38,2.01
83fd1c194c0c5441,1,1.0,1.0,0.1683,11,0.0,255,1.28,0.0,224,0.39,29.32
3e2a45dbe6fa50aa,1,1.0,1.0,0.328,17,1.0,5,0.35,1.0,5,0.4,17.37
359651aff6c55fc3,1,1.0,1.0,0.1241,7,0.0,56,1.44,0.8853,8,0.58,46.82
3458fad66b245ac3,1,1.0,0.9867,0.1841,7,0.0,108,1.23,0.913,5,0.34,43.88
ac55c7f072c6528d,1,1.0,1.0,0.1114,4,0.9822,1,0.69,0.7583,27,0.92,21.31
260c9a75f6e05785,1,1.0,1.0,0.0443,5,1.0,0,0.39,1.0,2,0.41,2.01
0ee0eabadd125c7b,1,1.0,1.0,0.379,22,0.99,3,1.03,0.9943,2,0.18,57.53
d4c4bdedcfd25465,1,1.0,1.0,0.0658,14,1.0,1,0.52,0.9317,11,0.09,7.06
7ff005be930e5ad6,1,1.0,1.0,0.0944,8,0.5833,24,0.78,0.7709,17,0.29,17.78
1615cf8bd43759c2,1,1.0,1.0,0.0623,9,0.9793,5,0.95,0.0,143,0.74,34.68
f154d2accd365815,1,1.0,1.0,0.1095,8,0.0,115,1.39,0.9151,6,0.51,46.82
3c7319cc63ab58c9,1,1.0,1.0,0.1308,16,0.5833,31,0.74,0.9939,6,0.28,24.15
fd9dc4abc0d357a1,1,1.0,1.0,0.1278,13,1.0,0,0.48,0.8988,13,0.19,7.06
418c618fc266506b,1,0.0,1.0,0.0498,11,0.0,112,0.68,1.0,2,0.15,2.01
3d6f193fad315d97,1,1.0,1.0,0.1497,16,0.5833,38,0.89,0.9354,13,0.51,28.05
655917ea5da455c8,1,1.0,1.0,0.2568,16,1.0,1,0.58,1.0,7,0.2,17.37
f19a48878cfe5bb0,1,1.0,1.0,0.0245,4,0.0,15,0.77,0.9658,3,0.47,5.95
e530e78499a75539,1,1.0,0.8383,0.0732,0,0.0,239,1.62,0.7923,4,0.44,21.05
05f9443de2185b91,1,1.0,1.0,0.1008,7,0.0,230,1.53,0.8862,8,0.39,39.12
6c62867b6d7a51fa,1,1.0,1.0,0.0504,9,0.9808,5,0.92,0.977,6,0.37,5.21
7140077d03e25c2c,1,1.0,1.0,0.1127,10,0.9774,3,0.9,0.8476,14,0.59,13.6
afcd7846a4f35622,1,1.0,1.0,0.1283,9,0.0,252,3.96,0.912,8,0.83,35.84
75b312bbd4e25c17,1,1.0,1.0,0.0186,3,0.5833,4,0.35,1.0,0,0.28,2.01
6e738f032ad75169,1,1.0,1.0,0.0744,16,0.9804,10,0.67,0.8448,17,0.4,11.76
a9454c63755c549d,1,1.0,1.0,0.0039,1,0.0,214,0.41,1.0,0,0.18,0.78
bc1a3b9fa4ca5000,1,1.0,1.0,0.5421,20,0.9577,9,0.39,1.0,3,0.4,22.58
350a93fe67645bf1,1,1.0,1.0,0.2961,24,0.9911,15,0.48,0.917,22,0.16,17.37
4495218e41b35f25,1,1.0,1.0,0.3655,16,1.0,9,0.4,1.0,5,0.45,17.37
e6ff5e16c5f25533,1,1.0,0.9518,0.0515,1,0.9518,0,1.26,0.9518,0,0.79,24.06
6e79ddf19ead53f1,1,1.0,1.0,0.0909,8,1.0,2,0.89,0.8862,10,0.19,10.64
a99280d8424c55b2,1,1.0,1.0,0.2452,56,0.9625,51,0.77,1.0,18,0.82,28.05
da924c882e6e52d0,1,1.0,1.0,0.3747,13,0.9677,6,0.38,1.0,5,0.37,17.37
9cab6ab13a3059de,1,0.5833,1.0,0.4868,63,0.5719,136,0.47,0.9095,59,0.29,44.22
0e0e30877d725664,1,1.0,1.0,0.1923,6,0.0,98,0.6,0.0,97,0.43,29.32
198b7ec55c3b5a5c,1,1.0,1.0,0.1728,19,0.968,12,1.24,0.4732,51,0.69,28.05
c9ca538cb3235e43,1,1.0,1.0,0.0825,14,0.938,12,0.81,1.0,3,0.52,26.66
689ed7a2ee4b583d,1,1.0,1.0,0.1675,8,0.0,114,0.6,0.7417,30,0.88,52.77
096d823b664e5972,1,1.0,1.0,0.1475,10,0.9632,4,1.84,0.0,63,0.83,43.88
f1ca8dd77f205599,1,1.0,1.0,0.2582,5,0.942,2,1.79,0.942,2,0.69,15.32
a5f5f03bc998578d,1,1.0,0.9807,0.1253,16,0.9807,0,0.97,0.9807,0,0.61,48.88
c284f9a1803f585f,1,1.0,1.0,0.0459,10,1.0,9,1.3,1.0,5,0.46,2.01
8c6aed532f8555cd,1,1.0,0.9849,0.1868,8,0.9849,0,0.76,0.0,246,0.43,48.88
0498b27fee425645,1,1.0,1.0,0.2793,22,1.0,5,0.33,0.7967,64,0.32,19.73
ddfeb4814eba5cf8,1,1.0,1.0,0.0257,6,1.0,5,0.37,1.0,4,0.51,2.01
de28290571ec523a,1,1.0,1.0,0.1957,38,1.0,21,0.81,1.0,22,0.29,31.26
6632c49f6f675b7b,1,1.0,1.0,0.3306,63,1.0,21,0.74,1.0,46,0.31,30.35
f289e368449b517b,1,1.0,1.0,0.1615,9,0.0,215,1.22,0.855,11,0.33,27.0
01da0653d99c5903,1,1.0,1.0,0.3082,44,1.0,12,0.57,0.9868,23,0.26,26.66
4511645a5e9a5bcd,1,1.0,1.0,0.4231,13,0.9687,7,0.72,0.8602,16,0.48,17.37
4885d99d4c3959b8,1,1.0,1.0,0.1094,12,0.9957,1,1.0,0.871,13,0.46,16.61
488822d6447b5b58,1,1.0,1.0,0.1826,13,0.9608,4,1.24,0.7842,39,0.29,16.15
c0941949acdb5ebc,1,0.5833,1.0,0.0348,6,0.0,67,0.43,1.0,4,0.54,2.01
b4dbd03935ce53fa,1,1.0,1.0,0.2842,37,0.5833,65,0.57,0.9358,32,0.5,26.65
6639fa7905a3599b,1,1.0,1.0,0.0588,6,0.5833,16,0.31,0.8229,9,0.25,12.2
b337627936ea5488,1,1.0,1.0,0.3054,44,0.5833,78,0.46,0.9312,38,0.46,26.65
0bf5bbbd53fe5ea6,1,1.0,1.0,0.1961,35,0.9974,22,0.57,0.0,95,0.3,26.65
1633456bc3ec569d,1,1.0,1.0,0.0587,5,0.0,137,0.69,0.9737,2,0.42,35.89
32399e644e53534a,1,1.0,1.0,0.0427,4,0.9444,1,1.1,0.8132,8,0.22,22.3
06279fdb46815c6c,1,1.0,1.0,0.0316,4,0.0,47,0.96,0.0,88,0.66,14.57
c44755b18af45385,1,1.0,1.0,0.1762,18,0.9903,17,0.45,0.9941,16,0.57,35.79
b1b21ee9179a5fd8,1,1.0,1.0,0.5401,39,0.9166,31,0.77,0.7629,123,0.21,14.37
af682242313853cb,1,1.0,1.0,0.211,13,0.0,205,1.96,0.0,151,1.43,22.3
3304abff82cb5f6d,1,1.0,1.0,0.0707,8,0.9404,5,1.31,0.8105,14,0.54,28.45
2469647d2d055825,1,1.0,1.0,0.0257,6,1.0,4,0.44,1.0,1,0.17,2.01
71057ab084a75ce6,1,1.0,1.0,0.0432,4,0.9796,2,0.3,0.8994,4,0.24,12.4
529d2e20dc615c3b,1,0.0,1.0,0.1859,33,0.0,86,0.29,0.5833,51,0.46,26.66
a7eeec2ad80b58a1,1,1.0,1.0,0.2477,17,0.9827,4,1.07,0.9133,12,0.52,57.53
812dd82ab5fb5742,1,0.5833,1.0,0.2316,27,0.5833,54,0.39,0.8593,35,0.21,28.05
ee7be0b111a85c25,1,1.0,1.0,0.5449,35,1.0,6,0.25,1.0,9,0.34,17.37
1c542cec168557e3,1,1.0,1.0,0.1967,19,0.9648,7,1.55,0.7274,48,1.01,52.77
4b82ec1d991358e2,1,1.0,1.0,0.1773,13,0.0,167,0.97,0.9317,10,0.61,36.83
1bea55e75a9b593b,1,1.0,1.0,0.279,25,0.9988,10,0.76,0.8654,31,0.53,36.83
cf7d3181a516574a,1,1.0,0.9761,0.1908,6,0.9441,1,1.71,0.9296,2,0.31,43.02
fd9ae566c34f5acd,1,1.0,1.0,0.1097,16,0.993,7,0.36,1.0,3,0.54,14.2
bcccfa73a6845d11,1,1.0,1.0,0.1556,33,0.9314,30,0.76,1.0,18,0.65,12.2
7fded53ec049537a,1,1.0,1.0,0.2307,22,1.0,9,0.73,1.0,8,0.41,7.06
82cd87ad4f1d5969,1,1.0,1.0,0.0101,2,1.0,0,0.54,1.0,1,0.16,2.01
a4f4a240e54e56b2,1,1.0,1.0,0.0616,11,0.938,10,0.86,1.0,5,0.34,19.99
e009079e2dc25bbf,1,1.0,1.0,0.1239,17,0.9913,7,0.5,0.9913,7,0.61,57.53
d9d78961c83a5acb,1,1.0,1.0,0.585,64,0.9442,47,0.44,0.8552,71,0.21,22.3
fb3eed693c845412,1,1.0,1.0,0.3004,16,0.9897,12,0.24,0.9897,12,0.17,17.37
6ac3f5626d2b555b,1,1.0,1.0,0.0257,6,1.0,2,0.33,1.0,4,0.31,2.01
df57cf24b8025365,1,1.0,1.0,0.104,16,1.0,3,0.36,0.9692,9,0.15,11.79
8b279a20979950d6,1,0.0,1.0,0.1974,35,0.5833,37,0.58,1.0,2,0.36,7.06
5022f5d01ba85e74,1,0.5833,1.0,0.0505,3,0.0,151,0.59,0.0,208,0.42,26.66
4952a782e55057b7,1,1.0,1.0,0.1013,11,0.5833,31,0.39,0.965,4,0.29,17.34
6c62956221e4511e,1,1.0,1.0,0.1883,20,1.0,4,0.61,0.9336,16,0.4,44.22
7d4c548895955e0d,1,1.0,1.0,0.2964,8,0.9447,4,1.31,0.9245,6,0.68,16.61
019667e138b95ff0,1,1.0,1.0,0.1413,19,0.5833,30,0.42,0.8953,19,0.08,16.46
172506ac332d5af5,1,1.0,1.0,0.0407,5,0.5833,10,0.45,0.8709,6,0.18,8.59
52bc37cb7789510b,1,1.0,0.8874,0.0874,0,0.0,243,2.47,0.856,1,0.6,27.0
c8507cfbe8575463,1,0.5833,1.0,0.1109,9,0.0,249,0.64,0.7518,19,0.49,14.57
9838aa01c0de5dc8,1,1.0,1.0,0.1928,20,0.965,15,1.15,0.5353,20,0.41,57.53
44062179c5b350bc,1,1.0,1.0,0.1458,12,1.0,4,1.02,1.0,1,0.74,44.22
92d2f07fc6075f5d,1,1.0,1.0,0.0694,14,1.0,0,1.14,1.0,11,0.56,15.32
fffe18f189075204,1,1.0,1.0,0.1011,9,0.9556,3,1.19,0.0,61,0.6,48.88
c9ddc670b1195efd,1,1.0,1.0,0.1404,5,0.9368,3,1.7,0.9368,3,0.65,35.12
00c893a01244562c,1,1.0,1.0,0.4137,8,0.9415,5,1.63,0.8087,53,0.66,20.34
eb4bbe69b80d5f12,1,1.0,1.0,0.086,5,0.5753,24,0.62,0.5833,22,0.45,25.16
ba9ec722d0e05e2c,1,1.0,1.0,0.1619,11,0.0,67,0.81,0.9574,6,0.3,43.02
0e016d945ce25090,1,0.5833,1.0,0.265,20,0.9827,6,1.2,0.8961,22,0.65,35.79
302d9a7758625a37,1,1.0,1.0,0.1798,30,1.0,12,0.68,1.0,11,0.56,26.65
b958e6967993560f,1,1.0,1.0,0.1898,12,0.9339,9,1.08,0.9206,10,0.57,11.76
e9adc94d4e9c5fbb,1,1.0,0.9724,0.1735,5,0.9408,1,1.75,0.9265,2,0.25,43.02
b5be372c45f05a96,1,1.0,1.0,0.3322,16,0.9653,6,1.31,0.7008,85,0.82,46.82
8dac96b2393f5de9,1,1.0,1.0,0.1242,8,0.0,164,1.51,0.9561,4,0.69,49.57
b9f3b69b160e5ad0,1,1.0,1.0,0.0803,14,1.0,4,0.98,0.0,97,0.8,16.46
8c7db74b9aef5a9e,1,1.0,1.0,0.1087,9,1.0,0,0.3,1.0,5,0.34,2.01
b04bbf1d4ecf5f56,1,1.0,1.0,0.2431,18,0.9515,11,1.49,0.9515,11,0.43,54.13
bd76dffbe3065854,1,1.0,1.0,0.0779,10,0.9446,7,0.92,0.8406,12,0.42,26.65
e91c1fdb29a858f3,1,1.0,1.0,0.2795,29,0.5833,73,0.65,0.8748,35,0.44,24.15
54c95aa7df955414,1,1.0,1.0,0.2812,40,1.0,7,0.62,0.9848,21,0.27,26.66
a52bce0753d8563e,1,1.0,0.9758,0.2758,10,0.9616,2,1.49,0.0,253,0.69,44.22
2dbf2462b447576f,1,1.0,1.0,0.036,4,0.0,38,0.47,1.0,0,0.52,46.82
dd07f89bea6f5147,1,1.0,0.8992,0.0275,0,0.0,80,0.8,0.0,104,0.53,29.32
ba86ae71bc105215,1,1.0,1.0,0.0257,6,1.0,2,0.33,1.0,1,0.24,2.01
2488018e08b35c68,1,1.0,1.0,0.162,20,0.9545,8,1.14,0.8745,24,0.14,49.57
631712394f5b5d72,1,1.0,1.0,0.0725,11,0.5495,20,0.65,0.8789,13,0.37,7.06
6c84787939055fe8,1,1.0,1.0,0.1462,8,0.9755,4,0.81,0.9755,4,0.34,15.94
