token,log_name,valid,no_at_fault_collisions,drivable_area_compliance,ego_progress,time_to_collision_within_bound,comfort,driving_direction_compliance,score
54ced13f54d45595,2021.06.08.14.36.49_veh-38_00312_00694,True,1.0,1.0,0.9066804548033957,1.0,1.0,1.0,0.9611168561680815
b182afe96eff545c,2021.07.24.16.48.51_veh-17_00016_00166,True,1.0,1.0,1.0,1.0,1.0,1.0,1.0
0ef905cf005e5c7f,2021.08.31.16.37.21_veh-40_01405_01642,True,1.0,1.0,1.0,1.0,1.0,1.0,1.0
9f95591656ee5812,2021.10.05.08.11.15_veh-50_01222_01462,True,1.0,1.0,0.7559028501234486,1.0,1.0,1.0,0.8982928542181036
92a43114965e51d3,2021.10.05.06.31.40_veh-52_01598_02013,True,1.0,1.0,0.7885719675042211,1.0,1.0,1.0,0.9119049864600921
e42e17021b6c5858,2021.10.05.04.38.41_veh-50_00014_00429,True,1.0,0.0,0.0,1.0,1.0,1.0,0.0
b3bdd63efe975f38,2021.08.31.14.01.15_veh-40_01109_01272,True,1.0,1.0,0.7169204201669023,1.0,1.0,1.0,0.8820501750695425
470ab3110a5757c7,2021.08.24.18.30.46_veh-08_02327_02583,True,1.0,1.0,0.7734519723949934,0.0,1.0,1.0,0.48893832183124725
e07dd506081d5425,2021.08.31.14.40.58_veh-40_01268_01618,True,1.0,0.0,0.0,1.0,1.0,1.0,0.0
3dccebdee98856ee,2021.06.08.12.00.19_veh-35_01722_02119,True,1.0,1.0,0.764534691377705,1.0,1.0,1.0,0.9018894547407105
1d85930e7376508a,2021.08.31.17.42.52_veh-40_01551_01684,True,1.0,1.0,0.8047320424719977,1.0,1.0,1.0,0.918638351029999
adf6a0ecacc45696,2021.08.31.18.15.54_veh-40_00038_00199,True,1.0,1.0,0.7989426324206131,1.0,1.0,1.0,0.9162260968419221
731e22bc1e3b5a41,2021.06.07.17.46.49_veh-35_04084_04828,True,1.0,1.0,0.8186092080269058,1.0,1.0,1.0,0.9244205033445442
77edc0205ac65692,2021.08.09.18.37.41_veh-28_00648_00730,True,1.0,1.0,0.8283777449312316,1.0,1.0,1.0,0.9284907270546799
e1c6c9ba74a95bdc,2021.10.05.04.03.05_veh-50_01466_01790,True,1.0,1.0,0.7560495494228819,1.0,1.0,1.0,0.8983539789262007
4c2af538879b5d13,2021.10.05.06.57.40_veh-50_00940_01105,True,1.0,1.0,0.6985298870685959,1.0,1.0,1.0,0.8743874529452483
ab080d6f31a95fd9,2021.09.14.18.43.41_veh-45_00965_01195,True,1.0,1.0,1.0,1.0,1.0,0.5,1.0
032941ef393256e3,2021.06.08.18.18.30_veh-38_06017_06142,True,1.0,1.0,1.0,1.0,1.0,1.0,1.0
6f287e91cad05354,2021.10.05.07.10.04_veh-52_01442_01802,True,1.0,0.0,0.0,1.0,1.0,1.0,0.0
ec7718f1c67652b9,2021.09.14.20.42.30_veh-45_00805_01078,True,1.0,1.0,0.8174998894199001,1.0,1.0,1.0,0.9239582872582917
17a6c1ad7a4a5307,2021.08.24.18.07.48_veh-45_00873_01142,True,1.0,1.0,1.0,1.0,1.0,1.0,1.0
d28a454763915647,2021.10.05.04.38.41_veh-50_00753_00956,True,1.0,1.0,0.5685093711716633,1.0,1.0,1.0,0.820212237988193
baff7f685ac254f2,2021.10.05.04.03.05_veh-50_01466_01790,True,1.0,1.0,0.7660763010766483,1.0,1.0,0.5,0.90253179211527
184ab6d6981057fb,2021.08.24.15.09.18_veh-45_00216_00862,True,1.0,1.0,0.5301172047115928,1.0,1.0,1.0,0.8042155019631636
a1815765a5385deb,2021.06.08.16.31.33_veh-38_00015_00262,True,1.0,1.0,0.8401589161880048,1.0,1.0,1.0,0.9333995484116686
9bc425de3f665d0b,2021.10.05.04.03.05_veh-50_01466_01790,True,1.0,1.0,1.0,1.0,1.0,0.5,1.0
a94dd3f3e4bc5704,2021.10.05.07.38.12_veh-50_01477_01565,True,1.0,1.0,0.873775663843871,1.0,1.0,1.0,0.947406526601613
f5542cfd729a51ff,2021.10.05.07.10.04_veh-52_01442_01802,True,1.0,1.0,0.7798148166500376,1.0,1.0,1.0,0.9082561736041823
71aae8e35d425bbc,2021.10.05.08.11.15_veh-50_01222_01462,True,1.0,1.0,0.6484578279086707,1.0,1.0,1.0,0.853524094961946
82b2cf83f12a5ad5,2021.08.24.18.07.48_veh-45_00203_00300,True,1.0,0.0,0.0,1.0,1.0,1.0,0.0
9f9bbaf95e055a2a,2021.08.31.11.47.30_veh-40_01362_01737,True,1.0,1.0,1.0,1.0,1.0,1.0,1.0
53992d7f47f15953,2021.10.05.04.03.05_veh-50_00058_00321,True,1.0,0.0,0.0,1.0,1.0,1.0,0.0
8411dac2708451e4,2021.10.05.07.10.04_veh-52_00689_01322,True,1.0,1.0,0.8099334619082288,1.0,1.0,1.0,0.9208056091284287
4d6608189ed25ba1,2021.07.24.22.52.16_veh-35_03236_04096,True,1.0,1.0,1.0,1.0,1.0,1.0,1.0
689ff77454a553d9,2021.09.14.20.42.30_veh-45_01603_01670,True,1.0,0.0,0.0,1.0,1.0,1.0,0.0
10b9238d48f9544f,2021.10.05.08.11.15_veh-50_01566_01801,True,1.0,1.0,0.6744828083738544,1.0,1.0,1.0,0.8643678368224393
dd20852b1c355e6a,2021.06.08.18.59.48_veh-12_03122_03677,True,1.0,1.0,0.7706705937057274,1.0,1.0,1.0,0.9044460807107196
91be2e4cb3915919,2021.10.05.08.11.15_veh-50_00970_01211,True,1.0,1.0,0.7621206328092747,1.0,1.0,1.0,0.9008835970038644
6e207b0d231e5938,2021.08.31.18.15.54_veh-40_00579_00980,True,1.0,0.0,0.0,1.0,1.0,1.0,0.0
937334709b785322,2021.07.24.20.37.45_veh-17_00015_00375,True,1.0,1.0,0.919749073468477,1.0,1.0,1.0,0.9665621139451988
0bb733fc337a5f65,2021.08.24.17.01.06_veh-45_00228_00689,True,1.0,1.0,1.0,1.0,1.0,1.0,1.0
239e12f7f56e50d3,2021.10.05.04.38.41_veh-50_00576_00721,True,1.0,1.0,0.6392052675764501,1.0,1.0,1.0,0.8496688614901876
f11c5b71dae55523,2021.08.24.15.09.18_veh-45_00216_00862,True,1.0,1.0,0.7855569298906566,1.0,1.0,1.0,0.9106487207877736
bb736ed0f39553dd,2021.08.09.18.37.41_veh-28_00053_00548,True,1.0,1.0,0.8420746560240246,1.0,1.0,1.0,0.9341977733433436
9d0d8d531e41554b,2021.10.05.07.10.04_veh-52_00689_01322,True,1.0,1.0,0.5444885881370807,1.0,1.0,1.0,0.8102035783904503
b4a0da658c685578,2021.10.05.08.11.15_veh-50_01566_01801,True,1.0,1.0,0.697306962766867,1.0,1.0,1.0,0.8738779011528613
2ec53f79469e5740,2021.09.14.20.42.30_veh-45_00464_00579,True,1.0,1.0,1.0,1.0,1.0,1.0,1.0
4f757b95aa595fa4,2021.08.09.17.55.59_veh-28_00021_00307,True,1.0,1.0,0.9228442044649239,1.0,1.0,0.5,0.967851751860385
c030ff964c67571f,2021.10.05.04.38.41_veh-50_00753_00956,True,1.0,1.0,0.7667199411471938,1.0,1.0,1.0,0.9027999754779974
d190a31e2eb252e7,2021.10.05.07.49.39_veh-52_01417_01574,True,1.0,1.0,0.6689374682088561,1.0,1.0,1.0,0.8620572784203567
31b656c9c3f85b98,2021.10.05.06.24.06_veh-50_01566_01672,True,1.0,1.0,0.7049764897770661,1.0,1.0,1.0,0.8770735374071109
93145dcb3f7850f8,2021.10.05.07.38.12_veh-50_01085_01463,True,1.0,1.0,0.7369111048242447,1.0,1.0,1.0,0.8903796270101019
51d6d4d77d215f8d,2021.06.08.16.31.33_veh-38_01589_02072,True,1.0,1.0,0.6247696766234698,1.0,1.0,1.0,0.8436540319264457
2daab49ffa5d5619,2021.06.07.13.53.57_veh-35_02489_03145,True,1.0,1.0,0.7594420403907518,1.0,1.0,1.0,0.89976751682948
cb38e518669d5d32,2021.10.05.06.24.06_veh-50_00717_01300,True,1.0,1.0,0.6381746767802963,1.0,1.0,1.0,0.8492394486584568
2a044369ef015235,2021.10.05.04.38.41_veh-50_00753_00956,True,1.0,1.0,0.8149979388610372,1.0,1.0,1.0,0.9229158078587655
5d13617968835cc0,2021.09.14.18.43.41_veh-45_02503_03013,True,1.0,1.0,1.0,1.0,1.0,1.0,1.0
2bebeab7bbc25b4a,2021.10.05.04.03.05_veh-50_01466_01790,True,1.0,1.0,0.6838684253679695,1.0,1.0,1.0,0.8682785105699873
e24b4c3cb017574b,2021.08.24.15.09.18_veh-45_00216_00862,True,1.0,1.0,0.9119128957098359,1.0,1.0,1.0,0.9632970398790984
cf5cb314cea05c3a,2021.10.05.08.11.15_veh-50_00163_00321,True,1.0,1.0,0.7386428563001313,1.0,1.0,1.0,0.8911011901250547
fd001651bdef58e6,2021.10.05.07.10.04_veh-52_00252_00406,True,1.0,1.0,0.698868732183445,1.0,1.0,1.0,0.8745286384097688
e05e3f8b701155f0,2021.10.05.04.03.05_veh-50_01466_01790,True,1.0,1.0,0.720338868789744,1.0,1.0,1.0,0.8834745286623934
1c8da5542b095640,2021.08.31.18.15.54_veh-40_01143_01496,True,1.0,1.0,0.7269336412998331,1.0,1.0,1.0,0.8862223505415971
cee30e7273de52ee,2021.10.05.08.11.15_veh-50_01566_01801,True,1.0,1.0,0.7930183935325934,1.0,1.0,1.0,0.9137576639719139
89fcf2337e5c56c0,2021.10.05.04.38.41_veh-50_00576_00721,True,1.0,1.0,0.9587635681640275,1.0,1.0,1.0,0.9828181534016781
f9c259cb771a515b,2021.06.07.12.54.00_veh-35_01843_02314,True,1.0,1.0,0.7766133430013932,1.0,1.0,1.0,0.9069222262505804
e1b5440064b05517,2021.10.05.07.10.04_veh-52_01442_01802,True,1.0,0.0,0.0,0.0,1.0,1.0,0.0
3de452c5a98a5faf,2021.08.09.17.55.59_veh-28_00691_00876,True,1.0,1.0,1.0,1.0,1.0,1.0,1.0
a844aaa2349954d4,2021.06.08.12.54.54_veh-26_02994_03970,True,1.0,1.0,0.6642871222011251,1.0,1.0,1.0,0.8601196342504688
7623dd6cbc29535c,2021.10.05.06.57.40_veh-50_00025_00261,True,1.0,1.0,0.6508414642812617,1.0,1.0,1.0,0.854517276783859
0c72d4ae48025f5b,2021.10.05.07.49.39_veh-52_00934_01406,True,1.0,1.0,0.7480360361857067,1.0,1.0,1.0,0.8950150150773778
ed717de405885939,2021.10.05.06.57.40_veh-50_01131_01452,True,1.0,1.0,0.6788682281002105,1.0,1.0,1.0,0.8661950950417543
63cd86d73bbb5341,2021.08.31.18.15.54_veh-40_00038_00199,True,1.0,1.0,1.0,1.0,1.0,0.5,1.0
fea6ee4da44b5ff4,2021.08.31.18.15.54_veh-40_00038_00199,True,1.0,1.0,0.7109471680701187,1.0,1.0,0.5,0.8795613200292162
4f0a0a61bdaa5a59,2021.06.07.12.54.00_veh-35_01843_02314,True,1.0,1.0,1.0,1.0,1.0,1.0,1.0
c839df573acb5c23,2021.10.05.08.11.15_veh-50_00970_01211,True,1.0,1.0,1.0,0.0,1.0,1.0,0.5833333333333334
d02a1007dacf5c5b,2021.08.24.15.09.18_veh-45_00216_00862,True,1.0,1.0,0.839900849657765,1.0,1.0,1.0,0.9332920206907355
a8de42d07c155977,2021.10.05.07.10.04_veh-52_01442_01802,True,1.0,0.0,0.0,1.0,1.0,1.0,0.0
b86e9934259c5750,2021.06.08.12.00.19_veh-35_02988_03160,True,1.0,1.0,1.0,1.0,1.0,0.0,1.0
9b2ecd661f315d8c,2021.06.07.17.46.49_veh-35_04084_04828,True,1.0,1.0,1.0,1.0,1.0,1.0,1.0
e7d800c5ad005d4f,2021.10.05.06.24.06_veh-50_00717_01300,True,1.0,1.0,1.0,1.0,1.0,1.0,1.0
2373a681d51152cd,2021.10.05.04.03.05_veh-50_00536_00637,True,1.0,1.0,1.0,1.0,1.0,1.0,1.0
539012f770025700,2021.10.05.06.24.06_veh-50_00717_01300,True,1.0,1.0,0.7366481991041308,1.0,1.0,1.0,0.8902700829600545
ae7fd428f27e5940,2021.08.24.17.34.27_veh-45_01478_01553,True,1.0,0.0,0.0,1.0,1.0,1.0,0.0
bbdb02d553cc5ac0,2021.08.31.16.37.21_veh-40_01405_01642,True,1.0,1.0,1.0,1.0,1.0,1.0,1.0
f25336c1cdab5340,2021.10.05.06.31.40_veh-52_01316_01565,True,1.0,1.0,0.5270259754041422,1.0,1.0,1.0,0.8029274897517259
faa042f84c4f585a,2021.06.08.14.35.24_veh-26_02555_03004,True,1.0,1.0,1.0,1.0,1.0,1.0,1.0
6acb54acea165d44,2021.09.14.18.43.41_veh-45_02503_03013,True,0.0,1.0,0.0,0.0,1.0,1.0,0.0
634ab85be74b5e51,2021.09.14.16.46.51_veh-45_02322_02510,True,1.0,1.0,1.0,1.0,1.0,1.0,1.0
f32a311d997051ab,2021.10.05.04.03.05_veh-50_01003_01426,True,1.0,1.0,0.6051825544038919,1.0,1.0,1.0,0.8354927310016217
c50a4014ad575f2e,2021.08.09.18.37.41_veh-28_00648_00730,True,1.0,1.0,0.8829456566752655,1.0,1.0,1.0,0.9512273569480273
0016245ac3705a33,2021.10.05.04.38.41_veh-50_00014_00429,True,1.0,1.0,0.5890881709252997,1.0,1.0,0.5,0.8287867378855416
882656f118175ccc,2021.10.05.07.49.39_veh-52_00934_01406,True,1.0,1.0,0.7253061246046375,1.0,1.0,1.0,0.8855442185852657
504cf746181a5cad,2021.06.07.17.46.49_veh-35_02607_03120,True,1.0,1.0,1.0,1.0,1.0,1.0,1.0
d8b5107ffc9855ee,2021.10.05.06.57.40_veh-50_00665_00857,True,1.0,1.0,1.0,1.0,1.0,1.0,1.0
5dc0881f21425457,2021.08.24.17.34.27_veh-45_01478_01553,True,1.0,1.0,1.0,1.0,1.0,1.0,1.0
c0e018420a2359b3,2021.10.05.07.49.39_veh-52_00770_00905,True,1.0,1.0,0.884169335697565,1.0,1.0,1.0,0.9517372232073188
7a1c5a77b98e59fe,2021.07.24.20.37.45_veh-17_00015_00375,True,1.0,1.0,0.9303829395873843,1.0,1.0,1.0,0.9709928914947433
f04b0860aafc5f6e,2021.07.24.16.48.51_veh-17_00016_00166,True,1.0,1.0,0.8986170866979004,1.0,1.0,1.0,0.9577571194574585
ee01d7acbb0e579f,2021.06.07.13.53.57_veh-35_02489_03145,True,1.0,1.0,1.0,1.0,1.0,1.0,1.0
471aaaad906a5dbb,2021.10.05.08.11.15_veh-50_00163_00321,True,1.0,1.0,0.6660781190290641,1.0,1.0,1.0,0.8608658829287767
a43bec9517f15f2e,2021.10.05.07.10.04_veh-52_01442_01802,True,1.0,1.0,0.5951079298062368,1.0,1.0,1.0,0.8312949707525986
33c7a46268c25161,2021.06.08.12.54.54_veh-26_02994_03970,True,1.0,1.0,0.8456310034303428,1.0,1.0,1.0,0.9356795847626428
3662eb5849915c3e,2021.06.07.17.46.49_veh-35_04084_04828,True,1.0,1.0,0.484313822318208,1.0,1.0,1.0,0.7851307592992534
34774cd08c045d92,2021.10.05.04.03.05_veh-50_00058_00321,True,1.0,1.0,1.0,1.0,1.0,1.0,1.0
c889cd1a7cfe58b5,2021.08.31.14.01.15_veh-40_01109_01272,True,1.0,1.0,0.6232135425534185,1.0,1.0,1.0,0.8430056427305911
f7af397e6c435279,2021.10.05.07.38.12_veh-50_01085_01463,True,1.0,1.0,0.7760131716370403,1.0,1.0,1.0,0.9066721548487667
309df1ead02c541b,2021.06.08.16.31.33_veh-38_00015_00262,True,1.0,1.0,1.0,1.0,1.0,1.0,1.0
962bee810ab454a1,2021.08.31.18.15.54_veh-40_00579_00980,True,1.0,1.0,0.8743010890911377,1.0,1.0,1.0,0.9476254537879741
91e6cce9eb7d5765,2021.09.14.18.43.41_veh-45_02503_03013,True,1.0,1.0,0.7924796438688703,1.0,1.0,1.0,0.9135331849453626
f5a7ede9c47d5943,2021.06.08.12.00.19_veh-35_05235_05578,True,1.0,0.0,0.0,1.0,1.0,1.0,0.0
55d1a5793cda56a1,2021.10.05.04.38.41_veh-50_00014_00429,True,1.0,1.0,0.5444504788865321,1.0,1.0,1.0,0.810187699536055
cd5d543332fb5a0e,2021.10.05.07.38.12_veh-50_00245_00433,True,1.0,1.0,0.8041436368868191,1.0,1.0,1.0,0.9183931820361746
755751098c88566f,2021.10.05.07.10.04_veh-52_01442_01802,True,1.0,1.0,0.6119073301064579,1.0,1.0,1.0,0.8382947208776909
25af32d69e705ab1,2021.09.14.18.43.41_veh-45_00965_01195,True,1.0,1.0,1.0,1.0,1.0,1.0,1.0
4fbc6352545a5c53,2021.06.07.17.46.49_veh-35_02607_03120,True,1.0,1.0,0.5253364061643411,1.0,1.0,1.0,0.8022235025684754
5607891c1bc058b0,2021.08.31.12.21.30_veh-40_00378_00527,True,1.0,1.0,0.7204968635845765,1.0,1.0,1.0,0.8835403598269069
3dcf57b07b2f51ad,2021.08.31.14.40.58_veh-40_01022_01255,True,1.0,1.0,0.8763485980215469,1.0,1.0,1.0,0.948478582508978
09460373ac855a25,2021.09.14.16.46.51_veh-45_00149_00900,True,1.0,1.0,0.9163516780230363,1.0,1.0,1.0,0.9651465325095985
4cbc22dc07d450e2,2021.08.31.13.27.52_veh-40_00186_00414,True,1.0,1.0,0.9452034139021916,1.0,1.0,1.0,0.9771680891259132
396f063f56245da0,2021.08.24.20.03.01_veh-45_00824_00888,True,1.0,1.0,0.8728080907855855,1.0,1.0,1.0,0.9470033711606606
65e8c145ea255d98,2021.10.05.06.57.40_veh-50_00665_00857,True,1.0,1.0,0.7330457912072196,1.0,1.0,1.0,0.8887690796696748
770cf5148b3353a3,2021.10.05.08.11.15_veh-50_00437_00585,True,1.0,1.0,0.691136231982459,1.0,1.0,1.0,0.8713067633260246
b579426436f259e9,2021.08.31.18.15.54_veh-40_00038_00199,True,1.0,1.0,0.881824742438346,1.0,1.0,1.0,0.9507603093493108
19b19b68cd08505b,2021.08.31.12.54.56_veh-40_00305_00667,True,1.0,1.0,0.7696605106792772,1.0,1.0,1.0,0.9040252127830323
046299e85f125329,2021.08.31.18.15.54_veh-40_01143_01496,True,1.0,1.0,0.9312989971314617,1.0,1.0,1.0,0.9713745821381089
090e368c4d205690,2021.10.05.06.57.40_veh-50_00025_00261,True,1.0,1.0,0.6717642351507367,1.0,1.0,1.0,0.8632350979794735
2397d01c9ae6532a,2021.10.05.07.49.39_veh-52_00934_01406,True,1.0,1.0,0.5946694380858821,1.0,1.0,1.0,0.8311122658691176
705a41f6d81c5bf6,2021.06.08.12.54.54_veh-26_00015_00507,True,1.0,1.0,1.0,1.0,1.0,1.0,1.0
de7d5df694bf5c14,2021.06.07.17.46.49_veh-35_02607_03120,True,1.0,1.0,1.0,1.0,1.0,1.0,1.0
e4a10f0be8b75fbe,2021.10.05.04.03.05_veh-50_00648_00744,True,1.0,1.0,0.6902137352552817,1.0,1.0,1.0,0.8709223896897007
e3301b00490756b7,2021.10.05.07.38.12_veh-50_01085_01463,True,1.0,1.0,0.8196869044945032,1.0,1.0,1.0,0.9248695435393763
386931b464115fdf,2021.10.05.08.11.15_veh-50_00360_00426,True,1.0,1.0,1.0,1.0,1.0,1.0,1.0
fb20fa45fb60508c,2021.08.24.15.09.18_veh-45_00216_00862,True,1.0,1.0,0.9317384675089003,1.0,1.0,1.0,0.9715576947953751
7c8f4fa830d65d7d,2021.10.05.04.38.41_veh-50_00014_00429,True,1.0,1.0,1.0,1.0,1.0,1.0,1.0
046606c07407555d,2021.09.14.15.03.51_veh-45_00178_00336,True,1.0,1.0,0.8649485336692814,1.0,1.0,1.0,0.9437285556955338
c4d0f149f2b65cbc,2021.10.05.07.49.39_veh-52_00934_01406,True,1.0,1.0,0.7340471812181072,1.0,1.0,1.0,0.8891863255075446
11aa90b3ba7b5bfc,2021.08.31.13.27.52_veh-40_00869_01319,True,1.0,1.0,0.8360117888420481,1.0,1.0,1.0,0.9316715786841868
11809845283a5800,2021.10.05.06.31.40_veh-52_01598_02013,True,1.0,1.0,0.6193394193090191,1.0,1.0,1.0,0.8413914247120914
c0b230109883561b,2021.08.31.14.40.58_veh-40_00285_00456,True,1.0,1.0,0.7701644118706986,1.0,1.0,1.0,0.9042351716127911
a61619b0ce745a6d,2021.08.24.20.03.01_veh-45_00687_00787,True,1.0,0.0,0.0,1.0,1.0,1.0,0.0
6e70010c52485289,2021.10.05.08.11.15_veh-50_01222_01462,True,1.0,1.0,0.761440063410304,1.0,1.0,1.0,0.90060002642096
7a7ce24858a75cde,2021.06.07.12.54.00_veh-35_01843_02314,True,1.0,1.0,0.639542403016954,1.0,1.0,1.0,0.8498093345903975
51560d3a0ba05b2b,2021.09.14.16.46.51_veh-45_00149_00900,True,1.0,1.0,0.8107598560357959,1.0,1.0,1.0,0.9211499400149149
705b6bc59b7f5c73,2021.08.09.17.55.59_veh-28_00320_00544,True,1.0,1.0,0.6859858023236265,1.0,1.0,1.0,0.8691607509681777
0683442423e850d2,2021.08.24.18.07.48_veh-45_00873_01142,True,1.0,1.0,0.8231339394124069,1.0,1.0,1.0,0.9263058080885029
0c6dde2a3e23519a,2021.10.05.06.24.06_veh-50_00717_01300,True,1.0,1.0,0.6975953119271919,1.0,1.0,1.0,0.8739980466363301
82323e1eee525b48,2021.10.05.06.31.40_veh-52_00005_00342,True,1.0,1.0,0.6230650405496494,1.0,1.0,1.0,0.8429437668956873
196f73a8a3215b41,2021.10.05.04.03.05_veh-50_01466_01790,True,1.0,1.0,0.6467418137303365,1.0,1.0,0.5,0.8528090890543069
e26f33c1dc1b5ff6,2021.10.05.07.10.04_veh-52_00689_01322,True,1.0,1.0,0.8783401600043571,1.0,1.0,1.0,0.9493084000018155
c845e1c821925515,2021.08.24.17.37.11_veh-08_02359_02623,True,1.0,1.0,1.0,0.0,1.0,1.0,0.5833333333333334
c6cf2d03bc205f27,2021.08.31.16.37.21_veh-40_01405_01642,True,1.0,1.0,0.6294614445656129,1.0,1.0,1.0,0.845608935235672
4124459df53c50a0,2021.06.08.14.35.24_veh-26_02555_03004,True,1.0,1.0,0.7924765066567159,1.0,1.0,1.0,0.9135318777736315
3dd6906e67e95645,2021.08.24.14.35.46_veh-45_00549_00693,True,1.0,0.0,0.0,1.0,1.0,0.0,0.0
4fefe5a74427573f,2021.10.05.07.49.39_veh-52_01417_01574,True,1.0,1.0,0.6392955348527166,1.0,1.0,1.0,0.8497064728552987
f748847a8414501c,2021.08.24.18.30.46_veh-08_02327_02583,True,1.0,1.0,0.9446763516991094,1.0,1.0,1.0,0.976948479874629
d465a831895b5d1a,2021.10.05.07.38.12_veh-50_01477_01565,True,1.0,1.0,0.8677195883517269,1.0,1.0,1.0,0.9448831618132196
41fa43a430135a20,2021.10.05.06.31.40_veh-52_01316_01565,True,1.0,1.0,0.8093202211418654,1.0,1.0,1.0,0.920550092142444
b2d2e03df992594f,2021.10.05.07.10.04_veh-52_00689_01322,True,1.0,1.0,0.7906708916207233,1.0,1.0,1.0,0.9127795381753013
0d24c1426b495b2d,2021.08.31.12.21.30_veh-40_00378_00527,True,1.0,1.0,0.7963702813674866,1.0,1.0,1.0,0.9151542839031194
e1d0569b1bd15a8e,2021.10.05.08.11.15_veh-50_01566_01801,True,1.0,1.0,0.7451272370637286,1.0,1.0,1.0,0.8938030154432203
9ef680155ba35db1,2021.06.08.17.25.03_veh-35_03522_03716,True,1.0,1.0,1.0,1.0,1.0,1.0,1.0
59c7f5e40f2d598a,2021.10.05.07.38.12_veh-50_01085_01463,True,1.0,1.0,0.7793966710833126,1.0,1.0,1.0,0.9080819462847135
aea9b3ae9aed5a56,2021.08.24.20.03.01_veh-45_00021_00143,True,1.0,1.0,0.6408809872658594,1.0,1.0,1.0,0.8503670780274414
661ab446a0975cc4,2021.06.08.14.14.51_veh-35_00893_01188,True,1.0,1.0,0.7161782009562252,1.0,1.0,1.0,0.8817409170650938
40969a8c303e5642,2021.10.05.06.31.40_veh-52_00734_01305,True,1.0,1.0,0.8315991983738192,1.0,1.0,1.0,0.9298329993224247
88b77f97f4305873,2021.10.05.04.03.05_veh-50_01466_01790,True,1.0,1.0,0.8440945476748286,1.0,1.0,1.0,0.9350393948645119
554dcf243f3554a3,2021.10.05.07.49.39_veh-52_00934_01406,True,1.0,1.0,0.9842161425985363,1.0,1.0,1.0,0.9934233927493902
f7e59bfdca8d5852,2021.07.24.22.52.16_veh-35_03236_04096,True,1.0,1.0,1.0,1.0,1.0,1.0,1.0
3a7a25b1e1ff54b9,2021.10.05.04.38.41_veh-50_00753_00956,True,1.0,1.0,0.9593124227777619,1.0,1.0,1.0,0.9830468428240674
fe568c19d46f59fc,2021.08.09.17.55.59_veh-28_00691_00876,True,1.0,0.0,0.0,1.0,1.0,1.0,0.0
c215277e896a5f24,2021.10.05.07.38.12_veh-50_01085_01463,True,1.0,1.0,0.8073193715887194,1.0,1.0,1.0,0.919716404828633
e538c4e2bb155e78,2021.09.14.18.43.41_veh-45_00965_01195,True,1.0,0.0,0.0,1.0,1.0,1.0,0.0
220af2e2cc0a5ff4,2021.10.05.08.11.15_veh-50_00163_00321,True,1.0,1.0,0.6953709462474141,1.0,1.0,1.0,0.8730712276030892
336f384531dc5add,2021.08.31.11.47.30_veh-40_01362_01737,True,1.0,1.0,0.8638439164129901,1.0,1.0,1.0,0.9432682985054125
22903ed6b4b45809,2021.10.05.08.11.15_veh-50_00437_00585,True,1.0,1.0,0.6281743044481,1.0,1.0,1.0,0.845072626853375
6ea45e2432585390,2021.07.24.22.52.16_veh-35_03236_04096,True,1.0,1.0,1.0,1.0,1.0,0.0,1.0
2686fdce9aaa56bf,2021.09.14.16.46.51_veh-45_00149_00900,True,1.0,1.0,0.6332806943022333,1.0,1.0,1.0,0.8472002892925973
528e9669bb985216,2021.10.05.06.57.40_veh-50_01131_01452,True,1.0,1.0,0.6029483220953387,1.0,1.0,1.0,0.8345618008730579
dcfe385d69275f7e,2021.08.31.17.42.52_veh-40_01033_01313,True,1.0,1.0,0.9051885003022702,1.0,1.0,1.0,0.9604952084592792
58d4bc005bb95f41,2021.08.09.17.55.59_veh-28_00691_00876,True,1.0,1.0,0.9114064865641335,1.0,1.0,1.0,0.9630860360683889
d1dfa5629d6c5f24,2021.10.05.04.38.41_veh-50_00014_00429,True,1.0,1.0,0.7911134139668813,1.0,1.0,1.0,0.9129639224862006
ab5f1ee9e06c5428,2021.08.31.14.40.58_veh-40_01268_01618,True,1.0,1.0,0.5178229406614593,1.0,1.0,1.0,0.7990928919422746
48f52aa8772c55cb,2021.10.05.06.57.40_veh-50_01131_01452,True,1.0,1.0,0.6861853789281707,1.0,1.0,1.0,0.8692439078867378
d8555416d16f5108,2021.06.08.12.54.54_veh-26_00015_00507,True,1.0,1.0,0.7747118607538386,1.0,1.0,1.0,0.9061299419807661
1502b4f8c03f5308,2021.08.24.14.35.46_veh-45_00549_00693,True,1.0,1.0,0.7405918161233155,1.0,1.0,1.0,0.891913256718048
5ba15da16cce532f,2021.10.05.06.31.40_veh-52_01316_01565,True,1.0,1.0,0.7998960989767941,1.0,1.0,1.0,0.9166233745736642
b34591e9a27b5e08,2021.10.05.07.10.04_veh-52_00418_00563,True,1.0,1.0,0.7454917830820939,1.0,1.0,1.0,0.8939549096175391
dab5b3ca9f4252c2,2021.10.05.06.24.06_veh-50_01566_01672,True,1.0,1.0,0.7363462510976302,1.0,1.0,1.0,0.8901442712906792
52fd8953ae73502c,2021.10.05.06.24.06_veh-50_00021_00383,True,1.0,1.0,0.5930403094403703,1.0,1.0,1.0,0.830433462266821
298baac3700e5c91,2021.07.24.22.52.16_veh-35_03236_04096,True,1.0,1.0,1.0,1.0,1.0,1.0,1.0
65e25396e94a5cab,2021.08.31.13.27.52_veh-40_01330_01491,True,1.0,1.0,0.7908180805487159,1.0,1.0,1.0,0.9128408668952983
a3c3be01bd675b41,2021.10.05.07.49.39_veh-52_01417_01574,True,1.0,1.0,0.5000051189284528,1.0,1.0,1.0,0.791668799553522
b3851efe744855b3,2021.07.24.22.52.16_veh-35_03236_04096,True,1.0,1.0,0.851045372245963,1.0,1.0,1.0,0.9379355717691512
57765be79e7b5b58,2021.10.05.06.31.40_veh-52_00734_01305,True,1.0,1.0,1.0,0.0,1.0,1.0,0.5833333333333334
57116f14db515207,2021.08.31.13.27.52_veh-40_00869_01319,True,1.0,1.0,1.0,1.0,1.0,1.0,1.0
b7bc3c0b135457bc,2021.08.24.14.35.46_veh-45_00011_00162,True,1.0,0.0,0.0,1.0,1.0,1.0,0.0
5854840a32a0551a,2021.08.31.14.40.58_veh-40_01268_01618,True,1.0,1.0,0.8968323233585681,1.0,1.0,1.0,0.9570134680660699
f6a1af381b475e50,2021.10.05.06.24.06_veh-50_00717_01300,True,1.0,1.0,0.7257291568992382,1.0,1.0,1.0,0.8857204820413492
2a9f89f170c3520e,2021.10.05.04.03.05_veh-50_01466_01790,True,1.0,1.0,1.0,1.0,1.0,0.5,1.0
4cf1aecb06d556e1,2021.08.31.11.47.30_veh-40_00393_00847,True,1.0,1.0,1.0,1.0,1.0,1.0,1.0
43787161833d5f71,2021.06.08.14.36.49_veh-38_00312_00694,True,1.0,1.0,0.8164430506639632,1.0,1.0,1.0,0.9235179377766514
bfae578a865e5a3f,2021.06.08.12.00.19_veh-35_05235_05578,True,1.0,1.0,1.0,1.0,1.0,1.0,1.0
c1034e90603a52e9,2021.06.08.17.25.03_veh-35_02448_02655,True,1.0,1.0,1.0,1.0,1.0,1.0,1.0
b9ea70b896ae5c11,2021.09.14.16.46.51_veh-45_00149_00900,True,1.0,1.0,0.6208229068690361,1.0,1.0,1.0,0.8420095445287651
e63519408deb5931,2021.07.24.23.50.16_veh-17_01696_02071,True,1.0,1.0,1.0,1.0,1.0,1.0,1.0
7a6dbadce1c35a8d,2021.09.14.18.43.41_veh-45_02296_02477,True,1.0,1.0,0.6489352957050037,1.0,1.0,1.0,0.8537230398770849
01f7d38e9c2f5111,2021.08.31.11.47.30_veh-40_01146_01347,True,1.0,1.0,0.49451864498193604,1.0,1.0,0.0,0.7893827687424734
ea1b384960385984,2021.07.24.16.48.51_veh-17_00016_00166,True,1.0,1.0,1.0,1.0,1.0,1.0,1.0
15b83e8b315b54e8,2021.08.31.12.21.30_veh-40_00248_00367,True,1.0,1.0,1.0,0.0,1.0,1.0,0.5833333333333334
6885271ccf50530a,2021.09.14.16.46.51_veh-45_02322_02510,True,1.0,1.0,0.8161873834690421,1.0,1.0,1.0,0.9234114097787676
7adafc88579357a6,2021.10.05.06.24.06_veh-50_00717_01300,True,1.0,1.0,0.5790218153396239,1.0,1.0,1.0,0.8245924230581766
bc98b5e7f4c9582a,2021.06.08.16.31.33_veh-38_01589_02072,True,1.0,1.0,1.0,1.0,1.0,0.5,1.0
a5733ac394a553bb,2021.06.08.19.16.23_veh-26_00973_01139,True,1.0,1.0,0.7315927342316225,1.0,1.0,1.0,0.8881636392631761
d8dec08f065d551f,2021.08.31.18.15.54_veh-40_01143_01496,True,1.0,1.0,0.670636768267584,1.0,1.0,1.0,0.8627653201114933
b671bff4f0885977,2021.10.05.06.31.40_veh-52_01598_02013,True,1.0,1.0,0.7358608361489122,1.0,1.0,1.0,0.8899420150620467
d1091971b52751c8,2021.10.05.07.49.39_veh-52_00934_01406,True,1.0,1.0,0.8105456973117197,1.0,1.0,1.0,0.9210607072132165
bcb0464c132759cf,2021.10.05.06.57.40_veh-50_00665_00857,True,1.0,1.0,0.7315861964837481,1.0,1.0,1.0,0.8881609152015617
c122cc148fe25ae7,2021.06.07.17.46.49_veh-35_02607_03120,True,1.0,1.0,1.0,1.0,1.0,0.0,1.0
49b408038b445768,2021.10.05.07.38.12_veh-50_01085_01463,True,1.0,0.0,0.0,1.0,1.0,1.0,0.0
6009dcd0adba5c57,2021.08.31.12.21.30_veh-40_00538_00638,True,1.0,1.0,0.6247217284569222,1.0,1.0,1.0,0.8436340535237177
03ec8c9b74a45c14,2021.10.05.07.38.12_veh-50_01477_01565,True,1.0,0.0,0.0,1.0,1.0,0.5,0.0
fbd0f7ff133b5ef4,2021.10.05.06.31.40_veh-52_00005_00342,True,1.0,1.0,0.72989688220301,1.0,1.0,1.0,0.8874570342512541
6e5e2d80ec915e15,2021.09.14.16.46.51_veh-45_00149_00900,True,1.0,1.0,0.8757811577056238,1.0,1.0,1.0,0.9482421490440099
4f4db1a7f4af5836,2021.06.07.17.46.49_veh-35_02607_03120,True,1.0,1.0,0.8505855830529825,1.0,1.0,1.0,0.9377439929387427
32acded506385aed,2021.06.07.13.53.57_veh-35_02489_03145,True,1.0,1.0,1.0,1.0,1.0,1.0,1.0
7110b9e42a8a5ff7,2021.10.05.06.31.40_veh-52_01598_02013,True,1.0,1.0,0.7585938423970039,1.0,1.0,1.0,0.8994141009987516
00060e3599d05532,2021.10.05.06.57.40_veh-50_00485_00624,True,1.0,1.0,0.7499885362852401,1.0,1.0,1.0,0.8958285567855168
8ae56117004f5fc2,2021.06.08.12.00.19_veh-35_01722_02119,True,1.0,1.0,0.8755232963440175,1.0,1.0,1.0,0.9481347068100073
beecf9a787245ed2,2021.08.09.18.37.41_veh-28_00053_00548,True,1.0,1.0,1.0,0.0,1.0,1.0,0.5833333333333334
cb837daf21ec5741,2021.10.05.04.38.41_veh-50_00576_00721,True,1.0,1.0,0.6596616815725763,1.0,1.0,1.0,0.8581923673219068
9d779c2882da51b6,2021.08.24.18.30.46_veh-08_02327_02583,True,1.0,0.0,0.0,1.0,1.0,1.0,0.0
dcfd0093cf8f55a9,2021.08.24.17.01.06_veh-45_00228_00689,True,1.0,0.0,0.0,1.0,1.0,1.0,0.0
fb96820d6ac75590,2021.08.24.20.03.01_veh-45_00824_00888,True,1.0,1.0,1.0,1.0,1.0,1.0,1.0
fc6c6696cecd53a4,2021.06.08.12.00.19_veh-35_03655_03792,True,1.0,1.0,0.8377063414909613,1.0,1.0,1.0,0.9323776422879005
c1381fbccb87508c,2021.10.05.07.38.12_veh-50_01085_01463,True,1.0,1.0,0.6817946365675039,1.0,1.0,1.0,0.8674144319031267
8d01189ae3605da4,2021.06.08.14.35.24_veh-26_02555_03004,True,1.0,1.0,1.0,1.0,1.0,1.0,1.0
7b295437163c5ad5,2021.10.05.06.24.06_veh-50_00717_01300,True,1.0,1.0,0.6403039693594583,1.0,1.0,1.0,0.8501266538997743
71c69f0fa88b5938,2021.06.08.12.00.19_veh-35_05235_05578,True,1.0,1.0,1.0,1.0,1.0,1.0,1.0
c634c2c7d2405547,2021.08.09.17.55.59_veh-28_01065_01167,True,1.0,1.0,1.0,1.0,1.0,1.0,1.0
e26a38577f9052a1,2021.08.24.17.37.11_veh-08_02359_02623,True,1.0,1.0,0.9255130746847363,1.0,1.0,1.0,0.9689637811186401
f2e7cd9a0f5f576c,2021.10.05.07.49.39_veh-52_00563_00680,True,1.0,1.0,0.7086394646666061,1.0,1.0,1.0,0.8785997769444193
7c137ad91d7e57a9,2021.08.31.14.40.58_veh-40_01268_01618,True,1.0,1.0,0.8337186499609791,1.0,1.0,1.0,0.9307161041504081
b02cfc4684ed58a1,2021.08.09.17.55.59_veh-28_00691_00876,True,1.0,1.0,0.8019178668039281,1.0,1.0,1.0,0.9174657778349701
f7a3034f50935dc3,2021.06.08.16.31.33_veh-38_01589_02072,True,1.0,1.0,0.7839435972694477,1.0,1.0,1.0,0.90997649886227
7fce2be5ba195bdd,2021.07.24.23.50.16_veh-17_01696_02071,True,1.0,1.0,1.0,1.0,1.0,1.0,1.0
90818274e7a55895,2021.10.05.04.03.05_veh-50_01466_01790,True,1.0,1.0,0.7724944593413497,1.0,1.0,1.0,0.9052060247255623
c5ca672c6f2051ba,2021.08.31.14.40.58_veh-40_00679_00892,True,1.0,1.0,1.0,1.0,1.0,1.0,1.0
a89648b4784955ae,2021.08.31.16.37.21_veh-40_00554_00733,True,1.0,1.0,1.0,1.0,1.0,1.0,1.0
8063f504239450dc,2021.06.08.12.54.54_veh-26_00733_00983,True,1.0,1.0,1.0,1.0,1.0,1.0,1.0
cb61af732abb5e73,2021.09.14.18.43.41_veh-45_00965_01195,True,1.0,1.0,0.8760086897075205,1.0,1.0,1.0,0.9483369540448002
0cf0749ed5235a88,2021.06.07.19.29.59_veh-38_01025_01274,True,1.0,1.0,1.0,1.0,1.0,1.0,1.0
808b561741b554f4,2021.08.31.12.54.56_veh-40_00305_00667,True,1.0,1.0,0.8256056780687407,1.0,1.0,1.0,0.9273356991953087
b7c375395d165da9,2021.08.31.14.40.58_veh-40_00285_00456,True,1.0,1.0,0.6670088835925382,1.0,1.0,1.0,0.861253701496891
99ad24c608165502,2021.10.05.06.24.06_veh-50_00717_01300,True,1.0,1.0,0.782181746304623,1.0,1.0,1.0,0.9092423942935929
a1a19416515c5b12,2021.06.07.13.53.57_veh-35_02489_03145,True,1.0,1.0,0.6578019213503972,1.0,1.0,1.0,0.8574174672293321
746510746df95282,2021.06.07.19.29.59_veh-38_00474_00922,True,1.0,1.0,0.7611410831729101,1.0,1.0,1.0,0.900475451322046
39435337f84251c7,2021.08.24.19.30.33_veh-45_01391_01523,True,1.0,1.0,0.6610995154571909,1.0,1.0,1.0,0.8587914647738296
f07ff21b8cb952e8,2021.08.31.12.21.30_veh-40_00248_00367,True,1.0,1.0,0.7171542963623053,1.0,1.0,1.0,0.8821476234842939
c1a6f950058d566d,2021.08.31.18.15.54_veh-40_01143_01496,True,1.0,1.0,0.7228116341909708,1.0,1.0,1.0,0.8845048475795712
4191ec565e2d58cd,2021.10.05.06.31.40_veh-52_00465_00713,True,1.0,1.0,1.0,1.0,1.0,1.0,1.0
1c44ea85120f5ec7,2021.08.24.20.03.01_veh-45_00824_00888,True,1.0,1.0,0.8924938434861384,1.0,1.0,1.0,0.9552057681192242
6a8c54a137fb57c1,2021.10.05.06.24.06_veh-50_00717_01300,True,1.0,1.0,0.8219669651873163,1.0,1.0,1.0,0.9258195688280484
b49c50e458085400,2021.06.07.19.43.00_veh-35_01782_01986,True,1.0,1.0,1.0,1.0,1.0,1.0,1.0
ef83ff6546ac5d94,2021.09.14.16.46.51_veh-45_00149_00900,True,1.0,1.0,0.7512973263346249,1.0,1.0,1.0,0.8963738859727602
422ab2f2f7f055ad,2021.08.24.18.30.46_veh-08_01674_01850,True,1.0,1.0,0.7898276319254749,1.0,1.0,1.0,0.9124281799689479
16952ed01ce95300,2021.08.09.18.37.41_veh-28_00053_00548,True,1.0,1.0,0.9316588539539531,1.0,1.0,1.0,0.9715245224808138
7cbe66ece5de5d91,2021.08.24.17.01.06_veh-45_01557_01681,True,1.0,0.0,0.0,1.0,1.0,1.0,0.0
5e8f4a85b7a75041,2021.08.24.18.07.48_veh-45_01504_01722,True,1.0,1.0,0.8468647388712144,1.0,1.0,1.0,0.9361936411963393
89a8f53bae185c01,2021.06.07.13.53.57_veh-35_01772_02032,True,1.0,1.0,1.0,1.0,1.0,1.0,1.0
7e93d72a20d951cf,2021.10.05.04.03.05_veh-50_00365_00493,True,1.0,1.0,1.0,1.0,1.0,1.0,1.0
ebbf325388c35018,2021.06.07.13.53.57_veh-35_02489_03145,True,1.0,1.0,1.0,1.0,1.0,1.0,1.0
fffe19e14bc652b9,2021.08.09.18.37.41_veh-28_00053_00548,True,1.0,1.0,0.873470802614921,1.0,1.0,1.0,0.9472795010895504
b66764ebd7e45233,2021.08.24.18.30.46_veh-08_02327_02583,True,1.0,1.0,0.9148102837419165,1.0,1.0,1.0,0.9645042848924653
1c22fe795a635121,2021.06.07.13.53.57_veh-35_01772_02032,True,1.0,1.0,0.960225524598483,0.0,1.0,1.0,0.5667606352493679
b2db19e7b4de5f17,2021.10.05.08.11.15_veh-50_00970_01211,True,1.0,1.0,0.7527601224507435,1.0,1.0,1.0,0.8969833843544764
352c11d4c67751c2,2021.06.07.17.48.02_veh-38_01949_02085,True,1.0,1.0,1.0,1.0,1.0,1.0,1.0
e6240ae0b1d75ece,2021.08.31.16.37.21_veh-40_00554_00733,True,1.0,1.0,1.0,1.0,1.0,1.0,1.0
71bb3fa674d05eba,2021.06.07.18.53.26_veh-26_00005_00427,True,1.0,1.0,1.0,1.0,1.0,1.0,1.0
5daeead519a8585d,2021.08.31.16.37.21_veh-40_01247_01379,True,1.0,1.0,0.8456326023884027,1.0,1.0,0.0,0.9356802509951677
39b108ec07fa5ecf,2021.07.24.23.50.16_veh-17_01696_02071,True,1.0,1.0,1.0,1.0,1.0,1.0,1.0
d295cc3d643f5fa8,2021.10.05.08.11.15_veh-50_01222_01462,True,1.0,1.0,1.0,1.0,1.0,0.0,1.0
d4ca03f8465653d0,2021.10.05.07.38.12_veh-50_01085_01463,True,1.0,1.0,0.7794849073205539,1.0,1.0,1.0,0.9081187113835641
3081ec3801a05c51,2021.10.05.08.11.15_veh-50_01566_01801,True,1.0,1.0,0.5055405603714257,1.0,1.0,1.0,0.793975233488094
1d41bf824318525f,2021.09.14.18.43.41_veh-45_00965_01195,True,1.0,1.0,1.0,1.0,1.0,0.0,1.0
6b24853f72ad5a35,2021.08.24.15.09.18_veh-45_00216_00862,True,1.0,1.0,0.8959799629455878,1.0,1.0,1.0,0.956658317893995
7803060499155fd0,2021.08.31.13.27.52_veh-40_00186_00414,True,1.0,1.0,0.6221188454030476,1.0,1.0,1.0,0.8425495189179365
00705468a6b75750,2021.10.05.08.11.15_veh-50_00163_00321,True,1.0,1.0,0.7740616506998992,1.0,1.0,1.0,0.9058590211249579
7dcf277f3fb255fd,2021.06.08.14.14.51_veh-35_01508_01763,True,1.0,1.0,0.8155685513153302,1.0,1.0,1.0,0.9231535630480542
bb74f000653c5565,2021.08.31.12.21.30_veh-40_00538_00638,True,1.0,1.0,0.7761626839391569,1.0,1.0,1.0,0.9067344516413153
dd99e190ef1358d5,2021.08.31.14.40.58_veh-40_01022_01255,True,1.0,1.0,0.558408551636153,1.0,1.0,0.0,0.8160035631817304
d6fa0346a65c5ec3,2021.10.05.07.10.04_veh-52_00418_00563,True,1.0,1.0,0.4839870730473671,1.0,1.0,1.0,0.7849946137697362
979889238ce55351,2021.08.31.18.15.54_veh-40_00335_00568,True,0.5,0.0,0.0,0.0,1.0,1.0,0.0
310cc4a86f6c58e0,2021.08.09.17.55.59_veh-28_00021_00307,True,1.0,1.0,0.915332172716708,1.0,1.0,0.5,0.9647217386319618
174e9f60a28d5947,2021.10.05.06.31.40_veh-52_01316_01565,True,1.0,1.0,0.9910642604863044,1.0,1.0,1.0,0.9962767752026268
e8de73ec105154bd,2021.10.05.06.57.40_veh-50_00485_00624,True,1.0,1.0,0.9894807294009227,1.0,1.0,1.0,0.9956169705837178
c9c30fa5a8825ca9,2021.10.05.06.31.40_veh-52_00734_01305,True,1.0,1.0,0.6747173851428809,1.0,1.0,1.0,0.864465577142867
369d9d7385485fc9,2021.10.05.08.11.15_veh-50_01566_01801,True,1.0,1.0,0.6744030958208803,1.0,1.0,1.0,0.8643346232587001
d7a3fa63398e5910,2021.08.31.13.27.52_veh-40_01330_01491,True,1.0,1.0,1.0,1.0,1.0,1.0,1.0
8772f982a47456cc,2021.06.07.17.46.49_veh-35_02607_03120,True,1.0,1.0,1.0,1.0,1.0,1.0,1.0
0824dde3a1395fb5,2021.07.24.18.06.35_veh-35_03664_03799,True,1.0,1.0,1.0,1.0,1.0,1.0,1.0
0ca9e1e49003507d,2021.08.31.13.27.52_veh-40_00869_01319,True,1.0,1.0,1.0,1.0,1.0,1.0,1.0
81d8f26e2ed1584c,2021.10.05.07.10.04_veh-52_01442_01802,True,1.0,1.0,0.8488225300705097,1.0,1.0,1.0,0.937009387529379
89aea1f9fc4e5991,2021.06.08.12.54.54_veh-26_04262_04732,True,1.0,1.0,0.7481414273115323,1.0,1.0,1.0,0.8950589280464718
f16b2f8337dc5945,2021.06.08.12.00.19_veh-35_01722_02119,True,1.0,1.0,0.9110930023263633,1.0,1.0,1.0,0.9629554176359848
522f874373fa5a26,2021.10.05.06.57.40_veh-50_00025_00261,True,1.0,1.0,0.7023186107489381,1.0,1.0,1.0,0.8759660878120575
92123d3edf005e66,2021.09.14.18.43.41_veh-45_02503_03013,True,1.0,1.0,0.9211090078302704,1.0,1.0,1.0,0.9671287532626126
3db9e6dfb3a45e85,2021.08.24.18.30.46_veh-08_02327_02583,True,1.0,1.0,0.9652483335946039,1.0,1.0,1.0,0.9855201389977516
1adc63b8822050f1,2021.10.05.07.38.12_veh-50_00132_00234,True,1.0,1.0,0.7706685971048671,1.0,1.0,1.0,0.9044452487936946
f647b4d0b3fc5be1,2021.08.31.13.27.52_veh-40_00869_01319,True,1.0,0.0,0.0,1.0,1.0,1.0,0.0
31761b44fb575a10,2021.10.05.06.57.40_veh-50_00665_00857,True,1.0,1.0,0.5674581160881303,1.0,1.0,1.0,0.819774215036721
3f6d991e9f565b22,2021.06.08.14.36.49_veh-38_00312_00694,True,1.0,1.0,0.8772313858102299,1.0,1.0,1.0,0.9488464107542626
6f2b90a1069b554c,2021.08.24.18.30.46_veh-08_01985_02093,True,0.0,1.0,0.0,0.0,1.0,1.0,0.0
3dc32a6af0725b05,2021.07.24.22.52.16_veh-35_03236_04096,True,1.0,1.0,1.0,1.0,1.0,1.0,1.0
50ebd86102b353a7,2021.06.08.12.54.54_veh-26_00015_00507,True,1.0,1.0,0.9313585728222766,1.0,1.0,1.0,0.9713994053426153
1c8c8ddd889f5b0a,2021.09.14.18.43.41_veh-45_01245_01529,True,1.0,1.0,0.7233863104691777,1.0,1.0,1.0,0.8847442960288241
f8eaa92fb16e51fc,2021.07.24.22.52.16_veh-35_03236_04096,True,1.0,1.0,1.0,1.0,1.0,1.0,1.0
cdf72c63ef65563c,2021.06.08.12.54.54_veh-26_00015_00507,True,1.0,1.0,1.0,1.0,1.0,1.0,1.0
d6c146ca093257d1,2021.08.31.14.40.58_veh-40_01022_01255,True,1.0,1.0,1.0,1.0,1.0,0.5,1.0
70404c3471fe5b1b,2021.10.05.07.38.12_veh-50_01085_01463,True,1.0,1.0,0.8149909445840626,1.0,1.0,1.0,0.9229128935766928
bbc3d2b57fef5f35,2021.08.31.11.47.30_veh-40_00393_00847,True,1.0,1.0,0.9415018246630943,1.0,1.0,1.0,0.9756257602762893
6b0cb0930fbd5f27,2021.09.14.18.43.41_veh-45_00885_00952,True,1.0,1.0,1.0,1.0,1.0,1.0,1.0
317b907e0f335487,2021.10.05.07.38.12_veh-50_01085_01463,True,1.0,1.0,0.6259723142514048,1.0,1.0,1.0,0.8441551309380854
3b2a73c895d6574f,2021.08.24.14.35.46_veh-45_00549_00693,True,1.0,1.0,0.7664799374142165,1.0,1.0,1.0,0.9026999739225902
82ab06340d015706,2021.08.31.12.21.30_veh-40_00538_00638,True,1.0,1.0,0.8336764345471115,1.0,1.0,1.0,0.9306985143946299
b4ab7932b9a757c0,2021.06.07.17.46.49_veh-35_04839_05184,True,1.0,1.0,1.0,1.0,1.0,1.0,1.0
798ae4e7fe30509a,2021.10.05.07.49.39_veh-52_00934_01406,True,1.0,0.0,0.0,1.0,1.0,1.0,0.0
502c3a09873c5bdd,2021.08.24.15.09.18_veh-45_00216_00862,True,1.0,1.0,0.8967372317376252,1.0,1.0,1.0,0.9569738465573439
0d9db69144d15f08,2021.08.31.16.37.21_veh-40_01247_01379,True,1.0,1.0,0.5402028830660335,1.0,1.0,1.0,0.8084178679441806
d3f7777d44e35f24,2021.06.08.17.25.03_veh-35_02448_02655,True,1.0,1.0,0.9458663248487928,1.0,1.0,1.0,0.9774443020203304
689babffb25953ed,2021.08.31.12.54.56_veh-40_00725_00909,True,1.0,1.0,0.6433312369517679,1.0,1.0,1.0,0.8513880153965699
25f30d4f06d35119,2021.10.05.04.03.05_veh-50_00536_00637,True,1.0,0.0,0.0,1.0,1.0,1.0,0.0
9a2d2a6ae01e523a,2021.06.08.14.35.24_veh-26_01989_02235,True,1.0,1.0,1.0,1.0,1.0,1.0,1.0
55835b69da375748,2021.08.31.18.15.54_veh-40_00038_00199,True,1.0,1.0,1.0,0.0,1.0,0.5,0.5833333333333334
8431d5104f3455c9,2021.10.05.04.03.05_veh-50_00365_00493,True,1.0,1.0,1.0,1.0,1.0,1.0,1.0
f84024e453fb57e4,2021.10.05.06.57.40_veh-50_01131_01452,True,1.0,0.0,0.0,0.0,1.0,1.0,0.0
d428d5c914d859ea,2021.06.08.18.18.30_veh-38_05578_05988,True,1.0,1.0,1.0,1.0,1.0,1.0,1.0
33a8a4499f4059df,2021.09.14.16.46.51_veh-45_00149_00900,True,1.0,1.0,1.0,1.0,1.0,1.0,1.0
d7ab8347278e516a,2021.09.14.20.42.30_veh-45_00805_01078,True,1.0,1.0,1.0,0.0,1.0,1.0,0.5833333333333334
c4a6e6364c1b5f27,2021.07.24.22.52.16_veh-35_03236_04096,True,1.0,1.0,1.0,1.0,1.0,1.0,1.0
ff81f481d2ad5270,2021.08.31.11.47.30_veh-40_00393_00847,True,1.0,1.0,0.6786534098691599,1.0,1.0,1.0,0.8661055874454832
168457afe0ea5299,2021.08.31.13.27.52_veh-40_01330_01491,True,1.0,1.0,0.7980314346981556,1.0,1.0,1.0,0.9158464311242316
7a06f3473dbc5f19,2021.08.31.14.01.15_veh-40_00407_00497,True,1.0,1.0,0.7255748458025211,1.0,1.0,1.0,0.8856561857510504
b8adc82de5ae50e2,2021.08.31.13.27.52_veh-40_01330_01491,True,1.0,1.0,0.7759825809466285,1.0,1.0,1.0,0.9066594087277619
aecfe3d39819549c,2021.10.05.07.49.39_veh-52_00934_01406,True,1.0,1.0,0.697160237491444,1.0,1.0,1.0,0.873816765621435
98e5b6890d0f5828,2021.10.05.08.11.15_veh-50_01566_01801,True,1.0,1.0,0.6129997286994506,1.0,1.0,1.0,0.8387498869581044
74bf6d6503a75723,2021.08.31.11.47.30_veh-40_01362_01737,True,1.0,1.0,0.8990453645484738,1.0,1.0,1.0,0.9579355685618641
30a6cff776ef563b,2021.07.24.22.52.16_veh-35_03236_04096,True,1.0,1.0,0.9872674479053938,1.0,1.0,1.0,0.9946947699605807
84653e2b2f095168,2021.08.24.15.09.18_veh-45_00216_00862,True,1.0,1.0,0.890201885698072,1.0,1.0,1.0,0.9542507857075301
ad48387bb42d5e30,2021.10.05.06.31.40_veh-52_00734_01305,True,1.0,1.0,0.8091286345753341,1.0,1.0,1.0,0.9204702644063891
2da67aeba34d548e,2021.06.08.12.00.19_veh-35_02135_02369,True,1.0,1.0,0.8776770434987035,1.0,1.0,1.0,0.9490321014577932
d4bef67fb3d85a72,2021.10.05.04.03.05_veh-50_01466_01790,True,1.0,1.0,0.6903797976357428,1.0,1.0,1.0,0.8709915823482262
72a042eb908456c4,2021.06.08.12.54.54_veh-26_02994_03970,True,1.0,1.0,0.7089432725889967,1.0,1.0,1.0,0.8787263635787487
d3d2e1f595c15eab,2021.08.31.14.40.58_veh-40_01022_01255,True,1.0,1.0,0.7707075323353018,1.0,1.0,1.0,0.9044614718063757
accc3c90226251ed,2021.10.05.04.38.41_veh-50_00014_00429,True,1.0,1.0,0.785636853280567,1.0,1.0,1.0,0.9106820222002362
0695b36d39c75e1d,2021.10.05.07.49.39_veh-52_00563_00680,True,1.0,1.0,0.6864512187974349,1.0,1.0,1.0,0.8693546744989312
c5916c0586bd5bc8,2021.06.07.17.46.49_veh-35_02607_03120,True,1.0,1.0,0.7206040631616883,1.0,1.0,1.0,0.8835850263173701
accaa5c04d6953ba,2021.10.05.08.11.15_veh-50_00163_00321,True,1.0,1.0,0.909189294472907,1.0,1.0,1.0,0.9621622060303778
f726da8164825fa1,2021.10.05.07.10.04_veh-52_00689_01322,True,1.0,1.0,0.7727187964937094,1.0,1.0,1.0,0.9052994985390456
7fd0fb8afe5a55a6,2021.10.05.04.38.41_veh-50_00753_00956,True,1.0,1.0,0.7425294768824889,1.0,1.0,1.0,0.8927206153677038
99631aeb988a569d,2021.06.08.16.31.33_veh-38_00015_00262,True,1.0,1.0,1.0,1.0,1.0,1.0,1.0
833e43f0df0b50c4,2021.10.05.06.24.06_veh-50_00717_01300,True,1.0,1.0,0.6269970131337703,1.0,1.0,1.0,0.8445820888057377
ef8f0b7e80615e88,2021.10.05.08.11.15_veh-50_01566_01801,True,1.0,1.0,0.7134028805735873,1.0,1.0,1.0,0.880584533572328
d8ea816b0cba507d,2021.08.31.14.40.58_veh-40_00679_00892,True,1.0,1.0,1.0,1.0,1.0,0.0,1.0
5ba6a3b7b52259f2,2021.08.24.19.30.33_veh-45_01391_01523,True,1.0,1.0,0.9947586707691569,1.0,1.0,1.0,0.9978161128204821
00bec506fbe7597c,2021.06.08.17.36.50_veh-26_03873_04225,True,1.0,1.0,1.0,1.0,1.0,1.0,1.0
ec2ba5c300635edc,2021.06.07.18.53.26_veh-26_01208_01412,True,1.0,1.0,0.8183484255821081,1.0,1.0,1.0,0.9243118439925451
2f4d937ccb9359c6,2021.10.05.07.10.04_veh-52_00689_01322,True,1.0,1.0,0.8825959481053788,1.0,1.0,1.0,0.9510816450439078
073eb57aa4e1546c,2021.08.31.14.40.58_veh-40_00679_00892,True,1.0,1.0,0.9564589900378906,1.0,1.0,1.0,0.9818579125157877
0dcc7c4298465874,2021.10.05.08.11.15_veh-50_00970_01211,True,1.0,1.0,0.7912165705198475,1.0,1.0,1.0,0.9130069043832698
527ba01efc975cc8,2021.06.07.17.46.49_veh-35_02607_03120,True,1.0,1.0,0.69846314947578,1.0,1.0,1.0,0.8743596456149083
f418f6ad5e50559b,2021.08.24.20.03.01_veh-45_00269_00428,True,1.0,1.0,0.8863761168135287,1.0,1.0,1.0,0.9526567153389703
a0de9f558af95417,2021.10.05.06.24.06_veh-50_00431_00527,True,1.0,1.0,0.7165260964282126,1.0,1.0,1.0,0.8818858735117553
ceee1351edc152f7,2021.08.31.11.47.30_veh-40_00248_00376,True,1.0,1.0,0.92194602734842,1.0,1.0,1.0,0.9674775113951751
a127c06c1bcc54c0,2021.08.31.11.47.30_veh-40_00393_00847,True,1.0,1.0,0.9830686863122252,1.0,1.0,1.0,0.9929452859634272
6da6635285fa5630,2021.08.24.20.03.01_veh-45_00171_00238,True,1.0,1.0,0.7700410855089883,0.0,1.0,1.0,0.48751711896207844
f0c1c3df9ead5fd6,2021.08.31.17.42.52_veh-40_00389_00526,True,1.0,1.0,1.0,1.0,1.0,1.0,1.0
3d481e42cce653a9,2021.08.31.16.37.21_veh-40_01405_01642,True,1.0,1.0,0.8985700214476734,1.0,1.0,1.0,0.9577375089365306
4cd5bb8cf4fd52fa,2021.06.08.12.54.54_veh-26_00015_00507,True,1.0,1.0,1.0,1.0,1.0,1.0,1.0
3cd7f7b891785a48,2021.08.24.19.30.33_veh-45_01391_01523,True,1.0,1.0,1.0,1.0,1.0,1.0,1.0
173503c1edc85437,2021.06.07.17.46.49_veh-35_02607_03120,True,1.0,1.0,0.9479891944276243,1.0,1.0,1.0,0.9783288310115101
8af92423fc165b93,2021.06.07.18.53.26_veh-26_01208_01412,True,1.0,1.0,0.8096741987789771,1.0,1.0,1.0,0.9206975828245737
2262dc803bd959db,2021.08.09.18.37.41_veh-28_00648_00730,True,1.0,1.0,0.8709911970217673,1.0,1.0,1.0,0.9462463320924032
6b56e8b5a3b05944,2021.08.31.11.47.30_veh-40_01146_01347,True,1.0,1.0,0.9443888307100586,1.0,1.0,0.0,0.9768286794625244
648fda3ae08a5a33,2021.08.24.18.07.48_veh-45_00873_01142,True,1.0,1.0,0.7141772372014202,1.0,1.0,1.0,0.8809071821672584
f8b8d91f09615b8c,2021.06.08.17.25.03_veh-35_03522_03716,True,1.0,1.0,1.0,0.0,1.0,1.0,0.5833333333333334
c3feb114d7f95ef4,2021.10.05.06.57.40_veh-50_00485_00624,True,1.0,1.0,0.5187975269532733,1.0,1.0,1.0,0.7994989695638638
199d7ff8db945a33,2021.06.08.18.18.30_veh-38_05578_05988,True,1.0,1.0,0.7789883004463741,1.0,1.0,1.0,0.9079117918526558
f897eead637451d2,2021.10.05.06.57.40_veh-50_01658_01796,True,1.0,1.0,0.717502452430808,1.0,1.0,1.0,0.8822926885128366
75acc8ebb2a6523b,2021.10.05.06.57.40_veh-50_00025_00261,True,1.0,1.0,0.8688552591348883,1.0,1.0,1.0,0.94535635797287
c9a8f51734b8566a,2021.10.05.07.49.39_veh-52_01417_01574,True,1.0,0.0,0.0,1.0,1.0,1.0,0.0
8e49b7bddf4f5a15,2021.09.14.20.42.30_veh-45_00805_01078,True,1.0,1.0,0.9873798921235447,1.0,1.0,1.0,0.9947416217181436
eba213863a075b4c,2021.10.05.08.11.15_veh-50_01222_01462,True,1.0,1.0,0.5759261231298569,1.0,1.0,1.0,0.8233025513041071
537ae20acba557a6,2021.08.31.17.42.52_veh-40_00389_00526,True,1.0,1.0,0.838233978209125,1.0,1.0,1.0,0.9325974909204687
bf566fb659a555d2,2021.10.05.04.38.41_veh-50_00996_01109,True,1.0,1.0,1.0,1.0,1.0,1.0,1.0
77ded26c7a9654ad,2021.07.24.23.50.16_veh-17_01696_02071,True,1.0,1.0,0.5301521352987707,1.0,1.0,1.0,0.8042300563744877
519885761a2a5a69,2021.10.05.04.03.05_veh-50_00058_00321,True,1.0,1.0,0.910240311177074,1.0,1.0,1.0,0.9626001296571142
5e438ad32e78552a,2021.08.31.17.42.52_veh-40_01033_01313,True,1.0,1.0,1.0,1.0,1.0,1.0,1.0
ae3ab9cc1e285e4d,2021.06.08.12.00.19_veh-35_01722_02119,True,1.0,1.0,0.8240757283251825,1.0,1.0,1.0,0.9266982201354926
90c2a85ccf585341,2021.08.24.20.03.01_veh-45_00687_00787,True,1.0,0.0,0.0,1.0,1.0,1.0,0.0
8bf4bc736e535e2a,2021.08.31.18.15.54_veh-40_00038_00199,True,1.0,0.0,0.0,1.0,1.0,1.0,0.0
53da93b2332857bd,2021.08.09.17.55.59_veh-28_00691_00876,True,1.0,0.0,0.0,1.0,1.0,1.0,0.0
8596a0410ea753cd,2021.10.05.08.11.15_veh-50_00163_00321,True,1.0,1.0,0.8190926527875385,1.0,1.0,1.0,0.9246219386614744
fd522540ec9b5d12,2021.09.14.16.46.51_veh-45_02322_02510,True,1.0,1.0,1.0,1.0,1.0,1.0,1.0
51c4c97139815d1a,2021.09.14.18.43.41_veh-45_00965_01195,True,1.0,1.0,0.8505580720299762,1.0,1.0,1.0,0.93773253001249
71c8ce6dcc8e5e40,2021.10.05.04.38.41_veh-50_00753_00956,True,1.0,1.0,0.800302906240286,1.0,1.0,1.0,0.9167928776001192
3817d4eca2e1557a,2021.06.08.12.00.19_veh-35_03451_03644,True,1.0,1.0,0.7368222646535563,1.0,1.0,1.0,0.8903426102723152
438a8145e6025153,2021.10.05.06.24.06_veh-50_01420_01553,True,1.0,1.0,0.68934970942719,1.0,1.0,1.0,0.8705623789279958
d695b34c71215217,2021.10.05.06.31.40_veh-52_01598_02013,True,1.0,1.0,0.7565307306189968,1.0,1.0,1.0,0.8985544710912486
fc2ed2f866c253d4,2021.08.31.13.27.52_veh-40_01330_01491,True,1.0,1.0,0.791003780275335,1.0,1.0,1.0,0.9129182417813896
2ba922b04f705ac8,2021.07.24.18.06.35_veh-35_03664_03799,True,1.0,1.0,0.8590300995135767,1.0,1.0,1.0,0.9412625414639902
c9ddf1913f325de4,2021.08.31.18.15.54_veh-40_00038_00199,True,1.0,1.0,0.8337197600872687,1.0,1.0,1.0,0.9307165667030285
ab64601e1d305356,2021.10.05.07.38.12_veh-50_00898_01058,True,1.0,1.0,0.9019398963102034,1.0,1.0,1.0,0.9591416234625848
40d181f928905824,2021.08.24.18.30.46_veh-08_01674_01850,True,1.0,1.0,0.7262897197965711,1.0,1.0,1.0,0.885954049915238
68c5ccd303c65931,2021.06.07.18.53.26_veh-26_00005_00427,True,1.0,1.0,0.9268589401084492,1.0,1.0,1.0,0.9695245583785205
8cffb31aa9bc5f4f,2021.06.08.17.25.03_veh-35_02448_02655,True,1.0,1.0,0.8163901177789332,1.0,1.0,1.0,0.9234958824078889
ae89d236367652eb,2021.08.31.17.42.52_veh-40_01551_01684,True,1.0,1.0,0.8266539261841745,1.0,1.0,1.0,0.9277724692434061
315e77baaba657ef,2021.06.08.14.36.49_veh-38_00312_00694,True,1.0,1.0,1.0,1.0,1.0,1.0,1.0
f9a3f1194ecf5691,2021.08.31.16.37.21_veh-40_01655_01736,True,1.0,1.0,0.7859999169205496,1.0,1.0,1.0,0.9108332987168956
7e7576a611b35fcb,2021.08.24.18.30.46_veh-08_02327_02583,True,1.0,1.0,0.8221398759129837,1.0,1.0,1.0,0.9258916149637432
0e028a1ac3935fbf,2021.10.05.04.38.41_veh-50_00014_00429,True,1.0,0.0,0.0,1.0,1.0,1.0,0.0
a75d47c9583d5f0c,2021.06.08.14.35.24_veh-26_02555_03004,True,1.0,1.0,0.8720741947717864,1.0,1.0,1.0,0.9466975811549109
73803057e8015b24,2021.10.05.07.38.12_veh-50_01085_01463,True,1.0,1.0,0.8100937953839896,1.0,1.0,1.0,0.920872414743329
7549c9ea25c85f4e,2021.09.14.16.46.51_veh-45_00149_00900,True,1.0,1.0,0.8579600587125581,1.0,1.0,1.0,0.9408166911302326
7fba3e79d3f951f9,2021.06.08.17.25.03_veh-35_02448_02655,True,1.0,1.0,1.0,1.0,1.0,1.0,1.0
3c9f665179cb59b6,2021.08.24.15.09.18_veh-45_00216_00862,True,1.0,1.0,0.4505750343261348,1.0,1.0,1.0,0.7710729309692228
46520cfa1af3501b,2021.06.08.12.00.19_veh-35_03655_03792,True,1.0,1.0,1.0,1.0,1.0,1.0,1.0
0c930915da8f5da0,2021.06.08.17.25.03_veh-35_03522_03716,True,1.0,1.0,1.0,1.0,1.0,1.0,1.0
a9a903fc372c5c31,2021.10.05.07.10.04_veh-52_00252_00406,True,1.0,1.0,0.7425470300240751,1.0,1.0,1.0,0.892727929176698
c19c910d51a05b2b,2021.10.05.04.03.05_veh-50_01003_01426,True,1.0,1.0,0.6253571888095173,1.0,1.0,1.0,0.8438988286706323
b67e711c93bf51a4,2021.06.08.12.54.54_veh-26_01289_01417,True,1.0,1.0,0.7235570596077475,1.0,1.0,1.0,0.8848154415032282
3fdcbaf6a2bf5d73,2021.06.07.17.46.49_veh-35_04084_04828,True,1.0,1.0,1.0,1.0,1.0,1.0,1.0
92b6685ef05e5117,2021.09.14.16.46.51_veh-45_00149_00900,True,1.0,1.0,0.7324735941638253,1.0,1.0,1.0,0.8885306642349272
7a014eca03e55297,2021.08.09.17.55.59_veh-28_00320_00544,True,1.0,0.0,0.0,1.0,1.0,1.0,0.0
6664a79a3a795cd1,2021.08.24.17.01.06_veh-45_00228_00689,True,1.0,1.0,0.9107822776202427,1.0,1.0,1.0,0.9628259490084344
365ba1d90e9b5e70,2021.10.05.06.57.40_veh-50_01493_01624,True,1.0,1.0,0.6538858348790936,1.0,1.0,1.0,0.8557857645329556
49816c23e6215793,2021.08.24.14.25.28_veh-42_00333_00472,True,1.0,1.0,1.0,1.0,1.0,1.0,1.0
426709c0ebdb5c89,2021.10.05.06.31.40_veh-52_00465_00713,True,1.0,1.0,0.7674739759733787,1.0,1.0,1.0,0.9031141566555746
5566038d7b605617,2021.10.05.04.38.41_veh-50_00753_00956,True,1.0,1.0,0.8031373552362255,1.0,1.0,1.0,0.9179738980150939
00ab4b38724e5f47,2021.06.08.18.18.30_veh-38_05578_05988,True,1.0,1.0,0.7521386386770197,1.0,1.0,1.0,0.8967244327820915
0212024f3ed154ac,2021.09.14.20.42.30_veh-45_00805_01078,True,1.0,1.0,0.8138128456968473,1.0,1.0,1.0,0.922422019040353
60eb3d13b49758b6,2021.07.24.22.52.16_veh-35_03236_04096,True,1.0,1.0,1.0,1.0,1.0,1.0,1.0
98a599f156b551a2,2021.08.31.18.15.54_veh-40_00038_00199,True,1.0,1.0,0.8198657569042759,1.0,1.0,1.0,0.9249440653767816
17289b9ef04c57ac,2021.08.31.16.37.21_veh-40_00798_00955,True,1.0,1.0,1.0,1.0,1.0,1.0,1.0
1c838161da32513a,2021.09.14.16.46.51_veh-45_00149_00900,True,1.0,0.0,0.0,1.0,1.0,1.0,0.0
7ef666e2075a5db5,2021.10.05.07.10.04_veh-52_00689_01322,True,1.0,1.0,1.0,1.0,1.0,1.0,1.0
c5a3e38086f851eb,2021.10.05.07.38.12_veh-50_01085_01463,True,1.0,1.0,0.7711017929754684,1.0,1.0,1.0,0.9046257470731117
2f860282bb065d95,2021.10.05.06.31.40_veh-52_00734_01305,True,1.0,1.0,0.5396570508849258,1.0,1.0,1.0,0.8081904378687191
bfcd42d6b08b5080,2021.08.31.11.47.30_veh-40_00393_00847,True,1.0,1.0,1.0,1.0,1.0,1.0,1.0
2262f222b07155db,2021.10.05.06.31.40_veh-52_00734_01305,True,1.0,1.0,0.6805701690223723,1.0,1.0,1.0,0.8669042370926552
d2133889d04e5f16,2021.10.05.06.31.40_veh-52_01316_01565,True,1.0,1.0,0.7646310275648331,1.0,1.0,1.0,0.9019295948186805
cc3d8bf2a6555e15,2021.10.05.04.03.05_veh-50_00058_00321,True,1.0,1.0,1.0,1.0,1.0,1.0,1.0
290874b67076528b,2021.08.09.18.37.41_veh-28_00053_00548,True,1.0,1.0,0.8653493823981516,1.0,1.0,1.0,0.9438955759992299
b65e09c4d8125da0,2021.10.05.08.11.15_veh-50_00970_01211,True,1.0,1.0,0.649760976639357,1.0,1.0,1.0,0.8540670735997321
9e5f2c6ec3e65aa8,2021.10.05.07.10.04_veh-52_00596_00663,True,1.0,1.0,1.0,1.0,1.0,1.0,1.0
da91d0f0035b59d3,2021.09.14.18.43.41_veh-45_01245_01529,True,1.0,1.0,1.0,1.0,1.0,1.0,1.0
57b0715a8155530c,2021.10.05.06.57.40_veh-50_01493_01624,True,1.0,1.0,0.8258408418243403,1.0,1.0,1.0,0.927433684093475
4cbaff8a149e5f71,2021.08.31.18.15.54_veh-40_00038_00199,True,1.0,1.0,0.9008384642186301,1.0,1.0,1.0,0.9586826934244291
e7cf057745c45054,2021.06.08.12.00.19_veh-35_05235_05578,True,1.0,1.0,1.0,1.0,1.0,1.0,1.0
b3587e161dc85358,2021.06.08.14.14.51_veh-35_00893_01188,True,1.0,1.0,0.8710312697662128,1.0,1.0,1.0,0.9462630290692554
c27fbd9c4be459ae,2021.08.09.18.37.41_veh-28_00053_00548,True,1.0,1.0,0.6108774015004425,1.0,1.0,1.0,0.8378655839585177
d5e23cc4aa835184,2021.06.07.12.54.00_veh-35_01843_02314,True,1.0,1.0,1.0,1.0,1.0,1.0,1.0
7c554f2629af5770,2021.09.14.16.46.51_veh-45_00149_00900,True,1.0,1.0,0.982144460267537,1.0,1.0,1.0,0.9925601917781405
c1119b7bb01d5a1d,2021.10.05.04.38.41_veh-50_00014_00429,True,1.0,1.0,0.525266935337114,1.0,1.0,1.0,0.8021945563904641
773a35771de759dd,2021.10.05.06.31.40_veh-52_00465_00713,True,1.0,1.0,0.6963130463741025,1.0,1.0,1.0,0.8734637693225427
e1f85e95103f588e,2021.06.07.17.46.49_veh-35_04839_05184,True,1.0,0.0,0.0,1.0,1.0,1.0,0.0
ceffa062463153a3,2021.10.05.04.03.05_veh-50_00058_00321,True,1.0,1.0,1.0,1.0,1.0,1.0,1.0
44dbdba9f1235c1d,2021.08.31.14.40.58_veh-40_01268_01618,True,1.0,1.0,0.9598411811788082,1.0,1.0,1.0,0.9832671588245034
91a574e45ce45658,2021.08.24.17.01.06_veh-45_00228_00689,True,1.0,0.0,0.0,1.0,1.0,0.5,0.0
49ce701ec7545e81,2021.08.31.17.42.52_veh-40_01033_01313,True,1.0,1.0,0.9491677247072182,1.0,1.0,1.0,0.9788198852946742
be5eec1e4bb15359,2021.06.07.13.53.57_veh-35_02489_03145,True,1.0,1.0,1.0,1.0,1.0,1.0,1.0
13b78096be325992,2021.10.05.08.11.15_veh-50_01222_01462,True,1.0,1.0,1.0,1.0,1.0,1.0,1.0
742324d8909c59b0,2021.10.05.04.38.41_veh-50_00753_00956,True,1.0,1.0,0.7280309816851059,1.0,1.0,1.0,0.8866795757021274
a4e3f3603b2952fb,2021.06.08.19.16.23_veh-26_00973_01139,True,1.0,1.0,0.689285922823103,1.0,1.0,1.0,0.870535801176293
fd439147cfcd53d3,2021.09.14.18.43.41_veh-45_00965_01195,True,1.0,1.0,0.7868722946979655,1.0,1.0,1.0,0.9111967894574856
6deeb11365945fb1,2021.10.05.04.03.05_veh-50_00648_00744,True,1.0,1.0,1.0,1.0,1.0,0.0,1.0
a4de6233fbe552e5,2021.06.07.13.53.57_veh-35_02489_03145,True,1.0,1.0,1.0,1.0,1.0,1.0,1.0
656c938e652e55f8,2021.06.07.13.53.57_veh-35_02489_03145,True,1.0,1.0,0.9201990046337639,1.0,1.0,1.0,0.9667495852640684
3609537de0105997,2021.10.05.08.11.15_veh-50_00163_00321,True,1.0,1.0,0.7474989557723893,1.0,1.0,1.0,0.8947912315718289
d6e6a774e1025ba3,2021.08.24.15.09.18_veh-45_00216_00862,True,1.0,1.0,0.7634370794272121,1.0,1.0,1.0,0.9014321164280051
1512207f510f55ad,2021.08.31.16.37.21_veh-40_01655_01736,True,1.0,1.0,1.0,0.0,1.0,1.0,0.5833333333333334
e216136c3cf2595f,2021.10.05.04.03.05_veh-50_01466_01790,True,1.0,1.0,0.9616493228082961,1.0,1.0,1.0,0.9840205511701233
4667f08908cc5ee6,2021.09.14.18.43.41_veh-45_02503_03013,True,1.0,1.0,0.8498265339813009,1.0,1.0,1.0,0.9374277224922087
fbf5b0da3ef6574e,2021.10.05.08.11.15_veh-50_01566_01801,True,1.0,1.0,0.7007706340150173,1.0,1.0,1.0,0.8753210975062572
55fa0f92201a5011,2021.08.24.14.35.46_veh-45_01568_01663,True,1.0,1.0,0.8658519549062099,1.0,1.0,1.0,0.9441049812109208
1215a1ddc3505fa7,2021.10.05.07.10.04_veh-52_00689_01322,True,1.0,1.0,0.6609041310953117,1.0,1.0,1.0,0.8587100546230465
0be55e66f8c258d8,2021.08.24.17.34.27_veh-45_01478_01553,True,1.0,1.0,1.0,1.0,1.0,1.0,1.0
4d662b889a905426,2021.10.05.06.24.06_veh-50_01420_01553,True,1.0,1.0,1.0,1.0,1.0,1.0,1.0
ba0d0bd008d55a1e,2021.06.07.18.53.26_veh-26_01208_01412,True,1.0,1.0,1.0,1.0,1.0,1.0,1.0
ff3bba0dd7d25848,2021.10.05.07.10.04_veh-52_01442_01802,True,1.0,1.0,0.762934026488731,1.0,1.0,1.0,0.9012225110369713
ae8cc27f85af5cf8,2021.06.07.19.29.59_veh-38_01025_01274,True,1.0,1.0,0.7755349094658829,1.0,1.0,1.0,0.9064728789441179
7f9c9b18c6765311,2021.10.05.06.24.06_veh-50_00717_01300,True,1.0,1.0,0.8056932330670543,1.0,1.0,1.0,0.9190388471112726
5fc75556062e5bdf,2021.06.08.14.14.51_veh-35_00893_01188,True,1.0,1.0,1.0,1.0,1.0,1.0,1.0
de21709e722d5d73,2021.10.05.06.57.40_veh-50_00485_00624,True,1.0,1.0,0.7930672141041227,1.0,1.0,1.0,0.9137780058767179
3818957d51785264,2021.06.07.17.46.49_veh-35_04084_04828,True,1.0,1.0,0.8218069185662468,1.0,1.0,1.0,0.9257528827359361
9a529e4b91e05065,2021.10.05.06.31.40_veh-52_00734_01305,True,1.0,1.0,0.6036030392001887,1.0,1.0,1.0,0.8348345996667453
81ea351d9261525e,2021.10.05.07.10.04_veh-52_00418_00563,True,1.0,1.0,0.7825276431482849,1.0,1.0,1.0,0.909386517978452
ec755c6407c85fa8,2021.10.05.04.38.41_veh-50_00014_00429,True,1.0,1.0,0.8829838306042971,1.0,1.0,1.0,0.9512432627517905
ad2d8addcf0a5a26,2021.10.05.06.57.40_veh-50_01131_01452,True,1.0,1.0,0.570982552138966,1.0,1.0,1.0,0.8212427300579025
f154d7cc016a59f9,2021.06.07.12.54.00_veh-35_01843_02314,True,1.0,1.0,0.7362851812203788,1.0,1.0,1.0,0.8901188255084911
32d0773ce4a157b8,2021.08.31.12.21.30_veh-40_00378_00527,True,1.0,1.0,1.0,1.0,1.0,1.0,1.0
d9b30e768bfa5627,2021.08.31.17.42.52_veh-40_01331_01444,True,1.0,1.0,1.0,1.0,1.0,1.0,1.0
27270e1628475dfa,2021.06.07.19.29.59_veh-38_01025_01274,True,1.0,1.0,1.0,1.0,1.0,1.0,1.0
607cad28b7815677,2021.10.05.07.10.04_veh-52_00689_01322,True,1.0,1.0,0.5330138618447084,1.0,1.0,1.0,0.8054224424352951
a88be30a95dd58fa,2021.10.05.06.31.40_veh-52_00734_01305,True,1.0,1.0,0.5631269358842295,1.0,1.0,1.0,0.817969556618429
b960d6fec51b52e3,2021.06.08.19.16.23_veh-26_00973_01139,True,1.0,1.0,0.709228283653722,1.0,1.0,1.0,0.878845118189051
ff6a2cfd0a5b5359,2021.06.07.18.53.26_veh-26_01208_01412,True,1.0,1.0,0.6552742222136494,1.0,1.0,1.0,0.8563642592556873
ca33689d1e20577c,2021.10.05.07.10.04_veh-52_00689_01322,True,1.0,1.0,0.7655774752248712,1.0,1.0,1.0,0.902323948010363
2e175ffcc2cd57ba,2021.10.05.08.11.15_veh-50_00163_00321,True,1.0,1.0,0.7559725779052447,1.0,1.0,1.0,0.8983219074605188
9efa7decf6d05acb,2021.08.31.12.21.30_veh-40_00538_00638,True,1.0,1.0,0.7352163079170282,1.0,1.0,1.0,0.889673461632095
9eb5eb9b81ff5d90,2021.08.24.17.37.11_veh-08_02359_02623,True,1.0,1.0,0.8564252675784042,0.0,1.0,1.0,0.5235105281576684
37bc68660a6c514a,2021.09.14.18.43.41_veh-45_00965_01195,True,1.0,1.0,0.7687679173253325,1.0,1.0,1.0,0.9036532988855552
ea55c11b526d5d47,2021.08.31.11.47.30_veh-40_01362_01737,True,1.0,1.0,0.7312512495161406,0.0,1.0,1.0,0.47135468729839197
0c73160f256755bb,2021.06.08.14.35.24_veh-26_02555_03004,True,1.0,1.0,1.0,1.0,1.0,1.0,1.0
4e2468074f7e5d57,2021.10.05.07.38.12_veh-50_00245_00433,True,1.0,1.0,0.7627715031651304,1.0,1.0,1.0,0.9011547929854711
8678265cea1d5642,2021.10.05.07.38.12_veh-50_01477_01565,True,1.0,1.0,0.6607202338620479,1.0,1.0,1.0,0.8586334307758533
db31d2fef6055e49,2021.06.07.13.53.57_veh-35_02489_03145,True,1.0,1.0,1.0,1.0,1.0,1.0,1.0
d9103b165da15045,2021.08.24.17.34.27_veh-45_01478_01553,True,1.0,1.0,1.0,1.0,1.0,1.0,1.0
56604a00d66752a3,2021.08.31.18.15.54_veh-40_01143_01496,True,1.0,1.0,0.7195573808342884,1.0,1.0,1.0,0.8831489086809535
9fb488f9610b5496,2021.06.07.13.53.57_veh-35_02489_03145,True,1.0,1.0,0.81256663472076,1.0,1.0,1.0,0.9219027644669833
ed589b058ca85557,2021.08.31.11.47.30_veh-40_00393_00847,True,1.0,1.0,0.6872178338521111,1.0,1.0,1.0,0.8696740974383795
6e2b0e92a2ea58ee,2021.06.07.19.29.59_veh-38_01025_01274,True,1.0,1.0,1.0,1.0,1.0,1.0,1.0
79f5494df0175cec,2021.06.08.17.25.03_veh-35_02448_02655,True,1.0,1.0,0.9126728489766683,1.0,1.0,1.0,0.9636136870736118
85c2d6d9d4af5977,2021.06.07.12.42.11_veh-38_03254_03455,True,1.0,1.0,0.6308553265385527,1.0,1.0,1.0,0.8461897193910636
a920a7e8d7665ed6,2021.10.05.07.10.04_veh-52_01442_01802,True,1.0,1.0,0.7551766609583387,1.0,1.0,1.0,0.8979902753993079
32edf7befc415406,2021.10.05.08.11.15_veh-50_00163_00321,True,1.0,1.0,0.7622001186138152,1.0,1.0,1.0,0.9009167160890897
9f9596eee8065c78,2021.08.24.17.01.06_veh-45_00228_00689,True,1.0,1.0,0.9379073275333238,1.0,1.0,1.0,0.9741280531388851
bb94cce50c7a53c8,2021.08.31.14.40.58_veh-40_01022_01255,True,1.0,1.0,0.8674173327920515,1.0,1.0,1.0,0.9447572219966881
528d36356ecb53af,2021.06.07.17.46.49_veh-35_04084_04828,True,1.0,1.0,1.0,1.0,1.0,1.0,1.0
af7046ec22c15434,2021.07.24.20.37.45_veh-17_00015_00375,True,1.0,1.0,0.9700044070318401,1.0,1.0,1.0,0.9875018362632667
26f08ff3961d5a10,2021.08.31.12.54.56_veh-40_00725_00909,True,1.0,1.0,0.7074003312382868,1.0,1.0,1.0,0.8780834713492861
71f4d318c0155ded,2021.08.31.13.27.52_veh-40_00186_00414,True,1.0,1.0,1.0,1.0,1.0,1.0,1.0
1e6da03d5d25541b,2021.08.31.11.47.30_veh-40_01146_01347,True,1.0,1.0,0.9059569026215684,1.0,1.0,1.0,0.9608153760923202
dedd287df867592a,2021.08.31.11.47.30_veh-40_01362_01737,True,1.0,1.0,0.8514439034661867,1.0,1.0,1.0,0.9381016264442446
84a75bd34f09578b,2021.06.07.19.29.59_veh-38_00474_00922,True,1.0,1.0,0.6769346555243051,1.0,1.0,1.0,0.8653894398017937
916346f483d65284,2021.10.05.07.10.04_veh-52_00689_01322,True,1.0,1.0,0.5899370269170653,1.0,1.0,1.0,0.8291404278821105
861e54d703ff5462,2021.06.07.19.29.59_veh-38_01025_01274,True,1.0,1.0,1.0,1.0,1.0,1.0,1.0
fb5943411cd45bf6,2021.10.05.04.03.05_veh-50_01466_01790,True,1.0,1.0,0.5220277903666223,1.0,1.0,1.0,0.8008449126527593
60663e5fb0b652d0,2021.08.31.12.21.30_veh-40_00378_00527,True,1.0,1.0,1.0,1.0,1.0,1.0,1.0
fca5b0316a54508a,2021.10.05.04.38.41_veh-50_00014_00429,True,1.0,1.0,0.5539670966478732,1.0,1.0,1.0,0.8141529569366138
8635835ce3a05e8f,2021.08.24.15.09.18_veh-45_00216_00862,True,1.0,1.0,0.8323436101331693,1.0,1.0,1.0,0.9301431708888206
24d8483d9ae4595c,2021.09.14.20.42.30_veh-45_00805_01078,True,1.0,1.0,1.0,1.0,1.0,1.0,1.0
93abcbe32b3752e3,2021.06.07.19.43.00_veh-35_02298_02525,True,1.0,1.0,0.6400194578769473,1.0,1.0,1.0,0.850008107448728
f85c8fae001c55b2,2021.06.08.12.54.54_veh-26_02994_03970,True,1.0,1.0,0.8180550050911486,1.0,1.0,1.0,0.9241895854546452
cfc58082fd75532a,2021.10.05.07.10.04_veh-52_00689_01322,True,1.0,1.0,0.7301188945081841,1.0,1.0,1.0,0.88754953937841
511fce263bb15ad7,2021.06.08.12.00.19_veh-35_05235_05578,True,1.0,1.0,0.7306807034932147,1.0,1.0,1.0,0.8877836264555062
8b22fdf52d9e57da,2021.08.31.16.37.21_veh-40_00554_00733,True,0.0,1.0,0.0,0.0,1.0,1.0,0.0
dfd2bd27d38a52c6,2021.06.08.14.14.51_veh-35_00893_01188,True,1.0,1.0,1.0,1.0,1.0,1.0,1.0
e780285dadea5cdb,2021.08.31.12.54.56_veh-40_00305_00667,True,1.0,1.0,0.964014617320011,1.0,1.0,1.0,0.9850060905500045
c5faccfd97d157c7,2021.06.08.14.14.51_veh-35_01508_01763,True,1.0,1.0,0.7152320965759722,1.0,1.0,1.0,0.8813467069066551
2daf5c5381915d32,2021.08.31.18.15.54_veh-40_00579_00980,True,1.0,1.0,1.0,1.0,1.0,1.0,1.0
5e516edc25b65483,2021.06.07.19.43.00_veh-35_02298_02525,True,1.0,1.0,0.8092991248022237,1.0,1.0,1.0,0.9205413020009265
651a9d71f6fc5be0,2021.08.31.18.15.54_veh-40_00038_00199,True,1.0,1.0,0.7999951820214449,1.0,1.0,1.0,0.916664659175602
689a839ed6ae5083,2021.10.05.06.31.40_veh-52_01598_02013,True,1.0,1.0,0.7609837258342568,1.0,1.0,1.0,0.9004098857642736
bf1de203193d5535,2021.10.05.08.11.15_veh-50_00970_01211,True,1.0,1.0,0.70890551696235,1.0,1.0,1.0,0.8787106320676458
bbe8c94bc903528d,2021.08.31.14.40.58_veh-40_00467_00668,True,1.0,1.0,1.0,1.0,1.0,0.0,1.0
47862b0eca5b5da2,2021.10.05.06.31.40_veh-52_01598_02013,True,1.0,0.0,0.0,1.0,1.0,1.0,0.0
a08a7846202d5352,2021.08.31.14.40.58_veh-40_00679_00892,True,1.0,1.0,1.0,1.0,1.0,1.0,1.0
fe1281c351a55c09,2021.06.08.12.00.19_veh-35_02135_02369,True,1.0,1.0,1.0,1.0,1.0,1.0,1.0
38df0f02f3f85d8f,2021.08.31.18.15.54_veh-40_01143_01496,True,1.0,1.0,0.7658726892799917,0.0,1.0,1.0,0.48578028719999655
6a8eec69b45f50d0,2021.08.24.14.25.28_veh-42_00333_00472,True,1.0,1.0,0.8257483726743068,1.0,1.0,1.0,0.9273951552809612
240a2457b392539b,2021.06.08.17.36.50_veh-26_05134_05378,True,1.0,1.0,0.9712979583974116,1.0,1.0,1.0,0.9880408159989216
eb4d6a0aa63a5582,2021.08.24.17.01.06_veh-45_01557_01681,True,1.0,1.0,0.878256305511496,1.0,1.0,1.0,0.94927346062979
223c47176e6057f5,2021.06.08.18.59.48_veh-12_03122_03677,True,1.0,1.0,0.6783531708640986,1.0,1.0,1.0,0.8659804878600411
558a5b88987f54f7,2021.09.14.18.43.41_veh-45_00965_01195,True,1.0,1.0,0.7823119704037966,1.0,1.0,1.0,0.9092966543349151
bfecb44804e95610,2021.08.31.16.37.21_veh-40_00429_00541,True,1.0,1.0,0.8073997182893546,1.0,1.0,1.0,0.9197498826205645
626f6c6b901a597a,2021.06.07.17.46.49_veh-35_02607_03120,True,1.0,1.0,0.9807318471241392,1.0,1.0,1.0,0.9919716029683913
427924f217ea5f49,2021.10.05.04.03.05_veh-50_01466_01790,True,1.0,0.0,0.0,1.0,1.0,1.0,0.0
35f809ef41ee5606,2021.10.05.07.10.04_veh-52_01442_01802,True,1.0,1.0,0.8315549294695666,1.0,1.0,1.0,0.9298145539456527
808e97fcfcd753dc,2021.10.05.07.49.39_veh-52_01417_01574,True,1.0,1.0,0.6201781611369862,1.0,1.0,1.0,0.8417409004737442
4c58f7d8218251d0,2021.10.05.08.11.15_veh-50_00710_00903,True,1.0,1.0,1.0,1.0,1.0,1.0,1.0
dc4919ddd431581d,2021.10.05.04.03.05_veh-50_01466_01790,True,1.0,1.0,1.0,1.0,1.0,0.5,1.0
28f69ab0b4cb5346,2021.08.31.14.40.58_veh-40_00467_00668,True,1.0,1.0,0.8426674123167914,1.0,1.0,1.0,0.9344447551319964
39c27223ad3a5d5c,2021.06.07.17.46.49_veh-35_04839_05184,True,1.0,1.0,1.0,1.0,1.0,1.0,1.0
2f4357197a8957e9,2021.08.24.17.37.11_veh-08_02359_02623,True,1.0,1.0,1.0,1.0,1.0,1.0,1.0
f42dcf82749e5653,2021.06.07.11.59.52_veh-35_02283_02464,True,1.0,1.0,1.0,1.0,1.0,1.0,1.0
080f3750b4ae53fa,2021.06.08.16.31.33_veh-38_00015_00262,True,1.0,1.0,1.0,1.0,1.0,1.0,1.0
a5ca5978825c5d71,2021.08.31.11.47.30_veh-40_01146_01347,True,1.0,1.0,0.6879221550698108,1.0,1.0,1.0,0.8699675646124212
c7a77d4978a15fd9,2021.08.24.15.09.18_veh-45_00216_00862,True,1.0,1.0,1.0,1.0,1.0,1.0,1.0
5714c8c971fc58e0,2021.09.14.16.46.51_veh-45_00149_00900,True,1.0,1.0,0.7355971282157098,1.0,1.0,1.0,0.8898321367565458
caeef83cf0c552c7,2021.10.05.06.57.40_veh-50_00485_00624,True,1.0,1.0,0.7312098387145737,1.0,1.0,1.0,0.8880040994644057
c34bff3390275370,2021.06.08.12.54.54_veh-26_00015_00507,True,1.0,1.0,1.0,1.0,1.0,1.0,1.0
94e9664fcf2d5f9e,2021.06.07.17.46.49_veh-35_04839_05184,True,1.0,1.0,1.0,1.0,1.0,1.0,1.0
dcf1485b15a758e9,2021.08.24.15.09.18_veh-45_00216_00862,True,1.0,1.0,0.8364204843599076,1.0,1.0,1.0,0.9318418684832949
434ba2582b4a57d3,2021.10.05.06.24.06_veh-50_00431_00527,True,1.0,1.0,0.6357126225545544,1.0,1.0,1.0,0.8482135927310642
71281ce8f1305d51,2021.06.07.11.59.52_veh-35_02283_02464,True,1.0,1.0,0.8712116350488036,1.0,1.0,1.0,0.946338181270335
578aaaaef50350d6,2021.10.05.06.31.40_veh-52_01598_02013,True,1.0,1.0,0.7226005637417381,1.0,1.0,1.0,0.8844169015590575
3ebb0ad535d45630,2021.10.05.07.38.12_veh-50_00245_00433,True,1.0,1.0,0.6864694056466183,1.0,1.0,1.0,0.8693622523527577
ec19ebdee21159e6,2021.06.07.13.53.57_veh-35_02489_03145,True,1.0,1.0,1.0,1.0,1.0,1.0,1.0
133d2532f35f564d,2021.06.07.18.53.26_veh-26_00005_00427,True,1.0,1.0,0.8517465001821831,1.0,1.0,1.0,0.9382277084092431
a3d6a8eac0755afe,2021.08.31.11.47.30_veh-40_00393_00847,True,1.0,1.0,0.9297400144952178,1.0,1.0,1.0,0.970725006039674
f8b378cbb2185bc1,2021.10.05.06.31.40_veh-52_00734_01305,True,1.0,1.0,0.8046879500235049,1.0,1.0,1.0,0.9186199791764604
acfc271e3c3d58fa,2021.08.24.17.37.11_veh-08_02359_02623,True,1.0,1.0,0.8697184623578833,1.0,1.0,1.0,0.9457160259824514
601d887023195139,2021.10.05.06.31.40_veh-52_00465_00713,True,1.0,1.0,0.7533435689919137,1.0,1.0,1.0,0.8972264870799641
b5edb24338445523,2021.08.24.18.30.46_veh-08_01985_02093,True,0.0,1.0,0.0,0.0,1.0,1.0,0.0
d2d8d99939af58d8,2021.08.24.15.09.18_veh-45_00216_00862,True,1.0,1.0,0.7056474864837531,1.0,1.0,1.0,0.8773531193682306
5ae78bc8a27a510a,2021.06.08.14.35.24_veh-26_01989_02235,True,1.0,1.0,0.7073865257460428,1.0,1.0,1.0,0.8780777190608511
622b0402246e5a04,2021.08.31.18.15.54_veh-40_01010_01094,True,1.0,1.0,0.7689515319053724,1.0,1.0,1.0,0.9037298049605719
ad8389a666c651bf,2021.10.05.04.38.41_veh-50_00014_00429,True,1.0,1.0,0.6851934102825192,1.0,1.0,1.0,0.8688305876177163
fab5f4ea8b075873,2021.10.05.07.10.04_veh-52_00689_01322,True,1.0,1.0,0.8031221076329758,1.0,1.0,1.0,0.9179675448470732
b76ae21a3d005d62,2021.06.08.12.54.54_veh-26_02323_02479,True,1.0,1.0,1.0,1.0,1.0,1.0,1.0
ce3df1b3b5d85405,2021.10.05.07.38.12_veh-50_01085_01463,True,1.0,1.0,0.7576277877800176,1.0,1.0,1.0,0.899011578241674
a2be5276d9845c57,2021.06.07.18.53.26_veh-26_00005_00427,True,1.0,1.0,1.0,1.0,1.0,1.0,1.0
b34272d337d350d2,2021.10.05.07.38.12_veh-50_01085_01463,True,1.0,1.0,0.5368271421423407,1.0,1.0,1.0,0.8070113092259753
53880c7e22d553b5,2021.10.05.06.31.40_veh-52_01598_02013,True,1.0,1.0,0.7625686355519228,1.0,1.0,1.0,0.9010702648133012
52151396392d59ec,2021.06.07.19.43.00_veh-35_01782_01986,True,1.0,1.0,1.0,1.0,1.0,1.0,1.0
5bf7a15f79705497,2021.08.31.14.01.15_veh-40_00304_00384,True,1.0,1.0,0.7978111761741881,1.0,1.0,1.0,0.9157546567392449
71296b1b915d5d3e,2021.08.31.12.54.56_veh-40_01056_01183,True,1.0,1.0,0.8272312018492602,1.0,1.0,1.0,0.9280130007705251
48bf69aa16e85454,2021.06.07.19.29.59_veh-38_01025_01274,True,1.0,0.0,0.0,1.0,1.0,1.0,0.0
796698f0fd7d53c5,2021.10.05.07.38.12_veh-50_00132_00234,True,1.0,1.0,0.6597838577340599,1.0,1.0,0.5,0.8582432740558583
b9138f9ae7455293,2021.10.05.06.24.06_veh-50_01420_01553,True,1.0,1.0,0.6144553004804633,1.0,1.0,1.0,0.839356375200193
37b400904c355977,2021.08.31.11.47.30_veh-40_00393_00847,True,1.0,1.0,0.9456570755762946,1.0,1.0,1.0,0.9773571148234561
dba30c7028f85a35,2021.10.05.08.11.15_veh-50_00970_01211,True,1.0,1.0,0.86712716856664,1.0,1.0,1.0,0.9446363202360999
26b7cc5b93125dd9,2021.10.05.06.57.40_veh-50_00940_01105,True,1.0,1.0,0.7130480147329608,1.0,1.0,1.0,0.8804366728054003
d9ce4cf1a8b45e29,2021.10.05.08.11.15_veh-50_00970_01211,True,1.0,1.0,0.7280578250406051,1.0,1.0,1.0,0.8866907604335855
5ad9e7defd1150e4,2021.10.05.08.11.15_veh-50_00437_00585,True,1.0,1.0,0.7750853268796686,1.0,1.0,1.0,0.9062855528665286
345a7793c32e596c,2021.06.07.12.42.11_veh-38_01777_02078,True,1.0,1.0,0.9004762832005135,1.0,1.0,1.0,0.9585317846668806
9ef12559a8025bb7,2021.06.08.12.00.19_veh-35_01722_02119,True,1.0,1.0,0.7250022351754639,1.0,1.0,1.0,0.8854175979897766
499d1c77ce2a5fcc,2021.07.24.20.37.45_veh-17_00015_00375,True,1.0,1.0,1.0,1.0,1.0,1.0,1.0
ba474de5edb5570b,2021.08.31.16.37.21_veh-40_00429_00541,True,1.0,1.0,0.7561054938779204,1.0,1.0,1.0,0.8983772891158002
c66d6879aad6557c,2021.08.31.11.47.30_veh-40_00393_00847,True,1.0,1.0,0.87045752966058,1.0,1.0,1.0,0.9460239706919084
4cb9c9024cfa51ee,2021.10.05.07.10.04_veh-52_00689_01322,True,1.0,1.0,0.7836819644204266,1.0,1.0,1.0,0.9098674851751777
e24490b9088d5d41,2021.08.31.18.15.54_veh-40_00227_00324,True,1.0,1.0,0.8053739471024096,1.0,1.0,1.0,0.9189058112926706
4a067beb32265cea,2021.10.05.06.57.40_veh-50_00665_00857,True,1.0,1.0,0.7739140629157504,1.0,1.0,1.0,0.905797526214896
cfc3560a41cf516d,2021.09.14.19.46.05_veh-45_01937_02119,True,1.0,1.0,0.7306896143706444,1.0,1.0,1.0,0.8877873393211019
e2fc760c249357a0,2021.09.14.16.46.51_veh-45_00149_00900,True,1.0,1.0,1.0,1.0,1.0,1.0,1.0
81ed3a739e965f0e,2021.08.24.17.01.06_veh-45_00228_00689,True,1.0,0.0,0.0,1.0,1.0,1.0,0.0
5806ea07c72258db,2021.06.07.17.48.02_veh-38_01949_02085,True,1.0,1.0,0.47142154155207644,1.0,1.0,1.0,0.7797589756466986
cf5eff340795541a,2021.10.05.07.10.04_veh-52_00689_01322,True,1.0,1.0,0.7703124292987618,1.0,1.0,1.0,0.9042968455411508
971a3927300d5c9f,2021.10.05.06.31.40_veh-52_01316_01565,True,1.0,1.0,0.9514504687594239,1.0,1.0,1.0,0.97977102864976
1a2a791565385cf6,2021.10.05.06.31.40_veh-52_01598_02013,True,1.0,1.0,0.7838015933449193,1.0,1.0,1.0,0.909917330560383
27a0ed357788574f,2021.10.05.04.38.41_veh-50_00753_00956,True,1.0,1.0,0.72278016968029,1.0,1.0,1.0,0.8844917373667874
2d4bd54d83735ae3,2021.10.05.07.49.39_veh-52_00563_00680,True,1.0,0.0,0.0,1.0,1.0,1.0,0.0
69d7e005d26459f9,2021.10.05.07.38.12_veh-50_01085_01463,True,1.0,1.0,0.7982168488878423,1.0,1.0,1.0,0.9159236870366009
b0f383ef95565346,2021.06.08.17.36.50_veh-26_03873_04225,True,1.0,1.0,0.8226849765548894,1.0,1.0,1.0,0.9261187402312038
ea573171fd53572a,2021.08.31.11.47.30_veh-40_00248_00376,True,1.0,1.0,1.0,1.0,1.0,1.0,1.0
d08743a41ea75acb,2021.07.24.22.52.16_veh-35_03236_04096,True,1.0,1.0,0.9162079573373788,0.0,1.0,1.0,0.5484199822239079
aab26f52c2a153f1,2021.08.31.16.37.21_veh-40_00554_00733,True,1.0,1.0,0.8404690451920099,1.0,1.0,1.0,0.9335287688300041
42d0ebfe280c51d8,2021.07.24.16.07.03_veh-35_01649_01813,True,1.0,1.0,1.0,1.0,1.0,1.0,1.0
bfe3c1a05659549c,2021.10.05.04.03.05_veh-50_01466_01790,True,1.0,1.0,0.6789091611746287,1.0,1.0,1.0,0.8662121504894286
3de80a41d5fe5a5c,2021.10.05.07.38.12_veh-50_01477_01565,True,1.0,1.0,0.8850082830792108,1.0,1.0,1.0,0.9520867846163378
5139d7733dbb5823,2021.06.08.17.25.03_veh-35_03522_03716,True,1.0,1.0,0.8978341835810073,1.0,1.0,1.0,0.9574309098254198
6c11425a442754a9,2021.10.05.06.31.40_veh-52_00465_00713,True,1.0,1.0,0.7057601069767006,1.0,1.0,1.0,0.8774000445736253
327a90d1864f5641,2021.06.08.14.14.51_veh-35_00893_01188,True,1.0,1.0,1.0,1.0,1.0,1.0,1.0
52a53c5da4ec5439,2021.08.24.14.35.46_veh-45_00011_00162,True,1.0,1.0,1.0,1.0,1.0,0.5,1.0
783d09909af65060,2021.06.08.12.54.54_veh-26_02994_03970,True,1.0,1.0,1.0,1.0,1.0,1.0,1.0
f1b09c33b71057bc,2021.08.24.15.09.18_veh-45_00216_00862,True,1.0,1.0,0.8677747019814621,1.0,1.0,1.0,0.9449061258256092
21412dd0c5f95d12,2021.09.14.18.43.41_veh-45_00965_01195,True,1.0,0.0,0.0,1.0,1.0,0.5,0.0
50053bb09d465c05,2021.10.05.07.10.04_veh-52_01442_01802,True,1.0,1.0,0.7925876594251234,1.0,1.0,1.0,0.9135781914271348
d1198dd21c545ff5,2021.07.24.22.52.16_veh-35_03236_04096,True,1.0,1.0,1.0,1.0,1.0,1.0,1.0
e2af295ac6bc54a4,2021.06.07.18.53.26_veh-26_01208_01412,True,1.0,1.0,0.8477967436613683,1.0,1.0,1.0,0.9365819765255701
410fac99463459e6,2021.10.05.06.24.06_veh-50_00021_00383,True,1.0,1.0,1.0,1.0,1.0,1.0,1.0
26683d642cdf5054,2021.08.31.17.42.52_veh-40_01033_01313,True,1.0,1.0,1.0,1.0,1.0,1.0,1.0
4326e315f8905575,2021.10.05.04.03.05_veh-50_00648_00744,True,1.0,1.0,0.6470723153155381,1.0,1.0,1.0,0.852946798048141
8664369108db5074,2021.06.08.12.00.19_veh-35_04422_04725,True,1.0,1.0,1.0,1.0,1.0,1.0,1.0
173150696655567d,2021.06.07.17.46.49_veh-35_04084_04828,True,1.0,1.0,0.842792298116483,1.0,1.0,1.0,0.9344967908818679
b01817e54439569d,2021.10.05.07.49.39_veh-52_00934_01406,True,1.0,1.0,0.6819206381020047,1.0,1.0,1.0,0.8674669325425018
ec54c6c5ee575fee,2021.10.05.06.31.40_veh-52_01316_01565,True,1.0,1.0,0.6891570428161606,1.0,1.0,1.0,0.8704821011734003
e55ecf900bd05f47,2021.06.07.17.46.49_veh-35_04084_04828,True,1.0,1.0,0.8326398638042745,1.0,1.0,1.0,0.9302666099184478
d9b2dbf5bef257e0,2021.06.07.13.53.57_veh-35_02489_03145,True,1.0,1.0,0.8265902337041527,1.0,1.0,1.0,0.9277459307100636
75eb588f0c6856e9,2021.07.24.22.52.16_veh-35_03236_04096,True,1.0,1.0,0.8353211583516509,1.0,1.0,1.0,0.9313838159798545
69fa3b4992425676,2021.10.05.04.38.41_veh-50_00014_00429,True,1.0,1.0,0.7866959005332966,1.0,1.0,1.0,0.9111232918888735
376e6ff7eccf5572,2021.06.08.16.31.33_veh-38_01589_02072,True,1.0,1.0,1.0,1.0,1.0,1.0,1.0
fa200afdc9df50ca,2021.06.07.17.46.49_veh-35_04084_04828,True,1.0,1.0,1.0,1.0,1.0,1.0,1.0
762e8a92778d5b8b,2021.10.05.08.11.15_veh-50_00970_01211,True,1.0,0.0,0.0,1.0,1.0,1.0,0.0
2d691535f7bb5d1a,2021.08.24.14.35.46_veh-45_01568_01663,True,1.0,1.0,0.9530050751337668,1.0,1.0,1.0,0.9804187813057362
c0671dca6d7e5c87,2021.10.05.07.10.04_veh-52_00418_00563,True,1.0,1.0,0.7273063735676726,1.0,1.0,1.0,0.8863776556531969
243442bb80c35079,2021.06.08.17.36.50_veh-26_03873_04225,True,1.0,1.0,0.9096206002308742,0.0,1.0,1.0,0.5456752500961976
635b5ea1d13f5017,2021.06.08.12.54.54_veh-26_02994_03970,True,1.0,1.0,1.0,0.0,1.0,1.0,0.5833333333333334
177d18b6a36d5a2f,2021.10.05.08.11.15_veh-50_00970_01211,True,1.0,1.0,1.0,1.0,1.0,1.0,1.0
03024f18a373536c,2021.10.05.04.38.41_veh-50_00014_00429,True,1.0,1.0,1.0,1.0,1.0,1.0,1.0
61300f5b34a65e7c,2021.08.31.11.47.30_veh-40_01146_01347,True,1.0,1.0,0.8415396556369324,1.0,1.0,1.0,0.9339748565153885
ca70c4777b4e578d,2021.10.05.06.24.06_veh-50_01566_01672,True,1.0,1.0,0.7040722828492427,1.0,1.0,1.0,0.8766967845205178
c4d93843c02a56df,2021.10.05.07.38.12_veh-50_01085_01463,True,1.0,1.0,0.7457336514884237,1.0,1.0,1.0,0.8940556881201766
1d398d0a1dcb5992,2021.08.24.17.01.06_veh-45_00228_00689,True,1.0,0.0,0.0,1.0,1.0,1.0,0.0
ceb16c2c18d252f3,2021.08.31.14.01.15_veh-40_01576_01714,True,1.0,1.0,0.7590418761174001,1.0,1.0,1.0,0.8996007817155833
570a967269335f31,2021.08.24.17.01.06_veh-45_00228_00689,True,1.0,1.0,0.9388533945294439,1.0,1.0,1.0,0.9745222477206017
5d5971cc468954e3,2021.08.31.14.01.15_veh-40_01576_01714,True,1.0,1.0,0.7702104204885691,1.0,1.0,1.0,0.9042543418702372
997185fb884c58cb,2021.10.05.04.38.41_veh-50_00576_00721,True,1.0,1.0,0.7821669522294235,1.0,1.0,1.0,0.9092362300955932
b6d6c440ce6b5ec1,2021.09.14.18.43.41_veh-45_00885_00952,True,1.0,1.0,0.8209147911508373,1.0,1.0,1.0,0.9253811629795156
2a2c7d3f8c775f43,2021.10.05.07.38.12_veh-50_01477_01565,True,1.0,1.0,0.8819002698795265,1.0,1.0,1.0,0.9507917791164694
a8c24efacdfc5440,2021.08.31.17.42.52_veh-40_01331_01444,True,1.0,1.0,0.8417161854319746,1.0,1.0,1.0,0.934048410596656
ce94cbedb45559ba,2021.08.24.18.30.46_veh-08_02327_02583,True,1.0,1.0,0.8645680000225026,1.0,1.0,1.0,0.9435700000093762
c9d21e962f775d5c,2021.06.08.12.54.54_veh-26_02994_03970,True,1.0,1.0,0.8423792844503529,1.0,1.0,1.0,0.9343247018543138
2fe38f52136155dc,2021.10.05.07.10.04_veh-52_01442_01802,True,1.0,1.0,0.6064646229400384,1.0,1.0,1.0,0.8360269262250161
4b5e7071e6dc5b10,2021.10.05.04.03.05_veh-50_00058_00321,True,1.0,1.0,0.6670659806180489,1.0,1.0,1.0,0.861277491924187
cc2a583247c05212,2021.08.31.14.40.58_veh-40_01268_01618,True,1.0,1.0,0.84896338136192,1.0,1.0,1.0,0.9370680755674666
126cff95213256dd,2021.08.31.17.42.52_veh-40_01033_01313,True,1.0,1.0,0.870113431060996,1.0,1.0,1.0,0.945880596275415
ad06d63055625740,2021.09.14.18.43.41_veh-45_01245_01529,True,1.0,1.0,0.9609812777141093,1.0,1.0,1.0,0.9837421990475456
63dba72e8f495536,2021.06.07.19.43.00_veh-35_02298_02525,True,1.0,1.0,0.6031424155381416,1.0,1.0,1.0,0.8346426731408924
07ddd211494e5080,2021.10.05.07.38.12_veh-50_01085_01463,True,1.0,1.0,0.7778637996636939,0.0,1.0,1.0,0.4907765831932058
c81512d93419558b,2021.06.08.14.35.24_veh-26_02555_03004,True,1.0,1.0,1.0,1.0,1.0,1.0,1.0
0a339cf8a4945c2e,2021.08.31.17.42.52_veh-40_01033_01313,True,1.0,1.0,0.9592953375874517,1.0,1.0,1.0,0.9830397239947715
393f663e1fa05ed9,2021.10.05.07.38.12_veh-50_01085_01463,True,1.0,1.0,0.8440964600771931,1.0,1.0,1.0,0.9350401916988305
24531603f9315046,2021.10.05.08.11.15_veh-50_00437_00585,True,1.0,1.0,0.7714627861619408,1.0,1.0,1.0,0.9047761609008086
d9c3d527fc9d52f1,2021.06.08.12.54.54_veh-26_00733_00983,True,1.0,1.0,1.0,1.0,1.0,1.0,1.0
3c67272121df5b60,2021.09.14.18.43.41_veh-45_00965_01195,True,1.0,1.0,0.720114883066761,1.0,1.0,1.0,0.883381201277817
70b907a7b43c5055,2021.07.24.22.52.16_veh-35_03236_04096,True,1.0,1.0,0.8982903742274244,1.0,1.0,1.0,0.9576209892614269
a9f75bf37b765c1c,2021.10.05.07.10.04_veh-52_01442_01802,True,1.0,1.0,1.0,1.0,1.0,1.0,1.0
d56f1bd2c57d5d53,2021.06.07.19.43.00_veh-35_01782_01986,True,1.0,0.0,0.0,1.0,1.0,1.0,0.0
3bca1e3649f95fef,2021.06.07.17.46.49_veh-35_02607_03120,True,1.0,1.0,1.0,1.0,1.0,1.0,1.0
08483deb309e5072,2021.08.24.18.30.46_veh-08_02327_02583,True,1.0,1.0,0.8558995470978104,1.0,1.0,1.0,0.9399581446240877
a36d7d6f401756f9,2021.08.24.17.34.27_veh-45_01478_01553,True,1.0,0.0,0.0,1.0,1.0,1.0,0.0
be953b8946605cca,2021.10.05.08.11.15_veh-50_00710_00903,True,1.0,1.0,0.620917035308227,1.0,1.0,1.0,0.8420487647117613
fa743eef744f5796,2021.10.05.06.24.06_veh-50_00431_00527,True,1.0,1.0,0.5799826695581294,1.0,1.0,1.0,0.824992778982554
48e68c9f31715b26,2021.10.05.07.10.04_veh-52_01442_01802,True,1.0,1.0,0.5419169156980653,1.0,1.0,0.0,0.8091320482075273
6004a9437ebd5d7a,2021.10.05.07.38.12_veh-50_01085_01463,True,1.0,1.0,0.7409035068421533,1.0,1.0,1.0,0.8920431278508972
f099d8ed9bcf5224,2021.06.08.17.25.03_veh-35_03522_03716,True,1.0,1.0,0.8535043606442514,1.0,1.0,1.0,0.938960150268438
3a77b3e1683153ea,2021.10.05.07.10.04_veh-52_00689_01322,True,1.0,1.0,0.7892146627277391,1.0,1.0,1.0,0.912172776136558
d40004df9387577f,2021.10.05.07.38.12_veh-50_01085_01463,True,1.0,0.0,0.0,1.0,1.0,1.0,0.0
f9f1c28093225243,2021.08.09.17.55.59_veh-28_00320_00544,True,1.0,1.0,0.781612440145189,1.0,1.0,1.0,0.9090051833938287
590d80176e7658e3,2021.10.05.06.57.40_veh-50_00665_00857,True,1.0,1.0,0.829412058366821,1.0,1.0,1.0,0.9289216909861754
8bc126f47cd85573,2021.10.05.06.31.40_veh-52_01598_02013,True,1.0,1.0,0.7431722774625024,1.0,1.0,1.0,0.8929884489427092
923581e0129a5b08,2021.08.31.12.54.56_veh-40_00305_00667,True,1.0,1.0,0.8093198697722357,0.0,1.0,1.0,0.5038832790717649
6bfdc0c9c0ed5f5a,2021.10.05.07.38.12_veh-50_00898_01058,True,1.0,1.0,0.6592054432767274,1.0,1.0,1.0,0.8580022680319698
4f9447e027b55b6f,2021.06.08.16.31.33_veh-38_01589_02072,True,1.0,1.0,0.8149812392482321,1.0,1.0,0.5,0.9229088496867633
dbaafb995f6a530e,2021.10.05.07.49.39_veh-52_00934_01406,True,1.0,1.0,1.0,1.0,1.0,1.0,1.0
3540cd6d18ab5857,2021.08.31.14.40.58_veh-40_00125_00269,True,1.0,1.0,0.8662574221761233,1.0,1.0,1.0,0.944273925906718
e1d845f0d8ae59ae,2021.10.05.06.57.40_veh-50_01493_01624,True,1.0,1.0,0.6816102871972473,1.0,1.0,1.0,0.8673376196655197
a199dd34f4cb5e25,2021.10.05.08.11.15_veh-50_01566_01801,True,1.0,0.0,0.0,1.0,1.0,1.0,0.0
d598b1322a9f55e4,2021.07.24.20.37.45_veh-17_00015_00375,True,1.0,1.0,0.941003335237171,1.0,1.0,1.0,0.9754180563488212
14ce88e733105f36,2021.08.31.17.42.52_veh-40_01033_01313,True,1.0,1.0,1.0,1.0,1.0,1.0,1.0
e0ab4835126753d1,2021.09.14.18.43.41_veh-45_00965_01195,True,1.0,1.0,0.9472172457010927,1.0,1.0,0.5,0.9780071857087886
5a0f8eee2830560c,2021.08.24.20.03.01_veh-45_00463_00588,True,1.0,1.0,0.6095000110596366,1.0,1.0,1.0,0.8372916712748486
89713a5161da5e08,2021.10.05.07.10.04_veh-52_00252_00406,True,1.0,1.0,0.7945167129829004,1.0,1.0,1.0,0.9143819637428751
9ccbf12c98425da2,2021.08.24.17.37.11_veh-08_02359_02623,True,1.0,1.0,1.0,1.0,1.0,1.0,1.0
142459475ae45ba7,2021.07.24.23.50.16_veh-17_01696_02071,True,1.0,1.0,0.7054322632246456,1.0,1.0,1.0,0.877263443010269
8a49b6f24ed6592f,2021.08.24.18.07.48_veh-45_00873_01142,True,1.0,1.0,0.9337232224367354,1.0,1.0,1.0,0.9723846760153064
91c204051b2f5a6a,2021.08.24.15.09.18_veh-45_00216_00862,True,1.0,1.0,0.8138726259822939,1.0,1.0,1.0,0.9224469274926225
f04fe15ddd045f98,2021.08.31.16.37.21_veh-40_01405_01642,True,1.0,1.0,0.9120571140526581,1.0,1.0,1.0,0.9633571308552741
dfd54c6346ea5e9f,2021.10.05.07.10.04_veh-52_00689_01322,True,1.0,1.0,0.764700363874064,1.0,1.0,1.0,0.9019584849475267
11c439298d045d57,2021.10.05.07.10.04_veh-52_00596_00663,True,1.0,0.0,0.0,1.0,1.0,0.5,0.0
75a0fc19f1cf530e,2021.06.07.17.46.49_veh-35_02607_03120,True,1.0,1.0,0.8178097830002525,1.0,1.0,1.0,0.9240874095834385
a5562665d67d574c,2021.10.05.04.38.41_veh-50_00014_00429,True,1.0,1.0,0.5162639930774265,1.0,1.0,1.0,0.7984433304489277
a4d769971b565c82,2021.08.24.15.09.18_veh-45_00216_00862,True,1.0,1.0,1.0,1.0,1.0,1.0,1.0
782685e5a1cb5078,2021.10.05.07.49.39_veh-52_00934_01406,True,1.0,1.0,0.7678559989534618,1.0,1.0,1.0,0.9032733328972758
f2511e063a375b45,2021.08.24.15.09.18_veh-45_00216_00862,True,1.0,1.0,0.9171692947290743,1.0,1.0,1.0,0.9654872061371144
58e6a39f332d5c53,2021.08.24.18.07.48_veh-45_00873_01142,True,1.0,1.0,0.9210387502284679,1.0,1.0,1.0,0.9670994792618616
19297df5ddd95465,2021.10.05.07.10.04_veh-52_00252_00406,True,1.0,1.0,0.8285326687590541,1.0,1.0,1.0,0.9285552786496059
31fd1f827c305d81,2021.06.08.12.54.54_veh-26_02994_03970,True,1.0,1.0,1.0,1.0,1.0,1.0,1.0
d3aaeb961e005350,2021.09.14.18.43.41_veh-45_00885_00952,True,1.0,1.0,0.7921602342242768,1.0,1.0,1.0,0.9134000975934486
5c0e94a5c1565ff6,2021.10.05.07.49.39_veh-52_00934_01406,True,1.0,1.0,0.7227989088851686,1.0,1.0,1.0,0.8844995453688203
7663c290e9d3577f,2021.08.24.15.09.18_veh-45_00216_00862,True,1.0,1.0,1.0,1.0,1.0,1.0,1.0
7966ea471a745f60,2021.10.05.07.10.04_veh-52_00689_01322,True,1.0,1.0,0.7531286490670918,1.0,1.0,1.0,0.8971369371112883
29193de68e855e7f,2021.10.05.07.10.04_veh-52_00689_01322,True,1.0,1.0,0.8630279962378457,1.0,1.0,1.0,0.942928331765769
44971479dacf5c26,2021.06.07.13.53.57_veh-35_02489_03145,True,1.0,1.0,1.0,1.0,1.0,1.0,1.0
ad27de6bad785d99,2021.10.05.04.38.41_veh-50_00014_00429,True,1.0,1.0,0.7049540012465304,1.0,1.0,1.0,0.8770641671860543
a9dff706b9395e06,2021.10.05.07.10.04_veh-52_00689_01322,True,1.0,1.0,0.8177083674186886,1.0,1.0,1.0,0.9240451530911202
a7537fdfa152595d,2021.10.05.08.11.15_veh-50_00163_00321,True,1.0,1.0,0.7492715932512511,1.0,1.0,1.0,0.8955298305213546
9504caaa4fe85567,2021.10.05.07.49.39_veh-52_00934_01406,True,1.0,1.0,0.9795558564025691,1.0,1.0,1.0,0.9914816068344038
add8309210135bb3,2021.06.07.17.46.49_veh-35_04839_05184,True,1.0,1.0,1.0,1.0,1.0,1.0,1.0
ef1a6451dc3d5d54,2021.06.08.14.35.24_veh-26_02555_03004,True,1.0,1.0,0.9100985079543247,1.0,1.0,1.0,0.9625410449809686
77666136143257a5,2021.10.05.06.57.40_veh-50_00665_00857,True,1.0,1.0,0.7637245262117603,1.0,1.0,1.0,0.9015518859215668
03db6037fdc15553,2021.10.05.07.49.39_veh-52_00934_01406,True,1.0,1.0,0.6743587960427714,1.0,1.0,1.0,0.8643161650178214
1f192e43916754f3,2021.08.31.11.47.30_veh-40_00393_00847,True,1.0,1.0,0.7232464442769906,1.0,1.0,1.0,0.8846860184487461
3f5906e405975401,2021.06.08.17.36.50_veh-26_03873_04225,True,1.0,1.0,1.0,1.0,1.0,1.0,1.0
fcb49955755c5643,2021.10.05.06.31.40_veh-52_01598_02013,True,1.0,1.0,0.7731462065296459,1.0,1.0,1.0,0.9054775860540191
10ab0437e2335e5f,2021.08.31.12.54.56_veh-40_00305_00667,True,1.0,1.0,1.0,1.0,1.0,1.0,1.0
684ee5399e1c599b,2021.08.31.18.15.54_veh-40_00579_00980,True,1.0,1.0,1.0,1.0,1.0,1.0,1.0
13aa063cb0ac5344,2021.08.09.17.55.59_veh-28_00691_00876,True,1.0,1.0,1.0,1.0,1.0,1.0,1.0
7cf3f478246b5da6,2021.10.05.08.11.15_veh-50_00437_00585,True,1.0,1.0,0.6165571185686987,1.0,1.0,1.0,0.8402321327369577
5637be8d44bd5bd7,2021.10.05.06.57.40_veh-50_00665_00857,True,1.0,1.0,0.7071733140405687,1.0,1.0,1.0,0.877988880850237
2d65a078c6c853d8,2021.10.05.06.57.40_veh-50_00665_00857,True,1.0,1.0,0.8070603013264885,1.0,1.0,1.0,0.9196084588860369
04a38d645dcf50dc,2021.10.05.06.57.40_veh-50_00665_00857,True,1.0,1.0,0.742868655033342,1.0,1.0,1.0,0.8928619395972258
21e596857bc35237,2021.07.24.22.52.16_veh-35_03236_04096,True,1.0,1.0,0.7188812308484575,1.0,1.0,1.0,0.8828671795201907
7df2c62221af5666,2021.10.05.04.03.05_veh-50_01466_01790,True,1.0,1.0,1.0,1.0,1.0,1.0,1.0
26b1a287d3ee5c58,2021.08.24.18.07.48_veh-45_01504_01722,True,1.0,1.0,1.0,1.0,1.0,1.0,1.0
0e5b4a0b2bde5d2f,2021.10.05.07.38.12_veh-50_01085_01463,True,1.0,0.0,0.0,1.0,1.0,1.0,0.0
ee44c67008cc56ce,2021.10.05.08.11.15_veh-50_00163_00321,True,1.0,1.0,0.7537217311035845,1.0,1.0,1.0,0.8973840546264936
fd1f0f656dbe5b8e,2021.10.05.06.31.40_veh-52_00734_01305,True,1.0,1.0,1.0,1.0,1.0,1.0,1.0
363a0d5629945fe2,2021.08.24.18.30.46_veh-08_02327_02583,True,1.0,1.0,0.8413740702351646,1.0,1.0,1.0,0.9339058625979852
625e743792325941,2021.08.24.19.30.33_veh-45_01391_01523,True,1.0,1.0,1.0,1.0,1.0,1.0,1.0
fd23b08914635213,2021.10.05.06.31.40_veh-52_01598_02013,True,1.0,1.0,0.7491116004003174,1.0,1.0,1.0,0.8954631668334656
f2ed06ab753f5797,2021.06.07.13.53.57_veh-35_02489_03145,True,1.0,1.0,1.0,1.0,1.0,1.0,1.0
886433702a2e5cf4,2021.10.05.07.10.04_veh-52_00689_01322,True,1.0,1.0,0.7167993478240378,1.0,1.0,1.0,0.8819997282600157
d27e9372971d5fcf,2021.06.07.19.29.59_veh-38_01025_01274,True,1.0,1.0,1.0,1.0,1.0,1.0,1.0
23918f82a81b57bb,2021.09.14.16.46.51_veh-45_02322_02510,True,1.0,1.0,0.6114368588203554,1.0,1.0,1.0,0.8380986911751481
044fa8b8af8d5903,2021.08.31.16.37.21_veh-40_01405_01642,True,1.0,1.0,0.6868429475531087,1.0,1.0,1.0,0.8695178948137953
26d4e1afc49f5e8b,2021.06.08.12.54.54_veh-26_02323_02479,True,1.0,1.0,1.0,1.0,1.0,1.0,1.0
b82503f002da5dc9,2021.06.07.17.46.49_veh-35_02607_03120,True,1.0,1.0,1.0,1.0,1.0,1.0,1.0
938e31bfeff150ec,2021.09.14.18.43.41_veh-45_00965_01195,True,1.0,1.0,0.9446948518300504,1.0,1.0,1.0,0.976956188262521
afc7f0bb67925332,2021.10.05.06.24.06_veh-50_00021_00383,True,1.0,1.0,0.49051907475780976,1.0,1.0,1.0,0.7877162811490873
fca06f5c741c5eb6,2021.10.05.04.03.05_veh-50_01003_01426,True,1.0,1.0,0.48306058358541343,1.0,1.0,1.0,0.7846085764939223
a3775099ec0b5545,2021.10.05.06.24.06_veh-50_01311_01409,True,1.0,1.0,1.0,1.0,1.0,1.0,1.0
2ad9ffaaca95581f,2021.08.31.11.47.30_veh-40_01362_01737,True,1.0,1.0,0.7154142834256809,1.0,1.0,1.0,0.8814226180940338
ace35de46e4e59b7,2021.08.31.18.15.54_veh-40_00579_00980,True,1.0,1.0,0.7881161137417201,1.0,1.0,1.0,0.9117150473923834
3cf09b26adb75a3a,2021.06.07.13.53.57_veh-35_01772_02032,True,0.0,1.0,0.0,0.0,1.0,1.0,0.0
24e5a3d6c87e5863,2021.06.07.19.43.00_veh-35_02298_02525,True,1.0,1.0,0.7047856522843223,1.0,1.0,1.0,0.8769940217851343
adfe782c830952e6,2021.07.24.16.48.51_veh-17_00016_00166,True,1.0,1.0,1.0,1.0,1.0,1.0,1.0
fad3b25206405469,2021.10.05.07.10.04_veh-52_00689_01322,True,1.0,1.0,0.8594700370432623,1.0,1.0,1.0,0.941445848768026
e3b93ebec6c15950,2021.08.31.18.15.54_veh-40_00579_00980,True,0.0,1.0,0.0,0.0,1.0,1.0,0.0
c8142d68e89c5602,2021.10.05.04.03.05_veh-50_00365_00493,True,1.0,1.0,0.5452264678620106,1.0,1.0,1.0,0.8105110282758377
97070ed0c4f25e55,2021.10.05.06.57.40_veh-50_00025_00261,True,1.0,1.0,1.0,1.0,1.0,1.0,1.0
352ab8c9f7945a79,2021.10.05.06.31.40_veh-52_00734_01305,True,1.0,0.0,0.0,1.0,1.0,1.0,0.0
6ab7c51e8fc358d9,2021.06.08.14.35.24_veh-26_01989_02235,True,1.0,1.0,0.9072618841162439,1.0,1.0,1.0,0.9613591183817682
c9e11eac8d3b5b20,2021.06.08.17.25.03_veh-35_03522_03716,True,1.0,1.0,1.0,1.0,1.0,1.0,1.0
68fae416c55e51ec,2021.08.24.15.09.18_veh-45_00216_00862,True,1.0,1.0,0.830581715875582,1.0,1.0,1.0,0.9294090482814926
ada4bd96b21350f3,2021.06.08.14.35.24_veh-26_02555_03004,True,1.0,1.0,1.0,1.0,1.0,1.0,1.0
dfaf7f0318b25029,2021.08.24.20.03.01_veh-45_00171_00238,True,1.0,1.0,1.0,1.0,1.0,0.5,1.0
2383b702d816580c,2021.06.08.14.14.51_veh-35_00893_01188,True,1.0,1.0,1.0,1.0,1.0,1.0,1.0
a98ae7114d51555f,2021.10.05.07.10.04_veh-52_01442_01802,True,1.0,1.0,0.6780426623376246,1.0,1.0,0.0,0.8658511093073434
d7b7bf4bee1a566b,2021.09.14.16.46.51_veh-45_00149_00900,True,1.0,1.0,0.8059747339771306,1.0,1.0,1.0,0.9191561391571378
61e741cf72e35dc6,2021.07.24.22.52.16_veh-35_03236_04096,True,1.0,1.0,0.8606476829050669,1.0,1.0,0.0,0.9419365345437779
a9333edd47f25ba7,2021.08.31.12.54.56_veh-40_00305_00667,True,1.0,1.0,0.8327014683514172,1.0,1.0,1.0,0.9302922784797572
59680cd2d2d55252,2021.08.31.11.47.30_veh-40_00393_00847,True,1.0,1.0,1.0,1.0,1.0,1.0,1.0
2109265abe425ec9,2021.10.05.08.11.15_veh-50_00163_00321,True,1.0,1.0,0.7409785679624707,1.0,1.0,1.0,0.8920744033176962
1d90666831825ecb,2021.08.31.11.47.30_veh-40_00393_00847,True,1.0,1.0,1.0,1.0,1.0,1.0,1.0
6ed309c0285c514d,2021.08.31.14.01.15_veh-40_00692_00977,True,1.0,1.0,0.7179353928462117,1.0,1.0,1.0,0.8824730803525882
b3eba680ed925ff0,2021.10.05.08.11.15_veh-50_00163_00321,True,1.0,1.0,0.7145951696473429,1.0,1.0,1.0,0.8810813206863929
2f5c186cb3f951f3,2021.08.31.18.15.54_veh-40_01143_01496,True,1.0,1.0,0.6729220730159123,1.0,1.0,1.0,0.8637175304232968
78e325e7b2e05ea1,2021.06.08.18.18.30_veh-38_05578_05988,True,1.0,1.0,0.7173189197868759,1.0,1.0,1.0,0.882216216577865
0f57bec6ecc95f91,2021.10.05.07.38.12_veh-50_01477_01565,True,1.0,1.0,0.8369662390307798,0.0,1.0,1.0,0.5154025995961583
5c62daecead15772,2021.08.31.14.01.15_veh-40_01576_01714,True,1.0,1.0,0.9227017030824475,1.0,1.0,1.0,0.9677923762843532
4c18120606d25974,2021.10.05.06.31.40_veh-52_01598_02013,True,1.0,1.0,0.5939798235069993,1.0,1.0,1.0,0.8308249264612497
84ef65c059ee52a9,2021.10.05.06.57.40_veh-50_00940_01105,True,1.0,1.0,0.6810731479079897,1.0,1.0,1.0,0.8671138116283291
789e232068ba52fa,2021.08.31.12.21.30_veh-40_00661_00762,True,1.0,1.0,1.0,1.0,1.0,1.0,1.0
23864433956d54af,2021.06.08.18.18.30_veh-38_05578_05988,True,1.0,1.0,0.595317507497118,1.0,1.0,1.0,0.8313822947904658
872380f71a9f5c73,2021.08.31.14.01.15_veh-40_01576_01714,True,1.0,1.0,1.0,1.0,1.0,1.0,1.0
c7d20bed29e95a90,2021.10.05.07.49.39_veh-52_00770_00905,True,1.0,1.0,1.0,1.0,1.0,1.0,1.0
ad50d798cf59571f,2021.10.05.07.10.04_veh-52_01442_01802,True,1.0,1.0,0.5550008559152588,1.0,1.0,1.0,0.8145836899646911
a4a766b344875757,2021.10.05.07.10.04_veh-52_00252_00406,True,1.0,1.0,0.7119329550036676,1.0,1.0,1.0,0.8799720645848614
77d5531dc41d5c8b,2021.06.08.14.14.51_veh-35_00893_01188,True,1.0,1.0,1.0,0.0,1.0,1.0,0.5833333333333334
596d777da0925d8a,2021.10.05.04.03.05_veh-50_01003_01426,True,1.0,0.0,0.0,1.0,1.0,1.0,0.0
d3499663de5c59b3,2021.09.14.20.42.30_veh-45_00805_01078,True,1.0,1.0,0.9226487579004665,1.0,1.0,1.0,0.967770315791861
eb1e478c881d5da3,2021.08.31.13.27.52_veh-40_00869_01319,True,1.0,1.0,0.7757503814825145,1.0,1.0,1.0,0.9065626589510477
9a7d04c64d1f5a77,2021.08.24.14.35.46_veh-45_00549_00693,True,1.0,1.0,0.9259467142444467,1.0,1.0,1.0,0.9691444642685195
08420e71635550ac,2021.06.07.19.29.59_veh-38_00474_00922,True,1.0,1.0,0.7503829025057887,1.0,1.0,1.0,0.8959928760440786
993e21a30ca559ff,2021.10.05.06.31.40_veh-52_01316_01565,True,1.0,1.0,0.5952877528266213,1.0,1.0,1.0,0.8313698970110922
51d4a8a8ffb85133,2021.09.14.16.46.51_veh-45_02322_02510,True,1.0,1.0,1.0,1.0,1.0,1.0,1.0
53adc99c616d5b83,2021.06.08.12.00.19_veh-35_01722_02119,True,1.0,1.0,0.8299788302330693,0.0,1.0,1.0,0.5124911792637789
ee7a802e5d34585d,2021.10.05.07.49.39_veh-52_00934_01406,True,1.0,1.0,0.7737744274290926,1.0,1.0,1.0,0.9057393447621219
6308410a7cef5bfb,2021.06.08.12.00.19_veh-35_02135_02369,True,1.0,1.0,1.0,1.0,1.0,1.0,1.0
9e80d268826757c5,2021.06.08.14.14.51_veh-35_00893_01188,True,1.0,1.0,0.9550974925817373,1.0,1.0,1.0,0.9812906219090571
83bb2e00de6956e6,2021.08.09.17.55.59_veh-28_00320_00544,True,1.0,1.0,0.9101942914456256,1.0,1.0,1.0,0.9625809547690106
3d3b17caebe25f80,2021.08.09.17.55.59_veh-28_00320_00544,True,1.0,1.0,0.7911511896328065,1.0,1.0,1.0,0.9129796623470027
377b974a6905533e,2021.10.05.04.38.41_veh-50_00753_00956,True,1.0,1.0,0.7531581363721094,1.0,1.0,1.0,0.897149223488379
6eb85083d1c95494,2021.08.31.12.21.30_veh-40_00056_00155,True,1.0,1.0,0.7128202656685968,1.0,1.0,1.0,0.8803417773619153
0fc1c792f12157d0,2021.10.05.07.10.04_veh-52_00689_01322,True,1.0,1.0,0.6235640379592567,1.0,1.0,1.0,0.8431516824830236
e72e7211e40c5b1b,2021.08.09.18.37.41_veh-28_00053_00548,True,1.0,1.0,0.883904481937374,1.0,1.0,1.0,0.9516268674739058
3de82268b34e5310,2021.07.24.23.50.16_veh-17_01696_02071,True,1.0,1.0,1.0,1.0,1.0,1.0,1.0
b07390a222305aad,2021.10.05.04.03.05_veh-50_01466_01790,True,1.0,1.0,1.0,1.0,1.0,0.5,1.0
5a1543a3893f51b8,2021.06.07.17.46.49_veh-35_02607_03120,True,1.0,1.0,0.8852067201942381,1.0,1.0,1.0,0.9521694667475993
f097e5e720ff5a7f,2021.08.24.18.07.48_veh-45_01504_01722,True,1.0,1.0,0.8173875571320681,1.0,1.0,1.0,0.9239114821383617
9242a16049085855,2021.10.05.06.24.06_veh-50_00717_01300,True,1.0,1.0,0.8108470003809313,1.0,1.0,1.0,0.9211862501587214
dba24b57245b5137,2021.08.24.20.03.01_veh-45_00463_00588,True,1.0,1.0,0.7791384118394157,1.0,1.0,0.0,0.9079743382664232
e71d4ca6ec425cb7,2021.06.08.14.36.49_veh-38_00312_00694,True,1.0,1.0,0.7576486832877176,1.0,1.0,1.0,0.8990202847032157
a17344259513584e,2021.10.05.06.31.40_veh-52_01316_01565,True,1.0,1.0,0.7317216922419926,1.0,1.0,1.0,0.8882173717674968
c46c3d5a0c5b521f,2021.08.24.17.34.27_veh-45_01478_01553,True,1.0,1.0,1.0,1.0,1.0,1.0,1.0
1b6f7936b9bb5e19,2021.08.31.16.37.21_veh-40_00798_00955,True,1.0,1.0,0.819597994844224,1.0,1.0,1.0,0.92483249785176
a0f17c458d3f598d,2021.10.05.06.24.06_veh-50_01311_01409,True,1.0,1.0,0.6523682984426602,1.0,1.0,1.0,0.8551534576844416
f457d7a93ed55606,2021.09.14.18.43.41_veh-45_00965_01195,True,1.0,1.0,1.0,1.0,1.0,1.0,1.0
cb85c2c58c385933,2021.10.05.08.11.15_veh-50_01222_01462,True,1.0,1.0,0.6858862343187804,1.0,1.0,1.0,0.8691192642994917
0e3ec6ec067d525d,2021.06.07.17.46.49_veh-35_02607_03120,True,1.0,1.0,0.8995831537255461,1.0,1.0,1.0,0.9581596473856443
9d110f0ce7ff5618,2021.10.05.06.24.06_veh-50_01311_01409,True,1.0,1.0,0.8323297368635637,1.0,1.0,1.0,0.9301373903598181
15d8d1a0e0b8517f,2021.10.05.04.03.05_veh-50_01466_01790,True,1.0,1.0,1.0,1.0,1.0,1.0,1.0
2e105a7619eb5d8f,2021.06.08.12.00.19_veh-35_05235_05578,True,1.0,1.0,0.9309122357825601,1.0,1.0,1.0,0.9712134315760667
bb1d6402706250fd,2021.06.07.13.53.57_veh-35_02489_03145,True,1.0,1.0,1.0,1.0,1.0,1.0,1.0
3527b47fceb752fd,2021.06.08.12.00.19_veh-35_05235_05578,True,1.0,1.0,0.8755288876911377,1.0,1.0,1.0,0.9481370365379741
a8b2b1145c4e5d7f,2021.06.08.14.14.51_veh-35_01508_01763,True,1.0,1.0,0.8399869166409115,1.0,1.0,1.0,0.9333278819337131
8bc34517e08758ff,2021.10.05.07.10.04_veh-52_01442_01802,True,1.0,1.0,0.6249891693884471,1.0,1.0,1.0,0.8437454872451863
be3a1ee560c353d3,2021.10.05.08.11.15_veh-50_00163_00321,True,1.0,1.0,0.8251015814245327,1.0,1.0,1.0,0.9271256589268887
2722bfd70f20556c,2021.08.31.14.40.58_veh-40_00467_00668,True,1.0,1.0,1.0,1.0,1.0,1.0,1.0
d4d22fb9003c5a2d,2021.06.08.14.14.51_veh-35_01508_01763,True,1.0,1.0,1.0,1.0,1.0,1.0,1.0
1ecf5228549358e1,2021.06.07.17.46.49_veh-35_02607_03120,True,1.0,1.0,0.8862546144572372,1.0,1.0,1.0,0.952606089357182
b154b241752f58c8,2021.08.24.18.07.48_veh-45_00203_00300,True,1.0,1.0,1.0,1.0,1.0,1.0,1.0
c16897b134dc5c30,2021.08.09.17.55.59_veh-28_00691_00876,True,1.0,1.0,0.9832413749158332,1.0,1.0,1.0,0.9930172395482639
1657554fc5445eb6,2021.06.08.12.00.19_veh-35_05235_05578,True,1.0,1.0,0.6654830692687639,1.0,1.0,1.0,0.8606179455286517
7689f1515e1a5309,2021.08.31.16.37.21_veh-40_00429_00541,True,0.0,1.0,0.0,0.0,1.0,1.0,0.0
885becb4c9bf5f42,2021.10.05.08.11.15_veh-50_00970_01211,True,1.0,1.0,0.8320048090998861,1.0,1.0,1.0,0.9300020037916191
f30d57eef4465a97,2021.10.05.07.10.04_veh-52_00689_01322,True,1.0,1.0,0.7701229641320412,1.0,1.0,1.0,0.9042179017216837
de31770cc22857d4,2021.08.24.17.01.06_veh-45_00228_00689,True,1.0,1.0,0.8421196491195151,1.0,1.0,1.0,0.9342165204664646
1806b298ab5d5fe0,2021.07.24.23.50.16_veh-17_01696_02071,True,1.0,1.0,0.8015060985291832,1.0,1.0,1.0,0.917294207720493
015173513fc25684,2021.10.05.08.11.15_veh-50_00437_00585,True,1.0,1.0,0.7364946696584184,1.0,1.0,1.0,0.8902061123576743
9e371752c2975207,2021.06.08.12.54.54_veh-26_00733_00983,True,1.0,1.0,0.46083266246495175,1.0,1.0,1.0,0.77534694269373
097c0f17c76259f0,2021.09.14.18.43.41_veh-45_02503_03013,True,1.0,1.0,0.8311332994489802,1.0,1.0,1.0,0.9296388747704084
b475f23c5c0d5d11,2021.08.31.12.21.30_veh-40_00248_00367,True,1.0,1.0,1.0,0.0,1.0,1.0,0.5833333333333334
21c35cdef548546a,2021.10.05.07.10.04_veh-52_01442_01802,True,1.0,1.0,0.6627635444154144,1.0,1.0,1.0,0.8594848101730893
4ada1b823c6b5701,2021.10.05.04.03.05_veh-50_01466_01790,True,1.0,1.0,0.9626065287348593,1.0,1.0,1.0,0.9844193869728581
9f9228987c2652dd,2021.10.05.06.24.06_veh-50_00021_00383,True,1.0,1.0,0.5832729010065953,1.0,1.0,1.0,0.8263637087527481
8a9a5ab59dcd51d7,2021.08.31.14.01.15_veh-40_01576_01714,True,1.0,1.0,0.9314482338777802,1.0,1.0,1.0,0.9714367641157416
73932f5fd9d35372,2021.10.05.07.10.04_veh-52_01442_01802,True,1.0,1.0,0.886902678591002,1.0,1.0,1.0,0.9528761160795841
72e180d4d8105ae7,2021.08.31.16.37.21_veh-40_00798_00955,True,1.0,1.0,1.0,1.0,1.0,1.0,1.0
c4b39f732e8d5545,2021.06.07.17.46.49_veh-35_04839_05184,True,1.0,1.0,1.0,1.0,1.0,1.0,1.0
7793c1b1c89d53bf,2021.08.24.17.37.11_veh-08_02359_02623,True,1.0,1.0,0.837578866410479,1.0,1.0,1.0,0.9323245276710329
ac3e9bd6d66359f8,2021.06.08.12.00.19_veh-35_03451_03644,True,1.0,1.0,0.8247730785391332,1.0,1.0,1.0,0.9269887827246389
1cb43da268ad593f,2021.10.05.06.31.40_veh-52_00005_00342,True,1.0,0.0,0.0,1.0,1.0,1.0,0.0
12272a297b415343,2021.10.05.07.38.12_veh-50_01085_01463,True,1.0,1.0,0.7434966068280391,1.0,1.0,1.0,0.8931235861783495
d092a6c8f4825e18,2021.08.31.14.40.58_veh-40_00285_00456,True,1.0,1.0,1.0,1.0,1.0,1.0,1.0
f7d672ad5579566e,2021.08.31.18.15.54_veh-40_00579_00980,True,1.0,1.0,0.8806786632005477,1.0,1.0,1.0,0.9502827763335615
1120e76a6a5a5e91,2021.08.31.13.27.52_veh-40_00688_00750,True,1.0,1.0,1.0,1.0,1.0,1.0,1.0
8e2fd252b25b5d76,2021.08.31.13.27.52_veh-40_00186_00414,True,1.0,1.0,1.0,1.0,1.0,1.0,1.0
ac0d4854cfc2500b,2021.10.05.04.03.05_veh-50_01466_01790,True,1.0,1.0,0.9001354875657562,1.0,1.0,1.0,0.9583897864857317
e3bdfd18dc085450,2021.08.31.11.47.30_veh-40_00393_00847,True,1.0,1.0,1.0,1.0,1.0,1.0,1.0
11d0fddaaa0e53a3,2021.10.05.06.24.06_veh-50_00431_00527,True,1.0,1.0,0.748058690224911,1.0,1.0,1.0,0.8950244542603795
0c07703cdc5c538f,2021.10.05.07.38.12_veh-50_01085_01463,True,1.0,1.0,0.7634145556693416,1.0,1.0,1.0,0.9014227315288923
2145d1475ea95029,2021.10.05.04.03.05_veh-50_01003_01426,True,1.0,1.0,0.720813311422182,1.0,1.0,1.0,0.8836722130925758
ce5c18417a3f5725,2021.10.05.06.57.40_veh-50_00665_00857,True,1.0,0.0,0.0,1.0,1.0,1.0,0.0
3146eb6b02075890,2021.08.31.11.47.30_veh-40_01362_01737,True,1.0,1.0,0.6999239521304014,1.0,1.0,1.0,0.8749683133876672
fc688912b8a859b0,2021.08.31.14.40.58_veh-40_00679_00892,True,1.0,1.0,0.8667414407481114,1.0,1.0,1.0,0.9444756003117131
80ae25adcd1c5975,2021.06.08.12.00.19_veh-35_04422_04725,True,1.0,1.0,0.8566159616402309,1.0,1.0,1.0,0.9402566506834296
fd32f64dd086586c,2021.08.31.14.40.58_veh-40_01268_01618,True,1.0,1.0,0.7308658887458249,1.0,1.0,1.0,0.8878607869774271
42c09d5152cd52c2,2021.10.05.06.31.40_veh-52_01316_01565,True,1.0,1.0,0.7599759055528836,1.0,1.0,1.0,0.8999899606470348
aba36a1434e0524b,2021.10.05.06.57.40_veh-50_01493_01624,True,1.0,1.0,0.7752312647473499,1.0,1.0,1.0,0.9063463603113958
4dbdb4689de9562f,2021.08.31.18.15.54_veh-40_01143_01496,True,1.0,1.0,0.8166769622132005,1.0,1.0,1.0,0.9236154009221669
d6491a1d9f2c530c,2021.10.05.04.03.05_veh-50_01003_01426,True,1.0,1.0,1.0,1.0,1.0,1.0,1.0
ca31b7933f8256e2,2021.08.31.14.01.15_veh-40_01576_01714,True,1.0,1.0,0.7334522532407348,1.0,1.0,1.0,0.8889384388503062
19068c380ce551b8,2021.10.05.07.38.12_veh-50_00245_00433,True,1.0,1.0,0.7802389324869974,1.0,1.0,1.0,0.9084328885362489
519b58b5679c5c28,2021.08.24.18.30.46_veh-08_01674_01850,True,1.0,1.0,0.7857141842312902,1.0,1.0,1.0,0.9107142434297043
b63698e6c67151a9,2021.06.07.18.53.26_veh-26_01208_01412,True,1.0,1.0,0.5791443274458422,1.0,1.0,1.0,0.824643469769101
63a18c8e39ec5797,2021.06.08.17.25.03_veh-35_02448_02655,True,1.0,1.0,0.8030082108977028,1.0,1.0,1.0,0.9179200878740428
b0983c3a92b25884,2021.06.08.17.25.03_veh-35_03522_03716,True,1.0,1.0,1.0,1.0,1.0,1.0,1.0
1175e2cacacf576a,2021.10.05.06.24.06_veh-50_00717_01300,True,1.0,1.0,0.7132750576955779,1.0,1.0,1.0,0.8805312740398241
0686551eb96b50c9,2021.08.31.13.27.52_veh-40_00186_00414,True,1.0,1.0,0.7779508867039755,1.0,1.0,1.0,0.9074795361266564
df85f781941d506c,2021.10.05.07.49.39_veh-52_00563_00680,True,1.0,0.0,0.0,1.0,1.0,1.0,0.0
58ea0f6fb168578d,2021.08.31.12.54.56_veh-40_00305_00667,True,1.0,1.0,0.8921203038456441,1.0,1.0,1.0,0.9550501266023517
a93fc5c35ab75511,2021.08.31.11.47.30_veh-40_01362_01737,True,1.0,1.0,1.0,0.0,1.0,1.0,0.5833333333333334
3d2dc9ee970b5f7f,2021.10.05.08.11.15_veh-50_00970_01211,True,1.0,1.0,0.7427083277045207,1.0,1.0,1.0,0.8927951365435502
a532f168f9335194,2021.08.24.17.37.11_veh-08_02359_02623,True,1.0,1.0,1.0,1.0,1.0,1.0,1.0
207c31dd2af05b85,2021.09.14.16.46.51_veh-45_02322_02510,True,1.0,1.0,0.6845120225096615,1.0,1.0,1.0,0.8685466760456922
c0b6e73347b556c1,2021.08.31.11.47.30_veh-40_01146_01347,True,1.0,1.0,0.570319260256001,1.0,1.0,1.0,0.8209663584400003
047ad7f2f6025423,2021.10.05.04.03.05_veh-50_00365_00493,True,1.0,1.0,1.0,1.0,1.0,1.0,1.0
c4a7523e8ec45620,2021.06.08.12.00.19_veh-35_05235_05578,True,1.0,1.0,0.9570258046523813,1.0,1.0,1.0,0.9820940852718255
1e1bb6eb92ef54c9,2021.08.09.18.37.41_veh-28_00053_00548,True,1.0,1.0,1.0,1.0,1.0,1.0,1.0
a196f492ed435a2e,2021.08.24.17.37.11_veh-08_02359_02623,True,1.0,1.0,0.6703072117693439,1.0,1.0,1.0,0.8626280049038932
26c7d824277759fa,2021.08.24.19.30.33_veh-45_01391_01523,True,1.0,0.0,0.0,1.0,1.0,1.0,0.0
ba092177559551a5,2021.10.05.04.38.41_veh-50_00014_00429,True,1.0,1.0,0.6879185636824068,1.0,1.0,1.0,0.8699660682010029
6e39100431375827,2021.09.14.16.46.51_veh-45_00149_00900,True,1.0,1.0,0.6666084463791079,1.0,1.0,1.0,0.8610868526579617
60a390c3f03357e5,2021.09.14.18.43.41_veh-45_02503_03013,True,1.0,1.0,0.7272217604384641,1.0,1.0,1.0,0.8863424001826935
c01bef6b54e95af6,2021.06.07.19.29.59_veh-38_00474_00922,True,1.0,1.0,0.575898164547544,1.0,1.0,1.0,0.82329090189481
56a7475dfe785a4f,2021.08.24.18.30.46_veh-08_02327_02583,True,1.0,1.0,0.6234305943477754,1.0,1.0,1.0,0.8430960809782397
de7fbe0355685d22,2021.08.31.16.37.21_veh-40_01405_01642,True,1.0,1.0,1.0,1.0,1.0,1.0,1.0
2622b63e4b9b5e2f,2021.08.24.14.25.28_veh-42_00333_00472,True,1.0,1.0,0.9687165167173502,1.0,1.0,1.0,0.986965215298896
e00b89b79fb35570,2021.10.05.08.11.15_veh-50_00710_00903,True,1.0,1.0,0.7888208245232599,1.0,1.0,1.0,0.9120086768846916
6541bf804c245f3b,2021.06.08.14.14.51_veh-35_01508_01763,True,1.0,1.0,0.8287055380216153,1.0,1.0,1.0,0.9286273075090064
0028ef192ab551c8,2021.06.08.14.35.24_veh-26_02555_03004,True,1.0,1.0,0.8771977981204723,1.0,1.0,0.0,0.9488324158835301
cbb855cedd1c59cd,2021.06.07.13.53.57_veh-35_02489_03145,True,1.0,1.0,1.0,1.0,1.0,1.0,1.0
869b8d0062b65648,2021.06.07.12.42.11_veh-38_02445_02843,True,1.0,1.0,0.6265255366456749,1.0,1.0,1.0,0.8443856402690312
28dcac2ba3a45360,2021.06.08.18.18.30_veh-38_05578_05988,True,1.0,1.0,1.0,1.0,1.0,1.0,1.0
591bc8b041155fca,2021.08.31.11.47.30_veh-40_00393_00847,True,1.0,1.0,0.844683836154032,1.0,1.0,1.0,0.9352849317308466
8476ee8158c85a67,2021.08.24.15.09.18_veh-45_00216_00862,True,1.0,1.0,1.0,1.0,1.0,1.0,1.0
7d045ced792f563a,2021.08.31.14.01.15_veh-40_01576_01714,True,1.0,1.0,0.9123545440592365,1.0,1.0,1.0,0.9634810600246819
98d953ea9a38569e,2021.10.05.04.38.41_veh-50_00753_00956,True,1.0,1.0,0.751583537252631,1.0,1.0,1.0,0.8964931405219296
29bf83682e3b5496,2021.09.14.19.46.05_veh-45_01937_02119,True,1.0,1.0,0.7887179112753395,1.0,1.0,1.0,0.9119657963647247
ec29487d1ea458f3,2021.06.08.14.35.24_veh-26_01989_02235,True,1.0,1.0,1.0,1.0,1.0,1.0,1.0
3b7e9e06d3635260,2021.10.05.06.24.06_veh-50_00431_00527,True,1.0,1.0,0.7635917988794876,1.0,1.0,1.0,0.9014965828664532
b1c6bdb07963503d,2021.08.31.13.27.52_veh-40_00869_01319,True,1.0,1.0,0.8423776896831997,1.0,1.0,1.0,0.9343240373679998
a8f5d05955b65258,2021.10.05.06.31.40_veh-52_01316_01565,True,1.0,1.0,0.815644756311449,1.0,1.0,1.0,0.9231853151297704
a1a2e4522bdf50bd,2021.08.31.18.15.54_veh-40_00579_00980,True,1.0,1.0,1.0,0.0,1.0,1.0,0.5833333333333334
621f26ec790f5780,2021.10.05.06.31.40_veh-52_00734_01305,True,1.0,1.0,0.7199994336819214,1.0,1.0,1.0,0.8833330973674673
aefda6e60f295c58,2021.10.05.06.24.06_veh-50_00021_00383,True,1.0,1.0,0.7530721542577423,1.0,1.0,1.0,0.8971133976073927
1863f7090a875133,2021.06.07.18.53.26_veh-26_01208_01412,True,1.0,1.0,0.6611826304869078,1.0,1.0,1.0,0.8588260960362115
1b7f1a48a9285dc5,2021.09.14.18.43.41_veh-45_02296_02477,True,1.0,1.0,0.6298679857780226,1.0,1.0,1.0,0.8457783274075094
6e381de9de9a5048,2021.08.31.11.47.30_veh-40_00393_00847,True,1.0,1.0,0.9801065366495466,1.0,1.0,1.0,0.991711056937311
2f14a47a32df5104,2021.07.24.22.52.16_veh-35_03236_04096,True,1.0,1.0,0.41677644098734784,1.0,1.0,1.0,0.7569901837447283
89c7b76196cc51c9,2021.10.05.07.38.12_veh-50_00898_01058,True,1.0,1.0,1.0,1.0,1.0,1.0,1.0
9f9d065b098c5d5d,2021.08.31.18.15.54_veh-40_00335_00568,True,1.0,1.0,0.9095557717381206,1.0,1.0,1.0,0.9623149048908836
655c89b748d2588f,2021.10.05.07.10.04_veh-52_01442_01802,True,1.0,1.0,0.7775627941248577,1.0,1.0,1.0,0.9073178308853574
db439b1292395139,2021.06.08.12.54.54_veh-26_02994_03970,True,1.0,1.0,0.7138306521869796,1.0,1.0,1.0,0.8807627717445748
f8388643d5e75bd8,2021.08.31.17.42.52_veh-40_01033_01313,True,1.0,1.0,0.758048769401745,1.0,1.0,1.0,0.8991869872507271
64bc618e988a529b,2021.10.05.06.24.06_veh-50_00431_00527,True,1.0,1.0,0.6106476925384792,1.0,1.0,1.0,0.8377698718910329
07276bf605e75853,2021.10.05.04.03.05_veh-50_01466_01790,True,1.0,1.0,0.7491676159854191,1.0,1.0,1.0,0.8954865066605913
36d51d96c7ab5de7,2021.10.05.08.11.15_veh-50_01222_01462,True,1.0,1.0,1.0,1.0,1.0,1.0,1.0
ac41535715a553ee,2021.06.07.13.53.57_veh-35_02489_03145,True,1.0,1.0,0.5274785411303239,1.0,1.0,1.0,0.8031160588043016
1cfb82a7d0fc5532,2021.09.14.19.46.05_veh-45_01937_02119,True,1.0,1.0,0.9246607144699525,1.0,1.0,1.0,0.9686086310291468
e4326034b329512d,2021.06.07.17.48.02_veh-38_01949_02085,True,1.0,1.0,1.0,1.0,1.0,1.0,1.0
b572be499897512d,2021.09.14.16.46.51_veh-45_00149_00900,True,1.0,1.0,0.7105137742308011,1.0,1.0,0.5,0.8793807392628338
88ebd59062ff5754,2021.08.31.17.42.52_veh-40_01033_01313,True,0.0,1.0,0.0,0.0,1.0,1.0,0.0
4af373236f3555df,2021.08.31.18.15.54_veh-40_01143_01496,True,1.0,1.0,0.7098962862984252,1.0,1.0,1.0,0.8791234526243438
3315880386e45927,2021.06.07.18.53.26_veh-26_00005_00427,True,1.0,1.0,1.0,1.0,1.0,1.0,1.0
3b4fbda417ff5891,2021.10.05.06.57.40_veh-50_01658_01796,True,1.0,1.0,0.7358167756045474,1.0,1.0,1.0,0.8899236565018948
8ef5e08cf1235d75,2021.06.08.14.14.51_veh-35_01508_01763,True,1.0,1.0,0.6433917639136862,1.0,1.0,1.0,0.8514132349640359
167a3562466359ad,2021.06.07.19.29.59_veh-38_01025_01274,True,1.0,1.0,1.0,1.0,1.0,1.0,1.0
a2170b8bde99579c,2021.08.24.19.30.33_veh-45_01391_01523,True,0.0,1.0,0.0,0.0,1.0,1.0,0.0
ff29aba314185d7d,2021.10.05.07.49.39_veh-52_00563_00680,True,1.0,0.0,0.0,1.0,1.0,1.0,0.0
d7b8fe0e9a355ef0,2021.10.05.07.10.04_veh-52_01442_01802,True,1.0,1.0,0.7065312863155243,1.0,1.0,1.0,0.877721369298135
91a9b10d8a1556f9,2021.08.31.18.15.54_veh-40_00038_00199,True,1.0,1.0,1.0,1.0,1.0,1.0,1.0
d229e39ba3485fc7,2021.10.05.06.31.40_veh-52_01598_02013,True,1.0,1.0,0.7919123994660427,1.0,1.0,1.0,0.9132968331108512
f02a92578d3b576c,2021.06.08.12.54.54_veh-26_02323_02479,True,1.0,1.0,1.0,1.0,1.0,1.0,1.0
0128a6a1cccd521b,2021.06.08.12.00.19_veh-35_02988_03160,True,1.0,1.0,0.5673717198851871,1.0,1.0,1.0,0.819738216618828
5f50007be6c95f4f,2021.09.14.16.46.51_veh-45_00149_00900,True,1.0,1.0,1.0,1.0,1.0,1.0,1.0
5c777795899850ee,2021.08.31.14.40.58_veh-40_01022_01255,True,1.0,1.0,0.8288881136321832,1.0,1.0,1.0,0.9287033806800764
c2b3bc5cf2965fb9,2021.06.07.13.53.57_veh-35_01772_02032,True,1.0,1.0,0.9520797946568363,0.0,1.0,1.0,0.5633665811070151
d825238b909650dc,2021.10.05.06.57.40_veh-50_00665_00857,True,1.0,1.0,0.7014059087002426,1.0,1.0,1.0,0.8755857952917677
e051ec8b2dd75dfb,2021.10.05.06.24.06_veh-50_00717_01300,True,1.0,1.0,0.6243377368603927,1.0,1.0,1.0,0.8434740570251636
963d9c4050035d7f,2021.09.14.16.46.51_veh-45_00149_00900,True,1.0,1.0,0.7600358131288737,1.0,1.0,1.0,0.9000149221370307
6fc0531e8ef45896,2021.08.31.17.42.52_veh-40_01551_01684,True,1.0,1.0,0.8025908290904868,1.0,1.0,1.0,0.9177461787877029
b83febab595f5a91,2021.08.31.18.15.54_veh-40_00579_00980,True,1.0,1.0,0.8910160124727782,1.0,1.0,1.0,0.9545900051969909
4c98b2a043075bf0,2021.10.05.08.11.15_veh-50_00163_00321,True,1.0,1.0,0.6859702489486952,1.0,1.0,1.0,0.8691542703952897
17fd5a6413785978,2021.10.05.06.57.40_veh-50_00665_00857,True,1.0,1.0,1.0,1.0,1.0,1.0,1.0
0f2b1ab7c34a5b6c,2021.08.31.12.21.30_veh-40_00378_00527,True,1.0,1.0,0.9139818305234989,1.0,1.0,1.0,0.9641590960514579
dad4c437f59a5c9c,2021.08.24.17.34.27_veh-45_01478_01553,True,1.0,0.0,0.0,1.0,1.0,1.0,0.0
f645b55c406c5aaa,2021.10.05.08.11.15_veh-50_00970_01211,True,1.0,1.0,0.9569503921113953,1.0,1.0,1.0,0.982062663379748
4d7fa90bd2805dc6,2021.09.14.16.46.51_veh-45_00149_00900,True,1.0,1.0,0.7032236865019678,1.0,1.0,1.0,0.8763432027091532
f7403964981a57c9,2021.08.24.19.30.33_veh-45_00290_00484,True,1.0,1.0,0.8906603835072843,1.0,1.0,1.0,0.9544418264613684
00b8bd5be55f53bf,2021.08.31.17.42.52_veh-40_01033_01313,True,1.0,1.0,0.7725072013034853,1.0,1.0,1.0,0.9052113338764523
90dad22b21dc5a70,2021.10.05.06.24.06_veh-50_00717_01300,True,1.0,1.0,0.662839250013145,1.0,1.0,1.0,0.8595163541721438
82e367c7c7905afe,2021.10.05.06.24.06_veh-50_00717_01300,True,1.0,1.0,0.6458869119946774,1.0,1.0,1.0,0.8524528799977823
b9148d958ae35f13,2021.10.05.08.11.15_veh-50_00360_00426,True,1.0,1.0,0.7404661071152888,1.0,1.0,1.0,0.8918608779647036
627d9fcb765c5d99,2021.08.31.14.01.15_veh-40_00692_00977,True,1.0,1.0,0.8862619034123427,1.0,1.0,1.0,0.9526091264218094
06c1c428eea05b6c,2021.08.24.18.30.46_veh-08_02327_02583,True,1.0,1.0,0.9901484672876616,1.0,1.0,1.0,0.9958951947031923
