token,log_name,valid,no_at_fault_collisions,drivable_area_compliance,ego_progress,time_to_collision_within_bound,comfort,driving_direction_compliance,score
54ced13f54d45595,2021.06.08.14.36.49_veh-38_00312_00694,True,1.0,1.0,0.9144592072114325,1.0,1.0,1.0,0.9643580030047635
b182afe96eff545c,2021.07.24.16.48.51_veh-17_00016_00166,True,1.0,1.0,1.0,1.0,1.0,1.0,1.0
0ef905cf005e5c7f,2021.08.31.16.37.21_veh-40_01405_01642,True,1.0,1.0,1.0,1.0,1.0,1.0,1.0
9f95591656ee5812,2021.10.05.08.11.15_veh-50_01222_01462,True,1.0,1.0,0.7604022166229099,1.0,1.0,1.0,0.9001675902595458
92a43114965e51d3,2021.10.05.06.31.40_veh-52_01598_02013,True,1.0,1.0,0.7870801629028508,1.0,1.0,1.0,0.9112834012095211
e42e17021b6c5858,2021.10.05.04.38.41_veh-50_00014_00429,True,1.0,0.0,0.0,1.0,1.0,1.0,0.0
b3bdd63efe975f38,2021.08.31.14.01.15_veh-40_01109_01272,True,1.0,1.0,0.7151579567971732,1.0,1.0,1.0,0.8813158153321554
470ab3110a5757c7,2021.08.24.18.30.46_veh-08_02327_02583,True,1.0,1.0,0.7844019153976599,1.0,1.0,1.0,0.910167464749025
e07dd506081d5425,2021.08.31.14.40.58_veh-40_01268_01618,True,1.0,0.0,0.0,1.0,1.0,1.0,0.0
3dccebdee98856ee,2021.06.08.12.00.19_veh-35_01722_02119,True,1.0,1.0,0.7731681542145469,1.0,1.0,1.0,0.9054867309227279
1d85930e7376508a,2021.08.31.17.42.52_veh-40_01551_01684,True,1.0,1.0,0.8106292267482672,1.0,1.0,1.0,0.9210955111451113
adf6a0ecacc45696,2021.08.31.18.15.54_veh-40_00038_00199,True,1.0,1.0,0.8118664864049403,1.0,1.0,1.0,0.9216110360020585
731e22bc1e3b5a41,2021.06.07.17.46.49_veh-35_04084_04828,True,1.0,1.0,0.8222431386213479,1.0,1.0,1.0,0.9259346410922283
77edc0205ac65692,2021.08.09.18.37.41_veh-28_00648_00730,True,1.0,1.0,0.8410461737326483,1.0,1.0,1.0,0.9337692390552702
e1c6c9ba74a95bdc,2021.10.05.04.03.05_veh-50_01466_01790,True,1.0,1.0,0.7656737962608501,1.0,1.0,1.0,0.9023640817753543
4c2af538879b5d13,2021.10.05.06.57.40_veh-50_00940_01105,True,1.0,1.0,0.6967926315178138,1.0,1.0,1.0,0.8736635964657559
ab080d6f31a95fd9,2021.09.14.18.43.41_veh-45_00965_01195,True,1.0,1.0,1.0,1.0,1.0,0.5,1.0
032941ef393256e3,2021.06.08.18.18.30_veh-38_06017_06142,True,1.0,1.0,1.0,1.0,1.0,1.0,1.0
6f287e91cad05354,2021.10.05.07.10.04_veh-52_01442_01802,True,1.0,0.0,0.0,1.0,1.0,1.0,0.0
ec7718f1c67652b9,2021.09.14.20.42.30_veh-45_00805_01078,True,1.0,1.0,0.8217021891251896,1.0,1.0,1.0,0.925709245468829
17a6c1ad7a4a5307,2021.08.24.18.07.48_veh-45_00873_01142,True,1.0,1.0,1.0,1.0,1.0,1.0,1.0
d28a454763915647,2021.10.05.04.38.41_veh-50_00753_00956,True,1.0,1.0,0.5787894016419055,1.0,1.0,1.0,0.8244955840174607
baff7f685ac254f2,2021.10.05.04.03.05_veh-50_01466_01790,True,1.0,1.0,0.7692222446059174,1.0,1.0,0.5,0.9038426019191322
184ab6d6981057fb,2021.08.24.15.09.18_veh-45_00216_00862,True,1.0,1.0,0.5358532035451807,1.0,1.0,1.0,0.8066055014771587
a1815765a5385deb,2021.06.08.16.31.33_veh-38_00015_00262,True,1.0,1.0,0.852428122459998,1.0,1.0,1.0,0.9385117176916659
9bc425de3f665d0b,2021.10.05.04.03.05_veh-50_01466_01790,True,1.0,1.0,1.0,1.0,1.0,0.5,1.0
a94dd3f3e4bc5704,2021.10.05.07.38.12_veh-50_01477_01565,True,1.0,1.0,0.8800663304766083,1.0,1.0,1.0,0.9500276376985868
f5542cfd729a51ff,2021.10.05.07.10.04_veh-52_01442_01802,True,1.0,1.0,0.7901058226922754,1.0,1.0,1.0,0.9125440927884481
71aae8e35d425bbc,2021.10.05.08.11.15_veh-50_01222_01462,True,1.0,1.0,0.646539106503558,1.0,1.0,1.0,0.8527246277098158
82b2cf83f12a5ad5,2021.08.24.18.07.48_veh-45_00203_00300,True,1.0,0.0,0.0,1.0,1.0,1.0,0.0
9f9bbaf95e055a2a,2021.08.31.11.47.30_veh-40_01362_01737,True,1.0,1.0,1.0,1.0,1.0,1.0,1.0
53992d7f47f15953,2021.10.05.04.03.05_veh-50_00058_00321,True,1.0,0.0,0.0,1.0,1.0,1.0,0.0
8411dac2708451e4,2021.10.05.07.10.04_veh-52_00689_01322,True,1.0,1.0,0.8149314241159292,1.0,1.0,1.0,0.9228880933816371
4d6608189ed25ba1,2021.07.24.22.52.16_veh-35_03236_04096,True,1.0,1.0,1.0,1.0,1.0,1.0,1.0
689ff77454a553d9,2021.09.14.20.42.30_veh-45_01603_01670,True,1.0,0.0,0.0,1.0,1.0,1.0,0.0
10b9238d48f9544f,2021.10.05.08.11.15_veh-50_01566_01801,True,1.0,1.0,0.6831504666126599,1.0,1.0,1.0,0.8679793610886083
dd20852b1c355e6a,2021.06.08.18.59.48_veh-12_03122_03677,True,1.0,1.0,0.779218094435734,1.0,1.0,1.0,0.9080075393482225
91be2e4cb3915919,2021.10.05.08.11.15_veh-50_00970_01211,True,1.0,1.0,0.7711637259939803,1.0,1.0,1.0,0.9046515524974917
6e207b0d231e5938,2021.08.31.18.15.54_veh-40_00579_00980,True,1.0,0.0,0.0,1.0,1.0,1.0,0.0
937334709b785322,2021.07.24.20.37.45_veh-17_00015_00375,True,1.0,1.0,0.9317287003115674,1.0,1.0,1.0,0.9715536251298197
0bb733fc337a5f65,2021.08.24.17.01.06_veh-45_00228_00689,True,1.0,1.0,1.0,1.0,1.0,1.0,1.0
239e12f7f56e50d3,2021.10.05.04.38.41_veh-50_00576_00721,True,1.0,1.0,0.6413965748349421,1.0,1.0,1.0,0.8505819061812258
f11c5b71dae55523,2021.08.24.15.09.18_veh-45_00216_00862,True,1.0,1.0,0.7850990516936629,1.0,1.0,1.0,0.9104579382056929
bb736ed0f39553dd,2021.08.09.18.37.41_veh-28_00053_00548,True,1.0,1.0,0.8419367267994134,1.0,1.0,1.0,0.9341403028330889
9d0d8d531e41554b,2021.10.05.07.10.04_veh-52_00689_01322,True,1.0,1.0,0.5507464601899079,1.0,1.0,1.0,0.8128110250791284
b4a0da658c685578,2021.10.05.08.11.15_veh-50_01566_01801,True,1.0,1.0,0.7100009232559976,1.0,1.0,1.0,0.8791670513566657
2ec53f79469e5740,2021.09.14.20.42.30_veh-45_00464_00579,True,1.0,1.0,1.0,1.0,1.0,1.0,1.0
4f757b95aa595fa4,2021.08.09.17.55.59_veh-28_00021_00307,True,1.0,1.0,0.930382967106272,1.0,1.0,0.5,0.9709929029609468
c030ff964c67571f,2021.10.05.04.38.41_veh-50_00753_00956,True,1.0,1.0,0.7783218969224336,1.0,1.0,1.0,0.9076341237176807
d190a31e2eb252e7,2021.10.05.07.49.39_veh-52_01417_01574,True,1.0,1.0,0.6660345198360991,1.0,1.0,1.0,0.8608477165983747
31b656c9c3f85b98,2021.10.05.06.24.06_veh-50_01566_01672,True,1.0,1.0,0.714738162593701,1.0,1.0,1.0,0.8811409010807086
93145dcb3f7850f8,2021.10.05.07.38.12_veh-50_01085_01463,True,1.0,1.0,0.7455923362946848,1.0,1.0,1.0,0.893996806789452
51d6d4d77d215f8d,2021.06.08.16.31.33_veh-38_01589_02072,True,1.0,1.0,0.6356732759018568,1.0,1.0,1.0,0.8481971982924404
2daab49ffa5d5619,2021.06.07.13.53.57_veh-35_02489_03145,True,1.0,1.0,0.7658709143876046,1.0,1.0,1.0,0.9024462143281685
cb38e518669d5d32,2021.10.05.06.24.06_veh-50_00717_01300,True,1.0,1.0,0.6387584514223933,1.0,1.0,1.0,0.8494826880926638
2a044369ef015235,2021.10.05.04.38.41_veh-50_00753_00956,True,1.0,1.0,0.8249257284792728,1.0,1.0,1.0,0.9270523868663636
5d13617968835cc0,2021.09.14.18.43.41_veh-45_02503_03013,True,1.0,1.0,1.0,1.0,1.0,1.0,1.0
2bebeab7bbc25b4a,2021.10.05.04.03.05_veh-50_01466_01790,True,1.0,1.0,0.6796334385532934,1.0,1.0,1.0,0.8665139327305389
e24b4c3cb017574b,2021.08.24.15.09.18_veh-45_00216_00862,True,1.0,1.0,0.919638901126558,1.0,1.0,1.0,0.9665162088027325
cf5cb314cea05c3a,2021.10.05.08.11.15_veh-50_00163_00321,True,1.0,1.0,0.7408705330502839,1.0,1.0,1.0,0.8920293887709517
fd001651bdef58e6,2021.10.05.07.10.04_veh-52_00252_00406,True,1.0,1.0,0.7098510843229173,1.0,1.0,1.0,0.8791046184678821
e05e3f8b701155f0,2021.10.05.04.03.05_veh-50_01466_01790,True,1.0,1.0,0.7283551300266764,1.0,1.0,1.0,0.8868146375111152
1c8da5542b095640,2021.08.31.18.15.54_veh-40_01143_01496,True,1.0,1.0,0.7329005612850682,1.0,1.0,1.0,0.8887085672021118
cee30e7273de52ee,2021.10.05.08.11.15_veh-50_01566_01801,True,1.0,1.0,0.7991888374980829,1.0,1.0,1.0,0.9163286822908678
89fcf2337e5c56c0,2021.10.05.04.38.41_veh-50_00576_00721,True,1.0,1.0,0.9758357688486072,1.0,1.0,1.0,0.9899315703535864
f9c259cb771a515b,2021.06.07.12.54.00_veh-35_01843_02314,True,1.0,1.0,0.7867011194560991,1.0,1.0,1.0,0.9111254664400413
e1b5440064b05517,2021.10.05.07.10.04_veh-52_01442_01802,True,1.0,0.0,0.0,0.0,1.0,1.0,0.0
3de452c5a98a5faf,2021.08.09.17.55.59_veh-28_00691_00876,True,1.0,1.0,1.0,1.0,1.0,1.0,1.0
a844aaa2349954d4,2021.06.08.12.54.54_veh-26_02994_03970,True,1.0,1.0,0.6756564159293958,1.0,1.0,1.0,0.8648568399705816
7623dd6cbc29535c,2021.10.05.06.57.40_veh-50_00025_00261,True,1.0,1.0,0.6494665988347612,1.0,1.0,1.0,0.8539444161811506
0c72d4ae48025f5b,2021.10.05.07.49.39_veh-52_00934_01406,True,1.0,1.0,0.7583362935405784,1.0,1.0,1.0,0.899306788975241
ed717de405885939,2021.10.05.06.57.40_veh-50_01131_01452,True,1.0,1.0,0.6856558155653807,1.0,1.0,1.0,0.8690232564855753
63cd86d73bbb5341,2021.08.31.18.15.54_veh-40_00038_00199,True,1.0,1.0,1.0,1.0,1.0,0.5,1.0
fea6ee4da44b5ff4,2021.08.31.18.15.54_veh-40_00038_00199,True,1.0,1.0,0.7114778823031483,1.0,1.0,0.5,0.8797824509596451
4f0a0a61bdaa5a59,2021.06.07.12.54.00_veh-35_01843_02314,True,1.0,1.0,1.0,1.0,1.0,1.0,1.0
c839df573acb5c23,2021.10.05.08.11.15_veh-50_00970_01211,True,1.0,1.0,1.0,0.0,1.0,1.0,0.5833333333333334
d02a1007dacf5c5b,2021.08.24.15.09.18_veh-45_00216_00862,True,1.0,1.0,0.849219203204589,1.0,1.0,1.0,0.9371746680019122
a8de42d07c155977,2021.10.05.07.10.04_veh-52_01442_01802,True,1.0,0.0,0.0,1.0,1.0,1.0,0.0
b86e9934259c5750,2021.06.08.12.00.19_veh-35_02988_03160,True,1.0,1.0,1.0,1.0,1.0,0.0,1.0
9b2ecd661f315d8c,2021.06.07.17.46.49_veh-35_04084_04828,True,1.0,1.0,1.0,1.0,1.0,1.0,1.0
e7d800c5ad005d4f,2021.10.05.06.24.06_veh-50_00717_01300,True,1.0,1.0,1.0,1.0,1.0,1.0,1.0
2373a681d51152cd,2021.10.05.04.03.05_veh-50_00536_00637,True,1.0,1.0,1.0,1.0,1.0,1.0,1.0
539012f770025700,2021.10.05.06.24.06_veh-50_00717_01300,True,1.0,1.0,0.7389474424191577,1.0,1.0,1.0,0.8912281010079823
ae7fd428f27e5940,2021.08.24.17.34.27_veh-45_01478_01553,True,1.0,1.0,1.0,1.0,1.0,1.0,1.0
bbdb02d553cc5ac0,2021.08.31.16.37.21_veh-40_01405_01642,True,1.0,1.0,1.0,1.0,1.0,1.0,1.0
f25336c1cdab5340,2021.10.05.06.31.40_veh-52_01316_01565,True,1.0,1.0,0.5294414202903862,1.0,1.0,1.0,0.8039339251209943
faa042f84c4f585a,2021.06.08.14.35.24_veh-26_02555_03004,True,1.0,1.0,1.0,1.0,1.0,1.0,1.0
6acb54acea165d44,2021.09.14.18.43.41_veh-45_02503_03013,True,0.0,1.0,0.0,0.0,1.0,1.0,0.0
634ab85be74b5e51,2021.09.14.16.46.51_veh-45_02322_02510,True,1.0,1.0,1.0,1.0,1.0,1.0,1.0
f32a311d997051ab,2021.10.05.04.03.05_veh-50_01003_01426,True,1.0,1.0,0.6096515470179151,1.0,1.0,1.0,0.8373548112574646
c50a4014ad575f2e,2021.08.09.18.37.41_veh-28_00648_00730,True,1.0,1.0,0.8949819108570369,1.0,1.0,1.0,0.9562424628570988
0016245ac3705a33,2021.10.05.04.38.41_veh-50_00014_00429,True,1.0,1.0,0.5898458454154318,1.0,1.0,1.0,0.8291024355897633
882656f118175ccc,2021.10.05.07.49.39_veh-52_00934_01406,True,1.0,1.0,0.7230208701705078,1.0,1.0,1.0,0.8845920292377115
504cf746181a5cad,2021.06.07.17.46.49_veh-35_02607_03120,True,1.0,1.0,1.0,1.0,1.0,1.0,1.0
d8b5107ffc9855ee,2021.10.05.06.57.40_veh-50_00665_00857,True,1.0,1.0,1.0,1.0,1.0,1.0,1.0
5dc0881f21425457,2021.08.24.17.34.27_veh-45_01478_01553,True,1.0,1.0,1.0,1.0,1.0,1.0,1.0
c0e018420a2359b3,2021.10.05.07.49.39_veh-52_00770_00905,True,1.0,1.0,0.8960770556094061,1.0,1.0,1.0,0.9566987731705859
7a1c5a77b98e59fe,2021.07.24.20.37.45_veh-17_00015_00375,True,1.0,1.0,0.9261374055107168,1.0,1.0,1.0,0.9692239189627987
f04b0860aafc5f6e,2021.07.24.16.48.51_veh-17_00016_00166,True,1.0,1.0,0.9081405092579731,1.0,1.0,1.0,0.9617252121908221
ee01d7acbb0e579f,2021.06.07.13.53.57_veh-35_02489_03145,True,1.0,1.0,1.0,1.0,1.0,1.0,1.0
471aaaad906a5dbb,2021.10.05.08.11.15_veh-50_00163_00321,True,1.0,1.0,0.671661647041775,1.0,1.0,1.0,0.8631923529340729
a43bec9517f15f2e,2021.10.05.07.10.04_veh-52_01442_01802,True,1.0,1.0,0.5927448762836128,1.0,1.0,1.0,0.830310365118172
33c7a46268c25161,2021.06.08.12.54.54_veh-26_02994_03970,True,1.0,1.0,0.8450632105932178,1.0,1.0,1.0,0.9354430044138408
3662eb5849915c3e,2021.06.07.17.46.49_veh-35_04084_04828,True,1.0,1.0,0.4855634163689523,1.0,1.0,1.0,0.7856514234870634
34774cd08c045d92,2021.10.05.04.03.05_veh-50_00058_00321,True,1.0,1.0,1.0,1.0,1.0,1.0,1.0
c889cd1a7cfe58b5,2021.08.31.14.01.15_veh-40_01109_01272,True,1.0,1.0,0.6231152619647558,1.0,1.0,1.0,0.842964692485315
f7af397e6c435279,2021.10.05.07.38.12_veh-50_01085_01463,True,1.0,1.0,0.7839854613724702,1.0,1.0,1.0,0.9099939422385294
309df1ead02c541b,2021.06.08.16.31.33_veh-38_00015_00262,True,1.0,1.0,1.0,1.0,1.0,1.0,1.0
962bee810ab454a1,2021.08.31.18.15.54_veh-40_00579_00980,True,1.0,1.0,0.8834462004474486,1.0,1.0,1.0,0.9514359168531036
91e6cce9eb7d5765,2021.09.14.18.43.41_veh-45_02503_03013,True,1.0,1.0,0.7996316374970983,1.0,1.0,1.0,0.9165131822904576
f5a7ede9c47d5943,2021.06.08.12.00.19_veh-35_05235_05578,True,1.0,0.0,0.0,1.0,1.0,1.0,0.0
55d1a5793cda56a1,2021.10.05.04.38.41_veh-50_00014_00429,True,1.0,1.0,0.5514847673636207,1.0,1.0,1.0,0.8131186530681753
cd5d543332fb5a0e,2021.10.05.07.38.12_veh-50_00245_00433,True,1.0,1.0,0.8111649215542598,1.0,1.0,1.0,0.921318717314275
755751098c88566f,2021.10.05.07.10.04_veh-52_01442_01802,True,1.0,1.0,0.6106630624545256,1.0,1.0,1.0,0.8377762760227191
25af32d69e705ab1,2021.09.14.18.43.41_veh-45_00965_01195,True,1.0,1.0,1.0,1.0,1.0,1.0,1.0
4fbc6352545a5c53,2021.06.07.17.46.49_veh-35_02607_03120,True,1.0,1.0,0.5411891278448953,1.0,1.0,1.0,0.8088288032687063
5607891c1bc058b0,2021.08.31.12.21.30_veh-40_00378_00527,True,1.0,1.0,0.7173442471928292,1.0,1.0,1.0,0.8822267696636787
3dcf57b07b2f51ad,2021.08.31.14.40.58_veh-40_01022_01255,True,1.0,1.0,0.8833347320564228,0.0,1.0,1.0,0.5347228050235094
09460373ac855a25,2021.09.14.16.46.51_veh-45_00149_00900,True,1.0,1.0,0.9163516780230363,1.0,1.0,1.0,0.9651465325095985
4cbc22dc07d450e2,2021.08.31.13.27.52_veh-40_00186_00414,True,1.0,1.0,0.955129787879819,1.0,1.0,1.0,0.9813040782832578
396f063f56245da0,2021.08.24.20.03.01_veh-45_00824_00888,True,1.0,0.0,0.0,1.0,1.0,1.0,0.0
65e8c145ea255d98,2021.10.05.06.57.40_veh-50_00665_00857,True,1.0,1.0,0.7355403201627748,1.0,1.0,1.0,0.8898084667344895
770cf5148b3353a3,2021.10.05.08.11.15_veh-50_00437_00585,True,1.0,1.0,0.6870442697053069,1.0,1.0,1.0,0.8696017790438778
b579426436f259e9,2021.08.31.18.15.54_veh-40_00038_00199,True,1.0,1.0,0.8763532958064613,1.0,1.0,1.0,0.9484805399193589
19b19b68cd08505b,2021.08.31.12.54.56_veh-40_00305_00667,True,1.0,1.0,0.7847342875346662,1.0,1.0,1.0,0.9103059531394443
046299e85f125329,2021.08.31.18.15.54_veh-40_01143_01496,True,1.0,1.0,0.9275966017168013,1.0,1.0,1.0,0.9698319173820006
090e368c4d205690,2021.10.05.06.57.40_veh-50_00025_00261,True,1.0,1.0,0.6776947923964827,1.0,1.0,1.0,0.8657061634985345
2397d01c9ae6532a,2021.10.05.07.49.39_veh-52_00934_01406,True,1.0,1.0,0.6029940689910934,1.0,1.0,1.0,0.8345808620796222
705a41f6d81c5bf6,2021.06.08.12.54.54_veh-26_00015_00507,True,1.0,1.0,1.0,1.0,1.0,1.0,1.0
de7d5df694bf5c14,2021.06.07.17.46.49_veh-35_02607_03120,True,1.0,1.0,1.0,1.0,1.0,1.0,1.0
e4a10f0be8b75fbe,2021.10.05.04.03.05_veh-50_00648_00744,True,1.0,1.0,0.689572496674882,1.0,1.0,1.0,0.8706552069478675
e3301b00490756b7,2021.10.05.07.38.12_veh-50_01085_01463,True,1.0,1.0,0.8264171659934644,1.0,1.0,1.0,0.9276738191639434
386931b464115fdf,2021.10.05.08.11.15_veh-50_00360_00426,True,1.0,1.0,1.0,1.0,1.0,1.0,1.0
fb20fa45fb60508c,2021.08.24.15.09.18_veh-45_00216_00862,True,1.0,1.0,0.9431725287198185,1.0,1.0,1.0,0.976321886966591
7c8f4fa830d65d7d,2021.10.05.04.38.41_veh-50_00014_00429,True,1.0,1.0,1.0,1.0,1.0,1.0,1.0
046606c07407555d,2021.09.14.15.03.51_veh-45_00178_00336,True,1.0,1.0,0.8638780665166044,1.0,1.0,1.0,0.9432825277152519
c4d0f149f2b65cbc,2021.10.05.07.49.39_veh-52_00934_01406,True,1.0,1.0,0.7286666991607632,1.0,1.0,1.0,0.8869444579836513
11aa90b3ba7b5bfc,2021.08.31.13.27.52_veh-40_00869_01319,True,1.0,1.0,0.84477336101475,1.0,1.0,1.0,0.9353222337561459
11809845283a5800,2021.10.05.06.31.40_veh-52_01598_02013,True,1.0,1.0,0.6167563505980852,1.0,1.0,1.0,0.8403151460825354
c0b230109883561b,2021.08.31.14.40.58_veh-40_00285_00456,True,1.0,1.0,0.7779580750501951,1.0,1.0,1.0,0.9074825312709146
a61619b0ce745a6d,2021.08.24.20.03.01_veh-45_00687_00787,True,1.0,1.0,1.0,1.0,1.0,1.0,1.0
6e70010c52485289,2021.10.05.08.11.15_veh-50_01222_01462,True,1.0,1.0,0.7673755804370896,1.0,1.0,1.0,0.9030731585154541
7a7ce24858a75cde,2021.06.07.12.54.00_veh-35_01843_02314,True,1.0,1.0,0.6479919699692572,1.0,1.0,1.0,0.8533299874871906
51560d3a0ba05b2b,2021.09.14.16.46.51_veh-45_00149_00900,True,1.0,1.0,0.8059029018072631,1.0,1.0,1.0,0.9191262090863596
705b6bc59b7f5c73,2021.08.09.17.55.59_veh-28_00320_00544,True,1.0,1.0,0.6969644351771722,1.0,1.0,1.0,0.8737351813238217
0683442423e850d2,2021.08.24.18.07.48_veh-45_00873_01142,True,1.0,1.0,0.8315528416330219,1.0,1.0,1.0,0.9298136840137591
0c6dde2a3e23519a,2021.10.05.06.24.06_veh-50_00717_01300,True,1.0,1.0,0.7040101086812398,1.0,1.0,1.0,0.8766708786171833
82323e1eee525b48,2021.10.05.06.31.40_veh-52_00005_00342,True,1.0,1.0,0.6212510345318897,1.0,1.0,1.0,0.842187931054954
196f73a8a3215b41,2021.10.05.04.03.05_veh-50_01466_01790,True,1.0,1.0,0.6444099842427299,1.0,1.0,0.5,0.8518374934344708
e26f33c1dc1b5ff6,2021.10.05.07.10.04_veh-52_00689_01322,True,1.0,1.0,0.8890987849286308,1.0,1.0,1.0,0.9537911603869295
c845e1c821925515,2021.08.24.17.37.11_veh-08_02359_02623,True,1.0,1.0,1.0,0.0,1.0,1.0,0.5833333333333334
c6cf2d03bc205f27,2021.08.31.16.37.21_veh-40_01405_01642,True,1.0,1.0,0.6350098750493237,1.0,1.0,1.0,0.8479207812705516
4124459df53c50a0,2021.06.08.14.35.24_veh-26_02555_03004,True,1.0,1.0,0.8008231356894601,1.0,1.0,1.0,0.9170096398706084
3dd6906e67e95645,2021.08.24.14.35.46_veh-45_00549_00693,True,1.0,0.0,0.0,1.0,1.0,0.0,0.0
4fefe5a74427573f,2021.10.05.07.49.39_veh-52_01417_01574,True,1.0,1.0,0.6390857358661819,1.0,1.0,1.0,0.8496190566109091
f748847a8414501c,2021.08.24.18.30.46_veh-08_02327_02583,True,1.0,1.0,0.9523155975762359,1.0,1.0,1.0,0.9801314989900982
d465a831895b5d1a,2021.10.05.07.38.12_veh-50_01477_01565,True,1.0,1.0,0.8752714487555862,1.0,1.0,1.0,0.9480297703148276
41fa43a430135a20,2021.10.05.06.31.40_veh-52_01316_01565,True,1.0,1.0,0.821079425583806,1.0,1.0,1.0,0.9254497606599191
b2d2e03df992594f,2021.10.05.07.10.04_veh-52_00689_01322,True,1.0,1.0,0.7882860518204449,1.0,1.0,1.0,0.9117858549251854
0d24c1426b495b2d,2021.08.31.12.21.30_veh-40_00378_00527,True,1.0,1.0,0.7967752387738435,1.0,1.0,1.0,0.9153230161557682
e1d0569b1bd15a8e,2021.10.05.08.11.15_veh-50_01566_01801,True,1.0,1.0,0.7500787847405341,1.0,1.0,1.0,0.8958661603085559
9ef680155ba35db1,2021.06.08.17.25.03_veh-35_03522_03716,True,1.0,1.0,1.0,1.0,1.0,1.0,1.0
59c7f5e40f2d598a,2021.10.05.07.38.12_veh-50_01085_01463,True,1.0,1.0,0.7816613959419704,1.0,1.0,1.0,0.9090255816424877
aea9b3ae9aed5a56,2021.08.24.20.03.01_veh-45_00021_00143,True,1.0,1.0,0.6358762864365941,1.0,1.0,1.0,0.8482817860152476
661ab446a0975cc4,2021.06.08.14.14.51_veh-35_00893_01188,True,1.0,1.0,0.7233502701492587,1.0,1.0,1.0,0.8847292792288578
40969a8c303e5642,2021.10.05.06.31.40_veh-52_00734_01305,True,1.0,1.0,0.8380625656129534,1.0,1.0,1.0,0.9325260690053973
88b77f97f4305873,2021.10.05.04.03.05_veh-50_01466_01790,True,1.0,1.0,0.8484945506026957,1.0,1.0,1.0,0.9368727294177899
554dcf243f3554a3,2021.10.05.07.49.39_veh-52_00934_01406,True,1.0,1.0,0.9830185987458177,1.0,1.0,1.0,0.9929244161440907
f7e59bfdca8d5852,2021.07.24.22.52.16_veh-35_03236_04096,True,1.0,1.0,1.0,1.0,1.0,1.0,1.0
3a7a25b1e1ff54b9,2021.10.05.04.38.41_veh-50_00753_00956,True,1.0,1.0,0.9666706000022083,1.0,1.0,1.0,0.98611275000092
fe568c19d46f59fc,2021.08.09.17.55.59_veh-28_00691_00876,True,1.0,0.0,0.0,1.0,1.0,1.0,0.0
c215277e896a5f24,2021.10.05.07.38.12_veh-50_01085_01463,True,1.0,1.0,0.8189919551759766,1.0,1.0,1.0,0.9245799813233235
e538c4e2bb155e78,2021.09.14.18.43.41_veh-45_00965_01195,True,1.0,0.0,0.0,1.0,1.0,1.0,0.0
220af2e2cc0a5ff4,2021.10.05.08.11.15_veh-50_00163_00321,True,1.0,1.0,0.7012988194253605,1.0,1.0,1.0,0.8755411747605669
336f384531dc5add,2021.08.31.11.47.30_veh-40_01362_01737,True,1.0,1.0,0.8594638390533943,1.0,1.0,1.0,0.9414432662722477
22903ed6b4b45809,2021.10.05.08.11.15_veh-50_00437_00585,True,1.0,1.0,0.6280367819820836,1.0,1.0,1.0,0.8450153258258681
6ea45e2432585390,2021.07.24.22.52.16_veh-35_03236_04096,True,1.0,1.0,1.0,1.0,1.0,0.0,1.0
2686fdce9aaa56bf,2021.09.14.16.46.51_veh-45_00149_00900,True,1.0,1.0,0.6378884847410414,1.0,1.0,1.0,0.8491202019754339
528e9669bb985216,2021.10.05.06.57.40_veh-50_01131_01452,True,1.0,0.0,0.0,1.0,1.0,1.0,0.0
dcfe385d69275f7e,2021.08.31.17.42.52_veh-40_01033_01313,True,1.0,1.0,0.9119117378728624,1.0,1.0,1.0,0.963296557447026
58d4bc005bb95f41,2021.08.09.17.55.59_veh-28_00691_00876,True,1.0,1.0,0.9235187507903874,1.0,1.0,1.0,0.9681328128293281
d1dfa5629d6c5f24,2021.10.05.04.38.41_veh-50_00014_00429,True,1.0,1.0,0.7978155592219298,1.0,1.0,1.0,0.9157564830091375
ab5f1ee9e06c5428,2021.08.31.14.40.58_veh-40_01268_01618,True,1.0,1.0,0.5359697554866434,1.0,1.0,1.0,0.8066540647861015
48f52aa8772c55cb,2021.10.05.06.57.40_veh-50_01131_01452,True,1.0,1.0,0.6948693435373178,1.0,1.0,1.0,0.8728622264738825
d8555416d16f5108,2021.06.08.12.54.54_veh-26_00015_00507,True,1.0,1.0,0.7835720623671917,1.0,1.0,1.0,0.9098216926529966
1502b4f8c03f5308,2021.08.24.14.35.46_veh-45_00549_00693,True,1.0,1.0,0.7512732256429453,1.0,1.0,1.0,0.8963638440178938
5ba15da16cce532f,2021.10.05.06.31.40_veh-52_01316_01565,True,1.0,1.0,0.798211103832789,1.0,1.0,1.0,0.9159212932636621
b34591e9a27b5e08,2021.10.05.07.10.04_veh-52_00418_00563,True,1.0,1.0,0.7566031492820182,1.0,1.0,1.0,0.8985846455341742
dab5b3ca9f4252c2,2021.10.05.06.24.06_veh-50_01566_01672,True,1.0,1.0,0.7429976849196763,1.0,1.0,1.0,0.8929157020498651
52fd8953ae73502c,2021.10.05.06.24.06_veh-50_00021_00383,True,1.0,1.0,0.5917317893410871,1.0,1.0,1.0,0.8298882455587863
298baac3700e5c91,2021.07.24.22.52.16_veh-35_03236_04096,True,1.0,1.0,1.0,1.0,1.0,1.0,1.0
65e25396e94a5cab,2021.08.31.13.27.52_veh-40_01330_01491,True,1.0,1.0,0.8005080960265387,1.0,1.0,1.0,0.9168783733443912
a3c3be01bd675b41,2021.10.05.07.49.39_veh-52_01417_01574,True,1.0,1.0,0.5041654803498062,1.0,1.0,1.0,0.7934022834790859
b3851efe744855b3,2021.07.24.22.52.16_veh-35_03236_04096,True,1.0,1.0,0.8607302511943691,1.0,1.0,1.0,0.9419709379976537
57765be79e7b5b58,2021.10.05.06.31.40_veh-52_00734_01305,True,1.0,1.0,1.0,0.0,1.0,1.0,0.5833333333333334
57116f14db515207,2021.08.31.13.27.52_veh-40_00869_01319,True,1.0,1.0,1.0,1.0,1.0,1.0,1.0
b7bc3c0b135457bc,2021.08.24.14.35.46_veh-45_00011_00162,True,1.0,0.0,0.0,1.0,1.0,1.0,0.0
5854840a32a0551a,2021.08.31.14.40.58_veh-40_01268_01618,True,1.0,1.0,0.8914743600969525,1.0,1.0,1.0,0.9547809833737301
f6a1af381b475e50,2021.10.05.06.24.06_veh-50_00717_01300,True,1.0,1.0,0.7208248355756796,1.0,1.0,1.0,0.8836770148231997
2a9f89f170c3520e,2021.10.05.04.03.05_veh-50_01466_01790,True,1.0,1.0,1.0,1.0,1.0,0.5,1.0
4cf1aecb06d556e1,2021.08.31.11.47.30_veh-40_00393_00847,True,1.0,1.0,1.0,1.0,1.0,1.0,1.0
43787161833d5f71,2021.06.08.14.36.49_veh-38_00312_00694,True,1.0,1.0,0.8237229306695258,1.0,1.0,1.0,0.9265512211123025
bfae578a865e5a3f,2021.06.08.12.00.19_veh-35_05235_05578,True,1.0,1.0,1.0,1.0,1.0,1.0,1.0
c1034e90603a52e9,2021.06.08.17.25.03_veh-35_02448_02655,True,1.0,1.0,1.0,1.0,1.0,1.0,1.0
b9ea70b896ae5c11,2021.09.14.16.46.51_veh-45_00149_00900,True,1.0,1.0,0.6227572651942176,1.0,1.0,1.0,0.8428155271642573
e63519408deb5931,2021.07.24.23.50.16_veh-17_01696_02071,True,1.0,1.0,1.0,1.0,1.0,1.0,1.0
7a6dbadce1c35a8d,2021.09.14.18.43.41_veh-45_02296_02477,True,1.0,1.0,0.6550191100875588,1.0,1.0,1.0,0.8562579625364828
01f7d38e9c2f5111,2021.08.31.11.47.30_veh-40_01146_01347,True,1.0,1.0,0.49753060576827796,1.0,1.0,0.0,0.7906377524034491
ea1b384960385984,2021.07.24.16.48.51_veh-17_00016_00166,True,1.0,1.0,1.0,1.0,1.0,1.0,1.0
15b83e8b315b54e8,2021.08.31.12.21.30_veh-40_00248_00367,True,1.0,1.0,1.0,0.0,1.0,1.0,0.5833333333333334
6885271ccf50530a,2021.09.14.16.46.51_veh-45_02322_02510,True,1.0,1.0,0.8257341030854023,1.0,1.0,1.0,0.9273892096189176
7adafc88579357a6,2021.10.05.06.24.06_veh-50_00717_01300,True,1.0,1.0,0.5852154293696744,1.0,1.0,1.0,0.8271730955706976
bc98b5e7f4c9582a,2021.06.08.16.31.33_veh-38_01589_02072,True,1.0,1.0,1.0,1.0,1.0,0.5,1.0
a5733ac394a553bb,2021.06.08.19.16.23_veh-26_00973_01139,True,1.0,1.0,0.7328326364820714,1.0,1.0,1.0,0.8886802652008631
d8dec08f065d551f,2021.08.31.18.15.54_veh-40_01143_01496,True,1.0,1.0,0.6689208119438302,1.0,1.0,1.0,0.8620503383099293
b671bff4f0885977,2021.10.05.06.31.40_veh-52_01598_02013,True,1.0,1.0,0.7481212609624348,1.0,1.0,1.0,0.8950505254010146
d1091971b52751c8,2021.10.05.07.49.39_veh-52_00934_01406,True,1.0,1.0,0.8211820375779717,1.0,1.0,1.0,0.9254925156574881
bcb0464c132759cf,2021.10.05.06.57.40_veh-50_00665_00857,True,1.0,1.0,0.7309581746454791,1.0,1.0,1.0,0.8878992394356162
c122cc148fe25ae7,2021.06.07.17.46.49_veh-35_02607_03120,True,1.0,1.0,0.9886978897612251,1.0,1.0,0.0,0.9952907874005105
49b408038b445768,2021.10.05.07.38.12_veh-50_01085_01463,True,1.0,0.0,0.0,1.0,1.0,1.0,0.0
6009dcd0adba5c57,2021.08.31.12.21.30_veh-40_00538_00638,True,1.0,1.0,0.6238917458613559,1.0,1.0,1.0,0.8432882274422315
03ec8c9b74a45c14,2021.10.05.07.38.12_veh-50_01477_01565,True,1.0,0.0,0.0,1.0,1.0,0.5,0.0
fbd0f7ff133b5ef4,2021.10.05.06.31.40_veh-52_00005_00342,True,1.0,1.0,0.72374771947999,1.0,1.0,1.0,0.8848948831166625
6e5e2d80ec915e15,2021.09.14.16.46.51_veh-45_00149_00900,True,1.0,1.0,0.8833168460770461,1.0,1.0,1.0,0.9513820191987691
4f4db1a7f4af5836,2021.06.07.17.46.49_veh-35_02607_03120,True,1.0,1.0,0.8662399111304742,1.0,1.0,1.0,0.9442666296376977
32acded506385aed,2021.06.07.13.53.57_veh-35_02489_03145,True,1.0,1.0,1.0,1.0,1.0,1.0,1.0
7110b9e42a8a5ff7,2021.10.05.06.31.40_veh-52_01598_02013,True,1.0,1.0,0.7680507056894732,0.0,1.0,1.0,0.4866877940372805
00060e3599d05532,2021.10.05.06.57.40_veh-50_00485_00624,True,1.0,1.0,0.7576758162220453,1.0,1.0,1.0,0.8990315900925189
8ae56117004f5fc2,2021.06.08.12.00.19_veh-35_01722_02119,True,1.0,1.0,0.8855935608987675,1.0,1.0,1.0,0.9523306503744865
beecf9a787245ed2,2021.08.09.18.37.41_veh-28_00053_00548,True,1.0,1.0,1.0,0.0,1.0,1.0,0.5833333333333334
cb837daf21ec5741,2021.10.05.04.38.41_veh-50_00576_00721,True,1.0,1.0,0.6594227880609468,1.0,1.0,1.0,0.8580928283587278
9d779c2882da51b6,2021.08.24.18.30.46_veh-08_02327_02583,True,1.0,0.0,0.0,1.0,1.0,1.0,0.0
dcfd0093cf8f55a9,2021.08.24.17.01.06_veh-45_00228_00689,True,1.0,1.0,1.0,1.0,1.0,1.0,1.0
fb96820d6ac75590,2021.08.24.20.03.01_veh-45_00824_00888,True,1.0,1.0,1.0,1.0,1.0,1.0,1.0
fc6c6696cecd53a4,2021.06.08.12.00.19_veh-35_03655_03792,True,1.0,1.0,0.8376868419795971,1.0,1.0,1.0,0.9323695174914987
c1381fbccb87508c,2021.10.05.07.38.12_veh-50_01085_01463,True,1.0,1.0,0.6881630789763336,1.0,1.0,1.0,0.8700679495734723
8d01189ae3605da4,2021.06.08.14.35.24_veh-26_02555_03004,True,1.0,1.0,1.0,1.0,1.0,1.0,1.0
7b295437163c5ad5,2021.10.05.06.24.06_veh-50_00717_01300,True,1.0,1.0,0.6382104899438811,1.0,1.0,1.0,0.8492543708099505
71c69f0fa88b5938,2021.06.08.12.00.19_veh-35_05235_05578,True,1.0,1.0,1.0,1.0,1.0,1.0,1.0
c634c2c7d2405547,2021.08.09.17.55.59_veh-28_01065_01167,True,1.0,1.0,1.0,1.0,1.0,1.0,1.0
e26a38577f9052a1,2021.08.24.17.37.11_veh-08_02359_02623,True,1.0,1.0,0.9351340759374053,1.0,1.0,1.0,0.9729725316405856
f2e7cd9a0f5f576c,2021.10.05.07.49.39_veh-52_00563_00680,True,1.0,1.0,0.7178816562560248,1.0,1.0,1.0,0.8824506901066771
7c137ad91d7e57a9,2021.08.31.14.40.58_veh-40_01268_01618,True,1.0,1.0,0.8309953757468571,1.0,1.0,1.0,0.9295814065611904
b02cfc4684ed58a1,2021.08.09.17.55.59_veh-28_00691_00876,True,1.0,0.0,0.0,1.0,1.0,1.0,0.0
f7a3034f50935dc3,2021.06.08.16.31.33_veh-38_01589_02072,True,1.0,1.0,0.7961882731734624,1.0,1.0,1.0,0.9150784471556094
7fce2be5ba195bdd,2021.07.24.23.50.16_veh-17_01696_02071,True,1.0,1.0,1.0,1.0,1.0,1.0,1.0
90818274e7a55895,2021.10.05.04.03.05_veh-50_01466_01790,True,1.0,1.0,0.7828366679867947,1.0,1.0,1.0,0.9095152783278312
c5ca672c6f2051ba,2021.08.31.14.40.58_veh-40_00679_00892,True,1.0,1.0,1.0,0.0,1.0,1.0,0.5833333333333334
a89648b4784955ae,2021.08.31.16.37.21_veh-40_00554_00733,True,1.0,1.0,1.0,1.0,1.0,1.0,1.0
8063f504239450dc,2021.06.08.12.54.54_veh-26_00733_00983,True,1.0,1.0,1.0,1.0,1.0,1.0,1.0
cb61af732abb5e73,2021.09.14.18.43.41_veh-45_00965_01195,True,1.0,1.0,0.8840815005336449,1.0,1.0,1.0,0.951700625222352
0cf0749ed5235a88,2021.06.07.19.29.59_veh-38_01025_01274,True,1.0,1.0,1.0,1.0,1.0,1.0,1.0
808b561741b554f4,2021.08.31.12.54.56_veh-40_00305_00667,True,1.0,1.0,0.8351618673833618,1.0,1.0,1.0,0.9313174447430675
b7c375395d165da9,2021.08.31.14.40.58_veh-40_00285_00456,True,1.0,1.0,0.6742065575267204,1.0,1.0,1.0,0.8642527323028002
99ad24c608165502,2021.10.05.06.24.06_veh-50_00717_01300,True,1.0,1.0,0.796546493128836,1.0,1.0,1.0,0.9152277054703483
a1a19416515c5b12,2021.06.07.13.53.57_veh-35_02489_03145,True,1.0,1.0,0.656729698180405,1.0,1.0,1.0,0.8569707075751687
746510746df95282,2021.06.07.19.29.59_veh-38_00474_00922,True,1.0,1.0,0.7668363648964154,1.0,1.0,1.0,0.9028484853735064
39435337f84251c7,2021.08.24.19.30.33_veh-45_01391_01523,True,1.0,1.0,0.669718514174488,1.0,1.0,1.0,0.8623827142393701
f07ff21b8cb952e8,2021.08.31.12.21.30_veh-40_00248_00367,True,1.0,1.0,0.7292122713194743,1.0,1.0,1.0,0.8871717797164477
c1a6f950058d566d,2021.08.31.18.15.54_veh-40_01143_01496,True,1.0,1.0,0.72738534478353,1.0,1.0,1.0,0.8864105603264708
4191ec565e2d58cd,2021.10.05.06.31.40_veh-52_00465_00713,True,1.0,1.0,1.0,1.0,1.0,1.0,1.0
1c44ea85120f5ec7,2021.08.24.20.03.01_veh-45_00824_00888,True,1.0,1.0,0.9026998224626468,1.0,1.0,1.0,0.9594582593594362
6a8c54a137fb57c1,2021.10.05.06.24.06_veh-50_00717_01300,True,1.0,1.0,0.8221275767465327,1.0,1.0,1.0,0.9258864903110554
b49c50e458085400,2021.06.07.19.43.00_veh-35_01782_01986,True,1.0,1.0,1.0,1.0,1.0,1.0,1.0
ef83ff6546ac5d94,2021.09.14.16.46.51_veh-45_00149_00900,True,1.0,1.0,0.7596645849550095,1.0,1.0,1.0,0.8998602437312541
422ab2f2f7f055ad,2021.08.24.18.30.46_veh-08_01674_01850,True,1.0,1.0,0.7841533110224029,1.0,1.0,1.0,0.9100638795926678
16952ed01ce95300,2021.08.09.18.37.41_veh-28_00053_00548,True,1.0,1.0,0.9410564597023856,1.0,1.0,1.0,0.9754401915426607
7cbe66ece5de5d91,2021.08.24.17.01.06_veh-45_01557_01681,True,1.0,0.0,0.0,1.0,1.0,1.0,0.0
5e8f4a85b7a75041,2021.08.24.18.07.48_veh-45_01504_01722,True,1.0,1.0,0.8544072466345959,1.0,1.0,1.0,0.939336352764415
89a8f53bae185c01,2021.06.07.13.53.57_veh-35_01772_02032,True,1.0,1.0,1.0,1.0,1.0,1.0,1.0
7e93d72a20d951cf,2021.10.05.04.03.05_veh-50_00365_00493,True,1.0,1.0,1.0,1.0,1.0,1.0,1.0
ebbf325388c35018,2021.06.07.13.53.57_veh-35_02489_03145,True,1.0,1.0,1.0,1.0,1.0,1.0,1.0
fffe19e14bc652b9,2021.08.09.18.37.41_veh-28_00053_00548,True,1.0,1.0,0.8820862959778014,1.0,1.0,1.0,0.9508692899907505
b66764ebd7e45233,2021.08.24.18.30.46_veh-08_02327_02583,True,1.0,1.0,0.9250916580831875,1.0,1.0,1.0,0.9687881908679948
1c22fe795a635121,2021.06.07.13.53.57_veh-35_01772_02032,True,1.0,1.0,0.9769588377574212,1.0,1.0,1.0,0.9903995157322588
b2db19e7b4de5f17,2021.10.05.08.11.15_veh-50_00970_01211,True,1.0,1.0,0.7528610032727392,1.0,1.0,1.0,0.897025418030308
352c11d4c67751c2,2021.06.07.17.48.02_veh-38_01949_02085,True,1.0,1.0,1.0,1.0,1.0,1.0,1.0
e6240ae0b1d75ece,2021.08.31.16.37.21_veh-40_00554_00733,True,1.0,1.0,1.0,1.0,1.0,1.0,1.0
71bb3fa674d05eba,2021.06.07.18.53.26_veh-26_00005_00427,True,1.0,1.0,1.0,1.0,1.0,1.0,1.0
5daeead519a8585d,2021.08.31.16.37.21_veh-40_01247_01379,True,1.0,1.0,0.8560237093689613,1.0,1.0,0.0,0.940009878903734
39b108ec07fa5ecf,2021.07.24.23.50.16_veh-17_01696_02071,True,1.0,1.0,1.0,1.0,1.0,1.0,1.0
d295cc3d643f5fa8,2021.10.05.08.11.15_veh-50_01222_01462,True,1.0,1.0,1.0,1.0,1.0,0.0,1.0
d4ca03f8465653d0,2021.10.05.07.38.12_veh-50_01085_01463,True,1.0,1.0,0.7873859571082411,1.0,1.0,1.0,0.9114108154617672
3081ec3801a05c51,2021.10.05.08.11.15_veh-50_01566_01801,True,1.0,1.0,0.5066672748387567,1.0,1.0,1.0,0.794444697849482
1d41bf824318525f,2021.09.14.18.43.41_veh-45_00965_01195,True,1.0,1.0,1.0,1.0,1.0,0.0,1.0
6b24853f72ad5a35,2021.08.24.15.09.18_veh-45_00216_00862,True,1.0,1.0,0.8928417199622838,1.0,1.0,1.0,0.9553507166509516
7803060499155fd0,2021.08.31.13.27.52_veh-40_00186_00414,True,1.0,1.0,0.6151014140041302,1.0,1.0,1.0,0.8396255891683876
00705468a6b75750,2021.10.05.08.11.15_veh-50_00163_00321,True,1.0,1.0,0.7843000782077795,1.0,1.0,1.0,0.9101250325865747
7dcf277f3fb255fd,2021.06.08.14.14.51_veh-35_01508_01763,True,1.0,1.0,0.8276764936579004,1.0,1.0,1.0,0.9281985390241253
bb74f000653c5565,2021.08.31.12.21.30_veh-40_00538_00638,True,1.0,1.0,0.7841298080867501,1.0,1.0,1.0,0.9100540867028126
dd99e190ef1358d5,2021.08.31.14.40.58_veh-40_01022_01255,True,1.0,1.0,0.5579897555919986,1.0,1.0,0.0,0.8158290648299994
d6fa0346a65c5ec3,2021.10.05.07.10.04_veh-52_00418_00563,True,1.0,1.0,0.4843004128619437,1.0,1.0,1.0,0.7851251720258099
979889238ce55351,2021.08.31.18.15.54_veh-40_00335_00568,True,0.5,0.0,0.0,0.0,1.0,1.0,0.0
310cc4a86f6c58e0,2021.08.09.17.55.59_veh-28_00021_00307,True,1.0,1.0,0.9130434782066009,1.0,1.0,0.5,0.9637681159194171
174e9f60a28d5947,2021.10.05.06.31.40_veh-52_01316_01565,True,1.0,1.0,1.0,1.0,1.0,1.0,1.0
e8de73ec105154bd,2021.10.05.06.57.40_veh-50_00485_00624,True,1.0,1.0,0.9922808057366815,1.0,1.0,1.0,0.9967836690569506
c9c30fa5a8825ca9,2021.10.05.06.31.40_veh-52_00734_01305,True,1.0,1.0,0.6819188024134352,1.0,1.0,1.0,0.8674661676722647
369d9d7385485fc9,2021.10.05.08.11.15_veh-50_01566_01801,True,1.0,1.0,0.6800430865255442,1.0,1.0,1.0,0.8666846193856435
d7a3fa63398e5910,2021.08.31.13.27.52_veh-40_01330_01491,True,1.0,1.0,1.0,1.0,1.0,1.0,1.0
8772f982a47456cc,2021.06.07.17.46.49_veh-35_02607_03120,True,1.0,1.0,1.0,1.0,1.0,1.0,1.0
0824dde3a1395fb5,2021.07.24.18.06.35_veh-35_03664_03799,True,1.0,1.0,1.0,1.0,1.0,1.0,1.0
0ca9e1e49003507d,2021.08.31.13.27.52_veh-40_00869_01319,True,1.0,1.0,1.0,1.0,1.0,1.0,1.0
81d8f26e2ed1584c,2021.10.05.07.10.04_veh-52_01442_01802,True,1.0,1.0,0.8448558172551299,1.0,1.0,1.0,0.9353565905229709
89aea1f9fc4e5991,2021.06.08.12.54.54_veh-26_04262_04732,True,1.0,1.0,0.7610735832270419,1.0,1.0,1.0,0.9004473263446008
f16b2f8337dc5945,2021.06.08.12.00.19_veh-35_01722_02119,True,1.0,1.0,0.9248234253977813,1.0,1.0,1.0,0.9686764272490755
522f874373fa5a26,2021.10.05.06.57.40_veh-50_00025_00261,True,1.0,1.0,0.7130896334503345,1.0,1.0,1.0,0.8804540139376393
92123d3edf005e66,2021.09.14.18.43.41_veh-45_02503_03013,True,1.0,1.0,0.9194968573614436,1.0,1.0,1.0,0.9664570239006015
3db9e6dfb3a45e85,2021.08.24.18.30.46_veh-08_02327_02583,True,1.0,1.0,0.9799845087182966,1.0,1.0,1.0,0.9916602119659569
1adc63b8822050f1,2021.10.05.07.38.12_veh-50_00132_00234,True,1.0,1.0,0.7758051856081044,1.0,1.0,1.0,0.906585494003377
f647b4d0b3fc5be1,2021.08.31.13.27.52_veh-40_00869_01319,True,1.0,0.0,0.0,1.0,1.0,1.0,0.0
31761b44fb575a10,2021.10.05.06.57.40_veh-50_00665_00857,True,1.0,1.0,0.5672936364369048,1.0,1.0,1.0,0.8197056818487103
3f6d991e9f565b22,2021.06.08.14.36.49_veh-38_00312_00694,True,1.0,1.0,0.879351439060096,1.0,1.0,1.0,0.94972976627504
6f2b90a1069b554c,2021.08.24.18.30.46_veh-08_01985_02093,True,0.0,1.0,0.0,0.0,1.0,1.0,0.0
3dc32a6af0725b05,2021.07.24.22.52.16_veh-35_03236_04096,True,1.0,1.0,1.0,1.0,1.0,1.0,1.0
50ebd86102b353a7,2021.06.08.12.54.54_veh-26_00015_00507,True,1.0,1.0,0.9269117177410188,1.0,1.0,1.0,0.9695465490587578
1c8c8ddd889f5b0a,2021.09.14.18.43.41_veh-45_01245_01529,True,1.0,1.0,0.7158420993819827,1.0,1.0,1.0,0.8816008747424928
f8eaa92fb16e51fc,2021.07.24.22.52.16_veh-35_03236_04096,True,1.0,1.0,1.0,1.0,1.0,1.0,1.0
cdf72c63ef65563c,2021.06.08.12.54.54_veh-26_00015_00507,True,1.0,1.0,1.0,1.0,1.0,1.0,1.0
d6c146ca093257d1,2021.08.31.14.40.58_veh-40_01022_01255,True,1.0,1.0,1.0,1.0,1.0,0.5,1.0
70404c3471fe5b1b,2021.10.05.07.38.12_veh-50_01085_01463,True,1.0,1.0,0.819599604057139,1.0,1.0,1.0,0.9248331683571412
bbc3d2b57fef5f35,2021.08.31.11.47.30_veh-40_00393_00847,True,1.0,1.0,0.952782363754629,1.0,1.0,1.0,0.9803259848977621
6b0cb0930fbd5f27,2021.09.14.18.43.41_veh-45_00885_00952,True,1.0,1.0,1.0,1.0,1.0,1.0,1.0
317b907e0f335487,2021.10.05.07.38.12_veh-50_01085_01463,True,1.0,1.0,0.6249319814664305,1.0,1.0,1.0,0.843721658944346
3b2a73c895d6574f,2021.08.24.14.35.46_veh-45_00549_00693,True,1.0,1.0,0.7642282547818202,1.0,1.0,1.0,0.9017617728257584
82ab06340d015706,2021.08.31.12.21.30_veh-40_00538_00638,True,1.0,1.0,0.8268476622947273,1.0,1.0,1.0,0.927853192622803
b4ab7932b9a757c0,2021.06.07.17.46.49_veh-35_04839_05184,True,1.0,1.0,1.0,1.0,1.0,1.0,1.0
798ae4e7fe30509a,2021.10.05.07.49.39_veh-52_00934_01406,True,1.0,0.0,0.0,1.0,1.0,1.0,0.0
502c3a09873c5bdd,2021.08.24.15.09.18_veh-45_00216_00862,True,1.0,1.0,0.901513865245587,1.0,1.0,1.0,0.9589641105189944
0d9db69144d15f08,2021.08.31.16.37.21_veh-40_01247_01379,True,1.0,1.0,0.5412333697394489,1.0,1.0,1.0,0.8088472373914369
d3f7777d44e35f24,2021.06.08.17.25.03_veh-35_02448_02655,True,1.0,1.0,0.9599040268552207,1.0,1.0,1.0,0.9832933445230086
689babffb25953ed,2021.08.31.12.54.56_veh-40_00725_00909,True,1.0,1.0,0.6392085035663947,1.0,1.0,1.0,0.8496702098193311
25f30d4f06d35119,2021.10.05.04.03.05_veh-50_00536_00637,True,1.0,0.0,0.0,1.0,1.0,1.0,0.0
9a2d2a6ae01e523a,2021.06.08.14.35.24_veh-26_01989_02235,True,1.0,1.0,1.0,1.0,1.0,1.0,1.0
55835b69da375748,2021.08.31.18.15.54_veh-40_00038_00199,True,1.0,1.0,1.0,0.0,1.0,0.5,0.5833333333333334
8431d5104f3455c9,2021.10.05.04.03.05_veh-50_00365_00493,True,1.0,1.0,1.0,1.0,1.0,1.0,1.0
f84024e453fb57e4,2021.10.05.06.57.40_veh-50_01131_01452,True,1.0,0.0,0.0,0.0,1.0,1.0,0.0
d428d5c914d859ea,2021.06.08.18.18.30_veh-38_05578_05988,True,1.0,1.0,1.0,1.0,1.0,1.0,1.0
33a8a4499f4059df,2021.09.14.16.46.51_veh-45_00149_00900,True,1.0,1.0,1.0,1.0,1.0,1.0,1.0
d7ab8347278e516a,2021.09.14.20.42.30_veh-45_00805_01078,True,1.0,1.0,1.0,0.0,1.0,1.0,0.5833333333333334
c4a6e6364c1b5f27,2021.07.24.22.52.16_veh-35_03236_04096,True,1.0,1.0,1.0,1.0,1.0,1.0,1.0
ff81f481d2ad5270,2021.08.31.11.47.30_veh-40_00393_00847,True,1.0,1.0,0.6780575912880575,1.0,1.0,1.0,0.8658573297033573
168457afe0ea5299,2021.08.31.13.27.52_veh-40_01330_01491,True,1.0,1.0,0.8080654306302844,1.0,1.0,1.0,0.9200272627626185
7a06f3473dbc5f19,2021.08.31.14.01.15_veh-40_00407_00497,True,1.0,0.0,0.0,1.0,1.0,1.0,0.0
b8adc82de5ae50e2,2021.08.31.13.27.52_veh-40_01330_01491,True,1.0,1.0,0.786741783585334,1.0,1.0,1.0,0.9111424098272224
aecfe3d39819549c,2021.10.05.07.49.39_veh-52_00934_01406,True,1.0,1.0,0.7058237240413703,1.0,1.0,1.0,0.8774265516839043
98e5b6890d0f5828,2021.10.05.08.11.15_veh-50_01566_01801,True,1.0,1.0,0.6180527680319026,1.0,1.0,1.0,0.8408553200132927
74bf6d6503a75723,2021.08.31.11.47.30_veh-40_01362_01737,True,1.0,1.0,0.9103413729006917,1.0,1.0,1.0,0.9626422387086215
30a6cff776ef563b,2021.07.24.22.52.16_veh-35_03236_04096,True,1.0,1.0,0.988078620046101,1.0,1.0,1.0,0.9950327583525421
84653e2b2f095168,2021.08.24.15.09.18_veh-45_00216_00862,True,1.0,1.0,0.8993435011617847,1.0,1.0,1.0,0.9580597921507437
ad48387bb42d5e30,2021.10.05.06.31.40_veh-52_00734_01305,True,1.0,1.0,0.8158670666906822,1.0,1.0,1.0,0.9232779444544509
2da67aeba34d548e,2021.06.08.12.00.19_veh-35_02135_02369,True,1.0,1.0,0.8844019924168431,1.0,1.0,1.0,0.951834163507018
d4bef67fb3d85a72,2021.10.05.04.03.05_veh-50_01466_01790,True,1.0,1.0,0.7000976523968429,1.0,1.0,1.0,0.8750406884986845
72a042eb908456c4,2021.06.08.12.54.54_veh-26_02994_03970,True,1.0,1.0,0.7216334158046194,1.0,1.0,1.0,0.8840139232519247
d3d2e1f595c15eab,2021.08.31.14.40.58_veh-40_01022_01255,True,1.0,1.0,0.7742547313163608,1.0,1.0,1.0,0.9059394713818171
accc3c90226251ed,2021.10.05.04.38.41_veh-50_00014_00429,True,1.0,1.0,0.7955547398983315,1.0,1.0,1.0,0.914814474957638
0695b36d39c75e1d,2021.10.05.07.49.39_veh-52_00563_00680,True,1.0,1.0,0.694791908818265,1.0,1.0,1.0,0.8728299620076104
c5916c0586bd5bc8,2021.06.07.17.46.49_veh-35_02607_03120,True,1.0,1.0,0.7443648569561169,1.0,1.0,1.0,0.8934853570650487
accaa5c04d6953ba,2021.10.05.08.11.15_veh-50_00163_00321,True,1.0,1.0,0.9090754853849099,1.0,1.0,1.0,0.9621147855770458
f726da8164825fa1,2021.10.05.07.10.04_veh-52_00689_01322,True,1.0,1.0,0.7789146337570836,1.0,1.0,1.0,0.9078810973987848
7fd0fb8afe5a55a6,2021.10.05.04.38.41_veh-50_00753_00956,True,1.0,1.0,0.7474059754259301,1.0,1.0,1.0,0.8947524897608042
99631aeb988a569d,2021.06.08.16.31.33_veh-38_00015_00262,True,1.0,1.0,1.0,1.0,1.0,1.0,1.0
833e43f0df0b50c4,2021.10.05.06.24.06_veh-50_00717_01300,True,1.0,1.0,0.6292539593644373,1.0,1.0,1.0,0.8455224830685154
ef8f0b7e80615e88,2021.10.05.08.11.15_veh-50_01566_01801,True,1.0,1.0,0.7214393158646217,1.0,1.0,1.0,0.8839330482769258
d8ea816b0cba507d,2021.08.31.14.40.58_veh-40_00679_00892,True,1.0,1.0,1.0,1.0,1.0,0.0,1.0
5ba6a3b7b52259f2,2021.08.24.19.30.33_veh-45_01391_01523,True,1.0,1.0,1.0,1.0,1.0,1.0,1.0
00bec506fbe7597c,2021.06.08.17.36.50_veh-26_03873_04225,True,1.0,1.0,1.0,1.0,1.0,1.0,1.0
ec2ba5c300635edc,2021.06.07.18.53.26_veh-26_01208_01412,True,1.0,1.0,0.8273309731632125,1.0,1.0,1.0,0.9280545721513386
2f4d937ccb9359c6,2021.10.05.07.10.04_veh-52_00689_01322,True,1.0,1.0,0.8914391189283047,1.0,1.0,1.0,0.9547662995534604
073eb57aa4e1546c,2021.08.31.14.40.58_veh-40_00679_00892,True,1.0,1.0,0.9678497412128696,1.0,1.0,1.0,0.9866040588386956
0dcc7c4298465874,2021.10.05.08.11.15_veh-50_00970_01211,True,1.0,1.0,0.8012522404023539,1.0,1.0,1.0,0.9171884335009808
527ba01efc975cc8,2021.06.07.17.46.49_veh-35_02607_03120,True,1.0,1.0,0.7153356194295583,1.0,1.0,1.0,0.8813898414289826
f418f6ad5e50559b,2021.08.24.20.03.01_veh-45_00269_00428,True,1.0,1.0,0.8947114680091713,1.0,1.0,1.0,0.9561297783371548
a0de9f558af95417,2021.10.05.06.24.06_veh-50_00431_00527,True,1.0,1.0,0.7141446630728943,1.0,1.0,1.0,0.880893609613706
ceee1351edc152f7,2021.08.31.11.47.30_veh-40_00248_00376,True,1.0,1.0,0.9135822095711514,1.0,1.0,1.0,0.9639925873213131
a127c06c1bcc54c0,2021.08.31.11.47.30_veh-40_00393_00847,True,1.0,1.0,0.9925785638912837,1.0,1.0,1.0,0.9969077349547014
6da6635285fa5630,2021.08.24.20.03.01_veh-45_00171_00238,True,1.0,1.0,0.7651651916292126,0.0,1.0,1.0,0.48548549651217193
f0c1c3df9ead5fd6,2021.08.31.17.42.52_veh-40_00389_00526,True,1.0,1.0,1.0,1.0,1.0,1.0,1.0
3d481e42cce653a9,2021.08.31.16.37.21_veh-40_01405_01642,True,1.0,1.0,0.8968710592161122,1.0,1.0,1.0,0.9570296080067134
4cd5bb8cf4fd52fa,2021.06.08.12.54.54_veh-26_00015_00507,True,1.0,1.0,1.0,1.0,1.0,1.0,1.0
3cd7f7b891785a48,2021.08.24.19.30.33_veh-45_01391_01523,True,1.0,1.0,1.0,1.0,1.0,1.0,1.0
173503c1edc85437,2021.06.07.17.46.49_veh-35_02607_03120,True,1.0,1.0,0.96178012220297,1.0,1.0,1.0,0.9840750509179043
8af92423fc165b93,2021.06.07.18.53.26_veh-26_01208_01412,True,1.0,1.0,0.8191678790563941,1.0,1.0,1.0,0.9246532829401642
2262dc803bd959db,2021.08.09.18.37.41_veh-28_00648_00730,True,1.0,1.0,0.8737827374529038,1.0,1.0,1.0,0.94740947393871
6b56e8b5a3b05944,2021.08.31.11.47.30_veh-40_01146_01347,True,1.0,1.0,0.9439074449188016,1.0,1.0,0.0,0.9766281020495007
648fda3ae08a5a33,2021.08.24.18.07.48_veh-45_00873_01142,True,1.0,1.0,0.7238885977782096,1.0,1.0,1.0,0.8849535824075874
f8b8d91f09615b8c,2021.06.08.17.25.03_veh-35_03522_03716,True,1.0,1.0,1.0,0.0,1.0,1.0,0.5833333333333334
c3feb114d7f95ef4,2021.10.05.06.57.40_veh-50_00485_00624,True,1.0,1.0,0.520326099929405,1.0,1.0,1.0,0.8001358749705855
199d7ff8db945a33,2021.06.08.18.18.30_veh-38_05578_05988,True,1.0,1.0,0.7881736088087489,1.0,1.0,1.0,0.911739003670312
f897eead637451d2,2021.10.05.06.57.40_veh-50_01658_01796,True,1.0,1.0,0.72768168547982,1.0,1.0,1.0,0.8865340356165916
75acc8ebb2a6523b,2021.10.05.06.57.40_veh-50_00025_00261,True,1.0,1.0,0.8754041704472266,1.0,1.0,1.0,0.9480850710196776
c9a8f51734b8566a,2021.10.05.07.49.39_veh-52_01417_01574,True,1.0,1.0,0.7961844343299012,1.0,1.0,1.0,0.9150768476374589
8e49b7bddf4f5a15,2021.09.14.20.42.30_veh-45_00805_01078,True,1.0,1.0,0.9982762100842268,1.0,1.0,1.0,0.9992817542017612
eba213863a075b4c,2021.10.05.08.11.15_veh-50_01222_01462,True,1.0,1.0,0.5757473320113152,1.0,1.0,1.0,0.8232280550047147
537ae20acba557a6,2021.08.31.17.42.52_veh-40_00389_00526,True,1.0,1.0,0.8485819347600084,1.0,1.0,1.0,0.9369091394833369
bf566fb659a555d2,2021.10.05.04.38.41_veh-50_00996_01109,True,1.0,1.0,1.0,1.0,1.0,1.0,1.0
77ded26c7a9654ad,2021.07.24.23.50.16_veh-17_01696_02071,True,1.0,1.0,0.5411809753092537,1.0,1.0,1.0,0.8088254063788557
519885761a2a5a69,2021.10.05.04.03.05_veh-50_00058_00321,True,1.0,1.0,0.9084076421006685,1.0,1.0,1.0,0.9618365175419452
5e438ad32e78552a,2021.08.31.17.42.52_veh-40_01033_01313,True,1.0,1.0,1.0,1.0,1.0,1.0,1.0
ae3ab9cc1e285e4d,2021.06.08.12.00.19_veh-35_01722_02119,True,1.0,1.0,0.834577645990408,1.0,1.0,1.0,0.93107401916267
90c2a85ccf585341,2021.08.24.20.03.01_veh-45_00687_00787,True,1.0,1.0,1.0,1.0,1.0,1.0,1.0
8bf4bc736e535e2a,2021.08.31.18.15.54_veh-40_00038_00199,True,1.0,0.0,0.0,1.0,1.0,1.0,0.0
53da93b2332857bd,2021.08.09.17.55.59_veh-28_00691_00876,True,1.0,0.0,0.0,1.0,1.0,1.0,0.0
8596a0410ea753cd,2021.10.05.08.11.15_veh-50_00163_00321,True,1.0,1.0,0.8291753793593197,1.0,1.0,1.0,0.9288230747330499
fd522540ec9b5d12,2021.09.14.16.46.51_veh-45_02322_02510,True,1.0,1.0,1.0,1.0,1.0,1.0,1.0
51c4c97139815d1a,2021.09.14.18.43.41_veh-45_00965_01195,True,1.0,1.0,0.8615168700005398,1.0,1.0,1.0,0.9422986958335583
71c8ce6dcc8e5e40,2021.10.05.04.38.41_veh-50_00753_00956,True,1.0,1.0,0.8101804134126993,1.0,1.0,1.0,0.9209085055886247
3817d4eca2e1557a,2021.06.08.12.00.19_veh-35_03451_03644,True,1.0,1.0,0.7473965668712471,1.0,1.0,1.0,0.8947485695296863
438a8145e6025153,2021.10.05.06.24.06_veh-50_01420_01553,True,1.0,1.0,0.6984498885261383,1.0,1.0,1.0,0.8743541202192242
d695b34c71215217,2021.10.05.06.31.40_veh-52_01598_02013,True,1.0,1.0,0.7646824081991502,1.0,1.0,1.0,0.9019510034163126
fc2ed2f866c253d4,2021.08.31.13.27.52_veh-40_01330_01491,True,1.0,1.0,0.8013948331283918,1.0,1.0,1.0,0.9172478471368298
2ba922b04f705ac8,2021.07.24.18.06.35_veh-35_03664_03799,True,1.0,1.0,0.8527229974265693,1.0,1.0,1.0,0.9386345822610705
c9ddf1913f325de4,2021.08.31.18.15.54_veh-40_00038_00199,True,1.0,1.0,0.8441609166862934,1.0,1.0,1.0,0.9350670486192888
ab64601e1d305356,2021.10.05.07.38.12_veh-50_00898_01058,True,1.0,1.0,0.9111801131242528,1.0,1.0,1.0,0.9629917138017721
40d181f928905824,2021.08.24.18.30.46_veh-08_01674_01850,True,1.0,1.0,0.7224026302708968,1.0,1.0,1.0,0.8843344292795403
68c5ccd303c65931,2021.06.07.18.53.26_veh-26_00005_00427,True,1.0,1.0,0.9366254339313459,1.0,1.0,1.0,0.9735939308047273
8cffb31aa9bc5f4f,2021.06.08.17.25.03_veh-35_02448_02655,True,1.0,1.0,0.8248363829369907,1.0,1.0,1.0,0.9270151595570795
ae89d236367652eb,2021.08.31.17.42.52_veh-40_01551_01684,True,1.0,1.0,0.8256077631265766,1.0,1.0,1.0,0.927336567969407
315e77baaba657ef,2021.06.08.14.36.49_veh-38_00312_00694,True,1.0,1.0,1.0,1.0,1.0,1.0,1.0
f9a3f1194ecf5691,2021.08.31.16.37.21_veh-40_01655_01736,True,1.0,1.0,0.7967012438105325,1.0,1.0,1.0,0.9152921849210552
7e7576a611b35fcb,2021.08.24.18.30.46_veh-08_02327_02583,True,1.0,1.0,0.8312671748163177,1.0,1.0,1.0,0.9296946561734657
0e028a1ac3935fbf,2021.10.05.04.38.41_veh-50_00014_00429,True,1.0,0.0,0.0,1.0,1.0,1.0,0.0
a75d47c9583d5f0c,2021.06.08.14.35.24_veh-26_02555_03004,True,1.0,1.0,0.8852008585318922,1.0,1.0,1.0,0.9521670243882884
73803057e8015b24,2021.10.05.07.38.12_veh-50_01085_01463,True,1.0,1.0,0.8178893281976873,1.0,1.0,1.0,0.924120553415703
7549c9ea25c85f4e,2021.09.14.16.46.51_veh-45_00149_00900,True,1.0,0.0,0.0,1.0,1.0,1.0,0.0
7fba3e79d3f951f9,2021.06.08.17.25.03_veh-35_02448_02655,True,1.0,1.0,1.0,1.0,1.0,1.0,1.0
3c9f665179cb59b6,2021.08.24.15.09.18_veh-45_00216_00862,True,1.0,1.0,0.45516338462309797,1.0,1.0,1.0,0.7729847435929574
46520cfa1af3501b,2021.06.08.12.00.19_veh-35_03655_03792,True,1.0,1.0,1.0,1.0,1.0,1.0,1.0
0c930915da8f5da0,2021.06.08.17.25.03_veh-35_03522_03716,True,1.0,1.0,1.0,1.0,1.0,1.0,1.0
a9a903fc372c5c31,2021.10.05.07.10.04_veh-52_00252_00406,True,1.0,1.0,0.7528848948767938,1.0,1.0,1.0,0.8970353728653307
c19c910d51a05b2b,2021.10.05.04.03.05_veh-50_01003_01426,True,1.0,1.0,0.6316901433252494,1.0,1.0,1.0,0.8465375597188539
b67e711c93bf51a4,2021.06.08.12.54.54_veh-26_01289_01417,True,1.0,1.0,0.7344896336474128,1.0,1.0,1.0,0.889370680686422
3fdcbaf6a2bf5d73,2021.06.07.17.46.49_veh-35_04084_04828,True,1.0,1.0,1.0,1.0,1.0,1.0,1.0
92b6685ef05e5117,2021.09.14.16.46.51_veh-45_00149_00900,True,1.0,1.0,0.7390243353671428,1.0,1.0,1.0,0.8912601397363096
7a014eca03e55297,2021.08.09.17.55.59_veh-28_00320_00544,True,1.0,1.0,0.8455181442871234,1.0,1.0,1.0,0.9356325601196347
6664a79a3a795cd1,2021.08.24.17.01.06_veh-45_00228_00689,True,1.0,1.0,0.921703076376451,1.0,1.0,1.0,0.9673762818235213
365ba1d90e9b5e70,2021.10.05.06.57.40_veh-50_01493_01624,True,1.0,1.0,0.6633023641029595,1.0,1.0,1.0,0.8597093183762331
49816c23e6215793,2021.08.24.14.25.28_veh-42_00333_00472,True,1.0,1.0,1.0,1.0,1.0,1.0,1.0
426709c0ebdb5c89,2021.10.05.06.31.40_veh-52_00465_00713,True,1.0,1.0,0.7685918459493362,1.0,1.0,1.0,0.9035799358122234
5566038d7b605617,2021.10.05.04.38.41_veh-50_00753_00956,True,1.0,1.0,0.807746023474957,1.0,1.0,1.0,0.9198941764478988
00ab4b38724e5f47,2021.06.08.18.18.30_veh-38_05578_05988,True,1.0,1.0,0.7608260925779923,1.0,1.0,1.0,0.9003442052408301
0212024f3ed154ac,2021.09.14.20.42.30_veh-45_00805_01078,True,1.0,1.0,0.8224515632703625,1.0,1.0,1.0,0.9260214846959843
60eb3d13b49758b6,2021.07.24.22.52.16_veh-35_03236_04096,True,1.0,1.0,1.0,1.0,1.0,1.0,1.0
98a599f156b551a2,2021.08.31.18.15.54_veh-40_00038_00199,True,1.0,1.0,0.8219777828631019,1.0,1.0,1.0,0.925824076192959
17289b9ef04c57ac,2021.08.31.16.37.21_veh-40_00798_00955,True,1.0,1.0,1.0,0.0,1.0,1.0,0.5833333333333334
1c838161da32513a,2021.09.14.16.46.51_veh-45_00149_00900,True,1.0,0.0,0.0,1.0,1.0,1.0,0.0
7ef666e2075a5db5,2021.10.05.07.10.04_veh-52_00689_01322,True,1.0,1.0,1.0,1.0,1.0,1.0,1.0
c5a3e38086f851eb,2021.10.05.07.38.12_veh-50_01085_01463,True,1.0,1.0,0.7806621328308121,1.0,1.0,1.0,0.9086092220128384
2f860282bb065d95,2021.10.05.06.31.40_veh-52_00734_01305,True,1.0,1.0,0.5405431719379808,1.0,1.0,1.0,0.8085596549741587
bfcd42d6b08b5080,2021.08.31.11.47.30_veh-40_00393_00847,True,1.0,1.0,1.0,1.0,1.0,1.0,1.0
2262f222b07155db,2021.10.05.06.31.40_veh-52_00734_01305,True,1.0,1.0,0.686577005130975,1.0,1.0,1.0,0.8694070854712396
d2133889d04e5f16,2021.10.05.06.31.40_veh-52_01316_01565,True,1.0,1.0,0.7760918539932826,1.0,1.0,1.0,0.9067049391638676
cc3d8bf2a6555e15,2021.10.05.04.03.05_veh-50_00058_00321,True,1.0,1.0,1.0,1.0,1.0,1.0,1.0
290874b67076528b,2021.08.09.18.37.41_veh-28_00053_00548,True,1.0,1.0,0.87608723521794,1.0,1.0,1.0,0.9483696813408082
b65e09c4d8125da0,2021.10.05.08.11.15_veh-50_00970_01211,True,1.0,1.0,0.6541962450825926,1.0,1.0,1.0,0.855915102117747
9e5f2c6ec3e65aa8,2021.10.05.07.10.04_veh-52_00596_00663,True,1.0,1.0,1.0,1.0,1.0,1.0,1.0
da91d0f0035b59d3,2021.09.14.18.43.41_veh-45_01245_01529,True,1.0,1.0,1.0,1.0,1.0,1.0,1.0
57b0715a8155530c,2021.10.05.06.57.40_veh-50_01493_01624,True,1.0,1.0,0.8367909519338083,1.0,1.0,1.0,0.9319962299724202
4cbaff8a149e5f71,2021.08.31.18.15.54_veh-40_00038_00199,True,1.0,1.0,0.8979851054930783,1.0,1.0,1.0,0.9574937939554493
e7cf057745c45054,2021.06.08.12.00.19_veh-35_05235_05578,True,1.0,1.0,1.0,1.0,1.0,1.0,1.0
b3587e161dc85358,2021.06.08.14.14.51_veh-35_00893_01188,True,1.0,1.0,0.8853964443915244,1.0,1.0,1.0,0.9522485184964685
c27fbd9c4be459ae,2021.08.09.18.37.41_veh-28_00053_00548,True,1.0,1.0,0.6124808580446209,1.0,1.0,1.0,0.8385336908519254
d5e23cc4aa835184,2021.06.07.12.54.00_veh-35_01843_02314,True,1.0,1.0,1.0,1.0,1.0,1.0,1.0
7c554f2629af5770,2021.09.14.16.46.51_veh-45_00149_00900,True,1.0,1.0,0.9806551239481133,1.0,1.0,1.0,0.9919396349783804
c1119b7bb01d5a1d,2021.10.05.04.38.41_veh-50_00014_00429,True,1.0,1.0,0.528110205858278,1.0,1.0,1.0,0.8033792524409491
773a35771de759dd,2021.10.05.06.31.40_veh-52_00465_00713,True,1.0,1.0,0.7047732047128259,1.0,1.0,1.0,0.8769888352970107
e1f85e95103f588e,2021.06.07.17.46.49_veh-35_04839_05184,True,1.0,0.0,0.0,1.0,1.0,1.0,0.0
ceffa062463153a3,2021.10.05.04.03.05_veh-50_00058_00321,True,1.0,0.0,0.0,1.0,1.0,1.0,0.0
44dbdba9f1235c1d,2021.08.31.14.40.58_veh-40_01268_01618,True,1.0,1.0,0.9687510034531642,1.0,1.0,1.0,0.9869795847721518
91a574e45ce45658,2021.08.24.17.01.06_veh-45_00228_00689,True,1.0,0.0,0.0,1.0,1.0,1.0,0.0
49ce701ec7545e81,2021.08.31.17.42.52_veh-40_01033_01313,True,1.0,1.0,0.9613495108287572,1.0,1.0,1.0,0.9838956295119822
be5eec1e4bb15359,2021.06.07.13.53.57_veh-35_02489_03145,True,1.0,1.0,1.0,1.0,1.0,1.0,1.0
13b78096be325992,2021.10.05.08.11.15_veh-50_01222_01462,True,1.0,1.0,1.0,1.0,1.0,1.0,1.0
742324d8909c59b0,2021.10.05.04.38.41_veh-50_00753_00956,True,1.0,1.0,0.7373084301747366,1.0,1.0,1.0,0.8905451792394735
a4e3f3603b2952fb,2021.06.08.19.16.23_veh-26_00973_01139,True,1.0,1.0,0.6881405448998569,1.0,1.0,1.0,0.8700585603749404
fd439147cfcd53d3,2021.09.14.18.43.41_veh-45_00965_01195,True,1.0,1.0,0.784742830787664,1.0,1.0,1.0,0.9103095128281934
6deeb11365945fb1,2021.10.05.04.03.05_veh-50_00648_00744,True,1.0,1.0,1.0,1.0,1.0,0.0,1.0
a4de6233fbe552e5,2021.06.07.13.53.57_veh-35_02489_03145,True,1.0,1.0,1.0,1.0,1.0,1.0,1.0
656c938e652e55f8,2021.06.07.13.53.57_veh-35_02489_03145,True,1.0,1.0,0.9290215378644602,1.0,1.0,1.0,0.9704256407768584
3609537de0105997,2021.10.05.08.11.15_veh-50_00163_00321,True,1.0,1.0,0.7519857117904899,1.0,1.0,1.0,0.8966607132460375
d6e6a774e1025ba3,2021.08.24.15.09.18_veh-45_00216_00862,True,1.0,0.0,0.0,1.0,1.0,1.0,0.0
1512207f510f55ad,2021.08.31.16.37.21_veh-40_01655_01736,True,0.0,1.0,0.0,0.0,1.0,1.0,0.0
e216136c3cf2595f,2021.10.05.04.03.05_veh-50_01466_01790,True,1.0,1.0,0.9689861891653344,1.0,1.0,1.0,0.9870775788188894
4667f08908cc5ee6,2021.09.14.18.43.41_veh-45_02503_03013,True,1.0,1.0,0.8570347275820446,1.0,1.0,1.0,0.9404311364925185
fbf5b0da3ef6574e,2021.10.05.08.11.15_veh-50_01566_01801,True,1.0,1.0,0.7087973679748664,1.0,1.0,1.0,0.8786655699895277
55fa0f92201a5011,2021.08.24.14.35.46_veh-45_01568_01663,True,1.0,1.0,0.8759189599084138,1.0,1.0,1.0,0.9482995666285058
1215a1ddc3505fa7,2021.10.05.07.10.04_veh-52_00689_01322,True,1.0,1.0,0.6593575942560942,1.0,1.0,1.0,0.8580656642733726
0be55e66f8c258d8,2021.08.24.17.34.27_veh-45_01478_01553,True,1.0,1.0,1.0,1.0,1.0,1.0,1.0
4d662b889a905426,2021.10.05.06.24.06_veh-50_01420_01553,True,1.0,1.0,1.0,1.0,1.0,1.0,1.0
ba0d0bd008d55a1e,2021.06.07.18.53.26_veh-26_01208_01412,True,1.0,1.0,1.0,1.0,1.0,1.0,1.0
ff3bba0dd7d25848,2021.10.05.07.10.04_veh-52_01442_01802,True,1.0,1.0,0.7582578857607614,1.0,1.0,1.0,0.899274119066984
ae8cc27f85af5cf8,2021.06.07.19.29.59_veh-38_01025_01274,True,1.0,1.0,0.7816279579607102,1.0,1.0,1.0,0.9090116491502959
7f9c9b18c6765311,2021.10.05.06.24.06_veh-50_00717_01300,True,1.0,1.0,0.8162356684316558,1.0,1.0,1.0,0.9234315285131899
5fc75556062e5bdf,2021.06.08.14.14.51_veh-35_00893_01188,True,1.0,1.0,1.0,1.0,1.0,1.0,1.0
de21709e722d5d73,2021.10.05.06.57.40_veh-50_00485_00624,True,1.0,1.0,0.8008373150354409,1.0,1.0,1.0,0.9170155479314337
3818957d51785264,2021.06.07.17.46.49_veh-35_04084_04828,True,1.0,1.0,0.8299162166396522,1.0,1.0,1.0,0.9291317569331884
9a529e4b91e05065,2021.10.05.06.31.40_veh-52_00734_01305,True,1.0,1.0,0.6091354712042283,1.0,1.0,1.0,0.8371397796684285
81ea351d9261525e,2021.10.05.07.10.04_veh-52_00418_00563,True,1.0,1.0,0.7803512117559491,1.0,1.0,1.0,0.9084796715649789
ec755c6407c85fa8,2021.10.05.04.38.41_veh-50_00014_00429,True,1.0,1.0,0.8833071878298259,1.0,1.0,1.0,0.9513779949290941
ad2d8addcf0a5a26,2021.10.05.06.57.40_veh-50_01131_01452,True,1.0,1.0,0.572179090636825,1.0,1.0,1.0,0.8217412877653437
f154d7cc016a59f9,2021.06.07.12.54.00_veh-35_01843_02314,True,1.0,1.0,0.7458793984115235,1.0,1.0,1.0,0.8941164160048015
32d0773ce4a157b8,2021.08.31.12.21.30_veh-40_00378_00527,True,1.0,1.0,1.0,1.0,1.0,1.0,1.0
d9b30e768bfa5627,2021.08.31.17.42.52_veh-40_01331_01444,True,1.0,1.0,1.0,1.0,1.0,1.0,1.0
27270e1628475dfa,2021.06.07.19.29.59_veh-38_01025_01274,True,1.0,1.0,1.0,1.0,1.0,1.0,1.0
607cad28b7815677,2021.10.05.07.10.04_veh-52_00689_01322,True,1.0,1.0,0.5404576858236607,1.0,1.0,1.0,0.8085240357598588
a88be30a95dd58fa,2021.10.05.06.31.40_veh-52_00734_01305,True,1.0,1.0,0.566077652683649,1.0,1.0,1.0,0.8191990219515204
b960d6fec51b52e3,2021.06.08.19.16.23_veh-26_00973_01139,True,1.0,1.0,0.7062633350219172,1.0,1.0,1.0,0.8776097229257989
ff6a2cfd0a5b5359,2021.06.07.18.53.26_veh-26_01208_01412,True,1.0,1.0,0.6635111971671427,1.0,1.0,1.0,0.8597963321529761
ca33689d1e20577c,2021.10.05.07.10.04_veh-52_00689_01322,True,1.0,1.0,0.7504537280009058,1.0,1.0,1.0,0.8960223866670441
2e175ffcc2cd57ba,2021.10.05.08.11.15_veh-50_00163_00321,True,1.0,1.0,0.7669287573178667,1.0,1.0,1.0,0.9028869822157778
9efa7decf6d05acb,2021.08.31.12.21.30_veh-40_00538_00638,True,1.0,1.0,0.7332435020079309,1.0,1.0,1.0,0.8888514591699712
9eb5eb9b81ff5d90,2021.08.24.17.37.11_veh-08_02359_02623,True,1.0,1.0,0.8545568992741019,0.0,1.0,1.0,0.5227320413642091
37bc68660a6c514a,2021.09.14.18.43.41_veh-45_00965_01195,True,1.0,1.0,0.7651065830082496,1.0,1.0,1.0,0.9021277429201039
ea55c11b526d5d47,2021.08.31.11.47.30_veh-40_01362_01737,True,1.0,1.0,0.7295721905051553,0.0,1.0,1.0,0.47065507937714807
0c73160f256755bb,2021.06.08.14.35.24_veh-26_02555_03004,True,1.0,1.0,1.0,1.0,1.0,1.0,1.0
4e2468074f7e5d57,2021.10.05.07.38.12_veh-50_00245_00433,True,1.0,1.0,0.7673630048913851,1.0,1.0,1.0,0.9030679187047438
8678265cea1d5642,2021.10.05.07.38.12_veh-50_01477_01565,True,1.0,1.0,0.6592699505297865,1.0,1.0,1.0,0.8580291460540778
db31d2fef6055e49,2021.06.07.13.53.57_veh-35_02489_03145,True,1.0,1.0,1.0,1.0,1.0,1.0,1.0
d9103b165da15045,2021.08.24.17.34.27_veh-45_01478_01553,True,1.0,1.0,1.0,1.0,1.0,1.0,1.0
56604a00d66752a3,2021.08.31.18.15.54_veh-40_01143_01496,True,1.0,1.0,0.7240794005565226,1.0,1.0,1.0,0.8850330835652178
9fb488f9610b5496,2021.06.07.13.53.57_veh-35_02489_03145,True,1.0,1.0,0.8048727780024362,1.0,1.0,1.0,0.9186969908343484
ed589b058ca85557,2021.08.31.11.47.30_veh-40_00393_00847,True,1.0,1.0,0.6859493011679755,1.0,1.0,1.0,0.8691455421533231
6e2b0e92a2ea58ee,2021.06.07.19.29.59_veh-38_01025_01274,True,1.0,1.0,1.0,1.0,1.0,1.0,1.0
79f5494df0175cec,2021.06.08.17.25.03_veh-35_02448_02655,True,1.0,1.0,0.9089366209847691,1.0,1.0,1.0,0.9620569254103204
85c2d6d9d4af5977,2021.06.07.12.42.11_veh-38_03254_03455,True,1.0,1.0,0.6282286035643831,1.0,1.0,1.0,0.8450952514851596
a920a7e8d7665ed6,2021.10.05.07.10.04_veh-52_01442_01802,True,1.0,1.0,0.7579377833509927,1.0,1.0,1.0,0.8991407430629136
32edf7befc415406,2021.10.05.08.11.15_veh-50_00163_00321,True,1.0,1.0,0.7758760599674202,1.0,1.0,1.0,0.906615024986425
9f9596eee8065c78,2021.08.24.17.01.06_veh-45_00228_00689,True,1.0,1.0,0.9406928618982685,1.0,1.0,1.0,0.9752886924576117
bb94cce50c7a53c8,2021.08.31.14.40.58_veh-40_01022_01255,True,1.0,1.0,0.8575705315686194,1.0,1.0,1.0,0.9406543881535914
528d36356ecb53af,2021.06.07.17.46.49_veh-35_04084_04828,True,1.0,1.0,1.0,1.0,1.0,1.0,1.0
af7046ec22c15434,2021.07.24.20.37.45_veh-17_00015_00375,True,1.0,1.0,0.9822361137573375,1.0,1.0,1.0,0.992598380732224
26f08ff3961d5a10,2021.08.31.12.54.56_veh-40_00725_00909,True,1.0,1.0,0.7177909185412389,1.0,1.0,1.0,0.8824128827255162
71f4d318c0155ded,2021.08.31.13.27.52_veh-40_00186_00414,True,1.0,1.0,1.0,1.0,1.0,1.0,1.0
1e6da03d5d25541b,2021.08.31.11.47.30_veh-40_01146_01347,True,1.0,1.0,0.9120501337204548,1.0,1.0,1.0,0.9633542223835229
dedd287df867592a,2021.08.31.11.47.30_veh-40_01362_01737,True,1.0,1.0,0.8597126393908059,1.0,1.0,1.0,0.9415469330795024
84a75bd34f09578b,2021.06.07.19.29.59_veh-38_00474_00922,True,1.0,1.0,0.6858625880770882,1.0,1.0,1.0,0.8691094116987866
916346f483d65284,2021.10.05.07.10.04_veh-52_00689_01322,True,1.0,1.0,0.5878174647536114,1.0,1.0,1.0,0.8282572769806714
861e54d703ff5462,2021.06.07.19.29.59_veh-38_01025_01274,True,1.0,1.0,1.0,1.0,1.0,1.0,1.0
fb5943411cd45bf6,2021.10.05.04.03.05_veh-50_01466_01790,True,1.0,1.0,0.5252687667726457,1.0,1.0,1.0,0.8021953194886023
60663e5fb0b652d0,2021.08.31.12.21.30_veh-40_00378_00527,True,1.0,1.0,1.0,1.0,1.0,1.0,1.0
fca5b0316a54508a,2021.10.05.04.38.41_veh-50_00014_00429,True,1.0,1.0,0.5575712125819628,1.0,1.0,1.0,0.8156546719091512
8635835ce3a05e8f,2021.08.24.15.09.18_veh-45_00216_00862,True,1.0,1.0,0.8390304929769503,1.0,1.0,1.0,0.9329293720737293
24d8483d9ae4595c,2021.09.14.20.42.30_veh-45_00805_01078,True,1.0,1.0,1.0,1.0,1.0,1.0,1.0
93abcbe32b3752e3,2021.06.07.19.43.00_veh-35_02298_02525,True,1.0,1.0,0.6474435127304868,1.0,1.0,1.0,0.8531014636377029
f85c8fae001c55b2,2021.06.08.12.54.54_veh-26_02994_03970,True,1.0,1.0,0.816584303137068,1.0,1.0,1.0,0.9235767929737783
cfc58082fd75532a,2021.10.05.07.10.04_veh-52_00689_01322,True,1.0,1.0,0.7439249966599427,1.0,1.0,1.0,0.8933020819416427
511fce263bb15ad7,2021.06.08.12.00.19_veh-35_05235_05578,True,1.0,1.0,0.7410208382964953,1.0,1.0,1.0,0.892092015956873
8b22fdf52d9e57da,2021.08.31.16.37.21_veh-40_00554_00733,True,0.0,1.0,0.0,0.0,1.0,1.0,0.0
dfd2bd27d38a52c6,2021.06.08.14.14.51_veh-35_00893_01188,True,1.0,1.0,1.0,1.0,1.0,1.0,1.0
e780285dadea5cdb,2021.08.31.12.54.56_veh-40_00305_00667,True,1.0,1.0,0.9809341617347573,1.0,1.0,1.0,0.9920559007228156
c5faccfd97d157c7,2021.06.08.14.14.51_veh-35_01508_01763,True,1.0,1.0,0.7306017963038672,1.0,1.0,1.0,0.8877507484599447
2daf5c5381915d32,2021.08.31.18.15.54_veh-40_00579_00980,True,1.0,1.0,1.0,1.0,1.0,1.0,1.0
5e516edc25b65483,2021.06.07.19.43.00_veh-35_02298_02525,True,1.0,1.0,0.8244740569738114,1.0,1.0,1.0,0.9268641904057547
651a9d71f6fc5be0,2021.08.31.18.15.54_veh-40_00038_00199,True,1.0,1.0,0.8017863965008386,1.0,1.0,1.0,0.9174109985420161
689a839ed6ae5083,2021.10.05.06.31.40_veh-52_01598_02013,True,1.0,1.0,0.7665284365171756,1.0,1.0,1.0,0.9027201818821565
bf1de203193d5535,2021.10.05.08.11.15_veh-50_00970_01211,True,1.0,1.0,0.7180999578737564,1.0,1.0,1.0,0.8825416491140651
bbe8c94bc903528d,2021.08.31.14.40.58_veh-40_00467_00668,True,1.0,1.0,1.0,1.0,1.0,0.0,1.0
47862b0eca5b5da2,2021.10.05.06.31.40_veh-52_01598_02013,True,1.0,1.0,0.8009703227600403,1.0,1.0,1.0,0.9170709678166835
a08a7846202d5352,2021.08.31.14.40.58_veh-40_00679_00892,True,1.0,1.0,1.0,1.0,1.0,1.0,1.0
fe1281c351a55c09,2021.06.08.12.00.19_veh-35_02135_02369,True,1.0,1.0,1.0,1.0,1.0,1.0,1.0
38df0f02f3f85d8f,2021.08.31.18.15.54_veh-40_01143_01496,True,1.0,1.0,0.7653205877615458,0.0,1.0,1.0,0.4855502449006441
6a8eec69b45f50d0,2021.08.24.14.25.28_veh-42_00333_00472,True,1.0,1.0,0.8303953119932302,1.0,1.0,1.0,0.9293313799971793
240a2457b392539b,2021.06.08.17.36.50_veh-26_05134_05378,True,1.0,1.0,0.9927064754565152,1.0,1.0,1.0,0.9969610314402146
eb4d6a0aa63a5582,2021.08.24.17.01.06_veh-45_01557_01681,True,1.0,1.0,0.8886342295876897,1.0,1.0,1.0,0.9535975956615373
223c47176e6057f5,2021.06.08.18.59.48_veh-12_03122_03677,True,1.0,1.0,0.68886646717539,1.0,1.0,1.0,0.8703610279897459
558a5b88987f54f7,2021.09.14.18.43.41_veh-45_00965_01195,True,1.0,1.0,0.781870042670124,1.0,1.0,1.0,0.9091125177792184
bfecb44804e95610,2021.08.31.16.37.21_veh-40_00429_00541,True,1.0,1.0,0.8180538980324744,1.0,1.0,1.0,0.9241891241801977
626f6c6b901a597a,2021.06.07.17.46.49_veh-35_02607_03120,True,1.0,1.0,0.994785609871182,1.0,1.0,1.0,0.9978273374463259
427924f217ea5f49,2021.10.05.04.03.05_veh-50_01466_01790,True,1.0,0.0,0.0,1.0,1.0,1.0,0.0
35f809ef41ee5606,2021.10.05.07.10.04_veh-52_01442_01802,True,1.0,1.0,0.8430673758254791,1.0,1.0,1.0,0.9346114065939496
808e97fcfcd753dc,2021.10.05.07.49.39_veh-52_01417_01574,True,1.0,1.0,0.6230046741333821,1.0,1.0,1.0,0.8429186142222426
4c58f7d8218251d0,2021.10.05.08.11.15_veh-50_00710_00903,True,1.0,1.0,1.0,1.0,1.0,1.0,1.0
dc4919ddd431581d,2021.10.05.04.03.05_veh-50_01466_01790,True,1.0,1.0,1.0,1.0,1.0,0.5,1.0
28f69ab0b4cb5346,2021.08.31.14.40.58_veh-40_00467_00668,True,1.0,1.0,0.8512156292797254,0.0,1.0,1.0,0.5213398455332189
39c27223ad3a5d5c,2021.06.07.17.46.49_veh-35_04839_05184,True,1.0,1.0,1.0,1.0,1.0,1.0,1.0
2f4357197a8957e9,2021.08.24.17.37.11_veh-08_02359_02623,True,1.0,1.0,1.0,1.0,1.0,1.0,1.0
f42dcf82749e5653,2021.06.07.11.59.52_veh-35_02283_02464,True,1.0,1.0,1.0,1.0,1.0,1.0,1.0
080f3750b4ae53fa,2021.06.08.16.31.33_veh-38_00015_00262,True,1.0,1.0,1.0,1.0,1.0,1.0,1.0
a5ca5978825c5d71,2021.08.31.11.47.30_veh-40_01146_01347,True,1.0,1.0,0.6968457099507976,1.0,1.0,1.0,0.873685712479499
c7a77d4978a15fd9,2021.08.24.15.09.18_veh-45_00216_00862,True,1.0,1.0,1.0,1.0,1.0,1.0,1.0
5714c8c971fc58e0,2021.09.14.16.46.51_veh-45_00149_00900,True,1.0,1.0,0.7374392587916941,1.0,1.0,1.0,0.8905996911632058
caeef83cf0c552c7,2021.10.05.06.57.40_veh-50_00485_00624,True,1.0,1.0,0.7366718352652161,1.0,1.0,1.0,0.8902799313605066
c34bff3390275370,2021.06.08.12.54.54_veh-26_00015_00507,True,1.0,1.0,1.0,1.0,1.0,1.0,1.0
94e9664fcf2d5f9e,2021.06.07.17.46.49_veh-35_04839_05184,True,1.0,1.0,1.0,1.0,1.0,1.0,1.0
dcf1485b15a758e9,2021.08.24.15.09.18_veh-45_00216_00862,True,1.0,1.0,0.8323502569243552,1.0,1.0,1.0,0.930145940385148
434ba2582b4a57d3,2021.10.05.06.24.06_veh-50_00431_00527,True,1.0,1.0,0.6412463870063393,1.0,1.0,1.0,0.850519327919308
71281ce8f1305d51,2021.06.07.11.59.52_veh-35_02283_02464,True,1.0,1.0,0.8650381835553728,1.0,1.0,1.0,0.9437659098147386
578aaaaef50350d6,2021.10.05.06.31.40_veh-52_01598_02013,True,1.0,1.0,0.7163060243612286,1.0,1.0,1.0,0.8817941768171785
3ebb0ad535d45630,2021.10.05.07.38.12_veh-50_00245_00433,True,1.0,1.0,0.690095639380388,1.0,1.0,1.0,0.8708731830751617
ec19ebdee21159e6,2021.06.07.13.53.57_veh-35_02489_03145,True,1.0,1.0,1.0,1.0,1.0,1.0,1.0
133d2532f35f564d,2021.06.07.18.53.26_veh-26_00005_00427,True,1.0,1.0,0.8625631234992113,1.0,1.0,1.0,0.942734634791338
a3d6a8eac0755afe,2021.08.31.11.47.30_veh-40_00393_00847,True,1.0,1.0,0.9210616707266605,1.0,1.0,1.0,0.9671090294694418
f8b378cbb2185bc1,2021.10.05.06.31.40_veh-52_00734_01305,True,1.0,1.0,0.8150748180776842,1.0,1.0,1.0,0.9229478408657018
acfc271e3c3d58fa,2021.08.24.17.37.11_veh-08_02359_02623,True,1.0,1.0,0.8828873388951334,1.0,1.0,1.0,0.9512030578729722
601d887023195139,2021.10.05.06.31.40_veh-52_00465_00713,True,1.0,1.0,0.7662736706702222,1.0,1.0,1.0,0.902614029445926
b5edb24338445523,2021.08.24.18.30.46_veh-08_01985_02093,True,0.0,1.0,0.0,0.0,1.0,1.0,0.0
d2d8d99939af58d8,2021.08.24.15.09.18_veh-45_00216_00862,True,1.0,1.0,0.7040844740954783,1.0,1.0,1.0,0.8767018642064492
5ae78bc8a27a510a,2021.06.08.14.35.24_veh-26_01989_02235,True,1.0,1.0,0.7067603602049315,1.0,1.0,1.0,0.8778168167520549
622b0402246e5a04,2021.08.31.18.15.54_veh-40_01010_01094,True,1.0,1.0,0.7783935125349768,1.0,1.0,1.0,0.9076639635562403
ad8389a666c651bf,2021.10.05.04.38.41_veh-50_00014_00429,True,1.0,1.0,0.6976689826851767,1.0,1.0,1.0,0.8740287427854904
fab5f4ea8b075873,2021.10.05.07.10.04_veh-52_00689_01322,True,1.0,1.0,0.8167733020204441,1.0,1.0,1.0,0.9236555425085183
b76ae21a3d005d62,2021.06.08.12.54.54_veh-26_02323_02479,True,1.0,1.0,1.0,1.0,1.0,1.0,1.0
ce3df1b3b5d85405,2021.10.05.07.38.12_veh-50_01085_01463,True,1.0,1.0,0.7629639810470507,1.0,1.0,1.0,0.9012349921029378
a2be5276d9845c57,2021.06.07.18.53.26_veh-26_00005_00427,True,1.0,1.0,1.0,1.0,1.0,1.0,1.0
b34272d337d350d2,2021.10.05.07.38.12_veh-50_01085_01463,True,1.0,1.0,0.536997345882467,1.0,1.0,1.0,0.807082227451028
53880c7e22d553b5,2021.10.05.06.31.40_veh-52_01598_02013,True,1.0,1.0,0.7707924090098969,1.0,1.0,1.0,0.9044968370874571
52151396392d59ec,2021.06.07.19.43.00_veh-35_01782_01986,True,1.0,1.0,1.0,1.0,1.0,1.0,1.0
5bf7a15f79705497,2021.08.31.14.01.15_veh-40_00304_00384,True,1.0,1.0,0.8085472303056719,1.0,1.0,1.0,0.9202280126273633
71296b1b915d5d3e,2021.08.31.12.54.56_veh-40_01056_01183,True,1.0,1.0,0.8237153710815026,1.0,1.0,1.0,0.9265480712839594
48bf69aa16e85454,2021.06.07.19.29.59_veh-38_01025_01274,True,1.0,0.0,0.0,1.0,1.0,1.0,0.0
796698f0fd7d53c5,2021.10.05.07.38.12_veh-50_00132_00234,True,1.0,1.0,0.6567759757122217,1.0,1.0,0.5,0.8569899898800925
b9138f9ae7455293,2021.10.05.06.24.06_veh-50_01420_01553,True,1.0,1.0,0.617297513317704,1.0,1.0,1.0,0.8405406305490434
37b400904c355977,2021.08.31.11.47.30_veh-40_00393_00847,True,1.0,1.0,0.9583587976625064,1.0,1.0,1.0,0.9826494990260444
dba30c7028f85a35,2021.10.05.08.11.15_veh-50_00970_01211,True,1.0,1.0,0.8687793659286922,1.0,1.0,1.0,0.9453247358036218
26b7cc5b93125dd9,2021.10.05.06.57.40_veh-50_00940_01105,True,1.0,1.0,0.7223476593403465,1.0,1.0,1.0,0.8843115247251444
d9ce4cf1a8b45e29,2021.10.05.08.11.15_veh-50_00970_01211,True,1.0,0.0,0.0,1.0,1.0,1.0,0.0
5ad9e7defd1150e4,2021.10.05.08.11.15_veh-50_00437_00585,True,1.0,1.0,0.781157265074172,1.0,1.0,1.0,0.9088155271142383
345a7793c32e596c,2021.06.07.12.42.11_veh-38_01777_02078,True,1.0,1.0,0.8991753228710117,1.0,1.0,1.0,0.9579897178629215
9ef12559a8025bb7,2021.06.08.12.00.19_veh-35_01722_02119,True,1.0,1.0,0.7326535441564425,1.0,1.0,1.0,0.8886056433985177
499d1c77ce2a5fcc,2021.07.24.20.37.45_veh-17_00015_00375,True,1.0,1.0,1.0,1.0,1.0,1.0,1.0
ba474de5edb5570b,2021.08.31.16.37.21_veh-40_00429_00541,True,1.0,1.0,0.768398224866115,1.0,1.0,1.0,0.9034992603608812
c66d6879aad6557c,2021.08.31.11.47.30_veh-40_00393_00847,True,1.0,1.0,0.8798342157390157,1.0,1.0,1.0,0.9499309232245898
4cb9c9024cfa51ee,2021.10.05.07.10.04_veh-52_00689_01322,True,1.0,1.0,0.7964742609680477,1.0,1.0,1.0,0.9151976087366865
e24490b9088d5d41,2021.08.31.18.15.54_veh-40_00227_00324,True,1.0,1.0,0.8140114154578185,1.0,1.0,1.0,0.9225047564407577
4a067beb32265cea,2021.10.05.06.57.40_veh-50_00665_00857,True,1.0,1.0,0.7803030130672836,1.0,1.0,1.0,0.9084595887780349
cfc3560a41cf516d,2021.09.14.19.46.05_veh-45_01937_02119,True,1.0,1.0,0.7403729579018195,1.0,1.0,1.0,0.8918220657924247
e2fc760c249357a0,2021.09.14.16.46.51_veh-45_00149_00900,True,1.0,1.0,1.0,1.0,1.0,1.0,1.0
81ed3a739e965f0e,2021.08.24.17.01.06_veh-45_00228_00689,True,1.0,0.0,0.0,1.0,1.0,1.0,0.0
5806ea07c72258db,2021.06.07.17.48.02_veh-38_01949_02085,True,1.0,1.0,0.4740118593010341,1.0,1.0,1.0,0.7808382747087642
cf5eff340795541a,2021.10.05.07.10.04_veh-52_00689_01322,True,1.0,1.0,0.7745653926186126,1.0,1.0,1.0,0.9060689135910885
971a3927300d5c9f,2021.10.05.06.31.40_veh-52_01316_01565,True,1.0,1.0,0.9655376118766893,1.0,1.0,1.0,0.9856406716152873
1a2a791565385cf6,2021.10.05.06.31.40_veh-52_01598_02013,True,1.0,1.0,0.7934177976244028,1.0,1.0,1.0,0.9139240823435012
27a0ed357788574f,2021.10.05.04.38.41_veh-50_00753_00956,True,1.0,1.0,0.7215247923292021,1.0,1.0,1.0,0.8839686634705007
2d4bd54d83735ae3,2021.10.05.07.49.39_veh-52_00563_00680,True,1.0,0.0,0.0,1.0,1.0,1.0,0.0
69d7e005d26459f9,2021.10.05.07.38.12_veh-50_01085_01463,True,1.0,1.0,0.8043114274942567,1.0,1.0,1.0,0.9184630947892737
b0f383ef95565346,2021.06.08.17.36.50_veh-26_03873_04225,True,1.0,1.0,0.8338492459819462,1.0,1.0,1.0,0.9307705191591443
ea573171fd53572a,2021.08.31.11.47.30_veh-40_00248_00376,True,1.0,1.0,1.0,1.0,1.0,1.0,1.0
d08743a41ea75acb,2021.07.24.22.52.16_veh-35_03236_04096,True,1.0,1.0,0.9330022130504848,1.0,1.0,1.0,0.9720842554377019
aab26f52c2a153f1,2021.08.31.16.37.21_veh-40_00554_00733,True,1.0,1.0,0.8503030355772293,1.0,1.0,1.0,0.9376262648238455
42d0ebfe280c51d8,2021.07.24.16.07.03_veh-35_01649_01813,True,1.0,1.0,1.0,1.0,1.0,1.0,1.0
bfe3c1a05659549c,2021.10.05.04.03.05_veh-50_01466_01790,True,1.0,1.0,0.6865490173206222,1.0,1.0,1.0,0.8693954238835926
3de80a41d5fe5a5c,2021.10.05.07.38.12_veh-50_01477_01565,True,1.0,1.0,0.8983134276465359,1.0,1.0,1.0,0.9576305948527232
5139d7733dbb5823,2021.06.08.17.25.03_veh-35_03522_03716,True,1.0,1.0,0.9162900365428596,1.0,1.0,1.0,0.965120848559525
6c11425a442754a9,2021.10.05.06.31.40_veh-52_00465_00713,True,1.0,1.0,0.7109251922570498,1.0,1.0,1.0,0.8795521634404374
327a90d1864f5641,2021.06.08.14.14.51_veh-35_00893_01188,True,1.0,1.0,1.0,1.0,1.0,1.0,1.0
52a53c5da4ec5439,2021.08.24.14.35.46_veh-45_00011_00162,True,1.0,1.0,1.0,1.0,1.0,0.5,1.0
783d09909af65060,2021.06.08.12.54.54_veh-26_02994_03970,True,1.0,1.0,1.0,1.0,1.0,1.0,1.0
f1b09c33b71057bc,2021.08.24.15.09.18_veh-45_00216_00862,True,1.0,1.0,0.8787908579276122,1.0,1.0,1.0,0.9494961908031717
21412dd0c5f95d12,2021.09.14.18.43.41_veh-45_00965_01195,True,1.0,1.0,0.7703196993145924,1.0,1.0,0.5,0.9042998747144134
50053bb09d465c05,2021.10.05.07.10.04_veh-52_01442_01802,True,1.0,1.0,0.796534104985596,1.0,1.0,1.0,0.9152225437439983
d1198dd21c545ff5,2021.07.24.22.52.16_veh-35_03236_04096,True,1.0,1.0,1.0,1.0,1.0,1.0,1.0
e2af295ac6bc54a4,2021.06.07.18.53.26_veh-26_01208_01412,True,1.0,1.0,0.8579825646767459,1.0,1.0,1.0,0.9408260686153108
410fac99463459e6,2021.10.05.06.24.06_veh-50_00021_00383,True,1.0,1.0,1.0,1.0,1.0,1.0,1.0
26683d642cdf5054,2021.08.31.17.42.52_veh-40_01033_01313,True,1.0,1.0,1.0,1.0,1.0,1.0,1.0
4326e315f8905575,2021.10.05.04.03.05_veh-50_00648_00744,True,1.0,1.0,0.6477574903698423,1.0,1.0,1.0,0.8532322876541011
8664369108db5074,2021.06.08.12.00.19_veh-35_04422_04725,True,1.0,1.0,1.0,1.0,1.0,1.0,1.0
173150696655567d,2021.06.07.17.46.49_veh-35_04084_04828,True,1.0,1.0,0.8522652440386992,1.0,1.0,1.0,0.9384438516827913
b01817e54439569d,2021.10.05.07.49.39_veh-52_00934_01406,True,1.0,1.0,0.6862335172095131,1.0,1.0,1.0,0.8692639655039637
ec54c6c5ee575fee,2021.10.05.06.31.40_veh-52_01316_01565,True,1.0,1.0,0.6984486802672625,1.0,1.0,1.0,0.874353616778026
e55ecf900bd05f47,2021.06.07.17.46.49_veh-35_04084_04828,True,1.0,1.0,0.8468791769365919,1.0,1.0,1.0,0.9361996570569132
d9b2dbf5bef257e0,2021.06.07.13.53.57_veh-35_02489_03145,True,1.0,1.0,0.8378807768549021,1.0,1.0,1.0,0.9324503236895426
75eb588f0c6856e9,2021.07.24.22.52.16_veh-35_03236_04096,True,1.0,1.0,0.8348449900053387,1.0,1.0,1.0,0.9311854125022245
69fa3b4992425676,2021.10.05.04.38.41_veh-50_00014_00429,True,1.0,0.0,0.0,1.0,1.0,1.0,0.0
376e6ff7eccf5572,2021.06.08.16.31.33_veh-38_01589_02072,True,1.0,1.0,1.0,1.0,1.0,1.0,1.0
fa200afdc9df50ca,2021.06.07.17.46.49_veh-35_04084_04828,True,1.0,1.0,1.0,1.0,1.0,1.0,1.0
762e8a92778d5b8b,2021.10.05.08.11.15_veh-50_00970_01211,True,1.0,0.0,0.0,1.0,1.0,1.0,0.0
2d691535f7bb5d1a,2021.08.24.14.35.46_veh-45_01568_01663,True,1.0,1.0,0.9596970184653436,1.0,1.0,1.0,0.9832070910272265
c0671dca6d7e5c87,2021.10.05.07.10.04_veh-52_00418_00563,True,1.0,1.0,0.7237388080569239,1.0,1.0,1.0,0.8848911700237183
243442bb80c35079,2021.06.08.17.36.50_veh-26_03873_04225,True,1.0,1.0,0.930016589785653,1.0,1.0,1.0,0.9708402457440221
635b5ea1d13f5017,2021.06.08.12.54.54_veh-26_02994_03970,True,1.0,1.0,1.0,0.0,1.0,1.0,0.5833333333333334
177d18b6a36d5a2f,2021.10.05.08.11.15_veh-50_00970_01211,True,1.0,1.0,1.0,1.0,1.0,1.0,1.0
03024f18a373536c,2021.10.05.04.38.41_veh-50_00014_00429,True,1.0,1.0,1.0,1.0,1.0,1.0,1.0
61300f5b34a65e7c,2021.08.31.11.47.30_veh-40_01146_01347,True,1.0,1.0,0.85039372752644,1.0,1.0,1.0,0.9376640531360166
ca70c4777b4e578d,2021.10.05.06.24.06_veh-50_01566_01672,True,1.0,1.0,0.7099596961386161,1.0,1.0,1.0,0.8791498733910901
c4d93843c02a56df,2021.10.05.07.38.12_veh-50_01085_01463,True,1.0,1.0,0.7500962506212799,0.0,1.0,1.0,0.47920677109219995
1d398d0a1dcb5992,2021.08.24.17.01.06_veh-45_00228_00689,True,1.0,0.0,0.0,1.0,1.0,1.0,0.0
ceb16c2c18d252f3,2021.08.31.14.01.15_veh-40_01576_01714,True,1.0,1.0,0.7526858851350048,1.0,1.0,1.0,0.8969524521395854
570a967269335f31,2021.08.24.17.01.06_veh-45_00228_00689,True,1.0,1.0,0.9500467536580683,1.0,1.0,1.0,0.9791861473575284
5d5971cc468954e3,2021.08.31.14.01.15_veh-40_01576_01714,True,1.0,1.0,0.7660970022239383,1.0,1.0,1.0,0.9025404175933076
997185fb884c58cb,2021.10.05.04.38.41_veh-50_00576_00721,True,1.0,1.0,0.7759618829892501,1.0,1.0,1.0,0.9066507845788543
b6d6c440ce6b5ec1,2021.09.14.18.43.41_veh-45_00885_00952,True,1.0,1.0,0.8322965671531555,1.0,1.0,1.0,0.9301235696471482
2a2c7d3f8c775f43,2021.10.05.07.38.12_veh-50_01477_01565,True,1.0,1.0,0.894160312347123,1.0,1.0,1.0,0.9559001301446347
a8c24efacdfc5440,2021.08.31.17.42.52_veh-40_01331_01444,True,1.0,1.0,0.8380688800602495,1.0,1.0,1.0,0.932528700025104
ce94cbedb45559ba,2021.08.24.18.30.46_veh-08_02327_02583,True,1.0,1.0,0.8779490497793678,1.0,1.0,1.0,0.9491454374080699
c9d21e962f775d5c,2021.06.08.12.54.54_veh-26_02994_03970,True,1.0,1.0,0.8342253535793279,1.0,1.0,1.0,0.9309272306580533
2fe38f52136155dc,2021.10.05.07.10.04_veh-52_01442_01802,True,1.0,1.0,0.6134004155432471,1.0,1.0,1.0,0.8389168398096863
4b5e7071e6dc5b10,2021.10.05.04.03.05_veh-50_00058_00321,True,1.0,1.0,0.665533148219217,1.0,1.0,1.0,0.8606388117580072
cc2a583247c05212,2021.08.31.14.40.58_veh-40_01268_01618,True,1.0,1.0,0.8575715910461328,1.0,1.0,1.0,0.9406548296025553
126cff95213256dd,2021.08.31.17.42.52_veh-40_01033_01313,True,1.0,1.0,0.8795051485113277,1.0,1.0,1.0,0.9497938118797199
ad06d63055625740,2021.09.14.18.43.41_veh-45_01245_01529,True,1.0,1.0,0.9722728368105839,1.0,1.0,1.0,0.9884470153377434
63dba72e8f495536,2021.06.07.19.43.00_veh-35_02298_02525,True,1.0,1.0,0.6073515561661816,1.0,1.0,1.0,0.836396481735909
07ddd211494e5080,2021.10.05.07.38.12_veh-50_01085_01463,True,1.0,1.0,0.781795377078175,0.0,1.0,1.0,0.4924147404492396
c81512d93419558b,2021.06.08.14.35.24_veh-26_02555_03004,True,1.0,1.0,1.0,1.0,1.0,1.0,1.0
0a339cf8a4945c2e,2021.08.31.17.42.52_veh-40_01033_01313,True,1.0,1.0,0.960266558616797,1.0,1.0,1.0,0.9834443994236653
393f663e1fa05ed9,2021.10.05.07.38.12_veh-50_01085_01463,True,1.0,1.0,0.8540461141316309,1.0,1.0,1.0,0.9391858808881794
24531603f9315046,2021.10.05.08.11.15_veh-50_00437_00585,True,1.0,1.0,0.7693392785230205,1.0,1.0,1.0,0.9038913660512585
d9c3d527fc9d52f1,2021.06.08.12.54.54_veh-26_00733_00983,True,1.0,1.0,1.0,1.0,1.0,1.0,1.0
3c67272121df5b60,2021.09.14.18.43.41_veh-45_00965_01195,True,1.0,1.0,0.716717721689021,1.0,1.0,1.0,0.8819657173704254
70b907a7b43c5055,2021.07.24.22.52.16_veh-35_03236_04096,True,1.0,1.0,0.9085766073126988,1.0,1.0,1.0,0.9619069197136246
a9f75bf37b765c1c,2021.10.05.07.10.04_veh-52_01442_01802,True,1.0,1.0,1.0,1.0,1.0,1.0,1.0
d56f1bd2c57d5d53,2021.06.07.19.43.00_veh-35_01782_01986,True,1.0,0.0,0.0,1.0,1.0,1.0,0.0
3bca1e3649f95fef,2021.06.07.17.46.49_veh-35_02607_03120,True,1.0,1.0,1.0,1.0,1.0,1.0,1.0
08483deb309e5072,2021.08.24.18.30.46_veh-08_02327_02583,True,1.0,0.0,0.0,1.0,1.0,1.0,0.0
a36d7d6f401756f9,2021.08.24.17.34.27_veh-45_01478_01553,True,1.0,0.0,0.0,1.0,1.0,1.0,0.0
be953b8946605cca,2021.10.05.08.11.15_veh-50_00710_00903,True,1.0,1.0,0.6304862745348224,1.0,1.0,1.0,0.8460359477228426
fa743eef744f5796,2021.10.05.06.24.06_veh-50_00431_00527,True,1.0,1.0,0.5842259051532777,1.0,1.0,1.0,0.8267607938138658
48e68c9f31715b26,2021.10.05.07.10.04_veh-52_01442_01802,True,1.0,1.0,0.5459520567186311,1.0,1.0,0.0,0.8108133569660962
6004a9437ebd5d7a,2021.10.05.07.38.12_veh-50_01085_01463,True,1.0,1.0,0.7453707958938706,1.0,1.0,1.0,0.8939044982891128
f099d8ed9bcf5224,2021.06.08.17.25.03_veh-35_03522_03716,True,1.0,1.0,0.8750247569493905,1.0,1.0,1.0,0.947926982062246
3a77b3e1683153ea,2021.10.05.07.10.04_veh-52_00689_01322,True,1.0,1.0,0.8006472035573242,1.0,1.0,1.0,0.9169363348155518
d40004df9387577f,2021.10.05.07.38.12_veh-50_01085_01463,True,1.0,0.0,0.0,1.0,1.0,1.0,0.0
f9f1c28093225243,2021.08.09.17.55.59_veh-28_00320_00544,True,1.0,1.0,0.7944948474960188,1.0,1.0,1.0,0.9143728531233412
590d80176e7658e3,2021.10.05.06.57.40_veh-50_00665_00857,True,1.0,1.0,0.8387072297954935,1.0,1.0,1.0,0.9327946790814557
8bc126f47cd85573,2021.10.05.06.31.40_veh-52_01598_02013,True,1.0,1.0,0.746001950309666,1.0,1.0,1.0,0.8941674792956942
923581e0129a5b08,2021.08.31.12.54.56_veh-40_00305_00667,True,1.0,1.0,0.8156015623502582,0.0,1.0,1.0,0.5065006509792742
6bfdc0c9c0ed5f5a,2021.10.05.07.38.12_veh-50_00898_01058,True,1.0,1.0,0.6578092660445046,1.0,1.0,1.0,0.8574205275185435
4f9447e027b55b6f,2021.06.08.16.31.33_veh-38_01589_02072,True,1.0,1.0,0.8154217291377623,1.0,1.0,0.5,0.9230923871407343
dbaafb995f6a530e,2021.10.05.07.49.39_veh-52_00934_01406,True,1.0,1.0,1.0,1.0,1.0,1.0,1.0
3540cd6d18ab5857,2021.08.31.14.40.58_veh-40_00125_00269,True,1.0,1.0,0.8717680444545468,1.0,1.0,1.0,0.9465700185227278
e1d845f0d8ae59ae,2021.10.05.06.57.40_veh-50_01493_01624,True,1.0,1.0,0.689020725128839,1.0,1.0,1.0,0.8704253021370163
a199dd34f4cb5e25,2021.10.05.08.11.15_veh-50_01566_01801,True,1.0,0.0,0.0,1.0,1.0,1.0,0.0
d598b1322a9f55e4,2021.07.24.20.37.45_veh-17_00015_00375,True,1.0,1.0,0.9391944606574386,1.0,1.0,1.0,0.974664358607266
14ce88e733105f36,2021.08.31.17.42.52_veh-40_01033_01313,True,1.0,1.0,1.0,1.0,1.0,1.0,1.0
e0ab4835126753d1,2021.09.14.18.43.41_veh-45_00965_01195,True,1.0,1.0,0.9456029544327106,1.0,1.0,0.5,0.9773345643469628
5a0f8eee2830560c,2021.08.24.20.03.01_veh-45_00463_00588,True,1.0,1.0,0.6066471563757595,1.0,1.0,1.0,0.8361029818232332
89713a5161da5e08,2021.10.05.07.10.04_veh-52_00252_00406,True,1.0,1.0,0.7937807008495409,1.0,1.0,1.0,0.914075292020642
9ccbf12c98425da2,2021.08.24.17.37.11_veh-08_02359_02623,True,1.0,1.0,1.0,1.0,1.0,1.0,1.0
142459475ae45ba7,2021.07.24.23.50.16_veh-17_01696_02071,True,1.0,1.0,0.71541492949297,1.0,1.0,1.0,0.8814228872887376
8a49b6f24ed6592f,2021.08.24.18.07.48_veh-45_00873_01142,True,1.0,1.0,0.9461317430314704,1.0,1.0,1.0,0.9775548929297794
91c204051b2f5a6a,2021.08.24.15.09.18_veh-45_00216_00862,True,1.0,1.0,0.8052695911766408,1.0,1.0,1.0,0.9188623296569336
f04fe15ddd045f98,2021.08.31.16.37.21_veh-40_01405_01642,True,1.0,1.0,0.9226426177042302,1.0,1.0,1.0,0.9677677573767626
dfd54c6346ea5e9f,2021.10.05.07.10.04_veh-52_00689_01322,True,1.0,1.0,0.7778289662667968,1.0,1.0,1.0,0.9074287359444986
11c439298d045d57,2021.10.05.07.10.04_veh-52_00596_00663,True,1.0,0.0,0.0,1.0,1.0,0.5,0.0
75a0fc19f1cf530e,2021.06.07.17.46.49_veh-35_02607_03120,True,1.0,1.0,0.8266940117869563,1.0,1.0,1.0,0.9277891715778984
a5562665d67d574c,2021.10.05.04.38.41_veh-50_00014_00429,True,1.0,1.0,0.5136693650228384,1.0,1.0,1.0,0.7973622354261827
a4d769971b565c82,2021.08.24.15.09.18_veh-45_00216_00862,True,1.0,1.0,1.0,1.0,1.0,1.0,1.0
782685e5a1cb5078,2021.10.05.07.49.39_veh-52_00934_01406,True,1.0,1.0,0.7699608726764519,1.0,1.0,1.0,0.9041503636151882
f2511e063a375b45,2021.08.24.15.09.18_veh-45_00216_00862,True,1.0,1.0,0.9157411783343848,1.0,1.0,1.0,0.9648921576393269
58e6a39f332d5c53,2021.08.24.18.07.48_veh-45_00873_01142,True,1.0,1.0,0.9295551112724162,1.0,1.0,1.0,0.9706479630301734
19297df5ddd95465,2021.10.05.07.10.04_veh-52_00252_00406,True,1.0,1.0,0.8384644044230251,1.0,1.0,1.0,0.9326935018429271
31fd1f827c305d81,2021.06.08.12.54.54_veh-26_02994_03970,True,1.0,1.0,1.0,1.0,1.0,1.0,1.0
d3aaeb961e005350,2021.09.14.18.43.41_veh-45_00885_00952,True,1.0,1.0,0.8070836237070165,1.0,1.0,1.0,0.9196181765445902
5c0e94a5c1565ff6,2021.10.05.07.49.39_veh-52_00934_01406,True,1.0,1.0,0.7310208570376973,1.0,1.0,1.0,0.8879253570990405
7663c290e9d3577f,2021.08.24.15.09.18_veh-45_00216_00862,True,1.0,1.0,1.0,1.0,1.0,1.0,1.0
7966ea471a745f60,2021.10.05.07.10.04_veh-52_00689_01322,True,1.0,1.0,0.7658660318698013,1.0,1.0,1.0,0.9024441799457504
29193de68e855e7f,2021.10.05.07.10.04_veh-52_00689_01322,True,1.0,1.0,0.8606442655539004,1.0,1.0,1.0,0.9419351106474586
44971479dacf5c26,2021.06.07.13.53.57_veh-35_02489_03145,True,1.0,1.0,1.0,1.0,1.0,1.0,1.0
ad27de6bad785d99,2021.10.05.04.38.41_veh-50_00014_00429,True,1.0,1.0,0.7019711370943928,1.0,1.0,1.0,0.8758213071226638
a9dff706b9395e06,2021.10.05.07.10.04_veh-52_00689_01322,True,1.0,1.0,0.8203030729792438,1.0,1.0,1.0,0.9251262804080183
a7537fdfa152595d,2021.10.05.08.11.15_veh-50_00163_00321,True,1.0,1.0,0.7590315385145144,1.0,1.0,1.0,0.8995964743810477
9504caaa4fe85567,2021.10.05.07.49.39_veh-52_00934_01406,True,1.0,1.0,0.9937134096202521,1.0,1.0,1.0,0.9973805873417717
add8309210135bb3,2021.06.07.17.46.49_veh-35_04839_05184,True,1.0,1.0,1.0,1.0,1.0,1.0,1.0
ef1a6451dc3d5d54,2021.06.08.14.35.24_veh-26_02555_03004,True,1.0,1.0,0.9243112518922095,1.0,1.0,1.0,0.968463021621754
77666136143257a5,2021.10.05.06.57.40_veh-50_00665_00857,True,1.0,1.0,0.7638453500828026,1.0,1.0,1.0,0.9016022292011678
03db6037fdc15553,2021.10.05.07.49.39_veh-52_00934_01406,True,1.0,1.0,0.671635687832407,1.0,1.0,1.0,0.8631815365968363
1f192e43916754f3,2021.08.31.11.47.30_veh-40_00393_00847,True,1.0,1.0,0.7318186103934354,1.0,1.0,1.0,0.8882577543305982
3f5906e405975401,2021.06.08.17.36.50_veh-26_03873_04225,True,1.0,1.0,1.0,1.0,1.0,1.0,1.0
fcb49955755c5643,2021.10.05.06.31.40_veh-52_01598_02013,True,1.0,1.0,0.7727632067285413,1.0,1.0,1.0,0.9053180028035589
10ab0437e2335e5f,2021.08.31.12.54.56_veh-40_00305_00667,True,1.0,1.0,1.0,1.0,1.0,1.0,1.0
684ee5399e1c599b,2021.08.31.18.15.54_veh-40_00579_00980,True,1.0,1.0,1.0,1.0,1.0,1.0,1.0
13aa063cb0ac5344,2021.08.09.17.55.59_veh-28_00691_00876,True,1.0,1.0,1.0,1.0,1.0,1.0,1.0
7cf3f478246b5da6,2021.10.05.08.11.15_veh-50_00437_00585,True,1.0,1.0,0.6239400072189683,1.0,1.0,1.0,0.8433083363412367
5637be8d44bd5bd7,2021.10.05.06.57.40_veh-50_00665_00857,True,1.0,1.0,0.7022393703736671,1.0,1.0,1.0,0.875933070989028
2d65a078c6c853d8,2021.10.05.06.57.40_veh-50_00665_00857,True,1.0,1.0,0.8172329043133594,1.0,1.0,1.0,0.9238470434638998
04a38d645dcf50dc,2021.10.05.06.57.40_veh-50_00665_00857,True,1.0,1.0,0.737667953464262,1.0,1.0,1.0,0.8906949806101091
21e596857bc35237,2021.07.24.22.52.16_veh-35_03236_04096,True,1.0,1.0,0.7329521879590485,1.0,1.0,1.0,0.8887300783162702
7df2c62221af5666,2021.10.05.04.03.05_veh-50_01466_01790,True,1.0,1.0,1.0,1.0,1.0,1.0,1.0
26b1a287d3ee5c58,2021.08.24.18.07.48_veh-45_01504_01722,True,1.0,1.0,1.0,1.0,1.0,1.0,1.0
0e5b4a0b2bde5d2f,2021.10.05.07.38.12_veh-50_01085_01463,True,1.0,0.0,0.0,1.0,1.0,1.0,0.0
ee44c67008cc56ce,2021.10.05.08.11.15_veh-50_00163_00321,True,1.0,1.0,0.7642094740101188,1.0,1.0,1.0,0.9017539475042162
fd1f0f656dbe5b8e,2021.10.05.06.31.40_veh-52_00734_01305,True,1.0,1.0,1.0,1.0,1.0,1.0,1.0
363a0d5629945fe2,2021.08.24.18.30.46_veh-08_02327_02583,True,1.0,1.0,0.8494893298313316,1.0,1.0,1.0,0.9372872207630548
625e743792325941,2021.08.24.19.30.33_veh-45_01391_01523,True,1.0,1.0,1.0,1.0,1.0,1.0,1.0
fd23b08914635213,2021.10.05.06.31.40_veh-52_01598_02013,True,1.0,1.0,0.7524061223516926,1.0,1.0,1.0,0.8968358843132052
f2ed06ab753f5797,2021.06.07.13.53.57_veh-35_02489_03145,True,1.0,1.0,1.0,1.0,1.0,1.0,1.0
886433702a2e5cf4,2021.10.05.07.10.04_veh-52_00689_01322,True,1.0,1.0,0.7215851891683648,1.0,1.0,1.0,0.883993828820152
d27e9372971d5fcf,2021.06.07.19.29.59_veh-38_01025_01274,True,1.0,1.0,1.0,1.0,1.0,1.0,1.0
23918f82a81b57bb,2021.09.14.16.46.51_veh-45_02322_02510,True,1.0,1.0,0.6149198589261409,1.0,1.0,1.0,0.8395499412192254
044fa8b8af8d5903,2021.08.31.16.37.21_veh-40_01405_01642,True,1.0,1.0,0.6956884104622214,1.0,1.0,1.0,0.8732035043592589
26d4e1afc49f5e8b,2021.06.08.12.54.54_veh-26_02323_02479,True,1.0,1.0,1.0,1.0,1.0,1.0,1.0
b82503f002da5dc9,2021.06.07.17.46.49_veh-35_02607_03120,True,1.0,1.0,1.0,1.0,1.0,1.0,1.0
938e31bfeff150ec,2021.09.14.18.43.41_veh-45_00965_01195,True,1.0,0.0,0.0,1.0,1.0,1.0,0.0
afc7f0bb67925332,2021.10.05.06.24.06_veh-50_00021_00383,True,1.0,1.0,0.49051365324017226,1.0,1.0,1.0,0.7877140221834051
fca06f5c741c5eb6,2021.10.05.04.03.05_veh-50_01003_01426,True,1.0,1.0,0.48713147913540555,1.0,1.0,1.0,0.7863047829730857
a3775099ec0b5545,2021.10.05.06.24.06_veh-50_01311_01409,True,1.0,1.0,1.0,1.0,1.0,1.0,1.0
2ad9ffaaca95581f,2021.08.31.11.47.30_veh-40_01362_01737,True,1.0,1.0,0.712314141217526,1.0,1.0,1.0,0.8801308921739691
ace35de46e4e59b7,2021.08.31.18.15.54_veh-40_00579_00980,True,1.0,1.0,0.8025151745949044,1.0,1.0,1.0,0.9177146560812103
3cf09b26adb75a3a,2021.06.07.13.53.57_veh-35_01772_02032,True,1.0,1.0,0.9551634646489526,0.0,1.0,1.0,0.5646514436037303
24e5a3d6c87e5863,2021.06.07.19.43.00_veh-35_02298_02525,True,1.0,1.0,0.708789870272927,1.0,1.0,1.0,0.8786624459470529
adfe782c830952e6,2021.07.24.16.48.51_veh-17_00016_00166,True,1.0,1.0,1.0,1.0,1.0,1.0,1.0
fad3b25206405469,2021.10.05.07.10.04_veh-52_00689_01322,True,1.0,1.0,0.8676049574874957,1.0,1.0,1.0,0.9448353989531233
e3b93ebec6c15950,2021.08.31.18.15.54_veh-40_00579_00980,True,0.0,1.0,0.0,0.0,1.0,1.0,0.0
c8142d68e89c5602,2021.10.05.04.03.05_veh-50_00365_00493,True,1.0,1.0,0.5474263709419246,1.0,1.0,1.0,0.8114276545591353
97070ed0c4f25e55,2021.10.05.06.57.40_veh-50_00025_00261,True,1.0,1.0,1.0,1.0,1.0,1.0,1.0
352ab8c9f7945a79,2021.10.05.06.31.40_veh-52_00734_01305,True,1.0,0.0,0.0,1.0,1.0,1.0,0.0
6ab7c51e8fc358d9,2021.06.08.14.35.24_veh-26_01989_02235,True,1.0,1.0,0.9217688068007096,1.0,1.0,1.0,0.9674036695002957
c9e11eac8d3b5b20,2021.06.08.17.25.03_veh-35_03522_03716,True,1.0,1.0,1.0,1.0,1.0,1.0,1.0
68fae416c55e51ec,2021.08.24.15.09.18_veh-45_00216_00862,True,1.0,1.0,0.842605298322975,1.0,1.0,1.0,0.9344188743012397
ada4bd96b21350f3,2021.06.08.14.35.24_veh-26_02555_03004,True,1.0,1.0,1.0,1.0,1.0,1.0,1.0
dfaf7f0318b25029,2021.08.24.20.03.01_veh-45_00171_00238,True,1.0,1.0,1.0,1.0,1.0,0.5,1.0
2383b702d816580c,2021.06.08.14.14.51_veh-35_00893_01188,True,1.0,1.0,1.0,1.0,1.0,1.0,1.0
a98ae7114d51555f,2021.10.05.07.10.04_veh-52_01442_01802,True,1.0,1.0,0.6843131153818219,1.0,1.0,0.0,0.8684637980757591
d7b7bf4bee1a566b,2021.09.14.16.46.51_veh-45_00149_00900,True,1.0,1.0,0.7981501281862315,1.0,1.0,1.0,0.9158958867442631
61e741cf72e35dc6,2021.07.24.22.52.16_veh-35_03236_04096,True,1.0,1.0,0.8601547968790083,1.0,1.0,0.0,0.9417311653662535
a9333edd47f25ba7,2021.08.31.12.54.56_veh-40_00305_00667,True,1.0,1.0,0.8444043165779428,1.0,1.0,1.0,0.9351684652408094
59680cd2d2d55252,2021.08.31.11.47.30_veh-40_00393_00847,True,1.0,1.0,1.0,1.0,1.0,1.0,1.0
2109265abe425ec9,2021.10.05.08.11.15_veh-50_00163_00321,True,1.0,1.0,0.7511173808877973,1.0,1.0,1.0,0.8962989087032489
1d90666831825ecb,2021.08.31.11.47.30_veh-40_00393_00847,True,1.0,1.0,1.0,1.0,1.0,1.0,1.0
6ed309c0285c514d,2021.08.31.14.01.15_veh-40_00692_00977,True,1.0,1.0,0.7213870181085899,1.0,1.0,1.0,0.8839112575452458
b3eba680ed925ff0,2021.10.05.08.11.15_veh-50_00163_00321,True,1.0,1.0,0.7231703593140697,1.0,1.0,1.0,0.8846543163808623
2f5c186cb3f951f3,2021.08.31.18.15.54_veh-40_01143_01496,True,1.0,1.0,0.68440346460065,1.0,1.0,1.0,0.8685014435836041
78e325e7b2e05ea1,2021.06.08.18.18.30_veh-38_05578_05988,True,1.0,1.0,0.7262323104419511,1.0,1.0,1.0,0.885930129350813
0f57bec6ecc95f91,2021.10.05.07.38.12_veh-50_01477_01565,True,1.0,1.0,0.842260133202767,0.0,1.0,1.0,0.5176083888344863
5c62daecead15772,2021.08.31.14.01.15_veh-40_01576_01714,True,1.0,1.0,0.9283144223364256,1.0,1.0,1.0,0.9701310093068439
4c18120606d25974,2021.10.05.06.31.40_veh-52_01598_02013,True,1.0,1.0,0.5963615485572014,1.0,1.0,1.0,0.8318173118988339
84ef65c059ee52a9,2021.10.05.06.57.40_veh-50_00940_01105,True,1.0,1.0,0.6806946596737049,1.0,1.0,1.0,0.866956108197377
789e232068ba52fa,2021.08.31.12.21.30_veh-40_00661_00762,True,1.0,1.0,1.0,1.0,1.0,1.0,1.0
23864433956d54af,2021.06.08.18.18.30_veh-38_05578_05988,True,1.0,1.0,0.6082420720813712,1.0,1.0,1.0,0.8367675300339047
872380f71a9f5c73,2021.08.31.14.01.15_veh-40_01576_01714,True,1.0,1.0,1.0,1.0,1.0,1.0,1.0
c7d20bed29e95a90,2021.10.05.07.49.39_veh-52_00770_00905,True,1.0,1.0,1.0,1.0,1.0,1.0,1.0
ad50d798cf59571f,2021.10.05.07.10.04_veh-52_01442_01802,True,1.0,1.0,0.5572499744799405,1.0,1.0,1.0,0.8155208226999752
a4a766b344875757,2021.10.05.07.10.04_veh-52_00252_00406,True,1.0,1.0,0.7229017925219458,1.0,1.0,1.0,0.8845424135508108
77d5531dc41d5c8b,2021.06.08.14.14.51_veh-35_00893_01188,True,1.0,1.0,1.0,0.0,1.0,1.0,0.5833333333333334
596d777da0925d8a,2021.10.05.04.03.05_veh-50_01003_01426,True,1.0,0.0,0.0,1.0,1.0,1.0,0.0
d3499663de5c59b3,2021.09.14.20.42.30_veh-45_00805_01078,True,1.0,1.0,0.9250307139991759,1.0,1.0,1.0,0.9687627974996568
eb1e478c881d5da3,2021.08.31.13.27.52_veh-40_00869_01319,True,1.0,1.0,0.7865378863573704,1.0,1.0,1.0,0.9110574526489043
9a7d04c64d1f5a77,2021.08.24.14.35.46_veh-45_00549_00693,True,1.0,1.0,0.927226883867797,1.0,1.0,1.0,0.9696778682782488
08420e71635550ac,2021.06.07.19.29.59_veh-38_00474_00922,True,1.0,1.0,0.7621924221998722,1.0,1.0,1.0,0.9009135092499467
993e21a30ca559ff,2021.10.05.06.31.40_veh-52_01316_01565,True,1.0,1.0,0.6013459445887912,1.0,1.0,1.0,0.833894143578663
51d4a8a8ffb85133,2021.09.14.16.46.51_veh-45_02322_02510,True,1.0,1.0,1.0,1.0,1.0,1.0,1.0
53adc99c616d5b83,2021.06.08.12.00.19_veh-35_01722_02119,True,1.0,1.0,0.8410175968345913,0.0,1.0,1.0,0.5170906653477464
ee7a802e5d34585d,2021.10.05.07.49.39_veh-52_00934_01406,True,1.0,1.0,0.7818122497702055,1.0,1.0,1.0,0.9090884374042524
6308410a7cef5bfb,2021.06.08.12.00.19_veh-35_02135_02369,True,1.0,1.0,1.0,1.0,1.0,1.0,1.0
9e80d268826757c5,2021.06.08.14.14.51_veh-35_00893_01188,True,1.0,1.0,0.9483956106814976,1.0,1.0,1.0,0.9784981711172906
83bb2e00de6956e6,2021.08.09.17.55.59_veh-28_00320_00544,True,1.0,1.0,0.9210692646067573,1.0,1.0,1.0,0.9671121935861487
3d3b17caebe25f80,2021.08.09.17.55.59_veh-28_00320_00544,True,1.0,1.0,0.8014594519290271,1.0,1.0,1.0,0.9172747716370946
377b974a6905533e,2021.10.05.04.38.41_veh-50_00753_00956,True,1.0,0.0,0.0,1.0,1.0,1.0,0.0
6eb85083d1c95494,2021.08.31.12.21.30_veh-40_00056_00155,True,1.0,1.0,0.7128500069463888,1.0,1.0,1.0,0.8803541695609954
0fc1c792f12157d0,2021.10.05.07.10.04_veh-52_00689_01322,True,1.0,1.0,0.6321463733797642,1.0,1.0,1.0,0.8467276555749018
e72e7211e40c5b1b,2021.08.09.18.37.41_veh-28_00053_00548,True,1.0,1.0,0.8951052399534066,1.0,1.0,1.0,0.9562938499805861
3de82268b34e5310,2021.07.24.23.50.16_veh-17_01696_02071,True,1.0,1.0,1.0,1.0,1.0,1.0,1.0
b07390a222305aad,2021.10.05.04.03.05_veh-50_01466_01790,True,1.0,1.0,1.0,1.0,1.0,0.5,1.0
5a1543a3893f51b8,2021.06.07.17.46.49_veh-35_02607_03120,True,1.0,1.0,0.901010031463093,1.0,1.0,1.0,0.9587541797762889
f097e5e720ff5a7f,2021.08.24.18.07.48_veh-45_01504_01722,True,1.0,1.0,0.8266176232917128,1.0,1.0,1.0,0.9277573430382137
9242a16049085855,2021.10.05.06.24.06_veh-50_00717_01300,True,1.0,1.0,0.8177722507236663,1.0,1.0,1.0,0.9240717711348609
dba24b57245b5137,2021.08.24.20.03.01_veh-45_00463_00588,True,1.0,1.0,0.7796422687395206,1.0,1.0,0.0,0.908184278641467
e71d4ca6ec425cb7,2021.06.08.14.36.49_veh-38_00312_00694,True,1.0,1.0,0.7642038934316603,1.0,1.0,1.0,0.9017516222631917
a17344259513584e,2021.10.05.06.31.40_veh-52_01316_01565,True,1.0,1.0,0.7295327393726726,1.0,1.0,1.0,0.887305308071947
c46c3d5a0c5b521f,2021.08.24.17.34.27_veh-45_01478_01553,True,1.0,1.0,1.0,1.0,1.0,1.0,1.0
1b6f7936b9bb5e19,2021.08.31.16.37.21_veh-40_00798_00955,True,1.0,1.0,0.8238525132040392,1.0,1.0,1.0,0.9266052138350164
a0f17c458d3f598d,2021.10.05.06.24.06_veh-50_01311_01409,True,1.0,1.0,0.6605867071487045,1.0,1.0,1.0,0.8585777946452935
f457d7a93ed55606,2021.09.14.18.43.41_veh-45_00965_01195,True,1.0,1.0,1.0,1.0,1.0,1.0,1.0
cb85c2c58c385933,2021.10.05.08.11.15_veh-50_01222_01462,True,1.0,1.0,0.6850404388722543,1.0,1.0,1.0,0.8687668495301061
0e3ec6ec067d525d,2021.06.07.17.46.49_veh-35_02607_03120,True,1.0,1.0,0.9093141903720701,1.0,1.0,1.0,0.9622142459883625
9d110f0ce7ff5618,2021.10.05.06.24.06_veh-50_01311_01409,True,1.0,1.0,0.8426791515624469,1.0,1.0,1.0,0.9344496464843529
15d8d1a0e0b8517f,2021.10.05.04.03.05_veh-50_01466_01790,True,1.0,1.0,1.0,1.0,1.0,1.0,1.0
2e105a7619eb5d8f,2021.06.08.12.00.19_veh-35_05235_05578,True,1.0,1.0,0.9430938117700174,1.0,1.0,1.0,0.9762890882375072
bb1d6402706250fd,2021.06.07.13.53.57_veh-35_02489_03145,True,1.0,1.0,1.0,1.0,1.0,1.0,1.0
3527b47fceb752fd,2021.06.08.12.00.19_veh-35_05235_05578,True,1.0,1.0,0.8875207389057079,1.0,1.0,1.0,0.9531336412107118
a8b2b1145c4e5d7f,2021.06.08.14.14.51_veh-35_01508_01763,True,1.0,1.0,0.8480345749054963,1.0,1.0,1.0,0.9366810728772901
8bc34517e08758ff,2021.10.05.07.10.04_veh-52_01442_01802,True,1.0,1.0,0.6273686543891849,1.0,1.0,1.0,0.844736939328827
be3a1ee560c353d3,2021.10.05.08.11.15_veh-50_00163_00321,True,1.0,1.0,0.8328298774451484,1.0,1.0,1.0,0.9303457822688118
2722bfd70f20556c,2021.08.31.14.40.58_veh-40_00467_00668,True,1.0,1.0,1.0,1.0,1.0,1.0,1.0
d4d22fb9003c5a2d,2021.06.08.14.14.51_veh-35_01508_01763,True,1.0,1.0,1.0,1.0,1.0,1.0,1.0
1ecf5228549358e1,2021.06.07.17.46.49_veh-35_02607_03120,True,1.0,1.0,0.9001364869802498,1.0,1.0,1.0,0.9583902029084376
b154b241752f58c8,2021.08.24.18.07.48_veh-45_00203_00300,True,1.0,1.0,1.0,1.0,1.0,1.0,1.0
c16897b134dc5c30,2021.08.09.17.55.59_veh-28_00691_00876,True,1.0,1.0,0.9967333824226351,1.0,1.0,1.0,0.9986389093427647
1657554fc5445eb6,2021.06.08.12.00.19_veh-35_05235_05578,True,1.0,1.0,0.6660849054519876,1.0,1.0,1.0,0.8608687106049948
7689f1515e1a5309,2021.08.31.16.37.21_veh-40_00429_00541,True,0.0,1.0,0.0,0.0,1.0,1.0,0.0
885becb4c9bf5f42,2021.10.05.08.11.15_veh-50_00970_01211,True,1.0,1.0,0.827222218933501,1.0,1.0,1.0,0.9280092578889588
f30d57eef4465a97,2021.10.05.07.10.04_veh-52_00689_01322,True,1.0,1.0,0.7782738156801985,1.0,1.0,1.0,0.9076140898667493
de31770cc22857d4,2021.08.24.17.01.06_veh-45_00228_00689,True,1.0,1.0,0.8537907044529373,0.0,1.0,1.0,0.5224127935220572
1806b298ab5d5fe0,2021.07.24.23.50.16_veh-17_01696_02071,True,1.0,1.0,0.8100959688960784,1.0,1.0,1.0,0.920873320373366
015173513fc25684,2021.10.05.08.11.15_veh-50_00437_00585,True,1.0,1.0,0.7314870428495225,1.0,1.0,1.0,0.888119601187301
9e371752c2975207,2021.06.08.12.54.54_veh-26_00733_00983,True,1.0,1.0,0.4739033021089653,1.0,1.0,1.0,0.7807930425454023
097c0f17c76259f0,2021.09.14.18.43.41_veh-45_02503_03013,True,1.0,1.0,0.8394786684898374,1.0,1.0,1.0,0.9331161118707656
b475f23c5c0d5d11,2021.08.31.12.21.30_veh-40_00248_00367,True,1.0,1.0,1.0,0.0,1.0,1.0,0.5833333333333334
21c35cdef548546a,2021.10.05.07.10.04_veh-52_01442_01802,True,1.0,0.0,0.0,1.0,1.0,1.0,0.0
4ada1b823c6b5701,2021.10.05.04.03.05_veh-50_01466_01790,True,1.0,1.0,0.9673447088732672,1.0,1.0,1.0,0.9863936286971947
9f9228987c2652dd,2021.10.05.06.24.06_veh-50_00021_00383,True,1.0,1.0,0.5884950410813166,1.0,1.0,1.0,0.8285396004505485
8a9a5ab59dcd51d7,2021.08.31.14.01.15_veh-40_01576_01714,True,1.0,1.0,0.9275779864156574,1.0,1.0,1.0,0.969824161006524
73932f5fd9d35372,2021.10.05.07.10.04_veh-52_01442_01802,True,1.0,1.0,0.8839041880039699,1.0,1.0,1.0,0.9516267450016541
72e180d4d8105ae7,2021.08.31.16.37.21_veh-40_00798_00955,True,1.0,1.0,1.0,1.0,1.0,1.0,1.0
c4b39f732e8d5545,2021.06.07.17.46.49_veh-35_04839_05184,True,1.0,1.0,1.0,1.0,1.0,1.0,1.0
7793c1b1c89d53bf,2021.08.24.17.37.11_veh-08_02359_02623,True,1.0,1.0,0.8431974100851715,1.0,1.0,1.0,0.9346655875354881
ac3e9bd6d66359f8,2021.06.08.12.00.19_veh-35_03451_03644,True,1.0,1.0,0.8350155453984119,1.0,1.0,1.0,0.9312564772493382
1cb43da268ad593f,2021.10.05.06.31.40_veh-52_00005_00342,True,1.0,0.0,0.0,1.0,1.0,1.0,0.0
12272a297b415343,2021.10.05.07.38.12_veh-50_01085_01463,True,1.0,1.0,0.7430212273208122,1.0,1.0,1.0,0.8929255113836717
d092a6c8f4825e18,2021.08.31.14.40.58_veh-40_00285_00456,True,1.0,1.0,1.0,1.0,1.0,1.0,1.0
f7d672ad5579566e,2021.08.31.18.15.54_veh-40_00579_00980,True,1.0,1.0,0.8865111140410415,1.0,1.0,1.0,0.9527129641837674
1120e76a6a5a5e91,2021.08.31.13.27.52_veh-40_00688_00750,True,1.0,1.0,1.0,1.0,1.0,1.0,1.0
8e2fd252b25b5d76,2021.08.31.13.27.52_veh-40_00186_00414,True,1.0,1.0,1.0,1.0,1.0,1.0,1.0
ac0d4854cfc2500b,2021.10.05.04.03.05_veh-50_01466_01790,True,1.0,1.0,0.9115568650490601,1.0,1.0,1.0,0.9631486937704418
e3bdfd18dc085450,2021.08.31.11.47.30_veh-40_00393_00847,True,1.0,1.0,1.0,1.0,1.0,1.0,1.0
11d0fddaaa0e53a3,2021.10.05.06.24.06_veh-50_00431_00527,True,1.0,1.0,0.7451770193038423,1.0,1.0,1.0,0.8938237580432675
0c07703cdc5c538f,2021.10.05.07.38.12_veh-50_01085_01463,True,1.0,1.0,0.7643670554284369,1.0,1.0,1.0,0.9018196064285154
2145d1475ea95029,2021.10.05.04.03.05_veh-50_01003_01426,True,1.0,1.0,0.7259842025251508,1.0,1.0,1.0,0.8858267510521461
ce5c18417a3f5725,2021.10.05.06.57.40_veh-50_00665_00857,True,1.0,0.0,0.0,1.0,1.0,1.0,0.0
3146eb6b02075890,2021.08.31.11.47.30_veh-40_01362_01737,True,1.0,1.0,0.7017820280096189,1.0,1.0,1.0,0.8757425116706745
fc688912b8a859b0,2021.08.31.14.40.58_veh-40_00679_00892,True,1.0,1.0,0.8603854516221638,1.0,1.0,1.0,0.941827271509235
80ae25adcd1c5975,2021.06.08.12.00.19_veh-35_04422_04725,True,1.0,1.0,0.8652508180457309,1.0,1.0,1.0,0.9438545075190546
fd32f64dd086586c,2021.08.31.14.40.58_veh-40_01268_01618,True,1.0,1.0,0.7271507046267991,1.0,1.0,1.0,0.8863127935944997
42c09d5152cd52c2,2021.10.05.06.31.40_veh-52_01316_01565,True,1.0,1.0,0.7720158343547723,1.0,1.0,1.0,0.9050065976478218
aba36a1434e0524b,2021.10.05.06.57.40_veh-50_01493_01624,True,1.0,1.0,0.783867679925051,1.0,1.0,1.0,0.9099448666354379
4dbdb4689de9562f,2021.08.31.18.15.54_veh-40_01143_01496,True,1.0,1.0,0.8275206625347805,1.0,1.0,1.0,0.928133609389492
d6491a1d9f2c530c,2021.10.05.04.03.05_veh-50_01003_01426,True,1.0,1.0,1.0,1.0,1.0,1.0,1.0
ca31b7933f8256e2,2021.08.31.14.01.15_veh-40_01576_01714,True,1.0,1.0,0.7430545595723884,1.0,1.0,1.0,0.8929393998218286
19068c380ce551b8,2021.10.05.07.38.12_veh-50_00245_00433,True,1.0,1.0,0.7832879226629915,1.0,1.0,1.0,0.9097033011095798
519b58b5679c5c28,2021.08.24.18.30.46_veh-08_01674_01850,True,1.0,1.0,0.7813173962801269,1.0,1.0,1.0,0.9088822484500528
b63698e6c67151a9,2021.06.07.18.53.26_veh-26_01208_01412,True,1.0,1.0,0.5796599997894332,1.0,1.0,1.0,0.8248583332455972
63a18c8e39ec5797,2021.06.08.17.25.03_veh-35_02448_02655,True,1.0,1.0,0.8119753660471124,1.0,1.0,1.0,0.9216564025196302
b0983c3a92b25884,2021.06.08.17.25.03_veh-35_03522_03716,True,1.0,1.0,1.0,1.0,1.0,1.0,1.0
1175e2cacacf576a,2021.10.05.06.24.06_veh-50_00717_01300,True,1.0,1.0,0.7103188901453549,1.0,1.0,1.0,0.8792995375605646
0686551eb96b50c9,2021.08.31.13.27.52_veh-40_00186_00414,True,1.0,1.0,0.7872424979289765,1.0,1.0,1.0,0.9113510408037402
df85f781941d506c,2021.10.05.07.49.39_veh-52_00563_00680,True,1.0,0.0,0.0,1.0,1.0,1.0,0.0
58ea0f6fb168578d,2021.08.31.12.54.56_veh-40_00305_00667,True,1.0,1.0,0.9053889555214056,1.0,1.0,1.0,0.9605787314672524
a93fc5c35ab75511,2021.08.31.11.47.30_veh-40_01362_01737,True,1.0,1.0,1.0,0.0,1.0,1.0,0.5833333333333334
3d2dc9ee970b5f7f,2021.10.05.08.11.15_veh-50_00970_01211,True,1.0,1.0,0.7421021921895098,1.0,1.0,1.0,0.8925425800789624
a532f168f9335194,2021.08.24.17.37.11_veh-08_02359_02623,True,1.0,0.0,0.0,1.0,1.0,1.0,0.0
207c31dd2af05b85,2021.09.14.16.46.51_veh-45_02322_02510,True,1.0,1.0,0.6942691224273794,1.0,1.0,1.0,0.8726121343447414
c0b6e73347b556c1,2021.08.31.11.47.30_veh-40_01146_01347,True,1.0,1.0,0.5727742548542261,1.0,1.0,1.0,0.8219892728559275
047ad7f2f6025423,2021.10.05.04.03.05_veh-50_00365_00493,True,1.0,1.0,1.0,1.0,1.0,1.0,1.0
c4a7523e8ec45620,2021.06.08.12.00.19_veh-35_05235_05578,True,1.0,1.0,0.9647145904337601,1.0,1.0,1.0,0.9852977460140666
1e1bb6eb92ef54c9,2021.08.09.18.37.41_veh-28_00053_00548,True,1.0,1.0,1.0,1.0,1.0,1.0,1.0
a196f492ed435a2e,2021.08.24.17.37.11_veh-08_02359_02623,True,1.0,1.0,0.6693834827824039,1.0,1.0,1.0,0.8622431178260017
26c7d824277759fa,2021.08.24.19.30.33_veh-45_01391_01523,True,1.0,0.0,0.0,1.0,1.0,1.0,0.0
ba092177559551a5,2021.10.05.04.38.41_veh-50_00014_00429,True,1.0,1.0,0.6913261601538497,1.0,1.0,1.0,0.8713859000641041
6e39100431375827,2021.09.14.16.46.51_veh-45_00149_00900,True,1.0,1.0,0.6732487291791786,1.0,1.0,1.0,0.863853637157991
60a390c3f03357e5,2021.09.14.18.43.41_veh-45_02503_03013,True,1.0,1.0,0.7254042634949088,1.0,1.0,1.0,0.8855851097895453
c01bef6b54e95af6,2021.06.07.19.29.59_veh-38_00474_00922,True,1.0,1.0,0.577179316002808,1.0,1.0,1.0,0.82382471500117
56a7475dfe785a4f,2021.08.24.18.30.46_veh-08_02327_02583,True,1.0,1.0,0.6284200777041139,1.0,1.0,1.0,0.8451750323767141
de7fbe0355685d22,2021.08.31.16.37.21_veh-40_01405_01642,True,1.0,1.0,1.0,1.0,1.0,1.0,1.0
2622b63e4b9b5e2f,2021.08.24.14.25.28_veh-42_00333_00472,True,1.0,1.0,0.9698218716574776,1.0,1.0,1.0,0.9874257798572823
e00b89b79fb35570,2021.10.05.08.11.15_veh-50_00710_00903,True,1.0,1.0,0.7871290317518446,1.0,1.0,1.0,0.9113037632299351
6541bf804c245f3b,2021.06.08.14.14.51_veh-35_01508_01763,True,1.0,1.0,0.8408390984899348,1.0,1.0,1.0,0.9336829577041396
0028ef192ab551c8,2021.06.08.14.35.24_veh-26_02555_03004,True,1.0,1.0,0.8697899706823504,1.0,1.0,0.0,0.945745821117646
cbb855cedd1c59cd,2021.06.07.13.53.57_veh-35_02489_03145,True,1.0,1.0,1.0,1.0,1.0,1.0,1.0
869b8d0062b65648,2021.06.07.12.42.11_veh-38_02445_02843,True,1.0,1.0,0.6349830525552547,1.0,1.0,1.0,0.8479096052313562
28dcac2ba3a45360,2021.06.08.18.18.30_veh-38_05578_05988,True,1.0,1.0,1.0,1.0,1.0,1.0,1.0
591bc8b041155fca,2021.08.31.11.47.30_veh-40_00393_00847,True,1.0,1.0,0.8399553807865932,1.0,1.0,1.0,0.9333147419944138
8476ee8158c85a67,2021.08.24.15.09.18_veh-45_00216_00862,True,1.0,1.0,1.0,1.0,1.0,1.0,1.0
7d045ced792f563a,2021.08.31.14.01.15_veh-40_01576_01714,True,1.0,1.0,0.9080981226923732,1.0,1.0,1.0,0.9617075511218222
98d953ea9a38569e,2021.10.05.04.38.41_veh-50_00753_00956,True,1.0,1.0,0.7602480030337974,1.0,1.0,1.0,0.9001033345974155
29bf83682e3b5496,2021.09.14.19.46.05_veh-45_01937_02119,True,1.0,1.0,0.7921592787380282,1.0,1.0,1.0,0.9133996994741783
ec29487d1ea458f3,2021.06.08.14.35.24_veh-26_01989_02235,True,1.0,1.0,1.0,1.0,1.0,1.0,1.0
3b7e9e06d3635260,2021.10.05.06.24.06_veh-50_00431_00527,True,1.0,1.0,0.7594902598659359,1.0,1.0,1.0,0.8997876082774733
b1c6bdb07963503d,2021.08.31.13.27.52_veh-40_00869_01319,True,1.0,1.0,0.8561008465150578,1.0,1.0,1.0,0.9400420193812741
a8f5d05955b65258,2021.10.05.06.31.40_veh-52_01316_01565,True,1.0,1.0,0.8261168756241873,1.0,1.0,1.0,0.9275486981767447
a1a2e4522bdf50bd,2021.08.31.18.15.54_veh-40_00579_00980,True,1.0,1.0,1.0,1.0,1.0,1.0,1.0
621f26ec790f5780,2021.10.05.06.31.40_veh-52_00734_01305,True,1.0,1.0,0.7196212970162595,1.0,1.0,1.0,0.8831755404234415
aefda6e60f295c58,2021.10.05.06.24.06_veh-50_00021_00383,True,1.0,1.0,0.7538057328131471,1.0,1.0,1.0,0.8974190553388114
1863f7090a875133,2021.06.07.18.53.26_veh-26_01208_01412,True,1.0,1.0,0.6686751855930477,1.0,1.0,1.0,0.8619479939971032
1b7f1a48a9285dc5,2021.09.14.18.43.41_veh-45_02296_02477,True,1.0,1.0,0.6349959727222753,1.0,1.0,1.0,0.8479149886342814
6e381de9de9a5048,2021.08.31.11.47.30_veh-40_00393_00847,True,1.0,1.0,0.9888909054535681,1.0,1.0,1.0,0.9953712106056534
2f14a47a32df5104,2021.07.24.22.52.16_veh-35_03236_04096,True,1.0,1.0,0.42850230893742336,1.0,1.0,1.0,0.7618759620572598
89c7b76196cc51c9,2021.10.05.07.38.12_veh-50_00898_01058,True,1.0,1.0,1.0,1.0,1.0,1.0,1.0
9f9d065b098c5d5d,2021.08.31.18.15.54_veh-40_00335_00568,True,1.0,1.0,0.9131723540913588,1.0,1.0,1.0,0.9638218142047328
655c89b748d2588f,2021.10.05.07.10.04_veh-52_01442_01802,True,1.0,1.0,0.7820184791688226,1.0,1.0,1.0,0.9091743663203428
db439b1292395139,2021.06.08.12.54.54_veh-26_02994_03970,True,1.0,1.0,0.7126373831235905,1.0,1.0,1.0,0.880265576301496
f8388643d5e75bd8,2021.08.31.17.42.52_veh-40_01033_01313,True,1.0,1.0,0.7682431295596431,0.0,1.0,1.0,0.4867679706498513
64bc618e988a529b,2021.10.05.06.24.06_veh-50_00431_00527,True,1.0,1.0,0.6105718748840798,1.0,1.0,1.0,0.8377382812017
07276bf605e75853,2021.10.05.04.03.05_veh-50_01466_01790,True,1.0,1.0,0.7464922617669013,1.0,1.0,1.0,0.894371775736209
36d51d96c7ab5de7,2021.10.05.08.11.15_veh-50_01222_01462,True,1.0,1.0,1.0,1.0,1.0,1.0,1.0
ac41535715a553ee,2021.06.07.13.53.57_veh-35_02489_03145,True,1.0,1.0,0.5316653210802025,1.0,1.0,1.0,0.8048605504500843
1cfb82a7d0fc5532,2021.09.14.19.46.05_veh-45_01937_02119,True,1.0,1.0,0.920327122334505,1.0,1.0,1.0,0.966802967639377
e4326034b329512d,2021.06.07.17.48.02_veh-38_01949_02085,True,1.0,1.0,1.0,1.0,1.0,1.0,1.0
b572be499897512d,2021.09.14.16.46.51_veh-45_00149_00900,True,1.0,1.0,0.7091810819007115,1.0,1.0,0.0,0.8788254507919632
88ebd59062ff5754,2021.08.31.17.42.52_veh-40_01033_01313,True,0.0,1.0,0.0,0.0,1.0,1.0,0.0
4af373236f3555df,2021.08.31.18.15.54_veh-40_01143_01496,True,1.0,1.0,0.7147724402098167,1.0,1.0,1.0,0.8811551834207569
3315880386e45927,2021.06.07.18.53.26_veh-26_00005_00427,True,1.0,1.0,1.0,1.0,1.0,1.0,1.0
3b4fbda417ff5891,2021.10.05.06.57.40_veh-50_01658_01796,True,1.0,1.0,0.732138989873554,1.0,1.0,1.0,0.8883912457806474
8ef5e08cf1235d75,2021.06.08.14.14.51_veh-35_01508_01763,True,1.0,1.0,0.6448185273459457,1.0,1.0,1.0,0.8520077197274775
167a3562466359ad,2021.06.07.19.29.59_veh-38_01025_01274,True,1.0,1.0,1.0,1.0,1.0,1.0,1.0
a2170b8bde99579c,2021.08.24.19.30.33_veh-45_01391_01523,True,1.0,1.0,1.0,1.0,1.0,1.0,1.0
ff29aba314185d7d,2021.10.05.07.49.39_veh-52_00563_00680,True,1.0,0.0,0.0,1.0,1.0,1.0,0.0
d7b8fe0e9a355ef0,2021.10.05.07.10.04_veh-52_01442_01802,True,1.0,1.0,0.711698344272279,1.0,1.0,1.0,0.8798743101134496
91a9b10d8a1556f9,2021.08.31.18.15.54_veh-40_00038_00199,True,1.0,1.0,1.0,1.0,1.0,1.0,1.0
d229e39ba3485fc7,2021.10.05.06.31.40_veh-52_01598_02013,True,1.0,1.0,0.7978501644979012,1.0,1.0,1.0,0.9157709018741255
f02a92578d3b576c,2021.06.08.12.54.54_veh-26_02323_02479,True,1.0,1.0,1.0,1.0,1.0,1.0,1.0
0128a6a1cccd521b,2021.06.08.12.00.19_veh-35_02988_03160,True,1.0,1.0,0.575554973628357,1.0,1.0,1.0,0.8231479056784821
5f50007be6c95f4f,2021.09.14.16.46.51_veh-45_00149_00900,True,1.0,1.0,1.0,1.0,1.0,1.0,1.0
5c777795899850ee,2021.08.31.14.40.58_veh-40_01022_01255,True,1.0,1.0,0.8361546343576559,1.0,1.0,1.0,0.9317310976490233
c2b3bc5cf2965fb9,2021.06.07.13.53.57_veh-35_01772_02032,True,1.0,1.0,0.9670363796354557,1.0,1.0,1.0,0.9862651581814399
d825238b909650dc,2021.10.05.06.57.40_veh-50_00665_00857,True,1.0,1.0,0.70109386252613,1.0,1.0,1.0,0.8754557760525542
e051ec8b2dd75dfb,2021.10.05.06.24.06_veh-50_00717_01300,True,1.0,1.0,0.6327951013128547,1.0,1.0,1.0,0.8469979588803561
963d9c4050035d7f,2021.09.14.16.46.51_veh-45_00149_00900,True,1.0,1.0,0.7636344130575369,1.0,1.0,1.0,0.9015143387739736
6fc0531e8ef45896,2021.08.31.17.42.52_veh-40_01551_01684,True,1.0,1.0,0.8135857323277691,1.0,1.0,1.0,0.9223273884699038
b83febab595f5a91,2021.08.31.18.15.54_veh-40_00579_00980,True,1.0,1.0,0.8988440733482015,1.0,1.0,1.0,0.9578516972284173
4c98b2a043075bf0,2021.10.05.08.11.15_veh-50_00163_00321,True,1.0,1.0,0.6970368383844875,1.0,1.0,1.0,0.8737653493268698
17fd5a6413785978,2021.10.05.06.57.40_veh-50_00665_00857,True,1.0,1.0,1.0,1.0,1.0,1.0,1.0
0f2b1ab7c34a5b6c,2021.08.31.12.21.30_veh-40_00378_00527,True,1.0,1.0,0.914328998572838,1.0,1.0,1.0,0.9643037494053491
dad4c437f59a5c9c,2021.08.24.17.34.27_veh-45_01478_01553,True,1.0,1.0,1.0,1.0,1.0,1.0,1.0
f645b55c406c5aaa,2021.10.05.08.11.15_veh-50_00970_01211,True,1.0,1.0,0.9520224141650152,1.0,1.0,1.0,0.9800093392354231
4d7fa90bd2805dc6,2021.09.14.16.46.51_veh-45_00149_00900,True,1.0,1.0,0.7116505509046309,1.0,1.0,1.0,0.8798543962102628
f7403964981a57c9,2021.08.24.19.30.33_veh-45_00290_00484,True,1.0,1.0,0.9018876006239755,1.0,1.0,1.0,0.9591198335933232
00b8bd5be55f53bf,2021.08.31.17.42.52_veh-40_01033_01313,True,1.0,1.0,0.7852822634970119,1.0,1.0,1.0,0.9105342764570882
90dad22b21dc5a70,2021.10.05.06.24.06_veh-50_00717_01300,True,1.0,1.0,0.6637849332619522,1.0,1.0,1.0,0.8599103888591468
82e367c7c7905afe,2021.10.05.06.24.06_veh-50_00717_01300,True,1.0,1.0,0.6446745034867479,1.0,1.0,1.0,0.851947709786145
b9148d958ae35f13,2021.10.05.08.11.15_veh-50_00360_00426,True,1.0,1.0,0.7463917667039943,1.0,1.0,1.0,0.894329902793331
627d9fcb765c5d99,2021.08.31.14.01.15_veh-40_00692_00977,True,1.0,1.0,0.8978541225842313,1.0,1.0,1.0,0.9574392177434298
06c1c428eea05b6c,2021.08.24.18.30.46_veh-08_02327_02583,True,1.0,1.0,1.0,1.0,1.0,1.0,1.0
