token,log_name,valid,no_at_fault_collisions,drivable_area_compliance,ego_progress,time_to_collision_within_bound,comfort,driving_direction_compliance,score
54ced13f54d45595,2021.06.08.14.36.49_veh-38_00312_00694,True,1.0,1.0,0.9129621385617845,1.0,1.0,1.0,0.9637342244007435
b182afe96eff545c,2021.07.24.16.48.51_veh-17_00016_00166,True,1.0,1.0,1.0,1.0,1.0,1.0,1.0
0ef905cf005e5c7f,2021.08.31.16.37.21_veh-40_01405_01642,True,1.0,1.0,1.0,1.0,1.0,1.0,1.0
9f95591656ee5812,2021.10.05.08.11.15_veh-50_01222_01462,True,1.0,1.0,0.7655711959850634,1.0,1.0,1.0,0.9023213316604431
92a43114965e51d3,2021.10.05.06.31.40_veh-52_01598_02013,True,1.0,1.0,0.7902645792625966,1.0,1.0,1.0,0.9126102413594154
e42e17021b6c5858,2021.10.05.04.38.41_veh-50_00014_00429,True,1.0,0.0,0.0,1.0,1.0,1.0,0.0
b3bdd63efe975f38,2021.08.31.14.01.15_veh-40_01109_01272,True,1.0,1.0,0.7178866816200036,1.0,1.0,1.0,0.8824527840083348
470ab3110a5757c7,2021.08.24.18.30.46_veh-08_02327_02583,True,1.0,1.0,0.7870835745061684,0.0,1.0,1.0,0.4946181560442368
e07dd506081d5425,2021.08.31.14.40.58_veh-40_01268_01618,True,1.0,0.0,0.0,1.0,1.0,1.0,0.0
3dccebdee98856ee,2021.06.08.12.00.19_veh-35_01722_02119,True,1.0,1.0,0.7686185385970089,1.0,1.0,1.0,0.9035910577487537
1d85930e7376508a,2021.08.31.17.42.52_veh-40_01551_01684,True,1.0,1.0,0.8136814038545992,1.0,1.0,1.0,0.922367251606083
adf6a0ecacc45696,2021.08.31.18.15.54_veh-40_00038_00199,True,1.0,1.0,0.8041182541757951,1.0,1.0,1.0,0.9183826059065813
731e22bc1e3b5a41,2021.06.07.17.46.49_veh-35_04084_04828,True,1.0,1.0,0.8199654935584254,1.0,1.0,1.0,0.9249856223160107
77edc0205ac65692,2021.08.09.18.37.41_veh-28_00648_00730,True,1.0,1.0,0.8386171005793446,1.0,1.0,1.0,0.9327571252413936
e1c6c9ba74a95bdc,2021.10.05.04.03.05_veh-50_01466_01790,True,1.0,1.0,0.7658655601146417,1.0,1.0,1.0,0.9024439833811008
4c2af538879b5d13,2021.10.05.06.57.40_veh-50_00940_01105,True,1.0,1.0,0.7020178448108761,1.0,1.0,1.0,0.8758407686711984
ab080d6f31a95fd9,2021.09.14.18.43.41_veh-45_00965_01195,True,1.0,1.0,1.0,1.0,1.0,0.0,1.0
032941ef393256e3,2021.06.08.18.18.30_veh-38_06017_06142,True,1.0,1.0,1.0,1.0,1.0,1.0,1.0
6f287e91cad05354,2021.10.05.07.10.04_veh-52_01442_01802,True,1.0,0.0,0.0,1.0,1.0,1.0,0.0
ec7718f1c67652b9,2021.09.14.20.42.30_veh-45_00805_01078,True,1.0,1.0,0.8191386227258358,1.0,1.0,1.0,0.9246410928024315
17a6c1ad7a4a5307,2021.08.24.18.07.48_veh-45_00873_01142,True,1.0,1.0,1.0,1.0,1.0,1.0,1.0
d28a454763915647,2021.10.05.04.38.41_veh-50_00753_00956,True,1.0,1.0,0.570436195187702,1.0,1.0,1.0,0.8210150813282091
baff7f685ac254f2,2021.10.05.04.03.05_veh-50_01466_01790,True,1.0,1.0,0.7714108000147605,1.0,1.0,1.0,0.9047545000061502
184ab6d6981057fb,2021.08.24.15.09.18_veh-45_00216_00862,True,1.0,1.0,0.5351854793793122,1.0,1.0,1.0,0.8063272830747135
a1815765a5385deb,2021.06.08.16.31.33_veh-38_00015_00262,True,1.0,1.0,0.8498454039488481,1.0,1.0,1.0,0.9374355849786866
9bc425de3f665d0b,2021.10.05.04.03.05_veh-50_01466_01790,True,1.0,1.0,1.0,1.0,1.0,0.5,1.0
a94dd3f3e4bc5704,2021.10.05.07.38.12_veh-50_01477_01565,True,1.0,1.0,0.8900481785278366,1.0,1.0,1.0,0.9541867410532653
f5542cfd729a51ff,2021.10.05.07.10.04_veh-52_01442_01802,True,1.0,1.0,0.7867654669281576,1.0,1.0,1.0,0.9111522778867324
71aae8e35d425bbc,2021.10.05.08.11.15_veh-50_01222_01462,True,1.0,1.0,0.6497856443263732,1.0,1.0,1.0,0.8540773518026555
82b2cf83f12a5ad5,2021.08.24.18.07.48_veh-45_00203_00300,True,1.0,0.0,0.0,1.0,1.0,1.0,0.0
9f9bbaf95e055a2a,2021.08.31.11.47.30_veh-40_01362_01737,True,1.0,1.0,1.0,1.0,1.0,1.0,1.0
53992d7f47f15953,2021.10.05.04.03.05_veh-50_00058_00321,True,1.0,1.0,1.0,1.0,1.0,1.0,1.0
8411dac2708451e4,2021.10.05.07.10.04_veh-52_00689_01322,True,1.0,1.0,0.818253416892143,1.0,1.0,1.0,0.9242722570383929
4d6608189ed25ba1,2021.07.24.22.52.16_veh-35_03236_04096,True,1.0,1.0,1.0,1.0,1.0,1.0,1.0
689ff77454a553d9,2021.09.14.20.42.30_veh-45_01603_01670,True,1.0,0.0,0.0,1.0,1.0,1.0,0.0
10b9238d48f9544f,2021.10.05.08.11.15_veh-50_01566_01801,True,1.0,1.0,0.6804243333812658,1.0,1.0,1.0,0.866843472242194
dd20852b1c355e6a,2021.06.08.18.59.48_veh-12_03122_03677,True,1.0,1.0,0.7769960928760823,1.0,1.0,1.0,0.9070817053650343
91be2e4cb3915919,2021.10.05.08.11.15_veh-50_00970_01211,True,1.0,1.0,0.7737869366964906,1.0,1.0,1.0,0.9057445569568711
6e207b0d231e5938,2021.08.31.18.15.54_veh-40_00579_00980,True,1.0,1.0,0.9978576922781293,1.0,1.0,1.0,0.9991073717825539
937334709b785322,2021.07.24.20.37.45_veh-17_00015_00375,True,1.0,1.0,0.9260333934058035,1.0,1.0,1.0,0.9691805805857515
0bb733fc337a5f65,2021.08.24.17.01.06_veh-45_00228_00689,True,1.0,1.0,1.0,1.0,1.0,1.0,1.0
239e12f7f56e50d3,2021.10.05.04.38.41_veh-50_00576_00721,True,1.0,1.0,0.6395141612679205,1.0,1.0,1.0,0.8497975671949668
f11c5b71dae55523,2021.08.24.15.09.18_veh-45_00216_00862,True,1.0,1.0,0.7900105938123932,1.0,1.0,1.0,0.9125044140884971
bb736ed0f39553dd,2021.08.09.18.37.41_veh-28_00053_00548,True,1.0,1.0,0.8477925444286982,1.0,1.0,1.0,0.9365802268452909
9d0d8d531e41554b,2021.10.05.07.10.04_veh-52_00689_01322,True,1.0,1.0,0.5497108630909383,1.0,1.0,1.0,0.812379526287891
b4a0da658c685578,2021.10.05.08.11.15_veh-50_01566_01801,True,1.0,1.0,0.7023820229185205,1.0,1.0,1.0,0.8759925095493836
2ec53f79469e5740,2021.09.14.20.42.30_veh-45_00464_00579,True,1.0,1.0,1.0,1.0,1.0,1.0,1.0
4f757b95aa595fa4,2021.08.09.17.55.59_veh-28_00021_00307,True,1.0,1.0,0.9312406527303162,1.0,1.0,0.5,0.971350271970965
c030ff964c67571f,2021.10.05.04.38.41_veh-50_00753_00956,True,1.0,1.0,0.7783262736610966,1.0,1.0,1.0,0.9076359473587902
d190a31e2eb252e7,2021.10.05.07.49.39_veh-52_01417_01574,True,1.0,1.0,0.6688368800636377,1.0,1.0,1.0,0.8620153666931823
31b656c9c3f85b98,2021.10.05.06.24.06_veh-50_01566_01672,True,1.0,1.0,0.7155079189294642,1.0,1.0,1.0,0.8814616328872767
93145dcb3f7850f8,2021.10.05.07.38.12_veh-50_01085_01463,True,1.0,1.0,0.7487117871005257,1.0,1.0,1.0,0.8952965779585523
51d6d4d77d215f8d,2021.06.08.16.31.33_veh-38_01589_02072,True,1.0,1.0,0.6268775383773318,1.0,1.0,1.0,0.8445323076572215
2daab49ffa5d5619,2021.06.07.13.53.57_veh-35_02489_03145,True,1.0,1.0,0.7664241751617347,1.0,1.0,1.0,0.9026767396507228
cb38e518669d5d32,2021.10.05.06.24.06_veh-50_00717_01300,True,1.0,1.0,0.6411789604284585,1.0,1.0,1.0,0.8504912335118577
2a044369ef015235,2021.10.05.04.38.41_veh-50_00753_00956,True,1.0,1.0,0.8272318938896155,1.0,1.0,1.0,0.9280132891206732
5d13617968835cc0,2021.09.14.18.43.41_veh-45_02503_03013,True,1.0,1.0,1.0,1.0,1.0,1.0,1.0
2bebeab7bbc25b4a,2021.10.05.04.03.05_veh-50_01466_01790,True,1.0,1.0,0.6816418889856047,1.0,1.0,1.0,0.8673507870773353
e24b4c3cb017574b,2021.08.24.15.09.18_veh-45_00216_00862,True,1.0,1.0,0.9225306931194537,1.0,1.0,1.0,0.9677211221331058
cf5cb314cea05c3a,2021.10.05.08.11.15_veh-50_00163_00321,True,1.0,1.0,0.7455932767888015,1.0,1.0,1.0,0.8939971986620007
fd001651bdef58e6,2021.10.05.07.10.04_veh-52_00252_00406,True,1.0,1.0,0.7085100450703143,1.0,1.0,1.0,0.878545852112631
e05e3f8b701155f0,2021.10.05.04.03.05_veh-50_01466_01790,True,1.0,1.0,0.726311286307971,1.0,1.0,1.0,0.8859630359616547
1c8da5542b095640,2021.08.31.18.15.54_veh-40_01143_01496,True,1.0,1.0,0.7317188356624436,1.0,1.0,1.0,0.8882161815260181
cee30e7273de52ee,2021.10.05.08.11.15_veh-50_01566_01801,True,1.0,1.0,0.805061165932824,1.0,1.0,1.0,0.9187754858053433
89fcf2337e5c56c0,2021.10.05.04.38.41_veh-50_00576_00721,True,1.0,1.0,0.9716136672159477,1.0,1.0,1.0,0.9881723613399783
f9c259cb771a515b,2021.06.07.12.54.00_veh-35_01843_02314,True,1.0,1.0,0.7843086631894541,1.0,1.0,1.0,0.9101286096622726
e1b5440064b05517,2021.10.05.07.10.04_veh-52_01442_01802,True,1.0,0.0,0.0,0.0,1.0,1.0,0.0
3de452c5a98a5faf,2021.08.09.17.55.59_veh-28_00691_00876,True,1.0,1.0,1.0,1.0,1.0,1.0,1.0
a844aaa2349954d4,2021.06.08.12.54.54_veh-26_02994_03970,True,1.0,1.0,0.6734640050474889,1.0,1.0,1.0,0.8639433354364536
7623dd6cbc29535c,2021.10.05.06.57.40_veh-50_00025_00261,True,1.0,1.0,0.6492373595968828,1.0,1.0,1.0,0.8538488998320345
0c72d4ae48025f5b,2021.10.05.07.49.39_veh-52_00934_01406,True,1.0,1.0,0.7577714131127953,1.0,1.0,1.0,0.8990714221303314
ed717de405885939,2021.10.05.06.57.40_veh-50_01131_01452,True,1.0,1.0,0.6843242404237725,1.0,1.0,1.0,0.8684684335099052
63cd86d73bbb5341,2021.08.31.18.15.54_veh-40_00038_00199,True,1.0,1.0,1.0,1.0,1.0,0.5,1.0
fea6ee4da44b5ff4,2021.08.31.18.15.54_veh-40_00038_00199,True,1.0,1.0,0.707791768748721,1.0,1.0,0.5,0.878246570311967
4f0a0a61bdaa5a59,2021.06.07.12.54.00_veh-35_01843_02314,True,1.0,1.0,1.0,1.0,1.0,1.0,1.0
c839df573acb5c23,2021.10.05.08.11.15_veh-50_00970_01211,True,1.0,1.0,1.0,1.0,1.0,1.0,1.0
d02a1007dacf5c5b,2021.08.24.15.09.18_veh-45_00216_00862,True,1.0,1.0,0.8535432405934864,1.0,1.0,1.0,0.938976350247286
a8de42d07c155977,2021.10.05.07.10.04_veh-52_01442_01802,True,1.0,0.0,0.0,1.0,1.0,1.0,0.0
b86e9934259c5750,2021.06.08.12.00.19_veh-35_02988_03160,True,1.0,1.0,1.0,1.0,1.0,0.5,1.0
9b2ecd661f315d8c,2021.06.07.17.46.49_veh-35_04084_04828,True,1.0,1.0,1.0,1.0,1.0,1.0,1.0
e7d800c5ad005d4f,2021.10.05.06.24.06_veh-50_00717_01300,True,1.0,1.0,1.0,1.0,1.0,1.0,1.0
2373a681d51152cd,2021.10.05.04.03.05_veh-50_00536_00637,True,1.0,1.0,1.0,1.0,1.0,1.0,1.0
539012f770025700,2021.10.05.06.24.06_veh-50_00717_01300,True,1.0,1.0,0.7379940654786064,1.0,1.0,1.0,0.8908308606160859
ae7fd428f27e5940,2021.08.24.17.34.27_veh-45_01478_01553,True,1.0,1.0,1.0,1.0,1.0,1.0,1.0
bbdb02d553cc5ac0,2021.08.31.16.37.21_veh-40_01405_01642,True,1.0,1.0,1.0,1.0,1.0,1.0,1.0
f25336c1cdab5340,2021.10.05.06.31.40_veh-52_01316_01565,True,1.0,1.0,0.5307225782358685,1.0,1.0,1.0,0.8044677409316119
faa042f84c4f585a,2021.06.08.14.35.24_veh-26_02555_03004,True,1.0,1.0,1.0,1.0,1.0,1.0,1.0
6acb54acea165d44,2021.09.14.18.43.41_veh-45_02503_03013,True,0.0,1.0,0.0,0.0,1.0,1.0,0.0
634ab85be74b5e51,2021.09.14.16.46.51_veh-45_02322_02510,True,1.0,1.0,1.0,1.0,1.0,1.0,1.0
f32a311d997051ab,2021.10.05.04.03.05_veh-50_01003_01426,True,1.0,1.0,0.6120573162997709,1.0,1.0,1.0,0.8383572151249045
c50a4014ad575f2e,2021.08.09.18.37.41_veh-28_00648_00730,True,1.0,1.0,0.8917021961689111,1.0,1.0,1.0,0.9548759150703795
0016245ac3705a33,2021.10.05.04.38.41_veh-50_00014_00429,True,1.0,1.0,0.5901310001180162,1.0,1.0,0.5,0.8292212500491735
882656f118175ccc,2021.10.05.07.49.39_veh-52_00934_01406,True,1.0,1.0,0.7307968412204893,1.0,1.0,1.0,0.8878320171752039
504cf746181a5cad,2021.06.07.17.46.49_veh-35_02607_03120,True,1.0,1.0,1.0,1.0,1.0,1.0,1.0
d8b5107ffc9855ee,2021.10.05.06.57.40_veh-50_00665_00857,True,1.0,1.0,1.0,1.0,1.0,1.0,1.0
5dc0881f21425457,2021.08.24.17.34.27_veh-45_01478_01553,True,1.0,1.0,1.0,1.0,1.0,1.0,1.0
c0e018420a2359b3,2021.10.05.07.49.39_veh-52_00770_00905,True,1.0,1.0,0.8917674474150115,1.0,1.0,1.0,0.9549031030895881
7a1c5a77b98e59fe,2021.07.24.20.37.45_veh-17_00015_00375,True,1.0,1.0,0.9286899393807857,1.0,1.0,1.0,0.9702874747419941
f04b0860aafc5f6e,2021.07.24.16.48.51_veh-17_00016_00166,True,1.0,1.0,0.9179473669462062,1.0,1.0,1.0,0.9658114028942526
ee01d7acbb0e579f,2021.06.07.13.53.57_veh-35_02489_03145,True,1.0,1.0,1.0,1.0,1.0,1.0,1.0
471aaaad906a5dbb,2021.10.05.08.11.15_veh-50_00163_00321,True,1.0,1.0,0.6733705072800847,1.0,1.0,1.0,0.8639043780333687
a43bec9517f15f2e,2021.10.05.07.10.04_veh-52_01442_01802,True,1.0,1.0,0.598467098085861,1.0,1.0,1.0,0.8326946242024421
33c7a46268c25161,2021.06.08.12.54.54_veh-26_02994_03970,True,1.0,1.0,0.8463583617961429,1.0,1.0,1.0,0.9359826507483929
3662eb5849915c3e,2021.06.07.17.46.49_veh-35_04084_04828,True,1.0,1.0,0.48722509445874246,1.0,1.0,1.0,0.7863437893578094
34774cd08c045d92,2021.10.05.04.03.05_veh-50_00058_00321,True,1.0,1.0,1.0,1.0,1.0,1.0,1.0
c889cd1a7cfe58b5,2021.08.31.14.01.15_veh-40_01109_01272,True,1.0,1.0,0.6232135425534185,1.0,1.0,1.0,0.8430056427305911
f7af397e6c435279,2021.10.05.07.38.12_veh-50_01085_01463,True,1.0,1.0,0.7851984444091608,1.0,1.0,1.0,0.9104993518371503
309df1ead02c541b,2021.06.08.16.31.33_veh-38_00015_00262,True,1.0,1.0,1.0,1.0,1.0,1.0,1.0
962bee810ab454a1,2021.08.31.18.15.54_veh-40_00579_00980,True,1.0,1.0,0.8772556027356969,1.0,1.0,1.0,0.9488565011398737
91e6cce9eb7d5765,2021.09.14.18.43.41_veh-45_02503_03013,True,1.0,1.0,0.7926637262994268,1.0,1.0,1.0,0.9136098859580946
f5a7ede9c47d5943,2021.06.08.12.00.19_veh-35_05235_05578,True,1.0,0.0,0.0,1.0,1.0,1.0,0.0
55d1a5793cda56a1,2021.10.05.04.38.41_veh-50_00014_00429,True,1.0,1.0,0.548757559667182,1.0,1.0,1.0,0.8119823165279926
cd5d543332fb5a0e,2021.10.05.07.38.12_veh-50_00245_00433,True,1.0,1.0,0.812546214531544,1.0,1.0,1.0,0.9218942560548099
755751098c88566f,2021.10.05.07.10.04_veh-52_01442_01802,True,1.0,1.0,0.6169651874109274,1.0,1.0,1.0,0.8404021614212197
25af32d69e705ab1,2021.09.14.18.43.41_veh-45_00965_01195,True,1.0,1.0,1.0,1.0,1.0,1.0,1.0
4fbc6352545a5c53,2021.06.07.17.46.49_veh-35_02607_03120,True,1.0,1.0,0.5305585101795814,1.0,1.0,1.0,0.8043993792414922
5607891c1bc058b0,2021.08.31.12.21.30_veh-40_00378_00527,True,1.0,1.0,0.7158088513088504,1.0,1.0,1.0,0.8815870213786877
3dcf57b07b2f51ad,2021.08.31.14.40.58_veh-40_01022_01255,True,1.0,1.0,0.8815486751209984,0.0,1.0,1.0,0.5339786146337494
09460373ac855a25,2021.09.14.16.46.51_veh-45_00149_00900,True,1.0,1.0,0.9163516780230363,1.0,1.0,1.0,0.9651465325095985
4cbc22dc07d450e2,2021.08.31.13.27.52_veh-40_00186_00414,True,1.0,1.0,0.9649555118546654,1.0,1.0,1.0,0.985398129939444
396f063f56245da0,2021.08.24.20.03.01_veh-45_00824_00888,True,1.0,1.0,0.8858224473711251,1.0,1.0,1.0,0.9524260197379689
65e8c145ea255d98,2021.10.05.06.57.40_veh-50_00665_00857,True,1.0,1.0,0.7391071704289687,1.0,1.0,1.0,0.8912946543454036
770cf5148b3353a3,2021.10.05.08.11.15_veh-50_00437_00585,True,1.0,1.0,0.6963822798330902,1.0,1.0,1.0,0.873492616597121
b579426436f259e9,2021.08.31.18.15.54_veh-40_00038_00199,True,1.0,1.0,0.8870665898780656,1.0,1.0,1.0,0.952944412449194
19b19b68cd08505b,2021.08.31.12.54.56_veh-40_00305_00667,True,1.0,1.0,0.7852125706613868,1.0,1.0,1.0,0.9105052377755779
046299e85f125329,2021.08.31.18.15.54_veh-40_01143_01496,True,1.0,1.0,0.9399801358638509,1.0,1.0,1.0,0.9749917232766045
090e368c4d205690,2021.10.05.06.57.40_veh-50_00025_00261,True,1.0,1.0,0.6755160386991188,1.0,1.0,1.0,0.8647983494579661
2397d01c9ae6532a,2021.10.05.07.49.39_veh-52_00934_01406,True,1.0,1.0,0.600999078293047,1.0,1.0,1.0,0.8337496159554362
705a41f6d81c5bf6,2021.06.08.12.54.54_veh-26_00015_00507,True,1.0,1.0,1.0,1.0,1.0,1.0,1.0
de7d5df694bf5c14,2021.06.07.17.46.49_veh-35_02607_03120,True,1.0,1.0,1.0,1.0,1.0,1.0,1.0
e4a10f0be8b75fbe,2021.10.05.04.03.05_veh-50_00648_00744,True,1.0,1.0,0.6968681237998867,1.0,1.0,1.0,0.8736950515832861
e3301b00490756b7,2021.10.05.07.38.12_veh-50_01085_01463,True,1.0,1.0,0.8342730105745895,1.0,1.0,1.0,0.9309470877394123
386931b464115fdf,2021.10.05.08.11.15_veh-50_00360_00426,True,1.0,1.0,1.0,1.0,1.0,1.0,1.0
fb20fa45fb60508c,2021.08.24.15.09.18_veh-45_00216_00862,True,1.0,1.0,0.94343805823986,1.0,1.0,1.0,0.9764325242666083
7c8f4fa830d65d7d,2021.10.05.04.38.41_veh-50_00014_00429,True,1.0,1.0,1.0,1.0,1.0,1.0,1.0
046606c07407555d,2021.09.14.15.03.51_veh-45_00178_00336,True,1.0,1.0,0.8713174920594938,1.0,1.0,1.0,0.9463822883581224
c4d0f149f2b65cbc,2021.10.05.07.49.39_veh-52_00934_01406,True,1.0,1.0,0.7341068553565786,1.0,1.0,1.0,0.8892111897319078
11aa90b3ba7b5bfc,2021.08.31.13.27.52_veh-40_00869_01319,True,1.0,1.0,0.8494507455176441,1.0,1.0,1.0,0.937271143965685
11809845283a5800,2021.10.05.06.31.40_veh-52_01598_02013,True,1.0,1.0,0.625105223964607,1.0,1.0,1.0,0.8437938433185863
c0b230109883561b,2021.08.31.14.40.58_veh-40_00285_00456,True,1.0,1.0,0.7805107441284299,1.0,1.0,1.0,0.9085461433868458
a61619b0ce745a6d,2021.08.24.20.03.01_veh-45_00687_00787,True,1.0,0.0,0.0,1.0,1.0,1.0,0.0
6e70010c52485289,2021.10.05.08.11.15_veh-50_01222_01462,True,1.0,1.0,0.7707792951684573,1.0,1.0,1.0,0.9044913729868572
7a7ce24858a75cde,2021.06.07.12.54.00_veh-35_01843_02314,True,1.0,1.0,0.6422575983512349,1.0,1.0,1.0,0.8509406659796812
51560d3a0ba05b2b,2021.09.14.16.46.51_veh-45_00149_00900,True,1.0,1.0,0.8145083510243321,1.0,1.0,1.0,0.922711812926805
705b6bc59b7f5c73,2021.08.09.17.55.59_veh-28_00320_00544,True,1.0,1.0,0.69535049928379,1.0,1.0,1.0,0.8730627080349125
0683442423e850d2,2021.08.24.18.07.48_veh-45_00873_01142,True,1.0,1.0,0.8320814752496193,1.0,1.0,1.0,0.9300339480206747
0c6dde2a3e23519a,2021.10.05.06.24.06_veh-50_00717_01300,True,1.0,1.0,0.7048142099798838,1.0,1.0,1.0,0.8770059208249515
82323e1eee525b48,2021.10.05.06.31.40_veh-52_00005_00342,True,1.0,1.0,0.6305868636960847,1.0,1.0,1.0,0.8460778598733686
196f73a8a3215b41,2021.10.05.04.03.05_veh-50_01466_01790,True,1.0,1.0,0.6459493668776265,1.0,1.0,1.0,0.8524789028656777
e26f33c1dc1b5ff6,2021.10.05.07.10.04_veh-52_00689_01322,True,1.0,1.0,0.8832293601915576,1.0,1.0,1.0,0.9513455667464824
c845e1c821925515,2021.08.24.17.37.11_veh-08_02359_02623,True,1.0,1.0,1.0,0.0,1.0,1.0,0.5833333333333334
c6cf2d03bc205f27,2021.08.31.16.37.21_veh-40_01405_01642,True,1.0,1.0,0.6354204232180296,1.0,1.0,1.0,0.8480918430075123
4124459df53c50a0,2021.06.08.14.35.24_veh-26_02555_03004,True,1.0,1.0,0.8016112183942468,1.0,1.0,1.0,0.9173380076642695
3dd6906e67e95645,2021.08.24.14.35.46_veh-45_00549_00693,True,1.0,0.0,0.0,1.0,1.0,0.0,0.0
4fefe5a74427573f,2021.10.05.07.49.39_veh-52_01417_01574,True,1.0,1.0,0.6417871128651041,1.0,1.0,1.0,0.8507446303604601
f748847a8414501c,2021.08.24.18.30.46_veh-08_02327_02583,True,1.0,1.0,0.959174797391556,1.0,1.0,1.0,0.9829894989131484
d465a831895b5d1a,2021.10.05.07.38.12_veh-50_01477_01565,True,1.0,1.0,0.8670593651278858,1.0,1.0,1.0,0.9446080688032857
41fa43a430135a20,2021.10.05.06.31.40_veh-52_01316_01565,True,1.0,1.0,0.8217738387595916,1.0,1.0,1.0,0.9257390994831631
b2d2e03df992594f,2021.10.05.07.10.04_veh-52_00689_01322,True,1.0,1.0,0.7966194187194006,1.0,1.0,1.0,0.9152580911330835
0d24c1426b495b2d,2021.08.31.12.21.30_veh-40_00378_00527,True,1.0,1.0,0.7970877925113732,1.0,1.0,1.0,0.9154532468797388
e1d0569b1bd15a8e,2021.10.05.08.11.15_veh-50_01566_01801,True,1.0,1.0,0.7494242046803582,1.0,1.0,1.0,0.8955934186168159
9ef680155ba35db1,2021.06.08.17.25.03_veh-35_03522_03716,True,1.0,1.0,1.0,1.0,1.0,1.0,1.0
59c7f5e40f2d598a,2021.10.05.07.38.12_veh-50_01085_01463,True,1.0,1.0,0.7888320200803338,1.0,1.0,1.0,0.9120133417001391
aea9b3ae9aed5a56,2021.08.24.20.03.01_veh-45_00021_00143,True,1.0,1.0,0.6393937465988848,1.0,1.0,1.0,0.8497473944162021
661ab446a0975cc4,2021.06.08.14.14.51_veh-35_00893_01188,True,1.0,1.0,0.7201484991654586,1.0,1.0,1.0,0.8833952079856079
40969a8c303e5642,2021.10.05.06.31.40_veh-52_00734_01305,True,1.0,1.0,0.8416561704154994,1.0,1.0,1.0,0.9340234043397914
88b77f97f4305873,2021.10.05.04.03.05_veh-50_01466_01790,True,1.0,1.0,0.8558661468880281,1.0,1.0,1.0,0.9399442278700118
554dcf243f3554a3,2021.10.05.07.49.39_veh-52_00934_01406,True,1.0,1.0,0.9883542681229114,1.0,1.0,1.0,0.9951476117178798
f7e59bfdca8d5852,2021.07.24.22.52.16_veh-35_03236_04096,True,1.0,1.0,1.0,1.0,1.0,1.0,1.0
3a7a25b1e1ff54b9,2021.10.05.04.38.41_veh-50_00753_00956,True,1.0,1.0,0.9676456049340647,1.0,1.0,1.0,0.9865190020558603
fe568c19d46f59fc,2021.08.09.17.55.59_veh-28_00691_00876,True,1.0,1.0,0.8181249719655549,1.0,1.0,1.0,0.9242187383189812
c215277e896a5f24,2021.10.05.07.38.12_veh-50_01085_01463,True,1.0,1.0,0.8222616821161026,1.0,1.0,1.0,0.9259423675483761
e538c4e2bb155e78,2021.09.14.18.43.41_veh-45_00965_01195,True,1.0,0.0,0.0,1.0,1.0,1.0,0.0
220af2e2cc0a5ff4,2021.10.05.08.11.15_veh-50_00163_00321,True,1.0,1.0,0.7016006617340587,1.0,1.0,1.0,0.8756669423891911
336f384531dc5add,2021.08.31.11.47.30_veh-40_01362_01737,True,1.0,1.0,0.8701823035293481,1.0,1.0,1.0,0.9459092931372283
22903ed6b4b45809,2021.10.05.08.11.15_veh-50_00437_00585,True,1.0,1.0,0.6312872268515868,1.0,1.0,1.0,0.8463696778548279
6ea45e2432585390,2021.07.24.22.52.16_veh-35_03236_04096,True,1.0,1.0,1.0,1.0,1.0,0.0,1.0
2686fdce9aaa56bf,2021.09.14.16.46.51_veh-45_00149_00900,True,1.0,1.0,0.6430156159889858,1.0,1.0,1.0,0.8512565066620774
528e9669bb985216,2021.10.05.06.57.40_veh-50_01131_01452,True,1.0,1.0,0.6026551076497556,1.0,1.0,1.0,0.8344396281873981
dcfe385d69275f7e,2021.08.31.17.42.52_veh-40_01033_01313,True,1.0,1.0,0.9202543442498978,1.0,1.0,1.0,0.9667726434374574
58d4bc005bb95f41,2021.08.09.17.55.59_veh-28_00691_00876,True,1.0,1.0,0.9237022800591245,1.0,1.0,1.0,0.9682092833579685
d1dfa5629d6c5f24,2021.10.05.04.38.41_veh-50_00014_00429,True,1.0,1.0,0.804942500648615,1.0,1.0,1.0,0.9187260419369229
ab5f1ee9e06c5428,2021.08.31.14.40.58_veh-40_01268_01618,True,1.0,1.0,0.5274797016195221,1.0,1.0,1.0,0.8031165423414676
48f52aa8772c55cb,2021.10.05.06.57.40_veh-50_01131_01452,True,1.0,1.0,0.6913588525287717,1.0,1.0,1.0,0.8713995218869882
d8555416d16f5108,2021.06.08.12.54.54_veh-26_00015_00507,True,1.0,1.0,0.7788180684451335,1.0,1.0,1.0,0.9078408618521389
1502b4f8c03f5308,2021.08.24.14.35.46_veh-45_00549_00693,True,1.0,1.0,0.751655272663497,1.0,1.0,1.0,0.8965230302764571
5ba15da16cce532f,2021.10.05.06.31.40_veh-52_01316_01565,True,1.0,1.0,0.8026803099865194,1.0,1.0,1.0,0.9177834624943831
b34591e9a27b5e08,2021.10.05.07.10.04_veh-52_00418_00563,True,1.0,1.0,0.7524004474788867,1.0,1.0,1.0,0.8968335197828695
dab5b3ca9f4252c2,2021.10.05.06.24.06_veh-50_01566_01672,True,1.0,1.0,0.7401277232256692,1.0,1.0,1.0,0.8917198846773622
52fd8953ae73502c,2021.10.05.06.24.06_veh-50_00021_00383,True,1.0,1.0,0.5907081268442635,1.0,1.0,1.0,0.8294617195184432
298baac3700e5c91,2021.07.24.22.52.16_veh-35_03236_04096,True,1.0,1.0,1.0,1.0,1.0,1.0,1.0
65e25396e94a5cab,2021.08.31.13.27.52_veh-40_01330_01491,True,1.0,1.0,0.8062839167464744,1.0,1.0,1.0,0.919284965311031
a3c3be01bd675b41,2021.10.05.07.49.39_veh-52_01417_01574,True,1.0,1.0,0.5002541732828899,1.0,1.0,1.0,0.7917725722012041
b3851efe744855b3,2021.07.24.22.52.16_veh-35_03236_04096,True,1.0,1.0,0.8534460383459666,1.0,1.0,1.0,0.9389358493108194
57765be79e7b5b58,2021.10.05.06.31.40_veh-52_00734_01305,True,1.0,1.0,1.0,0.0,1.0,1.0,0.5833333333333334
57116f14db515207,2021.08.31.13.27.52_veh-40_00869_01319,True,1.0,1.0,1.0,1.0,1.0,1.0,1.0
b7bc3c0b135457bc,2021.08.24.14.35.46_veh-45_00011_00162,True,1.0,0.0,0.0,1.0,1.0,1.0,0.0
5854840a32a0551a,2021.08.31.14.40.58_veh-40_01268_01618,True,1.0,1.0,0.898338805798576,1.0,1.0,1.0,0.95764116908274
f6a1af381b475e50,2021.10.05.06.24.06_veh-50_00717_01300,True,1.0,1.0,0.7284209724081767,1.0,1.0,1.0,0.8868420718367404
2a9f89f170c3520e,2021.10.05.04.03.05_veh-50_01466_01790,True,1.0,1.0,1.0,1.0,1.0,0.5,1.0
4cf1aecb06d556e1,2021.08.31.11.47.30_veh-40_00393_00847,True,1.0,1.0,1.0,1.0,1.0,1.0,1.0
43787161833d5f71,2021.06.08.14.36.49_veh-38_00312_00694,True,1.0,1.0,0.8219690907745492,1.0,1.0,1.0,0.9258204544893954
bfae578a865e5a3f,2021.06.08.12.00.19_veh-35_05235_05578,True,1.0,1.0,1.0,1.0,1.0,1.0,1.0
c1034e90603a52e9,2021.06.08.17.25.03_veh-35_02448_02655,True,1.0,1.0,1.0,1.0,1.0,1.0,1.0
b9ea70b896ae5c11,2021.09.14.16.46.51_veh-45_00149_00900,True,1.0,1.0,0.630159484624674,1.0,1.0,1.0,0.8458997852602809
e63519408deb5931,2021.07.24.23.50.16_veh-17_01696_02071,True,1.0,1.0,1.0,1.0,1.0,1.0,1.0
7a6dbadce1c35a8d,2021.09.14.18.43.41_veh-45_02296_02477,True,1.0,1.0,0.6539345900472515,1.0,1.0,1.0,0.8558060791863548
01f7d38e9c2f5111,2021.08.31.11.47.30_veh-40_01146_01347,True,1.0,1.0,0.4822304671085482,1.0,1.0,0.0,0.7842626946285618
ea1b384960385984,2021.07.24.16.48.51_veh-17_00016_00166,True,1.0,1.0,1.0,1.0,1.0,1.0,1.0
15b83e8b315b54e8,2021.08.31.12.21.30_veh-40_00248_00367,True,1.0,1.0,1.0,0.0,1.0,1.0,0.5833333333333334
6885271ccf50530a,2021.09.14.16.46.51_veh-45_02322_02510,True,1.0,1.0,0.8233362837078905,1.0,1.0,1.0,0.9263901182116211
7adafc88579357a6,2021.10.05.06.24.06_veh-50_00717_01300,True,1.0,1.0,0.5841577802677836,1.0,1.0,1.0,0.8267324084449098
bc98b5e7f4c9582a,2021.06.08.16.31.33_veh-38_01589_02072,True,1.0,1.0,1.0,1.0,1.0,0.5,1.0
a5733ac394a553bb,2021.06.08.19.16.23_veh-26_00973_01139,True,1.0,1.0,0.7356112508843433,1.0,1.0,1.0,0.8898380212018097
d8dec08f065d551f,2021.08.31.18.15.54_veh-40_01143_01496,True,1.0,1.0,0.6762444461343412,1.0,1.0,1.0,0.8651018525559756
b671bff4f0885977,2021.10.05.06.31.40_veh-52_01598_02013,True,1.0,1.0,0.7516956367513512,1.0,1.0,1.0,0.8965398486463964
d1091971b52751c8,2021.10.05.07.49.39_veh-52_00934_01406,True,1.0,1.0,0.8129567938319234,1.0,1.0,1.0,0.9220653307633014
bcb0464c132759cf,2021.10.05.06.57.40_veh-50_00665_00857,True,1.0,1.0,0.7371000260489419,1.0,1.0,1.0,0.890458344187059
c122cc148fe25ae7,2021.06.07.17.46.49_veh-35_02607_03120,True,1.0,1.0,1.0,1.0,1.0,0.5,1.0
49b408038b445768,2021.10.05.07.38.12_veh-50_01085_01463,True,1.0,0.0,0.0,1.0,1.0,1.0,0.0
6009dcd0adba5c57,2021.08.31.12.21.30_veh-40_00538_00638,True,1.0,1.0,0.6272331147785639,1.0,1.0,1.0,0.8446804644910683
03ec8c9b74a45c14,2021.10.05.07.38.12_veh-50_01477_01565,True,1.0,0.0,0.0,1.0,1.0,1.0,0.0
fbd0f7ff133b5ef4,2021.10.05.06.31.40_veh-52_00005_00342,True,1.0,1.0,0.7398360326714983,1.0,1.0,1.0,0.8915983469464576
6e5e2d80ec915e15,2021.09.14.16.46.51_veh-45_00149_00900,True,1.0,1.0,0.8768248496707823,1.0,1.0,1.0,0.9486770206961593
4f4db1a7f4af5836,2021.06.07.17.46.49_veh-35_02607_03120,True,1.0,1.0,0.8644056414622964,1.0,1.0,1.0,0.9435023506092902
32acded506385aed,2021.06.07.13.53.57_veh-35_02489_03145,True,1.0,1.0,1.0,1.0,1.0,1.0,1.0
7110b9e42a8a5ff7,2021.10.05.06.31.40_veh-52_01598_02013,True,1.0,1.0,0.7698520438665353,1.0,1.0,1.0,0.9041050182777232
00060e3599d05532,2021.10.05.06.57.40_veh-50_00485_00624,True,1.0,1.0,0.7576431821071072,1.0,1.0,1.0,0.899017992544628
8ae56117004f5fc2,2021.06.08.12.00.19_veh-35_01722_02119,True,1.0,1.0,0.8790937201524481,1.0,1.0,1.0,0.9496223833968535
beecf9a787245ed2,2021.08.09.18.37.41_veh-28_00053_00548,True,1.0,1.0,1.0,1.0,1.0,1.0,1.0
cb837daf21ec5741,2021.10.05.04.38.41_veh-50_00576_00721,True,1.0,1.0,0.6647320636553778,1.0,1.0,1.0,0.8603050265230742
9d779c2882da51b6,2021.08.24.18.30.46_veh-08_02327_02583,True,1.0,0.0,0.0,1.0,1.0,1.0,0.0
dcfd0093cf8f55a9,2021.08.24.17.01.06_veh-45_00228_00689,True,1.0,0.0,0.0,1.0,1.0,1.0,0.0
fb96820d6ac75590,2021.08.24.20.03.01_veh-45_00824_00888,True,1.0,1.0,1.0,1.0,1.0,1.0,1.0
fc6c6696cecd53a4,2021.06.08.12.00.19_veh-35_03655_03792,True,1.0,1.0,0.8431836753628568,1.0,1.0,1.0,0.9346598647345236
c1381fbccb87508c,2021.10.05.07.38.12_veh-50_01085_01463,True,1.0,1.0,0.6873253428052035,1.0,1.0,1.0,0.8697188928355014
8d01189ae3605da4,2021.06.08.14.35.24_veh-26_02555_03004,True,1.0,1.0,1.0,1.0,1.0,1.0,1.0
7b295437163c5ad5,2021.10.05.06.24.06_veh-50_00717_01300,True,1.0,1.0,0.6406363053413522,1.0,1.0,1.0,0.8502651272255634
71c69f0fa88b5938,2021.06.08.12.00.19_veh-35_05235_05578,True,1.0,1.0,1.0,1.0,1.0,1.0,1.0
c634c2c7d2405547,2021.08.09.17.55.59_veh-28_01065_01167,True,1.0,1.0,1.0,1.0,1.0,1.0,1.0
e26a38577f9052a1,2021.08.24.17.37.11_veh-08_02359_02623,True,1.0,1.0,0.9401303395710434,1.0,1.0,1.0,0.9750543081546015
f2e7cd9a0f5f576c,2021.10.05.07.49.39_veh-52_00563_00680,True,1.0,1.0,0.7200583182842454,1.0,1.0,1.0,0.8833576326184356
7c137ad91d7e57a9,2021.08.31.14.40.58_veh-40_01268_01618,True,1.0,1.0,0.8349129853126429,1.0,1.0,1.0,0.9312137438802678
b02cfc4684ed58a1,2021.08.09.17.55.59_veh-28_00691_00876,True,1.0,1.0,0.8162461795956184,1.0,1.0,1.0,0.923435908164841
f7a3034f50935dc3,2021.06.08.16.31.33_veh-38_01589_02072,True,1.0,1.0,0.7887302812067032,1.0,1.0,1.0,0.9119709505027931
7fce2be5ba195bdd,2021.07.24.23.50.16_veh-17_01696_02071,True,1.0,1.0,1.0,1.0,1.0,1.0,1.0
90818274e7a55895,2021.10.05.04.03.05_veh-50_01466_01790,True,1.0,1.0,0.7826889875879807,1.0,1.0,1.0,0.9094537448283253
c5ca672c6f2051ba,2021.08.31.14.40.58_veh-40_00679_00892,True,1.0,1.0,1.0,1.0,1.0,1.0,1.0
a89648b4784955ae,2021.08.31.16.37.21_veh-40_00554_00733,True,1.0,1.0,1.0,1.0,1.0,1.0,1.0
8063f504239450dc,2021.06.08.12.54.54_veh-26_00733_00983,True,1.0,1.0,1.0,1.0,1.0,1.0,1.0
cb61af732abb5e73,2021.09.14.18.43.41_veh-45_00965_01195,True,1.0,1.0,0.8875101507363848,1.0,1.0,1.0,0.9531292294734937
0cf0749ed5235a88,2021.06.07.19.29.59_veh-38_01025_01274,True,1.0,1.0,1.0,1.0,1.0,1.0,1.0
808b561741b554f4,2021.08.31.12.54.56_veh-40_00305_00667,True,1.0,1.0,0.8424591687522592,1.0,1.0,1.0,0.9343579869801081
b7c375395d165da9,2021.08.31.14.40.58_veh-40_00285_00456,True,1.0,1.0,0.6707565441323052,1.0,1.0,1.0,0.8628152267217938
99ad24c608165502,2021.10.05.06.24.06_veh-50_00717_01300,True,1.0,1.0,0.802030556489414,1.0,1.0,1.0,0.9175127318705892
a1a19416515c5b12,2021.06.07.13.53.57_veh-35_02489_03145,True,1.0,1.0,0.6564383233078329,1.0,1.0,1.0,0.8568493013782638
746510746df95282,2021.06.07.19.29.59_veh-38_00474_00922,True,1.0,1.0,0.7631455288885066,1.0,1.0,1.0,0.9013106370368776
39435337f84251c7,2021.08.24.19.30.33_veh-45_01391_01523,True,1.0,1.0,0.6676541698856739,1.0,1.0,1.0,0.8615225707856974
f07ff21b8cb952e8,2021.08.31.12.21.30_veh-40_00248_00367,True,1.0,1.0,0.7292787849495085,1.0,1.0,1.0,0.8871994937289619
c1a6f950058d566d,2021.08.31.18.15.54_veh-40_01143_01496,True,1.0,1.0,0.725373467151778,1.0,1.0,1.0,0.8855722779799075
4191ec565e2d58cd,2021.10.05.06.31.40_veh-52_00465_00713,True,1.0,1.0,1.0,1.0,1.0,1.0,1.0
1c44ea85120f5ec7,2021.08.24.20.03.01_veh-45_00824_00888,True,1.0,1.0,0.907096214363871,1.0,1.0,1.0,0.9612900893182795
6a8c54a137fb57c1,2021.10.05.06.24.06_veh-50_00717_01300,True,1.0,1.0,0.8304281820665637,1.0,1.0,1.0,0.9293450758610682
b49c50e458085400,2021.06.07.19.43.00_veh-35_01782_01986,True,1.0,1.0,1.0,1.0,1.0,1.0,1.0
ef83ff6546ac5d94,2021.09.14.16.46.51_veh-45_00149_00900,True,1.0,1.0,0.7602699343448927,1.0,1.0,1.0,0.9001124726437052
422ab2f2f7f055ad,2021.08.24.18.30.46_veh-08_01674_01850,True,1.0,1.0,0.7893937994122514,1.0,1.0,1.0,0.9122474164217714
16952ed01ce95300,2021.08.09.18.37.41_veh-28_00053_00548,True,1.0,1.0,0.9347063407405108,1.0,1.0,1.0,0.9727943086418795
7cbe66ece5de5d91,2021.08.24.17.01.06_veh-45_01557_01681,True,1.0,0.0,0.0,1.0,1.0,1.0,0.0
5e8f4a85b7a75041,2021.08.24.18.07.48_veh-45_01504_01722,True,1.0,1.0,0.8518547891639975,1.0,1.0,1.0,0.9382728288183323
89a8f53bae185c01,2021.06.07.13.53.57_veh-35_01772_02032,True,1.0,1.0,1.0,1.0,1.0,1.0,1.0
7e93d72a20d951cf,2021.10.05.04.03.05_veh-50_00365_00493,True,1.0,1.0,1.0,1.0,1.0,1.0,1.0
ebbf325388c35018,2021.06.07.13.53.57_veh-35_02489_03145,True,1.0,1.0,1.0,1.0,1.0,1.0,1.0
fffe19e14bc652b9,2021.08.09.18.37.41_veh-28_00053_00548,True,1.0,1.0,0.8754854980000115,1.0,1.0,1.0,0.9481189575000047
b66764ebd7e45233,2021.08.24.18.30.46_veh-08_02327_02583,True,1.0,1.0,0.9302314625249019,1.0,1.0,1.0,0.9709297760520424
1c22fe795a635121,2021.06.07.13.53.57_veh-35_01772_02032,True,1.0,1.0,0.977446949435423,1.0,1.0,1.0,0.9906028955980929
b2db19e7b4de5f17,2021.10.05.08.11.15_veh-50_00970_01211,True,1.0,1.0,0.7595658604445185,1.0,1.0,1.0,0.8998191085185493
352c11d4c67751c2,2021.06.07.17.48.02_veh-38_01949_02085,True,1.0,1.0,1.0,1.0,1.0,1.0,1.0
e6240ae0b1d75ece,2021.08.31.16.37.21_veh-40_00554_00733,True,1.0,1.0,1.0,1.0,1.0,1.0,1.0
71bb3fa674d05eba,2021.06.07.18.53.26_veh-26_00005_00427,True,1.0,1.0,1.0,1.0,1.0,1.0,1.0
5daeead519a8585d,2021.08.31.16.37.21_veh-40_01247_01379,True,1.0,1.0,0.8541706019656734,1.0,1.0,0.0,0.9392377508190307
39b108ec07fa5ecf,2021.07.24.23.50.16_veh-17_01696_02071,True,1.0,1.0,1.0,1.0,1.0,1.0,1.0
d295cc3d643f5fa8,2021.10.05.08.11.15_veh-50_01222_01462,True,1.0,1.0,1.0,1.0,1.0,0.0,1.0
d4ca03f8465653d0,2021.10.05.07.38.12_veh-50_01085_01463,True,1.0,1.0,0.7850601195857413,1.0,1.0,1.0,0.9104417164940589
3081ec3801a05c51,2021.10.05.08.11.15_veh-50_01566_01801,True,1.0,1.0,0.5054273946480958,1.0,1.0,1.0,0.7939280811033732
1d41bf824318525f,2021.09.14.18.43.41_veh-45_00965_01195,True,1.0,1.0,1.0,1.0,1.0,0.0,1.0
6b24853f72ad5a35,2021.08.24.15.09.18_veh-45_00216_00862,True,1.0,1.0,0.9030021620789707,1.0,1.0,1.0,0.9595842341995712
7803060499155fd0,2021.08.31.13.27.52_veh-40_00186_00414,True,1.0,1.0,0.6236420050242165,1.0,1.0,1.0,0.8431841687600903
00705468a6b75750,2021.10.05.08.11.15_veh-50_00163_00321,True,1.0,1.0,0.7861407914734828,1.0,1.0,1.0,0.9108919964472845
7dcf277f3fb255fd,2021.06.08.14.14.51_veh-35_01508_01763,True,1.0,1.0,0.8178643606271092,1.0,1.0,1.0,0.9241101502612955
bb74f000653c5565,2021.08.31.12.21.30_veh-40_00538_00638,True,1.0,1.0,0.7787013026233616,1.0,1.0,1.0,0.9077922094264007
dd99e190ef1358d5,2021.08.31.14.40.58_veh-40_01022_01255,True,1.0,1.0,0.558408551636153,1.0,1.0,0.0,0.8160035631817304
d6fa0346a65c5ec3,2021.10.05.07.10.04_veh-52_00418_00563,True,1.0,1.0,0.4852695674615941,1.0,1.0,1.0,0.7855289864423308
979889238ce55351,2021.08.31.18.15.54_veh-40_00335_00568,True,0.5,0.0,0.0,0.0,1.0,1.0,0.0
310cc4a86f6c58e0,2021.08.09.17.55.59_veh-28_00021_00307,True,1.0,1.0,0.9345657718476237,1.0,1.0,0.5,0.9727357382698432
174e9f60a28d5947,2021.10.05.06.31.40_veh-52_01316_01565,True,1.0,1.0,1.0,1.0,1.0,1.0,1.0
e8de73ec105154bd,2021.10.05.06.57.40_veh-50_00485_00624,True,1.0,1.0,0.984842159001079,1.0,1.0,1.0,0.9936842329171163
c9c30fa5a8825ca9,2021.10.05.06.31.40_veh-52_00734_01305,True,1.0,1.0,0.6807594251689268,1.0,1.0,1.0,0.8669830938203861
369d9d7385485fc9,2021.10.05.08.11.15_veh-50_01566_01801,True,1.0,1.0,0.6802147306320596,1.0,1.0,1.0,0.8667561377633581
d7a3fa63398e5910,2021.08.31.13.27.52_veh-40_01330_01491,True,1.0,1.0,1.0,1.0,1.0,1.0,1.0
8772f982a47456cc,2021.06.07.17.46.49_veh-35_02607_03120,True,1.0,1.0,1.0,1.0,1.0,1.0,1.0
0824dde3a1395fb5,2021.07.24.18.06.35_veh-35_03664_03799,True,1.0,1.0,1.0,1.0,1.0,1.0,1.0
0ca9e1e49003507d,2021.08.31.13.27.52_veh-40_00869_01319,True,1.0,1.0,1.0,1.0,1.0,1.0,1.0
81d8f26e2ed1584c,2021.10.05.07.10.04_veh-52_01442_01802,True,1.0,1.0,0.8541844191462722,1.0,1.0,1.0,0.9392435079776135
89aea1f9fc4e5991,2021.06.08.12.54.54_veh-26_04262_04732,True,1.0,1.0,0.7592662617314668,1.0,1.0,1.0,0.8996942757214446
f16b2f8337dc5945,2021.06.08.12.00.19_veh-35_01722_02119,True,1.0,1.0,0.9176666350705713,1.0,1.0,1.0,0.9656944312794047
522f874373fa5a26,2021.10.05.06.57.40_veh-50_00025_00261,True,1.0,1.0,0.7100912909573049,1.0,1.0,1.0,0.8792047045655437
92123d3edf005e66,2021.09.14.18.43.41_veh-45_02503_03013,True,1.0,1.0,0.9239625725665979,1.0,1.0,1.0,0.9683177385694158
3db9e6dfb3a45e85,2021.08.24.18.30.46_veh-08_02327_02583,True,1.0,1.0,0.9894098950062667,1.0,1.0,1.0,0.9955874562526112
1adc63b8822050f1,2021.10.05.07.38.12_veh-50_00132_00234,True,1.0,1.0,0.7745059171130693,1.0,1.0,1.0,0.9060441321304454
f647b4d0b3fc5be1,2021.08.31.13.27.52_veh-40_00869_01319,True,1.0,0.0,0.0,1.0,1.0,1.0,0.0
31761b44fb575a10,2021.10.05.06.57.40_veh-50_00665_00857,True,1.0,1.0,0.561877690731632,1.0,1.0,1.0,0.8174490378048467
3f6d991e9f565b22,2021.06.08.14.36.49_veh-38_00312_00694,True,1.0,1.0,0.8806444311906262,1.0,1.0,1.0,0.9502685129960943
6f2b90a1069b554c,2021.08.24.18.30.46_veh-08_01985_02093,True,0.0,1.0,0.0,0.0,1.0,1.0,0.0
3dc32a6af0725b05,2021.07.24.22.52.16_veh-35_03236_04096,True,1.0,1.0,1.0,1.0,1.0,1.0,1.0
50ebd86102b353a7,2021.06.08.12.54.54_veh-26_00015_00507,True,1.0,1.0,0.9381787301393626,1.0,1.0,1.0,0.9742411375580677
1c8c8ddd889f5b0a,2021.09.14.18.43.41_veh-45_01245_01529,True,1.0,1.0,0.7215838809003423,1.0,1.0,1.0,0.883993283708476
f8eaa92fb16e51fc,2021.07.24.22.52.16_veh-35_03236_04096,True,1.0,1.0,1.0,1.0,1.0,1.0,1.0
cdf72c63ef65563c,2021.06.08.12.54.54_veh-26_00015_00507,True,1.0,1.0,1.0,1.0,1.0,1.0,1.0
d6c146ca093257d1,2021.08.31.14.40.58_veh-40_01022_01255,True,1.0,1.0,1.0,1.0,1.0,0.5,1.0
70404c3471fe5b1b,2021.10.05.07.38.12_veh-50_01085_01463,True,1.0,1.0,0.8294804038129089,1.0,1.0,1.0,0.9289501682553786
bbc3d2b57fef5f35,2021.08.31.11.47.30_veh-40_00393_00847,True,1.0,1.0,0.9488780086276063,1.0,1.0,1.0,0.9786991702615025
6b0cb0930fbd5f27,2021.09.14.18.43.41_veh-45_00885_00952,True,1.0,1.0,1.0,1.0,1.0,1.0,1.0
317b907e0f335487,2021.10.05.07.38.12_veh-50_01085_01463,True,1.0,1.0,0.6226366650151774,1.0,1.0,1.0,0.8427652770896573
3b2a73c895d6574f,2021.08.24.14.35.46_veh-45_00549_00693,True,1.0,1.0,0.7701758767211256,1.0,1.0,1.0,0.9042399486338023
82ab06340d015706,2021.08.31.12.21.30_veh-40_00538_00638,True,1.0,1.0,0.8368902075494952,1.0,1.0,1.0,0.9320375864789563
b4ab7932b9a757c0,2021.06.07.17.46.49_veh-35_04839_05184,True,1.0,1.0,1.0,1.0,1.0,1.0,1.0
798ae4e7fe30509a,2021.10.05.07.49.39_veh-52_00934_01406,True,1.0,0.0,0.0,1.0,1.0,1.0,0.0
502c3a09873c5bdd,2021.08.24.15.09.18_veh-45_00216_00862,True,1.0,1.0,0.9017864724238415,1.0,1.0,1.0,0.9590776968432673
0d9db69144d15f08,2021.08.31.16.37.21_veh-40_01247_01379,True,1.0,1.0,0.546158383848354,1.0,1.0,1.0,0.8108993266034809
d3f7777d44e35f24,2021.06.08.17.25.03_veh-35_02448_02655,True,1.0,1.0,0.9609194133169813,1.0,1.0,1.0,0.983716422215409
689babffb25953ed,2021.08.31.12.54.56_veh-40_00725_00909,True,1.0,1.0,0.644455282512485,1.0,1.0,1.0,0.8518563677135355
25f30d4f06d35119,2021.10.05.04.03.05_veh-50_00536_00637,True,1.0,0.0,0.0,1.0,1.0,1.0,0.0
9a2d2a6ae01e523a,2021.06.08.14.35.24_veh-26_01989_02235,True,1.0,1.0,1.0,1.0,1.0,1.0,1.0
55835b69da375748,2021.08.31.18.15.54_veh-40_00038_00199,True,1.0,1.0,1.0,0.0,1.0,0.5,0.5833333333333334
8431d5104f3455c9,2021.10.05.04.03.05_veh-50_00365_00493,True,1.0,1.0,1.0,1.0,1.0,1.0,1.0
f84024e453fb57e4,2021.10.05.06.57.40_veh-50_01131_01452,True,1.0,0.0,0.0,0.0,1.0,1.0,0.0
d428d5c914d859ea,2021.06.08.18.18.30_veh-38_05578_05988,True,1.0,1.0,1.0,1.0,1.0,1.0,1.0
33a8a4499f4059df,2021.09.14.16.46.51_veh-45_00149_00900,True,1.0,1.0,1.0,1.0,1.0,1.0,1.0
d7ab8347278e516a,2021.09.14.20.42.30_veh-45_00805_01078,True,1.0,1.0,1.0,0.0,1.0,1.0,0.5833333333333334
c4a6e6364c1b5f27,2021.07.24.22.52.16_veh-35_03236_04096,True,1.0,1.0,1.0,1.0,1.0,1.0,1.0
ff81f481d2ad5270,2021.08.31.11.47.30_veh-40_00393_00847,True,1.0,1.0,0.6806254684223028,1.0,1.0,1.0,0.8669272785092929
168457afe0ea5299,2021.08.31.13.27.52_veh-40_01330_01491,True,1.0,1.0,0.8139044770832883,1.0,1.0,1.0,0.9224601987847034
7a06f3473dbc5f19,2021.08.31.14.01.15_veh-40_00407_00497,True,1.0,1.0,0.7342630008702763,1.0,1.0,1.0,0.8892762503626152
b8adc82de5ae50e2,2021.08.31.13.27.52_veh-40_01330_01491,True,1.0,1.0,0.7935231117238298,1.0,1.0,1.0,0.9139679632182625
aecfe3d39819549c,2021.10.05.07.49.39_veh-52_00934_01406,True,1.0,1.0,0.6997680165389717,1.0,1.0,1.0,0.8749033402245715
98e5b6890d0f5828,2021.10.05.08.11.15_veh-50_01566_01801,True,1.0,1.0,0.6157977923142619,1.0,1.0,1.0,0.839915746797609
74bf6d6503a75723,2021.08.31.11.47.30_veh-40_01362_01737,True,1.0,1.0,0.9175129733529505,1.0,1.0,1.0,0.9656304055637293
30a6cff776ef563b,2021.07.24.22.52.16_veh-35_03236_04096,True,1.0,1.0,0.9973335858428906,1.0,1.0,1.0,0.9988889941012044
84653e2b2f095168,2021.08.24.15.09.18_veh-45_00216_00862,True,1.0,1.0,0.8972206614247451,1.0,1.0,1.0,0.9571752755936438
ad48387bb42d5e30,2021.10.05.06.31.40_veh-52_00734_01305,True,1.0,1.0,0.818495476961949,1.0,1.0,1.0,0.9243731154008121
2da67aeba34d548e,2021.06.08.12.00.19_veh-35_02135_02369,True,1.0,1.0,0.8838543649926174,1.0,1.0,1.0,0.9516059854135905
d4bef67fb3d85a72,2021.10.05.04.03.05_veh-50_01466_01790,True,1.0,1.0,0.6992700991710619,1.0,1.0,1.0,0.8746958746546092
72a042eb908456c4,2021.06.08.12.54.54_veh-26_02994_03970,True,1.0,1.0,0.7163867374762769,1.0,1.0,1.0,0.8818278072817821
d3d2e1f595c15eab,2021.08.31.14.40.58_veh-40_01022_01255,True,1.0,1.0,0.7764441151961398,1.0,1.0,1.0,0.9068517146650583
accc3c90226251ed,2021.10.05.04.38.41_veh-50_00014_00429,True,1.0,1.0,0.7996282437527259,1.0,1.0,1.0,0.9165117682303024
0695b36d39c75e1d,2021.10.05.07.49.39_veh-52_00563_00680,True,1.0,1.0,0.697076569288072,1.0,1.0,1.0,0.87378190387003
c5916c0586bd5bc8,2021.06.07.17.46.49_veh-35_02607_03120,True,1.0,1.0,0.7517966107023534,1.0,1.0,1.0,0.8965819211259806
accaa5c04d6953ba,2021.10.05.08.11.15_veh-50_00163_00321,True,1.0,1.0,0.9140808417370853,1.0,1.0,1.0,0.9642003507237855
f726da8164825fa1,2021.10.05.07.10.04_veh-52_00689_01322,True,1.0,1.0,0.7812603074082564,1.0,1.0,1.0,0.9088584614201068
7fd0fb8afe5a55a6,2021.10.05.04.38.41_veh-50_00753_00956,True,1.0,1.0,0.7506924840505663,1.0,1.0,1.0,0.8961218683544026
99631aeb988a569d,2021.06.08.16.31.33_veh-38_00015_00262,True,1.0,1.0,1.0,1.0,1.0,1.0,1.0
833e43f0df0b50c4,2021.10.05.06.24.06_veh-50_00717_01300,True,1.0,1.0,0.6303738447194548,1.0,1.0,1.0,0.8459891019664395
ef8f0b7e80615e88,2021.10.05.08.11.15_veh-50_01566_01801,True,1.0,1.0,0.7186700326936218,1.0,1.0,1.0,0.8827791802890091
d8ea816b0cba507d,2021.08.31.14.40.58_veh-40_00679_00892,True,1.0,1.0,1.0,1.0,1.0,0.0,1.0
5ba6a3b7b52259f2,2021.08.24.19.30.33_veh-45_01391_01523,True,1.0,1.0,1.0,1.0,1.0,1.0,1.0
00bec506fbe7597c,2021.06.08.17.36.50_veh-26_03873_04225,True,1.0,1.0,1.0,1.0,1.0,1.0,1.0
ec2ba5c300635edc,2021.06.07.18.53.26_veh-26_01208_01412,True,1.0,1.0,0.8213236513867092,1.0,1.0,1.0,0.9255515214111288
2f4d937ccb9359c6,2021.10.05.07.10.04_veh-52_00689_01322,True,1.0,1.0,0.8872197754844139,1.0,1.0,1.0,0.9530082397851724
073eb57aa4e1546c,2021.08.31.14.40.58_veh-40_00679_00892,True,1.0,1.0,0.9596090536866424,1.0,1.0,1.0,0.983170439036101
0dcc7c4298465874,2021.10.05.08.11.15_veh-50_00970_01211,True,1.0,1.0,0.8011076628607445,1.0,1.0,1.0,0.9171281928586436
527ba01efc975cc8,2021.06.07.17.46.49_veh-35_02607_03120,True,1.0,1.0,0.7205030904888753,1.0,1.0,1.0,0.8835429543703647
f418f6ad5e50559b,2021.08.24.20.03.01_veh-45_00269_00428,True,1.0,1.0,0.8885442971853005,1.0,1.0,1.0,0.9535601238272085
a0de9f558af95417,2021.10.05.06.24.06_veh-50_00431_00527,True,1.0,1.0,0.7182212295492587,1.0,1.0,1.0,0.8825921789788578
ceee1351edc152f7,2021.08.31.11.47.30_veh-40_00248_00376,True,1.0,1.0,0.9241443089925081,1.0,1.0,1.0,0.9683934620802117
a127c06c1bcc54c0,2021.08.31.11.47.30_veh-40_00393_00847,True,1.0,1.0,0.9858265393767712,1.0,1.0,1.0,0.9940943914069881
6da6635285fa5630,2021.08.24.20.03.01_veh-45_00171_00238,True,1.0,1.0,0.7687684679000945,1.0,1.0,1.0,0.9036535282917061
f0c1c3df9ead5fd6,2021.08.31.17.42.52_veh-40_00389_00526,True,1.0,1.0,1.0,1.0,1.0,1.0,1.0
3d481e42cce653a9,2021.08.31.16.37.21_veh-40_01405_01642,True,1.0,1.0,0.9052557288563289,1.0,1.0,1.0,0.9605232203568037
4cd5bb8cf4fd52fa,2021.06.08.12.54.54_veh-26_00015_00507,True,1.0,1.0,1.0,1.0,1.0,1.0,1.0
3cd7f7b891785a48,2021.08.24.19.30.33_veh-45_01391_01523,True,1.0,1.0,1.0,1.0,1.0,1.0,1.0
173503c1edc85437,2021.06.07.17.46.49_veh-35_02607_03120,True,1.0,1.0,0.9643498966824272,1.0,1.0,1.0,0.9851457902843447
8af92423fc165b93,2021.06.07.18.53.26_veh-26_01208_01412,True,1.0,1.0,0.8141501982009474,1.0,1.0,1.0,0.922562582583728
2262dc803bd959db,2021.08.09.18.37.41_veh-28_00648_00730,True,1.0,1.0,0.8795059514059891,1.0,1.0,1.0,0.949794146419162
6b56e8b5a3b05944,2021.08.31.11.47.30_veh-40_01146_01347,True,1.0,1.0,0.9444746381250013,1.0,1.0,0.0,0.9768644325520839
648fda3ae08a5a33,2021.08.24.18.07.48_veh-45_00873_01142,True,1.0,1.0,0.7175045161342203,1.0,1.0,1.0,0.8822935483892586
f8b8d91f09615b8c,2021.06.08.17.25.03_veh-35_03522_03716,True,1.0,1.0,1.0,0.0,1.0,1.0,0.5833333333333334
c3feb114d7f95ef4,2021.10.05.06.57.40_veh-50_00485_00624,True,1.0,1.0,0.5192643657610022,1.0,1.0,1.0,0.7996934857337509
199d7ff8db945a33,2021.06.08.18.18.30_veh-38_05578_05988,True,1.0,1.0,0.7831473422319412,1.0,1.0,1.0,0.9096447259299755
f897eead637451d2,2021.10.05.06.57.40_veh-50_01658_01796,True,1.0,1.0,0.7255625891135244,1.0,1.0,1.0,0.8856510787973019
75acc8ebb2a6523b,2021.10.05.06.57.40_veh-50_00025_00261,True,1.0,1.0,0.8802594143149427,1.0,1.0,1.0,0.9501080892978928
c9a8f51734b8566a,2021.10.05.07.49.39_veh-52_01417_01574,True,1.0,1.0,0.803263267588088,1.0,1.0,1.0,0.9180263614950367
8e49b7bddf4f5a15,2021.09.14.20.42.30_veh-45_00805_01078,True,1.0,1.0,1.0,1.0,1.0,1.0,1.0
eba213863a075b4c,2021.10.05.08.11.15_veh-50_01222_01462,True,1.0,1.0,0.5791526308327519,1.0,1.0,1.0,0.8246469295136466
537ae20acba557a6,2021.08.31.17.42.52_veh-40_00389_00526,True,1.0,1.0,0.8549493232135457,1.0,1.0,1.0,0.9395622180056441
bf566fb659a555d2,2021.10.05.04.38.41_veh-50_00996_01109,True,1.0,1.0,1.0,1.0,1.0,1.0,1.0
77ded26c7a9654ad,2021.07.24.23.50.16_veh-17_01696_02071,True,1.0,1.0,0.5355142602525794,1.0,1.0,1.0,0.8064642751052414
519885761a2a5a69,2021.10.05.04.03.05_veh-50_00058_00321,True,1.0,1.0,0.916637358507615,1.0,1.0,1.0,0.9652655660448396
5e438ad32e78552a,2021.08.31.17.42.52_veh-40_01033_01313,True,1.0,1.0,1.0,1.0,1.0,1.0,1.0
ae3ab9cc1e285e4d,2021.06.08.12.00.19_veh-35_01722_02119,True,1.0,1.0,0.834249131636157,1.0,1.0,1.0,0.9309371381817321
90c2a85ccf585341,2021.08.24.20.03.01_veh-45_00687_00787,True,1.0,1.0,1.0,1.0,1.0,1.0,1.0
8bf4bc736e535e2a,2021.08.31.18.15.54_veh-40_00038_00199,True,1.0,0.0,0.0,1.0,1.0,1.0,0.0
53da93b2332857bd,2021.08.09.17.55.59_veh-28_00691_00876,True,1.0,0.0,0.0,1.0,1.0,1.0,0.0
8596a0410ea753cd,2021.10.05.08.11.15_veh-50_00163_00321,True,1.0,1.0,0.8319711071783306,1.0,1.0,1.0,0.9299879613243044
fd522540ec9b5d12,2021.09.14.16.46.51_veh-45_02322_02510,True,1.0,1.0,1.0,1.0,1.0,1.0,1.0
51c4c97139815d1a,2021.09.14.18.43.41_veh-45_00965_01195,True,1.0,1.0,0.8646732705047169,1.0,1.0,1.0,0.9436138627102988
71c8ce6dcc8e5e40,2021.10.05.04.38.41_veh-50_00753_00956,True,1.0,1.0,0.8139256000322173,1.0,1.0,1.0,0.9224690000134238
3817d4eca2e1557a,2021.06.08.12.00.19_veh-35_03451_03644,True,1.0,1.0,0.747715032604528,1.0,1.0,1.0,0.89488126358522
438a8145e6025153,2021.10.05.06.24.06_veh-50_01420_01553,True,1.0,1.0,0.6976963126541311,1.0,1.0,1.0,0.8740401302725546
d695b34c71215217,2021.10.05.06.31.40_veh-52_01598_02013,True,1.0,1.0,0.7643286360057285,1.0,1.0,1.0,0.9018035983357202
fc2ed2f866c253d4,2021.08.31.13.27.52_veh-40_01330_01491,True,1.0,1.0,0.8075449949655072,1.0,1.0,1.0,0.9198104145689614
2ba922b04f705ac8,2021.07.24.18.06.35_veh-35_03664_03799,True,1.0,1.0,0.8721209027969554,1.0,1.0,1.0,0.9467170428320647
c9ddf1913f325de4,2021.08.31.18.15.54_veh-40_00038_00199,True,1.0,1.0,0.8501490807815685,1.0,1.0,1.0,0.9375621169923202
ab64601e1d305356,2021.10.05.07.38.12_veh-50_00898_01058,True,1.0,1.0,0.9126513952015844,1.0,1.0,1.0,0.9636047480006602
40d181f928905824,2021.08.24.18.30.46_veh-08_01674_01850,True,1.0,1.0,0.7269088836774972,1.0,1.0,1.0,0.8862120348656238
68c5ccd303c65931,2021.06.07.18.53.26_veh-26_00005_00427,True,1.0,1.0,0.9279796920399916,1.0,1.0,1.0,0.9699915383499965
8cffb31aa9bc5f4f,2021.06.08.17.25.03_veh-35_02448_02655,True,1.0,1.0,0.8216757324885356,1.0,1.0,1.0,0.9256982218702232
ae89d236367652eb,2021.08.31.17.42.52_veh-40_01551_01684,True,1.0,1.0,0.833368949770841,1.0,1.0,1.0,0.9305703957378504
315e77baaba657ef,2021.06.08.14.36.49_veh-38_00312_00694,True,1.0,1.0,1.0,1.0,1.0,1.0,1.0
f9a3f1194ecf5691,2021.08.31.16.37.21_veh-40_01655_01736,True,1.0,1.0,0.7908053767724357,1.0,1.0,1.0,0.9128355736551815
7e7576a611b35fcb,2021.08.24.18.30.46_veh-08_02327_02583,True,1.0,1.0,0.8360318069933831,1.0,1.0,1.0,0.9316799195805764
0e028a1ac3935fbf,2021.10.05.04.38.41_veh-50_00014_00429,True,1.0,0.0,0.0,1.0,1.0,1.0,0.0
a75d47c9583d5f0c,2021.06.08.14.35.24_veh-26_02555_03004,True,1.0,1.0,0.8904004642258746,1.0,1.0,1.0,0.9543335267607812
73803057e8015b24,2021.10.05.07.38.12_veh-50_01085_01463,True,1.0,1.0,0.8140820367198038,1.0,1.0,1.0,0.922534181966585
7549c9ea25c85f4e,2021.09.14.16.46.51_veh-45_00149_00900,True,1.0,1.0,0.871600293189461,1.0,1.0,1.0,0.9465001221622753
7fba3e79d3f951f9,2021.06.08.17.25.03_veh-35_02448_02655,True,1.0,1.0,1.0,1.0,1.0,1.0,1.0
3c9f665179cb59b6,2021.08.24.15.09.18_veh-45_00216_00862,True,1.0,1.0,0.45191492703061775,1.0,1.0,1.0,0.7716312195960908
46520cfa1af3501b,2021.06.08.12.00.19_veh-35_03655_03792,True,1.0,1.0,1.0,1.0,1.0,1.0,1.0
0c930915da8f5da0,2021.06.08.17.25.03_veh-35_03522_03716,True,1.0,1.0,1.0,1.0,1.0,1.0,1.0
a9a903fc372c5c31,2021.10.05.07.10.04_veh-52_00252_00406,True,1.0,1.0,0.7480922280441155,1.0,1.0,1.0,0.8950384283517149
c19c910d51a05b2b,2021.10.05.04.03.05_veh-50_01003_01426,True,1.0,1.0,0.6285880413320565,1.0,1.0,1.0,0.8452450172216902
b67e711c93bf51a4,2021.06.08.12.54.54_veh-26_01289_01417,True,1.0,1.0,0.7315877520961576,1.0,1.0,1.0,0.8881615633733989
3fdcbaf6a2bf5d73,2021.06.07.17.46.49_veh-35_04084_04828,True,1.0,1.0,1.0,1.0,1.0,1.0,1.0
92b6685ef05e5117,2021.09.14.16.46.51_veh-45_00149_00900,True,1.0,1.0,0.735035238774401,1.0,1.0,1.0,0.8895980161560004
7a014eca03e55297,2021.08.09.17.55.59_veh-28_00320_00544,True,1.0,0.0,0.0,1.0,1.0,1.0,0.0
6664a79a3a795cd1,2021.08.24.17.01.06_veh-45_00228_00689,True,1.0,1.0,0.9274595367542411,1.0,1.0,1.0,0.9697748069809338
365ba1d90e9b5e70,2021.10.05.06.57.40_veh-50_01493_01624,True,1.0,1.0,0.6629818615576197,1.0,1.0,1.0,0.8595757756490082
49816c23e6215793,2021.08.24.14.25.28_veh-42_00333_00472,True,1.0,1.0,1.0,1.0,1.0,1.0,1.0
426709c0ebdb5c89,2021.10.05.06.31.40_veh-52_00465_00713,True,1.0,1.0,0.7706977481929411,1.0,1.0,1.0,0.9044573950803921
5566038d7b605617,2021.10.05.04.38.41_veh-50_00753_00956,True,1.0,1.0,0.8135224070204201,1.0,1.0,1.0,0.9223010029251751
00ab4b38724e5f47,2021.06.08.18.18.30_veh-38_05578_05988,True,1.0,1.0,0.7590935235492244,1.0,1.0,1.0,0.8996223014788436
0212024f3ed154ac,2021.09.14.20.42.30_veh-45_00805_01078,True,1.0,1.0,0.8206077158785582,1.0,1.0,1.0,0.9252532149493993
60eb3d13b49758b6,2021.07.24.22.52.16_veh-35_03236_04096,True,1.0,1.0,1.0,1.0,1.0,1.0,1.0
98a599f156b551a2,2021.08.31.18.15.54_veh-40_00038_00199,True,1.0,1.0,0.8304136604990663,1.0,1.0,1.0,0.9293390252079443
17289b9ef04c57ac,2021.08.31.16.37.21_veh-40_00798_00955,True,1.0,1.0,1.0,1.0,1.0,1.0,1.0
1c838161da32513a,2021.09.14.16.46.51_veh-45_00149_00900,True,1.0,0.0,0.0,1.0,1.0,1.0,0.0
7ef666e2075a5db5,2021.10.05.07.10.04_veh-52_00689_01322,True,1.0,1.0,1.0,1.0,1.0,1.0,1.0
c5a3e38086f851eb,2021.10.05.07.38.12_veh-50_01085_01463,True,1.0,1.0,0.7826615858175641,1.0,1.0,1.0,0.9094423274239851
2f860282bb065d95,2021.10.05.06.31.40_veh-52_00734_01305,True,1.0,1.0,0.5458300007952138,1.0,1.0,1.0,0.8107625003313391
bfcd42d6b08b5080,2021.08.31.11.47.30_veh-40_00393_00847,True,1.0,1.0,1.0,1.0,1.0,1.0,1.0
2262f222b07155db,2021.10.05.06.31.40_veh-52_00734_01305,True,1.0,1.0,0.6866698249020791,1.0,1.0,1.0,0.8694457603758664
d2133889d04e5f16,2021.10.05.06.31.40_veh-52_01316_01565,True,1.0,1.0,0.7680536286825292,1.0,1.0,1.0,0.9033556786177206
cc3d8bf2a6555e15,2021.10.05.04.03.05_veh-50_00058_00321,True,1.0,1.0,1.0,1.0,1.0,1.0,1.0
290874b67076528b,2021.08.09.18.37.41_veh-28_00053_00548,True,1.0,1.0,0.8734306339315845,1.0,1.0,1.0,0.9472627641381601
b65e09c4d8125da0,2021.10.05.08.11.15_veh-50_00970_01211,True,1.0,1.0,0.6552669255331148,1.0,1.0,1.0,0.8563612189721311
9e5f2c6ec3e65aa8,2021.10.05.07.10.04_veh-52_00596_00663,True,1.0,1.0,1.0,1.0,1.0,1.0,1.0
da91d0f0035b59d3,2021.09.14.18.43.41_veh-45_01245_01529,True,1.0,1.0,1.0,1.0,1.0,1.0,1.0
57b0715a8155530c,2021.10.05.06.57.40_veh-50_01493_01624,True,1.0,1.0,0.8353104832771463,1.0,1.0,1.0,0.9313793680321444
4cbaff8a149e5f71,2021.08.31.18.15.54_veh-40_00038_00199,True,1.0,1.0,0.9054976908449611,1.0,1.0,1.0,0.9606240378520671
e7cf057745c45054,2021.06.08.12.00.19_veh-35_05235_05578,True,1.0,1.0,1.0,1.0,1.0,1.0,1.0
b3587e161dc85358,2021.06.08.14.14.51_veh-35_00893_01188,True,1.0,1.0,0.8839114643153448,1.0,1.0,1.0,0.9516297767980605
c27fbd9c4be459ae,2021.08.09.18.37.41_veh-28_00053_00548,True,1.0,1.0,0.6121170715820127,1.0,1.0,1.0,0.838382113159172
d5e23cc4aa835184,2021.06.07.12.54.00_veh-35_01843_02314,True,1.0,1.0,1.0,1.0,1.0,1.0,1.0
7c554f2629af5770,2021.09.14.16.46.51_veh-45_00149_00900,True,1.0,1.0,0.9803712938395874,1.0,1.0,1.0,0.9918213724331615
c1119b7bb01d5a1d,2021.10.05.04.38.41_veh-50_00014_00429,True,1.0,1.0,0.5252728959603887,1.0,1.0,1.0,0.8021970399834952
773a35771de759dd,2021.10.05.06.31.40_veh-52_00465_00713,True,1.0,1.0,0.70405497055599,1.0,1.0,1.0,0.8766895710649959
e1f85e95103f588e,2021.06.07.17.46.49_veh-35_04839_05184,True,1.0,0.0,0.0,1.0,1.0,1.0,0.0
ceffa062463153a3,2021.10.05.04.03.05_veh-50_00058_00321,True,1.0,1.0,1.0,1.0,1.0,1.0,1.0
44dbdba9f1235c1d,2021.08.31.14.40.58_veh-40_01268_01618,True,1.0,1.0,0.9611832110511788,1.0,1.0,1.0,0.9838263379379911
91a574e45ce45658,2021.08.24.17.01.06_veh-45_00228_00689,True,1.0,0.0,0.0,1.0,1.0,1.0,0.0
49ce701ec7545e81,2021.08.31.17.42.52_veh-40_01033_01313,True,1.0,1.0,0.9429094985797799,1.0,1.0,1.0,0.9762122910749084
be5eec1e4bb15359,2021.06.07.13.53.57_veh-35_02489_03145,True,1.0,1.0,1.0,1.0,1.0,1.0,1.0
13b78096be325992,2021.10.05.08.11.15_veh-50_01222_01462,True,1.0,1.0,1.0,1.0,1.0,1.0,1.0
742324d8909c59b0,2021.10.05.04.38.41_veh-50_00753_00956,True,1.0,1.0,0.738763917305318,1.0,1.0,1.0,0.8911516322105492
a4e3f3603b2952fb,2021.06.08.19.16.23_veh-26_00973_01139,True,1.0,1.0,0.6921208301389107,1.0,1.0,1.0,0.8717170125578795
fd439147cfcd53d3,2021.09.14.18.43.41_veh-45_00965_01195,True,1.0,1.0,0.7866178347392095,1.0,1.0,1.0,0.9110907644746705
6deeb11365945fb1,2021.10.05.04.03.05_veh-50_00648_00744,True,1.0,1.0,1.0,1.0,1.0,0.0,1.0
a4de6233fbe552e5,2021.06.07.13.53.57_veh-35_02489_03145,True,1.0,1.0,1.0,1.0,1.0,1.0,1.0
656c938e652e55f8,2021.06.07.13.53.57_veh-35_02489_03145,True,1.0,1.0,0.9347447061698134,1.0,1.0,1.0,0.9728102942374223
3609537de0105997,2021.10.05.08.11.15_veh-50_00163_00321,True,1.0,1.0,0.755893215271834,1.0,1.0,1.0,0.8982888396965976
d6e6a774e1025ba3,2021.08.24.15.09.18_veh-45_00216_00862,True,1.0,1.0,0.7720855663922253,1.0,1.0,1.0,0.9050356526634271
1512207f510f55ad,2021.08.31.16.37.21_veh-40_01655_01736,True,0.0,1.0,0.0,0.0,1.0,1.0,0.0
e216136c3cf2595f,2021.10.05.04.03.05_veh-50_01466_01790,True,1.0,1.0,0.9658136563986964,1.0,1.0,1.0,0.9857556901661235
4667f08908cc5ee6,2021.09.14.18.43.41_veh-45_02503_03013,True,1.0,1.0,0.8571160478615565,1.0,1.0,1.0,0.9404650199423151
fbf5b0da3ef6574e,2021.10.05.08.11.15_veh-50_01566_01801,True,1.0,1.0,0.708917562704236,1.0,1.0,1.0,0.878715651126765
55fa0f92201a5011,2021.08.24.14.35.46_veh-45_01568_01663,True,1.0,1.0,0.8799891468316065,1.0,1.0,1.0,0.9499954778465026
1215a1ddc3505fa7,2021.10.05.07.10.04_veh-52_00689_01322,True,1.0,1.0,0.6649836152792448,1.0,1.0,1.0,0.8604098396996852
0be55e66f8c258d8,2021.08.24.17.34.27_veh-45_01478_01553,True,1.0,1.0,1.0,0.0,1.0,1.0,0.5833333333333334
4d662b889a905426,2021.10.05.06.24.06_veh-50_01420_01553,True,1.0,1.0,1.0,1.0,1.0,1.0,1.0
ba0d0bd008d55a1e,2021.06.07.18.53.26_veh-26_01208_01412,True,1.0,1.0,1.0,1.0,1.0,1.0,1.0
ff3bba0dd7d25848,2021.10.05.07.10.04_veh-52_01442_01802,True,1.0,1.0,0.7657543826432469,1.0,1.0,1.0,0.9023976594346862
ae8cc27f85af5cf8,2021.06.07.19.29.59_veh-38_01025_01274,True,1.0,1.0,0.7757827721267484,1.0,1.0,1.0,0.9065761550528117
7f9c9b18c6765311,2021.10.05.06.24.06_veh-50_00717_01300,True,1.0,1.0,0.8090322547933946,1.0,1.0,1.0,0.9204301061639143
5fc75556062e5bdf,2021.06.08.14.14.51_veh-35_00893_01188,True,1.0,1.0,1.0,1.0,1.0,1.0,1.0
de21709e722d5d73,2021.10.05.06.57.40_veh-50_00485_00624,True,1.0,1.0,0.7976503077533874,1.0,1.0,1.0,0.915687628230578
3818957d51785264,2021.06.07.17.46.49_veh-35_04084_04828,True,1.0,1.0,0.8264730574394896,1.0,1.0,1.0,0.927697107266454
9a529e4b91e05065,2021.10.05.06.31.40_veh-52_00734_01305,True,1.0,1.0,0.6089146676695724,1.0,1.0,1.0,0.8370477781956551
81ea351d9261525e,2021.10.05.07.10.04_veh-52_00418_00563,True,1.0,1.0,0.779211452267503,1.0,1.0,1.0,0.9080047717781262
ec755c6407c85fa8,2021.10.05.04.38.41_veh-50_00014_00429,True,1.0,1.0,0.891602384626961,1.0,1.0,1.0,0.9548343269279004
ad2d8addcf0a5a26,2021.10.05.06.57.40_veh-50_01131_01452,True,1.0,1.0,0.5746981590770142,1.0,1.0,1.0,0.8227908996154225
f154d7cc016a59f9,2021.06.07.12.54.00_veh-35_01843_02314,True,1.0,1.0,0.7380865456923142,1.0,1.0,1.0,0.8908693940384643
32d0773ce4a157b8,2021.08.31.12.21.30_veh-40_00378_00527,True,1.0,1.0,1.0,1.0,1.0,1.0,1.0
d9b30e768bfa5627,2021.08.31.17.42.52_veh-40_01331_01444,True,1.0,1.0,1.0,1.0,1.0,1.0,1.0
27270e1628475dfa,2021.06.07.19.29.59_veh-38_01025_01274,True,1.0,1.0,1.0,1.0,1.0,1.0,1.0
607cad28b7815677,2021.10.05.07.10.04_veh-52_00689_01322,True,1.0,1.0,0.5398875225658535,1.0,1.0,1.0,0.8082864677357723
a88be30a95dd58fa,2021.10.05.06.31.40_veh-52_00734_01305,True,1.0,1.0,0.5672586829704855,1.0,1.0,1.0,0.819691117904369
b960d6fec51b52e3,2021.06.08.19.16.23_veh-26_00973_01139,True,1.0,1.0,0.7072994392504768,1.0,1.0,1.0,0.878041433021032
ff6a2cfd0a5b5359,2021.06.07.18.53.26_veh-26_01208_01412,True,1.0,1.0,0.6590601172674336,1.0,1.0,1.0,0.8579417155280974
ca33689d1e20577c,2021.10.05.07.10.04_veh-52_00689_01322,True,1.0,1.0,0.7633324799315897,1.0,1.0,1.0,0.901388533304829
2e175ffcc2cd57ba,2021.10.05.08.11.15_veh-50_00163_00321,True,1.0,1.0,0.7675656901287079,1.0,1.0,1.0,0.9031523708869615
9efa7decf6d05acb,2021.08.31.12.21.30_veh-40_00538_00638,True,1.0,1.0,0.735740008295743,1.0,1.0,1.0,0.8898916701232262
9eb5eb9b81ff5d90,2021.08.24.17.37.11_veh-08_02359_02623,True,1.0,1.0,0.8588644941914847,0.0,1.0,1.0,0.5245268725797853
37bc68660a6c514a,2021.09.14.18.43.41_veh-45_00965_01195,True,1.0,1.0,0.7736921512772722,1.0,1.0,1.0,0.9057050630321967
ea55c11b526d5d47,2021.08.31.11.47.30_veh-40_01362_01737,True,1.0,1.0,0.7388154714536629,0.0,1.0,1.0,0.47450644643902623
0c73160f256755bb,2021.06.08.14.35.24_veh-26_02555_03004,True,1.0,1.0,1.0,1.0,1.0,1.0,1.0
4e2468074f7e5d57,2021.10.05.07.38.12_veh-50_00245_00433,True,1.0,1.0,0.7629414567031659,1.0,1.0,1.0,0.9012256069596525
8678265cea1d5642,2021.10.05.07.38.12_veh-50_01477_01565,True,1.0,1.0,0.6609291997054415,1.0,1.0,1.0,0.8587204998772672
db31d2fef6055e49,2021.06.07.13.53.57_veh-35_02489_03145,True,1.0,1.0,1.0,1.0,1.0,1.0,1.0
d9103b165da15045,2021.08.24.17.34.27_veh-45_01478_01553,True,1.0,1.0,1.0,1.0,1.0,1.0,1.0
56604a00d66752a3,2021.08.31.18.15.54_veh-40_01143_01496,True,1.0,1.0,0.7199317885800318,1.0,1.0,1.0,0.8833049119083466
9fb488f9610b5496,2021.06.07.13.53.57_veh-35_02489_03145,True,1.0,1.0,0.812230313990579,1.0,1.0,1.0,0.9217626308294079
ed589b058ca85557,2021.08.31.11.47.30_veh-40_00393_00847,True,1.0,1.0,0.6861024452314922,1.0,1.0,1.0,0.8692093521797885
6e2b0e92a2ea58ee,2021.06.07.19.29.59_veh-38_01025_01274,True,1.0,1.0,1.0,1.0,1.0,1.0,1.0
79f5494df0175cec,2021.06.08.17.25.03_veh-35_02448_02655,True,1.0,1.0,0.9220056816580916,1.0,1.0,1.0,0.9675023673575381
85c2d6d9d4af5977,2021.06.07.12.42.11_veh-38_03254_03455,True,1.0,1.0,0.6369683312916143,1.0,1.0,1.0,0.8487368047048394
a920a7e8d7665ed6,2021.10.05.07.10.04_veh-52_01442_01802,True,1.0,1.0,0.7654217370120133,1.0,1.0,1.0,0.9022590570883389
32edf7befc415406,2021.10.05.08.11.15_veh-50_00163_00321,True,1.0,1.0,0.7675844754098515,1.0,1.0,1.0,0.9031601980874381
9f9596eee8065c78,2021.08.24.17.01.06_veh-45_00228_00689,True,1.0,1.0,0.951530144965603,1.0,1.0,1.0,0.9798042270690012
bb94cce50c7a53c8,2021.08.31.14.40.58_veh-40_01022_01255,True,1.0,1.0,0.8681793268454865,1.0,1.0,1.0,0.9450747195189527
528d36356ecb53af,2021.06.07.17.46.49_veh-35_04084_04828,True,1.0,1.0,1.0,1.0,1.0,1.0,1.0
af7046ec22c15434,2021.07.24.20.37.45_veh-17_00015_00375,True,1.0,1.0,0.9794186048125253,1.0,1.0,1.0,0.9914244186718856
26f08ff3961d5a10,2021.08.31.12.54.56_veh-40_00725_00909,True,1.0,1.0,0.709567000765684,1.0,1.0,1.0,0.8789862503190351
71f4d318c0155ded,2021.08.31.13.27.52_veh-40_00186_00414,True,1.0,1.0,1.0,1.0,1.0,1.0,1.0
1e6da03d5d25541b,2021.08.31.11.47.30_veh-40_01146_01347,True,1.0,1.0,0.920898777013259,1.0,1.0,1.0,0.9670411570888579
dedd287df867592a,2021.08.31.11.47.30_veh-40_01362_01737,True,1.0,1.0,0.8580476003295593,1.0,1.0,1.0,0.9408531668039831
84a75bd34f09578b,2021.06.07.19.29.59_veh-38_00474_00922,True,1.0,1.0,0.6784951085653997,1.0,1.0,1.0,0.8660396285689166
916346f483d65284,2021.10.05.07.10.04_veh-52_00689_01322,True,1.0,1.0,0.5933707046270225,1.0,1.0,1.0,0.830571126927926
861e54d703ff5462,2021.06.07.19.29.59_veh-38_01025_01274,True,1.0,1.0,1.0,1.0,1.0,1.0,1.0
fb5943411cd45bf6,2021.10.05.04.03.05_veh-50_01466_01790,True,1.0,1.0,0.5295709852140802,1.0,1.0,1.0,0.8039879105058668
60663e5fb0b652d0,2021.08.31.12.21.30_veh-40_00378_00527,True,1.0,1.0,1.0,1.0,1.0,1.0,1.0
fca5b0316a54508a,2021.10.05.04.38.41_veh-50_00014_00429,True,1.0,1.0,0.5592157811753358,1.0,1.0,1.0,0.8163399088230566
8635835ce3a05e8f,2021.08.24.15.09.18_veh-45_00216_00862,True,1.0,1.0,0.8358195672821831,1.0,1.0,1.0,0.9315914863675762
24d8483d9ae4595c,2021.09.14.20.42.30_veh-45_00805_01078,True,1.0,1.0,1.0,1.0,1.0,1.0,1.0
93abcbe32b3752e3,2021.06.07.19.43.00_veh-35_02298_02525,True,1.0,1.0,0.6440597523315849,1.0,1.0,1.0,0.8516915634714937
f85c8fae001c55b2,2021.06.08.12.54.54_veh-26_02994_03970,True,1.0,1.0,0.8170461465972013,1.0,1.0,1.0,0.9237692277488337
cfc58082fd75532a,2021.10.05.07.10.04_veh-52_00689_01322,True,1.0,1.0,0.7366398350697431,1.0,1.0,1.0,0.8902665979457263
511fce263bb15ad7,2021.06.08.12.00.19_veh-35_05235_05578,True,1.0,1.0,0.7327955862842914,1.0,1.0,1.0,0.8886648276184547
8b22fdf52d9e57da,2021.08.31.16.37.21_veh-40_00554_00733,True,0.0,1.0,0.0,0.0,1.0,1.0,0.0
dfd2bd27d38a52c6,2021.06.08.14.14.51_veh-35_00893_01188,True,1.0,1.0,1.0,1.0,1.0,1.0,1.0
e780285dadea5cdb,2021.08.31.12.54.56_veh-40_00305_00667,True,1.0,1.0,0.9762631115033056,1.0,1.0,1.0,0.990109629793044
c5faccfd97d157c7,2021.06.08.14.14.51_veh-35_01508_01763,True,1.0,1.0,0.7220856202038828,1.0,1.0,1.0,0.8842023417516178
2daf5c5381915d32,2021.08.31.18.15.54_veh-40_00579_00980,True,1.0,1.0,1.0,1.0,1.0,1.0,1.0
5e516edc25b65483,2021.06.07.19.43.00_veh-35_02298_02525,True,1.0,1.0,0.8172034261047962,1.0,1.0,1.0,0.9238347608769985
651a9d71f6fc5be0,2021.08.31.18.15.54_veh-40_00038_00199,True,1.0,1.0,0.806966857479773,1.0,1.0,1.0,0.9195695239499054
689a839ed6ae5083,2021.10.05.06.31.40_veh-52_01598_02013,True,1.0,1.0,0.7730438343864332,1.0,1.0,1.0,0.9054349309943471
bf1de203193d5535,2021.10.05.08.11.15_veh-50_00970_01211,True,1.0,1.0,0.7196276544651528,1.0,1.0,1.0,0.8831781893604803
bbe8c94bc903528d,2021.08.31.14.40.58_veh-40_00467_00668,True,1.0,1.0,1.0,1.0,1.0,0.0,1.0
47862b0eca5b5da2,2021.10.05.06.31.40_veh-52_01598_02013,True,1.0,1.0,0.7992922127204657,1.0,1.0,1.0,0.9163717553001941
a08a7846202d5352,2021.08.31.14.40.58_veh-40_00679_00892,True,1.0,1.0,1.0,1.0,1.0,1.0,1.0
fe1281c351a55c09,2021.06.08.12.00.19_veh-35_02135_02369,True,1.0,1.0,1.0,1.0,1.0,1.0,1.0
38df0f02f3f85d8f,2021.08.31.18.15.54_veh-40_01143_01496,True,1.0,1.0,0.7682870864654336,0.0,1.0,1.0,0.48678628602726404
6a8eec69b45f50d0,2021.08.24.14.25.28_veh-42_00333_00472,True,1.0,1.0,0.8356198884954614,1.0,1.0,1.0,0.9315082868731089
240a2457b392539b,2021.06.08.17.36.50_veh-26_05134_05378,True,1.0,1.0,0.9951773436125515,1.0,1.0,1.0,0.9979905598385631
eb4d6a0aa63a5582,2021.08.24.17.01.06_veh-45_01557_01681,True,1.0,1.0,0.8949070821467209,1.0,1.0,1.0,0.9562112842278004
223c47176e6057f5,2021.06.08.18.59.48_veh-12_03122_03677,True,1.0,1.0,0.6873632229891643,1.0,1.0,1.0,0.8697346762454852
558a5b88987f54f7,2021.09.14.18.43.41_veh-45_00965_01195,True,1.0,1.0,0.7905350354984167,1.0,1.0,1.0,0.9127229314576737
bfecb44804e95610,2021.08.31.16.37.21_veh-40_00429_00541,True,1.0,1.0,0.8213324745928713,1.0,1.0,1.0,0.9255551977470297
626f6c6b901a597a,2021.06.07.17.46.49_veh-35_02607_03120,True,1.0,1.0,0.9981886536910829,1.0,1.0,1.0,0.9992452723712845
427924f217ea5f49,2021.10.05.04.03.05_veh-50_01466_01790,True,1.0,0.0,0.0,1.0,1.0,1.0,0.0
35f809ef41ee5606,2021.10.05.07.10.04_veh-52_01442_01802,True,1.0,1.0,0.8458780669617465,1.0,1.0,1.0,0.9357825279007277
808e97fcfcd753dc,2021.10.05.07.49.39_veh-52_01417_01574,True,1.0,1.0,0.6261824149496461,1.0,1.0,1.0,0.8442426728956859
4c58f7d8218251d0,2021.10.05.08.11.15_veh-50_00710_00903,True,1.0,1.0,1.0,1.0,1.0,1.0,1.0
dc4919ddd431581d,2021.10.05.04.03.05_veh-50_01466_01790,True,1.0,1.0,1.0,1.0,1.0,0.5,1.0
28f69ab0b4cb5346,2021.08.31.14.40.58_veh-40_00467_00668,True,1.0,1.0,0.8577492142322599,1.0,1.0,1.0,0.9407288392634415
39c27223ad3a5d5c,2021.06.07.17.46.49_veh-35_04839_05184,True,1.0,1.0,1.0,1.0,1.0,1.0,1.0
2f4357197a8957e9,2021.08.24.17.37.11_veh-08_02359_02623,True,1.0,1.0,1.0,1.0,1.0,1.0,1.0
f42dcf82749e5653,2021.06.07.11.59.52_veh-35_02283_02464,True,1.0,1.0,1.0,1.0,1.0,1.0,1.0
080f3750b4ae53fa,2021.06.08.16.31.33_veh-38_00015_00262,True,1.0,1.0,1.0,1.0,1.0,1.0,1.0
a5ca5978825c5d71,2021.08.31.11.47.30_veh-40_01146_01347,True,1.0,1.0,0.6973311389766782,1.0,1.0,1.0,0.8738879745736159
c7a77d4978a15fd9,2021.08.24.15.09.18_veh-45_00216_00862,True,1.0,1.0,1.0,1.0,1.0,1.0,1.0
5714c8c971fc58e0,2021.09.14.16.46.51_veh-45_00149_00900,True,1.0,1.0,0.7363105270887622,1.0,1.0,1.0,0.8901293862869842
caeef83cf0c552c7,2021.10.05.06.57.40_veh-50_00485_00624,True,1.0,1.0,0.7378226966003067,1.0,1.0,1.0,0.8907594569167946
c34bff3390275370,2021.06.08.12.54.54_veh-26_00015_00507,True,1.0,1.0,1.0,1.0,1.0,1.0,1.0
94e9664fcf2d5f9e,2021.06.07.17.46.49_veh-35_04839_05184,True,1.0,1.0,1.0,1.0,1.0,1.0,1.0
dcf1485b15a758e9,2021.08.24.15.09.18_veh-45_00216_00862,True,1.0,1.0,0.83751649930363,1.0,1.0,1.0,0.9322985413765125
434ba2582b4a57d3,2021.10.05.06.24.06_veh-50_00431_00527,True,1.0,1.0,0.6409111139543363,1.0,1.0,1.0,0.8503796308143068
71281ce8f1305d51,2021.06.07.11.59.52_veh-35_02283_02464,True,1.0,1.0,0.8762597823629668,1.0,1.0,1.0,0.9484415759845696
578aaaaef50350d6,2021.10.05.06.31.40_veh-52_01598_02013,True,1.0,1.0,0.7206581168539999,1.0,1.0,1.0,0.8836075486891666
3ebb0ad535d45630,2021.10.05.07.38.12_veh-50_00245_00433,True,1.0,1.0,0.6908546045016433,1.0,1.0,1.0,0.8711894185423513
ec19ebdee21159e6,2021.06.07.13.53.57_veh-35_02489_03145,True,1.0,1.0,1.0,1.0,1.0,1.0,1.0
133d2532f35f564d,2021.06.07.18.53.26_veh-26_00005_00427,True,1.0,1.0,0.8528057644418162,1.0,1.0,1.0,0.9386690685174234
a3d6a8eac0755afe,2021.08.31.11.47.30_veh-40_00393_00847,True,1.0,1.0,0.9365096930555368,1.0,1.0,1.0,0.973545705439807
f8b378cbb2185bc1,2021.10.05.06.31.40_veh-52_00734_01305,True,1.0,1.0,0.8210820689962804,1.0,1.0,1.0,0.9254508620817835
acfc271e3c3d58fa,2021.08.24.17.37.11_veh-08_02359_02623,True,1.0,1.0,0.8891936991831378,1.0,1.0,1.0,0.9538307079929741
601d887023195139,2021.10.05.06.31.40_veh-52_00465_00713,True,1.0,1.0,0.758392211993891,1.0,1.0,1.0,0.899330088330788
b5edb24338445523,2021.08.24.18.30.46_veh-08_01985_02093,True,0.0,1.0,0.0,0.0,1.0,1.0,0.0
d2d8d99939af58d8,2021.08.24.15.09.18_veh-45_00216_00862,True,1.0,1.0,0.7070664765063284,1.0,1.0,1.0,0.8779443652109702
5ae78bc8a27a510a,2021.06.08.14.35.24_veh-26_01989_02235,True,1.0,1.0,0.7084079651710204,1.0,1.0,1.0,0.8785033188212585
622b0402246e5a04,2021.08.31.18.15.54_veh-40_01010_01094,True,1.0,1.0,0.7815626314646713,0.0,1.0,1.0,0.49231776311027975
ad8389a666c651bf,2021.10.05.04.38.41_veh-50_00014_00429,True,1.0,1.0,0.6888383716152738,1.0,1.0,1.0,0.8703493215063641
fab5f4ea8b075873,2021.10.05.07.10.04_veh-52_00689_01322,True,1.0,1.0,0.8195716548892235,1.0,1.0,1.0,0.9248215228705098
b76ae21a3d005d62,2021.06.08.12.54.54_veh-26_02323_02479,True,1.0,1.0,1.0,1.0,1.0,1.0,1.0
ce3df1b3b5d85405,2021.10.05.07.38.12_veh-50_01085_01463,True,1.0,1.0,0.7661248912874454,1.0,1.0,1.0,0.9025520380364357
a2be5276d9845c57,2021.06.07.18.53.26_veh-26_00005_00427,True,1.0,1.0,1.0,1.0,1.0,1.0,1.0
b34272d337d350d2,2021.10.05.07.38.12_veh-50_01085_01463,True,1.0,1.0,0.5414949878790665,1.0,1.0,1.0,0.808956244949611
53880c7e22d553b5,2021.10.05.06.31.40_veh-52_01598_02013,True,1.0,1.0,0.7716746305651712,1.0,1.0,1.0,0.9048644294021546
52151396392d59ec,2021.06.07.19.43.00_veh-35_01782_01986,True,1.0,1.0,1.0,1.0,1.0,1.0,1.0
5bf7a15f79705497,2021.08.31.14.01.15_veh-40_00304_00384,True,1.0,1.0,0.8118866240727881,1.0,1.0,1.0,0.9216194266969951
71296b1b915d5d3e,2021.08.31.12.54.56_veh-40_01056_01183,True,1.0,1.0,0.8316161006570758,1.0,1.0,1.0,0.9298400419404483
48bf69aa16e85454,2021.06.07.19.29.59_veh-38_01025_01274,True,1.0,1.0,1.0,1.0,1.0,1.0,1.0
796698f0fd7d53c5,2021.10.05.07.38.12_veh-50_00132_00234,True,1.0,1.0,0.6645181692661795,1.0,1.0,0.5,0.8602159038609081
b9138f9ae7455293,2021.10.05.06.24.06_veh-50_01420_01553,True,1.0,1.0,0.6166283058274254,1.0,1.0,1.0,0.8402617940947605
37b400904c355977,2021.08.31.11.47.30_veh-40_00393_00847,True,1.0,1.0,0.9584684782786492,1.0,1.0,1.0,0.9826951992827705
dba30c7028f85a35,2021.10.05.08.11.15_veh-50_00970_01211,True,1.0,1.0,0.8737947052661506,1.0,1.0,1.0,0.9474144605275626
26b7cc5b93125dd9,2021.10.05.06.57.40_veh-50_00940_01105,True,1.0,1.0,0.7224179758486174,1.0,1.0,1.0,0.8843408232702572
d9ce4cf1a8b45e29,2021.10.05.08.11.15_veh-50_00970_01211,True,1.0,0.0,0.0,1.0,1.0,1.0,0.0
5ad9e7defd1150e4,2021.10.05.08.11.15_veh-50_00437_00585,True,1.0,1.0,0.7868344142933712,1.0,1.0,1.0,0.9111810059555713
345a7793c32e596c,2021.06.07.12.42.11_veh-38_01777_02078,True,1.0,1.0,0.9104384549403356,1.0,1.0,1.0,0.9626826895584731
9ef12559a8025bb7,2021.06.08.12.00.19_veh-35_01722_02119,True,1.0,1.0,0.727853505015136,1.0,1.0,1.0,0.8866056270896401
499d1c77ce2a5fcc,2021.07.24.20.37.45_veh-17_00015_00375,True,1.0,1.0,1.0,1.0,1.0,1.0,1.0
ba474de5edb5570b,2021.08.31.16.37.21_veh-40_00429_00541,True,1.0,1.0,0.7714848460843684,1.0,1.0,1.0,0.9047853525351535
c66d6879aad6557c,2021.08.31.11.47.30_veh-40_00393_00847,True,1.0,1.0,0.8774222752848875,1.0,1.0,1.0,0.9489259480353698
4cb9c9024cfa51ee,2021.10.05.07.10.04_veh-52_00689_01322,True,1.0,1.0,0.8006633454462644,1.0,1.0,1.0,0.9169430606026102
e24490b9088d5d41,2021.08.31.18.15.54_veh-40_00227_00324,True,1.0,1.0,0.8199911492592936,1.0,1.0,1.0,0.9249963121913723
4a067beb32265cea,2021.10.05.06.57.40_veh-50_00665_00857,True,1.0,1.0,0.7854426348708862,1.0,1.0,1.0,0.9106010978628692
cfc3560a41cf516d,2021.09.14.19.46.05_veh-45_01937_02119,True,1.0,1.0,0.742058084278466,1.0,1.0,1.0,0.8925242017826941
e2fc760c249357a0,2021.09.14.16.46.51_veh-45_00149_00900,True,1.0,1.0,1.0,1.0,1.0,1.0,1.0
81ed3a739e965f0e,2021.08.24.17.01.06_veh-45_00228_00689,True,1.0,0.0,0.0,1.0,1.0,1.0,0.0
5806ea07c72258db,2021.06.07.17.48.02_veh-38_01949_02085,True,1.0,1.0,0.47174047526104385,1.0,1.0,1.0,0.7798918646921016
cf5eff340795541a,2021.10.05.07.10.04_veh-52_00689_01322,True,1.0,1.0,0.7711781790267876,1.0,1.0,1.0,0.9046575745944949
971a3927300d5c9f,2021.10.05.06.31.40_veh-52_01316_01565,True,1.0,1.0,0.9680051924353539,1.0,1.0,1.0,0.9866688301813974
1a2a791565385cf6,2021.10.05.06.31.40_veh-52_01598_02013,True,1.0,1.0,0.7939107835425155,1.0,1.0,1.0,0.9141294931427147
27a0ed357788574f,2021.10.05.04.38.41_veh-50_00753_00956,True,1.0,1.0,0.726764529615729,1.0,1.0,1.0,0.8861518873398871
2d4bd54d83735ae3,2021.10.05.07.49.39_veh-52_00563_00680,True,1.0,0.0,0.0,1.0,1.0,1.0,0.0
69d7e005d26459f9,2021.10.05.07.38.12_veh-50_01085_01463,True,1.0,1.0,0.8080199364915774,1.0,1.0,1.0,0.9200083068714906
b0f383ef95565346,2021.06.08.17.36.50_veh-26_03873_04225,True,1.0,1.0,0.8285463541988847,1.0,1.0,1.0,0.928560980916202
ea573171fd53572a,2021.08.31.11.47.30_veh-40_00248_00376,True,1.0,1.0,1.0,1.0,1.0,1.0,1.0
d08743a41ea75acb,2021.07.24.22.52.16_veh-35_03236_04096,True,1.0,1.0,0.933338613543565,1.0,1.0,1.0,0.9722244223098188
aab26f52c2a153f1,2021.08.31.16.37.21_veh-40_00554_00733,True,1.0,1.0,0.8441733678912853,1.0,1.0,1.0,0.935072236621369
42d0ebfe280c51d8,2021.07.24.16.07.03_veh-35_01649_01813,True,1.0,1.0,1.0,1.0,1.0,1.0,1.0
bfe3c1a05659549c,2021.10.05.04.03.05_veh-50_01466_01790,True,1.0,1.0,0.6858881029744466,1.0,1.0,1.0,0.8691200429060194
3de80a41d5fe5a5c,2021.10.05.07.38.12_veh-50_01477_01565,True,1.0,1.0,0.9006469752292482,1.0,1.0,1.0,0.95860290634552
5139d7733dbb5823,2021.06.08.17.25.03_veh-35_03522_03716,True,1.0,1.0,0.9171616585099079,1.0,1.0,1.0,0.9654840243791284
6c11425a442754a9,2021.10.05.06.31.40_veh-52_00465_00713,True,1.0,1.0,0.7097080915684751,1.0,1.0,1.0,0.8790450381535312
327a90d1864f5641,2021.06.08.14.14.51_veh-35_00893_01188,True,1.0,1.0,1.0,1.0,1.0,1.0,1.0
52a53c5da4ec5439,2021.08.24.14.35.46_veh-45_00011_00162,True,1.0,1.0,1.0,1.0,1.0,0.5,1.0
783d09909af65060,2021.06.08.12.54.54_veh-26_02994_03970,True,1.0,1.0,1.0,1.0,1.0,1.0,1.0
f1b09c33b71057bc,2021.08.24.15.09.18_veh-45_00216_00862,True,1.0,1.0,0.881173141042161,1.0,1.0,1.0,0.9504888087675671
21412dd0c5f95d12,2021.09.14.18.43.41_veh-45_00965_01195,True,1.0,0.0,0.0,1.0,1.0,0.5,0.0
50053bb09d465c05,2021.10.05.07.10.04_veh-52_01442_01802,True,1.0,1.0,0.8040196888337895,1.0,1.0,1.0,0.918341537014079
d1198dd21c545ff5,2021.07.24.22.52.16_veh-35_03236_04096,True,1.0,1.0,1.0,1.0,1.0,1.0,1.0
e2af295ac6bc54a4,2021.06.07.18.53.26_veh-26_01208_01412,True,1.0,1.0,0.8559497668072638,1.0,1.0,1.0,0.9399790695030266
410fac99463459e6,2021.10.05.06.24.06_veh-50_00021_00383,True,1.0,1.0,1.0,1.0,1.0,1.0,1.0
26683d642cdf5054,2021.08.31.17.42.52_veh-40_01033_01313,True,1.0,1.0,1.0,1.0,1.0,1.0,1.0
4326e315f8905575,2021.10.05.04.03.05_veh-50_00648_00744,True,1.0,1.0,0.6536555239923356,1.0,1.0,1.0,0.8556898016634732
8664369108db5074,2021.06.08.12.00.19_veh-35_04422_04725,True,1.0,1.0,1.0,1.0,1.0,1.0,1.0
173150696655567d,2021.06.07.17.46.49_veh-35_04084_04828,True,1.0,1.0,0.8477836292786363,1.0,1.0,1.0,0.9365765121994318
b01817e54439569d,2021.10.05.07.49.39_veh-52_00934_01406,True,1.0,1.0,0.6861972052573097,1.0,1.0,1.0,0.8692488355238791
ec54c6c5ee575fee,2021.10.05.06.31.40_veh-52_01316_01565,True,1.0,1.0,0.6983865026777782,1.0,1.0,1.0,0.8743277094490742
e55ecf900bd05f47,2021.06.07.17.46.49_veh-35_04084_04828,True,1.0,1.0,0.8445627961492558,1.0,1.0,1.0,0.9352344983955233
d9b2dbf5bef257e0,2021.06.07.13.53.57_veh-35_02489_03145,True,1.0,1.0,0.8344698151602202,1.0,1.0,1.0,0.9310290896500918
75eb588f0c6856e9,2021.07.24.22.52.16_veh-35_03236_04096,True,1.0,1.0,0.844888287260512,1.0,1.0,1.0,0.9353701196918799
69fa3b4992425676,2021.10.05.04.38.41_veh-50_00014_00429,True,1.0,1.0,0.7975017667024946,1.0,1.0,1.0,0.9156257361260395
376e6ff7eccf5572,2021.06.08.16.31.33_veh-38_01589_02072,True,1.0,1.0,1.0,1.0,1.0,1.0,1.0
fa200afdc9df50ca,2021.06.07.17.46.49_veh-35_04084_04828,True,1.0,1.0,1.0,1.0,1.0,1.0,1.0
762e8a92778d5b8b,2021.10.05.08.11.15_veh-50_00970_01211,True,1.0,0.0,0.0,1.0,1.0,1.0,0.0
2d691535f7bb5d1a,2021.08.24.14.35.46_veh-45_01568_01663,True,1.0,1.0,0.9696957195402025,1.0,1.0,1.0,0.9873732164750844
c0671dca6d7e5c87,2021.10.05.07.10.04_veh-52_00418_00563,True,1.0,1.0,0.7256254843316872,1.0,1.0,1.0,0.885677285138203
243442bb80c35079,2021.06.08.17.36.50_veh-26_03873_04225,True,1.0,1.0,0.9276021228187149,1.0,1.0,1.0,0.9698342178411311
635b5ea1d13f5017,2021.06.08.12.54.54_veh-26_02994_03970,True,1.0,1.0,1.0,0.0,1.0,1.0,0.5833333333333334
177d18b6a36d5a2f,2021.10.05.08.11.15_veh-50_00970_01211,True,1.0,1.0,1.0,1.0,1.0,1.0,1.0
03024f18a373536c,2021.10.05.04.38.41_veh-50_00014_00429,True,1.0,1.0,1.0,1.0,1.0,1.0,1.0
61300f5b34a65e7c,2021.08.31.11.47.30_veh-40_01146_01347,True,1.0,1.0,0.84635927100808,1.0,1.0,1.0,0.9359830295867
ca70c4777b4e578d,2021.10.05.06.24.06_veh-50_01566_01672,True,1.0,1.0,0.7074472195836116,1.0,1.0,1.0,0.8781030081598381
c4d93843c02a56df,2021.10.05.07.38.12_veh-50_01085_01463,True,1.0,1.0,0.7545123271934728,1.0,1.0,1.0,0.8977134696639469
1d398d0a1dcb5992,2021.08.24.17.01.06_veh-45_00228_00689,True,1.0,0.0,0.0,1.0,1.0,1.0,0.0
ceb16c2c18d252f3,2021.08.31.14.01.15_veh-40_01576_01714,True,1.0,1.0,0.7596836067991959,1.0,1.0,1.0,0.899868169499665
570a967269335f31,2021.08.24.17.01.06_veh-45_00228_00689,True,1.0,1.0,0.9570808371394636,1.0,1.0,1.0,0.9821170154747764
5d5971cc468954e3,2021.08.31.14.01.15_veh-40_01576_01714,True,1.0,1.0,0.7709034683403989,1.0,1.0,1.0,0.9045431118084996
997185fb884c58cb,2021.10.05.04.38.41_veh-50_00576_00721,True,1.0,1.0,0.7871263589512537,1.0,1.0,1.0,0.9113026495630224
b6d6c440ce6b5ec1,2021.09.14.18.43.41_veh-45_00885_00952,True,1.0,1.0,0.8265566030423053,1.0,1.0,1.0,0.9277319179342939
2a2c7d3f8c775f43,2021.10.05.07.38.12_veh-50_01477_01565,True,1.0,1.0,0.8993519012453134,1.0,1.0,1.0,0.9580632921855473
a8c24efacdfc5440,2021.08.31.17.42.52_veh-40_01331_01444,True,1.0,1.0,0.8428884940330542,1.0,1.0,1.0,0.9345368725137725
ce94cbedb45559ba,2021.08.24.18.30.46_veh-08_02327_02583,True,1.0,1.0,0.8809552153394188,1.0,1.0,1.0,0.9503980063914245
c9d21e962f775d5c,2021.06.08.12.54.54_veh-26_02994_03970,True,1.0,1.0,0.8448514586661339,1.0,1.0,1.0,0.9353547744442224
2fe38f52136155dc,2021.10.05.07.10.04_veh-52_01442_01802,True,1.0,1.0,0.6133280852293566,1.0,1.0,1.0,0.8388867021788986
4b5e7071e6dc5b10,2021.10.05.04.03.05_veh-50_00058_00321,True,1.0,1.0,0.6651507499123465,1.0,1.0,1.0,0.8604794791301443
cc2a583247c05212,2021.08.31.14.40.58_veh-40_01268_01618,True,1.0,1.0,0.8656276694988506,1.0,1.0,1.0,0.9440115289578545
126cff95213256dd,2021.08.31.17.42.52_veh-40_01033_01313,True,1.0,1.0,0.8736317609801248,1.0,1.0,1.0,0.9473465670750519
ad06d63055625740,2021.09.14.18.43.41_veh-45_01245_01529,True,1.0,1.0,0.966751097924457,1.0,1.0,1.0,0.986146290801857
63dba72e8f495536,2021.06.07.19.43.00_veh-35_02298_02525,True,1.0,1.0,0.6029957125348362,1.0,1.0,1.0,0.834581546889515
07ddd211494e5080,2021.10.05.07.38.12_veh-50_01085_01463,True,1.0,1.0,0.7862268144726741,1.0,1.0,1.0,0.9109278393636142
c81512d93419558b,2021.06.08.14.35.24_veh-26_02555_03004,True,1.0,1.0,1.0,1.0,1.0,1.0,1.0
0a339cf8a4945c2e,2021.08.31.17.42.52_veh-40_01033_01313,True,1.0,1.0,0.9625506891599509,1.0,1.0,1.0,0.9843961204833128
393f663e1fa05ed9,2021.10.05.07.38.12_veh-50_01085_01463,True,1.0,1.0,0.8465699794786737,1.0,1.0,1.0,0.9360708247827807
24531603f9315046,2021.10.05.08.11.15_veh-50_00437_00585,True,1.0,1.0,0.7745257949653275,1.0,1.0,1.0,0.9060524145688865
d9c3d527fc9d52f1,2021.06.08.12.54.54_veh-26_00733_00983,True,1.0,1.0,1.0,1.0,1.0,1.0,1.0
3c67272121df5b60,2021.09.14.18.43.41_veh-45_00965_01195,True,1.0,1.0,0.7237073027003157,1.0,1.0,1.0,0.8848780427917982
70b907a7b43c5055,2021.07.24.22.52.16_veh-35_03236_04096,True,1.0,1.0,0.9029689097793006,1.0,1.0,1.0,0.9595703790747084
a9f75bf37b765c1c,2021.10.05.07.10.04_veh-52_01442_01802,True,1.0,1.0,1.0,1.0,1.0,1.0,1.0
d56f1bd2c57d5d53,2021.06.07.19.43.00_veh-35_01782_01986,True,1.0,0.0,0.0,1.0,1.0,1.0,0.0
3bca1e3649f95fef,2021.06.07.17.46.49_veh-35_02607_03120,True,1.0,1.0,1.0,1.0,1.0,1.0,1.0
08483deb309e5072,2021.08.24.18.30.46_veh-08_02327_02583,True,1.0,1.0,0.8649120180629843,1.0,1.0,1.0,0.9437133408595768
a36d7d6f401756f9,2021.08.24.17.34.27_veh-45_01478_01553,True,1.0,0.0,0.0,1.0,1.0,1.0,0.0
be953b8946605cca,2021.10.05.08.11.15_veh-50_00710_00903,True,1.0,1.0,0.6294769900189394,1.0,1.0,1.0,0.8456154125078914
fa743eef744f5796,2021.10.05.06.24.06_veh-50_00431_00527,True,1.0,1.0,0.585459177555465,1.0,1.0,1.0,0.827274657314777
48e68c9f31715b26,2021.10.05.07.10.04_veh-52_01442_01802,True,1.0,1.0,0.5478289714198578,1.0,1.0,0.0,0.8115954047582741
6004a9437ebd5d7a,2021.10.05.07.38.12_veh-50_01085_01463,True,1.0,1.0,0.7501821598676787,1.0,1.0,1.0,0.8959092332781995
f099d8ed9bcf5224,2021.06.08.17.25.03_veh-35_03522_03716,True,1.0,1.0,0.8647576306449929,1.0,1.0,1.0,0.943649012768747
3a77b3e1683153ea,2021.10.05.07.10.04_veh-52_00689_01322,True,1.0,1.0,0.801111695005752,1.0,1.0,1.0,0.9171298729190633
d40004df9387577f,2021.10.05.07.38.12_veh-50_01085_01463,True,1.0,0.0,0.0,1.0,1.0,1.0,0.0
f9f1c28093225243,2021.08.09.17.55.59_veh-28_00320_00544,True,1.0,1.0,0.7947937105738315,1.0,1.0,1.0,0.9144973794057631
590d80176e7658e3,2021.10.05.06.57.40_veh-50_00665_00857,True,1.0,1.0,0.8338285559968425,1.0,1.0,1.0,0.9307618983320177
8bc126f47cd85573,2021.10.05.06.31.40_veh-52_01598_02013,True,1.0,1.0,0.7511634755984102,1.0,1.0,1.0,0.896318114832671
923581e0129a5b08,2021.08.31.12.54.56_veh-40_00305_00667,True,1.0,1.0,0.8221241405815786,0.0,1.0,1.0,0.5092183919089911
6bfdc0c9c0ed5f5a,2021.10.05.07.38.12_veh-50_00898_01058,True,1.0,1.0,0.6621758257785443,1.0,1.0,1.0,0.8592399274077268
4f9447e027b55b6f,2021.06.08.16.31.33_veh-38_01589_02072,True,1.0,1.0,0.8228068849249277,1.0,1.0,0.5,0.9261695353853865
dbaafb995f6a530e,2021.10.05.07.49.39_veh-52_00934_01406,True,1.0,1.0,1.0,1.0,1.0,1.0,1.0
3540cd6d18ab5857,2021.08.31.14.40.58_veh-40_00125_00269,True,1.0,1.0,0.8808661557559498,1.0,1.0,1.0,0.9503608982316457
e1d845f0d8ae59ae,2021.10.05.06.57.40_veh-50_01493_01624,True,1.0,1.0,0.6868101526866414,1.0,1.0,1.0,0.8695042302861006
a199dd34f4cb5e25,2021.10.05.08.11.15_veh-50_01566_01801,True,1.0,0.0,0.0,1.0,1.0,1.0,0.0
d598b1322a9f55e4,2021.07.24.20.37.45_veh-17_00015_00375,True,1.0,1.0,0.9506161871914793,1.0,1.0,1.0,0.979423411329783
14ce88e733105f36,2021.08.31.17.42.52_veh-40_01033_01313,True,1.0,1.0,1.0,1.0,1.0,1.0,1.0
e0ab4835126753d1,2021.09.14.18.43.41_veh-45_00965_01195,True,1.0,1.0,0.9572253946068153,1.0,1.0,0.5,0.9821772477528397
5a0f8eee2830560c,2021.08.24.20.03.01_veh-45_00463_00588,True,1.0,1.0,0.6095000110596366,1.0,1.0,1.0,0.8372916712748486
89713a5161da5e08,2021.10.05.07.10.04_veh-52_00252_00406,True,1.0,1.0,0.7955600075451802,1.0,1.0,1.0,0.9148166698104917
9ccbf12c98425da2,2021.08.24.17.37.11_veh-08_02359_02623,True,1.0,1.0,1.0,1.0,1.0,1.0,1.0
142459475ae45ba7,2021.07.24.23.50.16_veh-17_01696_02071,True,1.0,1.0,0.7111267743972651,1.0,1.0,1.0,0.8796361559988605
8a49b6f24ed6592f,2021.08.24.18.07.48_veh-45_00873_01142,True,1.0,1.0,0.9430445583789137,1.0,1.0,1.0,0.976268565991214
91c204051b2f5a6a,2021.08.24.15.09.18_veh-45_00216_00862,True,1.0,1.0,0.821712070283102,1.0,1.0,1.0,0.9257133626179591
f04fe15ddd045f98,2021.08.31.16.37.21_veh-40_01405_01642,True,1.0,1.0,0.9196813331999182,1.0,1.0,1.0,0.9665338888332992
dfd54c6346ea5e9f,2021.10.05.07.10.04_veh-52_00689_01322,True,1.0,1.0,0.7806855412222674,1.0,1.0,1.0,0.9086189755092781
11c439298d045d57,2021.10.05.07.10.04_veh-52_00596_00663,True,1.0,0.0,0.0,1.0,1.0,0.5,0.0
75a0fc19f1cf530e,2021.06.07.17.46.49_veh-35_02607_03120,True,1.0,1.0,0.8228911666772529,1.0,1.0,1.0,0.9262046527821887
a5562665d67d574c,2021.10.05.04.38.41_veh-50_00014_00429,True,1.0,1.0,0.5180727619107993,1.0,1.0,1.0,0.7991969841294998
a4d769971b565c82,2021.08.24.15.09.18_veh-45_00216_00862,True,1.0,1.0,1.0,1.0,1.0,1.0,1.0
782685e5a1cb5078,2021.10.05.07.49.39_veh-52_00934_01406,True,1.0,1.0,0.7743203714572416,1.0,1.0,1.0,0.9059668214405173
f2511e063a375b45,2021.08.24.15.09.18_veh-45_00216_00862,True,1.0,1.0,0.9176654581985121,1.0,1.0,1.0,0.9656939409160467
58e6a39f332d5c53,2021.08.24.18.07.48_veh-45_00873_01142,True,1.0,1.0,0.9270990969267209,1.0,1.0,1.0,0.9696246237194671
19297df5ddd95465,2021.10.05.07.10.04_veh-52_00252_00406,True,1.0,1.0,0.8309649689791324,1.0,1.0,1.0,0.9295687370746385
31fd1f827c305d81,2021.06.08.12.54.54_veh-26_02994_03970,True,1.0,1.0,1.0,1.0,1.0,1.0,1.0
d3aaeb961e005350,2021.09.14.18.43.41_veh-45_00885_00952,True,1.0,1.0,0.7979111642115512,1.0,1.0,1.0,0.9157963184214797
5c0e94a5c1565ff6,2021.10.05.07.49.39_veh-52_00934_01406,True,1.0,1.0,0.7285305270445744,1.0,1.0,1.0,0.8868877196019059
7663c290e9d3577f,2021.08.24.15.09.18_veh-45_00216_00862,True,1.0,1.0,1.0,1.0,1.0,1.0,1.0
7966ea471a745f60,2021.10.05.07.10.04_veh-52_00689_01322,True,1.0,1.0,0.7664536670513228,1.0,1.0,1.0,0.9026890279380512
29193de68e855e7f,2021.10.05.07.10.04_veh-52_00689_01322,True,1.0,1.0,0.8669477720771592,1.0,1.0,1.0,0.9445615716988164
44971479dacf5c26,2021.06.07.13.53.57_veh-35_02489_03145,True,1.0,1.0,1.0,1.0,1.0,1.0,1.0
ad27de6bad785d99,2021.10.05.04.38.41_veh-50_00014_00429,True,1.0,1.0,0.7070304809504407,1.0,1.0,1.0,0.8779293670626837
a9dff706b9395e06,2021.10.05.07.10.04_veh-52_00689_01322,True,1.0,1.0,0.8285009851644951,1.0,1.0,1.0,0.928542077151873
a7537fdfa152595d,2021.10.05.08.11.15_veh-50_00163_00321,True,1.0,1.0,0.7580221023376689,1.0,1.0,1.0,0.8991758759740286
9504caaa4fe85567,2021.10.05.07.49.39_veh-52_00934_01406,True,1.0,1.0,0.9921509270036828,1.0,1.0,1.0,0.9967295529182012
add8309210135bb3,2021.06.07.17.46.49_veh-35_04839_05184,True,1.0,1.0,1.0,1.0,1.0,1.0,1.0
ef1a6451dc3d5d54,2021.06.08.14.35.24_veh-26_02555_03004,True,1.0,1.0,0.9290945504116748,1.0,1.0,1.0,0.9704560626715312
77666136143257a5,2021.10.05.06.57.40_veh-50_00665_00857,True,1.0,1.0,0.7703381441629747,1.0,1.0,1.0,0.9043075600679061
03db6037fdc15553,2021.10.05.07.49.39_veh-52_00934_01406,True,1.0,1.0,0.6747328922035218,1.0,1.0,1.0,0.8644720384181341
1f192e43916754f3,2021.08.31.11.47.30_veh-40_00393_00847,True,1.0,1.0,0.7332624652503251,1.0,1.0,1.0,0.8888593605209688
3f5906e405975401,2021.06.08.17.36.50_veh-26_03873_04225,True,1.0,1.0,1.0,1.0,1.0,1.0,1.0
fcb49955755c5643,2021.10.05.06.31.40_veh-52_01598_02013,True,1.0,1.0,0.7713110577407312,1.0,1.0,1.0,0.9047129407253047
10ab0437e2335e5f,2021.08.31.12.54.56_veh-40_00305_00667,True,1.0,1.0,1.0,1.0,1.0,1.0,1.0
684ee5399e1c599b,2021.08.31.18.15.54_veh-40_00579_00980,True,1.0,1.0,1.0,1.0,1.0,1.0,1.0
13aa063cb0ac5344,2021.08.09.17.55.59_veh-28_00691_00876,True,1.0,1.0,1.0,1.0,1.0,1.0,1.0
7cf3f478246b5da6,2021.10.05.08.11.15_veh-50_00437_00585,True,1.0,1.0,0.6215114699724725,1.0,1.0,1.0,0.8422964458218636
5637be8d44bd5bd7,2021.10.05.06.57.40_veh-50_00665_00857,True,1.0,1.0,0.7024928833107796,1.0,1.0,1.0,0.8760387013794916
2d65a078c6c853d8,2021.10.05.06.57.40_veh-50_00665_00857,True,1.0,1.0,0.8169701710798132,1.0,1.0,1.0,0.9237375712832554
04a38d645dcf50dc,2021.10.05.06.57.40_veh-50_00665_00857,True,1.0,1.0,0.7390050114614668,1.0,1.0,1.0,0.8912520881089444
21e596857bc35237,2021.07.24.22.52.16_veh-35_03236_04096,True,1.0,1.0,0.7262128691107935,1.0,1.0,1.0,0.885922028796164
7df2c62221af5666,2021.10.05.04.03.05_veh-50_01466_01790,True,1.0,1.0,1.0,1.0,1.0,1.0,1.0
26b1a287d3ee5c58,2021.08.24.18.07.48_veh-45_01504_01722,True,1.0,1.0,1.0,1.0,1.0,1.0,1.0
0e5b4a0b2bde5d2f,2021.10.05.07.38.12_veh-50_01085_01463,True,1.0,0.0,0.0,1.0,1.0,1.0,0.0
ee44c67008cc56ce,2021.10.05.08.11.15_veh-50_00163_00321,True,1.0,1.0,0.7642292893405667,1.0,1.0,1.0,0.9017622038919028
fd1f0f656dbe5b8e,2021.10.05.06.31.40_veh-52_00734_01305,True,1.0,1.0,1.0,1.0,1.0,1.0,1.0
363a0d5629945fe2,2021.08.24.18.30.46_veh-08_02327_02583,True,1.0,1.0,0.8535094592383929,1.0,1.0,1.0,0.9389622746826637
625e743792325941,2021.08.24.19.30.33_veh-45_01391_01523,True,1.0,1.0,1.0,1.0,1.0,1.0,1.0
fd23b08914635213,2021.10.05.06.31.40_veh-52_01598_02013,True,1.0,1.0,0.7567003411667613,1.0,1.0,1.0,0.8986251421528172
f2ed06ab753f5797,2021.06.07.13.53.57_veh-35_02489_03145,True,1.0,1.0,1.0,1.0,1.0,1.0,1.0
886433702a2e5cf4,2021.10.05.07.10.04_veh-52_00689_01322,True,1.0,1.0,0.7174088478563353,1.0,1.0,1.0,0.8822536866068064
d27e9372971d5fcf,2021.06.07.19.29.59_veh-38_01025_01274,True,1.0,1.0,1.0,1.0,1.0,1.0,1.0
23918f82a81b57bb,2021.09.14.16.46.51_veh-45_02322_02510,True,1.0,1.0,0.6178579617073892,1.0,1.0,1.0,0.8407741507114123
044fa8b8af8d5903,2021.08.31.16.37.21_veh-40_01405_01642,True,1.0,1.0,0.6963589413663874,1.0,1.0,1.0,0.8734828922359948
26d4e1afc49f5e8b,2021.06.08.12.54.54_veh-26_02323_02479,True,1.0,1.0,1.0,1.0,1.0,1.0,1.0
b82503f002da5dc9,2021.06.07.17.46.49_veh-35_02607_03120,True,1.0,1.0,1.0,1.0,1.0,1.0,1.0
938e31bfeff150ec,2021.09.14.18.43.41_veh-45_00965_01195,True,1.0,1.0,0.9606740606110309,1.0,1.0,1.0,0.9836141919212628
afc7f0bb67925332,2021.10.05.06.24.06_veh-50_00021_00383,True,1.0,1.0,0.48837344406928856,1.0,1.0,1.0,0.7868222683622035
fca06f5c741c5eb6,2021.10.05.04.03.05_veh-50_01003_01426,True,1.0,1.0,0.4821705314089447,1.0,1.0,1.0,0.7842377214203937
a3775099ec0b5545,2021.10.05.06.24.06_veh-50_01311_01409,True,1.0,1.0,1.0,1.0,1.0,1.0,1.0
2ad9ffaaca95581f,2021.08.31.11.47.30_veh-40_01362_01737,True,1.0,1.0,0.7208839405644537,1.0,1.0,1.0,0.8837016419018556
ace35de46e4e59b7,2021.08.31.18.15.54_veh-40_00579_00980,True,1.0,1.0,0.792651467354115,1.0,1.0,1.0,0.9136047780642146
3cf09b26adb75a3a,2021.06.07.13.53.57_veh-35_01772_02032,True,1.0,1.0,0.9575731942452583,0.0,1.0,1.0,0.5656554976021909
24e5a3d6c87e5863,2021.06.07.19.43.00_veh-35_02298_02525,True,1.0,1.0,0.7153850290210519,1.0,1.0,1.0,0.8814104287587717
adfe782c830952e6,2021.07.24.16.48.51_veh-17_00016_00166,True,1.0,1.0,1.0,1.0,1.0,1.0,1.0
fad3b25206405469,2021.10.05.07.10.04_veh-52_00689_01322,True,1.0,1.0,0.8653745709641709,1.0,1.0,1.0,0.9439060712350713
e3b93ebec6c15950,2021.08.31.18.15.54_veh-40_00579_00980,True,0.0,1.0,0.0,0.0,1.0,1.0,0.0
c8142d68e89c5602,2021.10.05.04.03.05_veh-50_00365_00493,True,1.0,1.0,0.5476069728015971,1.0,1.0,1.0,0.8115029053339988
97070ed0c4f25e55,2021.10.05.06.57.40_veh-50_00025_00261,True,1.0,1.0,1.0,1.0,1.0,1.0,1.0
352ab8c9f7945a79,2021.10.05.06.31.40_veh-52_00734_01305,True,1.0,0.0,0.0,1.0,1.0,1.0,0.0
6ab7c51e8fc358d9,2021.06.08.14.35.24_veh-26_01989_02235,True,1.0,1.0,0.9168328396319884,1.0,1.0,1.0,0.9653470165133285
c9e11eac8d3b5b20,2021.06.08.17.25.03_veh-35_03522_03716,True,1.0,1.0,1.0,1.0,1.0,1.0,1.0
68fae416c55e51ec,2021.08.24.15.09.18_veh-45_00216_00862,True,1.0,1.0,0.8327136933289575,1.0,1.0,1.0,0.9302973722203989
ada4bd96b21350f3,2021.06.08.14.35.24_veh-26_02555_03004,True,1.0,1.0,1.0,1.0,1.0,1.0,1.0
dfaf7f0318b25029,2021.08.24.20.03.01_veh-45_00171_00238,True,1.0,1.0,1.0,1.0,1.0,0.5,1.0
2383b702d816580c,2021.06.08.14.14.51_veh-35_00893_01188,True,1.0,1.0,1.0,1.0,1.0,1.0,1.0
a98ae7114d51555f,2021.10.05.07.10.04_veh-52_01442_01802,True,1.0,1.0,0.6857334650451523,1.0,1.0,0.0,0.8690556104354802
d7b7bf4bee1a566b,2021.09.14.16.46.51_veh-45_00149_00900,True,1.0,1.0,0.8090632107114116,1.0,1.0,1.0,0.9204430044630882
61e741cf72e35dc6,2021.07.24.22.52.16_veh-35_03236_04096,True,1.0,1.0,0.8698958684409984,1.0,1.0,0.0,0.9457899451837494
a9333edd47f25ba7,2021.08.31.12.54.56_veh-40_00305_00667,True,1.0,1.0,0.8521737537788543,1.0,1.0,1.0,0.9384057307411893
59680cd2d2d55252,2021.08.31.11.47.30_veh-40_00393_00847,True,1.0,1.0,1.0,1.0,1.0,1.0,1.0
2109265abe425ec9,2021.10.05.08.11.15_veh-50_00163_00321,True,1.0,1.0,0.7530597200133821,1.0,1.0,1.0,0.8971082166722425
1d90666831825ecb,2021.08.31.11.47.30_veh-40_00393_00847,True,1.0,1.0,1.0,1.0,1.0,1.0,1.0
6ed309c0285c514d,2021.08.31.14.01.15_veh-40_00692_00977,True,1.0,1.0,0.7198737007833472,1.0,1.0,1.0,0.883280708659728
b3eba680ed925ff0,2021.10.05.08.11.15_veh-50_00163_00321,True,1.0,1.0,0.7195001848152919,1.0,1.0,1.0,0.8831250770063717
2f5c186cb3f951f3,2021.08.31.18.15.54_veh-40_01143_01496,True,1.0,1.0,0.6808534582592441,1.0,1.0,1.0,0.8670222742746851
78e325e7b2e05ea1,2021.06.08.18.18.30_veh-38_05578_05988,True,1.0,1.0,0.7202852155991141,1.0,1.0,1.0,0.8834521731662975
0f57bec6ecc95f91,2021.10.05.07.38.12_veh-50_01477_01565,True,1.0,1.0,0.8516824984985565,1.0,1.0,1.0,0.9382010410410652
5c62daecead15772,2021.08.31.14.01.15_veh-40_01576_01714,True,1.0,1.0,0.9384682381498365,1.0,1.0,1.0,0.9743617658957652
4c18120606d25974,2021.10.05.06.31.40_veh-52_01598_02013,True,1.0,1.0,0.597612389491701,1.0,1.0,1.0,0.832338495621542
84ef65c059ee52a9,2021.10.05.06.57.40_veh-50_00940_01105,True,1.0,1.0,0.683959692782984,1.0,1.0,1.0,0.8683165386595766
789e232068ba52fa,2021.08.31.12.21.30_veh-40_00661_00762,True,1.0,1.0,1.0,1.0,1.0,1.0,1.0
23864433956d54af,2021.06.08.18.18.30_veh-38_05578_05988,True,1.0,1.0,0.5985895081379851,1.0,1.0,1.0,0.8327456283908271
872380f71a9f5c73,2021.08.31.14.01.15_veh-40_01576_01714,True,1.0,1.0,1.0,1.0,1.0,1.0,1.0
c7d20bed29e95a90,2021.10.05.07.49.39_veh-52_00770_00905,True,1.0,1.0,1.0,1.0,1.0,1.0,1.0
ad50d798cf59571f,2021.10.05.07.10.04_veh-52_01442_01802,True,1.0,1.0,0.5479262463185999,1.0,1.0,1.0,0.8116359359660832
a4a766b344875757,2021.10.05.07.10.04_veh-52_00252_00406,True,1.0,1.0,0.7241801888118592,1.0,1.0,1.0,0.885075078671608
77d5531dc41d5c8b,2021.06.08.14.14.51_veh-35_00893_01188,True,1.0,1.0,1.0,0.0,1.0,1.0,0.5833333333333334
596d777da0925d8a,2021.10.05.04.03.05_veh-50_01003_01426,True,1.0,0.0,0.0,1.0,1.0,1.0,0.0
d3499663de5c59b3,2021.09.14.20.42.30_veh-45_00805_01078,True,1.0,1.0,0.922503425107062,1.0,1.0,1.0,0.9677097604612758
eb1e478c881d5da3,2021.08.31.13.27.52_veh-40_00869_01319,True,1.0,1.0,0.7822730094686212,1.0,1.0,1.0,0.9092804206119256
9a7d04c64d1f5a77,2021.08.24.14.35.46_veh-45_00549_00693,True,1.0,1.0,0.9269494539328249,1.0,1.0,1.0,0.9695622724720104
08420e71635550ac,2021.06.07.19.29.59_veh-38_00474_00922,True,1.0,1.0,0.7534052593731514,1.0,1.0,1.0,0.8972521914054797
993e21a30ca559ff,2021.10.05.06.31.40_veh-52_01316_01565,True,1.0,1.0,0.59832530745901,1.0,1.0,1.0,0.8326355447745876
51d4a8a8ffb85133,2021.09.14.16.46.51_veh-45_02322_02510,True,1.0,1.0,1.0,1.0,1.0,1.0,1.0
53adc99c616d5b83,2021.06.08.12.00.19_veh-35_01722_02119,True,1.0,1.0,0.8423277330878124,0.0,1.0,1.0,0.5176365554532552
ee7a802e5d34585d,2021.10.05.07.49.39_veh-52_00934_01406,True,1.0,1.0,0.782597133084412,1.0,1.0,1.0,0.9094154721185049
6308410a7cef5bfb,2021.06.08.12.00.19_veh-35_02135_02369,True,1.0,1.0,1.0,1.0,1.0,1.0,1.0
9e80d268826757c5,2021.06.08.14.14.51_veh-35_00893_01188,True,1.0,1.0,0.9603004338869157,1.0,1.0,1.0,0.9834585141195481
83bb2e00de6956e6,2021.08.09.17.55.59_veh-28_00320_00544,True,1.0,1.0,0.9185436277616202,1.0,1.0,1.0,0.9660598449006752
3d3b17caebe25f80,2021.08.09.17.55.59_veh-28_00320_00544,True,1.0,1.0,0.7978151860852928,1.0,1.0,1.0,0.9157563275355387
377b974a6905533e,2021.10.05.04.38.41_veh-50_00753_00956,True,1.0,1.0,0.7627163159342575,1.0,1.0,1.0,0.9011317983059407
6eb85083d1c95494,2021.08.31.12.21.30_veh-40_00056_00155,True,1.0,0.0,0.0,1.0,1.0,1.0,0.0
0fc1c792f12157d0,2021.10.05.07.10.04_veh-52_00689_01322,True,1.0,1.0,0.630691237887615,1.0,1.0,1.0,0.8461213491198395
e72e7211e40c5b1b,2021.08.09.18.37.41_veh-28_00053_00548,True,1.0,1.0,0.8895258604923696,1.0,1.0,1.0,0.9539691085384874
3de82268b34e5310,2021.07.24.23.50.16_veh-17_01696_02071,True,1.0,1.0,1.0,1.0,1.0,1.0,1.0
b07390a222305aad,2021.10.05.04.03.05_veh-50_01466_01790,True,1.0,1.0,1.0,1.0,1.0,0.5,1.0
5a1543a3893f51b8,2021.06.07.17.46.49_veh-35_02607_03120,True,1.0,1.0,0.8977208374468695,1.0,1.0,1.0,0.957383682269529
f097e5e720ff5a7f,2021.08.24.18.07.48_veh-45_01504_01722,True,1.0,1.0,0.826951428348006,1.0,1.0,1.0,0.9278964284783359
9242a16049085855,2021.10.05.06.24.06_veh-50_00717_01300,True,1.0,1.0,0.8208387730716411,1.0,1.0,1.0,0.9253494887798505
dba24b57245b5137,2021.08.24.20.03.01_veh-45_00463_00588,True,1.0,1.0,0.7857394704077344,1.0,1.0,0.0,0.9107247793365559
e71d4ca6ec425cb7,2021.06.08.14.36.49_veh-38_00312_00694,True,1.0,1.0,0.7626913077621897,1.0,1.0,1.0,0.9011213782342457
a17344259513584e,2021.10.05.06.31.40_veh-52_01316_01565,True,1.0,1.0,0.7364640018806046,1.0,1.0,1.0,0.8901933341169186
c46c3d5a0c5b521f,2021.08.24.17.34.27_veh-45_01478_01553,True,1.0,1.0,1.0,1.0,1.0,1.0,1.0
1b6f7936b9bb5e19,2021.08.31.16.37.21_veh-40_00798_00955,True,1.0,1.0,0.8213220936935577,1.0,1.0,1.0,0.9255508723723157
a0f17c458d3f598d,2021.10.05.06.24.06_veh-50_01311_01409,True,1.0,1.0,0.6586834863601213,1.0,1.0,1.0,0.8577847859833838
f457d7a93ed55606,2021.09.14.18.43.41_veh-45_00965_01195,True,1.0,1.0,1.0,1.0,1.0,1.0,1.0
cb85c2c58c385933,2021.10.05.08.11.15_veh-50_01222_01462,True,1.0,1.0,0.686816492760562,1.0,1.0,1.0,0.8695068719835675
0e3ec6ec067d525d,2021.06.07.17.46.49_veh-35_02607_03120,True,1.0,1.0,0.9095303325993188,1.0,1.0,1.0,0.9623043052497161
9d110f0ce7ff5618,2021.10.05.06.24.06_veh-50_01311_01409,True,1.0,1.0,0.8425221420461578,1.0,1.0,1.0,0.9343842258525658
15d8d1a0e0b8517f,2021.10.05.04.03.05_veh-50_01466_01790,True,1.0,1.0,1.0,1.0,1.0,1.0,1.0
2e105a7619eb5d8f,2021.06.08.12.00.19_veh-35_05235_05578,True,1.0,1.0,0.9305474328100135,1.0,1.0,1.0,0.9710614303375057
bb1d6402706250fd,2021.06.07.13.53.57_veh-35_02489_03145,True,1.0,1.0,1.0,1.0,1.0,1.0,1.0
3527b47fceb752fd,2021.06.08.12.00.19_veh-35_05235_05578,True,1.0,1.0,0.88365336290572,1.0,1.0,1.0,0.95152223454405
a8b2b1145c4e5d7f,2021.06.08.14.14.51_veh-35_01508_01763,True,1.0,1.0,0.8437894993672043,1.0,1.0,1.0,0.9349122914030018
8bc34517e08758ff,2021.10.05.07.10.04_veh-52_01442_01802,True,1.0,1.0,0.6256554530995313,1.0,1.0,1.0,0.8440231054581381
be3a1ee560c353d3,2021.10.05.08.11.15_veh-50_00163_00321,True,1.0,1.0,0.83324448762388,1.0,1.0,1.0,0.93051853650995
2722bfd70f20556c,2021.08.31.14.40.58_veh-40_00467_00668,True,1.0,1.0,1.0,1.0,1.0,1.0,1.0
d4d22fb9003c5a2d,2021.06.08.14.14.51_veh-35_01508_01763,True,1.0,1.0,1.0,1.0,1.0,1.0,1.0
1ecf5228549358e1,2021.06.07.17.46.49_veh-35_02607_03120,True,1.0,1.0,0.9044162102688105,1.0,1.0,1.0,0.9601734209453378
b154b241752f58c8,2021.08.24.18.07.48_veh-45_00203_00300,True,1.0,1.0,1.0,1.0,1.0,1.0,1.0
c16897b134dc5c30,2021.08.09.17.55.59_veh-28_00691_00876,True,1.0,1.0,0.9860250346886802,1.0,1.0,1.0,0.9941770977869501
1657554fc5445eb6,2021.06.08.12.00.19_veh-35_05235_05578,True,1.0,1.0,0.6667782486585221,1.0,1.0,1.0,0.8611576036077175
7689f1515e1a5309,2021.08.31.16.37.21_veh-40_00429_00541,True,0.0,1.0,0.0,0.0,1.0,1.0,0.0
885becb4c9bf5f42,2021.10.05.08.11.15_veh-50_00970_01211,True,1.0,1.0,0.8375999149819542,1.0,1.0,1.0,0.9323332979091475
f30d57eef4465a97,2021.10.05.07.10.04_veh-52_00689_01322,True,1.0,1.0,0.7738803885514763,1.0,1.0,1.0,0.9057834952297817
de31770cc22857d4,2021.08.24.17.01.06_veh-45_00228_00689,True,1.0,1.0,0.8566491310107728,0.0,1.0,1.0,0.523603804587822
1806b298ab5d5fe0,2021.07.24.23.50.16_veh-17_01696_02071,True,1.0,1.0,0.8066647622046235,1.0,1.0,1.0,0.919443650918593
015173513fc25684,2021.10.05.08.11.15_veh-50_00437_00585,True,1.0,1.0,0.7388456972801245,1.0,1.0,1.0,0.8911857072000519
9e371752c2975207,2021.06.08.12.54.54_veh-26_00733_00983,True,1.0,1.0,0.46653941382244907,1.0,1.0,1.0,0.7777247557593538
097c0f17c76259f0,2021.09.14.18.43.41_veh-45_02503_03013,True,1.0,1.0,0.8369084646041812,1.0,1.0,1.0,0.9320451935850755
b475f23c5c0d5d11,2021.08.31.12.21.30_veh-40_00248_00367,True,1.0,1.0,1.0,0.0,1.0,1.0,0.5833333333333334
21c35cdef548546a,2021.10.05.07.10.04_veh-52_01442_01802,True,1.0,1.0,0.667551415525692,1.0,1.0,1.0,0.8614797564690383
4ada1b823c6b5701,2021.10.05.04.03.05_veh-50_01466_01790,True,1.0,1.0,0.9695099082663293,1.0,1.0,1.0,0.9872957951109705
9f9228987c2652dd,2021.10.05.06.24.06_veh-50_00021_00383,True,1.0,1.0,0.5873461665870884,1.0,1.0,1.0,0.8280609027446202
8a9a5ab59dcd51d7,2021.08.31.14.01.15_veh-40_01576_01714,True,1.0,1.0,0.9396938052851691,1.0,1.0,1.0,0.9748724188688205
73932f5fd9d35372,2021.10.05.07.10.04_veh-52_01442_01802,True,1.0,1.0,0.8916698745977896,1.0,1.0,1.0,0.954862447749079
72e180d4d8105ae7,2021.08.31.16.37.21_veh-40_00798_00955,True,1.0,1.0,1.0,1.0,1.0,1.0,1.0
c4b39f732e8d5545,2021.06.07.17.46.49_veh-35_04839_05184,True,1.0,1.0,1.0,1.0,1.0,1.0,1.0
7793c1b1c89d53bf,2021.08.24.17.37.11_veh-08_02359_02623,True,1.0,1.0,0.8361708795216363,1.0,1.0,1.0,0.9317378664673485
ac3e9bd6d66359f8,2021.06.08.12.00.19_veh-35_03451_03644,True,1.0,1.0,0.8323843098579075,1.0,1.0,1.0,0.9301601291074615
1cb43da268ad593f,2021.10.05.06.31.40_veh-52_00005_00342,True,1.0,0.0,0.0,1.0,1.0,0.5,0.0
12272a297b415343,2021.10.05.07.38.12_veh-50_01085_01463,True,1.0,1.0,0.750196406480674,1.0,1.0,1.0,0.8959151693669475
d092a6c8f4825e18,2021.08.31.14.40.58_veh-40_00285_00456,True,1.0,1.0,1.0,1.0,1.0,1.0,1.0
f7d672ad5579566e,2021.08.31.18.15.54_veh-40_00579_00980,True,1.0,1.0,0.8977259070947512,1.0,1.0,1.0,0.9573857946228129
1120e76a6a5a5e91,2021.08.31.13.27.52_veh-40_00688_00750,True,1.0,1.0,1.0,1.0,1.0,1.0,1.0
8e2fd252b25b5d76,2021.08.31.13.27.52_veh-40_00186_00414,True,1.0,1.0,1.0,1.0,1.0,1.0,1.0
ac0d4854cfc2500b,2021.10.05.04.03.05_veh-50_01466_01790,True,1.0,1.0,0.9145504795528456,1.0,1.0,1.0,0.964396033147019
e3bdfd18dc085450,2021.08.31.11.47.30_veh-40_00393_00847,True,1.0,1.0,1.0,1.0,1.0,1.0,1.0
11d0fddaaa0e53a3,2021.10.05.06.24.06_veh-50_00431_00527,True,1.0,1.0,0.7519550348962785,1.0,1.0,1.0,0.8966479312067827
0c07703cdc5c538f,2021.10.05.07.38.12_veh-50_01085_01463,True,1.0,0.0,0.0,1.0,1.0,1.0,0.0
2145d1475ea95029,2021.10.05.04.03.05_veh-50_01003_01426,True,1.0,1.0,0.7284360724751218,1.0,1.0,1.0,0.8868483635313007
ce5c18417a3f5725,2021.10.05.06.57.40_veh-50_00665_00857,True,1.0,0.0,0.0,1.0,1.0,1.0,0.0
3146eb6b02075890,2021.08.31.11.47.30_veh-40_01362_01737,True,1.0,1.0,0.7098556383722738,1.0,1.0,1.0,0.8791065159884474
fc688912b8a859b0,2021.08.31.14.40.58_veh-40_00679_00892,True,1.0,1.0,0.8701529077310076,1.0,1.0,1.0,0.9458970448879199
80ae25adcd1c5975,2021.06.08.12.00.19_veh-35_04422_04725,True,1.0,1.0,0.8638836051187073,1.0,1.0,1.0,0.9432848354661281
fd32f64dd086586c,2021.08.31.14.40.58_veh-40_01268_01618,True,1.0,1.0,0.7394596982499132,1.0,1.0,1.0,0.8914415409374638
42c09d5152cd52c2,2021.10.05.06.31.40_veh-52_01316_01565,True,1.0,1.0,0.7729287083233108,1.0,1.0,1.0,0.9053869618013796
aba36a1434e0524b,2021.10.05.06.57.40_veh-50_01493_01624,True,1.0,1.0,0.7821783147935225,1.0,1.0,1.0,0.9092409644973011
4dbdb4689de9562f,2021.08.31.18.15.54_veh-40_01143_01496,True,1.0,1.0,0.8333288064970995,1.0,1.0,1.0,0.9305536693737914
d6491a1d9f2c530c,2021.10.05.04.03.05_veh-50_01003_01426,True,1.0,1.0,1.0,1.0,1.0,1.0,1.0
ca31b7933f8256e2,2021.08.31.14.01.15_veh-40_01576_01714,True,1.0,1.0,0.7397245338881404,1.0,1.0,1.0,0.8915518891200586
19068c380ce551b8,2021.10.05.07.38.12_veh-50_00245_00433,True,1.0,1.0,0.7785815210562905,1.0,1.0,1.0,0.907742300440121
519b58b5679c5c28,2021.08.24.18.30.46_veh-08_01674_01850,True,1.0,1.0,0.7857898363868852,1.0,1.0,1.0,0.9107457651612022
b63698e6c67151a9,2021.06.07.18.53.26_veh-26_01208_01412,True,1.0,1.0,0.5809716452931389,1.0,1.0,1.0,0.8254048522054745
63a18c8e39ec5797,2021.06.08.17.25.03_veh-35_02448_02655,True,1.0,1.0,0.8097760831872052,1.0,1.0,1.0,0.9207400346613355
b0983c3a92b25884,2021.06.08.17.25.03_veh-35_03522_03716,True,1.0,1.0,1.0,1.0,1.0,1.0,1.0
1175e2cacacf576a,2021.10.05.06.24.06_veh-50_00717_01300,True,1.0,1.0,0.7096528580124738,1.0,1.0,1.0,0.879022024171864
0686551eb96b50c9,2021.08.31.13.27.52_veh-40_00186_00414,True,1.0,1.0,0.7889795178029044,1.0,1.0,1.0,0.9120747990845435
df85f781941d506c,2021.10.05.07.49.39_veh-52_00563_00680,True,1.0,0.0,0.0,1.0,1.0,1.0,0.0
58ea0f6fb168578d,2021.08.31.12.54.56_veh-40_00305_00667,True,1.0,1.0,0.9026860994692775,1.0,1.0,1.0,0.9594525414455323
a93fc5c35ab75511,2021.08.31.11.47.30_veh-40_01362_01737,True,1.0,1.0,1.0,1.0,1.0,1.0,1.0
3d2dc9ee970b5f7f,2021.10.05.08.11.15_veh-50_00970_01211,True,1.0,1.0,0.7429826114652242,1.0,1.0,1.0,0.8929094214438434
a532f168f9335194,2021.08.24.17.37.11_veh-08_02359_02623,True,1.0,1.0,1.0,1.0,1.0,1.0,1.0
207c31dd2af05b85,2021.09.14.16.46.51_veh-45_02322_02510,True,1.0,1.0,0.6923946189918235,1.0,1.0,1.0,0.8718310912465931
c0b6e73347b556c1,2021.08.31.11.47.30_veh-40_01146_01347,True,1.0,1.0,0.5898384069743136,1.0,1.0,1.0,0.8290993362392974
047ad7f2f6025423,2021.10.05.04.03.05_veh-50_00365_00493,True,1.0,1.0,1.0,1.0,1.0,1.0,1.0
c4a7523e8ec45620,2021.06.08.12.00.19_veh-35_05235_05578,True,1.0,1.0,0.9589836771546927,1.0,1.0,1.0,0.982909865481122
1e1bb6eb92ef54c9,2021.08.09.18.37.41_veh-28_00053_00548,True,1.0,1.0,1.0,1.0,1.0,1.0,1.0
a196f492ed435a2e,2021.08.24.17.37.11_veh-08_02359_02623,True,1.0,1.0,0.672649730910903,1.0,1.0,1.0,0.8636040545462095
26c7d824277759fa,2021.08.24.19.30.33_veh-45_01391_01523,True,1.0,0.0,0.0,1.0,1.0,1.0,0.0
ba092177559551a5,2021.10.05.04.38.41_veh-50_00014_00429,True,1.0,1.0,0.6937950282424389,1.0,1.0,1.0,0.8724145951010162
6e39100431375827,2021.09.14.16.46.51_veh-45_00149_00900,True,1.0,1.0,0.6799020057183799,1.0,1.0,1.0,0.8666258357159916
60a390c3f03357e5,2021.09.14.18.43.41_veh-45_02503_03013,True,1.0,1.0,0.7363833488425371,1.0,1.0,1.0,0.8901597286843904
c01bef6b54e95af6,2021.06.07.19.29.59_veh-38_00474_00922,True,1.0,1.0,0.5776645583839476,1.0,1.0,1.0,0.8240268993266447
56a7475dfe785a4f,2021.08.24.18.30.46_veh-08_02327_02583,True,1.0,1.0,0.6280778035461891,1.0,1.0,1.0,0.8450324181442456
de7fbe0355685d22,2021.08.31.16.37.21_veh-40_01405_01642,True,1.0,1.0,1.0,1.0,1.0,1.0,1.0
2622b63e4b9b5e2f,2021.08.24.14.25.28_veh-42_00333_00472,True,1.0,1.0,0.9679108105035429,1.0,1.0,1.0,0.9866295043764762
e00b89b79fb35570,2021.10.05.08.11.15_veh-50_00710_00903,True,1.0,1.0,0.7914527237930125,1.0,1.0,1.0,0.9131053015804218
6541bf804c245f3b,2021.06.08.14.14.51_veh-35_01508_01763,True,1.0,1.0,0.8451133633832166,1.0,1.0,1.0,0.9354639014096735
0028ef192ab551c8,2021.06.08.14.35.24_veh-26_02555_03004,True,1.0,1.0,0.8811825629428591,1.0,1.0,0.0,0.9504927345595245
cbb855cedd1c59cd,2021.06.07.13.53.57_veh-35_02489_03145,True,1.0,1.0,1.0,1.0,1.0,1.0,1.0
869b8d0062b65648,2021.06.07.12.42.11_veh-38_02445_02843,True,1.0,1.0,0.6345454020542421,1.0,1.0,1.0,0.8477272508559341
28dcac2ba3a45360,2021.06.08.18.18.30_veh-38_05578_05988,True,1.0,1.0,1.0,1.0,1.0,1.0,1.0
591bc8b041155fca,2021.08.31.11.47.30_veh-40_00393_00847,True,1.0,1.0,0.8487322518691155,1.0,1.0,1.0,0.9369717716121314
8476ee8158c85a67,2021.08.24.15.09.18_veh-45_00216_00862,True,1.0,1.0,1.0,1.0,1.0,1.0,1.0
7d045ced792f563a,2021.08.31.14.01.15_veh-40_01576_01714,True,1.0,1.0,0.9218921050470131,1.0,1.0,1.0,0.9674550437695887
98d953ea9a38569e,2021.10.05.04.38.41_veh-50_00753_00956,True,1.0,1.0,0.7605388740179773,1.0,1.0,1.0,0.9002245308408239
29bf83682e3b5496,2021.09.14.19.46.05_veh-45_01937_02119,True,1.0,1.0,0.7937927905774096,1.0,1.0,1.0,0.914080329407254
ec29487d1ea458f3,2021.06.08.14.35.24_veh-26_01989_02235,True,1.0,1.0,1.0,1.0,1.0,1.0,1.0
3b7e9e06d3635260,2021.10.05.06.24.06_veh-50_00431_00527,True,1.0,1.0,0.7665617802089209,1.0,1.0,1.0,0.9027340750870504
b1c6bdb07963503d,2021.08.31.13.27.52_veh-40_00869_01319,True,1.0,1.0,0.8603587764745126,1.0,1.0,1.0,0.9418161568643804
a8f5d05955b65258,2021.10.05.06.31.40_veh-52_01316_01565,True,1.0,1.0,0.8265966603854815,1.0,1.0,1.0,0.9277486084939506
a1a2e4522bdf50bd,2021.08.31.18.15.54_veh-40_00579_00980,True,1.0,1.0,1.0,0.0,1.0,1.0,0.5833333333333334
621f26ec790f5780,2021.10.05.06.31.40_veh-52_00734_01305,True,1.0,1.0,0.7263070093326265,1.0,1.0,1.0,0.8859612538885943
aefda6e60f295c58,2021.10.05.06.24.06_veh-50_00021_00383,True,1.0,1.0,0.7581223551653478,1.0,1.0,1.0,0.8992176479855617
1863f7090a875133,2021.06.07.18.53.26_veh-26_01208_01412,True,1.0,1.0,0.6633004121849592,1.0,1.0,1.0,0.8597085050770663
1b7f1a48a9285dc5,2021.09.14.18.43.41_veh-45_02296_02477,True,1.0,1.0,0.6342495879078451,1.0,1.0,1.0,0.8476039949616022
6e381de9de9a5048,2021.08.31.11.47.30_veh-40_00393_00847,True,1.0,1.0,0.9841663736492727,1.0,1.0,1.0,0.993402655687197
2f14a47a32df5104,2021.07.24.22.52.16_veh-35_03236_04096,True,1.0,1.0,0.42555163541623814,1.0,1.0,1.0,0.7606465147567659
89c7b76196cc51c9,2021.10.05.07.38.12_veh-50_00898_01058,True,1.0,1.0,1.0,1.0,1.0,1.0,1.0
9f9d065b098c5d5d,2021.08.31.18.15.54_veh-40_00335_00568,True,1.0,1.0,0.9152207687926774,1.0,1.0,1.0,0.9646753203302824
655c89b748d2588f,2021.10.05.07.10.04_veh-52_01442_01802,True,1.0,1.0,0.7890022589487983,1.0,1.0,1.0,0.9120842745619994
db439b1292395139,2021.06.08.12.54.54_veh-26_02994_03970,True,1.0,1.0,0.7155418767316704,1.0,1.0,1.0,0.8814757819715293
f8388643d5e75bd8,2021.08.31.17.42.52_veh-40_01033_01313,True,1.0,1.0,0.7637164781557912,1.0,1.0,1.0,0.9015485325649131
64bc618e988a529b,2021.10.05.06.24.06_veh-50_00431_00527,True,1.0,1.0,0.6069447198808613,1.0,1.0,1.0,0.8362269666170254
07276bf605e75853,2021.10.05.04.03.05_veh-50_01466_01790,True,1.0,1.0,0.750421849906439,1.0,1.0,1.0,0.8960091041276829
36d51d96c7ab5de7,2021.10.05.08.11.15_veh-50_01222_01462,True,1.0,1.0,1.0,1.0,1.0,1.0,1.0
ac41535715a553ee,2021.06.07.13.53.57_veh-35_02489_03145,True,1.0,1.0,0.5310505398597285,1.0,1.0,1.0,0.8046043916082203
1cfb82a7d0fc5532,2021.09.14.19.46.05_veh-45_01937_02119,True,1.0,1.0,0.9204530113904316,1.0,1.0,1.0,0.9668554214126798
e4326034b329512d,2021.06.07.17.48.02_veh-38_01949_02085,True,1.0,1.0,1.0,1.0,1.0,1.0,1.0
b572be499897512d,2021.09.14.16.46.51_veh-45_00149_00900,True,1.0,1.0,0.710718561017425,1.0,1.0,0.5,0.8794660670905937
88ebd59062ff5754,2021.08.31.17.42.52_veh-40_01033_01313,True,0.0,1.0,0.0,0.0,1.0,1.0,0.0
4af373236f3555df,2021.08.31.18.15.54_veh-40_01143_01496,True,1.0,1.0,0.7124059865872066,1.0,1.0,1.0,0.8801691610780028
3315880386e45927,2021.06.07.18.53.26_veh-26_00005_00427,True,1.0,1.0,1.0,1.0,1.0,1.0,1.0
3b4fbda417ff5891,2021.10.05.06.57.40_veh-50_01658_01796,True,1.0,1.0,0.741623804333969,1.0,1.0,1.0,0.8923432518058204
8ef5e08cf1235d75,2021.06.08.14.14.51_veh-35_01508_01763,True,1.0,1.0,0.6457325437598223,1.0,1.0,1.0,0.8523885598999259
167a3562466359ad,2021.06.07.19.29.59_veh-38_01025_01274,True,1.0,1.0,1.0,1.0,1.0,1.0,1.0
a2170b8bde99579c,2021.08.24.19.30.33_veh-45_01391_01523,True,1.0,1.0,1.0,1.0,1.0,1.0,1.0
ff29aba314185d7d,2021.10.05.07.49.39_veh-52_00563_00680,True,1.0,0.0,0.0,1.0,1.0,1.0,0.0
d7b8fe0e9a355ef0,2021.10.05.07.10.04_veh-52_01442_01802,True,1.0,1.0,0.7112162745051779,1.0,1.0,1.0,0.8796734477104908
91a9b10d8a1556f9,2021.08.31.18.15.54_veh-40_00038_00199,True,1.0,1.0,1.0,1.0,1.0,1.0,1.0
d229e39ba3485fc7,2021.10.05.06.31.40_veh-52_01598_02013,True,1.0,1.0,0.804547029667071,1.0,1.0,1.0,0.9185612623612797
f02a92578d3b576c,2021.06.08.12.54.54_veh-26_02323_02479,True,1.0,1.0,1.0,1.0,1.0,1.0,1.0
0128a6a1cccd521b,2021.06.08.12.00.19_veh-35_02988_03160,True,1.0,1.0,0.572016715930716,1.0,1.0,1.0,0.8216736316377983
5f50007be6c95f4f,2021.09.14.16.46.51_veh-45_00149_00900,True,1.0,1.0,1.0,1.0,1.0,1.0,1.0
5c777795899850ee,2021.08.31.14.40.58_veh-40_01022_01255,True,1.0,1.0,0.8285941968415379,1.0,1.0,1.0,0.9285809153506408
c2b3bc5cf2965fb9,2021.06.07.13.53.57_veh-35_01772_02032,True,1.0,1.0,0.9691340250475874,0.0,1.0,1.0,0.5704725104364947
d825238b909650dc,2021.10.05.06.57.40_veh-50_00665_00857,True,1.0,1.0,0.7067974351235609,1.0,1.0,1.0,0.877832264634817
e051ec8b2dd75dfb,2021.10.05.06.24.06_veh-50_00717_01300,True,1.0,1.0,0.6305652921738244,1.0,1.0,1.0,0.8460688717390935
963d9c4050035d7f,2021.09.14.16.46.51_veh-45_00149_00900,True,1.0,1.0,0.7672813626654882,1.0,1.0,1.0,0.9030339011106201
6fc0531e8ef45896,2021.08.31.17.42.52_veh-40_01551_01684,True,1.0,1.0,0.8187925156577366,1.0,1.0,1.0,0.9244968815240568
b83febab595f5a91,2021.08.31.18.15.54_veh-40_00579_00980,True,1.0,1.0,0.9067536173527965,1.0,1.0,1.0,0.9611473405636651
4c98b2a043075bf0,2021.10.05.08.11.15_veh-50_00163_00321,True,1.0,1.0,0.6987201835178249,1.0,1.0,1.0,0.874466743132427
17fd5a6413785978,2021.10.05.06.57.40_veh-50_00665_00857,True,1.0,1.0,1.0,1.0,1.0,1.0,1.0
0f2b1ab7c34a5b6c,2021.08.31.12.21.30_veh-40_00378_00527,True,1.0,1.0,0.9312675602729367,1.0,1.0,1.0,0.971361483447057
dad4c437f59a5c9c,2021.08.24.17.34.27_veh-45_01478_01553,True,1.0,0.0,0.0,1.0,1.0,1.0,0.0
f645b55c406c5aaa,2021.10.05.08.11.15_veh-50_00970_01211,True,1.0,1.0,0.9589436274917139,1.0,1.0,1.0,0.9828931781215475
4d7fa90bd2805dc6,2021.09.14.16.46.51_veh-45_00149_00900,True,1.0,1.0,0.7042101430696838,1.0,1.0,1.0,0.876754226279035
f7403964981a57c9,2021.08.24.19.30.33_veh-45_00290_00484,True,1.0,1.0,0.8957061250534833,1.0,1.0,1.0,0.9565442187722848
00b8bd5be55f53bf,2021.08.31.17.42.52_veh-40_01033_01313,True,1.0,1.0,0.7779817842872492,1.0,1.0,1.0,0.9074924101196871
90dad22b21dc5a70,2021.10.05.06.24.06_veh-50_00717_01300,True,1.0,1.0,0.6700238999091652,1.0,1.0,1.0,0.8625099582954855
82e367c7c7905afe,2021.10.05.06.24.06_veh-50_00717_01300,True,1.0,1.0,0.647897881555068,1.0,1.0,1.0,0.8532907839812783
b9148d958ae35f13,2021.10.05.08.11.15_veh-50_00360_00426,True,1.0,1.0,0.7476375012906811,1.0,1.0,1.0,0.8948489588711172
627d9fcb765c5d99,2021.08.31.14.01.15_veh-40_00692_00977,True,1.0,1.0,0.8966410484062012,1.0,1.0,1.0,0.9569337701692504
06c1c428eea05b6c,2021.08.24.18.30.46_veh-08_02327_02583,True,1.0,1.0,1.0,1.0,1.0,1.0,1.0
